ticker,company,contract_id,security_type,instrument_status,exchange,sector,price,market_cap,avg_dollar_volume,return_1m,return_3m,return_6m,return_12m,drawdown_52w,historical_volatility,profitable,fcf_positive,quality_seed,quality_prior_score,trading_history_days,listing_date,as_of,retrieved_at,momentum_history_status,history_evidence,sources,source_conflicts,l1_score,l1_status,history_sufficiency,opportunity_coverage_pct,rankable,selected_for_next_stage,limited_history_recheck
KLAC,KLA Corporation  - Common Stock,nasdaqtrader:Q:KLAC,common_equity,eligible,Q,,194.79,,2827676104.9239683,-6.170520231213872,10.896669513236535,32.492177934974805,122.64258772431135,35.438003380729846,63.390710994203616,,,False,,277.0,,2026-08-18,,full,"{""as_of"": ""2026-08-18"", ""listing_date"": null, ""reason_code"": ""valid_trading_sessions"", ""status"": ""full"", ""valid_trading_sessions"": 277}","[""l1.csv""]",[],69.9708,ranked,full,100.0,True,True,False
NOW,"ServiceNow, Inc. Common Stock",nasdaqtrader:N:NOW,common_equity,eligible,N,,119.49,,2877722111.306349,14.12607449856733,15.538580545349046,12.82220753469927,-31.109829922167776,37.840087395307705,58.34462468961693,,,False,,277.0,,2026-08-18,,full,"{""as_of"": ""2026-08-18"", ""listing_date"": null, ""reason_code"": ""valid_trading_sessions"", ""status"": ""full"", ""valid_trading_sessions"": 277}","[""l1.csv""]",[],69.8107,ranked,full,100.0,True,True,False
WDC,Western Digital Corporation - Common Stock,nasdaqtrader:Q:WDC,common_equity,eligible,Q,,496.16,,4778495450.111904,1.7931147675515957,8.171274090869463,74.63658442152688,561.0178523847588,33.51111587580237,100.07264914232876,,,False,,277.0,,2026-08-18,,full,"{""as_of"": ""2026-08-18"", ""listing_date"": null, ""reason_code"": ""valid_trading_sessions"", ""status"": ""full"", ""valid_trading_sessions"": 277}","[""l1.csv""]",[],69.8015,ranked,full,100.0,True,True,False
HOOD,"Robinhood Markets, Inc. - Class A Common Stock",nasdaqtrader:Q:HOOD,common_equity,eligible,Q,,91.53,,2463189237.9982543,-7.806204673650285,18.639014906027217,21.32820784729588,-19.83007795392835,39.964580873671785,56.547465592997916,,,False,,277.0,,2026-08-18,,full,"{""as_of"": ""2026-08-18"", ""listing_date"": null, ""reason_code"": ""valid_trading_sessions"", ""status"": ""full"", ""valid_trading_sessions"": 277}","[""l1.csv""]",[],69.669,ranked,full,100.0,True,True,False
ALAB,"Astera Labs, Inc. - Common Stock",nasdaqtrader:Q:ALAB,common_equity,eligible,Q,,303.44,,1970386659.0572221,-1.8279465527839767,40.75517209388626,145.32298488155874,63.27145547484532,37.17858473769202,106.96811953996249,,,False,,277.0,,2026-08-18,,full,"{""as_of"": ""2026-08-18"", ""listing_date"": null, ""reason_code"": ""valid_trading_sessions"", ""status"": ""full"", ""valid_trading_sessions"": 277}","[""l1.csv""]",[],69.6048,ranked,full,100.0,True,True,False
ARM,Arm Holdings plc - American Depositary Shares,nasdaqtrader:Q:ARM,adr,eligible,Q,,253.32,,2967698431.7495236,-6.042060754423062,17.757530680550392,99.63748128300102,82.36268087250738,42.35652846675465,88.91756264823486,,,False,,277.0,,2026-08-18,,full,"{""as_of"": ""2026-08-18"", ""listing_date"": null, ""reason_code"": ""valid_trading_sessions"", ""status"": ""full"", ""valid_trading_sessions"": 277}","[""l1.csv""]",[],69.5096,ranked,full,100.0,True,True,False
GLW,Corning Incorporated Common Stock,nasdaqtrader:N:GLW,common_equity,eligible,N,,159.9,,2582591426.147619,4.441541476159383,-10.44525343041165,22.509960159362553,144.34596577017115,37.46333450662912,86.99686912209467,,,False,,277.0,,2026-08-18,,full,"{""as_of"": ""2026-08-18"", ""listing_date"": null, ""reason_code"": ""valid_trading_sessions"", ""status"": ""full"", ""valid_trading_sessions"": 277}","[""l1.csv""]",[],69.3358,ranked,full,100.0,True,True,False
ON,ON Semiconductor Corporation - Common Stock,nasdaqtrader:Q:ON,common_equity,eligible,Q,,79.42,,1184899131.6126986,-8.396770472895042,-27.42392396966097,10.366870483602009,55.45116461146995,40.70036586276413,55.658361213019006,,,False,,277.0,,2026-08-18,,full,"{""as_of"": ""2026-08-18"", ""listing_date"": null, ""reason_code"": ""valid_trading_sessions"", ""status"": ""full"", ""valid_trading_sessions"": 277}","[""l1.csv""]",[],69.12,ranked,full,100.0,True,True,False
RIVN,"Rivian Automotive, Inc. - Class A Common Stock",nasdaqtrader:Q:RIVN,common_equity,eligible,Q,,14.78,,543346850.4437301,-14.269141531322504,10.711610486891377,-10.261080752884034,20.7516339869281,34.16481069042317,55.34506759501424,,,False,,277.0,,2026-08-18,,full,"{""as_of"": ""2026-08-18"", ""listing_date"": null, ""reason_code"": ""valid_trading_sessions"", ""status"": ""full"", ""valid_trading_sessions"": 277}","[""l1.csv""]",[],68.8886,ranked,full,100.0,True,True,False
UMC,United Microelectronics Corporation (NEW) Common Stock,nasdaqtrader:N:UMC,common_equity,eligible,N,,18.48,,369696642.34587306,-8.965517241379306,7.943925233644866,79.94157740993184,168.60465116279067,34.02356301320957,75.90754493294499,,,False,,277.0,,2026-08-18,,full,"{""as_of"": ""2026-08-18"", ""listing_date"": null, ""reason_code"": ""valid_trading_sessions"", ""status"": ""full"", ""valid_trading_sessions"": 277}","[""l1.csv""]",[],68.8698,ranked,full,100.0,True,True,False
IONQ,"IonQ, Inc. Common Stock",nasdaqtrader:N:IONQ,common_equity,eligible,N,,44.12,,1255040874.8857143,28.85514018691586,-10.525248428310697,32.971669680530425,9.66940094456874,46.254111341210866,84.2835530541238,,,False,,277.0,,2026-08-18,,full,"{""as_of"": ""2026-08-18"", ""listing_date"": null, ""reason_code"": ""valid_trading_sessions"", ""status"": ""full"", ""valid_trading_sessions"": 277}","[""l1.csv""]",[],68.7497,ranked,full,100.0,True,True,False
INSM,Insmed Incorporated - Common Stock,nasdaqtrader:Q:INSM,common_equity,eligible,Q,,128.46,,384350020.8865079,20.033638572229506,19.888007466168922,-14.655859686420413,0.5164319248826432,39.23655456222506,92.11595612372749,,,False,,277.0,,2026-08-18,,full,"{""as_of"": ""2026-08-18"", ""listing_date"": null, ""reason_code"": ""valid_trading_sessions"", ""status"": ""full"", ""valid_trading_sessions"": 277}","[""l1.csv""]",[],68.7176,ranked,full,100.0,True,True,False
CLS,"Celestica, Inc. Common Stock",nasdaqtrader:N:CLS,common_equity,eligible,N,,310.59,,875845513.6939683,1.0574607926075341,-9.361776636414055,8.347868555082648,58.88581952117864,34.25275190516511,95.34301489765791,,,False,,277.0,,2026-08-18,,full,"{""as_of"": ""2026-08-18"", ""listing_date"": null, ""reason_code"": ""valid_trading_sessions"", ""status"": ""full"", ""valid_trading_sessions"": 277}","[""l1.csv""]",[],68.6504,ranked,full,100.0,True,True,False
LRCX,Lam Research Corporation - Common Stock,nasdaqtrader:Q:LRCX,common_equity,eligible,Q,,327.92,,3924554412.851746,6.897900638935983,17.97380918117717,39.196875795907985,229.53472012863028,24.325571735167184,79.68860192625168,,,False,,277.0,,2026-08-18,,full,"{""as_of"": ""2026-08-18"", ""listing_date"": null, ""reason_code"": ""valid_trading_sessions"", ""status"": ""full"", ""valid_trading_sessions"": 277}","[""l1.csv""]",[],68.5767,ranked,full,100.0,True,True,False
CDE,"Coeur Mining, Inc. Common Stock",nasdaqtrader:N:CDE,common_equity,eligible,N,,18.51,,598114996.0277778,30.720338983050866,5.771428571428583,-15.130674002751022,58.34046193327633,31.823204419889496,74.14070652989824,,,False,,277.0,,2026-08-18,,full,"{""as_of"": ""2026-08-18"", ""listing_date"": null, ""reason_code"": ""valid_trading_sessions"", ""status"": ""full"", ""valid_trading_sessions"": 277}","[""l1.csv""]",[],68.5764,ranked,full,100.0,True,True,False
SOFI,"SoFi Technologies, Inc.  - Common Stock",nasdaqtrader:Q:SOFI,common_equity,eligible,Q,,17.66,,1334569967.3200002,3.8212815990593674,12.412476129853589,-9.482316760635578,-25.704669751787968,45.17230673703819,59.00796612674267,,,False,,277.0,,2026-08-18,,full,"{""as_of"": ""2026-08-18"", ""listing_date"": null, ""reason_code"": ""valid_trading_sessions"", ""status"": ""full"", ""valid_trading_sessions"": 277}","[""l1.csv""]",[],68.5718,ranked,full,100.0,True,True,False
CIEN,Ciena Corporation Common Stock,nasdaqtrader:N:CIEN,common_equity,eligible,N,,405.54,,1277029340.3868253,7.067613591361521,-22.685070444016542,34.13819336486621,346.28590293826346,35.32057416267942,84.754806910138,,,False,,277.0,,2026-08-18,,full,"{""as_of"": ""2026-08-18"", ""listing_date"": null, ""reason_code"": ""valid_trading_sessions"", ""status"": ""full"", ""valid_trading_sessions"": 277}","[""l1.csv""]",[],68.4786,ranked,full,100.0,True,True,False
NU,Nu Holdings Ltd. Class A Ordinary Shares,nasdaqtrader:N:NU,common_equity,eligible,N,,14.35,,1022418955.213492,2.573266619013581,16.761594792514245,-14.684898929845424,9.541984732824439,23.50746268656717,41.76910813349182,,,False,,277.0,,2026-08-18,,full,"{""as_of"": ""2026-08-18"", ""listing_date"": null, ""reason_code"": ""valid_trading_sessions"", ""status"": ""full"", ""valid_trading_sessions"": 277}","[""l1.csv""]",[],68.4677,ranked,full,100.0,True,True,False
QCOM,QUALCOMM Incorporated - Common Stock,nasdaqtrader:Q:QCOM,common_equity,eligible,Q,,160.19,,3469788005.3926983,-5.947627994363547,-21.33667255941858,12.311575404893782,1.4824200190053816,36.184367779459805,44.44690455323356,,,False,,277.0,,2026-08-18,,full,"{""as_of"": ""2026-08-18"", ""listing_date"": null, ""reason_code"": ""valid_trading_sessions"", ""status"": ""full"", ""valid_trading_sessions"": 277}","[""l1.csv""]",[],68.421,ranked,full,100.0,True,True,False
SMCI,"Super Micro Computer, Inc. - Common Stock",nasdaqtrader:Q:SMCI,common_equity,eligible,Q,,37.41,,1949295264.7922223,56.98699118757868,21.264181523500802,24.24443706409829,-17.54463301741239,36.247443762781195,101.79424883000125,,,False,,277.0,,2026-08-18,,full,"{""as_of"": ""2026-08-18"", ""listing_date"": null, ""reason_code"": ""valid_trading_sessions"", ""status"": ""full"", ""valid_trading_sessions"": 277}","[""l1.csv""]",[],68.4168,ranked,full,100.0,True,True,False
RIOT,"Riot Platforms, Inc. - Common Stock",nasdaqtrader:Q:RIOT,common_equity,eligible,Q,,18.91,,423422984.43841267,-4.974874371859284,-18.42105263157895,29.078498293515366,66.90203000882613,34.08853258975253,102.70856920682998,,,False,,277.0,,2026-08-18,,full,"{""as_of"": ""2026-08-18"", ""listing_date"": null, ""reason_code"": ""valid_trading_sessions"", ""status"": ""full"", ""valid_trading_sessions"": 277}","[""l1.csv""]",[],68.3785,ranked,full,100.0,True,True,False
SPOT,Spotify Technology S.A. Ordinary Shares,nasdaqtrader:N:SPOT,common_equity,eligible,N,,516.28,,990348181.7592064,4.866753331166707,16.015370441113674,11.550926926234828,-29.547904641039292,30.093564242481683,40.473033898126744,,,False,,277.0,,2026-08-18,,full,"{""as_of"": ""2026-08-18"", ""listing_date"": null, ""reason_code"": ""valid_trading_sessions"", ""status"": ""full"", ""valid_trading_sessions"": 277}","[""l1.csv""]",[],68.3458,ranked,full,100.0,True,True,False
AAL,"American Airlines Group, Inc. - Common Stock",nasdaqtrader:Q:AAL,common_equity,eligible,Q,,14.05,,1688865193.9646823,-7.199471598414798,13.673139158576063,-2.430555555555558,6.68185269552013,22.589531680440768,55.03265812853447,,,False,,277.0,,2026-08-18,,full,"{""as_of"": ""2026-08-18"", ""listing_date"": null, ""reason_code"": ""valid_trading_sessions"", ""status"": ""full"", ""valid_trading_sessions"": 277}","[""l1.csv""]",[],68.3453,ranked,full,100.0,True,True,False
MKSI,MKS Inc. - Common Stock,nasdaqtrader:Q:MKSI,common_equity,eligible,Q,,300.24,,470532161.82222223,-7.413346490687045,1.5353398714913924,14.185745797520344,199.58092197166235,32.49999999999999,80.69305020163576,,,False,,277.0,,2026-08-18,,full,"{""as_of"": ""2026-08-18"", ""listing_date"": null, ""reason_code"": ""valid_trading_sessions"", ""status"": ""full"", ""valid_trading_sessions"": 277}","[""l1.csv""]",[],68.1667,ranked,full,100.0,True,True,False
MPWR,"Monolithic Power Systems, Inc. - Common Stock",nasdaqtrader:Q:MPWR,common_equity,eligible,Q,,1333.18,,1335707517.4987302,0.3296207104154236,-10.303902901778194,13.638145894065712,61.31015039868355,21.10847451609277,57.98967309830388,,,False,,277.0,,2026-08-18,,full,"{""as_of"": ""2026-08-18"", ""listing_date"": null, ""reason_code"": ""valid_trading_sessions"", ""status"": ""full"", ""valid_trading_sessions"": 277}","[""l1.csv""]",[],68.1478,ranked,full,100.0,True,True,False
AVGO,Broadcom Inc. - Common Stock,nasdaqtrader:Q:AVGO,common_equity,eligible,Q,,380.0,,10345831975.054287,0.4865665326845736,-9.676499251265714,14.27196728213147,24.045178559770196,21.09143011400212,44.73846630256484,,,False,,277.0,,2026-08-18,,full,"{""as_of"": ""2026-08-18"", ""listing_date"": null, ""reason_code"": ""valid_trading_sessions"", ""status"": ""full"", ""valid_trading_sessions"": 277}","[""l1.csv""]",[],68.1455,ranked,full,100.0,True,True,False
CRM,"Salesforce, Inc. Common Stock",nasdaqtrader:N:CRM,common_equity,eligible,N,,196.14,,2607279439.1844444,12.860348696702918,9.282371294851789,6.430083021325084,-19.097508661936978,26.326860233632587,48.160395719113104,,,False,,277.0,,2026-08-18,,full,"{""as_of"": ""2026-08-18"", ""listing_date"": null, ""reason_code"": ""valid_trading_sessions"", ""status"": ""full"", ""valid_trading_sessions"": 277}","[""l1.csv""]",[],68.0936,ranked,full,100.0,True,True,False
RDDT,"Reddit, Inc. Class A Common Stock",nasdaqtrader:N:RDDT,common_equity,eligible,N,,158.25,,1015179775.3722222,-12.877119577185637,-0.5405065677833054,13.660848954966621,-35.801217038539555,41.54261017324812,99.64540590830381,,,False,,277.0,,2026-08-18,,full,"{""as_of"": ""2026-08-18"", ""listing_date"": null, ""reason_code"": ""valid_trading_sessions"", ""status"": ""full"", ""valid_trading_sessions"": 277}","[""l1.csv""]",[],68.0638,ranked,full,100.0,True,True,False
CLSK,"CleanSpark, Inc. - Common Stock",nasdaqtrader:Q:CLSK,common_equity,eligible,Q,,11.73,,340057753.2456349,-18.65464632454923,-12.72321428571428,26.400862068965523,20.307692307692314,49.43965517241379,103.96963495867644,,,False,,277.0,,2026-08-18,,full,"{""as_of"": ""2026-08-18"", ""listing_date"": null, ""reason_code"": ""valid_trading_sessions"", ""status"": ""full"", ""valid_trading_sessions"": 277}","[""l1.csv""]",[],68.0374,ranked,full,100.0,True,True,False
CTSH,Cognizant Technology Solutions Corporation - Class A Common Stock,nasdaqtrader:Q:CTSH,common_equity,eligible,Q,,57.78,,536522389.262381,29.43548387096775,12.42338748905536,-11.35317582080394,-17.45714285714286,33.35640138408304,50.12400595644675,,,False,,277.0,,2026-08-18,,full,"{""as_of"": ""2026-08-18"", ""listing_date"": null, ""reason_code"": ""valid_trading_sessions"", ""status"": ""full"", ""valid_trading_sessions"": 277}","[""l1.csv""]",[],68.0309,ranked,full,100.0,True,True,False
PINS,"Pinterest, Inc. Class A Common Stock",nasdaqtrader:N:PINS,common_equity,eligible,N,,23.06,,336292636.884127,1.0960105217010074,15.704967385850477,48.6782720825274,-35.55058692006708,39.23583662714098,48.63535868692945,,,False,,277.0,,2026-08-18,,full,"{""as_of"": ""2026-08-18"", ""listing_date"": null, ""reason_code"": ""valid_trading_sessions"", ""status"": ""full"", ""valid_trading_sessions"": 277}","[""l1.csv""]",[],67.9676,ranked,full,100.0,True,True,False
ROP,"Roper Technologies, Inc. - Common Stock",nasdaqtrader:Q:ROP,common_equity,eligible,Q,,394.17,,360652569.8968254,8.634659905192388,19.080994531887253,24.923145184293105,-25.577750925156707,27.075778879597422,40.027918309265495,,,False,,277.0,,2026-08-18,,full,"{""as_of"": ""2026-08-18"", ""listing_date"": null, ""reason_code"": ""valid_trading_sessions"", ""status"": ""full"", ""valid_trading_sessions"": 277}","[""l1.csv""]",[],67.9434,ranked,full,100.0,True,True,False
CCJ,Cameco Corporation Common Stock,nasdaqtrader:N:CCJ,common_equity,eligible,N,,96.03,,328686972.4685714,13.176193282262826,-8.664637626022442,-14.972551797414557,27.02380952380954,28.383921246923705,40.47660672142636,,,False,,277.0,,2026-08-18,,full,"{""as_of"": ""2026-08-18"", ""listing_date"": null, ""reason_code"": ""valid_trading_sessions"", ""status"": ""full"", ""valid_trading_sessions"": 277}","[""l1.csv""]",[],67.8679,ranked,full,100.0,True,True,False
FN,Fabrinet Ordinary Shares,nasdaqtrader:N:FN,common_equity,eligible,N,,482.59,,547585872.5376191,-2.3611054910371077,-31.084168737326134,-2.856395184991345,46.328077622801686,35.35038246681046,102.19277258509427,,,False,,277.0,,2026-08-18,,full,"{""as_of"": ""2026-08-18"", ""listing_date"": null, ""reason_code"": ""valid_trading_sessions"", ""status"": ""full"", ""valid_trading_sessions"": 277}","[""l1.csv""]",[],67.7266,ranked,full,100.0,True,True,False
CORZ,"Core Scientific, Inc. - Common Stock",nasdaqtrader:Q:CORZ,common_equity,eligible,Q,,18.85,,307749946.91238093,-15.84821428571428,-20.025456088247772,9.40220545560071,33.40410474168436,35.356652949245536,102.93446563845224,,,False,,277.0,,2026-08-18,,full,"{""as_of"": ""2026-08-18"", ""listing_date"": null, ""reason_code"": ""valid_trading_sessions"", ""status"": ""full"", ""valid_trading_sessions"": 277}","[""l1.csv""]",[],67.7262,ranked,full,100.0,True,True,False
SOXX,iShares PHLX SOX Semiconductor Sector Index Fund,US:SOXX,etf,eligible,Q,,531.39,,5758565821.092699,1.3832182241385826,7.16316776574506,50.0677774639932,113.99403994845363,18.872994305430456,54.586868333188136,,,False,,277.0,,2026-08-18,,full,"{""as_of"": ""2026-08-18"", ""listing_date"": null, ""reason_code"": ""valid_trading_sessions"", ""status"": ""full"", ""valid_trading_sessions"": 277}","[""l1.csv""]",[],67.7182,ranked,full,100.0,True,True,False
MOD,Modine Manufacturing Company Common Stock,nasdaqtrader:N:MOD,common_equity,eligible,N,,200.66,,390923277.0807937,-11.944883271897488,-18.80386840933922,-7.461722929348835,44.65109573241062,34.6150086350158,78.85962694696272,,,False,,277.0,,2026-08-18,,full,"{""as_of"": ""2026-08-18"", ""listing_date"": null, ""reason_code"": ""valid_trading_sessions"", ""status"": ""full"", ""valid_trading_sessions"": 277}","[""l1.csv""]",[],67.6987,ranked,full,100.0,True,True,False
MTZ,"MasTec, Inc. Common Stock",nasdaqtrader:N:MTZ,common_equity,eligible,N,,280.13,,464398335.26317465,-16.779061822286923,-27.348410187250373,4.553428134214155,57.553430821147344,35.971749217160756,93.64792503358143,,,False,,277.0,,2026-08-18,,full,"{""as_of"": ""2026-08-18"", ""listing_date"": null, ""reason_code"": ""valid_trading_sessions"", ""status"": ""full"", ""valid_trading_sessions"": 277}","[""l1.csv""]",[],67.6852,ranked,full,100.0,True,True,False
RKLB,Rocket Lab Corporation - Common Stock,nasdaqtrader:Q:RKLB,common_equity,eligible,Q,,79.16,,2379488394.1696825,20.413751140857926,-39.64623360780726,13.263700100157383,78.81183645809801,47.30746189176595,80.75220837795794,,,False,,277.0,,2026-08-18,,full,"{""as_of"": ""2026-08-18"", ""listing_date"": null, ""reason_code"": ""valid_trading_sessions"", ""status"": ""full"", ""valid_trading_sessions"": 277}","[""l1.csv""]",[],67.6795,ranked,full,100.0,True,True,False
EFX,"Equifax, Inc. Common Stock",nasdaqtrader:N:EFX,common_equity,eligible,N,,181.84,,283673984.57285714,0.9773434029320294,10.722766851366995,-5.635703165542283,-26.594542225092844,30.682727861853387,45.238718217893286,,,False,,277.0,,2026-08-18,,full,"{""as_of"": ""2026-08-18"", ""listing_date"": null, ""reason_code"": ""valid_trading_sessions"", ""status"": ""full"", ""valid_trading_sessions"": 277}","[""l1.csv""]",[],67.6744,ranked,full,100.0,True,True,False
ZS,"Zscaler, Inc. - Common Stock",nasdaqtrader:Q:ZS,common_equity,eligible,Q,,185.7,,612589490.4965079,23.94873848618342,6.3025931650352085,7.596036850338939,-32.465359857439005,44.77651886876617,49.604268214701726,,,False,,277.0,,2026-08-18,,full,"{""as_of"": ""2026-08-18"", ""listing_date"": null, ""reason_code"": ""valid_trading_sessions"", ""status"": ""full"", ""valid_trading_sessions"": 277}","[""l1.csv""]",[],67.5982,ranked,full,100.0,True,True,False
AEM,Agnico Eagle Mines Limited Common Stock,nasdaqtrader:N:AEM,common_equity,eligible,N,,186.94,,457029729.82523805,37.113099603931346,4.313375369678019,-12.21825694966191,40.187476565429336,25.873349458741423,47.3169932570429,,,False,,277.0,,2026-08-18,,full,"{""as_of"": ""2026-08-18"", ""listing_date"": null, ""reason_code"": ""valid_trading_sessions"", ""status"": ""full"", ""valid_trading_sessions"": 277}","[""l1.csv""]",[],67.5331,ranked,full,100.0,True,True,False
EL,"Estee Lauder Companies, Inc. (The) Common Stock",nasdaqtrader:N:EL,common_equity,eligible,N,,84.27,,265786019.55253968,0.7532281205165026,5.324334458192714,-24.85286249331193,-7.365065406177862,29.546024579884634,27.152286941665533,,,False,,277.0,,2026-08-18,,full,"{""as_of"": ""2026-08-18"", ""listing_date"": null, ""reason_code"": ""valid_trading_sessions"", ""status"": ""full"", ""valid_trading_sessions"": 277}","[""l1.csv""]",[],67.5228,ranked,full,100.0,True,True,False
TXN,Texas Instruments Incorporated - Common Stock,nasdaqtrader:Q:TXN,common_equity,eligible,Q,,272.24,,2531998716.6968255,-4.164466504734743,-9.43446440452429,20.625636935619653,39.918795292182764,18.069098350788483,37.82403519886285,,,False,,277.0,,2026-08-18,,full,"{""as_of"": ""2026-08-18"", ""listing_date"": null, ""reason_code"": ""valid_trading_sessions"", ""status"": ""full"", ""valid_trading_sessions"": 277}","[""l1.csv""]",[],67.5173,ranked,full,100.0,True,True,False
VRT,"Vertiv Holdings, LLC Class A Common Stock",nasdaqtrader:N:VRT,common_equity,eligible,N,,272.54,,1844524558.0684125,-6.558782185346457,-19.77747034409678,11.912290066932218,104.80949876005114,27.56026898439784,78.16530858896107,,,False,,277.0,,2026-08-18,,full,"{""as_of"": ""2026-08-18"", ""listing_date"": null, ""reason_code"": ""valid_trading_sessions"", ""status"": ""full"", ""valid_trading_sessions"": 277}","[""l1.csv""]",[],67.508,ranked,full,100.0,True,True,False
MELI,"MercadoLibre, Inc. - Common Stock",nasdaqtrader:Q:MELI,common_equity,eligible,Q,,1779.14,,813931306.0430158,-2.907630346754564,12.184171863472715,-9.940217969030773,-25.630564728503945,29.145310378061062,34.85071184507208,,,False,,277.0,,2026-08-18,,full,"{""as_of"": ""2026-08-18"", ""listing_date"": null, ""reason_code"": ""valid_trading_sessions"", ""status"": ""full"", ""valid_trading_sessions"": 277}","[""l1.csv""]",[],67.4694,ranked,full,100.0,True,True,False
AA,Alcoa Corporation Common Stock,nasdaqtrader:N:AA,common_equity,eligible,N,,50.02,,316903967.80761904,15.041398344066259,-20.08308036427544,-12.96328519227422,59.96162456028142,40.303138799379404,48.2489858967043,,,False,,277.0,,2026-08-18,,full,"{""as_of"": ""2026-08-18"", ""listing_date"": null, ""reason_code"": ""valid_trading_sessions"", ""status"": ""full"", ""valid_trading_sessions"": 277}","[""l1.csv""]",[],67.3965,ranked,full,100.0,True,True,False
KKR,KKR & Co. Inc. Common Stock,nasdaqtrader:N:KKR,common_equity,eligible,N,,107.19,,461988863.8293651,10.539342064556045,11.691153485464213,4.524622135543632,-24.662637053696933,28.224186420249097,42.16331432382919,,,False,,277.0,,2026-08-18,,full,"{""as_of"": ""2026-08-18"", ""listing_date"": null, ""reason_code"": ""valid_trading_sessions"", ""status"": ""full"", ""valid_trading_sessions"": 277}","[""l1.csv""]",[],67.3466,ranked,full,100.0,True,True,False
LUV,Southwest Airlines Company Common Stock,nasdaqtrader:N:LUV,common_equity,eligible,N,,42.49,,276646504.2171429,-12.101779064956563,10.766423357664245,-21.691854036122372,34.8888888888889,22.46350364963503,39.789890090092086,,,False,,277.0,,2026-08-18,,full,"{""as_of"": ""2026-08-18"", ""listing_date"": null, ""reason_code"": ""valid_trading_sessions"", ""status"": ""full"", ""valid_trading_sessions"": 277}","[""l1.csv""]",[],67.3285,ranked,full,100.0,True,True,False
DPZ,Domino's Pizza Inc - Common Stock,nasdaqtrader:Q:DPZ,common_equity,eligible,Q,,336.25,,286187118.7122222,2.212967747818939,9.172077922077925,-9.97322623828648,-25.486415813499974,28.04408303017334,37.73886002592321,,,False,,277.0,,2026-08-18,,full,"{""as_of"": ""2026-08-18"", ""listing_date"": null, ""reason_code"": ""valid_trading_sessions"", ""status"": ""full"", ""valid_trading_sessions"": 277}","[""l1.csv""]",[],67.3225,ranked,full,100.0,True,True,False
FTAI,FTAI Aviation Ltd. - Common Stock,nasdaqtrader:Q:FTAI,common_equity,eligible,Q,,211.5,,303440999.27492064,5.903560162235233,-8.282740676496092,-25.984251968503933,46.14427860696517,31.782995742484843,67.39341092339107,,,False,,277.0,,2026-08-18,,full,"{""as_of"": ""2026-08-18"", ""listing_date"": null, ""reason_code"": ""valid_trading_sessions"", ""status"": ""full"", ""valid_trading_sessions"": 277}","[""l1.csv""]",[],67.3211,ranked,full,100.0,True,True,False
HD,"Home Depot, Inc. (The) Common Stock",nasdaqtrader:N:HD,common_equity,eligible,N,,337.49,,1526435606.6163492,1.3361758347345543,12.567959707814946,-11.891708437761073,-15.496519605388348,20.29427046431439,26.735824180858415,,,False,,277.0,,2026-08-18,,full,"{""as_of"": ""2026-08-18"", ""listing_date"": null, ""reason_code"": ""valid_trading_sessions"", ""status"": ""full"", ""valid_trading_sessions"": 277}","[""l1.csv""]",[],67.2892,ranked,full,100.0,True,True,False
CRWV,"CoreWeave, Inc. - Class A Common Stock",nasdaqtrader:Q:CRWV,common_equity,eligible,Q,,93.17,,2877902296.3977776,27.52532165343553,-10.214898332851497,2.384615384615385,-6.802040612183657,34.882583170254414,126.40186736759817,,,False,,277.0,,2026-08-18,,full,"{""as_of"": ""2026-08-18"", ""listing_date"": null, ""reason_code"": ""valid_trading_sessions"", ""status"": ""full"", ""valid_trading_sessions"": 277}","[""l1.csv""]",[],67.2343,ranked,full,100.0,True,True,False
NCLH,Norwegian Cruise Line Holdings Ltd. Ordinary Shares,nasdaqtrader:N:NCLH,common_equity,eligible,N,,17.61,,337115919.8703175,-9.64597229348383,15.399737876802089,-26.929460580912867,-27.530864197530867,34.632516703786195,56.20162914543986,,,False,,277.0,,2026-08-18,,full,"{""as_of"": ""2026-08-18"", ""listing_date"": null, ""reason_code"": ""valid_trading_sessions"", ""status"": ""full"", ""valid_trading_sessions"": 277}","[""l1.csv""]",[],67.201,ranked,full,100.0,True,True,False
ULTA,"Ulta Beauty, Inc. - Common Stock",nasdaqtrader:Q:ULTA,common_equity,eligible,Q,,516.74,,355782349.65261906,5.871988198655953,7.683330902119323,-26.892278090602982,-0.8176583493282097,26.892278090602982,34.99416791397661,,,False,,277.0,,2026-08-18,,full,"{""as_of"": ""2026-08-18"", ""listing_date"": null, ""reason_code"": ""valid_trading_sessions"", ""status"": ""full"", ""valid_trading_sessions"": 277}","[""l1.csv""]",[],67.169,ranked,full,100.0,True,True,False
AMD,"Advanced Micro Devices, Inc. - Common Stock",nasdaqtrader:Q:AMD,common_equity,eligible,Q,,484.39,,15022321810.60008,-3.8088051313620808,15.05974013634528,138.5217648217451,172.88040110416313,16.61531046117298,75.10816544830242,,,False,,277.0,,2026-08-18,,full,"{""as_of"": ""2026-08-18"", ""listing_date"": null, ""reason_code"": ""valid_trading_sessions"", ""status"": ""full"", ""valid_trading_sessions"": 277}","[""l1.csv""]",[],67.1538,ranked,full,100.0,True,True,False
GFS,GlobalFoundries Inc. - Ordinary Share,nasdaqtrader:Q:GFS,common_equity,eligible,Q,,49.9,,324208405.9401587,-12.163351522619259,-26.444575471698116,3.4840315221899676,50.89204717266404,44.53090262338817,66.58071638563817,,,False,,277.0,,2026-08-18,,full,"{""as_of"": ""2026-08-18"", ""listing_date"": null, ""reason_code"": ""valid_trading_sessions"", ""status"": ""full"", ""valid_trading_sessions"": 277}","[""l1.csv""]",[],67.1146,ranked,full,100.0,True,True,False
LYB,LyondellBasell Industries NV Ordinary Shares Class A (Netherlands),nasdaqtrader:N:LYB,common_equity,eligible,N,,65.33,,310027184.02603173,7.574510126790712,-11.871037366788073,16.70239371204001,22.38666167103782,20.696771060937113,35.77704284858573,,,False,,277.0,,2026-08-18,,full,"{""as_of"": ""2026-08-18"", ""listing_date"": null, ""reason_code"": ""valid_trading_sessions"", ""status"": ""full"", ""valid_trading_sessions"": 277}","[""l1.csv""]",[],67.0929,ranked,full,100.0,True,True,False
DY,"Dycom Industries, Inc. Common Stock",nasdaqtrader:N:DY,common_equity,eligible,N,,414.7,,253021119.45555556,1.1019552391632992,-1.1819091645618007,-1.8298889756882875,53.95752895752894,22.51494768310913,57.3114100206409,,,False,,277.0,,2026-08-18,,full,"{""as_of"": ""2026-08-18"", ""listing_date"": null, ""reason_code"": ""valid_trading_sessions"", ""status"": ""full"", ""valid_trading_sessions"": 277}","[""l1.csv""]",[],67.0853,ranked,full,100.0,True,True,False
RMBS,"Rambus, Inc. - Common Stock",nasdaqtrader:Q:RMBS,common_equity,eligible,Q,,93.71,,350853301.8363492,-7.079821517104612,-24.280866192630914,-8.082393330063764,26.268274607559093,45.089651939528885,71.42812510612332,,,False,,277.0,,2026-08-18,,full,"{""as_of"": ""2026-08-18"", ""listing_date"": null, ""reason_code"": ""valid_trading_sessions"", ""status"": ""full"", ""valid_trading_sessions"": 277}","[""l1.csv""]",[],67.0774,ranked,full,100.0,True,True,False
AMKR,"Amkor Technology, Inc. - Common Stock",nasdaqtrader:Q:AMKR,common_equity,eligible,Q,,54.84,,390659148.67603177,-12.34015345268542,-16.959418534221683,17.079419299743815,130.8080808080808,41.378941742383745,118.18769056316336,,,False,,277.0,,2026-08-18,,full,"{""as_of"": ""2026-08-18"", ""listing_date"": null, ""reason_code"": ""valid_trading_sessions"", ""status"": ""full"", ""valid_trading_sessions"": 277}","[""l1.csv""]",[],67.0747,ranked,full,100.0,True,True,False
ARES,Ares Management Corporation Class A Common Stock,nasdaqtrader:N:ARES,common_equity,eligible,N,,140.31,,300889390.8739683,15.700503009812827,13.427647534357323,7.591442374051072,-25.279582490148044,25.867807893485494,42.64301264202143,,,False,,277.0,,2026-08-18,,full,"{""as_of"": ""2026-08-18"", ""listing_date"": null, ""reason_code"": ""valid_trading_sessions"", ""status"": ""full"", ""valid_trading_sessions"": 277}","[""l1.csv""]",[],67.0324,ranked,full,100.0,True,True,False
CDNS,"Cadence Design Systems, Inc. - Common Stock",nasdaqtrader:Q:CDNS,common_equity,eligible,Q,,316.52,,873453381.5479364,-4.064498529991223,-8.517587213503287,11.663021237564376,-9.534697610609355,23.984725857969693,40.731225469797494,,,False,,277.0,,2026-08-18,,full,"{""as_of"": ""2026-08-18"", ""listing_date"": null, ""reason_code"": ""valid_trading_sessions"", ""status"": ""full"", ""valid_trading_sessions"": 277}","[""l1.csv""]",[],67.0313,ranked,full,100.0,True,True,False
SHOP,Shopify Inc. - Class A Subordinate Voting Shares,qrgf-resolution-required:Q:SHOP,common_equity,eligible,Q,,146.58,,1172013337.5338097,17.75385604113111,43.158511573395856,29.099876695437743,3.6120732310737313,18.116306351600453,71.38698378515893,,,False,,277.0,,2026-08-18,,full,"{""as_of"": ""2026-08-18"", ""listing_date"": null, ""reason_code"": ""valid_trading_sessions"", ""status"": ""full"", ""valid_trading_sessions"": 277}","[""l1.csv""]",[],67.0291,ranked,full,100.0,True,True,False
AFRM,"Affirm Holdings, Inc. - Class A Common Stock",nasdaqtrader:Q:AFRM,common_equity,eligible,Q,,73.56,,300462869.85714287,-2.336696760488566,14.205868653935738,42.55813953488372,-6.554878048780488,20.199609459752665,48.98075077589336,,,False,,277.0,,2026-08-18,,full,"{""as_of"": ""2026-08-18"", ""listing_date"": null, ""reason_code"": ""valid_trading_sessions"", ""status"": ""full"", ""valid_trading_sessions"": 277}","[""l1.csv""]",[],67.0266,ranked,full,100.0,True,True,False
F,Ford Motor Company Common Stock,nasdaqtrader:N:F,common_equity,eligible,N,,13.93,,832480848.0446031,-0.42887776983560055,6.9071373752878085,-1.415428167020527,21.76573426573427,20.12614678899083,26.489989964465433,,,False,,277.0,,2026-08-18,,full,"{""as_of"": ""2026-08-18"", ""listing_date"": null, ""reason_code"": ""valid_trading_sessions"", ""status"": ""full"", ""valid_trading_sessions"": 277}","[""l1.csv""]",[],67.0168,ranked,full,100.0,True,True,False
WULF,TeraWulf Inc. - Common Stock,nasdaqtrader:Q:WULF,common_equity,eligible,Q,,15.62,,700246575.2492063,-17.17921527041357,-26.111636707663198,-3.4610630407911014,74.1360089186176,46.100759144237415,102.60734041133608,,,False,,277.0,,2026-08-18,,full,"{""as_of"": ""2026-08-18"", ""listing_date"": null, ""reason_code"": ""valid_trading_sessions"", ""status"": ""full"", ""valid_trading_sessions"": 277}","[""l1.csv""]",[],67.0099,ranked,full,100.0,True,True,False
AJG,Arthur J. Gallagher & Co. Common Stock,nasdaqtrader:N:AJG,common_equity,eligible,N,,248.36,,378475284.0638095,-2.0894110226287066,19.893796765628768,16.056074766355156,-15.15441377425526,20.007729966503472,32.47891491792168,,,False,,277.0,,2026-08-18,,full,"{""as_of"": ""2026-08-18"", ""listing_date"": null, ""reason_code"": ""valid_trading_sessions"", ""status"": ""full"", ""valid_trading_sessions"": 277}","[""l1.csv""]",[],67.001,ranked,full,100.0,True,True,False
RMD,ResMed Inc. Common Stock,nasdaqtrader:N:RMD,common_equity,eligible,N,,219.98,,315378142.74158734,10.759780474296354,7.7541023757041305,-14.009850676256741,-22.784232510793643,25.108092465870023,41.08523354594851,,,False,,277.0,,2026-08-18,,full,"{""as_of"": ""2026-08-18"", ""listing_date"": null, ""reason_code"": ""valid_trading_sessions"", ""status"": ""full"", ""valid_trading_sessions"": 277}","[""l1.csv""]",[],66.9311,ranked,full,100.0,True,True,False
BTU,Peabody Energy Corporation Common Stock,nasdaqtrader:N:BTU,common_equity,eligible,N,,25.18,,75881301.28714286,9.764603312990406,5.7094878253568515,-22.283950617283942,43.39407744874717,36.25316455696203,49.64255846640911,,,False,,277.0,,2026-08-18,,full,"{""as_of"": ""2026-08-18"", ""listing_date"": null, ""reason_code"": ""valid_trading_sessions"", ""status"": ""full"", ""valid_trading_sessions"": 277}","[""l1.csv""]",[],66.9165,ranked,full,100.0,True,True,False
RKT,"Rocket Companies, Inc. Class A Common Stock",nasdaqtrader:N:RKT,common_equity,eligible,N,,13.99,,421786182.2457143,0.0,7.28527607361964,-23.843222645617857,-24.500809498111174,40.315699658703075,52.78917489651861,,,False,,277.0,,2026-08-18,,full,"{""as_of"": ""2026-08-18"", ""listing_date"": null, ""reason_code"": ""valid_trading_sessions"", ""status"": ""full"", ""valid_trading_sessions"": 277}","[""l1.csv""]",[],66.8956,ranked,full,100.0,True,True,False
STRL,"Sterling Infrastructure, Inc. - Common Stock",nasdaqtrader:Q:STRL,common_equity,eligible,Q,,554.76,,581935249.0005555,-14.681184829749938,-28.024287716020545,31.709401709401707,101.47448701652442,44.17453257391269,99.35304651365438,,,False,,277.0,,2026-08-18,,full,"{""as_of"": ""2026-08-18"", ""listing_date"": null, ""reason_code"": ""valid_trading_sessions"", ""status"": ""full"", ""valid_trading_sessions"": 277}","[""l1.csv""]",[],66.8884,ranked,full,100.0,True,True,False
AKAM,"Akamai Technologies, Inc. - Common Stock",nasdaqtrader:Q:AKAM,common_equity,eligible,Q,,115.2,,550261378.2330952,-6.440347600097452,-23.5922265702726,6.253458771444387,54.79709755442086,28.50937073352363,62.07780805600207,,,False,,277.0,,2026-08-18,,full,"{""as_of"": ""2026-08-18"", ""listing_date"": null, ""reason_code"": ""valid_trading_sessions"", ""status"": ""full"", ""valid_trading_sessions"": 277}","[""l1.csv""]",[],66.8846,ranked,full,100.0,True,True,False
ADI,"Analog Devices, Inc. - Common Stock",nasdaqtrader:Q:ADI,common_equity,eligible,Q,,376.63,,1883807783.1479366,1.1195833109595599,-10.021979072100907,11.590767680957592,62.59983594525753,15.455239292448598,33.63120299899861,,,False,,277.0,,2026-08-18,,full,"{""as_of"": ""2026-08-18"", ""listing_date"": null, ""reason_code"": ""valid_trading_sessions"", ""status"": ""full"", ""valid_trading_sessions"": 277}","[""l1.csv""]",[],66.8638,ranked,full,100.0,True,True,False
ASX,"ASE Technology Holding Co., Ltd. American Depositary Shares (each representing Two Common Shares)",nasdaqtrader:N:ASX,adr,eligible,N,,36.41,,413890251.0333333,-1.3279132791327974,15.039494470774084,55.134213890072424,270.3967446592065,19.3040780141844,76.29382599905523,,,False,,277.0,,2026-08-18,,full,"{""as_of"": ""2026-08-18"", ""listing_date"": null, ""reason_code"": ""valid_trading_sessions"", ""status"": ""full"", ""valid_trading_sessions"": 277}","[""l1.csv""]",[],66.826,ranked,full,100.0,True,True,False
B,Barrick Mining Corporation Common Shares,nasdaqtrader:N:B,common_equity,eligible,N,,42.09,,429277748.974127,20.636285468615668,3.66995073891625,-9.774919614147903,74.64730290456431,20.554926387315952,45.364028852644594,,,False,,277.0,,2026-08-18,,full,"{""as_of"": ""2026-08-18"", ""listing_date"": null, ""reason_code"": ""valid_trading_sessions"", ""status"": ""full"", ""valid_trading_sessions"": 277}","[""l1.csv""]",[],66.824,ranked,full,100.0,True,True,False
MRVL,"Marvell Technology, Inc. - Common Stock",nasdaqtrader:Q:MRVL,common_equity,eligible,Q,,216.0,,10388333563.122618,10.803324099723,27.86361214704316,173.38311606125805,183.5017718860743,31.738457162721613,89.44224612834961,,,False,,277.0,,2026-08-18,,full,"{""as_of"": ""2026-08-18"", ""listing_date"": null, ""reason_code"": ""valid_trading_sessions"", ""status"": ""full"", ""valid_trading_sessions"": 277}","[""l1.csv""]",[],66.8151,ranked,full,100.0,True,True,False
SEZL,Sezzle Inc. - Common Stock,nasdaqtrader:Q:SEZL,common_equity,eligible,Q,,117.18,,104090289.9688889,-31.7768979972054,14.388910581803982,84.82649842271294,27.54979862849678,37.85202863961814,145.52387873404075,,,False,,277.0,,2026-08-18,,full,"{""as_of"": ""2026-08-18"", ""listing_date"": null, ""reason_code"": ""valid_trading_sessions"", ""status"": ""full"", ""valid_trading_sessions"": 277}","[""l1.csv""]",[],66.8099,ranked,full,100.0,True,True,False
PLTR,Palantir Technologies Inc. - Class A Common Stock,nasdaqtrader:Q:PLTR,common_equity,eligible,Q,,171.54,,5976715897.076904,27.208008898776413,26.935030338907808,28.95805142083896,-3.17773889484676,17.20243266724588,91.1723921480548,,,False,,277.0,,2026-08-18,,full,"{""as_of"": ""2026-08-18"", ""listing_date"": null, ""reason_code"": ""valid_trading_sessions"", ""status"": ""full"", ""valid_trading_sessions"": 277}","[""l1.csv""]",[],66.8006,ranked,full,100.0,True,True,False
FDX,FedEx Corporation Common Stock,nasdaqtrader:N:FDX,common_equity,eligible,N,,328.38,,619613967.7230159,7.236627261446005,-11.181434599156127,-12.50199840127898,44.495291736337236,20.2535334401865,23.042383878287502,,,False,,277.0,,2026-08-18,,full,"{""as_of"": ""2026-08-18"", ""listing_date"": null, ""reason_code"": ""valid_trading_sessions"", ""status"": ""full"", ""valid_trading_sessions"": 277}","[""l1.csv""]",[],66.7838,ranked,full,100.0,True,True,False
ASTS,"AST SpaceMobile, Inc. - Class A Common Stock",nasdaqtrader:Q:ASTS,common_equity,eligible,Q,,67.07,,1691653438.9266667,16.805990943921966,-22.75711159737419,-19.22196796338673,39.49667221297837,49.60553009241867,96.76939793912972,,,False,,277.0,,2026-08-18,,full,"{""as_of"": ""2026-08-18"", ""listing_date"": null, ""reason_code"": ""valid_trading_sessions"", ""status"": ""full"", ""valid_trading_sessions"": 277}","[""l1.csv""]",[],66.7763,ranked,full,100.0,True,True,False
INTC,Intel Corporation - Common Stock,nasdaqtrader:Q:INTC,common_equity,eligible,Q,,96.685,,13384182700.487698,-0.38635895322480795,-10.617546454654715,109.36552620181898,293.66856677524436,31.399886476514826,75.79275862905564,,,False,,277.0,,2026-08-18,,full,"{""as_of"": ""2026-08-18"", ""listing_date"": null, ""reason_code"": ""valid_trading_sessions"", ""status"": ""full"", ""valid_trading_sessions"": 277}","[""l1.csv""]",[],66.77,ranked,full,100.0,True,True,False
POWI,"Power Integrations, Inc. - Common Stock",nasdaqtrader:Q:POWI,common_equity,eligible,Q,,58.59,,73987848.92571428,-17.652846099789176,-13.354037267080743,28.121583205773028,26.544276457883377,32.92501431024613,70.22995346676694,,,False,,277.0,,2026-08-18,,full,"{""as_of"": ""2026-08-18"", ""listing_date"": null, ""reason_code"": ""valid_trading_sessions"", ""status"": ""full"", ""valid_trading_sessions"": 277}","[""l1.csv""]",[],66.7233,ranked,full,100.0,True,True,False
VCYT,"Veracyte, Inc. - Common Stock",nasdaqtrader:Q:VCYT,common_equity,eligible,Q,,40.68,,68036245.7084127,-28.95564093608103,-1.9759036144578301,12.905911740216492,34.612839179351425,32.749214746239055,87.22225393956136,,,False,,277.0,,2026-08-18,,full,"{""as_of"": ""2026-08-18"", ""listing_date"": null, ""reason_code"": ""valid_trading_sessions"", ""status"": ""full"", ""valid_trading_sessions"": 277}","[""l1.csv""]",[],66.6999,ranked,full,100.0,True,True,False
WYFI,"WhiteFiber, Inc. - Ordinary Shares",nasdaqtrader:Q:WYFI,common_equity,eligible,Q,,27.07,,73349939.26285715,-0.22115739034278548,13.883045856121168,47.03965236284628,58.396723229959036,39.535403171766816,141.17128764587042,,,False,,259.0,,2026-08-18,,full,"{""as_of"": ""2026-08-18"", ""listing_date"": null, ""reason_code"": ""valid_trading_sessions"", ""status"": ""full"", ""valid_trading_sessions"": 259}","[""l1.csv""]",[],66.6976,ranked,full,100.0,True,True,False
NOC,Northrop Grumman Corporation Common Stock,nasdaqtrader:N:NOC,common_equity,eligible,N,,589.14,,508595690.275873,12.439880906939461,7.116363636363632,-15.971588315837515,0.8870470580176537,23.29106012864248,24.889815975421094,,,False,,277.0,,2026-08-18,,full,"{""as_of"": ""2026-08-18"", ""listing_date"": null, ""reason_code"": ""valid_trading_sessions"", ""status"": ""full"", ""valid_trading_sessions"": 277}","[""l1.csv""]",[],66.6888,ranked,full,100.0,True,True,False
TPR,"Tapestry, Inc. Common Stock",nasdaqtrader:N:TPR,common_equity,eligible,N,,132.26,,392291508.23571426,-6.278344671201818,0.8309826942136223,-14.03314917127072,31.288465356362916,19.73540478213376,63.172140890462714,,,False,,277.0,,2026-08-18,,full,"{""as_of"": ""2026-08-18"", ""listing_date"": null, ""reason_code"": ""valid_trading_sessions"", ""status"": ""full"", ""valid_trading_sessions"": 277}","[""l1.csv""]",[],66.6839,ranked,full,100.0,True,True,False
DDOG,"Datadog, Inc. - Class A Common Stock",nasdaqtrader:Q:DDOG,common_equity,eligible,Q,,246.0,,1297286286.891746,-6.5349544072948245,17.80480796858539,100.71801566579634,93.32023575638506,14.627798021863603,82.73780867990699,,,False,,277.0,,2026-08-18,,full,"{""as_of"": ""2026-08-18"", ""listing_date"": null, ""reason_code"": ""valid_trading_sessions"", ""status"": ""full"", ""valid_trading_sessions"": 277}","[""l1.csv""]",[],66.6569,ranked,full,100.0,True,True,False
MTSI,"MACOM Technology Solutions Holdings, Inc. - Common Stock",nasdaqtrader:Q:MTSI,common_equity,eligible,Q,,292.875,,557955668.3811111,8.552631578947366,-17.78947368421052,19.253634105623195,137.93565683646113,28.51127709431752,81.98803169504319,,,False,,277.0,,2026-08-18,,full,"{""as_of"": ""2026-08-18"", ""listing_date"": null, ""reason_code"": ""valid_trading_sessions"", ""status"": ""full"", ""valid_trading_sessions"": 277}","[""l1.csv""]",[],66.6348,ranked,full,100.0,True,True,False
SNDK,Sandisk Corporation - Common Stock When-Issued,nasdaqtrader:Q:SNDK,common_equity,eligible,Q,,1625.78,,22261472292.31111,16.882706064200725,21.963076045941143,175.28065155183796,3550.157162101482,30.37344753747323,148.69230991175698,,,False,,277.0,,2026-08-18,,full,"{""as_of"": ""2026-08-18"", ""listing_date"": null, ""reason_code"": ""valid_trading_sessions"", ""status"": ""full"", ""valid_trading_sessions"": 277}","[""l1.csv""]",[],66.6331,ranked,full,100.0,True,True,False
GOOGL,Alphabet Inc. - Class A Common Stock,nasdaqtrader:Q:GOOGL,common_equity,eligible,Q,,344.2,,11680206911.835714,-2.2131310548595184,-13.286642817554295,13.965962519038477,68.80823933300637,14.509959763548764,43.48668680908682,,,False,,277.0,,2026-08-18,,full,"{""as_of"": ""2026-08-18"", ""listing_date"": null, ""reason_code"": ""valid_trading_sessions"", ""status"": ""full"", ""valid_trading_sessions"": 277}","[""l1.csv""]",[],66.6275,ranked,full,100.0,True,True,False
GEV,GE Vernova Inc. Common Stock,nasdaqtrader:N:GEV,common_equity,eligible,N,,1004.53,,2875615814.234444,-6.917289052799358,-0.7626574462830327,22.630775804187266,61.523371548937945,14.497897621844302,55.40331205327503,,,False,,277.0,,2026-08-18,,full,"{""as_of"": ""2026-08-18"", ""listing_date"": null, ""reason_code"": ""valid_trading_sessions"", ""status"": ""full"", ""valid_trading_sessions"": 277}","[""l1.csv""]",[],66.6245,ranked,full,100.0,True,True,False
GOOG,Alphabet Inc. - Class C Capital Stock,nasdaqtrader:Q:GOOG,common_equity,eligible,Q,,341.28,,7881291797.631587,-2.8716168141844856,-13.184604817989886,12.700614226273022,66.55116880581717,14.474739374498814,42.552042495484784,,,False,,277.0,,2026-08-18,,full,"{""as_of"": ""2026-08-18"", ""listing_date"": null, ""reason_code"": ""valid_trading_sessions"", ""status"": ""full"", ""valid_trading_sessions"": 277}","[""l1.csv""]",[],66.6187,ranked,full,100.0,True,True,False
TSCO,Tractor Supply Company - Common Stock,nasdaqtrader:Q:TSCO,common_equity,eligible,Q,,34.72,,391704159.185873,14.58745874587457,9.457755359394703,-34.10514329094705,-42.6020829889238,44.581005586592184,32.4770868924798,,,False,,277.0,,2026-08-18,,full,"{""as_of"": ""2026-08-18"", ""listing_date"": null, ""reason_code"": ""valid_trading_sessions"", ""status"": ""full"", ""valid_trading_sessions"": 277}","[""l1.csv""]",[],66.6113,ranked,full,100.0,True,True,False
TER,"Teradyne, Inc. - Common Stock",nasdaqtrader:Q:TER,common_equity,eligible,Q,,404.29,,1626550918.416508,21.131951102588697,25.927425634636347,32.324158020489,269.4845549259733,16.44138558201057,83.55711087430467,,,False,,277.0,,2026-08-18,,full,"{""as_of"": ""2026-08-18"", ""listing_date"": null, ""reason_code"": ""valid_trading_sessions"", ""status"": ""full"", ""valid_trading_sessions"": 277}","[""l1.csv""]",[],66.6103,ranked,full,100.0,True,True,False
DG,Dollar General Corporation Common Stock,nasdaqtrader:N:DG,common_equity,eligible,N,,120.84,,340624224.03936505,-3.1342685370741474,13.753177068624689,-19.267771245323363,7.156158552806602,22.65745007680492,35.77569954562229,,,False,,277.0,,2026-08-18,,full,"{""as_of"": ""2026-08-18"", ""listing_date"": null, ""reason_code"": ""valid_trading_sessions"", ""status"": ""full"", ""valid_trading_sessions"": 277}","[""l1.csv""]",[],66.6043,ranked,full,100.0,True,True,False
RCAT,"Red Cat Holdings, Inc. - Common Stock",nasdaqtrader:Q:RCAT,common_equity,eligible,Q,,10.205,,138505849.56119046,31.507731958762886,14.277715565509519,-10.482456140350882,21.3436385255648,41.21543778801843,92.59130895383187,,,False,,277.0,,2026-08-18,,full,"{""as_of"": ""2026-08-18"", ""listing_date"": null, ""reason_code"": ""valid_trading_sessions"", ""status"": ""full"", ""valid_trading_sessions"": 277}","[""l1.csv""]",[],66.5856,ranked,full,100.0,True,True,False
ENTG,"Entegris, Inc. - Common Stock",nasdaqtrader:Q:ENTG,common_equity,eligible,Q,,150.265,,460333360.5597619,12.314074295537768,18.12357519062966,15.981012658227844,94.84569502074687,18.334239130434792,85.4590130570998,,,False,,277.0,,2026-08-18,,full,"{""as_of"": ""2026-08-18"", ""listing_date"": null, ""reason_code"": ""valid_trading_sessions"", ""status"": ""full"", ""valid_trading_sessions"": 277}","[""l1.csv""]",[],66.5836,ranked,full,100.0,True,True,False
PATH,"UiPath, Inc. Class A Common Stock",nasdaqtrader:N:PATH,common_equity,eligible,N,,15.58,,800620285.651111,28.125,46.428571428571416,42.41316270566728,42.15328467153283,19.23276308968377,68.10711168594511,,,False,,277.0,,2026-08-18,,full,"{""as_of"": ""2026-08-18"", ""listing_date"": null, ""reason_code"": ""valid_trading_sessions"", ""status"": ""full"", ""valid_trading_sessions"": 277}","[""l1.csv""]",[],66.5582,ranked,full,100.0,True,True,False
AEO,"American Eagle Outfitters, Inc. Common Stock",nasdaqtrader:N:AEO,common_equity,eligible,N,,16.35,,87987755.5888889,-6.784492588369428,10.026917900403776,-34.41636582430806,25.8660508083141,42.00070947144378,48.1160880258797,,,False,,277.0,,2026-08-18,,full,"{""as_of"": ""2026-08-18"", ""listing_date"": null, ""reason_code"": ""valid_trading_sessions"", ""status"": ""full"", ""valid_trading_sessions"": 277}","[""l1.csv""]",[],66.5333,ranked,full,100.0,True,True,False
ALGT,Allegiant Travel Company - Common Stock,nasdaqtrader:Q:ALGT,common_equity,eligible,Q,,81.7,,56433524.543253966,-20.035235391993734,9.429413340476845,-28.35847071203087,36.6677818668451,31.436723732796235,53.96393957765721,,,False,,277.0,,2026-08-18,,full,"{""as_of"": ""2026-08-18"", ""listing_date"": null, ""reason_code"": ""valid_trading_sessions"", ""status"": ""full"", ""valid_trading_sessions"": 277}","[""l1.csv""]",[],66.5249,ranked,full,100.0,True,True,False
ALB,Albemarle Corporation Common Stock,nasdaqtrader:N:ALB,common_equity,eligible,N,,132.71,,326408346.5822222,12.27580372250423,-24.485034710367593,-21.436182808430015,61.46733179218884,38.45190613115667,36.17489671927519,,,False,,277.0,,2026-08-18,,full,"{""as_of"": ""2026-08-18"", ""listing_date"": null, ""reason_code"": ""valid_trading_sessions"", ""status"": ""full"", ""valid_trading_sessions"": 277}","[""l1.csv""]",[],66.5199,ranked,full,100.0,True,True,False
LSCC,Lattice Semiconductor Corporation - Common Stock,nasdaqtrader:Q:LSCC,common_equity,eligible,Q,,124.21,,273226752.4344444,-1.075183179356487,0.8607389362565776,27.39487179487179,95.5139304265701,20.003864236491285,69.79755093215535,,,False,,277.0,,2026-08-18,,full,"{""as_of"": ""2026-08-18"", ""listing_date"": null, ""reason_code"": ""valid_trading_sessions"", ""status"": ""full"", ""valid_trading_sessions"": 277}","[""l1.csv""]",[],66.5005,ranked,full,100.0,True,True,False
RCL,Royal Caribbean Cruises Ltd. Common Stock,nasdaqtrader:N:RCL,common_equity,eligible,N,,300.0,,752253500.2614286,4.836455129997197,18.769547488024063,-7.330182559540366,-4.443382704252263,17.996938552372622,31.75900178409193,,,False,,277.0,,2026-08-18,,full,"{""as_of"": ""2026-08-18"", ""listing_date"": null, ""reason_code"": ""valid_trading_sessions"", ""status"": ""full"", ""valid_trading_sessions"": 277}","[""l1.csv""]",[],66.4992,ranked,full,100.0,True,True,False
IBM,International Business Machines Corporation Common Stock,nasdaqtrader:N:IBM,common_equity,eligible,N,,232.67,,2834331113.3038096,9.23474178403756,4.453423120089783,-9.926057837482105,-2.9409310862673177,29.32904048841236,90.6976379963925,,,False,,277.0,,2026-08-18,,full,"{""as_of"": ""2026-08-18"", ""listing_date"": null, ""reason_code"": ""valid_trading_sessions"", ""status"": ""full"", ""valid_trading_sessions"": 277}","[""l1.csv""]",[],66.4939,ranked,full,100.0,True,True,False
UCTT,"Ultra Clean Holdings, Inc. - Common Stock",nasdaqtrader:Q:UCTT,common_equity,eligible,Q,,81.82,,136417860.49142855,-10.832606800348742,5.370251126851233,47.15827338129495,260.917512130569,42.61869696332141,116.84308828800091,,,False,,277.0,,2026-08-18,,full,"{""as_of"": ""2026-08-18"", ""listing_date"": null, ""reason_code"": ""valid_trading_sessions"", ""status"": ""full"", ""valid_trading_sessions"": 277}","[""l1.csv""]",[],66.4921,ranked,full,100.0,True,True,False
DOW,Dow Inc. Common Stock,nasdaqtrader:N:DOW,common_equity,eligible,N,,31.19,,354277891.0569841,2.700032927230822,-19.113070539419084,-0.7320178230426522,33.51883561643836,25.50752328636254,37.445802729246495,,,False,,277.0,,2026-08-18,,full,"{""as_of"": ""2026-08-18"", ""listing_date"": null, ""reason_code"": ""valid_trading_sessions"", ""status"": ""full"", ""valid_trading_sessions"": 277}","[""l1.csv""]",[],66.4843,ranked,full,100.0,True,True,False
MYRG,"MYR Group, Inc. - Common Stock",nasdaqtrader:Q:MYRG,common_equity,eligible,Q,,323.89,,122137642.00809523,-17.019368723098992,-28.021245388683948,19.81725362533293,78.93486547704546,35.36806816594497,46.073032211091515,,,False,,277.0,,2026-08-18,,full,"{""as_of"": ""2026-08-18"", ""listing_date"": null, ""reason_code"": ""valid_trading_sessions"", ""status"": ""full"", ""valid_trading_sessions"": 277}","[""l1.csv""]",[],66.4755,ranked,full,100.0,True,True,False
IT,"Gartner, Inc. Common Stock",nasdaqtrader:N:IT,common_equity,eligible,N,,182.07,,243498967.92126983,29.072735006380256,17.13954834973943,16.48752399232245,-23.721144580837073,31.057594002044752,83.23492273995103,,,False,,277.0,,2026-08-18,,full,"{""as_of"": ""2026-08-18"", ""listing_date"": null, ""reason_code"": ""valid_trading_sessions"", ""status"": ""full"", ""valid_trading_sessions"": 277}","[""l1.csv""]",[],66.4743,ranked,full,100.0,True,True,False
AMAT,"Applied Materials, Inc. - Common Stock",nasdaqtrader:Q:AMAT,common_equity,eligible,Q,,514.33,,5308610909.634128,-2.162830511698688,24.363469303866346,43.215548687104956,217.96853265741402,28.861687413554627,77.4940495224567,,,False,,277.0,,2026-08-18,,full,"{""as_of"": ""2026-08-18"", ""listing_date"": null, ""reason_code"": ""valid_trading_sessions"", ""status"": ""full"", ""valid_trading_sessions"": 277}","[""l1.csv""]",[],66.4316,ranked,full,100.0,True,True,False
CHTR,"Charter Communications, Inc. - Class A Common Stock",nasdaqtrader:Q:CHTR,common_equity,eligible,Q,,148.35,,436922725.077619,14.857541034375977,5.056299128956865,-37.40770431627357,-44.60418222554146,47.53130084176276,52.32665576506865,,,False,,277.0,,2026-08-18,,full,"{""as_of"": ""2026-08-18"", ""listing_date"": null, ""reason_code"": ""valid_trading_sessions"", ""status"": ""full"", ""valid_trading_sessions"": 277}","[""l1.csv""]",[],66.4146,ranked,full,100.0,True,True,False
GEHC,GE HealthCare Technologies Inc. - Common Stock,nasdaqtrader:Q:GEHC,common_equity,eligible,Q,,72.63,,321719338.6951588,15.597644437370683,18.078361242074447,-11.003553486092398,-1.0490463215259038,17.615698729582576,48.336741199512886,,,False,,277.0,,2026-08-18,,full,"{""as_of"": ""2026-08-18"", ""listing_date"": null, ""reason_code"": ""valid_trading_sessions"", ""status"": ""full"", ""valid_trading_sessions"": 277}","[""l1.csv""]",[],66.4039,ranked,full,100.0,True,True,False
TPL,Texas Pacific Land Corporation Common Stock,nasdaqtrader:N:TPL,common_equity,eligible,N,,365.36,,156370745.57031748,-9.98102840811097,-5.49649517601718,-14.319215796632424,24.25097772487672,32.3144185701847,47.19689489040597,,,False,,277.0,,2026-08-18,,full,"{""as_of"": ""2026-08-18"", ""listing_date"": null, ""reason_code"": ""valid_trading_sessions"", ""status"": ""full"", ""valid_trading_sessions"": 277}","[""l1.csv""]",[],66.3919,ranked,full,100.0,True,True,False
TRI,Thomson Reuters Corp - Common Shares,nasdaqtrader:Q:TRI,common_equity,eligible,Q,,100.89,,193224421.61190474,5.72147123546054,12.1,19.396449704142004,-42.020573530256875,44.434653301756896,67.27305970911995,,,False,,277.0,,2026-08-18,,full,"{""as_of"": ""2026-08-18"", ""listing_date"": null, ""reason_code"": ""valid_trading_sessions"", ""status"": ""full"", ""valid_trading_sessions"": 277}","[""l1.csv""]",[],66.371,ranked,full,100.0,True,True,False
PBR,Petroleo Brasileiro S.A. Petrobras ADS,nasdaqtrader:N:PBR,adr,eligible,N,,18.18,,272951472.411746,-0.05497526113249496,-12.173913043478258,21.038615179760313,50.62137531068765,17.47616886064458,32.01755015451665,,,False,,277.0,,2026-08-18,,full,"{""as_of"": ""2026-08-18"", ""listing_date"": null, ""reason_code"": ""valid_trading_sessions"", ""status"": ""full"", ""valid_trading_sessions"": 277}","[""l1.csv""]",[],66.369,ranked,full,100.0,True,True,False
RARE,Ultragenyx Pharmaceutical Inc. - Common Stock,nasdaqtrader:Q:RARE,common_equity,eligible,Q,,25.49,,62598671.81539682,-10.655450403084476,5.374121537825527,26.313181367690785,-14.146177164028305,30.240831964969892,38.83704941947938,,,False,,277.0,,2026-08-18,,full,"{""as_of"": ""2026-08-18"", ""listing_date"": null, ""reason_code"": ""valid_trading_sessions"", ""status"": ""full"", ""valid_trading_sessions"": 277}","[""l1.csv""]",[],66.3654,ranked,full,100.0,True,True,False
DHI,"D.R. Horton, Inc. Common Stock",nasdaqtrader:N:DHI,common_equity,eligible,N,,145.68,,359919837.7396825,0.6146833344844449,5.956796857953295,-12.394010463647831,-12.03960874290545,20.843294935883495,37.122622155452554,,,False,,277.0,,2026-08-18,,full,"{""as_of"": ""2026-08-18"", ""listing_date"": null, ""reason_code"": ""valid_trading_sessions"", ""status"": ""full"", ""valid_trading_sessions"": 277}","[""l1.csv""]",[],66.3624,ranked,full,100.0,True,True,False
IGV,iShares Expanded Tech-Software Sector ETF,US:IGV,etf,eligible,Z,,101.96,,1572413153.4862697,9.65799096579909,9.787875524927303,25.938735177865624,-6.55301988818624,13.439171406740824,30.738761305956125,,,False,,277.0,,2026-08-18,,full,"{""as_of"": ""2026-08-18"", ""listing_date"": null, ""reason_code"": ""valid_trading_sessions"", ""status"": ""full"", ""valid_trading_sessions"": 277}","[""l1.csv""]",[],66.3598,ranked,full,100.0,True,True,False
TSM,Taiwan Semiconductor Manufacturing Company Ltd.,qrgf-resolution-required:N:TSM,common_equity,eligible,N,,413.41,,5772260908.369682,2.761620681083765,4.4096476827882425,13.511806699615603,73.06178834561288,13.434679732814036,39.13411117581786,,,False,,277.0,,2026-08-18,,full,"{""as_of"": ""2026-08-18"", ""listing_date"": null, ""reason_code"": ""valid_trading_sessions"", ""status"": ""full"", ""valid_trading_sessions"": 277}","[""l1.csv""]",[],66.3587,ranked,full,100.0,True,True,False
NXT,Nextpower Inc. - Class A Common Stock,nasdaqtrader:Q:NXT,common_equity,eligible,Q,,91.15,,344314093.32428575,-9.059163922977154,-32.220404521118375,-25.646463822497758,50.46219874546056,41.71994884910486,71.76262522705319,,,False,,277.0,,2026-08-18,,full,"{""as_of"": ""2026-08-18"", ""listing_date"": null, ""reason_code"": ""valid_trading_sessions"", ""status"": ""full"", ""valid_trading_sessions"": 277}","[""l1.csv""]",[],66.302,ranked,full,100.0,True,True,False
ACMR,"ACM Research, Inc. - Class A Common Stock",nasdaqtrader:Q:ACMR,common_equity,eligible,Q,,84.37,,137181333.97547618,2.2418807561803256,33.39130434782609,29.441546486652335,237.21023181454837,33.509338797383556,106.86198751607816,,,False,,277.0,,2026-08-18,,full,"{""as_of"": ""2026-08-18"", ""listing_date"": null, ""reason_code"": ""valid_trading_sessions"", ""status"": ""full"", ""valid_trading_sessions"": 277}","[""l1.csv""]",[],66.3012,ranked,full,100.0,True,True,False
EXK,Endeavour Silver Corporation Ordinary Shares (Canada),nasdaqtrader:N:EXK,common_equity,eligible,N,,9.66,,59405303.66523809,28.800000000000004,1.7913593256059013,-14.056939501779365,74.05405405405405,31.58640226628895,69.86482205859512,,,False,,277.0,,2026-08-18,,full,"{""as_of"": ""2026-08-18"", ""listing_date"": null, ""reason_code"": ""valid_trading_sessions"", ""status"": ""full"", ""valid_trading_sessions"": 277}","[""l1.csv""]",[],66.2949,ranked,full,100.0,True,True,False
CSCO,"Cisco Systems, Inc. - Common Stock",nasdaqtrader:Q:CSCO,common_equity,eligible,Q,,111.61,,2881157832.6715875,0.8220415537488757,-6.115410497981156,45.230969420949904,68.59516616314198,14.146153846153842,41.45480189815911,,,False,,277.0,,2026-08-18,,full,"{""as_of"": ""2026-08-18"", ""listing_date"": null, ""reason_code"": ""valid_trading_sessions"", ""status"": ""full"", ""valid_trading_sessions"": 277}","[""l1.csv""]",[],66.2865,ranked,full,100.0,True,True,False
ALM,Almonty Industries Inc. - Common Shares,nasdaqtrader:Q:ALM,common_equity,eligible,Q,,15.6,,95774826.21936508,11.988513998564244,-9.826589595375722,15.299334811529942,248.21428571428567,33.39026473099915,108.27462332580615,,,False,,277.0,,2026-08-18,,full,"{""as_of"": ""2026-08-18"", ""listing_date"": null, ""reason_code"": ""valid_trading_sessions"", ""status"": ""full"", ""valid_trading_sessions"": 277}","[""l1.csv""]",[],66.2854,ranked,full,100.0,True,True,False
IBRX,"ImmunityBio, Inc. - Common Stock",nasdaqtrader:Q:IBRX,common_equity,eligible,Q,,7.72,,90820934.63968255,3.0020013342228147,-3.500000000000003,28.239202657807304,202.7450980392157,33.160173160173166,60.60185935652157,,,False,,277.0,,2026-08-18,,full,"{""as_of"": ""2026-08-18"", ""listing_date"": null, ""reason_code"": ""valid_trading_sessions"", ""status"": ""full"", ""valid_trading_sessions"": 277}","[""l1.csv""]",[],66.2547,ranked,full,100.0,True,True,False
OUST,"Ouster, Inc. - Common Stock",nasdaqtrader:Q:OUST,common_equity,eligible,Q,,42.99,,193023333.84396824,23.64106988783434,39.85035783994797,131.12903225806448,23.819124423963146,31.23800383877159,122.43053730625721,,,False,,277.0,,2026-08-18,,full,"{""as_of"": ""2026-08-18"", ""listing_date"": null, ""reason_code"": ""valid_trading_sessions"", ""status"": ""full"", ""valid_trading_sessions"": 277}","[""l1.csv""]",[],66.2484,ranked,full,100.0,True,True,False
NICE,NICE Ltd - American Depositary Shares each representing one Ordinary Share,nasdaqtrader:Q:NICE,adr,eligible,Q,,99.56,,62545215.703888886,-1.7564633905664095,7.737257872524617,4.4591333543174905,-25.232802643436457,35.11470281543274,58.30999101735711,,,False,,277.0,,2026-08-18,,full,"{""as_of"": ""2026-08-18"", ""listing_date"": null, ""reason_code"": ""valid_trading_sessions"", ""status"": ""full"", ""valid_trading_sessions"": 277}","[""l1.csv""]",[],66.2424,ranked,full,100.0,True,True,False
ONDS,Ondas Inc - Common Stock,nasdaqtrader:Q:ONDS,common_equity,eligible,Q,,9.06,,772281941.3396031,31.877729257641917,-6.597938144329884,-9.850746268656717,134.71502590673578,35.33190578158458,90.40100837262379,,,False,,277.0,,2026-08-18,,full,"{""as_of"": ""2026-08-18"", ""listing_date"": null, ""reason_code"": ""valid_trading_sessions"", ""status"": ""full"", ""valid_trading_sessions"": 277}","[""l1.csv""]",[],66.2279,ranked,full,100.0,True,True,False
BR,"Broadridge Financial Solutions, Inc. Common Stock",nasdaqtrader:N:BR,common_equity,eligible,N,,169.86,,211019979.6563492,13.224903346220508,12.773868012216184,-2.4521908918623936,-34.81964696853416,35.39479689639434,38.482386497759855,,,False,,277.0,,2026-08-18,,full,"{""as_of"": ""2026-08-18"", ""listing_date"": null, ""reason_code"": ""valid_trading_sessions"", ""status"": ""full"", ""valid_trading_sessions"": 277}","[""l1.csv""]",[],66.2237,ranked,full,100.0,True,True,False
STM,STMicroelectronics N.V. Common Stock,nasdaqtrader:N:STM,common_equity,eligible,N,,52.27,,791331318.5177778,-15.39333117513758,-14.255249343832022,57.43975903614458,103.7816764132554,34.58891252659241,85.31110235223495,,,False,,277.0,,2026-08-18,,full,"{""as_of"": ""2026-08-18"", ""listing_date"": null, ""reason_code"": ""valid_trading_sessions"", ""status"": ""full"", ""valid_trading_sessions"": 277}","[""l1.csv""]",[],66.1952,ranked,full,100.0,True,True,False
SYNA,Synaptics Incorporated - Common Stock,nasdaqtrader:Q:SYNA,common_equity,eligible,Q,,104.83,,120539771.4307143,-7.720070422535208,-12.025847599865724,22.751756440281024,56.931137724550894,28.962526258724676,57.22727809375632,,,False,,277.0,,2026-08-18,,full,"{""as_of"": ""2026-08-18"", ""listing_date"": null, ""reason_code"": ""valid_trading_sessions"", ""status"": ""full"", ""valid_trading_sessions"": 277}","[""l1.csv""]",[],66.195,ranked,full,100.0,True,True,False
CCL,Carnival Corporation Ltd. Common Shares,nasdaqtrader:N:CCL,common_equity,eligible,N,,27.27,,613172698.935873,4.723502304147464,9.474106784423931,-16.55446756425949,-8.366935483870975,19.770520741394538,36.75992602163888,,,False,,277.0,,2026-08-18,,full,"{""as_of"": ""2026-08-18"", ""listing_date"": null, ""reason_code"": ""valid_trading_sessions"", ""status"": ""full"", ""valid_trading_sessions"": 277}","[""l1.csv""]",[],66.1926,ranked,full,100.0,True,True,False
ALGM,"Allegro MicroSystems, Inc. - Common Stock",nasdaqtrader:Q:ALGM,common_equity,eligible,Q,,39.39,,143722633.75920635,-15.03451251078516,-4.740024183796853,-5.516910530103136,28.306188925081432,43.42143062338408,71.96830848722215,,,False,,277.0,,2026-08-18,,full,"{""as_of"": ""2026-08-18"", ""listing_date"": null, ""reason_code"": ""valid_trading_sessions"", ""status"": ""full"", ""valid_trading_sessions"": 277}","[""l1.csv""]",[],66.1886,ranked,full,100.0,True,True,False
VALE,VALE S.A.  American Depositary Shares Each Representing one common share,nasdaqtrader:N:VALE,adr,eligible,N,,13.68,,334510849.12666667,-2.9787234042553234,-16.12507664009809,-13.962264150943405,37.9032258064516,23.23232323232324,32.842855860832884,,,False,,277.0,,2026-08-18,,full,"{""as_of"": ""2026-08-18"", ""listing_date"": null, ""reason_code"": ""valid_trading_sessions"", ""status"": ""full"", ""valid_trading_sessions"": 277}","[""l1.csv""]",[],66.181,ranked,full,100.0,True,True,False
BZ,KANZHUN LIMITED - American Depository Shares,nasdaqtrader:Q:BZ,adr,eligible,Q,,15.8,,53327259.55571429,1.347017318794097,11.581920903954801,-8.670520231213874,-26.064576509124937,36.571657968687276,40.73108276836832,,,False,,277.0,,2026-08-18,,full,"{""as_of"": ""2026-08-18"", ""listing_date"": null, ""reason_code"": ""valid_trading_sessions"", ""status"": ""full"", ""valid_trading_sessions"": 277}","[""l1.csv""]",[],66.1452,ranked,full,100.0,True,True,False
SNEX,StoneX Group Inc. - Common Stock,nasdaqtrader:Q:SNEX,common_equity,eligible,Q,,66.4,,99824155.5479365,-6.09531890821664,-10.1123595505618,18.107435076485245,62.426614481409004,28.347901154634727,62.858843643538606,,,False,,277.0,,2026-08-18,,full,"{""as_of"": ""2026-08-18"", ""listing_date"": null, ""reason_code"": ""valid_trading_sessions"", ""status"": ""full"", ""valid_trading_sessions"": 277}","[""l1.csv""]",[],66.1131,ranked,full,100.0,True,True,False
AEVA,"Aeva Technologies, Inc. - Common Stock",nasdaqtrader:Q:AEVA,common_equity,eligible,Q,,21.03,,50519326.10738095,32.26415094339623,8.123393316195383,63.0232558139535,60.53435114503818,28.200751109593714,139.2294044769625,,,False,,277.0,,2026-08-18,,full,"{""as_of"": ""2026-08-18"", ""listing_date"": null, ""reason_code"": ""valid_trading_sessions"", ""status"": ""full"", ""valid_trading_sessions"": 277}","[""l1.csv""]",[],66.0934,ranked,full,100.0,True,True,False
KMB,Kimberly-Clark Corporation - Common Stock,nasdaqtrader:Q:KMB,common_equity,eligible,Q,,107.72,,446357701.01222223,-0.7005899705014751,11.580691941164268,0.18601190476190688,-18.970964344817208,19.30481684021276,28.64631068033588,,,False,,277.0,,2026-08-18,,full,"{""as_of"": ""2026-08-18"", ""listing_date"": null, ""reason_code"": ""valid_trading_sessions"", ""status"": ""full"", ""valid_trading_sessions"": 277}","[""l1.csv""]",[],66.0762,ranked,full,100.0,True,True,False
BEAM,Beam Therapeutics Inc. - Common Stock,nasdaqtrader:Q:BEAM,common_equity,eligible,Q,,26.57,,65445723.389682546,0.9115077857956733,-0.8951883625512802,-3.346671516915234,49.102132435465776,29.931434599156127,57.26605358045603,,,False,,277.0,,2026-08-18,,full,"{""as_of"": ""2026-08-18"", ""listing_date"": null, ""reason_code"": ""valid_trading_sessions"", ""status"": ""full"", ""valid_trading_sessions"": 277}","[""l1.csv""]",[],66.0742,ranked,full,100.0,True,True,False
SANM,Sanmina Corporation - Common Stock,nasdaqtrader:Q:SANM,common_equity,eligible,Q,,198.28,,242509176.6077778,-1.7783722197453833,-11.930354446122404,35.16019086571236,69.49905966831938,29.867006225240523,87.37715533486676,,,False,,277.0,,2026-08-18,,full,"{""as_of"": ""2026-08-18"", ""listing_date"": null, ""reason_code"": ""valid_trading_sessions"", ""status"": ""full"", ""valid_trading_sessions"": 277}","[""l1.csv""]",[],66.0656,ranked,full,100.0,True,True,False
EXTR,"Extreme Networks, Inc. - Common Stock",nasdaqtrader:Q:EXTR,common_equity,eligible,Q,,23.75,,59219575.21126984,-21.565389696169092,-1.493156366652837,67.25352112676057,20.436105476673426,29.54612874517948,78.74537844654039,,,False,,277.0,,2026-08-18,,full,"{""as_of"": ""2026-08-18"", ""listing_date"": null, ""reason_code"": ""valid_trading_sessions"", ""status"": ""full"", ""valid_trading_sessions"": 277}","[""l1.csv""]",[],66.0228,ranked,full,100.0,True,True,False
NFLX,"Netflix, Inc. - Common Stock",nasdaqtrader:Q:NFLX,common_equity,eligible,Q,,77.77,,3246950357.7179365,15.044378698224858,-13.2515337423313,1.0000000000000009,-37.23163841807911,38.439008944827044,36.33808571903666,,,False,,277.0,,2026-08-18,,full,"{""as_of"": ""2026-08-18"", ""listing_date"": null, ""reason_code"": ""valid_trading_sessions"", ""status"": ""full"", ""valid_trading_sessions"": 277}","[""l1.csv""]",[],66.0207,ranked,full,100.0,True,True,False
AXP,American Express Company Common Stock,nasdaqtrader:N:AXP,common_equity,eligible,N,,338.52,,1003005208.576984,-3.8104168442588127,8.416602613374312,-1.7444054218790805,10.819393066422212,12.04759801501728,27.428345909871886,,,False,,277.0,,2026-08-18,,full,"{""as_of"": ""2026-08-18"", ""listing_date"": null, ""reason_code"": ""valid_trading_sessions"", ""status"": ""full"", ""valid_trading_sessions"": 277}","[""l1.csv""]",[],66.0119,ranked,full,100.0,True,True,False
ACLS,"Axcelis Technologies, Inc. - Common Stock",nasdaqtrader:Q:ACLS,common_equity,eligible,Q,,135.39,,82210025.65388888,2.8018223234624218,-7.419310722100669,37.45177664974617,68.16544528629981,29.337160751565772,73.80708183466552,,,False,,277.0,,2026-08-18,,full,"{""as_of"": ""2026-08-18"", ""listing_date"": null, ""reason_code"": ""valid_trading_sessions"", ""status"": ""full"", ""valid_trading_sessions"": 277}","[""l1.csv""]",[],65.995,ranked,full,100.0,True,True,False
KLIC,"Kulicke and Soffa Industries, Inc. - Common Stock",nasdaqtrader:Q:KLIC,common_equity,eligible,Q,,92.06,,116019082.43801588,-7.995202878273034,-7.347020933977455,28.2708652640379,154.94322902243147,31.200956580225693,77.67046109896208,,,False,,277.0,,2026-08-18,,full,"{""as_of"": ""2026-08-18"", ""listing_date"": null, ""reason_code"": ""valid_trading_sessions"", ""status"": ""full"", ""valid_trading_sessions"": 277}","[""l1.csv""]",[],65.9935,ranked,full,100.0,True,True,False
BB,BlackBerry Limited Common Stock,nasdaqtrader:N:BB,common_equity,eligible,N,,8.58,,288409951.3,-2.8312570781426905,34.48275862068966,150.87719298245617,134.42622950819668,33.02107728337237,60.17382496124893,,,False,,277.0,,2026-08-18,,full,"{""as_of"": ""2026-08-18"", ""listing_date"": null, ""reason_code"": ""valid_trading_sessions"", ""status"": ""full"", ""valid_trading_sessions"": 277}","[""l1.csv""]",[],65.9861,ranked,full,100.0,True,True,False
GIS,"General Mills, Inc. Common Stock",nasdaqtrader:N:GIS,common_equity,eligible,N,,38.08,,359516306.8252381,1.3304949441192093,13.841554559043324,-15.302491103202854,-23.303121852970797,25.494032478966933,30.34420704149683,,,False,,277.0,,2026-08-18,,full,"{""as_of"": ""2026-08-18"", ""listing_date"": null, ""reason_code"": ""valid_trading_sessions"", ""status"": ""full"", ""valid_trading_sessions"": 277}","[""l1.csv""]",[],65.9825,ranked,full,100.0,True,True,False
LYFT,"Lyft, Inc. - Class A Common Stock",nasdaqtrader:Q:LYFT,common_equity,eligible,Q,,16.93,,192215416.38904762,9.721322099805562,26.626776364996264,27.29323308270675,7.01643489254109,31.0948310948311,46.22960689306693,,,False,,277.0,,2026-08-18,,full,"{""as_of"": ""2026-08-18"", ""listing_date"": null, ""reason_code"": ""valid_trading_sessions"", ""status"": ""full"", ""valid_trading_sessions"": 277}","[""l1.csv""]",[],65.9793,ranked,full,100.0,True,True,False
RSI,"Rush Street Interactive, Inc. Class A Common Stock",nasdaqtrader:N:RSI,common_equity,eligible,N,,24.55,,80075030.67714286,-28.881807647740445,-11.275749909649447,44.923258559622184,25.832906201947715,28.881807647740445,63.310089963605506,,,False,,277.0,,2026-08-18,,full,"{""as_of"": ""2026-08-18"", ""listing_date"": null, ""reason_code"": ""valid_trading_sessions"", ""status"": ""full"", ""valid_trading_sessions"": 277}","[""l1.csv""]",[],65.9342,ranked,full,100.0,True,True,False
FCEL,"FuelCell Energy, Inc. - Common Stock",nasdaqtrader:Q:FCEL,common_equity,eligible,Q,,21.7,,263121287.5715873,9.375,22.322435174746346,198.07692307692304,419.1387559808613,39.73896139961121,144.26224746054152,,,False,,277.0,,2026-08-18,,full,"{""as_of"": ""2026-08-18"", ""listing_date"": null, ""reason_code"": ""valid_trading_sessions"", ""status"": ""full"", ""valid_trading_sessions"": 277}","[""l1.csv""]",[],65.9341,ranked,full,100.0,True,True,False
DASH,"DoorDash, Inc. - Common Stock",nasdaqtrader:Q:DASH,common_equity,eligible,Q,,216.35,,835634072.357619,14.458787429901587,32.99932378434869,33.269680916594794,-12.762096774193555,23.209341946475483,42.28737750448363,,,False,,277.0,,2026-08-18,,full,"{""as_of"": ""2026-08-18"", ""listing_date"": null, ""reason_code"": ""valid_trading_sessions"", ""status"": ""full"", ""valid_trading_sessions"": 277}","[""l1.csv""]",[],65.9279,ranked,full,100.0,True,True,False
WDAY,"Workday, Inc. - Class A Common Stock",nasdaqtrader:Q:WDAY,common_equity,eligible,Q,,190.635,,769860036.353254,29.48987909251459,47.91666666666667,33.1994130799329,-15.681808129505958,23.03484193952118,78.27841103481693,,,False,,277.0,,2026-08-18,,full,"{""as_of"": ""2026-08-18"", ""listing_date"": null, ""reason_code"": ""valid_trading_sessions"", ""status"": ""full"", ""valid_trading_sessions"": 277}","[""l1.csv""]",[],65.9046,ranked,full,100.0,True,True,False
PI,"Impinj, Inc. - Common Stock",nasdaqtrader:Q:PI,common_equity,eligible,Q,,168.07,,63803124.9484127,22.037467325007263,20.653266331658273,33.251407278205036,3.8944180008654072,30.52374850150883,53.72922035332961,,,False,,277.0,,2026-08-18,,full,"{""as_of"": ""2026-08-18"", ""listing_date"": null, ""reason_code"": ""valid_trading_sessions"", ""status"": ""full"", ""valid_trading_sessions"": 277}","[""l1.csv""]",[],65.9032,ranked,full,100.0,True,True,False
BABA,Alibaba Group Holding Limited American Depositary Shares each representing eight Ordinary share,nasdaqtrader:N:BABA,adr,eligible,N,,128.15,,1343489339.2650793,6.489945155393051,-3.8346090349692274,-17.551309271054492,5.682005607784935,32.317524030843984,46.2688292702088,,,False,,277.0,,2026-08-18,,full,"{""as_of"": ""2026-08-18"", ""listing_date"": null, ""reason_code"": ""valid_trading_sessions"", ""status"": ""full"", ""valid_trading_sessions"": 277}","[""l1.csv""]",[],65.8923,ranked,full,100.0,True,True,False
NKTR,Nektar Therapeutics - Common Stock,nasdaqtrader:Q:NKTR,common_equity,eligible,Q,,73.64,,62512138.74714286,13.571869216532995,7.613619757416323,-0.2438363587103698,170.1393983859134,26.61684105630293,38.33618993424562,,,False,,277.0,,2026-08-18,,full,"{""as_of"": ""2026-08-18"", ""listing_date"": null, ""reason_code"": ""valid_trading_sessions"", ""status"": ""full"", ""valid_trading_sessions"": 277}","[""l1.csv""]",[],65.8822,ranked,full,100.0,True,True,False
CLF,Cleveland-Cliffs Inc. Common Stock,nasdaqtrader:N:CLF,common_equity,eligible,N,,11.88,,244958903.59492064,32.29398663697105,11.444652908067553,12.927756653992418,14.121037463976949,26.576019777503078,67.30074317344135,,,False,,277.0,,2026-08-18,,full,"{""as_of"": ""2026-08-18"", ""listing_date"": null, ""reason_code"": ""valid_trading_sessions"", ""status"": ""full"", ""valid_trading_sessions"": 277}","[""l1.csv""]",[],65.8768,ranked,full,100.0,True,True,False
CVNA,Carvana Co. Class A Common Stock,nasdaqtrader:N:CVNA,common_equity,eligible,N,,65.0,,715408418.4074603,1.3408169628936761,-1.5449863677673425,-7.394215700242201,-7.14285714285714,32.072316856515826,64.6428530279546,,,False,,277.0,,2026-08-18,,full,"{""as_of"": ""2026-08-18"", ""listing_date"": null, ""reason_code"": ""valid_trading_sessions"", ""status"": ""full"", ""valid_trading_sessions"": 277}","[""l1.csv""]",[],65.8596,ranked,full,100.0,True,True,False
AUGO,Aura Minerals Inc. - Common Shares,nasdaqtrader:Q:AUGO,common_equity,eligible,Q,,76.24,,65037994.432222225,52.26682644297982,0.7932310946588972,13.519952352590824,169.11401341334275,30.144768187648896,87.50376268514276,,,False,,275.0,,2026-08-18,,full,"{""as_of"": ""2026-08-18"", ""listing_date"": null, ""reason_code"": ""valid_trading_sessions"", ""status"": ""full"", ""valid_trading_sessions"": 275}","[""l1.csv""]",[],65.8526,ranked,full,100.0,True,True,False
ODFL,"Old Dominion Freight Line, Inc. - Common Stock",nasdaqtrader:Q:ODFL,common_equity,eligible,Q,,208.0,,408261525.24158734,-10.251984811874348,1.895850683388045,7.593627146699777,37.620748974460774,16.37518594459856,34.13179050439515,,,False,,277.0,,2026-08-18,,full,"{""as_of"": ""2026-08-18"", ""listing_date"": null, ""reason_code"": ""valid_trading_sessions"", ""status"": ""full"", ""valid_trading_sessions"": 277}","[""l1.csv""]",[],65.8438,ranked,full,100.0,True,True,False
BFAM,Bright Horizons Family Solutions Inc. Common Stock,nasdaqtrader:N:BFAM,common_equity,eligible,N,,72.52,,66761773.5515873,-6.437878983356993,6.381106058383446,6.741242272593473,-40.26359143327842,41.1984107678586,40.252373877692804,,,False,,277.0,,2026-08-18,,full,"{""as_of"": ""2026-08-18"", ""listing_date"": null, ""reason_code"": ""valid_trading_sessions"", ""status"": ""full"", ""valid_trading_sessions"": 277}","[""l1.csv""]",[],65.8368,ranked,full,100.0,True,True,False
TOST,"Toast, Inc. Class A Common Stock",nasdaqtrader:N:TOST,common_equity,eligible,N,,34.95,,337362454.5144445,13.290113452188002,54.372791519434635,26.355748373101974,-19.00347624565468,22.505543237250546,39.082099992151015,,,False,,277.0,,2026-08-18,,full,"{""as_of"": ""2026-08-18"", ""listing_date"": null, ""reason_code"": ""valid_trading_sessions"", ""status"": ""full"", ""valid_trading_sessions"": 277}","[""l1.csv""]",[],65.8341,ranked,full,100.0,True,True,False
DVA,DaVita Inc. Common Stock,nasdaqtrader:N:DVA,common_equity,eligible,N,,177.91,,183870629.09428573,-24.002563007261855,-10.83099438652767,18.283358819227445,31.41527552075638,26.166168658698542,59.61502770720234,,,False,,277.0,,2026-08-18,,full,"{""as_of"": ""2026-08-18"", ""listing_date"": null, ""reason_code"": ""valid_trading_sessions"", ""status"": ""full"", ""valid_trading_sessions"": 277}","[""l1.csv""]",[],65.8222,ranked,full,100.0,True,True,False
IR,Ingersoll Rand Inc. Common Stock,nasdaqtrader:N:IR,common_equity,eligible,N,,80.77,,335727574.70126987,0.7358443502120116,15.43518650850364,-18.215876873228034,3.1281920326864165,18.215876873228034,35.533117433667094,,,False,,277.0,,2026-08-18,,full,"{""as_of"": ""2026-08-18"", ""listing_date"": null, ""reason_code"": ""valid_trading_sessions"", ""status"": ""full"", ""valid_trading_sessions"": 277}","[""l1.csv""]",[],65.804,ranked,full,100.0,True,True,False
IAG,Iamgold Corporation Ordinary Shares,nasdaqtrader:N:IAG,common_equity,eligible,N,,18.19,,91932593.76825397,30.30085959885387,7.126030624263846,-12.590100913022573,123.46437346437344,25.966625966625966,64.1310064511892,,,False,,277.0,,2026-08-18,,full,"{""as_of"": ""2026-08-18"", ""listing_date"": null, ""reason_code"": ""valid_trading_sessions"", ""status"": ""full"", ""valid_trading_sessions"": 277}","[""l1.csv""]",[],65.7956,ranked,full,100.0,True,True,False
HMY,Harmony Gold Mining Company Limited,qrgf-resolution-required:N:HMY,common_equity,eligible,N,,19.28,,60056965.68111111,34.54291695743197,17.203647416413382,-2.577059120768055,24.951393389500986,25.960061443932403,54.77785117811149,,,False,,277.0,,2026-08-18,,full,"{""as_of"": ""2026-08-18"", ""listing_date"": null, ""reason_code"": ""valid_trading_sessions"", ""status"": ""full"", ""valid_trading_sessions"": 277}","[""l1.csv""]",[],65.7947,ranked,full,100.0,True,True,False
MSFT,Microsoft Corporation - Common Stock,nasdaqtrader:Q:MSFT,common_equity,eligible,Q,,481.63,,16680730952.15873,19.72209102885978,13.71535156065542,21.360177392531376,-7.409116250456571,11.149851495194351,50.207596553917455,,,False,,277.0,,2026-08-18,,full,"{""as_of"": ""2026-08-18"", ""listing_date"": null, ""reason_code"": ""valid_trading_sessions"", ""status"": ""full"", ""valid_trading_sessions"": 277}","[""l1.csv""]",[],65.7875,ranked,full,100.0,True,True,False
WWD,"Woodward, Inc. - Common Stock",nasdaqtrader:Q:WWD,common_equity,eligible,Q,,366.2,,292689511.18603176,-6.282789507357645,4.805243124123515,-5.404009092787765,49.28050222167868,16.093850242874165,38.95620256390663,,,False,,277.0,,2026-08-18,,full,"{""as_of"": ""2026-08-18"", ""listing_date"": null, ""reason_code"": ""valid_trading_sessions"", ""status"": ""full"", ""valid_trading_sessions"": 277}","[""l1.csv""]",[],65.7735,ranked,full,100.0,True,True,False
UPS,"United Parcel Service, Inc. Common Stock",nasdaqtrader:N:UPS,common_equity,eligible,N,,101.93,,568172846.009365,-9.916040653999115,6.699466136292265,-11.756557873777162,15.201175406871602,15.05833333333333,34.51694880724857,,,False,,277.0,,2026-08-18,,full,"{""as_of"": ""2026-08-18"", ""listing_date"": null, ""reason_code"": ""valid_trading_sessions"", ""status"": ""full"", ""valid_trading_sessions"": 277}","[""l1.csv""]",[],65.7646,ranked,full,100.0,True,True,False
NVMI,Nova Ltd. - Ordinary Shares,nasdaqtrader:Q:NVMI,common_equity,eligible,Q,,390.96,,247914799.05873019,-9.744442135881993,-19.67950693374423,-11.609504646062717,53.70643392109453,35.44786592916701,63.258143535253566,,,False,,277.0,,2026-08-18,,full,"{""as_of"": ""2026-08-18"", ""listing_date"": null, ""reason_code"": ""valid_trading_sessions"", ""status"": ""full"", ""valid_trading_sessions"": 277}","[""l1.csv""]",[],65.7201,ranked,full,100.0,True,True,False
CRSP,CRISPR Therapeutics AG - Common Shares,nasdaqtrader:Q:CRSP,common_equity,eligible,Q,,52.97,,85071794.00746033,12.72611193871036,9.081548599670498,-0.3761519653940226,-11.317595847982586,31.010679864548063,44.400128576718295,,,False,,277.0,,2026-08-18,,full,"{""as_of"": ""2026-08-18"", ""listing_date"": null, ""reason_code"": ""valid_trading_sessions"", ""status"": ""full"", ""valid_trading_sessions"": 277}","[""l1.csv""]",[],65.7181,ranked,full,100.0,True,True,False
FSLR,"First Solar, Inc. - Common Stock",nasdaqtrader:Q:FSLR,common_equity,eligible,Q,,220.01,,617779078.1387302,7.1599045346061985,-5.833761342235921,-2.6719752267197583,10.032508127031758,30.868813825608797,50.99435607710638,,,False,,277.0,,2026-08-18,,full,"{""as_of"": ""2026-08-18"", ""listing_date"": null, ""reason_code"": ""valid_trading_sessions"", ""status"": ""full"", ""valid_trading_sessions"": 277}","[""l1.csv""]",[],65.6992,ranked,full,100.0,True,True,False
CMCSA,Comcast Corporation - Class A Common Stock,nasdaqtrader:Q:CMCSA,common_equity,eligible,Q,,26.2,,830514445.1093651,10.176619007569387,5.094263939029275,-16.957210776545175,-21.674140508221228,23.279648609077597,38.517874540804634,,,False,,277.0,,2026-08-18,,full,"{""as_of"": ""2026-08-18"", ""listing_date"": null, ""reason_code"": ""valid_trading_sessions"", ""status"": ""full"", ""valid_trading_sessions"": 277}","[""l1.csv""]",[],65.6873,ranked,full,100.0,True,True,False
W,Wayfair Inc. Class A Common Stock,nasdaqtrader:N:W,common_equity,eligible,N,,101.69,,324390726.91,15.872835004557873,71.59973000337496,19.31244866830928,29.162962022100846,14.582108357832846,99.14997459877162,,,False,,277.0,,2026-08-18,,full,"{""as_of"": ""2026-08-18"", ""listing_date"": null, ""reason_code"": ""valid_trading_sessions"", ""status"": ""full"", ""valid_trading_sessions"": 277}","[""l1.csv""]",[],65.6455,ranked,full,100.0,True,True,False
ITRI,"Itron, Inc. - Common Stock",nasdaqtrader:Q:ITRI,common_equity,eligible,Q,,96.18,,73574849.61769842,13.997866540239423,19.03465346534654,-0.2592554184382423,-23.835920177383585,30.395136778115493,75.04510366653385,,,False,,277.0,,2026-08-18,,full,"{""as_of"": ""2026-08-18"", ""listing_date"": null, ""reason_code"": ""valid_trading_sessions"", ""status"": ""full"", ""valid_trading_sessions"": 277}","[""l1.csv""]",[],65.636,ranked,full,100.0,True,True,False
META,"Meta Platforms, Inc. - Class A Common Stock",nasdaqtrader:Q:META,common_equity,eligible,Q,,543.67,,11015110492.11222,-15.821011070682056,-11.050211874805726,-14.957218163900576,-30.762961170612435,30.32105094520987,48.71251531817677,,,False,,277.0,,2026-08-18,,full,"{""as_of"": ""2026-08-18"", ""listing_date"": null, ""reason_code"": ""valid_trading_sessions"", ""status"": ""full"", ""valid_trading_sessions"": 277}","[""l1.csv""]",[],65.6261,ranked,full,100.0,True,True,False
BIRK,Birkenstock Holding plc Ordinary Shares,nasdaqtrader:N:BIRK,common_equity,eligible,N,,37.23,,102528810.97809523,-12.953004442366156,15.909090909090917,-9.679767103347892,-25.240963855421693,30.280898876404493,53.8331011280211,,,False,,277.0,,2026-08-18,,full,"{""as_of"": ""2026-08-18"", ""listing_date"": null, ""reason_code"": ""valid_trading_sessions"", ""status"": ""full"", ""valid_trading_sessions"": 277}","[""l1.csv""]",[],65.6208,ranked,full,100.0,True,True,False
HAL,Halliburton Company Common Stock,nasdaqtrader:N:HAL,common_equity,eligible,N,,34.66,,423016184.08412695,-1.2816861293079018,-18.980832164562887,2.818154850192811,64.10984848484847,19.357840856212192,37.29611642214865,,,False,,277.0,,2026-08-18,,full,"{""as_of"": ""2026-08-18"", ""listing_date"": null, ""reason_code"": ""valid_trading_sessions"", ""status"": ""full"", ""valid_trading_sessions"": 277}","[""l1.csv""]",[],65.5895,ranked,full,100.0,True,True,False
NXE,Nexgen Energy Ltd. Common Shares,nasdaqtrader:N:NXE,common_equity,eligible,N,,10.26,,57497627.95523809,17.52577319587627,-6.472196900638116,-11.703958691910499,50.43988269794721,26.29310344827587,46.92444264933364,,,False,,277.0,,2026-08-18,,full,"{""as_of"": ""2026-08-18"", ""listing_date"": null, ""reason_code"": ""valid_trading_sessions"", ""status"": ""full"", ""valid_trading_sessions"": 277}","[""l1.csv""]",[],65.5891,ranked,full,100.0,True,True,False
MU,"Micron Technology, Inc. - Common Stock",nasdaqtrader:Q:MU,common_equity,eligible,Q,,940.76,,47279449130.814285,8.70057541654148,38.034451389500255,135.31942568412626,678.3238189790684,22.479317050660864,96.22516418746731,,,False,,277.0,,2026-08-18,,full,"{""as_of"": ""2026-08-18"", ""listing_date"": null, ""reason_code"": ""valid_trading_sessions"", ""status"": ""full"", ""valid_trading_sessions"": 277}","[""l1.csv""]",[],65.5806,ranked,full,100.0,True,True,False
CAVA,"CAVA Group, Inc. Common Stock",nasdaqtrader:N:CAVA,common_equity,eligible,N,,68.24,,259664743.65396827,7.447646039993705,-14.582551007635502,7.787079450323797,-2.3748211731044466,29.931204435773694,63.397623697300034,,,False,,277.0,,2026-08-18,,full,"{""as_of"": ""2026-08-18"", ""listing_date"": null, ""reason_code"": ""valid_trading_sessions"", ""status"": ""full"", ""valid_trading_sessions"": 277}","[""l1.csv""]",[],65.5742,ranked,full,100.0,True,True,False
ERIE,Erie Indemnity Company - Class A Common Stock,nasdaqtrader:Q:ERIE,common_equity,eligible,Q,,256.95,,58159987.00325397,14.194924670014665,15.99927768498035,-9.476836357230944,-29.89468514678598,29.86406812970849,61.0637751177852,,,False,,277.0,,2026-08-18,,full,"{""as_of"": ""2026-08-18"", ""listing_date"": null, ""reason_code"": ""valid_trading_sessions"", ""status"": ""full"", ""valid_trading_sessions"": 277}","[""l1.csv""]",[],65.5652,ranked,full,100.0,True,True,False
KNX,Knight-Swift Transportation Holdings Inc.,qrgf-resolution-required:N:KNX,common_equity,eligible,N,,70.72,,303567437.3096825,-6.516853932584277,2.0932582647610776,18.102872411489646,66.39999999999999,14.226804123711345,36.96276835243442,,,False,,277.0,,2026-08-18,,full,"{""as_of"": ""2026-08-18"", ""listing_date"": null, ""reason_code"": ""valid_trading_sessions"", ""status"": ""full"", ""valid_trading_sessions"": 277}","[""l1.csv""]",[],65.5567,ranked,full,100.0,True,True,False
CVS,CVS Health Corporation Common Stock,nasdaqtrader:N:CVS,common_equity,eligible,N,,94.91,,815516572.402381,-11.801877148963857,-1.1251171997083032,21.368286445012785,38.3527696793003,14.186256781193485,29.13337171689321,,,False,,277.0,,2026-08-18,,full,"{""as_of"": ""2026-08-18"", ""listing_date"": null, ""reason_code"": ""valid_trading_sessions"", ""status"": ""full"", ""valid_trading_sessions"": 277}","[""l1.csv""]",[],65.5466,ranked,full,100.0,True,True,False
GFI,Gold Fields Limited American Depositary Shares,nasdaqtrader:N:GFI,adr,eligible,N,,40.92,,135016277.34746033,30.944000000000017,0.9373458312777583,-20.49737711288129,36.21837549933422,33.4742318322224,51.50811442176836,,,False,,277.0,,2026-08-18,,full,"{""as_of"": ""2026-08-18"", ""listing_date"": null, ""reason_code"": ""valid_trading_sessions"", ""status"": ""full"", ""valid_trading_sessions"": 277}","[""l1.csv""]",[],65.5466,ranked,full,100.0,True,True,False
CHWY,"Chewy, Inc. Class A Common Stock",nasdaqtrader:N:CHWY,common_equity,eligible,N,,23.04,,189133218.5622222,4.774897680763979,6.518723994452147,-3.1932773109243806,-43.09706100271673,45.57051736357194,42.90505725317922,,,False,,277.0,,2026-08-18,,full,"{""as_of"": ""2026-08-18"", ""listing_date"": null, ""reason_code"": ""valid_trading_sessions"", ""status"": ""full"", ""valid_trading_sessions"": 277}","[""l1.csv""]",[],65.5453,ranked,full,100.0,True,True,False
CBRE,CBRE Group Inc Common Stock Class A,nasdaqtrader:N:CBRE,common_equity,eligible,N,,147.3,,283523941.5011111,6.261722695137784,12.92548298068079,4.290569243840281,-7.317687032026676,14.165841151448056,35.25021869137052,,,False,,277.0,,2026-08-18,,full,"{""as_of"": ""2026-08-18"", ""listing_date"": null, ""reason_code"": ""valid_trading_sessions"", ""status"": ""full"", ""valid_trading_sessions"": 277}","[""l1.csv""]",[],65.5415,ranked,full,100.0,True,True,False
ESI,Element Solutions Inc. Common Stock,nasdaqtrader:N:ESI,common_equity,eligible,N,,37.29,,183370030.06984127,2.2764673614920516,-6.494483450351063,15.413184772516232,49.5188452285485,24.037482175595848,41.471942667378066,,,False,,277.0,,2026-08-18,,full,"{""as_of"": ""2026-08-18"", ""listing_date"": null, ""reason_code"": ""valid_trading_sessions"", ""status"": ""full"", ""valid_trading_sessions"": 277}","[""l1.csv""]",[],65.5383,ranked,full,100.0,True,True,False
WYNN,"Wynn Resorts, Limited - Common Stock",nasdaqtrader:Q:WYNN,common_equity,eligible,Q,,101.29,,148305351.4036508,5.885427555927247,6.051722332740028,-11.45979020979021,-7.455459113750573,24.036298185090743,23.78693838134251,,,False,,277.0,,2026-08-18,,full,"{""as_of"": ""2026-08-18"", ""listing_date"": null, ""reason_code"": ""valid_trading_sessions"", ""status"": ""full"", ""valid_trading_sessions"": 277}","[""l1.csv""]",[],65.5382,ranked,full,100.0,True,True,False
COF,Capital One Financial Corporation Common Stock,nasdaqtrader:N:COF,common_equity,eligible,N,,221.47,,893112620.7769841,7.10934855153067,18.32558636533632,7.1248911676501825,2.803694935709977,14.138947041947736,31.422109375102497,,,False,,277.0,,2026-08-18,,full,"{""as_of"": ""2026-08-18"", ""listing_date"": null, ""reason_code"": ""valid_trading_sessions"", ""status"": ""full"", ""valid_trading_sessions"": 277}","[""l1.csv""]",[],65.5347,ranked,full,100.0,True,True,False
CLX,Clorox Company (The) Common Stock,nasdaqtrader:N:CLX,common_equity,eligible,N,,105.55,,250010079.66777778,9.616782635787713,13.714716655893122,-14.159076122316193,-13.603994433985434,16.994337842088704,34.38326824355657,,,False,,277.0,,2026-08-18,,full,"{""as_of"": ""2026-08-18"", ""listing_date"": null, ""reason_code"": ""valid_trading_sessions"", ""status"": ""full"", ""valid_trading_sessions"": 277}","[""l1.csv""]",[],65.4986,ranked,full,100.0,True,True,False
EQX,Equinox Gold Corp. Common Shares,nasdaqtrader:A:EQX,common_equity,eligible,A,,11.45,,145340472.11841267,31.912442396313367,-11.446249033255995,-23.970783532536533,43.483709273182946,38.96588486140726,56.32023445942863,,,False,,277.0,,2026-08-18,,full,"{""as_of"": ""2026-08-18"", ""listing_date"": null, ""reason_code"": ""valid_trading_sessions"", ""status"": ""full"", ""valid_trading_sessions"": 277}","[""l1.csv""]",[],65.4856,ranked,full,100.0,True,True,False
ECG,"Everus Construction Group, Inc. Common Stock",nasdaqtrader:N:ECG,common_equity,eligible,N,,129.19,,86880359.87603174,-1.7491824473344075,-12.974065341865948,27.243179355855407,70.68304927995771,23.628517379995273,70.40080439707218,,,False,,277.0,,2026-08-18,,full,"{""as_of"": ""2026-08-18"", ""listing_date"": null, ""reason_code"": ""valid_trading_sessions"", ""status"": ""full"", ""valid_trading_sessions"": 277}","[""l1.csv""]",[],65.4838,ranked,full,100.0,True,True,False
FIX,"Comfort Systems USA, Inc. Common Stock",nasdaqtrader:N:FIX,common_equity,eligible,N,,1739.08,,892245878.7798412,1.5710964968636443,-6.220240181619152,30.000373761913647,155.4240225597039,15.844588218784338,62.37749746011176,,,False,,277.0,,2026-08-18,,full,"{""as_of"": ""2026-08-18"", ""listing_date"": null, ""reason_code"": ""valid_trading_sessions"", ""status"": ""full"", ""valid_trading_sessions"": 277}","[""l1.csv""]",[],65.4611,ranked,full,100.0,True,True,False
UL,Unilever PLC American Depositary Shares (each representing One Ordinary Share),nasdaqtrader:N:UL,adr,eligible,N,,62.03,,256980700.81158727,0.04838709677419395,8.254799301919725,-16.130340724716053,-9.60361410667444,16.838718326853463,32.997488237239786,,,False,,277.0,,2026-08-18,,full,"{""as_of"": ""2026-08-18"", ""listing_date"": null, ""reason_code"": ""valid_trading_sessions"", ""status"": ""full"", ""valid_trading_sessions"": 277}","[""l1.csv""]",[],65.4597,ranked,full,100.0,True,True,False
PSKY,Paramount Skydance Corporation - Class B Common Stock,nasdaqtrader:Q:PSKY,common_equity,eligible,Q,,10.43,,93761993.46555555,21.703617269544907,6.211812627291247,-3.693444136657431,-23.979591836734706,47.136340598074,41.638168678920394,,,False,,259.0,,2026-08-18,,full,"{""as_of"": ""2026-08-18"", ""listing_date"": null, ""reason_code"": ""valid_trading_sessions"", ""status"": ""full"", ""valid_trading_sessions"": 259}","[""l1.csv""]",[],65.4409,ranked,full,100.0,True,True,False
GS,"Goldman Sachs Group, Inc. (The) Common Stock",nasdaqtrader:N:GS,common_equity,eligible,N,,1040.47,,2249408141.9425397,-1.3800555434442585,9.944418614480742,13.583467970830965,42.38969783227502,9.686911385592879,41.96030767404685,,,False,,277.0,,2026-08-18,,full,"{""as_of"": ""2026-08-18"", ""listing_date"": null, ""reason_code"": ""valid_trading_sessions"", ""status"": ""full"", ""valid_trading_sessions"": 277}","[""l1.csv""]",[],65.4217,ranked,full,100.0,True,True,False
CMI,Cummins Inc. Common Stock,nasdaqtrader:N:CMI,common_equity,eligible,N,,620.81,,680994262.1326984,-2.911968471920301,-8.417543186746734,4.222207299466141,55.42787041209751,14.675847661457697,32.64997677613689,,,False,,277.0,,2026-08-18,,full,"{""as_of"": ""2026-08-18"", ""listing_date"": null, ""reason_code"": ""valid_trading_sessions"", ""status"": ""full"", ""valid_trading_sessions"": 277}","[""l1.csv""]",[],65.419,ranked,full,100.0,True,True,False
TDC,Teradata Corporation Common Stock,nasdaqtrader:N:TDC,common_equity,eligible,N,,28.47,,97823053.01698412,-6.960784313725499,-13.121757705218196,-12.668711656441722,35.05692599620494,24.841605068637808,93.24917019162433,,,False,,277.0,,2026-08-18,,full,"{""as_of"": ""2026-08-18"", ""listing_date"": null, ""reason_code"": ""valid_trading_sessions"", ""status"": ""full"", ""valid_trading_sessions"": 277}","[""l1.csv""]",[],65.3955,ranked,full,100.0,True,True,False
G,Genpact Limited Common Stock,nasdaqtrader:N:G,common_equity,eligible,N,,34.65,,78619711.12730159,13.087467362924276,10.526315789473673,-8.163265306122447,-20.6367384333486,28.556701030927833,43.16811205721996,,,False,,277.0,,2026-08-18,,full,"{""as_of"": ""2026-08-18"", ""listing_date"": null, ""reason_code"": ""valid_trading_sessions"", ""status"": ""full"", ""valid_trading_sessions"": 277}","[""l1.csv""]",[],65.3909,ranked,full,100.0,True,True,False
CAT,"Caterpillar, Inc. Common Stock",nasdaqtrader:N:CAT,common_equity,eligible,N,,840.87,,2962016756.6292067,-2.7108642832349816,-2.6714508941489745,9.952141848423036,106.2017214742882,21.037656117945357,40.86888346258217,,,False,,277.0,,2026-08-18,,full,"{""as_of"": ""2026-08-18"", ""listing_date"": null, ""reason_code"": ""valid_trading_sessions"", ""status"": ""full"", ""valid_trading_sessions"": 277}","[""l1.csv""]",[],65.3884,ranked,full,100.0,True,True,False
ACHC,"Acadia Healthcare Company, Inc. - Common Stock",nasdaqtrader:Q:ACHC,common_equity,eligible,Q,,27.46,,82331585.06873016,-20.243973279117043,8.49466613986567,67.28601888516602,30.88655862726406,22.88682954226341,74.86356161636255,,,False,,277.0,,2026-08-18,,full,"{""as_of"": ""2026-08-18"", ""listing_date"": null, ""reason_code"": ""valid_trading_sessions"", ""status"": ""full"", ""valid_trading_sessions"": 277}","[""l1.csv""]",[],65.3849,ranked,full,100.0,True,True,False
DAVE,Dave Inc.  - Class A Common Stock,nasdaqtrader:Q:DAVE,common_equity,eligible,Q,,333.14,,192426906.54841268,-23.989230628821755,38.48520119720651,88.63031538417981,65.42032871542777,24.719228074932776,82.92996890712101,,,False,,277.0,,2026-08-18,,full,"{""as_of"": ""2026-08-18"", ""listing_date"": null, ""reason_code"": ""valid_trading_sessions"", ""status"": ""full"", ""valid_trading_sessions"": 277}","[""l1.csv""]",[],65.3792,ranked,full,100.0,True,True,False
BRO,"Brown & Brown, Inc. Common Stock",nasdaqtrader:N:BRO,common_equity,eligible,N,,69.37,,181786499.42396826,0.6237307803887537,18.197307888907833,0.7845416242917347,-27.239353891336272,28.44765342960288,34.84144900542585,,,False,,277.0,,2026-08-18,,full,"{""as_of"": ""2026-08-18"", ""listing_date"": null, ""reason_code"": ""valid_trading_sessions"", ""status"": ""full"", ""valid_trading_sessions"": 277}","[""l1.csv""]",[],65.3764,ranked,full,100.0,True,True,False
ADBE,Adobe Inc. - Common Stock,nasdaqtrader:Q:ADBE,common_equity,eligible,Q,,263.14,,1472245347.8580952,12.098491948538804,2.9338131747770335,1.0328277980418576,-25.844723122446112,28.38948456974909,52.99190016471358,,,False,,277.0,,2026-08-18,,full,"{""as_of"": ""2026-08-18"", ""listing_date"": null, ""reason_code"": ""valid_trading_sessions"", ""status"": ""full"", ""valid_trading_sessions"": 277}","[""l1.csv""]",[],65.3686,ranked,full,100.0,True,True,False
RXO,"RXO, Inc. Common Stock",nasdaqtrader:N:RXO,common_equity,eligible,N,,22.63,,53867246.99142857,-21.614132317284383,18.481675392670137,52.596089008766,51.16900467601868,22.764505119453926,65.02219450128001,,,False,,277.0,,2026-08-18,,full,"{""as_of"": ""2026-08-18"", ""listing_date"": null, ""reason_code"": ""valid_trading_sessions"", ""status"": ""full"", ""valid_trading_sessions"": 277}","[""l1.csv""]",[],65.3686,ranked,full,100.0,True,True,False
VSH,"Vishay Intertechnology, Inc. Common Stock",nasdaqtrader:N:VSH,common_equity,eligible,N,,33.52,,351316916.2306349,-10.30238158951029,-9.282814614343703,79.34724451578386,125.87601078167117,48.35130970724191,101.07818275430955,,,False,,277.0,,2026-08-18,,full,"{""as_of"": ""2026-08-18"", ""listing_date"": null, ""reason_code"": ""valid_trading_sessions"", ""status"": ""full"", ""valid_trading_sessions"": 277}","[""l1.csv""]",[],65.3599,ranked,full,100.0,True,True,False
WFC,Wells Fargo & Company Common Stock,nasdaqtrader:N:WFC,common_equity,eligible,N,,87.4,,1276117242.8428571,1.2394300938260328,17.52050558020708,0.0,13.359273670557737,9.326693640419126,22.93855074676505,,,False,,277.0,,2026-08-18,,full,"{""as_of"": ""2026-08-18"", ""listing_date"": null, ""reason_code"": ""valid_trading_sessions"", ""status"": ""full"", ""valid_trading_sessions"": 277}","[""l1.csv""]",[],65.3317,ranked,full,100.0,True,True,False
LDOS,"Leidos Holdings, Inc. Common Stock",nasdaqtrader:N:LDOS,common_equity,eligible,N,,143.48,,194139226.5363492,34.068398430199956,14.931111823133602,-11.17439484925401,-19.22535607723921,28.098220997243807,41.398395006250766,,,False,,277.0,,2026-08-18,,full,"{""as_of"": ""2026-08-18"", ""listing_date"": null, ""reason_code"": ""valid_trading_sessions"", ""status"": ""full"", ""valid_trading_sessions"": 277}","[""l1.csv""]",[],65.3298,ranked,full,100.0,True,True,False
KSS,Kohl's Corporation Common Stock,nasdaqtrader:N:KSS,common_equity,eligible,N,,18.7,,78459059.97031747,6.431417188389288,59.55631399317405,-4.396728016359919,35.802469135802475,24.322136786726023,50.175686709665946,,,False,,277.0,,2026-08-18,,full,"{""as_of"": ""2026-08-18"", ""listing_date"": null, ""reason_code"": ""valid_trading_sessions"", ""status"": ""full"", ""valid_trading_sessions"": 277}","[""l1.csv""]",[],65.3263,ranked,full,100.0,True,True,False
FORM,"FormFactor, Inc. - Common Stock",nasdaqtrader:Q:FORM,common_equity,eligible,Q,,124.34,,202963391.4261111,18.070458645902576,5.893374212229596,30.362759488362357,333.24041811846695,22.253485900081284,111.8436053654355,,,False,,277.0,,2026-08-18,,full,"{""as_of"": ""2026-08-18"", ""listing_date"": null, ""reason_code"": ""valid_trading_sessions"", ""status"": ""full"", ""valid_trading_sessions"": 277}","[""l1.csv""]",[],65.3005,ranked,full,100.0,True,True,False
NCNO,"nCino, Inc. - Common Stock",nasdaqtrader:Q:NCNO,common_equity,eligible,Q,,20.2,,54237727.804126985,12.660345789180138,33.68630046326935,24.84548825710753,-27.207207207207208,38.20740287549709,46.43119061738032,,,False,,277.0,,2026-08-18,,full,"{""as_of"": ""2026-08-18"", ""listing_date"": null, ""reason_code"": ""valid_trading_sessions"", ""status"": ""full"", ""valid_trading_sessions"": 277}","[""l1.csv""]",[],65.2862,ranked,full,100.0,True,True,False
VERA,"Vera Therapeutics, Inc. - Class A Common Stock",nasdaqtrader:Q:VERA,common_equity,eligible,Q,,32.28,,71363056.22611111,-12.73317112733171,-6.026200873362441,-24.667444574095686,49.86072423398329,42.01544817675589,56.83212134650968,,,False,,277.0,,2026-08-18,,full,"{""as_of"": ""2026-08-18"", ""listing_date"": null, ""reason_code"": ""valid_trading_sessions"", ""status"": ""full"", ""valid_trading_sessions"": 277}","[""l1.csv""]",[],65.2823,ranked,full,100.0,True,True,False
NOK,Nokia Corporation Sponsored American Depositary Shares,nasdaqtrader:N:NOK,adr,eligible,N,,10.39,,1298866836.6422224,3.0753968253968367,-24.38136826783115,42.32876712328768,147.38095238095238,38.33827893175075,71.95020877890016,,,False,,277.0,,2026-08-18,,full,"{""as_of"": ""2026-08-18"", ""listing_date"": null, ""reason_code"": ""valid_trading_sessions"", ""status"": ""full"", ""valid_trading_sessions"": 277}","[""l1.csv""]",[],65.2774,ranked,full,100.0,True,True,False
AI,"C3.ai, Inc. Class A Common Stock",nasdaqtrader:N:AI,common_equity,eligible,N,,9.87,,61022427.94904762,14.634146341463406,12.79999999999999,-5.096153846153861,-44.70588235294118,49.79654120040692,44.16634672655481,,,False,,277.0,,2026-08-18,,full,"{""as_of"": ""2026-08-18"", ""listing_date"": null, ""reason_code"": ""valid_trading_sessions"", ""status"": ""full"", ""valid_trading_sessions"": 277}","[""l1.csv""]",[],65.2636,ranked,full,100.0,True,True,False
LW,"Lamb Weston Holdings, Inc. Common Stock",nasdaqtrader:N:LW,common_equity,eligible,N,,51.98,,75922616.49968253,11.54506437768239,19.083619702176403,7.887090078870895,-4.007386888273324,21.916779330028536,31.02215671333773,,,False,,277.0,,2026-08-18,,full,"{""as_of"": ""2026-08-18"", ""listing_date"": null, ""reason_code"": ""valid_trading_sessions"", ""status"": ""full"", ""valid_trading_sessions"": 277}","[""l1.csv""]",[],65.2556,ranked,full,100.0,True,True,False
CF,"CF Industries Holdings, Inc. Common Stock",nasdaqtrader:N:CF,common_equity,eligible,N,,119.72,,298323295.0169841,-3.115642955409881,-4.3922696054943255,27.646870668514765,39.37136204889404,12.994186046511624,40.7363617183369,,,False,,277.0,,2026-08-18,,full,"{""as_of"": ""2026-08-18"", ""listing_date"": null, ""reason_code"": ""valid_trading_sessions"", ""status"": ""full"", ""valid_trading_sessions"": 277}","[""l1.csv""]",[],65.2485,ranked,full,100.0,True,True,False
SYK,Stryker Corporation Common Stock,nasdaqtrader:N:SYK,common_equity,eligible,N,,331.37,,836831561.0555556,3.8321739675377664,5.794649128408147,-10.241616555609735,-13.233484328768563,15.96845361870467,41.898455787959136,,,False,,277.0,,2026-08-18,,full,"{""as_of"": ""2026-08-18"", ""listing_date"": null, ""reason_code"": ""valid_trading_sessions"", ""status"": ""full"", ""valid_trading_sessions"": 277}","[""l1.csv""]",[],65.2421,ranked,full,100.0,True,True,False
NTES,"NetEase, Inc. - American Depositary Shares, each representing 5 ordinary shares",nasdaqtrader:Q:NTES,adr,eligible,Q,,124.75,,127115690.52785714,-7.041728763040234,9.805474870169872,4.3933054393305415,-3.4592168394985245,21.708296723986443,38.61545695059719,,,False,,277.0,,2026-08-18,,full,"{""as_of"": ""2026-08-18"", ""listing_date"": null, ""reason_code"": ""valid_trading_sessions"", ""status"": ""full"", ""valid_trading_sessions"": 277}","[""l1.csv""]",[],65.2278,ranked,full,100.0,True,True,False
THO,"Thor Industries, Inc. Common Stock",nasdaqtrader:N:THO,common_equity,eligible,N,,77.78,,56395665.42666667,2.625676210581873,5.378674976290476,-32.24148444986498,-27.612843182875757,35.36646169187303,35.7203946567502,,,False,,277.0,,2026-08-18,,full,"{""as_of"": ""2026-08-18"", ""listing_date"": null, ""reason_code"": ""valid_trading_sessions"", ""status"": ""full"", ""valid_trading_sessions"": 277}","[""l1.csv""]",[],65.2256,ranked,full,100.0,True,True,False
HLNE,Hamilton Lane Incorporated - Class A Common Stock,nasdaqtrader:Q:HLNE,common_equity,eligible,Q,,101.1,,78010662.45952381,19.50354609929079,16.54178674351585,-15.728932233058268,-34.96719413353918,35.502392344497615,44.0583399886885,,,False,,277.0,,2026-08-18,,full,"{""as_of"": ""2026-08-18"", ""listing_date"": null, ""reason_code"": ""valid_trading_sessions"", ""status"": ""full"", ""valid_trading_sessions"": 277}","[""l1.csv""]",[],65.2165,ranked,full,100.0,True,True,False
AAPL,Apple Inc. - Common Stock,nasdaqtrader:Q:AAPL,common_equity,eligible,Q,,310.03,,17316934860.52,-5.0705777886646874,4.092801504163313,17.489010156131556,33.87020164946672,8.836156198541524,32.06064886463216,,,False,,277.0,,2026-08-18,,full,"{""as_of"": ""2026-08-18"", ""listing_date"": null, ""reason_code"": ""valid_trading_sessions"", ""status"": ""full"", ""valid_trading_sessions"": 277}","[""l1.csv""]",[],65.209,ranked,full,100.0,True,True,False
ESLT,Elbit Systems Ltd. - Ordinary Shares,nasdaqtrader:Q:ESLT,common_equity,eligible,Q,,795.71,,79040158.13111112,5.412995959462141,4.611966396276768,14.639100994093068,71.48922413793105,21.553143454299885,39.990968996433736,,,False,,277.0,,2026-08-18,,full,"{""as_of"": ""2026-08-18"", ""listing_date"": null, ""reason_code"": ""valid_trading_sessions"", ""status"": ""full"", ""valid_trading_sessions"": 277}","[""l1.csv""]",[],65.2071,ranked,full,100.0,True,True,False
MIRM,"Mirum Pharmaceuticals, Inc. - common stock",nasdaqtrader:Q:MIRM,common_equity,eligible,Q,,100.87,,89760395.83103174,-13.505402160864344,5.6340978112891404,-1.9060585432266741,48.4910937730016,21.544683829820322,51.587576091074574,,,False,,277.0,,2026-08-18,,full,"{""as_of"": ""2026-08-18"", ""listing_date"": null, ""reason_code"": ""valid_trading_sessions"", ""status"": ""full"", ""valid_trading_sessions"": 277}","[""l1.csv""]",[],65.206,ranked,full,100.0,True,True,False
SEI,"Solaris Energy Infrastructure, Inc. Class A Common Stock",nasdaqtrader:N:SEI,common_equity,eligible,N,,61.94,,185885270.22746032,2.312520647505778,-14.127270206571463,17.8911305671869,123.61010830324908,25.265444015444018,97.03376230807295,,,False,,277.0,,2026-08-18,,full,"{""as_of"": ""2026-08-18"", ""listing_date"": null, ""reason_code"": ""valid_trading_sessions"", ""status"": ""full"", ""valid_trading_sessions"": 277}","[""l1.csv""]",[],65.2021,ranked,full,100.0,True,True,False
KBR,"KBR, Inc. Common Stock",nasdaqtrader:N:KBR,common_equity,eligible,N,,37.62,,62598076.15412699,8.82267862308359,16.687344913151357,-8.822103732428499,-24.153225806451616,27.107149777174968,37.49478617428631,,,False,,277.0,,2026-08-18,,full,"{""as_of"": ""2026-08-18"", ""listing_date"": null, ""reason_code"": ""valid_trading_sessions"", ""status"": ""full"", ""valid_trading_sessions"": 277}","[""l1.csv""]",[],65.1976,ranked,full,100.0,True,True,False
BE,Bloom Energy Corporation Class A Common Stock,nasdaqtrader:N:BE,common_equity,eligible,N,,209.01,,3547448399.698889,6.064142900639391,-19.210699238529628,43.827415359207265,361.59452296819785,39.566285962122315,128.80448615342286,,,False,,277.0,,2026-08-18,,full,"{""as_of"": ""2026-08-18"", ""listing_date"": null, ""reason_code"": ""valid_trading_sessions"", ""status"": ""full"", ""valid_trading_sessions"": 277}","[""l1.csv""]",[],65.1956,ranked,full,100.0,True,True,False
VRSK,"Verisk Analytics, Inc. - Common Stock",nasdaqtrader:Q:VRSK,common_equity,eligible,Q,,178.86,,413179599.8476984,-11.363298478616368,4.279384328358216,0.879864636209815,-33.2263122526693,34.49071530601032,42.63861282234493,,,False,,277.0,,2026-08-18,,full,"{""as_of"": ""2026-08-18"", ""listing_date"": null, ""reason_code"": ""valid_trading_sessions"", ""status"": ""full"", ""valid_trading_sessions"": 277}","[""l1.csv""]",[],65.1821,ranked,full,100.0,True,True,False
OPCH,"Option Care Health, Inc. - Common Stock",nasdaqtrader:Q:OPCH,common_equity,eligible,Q,,23.41,,59591646.82904762,7.632183908045986,18.89283900457084,-33.56980703745743,-17.337570621468924,36.0207707023777,36.534215947694314,,,False,,277.0,,2026-08-18,,full,"{""as_of"": ""2026-08-18"", ""listing_date"": null, ""reason_code"": ""valid_trading_sessions"", ""status"": ""full"", ""valid_trading_sessions"": 277}","[""l1.csv""]",[],65.1819,ranked,full,100.0,True,True,False
ESTA,Establishment Labs Holdings Inc. - Common Shares,nasdaqtrader:Q:ESTA,common_equity,eligible,Q,,75.215,,51526126.779841274,-19.487261828302294,14.604601554167317,1.1770244821092346,96.28131524008352,21.364349189754318,53.927032044010815,,,False,,277.0,,2026-08-18,,full,"{""as_of"": ""2026-08-18"", ""listing_date"": null, ""reason_code"": ""valid_trading_sessions"", ""status"": ""full"", ""valid_trading_sessions"": 277}","[""l1.csv""]",[],65.1819,ranked,full,100.0,True,True,False
UNH,UnitedHealth Group Incorporated Common Stock (DE),nasdaqtrader:N:UNH,common_equity,eligible,N,,393.93,,2410303567.931587,-6.552010437670508,0.7158745174238756,36.26552284755613,29.57797440873655,9.721553798556204,22.98604798883536,,,False,,277.0,,2026-08-18,,full,"{""as_of"": ""2026-08-18"", ""listing_date"": null, ""reason_code"": ""valid_trading_sessions"", ""status"": ""full"", ""valid_trading_sessions"": 277}","[""l1.csv""]",[],65.1804,ranked,full,100.0,True,True,False
CECO,CECO Environmental Corp. - Common Stock,nasdaqtrader:Q:CECO,common_equity,eligible,Q,,76.55,,78604897.98777777,-2.953853955375252,-3.6379657603222593,-3.0153300392753213,71.59829634611073,23.196548610414368,73.2327600950895,,,False,,277.0,,2026-08-18,,full,"{""as_of"": ""2026-08-18"", ""listing_date"": null, ""reason_code"": ""valid_trading_sessions"", ""status"": ""full"", ""valid_trading_sessions"": 277}","[""l1.csv""]",[],65.1762,ranked,full,100.0,True,True,False
RIO,Rio Tinto Plc Common Stock,nasdaqtrader:N:RIO,common_equity,eligible,N,,96.69,,261639139.46555555,8.55506904681711,-6.426013742378789,-0.1961189099917382,57.88700195950358,13.700464119957168,30.144529511351752,,,False,,277.0,,2026-08-18,,full,"{""as_of"": ""2026-08-18"", ""listing_date"": null, ""reason_code"": ""valid_trading_sessions"", ""status"": ""full"", ""valid_trading_sessions"": 277}","[""l1.csv""]",[],65.1751,ranked,full,100.0,True,True,False
MCK,McKesson Corporation Common Stock,nasdaqtrader:N:MCK,common_equity,eligible,N,,869.26,,890795581.4492064,4.546219902340454,12.02237199891747,-8.157680644922715,29.1523660946438,12.69772720425032,36.52086072317478,,,False,,277.0,,2026-08-18,,full,"{""as_of"": ""2026-08-18"", ""listing_date"": null, ""reason_code"": ""valid_trading_sessions"", ""status"": ""full"", ""valid_trading_sessions"": 277}","[""l1.csv""]",[],65.1744,ranked,full,100.0,True,True,False
MORN,"Morningstar, Inc. - Common Stock",nasdaqtrader:Q:MORN,common_equity,eligible,Q,,208.73,,78590729.87746032,21.524219841639503,17.879934489185057,31.848904049017747,-19.29397208367166,21.28445902628503,40.62893587813702,,,False,,277.0,,2026-08-18,,full,"{""as_of"": ""2026-08-18"", ""listing_date"": null, ""reason_code"": ""valid_trading_sessions"", ""status"": ""full"", ""valid_trading_sessions"": 277}","[""l1.csv""]",[],65.1713,ranked,full,100.0,True,True,False
BKSY,BlackSky Technology Inc. Class A Common Stock,nasdaqtrader:N:BKSY,common_equity,eligible,N,,28.94,,54774183.88698413,32.38792314730101,-32.69767441860465,35.868544600938975,59.2735277930655,43.94731745109433,80.31235847335232,,,False,,277.0,,2026-08-18,,full,"{""as_of"": ""2026-08-18"", ""listing_date"": null, ""reason_code"": ""valid_trading_sessions"", ""status"": ""full"", ""valid_trading_sessions"": 277}","[""l1.csv""]",[],65.1535,ranked,full,100.0,True,True,False
MDT,Medtronic plc. Ordinary Shares,nasdaqtrader:N:MDT,common_equity,eligible,N,,92.09,,753012234.4998412,10.565494056909586,19.10243145369892,-4.4808629810185625,-0.9997849924747282,12.58661604176553,27.40936422833398,,,False,,277.0,,2026-08-18,,full,"{""as_of"": ""2026-08-18"", ""listing_date"": null, ""reason_code"": ""valid_trading_sessions"", ""status"": ""full"", ""valid_trading_sessions"": 277}","[""l1.csv""]",[],65.1467,ranked,full,100.0,True,True,False
PCOR,"Procore Technologies, Inc. Common Stock",nasdaqtrader:N:PCOR,common_equity,eligible,N,,59.89,,152947496.2342857,29.435919602334117,25.031315240083508,14.709825703888146,-8.228623965675762,24.76130653266331,52.917915090549464,,,False,,277.0,,2026-08-18,,full,"{""as_of"": ""2026-08-18"", ""listing_date"": null, ""reason_code"": ""valid_trading_sessions"", ""status"": ""full"", ""valid_trading_sessions"": 277}","[""l1.csv""]",[],65.1348,ranked,full,100.0,True,True,False
WEN,Wendy's Company (The) - Common Stock,nasdaqtrader:Q:WEN,common_equity,eligible,Q,,8.44,,130748244.93626983,7.515923566878979,7.653061224489788,20.571428571428573,-20.15137180700095,20.97378277153559,64.12152518808922,,,False,,277.0,,2026-08-18,,full,"{""as_of"": ""2026-08-18"", ""listing_date"": null, ""reason_code"": ""valid_trading_sessions"", ""status"": ""full"", ""valid_trading_sessions"": 277}","[""l1.csv""]",[],65.1298,ranked,full,100.0,True,True,False
PDD,PDD Holdings Inc. - American Depositary Shares,nasdaqtrader:Q:PDD,adr,eligible,Q,,87.27,,732200057.8568255,1.4177803602556605,-8.10782352321786,-14.298340371206919,-26.633039092055487,36.82038659234055,30.806104311349664,,,False,,277.0,,2026-08-18,,full,"{""as_of"": ""2026-08-18"", ""listing_date"": null, ""reason_code"": ""valid_trading_sessions"", ""status"": ""full"", ""valid_trading_sessions"": 277}","[""l1.csv""]",[],65.1286,ranked,full,100.0,True,True,False
APH,Amphenol Corporation Common Stock,nasdaqtrader:N:APH,common_equity,eligible,N,,159.57,,1301915704.464762,6.0195335858082455,31.09595793624711,7.403917345359101,46.11299331563043,9.499773139745916,43.988714196477964,,,False,,277.0,,2026-08-18,,full,"{""as_of"": ""2026-08-18"", ""listing_date"": null, ""reason_code"": ""valid_trading_sessions"", ""status"": ""full"", ""valid_trading_sessions"": 277}","[""l1.csv""]",[],65.1249,ranked,full,100.0,True,True,False
ISRG,"Intuitive Surgical, Inc. - Common Stock",nasdaqtrader:Q:ISRG,common_equity,eligible,Q,,391.18,,1213440040.656984,10.762522298043443,-11.079287143116934,-20.709435492044193,-18.548286344896514,34.017036349835536,61.60281604779087,,,False,,277.0,,2026-08-18,,full,"{""as_of"": ""2026-08-18"", ""listing_date"": null, ""reason_code"": ""valid_trading_sessions"", ""status"": ""full"", ""valid_trading_sessions"": 277}","[""l1.csv""]",[],65.1189,ranked,full,100.0,True,True,False
CEG,Constellation Energy Corporation - Common Stock When-Issued,nasdaqtrader:Q:CEG,common_equity,eligible,Q,,266.83,,927088535.0033333,5.258382642998027,1.843511450381663,-11.940199993399558,-17.192688452347717,33.944795147914355,35.185744008416144,,,False,,277.0,,2026-08-18,,full,"{""as_of"": ""2026-08-18"", ""listing_date"": null, ""reason_code"": ""valid_trading_sessions"", ""status"": ""full"", ""valid_trading_sessions"": 277}","[""l1.csv""]",[],65.1093,ranked,full,100.0,True,True,False
ROK,"Rockwell Automation, Inc. Common Stock",nasdaqtrader:N:ROK,common_equity,eligible,N,,433.67,,378281391.1452381,-5.458786597196474,-0.6164634705289163,11.635390120215195,26.70036227649879,12.40405591015593,32.970696764777315,,,False,,277.0,,2026-08-18,,full,"{""as_of"": ""2026-08-18"", ""listing_date"": null, ""reason_code"": ""valid_trading_sessions"", ""status"": ""full"", ""valid_trading_sessions"": 277}","[""l1.csv""]",[],65.101,ranked,full,100.0,True,True,False
PTON,"Peloton Interactive, Inc. - Common Stock",nasdaqtrader:Q:PTON,common_equity,eligible,Q,,5.31,,65736348.8465873,-18.55828220858896,0.18867924528300772,26.730310262529812,-37.676056338028175,41.0,66.92184778677178,,,False,,277.0,,2026-08-18,,full,"{""as_of"": ""2026-08-18"", ""listing_date"": null, ""reason_code"": ""valid_trading_sessions"", ""status"": ""full"", ""valid_trading_sessions"": 277}","[""l1.csv""]",[],65.1,ranked,full,100.0,True,True,False
AAOI,"Applied Optoelectronics, Inc. - Common Stock",nasdaqtrader:Q:AAOI,common_equity,eligible,Q,,131.41,,1768960198.9026983,27.557755775577554,-24.15444995959829,199.27123662035987,487.5698636262017,41.098162259076645,152.6620329345294,,,False,,277.0,,2026-08-18,,full,"{""as_of"": ""2026-08-18"", ""listing_date"": null, ""reason_code"": ""valid_trading_sessions"", ""status"": ""full"", ""valid_trading_sessions"": 277}","[""l1.csv""]",[],65.0935,ranked,full,100.0,True,True,False
SRPT,"Sarepta Therapeutics, Inc. - Common Stock",nasdaqtrader:Q:SRPT,common_equity,eligible,Q,,18.02,,55322468.07531746,7.070707070707072,5.937683715461484,0.7829977628635465,-17.37734983952315,26.298568507157462,50.31876872452361,,,False,,277.0,,2026-08-18,,full,"{""as_of"": ""2026-08-18"", ""listing_date"": null, ""reason_code"": ""valid_trading_sessions"", ""status"": ""full"", ""valid_trading_sessions"": 277}","[""l1.csv""]",[],65.0898,ranked,full,100.0,True,True,False
JKHY,"Jack Henry & Associates, Inc. - Common Stock",nasdaqtrader:Q:JKHY,common_equity,eligible,Q,,153.12,,201201671.28214285,-0.02611647949856133,10.071166702609435,-3.4491455955608763,-4.532701539996253,20.498442367601243,31.66662964364541,,,False,,277.0,,2026-08-18,,full,"{""as_of"": ""2026-08-18"", ""listing_date"": null, ""reason_code"": ""valid_trading_sessions"", ""status"": ""full"", ""valid_trading_sessions"": 277}","[""l1.csv""]",[],65.0665,ranked,full,100.0,True,True,False
ALK,"Alaska Air Group, Inc. Common Stock",nasdaqtrader:N:ALK,common_equity,eligible,N,,42.41,,147443305.9879365,-7.884448305821035,13.517130620985007,-25.70077084793273,-26.06345885634589,33.58910115878485,52.13921289005451,,,False,,277.0,,2026-08-18,,full,"{""as_of"": ""2026-08-18"", ""listing_date"": null, ""reason_code"": ""valid_trading_sessions"", ""status"": ""full"", ""valid_trading_sessions"": 277}","[""l1.csv""]",[],65.0619,ranked,full,100.0,True,True,False
SHAK,"Shake Shack, Inc. Class A Common Stock",nasdaqtrader:N:SHAK,common_equity,eligible,N,,70.99,,131289664.18412699,24.609443566789537,18.931144245267205,-22.372881355932208,-33.62318840579711,33.5050580741851,54.63089669863368,,,False,,277.0,,2026-08-18,,full,"{""as_of"": ""2026-08-18"", ""listing_date"": null, ""reason_code"": ""valid_trading_sessions"", ""status"": ""full"", ""valid_trading_sessions"": 277}","[""l1.csv""]",[],65.0507,ranked,full,100.0,True,True,False
BMI,"Badger Meter, Inc. Common Stock",nasdaqtrader:N:BMI,common_equity,eligible,N,,125.89,,64509431.32746032,-15.111260957518546,5.825487558843312,-20.91839939694704,-32.61428112621775,33.493581277405035,53.28253128794256,,,False,,277.0,,2026-08-18,,full,"{""as_of"": ""2026-08-18"", ""listing_date"": null, ""reason_code"": ""valid_trading_sessions"", ""status"": ""full"", ""valid_trading_sessions"": 277}","[""l1.csv""]",[],65.0491,ranked,full,100.0,True,True,False
JBL,Jabil Inc. Common Stock,nasdaqtrader:N:JBL,common_equity,eligible,N,,338.62,,449528889.7203175,10.692687391716515,-0.03247424202167393,31.554001554001566,57.25630427715598,12.190441615019576,54.31244849477489,,,False,,277.0,,2026-08-18,,full,"{""as_of"": ""2026-08-18"", ""listing_date"": null, ""reason_code"": ""valid_trading_sessions"", ""status"": ""full"", ""valid_trading_sessions"": 277}","[""l1.csv""]",[],65.0476,ranked,full,100.0,True,True,False
UTHR,United Therapeutics Corporation - Common Stock,nasdaqtrader:Q:UTHR,common_equity,eligible,Q,,518.27,,276233565.2057143,-2.0912834850946527,-8.5927441401083,7.431283943451761,65.51272634369111,13.15269119914203,21.05552325951198,,,False,,277.0,,2026-08-18,,full,"{""as_of"": ""2026-08-18"", ""listing_date"": null, ""reason_code"": ""valid_trading_sessions"", ""status"": ""full"", ""valid_trading_sessions"": 277}","[""l1.csv""]",[],65.0382,ranked,full,100.0,True,True,False
EGO,Eldorado Gold Corporation Ordinary Shares,nasdaqtrader:N:EGO,common_equity,eligible,N,,38.71,,84437766.18238094,39.59610530111792,22.229239027470783,-14.604015001103022,69.5575996495839,22.12834439750553,69.64428698421227,,,False,,277.0,,2026-08-18,,full,"{""as_of"": ""2026-08-18"", ""listing_date"": null, ""reason_code"": ""valid_trading_sessions"", ""status"": ""full"", ""valid_trading_sessions"": 277}","[""l1.csv""]",[],65.0338,ranked,full,100.0,True,True,False
JBS,JBS N.V. Class A Common Shares,nasdaqtrader:N:JBS,common_equity,eligible,N,,13.66,,90201133.38968255,13.549459684123022,6.220839813374801,-15.313081215127088,-4.475524475524484,25.841476655808915,43.3572863126346,,,False,,277.0,,2026-08-18,,full,"{""as_of"": ""2026-08-18"", ""listing_date"": null, ""reason_code"": ""valid_trading_sessions"", ""status"": ""full"", ""valid_trading_sessions"": 277}","[""l1.csv""]",[],65.0289,ranked,full,100.0,True,True,False
NEM,Newmont Corporation,qrgf-resolution-required:N:NEM,common_equity,eligible,N,,115.98,,815971810.6369841,30.022421524663677,5.5803368229403905,-5.1753740495462335,67.28688879273044,12.103069344448647,45.5924662249451,,,False,,277.0,,2026-08-18,,full,"{""as_of"": ""2026-08-18"", ""listing_date"": null, ""reason_code"": ""valid_trading_sessions"", ""status"": ""full"", ""valid_trading_sessions"": 277}","[""l1.csv""]",[],65.0258,ranked,full,100.0,True,True,False
FLEX,Flex Ltd. - Ordinary Shares,nasdaqtrader:Q:FLEX,common_equity,eligible,Q,,120.24,,886809025.826984,0.27520640480360736,-7.315193093347716,86.65010866190623,145.38775510204084,25.809835256370704,68.45543039133094,,,False,,277.0,,2026-08-18,,full,"{""as_of"": ""2026-08-18"", ""listing_date"": null, ""reason_code"": ""valid_trading_sessions"", ""status"": ""full"", ""valid_trading_sessions"": 277}","[""l1.csv""]",[],65.0246,ranked,full,100.0,True,True,False
EBAY,eBay Inc. - Common Stock,nasdaqtrader:Q:EBAY,common_equity,eligible,Q,,102.27,,454174133.7921428,-10.438742446799198,-10.626583937778566,27.917448405253275,1.5590863952333667,14.029926025554806,35.56405795708498,,,False,,277.0,,2026-08-18,,full,"{""as_of"": ""2026-08-18"", ""listing_date"": null, ""reason_code"": ""valid_trading_sessions"", ""status"": ""full"", ""valid_trading_sessions"": 277}","[""l1.csv""]",[],65.0075,ranked,full,100.0,True,True,False
NXPI,NXP Semiconductors N.V. - Common Stock,nasdaqtrader:Q:NXPI,common_equity,eligible,Q,,228.56,,1183642353.2019048,-14.454674751104124,-21.640153592978606,-6.744461218327958,-0.09616225194509775,31.29527760242884,47.14894653316294,,,False,,277.0,,2026-08-18,,full,"{""as_of"": ""2026-08-18"", ""listing_date"": null, ""reason_code"": ""valid_trading_sessions"", ""status"": ""full"", ""valid_trading_sessions"": 277}","[""l1.csv""]",[],65.006,ranked,full,100.0,True,True,False
SIG,Signet Jewelers Limited Common Shares,nasdaqtrader:N:SIG,common_equity,eligible,N,,84.76,,71768520.6436508,-6.280406899601942,14.63348661076549,-11.348185336261896,3.391070992925105,20.037735849056602,37.527064361974695,,,False,,277.0,,2026-08-18,,full,"{""as_of"": ""2026-08-18"", ""listing_date"": null, ""reason_code"": ""valid_trading_sessions"", ""status"": ""full"", ""valid_trading_sessions"": 277}","[""l1.csv""]",[],65.005,ranked,full,100.0,True,True,False
UI,Ubiquiti Inc. Common Stock,nasdaqtrader:N:UI,common_equity,eligible,N,,583.13,,63165638.99047619,9.526492740557103,-3.455298013245034,-16.16274890374523,44.76911618669315,46.23052097740894,26.059778497226294,,,False,,277.0,,2026-08-18,,full,"{""as_of"": ""2026-08-18"", ""listing_date"": null, ""reason_code"": ""valid_trading_sessions"", ""status"": ""full"", ""valid_trading_sessions"": 277}","[""l1.csv""]",[],65.0013,ranked,full,100.0,True,True,False
DDS,"Dillard's, Inc. Common Stock",nasdaqtrader:N:DDS,common_equity,eligible,N,,584.6,,76035677.82238095,5.145776003165525,10.287320542569844,-11.515408367136882,13.364877443375756,19.99781040876931,43.351872902940116,,,False,,277.0,,2026-08-18,,full,"{""as_of"": ""2026-08-18"", ""listing_date"": null, ""reason_code"": ""valid_trading_sessions"", ""status"": ""full"", ""valid_trading_sessions"": 277}","[""l1.csv""]",[],64.9995,ranked,full,100.0,True,True,False
SQM,Sociedad Quimica y Minera S.A. Common Stock,nasdaqtrader:N:SQM,common_equity,eligible,N,,74.47,,79212049.02190477,10.016250553996153,-9.908057101379143,2.8591160220994283,65.1952085181899,21.865491553876826,37.43184678630057,,,False,,277.0,,2026-08-18,,full,"{""as_of"": ""2026-08-18"", ""listing_date"": null, ""reason_code"": ""valid_trading_sessions"", ""status"": ""full"", ""valid_trading_sessions"": 277}","[""l1.csv""]",[],64.9987,ranked,full,100.0,True,True,False
XYL,Xylem Inc. Common Stock New,nasdaqtrader:N:XYL,common_equity,eligible,N,,113.94,,220711237.26666665,-5.5380533908141345,5.207756232686989,-11.109377437977852,-19.082451530431076,25.505067015364492,30.916012934143517,,,False,,277.0,,2026-08-18,,full,"{""as_of"": ""2026-08-18"", ""listing_date"": null, ""reason_code"": ""valid_trading_sessions"", ""status"": ""full"", ""valid_trading_sessions"": 277}","[""l1.csv""]",[],64.984,ranked,full,100.0,True,True,False
UBER,"Uber Technologies, Inc. Common Stock",nasdaqtrader:N:UBER,common_equity,eligible,N,,74.66,,1483922376.9655557,3.4501870583344862,-0.5594033031433132,5.855664256344806,-19.37365010799136,25.41458541458541,40.86175330970887,,,False,,277.0,,2026-08-18,,full,"{""as_of"": ""2026-08-18"", ""listing_date"": null, ""reason_code"": ""valid_trading_sessions"", ""status"": ""full"", ""valid_trading_sessions"": 277}","[""l1.csv""]",[],64.9719,ranked,full,100.0,True,True,False
ARCB,ArcBest Corporation - Common Stock,nasdaqtrader:Q:ARCB,common_equity,eligible,Q,,138.81,,58929452.38634921,-12.256637168141582,13.000651253663298,32.22518574966659,94.24853064651555,19.864911673016973,48.75498361171082,,,False,,277.0,,2026-08-18,,full,"{""as_of"": ""2026-08-18"", ""listing_date"": null, ""reason_code"": ""valid_trading_sessions"", ""status"": ""full"", ""valid_trading_sessions"": 277}","[""l1.csv""]",[],64.9662,ranked,full,100.0,True,True,False
CPB,The Campbell's Company - Common Stock,nasdaqtrader:Q:CPB,common_equity,eligible,Q,,22.86,,180078626.36079365,3.485740153915806,12.389380530973447,-17.680950666186533,-29.683174407874503,32.823978842198066,33.555214133683556,,,False,,277.0,,2026-08-18,,full,"{""as_of"": ""2026-08-18"", ""listing_date"": null, ""reason_code"": ""valid_trading_sessions"", ""status"": ""full"", ""valid_trading_sessions"": 277}","[""l1.csv""]",[],64.9599,ranked,full,100.0,True,True,False
SIMO,"Silicon Motion Technology Corporation - American Depositary Shares, each representing four ordinary shares",nasdaqtrader:Q:SIMO,adr,eligible,Q,,251.72,,296483468.25738096,-0.3523217608170759,4.988321654988326,91.62606577344698,241.68589656576626,25.283466904125852,114.22475927667932,,,False,,277.0,,2026-08-18,,full,"{""as_of"": ""2026-08-18"", ""listing_date"": null, ""reason_code"": ""valid_trading_sessions"", ""status"": ""full"", ""valid_trading_sessions"": 277}","[""l1.csv""]",[],64.9545,ranked,full,100.0,True,True,False
BTG,B2Gold Corp Common shares (Canada),nasdaqtrader:A:BTG,common_equity,eligible,A,,4.98,,97426749.31888889,36.43835616438358,5.957446808510647,-5.142857142857138,27.692307692307704,19.806763285024143,71.33113030925104,,,False,,277.0,,2026-08-18,,full,"{""as_of"": ""2026-08-18"", ""listing_date"": null, ""reason_code"": ""valid_trading_sessions"", ""status"": ""full"", ""valid_trading_sessions"": 277}","[""l1.csv""]",[],64.9517,ranked,full,100.0,True,True,False
CRDO,Credo Technology Group Holding Ltd - Ordinary Shares,nasdaqtrader:Q:CRDO,common_equity,eligible,Q,,245.97,,1868810947.4951587,15.985287876644506,57.40065271645229,97.09134615384616,110.69898920678432,18.692978976596585,104.2493062840282,,,False,,277.0,,2026-08-18,,full,"{""as_of"": ""2026-08-18"", ""listing_date"": null, ""reason_code"": ""valid_trading_sessions"", ""status"": ""full"", ""valid_trading_sessions"": 277}","[""l1.csv""]",[],64.9232,ranked,full,100.0,True,True,False
KGC,Kinross Gold Corporation Common Stock,nasdaqtrader:N:KGC,common_equity,eligible,N,,27.12,,210333444.22603175,20.37283621837549,-4.875482286916877,-19.189511323003583,40.300051733057444,28.762805358550036,46.66307034726728,,,False,,277.0,,2026-08-18,,full,"{""as_of"": ""2026-08-18"", ""listing_date"": null, ""reason_code"": ""valid_trading_sessions"", ""status"": ""full"", ""valid_trading_sessions"": 277}","[""l1.csv""]",[],64.9184,ranked,full,100.0,True,True,False
STLD,"Steel Dynamics, Inc. - Common Stock",nasdaqtrader:Q:STLD,common_equity,eligible,Q,,249.81,,301266237.1993651,8.382142392294668,9.28777670837344,30.16360983743227,97.6032273374466,11.65299193662469,30.514519179389733,,,False,,277.0,,2026-08-18,,full,"{""as_of"": ""2026-08-18"", ""listing_date"": null, ""reason_code"": ""valid_trading_sessions"", ""status"": ""full"", ""valid_trading_sessions"": 277}","[""l1.csv""]",[],64.9132,ranked,full,100.0,True,True,False
ACN,Accenture plc Class A Ordinary Shares (Ireland),nasdaqtrader:N:ACN,common_equity,eligible,N,,172.93,,1265305923.7525396,19.484557451806815,-2.6020839200225354,-21.356132611760415,-29.990688636087604,40.067235045400984,48.08280765231481,,,False,,277.0,,2026-08-18,,full,"{""as_of"": ""2026-08-18"", ""listing_date"": null, ""reason_code"": ""valid_trading_sessions"", ""status"": ""full"", ""valid_trading_sessions"": 277}","[""l1.csv""]",[],64.9122,ranked,full,100.0,True,True,False
EME,"EMCOR Group, Inc. Common Stock",nasdaqtrader:N:EME,common_equity,eligible,N,,824.53,,347648946.7968254,10.819456204722933,-6.003260411085409,3.389341692789971,36.14642845348568,12.632582781456957,62.023790424333804,,,False,,277.0,,2026-08-18,,full,"{""as_of"": ""2026-08-18"", ""listing_date"": null, ""reason_code"": ""valid_trading_sessions"", ""status"": ""full"", ""valid_trading_sessions"": 277}","[""l1.csv""]",[],64.9081,ranked,full,100.0,True,True,False
YOU,"Clear Secure, Inc. Class A Common Stock",nasdaqtrader:N:YOU,common_equity,eligible,N,,44.61,,80523181.24126984,-21.983210912906614,-24.619803987833734,37.26153846153846,33.045034297643895,28.463758819756258,51.741588730891905,,,False,,277.0,,2026-08-18,,full,"{""as_of"": ""2026-08-18"", ""listing_date"": null, ""reason_code"": ""valid_trading_sessions"", ""status"": ""full"", ""valid_trading_sessions"": 277}","[""l1.csv""]",[],64.8785,ranked,full,100.0,True,True,False
ST,Sensata Technologies Holding plc Ordinary Shares,nasdaqtrader:N:ST,common_equity,eligible,N,,43.11,,91441728.83714285,-3.275746017500558,-9.849435382685067,16.92432872253866,35.438265786993405,19.49579831932773,36.00140966525745,,,False,,277.0,,2026-08-18,,full,"{""as_of"": ""2026-08-18"", ""listing_date"": null, ""reason_code"": ""valid_trading_sessions"", ""status"": ""full"", ""valid_trading_sessions"": 277}","[""l1.csv""]",[],64.8739,ranked,full,100.0,True,True,False
SE,"Sea Limited American Depositary Shares, each representing one Class A Ordinary Share",nasdaqtrader:N:SE,adr,eligible,N,,116.26,,455656404.2380952,10.0009461633078,31.679691924340236,7.142198875679662,-34.420126353790614,40.83460559796437,56.83595888873813,,,False,,277.0,,2026-08-18,,full,"{""as_of"": ""2026-08-18"", ""listing_date"": null, ""reason_code"": ""valid_trading_sessions"", ""status"": ""full"", ""valid_trading_sessions"": 277}","[""l1.csv""]",[],64.861,ranked,full,100.0,True,True,False
SITM,SiTime Corporation - Common Stock,nasdaqtrader:Q:SITM,common_equity,eligible,Q,,680.06,,383755195.2171429,22.50022516436998,-6.274893534916426,64.2458640260838,207.10802023121383,24.56183165461242,108.17324608560945,,,False,,277.0,,2026-08-18,,full,"{""as_of"": ""2026-08-18"", ""listing_date"": null, ""reason_code"": ""valid_trading_sessions"", ""status"": ""full"", ""valid_trading_sessions"": 277}","[""l1.csv""]",[],64.8582,ranked,full,100.0,True,True,False
ASML,ASML Holding N.V. - New York Registry Shares,qrgf-resolution-required:Q:ASML,common_equity,eligible,Q,,1802.98,,3371605574.964603,3.6779335487803433,22.452611060928152,26.990097057290562,142.9368330279185,9.37248672993405,45.02335555240668,,,False,,277.0,,2026-08-18,,full,"{""as_of"": ""2026-08-18"", ""listing_date"": null, ""reason_code"": ""valid_trading_sessions"", ""status"": ""full"", ""valid_trading_sessions"": 277}","[""l1.csv""]",[],64.8431,ranked,full,100.0,True,True,False
CSTM,Constellium SE Ordinary Shares (France),nasdaqtrader:N:CSTM,common_equity,eligible,N,,27.99,,59600313.80396826,0.7559395248380119,-13.209302325581396,19.56428876548484,93.83656509695291,22.572614107883815,41.047613344812675,,,False,,277.0,,2026-08-18,,full,"{""as_of"": ""2026-08-18"", ""listing_date"": null, ""reason_code"": ""valid_trading_sessions"", ""status"": ""full"", ""valid_trading_sessions"": 277}","[""l1.csv""]",[],64.843,ranked,full,100.0,True,True,False
IREN,IREN Limited - Ordinary Shares,nasdaqtrader:Q:IREN,common_equity,eligible,Q,,42.0,,2183470013.4126983,4.477611940298498,-16.765755053507725,2.5140346595069696,113.30624682579989,45.033372595210054,130.51361171145618,,,False,,277.0,,2026-08-18,,full,"{""as_of"": ""2026-08-18"", ""listing_date"": null, ""reason_code"": ""valid_trading_sessions"", ""status"": ""full"", ""valid_trading_sessions"": 277}","[""l1.csv""]",[],64.8311,ranked,full,100.0,True,True,False
XRAY,DENTSPLY SIRONA Inc. - Common Stock,nasdaqtrader:Q:XRAY,common_equity,eligible,Q,,11.11,,64804840.52063493,-17.459138187221402,13.136456211812607,-10.691318327974276,-19.783393501805058,24.318801089918264,55.27409387403488,,,False,,277.0,,2026-08-18,,full,"{""as_of"": ""2026-08-18"", ""listing_date"": null, ""reason_code"": ""valid_trading_sessions"", ""status"": ""full"", ""valid_trading_sessions"": 277}","[""l1.csv""]",[],64.8258,ranked,full,100.0,True,True,False
ANET,"Arista Networks, Inc. Common Stock",nasdaqtrader:N:ANET,common_equity,eligible,N,,193.18,,1444471296.0073018,14.071449660466495,36.320654858513855,35.4888483658297,40.69919883466859,8.228028503562946,59.349996017791476,,,False,,277.0,,2026-08-18,,full,"{""as_of"": ""2026-08-18"", ""listing_date"": null, ""reason_code"": ""valid_trading_sessions"", ""status"": ""full"", ""valid_trading_sessions"": 277}","[""l1.csv""]",[],64.807,ranked,full,100.0,True,True,False
DNN,Denison Mines Corp Ordinary Shares (Canada),nasdaqtrader:A:DNN,common_equity,eligible,A,,3.15,,76033564.0515873,11.307420494699638,-3.076923076923077,-17.322834645669293,55.17241379310347,27.91762013729977,58.04454167403122,,,False,,277.0,,2026-08-18,,full,"{""as_of"": ""2026-08-18"", ""listing_date"": null, ""reason_code"": ""valid_trading_sessions"", ""status"": ""full"", ""valid_trading_sessions"": 277}","[""l1.csv""]",[],64.8057,ranked,full,100.0,True,True,False
TYL,"Tyler Technologies, Inc. Common Stock",nasdaqtrader:N:TYL,common_equity,eligible,N,,332.21,,256277462.87285715,4.4816958107938065,3.559961345428464,6.314004096262149,-41.92437459573799,41.744116718689725,48.437377519959945,,,False,,277.0,,2026-08-18,,full,"{""as_of"": ""2026-08-18"", ""listing_date"": null, ""reason_code"": ""valid_trading_sessions"", ""status"": ""full"", ""valid_trading_sessions"": 277}","[""l1.csv""]",[],64.8004,ranked,full,100.0,True,True,False
INOD,Innodata Inc. - Common Stock,nasdaqtrader:Q:INOD,common_equity,eligible,Q,,61.62,,121225688.46079364,-0.7409793814432963,-34.94510135135135,43.235704323570424,53.3217218213486,49.283950617283956,64.83666287993056,,,False,,277.0,,2026-08-18,,full,"{""as_of"": ""2026-08-18"", ""listing_date"": null, ""reason_code"": ""valid_trading_sessions"", ""status"": ""full"", ""valid_trading_sessions"": 277}","[""l1.csv""]",[],64.7977,ranked,full,100.0,True,True,False
TSEM,Tower Semiconductor Ltd. - Ordinary Shares,nasdaqtrader:Q:TSEM,common_equity,eligible,Q,,240.55,,489067418.25714284,5.8712204568460935,-3.0314024267343864,88.25324776960402,413.2280776616173,24.080795329020045,105.03469275934565,,,False,,277.0,,2026-08-18,,full,"{""as_of"": ""2026-08-18"", ""listing_date"": null, ""reason_code"": ""valid_trading_sessions"", ""status"": ""full"", ""valid_trading_sessions"": 277}","[""l1.csv""]",[],64.7941,ranked,full,100.0,True,True,False
BOOT,"Boot Barn Holdings, Inc. Common Stock",nasdaqtrader:N:BOOT,common_equity,eligible,N,,158.09,,115883463.43904762,5.449573105656369,12.04904670777518,-19.966587353819676,-2.4135802469135825,23.987883450331758,41.39132623840935,,,False,,277.0,,2026-08-18,,full,"{""as_of"": ""2026-08-18"", ""listing_date"": null, ""reason_code"": ""valid_trading_sessions"", ""status"": ""full"", ""valid_trading_sessions"": 277}","[""l1.csv""]",[],64.7817,ranked,full,100.0,True,True,False
DOCU,"DocuSign, Inc. - Common Stock",nasdaqtrader:Q:DOCU,common_equity,eligible,Q,,60.01,,188091945.08444443,14.741873804971316,22.419420644634826,32.73612032736119,-15.35966149506348,29.40830490530526,60.31426014780613,,,False,,277.0,,2026-08-18,,full,"{""as_of"": ""2026-08-18"", ""listing_date"": null, ""reason_code"": ""valid_trading_sessions"", ""status"": ""full"", ""valid_trading_sessions"": 277}","[""l1.csv""]",[],64.7544,ranked,full,100.0,True,True,False
SBSW,D/B/A Sibanye-Stillwater Limited ADS,nasdaqtrader:N:SBSW,adr,eligible,N,,10.56,,50805954.16714286,32.00000000000001,-11.483654652137465,-34.246575342465746,30.37037037037038,50.0,52.15681177103203,,,False,,277.0,,2026-08-18,,full,"{""as_of"": ""2026-08-18"", ""listing_date"": null, ""reason_code"": ""valid_trading_sessions"", ""status"": ""full"", ""valid_trading_sessions"": 277}","[""l1.csv""]",[],64.75,ranked,full,100.0,True,True,False
BKNG,Booking Holdings Inc. - Common Stock,nasdaqtrader:Q:BKNG,common_equity,eligible,Q,,208.25,,1290912895.2473016,16.049038729451116,34.29418972077127,25.747237485659056,-4.54691295778521,8.993576017130621,43.06170663384,,,False,,277.0,,2026-08-18,,full,"{""as_of"": ""2026-08-18"", ""listing_date"": null, ""reason_code"": ""valid_trading_sessions"", ""status"": ""full"", ""valid_trading_sessions"": 277}","[""l1.csv""]",[],64.7484,ranked,full,100.0,True,True,False
MP,MP Materials Corp. Common Stock,nasdaqtrader:N:MP,common_equity,eligible,N,,56.67,,332406648.1574603,24.004376367614878,0.0,-0.49165935030729413,-24.470211915233907,42.5544855549924,74.7481203122223,,,False,,277.0,,2026-08-18,,full,"{""as_of"": ""2026-08-18"", ""listing_date"": null, ""reason_code"": ""valid_trading_sessions"", ""status"": ""full"", ""valid_trading_sessions"": 277}","[""l1.csv""]",[],64.7464,ranked,full,100.0,True,True,False
AU,AngloGold Ashanti PLC Ordinary Shares,nasdaqtrader:N:AU,common_equity,eligible,N,,97.95,,256431501.44126984,30.80929487179489,4.792981705360022,-7.742300084769704,80.35352605413368,23.631685638546696,53.32568368626921,,,False,,277.0,,2026-08-18,,full,"{""as_of"": ""2026-08-18"", ""listing_date"": null, ""reason_code"": ""valid_trading_sessions"", ""status"": ""full"", ""valid_trading_sessions"": 277}","[""l1.csv""]",[],64.7342,ranked,full,100.0,True,True,False
WPM,Wheaton Precious Metals Corp Common Shares (Canada),nasdaqtrader:N:WPM,common_equity,eligible,N,,132.7,,232001692.76079366,28.27452875785401,2.4789559039307907,-6.765966416075331,40.661437354250566,19.925174993965733,45.34971809448772,,,False,,277.0,,2026-08-18,,full,"{""as_of"": ""2026-08-18"", ""listing_date"": null, ""reason_code"": ""valid_trading_sessions"", ""status"": ""full"", ""valid_trading_sessions"": 277}","[""l1.csv""]",[],64.7313,ranked,full,100.0,True,True,False
AMBA,"Ambarella, Inc. - Ordinary Shares",nasdaqtrader:Q:AMBA,common_equity,eligible,Q,,74.82,,140464329.31444442,13.88127853881278,-5.147058823529416,13.725490196078404,11.688311688311682,21.662653125327203,78.87340478853832,,,False,,277.0,,2026-08-18,,full,"{""as_of"": ""2026-08-18"", ""listing_date"": null, ""reason_code"": ""valid_trading_sessions"", ""status"": ""full"", ""valid_trading_sessions"": 277}","[""l1.csv""]",[],64.7217,ranked,full,100.0,True,True,False
FIS,"Fidelity National Information Services, Inc. Common Stock",nasdaqtrader:N:FIS,common_equity,eligible,N,,40.95,,266192768.5831746,-3.1227821149751644,-5.579893935900381,-13.82575757575758,-42.185514612452344,42.934782608695656,41.81910175301868,,,False,,277.0,,2026-08-18,,full,"{""as_of"": ""2026-08-18"", ""listing_date"": null, ""reason_code"": ""valid_trading_sessions"", ""status"": ""full"", ""valid_trading_sessions"": 277}","[""l1.csv""]",[],64.721,ranked,full,100.0,True,True,False
RELX,RELX PLC PLC American Depositary Shares (Each representing One Ordinary Share),nasdaqtrader:N:RELX,adr,eligible,N,,34.51,,91242388.24698414,1.202346041055713,1.6195524146054074,13.33333333333333,-28.044203502919107,29.123023208050935,39.68934814174431,,,False,,277.0,,2026-08-18,,full,"{""as_of"": ""2026-08-18"", ""listing_date"": null, ""reason_code"": ""valid_trading_sessions"", ""status"": ""full"", ""valid_trading_sessions"": 277}","[""l1.csv""]",[],64.7164,ranked,full,100.0,True,True,False
CHRW,"C.H. Robinson Worldwide, Inc. - Common Stock",nasdaqtrader:Q:CHRW,common_equity,eligible,Q,,144.67,,319380457.4797619,-29.703595724003897,-14.759604053735575,-18.440635922877448,19.325305179808637,30.918727915194346,66.71499161085204,,,False,,277.0,,2026-08-18,,full,"{""as_of"": ""2026-08-18"", ""listing_date"": null, ""reason_code"": ""valid_trading_sessions"", ""status"": ""full"", ""valid_trading_sessions"": 277}","[""l1.csv""]",[],64.7058,ranked,full,100.0,True,True,False
PEP,"PepsiCo, Inc. - Common Stock",nasdaqtrader:Q:PEP,common_equity,eligible,Q,,140.13,,1229243020.1085713,3.447512180717549,-5.9908761572521225,-13.457262845849794,-6.828457446808523,17.807496040823512,22.58962400368346,,,False,,277.0,,2026-08-18,,full,"{""as_of"": ""2026-08-18"", ""listing_date"": null, ""reason_code"": ""valid_trading_sessions"", ""status"": ""full"", ""valid_trading_sessions"": 277}","[""l1.csv""]",[],64.7019,ranked,full,100.0,True,True,False
BKD,Brookdale Senior Living Inc. Common Stock,nasdaqtrader:N:BKD,common_equity,eligible,N,,12.22,,69870842.65492064,-18.151373074346942,-7.981927710843362,-26.5625,67.1682626538988,27.131782945736425,47.65001035080479,,,False,,277.0,,2026-08-18,,full,"{""as_of"": ""2026-08-18"", ""listing_date"": null, ""reason_code"": ""valid_trading_sessions"", ""status"": ""full"", ""valid_trading_sessions"": 277}","[""l1.csv""]",[],64.7009,ranked,full,100.0,True,True,False
CNR,"Core Natural Resources, Inc. Common Stock",nasdaqtrader:N:CNR,common_equity,eligible,N,,92.03,,54048007.60095238,9.611719866603163,9.729343030881111,6.257937882461606,29.619718309859167,18.722953280932618,42.38859306295781,,,False,,277.0,,2026-08-18,,full,"{""as_of"": ""2026-08-18"", ""listing_date"": null, ""reason_code"": ""valid_trading_sessions"", ""status"": ""full"", ""valid_trading_sessions"": 277}","[""l1.csv""]",[],64.6807,ranked,full,100.0,True,True,False
HL,Hecla Mining Company Common Stock,nasdaqtrader:N:HL,common_equity,eligible,N,,17.95,,524096580.6560318,25.61231630510847,3.997682502896849,-15.48964218455744,134.02868318122555,43.571204023891866,62.21672387524754,,,False,,277.0,,2026-08-18,,full,"{""as_of"": ""2026-08-18"", ""listing_date"": null, ""reason_code"": ""valid_trading_sessions"", ""status"": ""full"", ""valid_trading_sessions"": 277}","[""l1.csv""]",[],64.6786,ranked,full,100.0,True,True,False
IBP,"Installed Building Products, Inc. Common Stock",nasdaqtrader:N:IBP,common_equity,eligible,N,,238.59,,94115276.64539683,6.413630078943844,10.786589895988108,-29.07550535077288,-10.710676995621416,30.680728667305846,40.96583334834538,,,False,,277.0,,2026-08-18,,full,"{""as_of"": ""2026-08-18"", ""listing_date"": null, ""reason_code"": ""valid_trading_sessions"", ""status"": ""full"", ""valid_trading_sessions"": 277}","[""l1.csv""]",[],64.6741,ranked,full,100.0,True,True,False
APPF,"AppFolio, Inc. - Class A Common Stock",nasdaqtrader:Q:APPF,common_equity,eligible,Q,,203.95,,70487200.18603174,13.88128873750627,29.15584826800075,20.830617927602347,-23.123315554382863,28.803323326118825,52.00746072594621,,,False,,277.0,,2026-08-18,,full,"{""as_of"": ""2026-08-18"", ""listing_date"": null, ""reason_code"": ""valid_trading_sessions"", ""status"": ""full"", ""valid_trading_sessions"": 277}","[""l1.csv""]",[],64.6738,ranked,full,100.0,True,True,False
GT,The Goodyear Tire & Rubber Company - Common Stock,nasdaqtrader:Q:GT,common_equity,eligible,Q,,5.93,,64291904.58039682,-18.093922651933703,5.704099821746866,-33.06997742663656,-30.153121319199062,43.7381404174573,49.382578496121404,,,False,,277.0,,2026-08-18,,full,"{""as_of"": ""2026-08-18"", ""listing_date"": null, ""reason_code"": ""valid_trading_sessions"", ""status"": ""full"", ""valid_trading_sessions"": 277}","[""l1.csv""]",[],64.6675,ranked,full,100.0,True,True,False
AMZN,"Amazon.com, Inc. - Common Stock",nasdaqtrader:Q:AMZN,common_equity,eligible,Q,,259.45,,12478394393.910635,3.7841513660546333,-2.042588537340495,28.983345761869252,12.3014327143661,8.65079923949017,51.513478422435895,,,False,,277.0,,2026-08-18,,full,"{""as_of"": ""2026-08-18"", ""listing_date"": null, ""reason_code"": ""valid_trading_sessions"", ""status"": ""full"", ""valid_trading_sessions"": 277}","[""l1.csv""]",[],64.6627,ranked,full,100.0,True,True,False
KRC,Kilroy Realty Corporation Common Stock,nasdaqtrader:N:KRC,common_equity,eligible,N,,36.16,,53782384.165396824,-8.779011099899103,5.916813122437015,13.67494498585351,-6.587445104624134,18.631863186318633,24.985476804535715,,,False,,277.0,,2026-08-18,,full,"{""as_of"": ""2026-08-18"", ""listing_date"": null, ""reason_code"": ""valid_trading_sessions"", ""status"": ""full"", ""valid_trading_sessions"": 277}","[""l1.csv""]",[],64.658,ranked,full,100.0,True,True,False
MRNA,"Moderna, Inc. - Common Stock",nasdaqtrader:Q:MRNA,common_equity,eligible,Q,,62.96,,417057838.10722226,5.832913094637759,30.866763666597375,43.31891645800137,124.69664525339046,23.031784841075787,69.10834057382353,,,False,,277.0,,2026-08-18,,full,"{""as_of"": ""2026-08-18"", ""listing_date"": null, ""reason_code"": ""valid_trading_sessions"", ""status"": ""full"", ""valid_trading_sessions"": 277}","[""l1.csv""]",[],64.6542,ranked,full,100.0,True,True,False
ERIC,Ericsson - American Depositary Shares each representing 1 underlying Class B share,nasdaqtrader:Q:ERIC,adr,eligible,Q,,10.09,,136572146.34714288,5.213764337851923,-21.41744548286605,-9.74955277280859,30.86900129701686,26.564774381368274,52.08513336678694,,,False,,277.0,,2026-08-18,,full,"{""as_of"": ""2026-08-18"", ""listing_date"": null, ""reason_code"": ""valid_trading_sessions"", ""status"": ""full"", ""valid_trading_sessions"": 277}","[""l1.csv""]",[],64.6253,ranked,full,100.0,True,True,False
VOYG,"Voyager Technologies, Inc. Class A Common Stock",nasdaqtrader:N:VOYG,common_equity,eligible,N,,42.24,,87311806.02555555,69.23076923076923,10.05732152162584,58.08383233532937,44.21304199385456,18.40834460112034,106.37159258469428,,,False,,277.0,,2026-08-18,,full,"{""as_of"": ""2026-08-18"", ""listing_date"": null, ""reason_code"": ""valid_trading_sessions"", ""status"": ""full"", ""valid_trading_sessions"": 277}","[""l1.csv""]",[],64.6021,ranked,full,100.0,True,True,False
STX,Seagate Technology Holdings PLC - Ordinary Shares (Ireland),nasdaqtrader:Q:STX,common_equity,eligible,Q,,903.68,,4201174774.183968,12.615116206617216,21.980454619081023,117.26210511131411,485.1712750113319,17.39972944316479,86.9567359795792,,,False,,277.0,,2026-08-18,,full,"{""as_of"": ""2026-08-18"", ""listing_date"": null, ""reason_code"": ""valid_trading_sessions"", ""status"": ""full"", ""valid_trading_sessions"": 277}","[""l1.csv""]",[],64.5999,ranked,full,100.0,True,True,False
BTSG,"BrightSpring Health Services, Inc. - Common Stock",nasdaqtrader:Q:BTSG,common_equity,eligible,Q,,59.5,,246525276.42944446,-15.602836879432624,5.909576361694557,54.70618824752991,165.15151515151513,18.392538746399666,72.42885709275974,,,False,,277.0,,2026-08-18,,full,"{""as_of"": ""2026-08-18"", ""listing_date"": null, ""reason_code"": ""valid_trading_sessions"", ""status"": ""full"", ""valid_trading_sessions"": 277}","[""l1.csv""]",[],64.5981,ranked,full,100.0,True,True,False
SMTC,Semtech Corporation - Common Stock,nasdaqtrader:Q:SMTC,common_equity,eligible,Q,,135.23,,512883666.38492066,7.427708929138865,2.1451771281818965,54.266484143280856,171.38270118402565,22.60630687346191,102.32051116608147,,,False,,277.0,,2026-08-18,,full,"{""as_of"": ""2026-08-18"", ""listing_date"": null, ""reason_code"": ""valid_trading_sessions"", ""status"": ""full"", ""valid_trading_sessions"": 277}","[""l1.csv""]",[],64.5975,ranked,full,100.0,True,True,False
COHR,Coherent Corp. Common Stock,nasdaqtrader:N:COHR,common_equity,eligible,N,,306.43,,2112821296.0417461,7.368605466012634,-15.544469861918797,39.31169303509729,228.0835117773019,28.218042118578555,122.27707174758223,,,False,,277.0,,2026-08-18,,full,"{""as_of"": ""2026-08-18"", ""listing_date"": null, ""reason_code"": ""valid_trading_sessions"", ""status"": ""full"", ""valid_trading_sessions"": 277}","[""l1.csv""]",[],64.5957,ranked,full,100.0,True,True,False
MIAX,"Miami International Holdings, Inc. Common Stock",nasdaqtrader:N:MIAX,common_equity,eligible,N,,41.91,,77965361.96253969,-0.30922930542340854,-23.115024766097967,2.49449743213499,34.67223650385603,26.266713581984526,35.68047863681414,,,False,,254.0,,2026-08-18,,full,"{""as_of"": ""2026-08-18"", ""listing_date"": null, ""reason_code"": ""valid_trading_sessions"", ""status"": ""full"", ""valid_trading_sessions"": 254}","[""l1.csv""]",[],64.5856,ranked,full,100.0,True,True,False
LMT,Lockheed Martin Corporation Common Stock,nasdaqtrader:N:LMT,common_equity,eligible,N,,607.17,,666845627.4174603,19.160419201632827,14.92684219492344,-6.528834015825624,38.76268397476916,10.274863307226257,36.32940738341327,,,False,,277.0,,2026-08-18,,full,"{""as_of"": ""2026-08-18"", ""listing_date"": null, ""reason_code"": ""valid_trading_sessions"", ""status"": ""full"", ""valid_trading_sessions"": 277}","[""l1.csv""]",[],64.5687,ranked,full,100.0,True,True,False
EXE,Expand Energy Corporation - Common Stock,nasdaqtrader:Q:EXE,common_equity,eligible,Q,,95.45,,330950280.09563494,9.7757331799885,-3.047232097511432,-7.104622871046229,0.3363817933354385,22.328912035153394,31.317676327044286,,,False,,277.0,,2026-08-18,,full,"{""as_of"": ""2026-08-18"", ""listing_date"": null, ""reason_code"": ""valid_trading_sessions"", ""status"": ""full"", ""valid_trading_sessions"": 277}","[""l1.csv""]",[],64.5605,ranked,full,100.0,True,True,False
XPO,"XPO, Inc. Common Stock",nasdaqtrader:N:XPO,common_equity,eligible,N,,202.72,,281569756.5936508,-3.7462608613076376,1.1274069639828355,0.286929850598594,59.12087912087911,11.231772999956213,35.16791432873609,,,False,,277.0,,2026-08-18,,full,"{""as_of"": ""2026-08-18"", ""listing_date"": null, ""reason_code"": ""valid_trading_sessions"", ""status"": ""full"", ""valid_trading_sessions"": 277}","[""l1.csv""]",[],64.5579,ranked,full,100.0,True,True,False
MAR,Marriott International - Class A Common Stock,nasdaqtrader:Q:MAR,common_equity,eligible,Q,,357.33,,598814859.4268254,-2.616302837053397,-0.5150620858622501,-0.7251208534755804,34.7398190045249,11.23118199433597,32.86522656488776,,,False,,277.0,,2026-08-18,,full,"{""as_of"": ""2026-08-18"", ""listing_date"": null, ""reason_code"": ""valid_trading_sessions"", ""status"": ""full"", ""valid_trading_sessions"": 277}","[""l1.csv""]",[],64.5578,ranked,full,100.0,True,True,False
PVH,PVH Corp. Common Stock,nasdaqtrader:N:PVH,common_equity,eligible,N,,78.73,,88333830.7279365,1.9158576051780063,-1.9917838914477737,13.558344151161128,2.39302900247107,20.321829774314338,36.89222556394579,,,False,,277.0,,2026-08-18,,full,"{""as_of"": ""2026-08-18"", ""listing_date"": null, ""reason_code"": ""valid_trading_sessions"", ""status"": ""full"", ""valid_trading_sessions"": 277}","[""l1.csv""]",[],64.5429,ranked,full,100.0,True,True,False
KNSL,"Kinsale Capital Group, Inc. Common Stock",nasdaqtrader:N:KNSL,common_equity,eligible,N,,372.71,,103136776.03952381,6.449033216233957,14.76121562952244,-1.046063985132084,-15.645935180155712,22.188354662936604,42.58178551096229,,,False,,277.0,,2026-08-18,,full,"{""as_of"": ""2026-08-18"", ""listing_date"": null, ""reason_code"": ""valid_trading_sessions"", ""status"": ""full"", ""valid_trading_sessions"": 277}","[""l1.csv""]",[],64.5418,ranked,full,100.0,True,True,False
DE,Deere & Company Common Stock,nasdaqtrader:N:DE,common_equity,eligible,N,,588.72,,753014019.2030159,0.4641638225256095,4.292370103987664,-2.0171759536648737,20.44189852700491,11.13526241905538,27.26497722324251,,,False,,277.0,,2026-08-18,,full,"{""as_of"": ""2026-08-18"", ""listing_date"": null, ""reason_code"": ""valid_trading_sessions"", ""status"": ""full"", ""valid_trading_sessions"": 277}","[""l1.csv""]",[],64.5338,ranked,full,100.0,True,True,False
SYY,Sysco Corporation Common Stock,nasdaqtrader:N:SYY,common_equity,eligible,N,,81.96,,281038844.0801587,1.4607576132706024,11.479869423286182,-8.628762541806035,3.0684104627766606,10.09214567792892,19.830265937830045,,,False,,277.0,,2026-08-18,,full,"{""as_of"": ""2026-08-18"", ""listing_date"": null, ""reason_code"": ""valid_trading_sessions"", ""status"": ""full"", ""valid_trading_sessions"": 277}","[""l1.csv""]",[],64.523,ranked,full,100.0,True,True,False
KVUE,Kenvue Inc. Common Stock,nasdaqtrader:N:KVUE,common_equity,eligible,N,,18.8,,382124693.3719048,-1.1566771819137678,9.429569266589066,2.1184139054861495,-11.32075471698113,13.083680073971326,22.32241509850885,,,False,,277.0,,2026-08-18,,full,"{""as_of"": ""2026-08-18"", ""listing_date"": null, ""reason_code"": ""valid_trading_sessions"", ""status"": ""full"", ""valid_trading_sessions"": 277}","[""l1.csv""]",[],64.5209,ranked,full,100.0,True,True,False
LITE,Lumentum Holdings Inc. - Common Stock,nasdaqtrader:Q:LITE,common_equity,eligible,Q,,873.31,,4473628948.707301,14.076154398798257,-1.3186738683360177,45.44985177042737,653.7631624374244,17.0716652897663,113.17689394526582,,,False,,277.0,,2026-08-18,,full,"{""as_of"": ""2026-08-18"", ""listing_date"": null, ""reason_code"": ""valid_trading_sessions"", ""status"": ""full"", ""valid_trading_sessions"": 277}","[""l1.csv""]",[],64.5179,ranked,full,100.0,True,True,False
JBLU,JetBlue Airways Corporation - Common Stock,nasdaqtrader:Q:JBLU,common_equity,eligible,Q,,5.04,,167823357.15,-7.522935779816519,10.043668122270732,-16.968698517298186,-3.4482758620689613,21.98142414860681,66.72941039439444,,,False,,277.0,,2026-08-18,,full,"{""as_of"": ""2026-08-18"", ""listing_date"": null, ""reason_code"": ""valid_trading_sessions"", ""status"": ""full"", ""valid_trading_sessions"": 277}","[""l1.csv""]",[],64.5142,ranked,full,100.0,True,True,False
AZO,"AutoZone, Inc. Common Stock",nasdaqtrader:N:AZO,common_equity,eligible,N,,3073.2,,1053184575.1169841,2.6408338983277213,-8.691699299411127,-17.872795296632827,-23.30249493999117,29.425381326156153,27.341832774208736,,,False,,277.0,,2026-08-18,,full,"{""as_of"": ""2026-08-18"", ""listing_date"": null, ""reason_code"": ""valid_trading_sessions"", ""status"": ""full"", ""valid_trading_sessions"": 277}","[""l1.csv""]",[],64.5067,ranked,full,100.0,True,True,False
AON,Aon plc Class A Ordinary Shares (Ireland),nasdaqtrader:N:AON,common_equity,eligible,N,,343.2,,503742376.5707936,-5.39721043056397,5.092323238509344,5.288992514418944,-6.487561646821616,9.982688978649746,26.4012209297977,,,False,,277.0,,2026-08-18,,full,"{""as_of"": ""2026-08-18"", ""listing_date"": null, ""reason_code"": ""valid_trading_sessions"", ""status"": ""full"", ""valid_trading_sessions"": 277}","[""l1.csv""]",[],64.4957,ranked,full,100.0,True,True,False
LBRDK,Liberty Broadband Corporation - Class C Common Stock,nasdaqtrader:Q:LBRDK,common_equity,eligible,Q,,35.01,,61826522.76396826,15.316205533596827,6.026650514839482,-36.449446360501,-43.14712569015915,46.32014719411224,52.88537021981631,,,False,,277.0,,2026-08-18,,full,"{""as_of"": ""2026-08-18"", ""listing_date"": null, ""reason_code"": ""valid_trading_sessions"", ""status"": ""full"", ""valid_trading_sessions"": 277}","[""l1.csv""]",[],64.4953,ranked,full,100.0,True,True,False
MCO,Moody's Corporation Common Stock,nasdaqtrader:N:MCO,common_equity,eligible,N,,485.79,,443366196.9747619,-3.8743890614796994,9.557745653007377,14.784272954964317,-5.938504434031677,9.973870017234665,26.120236773634915,,,False,,277.0,,2026-08-18,,full,"{""as_of"": ""2026-08-18"", ""listing_date"": null, ""reason_code"": ""valid_trading_sessions"", ""status"": ""full"", ""valid_trading_sessions"": 277}","[""l1.csv""]",[],64.4935,ranked,full,100.0,True,True,False
EQT,EQT Corporation Common Stock,nasdaqtrader:N:EQT,common_equity,eligible,N,,53.14,,380925552.7998413,8.338430173292565,-7.502175805047873,-7.98268398268398,0.5487228003784317,21.77241277785957,34.43000999176787,,,False,,277.0,,2026-08-18,,full,"{""as_of"": ""2026-08-18"", ""listing_date"": null, ""reason_code"": ""valid_trading_sessions"", ""status"": ""full"", ""valid_trading_sessions"": 277}","[""l1.csv""]",[],64.4863,ranked,full,100.0,True,True,False
PTCT,"PTC Therapeutics, Inc. - Common Stock",nasdaqtrader:Q:PTCT,common_equity,eligible,Q,,72.63,,131420235.46650793,-6.896551724137945,3.535281539558066,5.00216857018938,48.77099549365014,18.894472361809044,42.002960654631316,,,False,,277.0,,2026-08-18,,full,"{""as_of"": ""2026-08-18"", ""listing_date"": null, ""reason_code"": ""valid_trading_sessions"", ""status"": ""full"", ""valid_trading_sessions"": 277}","[""l1.csv""]",[],64.4736,ranked,full,100.0,True,True,False
ICLN,iShares Global Clean Energy ETF,US:ICLN,etf,eligible,Q,,17.74,,116871627.5145238,-2.205071664829117,-16.830754805438353,-5.2856380138814885,25.815602836879425,25.305263157894743,31.49518144372319,,,False,,277.0,,2026-08-18,,full,"{""as_of"": ""2026-08-18"", ""listing_date"": null, ""reason_code"": ""valid_trading_sessions"", ""status"": ""full"", ""valid_trading_sessions"": 277}","[""l1.csv""]",[],64.4574,ranked,full,100.0,True,True,False
OXY,Occidental Petroleum Corporation Common Stock,nasdaqtrader:N:OXY,common_equity,eligible,N,,59.8,,531570495.1466667,8.352962493205297,0.16750418760467234,30.16978667827601,34.05066128670702,9.722222222222221,35.31863808099028,,,False,,277.0,,2026-08-18,,full,"{""as_of"": ""2026-08-18"", ""listing_date"": null, ""reason_code"": ""valid_trading_sessions"", ""status"": ""full"", ""valid_trading_sessions"": 277}","[""l1.csv""]",[],64.4306,ranked,full,100.0,True,True,False
SHLS,"Shoals Technologies Group, Inc. - Class A Common Stock",nasdaqtrader:Q:SHLS,common_equity,eligible,Q,,7.68,,55778631.29,-20.166320166320162,-20.496894409937894,-28.224299065420556,47.97687861271675,39.85904463586532,93.12089521817957,,,False,,277.0,,2026-08-18,,full,"{""as_of"": ""2026-08-18"", ""listing_date"": null, ""reason_code"": ""valid_trading_sessions"", ""status"": ""full"", ""valid_trading_sessions"": 277}","[""l1.csv""]",[],64.4261,ranked,full,100.0,True,True,False
TAN,Invesco Solar ETF,US:TAN,etf,eligible,P,,49.87,,79303582.98492064,-5.3520592142721535,-20.348187190544643,-16.702856188408223,25.17570281124497,32.54429866089546,39.74373329481597,,,False,,277.0,,2026-08-18,,full,"{""as_of"": ""2026-08-18"", ""listing_date"": null, ""reason_code"": ""valid_trading_sessions"", ""status"": ""full"", ""valid_trading_sessions"": 277}","[""l1.csv""]",[],64.4226,ranked,full,100.0,True,True,False
MUR,Murphy Oil Corporation Common Stock,nasdaqtrader:N:MUR,common_equity,eligible,N,,35.18,,65505735.42936508,-4.4800434428455045,-13.006923837784367,10.144020037570446,53.156290814105354,17.68834815161442,52.62033291194798,,,False,,277.0,,2026-08-18,,full,"{""as_of"": ""2026-08-18"", ""listing_date"": null, ""reason_code"": ""valid_trading_sessions"", ""status"": ""full"", ""valid_trading_sessions"": 277}","[""l1.csv""]",[],64.4221,ranked,full,100.0,True,True,False
ABG,Asbury Automotive Group Inc Common Stock,nasdaqtrader:N:ABG,common_equity,eligible,N,,203.94,,53122905.33492063,-2.941176470588236,15.690946221919667,-10.316622691292876,-15.219289129079193,21.25868725868726,41.69766481432282,,,False,,277.0,,2026-08-18,,full,"{""as_of"": ""2026-08-18"", ""listing_date"": null, ""reason_code"": ""valid_trading_sessions"", ""status"": ""full"", ""valid_trading_sessions"": 277}","[""l1.csv""]",[],64.4178,ranked,full,100.0,True,True,False
AROC,"Archrock, Inc. Common Stock",nasdaqtrader:N:AROC,common_equity,eligible,N,,34.12,,70306411.95333333,-7.858493113691612,-11.65199378560332,4.342507645259919,43.000838222967296,18.665077473182368,35.13740076125135,,,False,,277.0,,2026-08-18,,full,"{""as_of"": ""2026-08-18"", ""listing_date"": null, ""reason_code"": ""valid_trading_sessions"", ""status"": ""full"", ""valid_trading_sessions"": 277}","[""l1.csv""]",[],64.4163,ranked,full,100.0,True,True,False
DEO,Diageo plc Common Stock,nasdaqtrader:N:DEO,common_equity,eligible,N,,90.98,,100444769.85761905,7.237152286657245,8.59393650035809,-5.671332296526699,-17.999098693104997,21.113326974768054,33.71588803953163,,,False,,277.0,,2026-08-18,,full,"{""as_of"": ""2026-08-18"", ""listing_date"": null, ""reason_code"": ""valid_trading_sessions"", ""status"": ""full"", ""valid_trading_sessions"": 277}","[""l1.csv""]",[],64.3984,ranked,full,100.0,True,True,False
NVO,Novo Nordisk A/S Common Stock,nasdaqtrader:N:NVO,common_equity,eligible,N,,45.71,,565899384.2188889,-7.861318282604312,3.229448961156267,-7.413408952805344,-12.783819881701962,28.555798687089705,41.46558746425632,,,False,,277.0,,2026-08-18,,full,"{""as_of"": ""2026-08-18"", ""listing_date"": null, ""reason_code"": ""valid_trading_sessions"", ""status"": ""full"", ""valid_trading_sessions"": 277}","[""l1.csv""]",[],64.3908,ranked,full,100.0,True,True,False
AGI,Alamos Gold Inc. Class A Common Shares,nasdaqtrader:N:AGI,common_equity,eligible,N,,32.9,,149477916.47460318,16.790912318068862,-18.362282878411907,-24.036019395058883,26.587148903424396,40.5385866618471,46.22755369085589,,,False,,277.0,,2026-08-18,,full,"{""as_of"": ""2026-08-18"", ""listing_date"": null, ""reason_code"": ""valid_trading_sessions"", ""status"": ""full"", ""valid_trading_sessions"": 277}","[""l1.csv""]",[],64.3808,ranked,full,100.0,True,True,False
PAAS,Pan American Silver Corp. Common Stock,nasdaqtrader:N:PAAS,common_equity,eligible,N,,46.6,,211410503.17285714,10.4527139132496,-15.564413843087511,-16.919236940631134,46.81789540012604,32.16885007278021,53.449264354265146,,,False,,277.0,,2026-08-18,,full,"{""as_of"": ""2026-08-18"", ""listing_date"": null, ""reason_code"": ""valid_trading_sessions"", ""status"": ""full"", ""valid_trading_sessions"": 277}","[""l1.csv""]",[],64.3725,ranked,full,100.0,True,True,False
BURL,"Burlington Stores, Inc. Common Stock",nasdaqtrader:N:BURL,common_equity,eligible,N,,336.95,,273458194.2739682,-4.31362526267961,16.03760589572285,7.686161713007356,20.244807651131236,9.468282328918033,31.88364988219961,,,False,,277.0,,2026-08-18,,full,"{""as_of"": ""2026-08-18"", ""listing_date"": null, ""reason_code"": ""valid_trading_sessions"", ""status"": ""full"", ""valid_trading_sessions"": 277}","[""l1.csv""]",[],64.3671,ranked,full,100.0,True,True,False
VKTX,"Viking Therapeutics, Inc. - Common Stock",nasdaqtrader:Q:VKTX,common_equity,eligible,Q,,33.37,,77205277.18396826,-8.273776800439814,16.312303938654573,9.589490968801307,-16.637521858606053,20.792784239259444,41.192177910633795,,,False,,277.0,,2026-08-18,,full,"{""as_of"": ""2026-08-18"", ""listing_date"": null, ""reason_code"": ""valid_trading_sessions"", ""status"": ""full"", ""valid_trading_sessions"": 277}","[""l1.csv""]",[],64.3557,ranked,full,100.0,True,True,False
LSTR,"Landstar System, Inc. - Common Stock",nasdaqtrader:Q:LSTR,common_equity,eligible,Q,,186.16,,101620911.20936507,-11.843538381398865,3.93612863603372,29.1432535553243,44.187127255828344,17.398056529262995,39.961207774770465,,,False,,277.0,,2026-08-18,,full,"{""as_of"": ""2026-08-18"", ""listing_date"": null, ""reason_code"": ""valid_trading_sessions"", ""status"": ""full"", ""valid_trading_sessions"": 277}","[""l1.csv""]",[],64.3495,ranked,full,100.0,True,True,False
ORA,"Ormat Technologies, Inc. Common Stock",nasdaqtrader:N:ORA,common_equity,eligible,N,,109.68,,101712583.49253967,5.909617612977991,-15.13463324048282,-11.705039446143928,22.206128133704752,24.410751206064774,44.800200519707026,,,False,,277.0,,2026-08-18,,full,"{""as_of"": ""2026-08-18"", ""listing_date"": null, ""reason_code"": ""valid_trading_sessions"", ""status"": ""full"", ""valid_trading_sessions"": 277}","[""l1.csv""]",[],64.3381,ranked,full,100.0,True,True,False
GFL,"GFL Environmental Inc. Subordinate voting shares, no par value",qrgf-resolution-required:N:GFL,common_equity,eligible,N,,40.49,,107479155.56396826,3.4755941732685924,7.887023714361852,-6.489607390300223,-18.30104923325262,20.65451695081324,24.01169385404696,,,False,,277.0,,2026-08-18,,full,"{""as_of"": ""2026-08-18"", ""listing_date"": null, ""reason_code"": ""valid_trading_sessions"", ""status"": ""full"", ""valid_trading_sessions"": 277}","[""l1.csv""]",[],64.3373,ranked,full,100.0,True,True,False
PWR,"Quanta Services, Inc. Common Stock",nasdaqtrader:N:PWR,common_equity,eligible,N,,696.15,,840655253.1974604,10.05280131529025,-3.717688062735991,32.567173842667515,82.80769937764238,11.345575874891756,60.28898013408798,,,False,,277.0,,2026-08-18,,full,"{""as_of"": ""2026-08-18"", ""listing_date"": null, ""reason_code"": ""valid_trading_sessions"", ""status"": ""full"", ""valid_trading_sessions"": 277}","[""l1.csv""]",[],64.3364,ranked,full,100.0,True,True,False
TWLO,Twilio Inc. Class A Common Stock,nasdaqtrader:N:TWLO,common_equity,eligible,N,,232.1,,512418952.9726984,13.087117520951065,17.41197895588831,113.936768365748,119.64606794738337,9.318226216057823,77.78592069999289,,,False,,277.0,,2026-08-18,,full,"{""as_of"": ""2026-08-18"", ""listing_date"": null, ""reason_code"": ""valid_trading_sessions"", ""status"": ""full"", ""valid_trading_sessions"": 277}","[""l1.csv""]",[],64.3296,ranked,full,100.0,True,True,False
TREX,"Trex Company, Inc. Common Stock",nasdaqtrader:N:TREX,common_equity,eligible,N,,47.73,,92589576.16174603,10.537285780453898,25.0130958617077,12.703659976387227,-24.33417882054534,26.20593692022265,43.055343809237094,,,False,,277.0,,2026-08-18,,full,"{""as_of"": ""2026-08-18"", ""listing_date"": null, ""reason_code"": ""valid_trading_sessions"", ""status"": ""full"", ""valid_trading_sessions"": 277}","[""l1.csv""]",[],64.3275,ranked,full,100.0,True,True,False
RGLD,"Royal Gold, Inc. - Common Stock",nasdaqtrader:Q:RGLD,common_equity,eligible,Q,,230.43,,151830089.12603176,22.98783091374892,1.8565177032223934,-17.429318808900984,34.40069991251096,24.272897564823037,36.70306562146144,,,False,,277.0,,2026-08-18,,full,"{""as_of"": ""2026-08-18"", ""listing_date"": null, ""reason_code"": ""valid_trading_sessions"", ""status"": ""full"", ""valid_trading_sessions"": 277}","[""l1.csv""]",[],64.3197,ranked,full,100.0,True,True,False
SAIA,"Saia, Inc. - Common Stock",nasdaqtrader:Q:SAIA,common_equity,eligible,Q,,368.92,,189997693.51984128,-13.807765992243349,-19.50426567170692,-5.003218745976568,23.219772879091536,24.268177525967893,52.15585170202722,,,False,,277.0,,2026-08-18,,full,"{""as_of"": ""2026-08-18"", ""listing_date"": null, ""reason_code"": ""valid_trading_sessions"", ""status"": ""full"", ""valid_trading_sessions"": 277}","[""l1.csv""]",[],64.3191,ranked,full,100.0,True,True,False
VIK,Viking Holdings Ltd Ordinary Shares,nasdaqtrader:N:VIK,common_equity,eligible,N,,98.29,,259133901.66968256,1.4344685242517974,14.211015570532194,27.64935064935066,61.8741765480896,9.209310918159986,35.00825157337542,,,False,,277.0,,2026-08-18,,full,"{""as_of"": ""2026-08-18"", ""listing_date"": null, ""reason_code"": ""valid_trading_sessions"", ""status"": ""full"", ""valid_trading_sessions"": 277}","[""l1.csv""]",[],64.3023,ranked,full,100.0,True,True,False
ECL,Ecolab Inc. Common Stock,nasdaqtrader:N:ECL,common_equity,eligible,N,,280.0,,417529533.0087302,4.224827842918311,12.355041932506715,-7.834101382488479,-0.29555246946550984,9.194097616345065,23.293395361380533,,,False,,277.0,,2026-08-18,,full,"{""as_of"": ""2026-08-18"", ""listing_date"": null, ""reason_code"": ""valid_trading_sessions"", ""status"": ""full"", ""valid_trading_sessions"": 277}","[""l1.csv""]",[],64.2985,ranked,full,100.0,True,True,False
IDXX,"IDEXX Laboratories, Inc. - Common Stock",nasdaqtrader:Q:IDXX,common_equity,eligible,Q,,553.32,,368054595.3446825,-1.860555861016988,1.3796515143187138,-11.63422073877699,-14.983713355048856,27.829081233369845,30.934650896400406,,,False,,277.0,,2026-08-18,,full,"{""as_of"": ""2026-08-18"", ""listing_date"": null, ""reason_code"": ""valid_trading_sessions"", ""status"": ""full"", ""valid_trading_sessions"": 277}","[""l1.csv""]",[],64.2939,ranked,full,100.0,True,True,False
JD,"JD.com, Inc. - American Depositary Shares",nasdaqtrader:Q:JD,adr,eligible,Q,,28.82,,256569310.54603174,-5.816993464052289,-8.797468354430382,5.451884376143434,-9.085173501577282,20.320707768869227,36.271123015487525,,,False,,277.0,,2026-08-18,,full,"{""as_of"": ""2026-08-18"", ""listing_date"": null, ""reason_code"": ""valid_trading_sessions"", ""status"": ""full"", ""valid_trading_sessions"": 277}","[""l1.csv""]",[],64.2928,ranked,full,100.0,True,True,False
ABVX,Abivax SA - American Depositary Shares,nasdaqtrader:Q:ABVX,adr,eligible,Q,,118.94,,229312846.30063492,-9.551330798479086,4.746807573756051,-5.325161187614425,68.85292447473026,18.147408987681512,36.56014087535358,,,False,,277.0,,2026-08-18,,full,"{""as_of"": ""2026-08-18"", ""listing_date"": null, ""reason_code"": ""valid_trading_sessions"", ""status"": ""full"", ""valid_trading_sessions"": 277}","[""l1.csv""]",[],64.2869,ranked,full,100.0,True,True,False
BELFB,Bel Fuse Inc. - Class B Common Stock,nasdaqtrader:Q:BELFB,common_equity,eligible,Q,,275.97,,81203446.7736508,3.7052346773890577,6.849155954777775,17.284317892052712,110.6158894909563,17.136079750180155,62.91286621573563,,,False,,277.0,,2026-08-18,,full,"{""as_of"": ""2026-08-18"", ""listing_date"": null, ""reason_code"": ""valid_trading_sessions"", ""status"": ""full"", ""valid_trading_sessions"": 277}","[""l1.csv""]",[],64.284,ranked,full,100.0,True,True,False
HBM,Hudbay Minerals Inc. Ordinary Shares (Canada),nasdaqtrader:N:HBM,common_equity,eligible,N,,26.41,,135845363.48936507,26.7274472168906,8.862324814509481,4.843191742755049,139.43789664551227,17.132099152808287,60.68162314196085,,,False,,277.0,,2026-08-18,,full,"{""as_of"": ""2026-08-18"", ""listing_date"": null, ""reason_code"": ""valid_trading_sessions"", ""status"": ""full"", ""valid_trading_sessions"": 277}","[""l1.csv""]",[],64.283,ranked,full,100.0,True,True,False
PENN,"PENN Entertainment, Inc. - Common Stock",nasdaqtrader:Q:PENN,common_equity,eligible,Q,,18.29,,68694307.65571427,-13.848327837965147,10.983009708737846,51.78423236514522,0.27412280701755165,17.0897552130553,38.53461010683108,,,False,,277.0,,2026-08-18,,full,"{""as_of"": ""2026-08-18"", ""listing_date"": null, ""reason_code"": ""valid_trading_sessions"", ""status"": ""full"", ""valid_trading_sessions"": 277}","[""l1.csv""]",[],64.2724,ranked,full,100.0,True,True,False
HTHT,H World Group Limited - American Depositary Shares,nasdaqtrader:Q:HTHT,adr,eligible,Q,,45.92,,85595767.79666667,10.517448856799039,0.9009009009009139,-14.994446501295823,38.85697006350166,18.087763110952547,42.67092197495832,,,False,,277.0,,2026-08-18,,full,"{""as_of"": ""2026-08-18"", ""listing_date"": null, ""reason_code"": ""valid_trading_sessions"", ""status"": ""full"", ""valid_trading_sessions"": 277}","[""l1.csv""]",[],64.2719,ranked,full,100.0,True,True,False
MTH,Meritage Homes Corporation Common Stock,nasdaqtrader:N:MTH,common_equity,eligible,N,,70.68,,65611592.56730159,-0.7024445068839591,15.471328214344071,-11.815346225826573,-8.207792207792197,17.022775299366046,36.9852753016834,,,False,,277.0,,2026-08-18,,full,"{""as_of"": ""2026-08-18"", ""listing_date"": null, ""reason_code"": ""valid_trading_sessions"", ""status"": ""full"", ""valid_trading_sessions"": 277}","[""l1.csv""]",[],64.2557,ranked,full,100.0,True,True,False
YETI,"YETI Holdings, Inc. Common Stock",nasdaqtrader:N:YETI,common_equity,eligible,N,,43.24,,69584475.79047619,-14.915387642660372,1.8370230805464072,-9.935430118725252,27.251324308416724,17.91951404707669,47.40735559774965,,,False,,277.0,,2026-08-18,,full,"{""as_of"": ""2026-08-18"", ""listing_date"": null, ""reason_code"": ""valid_trading_sessions"", ""status"": ""full"", ""valid_trading_sessions"": 277}","[""l1.csv""]",[],64.2299,ranked,full,100.0,True,True,False
SYF,Synchrony Financial Common Stock,nasdaqtrader:N:SYF,common_equity,eligible,N,,80.58,,272278326.20857143,9.767061708214154,13.41308937368051,11.436869036094578,12.7150650440621,8.918277382163442,40.12792245329093,,,False,,277.0,,2026-08-18,,full,"{""as_of"": ""2026-08-18"", ""listing_date"": null, ""reason_code"": ""valid_trading_sessions"", ""status"": ""full"", ""valid_trading_sessions"": 277}","[""l1.csv""]",[],64.2296,ranked,full,100.0,True,True,False
IONS,"Ionis Pharmaceuticals, Inc. - Common Stock",nasdaqtrader:Q:IONS,common_equity,eligible,Q,,59.62,,184367178.3631746,12.596789423984877,-17.78819635962493,-26.72074729596854,36.18090452261307,31.075144508670526,89.9856649934956,,,False,,277.0,,2026-08-18,,full,"{""as_of"": ""2026-08-18"", ""listing_date"": null, ""reason_code"": ""valid_trading_sessions"", ""status"": ""full"", ""valid_trading_sessions"": 277}","[""l1.csv""]",[],64.2267,ranked,full,100.0,True,True,False
HUT,Hut 8 Corp. - Common Stock,nasdaqtrader:Q:HUT,common_equity,eligible,Q,,80.79,,473425320.4584921,-19.954423858119487,-16.018711018711016,52.606724593879875,246.44082332761582,39.26477221470456,116.30157197414073,,,False,,277.0,,2026-08-18,,full,"{""as_of"": ""2026-08-18"", ""listing_date"": null, ""reason_code"": ""valid_trading_sessions"", ""status"": ""full"", ""valid_trading_sessions"": 277}","[""l1.csv""]",[],64.2157,ranked,full,100.0,True,True,False
VST,Vistra Corp. Common Stock,nasdaqtrader:N:VST,common_equity,eligible,N,,140.52,,704208680.9038095,-11.057661877334002,2.7568555758683777,-19.092584062643937,-28.789337657730705,35.51762114537445,48.038476952971756,,,False,,277.0,,2026-08-18,,full,"{""as_of"": ""2026-08-18"", ""listing_date"": null, ""reason_code"": ""valid_trading_sessions"", ""status"": ""full"", ""valid_trading_sessions"": 277}","[""l1.csv""]",[],64.2155,ranked,full,100.0,True,True,False
BP,BP p.l.c. Common Stock,nasdaqtrader:N:BP,common_equity,eligible,N,,43.41,,372674219.7633333,3.3571428571428585,-4.990151017728173,15.575079872204455,26.449169822312847,8.859962208692018,32.743886831738344,,,False,,277.0,,2026-08-18,,full,"{""as_of"": ""2026-08-18"", ""listing_date"": null, ""reason_code"": ""valid_trading_sessions"", ""status"": ""full"", ""valid_trading_sessions"": 277}","[""l1.csv""]",[],64.215,ranked,full,100.0,True,True,False
TPG,TPG Inc. - Class A Common Stock,nasdaqtrader:Q:TPG,common_equity,eligible,Q,,52.02,,113760933.03873016,21.06120549220387,25.804111245465535,10.916844349680188,-18.05293005671077,25.322997416020666,43.29093821779542,,,False,,277.0,,2026-08-18,,full,"{""as_of"": ""2026-08-18"", ""listing_date"": null, ""reason_code"": ""valid_trading_sessions"", ""status"": ""full"", ""valid_trading_sessions"": 277}","[""l1.csv""]",[],64.2097,ranked,full,100.0,True,True,False
PAYX,"Paychex, Inc. - Common Stock",nasdaqtrader:Q:PAYX,common_equity,eligible,Q,,119.93,,345625652.9388095,4.105902777777781,26.923483966557328,28.58368178406778,-13.251356238698008,14.828492294581352,33.05732220777339,,,False,,277.0,,2026-08-18,,full,"{""as_of"": ""2026-08-18"", ""listing_date"": null, ""reason_code"": ""valid_trading_sessions"", ""status"": ""full"", ""valid_trading_sessions"": 277}","[""l1.csv""]",[],64.2071,ranked,full,100.0,True,True,False
MRCY,Mercury Systems Inc - Common Stock,nasdaqtrader:Q:MRCY,common_equity,eligible,Q,,105.0,,76837450.13746032,10.841338541116862,12.43173787343399,26.0201632261162,57.42128935532234,16.805324459234605,74.28698985493699,,,False,,277.0,,2026-08-18,,full,"{""as_of"": ""2026-08-18"", ""listing_date"": null, ""reason_code"": ""valid_trading_sessions"", ""status"": ""full"", ""valid_trading_sessions"": 277}","[""l1.csv""]",[],64.2013,ranked,full,100.0,True,True,False
MRSH,Marsh Common Stock,nasdaqtrader:N:MRSH,common_equity,eligible,N,,186.37,,447356090.64603174,2.344865458539269,12.284612603928192,5.994426434624356,-10.057429660730666,11.760806779982014,27.87123060321683,,,False,,277.0,,2026-08-18,,full,"{""as_of"": ""2026-08-18"", ""listing_date"": null, ""reason_code"": ""valid_trading_sessions"", ""status"": ""full"", ""valid_trading_sessions"": 277}","[""l1.csv""]",[],64.1902,ranked,full,100.0,True,True,False
SAIL,"SailPoint, Inc. - Common Stock",nasdaqtrader:Q:SAIL,common_equity,eligible,Q,,19.2,,70235125.35126984,26.149802890932982,31.596984235777924,22.683706070287535,-6.204201270151444,18.747355057130765,60.868954363018155,,,False,,277.0,,2026-08-18,,full,"{""as_of"": ""2026-08-18"", ""listing_date"": null, ""reason_code"": ""valid_trading_sessions"", ""status"": ""full"", ""valid_trading_sessions"": 277}","[""l1.csv""]",[],64.1868,ranked,full,100.0,True,True,False
RL,Ralph Lauren Corporation Common Stock,nasdaqtrader:N:RL,common_equity,eligible,N,,378.25,,270811318.0177778,0.47014449638758116,16.073894497805874,2.0917678812415685,30.15725542823715,8.690404345202174,35.72920945763464,,,False,,277.0,,2026-08-18,,full,"{""as_of"": ""2026-08-18"", ""listing_date"": null, ""reason_code"": ""valid_trading_sessions"", ""status"": ""full"", ""valid_trading_sessions"": 277}","[""l1.csv""]",[],64.1726,ranked,full,100.0,True,True,False
VICR,Vicor Corporation - Common Stock,nasdaqtrader:Q:VICR,common_equity,eligible,Q,,242.41,,235963272.76007935,4.943936966968265,-2.654405268653126,54.12639877924721,408.7303252885625,36.170941071146444,89.68450542075253,,,False,,277.0,,2026-08-18,,full,"{""as_of"": ""2026-08-18"", ""listing_date"": null, ""reason_code"": ""valid_trading_sessions"", ""status"": ""full"", ""valid_trading_sessions"": 277}","[""l1.csv""]",[],64.1719,ranked,full,100.0,True,True,False
FERG,Ferguson Enterprises Inc. Common Stock,nasdaqtrader:N:FERG,common_equity,eligible,N,,244.47,,568501706.6273016,6.74613570867173,11.14798817913163,-5.8535833943081705,5.712185419008908,8.68103544880654,33.66794164219413,,,False,,277.0,,2026-08-18,,full,"{""as_of"": ""2026-08-18"", ""listing_date"": null, ""reason_code"": ""valid_trading_sessions"", ""status"": ""full"", ""valid_trading_sessions"": 277}","[""l1.csv""]",[],64.1703,ranked,full,100.0,True,True,False
NVR,"NVR, Inc. Common Stock",nasdaqtrader:N:NVR,common_equity,eligible,N,,6248.37,,205035442.4568254,-3.075705986830368,9.298766088602317,-15.801509230561916,-24.12422586520947,26.859768231300485,31.022759883397853,,,False,,277.0,,2026-08-18,,full,"{""as_of"": ""2026-08-18"", ""listing_date"": null, ""reason_code"": ""valid_trading_sessions"", ""status"": ""full"", ""valid_trading_sessions"": 277}","[""l1.csv""]",[],64.1646,ranked,full,100.0,True,True,False
VNT,Vontier Corporation Common Stock,nasdaqtrader:N:VNT,common_equity,eligible,N,,32.04,,53657352.00936508,7.552870090634434,14.469453376205799,-21.122599704579027,-23.913559724530987,26.698695950583396,29.21441257905127,,,False,,277.0,,2026-08-18,,full,"{""as_of"": ""2026-08-18"", ""listing_date"": null, ""reason_code"": ""valid_trading_sessions"", ""status"": ""full"", ""valid_trading_sessions"": 277}","[""l1.csv""]",[],64.1432,ranked,full,100.0,True,True,False
KHC,The Kraft Heinz Company - Common Stock,nasdaqtrader:Q:KHC,common_equity,eligible,Q,,24.82,,345327999.04333335,-4.021655065738594,6.295503211991438,4.373423044575264,-10.29996385977594,11.546685673556656,33.34272877501903,,,False,,277.0,,2026-08-18,,full,"{""as_of"": ""2026-08-18"", ""listing_date"": null, ""reason_code"": ""valid_trading_sessions"", ""status"": ""full"", ""valid_trading_sessions"": 277}","[""l1.csv""]",[],64.1367,ranked,full,100.0,True,True,False
SKM,"SK Telecom Co., Ltd. Common Stock",nasdaqtrader:N:SKM,common_equity,eligible,N,,38.41,,99219236.70936508,22.285896211397628,3.7827614158335576,14.896799282081963,70.33259423503324,16.500000000000004,69.21860675821104,,,False,,277.0,,2026-08-18,,full,"{""as_of"": ""2026-08-18"", ""listing_date"": null, ""reason_code"": ""valid_trading_sessions"", ""status"": ""full"", ""valid_trading_sessions"": 277}","[""l1.csv""]",[],64.125,ranked,full,100.0,True,True,False
DAL,"Delta Air Lines, Inc. Common Stock",nasdaqtrader:N:DAL,common_equity,eligible,N,,85.7,,594381404.262381,1.3721315353678598,22.0102505694761,20.959774170783362,42.26427622841966,8.498825539184274,32.78228888796916,,,False,,277.0,,2026-08-18,,full,"{""as_of"": ""2026-08-18"", ""listing_date"": null, ""reason_code"": ""valid_trading_sessions"", ""status"": ""full"", ""valid_trading_sessions"": 277}","[""l1.csv""]",[],64.1247,ranked,full,100.0,True,True,False
CPRT,"Copart, Inc. - Common Stock",nasdaqtrader:Q:CPRT,common_equity,eligible,Q,,31.51,,376924514.0095238,14.623499454347044,-5.771531100478455,-16.018123667377402,-33.07136788445199,36.94216529917951,39.318461127813784,,,False,,277.0,,2026-08-18,,full,"{""as_of"": ""2026-08-18"", ""listing_date"": null, ""reason_code"": ""valid_trading_sessions"", ""status"": ""full"", ""valid_trading_sessions"": 277}","[""l1.csv""]",[],64.1205,ranked,full,100.0,True,True,False
TIGO,Millicom International Cellular S.A. - Common Stock,nasdaqtrader:Q:TIGO,common_equity,eligible,Q,,87.19,,163193680.80396825,-10.464161018689666,8.001981915025391,31.70694864048338,95.18692634877992,16.41261624005369,54.491136545916795,,,False,,277.0,,2026-08-18,,full,"{""as_of"": ""2026-08-18"", ""listing_date"": null, ""reason_code"": ""valid_trading_sessions"", ""status"": ""full"", ""valid_trading_sessions"": 277}","[""l1.csv""]",[],64.1032,ranked,full,100.0,True,True,False
NRG,"NRG Energy, Inc. Common Stock",nasdaqtrader:N:NRG,common_equity,eligible,N,,115.56,,366862844.52809525,-11.502527186399147,-7.9203187250995954,-33.37561256846353,-22.244650787242637,37.205890343965656,69.84787309859868,,,False,,277.0,,2026-08-18,,full,"{""as_of"": ""2026-08-18"", ""listing_date"": null, ""reason_code"": ""valid_trading_sessions"", ""status"": ""full"", ""valid_trading_sessions"": 277}","[""l1.csv""]",[],64.1029,ranked,full,100.0,True,True,False
HBAN,Huntington Bancshares Incorporated - Common Stock,nasdaqtrader:Q:HBAN,common_equity,eligible,Q,,17.66,,404376720.355873,-2.2148394241417457,13.423249839434813,1.0875787063537645,6.578153289076649,8.354955889984428,25.291149832358716,,,False,,277.0,,2026-08-18,,full,"{""as_of"": ""2026-08-18"", ""listing_date"": null, ""reason_code"": ""valid_trading_sessions"", ""status"": ""full"", ""valid_trading_sessions"": 277}","[""l1.csv""]",[],64.0887,ranked,full,100.0,True,True,False
COCO,"The Vita Coco Company, Inc. - Common Stock",nasdaqtrader:Q:COCO,common_equity,eligible,Q,,63.54,,79308483.74039683,-13.984025991606885,-19.803104884513445,12.420382165605082,92.13788932567282,24.375148774101408,44.91110997865431,,,False,,277.0,,2026-08-18,,full,"{""as_of"": ""2026-08-18"", ""listing_date"": null, ""reason_code"": ""valid_trading_sessions"", ""status"": ""full"", ""valid_trading_sessions"": 277}","[""l1.csv""]",[],64.0834,ranked,full,100.0,True,True,False
NTR,Nutrien Ltd. Common Shares,nasdaqtrader:N:NTR,common_equity,eligible,N,,69.4,,181071411.86031747,4.110411041104123,-3.099692823233735,-0.6584597766962408,21.47733239978995,17.321896592804375,30.82432421880627,,,False,,277.0,,2026-08-18,,full,"{""as_of"": ""2026-08-18"", ""listing_date"": null, ""reason_code"": ""valid_trading_sessions"", ""status"": ""full"", ""valid_trading_sessions"": 277}","[""l1.csv""]",[],64.0805,ranked,full,100.0,True,True,False
REXR,"Rexford Industrial Realty, Inc. Common Stock",nasdaqtrader:N:REXR,common_equity,eligible,N,,37.04,,94518573.78666666,0.3522080736927835,5.018429259994317,-1.4107000266169845,-2.7310924369747913,16.312697695436064,36.42415910286823,,,False,,277.0,,2026-08-18,,full,"{""as_of"": ""2026-08-18"", ""listing_date"": null, ""reason_code"": ""valid_trading_sessions"", ""status"": ""full"", ""valid_trading_sessions"": 277}","[""l1.csv""]",[],64.0782,ranked,full,100.0,True,True,False
TS,Tenaris S.A. American Depositary Shares,nasdaqtrader:N:TS,adr,eligible,N,,52.95,,77730030.67968254,-5.598145837047608,-14.706829896907214,7.229647630619684,48.694187026116275,17.291471415182748,30.11316403527793,,,False,,277.0,,2026-08-18,,full,"{""as_of"": ""2026-08-18"", ""listing_date"": null, ""reason_code"": ""valid_trading_sessions"", ""status"": ""full"", ""valid_trading_sessions"": 277}","[""l1.csv""]",[],64.0729,ranked,full,100.0,True,True,False
VTR,"Ventas, Inc. Common Stock",nasdaqtrader:N:VTR,common_equity,eligible,N,,91.2,,335348242.9574603,-5.246753246753244,3.4717494894486167,4.960294625388428,34.572819831783995,9.28081169800059,33.30036030636146,,,False,,277.0,,2026-08-18,,full,"{""as_of"": ""2026-08-18"", ""listing_date"": null, ""reason_code"": ""valid_trading_sessions"", ""status"": ""full"", ""valid_trading_sessions"": 277}","[""l1.csv""]",[],64.0702,ranked,full,100.0,True,True,False
LHX,"L3Harris Technologies, Inc. Common Stock",nasdaqtrader:N:LHX,common_equity,eligible,N,,279.54,,425479564.2842857,-0.3600071288540341,-10.161974546856921,-19.345624513113467,3.322860839031616,26.141407736207988,38.364941421445806,,,False,,277.0,,2026-08-18,,full,"{""as_of"": ""2026-08-18"", ""listing_date"": null, ""reason_code"": ""valid_trading_sessions"", ""status"": ""full"", ""valid_trading_sessions"": 277}","[""l1.csv""]",[],64.0689,ranked,full,100.0,True,True,False
LEGN,Legend Biotech Corporation - American Depositary Shares,nasdaqtrader:Q:LEGN,adr,eligible,Q,,21.92,,72568263.59444444,-5.557949159844888,-18.75463306152705,21.03810049696302,-41.54666666666667,41.46862483311081,70.09810885562618,,,False,,277.0,,2026-08-18,,full,"{""as_of"": ""2026-08-18"", ""listing_date"": null, ""reason_code"": ""valid_trading_sessions"", ""status"": ""full"", ""valid_trading_sessions"": 277}","[""l1.csv""]",[],64.0688,ranked,full,100.0,True,True,False
AXTI,AXT Inc - Common Stock,nasdaqtrader:Q:AXTI,common_equity,eligible,Q,,82.31,,811344011.0169841,68.56440712676634,-22.26105024556101,254.63162429987074,3915.1219512195125,41.5536462401477,189.78226031644468,,,False,,277.0,,2026-08-18,,full,"{""as_of"": ""2026-08-18"", ""listing_date"": null, ""reason_code"": ""valid_trading_sessions"", ""status"": ""full"", ""valid_trading_sessions"": 277}","[""l1.csv""]",[],64.0631,ranked,full,100.0,True,True,False
CARR,Carrier Global Corporation Common Stock,nasdaqtrader:N:CARR,common_equity,eligible,N,,61.42,,435453145.775873,-8.3009853687668,-4.789955045729344,-7.541773295197962,-6.085626911314989,19.18421052631579,40.142545884070756,,,False,,277.0,,2026-08-18,,full,"{""as_of"": ""2026-08-18"", ""listing_date"": null, ""reason_code"": ""valid_trading_sessions"", ""status"": ""full"", ""valid_trading_sessions"": 277}","[""l1.csv""]",[],64.0461,ranked,full,100.0,True,True,False
AEIS,"Advanced Energy Industries, Inc. - Common Stock",nasdaqtrader:Q:AEIS,common_equity,eligible,Q,,314.43,,285776952.8693651,12.02836070830513,1.737526693845859,0.0986883993378429,107.68163804491415,19.180053977637833,82.86377487923076,,,False,,277.0,,2026-08-18,,full,"{""as_of"": ""2026-08-18"", ""listing_date"": null, ""reason_code"": ""valid_trading_sessions"", ""status"": ""full"", ""valid_trading_sessions"": 277}","[""l1.csv""]",[],64.045,ranked,full,100.0,True,True,False
RITM,Rithm Capital Corp. Common Stock,nasdaqtrader:N:RITM,common_equity,eligible,N,,10.2,,51678598.25460318,10.869565217391308,11.719605695509294,-3.7735849056603765,-17.00569568755086,19.17591125198098,28.001028188517818,,,False,,277.0,,2026-08-18,,full,"{""as_of"": ""2026-08-18"", ""listing_date"": null, ""reason_code"": ""valid_trading_sessions"", ""status"": ""full"", ""valid_trading_sessions"": 277}","[""l1.csv""]",[],64.044,ranked,full,100.0,True,True,False
MOH,Molina Healthcare Inc Common Stock,nasdaqtrader:N:MOH,common_equity,eligible,N,,203.61,,237353207.13079366,-11.362152278960425,10.13089571614021,50.066332547169814,21.56546659502061,16.168478260869556,46.17488979506984,,,False,,277.0,,2026-08-18,,full,"{""as_of"": ""2026-08-18"", ""listing_date"": null, ""reason_code"": ""valid_trading_sessions"", ""status"": ""full"", ""valid_trading_sessions"": 277}","[""l1.csv""]",[],64.0421,ranked,full,100.0,True,True,False
SWKS,"Skyworks Solutions, Inc. - Common Stock",nasdaqtrader:Q:SWKS,common_equity,eligible,Q,,67.43,,372747662.82396823,12.759197324414728,-4.150675195451292,8.478120978120995,-9.51422436929682,19.16806521217933,49.09118522134763,,,False,,277.0,,2026-08-18,,full,"{""as_of"": ""2026-08-18"", ""listing_date"": null, ""reason_code"": ""valid_trading_sessions"", ""status"": ""full"", ""valid_trading_sessions"": 277}","[""l1.csv""]",[],64.042,ranked,full,100.0,True,True,False
MCHP,Microchip Technology Incorporated - Common Stock,nasdaqtrader:Q:MCHP,common_equity,eligible,Q,,78.19,,1022878023.7417461,-2.881629611228431,-15.707201379905133,-0.9500886749429949,18.99254299193427,24.028371550719008,64.93841016385629,,,False,,277.0,,2026-08-18,,full,"{""as_of"": ""2026-08-18"", ""listing_date"": null, ""reason_code"": ""valid_trading_sessions"", ""status"": ""full"", ""valid_trading_sessions"": 277}","[""l1.csv""]",[],64.0371,ranked,full,100.0,True,True,False
BXP,"BXP, Inc. Common Stock",nasdaqtrader:N:BXP,common_equity,eligible,N,,66.19,,94471810.49285714,-2.5184094256259337,10.46395193591454,9.116386416089671,1.14608801955991,16.140884327885473,27.121899254661525,,,False,,277.0,,2026-08-18,,full,"{""as_of"": ""2026-08-18"", ""listing_date"": null, ""reason_code"": ""valid_trading_sessions"", ""status"": ""full"", ""valid_trading_sessions"": 277}","[""l1.csv""]",[],64.0352,ranked,full,100.0,True,True,False
FNV,Franco-Nevada Corporation,qrgf-resolution-required:N:FNV,common_equity,eligible,N,,232.96,,182172100.1777778,16.381076085327486,3.3494521094893814,-6.715252472670475,31.341264024355866,17.042945659141083,33.49357600401115,,,False,,277.0,,2026-08-18,,full,"{""as_of"": ""2026-08-18"", ""listing_date"": null, ""reason_code"": ""valid_trading_sessions"", ""status"": ""full"", ""valid_trading_sessions"": 277}","[""l1.csv""]",[],64.0107,ranked,full,100.0,True,True,False
VECO,Veeco Instruments Inc. - Common Stock,nasdaqtrader:Q:VECO,common_equity,eligible,Q,,50.91,,81960393.52396826,0.43401065298875885,-8.517520215633423,48.20960698689956,113.72795969773297,38.692196531791915,76.10495181182765,,,False,,277.0,,2026-08-18,,full,"{""as_of"": ""2026-08-18"", ""listing_date"": null, ""reason_code"": ""valid_trading_sessions"", ""status"": ""full"", ""valid_trading_sessions"": 277}","[""l1.csv""]",[],64.0039,ranked,full,100.0,True,True,False
CNX,CNX Resources Corporation Common Stock,nasdaqtrader:N:CNX,common_equity,eligible,N,,35.37,,60434088.26238096,8.297611757501544,-3.254923413566757,-11.197589756464977,22.855158040986456,16.991316592349214,26.044033680817037,,,False,,277.0,,2026-08-18,,full,"{""as_of"": ""2026-08-18"", ""listing_date"": null, ""reason_code"": ""valid_trading_sessions"", ""status"": ""full"", ""valid_trading_sessions"": 277}","[""l1.csv""]",[],63.9978,ranked,full,100.0,True,True,False
AR,Antero Resources Corporation Common Stock,nasdaqtrader:N:AR,common_equity,eligible,N,,37.04,,165239349.54666668,11.465543183870007,-3.441084462982269,10.139756170086223,15.749999999999996,17.962347729789585,38.90174398558836,,,False,,277.0,,2026-08-18,,full,"{""as_of"": ""2026-08-18"", ""listing_date"": null, ""reason_code"": ""valid_trading_sessions"", ""status"": ""full"", ""valid_trading_sessions"": 277}","[""l1.csv""]",[],63.9906,ranked,full,100.0,True,True,False
WAL,Western Alliance Bancorporation Common Stock (DE),nasdaqtrader:N:WAL,common_equity,eligible,N,,80.75,,82471561.4704762,-0.2717055699641868,5.431518474996722,-14.66765296417626,-2.1804966686856386,15.955453788509576,28.044171136334185,,,False,,277.0,,2026-08-18,,full,"{""as_of"": ""2026-08-18"", ""listing_date"": null, ""reason_code"": ""valid_trading_sessions"", ""status"": ""full"", ""valid_trading_sessions"": 277}","[""l1.csv""]",[],63.9889,ranked,full,100.0,True,True,False
BX,Blackstone Inc. Common Stock,nasdaqtrader:N:BX,common_equity,eligible,N,,140.59,,636899417.993492,13.736752689911814,20.121326042378662,7.002054950909509,-18.080643281668806,25.487598049607808,36.92111153258062,,,False,,277.0,,2026-08-18,,full,"{""as_of"": ""2026-08-18"", ""listing_date"": null, ""reason_code"": ""valid_trading_sessions"", ""status"": ""full"", ""valid_trading_sessions"": 277}","[""l1.csv""]",[],63.9817,ranked,full,100.0,True,True,False
NET,"Cloudflare, Inc. Class A Common Stock",nasdaqtrader:N:NET,common_equity,eligible,N,,301.36,,979648650.265238,10.62330225387269,49.3729863692689,55.59686080132178,49.997511323478186,8.907898316355823,47.19201105583626,,,False,,277.0,,2026-08-18,,full,"{""as_of"": ""2026-08-18"", ""listing_date"": null, ""reason_code"": ""valid_trading_sessions"", ""status"": ""full"", ""valid_trading_sessions"": 277}","[""l1.csv""]",[],63.977,ranked,full,100.0,True,True,False
GOLD,"Gold.com, Inc. Common Stock",nasdaqtrader:N:GOLD,common_equity,eligible,N,,41.84,,17099016.45920635,11.365451157838713,5.496722138174492,-28.71017209064576,78.49829351535837,34.76769566573121,50.42218584914985,,,False,,277.0,,2026-08-18,,full,"{""as_of"": ""2026-08-18"", ""listing_date"": null, ""reason_code"": ""valid_trading_sessions"", ""status"": ""full"", ""valid_trading_sessions"": 277}","[""l1.csv""]",[],63.969,ranked,full,100.0,True,True,False
QURE,uniQure N.V. - Ordinary Shares,nasdaqtrader:Q:QURE,common_equity,eligible,Q,,47.38,,77181445.49253967,19.345088161209055,90.05214600882472,117.83908045977012,192.8306551297899,32.88001133305001,49.29718425548284,,,False,,277.0,,2026-08-18,,full,"{""as_of"": ""2026-08-18"", ""listing_date"": null, ""reason_code"": ""valid_trading_sessions"", ""status"": ""full"", ""valid_trading_sessions"": 277}","[""l1.csv""]",[],63.9673,ranked,full,100.0,True,True,False
PRM,"Perimeter Solutions, SA Common Stock",nasdaqtrader:N:PRM,common_equity,eligible,N,,31.8,,56287158.073492065,-8.278050187481977,-4.904306220095689,20.18140589569162,71.33620689655173,15.828480677607203,79.56986353266015,,,False,,277.0,,2026-08-18,,full,"{""as_of"": ""2026-08-18"", ""listing_date"": null, ""reason_code"": ""valid_trading_sessions"", ""status"": ""full"", ""valid_trading_sessions"": 277}","[""l1.csv""]",[],63.9571,ranked,full,100.0,True,True,False
SMH,VanEck Semiconductor ETF,US:SMH,etf,eligible,Q,,569.77,,6663967864.180953,1.9576615428663402,4.322909037644651,39.81742779318298,92.71774057162186,14.82112690795473,45.49451549788455,,,False,,277.0,,2026-08-18,,full,"{""as_of"": ""2026-08-18"", ""listing_date"": null, ""reason_code"": ""valid_trading_sessions"", ""status"": ""full"", ""valid_trading_sessions"": 277}","[""l1.csv""]",[],63.9553,ranked,full,100.0,True,True,False
DOCN,"DigitalOcean Holdings, Inc. Common Stock",nasdaqtrader:N:DOCN,common_equity,eligible,N,,125.25,,484626032.4198413,5.172558569149377,-15.044427864071086,85.11676027194798,303.51159793814435,30.911798775442655,93.29359543826087,,,False,,277.0,,2026-08-18,,full,"{""as_of"": ""2026-08-18"", ""listing_date"": null, ""reason_code"": ""valid_trading_sessions"", ""status"": ""full"", ""valid_trading_sessions"": 277}","[""l1.csv""]",[],63.9549,ranked,full,100.0,True,True,False
TTMI,"TTM Technologies, Inc. - Common Stock",nasdaqtrader:Q:TTMI,common_equity,eligible,Q,,125.71,,472957185.5792063,-5.601862281294578,-20.867430441898538,38.279617203827954,200.74162679425837,43.23836185487877,97.50959226750349,,,False,,277.0,,2026-08-18,,full,"{""as_of"": ""2026-08-18"", ""listing_date"": null, ""reason_code"": ""valid_trading_sessions"", ""status"": ""full"", ""valid_trading_sessions"": 277}","[""l1.csv""]",[],63.9508,ranked,full,100.0,True,True,False
REAL,"The RealReal, Inc. - Common Stock",nasdaqtrader:Q:REAL,common_equity,eligible,Q,,11.05,,36254548.05396826,-3.9965247610773136,16.807610993657505,1.3761467889908285,42.949547218628716,34.615384615384606,44.05478222460601,,,False,,277.0,,2026-08-18,,full,"{""as_of"": ""2026-08-18"", ""listing_date"": null, ""reason_code"": ""valid_trading_sessions"", ""status"": ""full"", ""valid_trading_sessions"": 277}","[""l1.csv""]",[],63.9487,ranked,full,100.0,True,True,False
MXL,"MaxLinear, Inc - Common Stock",nasdaqtrader:Q:MXL,common_equity,eligible,Q,,72.63,,341392806.20698416,-3.172910278629526,-16.956322890464214,266.4480322906155,375.0163505559189,43.27110833398423,145.12978644787907,,,False,,277.0,,2026-08-18,,full,"{""as_of"": ""2026-08-18"", ""listing_date"": null, ""reason_code"": ""valid_trading_sessions"", ""status"": ""full"", ""valid_trading_sessions"": 277}","[""l1.csv""]",[],63.9486,ranked,full,100.0,True,True,False
FFIV,"F5, Inc. - Common Stock",nasdaqtrader:Q:FFIV,common_equity,eligible,Q,,393.62,,267596151.03,-4.442610215575837,3.655132459050936,45.47268829920912,24.823999492611158,8.727913555627698,35.74962581170873,,,False,,277.0,,2026-08-18,,full,"{""as_of"": ""2026-08-18"", ""listing_date"": null, ""reason_code"": ""valid_trading_sessions"", ""status"": ""full"", ""valid_trading_sessions"": 277}","[""l1.csv""]",[],63.932,ranked,full,100.0,True,True,False
CX,"Cemex, S.A.B. de C.V. Sponsored ADR",nasdaqtrader:N:CX,adr,eligible,N,,10.66,,68451614.37111111,-14.651721377101678,-16.062992125984245,-14.719999999999999,24.97069167643613,21.328413284132843,27.879985403122355,,,False,,277.0,,2026-08-18,,full,"{""as_of"": ""2026-08-18"", ""listing_date"": null, ""reason_code"": ""valid_trading_sessions"", ""status"": ""full"", ""valid_trading_sessions"": 277}","[""l1.csv""]",[],63.9271,ranked,full,100.0,True,True,False
BAND,Bandwidth Inc. - Class A Common Stock,nasdaqtrader:Q:BAND,common_equity,eligible,Q,,52.94,,76086422.7002381,-23.05232558139535,-5.379803395889193,311.3442113442114,275.72746628814764,32.50892401835797,133.67429328497784,,,False,,277.0,,2026-08-18,,full,"{""as_of"": ""2026-08-18"", ""listing_date"": null, ""reason_code"": ""valid_trading_sessions"", ""status"": ""full"", ""valid_trading_sessions"": 277}","[""l1.csv""]",[],63.9179,ranked,full,100.0,True,True,False
LEA,Lear Corporation Common Stock,nasdaqtrader:N:LEA,common_equity,eligible,N,,123.9,,90472655.27920635,-11.601027397260266,-4.95550782448605,-9.363569861009502,20.972466315172824,16.666666666666664,45.25694099508318,,,False,,277.0,,2026-08-18,,full,"{""as_of"": ""2026-08-18"", ""listing_date"": null, ""reason_code"": ""valid_trading_sessions"", ""status"": ""full"", ""valid_trading_sessions"": 277}","[""l1.csv""]",[],63.9167,ranked,full,100.0,True,True,False
SAP,SAP  SE ADS,nasdaqtrader:N:SAP,adr,eligible,N,,210.47,,535216147.145873,32.914430059993684,20.530294353453215,4.467166327492933,-24.250494871333462,24.95543036440133,47.53136523435924,,,False,,277.0,,2026-08-18,,full,"{""as_of"": ""2026-08-18"", ""listing_date"": null, ""reason_code"": ""valid_trading_sessions"", ""status"": ""full"", ""valid_trading_sessions"": 277}","[""l1.csv""]",[],63.9107,ranked,full,100.0,True,True,False
SPGI,S&P Global Inc. Common Stock,nasdaqtrader:N:SPGI,common_equity,eligible,N,,418.04,,942466768.9604763,-6.760343481654962,0.15093073956062852,1.8491899135095746,-24.87645335777311,24.9519774518428,28.40635916304303,,,False,,277.0,,2026-08-18,,full,"{""as_of"": ""2026-08-18"", ""listing_date"": null, ""reason_code"": ""valid_trading_sessions"", ""status"": ""full"", ""valid_trading_sessions"": 277}","[""l1.csv""]",[],63.9103,ranked,full,100.0,True,True,False
NUAI,"New Era Energy & Digital, Inc. - Common Stock",nasdaqtrader:Q:NUAI,common_equity,eligible,Q,,5.13,,41244789.37214286,-0.3883495145631133,18.339100346020754,20.281359906213382,1083.3910034602075,36.35235732009926,130.5226624124576,,,False,,277.0,,2026-08-18,,full,"{""as_of"": ""2026-08-18"", ""listing_date"": null, ""reason_code"": ""valid_trading_sessions"", ""status"": ""full"", ""valid_trading_sessions"": 277}","[""l1.csv""]",[],63.9098,ranked,full,100.0,True,True,False
ENS,EnerSys Common Stock,nasdaqtrader:N:ENS,common_equity,eligible,N,,200.56,,118033331.22428572,4.306220095693791,-10.627868633305104,12.636190048298324,103.9662361435981,17.580340264650285,41.666138530877376,,,False,,277.0,,2026-08-18,,full,"{""as_of"": ""2026-08-18"", ""listing_date"": null, ""reason_code"": ""valid_trading_sessions"", ""status"": ""full"", ""valid_trading_sessions"": 277}","[""l1.csv""]",[],63.8951,ranked,full,100.0,True,True,False
VMI,"Valmont Industries, Inc. Common Stock",nasdaqtrader:N:VMI,common_equity,eligible,N,,487.36,,118937963.09365079,-7.3248649882102335,-2.6603818806423263,9.775655464456268,30.39732441471572,16.483591808756735,33.22788512146324,,,False,,277.0,,2026-08-18,,full,"{""as_of"": ""2026-08-18"", ""listing_date"": null, ""reason_code"": ""valid_trading_sessions"", ""status"": ""full"", ""valid_trading_sessions"": 277}","[""l1.csv""]",[],63.8709,ranked,full,100.0,True,True,False
ADSK,"Autodesk, Inc. - Common Stock",nasdaqtrader:Q:ADSK,common_equity,eligible,Q,,246.79,,577511776.9087301,13.310376492194663,1.3552917984311463,9.528670335522804,-13.929480696125285,24.48055326050369,44.73046207760355,,,False,,277.0,,2026-08-18,,full,"{""as_of"": ""2026-08-18"", ""listing_date"": null, ""reason_code"": ""valid_trading_sessions"", ""status"": ""full"", ""valid_trading_sessions"": 277}","[""l1.csv""]",[],63.8474,ranked,full,100.0,True,True,False
ALC,Alcon Inc. Ordinary Shares,nasdaqtrader:N:ALC,common_equity,eligible,N,,73.55,,146734672.96285713,5.011422044545966,11.490071244505074,-8.882556987115963,-16.144111275795236,18.386595650244132,29.025755544214093,,,False,,277.0,,2026-08-18,,full,"{""as_of"": ""2026-08-18"", ""listing_date"": null, ""reason_code"": ""valid_trading_sessions"", ""status"": ""full"", ""valid_trading_sessions"": 277}","[""l1.csv""]",[],63.8466,ranked,full,100.0,True,True,False
HCA,"HCA Healthcare, Inc. Common Stock",nasdaqtrader:N:HCA,common_equity,eligible,N,,411.73,,641721682.2452381,11.152205604449005,-2.615955911918444,-23.00946183477317,4.02738826145177,24.47122704675948,42.17407681632048,,,False,,277.0,,2026-08-18,,full,"{""as_of"": ""2026-08-18"", ""listing_date"": null, ""reason_code"": ""valid_trading_sessions"", ""status"": ""full"", ""valid_trading_sessions"": 277}","[""l1.csv""]",[],63.8462,ranked,full,100.0,True,True,False
CIFR,Cipher Digital Inc. - Common Stock,nasdaqtrader:Q:CIFR,common_equity,eligible,Q,,16.095,,614362088.0523015,-21.640701071080827,-15.82112970711298,2.9092071611253045,208.9251439539347,44.84235777930089,150.6784469345399,,,False,,277.0,,2026-08-18,,full,"{""as_of"": ""2026-08-18"", ""listing_date"": null, ""reason_code"": ""valid_trading_sessions"", ""status"": ""full"", ""valid_trading_sessions"": 277}","[""l1.csv""]",[],63.8438,ranked,full,100.0,True,True,False
ICHR,Ichor Holdings - Ordinary Shares,nasdaqtrader:Q:ICHR,common_equity,eligible,Q,,66.08,,94001633.81730159,-21.041940494682756,-0.7807807807807765,40.38665816868494,268.13370473537606,41.14713216957606,121.88035463585972,,,False,,277.0,,2026-08-18,,full,"{""as_of"": ""2026-08-18"", ""listing_date"": null, ""reason_code"": ""valid_trading_sessions"", ""status"": ""full"", ""valid_trading_sessions"": 277}","[""l1.csv""]",[],63.8402,ranked,full,100.0,True,True,False
NVS,Novartis AG Common Stock,nasdaqtrader:N:NVS,common_equity,eligible,N,,154.55,,282788471.3431746,3.3364535972185028,3.6205162587998663,-6.9928386592044145,24.426374688028353,8.344205906772617,20.88771638737637,,,False,,277.0,,2026-08-18,,full,"{""as_of"": ""2026-08-18"", ""listing_date"": null, ""reason_code"": ""valid_trading_sessions"", ""status"": ""full"", ""valid_trading_sessions"": 277}","[""l1.csv""]",[],63.8361,ranked,full,100.0,True,True,False
ETR,Entergy Corporation Common Stock,nasdaqtrader:N:ETR,common_equity,eligible,N,,108.08,,339909314.2788889,-3.422392994370471,-1.3688629311918277,3.4852546916890104,21.274685816876104,8.336867102026968,19.766777304880698,,,False,,277.0,,2026-08-18,,full,"{""as_of"": ""2026-08-18"", ""listing_date"": null, ""reason_code"": ""valid_trading_sessions"", ""status"": ""full"", ""valid_trading_sessions"": 277}","[""l1.csv""]",[],63.8342,ranked,full,100.0,True,True,False
AOS,A.O. Smith Corporation Common Stock,nasdaqtrader:N:AOS,common_equity,eligible,N,,60.86,,102497086.46031746,3.3627717391304213,7.33686067019399,-23.417641877438022,-15.718044592161739,24.369330185162173,31.15246289599397,,,False,,277.0,,2026-08-18,,full,"{""as_of"": ""2026-08-18"", ""listing_date"": null, ""reason_code"": ""valid_trading_sessions"", ""status"": ""full"", ""valid_trading_sessions"": 277}","[""l1.csv""]",[],63.8326,ranked,full,100.0,True,True,False
EVC,Entravision Communications Corporation Common Stock,nasdaqtrader:N:EVC,common_equity,eligible,N,,8.42,,21966701.542380955,-23.662737987307338,5.249999999999999,194.40559440559443,242.27642276422765,37.53709198813057,84.31207003973962,,,False,,277.0,,2026-08-18,,full,"{""as_of"": ""2026-08-18"", ""listing_date"": null, ""reason_code"": ""valid_trading_sessions"", ""status"": ""full"", ""valid_trading_sessions"": 277}","[""l1.csv""]",[],63.8309,ranked,full,100.0,True,True,False
FOXA,Fox Corporation - Class A Common Stock,nasdaqtrader:Q:FOXA,common_equity,eligible,Q,,69.03,,357393131.0580952,20.093945720250538,4.797328070441775,22.32854864433813,18.283070596298835,9.302325581395344,33.48316773925685,,,False,,277.0,,2026-08-18,,full,"{""as_of"": ""2026-08-18"", ""listing_date"": null, ""reason_code"": ""valid_trading_sessions"", ""status"": ""full"", ""valid_trading_sessions"": 277}","[""l1.csv""]",[],63.8256,ranked,full,100.0,True,True,False
VSAT,"ViaSat, Inc. - Common Stock",nasdaqtrader:Q:VSAT,common_equity,eligible,Q,,76.07,,205179472.74873015,9.437491008487964,6.361856823266221,64.58243184768497,180.70110701107006,15.298964480570099,68.45864878372191,,,False,,277.0,,2026-08-18,,full,"{""as_of"": ""2026-08-18"", ""listing_date"": null, ""reason_code"": ""valid_trading_sessions"", ""status"": ""full"", ""valid_trading_sessions"": 277}","[""l1.csv""]",[],63.8247,ranked,full,100.0,True,True,False
SLB,SLB Limited Common Shares,nasdaqtrader:N:SLB,common_equity,eligible,N,,53.21,,705860602.7836509,14.701444276783793,-6.894138232720904,6.761637239165319,61.29130039405879,8.27443544216514,42.55266844703415,,,False,,277.0,,2026-08-18,,full,"{""as_of"": ""2026-08-18"", ""listing_date"": null, ""reason_code"": ""valid_trading_sessions"", ""status"": ""full"", ""valid_trading_sessions"": 277}","[""l1.csv""]",[],63.8186,ranked,full,100.0,True,True,False
INFY,Infosys Limited American Depositary Shares,nasdaqtrader:N:INFY,adr,eligible,N,,11.83,,268273749.29333332,4.597701149425282,-6.0365369340746655,-19.796610169491522,-28.562801932367144,41.49357072205736,45.90751430932095,,,False,,277.0,,2026-08-18,,full,"{""as_of"": ""2026-08-18"", ""listing_date"": null, ""reason_code"": ""valid_trading_sessions"", ""status"": ""full"", ""valid_trading_sessions"": 277}","[""l1.csv""]",[],63.8171,ranked,full,100.0,True,True,False
UUUU,Energy Fuels Inc Ordinary Shares (Canada),nasdaqtrader:A:UUUU,common_equity,eligible,A,,14.09,,131151910.58507936,20.017035775127766,-19.02298850574712,-31.502187651920277,43.922369765066406,49.17027417027416,69.5248152545875,,,False,,277.0,,2026-08-18,,full,"{""as_of"": ""2026-08-18"", ""listing_date"": null, ""reason_code"": ""valid_trading_sessions"", ""status"": ""full"", ""valid_trading_sessions"": 277}","[""l1.csv""]",[],63.8053,ranked,full,100.0,True,True,False
PG,Procter & Gamble Company (The) Common Stock,nasdaqtrader:N:PG,common_equity,eligible,N,,143.45,,1317070039.3384128,-3.8087574599342866,0.7444343001615339,-10.090880601692277,-7.067893236589806,14.204545454545459,18.15832284841861,,,False,,277.0,,2026-08-18,,full,"{""as_of"": ""2026-08-18"", ""listing_date"": null, ""reason_code"": ""valid_trading_sessions"", ""status"": ""full"", ""valid_trading_sessions"": 277}","[""l1.csv""]",[],63.8011,ranked,full,100.0,True,True,False
CVCO,"Cavco Industries, Inc. - Common Stock",nasdaqtrader:Q:CVCO,common_equity,eligible,Q,,584.77,,73102903.46555555,3.1394959168915326,27.648381393115184,-0.08884484614464228,21.77127150056224,16.19324696170603,34.29125616800563,,,False,,277.0,,2026-08-18,,full,"{""as_of"": ""2026-08-18"", ""listing_date"": null, ""reason_code"": ""valid_trading_sessions"", ""status"": ""full"", ""valid_trading_sessions"": 277}","[""l1.csv""]",[],63.7983,ranked,full,100.0,True,True,False
WMT,Walmart Inc. - Common Stock,nasdaqtrader:Q:WMT,common_equity,eligible,Q,,115.2,,2742221202.321746,2.673796791443861,-13.604319784010798,-10.59371362048893,15.200000000000014,14.157973174366612,19.58229105723661,,,False,,277.0,,2026-08-18,,full,"{""as_of"": ""2026-08-18"", ""listing_date"": null, ""reason_code"": ""valid_trading_sessions"", ""status"": ""full"", ""valid_trading_sessions"": 277}","[""l1.csv""]",[],63.7895,ranked,full,100.0,True,True,False
DVN,Devon Energy Corporation Common Stock,nasdaqtrader:N:DVN,common_equity,eligible,N,,47.83,,572043834.9,9.25079945180447,-3.7238325281803597,8.60581289736604,41.97091124962897,8.142884578452092,37.07628307076828,,,False,,277.0,,2026-08-18,,full,"{""as_of"": ""2026-08-18"", ""listing_date"": null, ""reason_code"": ""valid_trading_sessions"", ""status"": ""full"", ""valid_trading_sessions"": 277}","[""l1.csv""]",[],63.7857,ranked,full,100.0,True,True,False
AG,First Majestic Silver Corp. Ordinary Shares (Canada),nasdaqtrader:N:AG,common_equity,eligible,N,,18.48,,194954523.85492066,16.593059936908517,-6.33552965027876,-14.245939675174013,108.8135593220339,42.268041237113394,61.85790513347741,,,False,,277.0,,2026-08-18,,full,"{""as_of"": ""2026-08-18"", ""listing_date"": null, ""reason_code"": ""valid_trading_sessions"", ""status"": ""full"", ""valid_trading_sessions"": 277}","[""l1.csv""]",[],63.7655,ranked,full,100.0,True,True,False
NPO,Enpro Inc. Common Stock,nasdaqtrader:N:NPO,common_equity,eligible,N,,329.43,,85127429.39190476,1.4754805322819253,7.421658460234126,22.291929616155628,47.81262619464262,15.018702437766018,43.46147435104793,,,False,,277.0,,2026-08-18,,full,"{""as_of"": ""2026-08-18"", ""listing_date"": null, ""reason_code"": ""valid_trading_sessions"", ""status"": ""full"", ""valid_trading_sessions"": 277}","[""l1.csv""]",[],63.7547,ranked,full,100.0,True,True,False
SANA,"Sana Biotechnology, Inc. - Common Stock",nasdaqtrader:Q:SANA,common_equity,eligible,Q,,3.63,,10661386.89063492,15.605095541401258,19.407894736842103,-5.714285714285716,9.009009009009006,38.682432432432435,56.760371027898,,,False,,277.0,,2026-08-18,,full,"{""as_of"": ""2026-08-18"", ""listing_date"": null, ""reason_code"": ""valid_trading_sessions"", ""status"": ""full"", ""valid_trading_sessions"": 277}","[""l1.csv""]",[],63.7545,ranked,full,100.0,True,True,False
DCI,"Donaldson Company, Inc. Common Stock",nasdaqtrader:N:DCI,common_equity,eligible,N,,93.97,,67735852.40571429,4.830432842481036,13.95828280378366,-13.535149061464857,28.05941673480512,15.01311386452021,20.94914909836541,,,False,,277.0,,2026-08-18,,full,"{""as_of"": ""2026-08-18"", ""listing_date"": null, ""reason_code"": ""valid_trading_sessions"", ""status"": ""full"", ""valid_trading_sessions"": 277}","[""l1.csv""]",[],63.7533,ranked,full,100.0,True,True,False
ALGN,"Align Technology, Inc. - Common Stock",nasdaqtrader:Q:ALGN,common_equity,eligible,Q,,167.91,,176584311.17642856,-4.078834618680382,5.75009447033632,-10.314069009721184,17.889489573825724,14.986582957824924,39.91243320287537,,,False,,277.0,,2026-08-18,,full,"{""as_of"": ""2026-08-18"", ""listing_date"": null, ""reason_code"": ""valid_trading_sessions"", ""status"": ""full"", ""valid_trading_sessions"": 277}","[""l1.csv""]",[],63.7466,ranked,full,100.0,True,True,False
FICO,Fair Isaac Corporation Common Stock,nasdaqtrader:N:FICO,common_equity,eligible,N,,1078.12,,390836942.46952385,-14.694223115450654,-8.774601885227874,-20.233796981355432,-19.73257095208316,42.639461573248916,72.3413082546037,,,False,,277.0,,2026-08-18,,full,"{""as_of"": ""2026-08-18"", ""listing_date"": null, ""reason_code"": ""valid_trading_sessions"", ""status"": ""full"", ""valid_trading_sessions"": 277}","[""l1.csv""]",[],63.7407,ranked,full,100.0,True,True,False
RBC,RBC Bearings Incorporated Common Stock,nasdaqtrader:N:RBC,common_equity,eligible,N,,545.65,,148783622.38,-4.086834241518722,-0.9925243141239659,-1.3166223572604108,38.22672577580746,15.910246729029575,25.717245089498995,,,False,,277.0,,2026-08-18,,full,"{""as_of"": ""2026-08-18"", ""listing_date"": null, ""reason_code"": ""valid_trading_sessions"", ""status"": ""full"", ""valid_trading_sessions"": 277}","[""l1.csv""]",[],63.7276,ranked,full,100.0,True,True,False
CSL,Carlisle Companies Incorporated Common Stock,nasdaqtrader:N:CSL,common_equity,eligible,N,,356.36,,167317762.76984128,8.875378081940678,6.83214917408641,-12.669705435475176,-6.570185097792458,14.897072168887615,48.77742641063961,,,False,,277.0,,2026-08-18,,full,"{""as_of"": ""2026-08-18"", ""listing_date"": null, ""reason_code"": ""valid_trading_sessions"", ""status"": ""full"", ""valid_trading_sessions"": 277}","[""l1.csv""]",[],63.7243,ranked,full,100.0,True,True,False
CMG,"Chipotle Mexican Grill, Inc. Common Stock",nasdaqtrader:N:CMG,common_equity,eligible,N,,33.36,,655334521.2893652,0.6942348324781022,-1.1555555555555541,-11.932418162618808,-24.250681198910083,23.556370302474793,59.483549609822326,,,False,,277.0,,2026-08-18,,full,"{""as_of"": ""2026-08-18"", ""listing_date"": null, ""reason_code"": ""valid_trading_sessions"", ""status"": ""full"", ""valid_trading_sessions"": 277}","[""l1.csv""]",[],63.7242,ranked,full,100.0,True,True,False
MKC,"McCormick & Company, Incorporated Common Stock",nasdaqtrader:N:MKC,common_equity,eligible,N,,55.28,,196759304.81269842,5.819295558958659,18.37259100642399,-20.10406128053186,-20.688665710186516,23.49847771934681,28.208203952634452,,,False,,277.0,,2026-08-18,,full,"{""as_of"": ""2026-08-18"", ""listing_date"": null, ""reason_code"": ""valid_trading_sessions"", ""status"": ""full"", ""valid_trading_sessions"": 277}","[""l1.csv""]",[],63.7165,ranked,full,100.0,True,True,False
NBIX,"Neurocrine Biosciences, Inc. - Common Stock",nasdaqtrader:Q:NBIX,common_equity,eligible,Q,,154.23,,208908398.61166665,-10.849710982658966,-1.8955537179568882,20.718534752661235,16.04966139954851,16.85714285714286,42.87748847527125,,,False,,277.0,,2026-08-18,,full,"{""as_of"": ""2026-08-18"", ""listing_date"": null, ""reason_code"": ""valid_trading_sessions"", ""status"": ""full"", ""valid_trading_sessions"": 277}","[""l1.csv""]",[],63.7143,ranked,full,100.0,True,True,False
ADP,"Automatic Data Processing, Inc. - Common Stock",nasdaqtrader:Q:ADP,common_equity,eligible,Q,,269.31,,636155699.0719842,5.512458862247294,20.799318202206884,26.389149615168005,-10.762450710759142,12.853121056208128,31.921537355138952,,,False,,277.0,,2026-08-18,,full,"{""as_of"": ""2026-08-18"", ""listing_date"": null, ""reason_code"": ""valid_trading_sessions"", ""status"": ""full"", ""valid_trading_sessions"": 277}","[""l1.csv""]",[],63.7133,ranked,full,100.0,True,True,False
WMS,"Advanced Drainage Systems, Inc. Common Stock",nasdaqtrader:N:WMS,common_equity,eligible,N,,144.1,,124999978.51968254,0.741051454138697,6.51981076286221,-15.617497218481002,3.7810586964349913,17.835557076063402,39.4399121864598,,,False,,277.0,,2026-08-18,,full,"{""as_of"": ""2026-08-18"", ""listing_date"": null, ""reason_code"": ""valid_trading_sessions"", ""status"": ""full"", ""valid_trading_sessions"": 277}","[""l1.csv""]",[],63.7089,ranked,full,100.0,True,True,False
VMC,Vulcan Materials Company (Holding Company) Common Stock,nasdaqtrader:N:VMC,common_equity,eligible,N,,271.65,,329119853.7001587,-3.1964934787256927,1.9975218713625953,-10.115147905499322,-6.8479528153076,17.77401095741139,33.07604950484249,,,False,,277.0,,2026-08-18,,full,"{""as_of"": ""2026-08-18"", ""listing_date"": null, ""reason_code"": ""valid_trading_sessions"", ""status"": ""full"", ""valid_trading_sessions"": 277}","[""l1.csv""]",[],63.6935,ranked,full,100.0,True,True,False
VICI,VICI Properties Inc. Common Stock,nasdaqtrader:N:VICI,common_equity,eligible,N,,25.91,,264184738.9195238,-3.4649776453055114,-9.087719298245611,-13.228399196249164,-20.276923076923083,23.297809354647725,20.34241506353738,,,False,,277.0,,2026-08-18,,full,"{""as_of"": ""2026-08-18"", ""listing_date"": null, ""reason_code"": ""valid_trading_sessions"", ""status"": ""full"", ""valid_trading_sessions"": 277}","[""l1.csv""]",[],63.6897,ranked,full,100.0,True,True,False
TEL,TE Connectivity plc Ordinary Shares,nasdaqtrader:N:TEL,common_equity,eligible,N,,204.97,,523527386.30793655,0.9008565521315459,2.224327963692585,-13.111487918609587,1.114893197178235,17.682730923694777,35.371302637752514,,,False,,277.0,,2026-08-18,,full,"{""as_of"": ""2026-08-18"", ""listing_date"": null, ""reason_code"": ""valid_trading_sessions"", ""status"": ""full"", ""valid_trading_sessions"": 277}","[""l1.csv""]",[],63.6707,ranked,full,100.0,True,True,False
PLXS,Plexus Corp. - Common Stock,nasdaqtrader:Q:PLXS,common_equity,eligible,Q,,253.15,,84589997.96428572,0.22170315531098161,-2.2096032757754847,29.191120183720344,93.28853936015882,16.677638075176084,44.66933714313263,,,False,,277.0,,2026-08-18,,full,"{""as_of"": ""2026-08-18"", ""listing_date"": null, ""reason_code"": ""valid_trading_sessions"", ""status"": ""full"", ""valid_trading_sessions"": 277}","[""l1.csv""]",[],63.6694,ranked,full,100.0,True,True,False
EXLS,"ExlService Holdings, Inc. - Common Stock",nasdaqtrader:Q:EXLS,common_equity,eligible,Q,,35.47,,77242738.62380953,25.84708178108923,22.310344827586203,17.411453161204893,-16.225791213982056,21.177777777777784,62.26728936562102,,,False,,277.0,,2026-08-18,,full,"{""as_of"": ""2026-08-18"", ""listing_date"": null, ""reason_code"": ""valid_trading_sessions"", ""status"": ""full"", ""valid_trading_sessions"": 277}","[""l1.csv""]",[],63.657,ranked,full,100.0,True,True,False
LAD,"Lithia Motors, Inc. Common Stock",nasdaqtrader:N:LAD,common_equity,eligible,N,,356.55,,103902667.2873016,9.646964757980193,34.603042772471596,18.439410045176707,18.502392980590265,16.592589126976698,64.00536861537182,,,False,,277.0,,2026-08-18,,full,"{""as_of"": ""2026-08-18"", ""listing_date"": null, ""reason_code"": ""valid_trading_sessions"", ""status"": ""full"", ""valid_trading_sessions"": 277}","[""l1.csv""]",[],63.6481,ranked,full,100.0,True,True,False
SFM,"Sprouts Farmers Market, Inc. - Common Stock",nasdaqtrader:Q:SFM,common_equity,eligible,Q,,78.84,,173422387.39539683,5.669481302774426,-10.804389636836742,16.69626998223801,-45.866520186761875,47.80881768833576,44.63520587377685,,,False,,277.0,,2026-08-18,,full,"{""as_of"": ""2026-08-18"", ""listing_date"": null, ""reason_code"": ""valid_trading_sessions"", ""status"": ""full"", ""valid_trading_sessions"": 277}","[""l1.csv""]",[],63.6461,ranked,full,100.0,True,True,False
GGG,Graco Inc. Common Stock,nasdaqtrader:N:GGG,common_equity,eligible,N,,81.01,,107525646.06634921,10.023088415048221,6.354207693317582,-14.093319194061493,-4.016587677725115,14.564437882303306,26.315143257790822,,,False,,277.0,,2026-08-18,,full,"{""as_of"": ""2026-08-18"", ""listing_date"": null, ""reason_code"": ""valid_trading_sessions"", ""status"": ""full"", ""valid_trading_sessions"": 277}","[""l1.csv""]",[],63.6411,ranked,full,100.0,True,True,False
PDFS,"PDF Solutions, Inc. - Common Stock",nasdaqtrader:Q:PDFS,common_equity,eligible,Q,,47.93,,37100686.70174603,-1.94353518821605,9.830430797433554,42.394533571004175,147.70025839793283,32.29269670857467,87.1504926501551,,,False,,277.0,,2026-08-18,,full,"{""as_of"": ""2026-08-18"", ""listing_date"": null, ""reason_code"": ""valid_trading_sessions"", ""status"": ""full"", ""valid_trading_sessions"": 277}","[""l1.csv""]",[],63.639,ranked,full,100.0,True,True,False
DHR,Danaher Corporation Common Stock,nasdaqtrader:N:DHR,common_equity,eligible,N,,199.58,,917182377.754127,-0.7607776838546076,21.79909678994263,-3.2855204496995527,-5.380932062769639,17.54596157818632,46.023126865560556,,,False,,277.0,,2026-08-18,,full,"{""as_of"": ""2026-08-18"", ""listing_date"": null, ""reason_code"": ""valid_trading_sessions"", ""status"": ""full"", ""valid_trading_sessions"": 277}","[""l1.csv""]",[],63.6365,ranked,full,100.0,True,True,False
MGM,MGM Resorts International Common Stock,nasdaqtrader:N:MGM,common_equity,eligible,N,,43.32,,174431239.00730157,-6.517047906776008,16.79698031814505,26.407936971111745,20.601336302895312,14.5393568751233,19.77745330392164,,,False,,277.0,,2026-08-18,,full,"{""as_of"": ""2026-08-18"", ""listing_date"": null, ""reason_code"": ""valid_trading_sessions"", ""status"": ""full"", ""valid_trading_sessions"": 277}","[""l1.csv""]",[],63.6348,ranked,full,100.0,True,True,False
ABT,Abbott Laboratories Common Stock,nasdaqtrader:N:ABT,common_equity,eligible,N,,112.68,,1141952889.6239681,10.840055085579392,28.17654419292459,0.37413148049172396,-14.474383301707771,17.52305665349143,36.966593270632345,,,False,,277.0,,2026-08-18,,full,"{""as_of"": ""2026-08-18"", ""listing_date"": null, ""reason_code"": ""valid_trading_sessions"", ""status"": ""full"", ""valid_trading_sessions"": 277}","[""l1.csv""]",[],63.6308,ranked,full,100.0,True,True,False
FLS,Flowserve Corporation Common Stock,nasdaqtrader:N:FLS,common_equity,eligible,N,,78.79,,144807475.9179365,18.05513934671863,19.505536174730764,-12.221479500891263,49.733941467122776,14.395914819643629,38.071424457269806,,,False,,277.0,,2026-08-18,,full,"{""as_of"": ""2026-08-18"", ""listing_date"": null, ""reason_code"": ""valid_trading_sessions"", ""status"": ""full"", ""valid_trading_sessions"": 277}","[""l1.csv""]",[],63.599,ranked,full,100.0,True,True,False
AN,"AutoNation, Inc. Common Stock",nasdaqtrader:N:AN,common_equity,eligible,N,,196.9,,81420382.39031747,-0.5103329796372069,8.222490931076187,-1.623782163377463,-4.500921524881174,14.383859466040516,40.04529100052993,,,False,,277.0,,2026-08-18,,full,"{""as_of"": ""2026-08-18"", ""listing_date"": null, ""reason_code"": ""valid_trading_sessions"", ""status"": ""full"", ""valid_trading_sessions"": 277}","[""l1.csv""]",[],63.596,ranked,full,100.0,True,True,False
LULU,lululemon athletica inc. - Common Stock,nasdaqtrader:Q:LULU,common_equity,eligible,Q,,119.01,,404110424.0115873,2.0056569812291203,-1.0394146016963202,-33.03511141120864,-40.0332560717525,44.87215119510839,33.55715951243708,,,False,,277.0,,2026-08-18,,full,"{""as_of"": ""2026-08-18"", ""listing_date"": null, ""reason_code"": ""valid_trading_sessions"", ""status"": ""full"", ""valid_trading_sessions"": 277}","[""l1.csv""]",[],63.5919,ranked,full,100.0,True,True,False
NBIS,Nebius Group N.V. - Class A Ordinary Shares,nasdaqtrader:Q:NBIS,common_equity,eligible,Q,,248.43,,4646529412.91873,36.03657868798598,24.30201140798558,154.74774405250207,246.87238201619658,13.345425372353414,168.3481848137412,,,False,,277.0,,2026-08-18,,full,"{""as_of"": ""2026-08-18"", ""listing_date"": null, ""reason_code"": ""valid_trading_sessions"", ""status"": ""full"", ""valid_trading_sessions"": 277}","[""l1.csv""]",[],63.5864,ranked,full,100.0,True,True,False
IDCC,"InterDigital, Inc. - Common Stock",nasdaqtrader:Q:IDCC,common_equity,eligible,Q,,335.77,,92015343.21920636,30.052676427298763,27.25791169224936,-8.364718083074074,24.942323435290614,15.325061784435379,54.621524921770344,,,False,,277.0,,2026-08-18,,full,"{""as_of"": ""2026-08-18"", ""listing_date"": null, ""reason_code"": ""valid_trading_sessions"", ""status"": ""full"", ""valid_trading_sessions"": 277}","[""l1.csv""]",[],63.5813,ranked,full,100.0,True,True,False
CAG,"ConAgra Brands, Inc. Common Stock",nasdaqtrader:N:CAG,common_equity,eligible,N,,15.52,,242069472.01904762,6.010928961748618,12.545322697606975,-17.84012705134993,-19.040166927490876,22.477522477522484,33.792787765801805,,,False,,277.0,,2026-08-18,,full,"{""as_of"": ""2026-08-18"", ""listing_date"": null, ""reason_code"": ""valid_trading_sessions"", ""status"": ""full"", ""valid_trading_sessions"": 277}","[""l1.csv""]",[],63.5803,ranked,full,100.0,True,True,False
HSY,The Hershey Company Common Stock,nasdaqtrader:N:HSY,common_equity,eligible,N,,183.45,,346050187.8014286,6.843331391962737,-4.318572993271785,-16.385597082953517,3.0675880667453193,22.359065515490105,24.312461170636592,,,False,,277.0,,2026-08-18,,full,"{""as_of"": ""2026-08-18"", ""listing_date"": null, ""reason_code"": ""valid_trading_sessions"", ""status"": ""full"", ""valid_trading_sessions"": 277}","[""l1.csv""]",[],63.5645,ranked,full,100.0,True,True,False
PPG,"PPG Industries, Inc. Common Stock",nasdaqtrader:N:PPG,common_equity,eligible,N,,112.81,,224080925.4125397,-2.4978392394122695,8.826934207987659,-12.672240284873826,0.9033989266547415,14.252052295530559,36.34881553878969,,,False,,277.0,,2026-08-18,,full,"{""as_of"": ""2026-08-18"", ""listing_date"": null, ""reason_code"": ""valid_trading_sessions"", ""status"": ""full"", ""valid_trading_sessions"": 277}","[""l1.csv""]",[],63.563,ranked,full,100.0,True,True,False
MEC,"Mayville Engineering Company, Inc. Common Stock",nasdaqtrader:N:MEC,common_equity,eligible,N,,23.28,,19609270.971587304,-19.999999999999996,-6.581059390048161,8.632757816145586,61.10726643598618,37.98614810868407,60.67979095528205,,,False,,277.0,,2026-08-18,,full,"{""as_of"": ""2026-08-18"", ""listing_date"": null, ""reason_code"": ""valid_trading_sessions"", ""status"": ""full"", ""valid_trading_sessions"": 277}","[""l1.csv""]",[],63.5509,ranked,full,100.0,True,True,False
SCCO,Southern Copper Corporation Common Stock,nasdaqtrader:N:SCCO,common_equity,eligible,N,,187.8,,227584360.32492062,7.271377163420367,9.24956369982548,-0.10638297872339608,95.89026807134661,14.187799862919803,50.42225452025338,,,False,,277.0,,2026-08-18,,full,"{""as_of"": ""2026-08-18"", ""listing_date"": null, ""reason_code"": ""valid_trading_sessions"", ""status"": ""full"", ""valid_trading_sessions"": 277}","[""l1.csv""]",[],63.5469,ranked,full,100.0,True,True,False
JBHT,"J.B. Hunt Transport Services, Inc. - Common Stock",nasdaqtrader:Q:JBHT,common_equity,eligible,Q,,274.19,,273940201.71634924,-5.650184095523214,4.868813585252063,22.674600689007217,91.13976995468806,8.116349988271176,35.34921723656082,,,False,,277.0,,2026-08-18,,full,"{""as_of"": ""2026-08-18"", ""listing_date"": null, ""reason_code"": ""valid_trading_sessions"", ""status"": ""full"", ""valid_trading_sessions"": 277}","[""l1.csv""]",[],63.5291,ranked,full,100.0,True,True,False
TMUS,"T-Mobile US, Inc. - Common Stock",nasdaqtrader:Q:TMUS,common_equity,eligible,Q,,182.75,,952061549.245873,-6.588632181557951,-4.14371885654341,-16.784299439916218,-28.229195302988654,29.44287865333385,48.58206723030516,,,False,,277.0,,2026-08-18,,full,"{""as_of"": ""2026-08-18"", ""listing_date"": null, ""reason_code"": ""valid_trading_sessions"", ""status"": ""full"", ""valid_trading_sessions"": 277}","[""l1.csv""]",[],63.5091,ranked,full,100.0,True,True,False
TOL,"Toll Brothers, Inc. Common Stock",nasdaqtrader:N:TOL,common_equity,eligible,N,,142.86,,157201119.4042857,-2.7766435279705903,12.514767267858563,-12.799853506683757,9.471264367816111,14.001926318324099,34.91138552610593,,,False,,277.0,,2026-08-18,,full,"{""as_of"": ""2026-08-18"", ""listing_date"": null, ""reason_code"": ""valid_trading_sessions"", ""status"": ""full"", ""valid_trading_sessions"": 277}","[""l1.csv""]",[],63.5005,ranked,full,100.0,True,True,False
STZ,"Constellation Brands, Inc. Common Stock",nasdaqtrader:N:STZ,common_equity,eligible,N,,131.0,,299662968.0138095,-2.5007442691277304,-11.23458463206397,-14.210870988867052,-22.13041669143434,21.847034960028633,30.230675961603552,,,False,,277.0,,2026-08-18,,full,"{""as_of"": ""2026-08-18"", ""listing_date"": null, ""reason_code"": ""valid_trading_sessions"", ""status"": ""full"", ""valid_trading_sessions"": 277}","[""l1.csv""]",[],63.4963,ranked,full,100.0,True,True,False
MCD,McDonald's Corporation Common Stock,nasdaqtrader:N:MCD,common_equity,eligible,N,,266.99,,1258567007.5539682,-0.24286354804960997,-5.48022798881298,-18.506196202918012,-13.57589097853883,21.717586348443085,21.27050194485884,,,False,,277.0,,2026-08-18,,full,"{""as_of"": ""2026-08-18"", ""listing_date"": null, ""reason_code"": ""valid_trading_sessions"", ""status"": ""full"", ""valid_trading_sessions"": 277}","[""l1.csv""]",[],63.479,ranked,full,100.0,True,True,False
TARS,"Tarsus Pharmaceuticals, Inc. - Common Stock",nasdaqtrader:Q:TARS,common_equity,eligible,Q,,71.03,,59482279.77015873,26.275555555555563,13.069086278255337,13.14112774769034,31.027485703744695,13.913465034541272,54.86101474342178,,,False,,277.0,,2026-08-18,,full,"{""as_of"": ""2026-08-18"", ""listing_date"": null, ""reason_code"": ""valid_trading_sessions"", ""status"": ""full"", ""valid_trading_sessions"": 277}","[""l1.csv""]",[],63.4784,ranked,full,100.0,True,True,False
SNPS,"Synopsys, Inc. - Common Stock",nasdaqtrader:Q:SNPS,common_equity,eligible,Q,,404.41,,869459286.9589683,6.856735189980467,-18.86323054390787,-4.156890626851517,-34.55195740480005,35.32854652743352,39.67645982501492,,,False,,277.0,,2026-08-18,,full,"{""as_of"": ""2026-08-18"", ""listing_date"": null, ""reason_code"": ""valid_trading_sessions"", ""status"": ""full"", ""valid_trading_sessions"": 277}","[""l1.csv""]",[],63.4781,ranked,full,100.0,True,True,False
AXON,"Axon Enterprise, Inc. - Common Stock",nasdaqtrader:Q:AXON,common_equity,eligible,Q,,619.85,,546118787.9803175,17.511564419504055,55.206950947742705,43.50372736954207,-17.817935935511244,21.698542229857754,79.58757996442006,,,False,,277.0,,2026-08-18,,full,"{""as_of"": ""2026-08-18"", ""listing_date"": null, ""reason_code"": ""valid_trading_sessions"", ""status"": ""full"", ""valid_trading_sessions"": 277}","[""l1.csv""]",[],63.4765,ranked,full,100.0,True,True,False
TGTX,"TG Therapeutics, Inc. - Common Stock",nasdaqtrader:Q:TGTX,common_equity,eligible,Q,,50.26,,118340824.60817459,-6.85693106004448,27.304964539007102,72.9525120440468,78.98860398860398,14.900101591601766,51.01429753914416,,,False,,277.0,,2026-08-18,,full,"{""as_of"": ""2026-08-18"", ""listing_date"": null, ""reason_code"": ""valid_trading_sessions"", ""status"": ""full"", ""valid_trading_sessions"": 277}","[""l1.csv""]",[],63.475,ranked,full,100.0,True,True,False
YELP,Yelp Inc. Common Stock,nasdaqtrader:N:YELP,common_equity,eligible,N,,23.36,,30072919.9615873,-11.279908849221421,7.205139972464436,12.959381044487417,-24.71801482436352,30.948861956843032,50.601141409385434,,,False,,277.0,,2026-08-18,,full,"{""as_of"": ""2026-08-18"", ""listing_date"": null, ""reason_code"": ""valid_trading_sessions"", ""status"": ""full"", ""valid_trading_sessions"": 277}","[""l1.csv""]",[],63.4598,ranked,full,100.0,True,True,False
CME,CME Group Inc. - Class A Common Stock,nasdaqtrader:Q:CME,common_equity,eligible,Q,,271.54,,819914175.9668255,10.78291379380687,-11.005506030414258,-10.450812914289486,-0.8688668224299034,16.82288794951907,23.45697139734861,,,False,,277.0,,2026-08-18,,full,"{""as_of"": ""2026-08-18"", ""listing_date"": null, ""reason_code"": ""valid_trading_sessions"", ""status"": ""full"", ""valid_trading_sessions"": 277}","[""l1.csv""]",[],63.4557,ranked,full,100.0,True,True,False
CRH,CRH PLC Ordinary Shares,nasdaqtrader:N:CRH,common_equity,eligible,N,,93.25,,483771443.69682544,-6.70335167583792,-9.807524905696873,-23.57810195049992,-15.869722121977626,29.022682295630997,32.94518711603017,,,False,,277.0,,2026-08-18,,full,"{""as_of"": ""2026-08-18"", ""listing_date"": null, ""reason_code"": ""valid_trading_sessions"", ""status"": ""full"", ""valid_trading_sessions"": 277}","[""l1.csv""]",[],63.453,ranked,full,100.0,True,True,False
TENB,"Tenable Holdings, Inc. - Common Stock",nasdaqtrader:Q:TENB,common_equity,eligible,Q,,36.34,,117998325.21396825,-3.7605932203389703,57.17993079584775,64.4343891402715,21.98724404162473,14.794841735052744,70.19755988475724,,,False,,277.0,,2026-08-18,,full,"{""as_of"": ""2026-08-18"", ""listing_date"": null, ""reason_code"": ""valid_trading_sessions"", ""status"": ""full"", ""valid_trading_sessions"": 277}","[""l1.csv""]",[],63.4487,ranked,full,100.0,True,True,False
TFII,TFI International Inc. Common Shares,nasdaqtrader:N:TFII,common_equity,eligible,N,,140.83,,56337270.72031746,-6.956923890063427,-1.1025280898876333,16.330745085081787,55.321495533252474,13.791625857002943,40.223528700484934,,,False,,277.0,,2026-08-18,,full,"{""as_of"": ""2026-08-18"", ""listing_date"": null, ""reason_code"": ""valid_trading_sessions"", ""status"": ""full"", ""valid_trading_sessions"": 277}","[""l1.csv""]",[],63.4479,ranked,full,100.0,True,True,False
LEVI,Levi Strauss & Co Class A Common Stock,nasdaqtrader:N:LEVI,common_equity,eligible,N,,22.01,,62038602.28809524,-7.984949832775923,5.009541984732824,0.8245533669262617,4.115421002838215,13.787700744222487,32.50307933937806,,,False,,277.0,,2026-08-18,,full,"{""as_of"": ""2026-08-18"", ""listing_date"": null, ""reason_code"": ""valid_trading_sessions"", ""status"": ""full"", ""valid_trading_sessions"": 277}","[""l1.csv""]",[],63.4469,ranked,full,100.0,True,True,False
HRL,Hormel Foods Corporation Common Stock,nasdaqtrader:N:HRL,common_equity,eligible,N,,24.34,,115716563.63460317,-3.7183544303797555,19.430814524043182,3.839590443686003,-14.536516853932591,16.78632478632479,20.452120642332112,,,False,,277.0,,2026-08-18,,full,"{""as_of"": ""2026-08-18"", ""listing_date"": null, ""reason_code"": ""valid_trading_sessions"", ""status"": ""full"", ""valid_trading_sessions"": 277}","[""l1.csv""]",[],63.4466,ranked,full,100.0,True,True,False
HLN,Haleon plc American Depositary Shares (Each representing two Ordinary Shares),nasdaqtrader:N:HLN,adr,eligible,N,,9.72,,89745808.43492062,-3.1872509960159223,5.997818974918223,-13.446126447016916,0.7253886010362809,13.753327417923678,22.196771242813725,,,False,,277.0,,2026-08-18,,full,"{""as_of"": ""2026-08-18"", ""listing_date"": null, ""reason_code"": ""valid_trading_sessions"", ""status"": ""full"", ""valid_trading_sessions"": 277}","[""l1.csv""]",[],63.4383,ranked,full,100.0,True,True,False
CMC,Commercial Metals Company Common Stock,nasdaqtrader:N:CMC,common_equity,eligible,N,,70.98,,86434037.03174603,8.333333333333348,1.2987012987013102,-10.401413784397873,26.052210974960044,14.697752673957442,35.77595804667501,,,False,,277.0,,2026-08-18,,full,"{""as_of"": ""2026-08-18"", ""listing_date"": null, ""reason_code"": ""valid_trading_sessions"", ""status"": ""full"", ""valid_trading_sessions"": 277}","[""l1.csv""]",[],63.4244,ranked,full,100.0,True,True,False
SPXC,"SPX Technologies, Inc. Common Stock",nasdaqtrader:N:SPXC,common_equity,eligible,N,,212.66,,159053521.514127,-0.09395847035611471,6.080710330722794,-11.978476821192052,14.094103760931386,13.696684387808933,52.0921673675478,,,False,,277.0,,2026-08-18,,full,"{""as_of"": ""2026-08-18"", ""listing_date"": null, ""reason_code"": ""valid_trading_sessions"", ""status"": ""full"", ""valid_trading_sessions"": 277}","[""l1.csv""]",[],63.4242,ranked,full,100.0,True,True,False
TLN,Talen Energy Corporation - Common Stock,nasdaqtrader:Q:TLN,common_equity,eligible,Q,,317.66,,313968316.30777776,-11.839476021314377,-2.0202954874926626,-18.18790563510867,-15.922926261182567,28.750224295711458,61.05191656982578,,,False,,277.0,,2026-08-18,,full,"{""as_of"": ""2026-08-18"", ""listing_date"": null, ""reason_code"": ""valid_trading_sessions"", ""status"": ""full"", ""valid_trading_sessions"": 277}","[""l1.csv""]",[],63.4167,ranked,full,100.0,True,True,False
ONTO,Onto Innovation Inc. Common Stock,nasdaqtrader:N:ONTO,common_equity,eligible,N,,315.42,,399767149.9401587,13.240468155381624,23.92252386752054,43.18398474737848,194.92286115007013,16.654776060245734,105.40743724489772,,,False,,277.0,,2026-08-18,,full,"{""as_of"": ""2026-08-18"", ""listing_date"": null, ""reason_code"": ""valid_trading_sessions"", ""status"": ""full"", ""valid_trading_sessions"": 277}","[""l1.csv""]",[],63.4137,ranked,full,100.0,True,True,False
ESE,ESCO Technologies Inc. Common Stock,nasdaqtrader:N:ESE,common_equity,eligible,N,,306.48,,78113253.01095237,-4.621417234618608,5.074053757542507,15.218045112781953,65.46809199870425,13.64327979712594,36.10602831860418,,,False,,277.0,,2026-08-18,,full,"{""as_of"": ""2026-08-18"", ""listing_date"": null, ""reason_code"": ""valid_trading_sessions"", ""status"": ""full"", ""valid_trading_sessions"": 277}","[""l1.csv""]",[],63.4108,ranked,full,100.0,True,True,False
TEX,Terex Corporation Common Stock,nasdaqtrader:N:TEX,common_equity,eligible,N,,64.43,,88827756.62269841,2.3998728544183168,11.18205349439172,-7.30830096389008,28.193394349383215,13.609546795387494,42.608308353302206,,,False,,277.0,,2026-08-18,,full,"{""as_of"": ""2026-08-18"", ""listing_date"": null, ""reason_code"": ""valid_trading_sessions"", ""status"": ""full"", ""valid_trading_sessions"": 277}","[""l1.csv""]",[],63.4024,ranked,full,100.0,True,True,False
