ticker,company,contract_id,security_type,instrument_status,exchange,sector,price,market_cap,avg_dollar_volume,return_1m,return_3m,return_6m,return_12m,drawdown_52w,historical_volatility,profitable,fcf_positive,quality_seed,quality_prior_score,trading_history_days,listing_date,as_of,retrieved_at,momentum_history_status,history_evidence,sources,source_conflicts,l1_score,l1_status,history_sufficiency,opportunity_coverage_pct,rankable,selected_for_next_stage,limited_history_recheck
ALAB,"Astera Labs, Inc. - Common Stock",nasdaqtrader:Q:ALAB,common_equity,eligible,Q,,320.17,,1966840402.0788095,5.450892563072274,37.600997077531375,147.5796473863285,67.90078137290891,33.71496004306239,111.29808714608245,,,False,,276.0,,2026-08-17,,full,"{""as_of"": ""2026-08-17"", ""listing_date"": null, ""reason_code"": ""valid_trading_sessions"", ""status"": ""full"", ""valid_trading_sessions"": 276}","[""l1.csv""]",[],69.5787,ranked,full,100.0,True,True,False
KLAC,KLA Corporation  - Common Stock,nasdaqtrader:Q:KLAC,common_equity,eligible,Q,,205.76,,2812316939.949682,-3.2855464159812,14.038685362744552,40.53684857591695,115.36529202428301,31.802061582314145,65.0519818009262,,,False,,276.0,,2026-08-17,,full,"{""as_of"": ""2026-08-17"", ""listing_date"": null, ""reason_code"": ""valid_trading_sessions"", ""status"": ""full"", ""valid_trading_sessions"": 276}","[""l1.csv""]",[],69.5736,ranked,full,100.0,True,True,False
ON,ON Semiconductor Corporation - Common Stock,nasdaqtrader:Q:ON,common_equity,eligible,Q,,83.38,,1192866449.6374605,-4.566784937621615,-26.284148174343557,15.468771638277246,61.52654010073615,37.743597401627724,55.0417232680152,,,False,,276.0,,2026-08-17,,full,"{""as_of"": ""2026-08-17"", ""listing_date"": null, ""reason_code"": ""valid_trading_sessions"", ""status"": ""full"", ""valid_trading_sessions"": 276}","[""l1.csv""]",[],69.3171,ranked,full,100.0,True,True,False
GLW,Corning Incorporated Common Stock,nasdaqtrader:N:GLW,common_equity,eligible,N,,173.21,,2602580873.2000003,12.030269710885456,-9.697096084667113,29.784205005245013,163.397201946472,32.25781219445422,85.14556168229316,,,False,,276.0,,2026-08-17,,full,"{""as_of"": ""2026-08-17"", ""listing_date"": null, ""reason_code"": ""valid_trading_sessions"", ""status"": ""full"", ""valid_trading_sessions"": 276}","[""l1.csv""]",[],69.1344,ranked,full,100.0,True,True,False
WDC,Western Digital Corporation - Common Stock,nasdaqtrader:Q:WDC,common_equity,eligible,Q,,536.01,,4769649110.261111,12.31926574745399,11.200780050620306,90.35797997016834,603.0561385099686,28.170939254653394,100.3771229860423,,,False,,276.0,,2026-08-17,,full,"{""as_of"": ""2026-08-17"", ""listing_date"": null, ""reason_code"": ""valid_trading_sessions"", ""status"": ""full"", ""valid_trading_sessions"": 276}","[""l1.csv""]",[],69.0895,ranked,full,100.0,True,True,False
ASTS,"AST SpaceMobile, Inc. - Class A Common Stock",nasdaqtrader:Q:ASTS,common_equity,eligible,Q,,71.14,,1716268803.3784127,23.079584775086516,-14.975498984104219,-13.780147860865355,46.680412371134025,46.54744909459764,98.21848062424463,,,False,,276.0,,2026-08-17,,full,"{""as_of"": ""2026-08-17"", ""listing_date"": null, ""reason_code"": ""valid_trading_sessions"", ""status"": ""full"", ""valid_trading_sessions"": 276}","[""l1.csv""]",[],68.9802,ranked,full,100.0,True,True,False
RIVN,"Rivian Automotive, Inc. - Class A Common Stock",nasdaqtrader:Q:RIVN,common_equity,eligible,Q,,14.87,,544277894.2283334,-14.809510169006012,7.831762146482957,-16.13085166384659,23.30016583747927,33.763919821826285,79.38690239606902,,,False,,276.0,,2026-08-17,,full,"{""as_of"": ""2026-08-17"", ""listing_date"": null, ""reason_code"": ""valid_trading_sessions"", ""status"": ""full"", ""valid_trading_sessions"": 276}","[""l1.csv""]",[],68.8352,ranked,full,100.0,True,True,False
INSM,Insmed Incorporated - Common Stock,nasdaqtrader:Q:INSM,common_equity,eligible,Q,,128.32,,388273891.5761905,18.463810930576074,17.57375847535274,-13.734453781512613,0.4461839530332634,39.302776595241475,92.1341996162517,,,False,,276.0,,2026-08-17,,full,"{""as_of"": ""2026-08-17"", ""listing_date"": null, ""reason_code"": ""valid_trading_sessions"", ""status"": ""full"", ""valid_trading_sessions"": 276}","[""l1.csv""]",[],68.7131,ranked,full,100.0,True,True,False
SOFI,"SoFi Technologies, Inc.  - Common Stock",nasdaqtrader:Q:SOFI,common_equity,eligible,Q,,18.31,,1342129706.577619,5.96064814814814,17.296604740550926,-6.62927078021418,-21.382567625590386,43.154299906861226,59.684555157935094,,,False,,276.0,,2026-08-17,,full,"{""as_of"": ""2026-08-17"", ""listing_date"": null, ""reason_code"": ""valid_trading_sessions"", ""status"": ""full"", ""valid_trading_sessions"": 276}","[""l1.csv""]",[],68.7064,ranked,full,100.0,True,True,False
QCOM,QUALCOMM Incorporated - Common Stock,nasdaqtrader:Q:QCOM,common_equity,eligible,Q,,162.18,,3509808932.0549207,-5.588543485853991,-19.50965308452033,15.266524520255874,2.5871339110633107,35.391602262767904,44.59150698905398,,,False,,276.0,,2026-08-17,,full,"{""as_of"": ""2026-08-17"", ""listing_date"": null, ""reason_code"": ""valid_trading_sessions"", ""status"": ""full"", ""valid_trading_sessions"": 276}","[""l1.csv""]",[],68.4739,ranked,full,100.0,True,True,False
SMCI,"Super Micro Computer, Inc. - Common Stock",nasdaqtrader:Q:SMCI,common_equity,eligible,Q,,38.28,,1931369462.1198413,58.31265508684864,23.32474226804124,25.343811394891947,-15.849637282919327,34.764826175869125,102.21694411711728,,,False,,276.0,,2026-08-17,,full,"{""as_of"": ""2026-08-17"", ""listing_date"": null, ""reason_code"": ""valid_trading_sessions"", ""status"": ""full"", ""valid_trading_sessions"": 276}","[""l1.csv""]",[],68.4686,ranked,full,100.0,True,True,False
AMKR,"Amkor Technology, Inc. - Common Stock",nasdaqtrader:Q:AMKR,common_equity,eligible,Q,,61.3,,390415885.465873,-2.6056561804893574,-12.864250177683012,29.106992417860145,150.0,34.4735435595938,115.4281689977993,,,False,,276.0,,2026-08-17,,full,"{""as_of"": ""2026-08-17"", ""listing_date"": null, ""reason_code"": ""valid_trading_sessions"", ""status"": ""full"", ""valid_trading_sessions"": 276}","[""l1.csv""]",[],68.4298,ranked,full,100.0,True,True,False
CIFR,Cipher Digital Inc. - Common Stock,nasdaqtrader:Q:CIFR,common_equity,eligible,Q,,18.5,,607699670.7499207,5.353075170842825,-9.001475651746183,12.66747868453104,247.7443609022556,36.60041124057574,146.35997839975437,,,False,,276.0,,2026-08-17,,full,"{""as_of"": ""2026-08-17"", ""listing_date"": null, ""reason_code"": ""valid_trading_sessions"", ""status"": ""full"", ""valid_trading_sessions"": 276}","[""l1.csv""]",[],68.3933,ranked,full,100.0,True,True,False
HOOD,"Robinhood Markets, Inc. - Class A Common Stock",nasdaqtrader:Q:HOOD,common_equity,eligible,Q,,96.25,,2467612555.777302,-3.711484593837533,24.773139745916506,26.69474792681321,-13.061150754222739,36.86868686868687,55.95755277367953,,,False,,276.0,,2026-08-17,,full,"{""as_of"": ""2026-08-17"", ""listing_date"": null, ""reason_code"": ""valid_trading_sessions"", ""status"": ""full"", ""valid_trading_sessions"": 276}","[""l1.csv""]",[],68.3754,ranked,full,100.0,True,True,False
UMC,United Microelectronics Corporation (NEW) Common Stock,nasdaqtrader:N:UMC,common_equity,eligible,N,,19.53,,370177146.53380954,-8.094117647058818,13.546511627906987,87.42802303262958,183.45428156748915,30.27490182077829,77.60026084953937,,,False,,276.0,,2026-08-17,,full,"{""as_of"": ""2026-08-17"", ""listing_date"": null, ""reason_code"": ""valid_trading_sessions"", ""status"": ""full"", ""valid_trading_sessions"": 276}","[""l1.csv""]",[],68.37,ranked,full,100.0,True,True,False
RIOT,"Riot Platforms, Inc. - Common Stock",nasdaqtrader:Q:RIOT,common_equity,eligible,Q,,20.04,,424754710.6538095,9.748083242059135,-14.68710089399744,31.66885676741129,63.591836734693864,30.149878006273966,103.73594269886073,,,False,,276.0,,2026-08-17,,full,"{""as_of"": ""2026-08-17"", ""listing_date"": null, ""reason_code"": ""valid_trading_sessions"", ""status"": ""full"", ""valid_trading_sessions"": 276}","[""l1.csv""]",[],68.3533,ranked,full,100.0,True,True,False
CRM,"Salesforce, Inc. Common Stock",nasdaqtrader:N:CRM,common_equity,eligible,N,,190.97,,2602167774.6555552,11.82877554605608,10.062820586709709,0.6588656968163686,-18.168573509877017,28.268790143860578,48.028973675393864,,,False,,276.0,,2026-08-17,,full,"{""as_of"": ""2026-08-17"", ""listing_date"": null, ""reason_code"": ""valid_trading_sessions"", ""status"": ""full"", ""valid_trading_sessions"": 276}","[""l1.csv""]",[],68.3525,ranked,full,100.0,True,True,False
FSLR,"First Solar, Inc. - Common Stock",nasdaqtrader:Q:FSLR,common_equity,eligible,Q,,217.85,,618562489.3568255,2.764281334025176,-6.650383511162539,-3.4566807001994326,20.994168286587044,31.547525530243526,51.272759716761016,,,False,,276.0,,2026-08-17,,full,"{""as_of"": ""2026-08-17"", ""listing_date"": null, ""reason_code"": ""valid_trading_sessions"", ""status"": ""full"", ""valid_trading_sessions"": 276}","[""l1.csv""]",[],68.2897,ranked,full,100.0,True,True,False
CRWV,"CoreWeave, Inc. - Class A Common Stock",nasdaqtrader:Q:CRWV,common_equity,eligible,Q,,106.0,,2885331432.4196825,44.78896325638575,-1.2115563839701693,10.370678883798412,6.527310185417834,25.91557170813531,120.61786698222396,,,False,,276.0,,2026-08-17,,full,"{""as_of"": ""2026-08-17"", ""listing_date"": null, ""reason_code"": ""valid_trading_sessions"", ""status"": ""full"", ""valid_trading_sessions"": 276}","[""l1.csv""]",[],68.2887,ranked,full,100.0,True,True,False
CLSK,"CleanSpark, Inc. - Common Stock",nasdaqtrader:Q:CLSK,common_equity,eligible,Q,,12.4,,341978724.63801587,-4.834996162701454,-5.415713196033556,25.888324873096447,24.623115577889454,46.551724137931025,105.25156837847929,,,False,,276.0,,2026-08-17,,full,"{""as_of"": ""2026-08-17"", ""listing_date"": null, ""reason_code"": ""valid_trading_sessions"", ""status"": ""full"", ""valid_trading_sessions"": 276}","[""l1.csv""]",[],68.2299,ranked,full,100.0,True,True,False
RDDT,"Reddit, Inc. Class A Common Stock",nasdaqtrader:N:RDDT,common_equity,eligible,N,,164.5,,1005211970.7930158,-9.206314162711116,4.0020231396598716,17.794486215538853,-32.43520762311578,39.23386649920578,99.21041937419616,,,False,,276.0,,2026-08-17,,full,"{""as_of"": ""2026-08-17"", ""listing_date"": null, ""reason_code"": ""valid_trading_sessions"", ""status"": ""full"", ""valid_trading_sessions"": 276}","[""l1.csv""]",[],68.2177,ranked,full,100.0,True,True,False
VRSK,"Verisk Analytics, Inc. - Common Stock",nasdaqtrader:Q:VRSK,common_equity,eligible,Q,,175.62,,414041405.01785713,-12.487542355989634,8.040602891418015,-3.0848187186137688,-34.3967127381397,35.67739808812218,42.883332176299724,,,False,,276.0,,2026-08-17,,full,"{""as_of"": ""2026-08-17"", ""listing_date"": null, ""reason_code"": ""valid_trading_sessions"", ""status"": ""full"", ""valid_trading_sessions"": 276}","[""l1.csv""]",[],68.2048,ranked,full,100.0,True,True,False
CDE,"Coeur Mining, Inc. Common Stock",nasdaqtrader:N:CDE,common_equity,eligible,N,,19.31,,592493814.1209524,34.56445993031358,9.653605905735363,-13.871543264942032,66.60914581535806,28.876611418047883,75.10613135077668,,,False,,276.0,,2026-08-17,,full,"{""as_of"": ""2026-08-17"", ""listing_date"": null, ""reason_code"": ""valid_trading_sessions"", ""status"": ""full"", ""valid_trading_sessions"": 276}","[""l1.csv""]",[],68.1835,ranked,full,100.0,True,True,False
AAL,"American Airlines Group, Inc. - Common Stock",nasdaqtrader:Q:AAL,common_equity,eligible,Q,,14.43,,1689088075.8634129,-3.6715620827770357,17.221770917952874,3.9625360230547413,12.558502340093591,20.495867768595033,55.20072447140573,,,False,,276.0,,2026-08-17,,full,"{""as_of"": ""2026-08-17"", ""listing_date"": null, ""reason_code"": ""valid_trading_sessions"", ""status"": ""full"", ""valid_trading_sessions"": 276}","[""l1.csv""]",[],68.0661,ranked,full,100.0,True,True,False
CLS,"Celestica, Inc. Common Stock",nasdaqtrader:N:CLS,common_equity,eligible,N,,340.4,,871263734.6892064,12.96210260834938,-5.062055501324791,21.2855412242571,73.10821806346624,27.942421676545305,91.7015189269475,,,False,,276.0,,2026-08-17,,full,"{""as_of"": ""2026-08-17"", ""listing_date"": null, ""reason_code"": ""valid_trading_sessions"", ""status"": ""full"", ""valid_trading_sessions"": 276}","[""l1.csv""]",[],68.059,ranked,full,100.0,True,True,False
MKSI,MKS Inc. - Common Stock,nasdaqtrader:Q:MKSI,common_equity,eligible,Q,,320.74,,470709770.90825397,-1.2165450121654486,5.795428307550221,23.011429009741512,206.25417740857444,27.89118705035971,79.84554855014213,,,False,,276.0,,2026-08-17,,full,"{""as_of"": ""2026-08-17"", ""listing_date"": null, ""reason_code"": ""valid_trading_sessions"", ""status"": ""full"", ""valid_trading_sessions"": 276}","[""l1.csv""]",[],68.0522,ranked,full,100.0,True,True,False
SPOT,Spotify Technology S.A. Ordinary Shares,nasdaqtrader:N:SPOT,common_equity,eligible,N,,492.47,,983691295.2239683,2.997030158530989,12.708838742161399,7.446437142732476,-29.49606299212598,33.31753618674935,38.63299381801844,,,False,,276.0,,2026-08-17,,full,"{""as_of"": ""2026-08-17"", ""listing_date"": null, ""reason_code"": ""valid_trading_sessions"", ""status"": ""full"", ""valid_trading_sessions"": 276}","[""l1.csv""]",[],68.0257,ranked,full,100.0,True,True,False
MCHP,Microchip Technology Incorporated - Common Stock,nasdaqtrader:Q:MCHP,common_equity,eligible,Q,,80.26,,1022007766.8036507,-0.8646245059288349,-14.48055407565263,2.1639511201629436,21.624488558872578,22.017100660707346,65.50318914632413,,,False,,276.0,,2026-08-17,,full,"{""as_of"": ""2026-08-17"", ""listing_date"": null, ""reason_code"": ""valid_trading_sessions"", ""status"": ""full"", ""valid_trading_sessions"": 276}","[""l1.csv""]",[],68.0189,ranked,full,100.0,True,True,False
PINS,"Pinterest, Inc. Class A Common Stock",nasdaqtrader:N:PINS,common_equity,eligible,N,,23.07,,337104278.89873016,-0.5603448275862011,18.48998459167952,49.61089494163424,-36.533700137551584,39.20948616600791,48.67151917631894,,,False,,276.0,,2026-08-17,,full,"{""as_of"": ""2026-08-17"", ""listing_date"": null, ""reason_code"": ""valid_trading_sessions"", ""status"": ""full"", ""valid_trading_sessions"": 276}","[""l1.csv""]",[],67.9694,ranked,full,100.0,True,True,False
CORZ,"Core Scientific, Inc. - Common Stock",nasdaqtrader:Q:CORZ,common_equity,eligible,Q,,20.13,,307584027.08873016,-3.8681948424068913,-16.852540272614625,12.836322869955152,45.50054210336103,30.967078189300413,102.50794553693088,,,False,,276.0,,2026-08-17,,full,"{""as_of"": ""2026-08-17"", ""listing_date"": null, ""reason_code"": ""valid_trading_sessions"", ""status"": ""full"", ""valid_trading_sessions"": 276}","[""l1.csv""]",[],67.9623,ranked,full,100.0,True,True,False
MTZ,"MasTec, Inc. Common Stock",nasdaqtrader:N:MTZ,common_equity,eligible,N,,302.48,,468464698.2811111,-8.225370915379704,-27.095685707399365,12.224984231810954,69.93258426966294,30.86329455326735,92.65140835892124,,,False,,276.0,,2026-08-17,,full,"{""as_of"": ""2026-08-17"", ""listing_date"": null, ""reason_code"": ""valid_trading_sessions"", ""status"": ""full"", ""valid_trading_sessions"": 276}","[""l1.csv""]",[],67.9484,ranked,full,100.0,True,True,False
NU,Nu Holdings Ltd. Class A Ordinary Shares,nasdaqtrader:N:NU,common_equity,eligible,N,,14.74,,1016339998.9873016,8.46210448859457,20.91878589007383,-12.366230677764566,22.731057452123228,21.42857142857143,42.14004010393936,,,False,,276.0,,2026-08-17,,full,"{""as_of"": ""2026-08-17"", ""listing_date"": null, ""reason_code"": ""valid_trading_sessions"", ""status"": ""full"", ""valid_trading_sessions"": 276}","[""l1.csv""]",[],67.9405,ranked,full,100.0,True,True,False
EFX,"Equifax, Inc. Common Stock",nasdaqtrader:N:EFX,common_equity,eligible,N,,176.8,,283591334.80317456,-0.15812062344703337,11.63730504514744,-8.298755186721996,-28.729794009755306,32.60397209621468,44.72831193604993,,,False,,276.0,,2026-08-17,,full,"{""as_of"": ""2026-08-17"", ""listing_date"": null, ""reason_code"": ""valid_trading_sessions"", ""status"": ""full"", ""valid_trading_sessions"": 276}","[""l1.csv""]",[],67.9305,ranked,full,100.0,True,True,False
RDW,Redwire Corporation Common Stock,nasdaqtrader:N:RDW,common_equity,eligible,N,,13.41,,542562475.0104762,58.698224852071014,-4.623044096728313,67.2069825436409,47.524752475247524,48.22393822393822,100.9364454104117,,,False,,276.0,,2026-08-17,,full,"{""as_of"": ""2026-08-17"", ""listing_date"": null, ""reason_code"": ""valid_trading_sessions"", ""status"": ""full"", ""valid_trading_sessions"": 276}","[""l1.csv""]",[],67.8684,ranked,full,100.0,True,True,False
HL,Hecla Mining Company Common Stock,nasdaqtrader:N:HL,common_equity,eligible,N,,18.82,,511870831.3352381,31.332868108862534,6.689342403628107,-16.725663716814164,145.69190600522194,40.836215026721156,62.91379741826459,,,False,,276.0,,2026-08-17,,full,"{""as_of"": ""2026-08-17"", ""listing_date"": null, ""reason_code"": ""valid_trading_sessions"", ""status"": ""full"", ""valid_trading_sessions"": 276}","[""l1.csv""]",[],67.8609,ranked,full,100.0,True,True,False
RKLB,Rocket Lab Corporation - Common Stock,nasdaqtrader:Q:RKLB,common_equity,eligible,Q,,82.08,,2427444871.7290473,21.384205856255534,-34.2149555181534,21.70818505338079,91.73090399439381,45.363775544165605,86.11927988698173,,,False,,276.0,,2026-08-17,,full,"{""as_of"": ""2026-08-17"", ""listing_date"": null, ""reason_code"": ""valid_trading_sessions"", ""status"": ""full"", ""valid_trading_sessions"": 276}","[""l1.csv""]",[],67.8091,ranked,full,100.0,True,True,False
AVGO,Broadcom Inc. - Common Stock,nasdaqtrader:Q:AVGO,common_equity,eligible,Q,,392.43,,10327096790.232859,5.826198341535771,-7.7047907994073235,20.684564996770916,26.09002988143816,18.51028926220487,43.73302929668868,,,False,,276.0,,2026-08-17,,full,"{""as_of"": ""2026-08-17"", ""listing_date"": null, ""reason_code"": ""valid_trading_sessions"", ""status"": ""full"", ""valid_trading_sessions"": 276}","[""l1.csv""]",[],67.6276,ranked,full,100.0,True,True,False
CCJ,Cameco Corporation Common Stock,nasdaqtrader:N:CCJ,common_equity,eligible,N,,98.58,,330253010.09809524,15.136650315346877,-8.306204074039625,-12.683790965456165,30.48312375909994,26.48221343873518,40.67310148642679,,,False,,276.0,,2026-08-17,,full,"{""as_of"": ""2026-08-17"", ""listing_date"": null, ""reason_code"": ""valid_trading_sessions"", ""status"": ""full"", ""valid_trading_sessions"": 276}","[""l1.csv""]",[],67.6143,ranked,full,100.0,True,True,False
ZS,"Zscaler, Inc. - Common Stock",nasdaqtrader:Q:ZS,common_equity,eligible,Q,,184.44,,623094696.0293651,23.00920368147259,14.523439925488969,3.781228899392297,-31.938447913207135,45.15121777143367,49.755398091951406,,,False,,276.0,,2026-08-17,,full,"{""as_of"": ""2026-08-17"", ""listing_date"": null, ""reason_code"": ""valid_trading_sessions"", ""status"": ""full"", ""valid_trading_sessions"": 276}","[""l1.csv""]",[],67.5733,ranked,full,100.0,True,True,False
AA,Alcoa Corporation Common Stock,nasdaqtrader:N:AA,common_equity,eligible,N,,51.71,,317961608.875873,17.57617098681219,-17.30369422677115,-13.744787322768982,65.04947334822855,38.286191669650314,47.49439968419123,,,False,,276.0,,2026-08-17,,full,"{""as_of"": ""2026-08-17"", ""listing_date"": null, ""reason_code"": ""valid_trading_sessions"", ""status"": ""full"", ""valid_trading_sessions"": 276}","[""l1.csv""]",[],67.5309,ranked,full,100.0,True,True,False
EL,"Estee Lauder Companies, Inc. (The) Common Stock",nasdaqtrader:N:EL,common_equity,eligible,N,,84.34,,263733440.25825396,2.690855960063332,5.057299451918285,-22.080561714708047,-5.765363128491618,29.487501045063112,27.196259482088347,,,False,,276.0,,2026-08-17,,full,"{""as_of"": ""2026-08-17"", ""listing_date"": null, ""reason_code"": ""valid_trading_sessions"", ""status"": ""full"", ""valid_trading_sessions"": 276}","[""l1.csv""]",[],67.515,ranked,full,100.0,True,True,False
CAVA,"CAVA Group, Inc. Common Stock",nasdaqtrader:N:CAVA,common_equity,eligible,N,,71.02,,262596285.59555557,3.1517792302106162,-7.610251073240548,11.842519685039354,3.0320615116784966,27.07670192011501,62.954050112606396,,,False,,276.0,,2026-08-17,,full,"{""as_of"": ""2026-08-17"", ""listing_date"": null, ""reason_code"": ""valid_trading_sessions"", ""status"": ""full"", ""valid_trading_sessions"": 276}","[""l1.csv""]",[],67.4436,ranked,full,100.0,True,True,False
AEM,Agnico Eagle Mines Limited Common Stock,nasdaqtrader:N:AEM,common_equity,eligible,N,,188.78,,454211474.5252381,37.82580127035118,4.685853712637944,-12.839927974514065,42.228584344157326,25.143740830326344,48.315686023632,,,False,,276.0,,2026-08-17,,full,"{""as_of"": ""2026-08-17"", ""listing_date"": null, ""reason_code"": ""valid_trading_sessions"", ""status"": ""full"", ""valid_trading_sessions"": 276}","[""l1.csv""]",[],67.4358,ranked,full,100.0,True,True,False
MELI,"MercadoLibre, Inc. - Common Stock",nasdaqtrader:Q:MELI,common_equity,eligible,Q,,1787.57,,821292455.515238,-1.4521117365249747,15.564936870074542,-10.093750314345208,-22.942926114320205,28.809583547394034,34.85787323087788,,,False,,276.0,,2026-08-17,,full,"{""as_of"": ""2026-08-17"", ""listing_date"": null, ""reason_code"": ""valid_trading_sessions"", ""status"": ""full"", ""valid_trading_sessions"": 276}","[""l1.csv""]",[],67.4246,ranked,full,100.0,True,True,False
GFS,GlobalFoundries Inc. - Ordinary Share,nasdaqtrader:Q:GFS,common_equity,eligible,Q,,53.44,,325582742.22650796,-7.028531663187199,-24.7641841475433,9.08348642580117,61.45015105740179,40.595820364606496,65.12008245430707,,,False,,276.0,,2026-08-17,,full,"{""as_of"": ""2026-08-17"", ""listing_date"": null, ""reason_code"": ""valid_trading_sessions"", ""status"": ""full"", ""valid_trading_sessions"": 276}","[""l1.csv""]",[],67.3769,ranked,full,100.0,True,True,False
RMBS,"Rambus, Inc. - Common Stock",nasdaqtrader:Q:RMBS,common_equity,eligible,Q,,100.61,,351118285.05206347,-0.8182176656151396,-20.810704447068083,-1.314369789112313,32.38157894736842,41.04652525489277,71.09347053622932,,,False,,276.0,,2026-08-17,,full,"{""as_of"": ""2026-08-17"", ""listing_date"": null, ""reason_code"": ""valid_trading_sessions"", ""status"": ""full"", ""valid_trading_sessions"": 276}","[""l1.csv""]",[],67.3469,ranked,full,100.0,True,True,False
DPZ,Domino's Pizza Inc - Common Stock,nasdaqtrader:Q:DPZ,common_equity,eligible,Q,,335.42,,287280372.5296825,4.109504003972941,10.95967448476629,-10.673768308921439,-25.55982156727845,28.221699122619302,38.225999633051174,,,False,,276.0,,2026-08-17,,full,"{""as_of"": ""2026-08-17"", ""listing_date"": null, ""reason_code"": ""valid_trading_sessions"", ""status"": ""full"", ""valid_trading_sessions"": 276}","[""l1.csv""]",[],67.3462,ranked,full,100.0,True,True,False
AU,AngloGold Ashanti PLC Ordinary Shares,nasdaqtrader:N:AU,common_equity,eligible,N,,99.6,,256900769.21666667,29.755080771235008,7.9791847354726775,-9.306137315607355,82.05081337963809,22.345236238889754,53.62181166933069,,,False,,276.0,,2026-08-17,,full,"{""as_of"": ""2026-08-17"", ""listing_date"": null, ""reason_code"": ""valid_trading_sessions"", ""status"": ""full"", ""valid_trading_sessions"": 276}","[""l1.csv""]",[],67.3127,ranked,full,100.0,True,True,False
HD,"Home Depot, Inc. (The) Common Stock",nasdaqtrader:N:HD,common_equity,eligible,N,,337.88,,1521363242.5192063,-0.2921474311682992,13.569291788511318,-13.596726761283728,-15.597521982414065,20.202163336639746,27.081868496348942,,,False,,276.0,,2026-08-17,,full,"{""as_of"": ""2026-08-17"", ""listing_date"": null, ""reason_code"": ""valid_trading_sessions"", ""status"": ""full"", ""valid_trading_sessions"": 276}","[""l1.csv""]",[],67.277,ranked,full,100.0,True,True,False
TEM,"Tempus AI, Inc. - Class A Common Stock",nasdaqtrader:Q:TEM,common_equity,eligible,Q,,51.64,,301311282.0371429,-1.5818562988374252,17.550648759389944,-0.5967276227141549,-27.86702053359408,49.98547215496368,73.22646089815858,,,False,,276.0,,2026-08-17,,full,"{""as_of"": ""2026-08-17"", ""listing_date"": null, ""reason_code"": ""valid_trading_sessions"", ""status"": ""full"", ""valid_trading_sessions"": 276}","[""l1.csv""]",[],67.251,ranked,full,100.0,True,True,False
SE,"Sea Limited American Depositary Shares, each representing one Class A Ordinary Share",nasdaqtrader:N:SE,adr,eligible,N,,119.45,,452718684.78698415,14.800576645843355,35.3847897540519,11.907438635937794,-31.35451985518073,39.211195928753185,56.194010581934094,,,False,,276.0,,2026-08-17,,full,"{""as_of"": ""2026-08-17"", ""listing_date"": null, ""reason_code"": ""valid_trading_sessions"", ""status"": ""full"", ""valid_trading_sessions"": 276}","[""l1.csv""]",[],67.2193,ranked,full,100.0,True,True,False
KKR,KKR & Co. Inc. Common Stock,nasdaqtrader:N:KKR,common_equity,eligible,N,,108.83,,460612420.4369841,7.816524668119684,12.230586779416308,6.979258822372936,-25.489524852800216,27.126021159769653,41.94824736147747,,,False,,276.0,,2026-08-17,,full,"{""as_of"": ""2026-08-17"", ""listing_date"": null, ""reason_code"": ""valid_trading_sessions"", ""status"": ""full"", ""valid_trading_sessions"": 276}","[""l1.csv""]",[],67.2001,ranked,full,100.0,True,True,False
LYB,LyondellBasell Industries NV Ordinary Shares Class A (Netherlands),nasdaqtrader:N:LYB,common_equity,eligible,N,,64.73,,311421010.534127,9.39665370965017,-13.762323474553684,12.358965457385885,21.42187206903021,21.425103180383577,36.45849686959409,,,False,,276.0,,2026-08-17,,full,"{""as_of"": ""2026-08-17"", ""listing_date"": null, ""reason_code"": ""valid_trading_sessions"", ""status"": ""full"", ""valid_trading_sessions"": 276}","[""l1.csv""]",[],67.19,ranked,full,100.0,True,True,False
LUV,Southwest Airlines Company Common Stock,nasdaqtrader:N:LUV,common_equity,eligible,N,,43.35,,277826708.72492063,-9.8377703826955,12.597402597402606,-15.182938759538246,41.205211726384384,20.894160583941602,40.09359913169971,,,False,,276.0,,2026-08-17,,full,"{""as_of"": ""2026-08-17"", ""listing_date"": null, ""reason_code"": ""valid_trading_sessions"", ""status"": ""full"", ""valid_trading_sessions"": 276}","[""l1.csv""]",[],67.1192,ranked,full,100.0,True,True,False
MPWR,"Monolithic Power Systems, Inc. - Common Stock",nasdaqtrader:Q:MPWR,common_equity,eligible,Q,,1415.99,,1330545432.3390477,7.926067073170739,-8.64698520019096,20.872920347938905,66.8206076742734,16.2081555604211,57.60743513641119,,,False,,276.0,,2026-08-17,,full,"{""as_of"": ""2026-08-17"", ""listing_date"": null, ""reason_code"": ""valid_trading_sessions"", ""status"": ""full"", ""valid_trading_sessions"": 276}","[""l1.csv""]",[],67.052,ranked,full,100.0,True,True,False
RKT,"Rocket Companies, Inc. Class A Common Stock",nasdaqtrader:N:RKT,common_equity,eligible,N,,14.5,,422617092.3649207,-0.27510316368637433,8.614232209737827,-22.37687366167024,-22.54273504273504,38.139931740614344,54.68205239848688,,,False,,276.0,,2026-08-17,,full,"{""as_of"": ""2026-08-17"", ""listing_date"": null, ""reason_code"": ""valid_trading_sessions"", ""status"": ""full"", ""valid_trading_sessions"": 276}","[""l1.csv""]",[],67.0407,ranked,full,100.0,True,True,False
ARM,Arm Holdings plc - American Depositary Shares,nasdaqtrader:Q:ARM,adr,eligible,Q,,271.43,,2971489547.949524,1.586885736741639,29.771466819659587,116.65868454661559,93.11988616150835,38.235561825877205,88.98189008943642,,,False,,276.0,,2026-08-17,,full,"{""as_of"": ""2026-08-17"", ""listing_date"": null, ""reason_code"": ""valid_trading_sessions"", ""status"": ""full"", ""valid_trading_sessions"": 276}","[""l1.csv""]",[],67.0343,ranked,full,100.0,True,True,False
NOC,Northrop Grumman Corporation Common Stock,nasdaqtrader:N:NOC,common_equity,eligible,N,,570.2,,512683305.9568254,9.3237724562379,5.45784090698922,-18.84082724853039,-2.316178989926676,25.757141741100487,23.171506221722296,,,False,,276.0,,2026-08-17,,full,"{""as_of"": ""2026-08-17"", ""listing_date"": null, ""reason_code"": ""valid_trading_sessions"", ""status"": ""full"", ""valid_trading_sessions"": 276}","[""l1.csv""]",[],67.0176,ranked,full,100.0,True,True,False
MOD,Modine Manufacturing Company Common Stock,nasdaqtrader:N:MOD,common_equity,eligible,N,,216.75,,392077035.5661904,-5.48966599808145,-20.09511170095112,0.11547344110853786,55.36520679521182,29.37208771872658,75.99040653990599,,,False,,276.0,,2026-08-17,,full,"{""as_of"": ""2026-08-17"", ""listing_date"": null, ""reason_code"": ""valid_trading_sessions"", ""status"": ""full"", ""valid_trading_sessions"": 276}","[""l1.csv""]",[],66.9996,ranked,full,100.0,True,True,False
AKAM,"Akamai Technologies, Inc. - Common Stock",nasdaqtrader:Q:AKAM,common_equity,eligible,Q,,122.97,,551433322.6021428,2.3130044096846714,-18.498144220572645,10.030422333571941,65.57156321529555,23.687476728310774,58.990123890234116,,,False,,276.0,,2026-08-17,,full,"{""as_of"": ""2026-08-17"", ""listing_date"": null, ""reason_code"": ""valid_trading_sessions"", ""status"": ""full"", ""valid_trading_sessions"": 276}","[""l1.csv""]",[],66.9917,ranked,full,100.0,True,True,False
TLN,Talen Energy Corporation - Common Stock,nasdaqtrader:Q:TLN,common_equity,eligible,Q,,356.92,,305976474.39285713,-4.149099014421143,6.785543322163723,-5.250862755508356,-6.221755123489226,19.94437466355643,51.72335101880877,,,False,,276.0,,2026-08-17,,full,"{""as_of"": ""2026-08-17"", ""listing_date"": null, ""reason_code"": ""valid_trading_sessions"", ""status"": ""full"", ""valid_trading_sessions"": 276}","[""l1.csv""]",[],66.9861,ranked,full,100.0,True,True,False
BX,Blackstone Inc. Common Stock,nasdaqtrader:N:BX,common_equity,eligible,N,,140.57,,640017811.8930159,10.7635332125128,19.238272966324544,8.24734329277681,-19.527135333180677,25.49819800720797,37.64868532471173,,,False,,276.0,,2026-08-17,,full,"{""as_of"": ""2026-08-17"", ""listing_date"": null, ""reason_code"": ""valid_trading_sessions"", ""status"": ""full"", ""valid_trading_sessions"": 276}","[""l1.csv""]",[],66.9831,ranked,full,100.0,True,True,False
ARES,Ares Management Corporation Class A Common Stock,nasdaqtrader:N:ARES,common_equity,eligible,N,,141.34,,300668569.93857145,12.46021642266073,14.528806417632278,5.572154167911569,-25.78629561564715,25.3236117715433,42.69730712492431,,,False,,276.0,,2026-08-17,,full,"{""as_of"": ""2026-08-17"", ""listing_date"": null, ""reason_code"": ""valid_trading_sessions"", ""status"": ""full"", ""valid_trading_sessions"": 276}","[""l1.csv""]",[],66.9598,ranked,full,100.0,True,True,False
BTU,Peabody Energy Corporation Common Stock,nasdaqtrader:N:BTU,common_equity,eligible,N,,25.91,,76344616.97190477,15.463458110516925,9.002944888514941,-24.789550072568943,44.18475236505288,34.405063291139236,48.72388450461126,,,False,,276.0,,2026-08-17,,full,"{""as_of"": ""2026-08-17"", ""listing_date"": null, ""reason_code"": ""valid_trading_sessions"", ""status"": ""full"", ""valid_trading_sessions"": 276}","[""l1.csv""]",[],66.9207,ranked,full,100.0,True,True,False
NCLH,Norwegian Cruise Line Holdings Ltd. Ordinary Shares,nasdaqtrader:N:NCLH,common_equity,eligible,N,,18.18,,337263331.2131746,-6.57759506680371,17.139175257731964,-15.402512796649603,-25.369458128078815,32.516703786191535,55.83991515255159,,,False,,276.0,,2026-08-17,,full,"{""as_of"": ""2026-08-17"", ""listing_date"": null, ""reason_code"": ""valid_trading_sessions"", ""status"": ""full"", ""valid_trading_sessions"": 276}","[""l1.csv""]",[],66.9189,ranked,full,100.0,True,True,False
RMD,ResMed Inc. Common Stock,nasdaqtrader:N:RMD,common_equity,eligible,N,,220.37,,314203359.1285714,10.744258505452532,9.15890628095899,-12.742031280934473,-22.6011520089913,24.975317468423384,41.11925551473542,,,False,,276.0,,2026-08-17,,full,"{""as_of"": ""2026-08-17"", ""listing_date"": null, ""reason_code"": ""valid_trading_sessions"", ""status"": ""full"", ""valid_trading_sessions"": 276}","[""l1.csv""]",[],66.9134,ranked,full,100.0,True,True,False
DHI,"D.R. Horton, Inc. Common Stock",nasdaqtrader:N:DHI,common_equity,eligible,N,,148.34,,360383606.6034921,-0.70285829038087,9.564960484526196,-11.586601501966864,-9.493593654667476,19.397956965876972,36.85397282206988,,,False,,276.0,,2026-08-17,,full,"{""as_of"": ""2026-08-17"", ""listing_date"": null, ""reason_code"": ""valid_trading_sessions"", ""status"": ""full"", ""valid_trading_sessions"": 276}","[""l1.csv""]",[],66.8495,ranked,full,100.0,True,True,False
VRT,"Vertiv Holdings, LLC Class A Common Stock",nasdaqtrader:N:VRT,common_equity,eligible,N,,292.43,,1864020100.0617461,0.9911589998618631,-21.165148002372348,24.687673218777984,120.66857832779957,22.27360922839753,76.44501542560245,,,False,,276.0,,2026-08-17,,full,"{""as_of"": ""2026-08-17"", ""listing_date"": null, ""reason_code"": ""valid_trading_sessions"", ""status"": ""full"", ""valid_trading_sessions"": 276}","[""l1.csv""]",[],66.8031,ranked,full,100.0,True,True,False
CAT,"Caterpillar, Inc. Common Stock",nasdaqtrader:N:CAT,common_equity,eligible,N,,881.65,,2963490464.5149207,0.15563229881401242,-0.749738267046407,13.87884267631103,111.17365269461077,17.208188562306326,39.61919467888931,,,False,,276.0,,2026-08-17,,full,"{""as_of"": ""2026-08-17"", ""listing_date"": null, ""reason_code"": ""valid_trading_sessions"", ""status"": ""full"", ""valid_trading_sessions"": 276}","[""l1.csv""]",[],66.802,ranked,full,100.0,True,True,False
AFRM,"Affirm Holdings, Inc. - Class A Common Stock",nasdaqtrader:Q:AFRM,common_equity,eligible,Q,,74.52,,299494400.2342857,-2.037596950177467,13.217866909753884,49.608512346918275,-3.2459101532069545,19.15816880017358,49.30779276782009,,,False,,276.0,,2026-08-17,,full,"{""as_of"": ""2026-08-17"", ""listing_date"": null, ""reason_code"": ""valid_trading_sessions"", ""status"": ""full"", ""valid_trading_sessions"": 276}","[""l1.csv""]",[],66.7895,ranked,full,100.0,True,True,False
SHOP,Shopify Inc. - Class A Subordinate Voting Shares,qrgf-resolution-required:Q:SHOP,common_equity,eligible,Q,,148.65,,1172584682.164286,20.305924247329244,48.23494216194655,31.89884649511978,3.035974215013515,16.959946371711066,71.1637588274087,,,False,,276.0,,2026-08-17,,full,"{""as_of"": ""2026-08-17"", ""listing_date"": null, ""reason_code"": ""valid_trading_sessions"", ""status"": ""full"", ""valid_trading_sessions"": 276}","[""l1.csv""]",[],66.74,ranked,full,100.0,True,True,False
SEZL,Sezzle Inc. - Common Stock,nasdaqtrader:Q:SEZL,common_equity,eligible,Q,,122.18,,103668736.20190476,-30.050953226083465,23.889677550192665,90.72744302216674,33.57384934951351,35.20021214531954,145.29001184090936,,,False,,276.0,,2026-08-17,,full,"{""as_of"": ""2026-08-17"", ""listing_date"": null, ""reason_code"": ""valid_trading_sessions"", ""status"": ""full"", ""valid_trading_sessions"": 276}","[""l1.csv""]",[],66.7367,ranked,full,100.0,True,True,False
IONQ,"IonQ, Inc. Common Stock",nasdaqtrader:N:IONQ,common_equity,eligible,N,,46.84,,1268007044.8373015,34.67510063254744,-9.836381135707406,37.32043389035476,14.16037046063856,42.94067486904617,85.27869545579757,,,False,,276.0,,2026-08-17,,full,"{""as_of"": ""2026-08-17"", ""listing_date"": null, ""reason_code"": ""valid_trading_sessions"", ""status"": ""full"", ""valid_trading_sessions"": 276}","[""l1.csv""]",[],66.7206,ranked,full,100.0,True,True,False
TXN,Texas Instruments Incorporated - Common Stock,nasdaqtrader:Q:TXN,common_equity,eligible,Q,,282.91,,2528801164.588254,-0.39081754805998514,-6.5470881643708845,25.092854616200945,46.0482164059677,14.857951125556745,37.49083348767333,,,False,,276.0,,2026-08-17,,full,"{""as_of"": ""2026-08-17"", ""listing_date"": null, ""reason_code"": ""valid_trading_sessions"", ""status"": ""full"", ""valid_trading_sessions"": 276}","[""l1.csv""]",[],66.7145,ranked,full,100.0,True,True,False
PLTR,Palantir Technologies Inc. - Class A Common Stock,nasdaqtrader:Q:PLTR,common_equity,eligible,Q,,172.55,,5969042350.536905,30.344462909805124,28.778267034853357,31.30659767141011,-4.679040989945859,16.714933873926054,91.08750283431851,,,False,,276.0,,2026-08-17,,full,"{""as_of"": ""2026-08-17"", ""listing_date"": null, ""reason_code"": ""valid_trading_sessions"", ""status"": ""full"", ""valid_trading_sessions"": 276}","[""l1.csv""]",[],66.6787,ranked,full,100.0,True,True,False
RCAT,"Red Cat Holdings, Inc. - Common Stock",nasdaqtrader:Q:RCAT,common_equity,eligible,Q,,10.44,,138599479.8229365,36.64921465968587,10.01053740779767,-8.179419525065956,11.419423692636066,39.86175115207373,96.30661618501624,,,False,,276.0,,2026-08-17,,full,"{""as_of"": ""2026-08-17"", ""listing_date"": null, ""reason_code"": ""valid_trading_sessions"", ""status"": ""full"", ""valid_trading_sessions"": 276}","[""l1.csv""]",[],66.6759,ranked,full,100.0,True,True,False
DG,Dollar General Corporation Common Stock,nasdaqtrader:N:DG,common_equity,eligible,N,,120.08,,344794285.91936505,-4.508946322067597,17.288532916585275,-21.944877795111807,4.690496948561451,23.143881208397342,35.83400100373078,,,False,,276.0,,2026-08-17,,full,"{""as_of"": ""2026-08-17"", ""listing_date"": null, ""reason_code"": ""valid_trading_sessions"", ""status"": ""full"", ""valid_trading_sessions"": 276}","[""l1.csv""]",[],66.6692,ranked,full,100.0,True,True,False
DKNG,DraftKings Inc. - Class A Common Stock,nasdaqtrader:Q:DKNG,common_equity,eligible,Q,,25.3,,322985066.4242063,1.4434643143544479,1.200000000000001,16.268382352941167,-42.06549118387909,47.54302301472112,50.00074461420372,,,False,,276.0,,2026-08-17,,full,"{""as_of"": ""2026-08-17"", ""listing_date"": null, ""reason_code"": ""valid_trading_sessions"", ""status"": ""full"", ""valid_trading_sessions"": 276}","[""l1.csv""]",[],66.6638,ranked,full,100.0,True,True,False
SOXX,iShares PHLX SOX Semiconductor Sector Index Fund,US:SOXX,etf,eligible,Q,,559.12,,5753126211.975556,7.150112109771767,9.950444426964534,57.649579879321024,120.00472180687814,14.63947115311216,54.7292246360086,,,False,,276.0,,2026-08-17,,full,"{""as_of"": ""2026-08-17"", ""listing_date"": null, ""reason_code"": ""valid_trading_sessions"", ""status"": ""full"", ""valid_trading_sessions"": 276}","[""l1.csv""]",[],66.6599,ranked,full,100.0,True,True,False
ALGM,"Allegro MicroSystems, Inc. - Common Stock",nasdaqtrader:Q:ALGM,common_equity,eligible,Q,,44.25,,143669715.13539684,-4.797762478485367,2.6682134570765736,4.412458706937228,42.2829581993569,36.440677966101696,69.18030334751637,,,False,,276.0,,2026-08-17,,full,"{""as_of"": ""2026-08-17"", ""listing_date"": null, ""reason_code"": ""valid_trading_sessions"", ""status"": ""full"", ""valid_trading_sessions"": 276}","[""l1.csv""]",[],66.654,ranked,full,100.0,True,True,False
IBM,International Business Machines Corporation Common Stock,nasdaqtrader:N:IBM,common_equity,eligible,N,,228.85,,2838178363.9992065,7.6080312220811575,4.354765161878693,-12.779175242015395,-3.483615199696355,30.48932357318592,90.84027933584682,,,False,,276.0,,2026-08-17,,full,"{""as_of"": ""2026-08-17"", ""listing_date"": null, ""reason_code"": ""valid_trading_sessions"", ""status"": ""full"", ""valid_trading_sessions"": 276}","[""l1.csv""]",[],66.6486,ranked,full,100.0,True,True,False
GOOGL,Alphabet Inc. - Class A Common Stock,nasdaqtrader:Q:GOOGL,common_equity,eligible,Q,,344.0,,11744561745.145555,-0.7988003575857161,-13.302081758153129,12.521261284835795,69.50822903321179,14.559634394714616,43.49289280755167,,,False,,276.0,,2026-08-17,,full,"{""as_of"": ""2026-08-17"", ""listing_date"": null, ""reason_code"": ""valid_trading_sessions"", ""status"": ""full"", ""valid_trading_sessions"": 276}","[""l1.csv""]",[],66.6399,ranked,full,100.0,True,True,False
FTAI,FTAI Aviation Ltd. - Common Stock,nasdaqtrader:Q:FTAI,common_equity,eligible,Q,,227.43,,302151124.355873,9.625951990745207,-4.429129722233894,-18.731463283902094,56.95652173913044,26.644949038833698,66.31732576473544,,,False,,276.0,,2026-08-17,,full,"{""as_of"": ""2026-08-17"", ""listing_date"": null, ""reason_code"": ""valid_trading_sessions"", ""status"": ""full"", ""valid_trading_sessions"": 276}","[""l1.csv""]",[],66.636,ranked,full,100.0,True,True,False
FDX,FedEx Corporation Common Stock,nasdaqtrader:N:FDX,common_equity,eligible,N,,331.49,,622352631.6658729,5.914115917950036,-11.786151471605722,-11.536614005123836,43.45869217120355,19.49827577832822,22.906338162171597,,,False,,276.0,,2026-08-17,,full,"{""as_of"": ""2026-08-17"", ""listing_date"": null, ""reason_code"": ""valid_trading_sessions"", ""status"": ""full"", ""valid_trading_sessions"": 276}","[""l1.csv""]",[],66.6246,ranked,full,100.0,True,True,False
F,Ford Motor Company Common Stock,nasdaqtrader:N:F,common_equity,eligible,N,,14.05,,841186011.464127,-1.2649332396345692,4.850746268656714,-0.4957507082152923,22.814685314685335,19.438073394495415,27.0274275152564,,,False,,276.0,,2026-08-17,,full,"{""as_of"": ""2026-08-17"", ""listing_date"": null, ""reason_code"": ""valid_trading_sessions"", ""status"": ""full"", ""valid_trading_sessions"": 276}","[""l1.csv""]",[],66.6095,ranked,full,100.0,True,True,False
GOOG,Alphabet Inc. - Class C Capital Stock,nasdaqtrader:Q:GOOG,common_equity,eligible,Q,,341.45,,7920173113.532222,-1.34924303709697,-13.187735177463644,11.577674661786808,67.52526739279756,14.432137129109869,42.551070505714975,,,False,,276.0,,2026-08-17,,full,"{""as_of"": ""2026-08-17"", ""listing_date"": null, ""reason_code"": ""valid_trading_sessions"", ""status"": ""full"", ""valid_trading_sessions"": 276}","[""l1.csv""]",[],66.608,ranked,full,100.0,True,True,False
TSCO,Tractor Supply Company - Common Stock,nasdaqtrader:Q:TSCO,common_equity,eligible,Q,,34.68,,393964870.42206347,13.66764995083578,13.444553483807642,-36.97982918408142,-41.89981571452505,44.64485235434956,32.47008111405895,,,False,,276.0,,2026-08-17,,full,"{""as_of"": ""2026-08-17"", ""listing_date"": null, ""reason_code"": ""valid_trading_sessions"", ""status"": ""full"", ""valid_trading_sessions"": 276}","[""l1.csv""]",[],66.607,ranked,full,100.0,True,True,False
CCL,Carnival Corporation Ltd. Common Shares,nasdaqtrader:N:CCL,common_equity,eligible,N,,27.73,,619253817.7222222,4.998106777735711,12.54058441558441,-12.7163991186654,-8.330578512396691,18.417181523977643,37.54642221899903,,,False,,276.0,,2026-08-17,,full,"{""as_of"": ""2026-08-17"", ""listing_date"": null, ""reason_code"": ""valid_trading_sessions"", ""status"": ""full"", ""valid_trading_sessions"": 276}","[""l1.csv""]",[],66.6043,ranked,full,100.0,True,True,False
ALB,Albemarle Corporation Common Stock,nasdaqtrader:N:ALB,common_equity,eligible,N,,133.99,,329143530.5874603,10.937241265110131,-25.717928816942003,-19.452960625187853,64.54623603094683,37.858269177256275,37.65519798507,,,False,,276.0,,2026-08-17,,full,"{""as_of"": ""2026-08-17"", ""listing_date"": null, ""reason_code"": ""valid_trading_sessions"", ""status"": ""full"", ""valid_trading_sessions"": 276}","[""l1.csv""]",[],66.5594,ranked,full,100.0,True,True,False
ROP,"Roper Technologies, Inc. - Common Stock",nasdaqtrader:Q:ROP,common_equity,eligible,Q,,389.71,,363113433.7128571,7.316737346477931,21.44281707697102,21.25011667340777,-25.763867723255117,27.900910234588917,39.95734195265921,,,False,,276.0,,2026-08-17,,full,"{""as_of"": ""2026-08-17"", ""listing_date"": null, ""reason_code"": ""valid_trading_sessions"", ""status"": ""full"", ""valid_trading_sessions"": 276}","[""l1.csv""]",[],66.5535,ranked,full,100.0,True,True,False
DDOG,"Datadog, Inc. - Class A Common Stock",nasdaqtrader:Q:DDOG,common_equity,eligible,Q,,247.32,,1301492452.015873,-4.39522208048243,18.91528031541494,97.53993610223641,98.61869579184066,14.169703279541901,82.75378650067931,,,False,,276.0,,2026-08-17,,full,"{""as_of"": ""2026-08-17"", ""listing_date"": null, ""reason_code"": ""valid_trading_sessions"", ""status"": ""full"", ""valid_trading_sessions"": 276}","[""l1.csv""]",[],66.5424,ranked,full,100.0,True,True,False
AEO,"American Eagle Outfitters, Inc. Common Stock",nasdaqtrader:N:AEO,common_equity,eligible,N,,16.35,,88347464.68571429,-3.992953611274219,6.932635709614132,-35.8320251177394,29.35126582278482,42.00070947144378,48.11812323391986,,,False,,276.0,,2026-08-17,,full,"{""as_of"": ""2026-08-17"", ""listing_date"": null, ""reason_code"": ""valid_trading_sessions"", ""status"": ""full"", ""valid_trading_sessions"": 276}","[""l1.csv""]",[],66.5333,ranked,full,100.0,True,True,False
DY,"Dycom Industries, Inc. Common Stock",nasdaqtrader:N:DY,common_equity,eligible,N,,432.89,,253366671.0711111,6.332440863648636,-1.0243043647255257,1.26555628333489,61.55023137781759,19.1162182361734,57.27050202535584,,,False,,276.0,,2026-08-17,,full,"{""as_of"": ""2026-08-17"", ""listing_date"": null, ""reason_code"": ""valid_trading_sessions"", ""status"": ""full"", ""valid_trading_sessions"": 276}","[""l1.csv""]",[],66.5291,ranked,full,100.0,True,True,False
MTSI,"MACOM Technology Solutions Holdings, Inc. - Common Stock",nasdaqtrader:Q:MTSI,common_equity,eligible,Q,,327.53,,558355274.9049207,22.505236385397943,-12.798189563365291,34.145642201834846,161.18819776714508,20.05223589142746,78.05620788090128,,,False,,276.0,,2026-08-17,,full,"{""as_of"": ""2026-08-17"", ""listing_date"": null, ""reason_code"": ""valid_trading_sessions"", ""status"": ""full"", ""valid_trading_sessions"": 276}","[""l1.csv""]",[],66.507,ranked,full,100.0,True,True,False
GEHC,GE HealthCare Technologies Inc. - Common Stock,nasdaqtrader:Q:GEHC,common_equity,eligible,Q,,72.37,,322775694.2624603,14.74552084984937,19.10796576695195,-9.92033856111526,-1.751289709475956,17.9106170598911,48.344487944308455,,,False,,276.0,,2026-08-17,,full,"{""as_of"": ""2026-08-17"", ""listing_date"": null, ""reason_code"": ""valid_trading_sessions"", ""status"": ""full"", ""valid_trading_sessions"": 276}","[""l1.csv""]",[],66.4777,ranked,full,100.0,True,True,False
DOW,Dow Inc. Common Stock,nasdaqtrader:N:DOW,common_equity,eligible,N,,31.34,,355967920.90238094,4.745989304812825,-19.122580645161293,-3.539550630963384,34.1035515618314,25.149271554812515,39.464511369438135,,,False,,276.0,,2026-08-17,,full,"{""as_of"": ""2026-08-17"", ""listing_date"": null, ""reason_code"": ""valid_trading_sessions"", ""status"": ""full"", ""valid_trading_sessions"": 276}","[""l1.csv""]",[],66.4366,ranked,full,100.0,True,True,False
VCYT,"Veracyte, Inc. - Common Stock",nasdaqtrader:Q:VCYT,common_equity,eligible,Q,,42.08,,68279126.3468254,-28.834770843903268,9.355509355509351,17.640480849874173,40.07989347536618,30.434782608695656,87.18487897001594,,,False,,276.0,,2026-08-17,,full,"{""as_of"": ""2026-08-17"", ""listing_date"": null, ""reason_code"": ""valid_trading_sessions"", ""status"": ""full"", ""valid_trading_sessions"": 276}","[""l1.csv""]",[],66.3913,ranked,full,100.0,True,True,False
WYFI,"WhiteFiber, Inc. - Ordinary Shares",nasdaqtrader:Q:WYFI,common_equity,eligible,Q,,30.35,,72352579.3752381,20.675944333996043,25.413223140495877,56.2821833161689,70.12331838565022,32.209068572704936,138.4840304225857,,,False,,258.0,,2026-08-17,,full,"{""as_of"": ""2026-08-17"", ""listing_date"": null, ""reason_code"": ""valid_trading_sessions"", ""status"": ""full"", ""valid_trading_sessions"": 258}","[""l1.csv""]",[],66.3779,ranked,full,100.0,True,True,False
RCL,Royal Caribbean Cruises Ltd. Common Stock,nasdaqtrader:N:RCL,common_equity,eligible,N,,301.79,,756640439.2303175,5.167967660998074,15.943755042452645,-5.5755451957072655,-3.3653538264489247,17.50765361906843,32.285773295176696,,,False,,276.0,,2026-08-17,,full,"{""as_of"": ""2026-08-17"", ""listing_date"": null, ""reason_code"": ""valid_trading_sessions"", ""status"": ""full"", ""valid_trading_sessions"": 276}","[""l1.csv""]",[],66.3769,ranked,full,100.0,True,True,False
IGV,iShares Expanded Tech-Software Sector ETF,US:IGV,etf,eligible,Z,,101.99,,1604572770.6999207,9.903017241379297,11.124427979952056,23.220973782771527,-5.861177773675474,13.413702351642765,30.855705058451804,,,False,,276.0,,2026-08-17,,full,"{""as_of"": ""2026-08-17"", ""listing_date"": null, ""reason_code"": ""valid_trading_sessions"", ""status"": ""full"", ""valid_trading_sessions"": 276}","[""l1.csv""]",[],66.3534,ranked,full,100.0,True,True,False
TRI,Thomson Reuters Corp - Common Shares,nasdaqtrader:Q:TRI,common_equity,eligible,Q,,99.06,,186196966.65190476,2.972972972972965,19.73890970627341,12.249291784702553,-41.879840413048576,45.44252905215619,67.6677072877817,,,False,,276.0,,2026-08-17,,full,"{""as_of"": ""2026-08-17"", ""listing_date"": null, ""reason_code"": ""valid_trading_sessions"", ""status"": ""full"", ""valid_trading_sessions"": 276}","[""l1.csv""]",[],66.3038,ranked,full,100.0,True,True,False
PBR,Petroleo Brasileiro S.A. Petrobras ADS,nasdaqtrader:N:PBR,adr,eligible,N,,18.25,,276619062.40317464,1.5581524763494725,-8.42950326141495,20.14483212639895,51.07615894039734,17.15842033590559,32.53662138230353,,,False,,276.0,,2026-08-17,,full,"{""as_of"": ""2026-08-17"", ""listing_date"": null, ""reason_code"": ""valid_trading_sessions"", ""status"": ""full"", ""valid_trading_sessions"": 276}","[""l1.csv""]",[],66.2896,ranked,full,100.0,True,True,False
CRSP,CRISPR Therapeutics AG - Common Shares,nasdaqtrader:Q:CRSP,common_equity,eligible,Q,,54.28,,85338550.37380953,13.604018417748009,12.125593885560848,2.280007537215001,-7.718463107786466,29.304506381870276,44.196020539148186,,,False,,276.0,,2026-08-17,,full,"{""as_of"": ""2026-08-17"", ""listing_date"": null, ""reason_code"": ""valid_trading_sessions"", ""status"": ""full"", ""valid_trading_sessions"": 276}","[""l1.csv""]",[],66.2406,ranked,full,100.0,True,True,False
ALGT,Allegiant Travel Company - Common Stock,nasdaqtrader:Q:ALGT,common_equity,eligible,Q,,84.3,,56617554.51531746,-16.451932606541142,12.550066755674226,-24.258760107816713,40.734557595993316,29.254783484390735,54.29303418641008,,,False,,276.0,,2026-08-17,,full,"{""as_of"": ""2026-08-17"", ""listing_date"": null, ""reason_code"": ""valid_trading_sessions"", ""status"": ""full"", ""valid_trading_sessions"": 276}","[""l1.csv""]",[],66.234,ranked,full,100.0,True,True,False
AMD,"Advanced Micro Devices, Inc. - Common Stock",nasdaqtrader:Q:AMD,common_equity,eligible,Q,,506.0,,15029948379.84119,2.065515572050991,19.311483140768672,144.0671425815165,179.63525835866264,12.895284983904553,76.54525043445676,,,False,,276.0,,2026-08-17,,full,"{""as_of"": ""2026-08-17"", ""listing_date"": null, ""reason_code"": ""valid_trading_sessions"", ""status"": ""full"", ""valid_trading_sessions"": 276}","[""l1.csv""]",[],66.2238,ranked,full,100.0,True,True,False
BR,"Broadridge Financial Solutions, Inc. Common Stock",nasdaqtrader:N:BR,common_equity,eligible,N,,167.84,,210882014.95761904,11.960509639116811,15.258893009202023,-3.3736327000575606,-35.25440728310767,36.163091434656934,38.93797698729638,,,False,,276.0,,2026-08-17,,full,"{""as_of"": ""2026-08-17"", ""listing_date"": null, ""reason_code"": ""valid_trading_sessions"", ""status"": ""full"", ""valid_trading_sessions"": 276}","[""l1.csv""]",[],66.1725,ranked,full,100.0,True,True,False
NICE,NICE Ltd - American Depositary Shares each representing one Ordinary Share,nasdaqtrader:Q:NICE,adr,eligible,Q,,97.9,,62726318.88579365,-2.24663005491762,9.068627450980383,-5.4563013037180035,-23.425889714509186,36.19655891553701,58.26584168323991,,,False,,276.0,,2026-08-17,,full,"{""as_of"": ""2026-08-17"", ""listing_date"": null, ""reason_code"": ""valid_trading_sessions"", ""status"": ""full"", ""valid_trading_sessions"": 276}","[""l1.csv""]",[],66.1702,ranked,full,100.0,True,True,False
ACMR,"ACM Research, Inc. - Class A Common Stock",nasdaqtrader:Q:ACMR,common_equity,eligible,Q,,85.64,,135098674.02230158,2.0495710200190587,34.50604680383225,32.07896360271436,236.10675039246468,32.50847190479943,107.33312800013348,,,False,,276.0,,2026-08-17,,full,"{""as_of"": ""2026-08-17"", ""listing_date"": null, ""reason_code"": ""valid_trading_sessions"", ""status"": ""full"", ""valid_trading_sessions"": 276}","[""l1.csv""]",[],66.1678,ranked,full,100.0,True,True,False
BABA,Alibaba Group Holding Limited American Depositary Shares each representing eight Ordinary share,nasdaqtrader:N:BABA,adr,eligible,N,,124.71,,1339394321.3977778,8.471775245716273,-5.943132966287057,-19.91909073396263,1.987242394504407,34.134361466145556,45.973734958141584,,,False,,276.0,,2026-08-17,,full,"{""as_of"": ""2026-08-17"", ""listing_date"": null, ""reason_code"": ""valid_trading_sessions"", ""status"": ""full"", ""valid_trading_sessions"": 276}","[""l1.csv""]",[],66.1346,ranked,full,100.0,True,True,False
INTC,Intel Corporation - Common Stock,nasdaqtrader:Q:INTC,common_equity,eligible,Q,,103.49,,13447323756.322224,8.890993265993252,-4.854279672703877,121.17973926052574,333.73847443419953,26.57159074783596,78.81073896694562,,,False,,276.0,,2026-08-17,,full,"{""as_of"": ""2026-08-17"", ""listing_date"": null, ""reason_code"": ""valid_trading_sessions"", ""status"": ""full"", ""valid_trading_sessions"": 276}","[""l1.csv""]",[],66.1262,ranked,full,100.0,True,True,False
INFQ,"Infleqtion, Inc. Common Stock",nasdaqtrader:N:INFQ,common_equity,eligible,N,,13.41,,230065876.86825398,47.524752475247524,7.797427652733124,-1.830161054172763,32.44444444444446,48.323699421965316,95.1588719210185,,,False,,276.0,,2026-08-17,,full,"{""as_of"": ""2026-08-17"", ""listing_date"": null, ""reason_code"": ""valid_trading_sessions"", ""status"": ""full"", ""valid_trading_sessions"": 276}","[""l1.csv""]",[],66.1118,ranked,full,100.0,True,True,False
DASH,"DoorDash, Inc. - Common Stock",nasdaqtrader:Q:DASH,common_equity,eligible,Q,,212.72,,826003590.2595237,15.520799391767138,33.61809045226132,32.66808032930024,-14.031684448755255,24.49776389579045,43.2910606802432,,,False,,276.0,,2026-08-17,,full,"{""as_of"": ""2026-08-17"", ""listing_date"": null, ""reason_code"": ""valid_trading_sessions"", ""status"": ""full"", ""valid_trading_sessions"": 276}","[""l1.csv""]",[],66.0997,ranked,full,100.0,True,True,False
ADI,"Analog Devices, Inc. - Common Stock",nasdaqtrader:Q:ADI,common_equity,eligible,Q,,390.28,,1877353214.4474604,3.974850809889152,-6.5175213777575625,15.775734203500424,65.22585834638667,12.391128670198448,32.8271506707965,,,False,,276.0,,2026-08-17,,full,"{""as_of"": ""2026-08-17"", ""listing_date"": null, ""reason_code"": ""valid_trading_sessions"", ""status"": ""full"", ""valid_trading_sessions"": 276}","[""l1.csv""]",[],66.0978,ranked,full,100.0,True,True,False
HUT,Hut 8 Corp. - Common Stock,nasdaqtrader:Q:HUT,common_equity,eligible,Q,,88.04,,473791507.79626983,-3.7288135593220306,-14.082170391334037,63.43048078708002,269.91596638655466,33.814463990377384,115.45022422551385,,,False,,276.0,,2026-08-17,,full,"{""as_of"": ""2026-08-17"", ""listing_date"": null, ""reason_code"": ""valid_trading_sessions"", ""status"": ""full"", ""valid_trading_sessions"": 276}","[""l1.csv""]",[],66.0919,ranked,full,100.0,True,True,False
MXL,"MaxLinear, Inc - Common Stock",nasdaqtrader:Q:MXL,common_equity,eligible,Q,,84.76,,344120268.31920636,17.984409799554555,-8.208793588910545,333.9989759344598,445.43114543114547,33.79676638287901,141.61855902484288,,,False,,276.0,,2026-08-17,,full,"{""as_of"": ""2026-08-17"", ""listing_date"": null, ""reason_code"": ""valid_trading_sessions"", ""status"": ""full"", ""valid_trading_sessions"": 276}","[""l1.csv""]",[],66.0896,ranked,full,100.0,True,True,False
BZ,KANZHUN LIMITED - American Depository Shares,nasdaqtrader:Q:BZ,adr,eligible,Q,,15.55,,52835769.26174603,4.292421193829643,10.51883439943142,-10.219399538106233,-27.06378986866792,37.57527097551184,41.05778351296286,,,False,,276.0,,2026-08-17,,full,"{""as_of"": ""2026-08-17"", ""listing_date"": null, ""reason_code"": ""valid_trading_sessions"", ""status"": ""full"", ""valid_trading_sessions"": 276}","[""l1.csv""]",[],66.0783,ranked,full,100.0,True,True,False
FCEL,"FuelCell Energy, Inc. - Common Stock",nasdaqtrader:Q:FCEL,common_equity,eligible,Q,,22.36,,262882812.52650794,20.897539875642046,4.681647940074907,209.69529085872577,428.6052009456264,37.906137184115515,148.9609529512435,,,False,,276.0,,2026-08-17,,full,"{""as_of"": ""2026-08-17"", ""listing_date"": null, ""reason_code"": ""valid_trading_sessions"", ""status"": ""full"", ""valid_trading_sessions"": 276}","[""l1.csv""]",[],66.0563,ranked,full,100.0,True,True,False
GDDY,GoDaddy Inc. Class A Common Stock,nasdaqtrader:N:GDDY,common_equity,eligible,N,,92.37,,220942635.53666666,-2.0985691573926712,5.953200275292492,3.646768402154388,-35.68892292696512,37.95674368619022,79.52387461182151,,,False,,276.0,,2026-08-17,,full,"{""as_of"": ""2026-08-17"", ""listing_date"": null, ""reason_code"": ""valid_trading_sessions"", ""status"": ""full"", ""valid_trading_sessions"": 276}","[""l1.csv""]",[],66.0529,ranked,full,100.0,True,True,False
AMAT,"Applied Materials, Inc. - Common Stock",nasdaqtrader:Q:AMAT,common_equity,eligible,Q,,535.31,,5292536528.032539,1.0667220481063389,22.603178965690972,50.82978783353524,184.37632809179766,25.959889349930855,78.99442260689992,,,False,,276.0,,2026-08-17,,full,"{""as_of"": ""2026-08-17"", ""listing_date"": null, ""reason_code"": ""valid_trading_sessions"", ""status"": ""full"", ""valid_trading_sessions"": 276}","[""l1.csv""]",[],66.0447,ranked,full,100.0,True,True,False
MRVL,"Marvell Technology, Inc. - Common Stock",nasdaqtrader:Q:MRVL,common_equity,eligible,Q,,234.33,,10365183463.139763,24.194403222387106,32.47215783820454,198.09184582114239,196.47014170040484,25.945706791391455,89.13878616291167,,,False,,276.0,,2026-08-17,,full,"{""as_of"": ""2026-08-17"", ""listing_date"": null, ""reason_code"": ""valid_trading_sessions"", ""status"": ""full"", ""valid_trading_sessions"": 276}","[""l1.csv""]",[],66.0428,ranked,full,100.0,True,True,False
KMB,Kimberly-Clark Corporation - Common Stock,nasdaqtrader:Q:KMB,common_equity,eligible,Q,,107.91,,449436061.10523814,-0.4060913705583702,12.511729746637478,-1.3709898546750754,-19.101881700277378,19.16248408120459,29.08205727378966,,,False,,276.0,,2026-08-17,,full,"{""as_of"": ""2026-08-17"", ""listing_date"": null, ""reason_code"": ""valid_trading_sessions"", ""status"": ""full"", ""valid_trading_sessions"": 276}","[""l1.csv""]",[],66.0406,ranked,full,100.0,True,True,False
CSCO,"Cisco Systems, Inc. - Common Stock",nasdaqtrader:Q:CSCO,common_equity,eligible,Q,,112.9,,2892360004.018889,0.8576022869394295,-4.4920057524744035,46.909564085881605,62.91486291486292,13.15384615384615,41.70704037033588,,,False,,276.0,,2026-08-17,,full,"{""as_of"": ""2026-08-17"", ""listing_date"": null, ""reason_code"": ""valid_trading_sessions"", ""status"": ""full"", ""valid_trading_sessions"": 276}","[""l1.csv""]",[],66.0385,ranked,full,100.0,True,True,False
PATH,"UiPath, Inc. Class A Common Stock",nasdaqtrader:N:PATH,common_equity,eligible,N,,15.99,,782152306.1047618,31.604938271604933,55.696202531645575,41.254416961130744,49.021435228331775,17.107309486780707,67.69139579363986,,,False,,276.0,,2026-08-17,,full,"{""as_of"": ""2026-08-17"", ""listing_date"": null, ""reason_code"": ""valid_trading_sessions"", ""status"": ""full"", ""valid_trading_sessions"": 276}","[""l1.csv""]",[],66.0268,ranked,full,100.0,True,True,False
IBRX,"ImmunityBio, Inc. - Common Stock",nasdaqtrader:Q:IBRX,common_equity,eligible,Q,,7.92,,91820064.77555555,3.125,-0.6273525721455453,33.22119428090833,192.2509225092251,31.428571428571427,60.38932129569614,,,False,,276.0,,2026-08-17,,full,"{""as_of"": ""2026-08-17"", ""listing_date"": null, ""reason_code"": ""valid_trading_sessions"", ""status"": ""full"", ""valid_trading_sessions"": 276}","[""l1.csv""]",[],66.0238,ranked,full,100.0,True,True,False
TOST,"Toast, Inc. Class A Common Stock",nasdaqtrader:N:TOST,common_equity,eligible,N,,34.32,,337530590.11523813,14.095744680851062,48.8937093275488,25.57628979143798,-20.186046511627907,23.902439024390244,38.89775502966234,,,False,,276.0,,2026-08-17,,full,"{""as_of"": ""2026-08-17"", ""listing_date"": null, ""reason_code"": ""valid_trading_sessions"", ""status"": ""full"", ""valid_trading_sessions"": 276}","[""l1.csv""]",[],66.0203,ranked,full,100.0,True,True,False
GIS,"General Mills, Inc. Common Stock",nasdaqtrader:N:GIS,common_equity,eligible,N,,37.98,,360422879.0147619,0.026336581511721135,15.125795695665346,-21.431526685974355,-23.535333199114163,25.689688906280573,31.25875695698929,,,False,,276.0,,2026-08-17,,full,"{""as_of"": ""2026-08-17"", ""listing_date"": null, ""reason_code"": ""valid_trading_sessions"", ""status"": ""full"", ""valid_trading_sessions"": 276}","[""l1.csv""]",[],66.0086,ranked,full,100.0,True,True,False
NOW,"ServiceNow, Inc. Common Stock",nasdaqtrader:N:NOW,common_equity,eligible,N,,117.7,,2928924872.6698413,14.006199147617204,23.80351320079943,9.91781845349271,-30.83387201034259,38.771263590490555,58.6203070588086,,,False,,276.0,,2026-08-17,,full,"{""as_of"": ""2026-08-17"", ""listing_date"": null, ""reason_code"": ""valid_trading_sessions"", ""status"": ""full"", ""valid_trading_sessions"": 276}","[""l1.csv""]",[],65.9986,ranked,full,100.0,True,True,False
BSY,"Bentley Systems, Incorporated - Class B Common Stock",nasdaqtrader:Q:BSY,common_equity,eligible,Q,,34.74,,99586585.88761905,7.421150278293132,8.325537885874645,1.8768328445747828,-32.83062645011601,38.82725832012678,47.07029627221581,,,False,,276.0,,2026-08-17,,full,"{""as_of"": ""2026-08-17"", ""listing_date"": null, ""reason_code"": ""valid_trading_sessions"", ""status"": ""full"", ""valid_trading_sessions"": 276}","[""l1.csv""]",[],65.9948,ranked,full,100.0,True,True,False
TPR,"Tapestry, Inc. Common Stock",nasdaqtrader:N:TPR,common_equity,eligible,N,,129.02,,389601964.6028571,-8.794005372543479,-0.23198267862665212,-16.111833550065025,34.83122583342044,21.70166282315814,62.67071761805999,,,False,,276.0,,2026-08-17,,full,"{""as_of"": ""2026-08-17"", ""listing_date"": null, ""reason_code"": ""valid_trading_sessions"", ""status"": ""full"", ""valid_trading_sessions"": 276}","[""l1.csv""]",[],65.9769,ranked,full,100.0,True,True,False
OTEX,Open Text Corporation - Common Shares,nasdaqtrader:Q:OTEX,common_equity,eligible,Q,,23.93,,51875285.183492064,2.8362698753760185,5.511463844797171,-2.684017893452628,-22.905927835051543,39.70773494583019,45.03453536339389,,,False,,276.0,,2026-08-17,,full,"{""as_of"": ""2026-08-17"", ""listing_date"": null, ""reason_code"": ""valid_trading_sessions"", ""status"": ""full"", ""valid_trading_sessions"": 276}","[""l1.csv""]",[],65.9362,ranked,full,100.0,True,True,False
NFLX,"Netflix, Inc. - Common Stock",nasdaqtrader:Q:NFLX,common_equity,eligible,Q,,76.02,,3253307199.087937,10.253807106598977,-12.640772236267528,-1.1057629764537613,-38.225255972696246,39.824269769650925,35.73605232222843,,,False,,276.0,,2026-08-17,,full,"{""as_of"": ""2026-08-17"", ""listing_date"": null, ""reason_code"": ""valid_trading_sessions"", ""status"": ""full"", ""valid_trading_sessions"": 276}","[""l1.csv""]",[],65.9284,ranked,full,100.0,True,True,False
ERIE,Erie Indemnity Company - Class A Common Stock,nasdaqtrader:Q:ERIE,common_equity,eligible,Q,,247.75,,58110877.49103174,8.99212529145219,16.287256512555736,-11.235713517967827,-32.68943407504007,32.40478009385572,60.08359089925606,,,False,,276.0,,2026-08-17,,full,"{""as_of"": ""2026-08-17"", ""listing_date"": null, ""reason_code"": ""valid_trading_sessions"", ""status"": ""full"", ""valid_trading_sessions"": 276}","[""l1.csv""]",[],65.904,ranked,full,100.0,True,True,False
DVA,DaVita Inc. Common Stock,nasdaqtrader:N:DVA,common_equity,eligible,N,,176.7,,185318795.6877778,-25.43359918977086,-11.534995494142397,18.630412890231618,31.482997246818954,26.668326693227094,59.431687349956164,,,False,,276.0,,2026-08-17,,full,"{""as_of"": ""2026-08-17"", ""listing_date"": null, ""reason_code"": ""valid_trading_sessions"", ""status"": ""full"", ""valid_trading_sessions"": 276}","[""l1.csv""]",[],65.8891,ranked,full,100.0,True,True,False
BEAM,Beam Therapeutics Inc. - Common Stock,nasdaqtrader:Q:BEAM,common_equity,eligible,Q,,27.1,,65793803.44904762,-1.5619324373410848,-2.971715001790187,-2.936962750716332,53.71525808281341,28.53375527426161,62.024989250342344,,,False,,276.0,,2026-08-17,,full,"{""as_of"": ""2026-08-17"", ""listing_date"": null, ""reason_code"": ""valid_trading_sessions"", ""status"": ""full"", ""valid_trading_sessions"": 276}","[""l1.csv""]",[],65.8878,ranked,full,100.0,True,True,False
WDAY,"Workday, Inc. - Class A Common Stock",nasdaqtrader:Q:WDAY,common_equity,eligible,Q,,191.18,,767845399.8770634,32.048625500759776,52.9317654587633,32.37778701010943,-13.851838500360481,22.814808833622667,78.68463475430659,,,False,,276.0,,2026-08-17,,full,"{""as_of"": ""2026-08-17"", ""listing_date"": null, ""reason_code"": ""valid_trading_sessions"", ""status"": ""full"", ""valid_trading_sessions"": 276}","[""l1.csv""]",[],65.8753,ranked,full,100.0,True,True,False
ALM,Almonty Industries Inc. - Common Shares,nasdaqtrader:Q:ALM,common_equity,eligible,Q,,16.36,,95256046.53682539,18.809005083514883,-6.246418338108883,18.20809248554913,247.34607218683652,30.145175064047823,109.0326460277579,,,False,,276.0,,2026-08-17,,full,"{""as_of"": ""2026-08-17"", ""listing_date"": null, ""reason_code"": ""valid_trading_sessions"", ""status"": ""full"", ""valid_trading_sessions"": 276}","[""l1.csv""]",[],65.8527,ranked,full,100.0,True,True,False
MSFT,Microsoft Corporation - Common Stock,nasdaqtrader:Q:MSFT,common_equity,eligible,Q,,480.35,,16715759700.15143,21.9719668884262,13.848596890405762,19.6925147014851,-8.063466544173936,11.385983360082651,50.19262084158495,,,False,,276.0,,2026-08-17,,full,"{""as_of"": ""2026-08-17"", ""listing_date"": null, ""reason_code"": ""valid_trading_sessions"", ""status"": ""full"", ""valid_trading_sessions"": 276}","[""l1.csv""]",[],65.8465,ranked,full,100.0,True,True,False
BB,BlackBerry Limited Common Stock,nasdaqtrader:N:BB,common_equity,eligible,N,,8.73,,289616984.0587302,-2.8921023359288034,41.033925686591274,152.31213872832373,136.58536585365857,31.85011709601874,60.30955003443634,,,False,,276.0,,2026-08-17,,full,"{""as_of"": ""2026-08-17"", ""listing_date"": null, ""reason_code"": ""valid_trading_sessions"", ""status"": ""full"", ""valid_trading_sessions"": 276}","[""l1.csv""]",[],65.83,ranked,full,100.0,True,True,False
SNEX,StoneX Group Inc. - Common Stock,nasdaqtrader:Q:SNEX,common_equity,eligible,Q,,68.41,,99865023.98380952,-0.3641130206816223,-6.88716482918198,20.801695214550577,69.08057340583291,26.17891442753858,62.473093527418676,,,False,,276.0,,2026-08-17,,full,"{""as_of"": ""2026-08-17"", ""listing_date"": null, ""reason_code"": ""valid_trading_sessions"", ""status"": ""full"", ""valid_trading_sessions"": 276}","[""l1.csv""]",[],65.8239,ranked,full,100.0,True,True,False
LYFT,"Lyft, Inc. - Class A Common Stock",nasdaqtrader:Q:LYFT,common_equity,eligible,Q,,17.22,,194414707.23253968,10.953608247422686,32.76792598303777,29.76639035418236,17.783857729138177,29.91452991452992,45.83713957116241,,,False,,276.0,,2026-08-17,,full,"{""as_of"": ""2026-08-17"", ""listing_date"": null, ""reason_code"": ""valid_trading_sessions"", ""status"": ""full"", ""valid_trading_sessions"": 276}","[""l1.csv""]",[],65.8219,ranked,full,100.0,True,True,False
EXTR,"Extreme Networks, Inc. - Common Stock",nasdaqtrader:Q:EXTR,common_equity,eligible,Q,,24.28,,59321755.745714284,-19.97363216875412,-1.5409570154095609,67.91147994467497,22.93670886075949,27.973894986650848,79.29556160345005,,,False,,276.0,,2026-08-17,,full,"{""as_of"": ""2026-08-17"", ""listing_date"": null, ""reason_code"": ""valid_trading_sessions"", ""status"": ""full"", ""valid_trading_sessions"": 276}","[""l1.csv""]",[],65.8132,ranked,full,100.0,True,True,False
SMH,VanEck Semiconductor ETF,US:SMH,etf,eligible,Q,,594.07,,6668218912.181905,6.745368623434511,6.781824064421049,45.7053860492495,96.76404345521993,11.188351198217983,45.25083068445909,,,False,,276.0,,2026-08-17,,full,"{""as_of"": ""2026-08-17"", ""listing_date"": null, ""reason_code"": ""valid_trading_sessions"", ""status"": ""full"", ""valid_trading_sessions"": 276}","[""l1.csv""]",[],65.7971,ranked,full,100.0,True,True,False
YOU,"Clear Secure, Inc. Class A Common Stock",nasdaqtrader:N:YOU,common_equity,eligible,N,,43.84,,80686098.95904762,-21.756202034624305,-25.556121582611645,34.89230769230771,29.74252737496301,29.69852469531751,51.23159449567197,,,False,,276.0,,2026-08-17,,full,"{""as_of"": ""2026-08-17"", ""listing_date"": null, ""reason_code"": ""valid_trading_sessions"", ""status"": ""full"", ""valid_trading_sessions"": 276}","[""l1.csv""]",[],65.7931,ranked,full,100.0,True,True,False
WWD,"Woodward, Inc. - Common Stock",nasdaqtrader:Q:WWD,common_equity,eligible,Q,,370.4,,293660893.6414286,-5.7218489106088395,6.067982016551654,-2.3695932944990616,50.980312232503145,15.131518650902764,40.73768488637201,,,False,,276.0,,2026-08-17,,full,"{""as_of"": ""2026-08-17"", ""listing_date"": null, ""reason_code"": ""valid_trading_sessions"", ""status"": ""full"", ""valid_trading_sessions"": 276}","[""l1.csv""]",[],65.7829,ranked,full,100.0,True,True,False
CVS,CVS Health Corporation Common Stock,nasdaqtrader:N:CVS,common_equity,eligible,N,,94.01,,816176389.2469841,-12.524425421047724,-1.9605798310564193,19.78848114169216,40.881162895249524,14.999999999999991,29.807078476125326,,,False,,276.0,,2026-08-17,,full,"{""as_of"": ""2026-08-17"", ""listing_date"": null, ""reason_code"": ""valid_trading_sessions"", ""status"": ""full"", ""valid_trading_sessions"": 276}","[""l1.csv""]",[],65.75,ranked,full,100.0,True,True,False
SNDK,Sandisk Corporation - Common Stock When-Issued,nasdaqtrader:Q:SNDK,common_equity,eligible,Q,,1786.85,,22073470224.004288,31.888368934618615,26.94212175247406,185.18418028600615,3727.8706083976003,23.475374732334053,147.73848088012852,,,False,,276.0,,2026-08-17,,full,"{""as_of"": ""2026-08-17"", ""listing_date"": null, ""reason_code"": ""valid_trading_sessions"", ""status"": ""full"", ""valid_trading_sessions"": 276}","[""l1.csv""]",[],65.7134,ranked,full,100.0,True,True,False
ADBE,Adobe Inc. - Common Stock,nasdaqtrader:Q:ADBE,common_equity,eligible,Q,,254.04,,1475014230.2838097,7.0769230769230695,2.60096930533118,-3.7617911126264447,-27.121464226289515,30.86594459260872,52.3490254414221,,,False,,276.0,,2026-08-17,,full,"{""as_of"": ""2026-08-17"", ""listing_date"": null, ""reason_code"": ""valid_trading_sessions"", ""status"": ""full"", ""valid_trading_sessions"": 276}","[""l1.csv""]",[],65.6988,ranked,full,100.0,True,True,False
POWI,"Power Integrations, Inc. - Common Stock",nasdaqtrader:Q:POWI,common_equity,eligible,Q,,62.1,,74630268.51238094,-11.852377572746631,-15.210267613326046,31.539927981359874,31.400761743546358,28.906697195191754,72.80746118579121,,,False,,276.0,,2026-08-17,,full,"{""as_of"": ""2026-08-17"", ""listing_date"": null, ""reason_code"": ""valid_trading_sessions"", ""status"": ""full"", ""valid_trading_sessions"": 276}","[""l1.csv""]",[],65.6876,ranked,full,100.0,True,True,False
SYNA,Synaptics Incorporated - Common Stock,nasdaqtrader:Q:SYNA,common_equity,eligible,Q,,110.58,,122722257.15357143,-3.0382743653820876,-13.764329720034308,21.770730095804414,62.5459356166397,25.06607033949989,56.33989693080924,,,False,,276.0,,2026-08-17,,full,"{""as_of"": ""2026-08-17"", ""listing_date"": null, ""reason_code"": ""valid_trading_sessions"", ""status"": ""full"", ""valid_trading_sessions"": 276}","[""l1.csv""]",[],65.6755,ranked,full,100.0,True,True,False
CELC,Celcuity Inc. - Common Stock,nasdaqtrader:Q:CELC,common_equity,eligible,Q,,92.44,,146380278.54158732,4.59379950214982,-32.85880302149914,-11.549134054157506,78.14607824243592,36.23948130776659,83.26417445110404,,,False,,276.0,,2026-08-17,,full,"{""as_of"": ""2026-08-17"", ""listing_date"": null, ""reason_code"": ""valid_trading_sessions"", ""status"": ""full"", ""valid_trading_sessions"": 276}","[""l1.csv""]",[],65.6674,ranked,full,100.0,True,True,False
G,Genpact Limited Common Stock,nasdaqtrader:N:G,common_equity,eligible,N,,33.7,,79076633.9463492,9.09679507931369,16.00688468158349,-9.796573875802995,-22.883295194508012,30.515463917525764,43.11365368564516,,,False,,276.0,,2026-08-17,,full,"{""as_of"": ""2026-08-17"", ""listing_date"": null, ""reason_code"": ""valid_trading_sessions"", ""status"": ""full"", ""valid_trading_sessions"": 276}","[""l1.csv""]",[],65.6521,ranked,full,100.0,True,True,False
LSCC,Lattice Semiconductor Corporation - Common Stock,nasdaqtrader:Q:LSCC,common_equity,eligible,Q,,132.67,,276288183.11507934,5.941068434081287,10.457081009075008,35.890607395267835,108.76475216365064,14.555290783795982,68.67618647036136,,,False,,276.0,,2026-08-17,,full,"{""as_of"": ""2026-08-17"", ""listing_date"": null, ""reason_code"": ""valid_trading_sessions"", ""status"": ""full"", ""valid_trading_sessions"": 276}","[""l1.csv""]",[],65.6388,ranked,full,100.0,True,True,False
CBOE,"Cboe Global Markets, Inc. Common Stock",nasdaqtrader:Z:CBOE,common_equity,eligible,Z,,295.0,,400399380.05,7.8965655974543525,-18.737259655115412,7.229835338591828,21.045504903368762,19.552767930188164,36.331397810438474,,,False,,276.0,,2026-08-17,,full,"{""as_of"": ""2026-08-17"", ""listing_date"": null, ""reason_code"": ""valid_trading_sessions"", ""status"": ""full"", ""valid_trading_sessions"": 276}","[""l1.csv""]",[],65.6382,ranked,full,100.0,True,True,False
RARE,Ultragenyx Pharmaceutical Inc. - Common Stock,nasdaqtrader:Q:RARE,common_equity,eligible,Q,,26.13,,62470478.4268254,-10.758196721311485,4.519999999999991,27.339181286549707,-9.927611168562578,28.48932676518884,44.08876694132595,,,False,,276.0,,2026-08-17,,full,"{""as_of"": ""2026-08-17"", ""listing_date"": null, ""reason_code"": ""valid_trading_sessions"", ""status"": ""full"", ""valid_trading_sessions"": 276}","[""l1.csv""]",[],65.6319,ranked,full,100.0,True,True,False
STM,STMicroelectronics N.V. Common Stock,nasdaqtrader:N:STM,common_equity,eligible,N,,55.79,,794100539.8563491,-10.103126007089912,-9.151603973294254,65.99226420708122,115.6551990722845,30.18395695157051,84.98771789930318,,,False,,276.0,,2026-08-17,,full,"{""as_of"": ""2026-08-17"", ""listing_date"": null, ""reason_code"": ""valid_trading_sessions"", ""status"": ""full"", ""valid_trading_sessions"": 276}","[""l1.csv""]",[],65.6079,ranked,full,100.0,True,True,False
EQX,Equinox Gold Corp. Common Shares,nasdaqtrader:A:EQX,common_equity,eligible,A,,11.79,,145211901.62380952,36.774941995359626,-10.88435374149661,-25.37974683544305,50.76726342710995,37.15351812366738,57.70104957896396,,,False,,276.0,,2026-08-17,,full,"{""as_of"": ""2026-08-17"", ""listing_date"": null, ""reason_code"": ""valid_trading_sessions"", ""status"": ""full"", ""valid_trading_sessions"": 276}","[""l1.csv""]",[],65.6064,ranked,full,100.0,True,True,False
CF,"CF Industries Holdings, Inc. Common Stock",nasdaqtrader:N:CF,common_equity,eligible,N,,117.78,,299889702.9163492,-2.997858672376874,-5.956563398275305,24.4242552292415,38.12595285563505,14.404069767441852,40.702949298960114,,,False,,276.0,,2026-08-17,,full,"{""as_of"": ""2026-08-17"", ""listing_date"": null, ""reason_code"": ""valid_trading_sessions"", ""status"": ""full"", ""valid_trading_sessions"": 276}","[""l1.csv""]",[],65.601,ranked,full,100.0,True,True,False
RSI,"Rush Street Interactive, Inc. Class A Common Stock",nasdaqtrader:N:RSI,common_equity,eligible,N,,25.45,,79728564.68111111,-21.6923076923077,-4.930892790437058,58.76481597005614,35.22848034006376,26.274623406720753,62.87741006306605,,,False,,276.0,,2026-08-17,,full,"{""as_of"": ""2026-08-17"", ""listing_date"": null, ""reason_code"": ""valid_trading_sessions"", ""status"": ""full"", ""valid_trading_sessions"": 276}","[""l1.csv""]",[],65.5866,ranked,full,100.0,True,True,False
VSH,"Vishay Intertechnology, Inc. Common Stock",nasdaqtrader:N:VSH,common_equity,eligible,N,,35.58,,352602036.6347619,-5.8979106056598845,-4.431909750201446,88.45338983050848,132.24543080939947,45.17719568567027,102.81300546472905,,,False,,276.0,,2026-08-17,,full,"{""as_of"": ""2026-08-17"", ""listing_date"": null, ""reason_code"": ""valid_trading_sessions"", ""status"": ""full"", ""valid_trading_sessions"": 276}","[""l1.csv""]",[],65.5715,ranked,full,100.0,True,True,False
HAL,Halliburton Company Common Stock,nasdaqtrader:N:HAL,common_equity,eligible,N,,34.73,,426868778.5536508,-1.3912549687677522,-16.83429118773947,2.2673733804475793,62.66978922716626,19.194974406700794,37.862770880816356,,,False,,276.0,,2026-08-17,,full,"{""as_of"": ""2026-08-17"", ""listing_date"": null, ""reason_code"": ""valid_trading_sessions"", ""status"": ""full"", ""valid_trading_sessions"": 276}","[""l1.csv""]",[],65.5487,ranked,full,100.0,True,True,False
COF,Capital One Financial Corporation Common Stock,nasdaqtrader:N:COF,common_equity,eligible,N,,221.45,,893711532.3846033,6.450992645291542,18.314900892236995,6.78979601678158,0.16736023159036328,14.146700783127864,31.976006877421607,,,False,,276.0,,2026-08-17,,full,"{""as_of"": ""2026-08-17"", ""listing_date"": null, ""reason_code"": ""valid_trading_sessions"", ""status"": ""full"", ""valid_trading_sessions"": 276}","[""l1.csv""]",[],65.5367,ranked,full,100.0,True,True,False
AMPX,"Amprius Technologies, Inc. Common Stock",nasdaqtrader:N:AMPX,common_equity,eligible,N,,11.58,,108482486.45285714,13.976377952755904,-31.275964391691403,16.14844533600801,55.64516129032258,49.45438673068529,92.44643380269699,,,False,,276.0,,2026-08-17,,full,"{""as_of"": ""2026-08-17"", ""listing_date"": null, ""reason_code"": ""valid_trading_sessions"", ""status"": ""full"", ""valid_trading_sessions"": 276}","[""l1.csv""]",[],65.5364,ranked,full,100.0,True,True,False
AAPL,Apple Inc. - Common Stock,nasdaqtrader:Q:AAPL,common_equity,eligible,Q,,305.59,,17216980582.400795,-8.434709654221862,1.7852979382473322,19.47376651810149,31.278460348827196,10.141731357327687,31.81005460109363,,,False,,276.0,,2026-08-17,,full,"{""as_of"": ""2026-08-17"", ""listing_date"": null, ""reason_code"": ""valid_trading_sessions"", ""status"": ""full"", ""valid_trading_sessions"": 276}","[""l1.csv""]",[],65.5354,ranked,full,100.0,True,True,False
CLF,Cleveland-Cliffs Inc. Common Stock,nasdaqtrader:N:CLF,common_equity,eligible,N,,12.31,,245363059.48920634,32.65086206896552,19.398642095053354,18.593448940269752,16.571969696969703,23.918417799752778,66.73487468750638,,,False,,276.0,,2026-08-17,,full,"{""as_of"": ""2026-08-17"", ""listing_date"": null, ""reason_code"": ""valid_trading_sessions"", ""status"": ""full"", ""valid_trading_sessions"": 276}","[""l1.csv""]",[],65.5225,ranked,full,100.0,True,True,False
AJG,Arthur J. Gallagher & Co. Common Stock,nasdaqtrader:N:AJG,common_equity,eligible,N,,247.97,,378708482.9312699,-2.3355651831429736,24.01600400100026,18.958982969537065,-15.486861388500738,20.13334192218501,33.00206443025815,,,False,,276.0,,2026-08-17,,full,"{""as_of"": ""2026-08-17"", ""listing_date"": null, ""reason_code"": ""valid_trading_sessions"", ""status"": ""full"", ""valid_trading_sessions"": 276}","[""l1.csv""]",[],65.5178,ranked,full,100.0,True,True,False
MDT,Medtronic plc. Ordinary Shares,nasdaqtrader:N:MDT,common_equity,eligible,N,,90.6,,756554893.9365079,8.894230769230749,18.97570584372947,-8.935571414212484,-1.50032615786041,14.000949216896064,27.189373361582632,,,False,,276.0,,2026-08-17,,full,"{""as_of"": ""2026-08-17"", ""listing_date"": null, ""reason_code"": ""valid_trading_sessions"", ""status"": ""full"", ""valid_trading_sessions"": 276}","[""l1.csv""]",[],65.5002,ranked,full,100.0,True,True,False
IBP,"Installed Building Products, Inc. Common Stock",nasdaqtrader:N:IBP,common_equity,eligible,N,,243.54,,94958681.84253968,6.512136453094253,16.42047899039152,-29.242569511025884,-8.707875698166955,29.242569511025884,40.76021695569746,,,False,,276.0,,2026-08-17,,full,"{""as_of"": ""2026-08-17"", ""listing_date"": null, ""reason_code"": ""valid_trading_sessions"", ""status"": ""full"", ""valid_trading_sessions"": 276}","[""l1.csv""]",[],65.4823,ranked,full,100.0,True,True,False
FN,Fabrinet Ordinary Shares,nasdaqtrader:N:FN,common_equity,eligible,N,,598.58,,537369858.656508,25.123852923347066,-17.098775691097433,20.791040258298878,85.84823646299058,19.811914745401694,81.90104419439173,,,False,,276.0,,2026-08-17,,full,"{""as_of"": ""2026-08-17"", ""listing_date"": null, ""reason_code"": ""valid_trading_sessions"", ""status"": ""full"", ""valid_trading_sessions"": 276}","[""l1.csv""]",[],65.453,ranked,full,100.0,True,True,False
UTHR,United Therapeutics Corporation - Common Stock,nasdaqtrader:Q:UTHR,common_equity,eligible,Q,,508.48,,276018186.1585715,-5.075886273265251,-10.570192409159663,7.351264620191689,62.94302377747869,14.793216703532408,22.198279673500917,,,False,,276.0,,2026-08-17,,full,"{""as_of"": ""2026-08-17"", ""listing_date"": null, ""reason_code"": ""valid_trading_sessions"", ""status"": ""full"", ""valid_trading_sessions"": 276}","[""l1.csv""]",[],65.4483,ranked,full,100.0,True,True,False
ODFL,"Old Dominion Freight Line, Inc. - Common Stock",nasdaqtrader:Q:ODFL,common_equity,eligible,Q,,211.96,,408327454.41238093,-9.356825179609984,4.352107128790861,9.70446664251332,40.26867844616504,14.783098138543792,33.735142629587116,,,False,,276.0,,2026-08-17,,full,"{""as_of"": ""2026-08-17"", ""listing_date"": null, ""reason_code"": ""valid_trading_sessions"", ""status"": ""full"", ""valid_trading_sessions"": 276}","[""l1.csv""]",[],65.4458,ranked,full,100.0,True,True,False
CBRE,CBRE Group Inc Common Stock Class A,nasdaqtrader:N:CBRE,common_equity,eligible,N,,147.96,,286141021.86396825,4.965947786606129,13.859176606387091,3.970205888553169,-6.673394726882798,13.781248179010552,35.75521818327731,,,False,,276.0,,2026-08-17,,full,"{""as_of"": ""2026-08-17"", ""listing_date"": null, ""reason_code"": ""valid_trading_sessions"", ""status"": ""full"", ""valid_trading_sessions"": 276}","[""l1.csv""]",[],65.4453,ranked,full,100.0,True,True,False
TSM,Taiwan Semiconductor Manufacturing Company Ltd.,qrgf-resolution-required:N:TSM,common_equity,eligible,N,,430.97,,5756365879.895714,8.183347139593856,6.58340546556202,17.63565891472869,78.82572614107886,9.757731850828144,39.30438687691901,,,False,,276.0,,2026-08-17,,full,"{""as_of"": ""2026-08-17"", ""listing_date"": null, ""reason_code"": ""valid_trading_sessions"", ""status"": ""full"", ""valid_trading_sessions"": 276}","[""l1.csv""]",[],65.4394,ranked,full,100.0,True,True,False
NOK,Nokia Corporation Sponsored American Depositary Shares,nasdaqtrader:N:NOK,adr,eligible,N,,10.78,,1300427624.1360319,6.521739130434789,-22.724014336917563,53.34281650071122,161.01694915254234,36.02373887240356,72.8012904480986,,,False,,276.0,,2026-08-17,,full,"{""as_of"": ""2026-08-17"", ""listing_date"": null, ""reason_code"": ""valid_trading_sessions"", ""status"": ""full"", ""valid_trading_sessions"": 276}","[""l1.csv""]",[],65.4318,ranked,full,100.0,True,True,False
ELF,"e.l.f. Beauty, Inc. Common Stock",nasdaqtrader:N:ELF,common_equity,eligible,N,,93.66,,237647628.46936506,27.100013570362336,65.97554492291333,14.920245398772991,-21.68896321070234,36.142360400899975,54.26040343127029,,,False,,276.0,,2026-08-17,,full,"{""as_of"": ""2026-08-17"", ""listing_date"": null, ""reason_code"": ""valid_trading_sessions"", ""status"": ""full"", ""valid_trading_sessions"": 276}","[""l1.csv""]",[],65.4238,ranked,full,100.0,True,True,False
GFI,Gold Fields Limited American Depositary Shares,nasdaqtrader:N:GFI,adr,eligible,N,,41.5,,134080987.56904763,29.72804001250391,3.054382915321563,-23.992673992673996,39.495798319327726,32.53129572427247,52.259152128898556,,,False,,276.0,,2026-08-17,,full,"{""as_of"": ""2026-08-17"", ""listing_date"": null, ""reason_code"": ""valid_trading_sessions"", ""status"": ""full"", ""valid_trading_sessions"": 276}","[""l1.csv""]",[],65.4208,ranked,full,100.0,True,True,False
AMBQ,"Ambiq Micro, Inc. Common Stock",nasdaqtrader:N:AMBQ,common_equity,eligible,N,,67.86,,50676864.61857143,-6.30954024575453,-3.8401587076661414,129.3342345386955,79.57131516274147,25.0,87.73053912036278,,,False,,264.0,,2026-08-17,,full,"{""as_of"": ""2026-08-17"", ""listing_date"": null, ""reason_code"": ""valid_trading_sessions"", ""status"": ""full"", ""valid_trading_sessions"": 264}","[""l1.csv""]",[],65.4167,ranked,full,100.0,True,True,False
IR,Ingersoll Rand Inc. Common Stock,nasdaqtrader:N:IR,common_equity,eligible,N,,82.31,,334559321.6569841,0.08511673151752053,17.000710732054024,-16.453511977263492,2.630922693266835,16.656541109761037,35.81590682628723,,,False,,276.0,,2026-08-17,,full,"{""as_of"": ""2026-08-17"", ""listing_date"": null, ""reason_code"": ""valid_trading_sessions"", ""status"": ""full"", ""valid_trading_sessions"": 276}","[""l1.csv""]",[],65.4141,ranked,full,100.0,True,True,False
MCK,McKesson Corporation Common Stock,nasdaqtrader:N:MCK,common_equity,eligible,N,,859.92,,897034892.4666667,2.202308085430049,13.062571492433284,-8.005349023803166,27.618651865483358,13.63577016943025,37.257182480996825,,,False,,276.0,,2026-08-17,,full,"{""as_of"": ""2026-08-17"", ""listing_date"": null, ""reason_code"": ""valid_trading_sessions"", ""status"": ""full"", ""valid_trading_sessions"": 276}","[""l1.csv""]",[],65.4089,ranked,full,100.0,True,True,False
GGAL,"Grupo Financiero Galicia S.A. - American Depositary Shares, Class B Shares underlying",nasdaqtrader:Q:GGAL,adr,eligible,Q,,43.42,,56305692.477142856,-13.055666800160182,6.447658739887241,-5.567638103523265,-12.176375404530738,28.573778582003616,51.0392810952598,,,False,,276.0,,2026-08-17,,full,"{""as_of"": ""2026-08-17"", ""listing_date"": null, ""reason_code"": ""valid_trading_sessions"", ""status"": ""full"", ""valid_trading_sessions"": 276}","[""l1.csv""]",[],65.3932,ranked,full,100.0,True,True,False
BKSY,BlackSky Technology Inc. Class A Common Stock,nasdaqtrader:N:BKSY,common_equity,eligible,N,,30.77,,57112695.892380945,38.66606579540333,-20.59354838709677,43.24953445065176,69.34507429829387,40.402866550455165,80.55345008756575,,,False,,276.0,,2026-08-17,,full,"{""as_of"": ""2026-08-17"", ""listing_date"": null, ""reason_code"": ""valid_trading_sessions"", ""status"": ""full"", ""valid_trading_sessions"": 276}","[""l1.csv""]",[],65.3898,ranked,full,100.0,True,True,False
WYNN,"Wynn Resorts, Limited - Common Stock",nasdaqtrader:Q:WYNN,common_equity,eligible,Q,,102.79,,148564264.5430159,6.363824503311255,7.7237476420037865,-9.34826704294911,-7.7123361465254,22.911354432278387,23.28752144651915,,,False,,276.0,,2026-08-17,,full,"{""as_of"": ""2026-08-17"", ""listing_date"": null, ""reason_code"": ""valid_trading_sessions"", ""status"": ""full"", ""valid_trading_sessions"": 276}","[""l1.csv""]",[],65.3882,ranked,full,100.0,True,True,False
ACLS,"Axcelis Technologies, Inc. - Common Stock",nasdaqtrader:Q:ACLS,common_equity,eligible,Q,,144.11,,82969103.72515872,5.6370033719396195,-7.133651243716965,52.416710735060825,72.0613694704794,24.786012526096023,73.78472400736572,,,False,,276.0,,2026-08-17,,full,"{""as_of"": ""2026-08-17"", ""listing_date"": null, ""reason_code"": ""valid_trading_sessions"", ""status"": ""full"", ""valid_trading_sessions"": 276}","[""l1.csv""]",[],65.3881,ranked,full,100.0,True,True,False
PCOR,"Procore Technologies, Inc. Common Stock",nasdaqtrader:N:PCOR,common_equity,eligible,N,,58.38,,152232611.8531746,27.05114254624592,26.009065400388522,11.539931218953004,-9.712341478502928,26.65829145728642,52.73540277475751,,,False,,276.0,,2026-08-17,,full,"{""as_of"": ""2026-08-17"", ""listing_date"": null, ""reason_code"": ""valid_trading_sessions"", ""status"": ""full"", ""valid_trading_sessions"": 276}","[""l1.csv""]",[],65.3878,ranked,full,100.0,True,True,False
ESLT,Elbit Systems Ltd. - Ordinary Shares,nasdaqtrader:Q:ESLT,common_equity,eligible,Q,,782.84,,79272127.9473016,5.5680668869260375,4.3772749696670665,15.731117780110292,70.26959424923605,22.821961294647696,41.529841608854596,,,False,,276.0,,2026-08-17,,full,"{""as_of"": ""2026-08-17"", ""listing_date"": null, ""reason_code"": ""valid_trading_sessions"", ""status"": ""full"", ""valid_trading_sessions"": 276}","[""l1.csv""]",[],65.3763,ranked,full,100.0,True,True,False
W,Wayfair Inc. Class A Common Stock,nasdaqtrader:N:W,common_equity,eligible,N,,103.08,,323729775.9511111,15.418206247900557,77.05255925798696,25.112270906663436,30.39848197343453,13.414531709365807,99.03011495659881,,,False,,276.0,,2026-08-17,,full,"{""as_of"": ""2026-08-17"", ""listing_date"": null, ""reason_code"": ""valid_trading_sessions"", ""status"": ""full"", ""valid_trading_sessions"": 276}","[""l1.csv""]",[],65.3536,ranked,full,100.0,True,True,False
EEFT,"Euronet Worldwide, Inc. - Common Stock",nasdaqtrader:Q:EEFT,common_equity,eligible,Q,,70.55,,51410211.2647619,-13.265306122448983,6.764527845036317,3.8110653325485577,-26.951749844688344,28.244507729861677,48.91490784356136,,,False,,276.0,,2026-08-17,,full,"{""as_of"": ""2026-08-17"", ""listing_date"": null, ""reason_code"": ""valid_trading_sessions"", ""status"": ""full"", ""valid_trading_sessions"": 276}","[""l1.csv""]",[],65.3493,ranked,full,100.0,True,True,False
LRCX,Lam Research Corporation - Common Stock,nasdaqtrader:Q:LRCX,common_equity,eligible,Q,,343.84,,3909176648.472698,9.747845515480357,20.764259623489735,45.98564938649004,220.20860495436767,20.651697320748617,81.20785568344263,,,False,,276.0,,2026-08-17,,full,"{""as_of"": ""2026-08-17"", ""listing_date"": null, ""reason_code"": ""valid_trading_sessions"", ""status"": ""full"", ""valid_trading_sessions"": 276}","[""l1.csv""]",[],65.3369,ranked,full,100.0,True,True,False
UNH,UnitedHealth Group Incorporated Common Stock (DE),nasdaqtrader:N:UNH,common_equity,eligible,N,,395.62,,2439967247.072222,-7.151071369898377,0.44940967373365837,34.936389372079546,45.7217577074662,9.334250028646728,24.26225775275772,,,False,,276.0,,2026-08-17,,full,"{""as_of"": ""2026-08-17"", ""listing_date"": null, ""reason_code"": ""valid_trading_sessions"", ""status"": ""full"", ""valid_trading_sessions"": 276}","[""l1.csv""]",[],65.3336,ranked,full,100.0,True,True,False
IAG,Iamgold Corporation Ordinary Shares,nasdaqtrader:N:IAG,common_equity,eligible,N,,19.05,,91526140.2473016,34.72418670438473,12.190812720848054,-11.927877947295418,138.125,22.466422466422465,63.84914983516694,,,False,,276.0,,2026-08-17,,full,"{""as_of"": ""2026-08-17"", ""listing_date"": null, ""reason_code"": ""valid_trading_sessions"", ""status"": ""full"", ""valid_trading_sessions"": 276}","[""l1.csv""]",[],65.3289,ranked,full,100.0,True,True,False
WFC,Wells Fargo & Company Common Stock,nasdaqtrader:N:WFC,common_equity,eligible,N,,87.54,,1284708372.4871428,0.03428179636613127,19.23181694361209,0.6438261669349243,10.238005289006423,9.181450357920939,22.952140315440047,,,False,,276.0,,2026-08-17,,full,"{""as_of"": ""2026-08-17"", ""listing_date"": null, ""reason_code"": ""valid_trading_sessions"", ""status"": ""full"", ""valid_trading_sessions"": 276}","[""l1.csv""]",[],65.2954,ranked,full,100.0,True,True,False
NCNO,"nCino, Inc. - Common Stock",nasdaqtrader:Q:NCNO,common_equity,eligible,Q,,20.23,,54398035.179682545,13.33333333333333,35.136940547762194,25.340768277571257,-26.56987295825771,38.11563169164882,46.46763663369586,,,False,,276.0,,2026-08-17,,full,"{""as_of"": ""2026-08-17"", ""listing_date"": null, ""reason_code"": ""valid_trading_sessions"", ""status"": ""full"", ""valid_trading_sessions"": 276}","[""l1.csv""]",[],65.2923,ranked,full,100.0,True,True,False
JKHY,"Jack Henry & Associates, Inc. - Common Stock",nasdaqtrader:Q:JKHY,common_equity,eligible,Q,,149.87,,202131507.10309526,-1.1867871035801336,9.498063856213923,-4.352543238241113,-5.890109890109885,22.18587746625129,31.09517742890177,,,False,,276.0,,2026-08-17,,full,"{""as_of"": ""2026-08-17"", ""listing_date"": null, ""reason_code"": ""valid_trading_sessions"", ""status"": ""full"", ""valid_trading_sessions"": 276}","[""l1.csv""]",[],65.2915,ranked,full,100.0,True,True,False
EBAY,eBay Inc. - Common Stock,nasdaqtrader:Q:EBAY,common_equity,eligible,Q,,100.94,,452780369.88674605,-9.923255398893449,-13.080168776371304,22.529740228210727,2.4979691307879692,15.147948890383322,35.4178810807458,,,False,,276.0,,2026-08-17,,full,"{""as_of"": ""2026-08-17"", ""listing_date"": null, ""reason_code"": ""valid_trading_sessions"", ""status"": ""full"", ""valid_trading_sessions"": 276}","[""l1.csv""]",[],65.287,ranked,full,100.0,True,True,False
NTES,"NetEase, Inc. - American Depositary Shares, each representing 5 ordinary shares",nasdaqtrader:Q:NTES,adr,eligible,Q,,124.4,,126690054.50817461,-5.247924442074792,9.71952725348386,3.142359671669026,-4.064162874990352,21.927952805321947,38.59323073282502,,,False,,276.0,,2026-08-17,,full,"{""as_of"": ""2026-08-17"", ""listing_date"": null, ""reason_code"": ""valid_trading_sessions"", ""status"": ""full"", ""valid_trading_sessions"": 276}","[""l1.csv""]",[],65.2571,ranked,full,100.0,True,True,False
META,"Meta Platforms, Inc. - Class A Common Stock",nasdaqtrader:Q:META,common_equity,eligible,Q,,568.97,,10914619034.804127,-11.9255119889785,-7.368575289386714,-11.066477015177323,-27.253781340697834,27.540975255657575,47.79624754579055,,,False,,276.0,,2026-08-17,,full,"{""as_of"": ""2026-08-17"", ""listing_date"": null, ""reason_code"": ""valid_trading_sessions"", ""status"": ""full"", ""valid_trading_sessions"": 276}","[""l1.csv""]",[],65.2555,ranked,full,100.0,True,True,False
TAN,Invesco Solar ETF,US:TAN,etf,eligible,P,,50.92,,81639433.9747619,-5.528756957328385,-21.613300492610833,-12.08563535911602,39.04969961769527,31.12403625050724,41.589901400448014,,,False,,276.0,,2026-08-17,,full,"{""as_of"": ""2026-08-17"", ""listing_date"": null, ""reason_code"": ""valid_trading_sessions"", ""status"": ""full"", ""valid_trading_sessions"": 276}","[""l1.csv""]",[],65.2332,ranked,full,100.0,True,True,False
SYK,Stryker Corporation Common Stock,nasdaqtrader:N:SYK,common_equity,eligible,N,,331.68,,837583259.6822221,3.6921249257510835,8.12361455209285,-9.389427673815053,-12.374511254359078,15.889841253740421,42.12535304264355,,,False,,276.0,,2026-08-17,,full,"{""as_of"": ""2026-08-17"", ""listing_date"": null, ""reason_code"": ""valid_trading_sessions"", ""status"": ""full"", ""valid_trading_sessions"": 276}","[""l1.csv""]",[],65.2225,ranked,full,100.0,True,True,False
BE,Bloom Energy Corporation Class A Common Stock,nasdaqtrader:N:BE,common_equity,eligible,N,,232.16,,3541444648.984127,8.00148864905097,-15.86881681464033,66.13711177901816,414.6530702726668,32.87263264420992,127.9126718413409,,,False,,276.0,,2026-08-17,,full,"{""as_of"": ""2026-08-17"", ""listing_date"": null, ""reason_code"": ""valid_trading_sessions"", ""status"": ""full"", ""valid_trading_sessions"": 276}","[""l1.csv""]",[],65.2164,ranked,full,100.0,True,True,False
CTSH,Cognizant Technology Solutions Corporation - Class A Common Stock,nasdaqtrader:Q:CTSH,common_equity,eligible,Q,,56.61,,544694284.4657143,26.446280991735538,20.114576702737107,-14.936138241923357,-18.394118495026678,34.705882352941174,52.191448897046854,,,False,,276.0,,2026-08-17,,full,"{""as_of"": ""2026-08-17"", ""listing_date"": null, ""reason_code"": ""valid_trading_sessions"", ""status"": ""full"", ""valid_trading_sessions"": 276}","[""l1.csv""]",[],65.2108,ranked,full,100.0,True,True,False
HLNE,Hamilton Lane Incorporated - Class A Common Stock,nasdaqtrader:Q:HLNE,common_equity,eligible,Q,,100.84,,78209340.83174603,17.460687245195118,18.412400187881637,-17.855979146301728,-36.35445594546831,35.6682615629984,44.90659400718331,,,False,,276.0,,2026-08-17,,full,"{""as_of"": ""2026-08-17"", ""listing_date"": null, ""reason_code"": ""valid_trading_sessions"", ""status"": ""full"", ""valid_trading_sessions"": 276}","[""l1.csv""]",[],65.2054,ranked,full,100.0,True,True,False
WAY,Waystar Holding Corp. - Common Stock,nasdaqtrader:Q:WAY,common_equity,eligible,Q,,24.68,,58729663.35333334,10.821733273462053,37.64640267707753,10.129406514948691,-30.518018018018022,39.64294448520421,66.6193614998349,,,False,,276.0,,2026-08-17,,full,"{""as_of"": ""2026-08-17"", ""listing_date"": null, ""reason_code"": ""valid_trading_sessions"", ""status"": ""full"", ""valid_trading_sessions"": 276}","[""l1.csv""]",[],65.1905,ranked,full,100.0,True,True,False
GS,"Goldman Sachs Group, Inc. (The) Common Stock",nasdaqtrader:N:GS,common_equity,eligible,N,,1051.31,,2240529548.365556,-1.3058335367342022,10.842725652893591,16.148883045716687,40.69994646680941,8.745996337028128,41.99133201589862,,,False,,276.0,,2026-08-17,,full,"{""as_of"": ""2026-08-17"", ""listing_date"": null, ""reason_code"": ""valid_trading_sessions"", ""status"": ""full"", ""valid_trading_sessions"": 276}","[""l1.csv""]",[],65.1865,ranked,full,100.0,True,True,False
TEL,TE Connectivity plc Ordinary Shares,nasdaqtrader:N:TEL,common_equity,eligible,N,,217.38,,519852868.0390476,6.92046628301608,5.982155916337573,-7.963927346627719,5.029714451369771,12.698795180722888,30.764386364068315,,,False,,276.0,,2026-08-17,,full,"{""as_of"": ""2026-08-17"", ""listing_date"": null, ""reason_code"": ""valid_trading_sessions"", ""status"": ""full"", ""valid_trading_sessions"": 276}","[""l1.csv""]",[],65.1747,ranked,full,100.0,True,True,False
OPCH,"Option Care Health, Inc. - Common Stock",nasdaqtrader:Q:OPCH,common_equity,eligible,Q,,23.37,,59692393.78777778,7.497700091996329,19.72336065573772,-34.020327498588365,-17.740232312565997,36.13009018857611,36.58954546501654,,,False,,276.0,,2026-08-17,,full,"{""as_of"": ""2026-08-17"", ""listing_date"": null, ""reason_code"": ""valid_trading_sessions"", ""status"": ""full"", ""valid_trading_sessions"": 276}","[""l1.csv""]",[],65.1747,ranked,full,100.0,True,True,False
AXP,American Express Company Common Stock,nasdaqtrader:N:AXP,common_equity,eligible,N,,336.21,,998835947.2684127,-5.386238919375275,7.250861298966438,-0.38222222222222824,9.254866278880813,12.647769492582295,27.762852431435785,,,False,,276.0,,2026-08-17,,full,"{""as_of"": ""2026-08-17"", ""listing_date"": null, ""reason_code"": ""valid_trading_sessions"", ""status"": ""full"", ""valid_trading_sessions"": 276}","[""l1.csv""]",[],65.1619,ranked,full,100.0,True,True,False
HMY,Harmony Gold Mining Company Limited,qrgf-resolution-required:N:HMY,common_equity,eligible,N,,20.03,,61038183.53761905,36.72354948805461,27.498408656906427,-4.573606479275838,31.258191349934485,23.079877112135172,56.31051889772941,,,False,,276.0,,2026-08-17,,full,"{""as_of"": ""2026-08-17"", ""listing_date"": null, ""reason_code"": ""valid_trading_sessions"", ""status"": ""full"", ""valid_trading_sessions"": 276}","[""l1.csv""]",[],65.1607,ranked,full,100.0,True,True,False
LW,"Lamb Weston Holdings, Inc. Common Stock",nasdaqtrader:N:LW,common_equity,eligible,N,,52.49,,76688385.87904762,12.182090190211593,19.133000453926453,5.359293456443193,-4.267736640525255,21.150668469280443,30.790925255702945,,,False,,276.0,,2026-08-17,,full,"{""as_of"": ""2026-08-17"", ""listing_date"": null, ""reason_code"": ""valid_trading_sessions"", ""status"": ""full"", ""valid_trading_sessions"": 276}","[""l1.csv""]",[],65.1534,ranked,full,100.0,True,True,False
NVMI,Nova Ltd. - Ordinary Shares,nasdaqtrader:Q:NVMI,common_equity,eligible,Q,,420.79,,247641939.84873015,-3.8106341151190826,-17.354414219778057,-5.1762213809266155,55.370527637263244,30.522579047304543,61.00810042888949,,,False,,276.0,,2026-08-17,,full,"{""as_of"": ""2026-08-17"", ""listing_date"": null, ""reason_code"": ""valid_trading_sessions"", ""status"": ""full"", ""valid_trading_sessions"": 276}","[""l1.csv""]",[],65.153,ranked,full,100.0,True,True,False
OUST,"Ouster, Inc. - Common Stock",nasdaqtrader:Q:OUST,common_equity,eligible,Q,,48.13,,195108999.73857144,29.94060475161988,38.06655192197361,156.41981885988284,37.318116975748936,23.01663467690339,123.2687079391023,,,False,,276.0,,2026-08-17,,full,"{""as_of"": ""2026-08-17"", ""listing_date"": null, ""reason_code"": ""valid_trading_sessions"", ""status"": ""full"", ""valid_trading_sessions"": 276}","[""l1.csv""]",[],65.1522,ranked,full,100.0,True,True,False
CVNA,Carvana Co. Class A Common Stock,nasdaqtrader:N:CVNA,common_equity,eligible,N,,70.09,,707872245.2169842,4.0837540837540764,4.347178800059548,2.2167128481843434,2.2913018096906157,26.753056745741453,61.980544478662935,,,False,,276.0,,2026-08-17,,full,"{""as_of"": ""2026-08-17"", ""listing_date"": null, ""reason_code"": ""valid_trading_sessions"", ""status"": ""full"", ""valid_trading_sessions"": 276}","[""l1.csv""]",[],65.1504,ranked,full,100.0,True,True,False
BOOT,"Boot Barn Holdings, Inc. Common Stock",nasdaqtrader:N:BOOT,common_equity,eligible,N,,164.13,,116419975.50063492,7.647406047091221,14.098018769551611,-12.692164476833877,1.021727088077795,21.083758053659007,39.87210230339571,,,False,,276.0,,2026-08-17,,full,"{""as_of"": ""2026-08-17"", ""listing_date"": null, ""reason_code"": ""valid_trading_sessions"", ""status"": ""full"", ""valid_trading_sessions"": 276}","[""l1.csv""]",[],65.1445,ranked,full,100.0,True,True,False
ISRG,"Intuitive Surgical, Inc. - Common Stock",nasdaqtrader:Q:ISRG,common_equity,eligible,Q,,390.33,,1213438001.934127,13.00156331422615,-7.3114551671732535,-19.65873538613535,-18.18353316005702,34.16041157122376,61.648334405746084,,,False,,276.0,,2026-08-17,,full,"{""as_of"": ""2026-08-17"", ""listing_date"": null, ""reason_code"": ""valid_trading_sessions"", ""status"": ""full"", ""valid_trading_sessions"": 276}","[""l1.csv""]",[],65.1381,ranked,full,100.0,True,True,False
BKNG,Booking Holdings Inc. - Common Stock,nasdaqtrader:Q:BKNG,common_equity,eligible,Q,,204.76,,1293090879.653492,12.70365477763098,32.84889379095568,23.632411544499444,-6.668489903824238,10.518725691561425,42.901876319418,,,False,,276.0,,2026-08-17,,full,"{""as_of"": ""2026-08-17"", ""listing_date"": null, ""reason_code"": ""valid_trading_sessions"", ""status"": ""full"", ""valid_trading_sessions"": 276}","[""l1.csv""]",[],65.1297,ranked,full,100.0,True,True,False
DAVE,Dave Inc.  - Class A Common Stock,nasdaqtrader:Q:DAVE,common_equity,eligible,Q,,341.43,,191274846.97920635,-22.476272648835206,44.802578565672846,92.59363718411552,69.81498060280514,22.84590875194902,83.08084216190834,,,False,,276.0,,2026-08-17,,full,"{""as_of"": ""2026-08-17"", ""listing_date"": null, ""reason_code"": ""valid_trading_sessions"", ""status"": ""full"", ""valid_trading_sessions"": 276}","[""l1.csv""]",[],65.1295,ranked,full,100.0,True,True,False
VALE,VALE S.A.  American Depositary Shares Each Representing one common share,nasdaqtrader:N:VALE,adr,eligible,N,,13.75,,337760362.36333334,-3.100775193798444,-15.747549019607842,-17.417417417417415,38.748738647830486,22.839506172839506,33.5969482175901,,,False,,276.0,,2026-08-17,,full,"{""as_of"": ""2026-08-17"", ""listing_date"": null, ""reason_code"": ""valid_trading_sessions"", ""status"": ""full"", ""valid_trading_sessions"": 276}","[""l1.csv""]",[],65.1286,ranked,full,100.0,True,True,False
IT,"Gartner, Inc. Common Stock",nasdaqtrader:N:IT,common_equity,eligible,N,,179.19,,243541382.2026984,27.819387973464593,22.539834507283054,12.996594778660597,-26.280495330563213,32.148131318868565,83.75135517426027,,,False,,276.0,,2026-08-17,,full,"{""as_of"": ""2026-08-17"", ""listing_date"": null, ""reason_code"": ""valid_trading_sessions"", ""status"": ""full"", ""valid_trading_sessions"": 276}","[""l1.csv""]",[],65.1198,ranked,full,100.0,True,True,False
NXE,Nexgen Energy Ltd. Common Shares,nasdaqtrader:N:NXE,common_equity,eligible,N,,10.75,,57287962.744444445,22.159090909090896,-4.359430604982206,-7.487091222030973,58.55457227138643,22.772988505747126,48.652370495151864,,,False,,276.0,,2026-08-17,,full,"{""as_of"": ""2026-08-17"", ""listing_date"": null, ""reason_code"": ""valid_trading_sessions"", ""status"": ""full"", ""valid_trading_sessions"": 276}","[""l1.csv""]",[],65.1197,ranked,full,100.0,True,True,False
PDD,PDD Holdings Inc. - American Depositary Shares,nasdaqtrader:Q:PDD,adr,eligible,Q,,86.94,,733350511.4022223,3.3277870216306127,-9.276844411979546,-13.30275229357798,-24.228690953459996,37.059291971331355,31.163074032209963,,,False,,276.0,,2026-08-17,,full,"{""as_of"": ""2026-08-17"", ""listing_date"": null, ""reason_code"": ""valid_trading_sessions"", ""status"": ""full"", ""valid_trading_sessions"": 276}","[""l1.csv""]",[],65.1127,ranked,full,100.0,True,True,False
POWL,"Powell Industries, Inc. - Common Stock",nasdaqtrader:Q:POWL,common_equity,eligible,Q,,218.73,,187706465.00349206,-6.039778340994029,-25.258841619682215,12.15772741257306,156.81578020429728,32.081974848626,70.05596875526197,,,False,,276.0,,2026-08-17,,full,"{""as_of"": ""2026-08-17"", ""listing_date"": null, ""reason_code"": ""valid_trading_sessions"", ""status"": ""full"", ""valid_trading_sessions"": 276}","[""l1.csv""]",[],65.1109,ranked,full,100.0,True,True,False
TMO,Thermo Fisher Scientific Inc Common Stock,nasdaqtrader:N:TMO,common_equity,eligible,N,,585.51,,1146392286.2960317,9.959059495192314,33.57439430579004,15.983915058832853,20.713755566551196,8.435374149659868,31.54609140765355,,,False,,276.0,,2026-08-17,,full,"{""as_of"": ""2026-08-17"", ""listing_date"": null, ""reason_code"": ""valid_trading_sessions"", ""status"": ""full"", ""valid_trading_sessions"": 276}","[""l1.csv""]",[],65.1088,ranked,full,100.0,True,True,False
MYRG,"MYR Group, Inc. - Common Stock",nasdaqtrader:Q:MYRG,common_equity,eligible,Q,,340.78,,122561896.30174604,-12.957523434905882,-27.099644889402306,24.394962584413204,87.71620579486614,31.997685231377094,46.40879777607107,,,False,,276.0,,2026-08-17,,full,"{""as_of"": ""2026-08-17"", ""listing_date"": null, ""reason_code"": ""valid_trading_sessions"", ""status"": ""full"", ""valid_trading_sessions"": 276}","[""l1.csv""]",[],65.0997,ranked,full,100.0,True,True,False
DDS,"Dillard's, Inc. Common Stock",nasdaqtrader:N:DDS,common_equity,eligible,N,,579.68,,75900053.39746031,5.218448804748332,7.609200096530455,-10.086705650602612,16.231227317386153,20.671109712205617,43.36137930354893,,,False,,276.0,,2026-08-17,,full,"{""as_of"": ""2026-08-17"", ""listing_date"": null, ""reason_code"": ""valid_trading_sessions"", ""status"": ""full"", ""valid_trading_sessions"": 276}","[""l1.csv""]",[],65.0895,ranked,full,100.0,True,True,False
PTON,"Peloton Interactive, Inc. - Common Stock",nasdaqtrader:Q:PTON,common_equity,eligible,Q,,5.29,,65900595.626111105,-13.56209150326797,0.0,24.47058823529411,-37.69140164899882,41.22222222222223,66.90788735858182,,,False,,276.0,,2026-08-17,,full,"{""as_of"": ""2026-08-17"", ""listing_date"": null, ""reason_code"": ""valid_trading_sessions"", ""status"": ""full"", ""valid_trading_sessions"": 276}","[""l1.csv""]",[],65.0852,ranked,full,100.0,True,True,False
IREN,IREN Limited - Ordinary Shares,nasdaqtrader:Q:IREN,common_equity,eligible,Q,,44.9,,2189140276.339365,33.55145746579418,-15.187004155647898,6.3477025106584595,135.32494758909857,41.2380578458317,132.23490849242367,,,False,,276.0,,2026-08-17,,full,"{""as_of"": ""2026-08-17"", ""listing_date"": null, ""reason_code"": ""valid_trading_sessions"", ""status"": ""full"", ""valid_trading_sessions"": 276}","[""l1.csv""]",[],65.0841,ranked,full,100.0,True,True,False
PAAS,Pan American Silver Corp. Common Stock,nasdaqtrader:N:PAAS,common_equity,eligible,N,,48.11,,218901045.99238095,15.178357672971021,-14.698581560283685,-16.95149318142586,53.16778096147723,29.970887918486177,52.88094961509265,,,False,,276.0,,2026-08-17,,full,"{""as_of"": ""2026-08-17"", ""listing_date"": null, ""reason_code"": ""valid_trading_sessions"", ""status"": ""full"", ""valid_trading_sessions"": 276}","[""l1.csv""]",[],65.0795,ranked,full,100.0,True,True,False
LMT,Lockheed Martin Corporation Common Stock,nasdaqtrader:N:LMT,common_equity,eligible,N,,593.74,,668574953.5247619,16.70106334886099,15.063661556946585,-9.016519047473114,35.7678587761822,12.259494606177036,36.001880998898486,,,False,,276.0,,2026-08-17,,full,"{""as_of"": ""2026-08-17"", ""listing_date"": null, ""reason_code"": ""valid_trading_sessions"", ""status"": ""full"", ""valid_trading_sessions"": 276}","[""l1.csv""]",[],65.0649,ranked,full,100.0,True,True,False
MIRM,"Mirum Pharmaceuticals, Inc. - common stock",nasdaqtrader:Q:MIRM,common_equity,eligible,Q,,99.83,,90464427.4934127,-16.010432441527843,-2.3046435386798514,-3.171677982541221,53.987351534783286,22.353581706463398,54.143238566257324,,,False,,276.0,,2026-08-17,,full,"{""as_of"": ""2026-08-17"", ""listing_date"": null, ""reason_code"": ""valid_trading_sessions"", ""status"": ""full"", ""valid_trading_sessions"": 276}","[""l1.csv""]",[],65.0638,ranked,full,100.0,True,True,False
RIO,Rio Tinto Plc Common Stock,nasdaqtrader:N:RIO,common_equity,eligible,N,,97.21,,260819922.17142856,7.831392124237357,-6.249397241778388,-0.8769246456612589,55.48624440179142,13.236344162799007,31.095870942844318,,,False,,276.0,,2026-08-17,,full,"{""as_of"": ""2026-08-17"", ""listing_date"": null, ""reason_code"": ""valid_trading_sessions"", ""status"": ""full"", ""valid_trading_sessions"": 276}","[""l1.csv""]",[],65.0591,ranked,full,100.0,True,True,False
GEV,GE Vernova Inc. Common Stock,nasdaqtrader:N:GEV,common_equity,eligible,N,,1079.0,,2880794155.9850793,2.000302503214102,2.8373187956882706,34.51684888983082,72.56545172485487,8.159270040685696,54.95558433427013,,,False,,276.0,,2026-08-17,,full,"{""as_of"": ""2026-08-17"", ""listing_date"": null, ""reason_code"": ""valid_trading_sessions"", ""status"": ""full"", ""valid_trading_sessions"": 276}","[""l1.csv""]",[],65.0398,ranked,full,100.0,True,True,False
CPB,The Campbell's Company - Common Stock,nasdaqtrader:Q:CPB,common_equity,eligible,Q,,22.68,,180558779.82365078,2.717391304347827,13.343328335832073,-23.09257375381485,-29.999999999999993,33.35292389068469,33.61806339071396,,,False,,276.0,,2026-08-17,,full,"{""as_of"": ""2026-08-17"", ""listing_date"": null, ""reason_code"": ""valid_trading_sessions"", ""status"": ""full"", ""valid_trading_sessions"": 276}","[""l1.csv""]",[],65.0304,ranked,full,100.0,True,True,False
VKTX,"Viking Therapeutics, Inc. - Common Stock",nasdaqtrader:Q:VKTX,common_equity,eligible,Q,,33.63,,78096827.69873016,-9.304207119741093,11.100099108027761,15.965517241379313,-16.426441351888666,20.17564680750059,49.13727807980778,,,False,,276.0,,2026-08-17,,full,"{""as_of"": ""2026-08-17"", ""listing_date"": null, ""reason_code"": ""valid_trading_sessions"", ""status"": ""full"", ""valid_trading_sessions"": 276}","[""l1.csv""]",[],65.0234,ranked,full,100.0,True,True,False
ESI,Element Solutions Inc. Common Stock,nasdaqtrader:N:ESI,common_equity,eligible,N,,39.22,,184355607.9931746,4.8663101604278,-7.368918280585746,21.19901112484548,55.511498810467884,20.105927887553477,47.257644354626,,,False,,276.0,,2026-08-17,,full,"{""as_of"": ""2026-08-17"", ""listing_date"": null, ""reason_code"": ""valid_trading_sessions"", ""status"": ""full"", ""valid_trading_sessions"": 276}","[""l1.csv""]",[],65.0141,ranked,full,100.0,True,True,False
KSS,Kohl's Corporation Common Stock,nasdaqtrader:N:KSS,common_equity,eligible,N,,19.28,,78346386.11444445,11.445086705202323,63.80628717077317,-2.8715365239294743,33.33333333333333,21.974908943747472,49.26465206876418,,,False,,276.0,,2026-08-17,,full,"{""as_of"": ""2026-08-17"", ""listing_date"": null, ""reason_code"": ""valid_trading_sessions"", ""status"": ""full"", ""valid_trading_sessions"": 276}","[""l1.csv""]",[],65.0133,ranked,full,100.0,True,True,False
UI,Ubiquiti Inc. Common Stock,nasdaqtrader:N:UI,common_equity,eligible,N,,583.67,,62823537.83126984,6.909057606007862,-6.35058162855997,-18.941477099130633,39.90507922049904,46.18072844628862,27.049431827293237,,,False,,276.0,,2026-08-17,,full,"{""as_of"": ""2026-08-17"", ""listing_date"": null, ""reason_code"": ""valid_trading_sessions"", ""status"": ""full"", ""valid_trading_sessions"": 276}","[""l1.csv""]",[],65.0046,ranked,full,100.0,True,True,False
KRMN,Karman Holdings Inc. Common Stock,nasdaqtrader:N:KRMN,common_equity,eligible,N,,61.78,,182887745.80603176,33.8098332250379,-1.5771865540863517,-18.48528829660906,21.351404439206444,46.413392315031665,67.9499849367181,,,False,,276.0,,2026-08-17,,full,"{""as_of"": ""2026-08-17"", ""listing_date"": null, ""reason_code"": ""valid_trading_sessions"", ""status"": ""full"", ""valid_trading_sessions"": 276}","[""l1.csv""]",[],64.9891,ranked,full,100.0,True,True,False
VST,Vistra Corp. Common Stock,nasdaqtrader:N:VST,common_equity,eligible,N,,146.11,,708319729.9260318,-6.002316006176011,4.60337915234823,-14.799696775322168,-27.79342723004694,32.95245961820851,46.886835530537404,,,False,,276.0,,2026-08-17,,full,"{""as_of"": ""2026-08-17"", ""listing_date"": null, ""reason_code"": ""valid_trading_sessions"", ""status"": ""full"", ""valid_trading_sessions"": 276}","[""l1.csv""]",[],64.977,ranked,full,100.0,True,True,False
ESTA,Establishment Labs Holdings Inc. - Common Shares,nasdaqtrader:Q:ESTA,common_equity,eligible,Q,,76.62,,51592246.76349206,-17.239144523655213,16.514598540145986,2.7077747989276313,101.89723320158102,19.895452169367488,53.80405355094382,,,False,,276.0,,2026-08-17,,full,"{""as_of"": ""2026-08-17"", ""listing_date"": null, ""reason_code"": ""valid_trading_sessions"", ""status"": ""full"", ""valid_trading_sessions"": 276}","[""l1.csv""]",[],64.9739,ranked,full,100.0,True,True,False
LEN,Lennar Corporation Class A Common Stock,nasdaqtrader:N:LEN,common_equity,eligible,N,,86.54,,228783951.2820635,3.1588985576350037,5.151883353584452,-29.22800130847235,-33.6604062859333,39.22752808988764,35.5921378061496,,,False,,276.0,,2026-08-17,,full,"{""as_of"": ""2026-08-17"", ""listing_date"": null, ""reason_code"": ""valid_trading_sessions"", ""status"": ""full"", ""valid_trading_sessions"": 276}","[""l1.csv""]",[],64.9682,ranked,full,100.0,True,True,False
DOCN,"DigitalOcean Holdings, Inc. Common Stock",nasdaqtrader:N:DOCN,common_equity,eligible,N,,135.28,,486745761.4953968,13.766714321755957,-12.649318783495833,98.47417840375587,342.9600523903078,25.379226653428198,91.45556640521126,,,False,,276.0,,2026-08-17,,full,"{""as_of"": ""2026-08-17"", ""listing_date"": null, ""reason_code"": ""valid_trading_sessions"", ""status"": ""full"", ""valid_trading_sessions"": 276}","[""l1.csv""]",[],64.9672,ranked,full,100.0,True,True,False
ORA,"Ormat Technologies, Inc. Common Stock",nasdaqtrader:N:ORA,common_equity,eligible,N,,113.91,,102532738.41444443,8.796561604584529,-13.389598540145997,-3.6212877570014346,28.915799004074238,21.49552033080634,44.1983174723056,,,False,,276.0,,2026-08-17,,full,"{""as_of"": ""2026-08-17"", ""listing_date"": null, ""reason_code"": ""valid_trading_sessions"", ""status"": ""full"", ""valid_trading_sessions"": 276}","[""l1.csv""]",[],64.9494,ranked,full,100.0,True,True,False
INOD,Innodata Inc. - Common Stock,nasdaqtrader:Q:INOD,common_equity,eligible,Q,,64.3,,123427572.82746032,5.739187633612874,-33.090530697190424,44.85244424419914,58.29640571147219,47.07818930041152,65.16285867382484,,,False,,276.0,,2026-08-17,,full,"{""as_of"": ""2026-08-17"", ""listing_date"": null, ""reason_code"": ""valid_trading_sessions"", ""status"": ""full"", ""valid_trading_sessions"": 276}","[""l1.csv""]",[],64.9448,ranked,full,100.0,True,True,False
SMTC,Semtech Corporation - Common Stock,nasdaqtrader:Q:SMTC,common_equity,eligible,Q,,154.22,,511442080.0807937,23.415492957746476,12.045916884626573,77.03036216495438,205.2652414885194,11.738110227207688,98.60077235231991,,,False,,276.0,,2026-08-17,,full,"{""as_of"": ""2026-08-17"", ""listing_date"": null, ""reason_code"": ""valid_trading_sessions"", ""status"": ""full"", ""valid_trading_sessions"": 276}","[""l1.csv""]",[],64.9345,ranked,full,100.0,True,True,False
UBER,"Uber Technologies, Inc. Common Stock",nasdaqtrader:N:UBER,common_equity,eligible,N,,74.99,,1486280639.4138093,3.4915815622412305,-0.1331735251032251,7.143877696813838,-17.954048140043778,25.08491508491508,41.5140272733561,,,False,,276.0,,2026-08-17,,full,"{""as_of"": ""2026-08-17"", ""listing_date"": null, ""reason_code"": ""valid_trading_sessions"", ""status"": ""full"", ""valid_trading_sessions"": 276}","[""l1.csv""]",[],64.928,ranked,full,100.0,True,True,False
KNX,Knight-Swift Transportation Holdings Inc.,qrgf-resolution-required:N:KNX,common_equity,eligible,N,,72.8,,304822090.3187302,-5.059989567031831,5.415580654503316,22.250209907640638,69.06641895030188,11.704063068526382,36.0797788242453,,,False,,276.0,,2026-08-17,,full,"{""as_of"": ""2026-08-17"", ""listing_date"": null, ""reason_code"": ""valid_trading_sessions"", ""status"": ""full"", ""valid_trading_sessions"": 276}","[""l1.csv""]",[],64.926,ranked,full,100.0,True,True,False
SQM,Sociedad Quimica y Minera S.A. Common Stock,nasdaqtrader:N:SQM,common_equity,eligible,N,,75.1,,79618041.7195238,7.577710929666215,-10.871113220982686,5.9088986038640545,64.90996925779532,21.204490609589765,37.34307614464195,,,False,,276.0,,2026-08-17,,full,"{""as_of"": ""2026-08-17"", ""listing_date"": null, ""reason_code"": ""valid_trading_sessions"", ""status"": ""full"", ""valid_trading_sessions"": 276}","[""l1.csv""]",[],64.9106,ranked,full,100.0,True,True,False
AAOI,"Applied Optoelectronics, Inc. - Common Stock",nasdaqtrader:Q:AAOI,common_equity,eligible,Q,,154.89,,1774767433.266349,51.244995605897856,-18.633116200882547,248.3805668016194,637.2203712517847,30.573733751680866,146.13622713936692,,,False,,276.0,,2026-08-17,,full,"{""as_of"": ""2026-08-17"", ""listing_date"": null, ""reason_code"": ""valid_trading_sessions"", ""status"": ""full"", ""valid_trading_sessions"": 276}","[""l1.csv""]",[],64.9098,ranked,full,100.0,True,True,False
TDG,Transdigm Group Incorporated Common Stock,nasdaqtrader:N:TDG,common_equity,eligible,N,,1237.82,,515028965.5657143,1.926006439234862,7.733013046467696,-3.7966222885433054,-12.380992829486182,14.633103448275865,28.773911628086836,,,False,,276.0,,2026-08-17,,full,"{""as_of"": ""2026-08-17"", ""listing_date"": null, ""reason_code"": ""valid_trading_sessions"", ""status"": ""full"", ""valid_trading_sessions"": 276}","[""l1.csv""]",[],64.9083,ranked,full,100.0,True,True,False
MCO,Moody's Corporation Common Stock,nasdaqtrader:N:MCO,common_equity,eligible,N,,477.17,,447129014.63253963,-6.594761774263002,11.254371648402905,11.896163586905551,-8.468886672293419,11.571320027427213,25.540606607218997,,,False,,276.0,,2026-08-17,,full,"{""as_of"": ""2026-08-17"", ""listing_date"": null, ""reason_code"": ""valid_trading_sessions"", ""status"": ""full"", ""valid_trading_sessions"": 276}","[""l1.csv""]",[],64.8928,ranked,full,100.0,True,True,False
ASX,"ASE Technology Holding Co., Ltd. American Depositary Shares (each representing Two Common Shares)",nasdaqtrader:N:ASX,adr,eligible,N,,39.91,,411086347.9196825,3.9052330122363976,18.04199940845901,70.55555555555554,301.50905432595573,11.54698581560284,75.96874002674515,,,False,,276.0,,2026-08-17,,full,"{""as_of"": ""2026-08-17"", ""listing_date"": null, ""reason_code"": ""valid_trading_sessions"", ""status"": ""full"", ""valid_trading_sessions"": 276}","[""l1.csv""]",[],64.8867,ranked,full,100.0,True,True,False
SBSW,D/B/A Sibanye-Stillwater Limited ADS,nasdaqtrader:N:SBSW,adr,eligible,N,,10.97,,50596879.89619048,37.12500000000001,-9.488448844884479,-36.3319791062101,29.36320754716981,48.058712121212125,53.19204663248666,,,False,,276.0,,2026-08-17,,full,"{""as_of"": ""2026-08-17"", ""listing_date"": null, ""reason_code"": ""valid_trading_sessions"", ""status"": ""full"", ""valid_trading_sessions"": 276}","[""l1.csv""]",[],64.8794,ranked,full,100.0,True,True,False
MP,MP Materials Corp. Common Stock,nasdaqtrader:N:MP,common_equity,eligible,N,,58.51,,336317265.8522222,29.332449160035367,-4.504651542353521,0.827158366362224,-23.59623922695221,40.68930562595033,75.59822702677434,,,False,,276.0,,2026-08-17,,full,"{""as_of"": ""2026-08-17"", ""listing_date"": null, ""reason_code"": ""valid_trading_sessions"", ""status"": ""full"", ""valid_trading_sessions"": 276}","[""l1.csv""]",[],64.8707,ranked,full,100.0,True,True,False
BBWI,"Bath & Body Works, Inc.",qrgf-resolution-required:N:BBWI,common_equity,eligible,N,,18.81,,113032992.09253968,-9.870627695256362,10.064365125804553,-21.85292895720815,-34.48275862068966,40.978977094446186,48.025366289043426,,,False,,276.0,,2026-08-17,,full,"{""as_of"": ""2026-08-17"", ""listing_date"": null, ""reason_code"": ""valid_trading_sessions"", ""status"": ""full"", ""valid_trading_sessions"": 276}","[""l1.csv""]",[],64.8514,ranked,full,100.0,True,True,False
BMI,"Badger Meter, Inc. Common Stock",nasdaqtrader:N:BMI,common_equity,eligible,N,,128.7,,64986741.83269841,-13.901525287663908,12.667425369867802,-16.903409090909093,-32.64601214151141,32.009086586718794,53.18877242872438,,,False,,276.0,,2026-08-17,,full,"{""as_of"": ""2026-08-17"", ""listing_date"": null, ""reason_code"": ""valid_trading_sessions"", ""status"": ""full"", ""valid_trading_sessions"": 276}","[""l1.csv""]",[],64.8512,ranked,full,100.0,True,True,False
ACN,Accenture plc Class A Ordinary Shares (Ireland),nasdaqtrader:N:ACN,common_equity,eligible,N,,169.98,,1263976341.228254,18.395207912516543,0.6871223788650571,-24.193908040850907,-30.947351316217098,41.089623622374724,48.807940737701486,,,False,,276.0,,2026-08-17,,full,"{""as_of"": ""2026-08-17"", ""listing_date"": null, ""reason_code"": ""valid_trading_sessions"", ""status"": ""full"", ""valid_trading_sessions"": 276}","[""l1.csv""]",[],64.844,ranked,full,100.0,True,True,False
NXPI,NXP Semiconductors N.V. - Common Stock,nasdaqtrader:Q:NXPI,common_equity,eligible,Q,,232.72,,1181524455.5714285,-12.685251191235503,-20.16466552315609,-4.790737634496589,0.5096311652414309,30.04478913036944,47.40402909553394,,,False,,276.0,,2026-08-17,,full,"{""as_of"": ""2026-08-17"", ""listing_date"": null, ""reason_code"": ""valid_trading_sessions"", ""status"": ""full"", ""valid_trading_sessions"": 276}","[""l1.csv""]",[],64.8393,ranked,full,100.0,True,True,False
WEN,Wendy's Company (The) - Common Stock,nasdaqtrader:Q:WEN,common_equity,eligible,Q,,8.62,,131008088.0581746,11.082474226804106,7.4812967581047385,15.24064171122992,-18.29383886255925,19.288389513108616,63.95623330959758,,,False,,276.0,,2026-08-17,,full,"{""as_of"": ""2026-08-17"", ""listing_date"": null, ""reason_code"": ""valid_trading_sessions"", ""status"": ""full"", ""valid_trading_sessions"": 276}","[""l1.csv""]",[],64.8221,ranked,full,100.0,True,True,False
DOCU,"DocuSign, Inc. - Common Stock",nasdaqtrader:Q:DOCU,common_equity,eligible,Q,,59.82,,187734553.19253966,13.424345847554031,25.382519387968983,33.467202141900934,-13.30434782608696,29.63180802258558,60.29790582471845,,,False,,276.0,,2026-08-17,,full,"{""as_of"": ""2026-08-17"", ""listing_date"": null, ""reason_code"": ""valid_trading_sessions"", ""status"": ""full"", ""valid_trading_sessions"": 276}","[""l1.csv""]",[],64.7842,ranked,full,100.0,True,True,False
XRAY,DENTSPLY SIRONA Inc. - Common Stock,nasdaqtrader:Q:XRAY,common_equity,eligible,Q,,11.19,,64941763.61777778,-20.355871886121,11.122144985104265,-13.590733590733596,-19.32227829848594,23.77384196185286,55.305075275672365,,,False,,276.0,,2026-08-17,,full,"{""as_of"": ""2026-08-17"", ""listing_date"": null, ""reason_code"": ""valid_trading_sessions"", ""status"": ""full"", ""valid_trading_sessions"": 276}","[""l1.csv""]",[],64.7532,ranked,full,100.0,True,True,False
GT,The Goodyear Tire & Rubber Company - Common Stock,nasdaqtrader:Q:GT,common_equity,eligible,Q,,6.05,,64169947.847539686,-17.009602194787387,7.2695035460992985,-35.91101694915254,-29.073856975381005,42.59962049335863,49.47003895252539,,,False,,276.0,,2026-08-17,,full,"{""as_of"": ""2026-08-17"", ""listing_date"": null, ""reason_code"": ""valid_trading_sessions"", ""status"": ""full"", ""valid_trading_sessions"": 276}","[""l1.csv""]",[],64.7434,ranked,full,100.0,True,True,False
FIS,"Fidelity National Information Services, Inc. Common Stock",nasdaqtrader:N:FIS,common_equity,eligible,N,,41.17,,269007346.39365077,-1.7656883798615963,-1.5071770334928125,-12.029914529914521,-42.483934059793235,42.62820512820513,42.875032258421406,,,False,,276.0,,2026-08-17,,full,"{""as_of"": ""2026-08-17"", ""listing_date"": null, ""reason_code"": ""valid_trading_sessions"", ""status"": ""full"", ""valid_trading_sessions"": 276}","[""l1.csv""]",[],64.7415,ranked,full,100.0,True,True,False
RXO,"RXO, Inc. Common Stock",nasdaqtrader:N:RXO,common_equity,eligible,N,,23.45,,54156604.56222222,-19.9385455786958,25.468164794007485,73.57512953367875,55.607166556071654,19.965870307167243,64.55241362610634,,,False,,276.0,,2026-08-17,,full,"{""as_of"": ""2026-08-17"", ""listing_date"": null, ""reason_code"": ""valid_trading_sessions"", ""status"": ""full"", ""valid_trading_sessions"": 276}","[""l1.csv""]",[],64.7415,ranked,full,100.0,True,True,False
CEG,Constellation Energy Corporation - Common Stock When-Issued,nasdaqtrader:Q:CEG,common_equity,eligible,Q,,278.2,,925485847.7803175,10.22623717262967,4.116766467065869,-3.5467877821308558,-14.717513258330516,31.130090357717542,33.641335428111745,,,False,,276.0,,2026-08-17,,full,"{""as_of"": ""2026-08-17"", ""listing_date"": null, ""reason_code"": ""valid_trading_sessions"", ""status"": ""full"", ""valid_trading_sessions"": 276}","[""l1.csv""]",[],64.734,ranked,full,100.0,True,True,False
AEVA,"Aeva Technologies, Inc. - Common Stock",nasdaqtrader:Q:AEVA,common_equity,eligible,Q,,23.75,,50434116.67928571,42.13046080191501,15.995115995115983,74.88954344624447,78.84036144578315,18.914305223625803,138.7453404271659,,,False,,276.0,,2026-08-17,,full,"{""as_of"": ""2026-08-17"", ""listing_date"": null, ""reason_code"": ""valid_trading_sessions"", ""status"": ""full"", ""valid_trading_sessions"": 276}","[""l1.csv""]",[],64.7286,ranked,full,100.0,True,True,False
UL,Unilever PLC American Depositary Shares (each representing One Ordinary Share),nasdaqtrader:N:UL,adr,eligible,N,,61.23,,255863941.47301587,-1.859272319281946,8.872688477951618,-17.911248156589366,-11.759619541720712,17.911248156589366,33.237578940170295,,,False,,276.0,,2026-08-17,,full,"{""as_of"": ""2026-08-17"", ""listing_date"": null, ""reason_code"": ""valid_trading_sessions"", ""status"": ""full"", ""valid_trading_sessions"": 276}","[""l1.csv""]",[],64.7278,ranked,full,100.0,True,True,False
SFM,"Sprouts Farmers Market, Inc. - Common Stock",nasdaqtrader:Q:SFM,common_equity,eligible,Q,,80.6,,174886958.2911111,6.360517286883072,-5.74201847737108,16.879350348027856,-43.79750366083258,46.64371772805508,44.95113641510529,,,False,,276.0,,2026-08-17,,full,"{""as_of"": ""2026-08-17"", ""listing_date"": null, ""reason_code"": ""valid_trading_sessions"", ""status"": ""full"", ""valid_trading_sessions"": 276}","[""l1.csv""]",[],64.7238,ranked,full,100.0,True,True,False
POOL,Pool Corporation - Common Stock,nasdaqtrader:Q:POOL,common_equity,eligible,Q,,190.47,,187199030.98380953,-5.318884525525669,8.62275449101797,-28.348944814355036,-41.58974516237848,42.90809903483005,42.43752983574004,,,False,,276.0,,2026-08-17,,full,"{""as_of"": ""2026-08-17"", ""listing_date"": null, ""reason_code"": ""valid_trading_sessions"", ""status"": ""full"", ""valid_trading_sessions"": 276}","[""l1.csv""]",[],64.7228,ranked,full,100.0,True,True,False
ALK,"Alaska Air Group, Inc. Common Stock",nasdaqtrader:N:ALK,common_equity,eligible,N,,44.04,,147746148.93714288,-3.230059327620305,19.220357336220893,-20.31843676497196,-22.560225074731843,31.036642655809587,51.62549710369174,,,False,,276.0,,2026-08-17,,full,"{""as_of"": ""2026-08-17"", ""listing_date"": null, ""reason_code"": ""valid_trading_sessions"", ""status"": ""full"", ""valid_trading_sessions"": 276}","[""l1.csv""]",[],64.7216,ranked,full,100.0,True,True,False
JBLU,JetBlue Airways Corporation - Common Stock,nasdaqtrader:Q:JBLU,common_equity,eligible,Q,,5.24,,167651534.16460317,-3.3210332103321027,14.41048034934498,-11.336717428087983,3.149606299212593,18.885448916408663,67.79456471391484,,,False,,276.0,,2026-08-17,,full,"{""as_of"": ""2026-08-17"", ""listing_date"": null, ""reason_code"": ""valid_trading_sessions"", ""status"": ""full"", ""valid_trading_sessions"": 276}","[""l1.csv""]",[],64.7214,ranked,full,100.0,True,True,False
CMI,Cummins Inc. Common Stock,nasdaqtrader:N:CMI,common_equity,eligible,N,,641.16,,684314076.6036508,-1.1287934863064453,-7.94940634287109,6.68042129082711,58.38932806324109,11.878942811198623,32.26412239478761,,,False,,276.0,,2026-08-17,,full,"{""as_of"": ""2026-08-17"", ""listing_date"": null, ""reason_code"": ""valid_trading_sessions"", ""status"": ""full"", ""valid_trading_sessions"": 276}","[""l1.csv""]",[],64.7197,ranked,full,100.0,True,True,False
OXY,Occidental Petroleum Corporation Common Stock,nasdaqtrader:N:OXY,common_equity,eligible,N,,59.04,,535666160.6768254,7.6193948231862985,-0.9728279100972848,28.152810939874094,31.874022783113688,10.869565217391298,38.38849256128221,,,False,,276.0,,2026-08-17,,full,"{""as_of"": ""2026-08-17"", ""listing_date"": null, ""reason_code"": ""valid_trading_sessions"", ""status"": ""full"", ""valid_trading_sessions"": 276}","[""l1.csv""]",[],64.7174,ranked,full,100.0,True,True,False
SHLS,"Shoals Technologies Group, Inc. - Class A Common Stock",nasdaqtrader:Q:SHLS,common_equity,eligible,Q,,8.23,,55913091.77666666,-20.097087378640776,-20.32913843175217,-19.62890625,79.30283224400874,35.5520751761942,92.30118137783117,,,False,,276.0,,2026-08-17,,full,"{""as_of"": ""2026-08-17"", ""listing_date"": null, ""reason_code"": ""valid_trading_sessions"", ""status"": ""full"", ""valid_trading_sessions"": 276}","[""l1.csv""]",[],64.7132,ranked,full,100.0,True,True,False
GILD,"Gilead Sciences, Inc. - Common Stock",nasdaqtrader:Q:GILD,common_equity,eligible,Q,,138.92,,992515708.6726984,3.455466190050638,7.207902454082404,-10.362627435798167,16.71987901193077,10.834403080872923,30.118085090394153,,,False,,276.0,,2026-08-17,,full,"{""as_of"": ""2026-08-17"", ""listing_date"": null, ""reason_code"": ""valid_trading_sessions"", ""status"": ""full"", ""valid_trading_sessions"": 276}","[""l1.csv""]",[],64.7086,ranked,full,100.0,True,True,False
KGC,Kinross Gold Corporation Common Stock,nasdaqtrader:N:KGC,common_equity,eligible,N,,27.72,,211203027.20253968,22.817899867080182,-2.3255813953488413,-19.418604651162784,46.7443091582848,27.186761229314428,47.41913317763659,,,False,,276.0,,2026-08-17,,full,"{""as_of"": ""2026-08-17"", ""listing_date"": null, ""reason_code"": ""valid_trading_sessions"", ""status"": ""full"", ""valid_trading_sessions"": 276}","[""l1.csv""]",[],64.7082,ranked,full,100.0,True,True,False
CIEN,Ciena Corporation Common Stock,nasdaqtrader:N:CIEN,common_equity,eligible,N,,445.18,,1278216492.4930158,18.901738735610696,-19.709266673880897,46.47933666754409,386.9612776197768,28.998405103668258,80.84032167700624,,,False,,276.0,,2026-08-17,,full,"{""as_of"": ""2026-08-17"", ""listing_date"": null, ""reason_code"": ""valid_trading_sessions"", ""status"": ""full"", ""valid_trading_sessions"": 276}","[""l1.csv""]",[],64.6998,ranked,full,100.0,True,True,False
EXE,Expand Energy Corporation - Common Stock,nasdaqtrader:Q:EXE,common_equity,eligible,Q,,94.175,,330970418.1869048,6.859185294451375,-2.6010962871031107,-9.490629505045655,-0.8579850510580078,23.366425258361133,31.178055877047512,,,False,,276.0,,2026-08-17,,full,"{""as_of"": ""2026-08-17"", ""listing_date"": null, ""reason_code"": ""valid_trading_sessions"", ""status"": ""full"", ""valid_trading_sessions"": 276}","[""l1.csv""]",[],64.6989,ranked,full,100.0,True,True,False
CHRW,"C.H. Robinson Worldwide, Inc. - Common Stock",nasdaqtrader:Q:CHRW,common_equity,eligible,Q,,144.78,,321206843.99515873,-30.561151079136696,-11.49825783972126,-17.74331003920231,19.140882159315353,30.86620189093687,66.97302522285993,,,False,,276.0,,2026-08-17,,full,"{""as_of"": ""2026-08-17"", ""listing_date"": null, ""reason_code"": ""valid_trading_sessions"", ""status"": ""full"", ""valid_trading_sessions"": 276}","[""l1.csv""]",[],64.6988,ranked,full,100.0,True,True,False
KNSL,"Kinsale Capital Group, Inc. Common Stock",nasdaqtrader:N:KNSL,common_equity,eligible,N,,367.16,,103841507.6620635,6.735660920375586,17.947894246522544,-1.1203274803403995,-19.07071063304532,23.347042735756485,42.4152320922484,,,False,,276.0,,2026-08-17,,full,"{""as_of"": ""2026-08-17"", ""listing_date"": null, ""reason_code"": ""valid_trading_sessions"", ""status"": ""full"", ""valid_trading_sessions"": 276}","[""l1.csv""]",[],64.6963,ranked,full,100.0,True,True,False
BKD,Brookdale Senior Living Inc. Common Stock,nasdaqtrader:N:BKD,common_equity,eligible,N,,12.23,,70012456.00539683,-18.52098600932711,-6.211656441717784,-25.92368261659601,66.84856753069577,27.072152653548,47.60713766107478,,,False,,276.0,,2026-08-17,,full,"{""as_of"": ""2026-08-17"", ""listing_date"": null, ""reason_code"": ""valid_trading_sessions"", ""status"": ""full"", ""valid_trading_sessions"": 276}","[""l1.csv""]",[],64.693,ranked,full,100.0,True,True,False
SIG,Signet Jewelers Limited Common Shares,nasdaqtrader:N:SIG,common_equity,eligible,N,,86.11,,71920368.22777778,-6.044735406437541,13.317541781813414,-4.417804417804428,3.997584541062804,18.76415094339623,37.58209202198772,,,False,,276.0,,2026-08-17,,full,"{""as_of"": ""2026-08-17"", ""listing_date"": null, ""reason_code"": ""valid_trading_sessions"", ""status"": ""full"", ""valid_trading_sessions"": 276}","[""l1.csv""]",[],64.691,ranked,full,100.0,True,True,False
DNN,Denison Mines Corp Ordinary Shares (Canada),nasdaqtrader:A:DNN,common_equity,eligible,A,,3.19,,75836387.06825396,13.120567375886537,-2.7439024390243816,-15.608465608465604,57.14285714285716,27.002288329519452,58.51147755268633,,,False,,276.0,,2026-08-17,,full,"{""as_of"": ""2026-08-17"", ""listing_date"": null, ""reason_code"": ""valid_trading_sessions"", ""status"": ""full"", ""valid_trading_sessions"": 276}","[""l1.csv""]",[],64.6836,ranked,full,100.0,True,True,False
COHR,Coherent Corp. Common Stock,nasdaqtrader:N:COHR,common_equity,eligible,N,,351.22,,2102431497.5755556,26.520172910662822,-8.165773303699819,61.68116742623029,283.2187670485543,17.725877860807227,117.10481201871879,,,False,,276.0,,2026-08-17,,full,"{""as_of"": ""2026-08-17"", ""listing_date"": null, ""reason_code"": ""valid_trading_sessions"", ""status"": ""full"", ""valid_trading_sessions"": 276}","[""l1.csv""]",[],64.6815,ranked,full,100.0,True,True,False
SAIL,"SailPoint, Inc. - Common Stock",nasdaqtrader:Q:SAIL,common_equity,eligible,Q,,18.59,,70961733.2031746,18.558673469387756,37.70370370370371,16.77135678391959,-6.253151790216838,21.328819297503177,60.53234223012838,,,False,,276.0,,2026-08-17,,full,"{""as_of"": ""2026-08-17"", ""listing_date"": null, ""reason_code"": ""valid_trading_sessions"", ""status"": ""full"", ""valid_trading_sessions"": 276}","[""l1.csv""]",[],64.6772,ranked,full,100.0,True,True,False
XYL,Xylem Inc. Common Stock New,nasdaqtrader:N:XYL,common_equity,eligible,N,,117.47,,220493422.67904764,-4.324808600749308,8.647798742138368,-8.291045358732141,-17.18133107727017,23.197123242889827,29.87858175557457,,,False,,276.0,,2026-08-17,,full,"{""as_of"": ""2026-08-17"", ""listing_date"": null, ""reason_code"": ""valid_trading_sessions"", ""status"": ""full"", ""valid_trading_sessions"": 276}","[""l1.csv""]",[],64.6763,ranked,full,100.0,True,True,False
AZO,"AutoZone, Inc. Common Stock",nasdaqtrader:N:AZO,common_equity,eligible,N,,3019.3,,1055280056.2925397,-0.8908759076167505,-9.088719268927925,-21.74248864743815,-24.375325612150846,30.663169932989476,29.159126367677917,,,False,,276.0,,2026-08-17,,full,"{""as_of"": ""2026-08-17"", ""listing_date"": null, ""reason_code"": ""valid_trading_sessions"", ""status"": ""full"", ""valid_trading_sessions"": 276}","[""l1.csv""]",[],64.6718,ranked,full,100.0,True,True,False
TWLO,Twilio Inc. Class A Common Stock,nasdaqtrader:N:TWLO,common_equity,eligible,N,,228.61,,511257596.1730159,10.557113840796983,15.290735791013166,102.30973451327436,126.7056723522412,10.681773783942173,77.767734290268,,,False,,276.0,,2026-08-17,,full,"{""as_of"": ""2026-08-17"", ""listing_date"": null, ""reason_code"": ""valid_trading_sessions"", ""status"": ""full"", ""valid_trading_sessions"": 276}","[""l1.csv""]",[],64.6704,ranked,full,100.0,True,True,False
TYL,"Tyler Technologies, Inc. Common Stock",nasdaqtrader:N:TYL,common_equity,eligible,N,,320.48,,258212083.3101587,0.30358987199150533,2.7541761518484087,5.441863525695867,-44.09322447840346,43.97496634791881,47.34991197760855,,,False,,276.0,,2026-08-17,,full,"{""as_of"": ""2026-08-17"", ""listing_date"": null, ""reason_code"": ""valid_trading_sessions"", ""status"": ""full"", ""valid_trading_sessions"": 276}","[""l1.csv""]",[],64.6517,ranked,full,100.0,True,True,False
GTX,Garrett Motion Inc. - Common Stock,nasdaqtrader:Q:GTX,common_equity,eligible,Q,,28.58,,86233360.35031745,-10.04091910607492,-7.746933505487419,34.49411764705881,121.89440993788816,21.115097985095222,36.901304984404156,,,False,,276.0,,2026-08-17,,full,"{""as_of"": ""2026-08-17"", ""listing_date"": null, ""reason_code"": ""valid_trading_sessions"", ""status"": ""full"", ""valid_trading_sessions"": 276}","[""l1.csv""]",[],64.6487,ranked,full,100.0,True,True,False
FDS,FactSet Research Systems Inc. Common Stock,nasdaqtrader:N:FDS,common_equity,eligible,N,,276.76,,233987969.73539683,7.233910651323194,30.190986922570318,34.486612566208265,-26.189460209088967,28.603859250851304,51.13212703316828,,,False,,276.0,,2026-08-17,,full,"{""as_of"": ""2026-08-17"", ""listing_date"": null, ""reason_code"": ""valid_trading_sessions"", ""status"": ""full"", ""valid_trading_sessions"": 276}","[""l1.csv""]",[],64.6472,ranked,full,100.0,True,True,False
ECL,Ecolab Inc. Common Stock,nasdaqtrader:N:ECL,common_equity,eligible,N,,275.84,,414360886.2898413,1.103251108749026,11.396494628866805,-7.798241802319761,-1.4786770483606104,10.543213880330804,22.838652778888545,,,False,,276.0,,2026-08-17,,full,"{""as_of"": ""2026-08-17"", ""listing_date"": null, ""reason_code"": ""valid_trading_sessions"", ""status"": ""full"", ""valid_trading_sessions"": 276}","[""l1.csv""]",[],64.6358,ranked,full,100.0,True,True,False
PVH,PVH Corp. Common Stock,nasdaqtrader:N:PVH,common_equity,eligible,N,,78.18,,88334743.20206349,0.038387715930898736,-1.5984896161107542,13.782564401106123,2.719747733543576,20.878453597813984,36.85030456509066,,,False,,276.0,,2026-08-17,,full,"{""as_of"": ""2026-08-17"", ""listing_date"": null, ""reason_code"": ""valid_trading_sessions"", ""status"": ""full"", ""valid_trading_sessions"": 276}","[""l1.csv""]",[],64.6171,ranked,full,100.0,True,True,False
ULTA,"Ulta Beauty, Inc. - Common Stock",nasdaqtrader:Q:ULTA,common_equity,eligible,Q,,493.33,,357752667.8889683,2.8692370248347476,-0.1921987537428116,-27.81240854550776,-6.2431107225664135,30.20429529441726,32.64643036496561,,,False,,276.0,,2026-08-17,,full,"{""as_of"": ""2026-08-17"", ""listing_date"": null, ""reason_code"": ""valid_trading_sessions"", ""status"": ""full"", ""valid_trading_sessions"": 276}","[""l1.csv""]",[],64.6106,ranked,full,100.0,True,True,False
MAR,Marriott International - Class A Common Stock,nasdaqtrader:Q:MAR,common_equity,eligible,Q,,356.57,,598316006.7763493,-2.6403451288772417,0.9627091768836582,0.7572974653140774,33.77227537047458,11.41998310726885,32.87116655468566,,,False,,276.0,,2026-08-17,,full,"{""as_of"": ""2026-08-17"", ""listing_date"": null, ""reason_code"": ""valid_trading_sessions"", ""status"": ""full"", ""valid_trading_sessions"": 276}","[""l1.csv""]",[],64.605,ranked,full,100.0,True,True,False
AEIS,"Advanced Energy Industries, Inc. - Common Stock",nasdaqtrader:Q:AEIS,common_equity,eligible,Q,,348.63,,287573861.67841274,22.73543390248196,7.78148766462623,10.933273936424094,115.34992896411147,10.389410101529373,80.27055713083601,,,False,,276.0,,2026-08-17,,full,"{""as_of"": ""2026-08-17"", ""listing_date"": null, ""reason_code"": ""valid_trading_sessions"", ""status"": ""full"", ""valid_trading_sessions"": 276}","[""l1.csv""]",[],64.5974,ranked,full,100.0,True,True,False
NVO,Novo Nordisk A/S Common Stock,nasdaqtrader:N:NVO,common_equity,eligible,N,,44.88,,567967492.0504762,-10.81081081081081,0.3129190880643673,-9.461367762759732,-11.913640824337591,29.853079087214752,41.10881403504285,,,False,,276.0,,2026-08-17,,full,"{""as_of"": ""2026-08-17"", ""listing_date"": null, ""reason_code"": ""valid_trading_sessions"", ""status"": ""full"", ""valid_trading_sessions"": 276}","[""l1.csv""]",[],64.5637,ranked,full,100.0,True,True,False
RYAAY,"Ryanair Holdings plc - American Depositary Shares, each representing five Ordinary Shares",nasdaqtrader:Q:RYAAY,adr,eligible,Q,,57.34,,84064842.44777778,-8.358638325075907,7.458770614692667,-12.444648037868367,-12.91008505467801,22.32457328637224,38.26034128306163,,,False,,276.0,,2026-08-17,,full,"{""as_of"": ""2026-08-17"", ""listing_date"": null, ""reason_code"": ""valid_trading_sessions"", ""status"": ""full"", ""valid_trading_sessions"": 276}","[""l1.csv""]",[],64.5599,ranked,full,100.0,True,True,False
CDNS,"Cadence Design Systems, Inc. - Common Stock",nasdaqtrader:Q:CDNS,common_equity,eligible,Q,,323.47,,874652991.2161906,-2.011450728545028,-6.84540951503283,8.017765310892955,-7.293935572624088,22.315617570066514,40.49704420961982,,,False,,276.0,,2026-08-17,,full,"{""as_of"": ""2026-08-17"", ""listing_date"": null, ""reason_code"": ""valid_trading_sessions"", ""status"": ""full"", ""valid_trading_sessions"": 276}","[""l1.csv""]",[],64.5587,ranked,full,100.0,True,True,False
SYY,Sysco Corporation Common Stock,nasdaqtrader:N:SYY,common_equity,eligible,N,,81.85,,282801114.8477778,0.19586240665931953,12.787653300261814,-9.617932862190825,0.8004926108374333,10.212812637121548,19.887488598571085,,,False,,276.0,,2026-08-17,,full,"{""as_of"": ""2026-08-17"", ""listing_date"": null, ""reason_code"": ""valid_trading_sessions"", ""status"": ""full"", ""valid_trading_sessions"": 276}","[""l1.csv""]",[],64.5532,ranked,full,100.0,True,True,False
ROK,"Rockwell Automation, Inc. Common Stock",nasdaqtrader:N:ROK,common_equity,eligible,N,,444.6,,378949496.7538096,-3.7349788892497515,-0.922583233052543,12.736770038288924,27.938764352104982,10.196331905954581,33.25725112666624,,,False,,276.0,,2026-08-17,,full,"{""as_of"": ""2026-08-17"", ""listing_date"": null, ""reason_code"": ""valid_trading_sessions"", ""status"": ""full"", ""valid_trading_sessions"": 276}","[""l1.csv""]",[],64.5491,ranked,full,100.0,True,True,False
ERIC,Ericsson - American Depositary Shares each representing 1 underlying Class B share,nasdaqtrader:Q:ERIC,adr,eligible,Q,,10.17,,138755563.47142857,3.5641547861507084,-18.64,-8.130081300813007,33.639947437582116,25.982532751091703,52.07336434400861,,,False,,276.0,,2026-08-17,,full,"{""as_of"": ""2026-08-17"", ""listing_date"": null, ""reason_code"": ""valid_trading_sessions"", ""status"": ""full"", ""valid_trading_sessions"": 276}","[""l1.csv""]",[],64.5477,ranked,full,100.0,True,True,False
UAL,"United Airlines Holdings, Inc. - Common Stock",nasdaqtrader:Q:UAL,common_equity,eligible,Q,,122.26,,587752003.6134126,5.935360887271468,31.674744211093177,11.867508463720377,23.320556788380074,10.175593270149152,40.00184002419518,,,False,,276.0,,2026-08-17,,full,"{""as_of"": ""2026-08-17"", ""listing_date"": null, ""reason_code"": ""valid_trading_sessions"", ""status"": ""full"", ""valid_trading_sessions"": 276}","[""l1.csv""]",[],64.5439,ranked,full,100.0,True,True,False
KVUE,Kenvue Inc. Common Stock,nasdaqtrader:N:KVUE,common_equity,eligible,N,,18.79,,380037876.4811111,-1.0010537407797782,9.818819403857383,0.4812834224598994,-10.778727445394109,13.129912159038371,22.626162588560934,,,False,,276.0,,2026-08-17,,full,"{""as_of"": ""2026-08-17"", ""listing_date"": null, ""reason_code"": ""valid_trading_sessions"", ""status"": ""full"", ""valid_trading_sessions"": 276}","[""l1.csv""]",[],64.5325,ranked,full,100.0,True,True,False
LOGI,Logitech International S.A. - Registered Shares,qrgf-resolution-required:Q:LOGI,common_equity,eligible,Q,,101.12,,118869839.61666667,-1.6629388310804183,-1.8157102631323307,13.096969019125382,2.8164717844433307,20.183124161338696,39.39967211391811,,,False,,276.0,,2026-08-17,,full,"{""as_of"": ""2026-08-17"", ""listing_date"": null, ""reason_code"": ""valid_trading_sessions"", ""status"": ""full"", ""valid_trading_sessions"": 276}","[""l1.csv""]",[],64.5244,ranked,full,100.0,True,True,False
LNG,"Cheniere Energy, Inc. Common Stock",nasdaqtrader:N:LNG,common_equity,eligible,N,,266.93,,497752886.1430159,1.6488956587966452,10.37462785312604,20.897685583586224,14.74444396681427,10.097335893031566,35.379784637122896,,,False,,276.0,,2026-08-17,,full,"{""as_of"": ""2026-08-17"", ""listing_date"": null, ""reason_code"": ""valid_trading_sessions"", ""status"": ""full"", ""valid_trading_sessions"": 276}","[""l1.csv""]",[],64.5243,ranked,full,100.0,True,True,False
AGI,Alamos Gold Inc. Class A Common Shares,nasdaqtrader:N:AGI,common_equity,eligible,N,,33.99,,148707821.2793651,20.27600849256901,-15.510812826249055,-24.88397790055248,33.81889763779529,38.56858846918488,46.31009652024907,,,False,,276.0,,2026-08-17,,full,"{""as_of"": ""2026-08-17"", ""listing_date"": null, ""reason_code"": ""valid_trading_sessions"", ""status"": ""full"", ""valid_trading_sessions"": 276}","[""l1.csv""]",[],64.5121,ranked,full,100.0,True,True,False
EQT,EQT Corporation Common Stock,nasdaqtrader:N:EQT,common_equity,eligible,N,,53.01,,380264640.02603173,6.961259079903148,-5.709711846318033,-9.693356047700174,1.8443804034582234,21.963786250552054,34.42680781758152,,,False,,276.0,,2026-08-17,,full,"{""as_of"": ""2026-08-17"", ""listing_date"": null, ""reason_code"": ""valid_trading_sessions"", ""status"": ""full"", ""valid_trading_sessions"": 276}","[""l1.csv""]",[],64.5118,ranked,full,100.0,True,True,False
BP,BP p.l.c. Common Stock,nasdaqtrader:N:BP,common_equity,eligible,N,,42.85,,372310688.0176191,2.2673031026253065,-3.382187147688842,13.781200212426992,23.70092378752886,10.035691790888102,33.66088288018761,,,False,,276.0,,2026-08-17,,full,"{""as_of"": ""2026-08-17"", ""listing_date"": null, ""reason_code"": ""valid_trading_sessions"", ""status"": ""full"", ""valid_trading_sessions"": 276}","[""l1.csv""]",[],64.5089,ranked,full,100.0,True,True,False
BCO,Brinks Company (The) Common Stock,nasdaqtrader:N:BCO,common_equity,eligible,N,,111.28,,54566553.84634921,-7.3593073593073655,7.237159101859891,-14.851939704644579,-0.035932446999631384,17.922997492255497,33.845491417212195,,,False,,276.0,,2026-08-17,,full,"{""as_of"": ""2026-08-17"", ""listing_date"": null, ""reason_code"": ""valid_trading_sessions"", ""status"": ""full"", ""valid_trading_sessions"": 276}","[""l1.csv""]",[],64.4807,ranked,full,100.0,True,True,False
SONY,Sony Group Corporation American Depositary Shares,nasdaqtrader:N:SONY,adr,eligible,N,,23.7,,122515698.12174603,12.215909090909083,6.230389959659344,2.1992238033635036,-14.563806777217014,21.678783873099803,30.836803238288823,,,False,,276.0,,2026-08-17,,full,"{""as_of"": ""2026-08-17"", ""listing_date"": null, ""reason_code"": ""valid_trading_sessions"", ""status"": ""full"", ""valid_trading_sessions"": 276}","[""l1.csv""]",[],64.4738,ranked,full,100.0,True,True,False
MIAX,"Miami International Holdings, Inc. Common Stock",nasdaqtrader:N:MIAX,common_equity,eligible,N,,42.41,,78538726.37206349,0.18899125915425863,-24.48361823361823,0.6407214048409937,37.96356538711776,25.387051372273064,37.812690427468105,,,False,,253.0,,2026-08-17,,full,"{""as_of"": ""2026-08-17"", ""listing_date"": null, ""reason_code"": ""valid_trading_sessions"", ""status"": ""full"", ""valid_trading_sessions"": 253}","[""l1.csv""]",[],64.4683,ranked,full,100.0,True,True,False
EGO,Eldorado Gold Corporation Ordinary Shares,nasdaqtrader:N:EGO,common_equity,eligible,N,,40.33,,83931344.58444443,44.29338103756708,27.38471257106758,-14.861726831327848,79.56366874443455,18.86944276805472,69.73396507557871,,,False,,276.0,,2026-08-17,,full,"{""as_of"": ""2026-08-17"", ""listing_date"": null, ""reason_code"": ""valid_trading_sessions"", ""status"": ""full"", ""valid_trading_sessions"": 276}","[""l1.csv""]",[],64.4674,ranked,full,100.0,True,True,False
ITRI,"Itron, Inc. - Common Stock",nasdaqtrader:Q:ITRI,common_equity,eligible,Q,,100.61,,73422095.35388888,17.001976974066757,26.968702675416466,12.589525514771704,-19.749541357581556,27.18917354175713,74.18676152953184,,,False,,276.0,,2026-08-17,,full,"{""as_of"": ""2026-08-17"", ""listing_date"": null, ""reason_code"": ""valid_trading_sessions"", ""status"": ""full"", ""valid_trading_sessions"": 276}","[""l1.csv""]",[],64.4586,ranked,full,100.0,True,True,False
PAYX,"Paychex, Inc. - Common Stock",nasdaqtrader:Q:PAYX,common_equity,eligible,Q,,118.54,,345917318.70912695,3.627939505201505,29.495302599956297,25.59864378046197,-13.782820568768638,15.815638093885376,33.59897923330032,,,False,,276.0,,2026-08-17,,full,"{""as_of"": ""2026-08-17"", ""listing_date"": null, ""reason_code"": ""valid_trading_sessions"", ""status"": ""full"", ""valid_trading_sessions"": 276}","[""l1.csv""]",[],64.4539,ranked,full,100.0,True,True,False
ONDS,Ondas Inc - Common Stock,nasdaqtrader:Q:ONDS,common_equity,eligible,Q,,9.0,,772998234.2646825,37.931034482758605,-15.254237288135586,-3.3297529538131143,129.00763358778624,35.760171306209855,92.58446904169237,,,False,,276.0,,2026-08-17,,full,"{""as_of"": ""2026-08-17"", ""listing_date"": null, ""reason_code"": ""valid_trading_sessions"", ""status"": ""full"", ""valid_trading_sessions"": 276}","[""l1.csv""]",[],64.4493,ranked,full,100.0,True,True,False
MRSH,Marsh Common Stock,nasdaqtrader:N:MRSH,common_equity,eligible,N,,184.21,,448284109.4393651,1.1142825776704335,14.380627134430291,5.8313225324600815,-11.00536257790231,12.783485630415225,28.158497174233126,,,False,,276.0,,2026-08-17,,full,"{""as_of"": ""2026-08-17"", ""listing_date"": null, ""reason_code"": ""valid_trading_sessions"", ""status"": ""full"", ""valid_trading_sessions"": 276}","[""l1.csv""]",[],64.4459,ranked,full,100.0,True,True,False
CLX,Clorox Company (The) Common Stock,nasdaqtrader:N:CLX,common_equity,eligible,N,,105.94,,250246030.8142857,9.98754152823922,17.125483692647858,-15.880578053041127,-12.863957887810496,16.687637621893682,34.33220947660013,,,False,,276.0,,2026-08-17,,full,"{""as_of"": ""2026-08-17"", ""listing_date"": null, ""reason_code"": ""valid_trading_sessions"", ""status"": ""full"", ""valid_trading_sessions"": 276}","[""l1.csv""]",[],64.4219,ranked,full,100.0,True,True,False
IDXX,"IDEXX Laboratories, Inc. - Common Stock",nasdaqtrader:Q:IDXX,common_equity,eligible,Q,,546.09,,368632657.8570635,-3.7625123361060275,3.271620113844831,-13.229522523238257,-16.49361571985626,28.772108311159794,30.80084552026073,,,False,,276.0,,2026-08-17,,full,"{""as_of"": ""2026-08-17"", ""listing_date"": null, ""reason_code"": ""valid_trading_sessions"", ""status"": ""full"", ""valid_trading_sessions"": 276}","[""l1.csv""]",[],64.4196,ranked,full,100.0,True,True,False
LDOS,"Leidos Holdings, Inc. Common Stock",nasdaqtrader:N:LDOS,common_equity,eligible,N,,142.25,,193879226.2595238,33.59316303531179,15.00525507316679,-19.313669880884866,-20.28132705671374,28.714607867702334,41.513827547053324,,,False,,276.0,,2026-08-17,,full,"{""as_of"": ""2026-08-17"", ""listing_date"": null, ""reason_code"": ""valid_trading_sessions"", ""status"": ""full"", ""valid_trading_sessions"": 276}","[""l1.csv""]",[],64.4119,ranked,full,100.0,True,True,False
JD,"JD.com, Inc. - American Depositary Shares",nasdaqtrader:Q:JD,adr,eligible,Q,,28.5,,257992625.41936508,-3.781228899392308,-10.965323336457356,5.011053795136333,-9.75300823305889,21.205418855405036,36.392639374224736,,,False,,276.0,,2026-08-17,,full,"{""as_of"": ""2026-08-17"", ""listing_date"": null, ""reason_code"": ""valid_trading_sessions"", ""status"": ""full"", ""valid_trading_sessions"": 276}","[""l1.csv""]",[],64.4107,ranked,full,100.0,True,True,False
TTMI,"TTM Technologies, Inc. - Common Stock",nasdaqtrader:Q:TTMI,common_equity,eligible,Q,,140.98,,469744551.48333335,6.8030303030302886,-15.757394681804604,53.57298474945533,230.78366963866728,36.34352282476182,92.32588326071829,,,False,,276.0,,2026-08-17,,full,"{""as_of"": ""2026-08-17"", ""listing_date"": null, ""reason_code"": ""valid_trading_sessions"", ""status"": ""full"", ""valid_trading_sessions"": 276}","[""l1.csv""]",[],64.4104,ranked,full,100.0,True,True,False
MRNA,"Moderna, Inc. - Common Stock",nasdaqtrader:Q:MRNA,common_equity,eligible,Q,,64.46,,416596597.6113492,4.2704626334519435,31.443719412724302,52.64030310206014,141.5136755339078,21.19804400977996,69.14105231184875,,,False,,276.0,,2026-08-17,,full,"{""as_of"": ""2026-08-17"", ""listing_date"": null, ""reason_code"": ""valid_trading_sessions"", ""status"": ""full"", ""valid_trading_sessions"": 276}","[""l1.csv""]",[],64.4097,ranked,full,100.0,True,True,False
MU,"Micron Technology, Inc. - Common Stock",nasdaqtrader:Q:MU,common_equity,eligible,Q,,1011.75,,47371576454.37397,19.17662995464986,39.617199790246474,145.77321090220084,707.5265384308403,16.6295856817957,94.86542465560831,,,False,,276.0,,2026-08-17,,full,"{""as_of"": ""2026-08-17"", ""listing_date"": null, ""reason_code"": ""valid_trading_sessions"", ""status"": ""full"", ""valid_trading_sessions"": 276}","[""l1.csv""]",[],64.4074,ranked,full,100.0,True,True,False
PTCT,"PTC Therapeutics, Inc. - Common Stock",nasdaqtrader:Q:PTCT,common_equity,eligible,Q,,72.88,,131505405.1320635,-7.26555541417484,1.9728557436686778,4.93880489560834,49.650924024640645,18.61529871580123,44.42398894374494,,,False,,276.0,,2026-08-17,,full,"{""as_of"": ""2026-08-17"", ""listing_date"": null, ""reason_code"": ""valid_trading_sessions"", ""status"": ""full"", ""valid_trading_sessions"": 276}","[""l1.csv""]",[],64.4038,ranked,full,100.0,True,True,False
HUBB,Hubbell Inc Common Stock,nasdaqtrader:N:HUBB,common_equity,eligible,N,,504.3,,304038055.71269846,3.1984775001534738,5.069066816676049,-3.781576738151571,15.22379875248474,9.599354665232596,34.14761480424879,,,False,,276.0,,2026-08-17,,full,"{""as_of"": ""2026-08-17"", ""listing_date"": null, ""reason_code"": ""valid_trading_sessions"", ""status"": ""full"", ""valid_trading_sessions"": 276}","[""l1.csv""]",[],64.3998,ranked,full,100.0,True,True,False
NXT,Nextpower Inc. - Class A Common Stock,nasdaqtrader:Q:NXT,common_equity,eligible,Q,,99.09,,345210855.7588889,-3.8894277400581823,-31.325802203894927,-14.900377877018201,83.53398777551398,36.643222506393855,69.53743355781704,,,False,,276.0,,2026-08-17,,full,"{""as_of"": ""2026-08-17"", ""listing_date"": null, ""reason_code"": ""valid_trading_sessions"", ""status"": ""full"", ""valid_trading_sessions"": 276}","[""l1.csv""]",[],64.3905,ranked,full,100.0,True,True,False
RYN,Rayonier Inc. REIT Common Stock,nasdaqtrader:N:RYN,common_equity,eligible,N,,21.41,,56359007.70539682,-1.7889908256880749,8.02219979818366,-9.27966101694916,-19.359698681732585,21.025451862781264,25.930415505408956,,,False,,276.0,,2026-08-17,,full,"{""as_of"": ""2026-08-17"", ""listing_date"": null, ""reason_code"": ""valid_trading_sessions"", ""status"": ""full"", ""valid_trading_sessions"": 276}","[""l1.csv""]",[],64.3867,ranked,full,100.0,True,True,False
MUR,Murphy Oil Corporation Common Stock,nasdaqtrader:N:MUR,common_equity,eligible,N,,34.82,,65738458.76396826,-5.457507466739065,-14.32086614173228,3.5693039857227937,49.956933677863915,18.530650444548435,53.47769441252643,,,False,,276.0,,2026-08-17,,full,"{""as_of"": ""2026-08-17"", ""listing_date"": null, ""reason_code"": ""valid_trading_sessions"", ""status"": ""full"", ""valid_trading_sessions"": 276}","[""l1.csv""]",[],64.3827,ranked,full,100.0,True,True,False
IONS,"Ionis Pharmaceuticals, Inc. - Common Stock",nasdaqtrader:Q:IONS,common_equity,eligible,Q,,58.63,,183891672.95301586,7.795550652693506,-21.01576182136603,-27.25806451612902,36.82613768961494,32.21965317919074,90.75080813176424,,,False,,276.0,,2026-08-17,,full,"{""as_of"": ""2026-08-17"", ""listing_date"": null, ""reason_code"": ""valid_trading_sessions"", ""status"": ""full"", ""valid_trading_sessions"": 276}","[""l1.csv""]",[],64.3793,ranked,full,100.0,True,True,False
BURL,"Burlington Stores, Inc. Common Stock",nasdaqtrader:N:BURL,common_equity,eligible,N,,336.85,,269253006.8784127,-2.4499724884885943,14.730926430517698,11.4032476766875,19.734830981409758,9.495150326446167,32.00457428432834,,,False,,276.0,,2026-08-17,,full,"{""as_of"": ""2026-08-17"", ""listing_date"": null, ""reason_code"": ""valid_trading_sessions"", ""status"": ""full"", ""valid_trading_sessions"": 276}","[""l1.csv""]",[],64.3738,ranked,full,100.0,True,True,False
ULS,UL Solutions Inc. Class A Common Stock,nasdaqtrader:N:ULS,common_equity,eligible,N,,77.11,,93883675.74873015,-12.135369188696455,-22.111111111111114,10.125678377606405,15.365050867743868,26.48488893126132,50.300692886762164,,,False,,276.0,,2026-08-17,,full,"{""as_of"": ""2026-08-17"", ""listing_date"": null, ""reason_code"": ""valid_trading_sessions"", ""status"": ""full"", ""valid_trading_sessions"": 276}","[""l1.csv""]",[],64.3647,ranked,full,100.0,True,True,False
DE,Deere & Company Common Stock,nasdaqtrader:N:DE,common_equity,eligible,N,,599.92,,749230019.53,0.44873082847765033,6.779630849189244,-0.4975784515358628,25.286108094561865,9.444670862956428,30.52088455947538,,,False,,276.0,,2026-08-17,,full,"{""as_of"": ""2026-08-17"", ""listing_date"": null, ""reason_code"": ""valid_trading_sessions"", ""status"": ""full"", ""valid_trading_sessions"": 276}","[""l1.csv""]",[],64.3612,ranked,full,100.0,True,True,False
APLD,Applied Digital Corporation - Common Stock,nasdaqtrader:Q:APLD,common_equity,eligible,Q,,31.18,,744216987.6999999,20.899573478092282,-26.73872180451128,-11.621315192743765,114.2955326460481,37.200402819738166,100.83267720869506,,,False,,276.0,,2026-08-17,,full,"{""as_of"": ""2026-08-17"", ""listing_date"": null, ""reason_code"": ""valid_trading_sessions"", ""status"": ""full"", ""valid_trading_sessions"": 276}","[""l1.csv""]",[],64.3533,ranked,full,100.0,True,True,False
EXC,Exelon Corporation - Common Stock,nasdaqtrader:Q:EXC,common_equity,eligible,Q,,45.57,,392416413.68142855,-1.49156939040207,5.0484094052558826,-6.002475247524741,2.060470324748054,9.385563730363888,20.045429458285614,,,False,,276.0,,2026-08-17,,full,"{""as_of"": ""2026-08-17"", ""listing_date"": null, ""reason_code"": ""valid_trading_sessions"", ""status"": ""full"", ""valid_trading_sessions"": 276}","[""l1.csv""]",[],64.3464,ranked,full,100.0,True,True,False
YETI,"YETI Holdings, Inc. Common Stock",nasdaqtrader:N:YETI,common_equity,eligible,N,,43.0,,69607511.45396826,-15.7688540646425,0.773377079915627,-10.416666666666663,26.806251843114136,18.375094912680336,47.40372203316106,,,False,,276.0,,2026-08-17,,full,"{""as_of"": ""2026-08-17"", ""listing_date"": null, ""reason_code"": ""valid_trading_sessions"", ""status"": ""full"", ""valid_trading_sessions"": 276}","[""l1.csv""]",[],64.3438,ranked,full,100.0,True,True,False
ENTG,"Entegris, Inc. - Common Stock",nasdaqtrader:Q:ENTG,common_equity,eligible,Q,,163.09,,457037168.44230163,17.550814473115175,22.559555121364696,24.088868599254344,106.78331431469505,11.364130434782604,84.64591442606987,,,False,,276.0,,2026-08-17,,full,"{""as_of"": ""2026-08-17"", ""listing_date"": null, ""reason_code"": ""valid_trading_sessions"", ""status"": ""full"", ""valid_trading_sessions"": 276}","[""l1.csv""]",[],64.341,ranked,full,100.0,True,True,False
SARO,"StandardAero, Inc. Common Stock",nasdaqtrader:N:SARO,common_equity,eligible,N,,27.39,,103917540.49920635,2.4691358024691468,8.475247524752483,-10.402355250245332,1.3693560325684695,17.300724637681153,38.78427600154791,,,False,,276.0,,2026-08-17,,full,"{""as_of"": ""2026-08-17"", ""listing_date"": null, ""reason_code"": ""valid_trading_sessions"", ""status"": ""full"", ""valid_trading_sessions"": 276}","[""l1.csv""]",[],64.3252,ranked,full,100.0,True,True,False
BULL,Webull Corporation - Class A Ordinary Shares,nasdaqtrader:Q:BULL,common_equity,eligible,Q,,8.16,,78835876.39523809,12.863070539419086,15.580736543909346,35.77371048252913,-47.18446601941747,49.01593252108716,46.461627599917406,,,False,,276.0,,2026-08-17,,full,"{""as_of"": ""2026-08-17"", ""listing_date"": null, ""reason_code"": ""valid_trading_sessions"", ""status"": ""full"", ""valid_trading_sessions"": 276}","[""l1.csv""]",[],64.3156,ranked,full,100.0,True,True,False
DEO,Diageo plc Common Stock,nasdaqtrader:N:DEO,common_equity,eligible,N,,91.82,,100802264.84428573,9.309523809523812,12.400538621618317,-7.41151557930827,-17.06259597145696,20.384982224919803,33.65563162359013,,,False,,276.0,,2026-08-17,,full,"{""as_of"": ""2026-08-17"", ""listing_date"": null, ""reason_code"": ""valid_trading_sessions"", ""status"": ""full"", ""valid_trading_sessions"": 276}","[""l1.csv""]",[],64.3013,ranked,full,100.0,True,True,False
FOXA,Fox Corporation - Class A Common Stock,nasdaqtrader:Q:FOXA,common_equity,eligible,Q,,69.19,,353669222.4653968,20.07983339118362,6.692367000771027,22.786157941437434,15.528468859575884,9.092103534358165,34.1354475164307,,,False,,276.0,,2026-08-17,,full,"{""as_of"": ""2026-08-17"", ""listing_date"": null, ""reason_code"": ""valid_trading_sessions"", ""status"": ""full"", ""valid_trading_sessions"": 276}","[""l1.csv""]",[],64.273,ranked,full,100.0,True,True,False
ANF,Abercrombie & Fitch Company Common Stock,nasdaqtrader:N:ANF,common_equity,eligible,N,,105.16,,113437368.58730158,10.415791684166308,49.015162250248004,12.230522945570964,8.05589806822853,19.014247208317293,53.276755715690285,,,False,,276.0,,2026-08-17,,full,"{""as_of"": ""2026-08-17"", ""listing_date"": null, ""reason_code"": ""valid_trading_sessions"", ""status"": ""full"", ""valid_trading_sessions"": 276}","[""l1.csv""]",[],64.2536,ranked,full,100.0,True,True,False
CX,"Cemex, S.A.B. de C.V. Sponsored ADR",nasdaqtrader:N:CX,adr,eligible,N,,11.11,,67809972.85650794,-14.340786430223606,-11.544585987261158,-11.614956245027852,30.70588235294116,18.00738007380075,25.895496859744732,,,False,,276.0,,2026-08-17,,full,"{""as_of"": ""2026-08-17"", ""listing_date"": null, ""reason_code"": ""valid_trading_sessions"", ""status"": ""full"", ""valid_trading_sessions"": 276}","[""l1.csv""]",[],64.2518,ranked,full,100.0,True,True,False
ICLN,iShares Global Clean Energy ETF,US:ICLN,etf,eligible,Q,,18.11,,118028410.51595238,-1.4153511159499255,-16.888480954566308,-1.6829533116178186,32.576866764275245,23.747368421052638,32.91805763256284,,,False,,276.0,,2026-08-17,,full,"{""as_of"": ""2026-08-17"", ""listing_date"": null, ""reason_code"": ""valid_trading_sessions"", ""status"": ""full"", ""valid_trading_sessions"": 276}","[""l1.csv""]",[],64.2496,ranked,full,100.0,True,True,False
AON,Aon plc Class A Ordinary Shares (Ireland),nasdaqtrader:N:AON,common_equity,eligible,N,,347.22,,506267996.8187302,-5.443751531821017,9.457159069415555,7.932856698787694,-5.22178244847823,8.928290405497552,26.36765988811823,,,False,,276.0,,2026-08-17,,full,"{""as_of"": ""2026-08-17"", ""listing_date"": null, ""reason_code"": ""valid_trading_sessions"", ""status"": ""full"", ""valid_trading_sessions"": 276}","[""l1.csv""]",[],64.2321,ranked,full,100.0,True,True,False
KRC,Kilroy Realty Corporation Common Stock,nasdaqtrader:N:KRC,common_equity,eligible,N,,36.03,,53992666.15238095,-10.484472049689442,4.8603026775320135,13.480314960629936,-6.000521784502988,18.92439243924392,25.134744943909393,,,False,,276.0,,2026-08-17,,full,"{""as_of"": ""2026-08-17"", ""listing_date"": null, ""reason_code"": ""valid_trading_sessions"", ""status"": ""full"", ""valid_trading_sessions"": 276}","[""l1.csv""]",[],64.2311,ranked,full,100.0,True,True,False
ABVX,Abivax SA - American Depositary Shares,nasdaqtrader:Q:ABVX,adr,eligible,Q,,120.73,,229845031.48174605,-11.65020124405416,5.41342879594866,-3.408272661812939,73.56239217941345,16.9155598375886,36.51838556803758,,,False,,276.0,,2026-08-17,,full,"{""as_of"": ""2026-08-17"", ""listing_date"": null, ""reason_code"": ""valid_trading_sessions"", ""status"": ""full"", ""valid_trading_sessions"": 276}","[""l1.csv""]",[],64.2289,ranked,full,100.0,True,True,False
MNST,Monster Beverage Corporation - Common Stock,nasdaqtrader:Q:MNST,common_equity,eligible,Q,,45.52,,532995065.36380947,-6.625641025641016,4.523536165327213,11.732940598919983,41.80685358255452,8.905343205923543,26.635831586566873,,,False,,276.0,,2026-08-17,,full,"{""as_of"": ""2026-08-17"", ""listing_date"": null, ""reason_code"": ""valid_trading_sessions"", ""status"": ""full"", ""valid_trading_sessions"": 276}","[""l1.csv""]",[],64.2263,ranked,full,100.0,True,True,False
NVS,Novartis AG Common Stock,nasdaqtrader:N:NVS,common_equity,eligible,N,,151.97,,281887184.8907936,-1.1641519250780386,2.6269584008643987,-6.824034334763951,24.47374887378164,9.874273514411103,20.47744172473056,,,False,,276.0,,2026-08-17,,full,"{""as_of"": ""2026-08-17"", ""listing_date"": null, ""reason_code"": ""valid_trading_sessions"", ""status"": ""full"", ""valid_trading_sessions"": 276}","[""l1.csv""]",[],64.2186,ranked,full,100.0,True,True,False
STRL,"Sterling Infrastructure, Inc. - Common Stock",nasdaqtrader:Q:STRL,common_equity,eligible,Q,,603.89,,585134911.2519841,-5.4294036582310135,-28.857028415249054,37.946867076318625,114.03912951017227,39.230583452412105,97.96967053666138,,,False,,276.0,,2026-08-17,,full,"{""as_of"": ""2026-08-17"", ""listing_date"": null, ""reason_code"": ""valid_trading_sessions"", ""status"": ""full"", ""valid_trading_sessions"": 276}","[""l1.csv""]",[],64.218,ranked,full,100.0,True,True,False
WULF,TeraWulf Inc. - Common Stock,nasdaqtrader:Q:WULF,common_equity,eligible,Q,,17.6,,698713215.6815873,-3.083700440528625,-21.14695340501792,8.241082410824108,102.0665901262916,39.26846100759144,100.38873265210565,,,False,,276.0,,2026-08-17,,full,"{""as_of"": ""2026-08-17"", ""listing_date"": null, ""reason_code"": ""valid_trading_sessions"", ""status"": ""full"", ""valid_trading_sessions"": 276}","[""l1.csv""]",[],64.2154,ranked,full,100.0,True,True,False
VERA,"Vera Therapeutics, Inc. - Class A Common Stock",nasdaqtrader:Q:VERA,common_equity,eligible,Q,,31.63,,71704380.50563493,-17.84415584415585,-15.2465166130761,-25.082899099952627,48.707099200752225,43.18304293156099,60.58048347171642,,,False,,276.0,,2026-08-17,,full,"{""as_of"": ""2026-08-17"", ""listing_date"": null, ""reason_code"": ""valid_trading_sessions"", ""status"": ""full"", ""valid_trading_sessions"": 276}","[""l1.csv""]",[],64.2045,ranked,full,100.0,True,True,False
GSK,GSK plc American Depositary Shares (Each representing two Ordinary Shares),nasdaqtrader:N:GSK,adr,eligible,N,,50.28,,203448136.3720635,-2.859350850077269,1.2281054962754112,-14.678432038011202,28.167218965077765,17.816279830009808,24.709860063837915,,,False,,276.0,,2026-08-17,,full,"{""as_of"": ""2026-08-17"", ""listing_date"": null, ""reason_code"": ""valid_trading_sessions"", ""status"": ""full"", ""valid_trading_sessions"": 276}","[""l1.csv""]",[],64.2041,ranked,full,100.0,True,True,False
NEM,Newmont Corporation,qrgf-resolution-required:N:NEM,common_equity,eligible,N,,120.33,,817412746.6688889,34.14715719063543,10.33376123234917,-4.3481717011128795,75.71553738317756,8.806366047745351,45.25044891709193,,,False,,276.0,,2026-08-17,,full,"{""as_of"": ""2026-08-17"", ""listing_date"": null, ""reason_code"": ""valid_trading_sessions"", ""status"": ""full"", ""valid_trading_sessions"": 276}","[""l1.csv""]",[],64.2016,ranked,full,100.0,True,True,False
KHC,The Kraft Heinz Company - Common Stock,nasdaqtrader:Q:KHC,common_equity,eligible,Q,,24.75,,348722706.6553968,-4.36630602782071,7.984293193717273,-0.20161290322581182,-10.488245931283902,11.796151104775475,33.8225715280574,,,False,,276.0,,2026-08-17,,full,"{""as_of"": ""2026-08-17"", ""listing_date"": null, ""reason_code"": ""valid_trading_sessions"", ""status"": ""full"", ""valid_trading_sessions"": 276}","[""l1.csv""]",[],64.199,ranked,full,100.0,True,True,False
FLEX,Flex Ltd. - Ordinary Shares,nasdaqtrader:Q:FLEX,common_equity,eligible,Q,,130.0,,896964059.4015874,9.014675052410892,-5.701436239663438,102.36612702366128,162.94498381877025,19.787746035663602,66.41030292877316,,,False,,276.0,,2026-08-17,,full,"{""as_of"": ""2026-08-17"", ""listing_date"": null, ""reason_code"": ""valid_trading_sessions"", ""status"": ""full"", ""valid_trading_sessions"": 276}","[""l1.csv""]",[],64.1969,ranked,full,100.0,True,True,False
B,Barrick Mining Corporation Common Shares,nasdaqtrader:N:B,common_equity,eligible,N,,42.52,,429741763.64746034,21.729172630976244,4.703275055405087,-11.25026090586515,80.0169348010161,19.74329935824839,46.495469571079376,,,False,,276.0,,2026-08-17,,full,"{""as_of"": ""2026-08-17"", ""listing_date"": null, ""reason_code"": ""valid_trading_sessions"", ""status"": ""full"", ""valid_trading_sessions"": 276}","[""l1.csv""]",[],64.1858,ranked,full,100.0,True,True,False
ICHR,Ichor Holdings - Ordinary Shares,nasdaqtrader:Q:ICHR,common_equity,eligible,Q,,71.87,,94644248.20142856,-13.27380234101605,-1.9107410945816694,53.66688047893948,282.898241875333,35.990381189882434,124.10204621038388,,,False,,276.0,,2026-08-17,,full,"{""as_of"": ""2026-08-17"", ""listing_date"": null, ""reason_code"": ""valid_trading_sessions"", ""status"": ""full"", ""valid_trading_sessions"": 276}","[""l1.csv""]",[],64.184,ranked,full,100.0,True,True,False
VECO,Veeco Instruments Inc. - Common Stock,nasdaqtrader:Q:VECO,common_equity,eligible,Q,,54.4,,82306856.21063493,4.074995217141764,-7.230559345156895,61.85659030050581,124.3298969072165,34.48940269749519,73.8278532096083,,,False,,276.0,,2026-08-17,,full,"{""as_of"": ""2026-08-17"", ""listing_date"": null, ""reason_code"": ""valid_trading_sessions"", ""status"": ""full"", ""valid_trading_sessions"": 276}","[""l1.csv""]",[],64.1819,ranked,full,100.0,True,True,False
SYF,Synchrony Financial Common Stock,nasdaqtrader:N:SYF,common_equity,eligible,N,,80.75,,272162760.6977778,9.68486824232544,13.126926309890742,13.126926309890742,10.874639571605105,8.726121849214419,40.62796812523414,,,False,,276.0,,2026-08-17,,full,"{""as_of"": ""2026-08-17"", ""listing_date"": null, ""reason_code"": ""valid_trading_sessions"", ""status"": ""full"", ""valid_trading_sessions"": 276}","[""l1.csv""]",[],64.1815,ranked,full,100.0,True,True,False
STLD,"Steel Dynamics, Inc. - Common Stock",nasdaqtrader:Q:STLD,common_equity,eligible,Q,,258.16,,300161853.5771429,9.617426011634333,12.566495160024438,34.68280467445744,102.51019767806717,8.699957561182615,28.651564295326576,,,False,,276.0,,2026-08-17,,full,"{""as_of"": ""2026-08-17"", ""listing_date"": null, ""reason_code"": ""valid_trading_sessions"", ""status"": ""full"", ""valid_trading_sessions"": 276}","[""l1.csv""]",[],64.175,ranked,full,100.0,True,True,False
FPS,"Forgent Power Solutions, Inc. Class A Common Stock",nasdaqtrader:N:FPS,common_equity,eligible,N,,38.83,,380471703.54904765,-2.412666499120386,-13.749444691248346,15.599880916939558,,39.88233472673789,87.25065325358217,,,False,,133.0,,2026-08-17,,limited_but_usable,"{""as_of"": ""2026-08-17"", ""listing_date"": null, ""reason_code"": ""valid_trading_sessions"", ""status"": ""limited_but_usable"", ""valid_trading_sessions"": 133}","[""l1.csv""]",[],64.1745,ranked,limited_but_usable,100.0,True,True,True
CPRT,"Copart, Inc. - Common Stock",nasdaqtrader:Q:CPRT,common_equity,eligible,Q,,31.7,,374202839.94206345,14.81347337921044,-1.8575851393188736,-15.444118431581765,-32.35168587281263,36.561937162297376,39.23955350870749,,,False,,276.0,,2026-08-17,,full,"{""as_of"": ""2026-08-17"", ""listing_date"": null, ""reason_code"": ""valid_trading_sessions"", ""status"": ""full"", ""valid_trading_sessions"": 276}","[""l1.csv""]",[],64.1459,ranked,full,100.0,True,True,False
WPM,Wheaton Precious Metals Corp Common Shares (Canada),nasdaqtrader:N:WPM,common_equity,eligible,N,,136.61,,231052681.4363492,31.128815511614526,4.754236638294618,-6.367374914324875,44.898175647008934,17.56577359401399,45.38060912882127,,,False,,276.0,,2026-08-17,,full,"{""as_of"": ""2026-08-17"", ""listing_date"": null, ""reason_code"": ""valid_trading_sessions"", ""status"": ""full"", ""valid_trading_sessions"": 276}","[""l1.csv""]",[],64.1414,ranked,full,100.0,True,True,False
ELV,"Elevance Health, Inc. Common Stock",nasdaqtrader:N:ELV,common_equity,eligible,N,,390.24,,605570361.1679366,4.591139342285122,-0.6213710909646508,12.525951557093418,32.092204583149986,8.56393073877083,39.50610668956035,,,False,,276.0,,2026-08-17,,full,"{""as_of"": ""2026-08-17"", ""listing_date"": null, ""reason_code"": ""valid_trading_sessions"", ""status"": ""full"", ""valid_trading_sessions"": 276}","[""l1.csv""]",[],64.141,ranked,full,100.0,True,True,False
ALC,Alcon Inc. Ordinary Shares,nasdaqtrader:N:ALC,common_equity,eligible,N,,72.49,,147710971.3842857,3.1739254198690503,13.90634820867378,-8.472222222222236,-16.476552598225613,19.562805148690643,29.679312973065215,,,False,,276.0,,2026-08-17,,full,"{""as_of"": ""2026-08-17"", ""listing_date"": null, ""reason_code"": ""valid_trading_sessions"", ""status"": ""full"", ""valid_trading_sessions"": 276}","[""l1.csv""]",[],64.1407,ranked,full,100.0,True,True,False
WCN,"Waste Connections, Inc. Common Shares",nasdaqtrader:N:WCN,common_equity,eligible,N,,165.01,,250730997.53396824,-4.013728113547788,5.363642168443894,2.9639336078871814,-10.675039246467822,11.513299013299017,21.005495271588057,,,False,,276.0,,2026-08-17,,full,"{""as_of"": ""2026-08-17"", ""listing_date"": null, ""reason_code"": ""valid_trading_sessions"", ""status"": ""full"", ""valid_trading_sessions"": 276}","[""l1.csv""]",[],64.1283,ranked,full,100.0,True,True,False
LUMN,"Lumen Technologies, Inc. Common Stock",nasdaqtrader:N:LUMN,common_equity,eligible,N,,6.58,,106114114.23333333,4.777070063694255,-34.527363184079604,-21.573301549463654,51.61290322580645,44.37869822485207,56.59605157602965,,,False,,276.0,,2026-08-17,,full,"{""as_of"": ""2026-08-17"", ""listing_date"": null, ""reason_code"": ""valid_trading_sessions"", ""status"": ""full"", ""valid_trading_sessions"": 276}","[""l1.csv""]",[],64.1248,ranked,full,100.0,True,True,False
FERG,Ferguson Enterprises Inc. Common Stock,nasdaqtrader:N:FERG,common_equity,eligible,N,,244.98,,567018374.1780952,5.585725368502703,9.454025556250567,-6.267217630854005,7.437944039996491,8.49053079825184,34.6398386971849,,,False,,276.0,,2026-08-17,,full,"{""as_of"": ""2026-08-17"", ""listing_date"": null, ""reason_code"": ""valid_trading_sessions"", ""status"": ""full"", ""valid_trading_sessions"": 276}","[""l1.csv""]",[],64.1226,ranked,full,100.0,True,True,False
ABG,Asbury Automotive Group Inc Common Stock,nasdaqtrader:N:ABG,common_equity,eligible,N,,208.54,,52328226.81015873,-5.363949900163378,16.392253167382933,-9.109135285913528,-13.897605284888526,19.482625482625483,41.2091694441435,,,False,,276.0,,2026-08-17,,full,"{""as_of"": ""2026-08-17"", ""listing_date"": null, ""reason_code"": ""valid_trading_sessions"", ""status"": ""full"", ""valid_trading_sessions"": 276}","[""l1.csv""]",[],64.1207,ranked,full,100.0,True,True,False
AROC,"Archrock, Inc. Common Stock",nasdaqtrader:N:AROC,common_equity,eligible,N,,34.62,,70497379.37904762,-6.785137318255263,-7.50734704782261,6.001224739742805,44.67195988299204,17.473182359952332,36.9223260377248,,,False,,276.0,,2026-08-17,,full,"{""as_of"": ""2026-08-17"", ""listing_date"": null, ""reason_code"": ""valid_trading_sessions"", ""status"": ""full"", ""valid_trading_sessions"": 276}","[""l1.csv""]",[],64.1183,ranked,full,100.0,True,True,False
TREX,"Trex Company, Inc. Common Stock",nasdaqtrader:N:TREX,common_equity,eligible,N,,48.75,,93237707.28857143,8.021271881231984,30.20833333333335,13.901869158878522,-25.0,24.628942486085347,43.23462945890009,,,False,,276.0,,2026-08-17,,full,"{""as_of"": ""2026-08-17"", ""listing_date"": null, ""reason_code"": ""valid_trading_sessions"", ""status"": ""full"", ""valid_trading_sessions"": 276}","[""l1.csv""]",[],64.1172,ranked,full,100.0,True,True,False
LHX,"L3Harris Technologies, Inc. Common Stock",nasdaqtrader:N:LHX,common_equity,eligible,N,,278.38,,423055322.9461905,-1.2871883975745568,-8.243514947757014,-19.426917510853837,2.704298099981539,26.447896850560138,38.661920638997806,,,False,,276.0,,2026-08-17,,full,"{""as_of"": ""2026-08-17"", ""listing_date"": null, ""reason_code"": ""valid_trading_sessions"", ""status"": ""full"", ""valid_trading_sessions"": 276}","[""l1.csv""]",[],64.1097,ranked,full,100.0,True,True,False
RL,Ralph Lauren Corporation Common Stock,nasdaqtrader:N:RL,common_equity,eligible,N,,379.31,,272551677.6693651,-0.29964515705085404,16.06437991493528,2.743918955523039,30.620889149075392,8.434520217260111,35.72848405749036,,,False,,276.0,,2026-08-17,,full,"{""as_of"": ""2026-08-17"", ""listing_date"": null, ""reason_code"": ""valid_trading_sessions"", ""status"": ""full"", ""valid_trading_sessions"": 276}","[""l1.csv""]",[],64.1086,ranked,full,100.0,True,True,False
PCG,Pacific Gas & Electric Co. Common Stock,nasdaqtrader:N:PCG,common_equity,eligible,N,,17.5,,348038126.05349207,1.0392609699769073,8.493490390576564,-3.6343612334801767,14.30437622468974,8.424908424908416,24.72827270705251,,,False,,276.0,,2026-08-17,,full,"{""as_of"": ""2026-08-17"", ""listing_date"": null, ""reason_code"": ""valid_trading_sessions"", ""status"": ""full"", ""valid_trading_sessions"": 276}","[""l1.csv""]",[],64.1062,ranked,full,100.0,True,True,False
MOH,Molina Healthcare Inc Common Stock,nasdaqtrader:N:MOH,common_equity,eligible,N,,203.06,,238462619.14492062,-9.89927674490837,9.76809557273366,50.025858884373854,27.20666541376935,16.394927536231883,46.79872981365891,,,False,,276.0,,2026-08-17,,full,"{""as_of"": ""2026-08-17"", ""listing_date"": null, ""reason_code"": ""valid_trading_sessions"", ""status"": ""full"", ""valid_trading_sessions"": 276}","[""l1.csv""]",[],64.0987,ranked,full,100.0,True,True,False
SPGI,S&P Global Inc. Common Stock,nasdaqtrader:N:SPGI,common_equity,eligible,N,,410.53,,940926405.4726985,-8.941087747316123,1.830584149820158,0.24173462909604648,-27.23034653904104,26.300199271134407,27.810562686981832,,,False,,276.0,,2026-08-17,,full,"{""as_of"": ""2026-08-17"", ""listing_date"": null, ""reason_code"": ""valid_trading_sessions"", ""status"": ""full"", ""valid_trading_sessions"": 276}","[""l1.csv""]",[],64.09,ranked,full,100.0,True,True,False
NVR,"NVR, Inc. Common Stock",nasdaqtrader:N:NVR,common_equity,eligible,N,,6298.83,,204016623.4379365,-2.9462068030397304,13.214597689993202,-16.09871820316673,-23.171414457434537,26.26910921222053,30.980832262614722,,,False,,276.0,,2026-08-17,,full,"{""as_of"": ""2026-08-17"", ""listing_date"": null, ""reason_code"": ""valid_trading_sessions"", ""status"": ""full"", ""valid_trading_sessions"": 276}","[""l1.csv""]",[],64.0859,ranked,full,100.0,True,True,False
AXTI,AXT Inc - Common Stock,nasdaqtrader:Q:AXTI,common_equity,eligible,Q,,95.97,,810058301.8822223,109.26733536851287,-22.467280659234124,295.91584158415844,4343.055555555555,31.85400837889655,185.7499878658514,,,False,,276.0,,2026-08-17,,full,"{""as_of"": ""2026-08-17"", ""listing_date"": null, ""reason_code"": ""valid_trading_sessions"", ""status"": ""full"", ""valid_trading_sessions"": 276}","[""l1.csv""]",[],64.0805,ranked,full,100.0,True,True,False
VTR,"Ventas, Inc. Common Stock",nasdaqtrader:N:VTR,common_equity,eligible,N,,91.17,,336998759.64412695,-5.130072840790834,4.253859348198974,6.9568277803848,35.00666370501999,9.31065353625783,33.85216693295863,,,False,,276.0,,2026-08-17,,full,"{""as_of"": ""2026-08-17"", ""listing_date"": null, ""reason_code"": ""valid_trading_sessions"", ""status"": ""full"", ""valid_trading_sessions"": 276}","[""l1.csv""]",[],64.0777,ranked,full,100.0,True,True,False
FFIV,"F5, Inc. - Common Stock",nasdaqtrader:Q:FFIV,common_equity,eligible,Q,,395.54,,269677470.3433333,-3.313411310331338,9.0904076341773,44.394553353046405,24.188383045525907,8.282706487965486,35.74776389102436,,,False,,276.0,,2026-08-17,,full,"{""as_of"": ""2026-08-17"", ""listing_date"": null, ""reason_code"": ""valid_trading_sessions"", ""status"": ""full"", ""valid_trading_sessions"": 276}","[""l1.csv""]",[],64.0707,ranked,full,100.0,True,True,False
BTG,B2Gold Corp Common shares (Canada),nasdaqtrader:A:BTG,common_equity,eligible,A,,5.2,,96869867.62269841,41.68937329700273,6.1224489795918435,-3.703703703703709,35.770234986945184,16.26409017713365,70.49556280939366,,,False,,276.0,,2026-08-17,,full,"{""as_of"": ""2026-08-17"", ""listing_date"": null, ""reason_code"": ""valid_trading_sessions"", ""status"": ""full"", ""valid_trading_sessions"": 276}","[""l1.csv""]",[],64.066,ranked,full,100.0,True,True,False
TENB,"Tenable Holdings, Inc. - Common Stock",nasdaqtrader:Q:TENB,common_equity,eligible,Q,,35.29,,118723690.66571428,-11.509528585757279,64.21591437878085,56.49667405764966,21.271477663230232,17.256740914419698,69.57548610179785,,,False,,276.0,,2026-08-17,,full,"{""as_of"": ""2026-08-17"", ""listing_date"": null, ""reason_code"": ""valid_trading_sessions"", ""status"": ""full"", ""valid_trading_sessions"": 276}","[""l1.csv""]",[],64.0642,ranked,full,100.0,True,True,False
TRV,"The Travelers Companies, Inc. Common Stock",nasdaqtrader:N:TRV,common_equity,eligible,N,,364.51,,653735773.1903174,-1.2114477749471608,21.600613824392845,23.894497127901836,35.71242414088389,8.234731383112637,34.74855997687832,,,False,,276.0,,2026-08-17,,full,"{""as_of"": ""2026-08-17"", ""listing_date"": null, ""reason_code"": ""valid_trading_sessions"", ""status"": ""full"", ""valid_trading_sessions"": 276}","[""l1.csv""]",[],64.0587,ranked,full,100.0,True,True,False
ADSK,"Autodesk, Inc. - Common Stock",nasdaqtrader:Q:ADSK,common_equity,eligible,Q,,241.64,,578051019.4599999,10.666361346462105,2.12154509339868,4.506530576939705,-14.840528634361238,26.056488876648622,44.79541100859338,,,False,,276.0,,2026-08-17,,full,"{""as_of"": ""2026-08-17"", ""listing_date"": null, ""reason_code"": ""valid_trading_sessions"", ""status"": ""full"", ""valid_trading_sessions"": 276}","[""l1.csv""]",[],64.0575,ranked,full,100.0,True,True,False
VNT,Vontier Corporation Common Stock,nasdaqtrader:N:VNT,common_equity,eligible,N,,32.33,,53912999.660793655,6.523887973640852,15.340706386014968,-22.636994496290985,-24.93615045275134,26.0352322123084,29.815135068433673,,,False,,276.0,,2026-08-17,,full,"{""as_of"": ""2026-08-17"", ""listing_date"": null, ""reason_code"": ""valid_trading_sessions"", ""status"": ""full"", ""valid_trading_sessions"": 276}","[""l1.csv""]",[],64.0547,ranked,full,100.0,True,True,False
ABT,Abbott Laboratories Common Stock,nasdaqtrader:N:ABT,common_equity,eligible,N,,110.37,,1141686498.4292061,9.62455303933254,30.66177341067835,-2.0500532481363187,-14.627165841584155,19.213877909530087,36.688382720628034,,,False,,276.0,,2026-08-17,,full,"{""as_of"": ""2026-08-17"", ""listing_date"": null, ""reason_code"": ""valid_trading_sessions"", ""status"": ""full"", ""valid_trading_sessions"": 276}","[""l1.csv""]",[],64.0535,ranked,full,100.0,True,True,False
NRG,"NRG Energy, Inc. Common Stock",nasdaqtrader:N:NRG,common_equity,eligible,N,,122.37,,367040304.69,-5.220354736271404,-4.256317971989665,-28.99912967798085,-20.4252828716348,33.50540672716404,68.31602241077306,,,False,,276.0,,2026-08-17,,full,"{""as_of"": ""2026-08-17"", ""listing_date"": null, ""reason_code"": ""valid_trading_sessions"", ""status"": ""full"", ""valid_trading_sessions"": 276}","[""l1.csv""]",[],64.0507,ranked,full,100.0,True,True,False
RGLD,"Royal Gold, Inc. - Common Stock",nasdaqtrader:Q:RGLD,common_equity,eligible,Q,,236.62,,151512287.43507937,25.083258444785116,3.635248773651023,-17.29465221950367,39.50828370968693,22.238653915672558,36.7099732400902,,,False,,276.0,,2026-08-17,,full,"{""as_of"": ""2026-08-17"", ""listing_date"": null, ""reason_code"": ""valid_trading_sessions"", ""status"": ""full"", ""valid_trading_sessions"": 276}","[""l1.csv""]",[],64.0485,ranked,full,100.0,True,True,False
SAP,SAP  SE ADS,nasdaqtrader:N:SAP,adr,eligible,N,,207.84,,534168582.2406349,30.684104627766608,22.633939107859334,1.6183444971397787,-25.481338066042813,25.893175497397124,47.54466165592702,,,False,,276.0,,2026-08-17,,full,"{""as_of"": ""2026-08-17"", ""listing_date"": null, ""reason_code"": ""valid_trading_sessions"", ""status"": ""full"", ""valid_trading_sessions"": 276}","[""l1.csv""]",[],64.0358,ranked,full,100.0,True,True,False
AWK,"American Water Works Company, Inc. Common Stock",nasdaqtrader:N:AWK,common_equity,eligible,N,,134.35,,297365476.8322222,-0.5625046258604272,8.09397377101937,0.6367041198501733,-6.31755107733073,8.105335157318738,22.482097559379742,,,False,,276.0,,2026-08-17,,full,"{""as_of"": ""2026-08-17"", ""listing_date"": null, ""reason_code"": ""valid_trading_sessions"", ""status"": ""full"", ""valid_trading_sessions"": 276}","[""l1.csv""]",[],64.0263,ranked,full,100.0,True,True,False
UCTT,"Ultra Clean Holdings, Inc. - Common Stock",nasdaqtrader:Q:UCTT,common_equity,eligible,Q,,87.88,,136874352.67904764,-4.922644163150503,2.2573888759599647,58.65679725582233,273.322005097706,38.368749561680346,122.93346950417829,,,False,,276.0,,2026-08-17,,full,"{""as_of"": ""2026-08-17"", ""listing_date"": null, ""reason_code"": ""valid_trading_sessions"", ""status"": ""full"", ""valid_trading_sessions"": 276}","[""l1.csv""]",[],64.0254,ranked,full,100.0,True,True,False
SATL,Satellogic Inc. - Class A Common Stock,nasdaqtrader:Q:SATL,common_equity,eligible,Q,,5.81,,51049716.302777775,52.09424083769634,-40.95528455284553,85.03184713375794,56.18279569892471,45.903165735567974,96.17910171113257,,,False,,276.0,,2026-08-17,,full,"{""as_of"": ""2026-08-17"", ""listing_date"": null, ""reason_code"": ""valid_trading_sessions"", ""status"": ""full"", ""valid_trading_sessions"": 276}","[""l1.csv""]",[],64.0231,ranked,full,100.0,True,True,False
VICR,Vicor Corporation - Common Stock,nasdaqtrader:Q:VICR,common_equity,eligible,Q,,253.5,,234557616.62166664,6.682939146536482,-7.370190375269492,62.54167735316747,436.50793650793645,33.250829427563325,93.62791207373871,,,False,,276.0,,2026-08-17,,full,"{""as_of"": ""2026-08-17"", ""listing_date"": null, ""reason_code"": ""valid_trading_sessions"", ""status"": ""full"", ""valid_trading_sessions"": 276}","[""l1.csv""]",[],64.0168,ranked,full,100.0,True,True,False
CNX,CNX Resources Corporation Common Stock,nasdaqtrader:N:CNX,common_equity,eligible,N,,35.34,,60380611.624126986,6.189903846153855,-2.0781379883624274,-12.955665024630536,23.050139275766025,17.061722600328554,26.099578005747205,,,False,,276.0,,2026-08-17,,full,"{""as_of"": ""2026-08-17"", ""listing_date"": null, ""reason_code"": ""valid_trading_sessions"", ""status"": ""full"", ""valid_trading_sessions"": 276}","[""l1.csv""]",[],64.0154,ranked,full,100.0,True,True,False
SIMO,"Silicon Motion Technology Corporation - American Depositary Shares, each representing four ordinary shares",nasdaqtrader:Q:SIMO,adr,eligible,Q,,272.7,,295636651.0548412,3.168447933415308,4.888649563444747,100.10272967420018,261.2877583465818,19.05609973285841,114.11577937013664,,,False,,276.0,,2026-08-17,,full,"{""as_of"": ""2026-08-17"", ""listing_date"": null, ""reason_code"": ""valid_trading_sessions"", ""status"": ""full"", ""valid_trading_sessions"": 276}","[""l1.csv""]",[],64.014,ranked,full,100.0,True,True,False
HCA,"HCA Healthcare, Inc. Common Stock",nasdaqtrader:N:HCA,common_equity,eligible,N,,404.98,,641796838.5723809,9.10609407834475,-4.2600472813238754,-25.04395787447481,2.8781912866759907,25.709463797626253,42.1013014316445,,,False,,276.0,,2026-08-17,,full,"{""as_of"": ""2026-08-17"", ""listing_date"": null, ""reason_code"": ""valid_trading_sessions"", ""status"": ""full"", ""valid_trading_sessions"": 276}","[""l1.csv""]",[],64.0113,ranked,full,100.0,True,True,False
AG,First Majestic Silver Corp. Ordinary Shares (Canada),nasdaqtrader:N:AG,common_equity,eligible,N,,19.57,,196271912.1580952,23.782416192283364,-4.162585700293842,-14.764808362369342,120.8803611738149,38.86285535770071,61.337293110526005,,,False,,276.0,,2026-08-17,,full,"{""as_of"": ""2026-08-17"", ""listing_date"": null, ""reason_code"": ""valid_trading_sessions"", ""status"": ""full"", ""valid_trading_sessions"": 276}","[""l1.csv""]",[],63.9925,ranked,full,100.0,True,True,False
PEP,"PepsiCo, Inc. - Common Stock",nasdaqtrader:Q:PEP,common_equity,eligible,Q,,138.24,,1236221311.8707936,0.8168028004667427,-7.296137339055786,-16.69278052308063,-6.984255147355666,18.916065458384658,22.49086448543902,,,False,,276.0,,2026-08-17,,full,"{""as_of"": ""2026-08-17"", ""listing_date"": null, ""reason_code"": ""valid_trading_sessions"", ""status"": ""full"", ""valid_trading_sessions"": 276}","[""l1.csv""]",[],63.979,ranked,full,100.0,True,True,False
ADP,"Automatic Data Processing, Inc. - Common Stock",nasdaqtrader:Q:ADP,common_equity,eligible,Q,,266.06,,633384030.6561111,4.228938554051687,24.04886236478927,25.43491584555182,-11.807212940864497,13.904798886839453,32.463269745129885,,,False,,276.0,,2026-08-17,,full,"{""as_of"": ""2026-08-17"", ""listing_date"": null, ""reason_code"": ""valid_trading_sessions"", ""status"": ""full"", ""valid_trading_sessions"": 276}","[""l1.csv""]",[],63.9762,ranked,full,100.0,True,True,False
NE,Noble Corporation plc A Ordinary Shares,nasdaqtrader:N:NE,common_equity,eligible,N,,45.18,,66377852.84777778,8.867469879518076,-14.59357277882798,-1.3967699694456548,65.13157894736842,16.902703696891663,49.37729300171046,,,False,,276.0,,2026-08-17,,full,"{""as_of"": ""2026-08-17"", ""listing_date"": null, ""reason_code"": ""valid_trading_sessions"", ""status"": ""full"", ""valid_trading_sessions"": 276}","[""l1.csv""]",[],63.9757,ranked,full,100.0,True,True,False
UUUU,Energy Fuels Inc Ordinary Shares (Canada),nasdaqtrader:A:UUUU,common_equity,eligible,A,,14.79,,132189922.94746031,28.720626631853776,-19.663226507332976,-28.619691119691115,51.072522982635334,46.64502164502164,71.02812183481086,,,False,,276.0,,2026-08-17,,full,"{""as_of"": ""2026-08-17"", ""listing_date"": null, ""reason_code"": ""valid_trading_sessions"", ""status"": ""full"", ""valid_trading_sessions"": 276}","[""l1.csv""]",[],63.9737,ranked,full,100.0,True,True,False
ADT,ADT Inc. Common Stock,nasdaqtrader:N:ADT,common_equity,eligible,N,,7.18,,61006920.05285714,2.571428571428558,5.1244509516837455,-7.235142118863058,-17.18569780853518,18.870056497175135,30.34126127721628,,,False,,276.0,,2026-08-17,,full,"{""as_of"": ""2026-08-17"", ""listing_date"": null, ""reason_code"": ""valid_trading_sessions"", ""status"": ""full"", ""valid_trading_sessions"": 276}","[""l1.csv""]",[],63.9675,ranked,full,100.0,True,True,False
MEC,"Mayville Engineering Company, Inc. Common Stock",nasdaqtrader:N:MEC,common_equity,eligible,N,,24.5,,19507973.45984127,-20.76326002587322,-3.12376433372874,11.66818596171375,69.31582584657912,34.736281299946725,60.11390440035357,,,False,,276.0,,2026-08-17,,full,"{""as_of"": ""2026-08-17"", ""listing_date"": null, ""reason_code"": ""valid_trading_sessions"", ""status"": ""full"", ""valid_trading_sessions"": 276}","[""l1.csv""]",[],63.9648,ranked,full,100.0,True,True,False
HTHT,H World Group Limited - American Depositary Shares,nasdaqtrader:Q:HTHT,adr,eligible,Q,,46.61,,85128246.90523809,11.694224778336926,1.2160694896851343,-11.269750618694086,40.307043949428056,16.856938993935078,42.33997256945907,,,False,,276.0,,2026-08-17,,full,"{""as_of"": ""2026-08-17"", ""listing_date"": null, ""reason_code"": ""valid_trading_sessions"", ""status"": ""full"", ""valid_trading_sessions"": 276}","[""l1.csv""]",[],63.9642,ranked,full,100.0,True,True,False
MKC,"McCormick & Company, Incorporated Common Stock",nasdaqtrader:N:MKC,common_equity,eligible,N,,53.94,,197175480.31333333,4.332688588007727,16.37540453074433,-24.548887956357536,-23.151446074939454,25.352892333241083,27.461868820734143,,,False,,276.0,,2026-08-17,,full,"{""as_of"": ""2026-08-17"", ""listing_date"": null, ""reason_code"": ""valid_trading_sessions"", ""status"": ""full"", ""valid_trading_sessions"": 276}","[""l1.csv""]",[],63.9637,ranked,full,100.0,True,True,False
WMT,Walmart Inc. - Common Stock,nasdaqtrader:Q:WMT,common_equity,eligible,Q,,114.33,,2740808969.359524,0.07878151260505284,-13.02396348421453,-14.609007394129502,13.366385721368367,14.806259314456028,19.595109026868883,,,False,,276.0,,2026-08-17,,full,"{""as_of"": ""2026-08-17"", ""listing_date"": null, ""reason_code"": ""valid_trading_sessions"", ""status"": ""full"", ""valid_trading_sessions"": 276}","[""l1.csv""]",[],63.9516,ranked,full,100.0,True,True,False
ARCB,ArcBest Corporation - Common Stock,nasdaqtrader:Q:ARCB,common_equity,eligible,Q,,145.87,,59155506.02380952,-8.72285839434328,18.87376741911826,39.722222222222214,98.43558699496666,15.78916984181965,46.90150657276855,,,False,,276.0,,2026-08-17,,full,"{""as_of"": ""2026-08-17"", ""listing_date"": null, ""reason_code"": ""valid_trading_sessions"", ""status"": ""full"", ""valid_trading_sessions"": 276}","[""l1.csv""]",[],63.9473,ranked,full,100.0,True,True,False
BAND,Bandwidth Inc. - Class A Common Stock,nasdaqtrader:Q:BAND,common_equity,eligible,Q,,52.79,,75993674.05325398,-26.486561760200534,-2.186399851769505,307.3302469135802,270.71629213483146,32.70015298317185,137.80327522463554,,,False,,276.0,,2026-08-17,,full,"{""as_of"": ""2026-08-17"", ""listing_date"": null, ""reason_code"": ""valid_trading_sessions"", ""status"": ""full"", ""valid_trading_sessions"": 276}","[""l1.csv""]",[],63.9434,ranked,full,100.0,True,True,False
AMBA,"Ambarella, Inc. - Ordinary Shares",nasdaqtrader:Q:AMBA,common_equity,eligible,Q,,78.54,,140354116.4715873,27.005174644243212,-3.2281912272055124,18.622564567285927,14.523184601924765,17.767773008061983,83.48195628137339,,,False,,276.0,,2026-08-17,,full,"{""as_of"": ""2026-08-17"", ""listing_date"": null, ""reason_code"": ""valid_trading_sessions"", ""status"": ""full"", ""valid_trading_sessions"": 276}","[""l1.csv""]",[],63.9419,ranked,full,100.0,True,True,False
ACHC,"Acadia Healthcare Company, Inc. - Common Stock",nasdaqtrader:Q:ACHC,common_equity,eligible,Q,,30.0,,81398380.22142857,-13.043478260869568,16.234017822549408,78.89087656529516,45.208131655372696,15.75400168491996,71.04015689767353,,,False,,276.0,,2026-08-17,,full,"{""as_of"": ""2026-08-17"", ""listing_date"": null, ""reason_code"": ""valid_trading_sessions"", ""status"": ""full"", ""valid_trading_sessions"": 276}","[""l1.csv""]",[],63.9385,ranked,full,100.0,True,True,False
EXLS,"ExlService Holdings, Inc. - Common Stock",nasdaqtrader:Q:EXLS,common_equity,eligible,Q,,34.56,,77458199.97857143,22.72727272727273,25.764192139737997,15.046604527296958,-19.327731092436974,23.2,62.263389874785915,,,False,,276.0,,2026-08-17,,full,"{""as_of"": ""2026-08-17"", ""listing_date"": null, ""reason_code"": ""valid_trading_sessions"", ""status"": ""full"", ""valid_trading_sessions"": 276}","[""l1.csv""]",[],63.9267,ranked,full,100.0,True,True,False
RITM,Rithm Capital Corp. Common Stock,nasdaqtrader:N:RITM,common_equity,eligible,N,,10.26,,51995857.45666666,10.085836909871237,12.376779846659346,-2.9328287606433356,-17.057396928051737,18.700475435816166,27.898144642071653,,,False,,276.0,,2026-08-17,,full,"{""as_of"": ""2026-08-17"", ""listing_date"": null, ""reason_code"": ""valid_trading_sessions"", ""status"": ""full"", ""valid_trading_sessions"": 276}","[""l1.csv""]",[],63.9251,ranked,full,100.0,True,True,False
DVN,Devon Energy Corporation Common Stock,nasdaqtrader:N:DVN,common_equity,eligible,N,,47.57,,570719967.1365079,8.532968286561715,-3.87957163063245,6.515897895208256,40.53175775480058,8.642212406376037,39.35760324459923,,,False,,276.0,,2026-08-17,,full,"{""as_of"": ""2026-08-17"", ""listing_date"": null, ""reason_code"": ""valid_trading_sessions"", ""status"": ""full"", ""valid_trading_sessions"": 276}","[""l1.csv""]",[],63.9106,ranked,full,100.0,True,True,False
WMS,"Advanced Drainage Systems, Inc. Common Stock",nasdaqtrader:N:WMS,common_equity,eligible,N,,147.98,,125501969.31333333,0.2914266350389605,9.09761132409319,-13.451865715288335,6.238782396439091,15.623218154863727,38.93430512163019,,,False,,276.0,,2026-08-17,,full,"{""as_of"": ""2026-08-17"", ""listing_date"": null, ""reason_code"": ""valid_trading_sessions"", ""status"": ""full"", ""valid_trading_sessions"": 276}","[""l1.csv""]",[],63.9058,ranked,full,100.0,True,True,False
EME,"EMCOR Group, Inc. Common Stock",nasdaqtrader:N:EME,common_equity,eligible,N,,862.54,,350666550.9292064,15.907869275424646,-5.5382155490576235,7.707100222272167,41.45797457974578,8.605033112582783,60.92690675013527,,,False,,276.0,,2026-08-17,,full,"{""as_of"": ""2026-08-17"", ""listing_date"": null, ""reason_code"": ""valid_trading_sessions"", ""status"": ""full"", ""valid_trading_sessions"": 276}","[""l1.csv""]",[],63.9013,ranked,full,100.0,True,True,False
GFL,"GFL Environmental Inc. Subordinate voting shares, no par value",qrgf-resolution-required:N:GFL,common_equity,eligible,N,,41.54,,106356610.1395238,5.005055611729015,11.997843084389315,-4.086815977834224,-17.25099601593626,18.59690378208897,23.943405159908025,,,False,,276.0,,2026-08-17,,full,"{""as_of"": ""2026-08-17"", ""listing_date"": null, ""reason_code"": ""valid_trading_sessions"", ""status"": ""full"", ""valid_trading_sessions"": 276}","[""l1.csv""]",[],63.8992,ranked,full,100.0,True,True,False
TGTX,"TG Therapeutics, Inc. - Common Stock",nasdaqtrader:Q:TGTX,common_equity,eligible,Q,,49.28,,118391796.60595238,-10.187716420630577,24.75949367088608,72.9122807017544,77.45768815268276,16.55943108703014,52.62567315573284,,,False,,276.0,,2026-08-17,,full,"{""as_of"": ""2026-08-17"", ""listing_date"": null, ""reason_code"": ""valid_trading_sessions"", ""status"": ""full"", ""valid_trading_sessions"": 276}","[""l1.csv""]",[],63.8899,ranked,full,100.0,True,True,False
TS,Tenaris S.A. American Depositary Shares,nasdaqtrader:N:TS,adr,eligible,N,,53.44,,78337775.78285713,-6.508047585724286,-13.485510765743902,9.98147767030253,48.23855755894591,16.52608559825055,30.05873748332683,,,False,,276.0,,2026-08-17,,full,"{""as_of"": ""2026-08-17"", ""listing_date"": null, ""reason_code"": ""valid_trading_sessions"", ""status"": ""full"", ""valid_trading_sessions"": 276}","[""l1.csv""]",[],63.8815,ranked,full,100.0,True,True,False
BXP,"BXP, Inc. Common Stock",nasdaqtrader:N:BXP,common_equity,eligible,N,,66.69,,94691753.51301587,-4.523979957050816,13.99999999999999,8.456659619450303,2.269590553596079,15.507411630558732,27.60714086983474,,,False,,276.0,,2026-08-17,,full,"{""as_of"": ""2026-08-17"", ""listing_date"": null, ""reason_code"": ""valid_trading_sessions"", ""status"": ""full"", ""valid_trading_sessions"": 276}","[""l1.csv""]",[],63.8769,ranked,full,100.0,True,True,False
EVC,Entravision Communications Corporation Common Stock,nasdaqtrader:N:EVC,common_equity,eligible,N,,8.89,,22182777.963333335,-16.838166510757713,13.53767560664112,205.49828178694162,252.7777777777778,34.05044510385756,84.36807133632402,,,False,,276.0,,2026-08-17,,full,"{""as_of"": ""2026-08-17"", ""listing_date"": null, ""reason_code"": ""valid_trading_sessions"", ""status"": ""full"", ""valid_trading_sessions"": 276}","[""l1.csv""]",[],63.8734,ranked,full,100.0,True,True,False
SAIA,"Saia, Inc. - Common Stock",nasdaqtrader:Q:SAIA,common_equity,eligible,Q,,385.22,,188845918.95031747,-11.818702071649302,-16.325644033189967,0.08053830765633041,26.189930225701865,20.922116845260085,50.81512446843314,,,False,,276.0,,2026-08-17,,full,"{""as_of"": ""2026-08-17"", ""listing_date"": null, ""reason_code"": ""valid_trading_sessions"", ""status"": ""full"", ""valid_trading_sessions"": 276}","[""l1.csv""]",[],63.8729,ranked,full,100.0,True,True,False
WFRD,Weatherford International plc - Ordinary shares,nasdaqtrader:Q:WFRD,common_equity,eligible,Q,,93.08,,114805184.40325396,15.340768277571248,-14.47211246898833,-8.223230132123849,64.80169971671388,16.460240531322924,44.508240972864165,,,False,,276.0,,2026-08-17,,full,"{""as_of"": ""2026-08-17"", ""listing_date"": null, ""reason_code"": ""valid_trading_sessions"", ""status"": ""full"", ""valid_trading_sessions"": 276}","[""l1.csv""]",[],63.8651,ranked,full,100.0,True,True,False
PENN,"PENN Entertainment, Inc. - Common Stock",nasdaqtrader:Q:PENN,common_equity,eligible,Q,,18.65,,68803743.48380952,-9.333981526494906,15.123456790123457,58.58843537414966,3.7263626251390347,15.457842248413423,38.4749474674412,,,False,,276.0,,2026-08-17,,full,"{""as_of"": ""2026-08-17"", ""listing_date"": null, ""reason_code"": ""valid_trading_sessions"", ""status"": ""full"", ""valid_trading_sessions"": 276}","[""l1.csv""]",[],63.8645,ranked,full,100.0,True,True,False
QURE,uniQure N.V. - Ordinary Shares,nasdaqtrader:Q:QURE,common_equity,eligible,Q,,47.97,,77527913.72444445,19.18012422360249,77.33826247689464,134.0,203.99239543726236,32.044198895027634,49.04995337454793,,,False,,276.0,,2026-08-17,,full,"{""as_of"": ""2026-08-17"", ""listing_date"": null, ""reason_code"": ""valid_trading_sessions"", ""status"": ""full"", ""valid_trading_sessions"": 276}","[""l1.csv""]",[],63.8559,ranked,full,100.0,True,True,False
OCUL,"Ocular Therapeutix, Inc. - Common Stock",nasdaqtrader:Q:OCUL,common_equity,eligible,Q,,10.65,,25067545.688412696,18.729096989966543,16.26637554585153,19.932432432432435,-15.810276679841895,33.89199255121043,54.79961014195962,,,False,,276.0,,2026-08-17,,full,"{""as_of"": ""2026-08-17"", ""listing_date"": null, ""reason_code"": ""valid_trading_sessions"", ""status"": ""full"", ""valid_trading_sessions"": 276}","[""l1.csv""]",[],63.8523,ranked,full,100.0,True,True,False
PG,Procter & Gamble Company (The) Common Stock,nasdaqtrader:N:PG,common_equity,eligible,N,,143.12,,1305538524.171111,-4.573943192425645,1.0948647312283732,-10.589117261198222,-6.907766358787571,14.401913875598083,19.508590444914905,,,False,,276.0,,2026-08-17,,full,"{""as_of"": ""2026-08-17"", ""listing_date"": null, ""reason_code"": ""valid_trading_sessions"", ""status"": ""full"", ""valid_trading_sessions"": 276}","[""l1.csv""]",[],63.8505,ranked,full,100.0,True,True,False
CNR,"Core Natural Resources, Inc. Common Stock",nasdaqtrader:N:CNR,common_equity,eligible,N,,95.87,,54147181.28571428,15.478198024572398,15.82699045547904,4.764506611299302,28.2198742811288,15.331625894197654,40.875962664325186,,,False,,276.0,,2026-08-17,,full,"{""as_of"": ""2026-08-17"", ""listing_date"": null, ""reason_code"": ""valid_trading_sessions"", ""status"": ""full"", ""valid_trading_sessions"": 276}","[""l1.csv""]",[],63.8329,ranked,full,100.0,True,True,False
TIC,"TIC Solutions, Inc. Common Stock",nasdaqtrader:N:TIC,common_equity,eligible,N,,9.61,,18093133.654285714,40.29197080291971,7.254464285714279,2.6709401709401615,1.264488935721797,33.67839889579021,68.64273624180224,,,False,,276.0,,2026-08-17,,full,"{""as_of"": ""2026-08-17"", ""listing_date"": null, ""reason_code"": ""valid_trading_sessions"", ""status"": ""full"", ""valid_trading_sessions"": 276}","[""l1.csv""]",[],63.8238,ranked,full,100.0,True,True,False
SANA,"Sana Biotechnology, Inc. - Common Stock",nasdaqtrader:Q:SANA,common_equity,eligible,Q,,3.68,,10682587.741587302,16.825396825396833,19.86970684039089,-4.4155844155844175,7.288629737609331,37.83783783783784,57.92040306238029,,,False,,276.0,,2026-08-17,,full,"{""as_of"": ""2026-08-17"", ""listing_date"": null, ""reason_code"": ""valid_trading_sessions"", ""status"": ""full"", ""valid_trading_sessions"": 276}","[""l1.csv""]",[],63.8108,ranked,full,100.0,True,True,False
CSTM,Constellium SE Ordinary Shares (France),nasdaqtrader:N:CSTM,common_equity,eligible,N,,29.92,,60112462.46111111,6.401137980085347,-6.236289564399867,28.467153284671554,112.5,17.233748271092665,36.375058880706156,,,False,,276.0,,2026-08-17,,full,"{""as_of"": ""2026-08-17"", ""listing_date"": null, ""reason_code"": ""valid_trading_sessions"", ""status"": ""full"", ""valid_trading_sessions"": 276}","[""l1.csv""]",[],63.8084,ranked,full,100.0,True,True,False
COCO,"The Vita Coco Company, Inc. - Common Stock",nasdaqtrader:Q:COCO,common_equity,eligible,Q,,65.5,,79689331.54325397,-10.494670675047836,-16.49668536460989,15.765288087663487,97.4080771549126,22.042370864079974,44.368465057406446,,,False,,276.0,,2026-08-17,,full,"{""as_of"": ""2026-08-17"", ""listing_date"": null, ""reason_code"": ""valid_trading_sessions"", ""status"": ""full"", ""valid_trading_sessions"": 276}","[""l1.csv""]",[],63.7723,ranked,full,100.0,True,True,False
MORN,"Morningstar, Inc. - Common Stock",nasdaqtrader:Q:MORN,common_equity,eligible,Q,,206.74,,78846348.21253969,19.86317254174399,21.583156904257827,29.188277198025368,-20.202254129998444,22.034920994079265,41.05600545133761,,,False,,276.0,,2026-08-17,,full,"{""as_of"": ""2026-08-17"", ""listing_date"": null, ""reason_code"": ""valid_trading_sessions"", ""status"": ""full"", ""valid_trading_sessions"": 276}","[""l1.csv""]",[],63.7713,ranked,full,100.0,True,True,False
FNV,Franco-Nevada Corporation,qrgf-resolution-required:N:FNV,common_equity,eligible,N,,238.56,,181836796.48031747,18.82253324699905,5.84790132221138,-5.400904116107541,34.49850594801826,15.04878569902428,32.966561030871674,,,False,,276.0,,2026-08-17,,full,"{""as_of"": ""2026-08-17"", ""listing_date"": null, ""reason_code"": ""valid_trading_sessions"", ""status"": ""full"", ""valid_trading_sessions"": 276}","[""l1.csv""]",[],63.7622,ranked,full,100.0,True,True,False
LEA,Lear Corporation Common Stock,nasdaqtrader:N:LEA,common_equity,eligible,N,,124.89,,91275927.80777778,-11.875529212531754,-5.8996383363471905,-9.414665989700444,20.876887340301977,16.000807102502023,45.45578682249898,,,False,,276.0,,2026-08-17,,full,"{""as_of"": ""2026-08-17"", ""listing_date"": null, ""reason_code"": ""valid_trading_sessions"", ""status"": ""full"", ""valid_trading_sessions"": 276}","[""l1.csv""]",[],63.7502,ranked,full,100.0,True,True,False
HLN,Haleon plc American Depositary Shares (Each representing two Ordinary Shares),nasdaqtrader:N:HLN,adr,eligible,N,,9.58,,89599167.75698411,-5.148514851485142,6.919642857142838,-14.464285714285708,-1.2371134020618513,14.995563442768411,22.075225095004992,,,False,,276.0,,2026-08-17,,full,"{""as_of"": ""2026-08-17"", ""listing_date"": null, ""reason_code"": ""valid_trading_sessions"", ""status"": ""full"", ""valid_trading_sessions"": 276}","[""l1.csv""]",[],63.7489,ranked,full,100.0,True,True,False
INFY,Infosys Limited American Depositary Shares,nasdaqtrader:N:INFY,adr,eligible,N,,11.62,,269289092.2025397,1.1314186248912117,-3.728251864125942,-21.059782608695667,-28.97310513447433,42.532146389713155,46.708377683749106,,,False,,276.0,,2026-08-17,,full,"{""as_of"": ""2026-08-17"", ""listing_date"": null, ""reason_code"": ""valid_trading_sessions"", ""status"": ""full"", ""valid_trading_sessions"": 276}","[""l1.csv""]",[],63.7479,ranked,full,100.0,True,True,False
AOS,A.O. Smith Corporation Common Stock,nasdaqtrader:N:AOS,common_equity,eligible,N,,61.4,,102985883.11206348,4.33305012744265,9.62328155686485,-23.688789460601534,-15.333701047986759,23.698272648191875,31.50418390104759,,,False,,276.0,,2026-08-17,,full,"{""as_of"": ""2026-08-17"", ""listing_date"": null, ""reason_code"": ""valid_trading_sessions"", ""status"": ""full"", ""valid_trading_sessions"": 276}","[""l1.csv""]",[],63.7431,ranked,full,100.0,True,True,False
AXON,"Axon Enterprise, Inc. - Common Stock",nasdaqtrader:Q:AXON,common_equity,eligible,Q,,604.32,,546125983.0190476,18.429097750254787,54.210472593651126,40.647473642562915,-19.405731965912278,23.660342083322806,79.68894953133811,,,False,,276.0,,2026-08-17,,full,"{""as_of"": ""2026-08-17"", ""listing_date"": null, ""reason_code"": ""valid_trading_sessions"", ""status"": ""full"", ""valid_trading_sessions"": 276}","[""l1.csv""]",[],63.738,ranked,full,100.0,True,True,False
WAL,Western Alliance Bancorporation Common Stock (DE),nasdaqtrader:N:WAL,common_equity,eligible,N,,81.72,,82720787.46285714,-0.7047387606318289,9.80919107766729,-12.317596566523614,-2.644746247319507,14.945878434637805,27.933468848117926,,,False,,276.0,,2026-08-17,,full,"{""as_of"": ""2026-08-17"", ""listing_date"": null, ""reason_code"": ""valid_trading_sessions"", ""status"": ""full"", ""valid_trading_sessions"": 276}","[""l1.csv""]",[],63.7365,ranked,full,100.0,True,True,False
CME,CME Group Inc. - Class A Common Stock,nasdaqtrader:Q:CME,common_equity,eligible,Q,,267.88,,822763660.2392063,9.316466027341352,-10.366057685872986,-11.61117893555944,-2.4827084091736396,17.94400539116584,24.10172383239601,,,False,,276.0,,2026-08-17,,full,"{""as_of"": ""2026-08-17"", ""listing_date"": null, ""reason_code"": ""valid_trading_sessions"", ""status"": ""full"", ""valid_trading_sessions"": 276}","[""l1.csv""]",[],63.736,ranked,full,100.0,True,True,False
ENPH,"Enphase Energy, Inc. - Common Stock",nasdaqtrader:Q:ENPH,common_equity,eligible,Q,,38.65,,331660622.0873016,-7.024296367572768,-26.923804121762153,-11.128995171303757,19.956548727498458,46.56435780450712,63.02830495289321,,,False,,276.0,,2026-08-17,,full,"{""as_of"": ""2026-08-17"", ""listing_date"": null, ""reason_code"": ""valid_trading_sessions"", ""status"": ""full"", ""valid_trading_sessions"": 276}","[""l1.csv""]",[],63.729,ranked,full,100.0,True,True,False
TDC,Teradata Corporation Common Stock,nasdaqtrader:N:TDC,common_equity,eligible,N,,27.53,,97914450.8552381,-9.796854521625153,-18.574386276249633,-17.967818831942793,30.042512990080294,27.323125659978885,92.4499530246845,,,False,,276.0,,2026-08-17,,full,"{""as_of"": ""2026-08-17"", ""listing_date"": null, ""reason_code"": ""valid_trading_sessions"", ""status"": ""full"", ""valid_trading_sessions"": 276}","[""l1.csv""]",[],63.7264,ranked,full,100.0,True,True,False
ENS,EnerSys Common Stock,nasdaqtrader:N:ENS,common_equity,eligible,N,,202.34,,117490258.24777777,2.94581531416942,-14.617267279939227,12.912946428571438,104.11580752547161,16.8488534560697,48.44230474439114,,,False,,276.0,,2026-08-17,,full,"{""as_of"": ""2026-08-17"", ""listing_date"": null, ""reason_code"": ""valid_trading_sessions"", ""status"": ""full"", ""valid_trading_sessions"": 276}","[""l1.csv""]",[],63.7122,ranked,full,100.0,True,True,False
CEVA,"CEVA, Inc. - Common Stock",nasdaqtrader:Q:CEVA,common_equity,eligible,Q,,32.71,,35250807.17809524,-13.853041875164596,-10.408107367844421,44.28760476400528,35.72614107883818,34.658409908110265,102.63366487326695,,,False,,276.0,,2026-08-17,,full,"{""as_of"": ""2026-08-17"", ""listing_date"": null, ""reason_code"": ""valid_trading_sessions"", ""status"": ""full"", ""valid_trading_sessions"": 276}","[""l1.csv""]",[],63.7045,ranked,full,100.0,True,True,False
HSY,The Hershey Company Common Stock,nasdaqtrader:N:HSY,common_equity,eligible,N,,181.06,,348362325.38809526,5.623614514059039,-3.166114022890143,-18.653967112948155,0.4438033950959763,23.370577281191807,24.22466306439313,,,False,,276.0,,2026-08-17,,full,"{""as_of"": ""2026-08-17"", ""listing_date"": null, ""reason_code"": ""valid_trading_sessions"", ""status"": ""full"", ""valid_trading_sessions"": 276}","[""l1.csv""]",[],63.6994,ranked,full,100.0,True,True,False
CMG,"Chipotle Mexican Grill, Inc. Common Stock",nasdaqtrader:N:CMG,common_equity,eligible,N,,33.76,,655533260.2269841,-1.9744483159117254,3.3996937212863676,-6.997245179063361,-21.797544591151276,23.342415985467756,59.485246784681614,,,False,,276.0,,2026-08-17,,full,"{""as_of"": ""2026-08-17"", ""listing_date"": null, ""reason_code"": ""valid_trading_sessions"", ""status"": ""full"", ""valid_trading_sessions"": 276}","[""l1.csv""]",[],63.6957,ranked,full,100.0,True,True,False
FICO,Fair Isaac Corporation Common Stock,nasdaqtrader:N:FICO,common_equity,eligible,N,,1064.41,,395214362.30349207,-15.3288097302543,-3.1112607979318807,-20.84640897125094,-19.251543795232816,43.36889148998429,72.2946062890862,,,False,,276.0,,2026-08-17,,full,"{""as_of"": ""2026-08-17"", ""listing_date"": null, ""reason_code"": ""valid_trading_sessions"", ""status"": ""full"", ""valid_trading_sessions"": 276}","[""l1.csv""]",[],63.6921,ranked,full,100.0,True,True,False
KEEL,Keel Infrastructure Corp. - Common Stock,nasdaqtrader:Q:KEEL,common_equity,eligible,Q,,3.77,,226868406.43380952,-4.556962025316458,-14.123006833712981,76.1682242990654,196.8503937007874,43.393393393393396,129.80587475197257,,,False,,276.0,,2026-08-17,,full,"{""as_of"": ""2026-08-17"", ""listing_date"": null, ""reason_code"": ""valid_trading_sessions"", ""status"": ""full"", ""valid_trading_sessions"": 276}","[""l1.csv""]",[],63.6904,ranked,full,100.0,True,True,False
NBIX,"Neurocrine Biosciences, Inc. - Common Stock",nasdaqtrader:Q:NBIX,common_equity,eligible,Q,,154.49,,209182109.960873,-9.591526217228452,-2.480747380381254,24.468256525942643,17.652882491813273,16.71698113207547,43.431994957633705,,,False,,276.0,,2026-08-17,,full,"{""as_of"": ""2026-08-17"", ""listing_date"": null, ""reason_code"": ""valid_trading_sessions"", ""status"": ""full"", ""valid_trading_sessions"": 276}","[""l1.csv""]",[],63.6792,ranked,full,100.0,True,True,False
REAL,"The RealReal, Inc. - Common Stock",nasdaqtrader:Q:REAL,common_equity,eligible,Q,,11.08,,36299119.54698413,-1.1596788581623607,22.29580573951435,-3.231441048034933,40.78780177890724,34.4378698224852,46.17436892585701,,,False,,276.0,,2026-08-17,,full,"{""as_of"": ""2026-08-17"", ""listing_date"": null, ""reason_code"": ""valid_trading_sessions"", ""status"": ""full"", ""valid_trading_sessions"": 276}","[""l1.csv""]",[],63.675,ranked,full,100.0,True,True,False
CARR,Carrier Global Corporation Common Stock,nasdaqtrader:N:CARR,common_equity,eligible,N,,62.56,,435839264.1628571,-8.92415198718881,-3.26271841657646,-4.342507645259941,-4.866180048661805,17.68421052631579,40.218128663193994,,,False,,276.0,,2026-08-17,,full,"{""as_of"": ""2026-08-17"", ""listing_date"": null, ""reason_code"": ""valid_trading_sessions"", ""status"": ""full"", ""valid_trading_sessions"": 276}","[""l1.csv""]",[],63.6711,ranked,full,100.0,True,True,False
VICI,VICI Properties Inc. Common Stock,nasdaqtrader:N:VICI,common_equity,eligible,N,,25.96,,265159574.58079365,-3.386676590993676,-6.953405017921144,-11.39931740614334,-20.392517632628028,23.149792776791,20.36876746392472,,,False,,276.0,,2026-08-17,,full,"{""as_of"": ""2026-08-17"", ""listing_date"": null, ""reason_code"": ""valid_trading_sessions"", ""status"": ""full"", ""valid_trading_sessions"": 276}","[""l1.csv""]",[],63.67,ranked,full,100.0,True,True,False
TMUS,"T-Mobile US, Inc. - Common Stock",nasdaqtrader:Q:TMUS,common_equity,eligible,Q,,180.12,,953540690.584762,-6.397131424414071,-2.7534823453190804,-17.940774487471522,-28.041228876193514,30.458283463958914,48.62523097263639,,,False,,276.0,,2026-08-17,,full,"{""as_of"": ""2026-08-17"", ""listing_date"": null, ""reason_code"": ""valid_trading_sessions"", ""status"": ""full"", ""valid_trading_sessions"": 276}","[""l1.csv""]",[],63.6444,ranked,full,100.0,True,True,False
NUAI,"New Era Energy & Digital, Inc. - Common Stock",nasdaqtrader:Q:NUAI,common_equity,eligible,Q,,5.46,,41349843.7797619,33.987730061349694,11.885245901639351,10.97560975609757,1161.5526802218114,32.25806451612904,131.8712054255315,,,False,,276.0,,2026-08-17,,full,"{""as_of"": ""2026-08-17"", ""listing_date"": null, ""reason_code"": ""valid_trading_sessions"", ""status"": ""full"", ""valid_trading_sessions"": 276}","[""l1.csv""]",[],63.6344,ranked,full,100.0,True,True,False
AMRC,"Ameresco, Inc. Class A Common Stock",nasdaqtrader:N:AMRC,common_equity,eligible,N,,28.5,,17145738.403492063,23.323236694071838,-13.714804722979112,-12.790697674418606,39.70588235294119,34.0735600277585,94.666684617081,,,False,,276.0,,2026-08-17,,full,"{""as_of"": ""2026-08-17"", ""listing_date"": null, ""reason_code"": ""valid_trading_sessions"", ""status"": ""full"", ""valid_trading_sessions"": 276}","[""l1.csv""]",[],63.6265,ranked,full,100.0,True,True,False
STE,STERIS plc (Ireland) Ordinary Shares,nasdaqtrader:N:STE,common_equity,eligible,N,,229.75,,173446904.63492063,5.467315460888722,8.316439583235113,-7.48943023958123,-6.658812058178265,14.479806439605426,31.851586516649977,,,False,,276.0,,2026-08-17,,full,"{""as_of"": ""2026-08-17"", ""listing_date"": null, ""reason_code"": ""valid_trading_sessions"", ""status"": ""full"", ""valid_trading_sessions"": 276}","[""l1.csv""]",[],63.62,ranked,full,100.0,True,True,False
TARS,"Tarsus Pharmaceuticals, Inc. - Common Stock",nasdaqtrader:Q:TARS,common_equity,eligible,Q,,70.615,,59318660.64380952,17.98663324979113,13.020166453265048,16.181309641329378,30.430365718507566,14.416434371591336,56.78106864103708,,,False,,276.0,,2026-08-17,,full,"{""as_of"": ""2026-08-17"", ""listing_date"": null, ""reason_code"": ""valid_trading_sessions"", ""status"": ""full"", ""valid_trading_sessions"": 276}","[""l1.csv""]",[],63.6041,ranked,full,100.0,True,True,False
DCI,"Donaldson Company, Inc. Common Stock",nasdaqtrader:N:DCI,common_equity,eligible,N,,94.68,,67896669.04174604,4.734513274336294,15.547961923358567,-13.502649369632735,27.4464934715305,14.370986705254573,21.739336862163807,,,False,,276.0,,2026-08-17,,full,"{""as_of"": ""2026-08-17"", ""listing_date"": null, ""reason_code"": ""valid_trading_sessions"", ""status"": ""full"", ""valid_trading_sessions"": 276}","[""l1.csv""]",[],63.5927,ranked,full,100.0,True,True,False
STZ,"Constellation Brands, Inc. Common Stock",nasdaqtrader:N:STZ,common_equity,eligible,N,,130.56,,304490582.69539684,-1.738541431474372,-8.282402528977862,-12.551908908238453,-22.977995398501562,22.39196338346311,30.3132166792165,,,False,,276.0,,2026-08-17,,full,"{""as_of"": ""2026-08-17"", ""listing_date"": null, ""reason_code"": ""valid_trading_sessions"", ""status"": ""full"", ""valid_trading_sessions"": 276}","[""l1.csv""]",[],63.5689,ranked,full,100.0,True,True,False
CAG,"ConAgra Brands, Inc. Common Stock",nasdaqtrader:N:CAG,common_equity,eligible,N,,15.54,,242561930.23809522,8.823529411764696,15.711094564408047,-21.356275303643734,-20.102827763496144,22.377622377622373,33.99765616382674,,,False,,276.0,,2026-08-17,,full,"{""as_of"": ""2026-08-17"", ""listing_date"": null, ""reason_code"": ""valid_trading_sessions"", ""status"": ""full"", ""valid_trading_sessions"": 276}","[""l1.csv""]",[],63.567,ranked,full,100.0,True,True,False
ST,Sensata Technologies Holding plc Ordinary Shares,nasdaqtrader:N:ST,common_equity,eligible,N,,45.92,,92889555.05619048,1.9311875693673874,-5.319587628865974,24.511930585683285,41.4228518632584,14.24836601307189,33.077406581497485,,,False,,276.0,,2026-08-17,,full,"{""as_of"": ""2026-08-17"", ""listing_date"": null, ""reason_code"": ""valid_trading_sessions"", ""status"": ""full"", ""valid_trading_sessions"": 276}","[""l1.csv""]",[],63.5621,ranked,full,100.0,True,True,False
LIN,Linde plc - Ordinary Shares,nasdaqtrader:Q:LIN,common_equity,eligible,Q,,474.33,,1168078638.6085713,-7.577647012976896,-6.279267352946993,-1.386694386694387,-0.6909113749136386,13.228084296794961,23.379259195129332,,,False,,276.0,,2026-08-17,,full,"{""as_of"": ""2026-08-17"", ""listing_date"": null, ""reason_code"": ""valid_trading_sessions"", ""status"": ""full"", ""valid_trading_sessions"": 276}","[""l1.csv""]",[],63.557,ranked,full,100.0,True,True,False
SEI,"Solaris Energy Infrastructure, Inc. Class A Common Stock",nasdaqtrader:N:SEI,common_equity,eligible,N,,65.97,,188121458.39317462,9.439283344392834,-16.04734029015017,16.493024898463716,141.03032517354768,20.402992277992272,95.73771884462975,,,False,,276.0,,2026-08-17,,full,"{""as_of"": ""2026-08-17"", ""listing_date"": null, ""reason_code"": ""valid_trading_sessions"", ""status"": ""full"", ""valid_trading_sessions"": 276}","[""l1.csv""]",[],63.5537,ranked,full,100.0,True,True,False
LSTR,"Landstar System, Inc. - Common Stock",nasdaqtrader:Q:LSTR,common_equity,eligible,Q,,193.38,,101266118.56634921,-8.593306863301198,9.850034083162917,35.838718741219424,47.53948271915771,14.194435816657059,38.57222165558793,,,False,,276.0,,2026-08-17,,full,"{""as_of"": ""2026-08-17"", ""listing_date"": null, ""reason_code"": ""valid_trading_sessions"", ""status"": ""full"", ""valid_trading_sessions"": 276}","[""l1.csv""]",[],63.5486,ranked,full,100.0,True,True,False
VEEV,Veeva Systems Inc. Class A Common Stock,nasdaqtrader:N:VEEV,common_equity,eligible,N,,238.34,,416859181.1684127,21.987920974511212,50.03147425406016,36.89047154097984,-13.324605425849157,22.167069427209206,41.636587429851865,,,False,,276.0,,2026-08-17,,full,"{""as_of"": ""2026-08-17"", ""listing_date"": null, ""reason_code"": ""valid_trading_sessions"", ""status"": ""full"", ""valid_trading_sessions"": 276}","[""l1.csv""]",[],63.5389,ranked,full,100.0,True,True,False
COKE,"Coca-Cola Consolidated, Inc. - Common Stock",nasdaqtrader:Q:COKE,common_equity,eligible,Q,,186.21,,99187083.53031746,3.0264468297001246,9.361602161273264,15.008337965536423,62.31694560669456,14.153335484763263,37.821976953660744,,,False,,276.0,,2026-08-17,,full,"{""as_of"": ""2026-08-17"", ""listing_date"": null, ""reason_code"": ""valid_trading_sessions"", ""status"": ""full"", ""valid_trading_sessions"": 276}","[""l1.csv""]",[],63.5383,ranked,full,100.0,True,True,False
MCD,McDonald's Corporation Common Stock,nasdaqtrader:N:MCD,common_equity,eligible,N,,265.53,,1263287508.94,-0.8143139964887358,-3.929230435254538,-18.94193784724343,-14.054054054054054,22.145663519615322,21.42894821379823,,,False,,276.0,,2026-08-17,,full,"{""as_of"": ""2026-08-17"", ""listing_date"": null, ""reason_code"": ""valid_trading_sessions"", ""status"": ""full"", ""valid_trading_sessions"": 276}","[""l1.csv""]",[],63.5361,ranked,full,100.0,True,True,False
GRRR,Gorilla Technology Group Inc. - Ordinary shares,nasdaqtrader:Q:GRRR,common_equity,eligible,Q,,14.95,,24632170.87793651,24.169435215946855,13.688212927756638,19.21850079744818,-11.011904761904766,31.359044995408635,125.77088223456634,,,False,,276.0,,2026-08-17,,full,"{""as_of"": ""2026-08-17"", ""listing_date"": null, ""reason_code"": ""valid_trading_sessions"", ""status"": ""full"", ""valid_trading_sessions"": 276}","[""l1.csv""]",[],63.5145,ranked,full,100.0,True,True,False
VOYG,"Voyager Technologies, Inc. Class A Common Stock",nasdaqtrader:N:VOYG,common_equity,eligible,N,,43.98,,88224335.22936508,69.80694980694982,27.700348432055755,68.89400921658986,43.72549019607841,15.047324705427867,107.38019398207837,,,False,,276.0,,2026-08-17,,full,"{""as_of"": ""2026-08-17"", ""listing_date"": null, ""reason_code"": ""valid_trading_sessions"", ""status"": ""full"", ""valid_trading_sessions"": 276}","[""l1.csv""]",[],63.5118,ranked,full,100.0,True,True,False
GGG,Graco Inc. Common Stock,nasdaqtrader:N:GGG,common_equity,eligible,N,,81.55,,108245668.29396825,9.331009518702228,7.699418911780231,-13.858666948346897,-4.385039277758251,13.994937776840322,26.30296382007356,,,False,,276.0,,2026-08-17,,full,"{""as_of"": ""2026-08-17"", ""listing_date"": null, ""reason_code"": ""valid_trading_sessions"", ""status"": ""full"", ""valid_trading_sessions"": 276}","[""l1.csv""]",[],63.4987,ranked,full,100.0,True,True,False
LULU,lululemon athletica inc. - Common Stock,nasdaqtrader:Q:LULU,common_equity,eligible,Q,,115.74,,404681353.0239682,-0.5071778560990281,-2.8537854624811176,-34.395193288742774,-40.703929504585275,46.38688160088938,32.61950838844496,,,False,,276.0,,2026-08-17,,full,"{""as_of"": ""2026-08-17"", ""listing_date"": null, ""reason_code"": ""valid_trading_sessions"", ""status"": ""full"", ""valid_trading_sessions"": 276}","[""l1.csv""]",[],63.4909,ranked,full,100.0,True,True,False
HBM,Hudbay Minerals Inc. Ordinary Shares (Canada),nasdaqtrader:N:HBM,common_equity,eligible,N,,27.44,,136147298.92777777,34.774066797642455,9.979959919839686,5.134099616858245,149.68152866242036,13.900219642296829,64.4380339549551,,,False,,276.0,,2026-08-17,,full,"{""as_of"": ""2026-08-17"", ""listing_date"": null, ""reason_code"": ""valid_trading_sessions"", ""status"": ""full"", ""valid_trading_sessions"": 276}","[""l1.csv""]",[],63.4751,ranked,full,100.0,True,True,False
COST,Costco Wholesale Corporation - Common Stock,nasdaqtrader:Q:COST,common_equity,eligible,Q,,953.5,,2283052509.039127,1.3423746107326107,-9.09957576624244,-6.380095829078625,-2.24423051292304,12.868265224066079,20.45897544465532,,,False,,276.0,,2026-08-17,,full,"{""as_of"": ""2026-08-17"", ""listing_date"": null, ""reason_code"": ""valid_trading_sessions"", ""status"": ""full"", ""valid_trading_sessions"": 276}","[""l1.csv""]",[],63.4671,ranked,full,100.0,True,True,False
SITM,SiTime Corporation - Common Stock,nasdaqtrader:Q:SITM,common_equity,eligible,Q,,749.44,,384638642.84999996,35.04153377660053,-3.180631992352001,78.34043262023178,230.52835847225896,16.865598793095792,104.65925811526724,,,False,,276.0,,2026-08-17,,full,"{""as_of"": ""2026-08-17"", ""listing_date"": null, ""reason_code"": ""valid_trading_sessions"", ""status"": ""full"", ""valid_trading_sessions"": 276}","[""l1.csv""]",[],63.4664,ranked,full,100.0,True,True,False
CSL,Carlisle Companies Incorporated Common Stock,nasdaqtrader:N:CSL,common_equity,eligible,N,,360.7,,167298419.6915873,4.432670314716702,9.032102049452885,-11.817915118325839,-7.796523517382415,13.860629507570332,49.83650093739806,,,False,,276.0,,2026-08-17,,full,"{""as_of"": ""2026-08-17"", ""listing_date"": null, ""reason_code"": ""valid_trading_sessions"", ""status"": ""full"", ""valid_trading_sessions"": 276}","[""l1.csv""]",[],63.4652,ranked,full,100.0,True,True,False
PI,"Impinj, Inc. - Common Stock",nasdaqtrader:Q:PI,common_equity,eligible,Q,,171.71,,63841869.041746035,24.09481824094819,23.781718569780864,41.86219431592861,2.5930572982015843,29.019056673969658,57.51027062796709,,,False,,276.0,,2026-08-17,,full,"{""as_of"": ""2026-08-17"", ""listing_date"": null, ""reason_code"": ""valid_trading_sessions"", ""status"": ""full"", ""valid_trading_sessions"": 276}","[""l1.csv""]",[],63.4525,ranked,full,100.0,True,True,False
PPG,"PPG Industries, Inc. Common Stock",nasdaqtrader:N:PPG,common_equity,eligible,N,,113.44,,224017097.12238097,-3.3401499659168388,10.522213561964143,-13.62874980965434,1.3309513175524756,13.77318333840073,37.31189083925964,,,False,,276.0,,2026-08-17,,full,"{""as_of"": ""2026-08-17"", ""listing_date"": null, ""reason_code"": ""valid_trading_sessions"", ""status"": ""full"", ""valid_trading_sessions"": 276}","[""l1.csv""]",[],63.4433,ranked,full,100.0,True,True,False
TSEM,Tower Semiconductor Ltd. - Ordinary Shares,nasdaqtrader:Q:TSEM,common_equity,eligible,Q,,263.73,,494901775.0,12.656984194788556,-3.741148988977294,104.85474599968931,458.27688399661304,16.765030771658516,101.66260935413518,,,False,,276.0,,2026-08-17,,full,"{""as_of"": ""2026-08-17"", ""listing_date"": null, ""reason_code"": ""valid_trading_sessions"", ""status"": ""full"", ""valid_trading_sessions"": 276}","[""l1.csv""]",[],63.4413,ranked,full,100.0,True,True,False
PRM,"Perimeter Solutions, SA Common Stock",nasdaqtrader:N:PRM,common_equity,eligible,N,,32.59,,55863206.19222222,-5.316676350958738,-1.9259705085765688,24.294431731502698,75.97192224622033,13.7374272101641,79.35266192642352,,,False,,276.0,,2026-08-17,,full,"{""as_of"": ""2026-08-17"", ""listing_date"": null, ""reason_code"": ""valid_trading_sessions"", ""status"": ""full"", ""valid_trading_sessions"": 276}","[""l1.csv""]",[],63.4344,ranked,full,100.0,True,True,False
CTAS,Cintas Corporation - Common Stock,nasdaqtrader:Q:CTAS,common_equity,eligible,Q,,197.82,,428041980.2342858,-3.242846661775489,17.533123403243998,2.2642679900744422,-10.634260932417794,8.725141881603838,32.460660927137965,,,False,,276.0,,2026-08-17,,full,"{""as_of"": ""2026-08-17"", ""listing_date"": null, ""reason_code"": ""valid_trading_sessions"", ""status"": ""full"", ""valid_trading_sessions"": 276}","[""l1.csv""]",[],63.4313,ranked,full,100.0,True,True,False
T,AT&T Inc.,qrgf-resolution-required:N:T,common_equity,eligible,N,,24.68,,1441521155.9061904,13.15910132966529,2.704952143154382,-13.976995468804464,-14.156521739130435,16.677920324105333,28.058026875473313,,,False,,276.0,,2026-08-17,,full,"{""as_of"": ""2026-08-17"", ""listing_date"": null, ""reason_code"": ""valid_trading_sessions"", ""status"": ""full"", ""valid_trading_sessions"": 276}","[""l1.csv""]",[],63.4195,ranked,full,100.0,True,True,False
MGM,MGM Resorts International Common Stock,nasdaqtrader:N:MGM,common_equity,eligible,N,,43.78,,175483967.17380953,-5.094298721005853,18.420340816878557,28.23667252489748,20.506468483347096,13.63188005523771,19.646355485593613,,,False,,276.0,,2026-08-17,,full,"{""as_of"": ""2026-08-17"", ""listing_date"": null, ""reason_code"": ""valid_trading_sessions"", ""status"": ""full"", ""valid_trading_sessions"": 276}","[""l1.csv""]",[],63.408,ranked,full,100.0,True,True,False
DSGX,The Descartes Systems Group Inc. - Common Stock,nasdaqtrader:Q:DSGX,common_equity,eligible,Q,,74.92,,39490665.67222222,1.0248112189859881,10.66469719350074,13.964101003954976,-23.42600163532298,30.558902585967186,43.94042849796765,,,False,,276.0,,2026-08-17,,full,"{""as_of"": ""2026-08-17"", ""listing_date"": null, ""reason_code"": ""valid_trading_sessions"", ""status"": ""full"", ""valid_trading_sessions"": 276}","[""l1.csv""]",[],63.4079,ranked,full,100.0,True,True,False
WRBY,Warby Parker Inc. Class A Common Stock,nasdaqtrader:N:WRBY,common_equity,eligible,N,,25.6,,83771005.52777778,-3.067020068156001,-10.894535328924471,13.980409617097056,-4.655493482309126,15.622940013183905,56.039205666092165,,,False,,276.0,,2026-08-17,,full,"{""as_of"": ""2026-08-17"", ""listing_date"": null, ""reason_code"": ""valid_trading_sessions"", ""status"": ""full"", ""valid_trading_sessions"": 276}","[""l1.csv""]",[],63.4057,ranked,full,100.0,True,True,False
FORM,"FormFactor, Inc. - Common Stock",nasdaqtrader:Q:FORM,common_equity,eligible,Q,,138.16,,203799050.7518254,30.870512456190212,9.416330086322965,42.830559288741846,356.72727272727275,13.61220533983618,112.46624921456664,,,False,,276.0,,2026-08-17,,full,"{""as_of"": ""2026-08-17"", ""listing_date"": null, ""reason_code"": ""valid_trading_sessions"", ""status"": ""full"", ""valid_trading_sessions"": 276}","[""l1.csv""]",[],63.4031,ranked,full,100.0,True,True,False
COR,"Cencora, Inc. Common Stock",nasdaqtrader:N:COR,common_equity,eligible,N,,312.52,,462651848.875873,1.5004871711594703,21.268092041441932,-13.388576337887647,5.985688608539341,16.605737158105406,32.50454603681066,,,False,,276.0,,2026-08-17,,full,"{""as_of"": ""2026-08-17"", ""listing_date"": null, ""reason_code"": ""valid_trading_sessions"", ""status"": ""full"", ""valid_trading_sessions"": 276}","[""l1.csv""]",[],63.4014,ranked,full,100.0,True,True,False
BBAR,Banco BBVA Argentina S.A. ADS,nasdaqtrader:N:BBAR,adr,eligible,N,,15.26,,12236561.603492063,-21.823770491803273,7.012622720897621,-5.6860321384425205,-4.145728643216085,30.319634703196343,58.75083794956781,,,False,,276.0,,2026-08-17,,full,"{""as_of"": ""2026-08-17"", ""listing_date"": null, ""reason_code"": ""valid_trading_sessions"", ""status"": ""full"", ""valid_trading_sessions"": 276}","[""l1.csv""]",[],63.376,ranked,full,100.0,True,True,False
BTI,"British American Tobacco  Industries, p.l.c. Common Stock ADR",nasdaqtrader:N:BTI,adr,eligible,N,,55.73,,254268426.4984127,-11.314449395289639,-14.380089107389782,-6.336134453781517,-2.943225357018464,16.44677661169416,33.933430947442154,,,False,,276.0,,2026-08-17,,full,"{""as_of"": ""2026-08-17"", ""listing_date"": null, ""reason_code"": ""valid_trading_sessions"", ""status"": ""full"", ""valid_trading_sessions"": 276}","[""l1.csv""]",[],63.3617,ranked,full,100.0,True,True,False
SNPS,"Synopsys, Inc. - Common Stock",nasdaqtrader:Q:SNPS,common_equity,eligible,Q,,413.22,,874049316.2748413,7.5323661440374945,-17.754070299749213,-5.461117847582864,-32.95801155169057,33.91969040346697,39.39324259175977,,,False,,276.0,,2026-08-17,,full,"{""as_of"": ""2026-08-17"", ""listing_date"": null, ""reason_code"": ""valid_trading_sessions"", ""status"": ""full"", ""valid_trading_sessions"": 276}","[""l1.csv""]",[],63.356,ranked,full,100.0,True,True,False
CCI,Crown Castle Inc. Common Stock,nasdaqtrader:N:CCI,common_equity,eligible,N,,74.44,,350894993.5690476,-5.974485284830122,-14.101084698822985,-17.636645275503426,-26.333498268184062,28.278254167068127,34.26395800594026,,,False,,276.0,,2026-08-17,,full,"{""as_of"": ""2026-08-17"", ""listing_date"": null, ""reason_code"": ""valid_trading_sessions"", ""status"": ""full"", ""valid_trading_sessions"": 276}","[""l1.csv""]",[],63.3538,ranked,full,100.0,True,True,False
CDW,CDW Corporation - Common Stock,nasdaqtrader:Q:CDW,common_equity,eligible,Q,,135.3,,268266163.79626983,1.5460822575803057,32.55608895855788,6.653003310736261,-18.538141971220412,20.770627159337117,50.82183908358442,,,False,,276.0,,2026-08-17,,full,"{""as_of"": ""2026-08-17"", ""listing_date"": null, ""reason_code"": ""valid_trading_sessions"", ""status"": ""full"", ""valid_trading_sessions"": 276}","[""l1.csv""]",[],63.3528,ranked,full,100.0,True,True,False
VIAV,Viavi Solutions Inc. - Common Stock,nasdaqtrader:Q:VIAV,common_equity,eligible,Q,,46.26,,315686222.67698413,21.22641509433962,-10.052498541707177,75.96044123240775,328.3333333333333,16.3925537682993,86.41656186426752,,,False,,276.0,,2026-08-17,,full,"{""as_of"": ""2026-08-17"", ""listing_date"": null, ""reason_code"": ""valid_trading_sessions"", ""status"": ""full"", ""valid_trading_sessions"": 276}","[""l1.csv""]",[],63.3481,ranked,full,100.0,True,True,False
EXK,Endeavour Silver Corporation Ordinary Shares (Canada),nasdaqtrader:N:EXK,common_equity,eligible,N,,10.14,,58893702.51285714,36.8421052631579,3.3639143730886945,-13.702127659574458,82.70270270270272,28.186968838526905,70.66581781563444,,,False,,276.0,,2026-08-17,,full,"{""as_of"": ""2026-08-17"", ""listing_date"": null, ""reason_code"": ""valid_trading_sessions"", ""status"": ""full"", ""valid_trading_sessions"": 276}","[""l1.csv""]",[],63.3416,ranked,full,100.0,True,True,False
ALGN,"Align Technology, Inc. - Common Stock",nasdaqtrader:Q:ALGN,common_equity,eligible,Q,,171.16,,177076045.08325398,-3.1681375876895235,8.84578696343401,-8.357873320126362,19.79283314669653,13.341096653334006,39.84128369721029,,,False,,276.0,,2026-08-17,,full,"{""as_of"": ""2026-08-17"", ""listing_date"": null, ""reason_code"": ""valid_trading_sessions"", ""status"": ""full"", ""valid_trading_sessions"": 276}","[""l1.csv""]",[],63.3353,ranked,full,100.0,True,True,False
PYPL,"PayPal Holdings, Inc. - Common Stock",nasdaqtrader:Q:PYPL,common_equity,eligible,Q,,60.47,,783780311.8000793,6.913012729844414,36.163026345417705,50.08687019111442,-12.842317670798497,20.57007749901484,51.17082730913706,,,False,,276.0,,2026-08-17,,full,"{""as_of"": ""2026-08-17"", ""listing_date"": null, ""reason_code"": ""valid_trading_sessions"", ""status"": ""full"", ""valid_trading_sessions"": 276}","[""l1.csv""]",[],63.326,ranked,full,100.0,True,True,False
AUGO,Aura Minerals Inc. - Common Shares,nasdaqtrader:Q:AUGO,common_equity,eligible,Q,,78.54,,65034188.00365079,56.39187574671447,2.7741428945302404,8.54063018242124,180.0998573466477,28.037383177570085,89.44484073293084,,,False,,274.0,,2026-08-17,,full,"{""as_of"": ""2026-08-17"", ""listing_date"": null, ""reason_code"": ""valid_trading_sessions"", ""status"": ""full"", ""valid_trading_sessions"": 274}","[""l1.csv""]",[],63.3217,ranked,full,100.0,True,True,False
DHR,Danaher Corporation Common Stock,nasdaqtrader:N:DHR,common_equity,eligible,N,,202.63,,922816120.9519048,-0.5887258990335154,25.149774566116978,-4.680590836391019,-3.610503282275712,16.28589134476348,45.771930723329874,,,False,,276.0,,2026-08-17,,full,"{""as_of"": ""2026-08-17"", ""listing_date"": null, ""reason_code"": ""valid_trading_sessions"", ""status"": ""full"", ""valid_trading_sessions"": 276}","[""l1.csv""]",[],63.3215,ranked,full,100.0,True,True,False
AXSM,"Axsome Therapeutics, Inc. - Common Stock",nasdaqtrader:Q:AXSM,common_equity,eligible,Q,,216.27,,203953689.49507937,-5.969565217391304,-5.028104689970137,19.3477181171017,98.86896551724138,15.244738801583246,46.21896168869436,,,False,,276.0,,2026-08-17,,full,"{""as_of"": ""2026-08-17"", ""listing_date"": null, ""reason_code"": ""valid_trading_sessions"", ""status"": ""full"", ""valid_trading_sessions"": 276}","[""l1.csv""]",[],63.3112,ranked,full,100.0,True,True,False
ESE,ESCO Technologies Inc. Common Stock,nasdaqtrader:N:ESE,common_equity,eligible,N,,308.01,,78787291.07063492,-3.2996358156473615,6.257977714147711,14.75354867553369,63.687091459850144,13.212172442941672,36.802175593264316,,,False,,276.0,,2026-08-17,,full,"{""as_of"": ""2026-08-17"", ""listing_date"": null, ""reason_code"": ""valid_trading_sessions"", ""status"": ""full"", ""valid_trading_sessions"": 276}","[""l1.csv""]",[],63.303,ranked,full,100.0,True,True,False
GEN,Gen Digital Inc. - Common Stock,nasdaqtrader:Q:GEN,common_equity,eligible,Q,,27.41,,159795492.13047618,2.505609573672407,16.886993603411526,15.556492411467126,-13.011742304030472,13.20455984800506,33.9497800007911,,,False,,276.0,,2026-08-17,,full,"{""as_of"": ""2026-08-17"", ""listing_date"": null, ""reason_code"": ""valid_trading_sessions"", ""status"": ""full"", ""valid_trading_sessions"": 276}","[""l1.csv""]",[],63.3011,ranked,full,100.0,True,True,False
SKM,"SK Telecom Co., Ltd. Common Stock",nasdaqtrader:N:SKM,common_equity,eligible,N,,39.96,,99273348.2952381,30.50293925538863,4.443282801881865,22.72727272727273,78.2337198929527,13.130434782608692,68.29100187007433,,,False,,276.0,,2026-08-17,,full,"{""as_of"": ""2026-08-17"", ""listing_date"": null, ""reason_code"": ""valid_trading_sessions"", ""status"": ""full"", ""valid_trading_sessions"": 276}","[""l1.csv""]",[],63.2826,ranked,full,100.0,True,True,False
VSTM,"Verastem, Inc. - Common Stock",nasdaqtrader:Q:VSTM,common_equity,eligible,Q,,7.18,,12270845.128571428,19.071310116086227,66.20370370370368,23.367697594501703,-7.11513583441139,33.333333333333336,67.31316909890668,,,False,,276.0,,2026-08-17,,full,"{""as_of"": ""2026-08-17"", ""listing_date"": null, ""reason_code"": ""valid_trading_sessions"", ""status"": ""full"", ""valid_trading_sessions"": 276}","[""l1.csv""]",[],63.2778,ranked,full,100.0,True,True,False
