ticker,company,contract_id,security_type,instrument_status,exchange,sector,price,market_cap,avg_dollar_volume,return_1m,return_3m,return_6m,return_12m,drawdown_52w,historical_volatility,profitable,fcf_positive,quality_seed,quality_prior_score,trading_history_days,listing_date,as_of,retrieved_at,momentum_history_status,history_evidence,sources,source_conflicts,l1_score,l1_status,history_sufficiency,opportunity_coverage_pct,rankable,selected_for_next_stage,limited_history_recheck
SMCI,"Super Micro Computer, Inc. - Common Stock",nasdaqtrader:Q:SMCI,common_equity,eligible,Q,,37.61,,1825647835.6169841,36.021699819168184,14.69960353766393,12.841284128412855,-16.792035398230098,35.906612133606,103.08158366805374,,,False,,277.0,,2026-08-12,,full,"{""as_of"": ""2026-08-12"", ""listing_date"": null, ""reason_code"": ""valid_trading_sessions"", ""status"": ""full"", ""valid_trading_sessions"": 277}","[""l1.csv""]",[],69.9396,ranked,full,100.0,True,True,False
ALAB,"Astera Labs, Inc. - Common Stock",nasdaqtrader:Q:ALAB,common_equity,eligible,Q,,318.8,,1969375612.2634127,-11.8801481563381,55.95342921436259,74.34102592146996,77.67374463579111,33.99859219079955,117.92844758148193,,,False,,277.0,,2026-08-12,,full,"{""as_of"": ""2026-08-12"", ""listing_date"": null, ""reason_code"": ""valid_trading_sessions"", ""status"": ""full"", ""valid_trading_sessions"": 277}","[""l1.csv""]",[],69.6165,ranked,full,100.0,True,True,False
KLAC,KLA Corporation  - Common Stock,nasdaqtrader:Q:KLAC,common_equity,eligible,Q,,208.25,,2809335761.5299997,-9.601944697660292,14.966324389974606,45.547945205479444,128.79586903977147,30.97676576845314,80.46093372186034,,,False,,277.0,,2026-08-12,,full,"{""as_of"": ""2026-08-12"", ""listing_date"": null, ""reason_code"": ""valid_trading_sessions"", ""status"": ""full"", ""valid_trading_sessions"": 277}","[""l1.csv""]",[],69.4636,ranked,full,100.0,True,True,False
ON,ON Semiconductor Corporation - Common Stock,nasdaqtrader:Q:ON,common_equity,eligible,Q,,83.32,,1251618732.9266667,-11.106369358796552,-19.969263279223902,23.6568714752152,76.90021231422503,37.78839692376616,56.62798275293053,,,False,,277.0,,2026-08-12,,full,"{""as_of"": ""2026-08-12"", ""listing_date"": null, ""reason_code"": ""valid_trading_sessions"", ""status"": ""full"", ""valid_trading_sessions"": 277}","[""l1.csv""]",[],69.3141,ranked,full,100.0,True,True,False
INSM,Insmed Incorporated - Common Stock,nasdaqtrader:Q:INSM,common_equity,eligible,Q,,132.28,,399649589.2468254,20.134411043501956,14.034482758620692,-10.952541231908452,17.17601204712551,37.429639089920066,90.71851368376848,,,False,,277.0,,2026-08-12,,full,"{""as_of"": ""2026-08-12"", ""listing_date"": null, ""reason_code"": ""valid_trading_sessions"", ""status"": ""full"", ""valid_trading_sessions"": 277}","[""l1.csv""]",[],68.838,ranked,full,100.0,True,True,False
PINS,"Pinterest, Inc. Class A Common Stock",nasdaqtrader:N:PINS,common_equity,eligible,N,,22.9,,344562581.551746,1.2826183104820865,11.381322957198448,12.64141662567635,-33.02135127230185,39.6574440052701,47.28555215056398,,,False,,277.0,,2026-08-12,,full,"{""as_of"": ""2026-08-12"", ""listing_date"": null, ""reason_code"": ""valid_trading_sessions"", ""status"": ""full"", ""valid_trading_sessions"": 277}","[""l1.csv""]",[],68.6895,ranked,full,100.0,True,True,False
MU,"Micron Technology, Inc. - Common Stock",nasdaqtrader:Q:MU,common_equity,eligible,Q,,911.29,,47634596678.12365,-7.30633086500122,18.877351352761607,144.15003348961818,636.5745231167151,24.90770954876561,99.36489446694704,,,False,,277.0,,2026-08-12,,full,"{""as_of"": ""2026-08-12"", ""listing_date"": null, ""reason_code"": ""valid_trading_sessions"", ""status"": ""full"", ""valid_trading_sessions"": 277}","[""l1.csv""]",[],68.6544,ranked,full,100.0,True,True,False
LRCX,Lam Research Corporation - Common Stock,nasdaqtrader:Q:LRCX,common_equity,eligible,Q,,326.11,,3890431326.304127,-5.7757873446980685,12.747199557460931,43.90803583248753,219.7156862745098,24.74326725590196,89.78174959022547,,,False,,277.0,,2026-08-12,,full,"{""as_of"": ""2026-08-12"", ""listing_date"": null, ""reason_code"": ""valid_trading_sessions"", ""status"": ""full"", ""valid_trading_sessions"": 277}","[""l1.csv""]",[],68.6324,ranked,full,100.0,True,True,False
ADBE,Adobe Inc. - Common Stock,nasdaqtrader:Q:ADBE,common_equity,eligible,Q,,258.75,,1483542077.6709526,17.198115771356104,7.440933438525099,-2.2367476480145143,-22.448673759928063,29.58417242693082,50.19392993456429,,,False,,277.0,,2026-08-12,,full,"{""as_of"": ""2026-08-12"", ""listing_date"": null, ""reason_code"": ""valid_trading_sessions"", ""status"": ""full"", ""valid_trading_sessions"": 277}","[""l1.csv""]",[],68.5279,ranked,full,100.0,True,True,False
NOW,"ServiceNow, Inc. Common Stock",nasdaqtrader:N:NOW,common_equity,eligible,N,,124.94,,2934468710.085873,19.160705770147835,40.38202247191012,17.336589030803907,-27.050855374554807,35.00494199656661,57.919804322809966,,,False,,277.0,,2026-08-12,,full,"{""as_of"": ""2026-08-12"", ""listing_date"": null, ""reason_code"": ""valid_trading_sessions"", ""status"": ""full"", ""valid_trading_sessions"": 277}","[""l1.csv""]",[],68.4997,ranked,full,100.0,True,True,False
QCOM,QUALCOMM Incorporated - Common Stock,nasdaqtrader:Q:QCOM,common_equity,eligible,Q,,163.07,,3701858322.0584126,-8.439079169006181,-22.462079786981125,16.403740452566208,10.204771237412992,35.037048840729824,48.26740327429541,,,False,,277.0,,2026-08-12,,full,"{""as_of"": ""2026-08-12"", ""listing_date"": null, ""reason_code"": ""valid_trading_sessions"", ""status"": ""full"", ""valid_trading_sessions"": 277}","[""l1.csv""]",[],68.4975,ranked,full,100.0,True,True,False
GLW,Corning Incorporated Common Stock,nasdaqtrader:N:GLW,common_equity,eligible,N,,167.44,,2667077956.575873,-10.765295246216155,-15.536723163841815,30.710382513661205,157.67928593413356,34.51445109312058,95.8246442103044,,,False,,277.0,,2026-08-12,,full,"{""as_of"": ""2026-08-12"", ""listing_date"": null, ""reason_code"": ""valid_trading_sessions"", ""status"": ""full"", ""valid_trading_sessions"": 277}","[""l1.csv""]",[],68.4353,ranked,full,100.0,True,True,False
ENPH,"Enphase Energy, Inc. - Common Stock",nasdaqtrader:Q:ENPH,common_equity,eligible,Q,,40.77,,362937687.0693651,-9.369789929976646,8.778014941302036,-18.86567164179104,25.17654283082593,43.63334715885524,68.30162267380966,,,False,,277.0,,2026-08-12,,full,"{""as_of"": ""2026-08-12"", ""listing_date"": null, ""reason_code"": ""valid_trading_sessions"", ""status"": ""full"", ""valid_trading_sessions"": 277}","[""l1.csv""]",[],68.4244,ranked,full,100.0,True,True,False
ONDS,Ondas Inc - Common Stock,nasdaqtrader:Q:ONDS,common_equity,eligible,Q,,9.77,,805508515.1919842,32.74456521739128,8.075221238938068,0.9297520661156966,184.83965014577257,30.264097073518915,91.68165077074094,,,False,,277.0,,2026-08-12,,full,"{""as_of"": ""2026-08-12"", ""listing_date"": null, ""reason_code"": ""valid_trading_sessions"", ""status"": ""full"", ""valid_trading_sessions"": 277}","[""l1.csv""]",[],68.3685,ranked,full,100.0,True,True,False
IBM,International Business Machines Corporation Common Stock,nasdaqtrader:N:IBM,common_equity,eligible,N,,235.98,,2843928057.321111,8.711475560878966,7.645287838700843,-19.118453523443925,-0.1354210749047957,28.323664307626895,91.91564355662443,,,False,,277.0,,2026-08-12,,full,"{""as_of"": ""2026-08-12"", ""listing_date"": null, ""reason_code"": ""valid_trading_sessions"", ""status"": ""full"", ""valid_trading_sessions"": 277}","[""l1.csv""]",[],68.3598,ranked,full,100.0,True,True,False
HOOD,"Robinhood Markets, Inc. - Class A Common Stock",nasdaqtrader:Q:HOOD,common_equity,eligible,Q,,94.91,,2481195919.3085713,-16.34200088144557,21.25974191899833,10.876168224299064,-16.467171272663272,37.747605929424125,61.208887388577395,,,False,,277.0,,2026-08-12,,full,"{""as_of"": ""2026-08-12"", ""listing_date"": null, ""reason_code"": ""valid_trading_sessions"", ""status"": ""full"", ""valid_trading_sessions"": 277}","[""l1.csv""]",[],68.3168,ranked,full,100.0,True,True,False
CRM,"Salesforce, Inc. Common Stock",nasdaqtrader:N:CRM,common_equity,eligible,N,,193.32,,2579111209.093492,15.373597517307225,12.848053236822121,-0.0672008270870994,-16.915936049510062,27.38609473012058,46.30736393506075,,,False,,277.0,,2026-08-12,,full,"{""as_of"": ""2026-08-12"", ""listing_date"": null, ""reason_code"": ""valid_trading_sessions"", ""status"": ""full"", ""valid_trading_sessions"": 277}","[""l1.csv""]",[],68.2348,ranked,full,100.0,True,True,False
RIVN,"Rivian Automotive, Inc. - Class A Common Stock",nasdaqtrader:Q:RIVN,common_equity,eligible,Q,,15.93,,547480159.8035715,-8.971428571428575,14.193548387096788,6.483957219251324,33.52891869237218,29.042316258351896,86.50597029060444,,,False,,277.0,,2026-08-12,,full,"{""as_of"": ""2026-08-12"", ""listing_date"": null, ""reason_code"": ""valid_trading_sessions"", ""status"": ""full"", ""valid_trading_sessions"": 277}","[""l1.csv""]",[],68.2056,ranked,full,100.0,True,True,False
CLSK,"CleanSpark, Inc. - Common Stock",nasdaqtrader:Q:CLSK,common_equity,eligible,Q,,12.18,,340533393.1021429,-9.442379182156134,-9.576837416481077,21.435692921236303,23.404255319148938,47.5,108.4782249678096,,,False,,277.0,,2026-08-12,,full,"{""as_of"": ""2026-08-12"", ""listing_date"": null, ""reason_code"": ""valid_trading_sessions"", ""status"": ""full"", ""valid_trading_sessions"": 277}","[""l1.csv""]",[],68.1667,ranked,full,100.0,True,True,False
ASTS,"AST SpaceMobile, Inc. - Class A Common Stock",nasdaqtrader:Q:ASTS,common_equity,eligible,Q,,74.31,,1768556290.2820635,7.977332170880569,1.8503289473684292,-22.810844499844187,61.82491289198606,44.16560222405891,99.09522747774989,,,False,,277.0,,2026-08-12,,full,"{""as_of"": ""2026-08-12"", ""listing_date"": null, ""reason_code"": ""valid_trading_sessions"", ""status"": ""full"", ""valid_trading_sessions"": 277}","[""l1.csv""]",[],68.139,ranked,full,100.0,True,True,False
RDW,Redwire Corporation Common Stock,nasdaqtrader:N:RDW,common_equity,eligible,N,,13.49,,564882991.5279366,38.50102669404518,16.695501730103814,43.81663113006395,52.94784580498866,47.915057915057915,102.1594497968868,,,False,,277.0,,2026-08-12,,full,"{""as_of"": ""2026-08-12"", ""listing_date"": null, ""reason_code"": ""valid_trading_sessions"", ""status"": ""full"", ""valid_trading_sessions"": 277}","[""l1.csv""]",[],68.139,ranked,full,100.0,True,True,False
CORZ,"Core Scientific, Inc. - Common Stock",nasdaqtrader:Q:CORZ,common_equity,eligible,Q,,20.87,,314393694.4547619,-5.5228610230873665,-8.424747696358049,15.113072255929417,43.633860977288386,28.429355281207126,108.97209376895003,,,False,,277.0,,2026-08-12,,full,"{""as_of"": ""2026-08-12"", ""listing_date"": null, ""reason_code"": ""valid_trading_sessions"", ""status"": ""full"", ""valid_trading_sessions"": 277}","[""l1.csv""]",[],68.1239,ranked,full,100.0,True,True,False
VRSK,"Verisk Analytics, Inc. - Common Stock",nasdaqtrader:Q:VRSK,common_equity,eligible,Q,,180.38,,421571763.3623016,-5.332213708407685,8.453583453583446,6.43771759013394,-32.548051753795534,33.93399992674797,41.546367615285725,,,False,,277.0,,2026-08-12,,full,"{""as_of"": ""2026-08-12"", ""listing_date"": null, ""reason_code"": ""valid_trading_sessions"", ""status"": ""full"", ""valid_trading_sessions"": 277}","[""l1.csv""]",[],68.1079,ranked,full,100.0,True,True,False
GFS,GlobalFoundries Inc. - Ordinary Share,nasdaqtrader:Q:GFS,common_equity,eligible,Q,,53.18,,325972959.458254,-16.106641426092448,-26.292446292446304,26.921241050119328,68.18469323213156,40.884837705646945,70.56168402872471,,,False,,277.0,,2026-08-12,,full,"{""as_of"": ""2026-08-12"", ""listing_date"": null, ""reason_code"": ""valid_trading_sessions"", ""status"": ""full"", ""valid_trading_sessions"": 277}","[""l1.csv""]",[],68.1077,ranked,full,100.0,True,True,False
CLS,"Celestica, Inc. Common Stock",nasdaqtrader:N:CLS,common_equity,eligible,N,,339.46,,857841416.0844444,-1.614352375155781,-9.252278985216677,13.939515993689788,65.91397849462366,28.141405588484336,93.91398660687815,,,False,,277.0,,2026-08-12,,full,"{""as_of"": ""2026-08-12"", ""listing_date"": null, ""reason_code"": ""valid_trading_sessions"", ""status"": ""full"", ""valid_trading_sessions"": 277}","[""l1.csv""]",[],68.0855,ranked,full,100.0,True,True,False
ACN,Accenture plc Class A Ordinary Shares (Ireland),nasdaqtrader:N:ACN,common_equity,eligible,N,,180.14,,1277586861.4823809,33.873365041617106,6.108264122047458,-25.20966536577266,-24.504421440844904,37.5684480487974,48.93091750135097,,,False,,277.0,,2026-08-12,,full,"{""as_of"": ""2026-08-12"", ""listing_date"": null, ""reason_code"": ""valid_trading_sessions"", ""status"": ""full"", ""valid_trading_sessions"": 277}","[""l1.csv""]",[],68.0788,ranked,full,100.0,True,True,False
SPOT,Spotify Technology S.A. Ordinary Shares,nasdaqtrader:N:SPOT,common_equity,eligible,N,,489.6,,986186274.8260318,1.775246331018998,13.136915077989597,2.8528213100289967,-28.964206433266103,33.70614599271525,37.199212049172395,,,False,,277.0,,2026-08-12,,full,"{""as_of"": ""2026-08-12"", ""listing_date"": null, ""reason_code"": ""valid_trading_sessions"", ""status"": ""full"", ""valid_trading_sessions"": 277}","[""l1.csv""]",[],68.0775,ranked,full,100.0,True,True,False
MKSI,MKS Inc. - Common Stock,nasdaqtrader:Q:MKSI,common_equity,eligible,Q,,306.83,,469719689.9622222,-14.396116396506997,-1.5687155139227693,21.50720734991287,212.54965875522052,31.01843525179857,87.55332026305803,,,False,,277.0,,2026-08-12,,full,"{""as_of"": ""2026-08-12"", ""listing_date"": null, ""reason_code"": ""valid_trading_sessions"", ""status"": ""full"", ""valid_trading_sessions"": 277}","[""l1.csv""]",[],67.9691,ranked,full,100.0,True,True,False
STX,Seagate Technology Holdings PLC - Ordinary Shares (Ireland),nasdaqtrader:Q:STX,common_equity,eligible,Q,,878.21,,4074474421.8596826,-0.011385501702121381,8.582520910737589,121.64147086288266,478.9504911332323,19.727797886731747,89.57140512020139,,,False,,277.0,,2026-08-12,,full,"{""as_of"": ""2026-08-12"", ""listing_date"": null, ""reason_code"": ""valid_trading_sessions"", ""status"": ""full"", ""valid_trading_sessions"": 277}","[""l1.csv""]",[],67.9319,ranked,full,100.0,True,True,False
FSLR,"First Solar, Inc. - Common Stock",nasdaqtrader:Q:FSLR,common_equity,eligible,Q,,226.77,,621805296.1879365,2.8062380995557135,-0.5656406208892406,0.2342644978783559,24.50996540932302,28.74469756480754,52.41859585542093,,,False,,277.0,,2026-08-12,,full,"{""as_of"": ""2026-08-12"", ""listing_date"": null, ""reason_code"": ""valid_trading_sessions"", ""status"": ""full"", ""valid_trading_sessions"": 277}","[""l1.csv""]",[],67.916,ranked,full,100.0,True,True,False
IONQ,"IonQ, Inc. Common Stock",nasdaqtrader:N:IONQ,common_equity,eligible,N,,45.2,,1297105797.496984,15.041995418681608,-19.09790585287273,28.445581131003152,0.5785491766800321,44.9384821537337,86.06192750035945,,,False,,277.0,,2026-08-12,,full,"{""as_of"": ""2026-08-12"", ""listing_date"": null, ""reason_code"": ""valid_trading_sessions"", ""status"": ""full"", ""valid_trading_sessions"": 277}","[""l1.csv""]",[],67.8374,ranked,full,100.0,True,True,False
RKLB,Rocket Lab Corporation - Common Stock,nasdaqtrader:Q:RKLB,common_equity,eligible,Q,,81.17,,2514422596.7096825,2.994543839614261,-30.954406260632872,12.689157295571295,80.29764549089293,45.969513412767085,88.22199303791426,,,False,,277.0,,2026-08-12,,full,"{""as_of"": ""2026-08-12"", ""listing_date"": null, ""reason_code"": ""valid_trading_sessions"", ""status"": ""full"", ""valid_trading_sessions"": 277}","[""l1.csv""]",[],67.7687,ranked,full,100.0,True,True,False
MOD,Modine Manufacturing Company Common Stock,nasdaqtrader:N:MOD,common_equity,eligible,N,,199.53,,394056271.7188889,-13.08533344949253,-27.777174503203383,-9.205496905715327,48.836341936446374,34.98321874287203,79.53155647143207,,,False,,277.0,,2026-08-12,,full,"{""as_of"": ""2026-08-12"", ""listing_date"": null, ""reason_code"": ""valid_trading_sessions"", ""status"": ""full"", ""valid_trading_sessions"": 277}","[""l1.csv""]",[],67.7478,ranked,full,100.0,True,True,False
EFX,"Equifax, Inc. Common Stock",nasdaqtrader:N:EFX,common_equity,eligible,N,,180.46,,287989076.61031747,8.105193793805787,8.215399376349254,-10.976271520891911,-24.692233860534984,31.20878283078564,46.1517057161358,,,False,,277.0,,2026-08-12,,full,"{""as_of"": ""2026-08-12"", ""listing_date"": null, ""reason_code"": ""valid_trading_sessions"", ""status"": ""full"", ""valid_trading_sessions"": 277}","[""l1.csv""]",[],67.7445,ranked,full,100.0,True,True,False
MTZ,"MasTec, Inc. Common Stock",nasdaqtrader:N:MTZ,common_equity,eligible,N,,281.11,,461842872.0333333,-23.004656258559297,-33.11682131810612,7.544282489766263,56.99206969730817,35.74775433704372,93.0650087729044,,,False,,277.0,,2026-08-12,,full,"{""as_of"": ""2026-08-12"", ""listing_date"": null, ""reason_code"": ""valid_trading_sessions"", ""status"": ""full"", ""valid_trading_sessions"": 277}","[""l1.csv""]",[],67.7001,ranked,full,100.0,True,True,False
SOFI,"SoFi Technologies, Inc.  - Common Stock",nasdaqtrader:Q:SOFI,common_equity,eligible,Q,,17.94,,1338237763.5506349,-3.288409703504036,12.83018867924528,-15.29745042492917,-19.9821587867975,44.303011487115796,60.07070153952297,,,False,,277.0,,2026-08-12,,full,"{""as_of"": ""2026-08-12"", ""listing_date"": null, ""reason_code"": ""valid_trading_sessions"", ""status"": ""full"", ""valid_trading_sessions"": 277}","[""l1.csv""]",[],67.6298,ranked,full,100.0,True,True,False
AEM,Agnico Eagle Mines Limited Common Stock,nasdaqtrader:N:AEM,common_equity,eligible,N,,185.18,,447987548.7820635,28.232116889412097,-6.02385181426034,-12.605597243852928,36.704562232393336,26.571235972877595,46.84944072691629,,,False,,277.0,,2026-08-12,,full,"{""as_of"": ""2026-08-12"", ""listing_date"": null, ""reason_code"": ""valid_trading_sessions"", ""status"": ""full"", ""valid_trading_sessions"": 277}","[""l1.csv""]",[],67.6262,ranked,full,100.0,True,True,False
CRWV,"CoreWeave, Inc. - Class A Common Stock",nasdaqtrader:Q:CRWV,common_equity,eligible,Q,,107.73,,2819141929.669762,34.76357267950965,-0.01856148491878873,13.268846598675221,-22.92888825296895,27.576470588235292,130.5391930269427,,,False,,277.0,,2026-08-12,,full,"{""as_of"": ""2026-08-12"", ""listing_date"": null, ""reason_code"": ""valid_trading_sessions"", ""status"": ""full"", ""valid_trading_sessions"": 277}","[""l1.csv""]",[],67.5102,ranked,full,100.0,True,True,False
NVMI,Nova Ltd. - Ordinary Shares,nasdaqtrader:Q:NVMI,common_equity,eligible,Q,,405.9,,251992333.23285714,-14.283904210837528,-17.699061213731014,-11.91406250000001,49.05805883000991,32.9810946916536,66.15173051173797,,,False,,277.0,,2026-08-12,,full,"{""as_of"": ""2026-08-12"", ""listing_date"": null, ""reason_code"": ""valid_trading_sessions"", ""status"": ""full"", ""valid_trading_sessions"": 277}","[""l1.csv""]",[],67.4808,ranked,full,100.0,True,True,False
SE,"Sea Limited American Depositary Shares, each representing one Class A Ordinary Share",nasdaqtrader:N:SE,adr,eligible,N,,128.11,,455606230.9219048,17.22023972916096,33.42012080816499,13.041560045883728,-12.39143814538739,34.80407124681933,56.50453155576306,,,False,,277.0,,2026-08-12,,full,"{""as_of"": ""2026-08-12"", ""listing_date"": null, ""reason_code"": ""valid_trading_sessions"", ""status"": ""full"", ""valid_trading_sessions"": 277}","[""l1.csv""]",[],67.4739,ranked,full,100.0,True,True,False
FN,Fabrinet Ordinary Shares,nasdaqtrader:N:FN,common_equity,eligible,N,,571.88,,542945443.2442857,18.455611251501725,-9.866347244988027,22.64470608419653,72.04055232995397,23.388749715326806,85.81884437824361,,,False,,277.0,,2026-08-12,,full,"{""as_of"": ""2026-08-12"", ""listing_date"": null, ""reason_code"": ""valid_trading_sessions"", ""status"": ""full"", ""valid_trading_sessions"": 277}","[""l1.csv""]",[],67.4518,ranked,full,100.0,True,True,False
TEM,"Tempus AI, Inc. - Class A Common Stock",nasdaqtrader:Q:TEM,common_equity,eligible,Q,,54.61,,307318752.5228571,-6.920061360149998,16.31522896698614,-2.272727272727282,-10.210457086484714,47.1089588377724,75.1280531583273,,,False,,277.0,,2026-08-12,,full,"{""as_of"": ""2026-08-12"", ""listing_date"": null, ""reason_code"": ""valid_trading_sessions"", ""status"": ""full"", ""valid_trading_sessions"": 277}","[""l1.csv""]",[],67.4427,ranked,full,100.0,True,True,False
AAL,"American Airlines Group, Inc. - Common Stock",nasdaqtrader:Q:AAL,common_equity,eligible,Q,,14.93,,1684188589.6675396,-4.72239948947033,17.651694247438932,-1.1258278145695355,28.929188255613127,17.74104683195592,54.74881989168229,,,False,,277.0,,2026-08-12,,full,"{""as_of"": ""2026-08-12"", ""listing_date"": null, ""reason_code"": ""valid_trading_sessions"", ""status"": ""full"", ""valid_trading_sessions"": 277}","[""l1.csv""]",[],67.4353,ranked,full,100.0,True,True,False
CAT,"Caterpillar, Inc. Common Stock",nasdaqtrader:N:CAT,common_equity,eligible,N,,855.6,,2973231714.1942854,-8.329226219812714,-6.198609862521098,15.252502121583579,109.42869731238068,19.654427645788342,43.62600151972155,,,False,,277.0,,2026-08-12,,full,"{""as_of"": ""2026-08-12"", ""listing_date"": null, ""reason_code"": ""valid_trading_sessions"", ""status"": ""full"", ""valid_trading_sessions"": 277}","[""l1.csv""]",[],67.4136,ranked,full,100.0,True,True,False
RMBS,"Rambus, Inc. - Common Stock",nasdaqtrader:Q:RMBS,common_equity,eligible,Q,,101.01,,355417803.0709524,-4.14689694439172,-22.466994166410803,-5.58930741190764,38.80720076954791,40.81214109926169,77.41549897201321,,,False,,277.0,,2026-08-12,,full,"{""as_of"": ""2026-08-12"", ""listing_date"": null, ""reason_code"": ""valid_trading_sessions"", ""status"": ""full"", ""valid_trading_sessions"": 277}","[""l1.csv""]",[],67.3625,ranked,full,100.0,True,True,False
MRNA,"Moderna, Inc. - Common Stock",nasdaqtrader:Q:MRNA,common_equity,eligible,Q,,63.67,,417290847.7980159,-5.590154211150644,19.52318378073963,51.613287296106705,149.98036906164117,22.163814180929087,76.41909199854527,,,False,,277.0,,2026-08-12,,full,"{""as_of"": ""2026-08-12"", ""listing_date"": null, ""reason_code"": ""valid_trading_sessions"", ""status"": ""full"", ""valid_trading_sessions"": 277}","[""l1.csv""]",[],67.2885,ranked,full,100.0,True,True,False
AU,AngloGold Ashanti PLC Ordinary Shares,nasdaqtrader:N:AU,common_equity,eligible,N,,97.92,,260113218.91015872,21.88200149365198,-6.1439662609029,-9.842555934076048,72.39436619718312,23.655075627631373,53.36649540188068,,,False,,277.0,,2026-08-12,,full,"{""as_of"": ""2026-08-12"", ""listing_date"": null, ""reason_code"": ""valid_trading_sessions"", ""status"": ""full"", ""valid_trading_sessions"": 277}","[""l1.csv""]",[],67.2373,ranked,full,100.0,True,True,False
AMD,"Advanced Micro Devices, Inc. - Common Stock",nasdaqtrader:Q:AMD,common_equity,eligible,Q,,482.93,,15113934821.200874,-11.894988415156982,7.7271409132481095,126.12258275975093,180.3169259345252,16.866640271298472,79.86556358539481,,,False,,277.0,,2026-08-12,,full,"{""as_of"": ""2026-08-12"", ""listing_date"": null, ""reason_code"": ""valid_trading_sessions"", ""status"": ""full"", ""valid_trading_sessions"": 277}","[""l1.csv""]",[],67.2167,ranked,full,100.0,True,True,False
MELI,"MercadoLibre, Inc. - Common Stock",nasdaqtrader:Q:MELI,common_equity,eligible,Q,,1828.29,,853629780.3973016,-2.432919930838695,15.803975221373467,-9.728339225406357,-20.233067485733237,27.18789949700713,35.034096095550275,,,False,,277.0,,2026-08-12,,full,"{""as_of"": ""2026-08-12"", ""listing_date"": null, ""reason_code"": ""valid_trading_sessions"", ""status"": ""full"", ""valid_trading_sessions"": 277}","[""l1.csv""]",[],67.2084,ranked,full,100.0,True,True,False
DY,"Dycom Industries, Inc. Common Stock",nasdaqtrader:N:DY,common_equity,eligible,N,,410.17,,254254539.1309524,-2.077016735502657,-4.478341872380054,-0.05604288499024834,49.239557560762634,23.36136023916293,62.74473321476526,,,False,,277.0,,2026-08-12,,full,"{""as_of"": ""2026-08-12"", ""listing_date"": null, ""reason_code"": ""valid_trading_sessions"", ""status"": ""full"", ""valid_trading_sessions"": 277}","[""l1.csv""]",[],67.1982,ranked,full,100.0,True,True,False
TER,"Teradyne, Inc. - Common Stock",nasdaqtrader:Q:TER,common_equity,eligible,Q,,402.74,,1633455590.804762,14.016363276052424,12.355977123727158,32.09354193315623,284.7344287351929,16.761739417989407,100.22007138383442,,,False,,277.0,,2026-08-12,,full,"{""as_of"": ""2026-08-12"", ""listing_date"": null, ""reason_code"": ""valid_trading_sessions"", ""status"": ""full"", ""valid_trading_sessions"": 277}","[""l1.csv""]",[],67.1904,ranked,full,100.0,True,True,False
TXN,Texas Instruments Incorporated - Common Stock,nasdaqtrader:Q:TXN,common_equity,eligible,Q,,276.59,,2554554126.6012697,-9.477990508918355,-6.294677643391955,25.1991671193192,50.55794458657665,16.759961478271336,38.3589148081859,,,False,,277.0,,2026-08-12,,full,"{""as_of"": ""2026-08-12"", ""listing_date"": null, ""reason_code"": ""valid_trading_sessions"", ""status"": ""full"", ""valid_trading_sessions"": 277}","[""l1.csv""]",[],67.19,ranked,full,100.0,True,True,False
CDE,"Coeur Mining, Inc. Common Stock",nasdaqtrader:N:CDE,common_equity,eligible,N,,18.8,,578778807.8523809,17.500000000000004,-6.7922657411998095,-17.68826619964974,61.92937123169682,30.755064456721914,75.67591636771195,,,False,,277.0,,2026-08-12,,full,"{""as_of"": ""2026-08-12"", ""listing_date"": null, ""reason_code"": ""valid_trading_sessions"", ""status"": ""full"", ""valid_trading_sessions"": 277}","[""l1.csv""]",[],67.184,ranked,full,100.0,True,True,False
SOXX,iShares PHLX SOX Semiconductor Sector Index Fund,US:SOXX,etf,eligible,Q,,546.61,,5794102792.26492,-3.7522890547964427,5.934223531463778,55.538798622769825,125.48987253001114,16.54936565853956,60.22688446349893,,,False,,277.0,,2026-08-12,,full,"{""as_of"": ""2026-08-12"", ""listing_date"": null, ""reason_code"": ""valid_trading_sessions"", ""status"": ""full"", ""valid_trading_sessions"": 277}","[""l1.csv""]",[],67.1373,ranked,full,100.0,True,True,False
MCHP,Microchip Technology Incorporated - Common Stock,nasdaqtrader:Q:MCHP,common_equity,eligible,Q,,79.44,,1036246938.6750793,-8.804959246929167,-18.689866939611054,3.3567525370804097,30.33634126333058,22.81383598911777,67.28140766626836,,,False,,277.0,,2026-08-12,,full,"{""as_of"": ""2026-08-12"", ""listing_date"": null, ""reason_code"": ""valid_trading_sessions"", ""status"": ""full"", ""valid_trading_sessions"": 277}","[""l1.csv""]",[],67.1252,ranked,full,100.0,True,True,False
PATH,"UiPath, Inc. Class A Common Stock",nasdaqtrader:N:PATH,common_equity,eligible,N,,15.26,,741447146.77,27.80569514237856,52.44755244755246,17.83783783783783,46.16858237547894,20.891653706583725,63.427999991999364,,,False,,277.0,,2026-08-12,,full,"{""as_of"": ""2026-08-12"", ""listing_date"": null, ""reason_code"": ""valid_trading_sessions"", ""status"": ""full"", ""valid_trading_sessions"": 277}","[""l1.csv""]",[],67.1189,ranked,full,100.0,True,True,False
F,Ford Motor Company Common Stock,nasdaqtrader:N:F,common_equity,eligible,N,,13.83,,929663681.756508,-0.7890961262553731,15.346121768140119,1.915991156963881,24.147217235188513,20.69954128440368,27.52050594648618,,,False,,277.0,,2026-08-12,,full,"{""as_of"": ""2026-08-12"", ""listing_date"": null, ""reason_code"": ""valid_trading_sessions"", ""status"": ""full"", ""valid_trading_sessions"": 277}","[""l1.csv""]",[],67.0933,ranked,full,100.0,True,True,False
CHRW,"C.H. Robinson Worldwide, Inc. - Common Stock",nasdaqtrader:Q:CHRW,common_equity,eligible,Q,,146.7,,334549467.0765873,-26.506688041681294,-12.266012798277625,-25.385280504552167,26.20440467997247,29.949384012988254,66.69387558052428,,,False,,277.0,,2026-08-12,,full,"{""as_of"": ""2026-08-12"", ""listing_date"": null, ""reason_code"": ""valid_trading_sessions"", ""status"": ""full"", ""valid_trading_sessions"": 277}","[""l1.csv""]",[],67.0766,ranked,full,100.0,True,True,False
ARES,Ares Management Corporation Class A Common Stock,nasdaqtrader:N:ARES,common_equity,eligible,N,,142.35,,300679326.14809525,18.329177057356617,15.114022319262489,3.9126943572523443,-23.69337979094077,26.151691222245276,40.14195585272642,,,False,,277.0,,2026-08-12,,full,"{""as_of"": ""2026-08-12"", ""listing_date"": null, ""reason_code"": ""valid_trading_sessions"", ""status"": ""full"", ""valid_trading_sessions"": 277}","[""l1.csv""]",[],67.0702,ranked,full,100.0,True,True,False
MTSI,"MACOM Technology Solutions Holdings, Inc. - Common Stock",nasdaqtrader:Q:MTSI,common_equity,eligible,Q,,310.75,,572890237.0449207,2.9791887592788946,-14.337302899988968,34.79222694543247,162.5686523024926,24.148115602421406,83.65756667690259,,,False,,277.0,,2026-08-12,,full,"{""as_of"": ""2026-08-12"", ""listing_date"": null, ""reason_code"": ""valid_trading_sessions"", ""status"": ""full"", ""valid_trading_sessions"": 277}","[""l1.csv""]",[],67.0531,ranked,full,100.0,True,True,False
AFRM,"Affirm Holdings, Inc. - Class A Common Stock",nasdaqtrader:Q:AFRM,common_equity,eligible,Q,,73.4,,305623285.05920637,-13.084665482534042,12.180956747669258,23.05113160100587,0.5892832670960857,20.37318290301584,44.31074012500137,,,False,,277.0,,2026-08-12,,full,"{""as_of"": ""2026-08-12"", ""listing_date"": null, ""reason_code"": ""valid_trading_sessions"", ""status"": ""full"", ""valid_trading_sessions"": 277}","[""l1.csv""]",[],67.0498,ranked,full,100.0,True,True,False
ARM,Arm Holdings plc - American Depositary Shares,nasdaqtrader:Q:ARM,adr,eligible,Q,,271.87,,3019996036.0393653,-3.3076074972436698,30.757021931512128,115.85549821357684,92.74725274725273,38.13543894779957,91.25551526763408,,,False,,277.0,,2026-08-12,,full,"{""as_of"": ""2026-08-12"", ""listing_date"": null, ""reason_code"": ""valid_trading_sessions"", ""status"": ""full"", ""valid_trading_sessions"": 277}","[""l1.csv""]",[],67.041,ranked,full,100.0,True,True,False
KKR,KKR & Co. Inc. Common Stock,nasdaqtrader:N:KKR,common_equity,eligible,N,,110.9,,447300352.1960318,14.08291328052671,11.490901779430995,3.4418431116500336,-21.664194391467106,25.739922324896202,37.916856442973184,,,False,,277.0,,2026-08-12,,full,"{""as_of"": ""2026-08-12"", ""listing_date"": null, ""reason_code"": ""valid_trading_sessions"", ""status"": ""full"", ""valid_trading_sessions"": 277}","[""l1.csv""]",[],67.0153,ranked,full,100.0,True,True,False
AKAM,"Akamai Technologies, Inc. - Common Stock",nasdaqtrader:Q:AKAM,common_equity,eligible,Q,,122.78,,584111779.0492858,-2.640551899135679,-17.905857181064455,30.063559322033882,73.88471887834585,23.80538662033014,60.2543752544471,,,False,,277.0,,2026-08-12,,full,"{""as_of"": ""2026-08-12"", ""listing_date"": null, ""reason_code"": ""valid_trading_sessions"", ""status"": ""full"", ""valid_trading_sessions"": 277}","[""l1.csv""]",[],67.0074,ranked,full,100.0,True,True,False
IDXX,"IDEXX Laboratories, Inc. - Common Stock",nasdaqtrader:Q:IDXX,common_equity,eligible,Q,,570.58,,370201449.8983334,5.530073241103817,6.866197183098599,-11.747328043555584,-12.502491910873925,25.577816037981936,31.979253209215557,,,False,,277.0,,2026-08-12,,full,"{""as_of"": ""2026-08-12"", ""listing_date"": null, ""reason_code"": ""valid_trading_sessions"", ""status"": ""full"", ""valid_trading_sessions"": 277}","[""l1.csv""]",[],66.9937,ranked,full,100.0,True,True,False
WDC,Western Digital Corporation - Common Stock,nasdaqtrader:Q:WDC,common_equity,eligible,Q,,454.1,,4684788292.203968,-19.38862458283036,-7.087613045791219,72.95094454600854,508.3869239013934,39.147447837798,103.226887381968,,,False,,277.0,,2026-08-12,,full,"{""as_of"": ""2026-08-12"", ""listing_date"": null, ""reason_code"": ""valid_trading_sessions"", ""status"": ""full"", ""valid_trading_sessions"": 277}","[""l1.csv""]",[],66.9735,ranked,full,100.0,True,True,False
HD,"Home Depot, Inc. (The) Common Stock",nasdaqtrader:N:HD,common_equity,eligible,N,,343.43,,1545406078.8998413,1.6847278971990232,10.619725568511251,-11.868712789981528,-11.379764147291816,18.891408058192816,28.277799127230335,,,False,,277.0,,2026-08-12,,full,"{""as_of"": ""2026-08-12"", ""listing_date"": null, ""reason_code"": ""valid_trading_sessions"", ""status"": ""full"", ""valid_trading_sessions"": 277}","[""l1.csv""]",[],66.9729,ranked,full,100.0,True,True,False
SMTC,Semtech Corporation - Common Stock,nasdaqtrader:Q:SMTC,common_equity,eligible,Q,,140.0,,511510042.06349206,-0.9620826259196469,5.99636583888552,58.03138051698837,188.30313014827018,19.87638070165397,99.91598014486055,,,False,,277.0,,2026-08-12,,full,"{""as_of"": ""2026-08-12"", ""listing_date"": null, ""reason_code"": ""valid_trading_sessions"", ""status"": ""full"", ""valid_trading_sessions"": 277}","[""l1.csv""]",[],66.9691,ranked,full,100.0,True,True,False
WYFI,"WhiteFiber, Inc. - Ordinary Shares",nasdaqtrader:Q:WYFI,common_equity,eligible,Q,,28.58,,76159819.1015873,-8.191455187921626,9.543886546569569,47.853078116916706,94.28959891230453,36.16260888988162,148.22792602907705,,,False,,255.0,,2026-08-12,,full,"{""as_of"": ""2026-08-12"", ""listing_date"": null, ""reason_code"": ""valid_trading_sessions"", ""status"": ""full"", ""valid_trading_sessions"": 255}","[""l1.csv""]",[],66.9225,ranked,full,100.0,True,True,False
MPWR,"Monolithic Power Systems, Inc. - Common Stock",nasdaqtrader:Q:MPWR,common_equity,eligible,Q,,1425.01,,1340463862.9639683,3.5309246518115955,-10.910148044413326,24.77977618605629,78.6823989667841,15.674393007828913,58.77858637930037,,,False,,277.0,,2026-08-12,,full,"{""as_of"": ""2026-08-12"", ""listing_date"": null, ""reason_code"": ""valid_trading_sessions"", ""status"": ""full"", ""valid_trading_sessions"": 277}","[""l1.csv""]",[],66.9186,ranked,full,100.0,True,True,False
UCTT,"Ultra Clean Holdings, Inc. - Common Stock",nasdaqtrader:Q:UCTT,common_equity,eligible,Q,,90.65,,134935193.46349207,-12.643345861038824,9.230027714182443,66.85072703846863,309.9954771596563,36.426116838487964,133.84949307497573,,,False,,277.0,,2026-08-12,,full,"{""as_of"": ""2026-08-12"", ""listing_date"": null, ""reason_code"": ""valid_trading_sessions"", ""status"": ""full"", ""valid_trading_sessions"": 277}","[""l1.csv""]",[],66.9049,ranked,full,100.0,True,True,False
ULTA,"Ulta Beauty, Inc. - Common Stock",nasdaqtrader:Q:ULTA,common_equity,eligible,Q,,531.89,,358062087.24515873,13.380371759890863,5.283056215360249,-21.697974325756686,6.655303789853617,24.74887524405083,29.466288693773635,,,False,,277.0,,2026-08-12,,full,"{""as_of"": ""2026-08-12"", ""listing_date"": null, ""reason_code"": ""valid_trading_sessions"", ""status"": ""full"", ""valid_trading_sessions"": 277}","[""l1.csv""]",[],66.8832,ranked,full,100.0,True,True,False
PLTR,Palantir Technologies Inc. - Class A Common Stock,nasdaqtrader:Q:PLTR,common_equity,eligible,Q,,171.04,,5993571280.078968,27.909063715225834,25.764705882352935,22.600530427926312,-6.371797679001546,17.443768703542816,91.7955768246924,,,False,,277.0,,2026-08-12,,full,"{""as_of"": ""2026-08-12"", ""listing_date"": null, ""reason_code"": ""valid_trading_sessions"", ""status"": ""full"", ""valid_trading_sessions"": 277}","[""l1.csv""]",[],66.8609,ranked,full,100.0,True,True,False
PBR,Petroleo Brasileiro S.A. Petrobras ADS,nasdaqtrader:N:PBR,adr,eligible,N,,17.76,,278784623.7147619,-0.8928571428571397,-13.365853658536576,15.851272015655592,46.6556564822461,19.382660009078524,32.440126484504,,,False,,277.0,,2026-08-12,,full,"{""as_of"": ""2026-08-12"", ""listing_date"": null, ""reason_code"": ""valid_trading_sessions"", ""status"": ""full"", ""valid_trading_sessions"": 277}","[""l1.csv""]",[],66.8457,ranked,full,100.0,True,True,False
FDX,FedEx Corporation Common Stock,nasdaqtrader:N:FDX,common_equity,eligible,N,,326.77,,619126783.713492,4.179685009245659,-13.190053663461033,-11.191738007881513,45.48328213347579,20.64451891786876,19.835332974886636,,,False,,277.0,,2026-08-12,,full,"{""as_of"": ""2026-08-12"", ""listing_date"": null, ""reason_code"": ""valid_trading_sessions"", ""status"": ""full"", ""valid_trading_sessions"": 277}","[""l1.csv""]",[],66.8359,ranked,full,100.0,True,True,False
BAND,Bandwidth Inc. - Class A Common Stock,nasdaqtrader:Q:BAND,common_equity,eligible,Q,,51.97,,77469054.31880952,-31.410848620826183,5.117313915857613,283.25958702064895,296.7175572519084,33.745537990821006,137.42882338747702,,,False,,277.0,,2026-08-12,,full,"{""as_of"": ""2026-08-12"", ""listing_date"": null, ""reason_code"": ""valid_trading_sessions"", ""status"": ""full"", ""valid_trading_sessions"": 277}","[""l1.csv""]",[],66.8327,ranked,full,100.0,True,True,False
DPZ,Domino's Pizza Inc - Common Stock,nasdaqtrader:Q:DPZ,common_equity,eligible,Q,,353.72,,288933274.4533334,14.158463772793283,14.044364199123027,-9.239730069535312,-19.707631543106185,24.305585277123896,37.821214481498686,,,False,,277.0,,2026-08-12,,full,"{""as_of"": ""2026-08-12"", ""listing_date"": null, ""reason_code"": ""valid_trading_sessions"", ""status"": ""full"", ""valid_trading_sessions"": 277}","[""l1.csv""]",[],66.8241,ranked,full,100.0,True,True,False
TSCO,Tractor Supply Company - Common Stock,nasdaqtrader:Q:TSCO,common_equity,eligible,Q,,36.43,,389759302.4757143,19.247135842880514,19.091206276560957,-32.59944495837187,-38.80396438770368,41.85155626496409,34.9005578775316,,,False,,277.0,,2026-08-12,,full,"{""as_of"": ""2026-08-12"", ""listing_date"": null, ""reason_code"": ""valid_trading_sessions"", ""status"": ""full"", ""valid_trading_sessions"": 277}","[""l1.csv""]",[],66.7932,ranked,full,100.0,True,True,False
MRVL,"Marvell Technology, Inc. - Common Stock",nasdaqtrader:Q:MRVL,common_equity,eligible,Q,,217.08,,10421849036.165478,-2.409638554216864,31.963525835866278,164.69942689915862,180.90062111801242,31.397149448535224,95.05995975125205,,,False,,277.0,,2026-08-12,,full,"{""as_of"": ""2026-08-12"", ""listing_date"": null, ""reason_code"": ""valid_trading_sessions"", ""status"": ""full"", ""valid_trading_sessions"": 277}","[""l1.csv""]",[],66.7696,ranked,full,100.0,True,True,False
SNDK,Sandisk Corporation - Common Stock When-Issued,nasdaqtrader:Q:SNDK,common_equity,eligible,Q,,1344.29,,21300662190.585552,-23.52516184819834,-7.419319293122683,148.18883391182337,2999.5849665667515,42.42869379014989,147.11520525036258,,,False,,277.0,,2026-08-12,,full,"{""as_of"": ""2026-08-12"", ""listing_date"": null, ""reason_code"": ""valid_trading_sessions"", ""status"": ""full"", ""valid_trading_sessions"": 277}","[""l1.csv""]",[],66.7548,ranked,full,100.0,True,True,False
ADSK,"Autodesk, Inc. - Common Stock",nasdaqtrader:Q:ADSK,common_equity,eligible,Q,,249.51,,575909435.2601588,21.168414918414925,6.233235406820792,2.434518433368904,-12.335745906823137,23.648214449646566,42.29849773941689,,,False,,277.0,,2026-08-12,,full,"{""as_of"": ""2026-08-12"", ""listing_date"": null, ""reason_code"": ""valid_trading_sessions"", ""status"": ""full"", ""valid_trading_sessions"": 277}","[""l1.csv""]",[],66.7364,ranked,full,100.0,True,True,False
WDAY,"Workday, Inc. - Class A Common Stock",nasdaqtrader:Q:WDAY,common_equity,eligible,Q,,175.29,,701645456.0440476,25.377297761247398,47.77440566514921,14.396658617764157,-17.96995647901165,29.230085994590016,63.55770892132288,,,False,,277.0,,2026-08-12,,full,"{""as_of"": ""2026-08-12"", ""listing_date"": null, ""reason_code"": ""valid_trading_sessions"", ""status"": ""full"", ""valid_trading_sessions"": 277}","[""l1.csv""]",[],66.7307,ranked,full,100.0,True,True,False
BIDU,"Baidu, Inc. - American Depositary Shares, each representing 8 ordinary share",nasdaqtrader:Q:BIDU,adr,eligible,Q,,104.84,,287229695.65984124,-4.45639296454935,-25.082178076318417,-28.999051875931194,21.921153622514254,35.49101649027813,36.3700586661859,,,False,,277.0,,2026-08-12,,full,"{""as_of"": ""2026-08-12"", ""listing_date"": null, ""reason_code"": ""valid_trading_sessions"", ""status"": ""full"", ""valid_trading_sessions"": 277}","[""l1.csv""]",[],66.7173,ranked,full,100.0,True,True,False
DG,Dollar General Corporation Common Stock,nasdaqtrader:N:DG,common_equity,eligible,N,,119.6,,354733531.35158736,-0.44947561178625417,16.13905612740336,-18.22222222222223,4.408555216062848,23.451100870455722,35.45434283939767,,,False,,277.0,,2026-08-12,,full,"{""as_of"": ""2026-08-12"", ""listing_date"": null, ""reason_code"": ""valid_trading_sessions"", ""status"": ""full"", ""valid_trading_sessions"": 277}","[""l1.csv""]",[],66.7101,ranked,full,100.0,True,True,False
DOW,Dow Inc. Common Stock,nasdaqtrader:N:DOW,common_equity,eligible,N,,30.57,,360376537.3879365,0.8578027053777637,-22.4702003550596,-9.017857142857144,46.47819837086726,26.9882971101027,40.055369728606365,,,False,,277.0,,2026-08-12,,full,"{""as_of"": ""2026-08-12"", ""listing_date"": null, ""reason_code"": ""valid_trading_sessions"", ""status"": ""full"", ""valid_trading_sessions"": 277}","[""l1.csv""]",[],66.6818,ranked,full,100.0,True,True,False
LYFT,"Lyft, Inc. - Class A Common Stock",nasdaqtrader:Q:LYFT,common_equity,eligible,Q,,16.58,,198822139.0530159,6.2139654067905115,19.452449567723317,-1.6023738872403714,23.17979197622584,32.51933251933252,45.54523161365522,,,False,,277.0,,2026-08-12,,full,"{""as_of"": ""2026-08-12"", ""listing_date"": null, ""reason_code"": ""valid_trading_sessions"", ""status"": ""full"", ""valid_trading_sessions"": 277}","[""l1.csv""]",[],66.6692,ranked,full,100.0,True,True,False
FTAI,FTAI Aviation Ltd. - Common Stock,nasdaqtrader:Q:FTAI,common_equity,eligible,Q,,226.66,,303886320.55761904,9.91174473862866,-14.856692085195888,-15.36221060492906,64.22257643819735,26.893304089794867,65.89091354672945,,,False,,277.0,,2026-08-12,,full,"{""as_of"": ""2026-08-12"", ""listing_date"": null, ""reason_code"": ""valid_trading_sessions"", ""status"": ""full"", ""valid_trading_sessions"": 277}","[""l1.csv""]",[],66.6691,ranked,full,100.0,True,True,False
RMD,ResMed Inc. Common Stock,nasdaqtrader:N:RMD,common_equity,eligible,N,,226.0,,311339886.39031744,17.092378633231455,10.898473919230579,-14.244516961372089,-20.512099043331457,23.058591223232227,44.38419059510458,,,False,,277.0,,2026-08-12,,full,"{""as_of"": ""2026-08-12"", ""listing_date"": null, ""reason_code"": ""valid_trading_sessions"", ""status"": ""full"", ""valid_trading_sessions"": 277}","[""l1.csv""]",[],66.6578,ranked,full,100.0,True,True,False
TPL,Texas Pacific Land Corporation Common Stock,nasdaqtrader:N:TPL,common_equity,eligible,N,,342.77,,158056526.44936508,-17.589498232875734,-14.604250230449189,-14.653154723370355,20.295500807187473,36.49937938828063,47.391843372262535,,,False,,277.0,,2026-08-12,,full,"{""as_of"": ""2026-08-12"", ""listing_date"": null, ""reason_code"": ""valid_trading_sessions"", ""status"": ""full"", ""valid_trading_sessions"": 277}","[""l1.csv""]",[],66.65,ranked,full,100.0,True,True,False
IT,"Gartner, Inc. Common Stock",nasdaqtrader:N:IT,common_equity,eligible,N,,179.46,,240736277.9706349,34.96277355794541,17.324790794979084,12.239664769529067,-20.585892556863428,32.045893445416326,83.67347438904436,,,False,,277.0,,2026-08-12,,full,"{""as_of"": ""2026-08-12"", ""listing_date"": null, ""reason_code"": ""valid_trading_sessions"", ""status"": ""full"", ""valid_trading_sessions"": 277}","[""l1.csv""]",[],66.6061,ranked,full,100.0,True,True,False
BX,Blackstone Inc. Common Stock,nasdaqtrader:N:BX,common_equity,eligible,N,,146.41,,638079587.0561905,17.541746949261405,19.265232974910383,9.408160215214467,-13.91191862174399,22.403010387958457,34.84942308442493,,,False,,277.0,,2026-08-12,,full,"{""as_of"": ""2026-08-12"", ""listing_date"": null, ""reason_code"": ""valid_trading_sessions"", ""status"": ""full"", ""valid_trading_sessions"": 277}","[""l1.csv""]",[],66.5704,ranked,full,100.0,True,True,False
NCLH,Norwegian Cruise Line Holdings Ltd. Ordinary Shares,nasdaqtrader:N:NCLH,common_equity,eligible,N,,18.92,,342555498.9244445,-2.7749229188078095,18.25000000000001,-19.694397283531394,-20.26970080067425,29.769858945805495,55.01772366955717,,,False,,277.0,,2026-08-12,,full,"{""as_of"": ""2026-08-12"", ""listing_date"": null, ""reason_code"": ""valid_trading_sessions"", ""status"": ""full"", ""valid_trading_sessions"": 277}","[""l1.csv""]",[],66.5526,ranked,full,100.0,True,True,False
SEZL,Sezzle Inc. - Common Stock,nasdaqtrader:Q:SEZL,common_equity,eligible,Q,,125.44,,101334141.87142856,-31.22429957782773,25.905851651109103,82.88380230354278,43.67197342801512,33.47122779103686,145.4092947538767,,,False,,277.0,,2026-08-12,,full,"{""as_of"": ""2026-08-12"", ""listing_date"": null, ""reason_code"": ""valid_trading_sessions"", ""status"": ""full"", ""valid_trading_sessions"": 277}","[""l1.csv""]",[],66.5462,ranked,full,100.0,True,True,False
GEHC,GE HealthCare Technologies Inc. - Common Stock,nasdaqtrader:Q:GEHC,common_equity,eligible,Q,,72.28,,328818159.5367461,17.2234836198508,16.03788730133249,-8.760414036859377,-0.9863013698630074,18.012704174228666,47.95533037111095,,,False,,277.0,,2026-08-12,,full,"{""as_of"": ""2026-08-12"", ""listing_date"": null, ""reason_code"": ""valid_trading_sessions"", ""status"": ""full"", ""valid_trading_sessions"": 277}","[""l1.csv""]",[],66.5032,ranked,full,100.0,True,True,False
AA,Alcoa Corporation Common Stock,nasdaqtrader:N:AA,common_equity,eligible,N,,51.22,,321273040.6774603,4.402772115776599,-24.253179532682644,-17.066062176165797,74.63348107739516,38.87098699128775,54.11347814125968,,,False,,277.0,,2026-08-12,,full,"{""as_of"": ""2026-08-12"", ""listing_date"": null, ""reason_code"": ""valid_trading_sessions"", ""status"": ""full"", ""valid_trading_sessions"": 277}","[""l1.csv""]",[],66.4919,ranked,full,100.0,True,True,False
ALGM,"Allegro MicroSystems, Inc. - Common Stock",nasdaqtrader:Q:ALGM,common_equity,eligible,Q,,42.47,,145749347.98301587,-18.826452599388375,-7.412252016568566,2.0668108627733606,42.46897014424691,38.997414536052865,80.24620568531215,,,False,,277.0,,2026-08-12,,full,"{""as_of"": ""2026-08-12"", ""listing_date"": null, ""reason_code"": ""valid_trading_sessions"", ""status"": ""full"", ""valid_trading_sessions"": 277}","[""l1.csv""]",[],66.4835,ranked,full,100.0,True,True,False
LUV,Southwest Airlines Company Common Stock,nasdaqtrader:N:LUV,common_equity,eligible,N,,44.98,,280394669.19777775,-5.4247266610597205,13.93110435663627,-16.81154059552432,54.78320715760494,17.91970802919708,40.21081562439658,,,False,,277.0,,2026-08-12,,full,"{""as_of"": ""2026-08-12"", ""listing_date"": null, ""reason_code"": ""valid_trading_sessions"", ""status"": ""full"", ""valid_trading_sessions"": 277}","[""l1.csv""]",[],66.4799,ranked,full,100.0,True,True,False
TSEM,Tower Semiconductor Ltd. - Ordinary Shares,nasdaqtrader:Q:TSEM,common_equity,eligible,Q,,260.31,,530503882.1287302,1.8865709029707523,17.878005705746492,90.60555026726223,461.86056550830995,17.84440587028563,107.68521608967296,,,False,,277.0,,2026-08-12,,full,"{""as_of"": ""2026-08-12"", ""listing_date"": null, ""reason_code"": ""valid_trading_sessions"", ""status"": ""full"", ""valid_trading_sessions"": 277}","[""l1.csv""]",[],66.4611,ranked,full,100.0,True,True,False
ACMR,"ACM Research, Inc. - Class A Common Stock",nasdaqtrader:Q:ACMR,common_equity,eligible,Q,,81.26,,140858701.18547618,-17.832044087163148,29.00460390538182,29.148124602670066,239.71571906354515,35.960280557963586,118.5447478548533,,,False,,277.0,,2026-08-12,,full,"{""as_of"": ""2026-08-12"", ""listing_date"": null, ""reason_code"": ""valid_trading_sessions"", ""status"": ""full"", ""valid_trading_sessions"": 277}","[""l1.csv""]",[],66.436,ranked,full,100.0,True,True,False
TRI,Thomson Reuters Corp - Common Shares,nasdaqtrader:Q:TRI,common_equity,eligible,Q,,102.61,,191139828.55222222,11.848702855897098,17.584369449378336,11.194191590810565,-42.19480592642668,43.48736024673679,67.19261413376412,,,False,,277.0,,2026-08-12,,full,"{""as_of"": ""2026-08-12"", ""listing_date"": null, ""reason_code"": ""valid_trading_sessions"", ""status"": ""full"", ""valid_trading_sessions"": 277}","[""l1.csv""]",[],66.4342,ranked,full,100.0,True,True,False
ADI,"Analog Devices, Inc. - Common Stock",nasdaqtrader:Q:ADI,common_equity,eligible,Q,,384.43,,1895164387.6198413,-2.118395926161676,-8.392708209221967,18.227949317259196,71.56692105145714,13.70431893687708,35.063301811794354,,,False,,277.0,,2026-08-12,,full,"{""as_of"": ""2026-08-12"", ""listing_date"": null, ""reason_code"": ""valid_trading_sessions"", ""status"": ""full"", ""valid_trading_sessions"": 277}","[""l1.csv""]",[],66.4261,ranked,full,100.0,True,True,False
GOOGL,Alphabet Inc. - Class A Common Stock,nasdaqtrader:Q:GOOGL,common_equity,eligible,Q,,343.54,,11891737074.820475,-4.442157380879519,-11.310184587582295,7.834766777575508,70.91542288557216,14.6738860463961,43.92528195963753,,,False,,277.0,,2026-08-12,,full,"{""as_of"": ""2026-08-12"", ""listing_date"": null, ""reason_code"": ""valid_trading_sessions"", ""status"": ""full"", ""valid_trading_sessions"": 277}","[""l1.csv""]",[],66.4185,ranked,full,100.0,True,True,False
ROP,"Roper Technologies, Inc. - Common Stock",nasdaqtrader:Q:ROP,common_equity,eligible,Q,,395.23,,367437931.8415873,14.014135294966113,22.007161820090147,13.298360279784438,-25.072040646090844,26.87967142751424,41.67200663626933,,,False,,277.0,,2026-08-12,,full,"{""as_of"": ""2026-08-12"", ""listing_date"": null, ""reason_code"": ""valid_trading_sessions"", ""status"": ""full"", ""valid_trading_sessions"": 277}","[""l1.csv""]",[],66.4173,ranked,full,100.0,True,True,False
AVGO,Broadcom Inc. - Common Stock,nasdaqtrader:Q:AVGO,common_equity,eligible,Q,,416.05,,10308797202.101748,6.923492071650683,-0.7751013594085365,22.209493596522158,36.90358670615335,13.605498681396266,42.15073178481648,,,False,,277.0,,2026-08-12,,full,"{""as_of"": ""2026-08-12"", ""listing_date"": null, ""reason_code"": ""valid_trading_sessions"", ""status"": ""full"", ""valid_trading_sessions"": 277}","[""l1.csv""]",[],66.4014,ranked,full,100.0,True,True,False
UL,Unilever PLC American Depositary Shares (each representing One Ordinary Share),nasdaqtrader:N:UL,adr,eligible,N,,61.72,,256982440.54761904,1.4464168310322156,6.560773480662974,-14.242045296651384,-9.910961903371785,17.254323635876123,33.875708206503,,,False,,277.0,,2026-08-12,,full,"{""as_of"": ""2026-08-12"", ""listing_date"": null, ""reason_code"": ""valid_trading_sessions"", ""status"": ""full"", ""valid_trading_sessions"": 277}","[""l1.csv""]",[],66.3136,ranked,full,100.0,True,True,False
GOOG,Alphabet Inc. - Class C Capital Stock,nasdaqtrader:Q:GOOG,common_equity,eligible,Q,,342.37,,8011069856.600952,-4.186606218341582,-10.799333020686774,7.450648087122991,69.80112086495065,14.201583801122696,43.38712321950062,,,False,,277.0,,2026-08-12,,full,"{""as_of"": ""2026-08-12"", ""listing_date"": null, ""reason_code"": ""valid_trading_sessions"", ""status"": ""full"", ""valid_trading_sessions"": 277}","[""l1.csv""]",[],66.3004,ranked,full,100.0,True,True,False
LYB,LyondellBasell Industries NV Ordinary Shares Class A (Netherlands),nasdaqtrader:N:LYB,common_equity,eligible,N,,62.8,,313363373.43015873,7.2587532023911105,-15.489167003095151,8.914325355532426,29.913115432354154,23.767904831269725,36.270708362439485,,,False,,277.0,,2026-08-12,,full,"{""as_of"": ""2026-08-12"", ""listing_date"": null, ""reason_code"": ""valid_trading_sessions"", ""status"": ""full"", ""valid_trading_sessions"": 277}","[""l1.csv""]",[],66.2524,ranked,full,100.0,True,True,False
IBRX,"ImmunityBio, Inc. - Common Stock",nasdaqtrader:Q:IBRX,common_equity,eligible,Q,,7.74,,93665144.97952381,-1.7766497461928932,-4.679802955665013,17.987804878048784,213.3603238866397,32.98701298701299,63.288313999357136,,,False,,277.0,,2026-08-12,,full,"{""as_of"": ""2026-08-12"", ""listing_date"": null, ""reason_code"": ""valid_trading_sessions"", ""status"": ""full"", ""valid_trading_sessions"": 277}","[""l1.csv""]",[],66.2316,ranked,full,100.0,True,True,False
BZ,KANZHUN LIMITED - American Depository Shares,nasdaqtrader:Q:BZ,adr,eligible,Q,,16.09,,52756379.66317461,13.070976809557266,13.309859154929594,-13.957219251336895,-23.744075829383892,35.40746688077078,44.1443923994363,,,False,,277.0,,2026-08-12,,full,"{""as_of"": ""2026-08-12"", ""listing_date"": null, ""reason_code"": ""valid_trading_sessions"", ""status"": ""full"", ""valid_trading_sessions"": 277}","[""l1.csv""]",[],66.2228,ranked,full,100.0,True,True,False
ALGT,Allegiant Travel Company - Common Stock,nasdaqtrader:Q:ALGT,common_equity,eligible,Q,,84.44,,57813088.32468254,-19.033464378176244,8.968899212801663,-26.150078712611514,72.18597063621533,29.137294394091974,53.994293480029356,,,False,,277.0,,2026-08-12,,full,"{""as_of"": ""2026-08-12"", ""listing_date"": null, ""reason_code"": ""valid_trading_sessions"", ""status"": ""full"", ""valid_trading_sessions"": 277}","[""l1.csv""]",[],66.2183,ranked,full,100.0,True,True,False
BR,"Broadridge Financial Solutions, Inc. Common Stock",nasdaqtrader:N:BR,common_equity,eligible,N,,169.27,,216038194.46873018,15.922476373099581,13.201364274727489,-1.8781519911889033,-35.75359623486545,35.619199756579945,38.74879067192779,,,False,,277.0,,2026-08-12,,full,"{""as_of"": ""2026-08-12"", ""listing_date"": null, ""reason_code"": ""valid_trading_sessions"", ""status"": ""full"", ""valid_trading_sessions"": 277}","[""l1.csv""]",[],66.2087,ranked,full,100.0,True,True,False
RELX,RELX PLC PLC American Depositary Shares (Each representing One Ordinary Share),nasdaqtrader:N:RELX,adr,eligible,N,,34.55,,92335747.47555555,5.819295558958659,5.4317973756484506,17.958347558893806,-28.080766028309746,29.040870815362496,38.70522000556284,,,False,,277.0,,2026-08-12,,full,"{""as_of"": ""2026-08-12"", ""listing_date"": null, ""reason_code"": ""valid_trading_sessions"", ""status"": ""full"", ""valid_trading_sessions"": 277}","[""l1.csv""]",[],66.2054,ranked,full,100.0,True,True,False
NICE,NICE Ltd - American Depositary Shares each representing one Ordinary Share,nasdaqtrader:Q:NICE,adr,eligible,Q,,98.56,,63354503.99484127,-3.637074696910436,13.679354094579011,-13.216518446772907,-31.863117870722434,35.76642335766424,54.40526025293649,,,False,,277.0,,2026-08-12,,full,"{""as_of"": ""2026-08-12"", ""listing_date"": null, ""reason_code"": ""valid_trading_sessions"", ""status"": ""full"", ""valid_trading_sessions"": 277}","[""l1.csv""]",[],66.1989,ranked,full,100.0,True,True,False
IGV,iShares Expanded Tech-Software Sector ETF,US:IGV,etf,eligible,Z,,103.08,,1615839127.3607144,10.092918936238382,15.250447227191422,20.688443976115224,-4.881424748546648,12.488326683080064,29.26797817240691,,,False,,277.0,,2026-08-12,,full,"{""as_of"": ""2026-08-12"", ""listing_date"": null, ""reason_code"": ""valid_trading_sessions"", ""status"": ""full"", ""valid_trading_sessions"": 277}","[""l1.csv""]",[],66.1221,ranked,full,100.0,True,True,False
SWKS,"Skyworks Solutions, Inc. - Common Stock",nasdaqtrader:Q:SWKS,common_equity,eligible,Q,,69.68,,377437383.5088889,23.153057617532703,5.082189714975116,11.827956989247323,-1.205160924429316,16.470870294893302,52.98335206151798,,,False,,277.0,,2026-08-12,,full,"{""as_of"": ""2026-08-12"", ""listing_date"": null, ""reason_code"": ""valid_trading_sessions"", ""status"": ""full"", ""valid_trading_sessions"": 277}","[""l1.csv""]",[],66.1177,ranked,full,100.0,True,True,False
BSY,"Bentley Systems, Incorporated - Class B Common Stock",nasdaqtrader:Q:BSY,common_equity,eligible,Q,,35.73,,99852572.47746031,14.703049759229536,9.366391184572986,2.7314548591144128,-32.470232470232474,37.08399366085578,46.893915676634194,,,False,,277.0,,2026-08-12,,full,"{""as_of"": ""2026-08-12"", ""listing_date"": null, ""reason_code"": ""valid_trading_sessions"", ""status"": ""full"", ""valid_trading_sessions"": 277}","[""l1.csv""]",[],66.1111,ranked,full,100.0,True,True,False
DASH,"DoorDash, Inc. - Common Stock",nasdaqtrader:Q:DASH,common_equity,eligible,Q,,212.49,,828991224.9509524,13.152990042068268,36.922482118693225,14.463477698771833,-17.02526455542972,24.579399446298,43.55494786969744,,,False,,277.0,,2026-08-12,,full,"{""as_of"": ""2026-08-12"", ""listing_date"": null, ""reason_code"": ""valid_trading_sessions"", ""status"": ""full"", ""valid_trading_sessions"": 277}","[""l1.csv""]",[],66.1106,ranked,full,100.0,True,True,False
BABA,Alibaba Group Holding Limited American Depositary Shares each representing eight Ordinary share,nasdaqtrader:N:BABA,adr,eligible,N,,125.22,,1457629199.4430158,11.48504273504274,-7.09304051046149,-24.79730947090264,5.546190155091035,33.86500475335376,45.85541373764704,,,False,,277.0,,2026-08-12,,full,"{""as_of"": ""2026-08-12"", ""listing_date"": null, ""reason_code"": ""valid_trading_sessions"", ""status"": ""full"", ""valid_trading_sessions"": 277}","[""l1.csv""]",[],66.0987,ranked,full,100.0,True,True,False
TOST,"Toast, Inc. Class A Common Stock",nasdaqtrader:N:TOST,common_equity,eligible,N,,34.06,,338881833.2753968,13.533333333333331,46.431642304385214,15.575161180861908,-21.26675913083679,24.47893569844789,38.29778767195593,,,False,,277.0,,2026-08-12,,full,"{""as_of"": ""2026-08-12"", ""listing_date"": null, ""reason_code"": ""valid_trading_sessions"", ""status"": ""full"", ""valid_trading_sessions"": 277}","[""l1.csv""]",[],66.0972,ranked,full,100.0,True,True,False
HAL,Halliburton Company Common Stock,nasdaqtrader:N:HAL,common_equity,eligible,N,,33.29,,429104851.4342857,-6.013551665725581,-20.167865707434064,-2.1457965902410447,62.39024390243901,22.54536993950674,35.97100754510285,,,False,,277.0,,2026-08-12,,full,"{""as_of"": ""2026-08-12"", ""listing_date"": null, ""reason_code"": ""valid_trading_sessions"", ""status"": ""full"", ""valid_trading_sessions"": 277}","[""l1.csv""]",[],66.0894,ranked,full,100.0,True,True,False
YMM,Full Truck Alliance Co. Ltd. American Depositary Shares (each representing 20 Class A Ordinary Shares),nasdaqtrader:N:YMM,adr,eligible,N,,9.27,,77810560.18761905,7.291666666666652,5.4607508532423354,-7.300000000000006,-17.673179396092365,33.785714285714285,34.3466786205413,,,False,,277.0,,2026-08-12,,full,"{""as_of"": ""2026-08-12"", ""listing_date"": null, ""reason_code"": ""valid_trading_sessions"", ""status"": ""full"", ""valid_trading_sessions"": 277}","[""l1.csv""]",[],66.0881,ranked,full,100.0,True,True,False
AXON,"Axon Enterprise, Inc. - Common Stock",nasdaqtrader:Q:AXON,common_equity,eligible,Q,,599.78,,548087164.0466667,9.59690092460621,52.359904486104746,34.18797682171062,-26.739058740182497,24.2338495742907,81.88001265220491,,,False,,277.0,,2026-08-12,,full,"{""as_of"": ""2026-08-12"", ""listing_date"": null, ""reason_code"": ""valid_trading_sessions"", ""status"": ""full"", ""valid_trading_sessions"": 277}","[""l1.csv""]",[],66.0645,ranked,full,100.0,True,True,False
KMB,Kimberly-Clark Corporation - Common Stock,nasdaqtrader:Q:KMB,common_equity,eligible,Q,,108.93,,457188610.184127,1.975285527054882,11.906718717896037,2.8806195693237724,-18.799850913156913,19.19738891773607,29.936252183430735,,,False,,277.0,,2026-08-12,,full,"{""as_of"": ""2026-08-12"", ""listing_date"": null, ""reason_code"": ""valid_trading_sessions"", ""status"": ""full"", ""valid_trading_sessions"": 277}","[""l1.csv""]",[],66.0493,ranked,full,100.0,True,True,False
RSI,"Rush Street Interactive, Inc. Class A Common Stock",nasdaqtrader:N:RSI,common_equity,eligible,N,,24.28,,80278574.8573016,-27.54401671142942,-11.741185023627775,39.78123200921129,30.748519116855142,29.663962920046348,64.06091280486105,,,False,,277.0,,2026-08-12,,full,"{""as_of"": ""2026-08-12"", ""listing_date"": null, ""reason_code"": ""valid_trading_sessions"", ""status"": ""full"", ""valid_trading_sessions"": 277}","[""l1.csv""]",[],66.0385,ranked,full,100.0,True,True,False
GDDY,GoDaddy Inc. Class A Common Stock,nasdaqtrader:N:GDDY,common_equity,eligible,N,,91.82,,217855348.23317462,0.7903402854006591,5.503849247385939,-4.443750650431899,-32.37092141121014,38.32616872649114,73.7512354386927,,,False,,277.0,,2026-08-12,,full,"{""as_of"": ""2026-08-12"", ""listing_date"": null, ""reason_code"": ""valid_trading_sessions"", ""status"": ""full"", ""valid_trading_sessions"": 277}","[""l1.csv""]",[],66.0283,ranked,full,100.0,True,True,False
EXTR,"Extreme Networks, Inc. - Common Stock",nasdaqtrader:Q:EXTR,common_equity,eligible,Q,,24.42,,61050136.2652381,-26.04482132041187,7.152259763053981,58.05825242718448,21.613545816733094,27.558587956096115,82.12048288420497,,,False,,277.0,,2026-08-12,,full,"{""as_of"": ""2026-08-12"", ""listing_date"": null, ""reason_code"": ""valid_trading_sessions"", ""status"": ""full"", ""valid_trading_sessions"": 277}","[""l1.csv""]",[],66.0078,ranked,full,100.0,True,True,False
CIFR,Cipher Digital Inc. - Common Stock,nasdaqtrader:Q:CIFR,common_equity,eligible,Q,,17.87,,607534227.0185714,-10.06542526421741,-10.917248255234291,4.502923976608186,275.42016806722694,38.759424263193964,150.59436510894764,,,False,,277.0,,2026-08-12,,full,"{""as_of"": ""2026-08-12"", ""listing_date"": null, ""reason_code"": ""valid_trading_sessions"", ""status"": ""full"", ""valid_trading_sessions"": 277}","[""l1.csv""]",[],65.9994,ranked,full,100.0,True,True,False
WWD,"Woodward, Inc. - Common Stock",nasdaqtrader:Q:WWD,common_equity,eligible,Q,,362.7,,295050088.69523805,-8.844152906582226,-1.2926928833854934,-7.363420427553436,45.83835946924004,16.895793236183664,39.50181923548428,,,False,,277.0,,2026-08-12,,full,"{""as_of"": ""2026-08-12"", ""listing_date"": null, ""reason_code"": ""valid_trading_sessions"", ""status"": ""full"", ""valid_trading_sessions"": 277}","[""l1.csv""]",[],65.9739,ranked,full,100.0,True,True,False
GIS,"General Mills, Inc. Common Stock",nasdaqtrader:N:GIS,common_equity,eligible,N,,38.18,,362681624.96380955,4.717498628634109,11.866393202461168,-21.537196876284415,-22.634245187436676,25.298376051653293,39.453763342441256,,,False,,277.0,,2026-08-12,,full,"{""as_of"": ""2026-08-12"", ""listing_date"": null, ""reason_code"": ""valid_trading_sessions"", ""status"": ""full"", ""valid_trading_sessions"": 277}","[""l1.csv""]",[],65.9565,ranked,full,100.0,True,True,False
RCL,Royal Caribbean Cruises Ltd. Common Stock,nasdaqtrader:N:RCL,common_equity,eligible,N,,308.0,,759233512.2563492,8.799321770461699,19.32434526576785,-11.315865246184853,1.6971538004358466,15.81019024710255,35.96885167309253,,,False,,277.0,,2026-08-12,,full,"{""as_of"": ""2026-08-12"", ""listing_date"": null, ""reason_code"": ""valid_trading_sessions"", ""status"": ""full"", ""valid_trading_sessions"": 277}","[""l1.csv""]",[],65.9525,ranked,full,100.0,True,True,False
FCEL,"FuelCell Energy, Inc. - Common Stock",nasdaqtrader:Q:FCEL,common_equity,eligible,Q,,21.67,,269773782.413492,1.4988290398126436,26.799297834991243,192.04851752021565,432.43243243243245,39.822271591224656,153.23579813619338,,,False,,277.0,,2026-08-12,,full,"{""as_of"": ""2026-08-12"", ""listing_date"": null, ""reason_code"": ""valid_trading_sessions"", ""status"": ""full"", ""valid_trading_sessions"": 277}","[""l1.csv""]",[],65.9285,ranked,full,100.0,True,True,False
CCL,Carnival Corporation Ltd. Common Shares,nasdaqtrader:N:CCL,common_equity,eligible,N,,27.67,,627562866.61,4.415094339622638,11.348088531187116,-17.031484257871064,-3.2855644879412726,18.593704030597237,37.10869017929876,,,False,,277.0,,2026-08-12,,full,"{""as_of"": ""2026-08-12"", ""listing_date"": null, ""reason_code"": ""valid_trading_sessions"", ""status"": ""full"", ""valid_trading_sessions"": 277}","[""l1.csv""]",[],65.8984,ranked,full,100.0,True,True,False
DAVE,Dave Inc.  - Class A Common Stock,nasdaqtrader:Q:DAVE,common_equity,eligible,Q,,316.19,,186717423.76825395,-24.175059952038367,30.522187822497425,70.42526815070337,69.33911739502999,28.549476871624524,81.96186253080825,,,False,,277.0,,2026-08-12,,full,"{""as_of"": ""2026-08-12"", ""listing_date"": null, ""reason_code"": ""valid_trading_sessions"", ""status"": ""full"", ""valid_trading_sessions"": 277}","[""l1.csv""]",[],65.8899,ranked,full,100.0,True,True,False
STM,STMicroelectronics N.V. Common Stock,nasdaqtrader:N:STM,common_equity,eligible,N,,54.18,,814755768.3244445,-22.74347640096962,-6.4733298808907325,62.02153110047848,118.73233750504642,32.19872356400951,87.03795085507437,,,False,,277.0,,2026-08-12,,full,"{""as_of"": ""2026-08-12"", ""listing_date"": null, ""reason_code"": ""valid_trading_sessions"", ""status"": ""full"", ""valid_trading_sessions"": 277}","[""l1.csv""]",[],65.8765,ranked,full,100.0,True,True,False
GEV,GE Vernova Inc. Common Stock,nasdaqtrader:N:GEV,common_equity,eligible,N,,1039.9,,2888239481.5814285,-2.449320362848373,-2.9925931453944954,31.501409982422658,59.797774909336795,11.487326149498644,56.473351052919355,,,False,,277.0,,2026-08-12,,full,"{""as_of"": ""2026-08-12"", ""listing_date"": null, ""reason_code"": ""valid_trading_sessions"", ""status"": ""full"", ""valid_trading_sessions"": 277}","[""l1.csv""]",[],65.8718,ranked,full,100.0,True,True,False
STRL,"Sterling Infrastructure, Inc. - Common Stock",nasdaqtrader:Q:STRL,common_equity,eligible,Q,,548.95,,591403940.9669048,-19.226920926400037,-35.520056381041876,32.21657554372699,89.38453046298214,44.75919254533378,101.53433159058103,,,False,,277.0,,2026-08-12,,full,"{""as_of"": ""2026-08-12"", ""listing_date"": null, ""reason_code"": ""valid_trading_sessions"", ""status"": ""full"", ""valid_trading_sessions"": 277}","[""l1.csv""]",[],65.8494,ranked,full,100.0,True,True,False
VCYT,"Veracyte, Inc. - Common Stock",nasdaqtrader:Q:VCYT,common_equity,eligible,Q,,44.68,,66958325.39888889,-21.087954786294596,12.942366026289175,20.658925195787205,59.62843872811718,26.136551496115068,87.22817648282489,,,False,,277.0,,2026-08-12,,full,"{""as_of"": ""2026-08-12"", ""listing_date"": null, ""reason_code"": ""valid_trading_sessions"", ""status"": ""full"", ""valid_trading_sessions"": 277}","[""l1.csv""]",[],65.8182,ranked,full,100.0,True,True,False
AMAT,"Applied Materials, Inc. - Common Stock",nasdaqtrader:Q:AMAT,common_equity,eligible,Q,,548.15,,5242163437.589365,-7.982205808292775,27.121985157699434,66.57550065335643,197.29363271504502,24.18395573997234,83.61534857541963,,,False,,277.0,,2026-08-12,,full,"{""as_of"": ""2026-08-12"", ""listing_date"": null, ""reason_code"": ""valid_trading_sessions"", ""status"": ""full"", ""valid_trading_sessions"": 277}","[""l1.csv""]",[],65.8079,ranked,full,100.0,True,True,False
NCNO,"nCino, Inc. - Common Stock",nasdaqtrader:Q:NCNO,common_equity,eligible,Q,,19.0,,54598105.83285714,8.447488584474883,17.35639283508337,1.986044015029531,-27.480916030534353,41.87825022942796,42.27052829823701,,,False,,277.0,,2026-08-12,,full,"{""as_of"": ""2026-08-12"", ""listing_date"": null, ""reason_code"": ""valid_trading_sessions"", ""status"": ""full"", ""valid_trading_sessions"": 277}","[""l1.csv""]",[],65.7914,ranked,full,100.0,True,True,False
CRSP,CRISPR Therapeutics AG - Common Shares,nasdaqtrader:Q:CRSP,common_equity,eligible,Q,,53.99,,86675446.35761905,6.995640110978996,2.195722127579036,10.567274216670096,-2.562714311496106,29.68220890856994,51.06932444951351,,,False,,277.0,,2026-08-12,,full,"{""as_of"": ""2026-08-12"", ""listing_date"": null, ""reason_code"": ""valid_trading_sessions"", ""status"": ""full"", ""valid_trading_sessions"": 277}","[""l1.csv""]",[],65.791,ranked,full,100.0,True,True,False
BB,BlackBerry Limited Common Stock,nasdaqtrader:N:BB,common_equity,eligible,N,,8.77,,291110121.27111113,-20.345140781108086,40.9967845659164,149.14772727272725,144.97206703910615,31.53786104605777,66.1637799078261,,,False,,277.0,,2026-08-12,,full,"{""as_of"": ""2026-08-12"", ""listing_date"": null, ""reason_code"": ""valid_trading_sessions"", ""status"": ""full"", ""valid_trading_sessions"": 277}","[""l1.csv""]",[],65.7884,ranked,full,100.0,True,True,False
AAPL,Apple Inc. - Common Stock,nasdaqtrader:Q:AAPL,common_equity,eligible,Q,,302.25,,17377144578.660633,-4.0049545829892725,2.5271370420624217,10.439199064601002,33.044282067083365,11.123853211009171,35.11904302154529,,,False,,277.0,,2026-08-12,,full,"{""as_of"": ""2026-08-12"", ""listing_date"": null, ""reason_code"": ""valid_trading_sessions"", ""status"": ""full"", ""valid_trading_sessions"": 277}","[""l1.csv""]",[],65.781,ranked,full,100.0,True,True,False
MORN,"Morningstar, Inc. - Common Stock",nasdaqtrader:Q:MORN,common_equity,eligible,Q,,197.51,,80149022.3684127,15.85523228531207,12.336480491411672,22.31236066385931,-22.63914456934707,25.515706905004343,40.57002406432784,,,False,,277.0,,2026-08-12,,full,"{""as_of"": ""2026-08-12"", ""listing_date"": null, ""reason_code"": ""valid_trading_sessions"", ""status"": ""full"", ""valid_trading_sessions"": 277}","[""l1.csv""]",[],65.7354,ranked,full,100.0,True,True,False
UMC,United Microelectronics Corporation (NEW) Common Stock,nasdaqtrader:N:UMC,common_equity,eligible,N,,19.31,,375221962.2363492,-19.001677852348998,20.23661270236612,94.853683148335,187.35119047619045,31.060335594430565,80.97181953348723,,,False,,277.0,,2026-08-12,,full,"{""as_of"": ""2026-08-12"", ""listing_date"": null, ""reason_code"": ""valid_trading_sessions"", ""status"": ""full"", ""valid_trading_sessions"": 277}","[""l1.csv""]",[],65.7247,ranked,full,100.0,True,True,False
SYNA,Synaptics Incorporated - Common Stock,nasdaqtrader:Q:SYNA,common_equity,eligible,Q,,110.04,,126097716.1397619,-10.420058612829697,-7.985617526549039,27.983251919050932,71.61572052401746,25.431998373653176,59.425486264138186,,,False,,277.0,,2026-08-12,,full,"{""as_of"": ""2026-08-12"", ""listing_date"": null, ""reason_code"": ""valid_trading_sessions"", ""status"": ""full"", ""valid_trading_sessions"": 277}","[""l1.csv""]",[],65.7243,ranked,full,100.0,True,True,False
KLIC,"Kulicke and Soffa Industries, Inc. - Common Stock",nasdaqtrader:Q:KLIC,common_equity,eligible,Q,,95.15,,117047782.82261905,-13.5707148696521,-2.9081632653061185,27.137894174238376,171.39189960068455,28.891712129138327,82.81982766974582,,,False,,277.0,,2026-08-12,,full,"{""as_of"": ""2026-08-12"", ""listing_date"": null, ""reason_code"": ""valid_trading_sessions"", ""status"": ""full"", ""valid_trading_sessions"": 277}","[""l1.csv""]",[],65.6856,ranked,full,100.0,True,True,False
SNEX,StoneX Group Inc. - Common Stock,nasdaqtrader:Q:SNEX,common_equity,eligible,Q,,69.4,,100608634.19412698,-8.067293681282273,-10.877102863747268,24.30592871216193,74.63512833417212,25.110607532103156,63.395426331981184,,,False,,277.0,,2026-08-12,,full,"{""as_of"": ""2026-08-12"", ""listing_date"": null, ""reason_code"": ""valid_trading_sessions"", ""status"": ""full"", ""valid_trading_sessions"": 277}","[""l1.csv""]",[],65.6814,ranked,full,100.0,True,True,False
POWI,"Power Integrations, Inc. - Common Stock",nasdaqtrader:Q:POWI,common_equity,eligible,Q,,63.84,,77557618.17904761,-9.77953646127756,-9.970384995064151,39.81603153745075,45.620437956204384,26.91471093302804,77.7295982305111,,,False,,277.0,,2026-08-12,,full,"{""as_of"": ""2026-08-12"", ""listing_date"": null, ""reason_code"": ""valid_trading_sessions"", ""status"": ""full"", ""valid_trading_sessions"": 277}","[""l1.csv""]",[],65.672,ranked,full,100.0,True,True,False
VEEV,Veeva Systems Inc. Class A Common Stock,nasdaqtrader:N:VEEV,common_equity,eligible,N,,241.51,,411905447.64365077,25.076389248536945,51.492911805294206,29.156639392480876,-12.799682264586941,21.13186597870813,39.525235685700615,,,False,,277.0,,2026-08-12,,full,"{""as_of"": ""2026-08-12"", ""listing_date"": null, ""reason_code"": ""valid_trading_sessions"", ""status"": ""full"", ""valid_trading_sessions"": 277}","[""l1.csv""]",[],65.6509,ranked,full,100.0,True,True,False
AXP,American Express Company Common Stock,nasdaqtrader:N:AXP,common_equity,eligible,N,,344.08,,1011552841.1619047,-3.0924350813946955,9.471540835480896,-5.2643171806167395,16.1529892313405,10.603029436981991,29.006965423658393,,,False,,277.0,,2026-08-12,,full,"{""as_of"": ""2026-08-12"", ""listing_date"": null, ""reason_code"": ""valid_trading_sessions"", ""status"": ""full"", ""valid_trading_sessions"": 277}","[""l1.csv""]",[],65.6508,ranked,full,100.0,True,True,False
ODFL,"Old Dominion Freight Line, Inc. - Common Stock",nasdaqtrader:Q:ODFL,common_equity,eligible,Q,,212.55,,412681063.00603175,-7.025064520362189,11.212850565090005,9.285824463982717,48.61557824080547,14.545893137136645,32.86715621417467,,,False,,277.0,,2026-08-12,,full,"{""as_of"": ""2026-08-12"", ""listing_date"": null, ""reason_code"": ""valid_trading_sessions"", ""status"": ""full"", ""valid_trading_sessions"": 277}","[""l1.csv""]",[],65.6365,ranked,full,100.0,True,True,False
DVA,DaVita Inc. Common Stock,nasdaqtrader:N:DVA,common_equity,eligible,N,,181.5,,187481458.20952383,-21.905253646572863,-9.494365213922407,30.313038483630095,40.64316156528476,24.67629482071714,61.119934212876515,,,False,,277.0,,2026-08-12,,full,"{""as_of"": ""2026-08-12"", ""listing_date"": null, ""reason_code"": ""valid_trading_sessions"", ""status"": ""full"", ""valid_trading_sessions"": 277}","[""l1.csv""]",[],65.6235,ranked,full,100.0,True,True,False
BMI,"Badger Meter, Inc. Common Stock",nasdaqtrader:N:BMI,common_equity,eligible,N,,134.77,,65186765.82666667,-4.729252085395164,17.150556328233655,-11.943809212675593,-28.644040874675703,30.203532031695058,53.216641925361664,,,False,,277.0,,2026-08-12,,full,"{""as_of"": ""2026-08-12"", ""listing_date"": null, ""reason_code"": ""valid_trading_sessions"", ""status"": ""full"", ""valid_trading_sessions"": 277}","[""l1.csv""]",[],65.6105,ranked,full,100.0,True,True,False
CVS,CVS Health Corporation Common Stock,nasdaqtrader:N:CVS,common_equity,eligible,N,,94.72,,828231163.4912698,-10.792993030702592,-0.4519180241723708,25.125495376486118,45.99260172626387,14.358047016274867,28.595549281144695,,,False,,277.0,,2026-08-12,,full,"{""as_of"": ""2026-08-12"", ""listing_date"": null, ""reason_code"": ""valid_trading_sessions"", ""status"": ""full"", ""valid_trading_sessions"": 277}","[""l1.csv""]",[],65.5895,ranked,full,100.0,True,True,False
GFI,Gold Fields Limited American Depositary Shares,nasdaqtrader:N:GFI,adr,eligible,N,,40.73,,135322048.94063494,22.202220222022206,-10.12797881729921,-27.059455587392556,30.880462724935718,33.783124695171516,52.92532078901525,,,False,,277.0,,2026-08-12,,full,"{""as_of"": ""2026-08-12"", ""listing_date"": null, ""reason_code"": ""valid_trading_sessions"", ""status"": ""full"", ""valid_trading_sessions"": 277}","[""l1.csv""]",[],65.5877,ranked,full,100.0,True,True,False
ERIE,Erie Indemnity Company - Class A Common Stock,nasdaqtrader:Q:ERIE,common_equity,eligible,Q,,258.17,,56982237.75484127,8.26099719042228,18.155606407322654,-7.3463967843812705,-28.455036718858253,30.027645273200342,61.39578732434846,,,False,,277.0,,2026-08-12,,full,"{""as_of"": ""2026-08-12"", ""listing_date"": null, ""reason_code"": ""valid_trading_sessions"", ""status"": ""full"", ""valid_trading_sessions"": 277}","[""l1.csv""]",[],65.587,ranked,full,100.0,True,True,False
G,Genpact Limited Common Stock,nasdaqtrader:N:G,common_equity,eligible,N,,33.95,,82628798.41952382,15.006775067750699,8.640000000000004,-13.260091977516597,-21.502890173410393,29.999999999999993,43.62790985045327,,,False,,277.0,,2026-08-12,,full,"{""as_of"": ""2026-08-12"", ""listing_date"": null, ""reason_code"": ""valid_trading_sessions"", ""status"": ""full"", ""valid_trading_sessions"": 277}","[""l1.csv""]",[],65.5833,ranked,full,100.0,True,True,False
OUST,"Ouster, Inc. - Common Stock",nasdaqtrader:Q:OUST,common_equity,eligible,Q,,46.12,,202923197.5284127,9.888015248987369,70.18450184501843,129.91026919242273,65.42324246771881,26.231605886116448,132.35277096697533,,,False,,277.0,,2026-08-12,,full,"{""as_of"": ""2026-08-12"", ""listing_date"": null, ""reason_code"": ""valid_trading_sessions"", ""status"": ""full"", ""valid_trading_sessions"": 277}","[""l1.csv""]",[],65.5809,ranked,full,100.0,True,True,False
BTU,Peabody Energy Corporation Common Stock,nasdaqtrader:N:BTU,common_equity,eligible,N,,24.66,,76505356.05761905,2.579034941763725,-0.4440855874041194,-31.423804226918794,40.11363636363636,37.56962025316456,47.30593247824899,,,False,,277.0,,2026-08-12,,full,"{""as_of"": ""2026-08-12"", ""listing_date"": null, ""reason_code"": ""valid_trading_sessions"", ""status"": ""full"", ""valid_trading_sessions"": 277}","[""l1.csv""]",[],65.5787,ranked,full,100.0,True,True,False
CLF,Cleveland-Cliffs Inc. Common Stock,nasdaqtrader:N:CLF,common_equity,eligible,N,,12.25,,244298764.5068254,25.127681307456594,13.53104726598704,-0.16299918500407573,26.02880658436213,24.289245982694684,66.70568326934921,,,False,,277.0,,2026-08-12,,full,"{""as_of"": ""2026-08-12"", ""listing_date"": null, ""reason_code"": ""valid_trading_sessions"", ""status"": ""full"", ""valid_trading_sessions"": 277}","[""l1.csv""]",[],65.5719,ranked,full,100.0,True,True,False
CCJ,Cameco Corporation Common Stock,nasdaqtrader:N:CCJ,common_equity,eligible,N,,99.03,,336308329.06603175,8.14677296057662,-15.308304113572223,-16.14023202642053,27.50096562379296,26.1466179431725,42.678593446932624,,,False,,277.0,,2026-08-12,,full,"{""as_of"": ""2026-08-12"", ""listing_date"": null, ""reason_code"": ""valid_trading_sessions"", ""status"": ""full"", ""valid_trading_sessions"": 277}","[""l1.csv""]",[],65.5695,ranked,full,100.0,True,True,False
SANM,Sanmina Corporation - Common Stock,nasdaqtrader:Q:SANM,common_equity,eligible,Q,,208.9,,247508486.62460318,0.6310515920805448,-11.422998643147897,39.55508049969938,75.31050688150387,26.11063950198076,90.45470504273206,,,False,,277.0,,2026-08-12,,full,"{""as_of"": ""2026-08-12"", ""listing_date"": null, ""reason_code"": ""valid_trading_sessions"", ""status"": ""full"", ""valid_trading_sessions"": 277}","[""l1.csv""]",[],65.5648,ranked,full,100.0,True,True,False
IR,Ingersoll Rand Inc. Common Stock,nasdaqtrader:N:IR,common_equity,eligible,N,,84.76,,338096978.63857144,7.2775598025566435,15.77653326048356,-13.33333333333333,10.86984957488555,14.175779667881738,35.656274824981715,,,False,,277.0,,2026-08-12,,full,"{""as_of"": ""2026-08-12"", ""listing_date"": null, ""reason_code"": ""valid_trading_sessions"", ""status"": ""full"", ""valid_trading_sessions"": 277}","[""l1.csv""]",[],65.5439,ranked,full,100.0,True,True,False
INOD,Innodata Inc. - Common Stock,nasdaqtrader:Q:INOD,common_equity,eligible,Q,,61.47,,129554038.25841269,-8.445040214477217,-33.25008144206755,29.274447949526827,53.40653855752433,49.40740740740741,69.10887640206852,,,False,,277.0,,2026-08-12,,full,"{""as_of"": ""2026-08-12"", ""listing_date"": null, ""reason_code"": ""valid_trading_sessions"", ""status"": ""full"", ""valid_trading_sessions"": 277}","[""l1.csv""]",[],65.5395,ranked,full,100.0,True,True,False
COHU,"Cohu, Inc. - Common Stock",nasdaqtrader:Q:COHU,common_equity,eligible,Q,,56.14,,76457437.1179365,0.6453926138400901,13.828061638280609,72.57915770058408,192.70072992700727,24.042754701664183,112.7181553395118,,,False,,277.0,,2026-08-12,,full,"{""as_of"": ""2026-08-12"", ""listing_date"": null, ""reason_code"": ""valid_trading_sessions"", ""status"": ""full"", ""valid_trading_sessions"": 277}","[""l1.csv""]",[],65.539,ranked,full,100.0,True,True,False
VALE,VALE S.A.  American Depositary Shares Each Representing one common share,nasdaqtrader:N:VALE,adr,eligible,N,,14.42,,349937587.0619048,-1.1651816312542862,-15.325895478567242,-13.859020310633207,41.37254901960785,19.079685746352414,31.231472018001362,,,False,,277.0,,2026-08-12,,full,"{""as_of"": ""2026-08-12"", ""listing_date"": null, ""reason_code"": ""valid_trading_sessions"", ""status"": ""full"", ""valid_trading_sessions"": 277}","[""l1.csv""]",[],65.5199,ranked,full,100.0,True,True,False
SKM,"SK Telecom Co., Ltd. Common Stock",nasdaqtrader:N:SKM,common_equity,eligible,N,,35.05,,99174329.35126984,11.695347355003172,-10.289224468901981,20.903759917212827,55.9857587894971,23.804347826086957,65.60151503960967,,,False,,277.0,,2026-08-12,,full,"{""as_of"": ""2026-08-12"", ""listing_date"": null, ""reason_code"": ""valid_trading_sessions"", ""status"": ""full"", ""valid_trading_sessions"": 277}","[""l1.csv""]",[],65.5072,ranked,full,100.0,True,True,False
IBP,"Installed Building Products, Inc. Common Stock",nasdaqtrader:N:IBP,common_equity,eligible,N,,242.95,,99206910.46333332,8.266488413547224,19.88650382432764,-27.920844953420765,-3.6830003171582693,29.413986460966335,41.07035993467435,,,False,,277.0,,2026-08-12,,full,"{""as_of"": ""2026-08-12"", ""listing_date"": null, ""reason_code"": ""valid_trading_sessions"", ""status"": ""full"", ""valid_trading_sessions"": 277}","[""l1.csv""]",[],65.5052,ranked,full,100.0,True,True,False
GS,"Goldman Sachs Group, Inc. (The) Common Stock",nasdaqtrader:N:GS,common_equity,eligible,N,,1037.21,,2259447456.471111,-9.016666666666662,9.653240300243171,9.296199116955917,44.20916522996497,9.969880302412172,42.98539298222847,,,False,,277.0,,2026-08-12,,full,"{""as_of"": ""2026-08-12"", ""listing_date"": null, ""reason_code"": ""valid_trading_sessions"", ""status"": ""full"", ""valid_trading_sessions"": 277}","[""l1.csv""]",[],65.4925,ranked,full,100.0,True,True,False
MDT,Medtronic plc. Ordinary Shares,nasdaqtrader:N:MDT,common_equity,eligible,N,,90.76,,757443419.2685714,14.451450189155125,18.14631606352515,-10.510747387103137,-2.1350010782833606,13.849074513526327,30.17397928432799,,,False,,277.0,,2026-08-12,,full,"{""as_of"": ""2026-08-12"", ""listing_date"": null, ""reason_code"": ""valid_trading_sessions"", ""status"": ""full"", ""valid_trading_sessions"": 277}","[""l1.csv""]",[],65.4623,ranked,full,100.0,True,True,False
PCOR,"Procore Technologies, Inc. Common Stock",nasdaqtrader:N:PCOR,common_equity,eligible,N,,57.98,,148389120.55952382,34.711895910780655,20.565606155125792,10.543374642516667,-5.907172995780597,27.160804020100503,48.108407958761,,,False,,277.0,,2026-08-12,,full,"{""as_of"": ""2026-08-12"", ""listing_date"": null, ""reason_code"": ""valid_trading_sessions"", ""status"": ""full"", ""valid_trading_sessions"": 277}","[""l1.csv""]",[],65.4548,ranked,full,100.0,True,True,False
ESLT,Elbit Systems Ltd. - Ordinary Shares,nasdaqtrader:Q:ESLT,common_equity,eligible,Q,,779.51,,80774015.15142857,5.8685318484313465,-2.829683000710548,14.773915220048007,75.5178780509772,23.150256819772665,44.706666650006625,,,False,,277.0,,2026-08-12,,full,"{""as_of"": ""2026-08-12"", ""listing_date"": null, ""reason_code"": ""valid_trading_sessions"", ""status"": ""full"", ""valid_trading_sessions"": 277}","[""l1.csv""]",[],65.42,ranked,full,100.0,True,True,False
PWR,"Quanta Services, Inc. Common Stock",nasdaqtrader:N:PWR,common_equity,eligible,N,,678.02,,848128080.8536508,2.584198263079851,-11.46367898042595,32.778474071753095,76.5125481620327,13.654424125108255,59.606146508936575,,,False,,277.0,,2026-08-12,,full,"{""as_of"": ""2026-08-12"", ""listing_date"": null, ""reason_code"": ""valid_trading_sessions"", ""status"": ""full"", ""valid_trading_sessions"": 277}","[""l1.csv""]",[],65.4136,ranked,full,100.0,True,True,False
ALB,Albemarle Corporation Common Stock,nasdaqtrader:N:ALB,common_equity,eligible,N,,128.34,,335443362.4652381,-0.31844660194174645,-37.55352277150642,-23.860939724727103,58.9153046062407,40.478619794082185,35.050661778883146,,,False,,277.0,,2026-08-12,,full,"{""as_of"": ""2026-08-12"", ""listing_date"": null, ""reason_code"": ""valid_trading_sessions"", ""status"": ""full"", ""valid_trading_sessions"": 277}","[""l1.csv""]",[],65.3848,ranked,full,100.0,True,True,False
W,Wayfair Inc. Class A Common Stock,nasdaqtrader:N:W,common_equity,eligible,N,,102.94,,323800599.0411111,16.001803020058603,70.17688874194081,14.365070547716918,43.45039018952062,13.532129357412847,99.24816552524834,,,False,,277.0,,2026-08-12,,full,"{""as_of"": ""2026-08-12"", ""listing_date"": null, ""reason_code"": ""valid_trading_sessions"", ""status"": ""full"", ""valid_trading_sessions"": 277}","[""l1.csv""]",[],65.383,ranked,full,100.0,True,True,False
ELF,"e.l.f. Beauty, Inc. Common Stock",nasdaqtrader:N:ELF,common_equity,eligible,N,,92.62,,238986168.1957143,28.193771626297593,66.40316205533598,26.42642642642643,-17.05919226291752,36.851435194654655,58.81345270422732,,,False,,277.0,,2026-08-12,,full,"{""as_of"": ""2026-08-12"", ""listing_date"": null, ""reason_code"": ""valid_trading_sessions"", ""status"": ""full"", ""valid_trading_sessions"": 277}","[""l1.csv""]",[],65.3766,ranked,full,100.0,True,True,False
WYNN,"Wynn Resorts, Limited - Common Stock",nasdaqtrader:Q:WYNN,common_equity,eligible,Q,,102.97,,149762080.3211111,7.3722627737226265,5.881748071979431,-11.886017456785902,-5.210347049617969,22.776361181940906,23.49234535321994,,,False,,277.0,,2026-08-12,,full,"{""as_of"": ""2026-08-12"", ""listing_date"": null, ""reason_code"": ""valid_trading_sessions"", ""status"": ""full"", ""valid_trading_sessions"": 277}","[""l1.csv""]",[],65.3702,ranked,full,100.0,True,True,False
SIMO,"Silicon Motion Technology Corporation - American Depositary Shares, each representing four ordinary shares",nasdaqtrader:Q:SIMO,adr,eligible,Q,,241.31,,291867930.5734127,-21.75675237508512,-6.725677399404728,83.75723423697838,221.57515991471212,28.373404571089335,113.74505483180553,,,False,,277.0,,2026-08-12,,full,"{""as_of"": ""2026-08-12"", ""listing_date"": null, ""reason_code"": ""valid_trading_sessions"", ""status"": ""full"", ""valid_trading_sessions"": 277}","[""l1.csv""]",[],65.3665,ranked,full,100.0,True,True,False
RARE,Ultragenyx Pharmaceutical Inc. - Common Stock,nasdaqtrader:Q:RARE,common_equity,eligible,Q,,26.86,,62665734.17047619,-16.14111770215424,0.07451564828613311,10.991735537190085,-1.9350127783862803,26.491516146688564,46.14553862493179,,,False,,277.0,,2026-08-12,,full,"{""as_of"": ""2026-08-12"", ""listing_date"": null, ""reason_code"": ""valid_trading_sessions"", ""status"": ""full"", ""valid_trading_sessions"": 277}","[""l1.csv""]",[],65.3655,ranked,full,100.0,True,True,False
VSH,"Vishay Intertechnology, Inc. Common Stock",nasdaqtrader:N:VSH,common_equity,eligible,N,,33.55,,360998002.2722222,-19.621466219453776,-0.23788284269998794,73.29545454545455,140.1574803149606,48.30508474576271,105.42504882008406,,,False,,277.0,,2026-08-12,,full,"{""as_of"": ""2026-08-12"", ""listing_date"": null, ""reason_code"": ""valid_trading_sessions"", ""status"": ""full"", ""valid_trading_sessions"": 277}","[""l1.csv""]",[],65.363,ranked,full,100.0,True,True,False
GWRE,"Guidewire Software, Inc. Common Stock",nasdaqtrader:N:GWRE,common_equity,eligible,N,,173.08,,225902642.64380953,23.004761566342125,31.739990866189682,29.900930651456026,-17.150926236178254,33.908660455170306,59.774750888318515,,,False,,277.0,,2026-08-12,,full,"{""as_of"": ""2026-08-12"", ""listing_date"": null, ""reason_code"": ""valid_trading_sessions"", ""status"": ""full"", ""valid_trading_sessions"": 277}","[""l1.csv""]",[],65.3545,ranked,full,100.0,True,True,False
UPS,"United Parcel Service, Inc. Common Stock",nasdaqtrader:N:UPS,common_equity,eligible,N,,103.91,,575555910.9244444,-8.586258467493623,5.556684274685075,-12.459983150800348,20.39161163248753,13.408333333333333,34.68426399444216,,,False,,277.0,,2026-08-12,,full,"{""as_of"": ""2026-08-12"", ""listing_date"": null, ""reason_code"": ""valid_trading_sessions"", ""status"": ""full"", ""valid_trading_sessions"": 277}","[""l1.csv""]",[],65.3521,ranked,full,100.0,True,True,False
AI,"C3.ai, Inc. Class A Common Stock",nasdaqtrader:N:AI,common_equity,eligible,N,,10.08,,61020846.725873016,10.163934426229515,14.675767918088756,-12.195121951219512,-38.79781420765027,48.728382502543234,47.40711658951605,,,False,,277.0,,2026-08-12,,full,"{""as_of"": ""2026-08-12"", ""listing_date"": null, ""reason_code"": ""valid_trading_sessions"", ""status"": ""full"", ""valid_trading_sessions"": 277}","[""l1.csv""]",[],65.3348,ranked,full,100.0,True,True,False
RXO,"RXO, Inc. Common Stock",nasdaqtrader:N:RXO,common_equity,eligible,N,,22.71,,56096933.95523809,-19.008559201141217,13.26683291770574,38.5600976205003,59.36842105263158,22.491467576791813,64.71283004904326,,,False,,277.0,,2026-08-12,,full,"{""as_of"": ""2026-08-12"", ""listing_date"": null, ""reason_code"": ""valid_trading_sessions"", ""status"": ""full"", ""valid_trading_sessions"": 277}","[""l1.csv""]",[],65.3322,ranked,full,100.0,True,True,False
MYRG,"MYR Group, Inc. - Common Stock",nasdaqtrader:Q:MYRG,common_equity,eligible,Q,,332.68,,123191926.33619048,-20.609011072928595,-26.9268785555824,23.52591712461014,80.56882327399045,33.61403228703131,52.26134516060213,,,False,,277.0,,2026-08-12,,full,"{""as_of"": ""2026-08-12"", ""listing_date"": null, ""reason_code"": ""valid_trading_sessions"", ""status"": ""full"", ""valid_trading_sessions"": 277}","[""l1.csv""]",[],65.3152,ranked,full,100.0,True,True,False
TKO,"TKO Group Holdings, Inc. Class A Common Stock",nasdaqtrader:N:TKO,common_equity,eligible,N,,195.14,,266782753.6174603,5.732553099263105,6.441935307914681,-8.859931810751497,8.411111111111103,13.255689900426749,24.23156091380659,,,False,,277.0,,2026-08-12,,full,"{""as_of"": ""2026-08-12"", ""listing_date"": null, ""reason_code"": ""valid_trading_sessions"", ""status"": ""full"", ""valid_trading_sessions"": 277}","[""l1.csv""]",[],65.3139,ranked,full,100.0,True,True,False
UTHR,United Therapeutics Corporation - Common Stock,nasdaqtrader:Q:UTHR,common_equity,eligible,Q,,511.72,,274792074.93761903,-2.836744768921118,-12.03630487846804,8.140321217244306,70.32919482075692,14.250284871640185,22.058476330672356,,,False,,277.0,,2026-08-12,,full,"{""as_of"": ""2026-08-12"", ""listing_date"": null, ""reason_code"": ""valid_trading_sessions"", ""status"": ""full"", ""valid_trading_sessions"": 277}","[""l1.csv""]",[],65.3126,ranked,full,100.0,True,True,False
NXE,Nexgen Energy Ltd. Common Shares,nasdaqtrader:N:NXE,common_equity,eligible,N,,10.55,,55717803.63825397,12.713675213675234,-14.36688311688311,-9.906063193851411,54.23976608187135,24.20977011494252,47.69982291070353,,,False,,277.0,,2026-08-12,,full,"{""as_of"": ""2026-08-12"", ""listing_date"": null, ""reason_code"": ""valid_trading_sessions"", ""status"": ""full"", ""valid_trading_sessions"": 277}","[""l1.csv""]",[],65.3113,ranked,full,100.0,True,True,False
TNGX,"Tango Therapeutics, Inc. - Common Stock",nasdaqtrader:Q:TNGX,common_equity,eligible,Q,,25.58,,110829613.90190476,-13.726812816188872,8.85106382978722,101.57604412923563,299.06396255850234,22.24924012158055,68.36569303495494,,,False,,277.0,,2026-08-12,,full,"{""as_of"": ""2026-08-12"", ""listing_date"": null, ""reason_code"": ""valid_trading_sessions"", ""status"": ""full"", ""valid_trading_sessions"": 277}","[""l1.csv""]",[],65.2999,ranked,full,100.0,True,True,False
AAOI,"Applied Optoelectronics, Inc. - Common Stock",nasdaqtrader:Q:AAOI,common_equity,eligible,Q,,138.08,,1806225969.7382538,10.067756078118784,-26.662417675801986,184.75974427717054,561.9367209971238,38.10847153742716,146.15382654178956,,,False,,277.0,,2026-08-12,,full,"{""as_of"": ""2026-08-12"", ""listing_date"": null, ""reason_code"": ""valid_trading_sessions"", ""status"": ""full"", ""valid_trading_sessions"": 277}","[""l1.csv""]",[],65.2928,ranked,full,100.0,True,True,False
NTES,"NetEase, Inc. - American Depositary Shares, each representing 5 ordinary shares",nasdaqtrader:Q:NTES,adr,eligible,Q,,124.11,,125842431.15087302,-3.33359295895318,6.072390068800493,0.477655440414515,-3.7011173184357538,22.10995355842852,39.52575365625935,,,False,,277.0,,2026-08-12,,full,"{""as_of"": ""2026-08-12"", ""listing_date"": null, ""reason_code"": ""valid_trading_sessions"", ""status"": ""full"", ""valid_trading_sessions"": 277}","[""l1.csv""]",[],65.2813,ranked,full,100.0,True,True,False
NU,Nu Holdings Ltd. Class A Ordinary Shares,nasdaqtrader:N:NU,common_equity,eligible,N,,13.56,,1001734056.0663493,-3.0736240171551077,2.1853805576488305,-22.8229937393284,13.758389261744973,27.718550106609808,32.394625168503225,,,False,,277.0,,2026-08-12,,full,"{""as_of"": ""2026-08-12"", ""listing_date"": null, ""reason_code"": ""valid_trading_sessions"", ""status"": ""full"", ""valid_trading_sessions"": 277}","[""l1.csv""]",[],65.2791,ranked,full,100.0,True,True,False
CECO,CECO Environmental Corp. - Common Stock,nasdaqtrader:Q:CECO,common_equity,eligible,Q,,75.83,,77702260.48111112,-8.473144236572116,-5.742697327532631,3.1841066811811203,70.71139126519586,23.918932477174682,67.96461069141674,,,False,,277.0,,2026-08-12,,full,"{""as_of"": ""2026-08-12"", ""listing_date"": null, ""reason_code"": ""valid_trading_sessions"", ""status"": ""full"", ""valid_trading_sessions"": 277}","[""l1.csv""]",[],65.2725,ranked,full,100.0,True,True,False
KSS,Kohl's Corporation Common Stock,nasdaqtrader:N:KSS,common_equity,eligible,N,,19.27,,77839435.54857144,17.28545343883141,51.37470542026708,11.387283236994206,57.8214578214578,22.015378389316076,56.85608978815151,,,False,,277.0,,2026-08-12,,full,"{""as_of"": ""2026-08-12"", ""listing_date"": null, ""reason_code"": ""valid_trading_sessions"", ""status"": ""full"", ""valid_trading_sessions"": 277}","[""l1.csv""]",[],65.2687,ranked,full,100.0,True,True,False
AEO,"American Eagle Outfitters, Inc. Common Stock",nasdaqtrader:N:AEO,common_equity,eligible,N,,16.24,,87839758.6379365,0.5572755417956543,3.703703703703698,-31.27380448582311,29.09379968203496,42.39091876551969,50.01820431055045,,,False,,277.0,,2026-08-12,,full,"{""as_of"": ""2026-08-12"", ""listing_date"": null, ""reason_code"": ""valid_trading_sessions"", ""status"": ""full"", ""valid_trading_sessions"": 277}","[""l1.csv""]",[],65.2573,ranked,full,100.0,True,True,False
NOK,Nokia Corporation Sponsored American Depositary Shares,nasdaqtrader:N:NOK,adr,eligible,N,,10.32,,1346003910.424127,-11.794871794871787,-21.64009111617312,45.76271186440679,151.70731707317077,38.753709198813056,75.34786134270064,,,False,,277.0,,2026-08-12,,full,"{""as_of"": ""2026-08-12"", ""listing_date"": null, ""reason_code"": ""valid_trading_sessions"", ""status"": ""full"", ""valid_trading_sessions"": 277}","[""l1.csv""]",[],65.2498,ranked,full,100.0,True,True,False
NVO,Novo Nordisk A/S Common Stock,nasdaqtrader:N:NVO,common_equity,eligible,N,,46.39,,570896568.211746,-5.4615854901161605,-1.2978723404255321,-5.557817589576541,-6.978143172247842,27.492966552047516,42.513913360342045,,,False,,277.0,,2026-08-12,,full,"{""as_of"": ""2026-08-12"", ""listing_date"": null, ""reason_code"": ""valid_trading_sessions"", ""status"": ""full"", ""valid_trading_sessions"": 277}","[""l1.csv""]",[],65.2491,ranked,full,100.0,True,True,False
ASX,"ASE Technology Holding Co., Ltd. American Depositary Shares (each representing Two Common Shares)",nasdaqtrader:N:ASX,adr,eligible,N,,39.28,,411388879.8796826,-2.6759167492566904,14.585764294049008,74.65540240106716,292.40759240759246,12.943262411347511,78.00142983163397,,,False,,277.0,,2026-08-12,,full,"{""as_of"": ""2026-08-12"", ""listing_date"": null, ""reason_code"": ""valid_trading_sessions"", ""status"": ""full"", ""valid_trading_sessions"": 277}","[""l1.csv""]",[],65.2358,ranked,full,100.0,True,True,False
ESI,Element Solutions Inc. Common Stock,nasdaqtrader:N:ESI,common_equity,eligible,N,,38.46,,186870135.66396827,-5.387453874538739,-12.491467576791814,19.292803970223325,61.73254835996636,21.654104705642695,50.19641812188278,,,False,,277.0,,2026-08-12,,full,"{""as_of"": ""2026-08-12"", ""listing_date"": null, ""reason_code"": ""valid_trading_sessions"", ""status"": ""full"", ""valid_trading_sessions"": 277}","[""l1.csv""]",[],65.2205,ranked,full,100.0,True,True,False
DVN,Devon Energy Corporation Common Stock,nasdaqtrader:N:DVN,common_equity,eligible,N,,44.86,,577953564.5996826,3.3640552995391815,-4.083814410947195,3.1738730450782127,36.47703072710679,13.846744766660269,38.10839533482981,,,False,,277.0,,2026-08-12,,full,"{""as_of"": ""2026-08-12"", ""listing_date"": null, ""reason_code"": ""valid_trading_sessions"", ""status"": ""full"", ""valid_trading_sessions"": 277}","[""l1.csv""]",[],65.2117,ranked,full,100.0,True,True,False
HLNE,Hamilton Lane Incorporated - Class A Common Stock,nasdaqtrader:Q:HLNE,common_equity,eligible,Q,,103.29,,77822050.8331746,25.321523901965538,18.560606060606055,-22.338345864661648,-32.29105211406097,35.79686723023371,41.87144059767839,,,False,,277.0,,2026-08-12,,full,"{""as_of"": ""2026-08-12"", ""listing_date"": null, ""reason_code"": ""valid_trading_sessions"", ""status"": ""full"", ""valid_trading_sessions"": 277}","[""l1.csv""]",[],65.1969,ranked,full,100.0,True,True,False
CF,"CF Industries Holdings, Inc. Common Stock",nasdaqtrader:N:CF,common_equity,eligible,N,,120.01,,305981337.24269843,0.6879771792935641,-7.960733185060187,24.608036548645007,45.237807091855274,12.783430232558135,40.68439906754287,,,False,,277.0,,2026-08-12,,full,"{""as_of"": ""2026-08-12"", ""listing_date"": null, ""reason_code"": ""valid_trading_sessions"", ""status"": ""full"", ""valid_trading_sessions"": 277}","[""l1.csv""]",[],65.1959,ranked,full,100.0,True,True,False
PTON,"Peloton Interactive, Inc. - Common Stock",nasdaqtrader:Q:PTON,common_equity,eligible,Q,,5.42,,66389112.485,-12.01298701298702,0.5565862708719838,24.597701149425298,-34.303030303030305,39.77777777777778,64.60631843721875,,,False,,277.0,,2026-08-12,,full,"{""as_of"": ""2026-08-12"", ""listing_date"": null, ""reason_code"": ""valid_trading_sessions"", ""status"": ""full"", ""valid_trading_sessions"": 277}","[""l1.csv""]",[],65.1815,ranked,full,100.0,True,True,False
TPG,TPG Inc. - Class A Common Stock,nasdaqtrader:Q:TPG,common_equity,eligible,Q,,50.88,,102931616.66492064,17.914252607184245,15.55757438110379,-4.144687264506397,-17.214448421737714,26.959517657192066,34.42539182102202,,,False,,277.0,,2026-08-12,,full,"{""as_of"": ""2026-08-12"", ""listing_date"": null, ""reason_code"": ""valid_trading_sessions"", ""status"": ""full"", ""valid_trading_sessions"": 277}","[""l1.csv""]",[],65.1779,ranked,full,100.0,True,True,False
THO,"Thor Industries, Inc. Common Stock",nasdaqtrader:N:THO,common_equity,eligible,N,,78.97,,56475027.15539683,9.210344350712196,5.71619812583668,-33.403609377635355,-17.196183286148692,34.37759680904106,35.827125368898656,,,False,,277.0,,2026-08-12,,full,"{""as_of"": ""2026-08-12"", ""listing_date"": null, ""reason_code"": ""valid_trading_sessions"", ""status"": ""full"", ""valid_trading_sessions"": 277}","[""l1.csv""]",[],65.167,ranked,full,100.0,True,True,False
MIRM,"Mirum Pharmaceuticals, Inc. - common stock",nasdaqtrader:Q:MIRM,common_equity,eligible,Q,,98.97,,103702188.7097619,-18.132186285052533,-7.400823353293406,-1.9225052026558331,50.250493396083186,23.022478027533634,56.81225035128564,,,False,,277.0,,2026-08-12,,full,"{""as_of"": ""2026-08-12"", ""listing_date"": null, ""reason_code"": ""valid_trading_sessions"", ""status"": ""full"", ""valid_trading_sessions"": 277}","[""l1.csv""]",[],65.153,ranked,full,100.0,True,True,False
META,"Meta Platforms, Inc. - Class A Common Stock",nasdaqtrader:Q:META,common_equity,eligible,Q,,578.85,,10948720062.30254,-12.433438218564675,-4.004975124378108,-13.697220896946561,-24.419287868698337,26.727848101265817,54.946924639161985,,,False,,277.0,,2026-08-12,,full,"{""as_of"": ""2026-08-12"", ""listing_date"": null, ""reason_code"": ""valid_trading_sessions"", ""status"": ""full"", ""valid_trading_sessions"": 277}","[""l1.csv""]",[],65.147,ranked,full,100.0,True,True,False
EL,"Estee Lauder Companies, Inc. (The) Common Stock",nasdaqtrader:N:EL,common_equity,eligible,N,,87.68,,265114682.93079364,8.434330942369538,3.2866061962539828,-13.453755799032663,-1.637873008750268,26.695092383579965,29.226153209515378,,,False,,277.0,,2026-08-12,,full,"{""as_of"": ""2026-08-12"", ""listing_date"": null, ""reason_code"": ""valid_trading_sessions"", ""status"": ""full"", ""valid_trading_sessions"": 277}","[""l1.csv""]",[],65.1427,ranked,full,100.0,True,True,False
ESTA,Establishment Labs Holdings Inc. - Common Shares,nasdaqtrader:Q:ESTA,common_equity,eligible,Q,,75.58,,51121014.723809525,-12.71509412172307,9.251228678808898,4.133370074400666,124.73981564079688,20.98274960794564,52.876765907677324,,,False,,277.0,,2026-08-12,,full,"{""as_of"": ""2026-08-12"", ""listing_date"": null, ""reason_code"": ""valid_trading_sessions"", ""status"": ""full"", ""valid_trading_sessions"": 277}","[""l1.csv""]",[],65.131,ranked,full,100.0,True,True,False
JKHY,"Jack Henry & Associates, Inc. - Common Stock",nasdaqtrader:Q:JKHY,common_equity,eligible,Q,,152.31,,208956610.90373015,4.774024901974272,5.237338492365096,-10.731450005860976,-3.917486752460264,20.91900311526479,31.7008824022756,,,False,,277.0,,2026-08-12,,full,"{""as_of"": ""2026-08-12"", ""listing_date"": null, ""reason_code"": ""valid_trading_sessions"", ""status"": ""full"", ""valid_trading_sessions"": 277}","[""l1.csv""]",[],65.1225,ranked,full,100.0,True,True,False
ENTG,"Entegris, Inc. - Common Stock",nasdaqtrader:Q:ENTG,common_equity,eligible,Q,,161.08,,463781949.6351587,14.5417051838157,10.852659830706779,20.71342925659474,123.62904345411634,12.456521739130434,94.83153107740665,,,False,,277.0,,2026-08-12,,full,"{""as_of"": ""2026-08-12"", ""listing_date"": null, ""reason_code"": ""valid_trading_sessions"", ""status"": ""full"", ""valid_trading_sessions"": 277}","[""l1.csv""]",[],65.1141,ranked,full,100.0,True,True,False
SHAK,"Shake Shack, Inc. Class A Common Stock",nasdaqtrader:N:SHAK,common_equity,eligible,N,,72.86,,135154787.90190476,21.25145614910966,10.343783128880801,-23.906005221932112,-31.348346367662295,33.9557650471356,54.32346775493515,,,False,,277.0,,2026-08-12,,full,"{""as_of"": ""2026-08-12"", ""listing_date"": null, ""reason_code"": ""valid_trading_sessions"", ""status"": ""full"", ""valid_trading_sessions"": 277}","[""l1.csv""]",[],65.1108,ranked,full,100.0,True,True,False
DOCN,"DigitalOcean Holdings, Inc. Common Stock",nasdaqtrader:N:DOCN,common_equity,eligible,N,,133.37,,498109463.15000004,5.597783056215366,-14.35268430516311,108.13046192259677,351.1840324763194,26.432787246952394,98.37397536898482,,,False,,277.0,,2026-08-12,,full,"{""as_of"": ""2026-08-12"", ""listing_date"": null, ""reason_code"": ""valid_trading_sessions"", ""status"": ""full"", ""valid_trading_sessions"": 277}","[""l1.csv""]",[],65.1077,ranked,full,100.0,True,True,False
IRTC,"iRhythm Holdings, Inc.  - Common Stock",nasdaqtrader:Q:IRTC,common_equity,eligible,Q,,125.35,,70937213.99190477,11.372723234118176,5.950469106584388,-17.652082512153466,-21.929496761335333,33.764861294583895,47.698928951767186,,,False,,277.0,,2026-08-12,,full,"{""as_of"": ""2026-08-12"", ""listing_date"": null, ""reason_code"": ""valid_trading_sessions"", ""status"": ""full"", ""valid_trading_sessions"": 277}","[""l1.csv""]",[],65.0853,ranked,full,100.0,True,True,False
CHKP,Check Point Software Technologies Ltd. - Ordinary Shares,nasdaqtrader:Q:CHKP,common_equity,eligible,Q,,129.29,,176401476.76015872,-5.641512188001762,11.131167268351373,-28.398958852522572,-28.462347147678855,37.51389493016287,43.56077682389624,,,False,,277.0,,2026-08-12,,full,"{""as_of"": ""2026-08-12"", ""listing_date"": null, ""reason_code"": ""valid_trading_sessions"", ""status"": ""full"", ""valid_trading_sessions"": 277}","[""l1.csv""]",[],65.0824,ranked,full,100.0,True,True,False
ICLN,iShares Global Clean Energy ETF,US:ICLN,etf,eligible,Q,,18.41,,120732319.4013492,-3.4609334032511763,-13.89148737137511,-2.3342175066313087,36.067997043606816,22.484210526315785,34.56824529310484,,,False,,277.0,,2026-08-12,,full,"{""as_of"": ""2026-08-12"", ""listing_date"": null, ""reason_code"": ""valid_trading_sessions"", ""status"": ""full"", ""valid_trading_sessions"": 277}","[""l1.csv""]",[],65.0812,ranked,full,100.0,True,True,False
KBR,"KBR, Inc. Common Stock",nasdaqtrader:N:KBR,common_equity,eligible,N,,38.1,,64299071.29396825,7.293720078851029,18.76558603491272,-13.013698630136982,-22.78070531009323,26.177097461732224,40.6044991418303,,,False,,277.0,,2026-08-12,,full,"{""as_of"": ""2026-08-12"", ""listing_date"": null, ""reason_code"": ""valid_trading_sessions"", ""status"": ""full"", ""valid_trading_sessions"": 277}","[""l1.csv""]",[],65.0736,ranked,full,100.0,True,True,False
CPB,The Campbell's Company - Common Stock,nasdaqtrader:Q:CPB,common_equity,eligible,Q,,22.6,,182611563.79492062,2.262443438914019,10.838646395291818,-22.46998284734133,-29.61694176269074,33.58801057890097,36.415394520539394,,,False,,277.0,,2026-08-12,,full,"{""as_of"": ""2026-08-12"", ""listing_date"": null, ""reason_code"": ""valid_trading_sessions"", ""status"": ""full"", ""valid_trading_sessions"": 277}","[""l1.csv""]",[],65.0617,ranked,full,100.0,True,True,False
DOCU,"DocuSign, Inc. - Common Stock",nasdaqtrader:Q:DOCU,common_equity,eligible,Q,,58.1,,184289762.59285715,17.658971243418375,28.5967242142541,22.007559848803027,-13.464402740542148,31.655099400070586,52.13215423354354,,,False,,277.0,,2026-08-12,,full,"{""as_of"": ""2026-08-12"", ""listing_date"": null, ""reason_code"": ""valid_trading_sessions"", ""status"": ""full"", ""valid_trading_sessions"": 277}","[""l1.csv""]",[],65.054,ranked,full,100.0,True,True,False
BEAM,Beam Therapeutics Inc. - Common Stock,nasdaqtrader:Q:BEAM,common_equity,eligible,Q,,26.71,,67243650.51873016,-13.531887342181935,-15.421152628245716,-0.8905380333951718,55.60734051849696,29.56223628691983,63.58403292436587,,,False,,277.0,,2026-08-12,,full,"{""as_of"": ""2026-08-12"", ""listing_date"": null, ""reason_code"": ""valid_trading_sessions"", ""status"": ""full"", ""valid_trading_sessions"": 277}","[""l1.csv""]",[],65.025,ranked,full,100.0,True,True,False
BE,Bloom Energy Corporation Class A Common Stock,nasdaqtrader:N:BE,common_equity,eligible,N,,237.16,,3539732743.099365,-2.563681183237476,-15.508211906373582,59.48890383322125,529.9070385126163,31.426919184617617,132.18830228790264,,,False,,277.0,,2026-08-12,,full,"{""as_of"": ""2026-08-12"", ""listing_date"": null, ""reason_code"": ""valid_trading_sessions"", ""status"": ""full"", ""valid_trading_sessions"": 277}","[""l1.csv""]",[],65.0236,ranked,full,100.0,True,True,False
EGO,Eldorado Gold Corporation Ordinary Shares,nasdaqtrader:N:EGO,common_equity,eligible,N,,39.69,,84538302.83365078,34.63364993215738,11.708415423585695,-8.779590898643995,77.50447227191412,20.15691007845505,70.40068920427439,,,False,,277.0,,2026-08-12,,full,"{""as_of"": ""2026-08-12"", ""listing_date"": null, ""reason_code"": ""valid_trading_sessions"", ""status"": ""full"", ""valid_trading_sessions"": 277}","[""l1.csv""]",[],65.0209,ranked,full,100.0,True,True,False
TDC,Teradata Corporation Common Stock,nasdaqtrader:N:TDC,common_equity,eligible,N,,26.74,,98356048.81063491,-14.894971355824326,-15.752993068683052,-8.518645227505994,32.638888888888886,29.408658922914476,93.44184666505649,,,False,,277.0,,2026-08-12,,full,"{""as_of"": ""2026-08-12"", ""listing_date"": null, ""reason_code"": ""valid_trading_sessions"", ""status"": ""full"", ""valid_trading_sessions"": 277}","[""l1.csv""]",[],65.0045,ranked,full,100.0,True,True,False
EBAY,eBay Inc. - Common Stock,nasdaqtrader:Q:EBAY,common_equity,eligible,Q,,102.31,,464693195.55690473,-9.090101297316512,-7.327898550724643,16.952446273433928,7.3557187827911985,13.996301277740407,35.64552554270502,,,False,,277.0,,2026-08-12,,full,"{""as_of"": ""2026-08-12"", ""listing_date"": null, ""reason_code"": ""valid_trading_sessions"", ""status"": ""full"", ""valid_trading_sessions"": 277}","[""l1.csv""]",[],64.9991,ranked,full,100.0,True,True,False
KRMN,Karman Holdings Inc. Common Stock,nasdaqtrader:N:KRMN,common_equity,eligible,N,,61.91,,190602168.05476192,35.08618808640629,-0.9122919334186963,-32.153424657534245,32.56959314775158,46.30063318587909,74.56344680352997,,,False,,277.0,,2026-08-12,,full,"{""as_of"": ""2026-08-12"", ""listing_date"": null, ""reason_code"": ""valid_trading_sessions"", ""status"": ""full"", ""valid_trading_sessions"": 277}","[""l1.csv""]",[],64.9966,ranked,full,100.0,True,True,False
ORA,"Ormat Technologies, Inc. Common Stock",nasdaqtrader:N:ORA,common_equity,eligible,N,,113.4,,113374016.0184127,5.625931445603594,-10.142630744849445,-8.563134978229314,29.525985151342105,21.847002067539623,44.55575350305001,,,False,,277.0,,2026-08-12,,full,"{""as_of"": ""2026-08-12"", ""listing_date"": null, ""reason_code"": ""valid_trading_sessions"", ""status"": ""full"", ""valid_trading_sessions"": 277}","[""l1.csv""]",[],64.9963,ranked,full,100.0,True,True,False
SYK,Stryker Corporation Common Stock,nasdaqtrader:N:SYK,common_equity,eligible,N,,347.21,,850676437.0990475,11.617963802359599,17.91815248768891,-3.8359275466681497,-7.821169724161747,11.951615357305878,42.726190801879945,,,False,,277.0,,2026-08-12,,full,"{""as_of"": ""2026-08-12"", ""listing_date"": null, ""reason_code"": ""valid_trading_sessions"", ""status"": ""full"", ""valid_trading_sessions"": 277}","[""l1.csv""]",[],64.9879,ranked,full,100.0,True,True,False
CIEN,Ciena Corporation Common Stock,nasdaqtrader:N:CIEN,common_equity,eligible,N,,432.05,,1266527342.9515872,-3.3293804398899174,-25.140777960668803,44.64345497154336,362.6793745984151,31.09250398724083,85.44011150743479,,,False,,277.0,,2026-08-12,,full,"{""as_of"": ""2026-08-12"", ""listing_date"": null, ""reason_code"": ""valid_trading_sessions"", ""status"": ""full"", ""valid_trading_sessions"": 277}","[""l1.csv""]",[],64.979,ranked,full,100.0,True,True,False
TAN,Invesco Solar ETF,US:TAN,etf,eligible,P,,52.33,,86229632.75301586,-5.078904407763474,-15.117599351175992,-10.684417136030044,42.97814207650272,29.216826727985946,42.77181049386468,,,False,,277.0,,2026-08-12,,full,"{""as_of"": ""2026-08-12"", ""listing_date"": null, ""reason_code"": ""valid_trading_sessions"", ""status"": ""full"", ""valid_trading_sessions"": 277}","[""l1.csv""]",[],64.9789,ranked,full,100.0,True,True,False
AMPX,"Amprius Technologies, Inc. Common Stock",nasdaqtrader:N:AMPX,common_equity,eligible,N,,12.24,,110225468.05238095,10.07194244604317,-34.997344662772164,5.974025974025965,59.167750325097536,46.57354866870362,94.0403529846363,,,False,,277.0,,2026-08-12,,full,"{""as_of"": ""2026-08-12"", ""listing_date"": null, ""reason_code"": ""valid_trading_sessions"", ""status"": ""full"", ""valid_trading_sessions"": 277}","[""l1.csv""]",[],64.9784,ranked,full,100.0,True,True,False
IREN,IREN Limited - Ordinary Shares,nasdaqtrader:Q:IREN,common_equity,eligible,Q,,43.67,,2207109889.904762,13.164032132676851,-22.789957567185294,1.723736314931279,143.01613800779077,42.847794791257684,141.40388814331973,,,False,,277.0,,2026-08-12,,full,"{""as_of"": ""2026-08-12"", ""listing_date"": null, ""reason_code"": ""valid_trading_sessions"", ""status"": ""full"", ""valid_trading_sessions"": 277}","[""l1.csv""]",[],64.9768,ranked,full,100.0,True,True,False
SFM,"Sprouts Farmers Market, Inc. - Common Stock",nasdaqtrader:Q:SFM,common_equity,eligible,Q,,86.07,,180038808.1151587,14.226940942269417,-0.9437219472896885,31.284319707138476,-42.13392496974587,43.02264001059183,46.298712801057114,,,False,,277.0,,2026-08-12,,full,"{""as_of"": ""2026-08-12"", ""listing_date"": null, ""reason_code"": ""valid_trading_sessions"", ""status"": ""full"", ""valid_trading_sessions"": 277}","[""l1.csv""]",[],64.9652,ranked,full,100.0,True,True,False
VST,Vistra Corp. Common Stock,nasdaqtrader:N:VST,common_equity,eligible,N,,146.68,,725896188.887619,-7.416524648109579,-0.1293661060802087,-8.095238095238088,-26.68932427029188,32.690895741556524,49.29988194739026,,,False,,277.0,,2026-08-12,,full,"{""as_of"": ""2026-08-12"", ""listing_date"": null, ""reason_code"": ""valid_trading_sessions"", ""status"": ""full"", ""valid_trading_sessions"": 277}","[""l1.csv""]",[],64.9421,ranked,full,100.0,True,True,False
MCK,McKesson Corporation Common Stock,nasdaqtrader:N:MCK,common_equity,eligible,N,,878.73,,900438573.157619,9.380484708166858,19.605547918169552,-6.039285294211993,30.613731290039702,11.746627966535772,36.53829570236745,,,False,,277.0,,2026-08-12,,full,"{""as_of"": ""2026-08-12"", ""listing_date"": null, ""reason_code"": ""valid_trading_sessions"", ""status"": ""full"", ""valid_trading_sessions"": 277}","[""l1.csv""]",[],64.9367,ranked,full,100.0,True,True,False
AJG,Arthur J. Gallagher & Co. Common Stock,nasdaqtrader:N:AJG,common_equity,eligible,N,,255.46,,392515513.1342857,0.6421620769806458,29.41236068895643,20.171229654718225,-11.581060501176799,17.72094820922443,37.87264168708683,,,False,,277.0,,2026-08-12,,full,"{""as_of"": ""2026-08-12"", ""listing_date"": null, ""reason_code"": ""valid_trading_sessions"", ""status"": ""full"", ""valid_trading_sessions"": 277}","[""l1.csv""]",[],64.9302,ranked,full,100.0,True,True,False
OXY,Occidental Petroleum Corporation Common Stock,nasdaqtrader:N:OXY,common_equity,eligible,N,,58.55,,545226642.6511111,7.29338464357705,4.051892660387413,26.5398746488005,33.95104095172727,11.609299516908212,38.548085246425764,,,False,,277.0,,2026-08-12,,full,"{""as_of"": ""2026-08-12"", ""listing_date"": null, ""reason_code"": ""valid_trading_sessions"", ""status"": ""full"", ""valid_trading_sessions"": 277}","[""l1.csv""]",[],64.9023,ranked,full,100.0,True,True,False
POOL,Pool Corporation - Common Stock,nasdaqtrader:Q:POOL,common_equity,eligible,Q,,199.41,,189799329.05761907,-5.074498976531627,9.36763012120878,-25.406800583548417,-34.97146584053481,40.228403572927284,42.04699701079325,,,False,,277.0,,2026-08-12,,full,"{""as_of"": ""2026-08-12"", ""listing_date"": null, ""reason_code"": ""valid_trading_sessions"", ""status"": ""full"", ""valid_trading_sessions"": 277}","[""l1.csv""]",[],64.9014,ranked,full,100.0,True,True,False
CCC,CCC Intelligent Solutions Holdings Inc. - Common Stock,nasdaqtrader:Q:CCC,common_equity,eligible,Q,,6.97,,54930243.91634921,14.827018121911028,54.20353982300885,26.26811594202898,-24.485373781148432,30.508474576271183,50.535714835293646,,,False,,277.0,,2026-08-12,,full,"{""as_of"": ""2026-08-12"", ""listing_date"": null, ""reason_code"": ""valid_trading_sessions"", ""status"": ""full"", ""valid_trading_sessions"": 277}","[""l1.csv""]",[],64.9011,ranked,full,100.0,True,True,False
RYAAY,"Ryanair Holdings plc - American Depositary Shares, each representing five Ordinary Shares",nasdaqtrader:Q:RYAAY,adr,eligible,Q,,59.36,,85940475.40269841,-7.668377663711324,5.472636815920384,-11.508646392367316,-6.769279095335323,19.58818748306691,40.255351333540446,,,False,,277.0,,2026-08-12,,full,"{""as_of"": ""2026-08-12"", ""listing_date"": null, ""reason_code"": ""valid_trading_sessions"", ""status"": ""full"", ""valid_trading_sessions"": 277}","[""l1.csv""]",[],64.897,ranked,full,100.0,True,True,False
ISRG,"Intuitive Surgical, Inc. - Common Stock",nasdaqtrader:Q:ISRG,common_equity,eligible,Q,,401.27,,1216957772.583016,5.736495388669294,-7.085465533609659,-18.959911138038976,-14.958143477800157,32.31508813359197,64.13404014102069,,,False,,277.0,,2026-08-12,,full,"{""as_of"": ""2026-08-12"", ""listing_date"": null, ""reason_code"": ""valid_trading_sessions"", ""status"": ""full"", ""valid_trading_sessions"": 277}","[""l1.csv""]",[],64.892,ranked,full,100.0,True,True,False
UBER,"Uber Technologies, Inc. Common Stock",nasdaqtrader:N:UBER,common_equity,eligible,N,,75.36,,1493291537.5696826,4.550499445061051,-1.3095861707700385,2.5306122448979673,-16.802826230956057,24.715284715284714,42.69480928115739,,,False,,277.0,,2026-08-12,,full,"{""as_of"": ""2026-08-12"", ""listing_date"": null, ""reason_code"": ""valid_trading_sessions"", ""status"": ""full"", ""valid_trading_sessions"": 277}","[""l1.csv""]",[],64.8787,ranked,full,100.0,True,True,False
MCO,Moody's Corporation Common Stock,nasdaqtrader:N:MCO,common_equity,eligible,N,,477.84,,456933587.56825393,-3.4139833848766066,5.775318206972879,14.053847622684735,-6.609858108900446,11.447156279535232,29.803150596671397,,,False,,277.0,,2026-08-12,,full,"{""as_of"": ""2026-08-12"", ""listing_date"": null, ""reason_code"": ""valid_trading_sessions"", ""status"": ""full"", ""valid_trading_sessions"": 277}","[""l1.csv""]",[],64.8618,ranked,full,100.0,True,True,False
AROC,"Archrock, Inc. Common Stock",nasdaqtrader:N:AROC,common_equity,eligible,N,,33.28,,71603124.55761905,-13.625746171814168,-10.60972334139134,4.424223407593342,41.85848252344415,20.667461263408825,39.58043647859682,,,False,,277.0,,2026-08-12,,full,"{""as_of"": ""2026-08-12"", ""listing_date"": null, ""reason_code"": ""valid_trading_sessions"", ""status"": ""full"", ""valid_trading_sessions"": 277}","[""l1.csv""]",[],64.839,ranked,full,100.0,True,True,False
CMI,Cummins Inc. Common Stock,nasdaqtrader:N:CMI,common_equity,eligible,N,,637.85,,696336791.8588889,-5.579240311454536,-9.468320654025197,8.464978659003176,64.26308876928229,12.333869349496284,35.91227773141512,,,False,,277.0,,2026-08-12,,full,"{""as_of"": ""2026-08-12"", ""listing_date"": null, ""reason_code"": ""valid_trading_sessions"", ""status"": ""full"", ""valid_trading_sessions"": 277}","[""l1.csv""]",[],64.8335,ranked,full,100.0,True,True,False
AEIS,"Advanced Energy Industries, Inc. - Common Stock",nasdaqtrader:Q:AEIS,common_equity,eligible,Q,,337.32,,304450319.4815873,10.524246395806024,-0.6187024924871887,20.885894495412828,122.49192005804366,13.296491453540682,88.98483649875757,,,False,,277.0,,2026-08-12,,full,"{""as_of"": ""2026-08-12"", ""listing_date"": null, ""reason_code"": ""valid_trading_sessions"", ""status"": ""full"", ""valid_trading_sessions"": 277}","[""l1.csv""]",[],64.8241,ranked,full,100.0,True,True,False
CVNA,Carvana Co. Class A Common Stock,nasdaqtrader:N:CVNA,common_equity,eligible,N,,72.48,,717147712.2580953,2.9838022165388,-1.6820401519262007,-7.480214449834055,4.967414916727009,24.25540808861949,58.2031090424284,,,False,,277.0,,2026-08-12,,full,"{""as_of"": ""2026-08-12"", ""listing_date"": null, ""reason_code"": ""valid_trading_sessions"", ""status"": ""full"", ""valid_trading_sessions"": 277}","[""l1.csv""]",[],64.8174,ranked,full,100.0,True,True,False
HII,"Huntington Ingalls Industries, Inc. Common Stock",nasdaqtrader:N:HII,common_equity,eligible,N,,326.8,,152873701.82079366,16.714285714285726,-2.026621897109959,-18.171119513233336,22.557659853740873,27.974786767460824,50.87463581481841,,,False,,277.0,,2026-08-12,,full,"{""as_of"": ""2026-08-12"", ""listing_date"": null, ""reason_code"": ""valid_trading_sessions"", ""status"": ""full"", ""valid_trading_sessions"": 277}","[""l1.csv""]",[],64.8133,ranked,full,100.0,True,True,False
VKTX,"Viking Therapeutics, Inc. - Common Stock",nasdaqtrader:Q:VKTX,common_equity,eligible,Q,,34.02,,77439503.9368254,-10.402949697129305,8.62068965517242,18.330434782608695,-10.919088766692841,19.24994065986233,50.427773604484706,,,False,,277.0,,2026-08-12,,full,"{""as_of"": ""2026-08-12"", ""listing_date"": null, ""reason_code"": ""valid_trading_sessions"", ""status"": ""full"", ""valid_trading_sessions"": 277}","[""l1.csv""]",[],64.8125,ranked,full,100.0,True,True,False
NXPI,NXP Semiconductors N.V. - Common Stock,nasdaqtrader:Q:NXPI,common_equity,eligible,Q,,233.41,,1187498400.0722222,-17.775742417303697,-20.670903714780962,-1.3566055278505629,13.76974069019301,29.837376378994207,48.2306725033462,,,False,,277.0,,2026-08-12,,full,"{""as_of"": ""2026-08-12"", ""listing_date"": null, ""reason_code"": ""valid_trading_sessions"", ""status"": ""full"", ""valid_trading_sessions"": 277}","[""l1.csv""]",[],64.8117,ranked,full,100.0,True,True,False
TMUS,"T-Mobile US, Inc. - Common Stock",nasdaqtrader:Q:TMUS,common_equity,eligible,Q,,177.13,,976258326.752381,-5.343878587078499,-8.365235385411285,-11.181868324725475,-28.826294852734357,31.612679047141036,49.23444895539852,,,False,,277.0,,2026-08-12,,full,"{""as_of"": ""2026-08-12"", ""listing_date"": null, ""reason_code"": ""valid_trading_sessions"", ""status"": ""full"", ""valid_trading_sessions"": 277}","[""l1.csv""]",[],64.7984,ranked,full,100.0,True,True,False
KGC,Kinross Gold Corporation Common Stock,nasdaqtrader:N:KGC,common_equity,eligible,N,,27.48,,212719349.10428572,14.930991217063983,-13.3942641033722,-19.906732730982224,43.79905808477238,27.817178881008665,48.61048494221456,,,False,,277.0,,2026-08-12,,full,"{""as_of"": ""2026-08-12"", ""listing_date"": null, ""reason_code"": ""valid_trading_sessions"", ""status"": ""full"", ""valid_trading_sessions"": 277}","[""l1.csv""]",[],64.7923,ranked,full,100.0,True,True,False
MSFT,Microsoft Corporation - Common Stock,nasdaqtrader:Q:MSFT,common_equity,eligible,Q,,492.43,,16887477169.743332,27.927155586730045,20.761703901709303,19.154547874271067,-5.623167295934984,9.157488885199339,49.48491347315805,,,False,,277.0,,2026-08-12,,full,"{""as_of"": ""2026-08-12"", ""listing_date"": null, ""reason_code"": ""valid_trading_sessions"", ""status"": ""full"", ""valid_trading_sessions"": 277}","[""l1.csv""]",[],64.7894,ranked,full,100.0,True,True,False
ABG,Asbury Automotive Group Inc Common Stock,nasdaqtrader:N:ABG,common_equity,eligible,N,,209.41,,54106238.414126985,-1.5884205084825354,8.121643948781498,-8.378543927196358,-6.102591695812043,19.146718146718143,42.80259889781311,,,False,,277.0,,2026-08-12,,full,"{""as_of"": ""2026-08-12"", ""listing_date"": null, ""reason_code"": ""valid_trading_sessions"", ""status"": ""full"", ""valid_trading_sessions"": 277}","[""l1.csv""]",[],64.7867,ranked,full,100.0,True,True,False
EXLS,"ExlService Holdings, Inc. - Common Stock",nasdaqtrader:Q:EXLS,common_equity,eligible,Q,,34.33,,78797931.18698412,25.65885797950218,15.47258661284896,9.645480677099961,-18.37850689491204,23.711111111111116,61.85758266459158,,,False,,277.0,,2026-08-12,,full,"{""as_of"": ""2026-08-12"", ""listing_date"": null, ""reason_code"": ""valid_trading_sessions"", ""status"": ""full"", ""valid_trading_sessions"": 277}","[""l1.csv""]",[],64.7448,ranked,full,100.0,True,True,False
MAR,Marriott International - Class A Common Stock,nasdaqtrader:Q:MAR,common_equity,eligible,Q,,354.58,,600665389.6136508,-2.370659985131751,1.2420409445221603,-1.3273966884652988,37.45009109586383,11.914343916132564,33.41403481899612,,,False,,277.0,,2026-08-12,,full,"{""as_of"": ""2026-08-12"", ""listing_date"": null, ""reason_code"": ""valid_trading_sessions"", ""status"": ""full"", ""valid_trading_sessions"": 277}","[""l1.csv""]",[],64.7286,ranked,full,100.0,True,True,False
WEN,Wendy's Company (The) - Common Stock,nasdaqtrader:Q:WEN,common_equity,eligible,Q,,8.66,,133396527.1197619,16.71159029649596,9.620253164556969,10.741687979539648,-15.922330097087379,18.913857677902623,73.20067589692641,,,False,,277.0,,2026-08-12,,full,"{""as_of"": ""2026-08-12"", ""listing_date"": null, ""reason_code"": ""valid_trading_sessions"", ""status"": ""full"", ""valid_trading_sessions"": 277}","[""l1.csv""]",[],64.7285,ranked,full,100.0,True,True,False
CEG,Constellation Energy Corporation - Common Stock When-Issued,nasdaqtrader:Q:CEG,common_equity,eligible,Q,,278.68,,958020770.5738095,8.676831883944946,-5.081743869209809,2.780851220771563,-15.931098977344716,31.01126377026859,37.220850312722746,,,False,,277.0,,2026-08-12,,full,"{""as_of"": ""2026-08-12"", ""listing_date"": null, ""reason_code"": ""valid_trading_sessions"", ""status"": ""full"", ""valid_trading_sessions"": 277}","[""l1.csv""]",[],64.7182,ranked,full,100.0,True,True,False
HL,Hecla Mining Company Common Stock,nasdaqtrader:N:HL,common_equity,eligible,N,,18.1,,490985846.8060317,16.774193548387096,-12.007778317938744,-21.23585726718885,139.73509933774838,43.09965419679346,62.77516462185321,,,False,,277.0,,2026-08-12,,full,"{""as_of"": ""2026-08-12"", ""listing_date"": null, ""reason_code"": ""valid_trading_sessions"", ""status"": ""full"", ""valid_trading_sessions"": 277}","[""l1.csv""]",[],64.71,ranked,full,100.0,True,True,False
IONS,"Ionis Pharmaceuticals, Inc. - Common Stock",nasdaqtrader:Q:IONS,common_equity,eligible,Q,,56.53,,186050596.86238095,2.912798106681236,-25.451668205195833,-32.93391861430776,38.41821743388834,34.64739884393063,90.89167299102881,,,False,,277.0,,2026-08-12,,full,"{""as_of"": ""2026-08-12"", ""listing_date"": null, ""reason_code"": ""valid_trading_sessions"", ""status"": ""full"", ""valid_trading_sessions"": 277}","[""l1.csv""]",[],64.703,ranked,full,100.0,True,True,False
RDDT,"Reddit, Inc. Class A Common Stock",nasdaqtrader:N:RDDT,common_equity,eligible,N,,153.45,,860563934.2728572,-24.5092733802332,0.7220216606498076,2.3136418189091845,-30.486976217440553,43.31572531491263,98.20405755255041,,,False,,277.0,,2026-08-12,,full,"{""as_of"": ""2026-08-12"", ""listing_date"": null, ""reason_code"": ""valid_trading_sessions"", ""status"": ""full"", ""valid_trading_sessions"": 277}","[""l1.csv""]",[],64.6956,ranked,full,100.0,True,True,False
EME,"EMCOR Group, Inc. Common Stock",nasdaqtrader:N:EME,common_equity,eligible,N,,833.4,,354059812.64063495,7.571572398482074,-9.892961401232569,6.970953291660775,35.58053653060891,11.692715231788087,62.28835374567425,,,False,,277.0,,2026-08-12,,full,"{""as_of"": ""2026-08-12"", ""listing_date"": null, ""reason_code"": ""valid_trading_sessions"", ""status"": ""full"", ""valid_trading_sessions"": 277}","[""l1.csv""]",[],64.6732,ranked,full,100.0,True,True,False
FLEX,Flex Ltd. - Ordinary Shares,nasdaqtrader:Q:FLEX,common_equity,eligible,Q,,124.53,,923184760.8768253,-5.83030852994556,-10.85260219056482,93.70041997200185,148.2655502392345,23.162830875547602,74.44293600757359,,,False,,277.0,,2026-08-12,,full,"{""as_of"": ""2026-08-12"", ""listing_date"": null, ""reason_code"": ""valid_trading_sessions"", ""status"": ""full"", ""valid_trading_sessions"": 277}","[""l1.csv""]",[],64.6717,ranked,full,100.0,True,True,False
JD,"JD.com, Inc. - American Depositary Shares",nasdaqtrader:Q:JD,adr,eligible,Q,,31.61,,267249946.73095238,9.604715672676845,0.38107335662114217,11.499118165784816,1.3790891597177612,12.607132983135205,27.6798618297609,,,False,,277.0,,2026-08-12,,full,"{""as_of"": ""2026-08-12"", ""listing_date"": null, ""reason_code"": ""valid_trading_sessions"", ""status"": ""full"", ""valid_trading_sessions"": 277}","[""l1.csv""]",[],64.6518,ranked,full,100.0,True,True,False
MRSH,Marsh Common Stock,nasdaqtrader:N:MRSH,common_equity,eligible,N,,188.86,,459319416.18349206,6.07132827857344,15.58846930656712,7.710733432188888,-7.1256454388984425,10.581885327399265,31.111464404630595,,,False,,277.0,,2026-08-12,,full,"{""as_of"": ""2026-08-12"", ""listing_date"": null, ""reason_code"": ""valid_trading_sessions"", ""status"": ""full"", ""valid_trading_sessions"": 277}","[""l1.csv""]",[],64.6455,ranked,full,100.0,True,True,False
COCO,"The Vita Coco Company, Inc. - Common Stock",nasdaqtrader:Q:COCO,common_equity,eligible,Q,,66.45,,82974545.46214285,-10.239092259894633,-10.936871733011655,17.48585572842998,103.83435582822086,20.91168769340632,47.429890322320645,,,False,,277.0,,2026-08-12,,full,"{""as_of"": ""2026-08-12"", ""listing_date"": null, ""reason_code"": ""valid_trading_sessions"", ""status"": ""full"", ""valid_trading_sessions"": 277}","[""l1.csv""]",[],64.6216,ranked,full,100.0,True,True,False
INTC,Intel Corporation - Common Stock,nasdaqtrader:Q:INTC,common_equity,eligible,Q,,100.95,,13624218645.76635,-6.319599109131402,-16.300472597628712,114.19478039465307,388.86198547215497,28.373776074925495,82.99520240560095,,,False,,277.0,,2026-08-12,,full,"{""as_of"": ""2026-08-12"", ""listing_date"": null, ""reason_code"": ""valid_trading_sessions"", ""status"": ""full"", ""valid_trading_sessions"": 277}","[""l1.csv""]",[],64.6165,ranked,full,100.0,True,True,False
VTR,"Ventas, Inc. Common Stock",nasdaqtrader:N:VTR,common_equity,eligible,N,,89.01,,344930323.3095238,-3.668831168831166,0.542189088444589,6.090584028605472,29.922639030798415,11.45926589077887,34.735829078551966,,,False,,277.0,,2026-08-12,,full,"{""as_of"": ""2026-08-12"", ""listing_date"": null, ""reason_code"": ""valid_trading_sessions"", ""status"": ""full"", ""valid_trading_sessions"": 277}","[""l1.csv""]",[],64.6148,ranked,full,100.0,True,True,False
BOOT,"Boot Barn Holdings, Inc. Common Stock",nasdaqtrader:N:BOOT,common_equity,eligible,N,,160.74,,121694404.59063493,3.2369942196532,11.008287292817688,-17.19128329297821,-2.6467203682393636,22.713722473314736,40.77478553110978,,,False,,277.0,,2026-08-12,,full,"{""as_of"": ""2026-08-12"", ""listing_date"": null, ""reason_code"": ""valid_trading_sessions"", ""status"": ""full"", ""valid_trading_sessions"": 277}","[""l1.csv""]",[],64.6118,ranked,full,100.0,True,True,False
SAIL,"SailPoint, Inc. - Common Stock",nasdaqtrader:Q:SAIL,common_equity,eligible,Q,,18.73,,70431860.16142857,23.22368421052632,61.32644272179157,23.14266929651545,2.1264994547437244,20.736352094794753,56.8374304288757,,,False,,277.0,,2026-08-12,,full,"{""as_of"": ""2026-08-12"", ""listing_date"": null, ""reason_code"": ""valid_trading_sessions"", ""status"": ""full"", ""valid_trading_sessions"": 277}","[""l1.csv""]",[],64.5982,ranked,full,100.0,True,True,False
AZO,"AutoZone, Inc. Common Stock",nasdaqtrader:N:AZO,common_equity,eligible,N,,3045.87,,1065462912.9363492,0.455134611008301,-10.673321973951634,-16.889413998974046,-24.54722688076417,30.05300215407368,35.404139534137904,,,False,,277.0,,2026-08-12,,full,"{""as_of"": ""2026-08-12"", ""listing_date"": null, ""reason_code"": ""valid_trading_sessions"", ""status"": ""full"", ""valid_trading_sessions"": 277}","[""l1.csv""]",[],64.5904,ranked,full,100.0,True,True,False
LMT,Lockheed Martin Corporation Common Stock,nasdaqtrader:N:LMT,common_equity,eligible,N,,606.72,,668862727.9779365,17.81199634944368,16.45297504798464,-3.6279306182095294,42.33566367944448,10.341362494458405,37.17920148694777,,,False,,277.0,,2026-08-12,,full,"{""as_of"": ""2026-08-12"", ""listing_date"": null, ""reason_code"": ""valid_trading_sessions"", ""status"": ""full"", ""valid_trading_sessions"": 277}","[""l1.csv""]",[],64.5853,ranked,full,100.0,True,True,False
KVUE,Kenvue Inc. Common Stock,nasdaqtrader:N:KVUE,common_equity,eligible,N,,18.98,,384324845.6857143,1.1727078891258014,8.643388666285068,3.60262008733625,-10.556079170593769,13.33333333333333,23.42733433841577,,,False,,277.0,,2026-08-12,,full,"{""as_of"": ""2026-08-12"", ""listing_date"": null, ""reason_code"": ""valid_trading_sessions"", ""status"": ""full"", ""valid_trading_sessions"": 277}","[""l1.csv""]",[],64.5833,ranked,full,100.0,True,True,False
CDNS,"Cadence Design Systems, Inc. - Common Stock",nasdaqtrader:Q:CDNS,common_equity,eligible,Q,,323.13,,870203045.0409524,-14.243630573248412,-9.750307228242661,8.07023411371237,-7.436477699160671,22.397271788467542,40.72118410808435,,,False,,277.0,,2026-08-12,,full,"{""as_of"": ""2026-08-12"", ""listing_date"": null, ""reason_code"": ""valid_trading_sessions"", ""status"": ""full"", ""valid_trading_sessions"": 277}","[""l1.csv""]",[],64.5696,ranked,full,100.0,True,True,False
SYF,Synchrony Financial Common Stock,nasdaqtrader:N:SYF,common_equity,eligible,N,,79.41,,272657190.3012698,7.776872964169357,12.09768492377188,7.456021650879552,14.094827586206904,10.240759579518489,40.63905582922844,,,False,,277.0,,2026-08-12,,full,"{""as_of"": ""2026-08-12"", ""listing_date"": null, ""reason_code"": ""valid_trading_sessions"", ""status"": ""full"", ""valid_trading_sessions"": 277}","[""l1.csv""]",[],64.5602,ranked,full,100.0,True,True,False
YOU,"Clear Secure, Inc. Class A Common Stock",nasdaqtrader:N:YOU,common_equity,eligible,N,,46.16,,80070822.47079365,-13.784086664176321,-19.91672449687718,40.517503805175025,43.755839302397995,25.978191148171913,54.21204635348703,,,False,,277.0,,2026-08-12,,full,"{""as_of"": ""2026-08-12"", ""listing_date"": null, ""reason_code"": ""valid_trading_sessions"", ""status"": ""full"", ""valid_trading_sessions"": 277}","[""l1.csv""]",[],64.5471,ranked,full,100.0,True,True,False
SONY,Sony Group Corporation American Depositary Shares,nasdaqtrader:N:SONY,adr,eligible,N,,23.54,,127451650.70698413,13.17307692307692,6.227436823104693,3.1099430573806375,-13.709677419354849,22.20753469927298,29.867520791982667,,,False,,277.0,,2026-08-12,,full,"{""as_of"": ""2026-08-12"", ""listing_date"": null, ""reason_code"": ""valid_trading_sessions"", ""status"": ""full"", ""valid_trading_sessions"": 277}","[""l1.csv""]",[],64.5443,ranked,full,100.0,True,True,False
B,Barrick Mining Corporation Common Shares,nasdaqtrader:N:B,common_equity,eligible,N,,41.23,,442148811.7874603,12.989860235680982,-10.076335877862608,-12.1831735889244,80.51663747810858,22.178180445451112,47.80815490845678,,,False,,277.0,,2026-08-12,,full,"{""as_of"": ""2026-08-12"", ""listing_date"": null, ""reason_code"": ""valid_trading_sessions"", ""status"": ""full"", ""valid_trading_sessions"": 277}","[""l1.csv""]",[],64.5404,ranked,full,100.0,True,True,False
ERIC,Ericsson - American Depositary Shares each representing 1 underlying Class B share,nasdaqtrader:Q:ERIC,adr,eligible,Q,,10.18,,139469207.4331746,0.39447731755424265,-17.43714517437146,-9.349955476402494,36.27844712182062,25.909752547307143,52.48319653561665,,,False,,277.0,,2026-08-12,,full,"{""as_of"": ""2026-08-12"", ""listing_date"": null, ""reason_code"": ""valid_trading_sessions"", ""status"": ""full"", ""valid_trading_sessions"": 277}","[""l1.csv""]",[],64.538,ranked,full,100.0,True,True,False
LDOS,"Leidos Holdings, Inc. Common Stock",nasdaqtrader:N:LDOS,common_equity,eligible,N,,140.38,,192006039.33603173,31.73798798798797,9.33873354622634,-27.90673788003287,-20.751947612058252,29.651716361814085,43.28987705822831,,,False,,277.0,,2026-08-12,,full,"{""as_of"": ""2026-08-12"", ""listing_date"": null, ""reason_code"": ""valid_trading_sessions"", ""status"": ""full"", ""valid_trading_sessions"": 277}","[""l1.csv""]",[],64.5369,ranked,full,100.0,True,True,False
BTSG,"BrightSpring Health Services, Inc. - Common Stock",nasdaqtrader:Q:BTSG,common_equity,eligible,Q,,59.68,,249007833.27738097,-14.339026840821012,7.531531531531521,51.70310116929333,188.86737657308808,18.145659031682893,72.06051078769858,,,False,,277.0,,2026-08-12,,full,"{""as_of"": ""2026-08-12"", ""listing_date"": null, ""reason_code"": ""valid_trading_sessions"", ""status"": ""full"", ""valid_trading_sessions"": 277}","[""l1.csv""]",[],64.5364,ranked,full,100.0,True,True,False
EQX,Equinox Gold Corp. Common Shares,nasdaqtrader:A:EQX,common_equity,eligible,A,,11.53,,149823289.21698412,21.368421052631568,-22.094594594594607,-27.255520504731866,73.38345864661653,38.53944562899788,57.1987183272334,,,False,,277.0,,2026-08-12,,full,"{""as_of"": ""2026-08-12"", ""listing_date"": null, ""reason_code"": ""valid_trading_sessions"", ""status"": ""full"", ""valid_trading_sessions"": 277}","[""l1.csv""]",[],64.514,ranked,full,100.0,True,True,False
GTLB,GitLab Inc. - Class A Common Stock,nasdaqtrader:Q:GTLB,common_equity,eligible,Q,,40.81,,167671057.19373015,23.741661613098874,76.81975736568461,29.35023771790808,5.1262235960845,20.043103448275858,54.8614778195891,,,False,,277.0,,2026-08-12,,full,"{""as_of"": ""2026-08-12"", ""listing_date"": null, ""reason_code"": ""valid_trading_sessions"", ""status"": ""full"", ""valid_trading_sessions"": 277}","[""l1.csv""]",[],64.5057,ranked,full,100.0,True,True,False
NE,Noble Corporation plc A Ordinary Shares,nasdaqtrader:N:NE,common_equity,eligible,N,,44.08,,67092958.10126984,5.758157389635321,-13.990243902439026,5.1275936083949425,67.98780487804879,18.925878241677395,50.04390277290837,,,False,,277.0,,2026-08-12,,full,"{""as_of"": ""2026-08-12"", ""listing_date"": null, ""reason_code"": ""valid_trading_sessions"", ""status"": ""full"", ""valid_trading_sessions"": 277}","[""l1.csv""]",[],64.4815,ranked,full,100.0,True,True,False
PLAB,"Photronics, Inc. - Common Stock",nasdaqtrader:Q:PLAB,common_equity,eligible,Q,,33.49,,50222133.854444444,13.6409908381405,-35.57137360523277,-10.835995740149096,68.88552697932428,39.06477438136826,55.45243117699561,,,False,,277.0,,2026-08-12,,full,"{""as_of"": ""2026-08-12"", ""listing_date"": null, ""reason_code"": ""valid_trading_sessions"", ""status"": ""full"", ""valid_trading_sessions"": 277}","[""l1.csv""]",[],64.479,ranked,full,100.0,True,True,False
KBH,KB Home Common Stock,nasdaqtrader:N:KBH,common_equity,eligible,N,,55.8,,67282513.76523809,0.5586592178770777,18.90049009162582,-12.139820500708554,-5.102040816326536,17.904958069736654,36.761154855797564,,,False,,277.0,,2026-08-12,,full,"{""as_of"": ""2026-08-12"", ""listing_date"": null, ""reason_code"": ""valid_trading_sessions"", ""status"": ""full"", ""valid_trading_sessions"": 277}","[""l1.csv""]",[],64.4762,ranked,full,100.0,True,True,False
PTCT,"PTC Therapeutics, Inc. - Common Stock",nasdaqtrader:Q:PTCT,common_equity,eligible,Q,,72.64,,132013932.42666666,-6.943376889572129,-3.1724873367102058,0.6930967563071766,67.75981524249424,18.88330541596873,45.62024656313989,,,False,,277.0,,2026-08-12,,full,"{""as_of"": ""2026-08-12"", ""listing_date"": null, ""reason_code"": ""valid_trading_sessions"", ""status"": ""full"", ""valid_trading_sessions"": 277}","[""l1.csv""]",[],64.4708,ranked,full,100.0,True,True,False
EXE,Expand Energy Corporation - Common Stock,nasdaqtrader:Q:EXE,common_equity,eligible,Q,,96.28,,330812475.92968255,9.645826215692965,-0.15555325106295648,-5.801780647686128,-1.7149857084524212,21.653511270241676,31.98863384864492,,,False,,277.0,,2026-08-12,,full,"{""as_of"": ""2026-08-12"", ""listing_date"": null, ""reason_code"": ""valid_trading_sessions"", ""status"": ""full"", ""valid_trading_sessions"": 277}","[""l1.csv""]",[],64.4705,ranked,full,100.0,True,True,False
BP,BP p.l.c. Common Stock,nasdaqtrader:N:BP,common_equity,eligible,N,,42.93,,368081633.1414286,3.6956521739130554,-3.3108108108108047,16.121179334595624,26.450662739322528,9.867730422002941,35.4132424692466,,,False,,277.0,,2026-08-12,,full,"{""as_of"": ""2026-08-12"", ""listing_date"": null, ""reason_code"": ""valid_trading_sessions"", ""status"": ""full"", ""valid_trading_sessions"": 277}","[""l1.csv""]",[],64.4669,ranked,full,100.0,True,True,False
AGI,Alamos Gold Inc. Class A Common Shares,nasdaqtrader:N:AGI,common_equity,eligible,N,,33.53,,148663026.3788889,14.164113040517545,-24.60085450865752,-25.78574590526781,28.369065849923423,39.39996385324417,46.80229919942687,,,False,,277.0,,2026-08-12,,full,"{""as_of"": ""2026-08-12"", ""listing_date"": null, ""reason_code"": ""valid_trading_sessions"", ""status"": ""full"", ""valid_trading_sessions"": 277}","[""l1.csv""]",[],64.4567,ranked,full,100.0,True,True,False
SQM,Sociedad Quimica y Minera S.A. Common Stock,nasdaqtrader:N:SQM,common_equity,eligible,N,,71.25,,81722794.77793652,-2.3303632625085724,-24.706752615449645,1.3801935116676045,55.22875816993464,25.24394082467737,36.62146905435539,,,False,,277.0,,2026-08-12,,full,"{""as_of"": ""2026-08-12"", ""listing_date"": null, ""reason_code"": ""valid_trading_sessions"", ""status"": ""full"", ""valid_trading_sessions"": 277}","[""l1.csv""]",[],64.4492,ranked,full,100.0,True,True,False
DKNG,DraftKings Inc. - Class A Common Stock,nasdaqtrader:Q:DKNG,common_equity,eligible,Q,,25.51,,324979770.99817455,1.1900039666798978,3.657049979683058,-5.936578171091444,-40.299555347531005,47.107609371760304,48.90338447474447,,,False,,277.0,,2026-08-12,,full,"{""as_of"": ""2026-08-12"", ""listing_date"": null, ""reason_code"": ""valid_trading_sessions"", ""status"": ""full"", ""valid_trading_sessions"": 277}","[""l1.csv""]",[],64.4428,ranked,full,100.0,True,True,False
MTDR,Matador Resources Company Common Stock,nasdaqtrader:N:MTDR,common_equity,eligible,N,,52.51,,99253390.97380953,0.05716463414633388,-7.3080317740511935,11.913895993179867,13.584252649794504,19.770817417876252,48.18170907846022,,,False,,277.0,,2026-08-12,,full,"{""as_of"": ""2026-08-12"", ""listing_date"": null, ""reason_code"": ""valid_trading_sessions"", ""status"": ""full"", ""valid_trading_sessions"": 277}","[""l1.csv""]",[],64.4427,ranked,full,100.0,True,True,False
SAIA,"Saia, Inc. - Common Stock",nasdaqtrader:Q:SAIA,common_equity,eligible,Q,,364.66,,185439818.03396824,-15.730363043930396,-16.16626051772495,-4.44921915941724,29.54634267647165,25.14266945847189,48.839856875296796,,,False,,277.0,,2026-08-12,,full,"{""as_of"": ""2026-08-12"", ""listing_date"": null, ""reason_code"": ""valid_trading_sessions"", ""status"": ""full"", ""valid_trading_sessions"": 277}","[""l1.csv""]",[],64.4357,ranked,full,100.0,True,True,False
ZS,"Zscaler, Inc. - Common Stock",nasdaqtrader:Q:ZS,common_equity,eligible,Q,,177.32,,634040468.3307936,16.588861858110327,21.310802490251078,1.7093036595158928,-34.61169702780441,47.268563951586515,47.3527130872453,,,False,,277.0,,2026-08-12,,full,"{""as_of"": ""2026-08-12"", ""listing_date"": null, ""reason_code"": ""valid_trading_sessions"", ""status"": ""full"", ""valid_trading_sessions"": 277}","[""l1.csv""]",[],64.4321,ranked,full,100.0,True,True,False
ECL,Ecolab Inc. Common Stock,nasdaqtrader:N:ECL,common_equity,eligible,N,,278.43,,417216700.6904762,3.2177942539388438,10.619785458879626,-7.072291569321143,1.8025594149908564,9.703259283281984,23.368940128891253,,,False,,277.0,,2026-08-12,,full,"{""as_of"": ""2026-08-12"", ""listing_date"": null, ""reason_code"": ""valid_trading_sessions"", ""status"": ""full"", ""valid_trading_sessions"": 277}","[""l1.csv""]",[],64.4258,ranked,full,100.0,True,True,False
LNG,"Cheniere Energy, Inc. Common Stock",nasdaqtrader:N:LNG,common_equity,eligible,N,,268.11,,507628150.5174603,1.1621325887635425,9.74172158323443,22.777854100838034,16.54422951532275,9.69990906335253,34.82665164198775,,,False,,277.0,,2026-08-12,,full,"{""as_of"": ""2026-08-12"", ""listing_date"": null, ""reason_code"": ""valid_trading_sessions"", ""status"": ""full"", ""valid_trading_sessions"": 277}","[""l1.csv""]",[],64.425,ranked,full,100.0,True,True,False
COHR,Coherent Corp. Common Stock,nasdaqtrader:N:COHR,common_equity,eligible,N,,355.64,,2055597898.7038095,14.438330598191595,-4.911633378786662,55.729736830581935,213.06338028169014,16.690482325657662,117.80271089320556,,,False,,277.0,,2026-08-12,,full,"{""as_of"": ""2026-08-12"", ""listing_date"": null, ""reason_code"": ""valid_trading_sessions"", ""status"": ""full"", ""valid_trading_sessions"": 277}","[""l1.csv""]",[],64.4226,ranked,full,100.0,True,True,False
CAVA,"CAVA Group, Inc. Common Stock",nasdaqtrader:N:CAVA,common_equity,eligible,N,,69.47,,258550434.13873017,-0.7145919679862778,-9.989634620367982,0.7834034527781641,-15.58930741190765,28.668241092514634,63.66191510334988,,,False,,277.0,,2026-08-12,,full,"{""as_of"": ""2026-08-12"", ""listing_date"": null, ""reason_code"": ""valid_trading_sessions"", ""status"": ""full"", ""valid_trading_sessions"": 277}","[""l1.csv""]",[],64.4058,ranked,full,100.0,True,True,False
WPM,Wheaton Precious Metals Corp Common Shares (Canada),nasdaqtrader:N:WPM,common_equity,eligible,N,,134.88,,236724003.52571428,24.324822564291647,-5.499894906466752,-6.721991701244812,38.32427443339144,18.60970311368574,45.586589760118216,,,False,,277.0,,2026-08-12,,full,"{""as_of"": ""2026-08-12"", ""listing_date"": null, ""reason_code"": ""valid_trading_sessions"", ""status"": ""full"", ""valid_trading_sessions"": 277}","[""l1.csv""]",[],64.4024,ranked,full,100.0,True,True,False
VFC,V.F. Corporation Common Stock,nasdaqtrader:N:VFC,common_equity,eligible,N,,14.57,,135833608.6031746,-12.597480503899227,-17.168845935190447,-30.320420851267336,23.57930449533505,32.38979118329467,68.28490907865232,,,False,,277.0,,2026-08-12,,full,"{""as_of"": ""2026-08-12"", ""listing_date"": null, ""reason_code"": ""valid_trading_sessions"", ""status"": ""full"", ""valid_trading_sessions"": 277}","[""l1.csv""]",[],64.402,ranked,full,100.0,True,True,False
LSTR,"Landstar System, Inc. - Common Stock",nasdaqtrader:Q:LSTR,common_equity,eligible,Q,,185.85,,103358809.88698412,-12.090251170710943,5.752816660976423,14.432608829505567,47.19626168224298,17.535608111106182,38.19798601174765,,,False,,277.0,,2026-08-12,,full,"{""as_of"": ""2026-08-12"", ""listing_date"": null, ""reason_code"": ""valid_trading_sessions"", ""status"": ""full"", ""valid_trading_sessions"": 277}","[""l1.csv""]",[],64.3839,ranked,full,100.0,True,True,False
DNN,Denison Mines Corp Ordinary Shares (Canada),nasdaqtrader:A:DNN,common_equity,eligible,A,,3.29,,75838102.62079364,3.785488958990535,-11.081081081081079,-15.20618556701031,55.18867924528301,24.713958810068647,59.37094706509737,,,False,,277.0,,2026-08-12,,full,"{""as_of"": ""2026-08-12"", ""listing_date"": null, ""reason_code"": ""valid_trading_sessions"", ""status"": ""full"", ""valid_trading_sessions"": 277}","[""l1.csv""]",[],64.3785,ranked,full,100.0,True,True,False
LEA,Lear Corporation Common Stock,nasdaqtrader:N:LEA,common_equity,eligible,N,,121.23,,92190374.42015873,-10.801265543374283,-11.043439976518933,-12.52615628833249,26.71683913452494,18.46246973365617,46.005870024453785,,,False,,277.0,,2026-08-12,,full,"{""as_of"": ""2026-08-12"", ""listing_date"": null, ""reason_code"": ""valid_trading_sessions"", ""status"": ""full"", ""valid_trading_sessions"": 277}","[""l1.csv""]",[],64.3656,ranked,full,100.0,True,True,False
DHI,"D.R. Horton, Inc. Common Stock",nasdaqtrader:N:DHI,common_equity,eligible,N,,145.82,,364382830.3009524,-2.780185345689723,1.77985621553709,-10.142962780379595,-5.898296334537956,20.767224516409478,37.33558069358441,,,False,,277.0,,2026-08-12,,full,"{""as_of"": ""2026-08-12"", ""listing_date"": null, ""reason_code"": ""valid_trading_sessions"", ""status"": ""full"", ""valid_trading_sessions"": 277}","[""l1.csv""]",[],64.3523,ranked,full,100.0,True,True,False
DDOG,"Datadog, Inc. - Class A Common Stock",nasdaqtrader:Q:DDOG,common_equity,eligible,Q,,240.91,,1303231321.465238,-11.014664056440004,20.491147344203252,85.78699776355366,86.9983699448886,16.394239111573828,81.36609851807613,,,False,,277.0,,2026-08-12,,full,"{""as_of"": ""2026-08-12"", ""listing_date"": null, ""reason_code"": ""valid_trading_sessions"", ""status"": ""full"", ""valid_trading_sessions"": 277}","[""l1.csv""]",[],64.3486,ranked,full,100.0,True,True,False
RYN,Rayonier Inc. REIT Common Stock,nasdaqtrader:N:RYN,common_equity,eligible,N,,21.51,,56834046.37603175,-0.966850828729271,5.752212389380529,-4.101649576460087,-16.91772885283893,20.65658428624123,25.672078876896485,,,False,,277.0,,2026-08-12,,full,"{""as_of"": ""2026-08-12"", ""listing_date"": null, ""reason_code"": ""valid_trading_sessions"", ""status"": ""full"", ""valid_trading_sessions"": 277}","[""l1.csv""]",[],64.3375,ranked,full,100.0,True,True,False
NXT,Nextpower Inc. - Class A Common Stock,nasdaqtrader:Q:NXT,common_equity,eligible,Q,,103.67,,365119207.17396826,-0.9459201223007807,-17.308766052484646,-12.099372562319822,92.69516728624536,33.71483375959079,69.7989214813037,,,False,,277.0,,2026-08-12,,full,"{""as_of"": ""2026-08-12"", ""listing_date"": null, ""reason_code"": ""valid_trading_sessions"", ""status"": ""full"", ""valid_trading_sessions"": 277}","[""l1.csv""]",[],64.3286,ranked,full,100.0,True,True,False
TTMI,"TTM Technologies, Inc. - Common Stock",nasdaqtrader:Q:TTMI,common_equity,eligible,Q,,138.1,,470460175.6055556,-2.725928012960488,-15.462781586679741,47.275247947104624,209.5718448778301,37.64392468505893,101.47251903361504,,,False,,277.0,,2026-08-12,,full,"{""as_of"": ""2026-08-12"", ""listing_date"": null, ""reason_code"": ""valid_trading_sessions"", ""status"": ""full"", ""valid_trading_sessions"": 277}","[""l1.csv""]",[],64.3237,ranked,full,100.0,True,True,False
RSG,"Republic Services, Inc. Common Stock",nasdaqtrader:N:RSG,common_equity,eligible,N,,214.26,,339452617.2406349,-2.622369676862246,5.870145271271854,-3.949432913435247,-9.606378939374771,9.254161196052701,24.33079625944397,,,False,,277.0,,2026-08-12,,full,"{""as_of"": ""2026-08-12"", ""listing_date"": null, ""reason_code"": ""valid_trading_sessions"", ""status"": ""full"", ""valid_trading_sessions"": 277}","[""l1.csv""]",[],64.3135,ranked,full,100.0,True,True,False
APO,"Apollo Global Management, Inc. (New) Common Stock",nasdaqtrader:N:APO,common_equity,eligible,N,,138.61,,521128158.51206344,15.575752522304676,5.063291139240511,4.666616325605988,-2.4697438784126002,9.227242960052372,35.86137572726143,,,False,,277.0,,2026-08-12,,full,"{""as_of"": ""2026-08-12"", ""listing_date"": null, ""reason_code"": ""valid_trading_sessions"", ""status"": ""full"", ""valid_trading_sessions"": 277}","[""l1.csv""]",[],64.3068,ranked,full,100.0,True,True,False
EQT,EQT Corporation Common Stock,nasdaqtrader:N:EQT,common_equity,eligible,N,,54.06,,378443800.75492066,8.532423208191119,-3.0835424883470797,-2.4011554432207927,4.322655345426485,20.41807743265126,34.11913762600449,,,False,,277.0,,2026-08-12,,full,"{""as_of"": ""2026-08-12"", ""listing_date"": null, ""reason_code"": ""valid_trading_sessions"", ""status"": ""full"", ""valid_trading_sessions"": 277}","[""l1.csv""]",[],64.3057,ranked,full,100.0,True,True,False
RACE,Ferrari N.V. Common Shares,nasdaqtrader:N:RACE,common_equity,eligible,N,,407.21,,211954407.57015872,10.30718387690972,23.674299945331946,12.111117229227442,-7.735357426079082,19.21879029538376,29.593761285194788,,,False,,277.0,,2026-08-12,,full,"{""as_of"": ""2026-08-12"", ""listing_date"": null, ""reason_code"": ""valid_trading_sessions"", ""status"": ""full"", ""valid_trading_sessions"": 277}","[""l1.csv""]",[],64.3047,ranked,full,100.0,True,True,False
XYL,Xylem Inc. Common Stock New,nasdaqtrader:N:XYL,common_equity,eligible,N,,121.93,,223928986.3498413,0.3126285479226665,9.315043930428546,-5.421967111386894,-14.65668089871911,20.28113762667537,29.38032679539628,,,False,,277.0,,2026-08-12,,full,"{""as_of"": ""2026-08-12"", ""listing_date"": null, ""reason_code"": ""valid_trading_sessions"", ""status"": ""full"", ""valid_trading_sessions"": 277}","[""l1.csv""]",[],64.2875,ranked,full,100.0,True,True,False
PAAS,Pan American Silver Corp. Common Stock,nasdaqtrader:N:PAAS,common_equity,eligible,N,,52.38,,220107706.5647619,20.386118133762366,-17.87394167450611,-11.65457918704671,66.02218700475437,23.755458515283845,45.324622151800604,,,False,,277.0,,2026-08-12,,full,"{""as_of"": ""2026-08-12"", ""listing_date"": null, ""reason_code"": ""valid_trading_sessions"", ""status"": ""full"", ""valid_trading_sessions"": 277}","[""l1.csv""]",[],64.2507,ranked,full,100.0,True,True,False
U,Unity Software Inc. Common Stock,nasdaqtrader:N:U,common_equity,eligible,N,,44.53,,296712201.3312698,40.25196850393702,65.90909090909092,53.234686854783206,34.16691774630913,9.985850010107134,61.482107471487545,,,False,,277.0,,2026-08-12,,full,"{""as_of"": ""2026-08-12"", ""listing_date"": null, ""reason_code"": ""valid_trading_sessions"", ""status"": ""full"", ""valid_trading_sessions"": 277}","[""l1.csv""]",[],64.2465,ranked,full,100.0,True,True,False
TS,Tenaris S.A. American Depositary Shares,nasdaqtrader:N:TS,adr,eligible,N,,53.15,,78035234.20301588,-5.611791866453563,-14.960000000000006,12.320371935756548,50.69464133824779,16.97906904092471,30.211694280464645,,,False,,277.0,,2026-08-12,,full,"{""as_of"": ""2026-08-12"", ""listing_date"": null, ""reason_code"": ""valid_trading_sessions"", ""status"": ""full"", ""valid_trading_sessions"": 277}","[""l1.csv""]",[],64.2448,ranked,full,100.0,True,True,False
SEI,"Solaris Energy Infrastructure, Inc. Class A Common Stock",nasdaqtrader:N:SEI,common_equity,eligible,N,,61.8,,191430220.18714288,-11.079136690647484,-18.92955529319167,16.73592746505479,103.55731225296441,25.43436293436293,99.40259081027587,,,False,,277.0,,2026-08-12,,full,"{""as_of"": ""2026-08-12"", ""listing_date"": null, ""reason_code"": ""valid_trading_sessions"", ""status"": ""full"", ""valid_trading_sessions"": 277}","[""l1.csv""]",[],64.2246,ranked,full,100.0,True,True,False
SPGI,S&P Global Inc. Common Stock,nasdaqtrader:N:SPGI,common_equity,eligible,N,,410.1,,945796042.2138095,-6.555472007656027,-3.317066270599045,2.2489278946843605,-26.225084550622434,27.306567402286618,31.98788952081401,,,False,,277.0,,2026-08-12,,full,"{""as_of"": ""2026-08-12"", ""listing_date"": null, ""reason_code"": ""valid_trading_sessions"", ""status"": ""full"", ""valid_trading_sessions"": 277}","[""l1.csv""]",[],64.2242,ranked,full,100.0,True,True,False
PDD,PDD Holdings Inc. - American Depositary Shares,nasdaqtrader:Q:PDD,adr,eligible,Q,,89.035,,744947204.6838095,6.107734477416282,-6.993627911835376,-15.550602295361859,-21.235845718329806,35.542604792586694,33.657806099889804,,,False,,277.0,,2026-08-12,,full,"{""as_of"": ""2026-08-12"", ""listing_date"": null, ""reason_code"": ""valid_trading_sessions"", ""status"": ""full"", ""valid_trading_sessions"": 277}","[""l1.csv""]",[],64.2138,ranked,full,100.0,True,True,False
RGLD,"Royal Gold, Inc. - Common Stock",nasdaqtrader:Q:RGLD,common_equity,eligible,Q,,232.87,,152405210.97619048,20.340034106764527,-5.086610963929072,-17.780602337323025,36.500586166471294,23.471030924447078,35.40148771840882,,,False,,277.0,,2026-08-12,,full,"{""as_of"": ""2026-08-12"", ""listing_date"": null, ""reason_code"": ""valid_trading_sessions"", ""status"": ""full"", ""valid_trading_sessions"": 277}","[""l1.csv""]",[],64.2128,ranked,full,100.0,True,True,False
SAP,SAP  SE ADS,nasdaqtrader:N:SAP,adr,eligible,N,,204.15,,539088328.9641271,31.871326141722122,22.04818556824295,-3.798124499316713,-28.92702966160702,27.20887114026955,48.088586426232474,,,False,,277.0,,2026-08-12,,full,"{""as_of"": ""2026-08-12"", ""listing_date"": null, ""reason_code"": ""valid_trading_sessions"", ""status"": ""full"", ""valid_trading_sessions"": 277}","[""l1.csv""]",[],64.2112,ranked,full,100.0,True,True,False
ARCB,ArcBest Corporation - Common Stock,nasdaqtrader:Q:ARCB,common_equity,eligible,Q,,140.63,,59582358.434285715,-7.223908167304405,24.53949698901876,32.59475768432962,104.61225083660702,18.814224685371205,45.121100344124535,,,False,,277.0,,2026-08-12,,full,"{""as_of"": ""2026-08-12"", ""listing_date"": null, ""reason_code"": ""valid_trading_sessions"", ""status"": ""full"", ""valid_trading_sessions"": 277}","[""l1.csv""]",[],64.2036,ranked,full,100.0,True,True,False
GSK,GSK plc American Depositary Shares (Each representing two Ordinary Shares),nasdaqtrader:N:GSK,adr,eligible,N,,50.3,,205411674.92396826,-1.8536585365853675,-1.1787819253438192,-14.484869092145535,33.386369663219284,17.783589408303367,28.0967126790861,,,False,,277.0,,2026-08-12,,full,"{""as_of"": ""2026-08-12"", ""listing_date"": null, ""reason_code"": ""valid_trading_sessions"", ""status"": ""full"", ""valid_trading_sessions"": 277}","[""l1.csv""]",[],64.1959,ranked,full,100.0,True,True,False
WCN,"Waste Connections, Inc. Common Shares",nasdaqtrader:N:WCN,common_equity,eligible,N,,165.34,,258092553.07873014,-2.4945450256531165,9.315702479338839,-3.1116319953120475,-13.243782138734394,11.771611526147275,22.455336612955925,,,False,,277.0,,2026-08-12,,full,"{""as_of"": ""2026-08-12"", ""listing_date"": null, ""reason_code"": ""valid_trading_sessions"", ""status"": ""full"", ""valid_trading_sessions"": 277}","[""l1.csv""]",[],64.1929,ranked,full,100.0,True,True,False
VECO,Veeco Instruments Inc. - Common Stock,nasdaqtrader:Q:VECO,common_equity,eligible,Q,,53.26,,84286933.93507937,-8.204067562909344,-13.34201106410674,69.29434202161472,123.21877619446772,35.86223506743739,96.24335009220091,,,False,,277.0,,2026-08-12,,full,"{""as_of"": ""2026-08-12"", ""listing_date"": null, ""reason_code"": ""valid_trading_sessions"", ""status"": ""full"", ""valid_trading_sessions"": 277}","[""l1.csv""]",[],64.1925,ranked,full,100.0,True,True,False
QURE,uniQure N.V. - Ordinary Shares,nasdaqtrader:Q:QURE,common_equity,eligible,Q,,45.13,,77455300.87126985,8.694605009633904,55.085910652920965,82.63860785107244,219.6175637393768,36.06743164754215,52.63345996831139,,,False,,277.0,,2026-08-12,,full,"{""as_of"": ""2026-08-12"", ""listing_date"": null, ""reason_code"": ""valid_trading_sessions"", ""status"": ""full"", ""valid_trading_sessions"": 277}","[""l1.csv""]",[],64.1788,ranked,full,100.0,True,True,False
VIST,"Vista Energy S.A.B. de C.V. American Depositary Shares, each representing one series A share, with no par value",nasdaqtrader:N:VIST,adr,eligible,N,,66.01,,62416804.21761905,0.42598509052182987,-4.719976905311773,18.149275102917507,53.61880381661626,16.706624605678222,45.10878436467424,,,False,,277.0,,2026-08-12,,full,"{""as_of"": ""2026-08-12"", ""listing_date"": null, ""reason_code"": ""valid_trading_sessions"", ""status"": ""full"", ""valid_trading_sessions"": 277}","[""l1.csv""]",[],64.1767,ranked,full,100.0,True,True,False
NRG,"NRG Energy, Inc. Common Stock",nasdaqtrader:N:NRG,common_equity,eligible,N,,120.66,,379959793.6074603,-12.792714657415448,-12.145041502839671,-22.866457840567666,-20.634085377885945,34.43460305384992,67.56351673526578,,,False,,277.0,,2026-08-12,,full,"{""as_of"": ""2026-08-12"", ""listing_date"": null, ""reason_code"": ""valid_trading_sessions"", ""status"": ""full"", ""valid_trading_sessions"": 277}","[""l1.csv""]",[],64.1746,ranked,full,100.0,True,True,False
CME,CME Group Inc. - Class A Common Stock,nasdaqtrader:Q:CME,common_equity,eligible,Q,,262.17,,832271060.7803175,7.618734863100851,-8.251968503937002,-14.535793454166113,-8.251968503937002,19.693071126631125,27.08019101818226,,,False,,277.0,,2026-08-12,,full,"{""as_of"": ""2026-08-12"", ""listing_date"": null, ""reason_code"": ""valid_trading_sessions"", ""status"": ""full"", ""valid_trading_sessions"": 277}","[""l1.csv""]",[],64.1733,ranked,full,100.0,True,True,False
ADM,Archer-Daniels-Midland Company Common Stock,nasdaqtrader:N:ADM,common_equity,eligible,N,,79.73,,297340745.8404762,-3.0991735537190035,-1.2386968908708051,16.190614981055074,36.8050789293068,8.692166743014184,29.91684324445355,,,False,,277.0,,2026-08-12,,full,"{""as_of"": ""2026-08-12"", ""listing_date"": null, ""reason_code"": ""valid_trading_sessions"", ""status"": ""full"", ""valid_trading_sessions"": 277}","[""l1.csv""]",[],64.173,ranked,full,100.0,True,True,False
NVS,Novartis AG Common Stock,nasdaqtrader:N:NVS,common_equity,eligible,N,,152.32,,280109267.1936508,1.303538175046537,2.807775377969768,-3.7168141592920367,28.48587094053141,9.666706203297359,24.876317680513342,,,False,,277.0,,2026-08-12,,full,"{""as_of"": ""2026-08-12"", ""listing_date"": null, ""reason_code"": ""valid_trading_sessions"", ""status"": ""full"", ""valid_trading_sessions"": 277}","[""l1.csv""]",[],64.1667,ranked,full,100.0,True,True,False
RIO,Rio Tinto Plc Common Stock,nasdaqtrader:N:RIO,common_equity,eligible,N,,101.22,,266135075.42111114,8.500375174188001,-7.561643835616438,4.092965857671738,62.89024782748631,9.65726526240629,29.010449386780536,,,False,,277.0,,2026-08-12,,full,"{""as_of"": ""2026-08-12"", ""listing_date"": null, ""reason_code"": ""valid_trading_sessions"", ""status"": ""full"", ""valid_trading_sessions"": 277}","[""l1.csv""]",[],64.1643,ranked,full,100.0,True,True,False
WELL,Welltower Inc. Common Stock,nasdaqtrader:N:WELL,common_equity,eligible,N,,230.27,,790002398.8963492,-2.4279661016949117,5.871264367816087,14.653455486954803,37.04100458251502,8.648391319871463,26.104240116446658,,,False,,277.0,,2026-08-12,,full,"{""as_of"": ""2026-08-12"", ""listing_date"": null, ""reason_code"": ""valid_trading_sessions"", ""status"": ""full"", ""valid_trading_sessions"": 277}","[""l1.csv""]",[],64.1621,ranked,full,100.0,True,True,False
GNRC,Generac Holdlings Inc. Common Stock,nasdaqtrader:N:GNRC,common_equity,eligible,N,,221.9,,246405209.48079365,-1.4303482587064709,-17.689825290255566,21.72243554580362,12.91471605943415,24.917100900047373,56.10061721461569,,,False,,277.0,,2026-08-12,,full,"{""as_of"": ""2026-08-12"", ""listing_date"": null, ""reason_code"": ""valid_trading_sessions"", ""status"": ""full"", ""valid_trading_sessions"": 277}","[""l1.csv""]",[],64.1556,ranked,full,100.0,True,True,False
MKC,"McCormick & Company, Incorporated Common Stock",nasdaqtrader:N:MKC,common_equity,eligible,N,,52.97,,199288592.13968253,0.22705771050142154,13.111253469997862,-23.18735498839907,-23.97014496914024,26.69526709106007,31.100993865628297,,,False,,277.0,,2026-08-12,,full,"{""as_of"": ""2026-08-12"", ""listing_date"": null, ""reason_code"": ""valid_trading_sessions"", ""status"": ""full"", ""valid_trading_sessions"": 277}","[""l1.csv""]",[],64.1427,ranked,full,100.0,True,True,False
ELAN,Elanco Animal Health Incorporated Common Stock,nasdaqtrader:N:ELAN,common_equity,eligible,N,,22.13,,154645939.70349205,-13.385518590998046,3.266448903406438,-13.588442014837954,29.41520467836256,17.54843517138599,44.2798854587618,,,False,,277.0,,2026-08-12,,full,"{""as_of"": ""2026-08-12"", ""listing_date"": null, ""reason_code"": ""valid_trading_sessions"", ""status"": ""full"", ""valid_trading_sessions"": 277}","[""l1.csv""]",[],64.1371,ranked,full,100.0,True,True,False
TREX,"Trex Company, Inc. Common Stock",nasdaqtrader:N:TREX,common_equity,eligible,N,,49.53,,93040010.41650793,12.134933212587718,26.772459687739957,11.453645364536458,-15.578660303391857,24.760747379614156,43.4918358108265,,,False,,277.0,,2026-08-12,,full,"{""as_of"": ""2026-08-12"", ""listing_date"": null, ""reason_code"": ""valid_trading_sessions"", ""status"": ""full"", ""valid_trading_sessions"": 277}","[""l1.csv""]",[],64.1348,ranked,full,100.0,True,True,False
PAYX,"Paychex, Inc. - Common Stock",nasdaqtrader:Q:PAYX,common_equity,eligible,Q,,120.37,,348408503.655,9.906866325785257,28.449471774623845,21.549025547813795,-13.15295815295815,14.516014487607409,32.32307377779608,,,False,,277.0,,2026-08-12,,full,"{""as_of"": ""2026-08-12"", ""listing_date"": null, ""reason_code"": ""valid_trading_sessions"", ""status"": ""full"", ""valid_trading_sessions"": 277}","[""l1.csv""]",[],64.129,ranked,full,100.0,True,True,False
AMKR,"Amkor Technology, Inc. - Common Stock",nasdaqtrader:Q:AMKR,common_equity,eligible,Q,,55.59,,394040422.52492064,-20.811965811965816,-24.315861130020423,3.9842873176206606,140.1295896328294,40.57723142704436,121.15105539159954,,,False,,277.0,,2026-08-12,,full,"{""as_of"": ""2026-08-12"", ""listing_date"": null, ""reason_code"": ""valid_trading_sessions"", ""status"": ""full"", ""valid_trading_sessions"": 277}","[""l1.csv""]",[],64.1282,ranked,full,100.0,True,True,False
XPO,"XPO, Inc. Common Stock",nasdaqtrader:N:XPO,common_equity,eligible,N,,208.94,,288920584.76682544,-0.49054626851454675,6.591164166921737,4.417791104447777,75.50608987820245,8.508122783202698,33.599016652703654,,,False,,277.0,,2026-08-12,,full,"{""as_of"": ""2026-08-12"", ""listing_date"": null, ""reason_code"": ""valid_trading_sessions"", ""status"": ""full"", ""valid_trading_sessions"": 277}","[""l1.csv""]",[],64.127,ranked,full,100.0,True,True,False
MUR,Murphy Oil Corporation Common Stock,nasdaqtrader:N:MUR,common_equity,eligible,N,,35.26,,65027040.779841274,0.8292822419216472,-8.888888888888902,8.827160493827169,55.67328918322296,17.50116986429575,54.317778263977644,,,False,,277.0,,2026-08-12,,full,"{""as_of"": ""2026-08-12"", ""listing_date"": null, ""reason_code"": ""valid_trading_sessions"", ""status"": ""full"", ""valid_trading_sessions"": 277}","[""l1.csv""]",[],64.1253,ranked,full,100.0,True,True,False
WULF,TeraWulf Inc. - Common Stock,nasdaqtrader:Q:WULF,common_equity,eligible,Q,,17.19,,702176544.1898413,-11.43740340030911,-24.60526315789473,3.3674082982561693,218.33333333333337,40.68322981366459,103.12049211753904,,,False,,277.0,,2026-08-12,,full,"{""as_of"": ""2026-08-12"", ""listing_date"": null, ""reason_code"": ""valid_trading_sessions"", ""status"": ""full"", ""valid_trading_sessions"": 277}","[""l1.csv""]",[],64.1211,ranked,full,100.0,True,True,False
FPS,"Forgent Power Solutions, Inc. Class A Common Stock",nasdaqtrader:N:FPS,common_equity,eligible,N,,38.27,,389946316.87,-7.066537153958219,-11.020692862125081,23.65105008077546,,40.7493420034061,91.95125194750072,,,False,,130.0,,2026-08-12,,limited_but_usable,"{""as_of"": ""2026-08-12"", ""listing_date"": null, ""reason_code"": ""valid_trading_sessions"", ""status"": ""limited_but_usable"", ""valid_trading_sessions"": 130}","[""l1.csv""]",[],64.1167,ranked,limited_but_usable,100.0,True,True,True
CASY,"Caseys General Stores, Inc. - Common Stock",nasdaqtrader:Q:CASY,common_equity,eligible,Q,,839.03,,423383205.87984127,-0.963184173562015,-3.2472699177804265,28.34699871504618,62.67206948699058,8.43082900423452,34.630620485908096,,,False,,277.0,,2026-08-12,,full,"{""as_of"": ""2026-08-12"", ""listing_date"": null, ""reason_code"": ""valid_trading_sessions"", ""status"": ""full"", ""valid_trading_sessions"": 277}","[""l1.csv""]",[],64.1077,ranked,full,100.0,True,True,False
CSTM,Constellium SE Ordinary Shares (France),nasdaqtrader:N:CSTM,common_equity,eligible,N,,29.5,,61640768.814444445,1.1659807956104329,-11.43800660462324,19.72402597402596,125.53516819571864,18.39557399723375,40.02582357859554,,,False,,277.0,,2026-08-12,,full,"{""as_of"": ""2026-08-12"", ""listing_date"": null, ""reason_code"": ""valid_trading_sessions"", ""status"": ""full"", ""valid_trading_sessions"": 277}","[""l1.csv""]",[],64.0989,ranked,full,100.0,True,True,False
SU,Suncor Energy  Inc. Common Stock,nasdaqtrader:N:SU,common_equity,eligible,N,,63.88,,280977520.89428574,4.652686762778502,-4.026442307692301,16.974913019593487,64.68161897396236,8.389502366269896,33.23719950078305,,,False,,277.0,,2026-08-12,,full,"{""as_of"": ""2026-08-12"", ""listing_date"": null, ""reason_code"": ""valid_trading_sessions"", ""status"": ""full"", ""valid_trading_sessions"": 277}","[""l1.csv""]",[],64.0974,ranked,full,100.0,True,True,False
BKD,Brookdale Senior Living Inc. Common Stock,nasdaqtrader:N:BKD,common_equity,eligible,N,,12.98,,69852544.5415873,-8.52713178294573,0.0,-20.319214241866167,79.77839335180057,22.599880739415624,46.49231961734095,,,False,,277.0,,2026-08-12,,full,"{""as_of"": ""2026-08-12"", ""listing_date"": null, ""reason_code"": ""valid_trading_sessions"", ""status"": ""full"", ""valid_trading_sessions"": 277}","[""l1.csv""]",[],64.0967,ranked,full,100.0,True,True,False
NVR,"NVR, Inc. Common Stock",nasdaqtrader:N:NVR,common_equity,eligible,N,,6293.95,,203622139.17603174,-1.3301874960807702,8.5976403032614,-22.242002994707377,-19.238858043265427,26.326232002809324,31.810651223104948,,,False,,277.0,,2026-08-12,,full,"{""as_of"": ""2026-08-12"", ""listing_date"": null, ""reason_code"": ""valid_trading_sessions"", ""status"": ""full"", ""valid_trading_sessions"": 277}","[""l1.csv""]",[],64.0935,ranked,full,100.0,True,True,False
NFLX,"Netflix, Inc. - Common Stock",nasdaqtrader:Q:NFLX,common_equity,eligible,Q,,74.21,,3259836750.8336506,0.9247926016591856,-15.343372119552823,-9.731176255929942,-39.08725272921284,41.2570252513259,36.19413121283209,,,False,,277.0,,2026-08-12,,full,"{""as_of"": ""2026-08-12"", ""listing_date"": null, ""reason_code"": ""valid_trading_sessions"", ""status"": ""full"", ""valid_trading_sessions"": 277}","[""l1.csv""]",[],64.0829,ranked,full,100.0,True,True,False
ESTC,Elastic N.V. Ordinary Shares,nasdaqtrader:N:ESTC,common_equity,eligible,N,,77.16,,126195829.26761904,23.81258023106547,54.04272309842282,21.741874408330688,6.3688999172869964,18.323277230866942,39.45636007389412,,,False,,277.0,,2026-08-12,,full,"{""as_of"": ""2026-08-12"", ""listing_date"": null, ""reason_code"": ""valid_trading_sessions"", ""status"": ""full"", ""valid_trading_sessions"": 277}","[""l1.csv""]",[],64.0808,ranked,full,100.0,True,True,False
SLB,SLB Limited Common Shares,nasdaqtrader:N:SLB,common_equity,eligible,N,,52.61,,716637831.5388888,10.664703407656706,-5.445722501797268,4.550874403815586,62.52703120173,9.30873987243579,42.696956551213894,,,False,,277.0,,2026-08-12,,full,"{""as_of"": ""2026-08-12"", ""listing_date"": null, ""reason_code"": ""valid_trading_sessions"", ""status"": ""full"", ""valid_trading_sessions"": 277}","[""l1.csv""]",[],64.0772,ranked,full,100.0,True,True,False
HUT,Hut 8 Corp. - Common Stock,nasdaqtrader:Q:HUT,common_equity,eligible,Q,,90.77,,476537659.80849206,-7.688396216820914,-15.413288603112484,65.33697632058289,341.27369956246963,31.76214103142385,118.55504028424942,,,False,,277.0,,2026-08-12,,full,"{""as_of"": ""2026-08-12"", ""listing_date"": null, ""reason_code"": ""valid_trading_sessions"", ""status"": ""full"", ""valid_trading_sessions"": 277}","[""l1.csv""]",[],64.0683,ranked,full,100.0,True,True,False
TGTX,"TG Therapeutics, Inc. - Common Stock",nasdaqtrader:Q:TGTX,common_equity,eligible,Q,,49.5,,117935845.64595237,-9.819639278557112,16.36107193229901,69.86959505833906,87.57104964001516,16.186928547240097,53.41423134627541,,,False,,277.0,,2026-08-12,,full,"{""as_of"": ""2026-08-12"", ""listing_date"": null, ""reason_code"": ""valid_trading_sessions"", ""status"": ""full"", ""valid_trading_sessions"": 277}","[""l1.csv""]",[],64.0467,ranked,full,100.0,True,True,False
MCD,McDonald's Corporation Common Stock,nasdaqtrader:N:MCD,common_equity,eligible,N,,275.7,,1260386849.2047617,2.5135718004015706,0.31290932906418156,-15.421664570359251,-9.416480483637802,19.16378349850466,23.11015556847665,,,False,,277.0,,2026-08-12,,full,"{""as_of"": ""2026-08-12"", ""listing_date"": null, ""reason_code"": ""valid_trading_sessions"", ""status"": ""full"", ""valid_trading_sessions"": 277}","[""l1.csv""]",[],64.0409,ranked,full,100.0,True,True,False
MXL,"MaxLinear, Inc - Common Stock",nasdaqtrader:Q:MXL,common_equity,eligible,Q,,74.33,,357099278.5871429,-19.721352197861542,-19.145001631676283,294.11452810180276,393.23158593231585,41.943294540342116,151.2525848385641,,,False,,277.0,,2026-08-12,,full,"{""as_of"": ""2026-08-12"", ""listing_date"": null, ""reason_code"": ""valid_trading_sessions"", ""status"": ""full"", ""valid_trading_sessions"": 277}","[""l1.csv""]",[],64.0371,ranked,full,100.0,True,True,False
CNR,"Core Natural Resources, Inc. Common Stock",nasdaqtrader:N:CNR,common_equity,eligible,N,,94.95,,55589075.111428574,9.806869434485943,10.548375829549418,4.271908631671417,26.212946962647887,16.144131413936236,41.661700452906125,,,False,,277.0,,2026-08-12,,full,"{""as_of"": ""2026-08-12"", ""listing_date"": null, ""reason_code"": ""valid_trading_sessions"", ""status"": ""full"", ""valid_trading_sessions"": 277}","[""l1.csv""]",[],64.036,ranked,full,100.0,True,True,False
ICHR,Ichor Holdings - Ordinary Shares,nasdaqtrader:Q:ICHR,common_equity,eligible,Q,,69.19,,95240856.36079365,-27.053241960991038,-5.5813318777292675,52.83852440910093,330.8219178082192,38.37727110794442,128.02446888382727,,,False,,277.0,,2026-08-12,,full,"{""as_of"": ""2026-08-12"", ""listing_date"": null, ""reason_code"": ""valid_trading_sessions"", ""status"": ""full"", ""valid_trading_sessions"": 277}","[""l1.csv""]",[],64.0248,ranked,full,100.0,True,True,False
HUBB,Hubbell Inc Common Stock,nasdaqtrader:N:HUBB,common_equity,eligible,N,,512.9,,311325195.16380954,5.995164190208513,5.539322605868535,1.947922878155417,22.838530440197324,8.057721609751734,39.13390891681941,,,False,,277.0,,2026-08-12,,full,"{""as_of"": ""2026-08-12"", ""listing_date"": null, ""reason_code"": ""valid_trading_sessions"", ""status"": ""full"", ""valid_trading_sessions"": 277}","[""l1.csv""]",[],64.0144,ranked,full,100.0,True,True,False
CX,"Cemex, S.A.B. de C.V. Sponsored ADR",nasdaqtrader:N:CX,adr,eligible,N,,11.24,,69420986.97095238,-12.187500000000007,-14.654517843583903,-13.137557959814528,29.942196531791907,17.047970479704798,26.35804657143076,,,False,,277.0,,2026-08-12,,full,"{""as_of"": ""2026-08-12"", ""listing_date"": null, ""reason_code"": ""valid_trading_sessions"", ""status"": ""full"", ""valid_trading_sessions"": 277}","[""l1.csv""]",[],64.012,ranked,full,100.0,True,True,False
BTE,Baytex Energy Corp Common Shares,nasdaqtrader:N:BTE,common_equity,eligible,N,,4.36,,82806716.9368254,2.8301886792452935,-11.561866125760634,22.47191011235956,120.2020202020202,18.045112781954884,44.83907752195428,,,False,,277.0,,2026-08-12,,full,"{""as_of"": ""2026-08-12"", ""listing_date"": null, ""reason_code"": ""valid_trading_sessions"", ""status"": ""full"", ""valid_trading_sessions"": 277}","[""l1.csv""]",[],64.0113,ranked,full,100.0,True,True,False
VERA,"Vera Therapeutics, Inc. - Class A Common Stock",nasdaqtrader:Q:VERA,common_equity,eligible,Q,,29.99,,68827501.31563492,-30.466032923719,-18.283378746594014,-31.91827468785471,48.68616757560731,46.128974312915396,52.87803089099763,,,False,,277.0,,2026-08-12,,full,"{""as_of"": ""2026-08-12"", ""listing_date"": null, ""reason_code"": ""valid_trading_sessions"", ""status"": ""full"", ""valid_trading_sessions"": 277}","[""l1.csv""]",[],64.0081,ranked,full,100.0,True,True,False
BCO,Brinks Company (The) Common Stock,nasdaqtrader:N:BCO,common_equity,eligible,N,,113.96,,56425879.68523809,4.435483870967727,7.783978057315788,-13.331812305118273,6.884261864565744,15.946304764714569,36.204601219144834,,,False,,277.0,,2026-08-12,,full,"{""as_of"": ""2026-08-12"", ""listing_date"": null, ""reason_code"": ""valid_trading_sessions"", ""status"": ""full"", ""valid_trading_sessions"": 277}","[""l1.csv""]",[],63.9866,ranked,full,100.0,True,True,False
VOYG,"Voyager Technologies, Inc. Class A Common Stock",nasdaqtrader:N:VOYG,common_equity,eligible,N,,43.0,,89430188.37682539,44.39220953660175,47.260273972602754,57.56687431293515,46.20877252635158,16.940312922542024,107.25382343548316,,,False,,277.0,,2026-08-12,,full,"{""as_of"": ""2026-08-12"", ""listing_date"": null, ""reason_code"": ""valid_trading_sessions"", ""status"": ""full"", ""valid_trading_sessions"": 277}","[""l1.csv""]",[],63.9851,ranked,full,100.0,True,True,False
RITM,Rithm Capital Corp. Common Stock,nasdaqtrader:N:RITM,common_equity,eligible,N,,10.23,,53153947.26682539,10.954446854663779,5.900621118012417,-4.123711340206182,-16.489795918367346,18.93819334389857,29.37803896414567,,,False,,277.0,,2026-08-12,,full,"{""as_of"": ""2026-08-12"", ""listing_date"": null, ""reason_code"": ""valid_trading_sessions"", ""status"": ""full"", ""valid_trading_sessions"": 277}","[""l1.csv""]",[],63.9845,ranked,full,100.0,True,True,False
CRH,CRH PLC Ordinary Shares,nasdaqtrader:N:CRH,common_equity,eligible,N,,97.99,,492596395.4079365,-5.697237994418247,-12.029805188975672,-24.12698412698413,-8.778625954198482,25.414827218754755,33.20869298920744,,,False,,277.0,,2026-08-12,,full,"{""as_of"": ""2026-08-12"", ""listing_date"": null, ""reason_code"": ""valid_trading_sessions"", ""status"": ""full"", ""valid_trading_sessions"": 277}","[""l1.csv""]",[],63.972,ranked,full,100.0,True,True,False
UI,Ubiquiti Inc. Common Stock,nasdaqtrader:N:UI,common_equity,eligible,N,,577.76,,64623041.7484127,5.140943749886273,-17.872322278923658,-19.58355371210646,24.2254187361586,46.725680036883354,27.426294471718883,,,False,,277.0,,2026-08-12,,full,"{""as_of"": ""2026-08-12"", ""listing_date"": null, ""reason_code"": ""valid_trading_sessions"", ""status"": ""full"", ""valid_trading_sessions"": 277}","[""l1.csv""]",[],63.9683,ranked,full,100.0,True,True,False
CTSH,Cognizant Technology Solutions Corporation - Class A Common Stock,nasdaqtrader:Q:CTSH,common_equity,eligible,Q,,58.2,,541523238.0434921,35.2544736230537,21.935889377749863,-21.95252782620356,-15.835140997830809,32.871972318339104,52.240914629715505,,,False,,277.0,,2026-08-12,,full,"{""as_of"": ""2026-08-12"", ""listing_date"": null, ""reason_code"": ""valid_trading_sessions"", ""status"": ""full"", ""valid_trading_sessions"": 277}","[""l1.csv""]",[],63.9663,ranked,full,100.0,True,True,False
INFY,Infosys Limited American Depositary Shares,nasdaqtrader:N:INFY,adr,eligible,N,,12.28,,269416468.66015875,11.131221719456995,1.9087136929460513,-26.068633353401573,-23.153942428035045,39.26805143422354,46.72156607326588,,,False,,277.0,,2026-08-12,,full,"{""as_of"": ""2026-08-12"", ""listing_date"": null, ""reason_code"": ""valid_trading_sessions"", ""status"": ""full"", ""valid_trading_sessions"": 277}","[""l1.csv""]",[],63.9655,ranked,full,100.0,True,True,False
LUMN,"Lumen Technologies, Inc. Common Stock",nasdaqtrader:N:LUMN,common_equity,eligible,N,,6.29,,112368772.85412699,-1.2558869701726816,-27.450980392156865,-19.151670951156817,68.18181818181816,46.83009298393914,65.15585515386768,,,False,,277.0,,2026-08-12,,full,"{""as_of"": ""2026-08-12"", ""listing_date"": null, ""reason_code"": ""valid_trading_sessions"", ""status"": ""full"", ""valid_trading_sessions"": 277}","[""l1.csv""]",[],63.9613,ranked,full,100.0,True,True,False
ROK,"Rockwell Automation, Inc. Common Stock",nasdaqtrader:N:ROK,common_equity,eligible,N,,451.39,,383489102.4347619,-3.912552951444326,-0.8108464445811703,9.40135724672806,36.88440077632218,8.824836390078373,34.91680178078622,,,False,,277.0,,2026-08-12,,full,"{""as_of"": ""2026-08-12"", ""listing_date"": null, ""reason_code"": ""valid_trading_sessions"", ""status"": ""full"", ""valid_trading_sessions"": 277}","[""l1.csv""]",[],63.9562,ranked,full,100.0,True,True,False
ABT,Abbott Laboratories Common Stock,nasdaqtrader:N:ABT,common_equity,eligible,N,,110.91,,1150308590.5609524,24.674010791366907,31.487848251333727,-1.2201638760242273,-15.567904993909876,18.81862099253404,37.50941256103668,,,False,,277.0,,2026-08-12,,full,"{""as_of"": ""2026-08-12"", ""listing_date"": null, ""reason_code"": ""valid_trading_sessions"", ""status"": ""full"", ""valid_trading_sessions"": 277}","[""l1.csv""]",[],63.9547,ranked,full,100.0,True,True,False
CAG,"ConAgra Brands, Inc. Common Stock",nasdaqtrader:N:CAG,common_equity,eligible,N,,14.96,,245242493.9974603,5.72438162544171,6.857142857142873,-22.607346094154156,-22.366372599896202,25.274725274725274,39.06019176878909,,,False,,277.0,,2026-08-12,,full,"{""as_of"": ""2026-08-12"", ""listing_date"": null, ""reason_code"": ""valid_trading_sessions"", ""status"": ""full"", ""valid_trading_sessions"": 277}","[""l1.csv""]",[],63.9533,ranked,full,100.0,True,True,False
WFRD,Weatherford International plc - Ordinary shares,nasdaqtrader:Q:WFRD,common_equity,eligible,Q,,92.7,,115815964.44587302,13.034995732227772,-13.775462747651378,-8.974862529457972,72.36891037560432,16.801292407108235,44.65922914453526,,,False,,277.0,,2026-08-12,,full,"{""as_of"": ""2026-08-12"", ""listing_date"": null, ""reason_code"": ""valid_trading_sessions"", ""status"": ""full"", ""valid_trading_sessions"": 277}","[""l1.csv""]",[],63.9503,ranked,full,100.0,True,True,False
VRT,"Vertiv Holdings, LLC Class A Common Stock",nasdaqtrader:N:VRT,common_equity,eligible,N,,288.36,,1894990746.823492,-5.013505501021143,-21.455615177185184,44.45446348061317,106.22184080669382,23.355394306674103,81.28751525542816,,,False,,277.0,,2026-08-12,,full,"{""as_of"": ""2026-08-12"", ""listing_date"": null, ""reason_code"": ""valid_trading_sessions"", ""status"": ""full"", ""valid_trading_sessions"": 277}","[""l1.csv""]",[],63.9474,ranked,full,100.0,True,True,False
RKT,"Rocket Companies, Inc. Class A Common Stock",nasdaqtrader:N:RKT,common_equity,eligible,N,,14.05,,421690834.76,-1.7482517482517501,-5.067567567567566,-30.61728395061728,-17.88427819988311,40.05972696245734,50.28253828227361,,,False,,277.0,,2026-08-12,,full,"{""as_of"": ""2026-08-12"", ""listing_date"": null, ""reason_code"": ""valid_trading_sessions"", ""status"": ""full"", ""valid_trading_sessions"": 277}","[""l1.csv""]",[],63.9127,ranked,full,100.0,True,True,False
SANA,"Sana Biotechnology, Inc. - Common Stock",nasdaqtrader:Q:SANA,common_equity,eligible,Q,,3.77,,11793282.491428573,5.602240896358546,15.644171779141104,-2.3316062176165775,29.109589041095884,36.317567567567565,66.0085711164309,,,False,,277.0,,2026-08-12,,full,"{""as_of"": ""2026-08-12"", ""listing_date"": null, ""reason_code"": ""valid_trading_sessions"", ""status"": ""full"", ""valid_trading_sessions"": 277}","[""l1.csv""]",[],63.9122,ranked,full,100.0,True,True,False
PEP,"PepsiCo, Inc. - Common Stock",nasdaqtrader:Q:PEP,common_equity,eligible,Q,,138.7,,1238282055.6238096,2.3994093761535717,-8.659861705630556,-16.931185242858003,-4.25899081935529,18.646254912311587,25.626698506358874,,,False,,277.0,,2026-08-12,,full,"{""as_of"": ""2026-08-12"", ""listing_date"": null, ""reason_code"": ""valid_trading_sessions"", ""status"": ""full"", ""valid_trading_sessions"": 277}","[""l1.csv""]",[],63.9116,ranked,full,100.0,True,True,False
NBIX,"Neurocrine Biosciences, Inc. - Common Stock",nasdaqtrader:Q:NBIX,common_equity,eligible,Q,,156.49,,208771329.25880954,-9.038595675424311,0.44287548138639554,13.686887032328364,26.221971285691236,15.638814016172498,43.53522978175913,,,False,,277.0,,2026-08-12,,full,"{""as_of"": ""2026-08-12"", ""listing_date"": null, ""reason_code"": ""valid_trading_sessions"", ""status"": ""full"", ""valid_trading_sessions"": 277}","[""l1.csv""]",[],63.9097,ranked,full,100.0,True,True,False
CWST,"Casella Waste Systems, Inc. - Class A Common Stock",nasdaqtrader:Q:CWST,common_equity,eligible,Q,,90.56,,61919496.613809526,-6.116524984449501,6.691800188501418,-13.123561013046814,-9.394697348674342,15.632569405626985,31.368911148407175,,,False,,277.0,,2026-08-12,,full,"{""as_of"": ""2026-08-12"", ""listing_date"": null, ""reason_code"": ""valid_trading_sessions"", ""status"": ""full"", ""valid_trading_sessions"": 277}","[""l1.csv""]",[],63.9081,ranked,full,100.0,True,True,False
ICLR,ICON plc - Ordinary Shares,nasdaqtrader:Q:ICLR,common_equity,eligible,Q,,167.17,,150128617.18055555,-0.47627552539144524,37.092012465146794,15.648564510549967,4.6709661261035595,17.61778040607136,39.36125362071685,,,False,,277.0,,2026-08-12,,full,"{""as_of"": ""2026-08-12"", ""listing_date"": null, ""reason_code"": ""valid_trading_sessions"", ""status"": ""full"", ""valid_trading_sessions"": 277}","[""l1.csv""]",[],63.9044,ranked,full,100.0,True,True,False
OCUL,"Ocular Therapeutix, Inc. - Common Stock",nasdaqtrader:Q:OCUL,common_equity,eligible,Q,,10.23,,23691881.985396825,5.463917525773199,11.681222707423577,13.289036544850518,-18.550955414012737,36.49906890130353,53.37087777352738,,,False,,277.0,,2026-08-12,,full,"{""as_of"": ""2026-08-12"", ""listing_date"": null, ""reason_code"": ""valid_trading_sessions"", ""status"": ""full"", ""valid_trading_sessions"": 277}","[""l1.csv""]",[],63.9001,ranked,full,100.0,True,True,False
LOW,"Lowe's Companies, Inc. Common Stock",nasdaqtrader:N:LOW,common_equity,eligible,N,,215.97,,658908890.754127,3.9917180277349695,-3.8081239978621118,-24.13320687111392,-9.95622263914947,24.85124743380076,31.812159030404906,,,False,,277.0,,2026-08-12,,full,"{""as_of"": ""2026-08-12"", ""listing_date"": null, ""reason_code"": ""valid_trading_sessions"", ""status"": ""full"", ""valid_trading_sessions"": 277}","[""l1.csv""]",[],63.8968,ranked,full,100.0,True,True,False
UUUU,Energy Fuels Inc Ordinary Shares (Canada),nasdaqtrader:A:UUUU,common_equity,eligible,A,,14.47,,134779632.02222222,9.372637944066508,-30.9307875894988,-33.50183823529412,50.57232049947973,47.7994227994228,70.84370772482184,,,False,,277.0,,2026-08-12,,full,"{""as_of"": ""2026-08-12"", ""listing_date"": null, ""reason_code"": ""valid_trading_sessions"", ""status"": ""full"", ""valid_trading_sessions"": 277}","[""l1.csv""]",[],63.8967,ranked,full,100.0,True,True,False
NOC,Northrop Grumman Corporation Common Stock,nasdaqtrader:N:NOC,common_equity,eligible,N,,577.32,,512507751.3339683,9.202337942383743,3.4067705534658987,-15.719708029197077,-0.5032400386047131,24.830082549933586,26.32719593478085,,,False,,277.0,,2026-08-12,,full,"{""as_of"": ""2026-08-12"", ""listing_date"": null, ""reason_code"": ""valid_trading_sessions"", ""status"": ""full"", ""valid_trading_sessions"": 277}","[""l1.csv""]",[],63.894,ranked,full,100.0,True,True,False
DEO,Diageo plc Common Stock,nasdaqtrader:N:DEO,common_equity,eligible,N,,93.96,,100134003.45619047,16.085989621942165,15.84268277647638,-5.167541380702467,-15.768713581353655,18.529437266973037,34.090690606052846,,,False,,277.0,,2026-08-12,,full,"{""as_of"": ""2026-08-12"", ""listing_date"": null, ""reason_code"": ""valid_trading_sessions"", ""status"": ""full"", ""valid_trading_sessions"": 277}","[""l1.csv""]",[],63.8824,ranked,full,100.0,True,True,False
PVH,PVH Corp. Common Stock,nasdaqtrader:N:PVH,common_equity,eligible,N,,81.59,,88346859.65587302,5.70022023578185,-1.0790494665373407,19.039976655967305,13.571826280623611,17.427385892116178,34.01016686501926,,,False,,277.0,,2026-08-12,,full,"{""as_of"": ""2026-08-12"", ""listing_date"": null, ""reason_code"": ""valid_trading_sessions"", ""status"": ""full"", ""valid_trading_sessions"": 277}","[""l1.csv""]",[],63.8568,ranked,full,100.0,True,True,False
REAL,"The RealReal, Inc. - Common Stock",nasdaqtrader:Q:REAL,common_equity,eligible,Q,,11.17,,36141310.20746032,2.6654411764705843,19.465240641711222,-10.209003215434077,70.27439024390245,33.905325443786985,47.10415013289978,,,False,,277.0,,2026-08-12,,full,"{""as_of"": ""2026-08-12"", ""listing_date"": null, ""reason_code"": ""valid_trading_sessions"", ""status"": ""full"", ""valid_trading_sessions"": 277}","[""l1.csv""]",[],63.854,ranked,full,100.0,True,True,False
ALC,Alcon Inc. Ordinary Shares,nasdaqtrader:N:ALC,common_equity,eligible,N,,73.58,,148053458.9931746,10.05085252766975,15.365318281592977,-8.573558648111334,-13.10817194142656,18.353306702174887,31.498841890014106,,,False,,277.0,,2026-08-12,,full,"{""as_of"": ""2026-08-12"", ""listing_date"": null, ""reason_code"": ""valid_trading_sessions"", ""status"": ""full"", ""valid_trading_sessions"": 277}","[""l1.csv""]",[],63.8383,ranked,full,100.0,True,True,False
MEC,"Mayville Engineering Company, Inc. Common Stock",nasdaqtrader:N:MEC,common_equity,eligible,N,,23.38,,19615074.354126982,-32.21223543055959,-11.939736346516018,10.231023102310232,70.90643274853801,37.71976558337773,61.62620663906645,,,False,,277.0,,2026-08-12,,full,"{""as_of"": ""2026-08-12"", ""listing_date"": null, ""reason_code"": ""valid_trading_sessions"", ""status"": ""full"", ""valid_trading_sessions"": 277}","[""l1.csv""]",[],63.8187,ranked,full,100.0,True,True,False
LEGN,Legend Biotech Corporation - American Depositary Shares,nasdaqtrader:Q:LEGN,adr,eligible,Q,,20.65,,73500241.1457143,-19.555901830931056,-26.928520877565475,15.298715801228347,-43.0187637969095,45.239989392734024,69.76466067006488,,,False,,277.0,,2026-08-12,,full,"{""as_of"": ""2026-08-12"", ""listing_date"": null, ""reason_code"": ""valid_trading_sessions"", ""status"": ""full"", ""valid_trading_sessions"": 277}","[""l1.csv""]",[],63.8173,ranked,full,100.0,True,True,False
TRU,TransUnion Common Stock,nasdaqtrader:N:TRU,common_equity,eligible,N,,79.44,,174622283.54015875,5.1071712093146315,14.797687861271669,7.1486377124359235,-7.6279069767441925,15.22783054103084,43.16204543193688,,,False,,277.0,,2026-08-12,,full,"{""as_of"": ""2026-08-12"", ""listing_date"": null, ""reason_code"": ""valid_trading_sessions"", ""status"": ""full"", ""valid_trading_sessions"": 277}","[""l1.csv""]",[],63.807,ranked,full,100.0,True,True,False
CGNX,Cognex Corporation - Common Stock,nasdaqtrader:Q:CGNX,common_equity,eligible,Q,,60.67,,148581159.48103175,-6.704597877902508,-7.627892813641912,39.215236346948146,49.91351618482827,16.224799779066558,54.576048812123936,,,False,,277.0,,2026-08-12,,full,"{""as_of"": ""2026-08-12"", ""listing_date"": null, ""reason_code"": ""valid_trading_sessions"", ""status"": ""full"", ""valid_trading_sessions"": 277}","[""l1.csv""]",[],63.8062,ranked,full,100.0,True,True,False
SBSW,D/B/A Sibanye-Stillwater Limited ADS,nasdaqtrader:N:SBSW,adr,eligible,N,,10.71,,50861969.724285714,24.9708284714119,-20.548961424332333,-36.17401668653159,23.815028901734102,49.28977272727273,53.73866178427731,,,False,,277.0,,2026-08-12,,full,"{""as_of"": ""2026-08-12"", ""listing_date"": null, ""reason_code"": ""valid_trading_sessions"", ""status"": ""full"", ""valid_trading_sessions"": 277}","[""l1.csv""]",[],63.7973,ranked,full,100.0,True,True,False
MOH,Molina Healthcare Inc Common Stock,nasdaqtrader:N:MOH,common_equity,eligible,N,,206.06,,238913421.40142855,-14.696141745322077,7.558200229669065,64.2828669377342,33.95306507183253,15.159749670619238,44.42377048959511,,,False,,277.0,,2026-08-12,,full,"{""as_of"": ""2026-08-12"", ""listing_date"": null, ""reason_code"": ""valid_trading_sessions"", ""status"": ""full"", ""valid_trading_sessions"": 277}","[""l1.csv""]",[],63.7899,ranked,full,100.0,True,True,False
TARS,"Tarsus Pharmaceuticals, Inc. - Common Stock",nasdaqtrader:Q:TARS,common_equity,eligible,Q,,70.015,,60166654.14460318,24.781678845125654,17.023232492060835,6.228189956000607,39.83423207509487,15.143618955278148,61.12449720270866,,,False,,277.0,,2026-08-12,,full,"{""as_of"": ""2026-08-12"", ""listing_date"": null, ""reason_code"": ""valid_trading_sessions"", ""status"": ""full"", ""valid_trading_sessions"": 277}","[""l1.csv""]",[],63.7859,ranked,full,100.0,True,True,False
CPRT,"Copart, Inc. - Common Stock",nasdaqtrader:Q:CPRT,common_equity,eligible,Q,,28.99,,363621489.9774603,5.341569767441867,-13.307416267942585,-28.15365551425032,-37.909616620261296,41.98519111466881,36.40749822673512,,,False,,277.0,,2026-08-12,,full,"{""as_of"": ""2026-08-12"", ""listing_date"": null, ""reason_code"": ""valid_trading_sessions"", ""status"": ""full"", ""valid_trading_sessions"": 277}","[""l1.csv""]",[],63.7843,ranked,full,100.0,True,True,False
CNX,CNX Resources Corporation Common Stock,nasdaqtrader:N:CNX,common_equity,eligible,N,,35.74,,61409682.335396826,10.410874266295966,-0.1397038278848739,-9.220218440436867,24.183460736622653,16.12297582727059,26.28273423134258,,,False,,277.0,,2026-08-12,,full,"{""as_of"": ""2026-08-12"", ""listing_date"": null, ""reason_code"": ""valid_trading_sessions"", ""status"": ""full"", ""valid_trading_sessions"": 277}","[""l1.csv""]",[],63.7807,ranked,full,100.0,True,True,False
TLN,Talen Energy Corporation - Common Stock,nasdaqtrader:Q:TLN,common_equity,eligible,Q,,365.07,,311877111.0296825,-8.031238191207956,-2.546648514455041,1.9948034531891645,-1.3190971752939595,18.11636461510856,55.46024879048325,,,False,,277.0,,2026-08-12,,full,"{""as_of"": ""2026-08-12"", ""listing_date"": null, ""reason_code"": ""valid_trading_sessions"", ""status"": ""full"", ""valid_trading_sessions"": 277}","[""l1.csv""]",[],63.7791,ranked,full,100.0,True,True,False
HCA,"HCA Healthcare, Inc. Common Stock",nasdaqtrader:N:HCA,common_equity,eligible,N,,414.59,,647248524.1260318,14.023652365236504,-3.514161372152025,-17.42057563987651,8.27348463085318,23.946581549355205,43.84667828314034,,,False,,277.0,,2026-08-12,,full,"{""as_of"": ""2026-08-12"", ""listing_date"": null, ""reason_code"": ""valid_trading_sessions"", ""status"": ""full"", ""valid_trading_sessions"": 277}","[""l1.csv""]",[],63.7762,ranked,full,100.0,True,True,False
BTG,B2Gold Corp Common shares (Canada),nasdaqtrader:A:BTG,common_equity,eligible,A,,5.21,,97959662.59904762,37.467018469656985,-3.159851301115235,-7.295373665480431,44.72222222222222,16.103059581320455,71.83440383255856,,,False,,277.0,,2026-08-12,,full,"{""as_of"": ""2026-08-12"", ""listing_date"": null, ""reason_code"": ""valid_trading_sessions"", ""status"": ""full"", ""valid_trading_sessions"": 277}","[""l1.csv""]",[],63.7758,ranked,full,100.0,True,True,False
UAL,"United Airlines Holdings, Inc. - Common Stock",nasdaqtrader:Q:UAL,common_equity,eligible,Q,,125.12,,591132560.0035714,3.9634399667636044,30.550918196995003,7.52836026125816,40.064927795813276,8.074351627360233,39.41682821211068,,,False,,277.0,,2026-08-12,,full,"{""as_of"": ""2026-08-12"", ""listing_date"": null, ""reason_code"": ""valid_trading_sessions"", ""status"": ""full"", ""valid_trading_sessions"": 277}","[""l1.csv""]",[],63.7686,ranked,full,100.0,True,True,False
FIS,"Fidelity National Information Services, Inc. Common Stock",nasdaqtrader:N:FIS,common_equity,eligible,N,,41.92,,276389025.11777776,3.3021192705766422,-2.534294350151123,-17.07220573689415,-40.00286245885215,42.39384361687508,40.518498768627595,,,False,,277.0,,2026-08-12,,full,"{""as_of"": ""2026-08-12"", ""listing_date"": null, ""reason_code"": ""valid_trading_sessions"", ""status"": ""full"", ""valid_trading_sessions"": 277}","[""l1.csv""]",[],63.7571,ranked,full,100.0,True,True,False
AR,Antero Resources Corporation Common Stock,nasdaqtrader:N:AR,common_equity,eligible,N,,37.48,,167747131.41444445,10.495283018867907,3.1654280209193475,10.887573964497044,15.679012345679011,16.98781838316722,38.10183595085708,,,False,,277.0,,2026-08-12,,full,"{""as_of"": ""2026-08-12"", ""listing_date"": null, ""reason_code"": ""valid_trading_sessions"", ""status"": ""full"", ""valid_trading_sessions"": 277}","[""l1.csv""]",[],63.747,ranked,full,100.0,True,True,False
EVC,Entravision Communications Corporation Common Stock,nasdaqtrader:N:EVC,common_equity,eligible,N,,9.02,,23669490.121746033,-21.904761904761916,11.22071516646117,191.90938511326863,272.7272727272727,33.08605341246291,85.12959722887332,,,False,,277.0,,2026-08-12,,full,"{""as_of"": ""2026-08-12"", ""listing_date"": null, ""reason_code"": ""valid_trading_sessions"", ""status"": ""full"", ""valid_trading_sessions"": 277}","[""l1.csv""]",[],63.7448,ranked,full,100.0,True,True,False
RRX,Regal Rexnord Corporation Common Stock,nasdaqtrader:N:RRX,common_equity,eligible,N,,172.9,,231667159.39238095,-18.134469696969692,-17.580322242349123,-22.375864236329356,25.335266400869894,27.410890465594694,70.34592931503919,,,False,,277.0,,2026-08-12,,full,"{""as_of"": ""2026-08-12"", ""listing_date"": null, ""reason_code"": ""valid_trading_sessions"", ""status"": ""full"", ""valid_trading_sessions"": 277}","[""l1.csv""]",[],63.7381,ranked,full,100.0,True,True,False
RIOT,"Riot Platforms, Inc. - Common Stock",nasdaqtrader:Q:RIOT,common_equity,eligible,Q,,20.32,,422669517.32603174,0.6438831104507159,-17.095063239494092,37.019554956169934,82.89828982898291,29.173928197978395,110.628511783323,,,False,,277.0,,2026-08-12,,full,"{""as_of"": ""2026-08-12"", ""listing_date"": null, ""reason_code"": ""valid_trading_sessions"", ""status"": ""full"", ""valid_trading_sessions"": 277}","[""l1.csv""]",[],63.7232,ranked,full,100.0,True,True,False
VNT,Vontier Corporation Common Stock,nasdaqtrader:N:VNT,common_equity,eligible,N,,33.42,,55843642.41603175,13.828337874659402,14.022517911975442,-21.47556390977443,-17.21575427297497,23.541523678792032,29.465374497819397,,,False,,277.0,,2026-08-12,,full,"{""as_of"": ""2026-08-12"", ""listing_date"": null, ""reason_code"": ""valid_trading_sessions"", ""status"": ""full"", ""valid_trading_sessions"": 277}","[""l1.csv""]",[],63.7222,ranked,full,100.0,True,True,False
ADP,"Automatic Data Processing, Inc. - Common Stock",nasdaqtrader:Q:ADP,common_equity,eligible,Q,,269.33,,639054418.2438889,9.28826489206298,25.96698002899771,19.42091961158161,-11.322929013565142,12.846649192635018,34.167741841354335,,,False,,277.0,,2026-08-12,,full,"{""as_of"": ""2026-08-12"", ""listing_date"": null, ""reason_code"": ""valid_trading_sessions"", ""status"": ""full"", ""valid_trading_sessions"": 277}","[""l1.csv""]",[],63.7117,ranked,full,100.0,True,True,False
PG,Procter & Gamble Company (The) Common Stock,nasdaqtrader:N:PG,common_equity,eligible,N,,144.08,,1301979743.041587,-1.3691128148959453,0.11812938642208337,-9.429218003520246,-7.0331655697509206,13.827751196172233,21.37577191223491,,,False,,277.0,,2026-08-12,,full,"{""as_of"": ""2026-08-12"", ""listing_date"": null, ""reason_code"": ""valid_trading_sessions"", ""status"": ""full"", ""valid_trading_sessions"": 277}","[""l1.csv""]",[],63.7069,ranked,full,100.0,True,True,False
GRRR,Gorilla Technology Group Inc. - Ordinary shares,nasdaqtrader:Q:GRRR,common_equity,eligible,Q,,14.64,,24248574.430476192,-12.701252236135952,6.318082788671031,13.84136858475895,-13.01247771836006,32.78236914600551,122.73323991319293,,,False,,277.0,,2026-08-12,,full,"{""as_of"": ""2026-08-12"", ""listing_date"": null, ""reason_code"": ""valid_trading_sessions"", ""status"": ""full"", ""valid_trading_sessions"": 277}","[""l1.csv""]",[],63.7043,ranked,full,100.0,True,True,False
BRUN,Boost Run Inc. - Class A Common Stock,nasdaqtrader:Q:BRUN,common_equity,eligible,Q,,22.17,,53958398.16873016,-13.533541341653665,20.35830618892509,97.59358288770055,115.24271844660193,43.44387755102041,145.86580247438076,,,False,,277.0,,2026-08-12,,full,"{""as_of"": ""2026-08-12"", ""listing_date"": null, ""reason_code"": ""valid_trading_sessions"", ""status"": ""full"", ""valid_trading_sessions"": 277}","[""l1.csv""]",[],63.6871,ranked,full,100.0,True,True,False
MLM,"Martin Marietta Materials, Inc. Common Stock",nasdaqtrader:N:MLM,common_equity,eligible,N,,543.9,,343801237.03634924,-5.202614379084968,-6.408094435075884,-23.189899874313312,-9.339422932675479,23.189899874313312,34.598220042694024,,,False,,277.0,,2026-08-12,,full,"{""as_of"": ""2026-08-12"", ""listing_date"": null, ""reason_code"": ""valid_trading_sessions"", ""status"": ""full"", ""valid_trading_sessions"": 277}","[""l1.csv""]",[],63.6753,ranked,full,100.0,True,True,False
LHX,"L3Harris Technologies, Inc. Common Stock",nasdaqtrader:N:LHX,common_equity,eligible,N,,290.74,,415148830.9790476,0.2517154580876646,-6.0522829353410685,-15.747073142459712,7.554010062148575,23.182202494187276,37.43362955152713,,,False,,277.0,,2026-08-12,,full,"{""as_of"": ""2026-08-12"", ""listing_date"": null, ""reason_code"": ""valid_trading_sessions"", ""status"": ""full"", ""valid_trading_sessions"": 277}","[""l1.csv""]",[],63.6743,ranked,full,100.0,True,True,False
FRSH,Freshworks Inc. - Class A Common Stock,nasdaqtrader:Q:FRSH,common_equity,eligible,Q,,11.645,,168113314.0257143,11.222540592168095,36.999999999999986,33.3906071019473,-5.325203252032528,16.64280601288476,47.38283662365729,,,False,,277.0,,2026-08-12,,full,"{""as_of"": ""2026-08-12"", ""listing_date"": null, ""reason_code"": ""valid_trading_sessions"", ""status"": ""full"", ""valid_trading_sessions"": 277}","[""l1.csv""]",[],63.6607,ranked,full,100.0,True,True,False
LULU,lululemon athletica inc. - Common Stock,nasdaqtrader:Q:LULU,common_equity,eligible,Q,,120.87,,405969446.3530159,3.025912035458589,-3.4044593622632346,-33.08050049828369,-35.16949152542372,44.01056142301278,32.56922590809229,,,False,,277.0,,2026-08-12,,full,"{""as_of"": ""2026-08-12"", ""listing_date"": null, ""reason_code"": ""valid_trading_sessions"", ""status"": ""full"", ""valid_trading_sessions"": 277}","[""l1.csv""]",[],63.6493,ranked,full,100.0,True,True,False
VIRT,"Virtu Financial, Inc. Class A Common Stock",nasdaqtrader:N:VIRT,common_equity,eligible,N,,57.09,,71688633.09444444,-4.163169380560683,10.106075216972044,44.97206703910614,35.79923882017128,14.561508530380108,44.47709298954684,,,False,,277.0,,2026-08-12,,full,"{""as_of"": ""2026-08-12"", ""listing_date"": null, ""reason_code"": ""valid_trading_sessions"", ""status"": ""full"", ""valid_trading_sessions"": 277}","[""l1.csv""]",[],63.6404,ranked,full,100.0,True,True,False
WMT,Walmart Inc. - Common Stock,nasdaqtrader:Q:WMT,common_equity,eligible,Q,,116.01,,2762029543.1944447,2.0316622691292974,-11.001150747986188,-8.437253354380426,11.62320792841336,13.554396423248871,24.325754923408063,,,False,,277.0,,2026-08-12,,full,"{""as_of"": ""2026-08-12"", ""listing_date"": null, ""reason_code"": ""valid_trading_sessions"", ""status"": ""full"", ""valid_trading_sessions"": 277}","[""l1.csv""]",[],63.6386,ranked,full,100.0,True,True,False
WRBY,Warby Parker Inc. Class A Common Stock,nasdaqtrader:N:WRBY,common_equity,eligible,N,,25.32,,85614543.12873015,-8.2940963419051,-6.048237476808904,12.53333333333333,9.04392764857882,16.545814106789713,55.992349313346566,,,False,,277.0,,2026-08-12,,full,"{""as_of"": ""2026-08-12"", ""listing_date"": null, ""reason_code"": ""valid_trading_sessions"", ""status"": ""full"", ""valid_trading_sessions"": 277}","[""l1.csv""]",[],63.6365,ranked,full,100.0,True,True,False
CRVL,CorVel Corp. - Common Stock,nasdaqtrader:Q:CRVL,common_equity,eligible,Q,,62.75,,13056419.618571429,1.0792525773196004,8.771017507366974,34.656652360515025,-28.261118097633474,32.2646804835924,30.7566521795828,,,False,,277.0,,2026-08-12,,full,"{""as_of"": ""2026-08-12"", ""listing_date"": null, ""reason_code"": ""valid_trading_sessions"", ""status"": ""full"", ""valid_trading_sessions"": 277}","[""l1.csv""]",[],63.6353,ranked,full,100.0,True,True,False
VMI,"Valmont Industries, Inc. Common Stock",nasdaqtrader:N:VMI,common_equity,eligible,N,,492.91,,120356943.16253968,-9.303181408357409,-4.101247105974826,3.947784643286445,34.02305726249391,15.532516493873693,34.18727423724655,,,False,,277.0,,2026-08-12,,full,"{""as_of"": ""2026-08-12"", ""listing_date"": null, ""reason_code"": ""valid_trading_sessions"", ""status"": ""full"", ""valid_trading_sessions"": 277}","[""l1.csv""]",[],63.6331,ranked,full,100.0,True,True,False
VICI,VICI Properties Inc. Common Stock,nasdaqtrader:N:VICI,common_equity,eligible,N,,26.07,,261614924.38873017,-0.7990867579908745,-8.68651488616462,-10.87179487179487,-20.566727605118828,22.824156305506214,22.980075483364544,,,False,,277.0,,2026-08-12,,full,"{""as_of"": ""2026-08-12"", ""listing_date"": null, ""reason_code"": ""valid_trading_sessions"", ""status"": ""full"", ""valid_trading_sessions"": 277}","[""l1.csv""]",[],63.6266,ranked,full,100.0,True,True,False
FICO,Fair Isaac Corporation Common Stock,nasdaqtrader:N:FICO,common_equity,eligible,N,,1044.21,,399792170.71492064,-13.73872385421141,-3.848066298342534,-24.369875713416576,-20.365907600323354,44.44361682317576,71.57305526141857,,,False,,277.0,,2026-08-12,,full,"{""as_of"": ""2026-08-12"", ""listing_date"": null, ""reason_code"": ""valid_trading_sessions"", ""status"": ""full"", ""valid_trading_sessions"": 277}","[""l1.csv""]",[],63.6204,ranked,full,100.0,True,True,False
MTH,Meritage Homes Corporation Common Stock,nasdaqtrader:N:MTH,common_equity,eligible,N,,72.89,,66217356.02507936,-1.1258817145957667,16.661331626120358,-7.158323780410147,1.7306350314026497,14.428269546841987,37.815422364711246,,,False,,277.0,,2026-08-12,,full,"{""as_of"": ""2026-08-12"", ""listing_date"": null, ""reason_code"": ""valid_trading_sessions"", ""status"": ""full"", ""valid_trading_sessions"": 277}","[""l1.csv""]",[],63.6071,ranked,full,100.0,True,True,False
HTHT,H World Group Limited - American Depositary Shares,nasdaqtrader:Q:HTHT,adr,eligible,Q,,41.25,,85251991.24873015,0.09706381946128495,-15.01854140914709,-20.566146735990753,28.544717980679323,26.418123439172312,27.0771553231412,,,False,,277.0,,2026-08-12,,full,"{""as_of"": ""2026-08-12"", ""listing_date"": null, ""reason_code"": ""valid_trading_sessions"", ""status"": ""full"", ""valid_trading_sessions"": 277}","[""l1.csv""]",[],63.6057,ranked,full,100.0,True,True,False
ADT,ADT Inc. Common Stock,nasdaqtrader:N:ADT,common_equity,eligible,N,,7.31,,62282491.669523805,8.61812778603268,7.1847507331378235,-11.07055961070561,-12.664277180406213,17.401129943502823,28.745799924441094,,,False,,277.0,,2026-08-12,,full,"{""as_of"": ""2026-08-12"", ""listing_date"": null, ""reason_code"": ""valid_trading_sessions"", ""status"": ""full"", ""valid_trading_sessions"": 277}","[""l1.csv""]",[],63.6003,ranked,full,100.0,True,True,False
ESE,ESCO Technologies Inc. Common Stock,nasdaqtrader:N:ESE,common_equity,eligible,N,,300.42,,80503437.13603175,-7.693725803478147,0.20012007204324167,7.956015523932747,54.69618949536561,15.350803043110728,38.4412529385079,,,False,,277.0,,2026-08-12,,full,"{""as_of"": ""2026-08-12"", ""listing_date"": null, ""reason_code"": ""valid_trading_sessions"", ""status"": ""full"", ""valid_trading_sessions"": 277}","[""l1.csv""]",[],63.5877,ranked,full,100.0,True,True,False
HOG,"Harley-Davidson, Inc. Common Stock",nasdaqtrader:N:HOG,common_equity,eligible,N,,25.97,,65912606.370793656,3.5486443381180344,2.5266482431898885,24.021012416427865,7.491721854304623,16.306799871092505,40.373638034034634,,,False,,277.0,,2026-08-12,,full,"{""as_of"": ""2026-08-12"", ""listing_date"": null, ""reason_code"": ""valid_trading_sessions"", ""status"": ""full"", ""valid_trading_sessions"": 277}","[""l1.csv""]",[],63.5767,ranked,full,100.0,True,True,False
TYL,"Tyler Technologies, Inc. Common Stock",nasdaqtrader:N:TYL,common_equity,eligible,N,,317.64,,258021508.5963492,5.426665339042103,2.5803326336186094,-11.89148705999834,-45.62820951728861,45.262795105979656,48.883255598837145,,,False,,277.0,,2026-08-12,,full,"{""as_of"": ""2026-08-12"", ""listing_date"": null, ""reason_code"": ""valid_trading_sessions"", ""status"": ""full"", ""valid_trading_sessions"": 277}","[""l1.csv""]",[],63.5658,ranked,full,100.0,True,True,False
RGNX,REGENXBIO Inc. - Common Stock,nasdaqtrader:Q:RGNX,common_equity,eligible,Q,,10.91,,21096752.527777776,-11.228641171684284,6.54296875,23.276836158192094,46.24664879356568,31.72715894868586,87.78558672345994,,,False,,277.0,,2026-08-12,,full,"{""as_of"": ""2026-08-12"", ""listing_date"": null, ""reason_code"": ""valid_trading_sessions"", ""status"": ""full"", ""valid_trading_sessions"": 277}","[""l1.csv""]",[],63.5636,ranked,full,100.0,True,True,False
COST,Costco Wholesale Corporation - Common Stock,nasdaqtrader:Q:COST,common_equity,eligible,Q,,949.575,,2312815501.682619,3.0187144019528045,-7.075684033350294,-2.229646942536778,-3.9611020086170234,13.22693544849769,21.95411837724316,,,False,,277.0,,2026-08-12,,full,"{""as_of"": ""2026-08-12"", ""listing_date"": null, ""reason_code"": ""valid_trading_sessions"", ""status"": ""full"", ""valid_trading_sessions"": 277}","[""l1.csv""]",[],63.5567,ranked,full,100.0,True,True,False
PYPL,"PayPal Holdings, Inc. - Common Stock",nasdaqtrader:Q:PYPL,common_equity,eligible,Q,,59.2,,780423487.4662699,24.97361199071144,30.281690140845075,42.68498433357435,-11.747167561121042,22.238276632076705,50.99396128684237,,,False,,277.0,,2026-08-12,,full,"{""as_of"": ""2026-08-12"", ""listing_date"": null, ""reason_code"": ""valid_trading_sessions"", ""status"": ""full"", ""valid_trading_sessions"": 277}","[""l1.csv""]",[],63.5484,ranked,full,100.0,True,True,False
AOS,A.O. Smith Corporation Common Stock,nasdaqtrader:N:AOS,common_equity,eligible,N,,62.59,,105040063.72746031,2.8256941021849835,7.746600103288004,-22.219460668572133,-11.257620870551532,22.219460668572133,31.525224255469674,,,False,,277.0,,2026-08-12,,full,"{""as_of"": ""2026-08-12"", ""listing_date"": null, ""reason_code"": ""valid_trading_sessions"", ""status"": ""full"", ""valid_trading_sessions"": 277}","[""l1.csv""]",[],63.5459,ranked,full,100.0,True,True,False
FOXA,Fox Corporation - Class A Common Stock,nasdaqtrader:Q:FOXA,common_equity,eligible,Q,,63.05,,343686206.14031744,14.907964279205398,-4.700725513905679,-0.50497080637526,15.688073394495405,17.15937458941007,33.32675807776454,,,False,,277.0,,2026-08-12,,full,"{""as_of"": ""2026-08-12"", ""listing_date"": null, ""reason_code"": ""valid_trading_sessions"", ""status"": ""full"", ""valid_trading_sessions"": 277}","[""l1.csv""]",[],63.5398,ranked,full,100.0,True,True,False
DIS,Walt Disney Company (The) Common Stock,nasdaqtrader:N:DIS,common_equity,eligible,N,,103.22,,1049300853.2807937,7.666631897361009,-2.76940467219291,-6.1295016369588895,-8.289649044868941,13.158337539962982,28.26062603141696,,,False,,277.0,,2026-08-12,,full,"{""as_of"": ""2026-08-12"", ""listing_date"": null, ""reason_code"": ""valid_trading_sessions"", ""status"": ""full"", ""valid_trading_sessions"": 277}","[""l1.csv""]",[],63.5396,ranked,full,100.0,True,True,False
HSY,The Hershey Company Common Stock,nasdaqtrader:N:HSY,common_equity,eligible,N,,184.23,,359211397.5020635,7.447801236439977,-4.0018758793184395,-19.55021834061136,5.022232356629797,22.028948704926364,25.599827897623474,,,False,,277.0,,2026-08-12,,full,"{""as_of"": ""2026-08-12"", ""listing_date"": null, ""reason_code"": ""valid_trading_sessions"", ""status"": ""full"", ""valid_trading_sessions"": 277}","[""l1.csv""]",[],63.5205,ranked,full,100.0,True,True,False
NUAI,"New Era Energy & Digital, Inc. - Common Stock",nasdaqtrader:Q:NUAI,common_equity,eligible,Q,,5.53,,41201338.86301587,32.932692307692314,12.398373983739841,10.821643286573156,1343.864229765013,31.389578163771713,142.3945544274859,,,False,,277.0,,2026-08-12,,full,"{""as_of"": ""2026-08-12"", ""listing_date"": null, ""reason_code"": ""valid_trading_sessions"", ""status"": ""full"", ""valid_trading_sessions"": 277}","[""l1.csv""]",[],63.5186,ranked,full,100.0,True,True,False
PCTY,Paylocity Holding Corporation - Common Stock,nasdaqtrader:Q:PCTY,common_equity,eligible,Q,,145.67,,94479434.26968254,18.305855599772602,35.696320447135534,27.982779827798264,-15.411416294059588,20.097635894904286,47.06241303714096,,,False,,277.0,,2026-08-12,,full,"{""as_of"": ""2026-08-12"", ""listing_date"": null, ""reason_code"": ""valid_trading_sessions"", ""status"": ""full"", ""valid_trading_sessions"": 277}","[""l1.csv""]",[],63.513,ranked,full,100.0,True,True,False
CAMT,Camtek Ltd. - Ordinary Shares,nasdaqtrader:Q:CAMT,common_equity,eligible,Q,,174.2,,86587951.82984127,16.21080720480319,-0.24337866857552237,13.116883116883105,105.521472392638,16.032006169864076,81.13293734143446,,,False,,277.0,,2026-08-12,,full,"{""as_of"": ""2026-08-12"", ""listing_date"": null, ""reason_code"": ""valid_trading_sessions"", ""status"": ""full"", ""valid_trading_sessions"": 277}","[""l1.csv""]",[],63.508,ranked,full,100.0,True,True,False
TSLA,"Tesla, Inc.  - Common Stock",nasdaqtrader:Q:TSLA,common_equity,eligible,Q,,327.51,,17005377625.94619,-17.333030440708775,-24.441112008305453,-22.976882011241507,-3.39792938677993,33.144851800440925,62.77325643573334,,,False,,277.0,,2026-08-12,,full,"{""as_of"": ""2026-08-12"", ""listing_date"": null, ""reason_code"": ""valid_trading_sessions"", ""status"": ""full"", ""valid_trading_sessions"": 277}","[""l1.csv""]",[],63.5026,ranked,full,100.0,True,True,False
WAL,Western Alliance Bancorporation Common Stock (DE),nasdaqtrader:N:WAL,common_equity,eligible,N,,82.62,,84113472.20222221,2.8379387602688544,6.5239814337287205,-12.958280657395694,6.675274370561657,14.009159034138207,29.034719211098032,,,False,,277.0,,2026-08-12,,full,"{""as_of"": ""2026-08-12"", ""listing_date"": null, ""reason_code"": ""valid_trading_sessions"", ""status"": ""full"", ""valid_trading_sessions"": 277}","[""l1.csv""]",[],63.5023,ranked,full,100.0,True,True,False
CARR,Carrier Global Corporation Common Stock,nasdaqtrader:N:CARR,common_equity,eligible,N,,63.08,,435852229.3534921,-9.575688073394506,-3.782794386821242,-4.162868429048916,-2.7743526510480843,17.000000000000004,40.92824874808806,,,False,,277.0,,2026-08-12,,full,"{""as_of"": ""2026-08-12"", ""listing_date"": null, ""reason_code"": ""valid_trading_sessions"", ""status"": ""full"", ""valid_trading_sessions"": 277}","[""l1.csv""]",[],63.5,ranked,full,100.0,True,True,False
BG,Bunge Limited Common Shares,nasdaqtrader:N:BG,common_equity,eligible,N,,111.75,,189059207.31507936,-4.184172168395783,-11.457095317328259,-5.592633268564673,35.91583556312332,14.960809679628639,38.27963325019354,,,False,,277.0,,2026-08-12,,full,"{""as_of"": ""2026-08-12"", ""listing_date"": null, ""reason_code"": ""valid_trading_sessions"", ""status"": ""full"", ""valid_trading_sessions"": 277}","[""l1.csv""]",[],63.4902,ranked,full,100.0,True,True,False
BXP,"BXP, Inc. Common Stock",nasdaqtrader:N:BXP,common_equity,eligible,N,,67.95,,95119372.4036508,0.3396337861783838,15.149974580579562,2.7987897125567374,9.40267267750765,13.91106043329533,27.634120791208154,,,False,,277.0,,2026-08-12,,full,"{""as_of"": ""2026-08-12"", ""listing_date"": null, ""reason_code"": ""valid_trading_sessions"", ""status"": ""full"", ""valid_trading_sessions"": 277}","[""l1.csv""]",[],63.4778,ranked,full,100.0,True,True,False
AXSM,"Axsome Therapeutics, Inc. - Common Stock",nasdaqtrader:Q:AXSM,common_equity,eligible,Q,,214.66,,205333325.33984128,-8.756269659100568,-4.182475561308752,16.47314161692892,106.4832627933821,15.875690715993251,46.46373786466755,,,False,,277.0,,2026-08-12,,full,"{""as_of"": ""2026-08-12"", ""listing_date"": null, ""reason_code"": ""valid_trading_sessions"", ""status"": ""full"", ""valid_trading_sessions"": 277}","[""l1.csv""]",[],63.4689,ranked,full,100.0,True,True,False
VSTM,"Verastem, Inc. - Common Stock",nasdaqtrader:Q:VSTM,common_equity,eligible,Q,,6.95,,12107178.987619048,24.775583482944352,50.10799136069115,10.66878980891719,-9.740259740259738,35.468895078922934,67.23316173332707,,,False,,277.0,,2026-08-12,,full,"{""as_of"": ""2026-08-12"", ""listing_date"": null, ""reason_code"": ""valid_trading_sessions"", ""status"": ""full"", ""valid_trading_sessions"": 277}","[""l1.csv""]",[],63.4687,ranked,full,100.0,True,True,False
KEEL,Keel Infrastructure Corp. - Common Stock,nasdaqtrader:Q:KEEL,common_equity,eligible,Q,,3.54,,228068556.65158728,-21.15812917594655,-13.022113022113025,60.90909090909089,187.80487804878047,46.846846846846844,134.23572565588918,,,False,,277.0,,2026-08-12,,full,"{""as_of"": ""2026-08-12"", ""listing_date"": null, ""reason_code"": ""valid_trading_sessions"", ""status"": ""full"", ""valid_trading_sessions"": 277}","[""l1.csv""]",[],63.4602,ranked,full,100.0,True,True,False
CHTR,"Charter Communications, Inc. - Class A Common Stock",nasdaqtrader:Q:CHTR,common_equity,eligible,Q,,150.22,,458536377.52444446,17.441951372058483,1.554894537587903,-39.47379024134735,-41.94844842910692,46.86991582372498,46.93558426577907,,,False,,277.0,,2026-08-12,,full,"{""as_of"": ""2026-08-12"", ""listing_date"": null, ""reason_code"": ""valid_trading_sessions"", ""status"": ""full"", ""valid_trading_sessions"": 277}","[""l1.csv""]",[],63.4587,ranked,full,100.0,True,True,False
CLX,Clorox Company (The) Common Stock,nasdaqtrader:N:CLX,common_equity,eligible,N,,105.76,,246823599.9273016,11.620052770448552,18.684771630568964,-12.918896665294355,-13.375378818904082,16.829191569675995,34.26962772540525,,,False,,277.0,,2026-08-12,,full,"{""as_of"": ""2026-08-12"", ""listing_date"": null, ""reason_code"": ""valid_trading_sessions"", ""status"": ""full"", ""valid_trading_sessions"": 277}","[""l1.csv""]",[],63.4573,ranked,full,100.0,True,True,False
ST,Sensata Technologies Holding plc Ordinary Shares,nasdaqtrader:N:ST,common_equity,eligible,N,,46.15,,98306435.72111112,3.3131855831654233,3.684565266232309,27.134986225895318,56.7062818336163,13.818860877684402,34.330712794312035,,,False,,277.0,,2026-08-12,,full,"{""as_of"": ""2026-08-12"", ""listing_date"": null, ""reason_code"": ""valid_trading_sessions"", ""status"": ""full"", ""valid_trading_sessions"": 277}","[""l1.csv""]",[],63.4547,ranked,full,100.0,True,True,False
GILD,"Gilead Sciences, Inc. - Common Stock",nasdaqtrader:Q:GILD,common_equity,eligible,Q,,135.87,,1002845878.2404763,4.483235927406959,0.6891951978657218,-7.7158187869320045,12.783265543288792,12.792041078305527,32.28989175651028,,,False,,277.0,,2026-08-12,,full,"{""as_of"": ""2026-08-12"", ""listing_date"": null, ""reason_code"": ""valid_trading_sessions"", ""status"": ""full"", ""valid_trading_sessions"": 277}","[""l1.csv""]",[],63.448,ranked,full,100.0,True,True,False
AUGO,Aura Minerals Inc. - Common Shares,nasdaqtrader:Q:AUGO,common_equity,eligible,Q,,77.53,,66480079.218888886,35.850709654809876,-7.393693263258482,6.2491434836234205,188.75232774674114,28.962800073300343,92.16709024440148,,,False,,271.0,,2026-08-12,,full,"{""as_of"": ""2026-08-12"", ""listing_date"": null, ""reason_code"": ""valid_trading_sessions"", ""status"": ""full"", ""valid_trading_sessions"": 271}","[""l1.csv""]",[],63.445,ranked,full,100.0,True,True,False
LSCC,Lattice Semiconductor Corporation - Common Stock,nasdaqtrader:Q:LSCC,common_equity,eligible,Q,,129.27,,279161528.49349207,-3.4650138152490406,3.061468548194224,42.13304013194063,113.38725652030375,16.745024795517484,71.96083170413164,,,False,,277.0,,2026-08-12,,full,"{""as_of"": ""2026-08-12"", ""listing_date"": null, ""reason_code"": ""valid_trading_sessions"", ""status"": ""full"", ""valid_trading_sessions"": 277}","[""l1.csv""]",[],63.4363,ranked,full,100.0,True,True,False
RRC,Range Resources Corporation Common Stock,nasdaqtrader:N:RRC,common_equity,eligible,N,,40.18,,116285932.50047618,10.202962150301698,-1.760391198044009,12.203295168947204,17.588527948492818,15.676810073452252,33.22635268760401,,,False,,277.0,,2026-08-12,,full,"{""as_of"": ""2026-08-12"", ""listing_date"": null, ""reason_code"": ""valid_trading_sessions"", ""status"": ""full"", ""valid_trading_sessions"": 277}","[""l1.csv""]",[],63.4192,ranked,full,100.0,True,True,False
UGI,UGI Corporation Common Stock,nasdaqtrader:N:UGI,common_equity,eligible,N,,35.1,,57375115.39126984,-3.305785123966931,6.363636363636371,-6.797663303239498,-0.11383039271485318,13.61063253753384,20.922762295202276,,,False,,277.0,,2026-08-12,,full,"{""as_of"": ""2026-08-12"", ""listing_date"": null, ""reason_code"": ""valid_trading_sessions"", ""status"": ""full"", ""valid_trading_sessions"": 277}","[""l1.csv""]",[],63.4027,ranked,full,100.0,True,True,False
SMH,VanEck Semiconductor ETF,US:SMH,etf,eligible,Q,,584.83,,6760751262.560794,-2.5786676883610027,4.20133630289532,44.48809170866688,99.32856169052491,12.569702949574669,49.86184716420737,,,False,,277.0,,2026-08-12,,full,"{""as_of"": ""2026-08-12"", ""listing_date"": null, ""reason_code"": ""valid_trading_sessions"", ""status"": ""full"", ""valid_trading_sessions"": 277}","[""l1.csv""]",[],63.3924,ranked,full,100.0,True,True,False
CTVA,"Corteva, Inc. Common Stock",nasdaqtrader:N:CTVA,common_equity,eligible,N,,75.53,,338802476.34698415,-11.046990931574607,-8.548250393510115,1.765022904877389,4.236820314656375,16.550657385924204,44.483686540201084,,,False,,277.0,,2026-08-12,,full,"{""as_of"": ""2026-08-12"", ""listing_date"": null, ""reason_code"": ""valid_trading_sessions"", ""status"": ""full"", ""valid_trading_sessions"": 277}","[""l1.csv""]",[],63.3877,ranked,full,100.0,True,True,False
SNPS,"Synopsys, Inc. - Common Stock",nasdaqtrader:Q:SNPS,common_equity,eligible,Q,,412.32,,881005588.5642064,-3.1885419112467672,-19.658619278657863,-5.7446565321751075,-33.077971823670715,34.11313518696068,40.49250776577765,,,False,,277.0,,2026-08-12,,full,"{""as_of"": ""2026-08-12"", ""listing_date"": null, ""reason_code"": ""valid_trading_sessions"", ""status"": ""full"", ""valid_trading_sessions"": 277}","[""l1.csv""]",[],63.3818,ranked,full,100.0,True,True,False
BILL,"BILL Holdings, Inc. Common Stock",nasdaqtrader:N:BILL,common_equity,eligible,N,,48.7,,101428101.81619048,17.718153251148184,18.11787533349505,-3.7739577158664273,24.488752556237237,13.514473450541642,51.77147202255824,,,False,,277.0,,2026-08-12,,full,"{""as_of"": ""2026-08-12"", ""listing_date"": null, ""reason_code"": ""valid_trading_sessions"", ""status"": ""full"", ""valid_trading_sessions"": 277}","[""l1.csv""]",[],63.3786,ranked,full,100.0,True,True,False
AOSL,Alpha and Omega Semiconductor Limited - Common Shares,nasdaqtrader:Q:AOSL,common_equity,eligible,Q,,36.28,,32472499.99936508,4.222924446997989,-3.8176033934252285,80.49751243781094,43.51265822784809,31.95798949737434,106.27430317650376,,,False,,277.0,,2026-08-12,,full,"{""as_of"": ""2026-08-12"", ""listing_date"": null, ""reason_code"": ""valid_trading_sessions"", ""status"": ""full"", ""valid_trading_sessions"": 277}","[""l1.csv""]",[],63.3444,ranked,full,100.0,True,True,False
RBC,RBC Bearings Incorporated Common Stock,nasdaqtrader:N:RBC,common_equity,eligible,N,,555.65,,159173697.72555554,-5.53061987826855,-9.37041265698908,1.4867308359664655,40.018647313778864,14.369153477476926,27.861468250889214,,,False,,277.0,,2026-08-12,,full,"{""as_of"": ""2026-08-12"", ""listing_date"": null, ""reason_code"": ""valid_trading_sessions"", ""status"": ""full"", ""valid_trading_sessions"": 277}","[""l1.csv""]",[],63.3423,ranked,full,100.0,True,True,False
NEE,"NextEra Energy, Inc. Common Stock",nasdaqtrader:N:NEE,common_equity,eligible,N,,85.78,,1057510408.2585714,-4.199240562876927,-9.31388095993234,-5.559837058240669,18.398895790200132,12.36207601144258,16.033243260524614,,,False,,277.0,,2026-08-12,,full,"{""as_of"": ""2026-08-12"", ""listing_date"": null, ""reason_code"": ""valid_trading_sessions"", ""status"": ""full"", ""valid_trading_sessions"": 277}","[""l1.csv""]",[],63.3405,ranked,full,100.0,True,True,False
CRGY,Crescent Energy Company Class A Common Stock,nasdaqtrader:N:CRGY,common_equity,eligible,N,,12.06,,71460972.54253969,20.479520479520485,-5.188679245283023,18.934911242603558,34.14905450500556,13.362068965517238,48.550967119293915,,,False,,277.0,,2026-08-12,,full,"{""as_of"": ""2026-08-12"", ""listing_date"": null, ""reason_code"": ""valid_trading_sessions"", ""status"": ""full"", ""valid_trading_sessions"": 277}","[""l1.csv""]",[],63.3405,ranked,full,100.0,True,True,False
NKE,"Nike, Inc. Common Stock",nasdaqtrader:N:NKE,common_equity,eligible,N,,40.51,,1009897721.3444444,-5.482967802146533,-4.344746162927993,-35.73921319796954,-45.27154823020805,48.83162814197297,33.30786573107135,,,False,,277.0,,2026-08-12,,full,"{""as_of"": ""2026-08-12"", ""listing_date"": null, ""reason_code"": ""valid_trading_sessions"", ""status"": ""full"", ""valid_trading_sessions"": 277}","[""l1.csv""]",[],63.3279,ranked,full,100.0,True,True,False
LIN,Linde plc - Ordinary Shares,nasdaqtrader:Q:LIN,common_equity,eligible,Q,,479.43,,1180321257.634762,-8.250086117809152,-4.850457459265289,4.108488415018141,1.9239763595390924,12.295111956680815,25.917719944393486,,,False,,277.0,,2026-08-12,,full,"{""as_of"": ""2026-08-12"", ""listing_date"": null, ""reason_code"": ""valid_trading_sessions"", ""status"": ""full"", ""valid_trading_sessions"": 277}","[""l1.csv""]",[],63.3238,ranked,full,100.0,True,True,False
BTI,"British American Tobacco  Industries, p.l.c. Common Stock ADR",nasdaqtrader:N:BTI,adr,eligible,N,,55.84,,260739552.97904763,-4.054982817869412,-12.25644248900062,-7.227114138561208,-4.2688153608777535,16.281859070464765,33.27220564868542,,,False,,277.0,,2026-08-12,,full,"{""as_of"": ""2026-08-12"", ""listing_date"": null, ""reason_code"": ""valid_trading_sessions"", ""status"": ""full"", ""valid_trading_sessions"": 277}","[""l1.csv""]",[],63.3205,ranked,full,100.0,True,True,False
HLIT,Harmonic Inc. - Common Stock,nasdaqtrader:Q:HLIT,common_equity,eligible,Q,,12.0,,41916456.447460316,-12.216532553035842,-7.335907335907333,16.05415860735009,37.142857142857146,29.865575686732903,59.58118695086774,,,False,,277.0,,2026-08-12,,full,"{""as_of"": ""2026-08-12"", ""listing_date"": null, ""reason_code"": ""valid_trading_sessions"", ""status"": ""full"", ""valid_trading_sessions"": 277}","[""l1.csv""]",[],63.3154,ranked,full,100.0,True,True,False
CVCO,"Cavco Industries, Inc. - Common Stock",nasdaqtrader:Q:CVCO,common_equity,eligible,Q,,598.38,,73914357.42079365,6.505526582774146,25.744425998697128,5.463710388099696,32.85523978685614,14.242719559734008,34.384511314587854,,,False,,277.0,,2026-08-12,,full,"{""as_of"": ""2026-08-12"", ""listing_date"": null, ""reason_code"": ""valid_trading_sessions"", ""status"": ""full"", ""valid_trading_sessions"": 277}","[""l1.csv""]",[],63.3107,ranked,full,100.0,True,True,False
MGM,MGM Resorts International Common Stock,nasdaqtrader:N:MGM,common_equity,eligible,N,,43.98,,180271473.1368254,-5.76387400899937,19.1869918699187,17.71948608137044,27.923211169284446,13.237324916157034,19.654489050784544,,,False,,277.0,,2026-08-12,,full,"{""as_of"": ""2026-08-12"", ""listing_date"": null, ""reason_code"": ""valid_trading_sessions"", ""status"": ""full"", ""valid_trading_sessions"": 277}","[""l1.csv""]",[],63.3093,ranked,full,100.0,True,True,False
YPF,YPF Sociedad Anonima American Depositary Shares,nasdaqtrader:N:YPF,adr,eligible,N,,48.9,,83903583.32476191,-1.8072289156626509,8.787541713014457,25.063938618925818,42.5655976676385,13.220940550133097,35.70115273362908,,,False,,277.0,,2026-08-12,,full,"{""as_of"": ""2026-08-12"", ""listing_date"": null, ""reason_code"": ""valid_trading_sessions"", ""status"": ""full"", ""valid_trading_sessions"": 277}","[""l1.csv""]",[],63.3052,ranked,full,100.0,True,True,False
PENG,"Penguin Solutions, Inc. - Common Stock",nasdaqtrader:Q:PENG,common_equity,eligible,Q,,58.73,,232682420.4980952,-24.511568123393314,33.08406979379106,214.23220973782767,151.3050919982884,27.841258139820624,132.98088157306074,,,False,,277.0,,2026-08-12,,full,"{""as_of"": ""2026-08-12"", ""listing_date"": null, ""reason_code"": ""valid_trading_sessions"", ""status"": ""full"", ""valid_trading_sessions"": 277}","[""l1.csv""]",[],63.2955,ranked,full,100.0,True,True,False
COR,"Cencora, Inc. Common Stock",nasdaqtrader:N:COR,common_equity,eligible,N,,314.17,,478677223.86746037,3.933439195447952,20.403939753957,-12.730555555555556,8.073615411076718,16.165443629086052,33.21331125811591,,,False,,277.0,,2026-08-12,,full,"{""as_of"": ""2026-08-12"", ""listing_date"": null, ""reason_code"": ""valid_trading_sessions"", ""status"": ""full"", ""valid_trading_sessions"": 277}","[""l1.csv""]",[],63.2914,ranked,full,100.0,True,True,False
TIC,"TIC Solutions, Inc. Common Stock",nasdaqtrader:N:TIC,common_equity,eligible,N,,10.19,,17958887.147777777,43.52112676056339,8.404255319148923,3.556910569105698,10.640608034744826,29.675638371290546,67.54658147474137,,,False,,277.0,,2026-08-12,,full,"{""as_of"": ""2026-08-12"", ""listing_date"": null, ""reason_code"": ""valid_trading_sessions"", ""status"": ""full"", ""valid_trading_sessions"": 277}","[""l1.csv""]",[],63.2901,ranked,full,100.0,True,True,False
BBNX,"Beta Bionics, Inc. - Common Stock",nasdaqtrader:Q:BBNX,common_equity,eligible,Q,,17.33,,15858228.1115873,2.787663107947802,76.47657841140527,17.25304465493911,21.188811188811172,45.82682088152548,75.23955984112169,,,False,,277.0,,2026-08-12,,full,"{""as_of"": ""2026-08-12"", ""listing_date"": null, ""reason_code"": ""valid_trading_sessions"", ""status"": ""full"", ""valid_trading_sessions"": 277}","[""l1.csv""]",[],63.2782,ranked,full,100.0,True,True,False
HLN,Haleon plc American Depositary Shares (Each representing two Ordinary Shares),nasdaqtrader:N:HLN,adr,eligible,N,,9.8,,91032520.57698414,1.030927835051565,7.692307692307709,-11.231884057970998,3.484688489968324,13.043478260869556,25.264859733947002,,,False,,277.0,,2026-08-12,,full,"{""as_of"": ""2026-08-12"", ""listing_date"": null, ""reason_code"": ""valid_trading_sessions"", ""status"": ""full"", ""valid_trading_sessions"": 277}","[""l1.csv""]",[],63.2609,ranked,full,100.0,True,True,False
MKTX,"MarketAxess Holdings, Inc. - Common Stock",nasdaqtrader:Q:MKTX,common_equity,eligible,Q,,162.6,,130079744.86936508,41.55131888221466,15.017330409563545,-8.296204387795392,-14.090981138056758,16.01673467279584,76.77123146020585,,,False,,277.0,,2026-08-12,,full,"{""as_of"": ""2026-08-12"", ""listing_date"": null, ""reason_code"": ""valid_trading_sessions"", ""status"": ""full"", ""valid_trading_sessions"": 277}","[""l1.csv""]",[],63.2542,ranked,full,100.0,True,True,False
AMBQ,"Ambiq Micro, Inc. Common Stock",nasdaqtrader:N:AMBQ,common_equity,eligible,N,,65.59,,53623106.82126985,-23.26860084230229,-1.1752297724875738,123.3231188287368,80.2418246771091,27.50884173297966,87.70150996695546,,,False,,261.0,,2026-08-12,,full,"{""as_of"": ""2026-08-12"", ""listing_date"": null, ""reason_code"": ""valid_trading_sessions"", ""status"": ""full"", ""valid_trading_sessions"": 261}","[""l1.csv""]",[],63.2512,ranked,full,100.0,True,True,False
GGG,Graco Inc. Common Stock,nasdaqtrader:N:GGG,common_equity,eligible,N,,82.49,,109383128.28603174,11.759924129521737,7.046457305995313,-12.449586075143282,-0.8056758056758095,13.003585741404766,26.405575917921936,,,False,,277.0,,2026-08-12,,full,"{""as_of"": ""2026-08-12"", ""listing_date"": null, ""reason_code"": ""valid_trading_sessions"", ""status"": ""full"", ""valid_trading_sessions"": 277}","[""l1.csv""]",[],63.2509,ranked,full,100.0,True,True,False
WGO,"Winnebago Industries, Inc. Common Stock",nasdaqtrader:N:WGO,common_equity,eligible,N,,32.38,,21888046.366031744,11.616683902102732,9.576988155668364,-31.412836263503497,7.147584381204508,35.045135406218655,39.456691920920115,,,False,,277.0,,2026-08-12,,full,"{""as_of"": ""2026-08-12"", ""listing_date"": null, ""reason_code"": ""valid_trading_sessions"", ""status"": ""full"", ""valid_trading_sessions"": 277}","[""l1.csv""]",[],63.247,ranked,full,100.0,True,True,False
COKE,"Coca-Cola Consolidated, Inc. - Common Stock",nasdaqtrader:Q:COKE,common_equity,eligible,Q,,188.77,,101498584.2774603,6.5594129268981005,9.457265452858632,20.642934747874996,64.73514268260756,12.97312249319994,39.6435492039037,,,False,,277.0,,2026-08-12,,full,"{""as_of"": ""2026-08-12"", ""listing_date"": null, ""reason_code"": ""valid_trading_sessions"", ""status"": ""full"", ""valid_trading_sessions"": 277}","[""l1.csv""]",[],63.2433,ranked,full,100.0,True,True,False
CDW,CDW Corporation - Common Stock,nasdaqtrader:Q:CDW,common_equity,eligible,Q,,136.67,,271847979.000873,-1.9443248672693425,37.633434038267865,-4.3262163108155445,-14.661255073368729,19.968378520817488,49.87614605846428,,,False,,277.0,,2026-08-12,,full,"{""as_of"": ""2026-08-12"", ""listing_date"": null, ""reason_code"": ""valid_trading_sessions"", ""status"": ""full"", ""valid_trading_sessions"": 277}","[""l1.csv""]",[],63.2421,ranked,full,100.0,True,True,False
DDS,"Dillard's, Inc. Common Stock",nasdaqtrader:N:DDS,common_equity,eligible,N,,636.02,,75553240.9231746,20.597660175581645,18.862247472387807,0.23797891286190254,36.07325474422882,12.961011591148585,35.36899318724142,,,False,,277.0,,2026-08-12,,full,"{""as_of"": ""2026-08-12"", ""listing_date"": null, ""reason_code"": ""valid_trading_sessions"", ""status"": ""full"", ""valid_trading_sessions"": 277}","[""l1.csv""]",[],63.2403,ranked,full,100.0,True,True,False
DCI,"Donaldson Company, Inc. Common Stock",nasdaqtrader:N:DCI,common_equity,eligible,N,,96.27,,68437343.15857142,7.288532263457026,13.45904537418976,-12.138359039883174,33.00635534678089,12.932983630279459,22.788985791017723,,,False,,277.0,,2026-08-12,,full,"{""as_of"": ""2026-08-12"", ""listing_date"": null, ""reason_code"": ""valid_trading_sessions"", ""status"": ""full"", ""valid_trading_sessions"": 277}","[""l1.csv""]",[],63.2332,ranked,full,100.0,True,True,False
UAA,"Under Armour, Inc. Class A Common Stock",nasdaqtrader:N:UAA,common_equity,eligible,N,,5.26,,53451534.612222224,-20.423600605143733,4.572564612326024,-25.81100141043724,2.734375,35.380835380835386,55.63770811703006,,,False,,277.0,,2026-08-12,,full,"{""as_of"": ""2026-08-12"", ""listing_date"": null, ""reason_code"": ""valid_trading_sessions"", ""status"": ""full"", ""valid_trading_sessions"": 277}","[""l1.csv""]",[],63.2246,ranked,full,100.0,True,True,False
PPG,"PPG Industries, Inc. Common Stock",nasdaqtrader:N:PPG,common_equity,eligible,N,,114.6,,224098687.40714285,-0.05232862375719183,7.727016356457983,-11.259098652625054,7.585429966203527,12.891456369717247,38.23099003042429,,,False,,277.0,,2026-08-12,,full,"{""as_of"": ""2026-08-12"", ""listing_date"": null, ""reason_code"": ""valid_trading_sessions"", ""status"": ""full"", ""valid_trading_sessions"": 277}","[""l1.csv""]",[],63.2229,ranked,full,100.0,True,True,False
CEVA,"CEVA, Inc. - Common Stock",nasdaqtrader:Q:CEVA,common_equity,eligible,Q,,30.44,,34814009.392380945,-30.071215253847917,-17.90722761596547,31.774891774891767,42.70979840600096,39.192968437874555,108.13991108487842,,,False,,277.0,,2026-08-12,,full,"{""as_of"": ""2026-08-12"", ""listing_date"": null, ""reason_code"": ""valid_trading_sessions"", ""status"": ""full"", ""valid_trading_sessions"": 277}","[""l1.csv""]",[],63.2205,ranked,full,100.0,True,True,False
FIX,"Comfort Systems USA, Inc. Common Stock",nasdaqtrader:N:FIX,common_equity,eligible,N,,1738.82,,899305263.9446032,-2.0438285167032832,-13.762268698761604,36.95486086497639,150.79978653127753,15.857169817712002,63.999022859692936,,,False,,277.0,,2026-08-12,,full,"{""as_of"": ""2026-08-12"", ""listing_date"": null, ""reason_code"": ""valid_trading_sessions"", ""status"": ""full"", ""valid_trading_sessions"": 277}","[""l1.csv""]",[],63.2143,ranked,full,100.0,True,True,False
SHLS,"Shoals Technologies Group, Inc. - Class A Common Stock",nasdaqtrader:Q:SHLS,common_equity,eligible,Q,,8.34,,57902339.18666666,-22.490706319702603,-3.360370799536516,-18.71345029239766,86.99551569506727,34.69068128425998,93.69344463017336,,,False,,277.0,,2026-08-12,,full,"{""as_of"": ""2026-08-12"", ""listing_date"": null, ""reason_code"": ""valid_trading_sessions"", ""status"": ""full"", ""valid_trading_sessions"": 277}","[""l1.csv""]",[],63.2088,ranked,full,100.0,True,True,False
SGRY,"Surgery Partners, Inc. - Common Stock",nasdaqtrader:Q:SGRY,common_equity,eligible,Q,,15.32,,23337220.086666666,1.3227513227513255,9.663564781675005,9.978463747307975,-32.629727352682494,35.738255033557046,56.99968315721059,,,False,,277.0,,2026-08-12,,full,"{""as_of"": ""2026-08-12"", ""listing_date"": null, ""reason_code"": ""valid_trading_sessions"", ""status"": ""full"", ""valid_trading_sessions"": 277}","[""l1.csv""]",[],63.2008,ranked,full,100.0,True,True,False
NUVB,Nuvation Bio Inc. Class A Common Stock,nasdaqtrader:N:NUVB,common_equity,eligible,N,,6.42,,36681323.00936508,8.813559322033893,32.644628099173566,12.434325744308229,186.60714285714283,32.70440251572326,57.02801775611012,,,False,,277.0,,2026-08-12,,full,"{""as_of"": ""2026-08-12"", ""listing_date"": null, ""reason_code"": ""valid_trading_sessions"", ""status"": ""full"", ""valid_trading_sessions"": 277}","[""l1.csv""]",[],63.1939,ranked,full,100.0,True,True,False
SIRI,SiriusXM Holdings Inc. - Common Stock,nasdaqtrader:Q:SIRI,common_equity,eligible,Q,,28.44,,144505088.05952382,-6.4165844027640695,8.715596330275233,33.270852858481724,35.751789976133665,12.733967474685493,33.9075711600571,,,False,,277.0,,2026-08-12,,full,"{""as_of"": ""2026-08-12"", ""listing_date"": null, ""reason_code"": ""valid_trading_sessions"", ""status"": ""full"", ""valid_trading_sessions"": 277}","[""l1.csv""]",[],63.1835,ranked,full,100.0,True,True,False
SIG,Signet Jewelers Limited Common Shares,nasdaqtrader:N:SIG,common_equity,eligible,N,,92.53,,72625309.7568254,8.475967174677624,15.158680771624145,1.0373443983402453,21.22363421983493,12.707547169811317,35.19792070179692,,,False,,277.0,,2026-08-12,,full,"{""as_of"": ""2026-08-12"", ""listing_date"": null, ""reason_code"": ""valid_trading_sessions"", ""status"": ""full"", ""valid_trading_sessions"": 277}","[""l1.csv""]",[],63.1769,ranked,full,100.0,True,True,False
EIX,Edison International Common Stock,nasdaqtrader:N:EIX,common_equity,eligible,N,,69.4,,198809316.72174603,-9.375816139984316,-2.623824891258586,6.018942865872301,25.610859728506806,13.660114456332407,32.548098375242,,,False,,277.0,,2026-08-12,,full,"{""as_of"": ""2026-08-12"", ""listing_date"": null, ""reason_code"": ""valid_trading_sessions"", ""status"": ""full"", ""valid_trading_sessions"": 277}","[""l1.csv""]",[],63.165,ranked,full,100.0,True,True,False
KGS,"Kodiak Gas Services, Inc. Common Stock",nasdaqtrader:N:KGS,common_equity,eligible,N,,62.06,,136528079.53777775,-10.175133883340571,-17.40750598882087,21.471912311606967,87.2661436330718,18.63117870722433,54.08598081359938,,,False,,277.0,,2026-08-12,,full,"{""as_of"": ""2026-08-12"", ""listing_date"": null, ""reason_code"": ""valid_trading_sessions"", ""status"": ""full"", ""valid_trading_sessions"": 277}","[""l1.csv""]",[],63.1578,ranked,full,100.0,True,True,False
AMT,American Tower Corporation (REIT) Common Stock,nasdaqtrader:N:AMT,common_equity,eligible,N,,170.43,,577175693.1044445,0.9476988686844656,-4.691868918465492,-4.526357066830977,-17.29910714285714,19.56296016613177,28.359063665707374,,,False,,277.0,,2026-08-12,,full,"{""as_of"": ""2026-08-12"", ""listing_date"": null, ""reason_code"": ""valid_trading_sessions"", ""status"": ""full"", ""valid_trading_sessions"": 277}","[""l1.csv""]",[],63.1407,ranked,full,100.0,True,True,False
AMBA,"Ambarella, Inc. - Ordinary Shares",nasdaqtrader:Q:AMBA,common_equity,eligible,Q,,83.53,,140742534.32746032,14.581618655692719,6.829517841156152,26.06399034108058,29.785581106277203,12.543189194848715,90.11172941149191,,,False,,277.0,,2026-08-12,,full,"{""as_of"": ""2026-08-12"", ""listing_date"": null, ""reason_code"": ""valid_trading_sessions"", ""status"": ""full"", ""valid_trading_sessions"": 277}","[""l1.csv""]",[],63.1358,ranked,full,100.0,True,True,False
OSK,Oshkosh Corporation (Holding Company)Common Stock,nasdaqtrader:N:OSK,common_equity,eligible,N,,155.66,,115453776.17142858,6.799313893653514,18.534876637222062,-10.770994554313551,15.637768367877559,12.521074519500953,39.56588718636836,,,False,,277.0,,2026-08-12,,full,"{""as_of"": ""2026-08-12"", ""listing_date"": null, ""reason_code"": ""valid_trading_sessions"", ""status"": ""full"", ""valid_trading_sessions"": 277}","[""l1.csv""]",[],63.1303,ranked,full,100.0,True,True,False
LITE,Lumentum Holdings Inc. - Common Stock,nasdaqtrader:Q:LITE,common_equity,eligible,Q,,932.47,,4566106308.74746,14.44158075601376,-6.036055100416171,66.1771781940014,710.6320090411197,11.453911821401775,112.63374526064563,,,False,,277.0,,2026-08-12,,full,"{""as_of"": ""2026-08-12"", ""listing_date"": null, ""reason_code"": ""valid_trading_sessions"", ""status"": ""full"", ""valid_trading_sessions"": 277}","[""l1.csv""]",[],63.1135,ranked,full,100.0,True,True,False
ARLO,"Arlo Technologies, Inc. Common Stock",nasdaqtrader:N:ARLO,common_equity,eligible,N,,13.93,,17547722.424444444,5.610310841546617,7.567567567567579,12.611156022635406,-19.01162790697675,28.343621399176968,45.381943028485864,,,False,,277.0,,2026-08-12,,full,"{""as_of"": ""2026-08-12"", ""listing_date"": null, ""reason_code"": ""valid_trading_sessions"", ""status"": ""full"", ""valid_trading_sessions"": 277}","[""l1.csv""]",[],63.1125,ranked,full,100.0,True,True,False
SITM,SiTime Corporation - Common Stock,nasdaqtrader:Q:SITM,common_equity,eligible,Q,,680.52,,391356537.4387301,9.087411634579933,-19.67327281955642,64.47215777262181,235.13247316064218,24.510804454896395,114.76548145444121,,,False,,277.0,,2026-08-12,,full,"{""as_of"": ""2026-08-12"", ""listing_date"": null, ""reason_code"": ""valid_trading_sessions"", ""status"": ""full"", ""valid_trading_sessions"": 277}","[""l1.csv""]",[],63.1014,ranked,full,100.0,True,True,False
CRDO,Credo Technology Group Holding Ltd - Ordinary Shares,nasdaqtrader:Q:CRDO,common_equity,eligible,Q,,268.16,,1851497584.1675396,13.540519942416807,35.04557586745229,99.04988123515442,126.16176098507212,11.357926748644708,101.76460797154998,,,False,,277.0,,2026-08-12,,full,"{""as_of"": ""2026-08-12"", ""listing_date"": null, ""reason_code"": ""valid_trading_sessions"", ""status"": ""full"", ""valid_trading_sessions"": 277}","[""l1.csv""]",[],63.0895,ranked,full,100.0,True,True,False
