ticker,company,contract_id,issuer_id,issuer_cik,security_type,instrument_status,exchange,sector,industry,current_price,reference_52w_high,market_cap,avg_dollar_volume,return_1m_pct,return_3m_pct,return_6m_pct,return_12m_pct,drawdown_pct,historical_volatility_pct,trading_history_days,momentum_history_status,data_integrity_status,as_of,l2_status,l2_setup_score,l2_confidence_pct,l2_quality_prior_score,l2_room_to_target_score,setup_prior_growth,setup_pullback_geometry,setup_liquidity,setup_data_completeness,setup_model_version,l2_rules_hash
AMIX,"Autonomix Medical, Inc. - Common Stock",nasdaqtrader:Q:AMIX,SECURITY:AMIX:nasdaqtrader:Q:AMIX,,common_equity,eligible,Q,,,6.85,26.46,,47504750.64606349,39.22764227642277,1.2714370195150648,-14.160401002506273,-70.61347061347061,74.11186696900982,555.4056532826144,277.0,full,usable,2026-08-14,conditional,55.57,100.0,,,47.0,30.0,80.0,100.0,2.2.0,c8f1bf1665a8c5dfb834c0571e7dd5f6b6e5ccd00eab00295338bd42cfde549b
AMKR,"Amkor Technology, Inc. - Common Stock",nasdaqtrader:Q:AMKR,SECURITY:AMKR:nasdaqtrader:Q:AMKR,,common_equity,eligible,Q,,,58.99,93.55,,390445610.2452381,-6.394795303078393,-18.171729782216673,14.343865090133745,136.33814102564102,36.94281133083912,114.74394402868293,277.0,full,usable,2026-08-14,conditional,95.07,100.0,,,95.0,95.0,92.0,100.0,2.2.0,c8f1bf1665a8c5dfb834c0571e7dd5f6b6e5ccd00eab00295338bd42cfde549b
AMLX,"Amylyx Pharmaceuticals, Inc. - Common Stock",nasdaqtrader:Q:AMLX,SECURITY:AMLX:nasdaqtrader:Q:AMLX,,common_equity,eligible,Q,,,21.63,24.19,,29557268.36,27.085781433607515,55.83573487031699,53.73134328358209,160.60240963855418,10.582885489871853,64.25145366200373,277.0,full,usable,2026-08-14,conditional,81.57,100.0,,,73.0,82.0,80.0,100.0,2.2.0,c8f1bf1665a8c5dfb834c0571e7dd5f6b6e5ccd00eab00295338bd42cfde549b
AMN,AMN Healthcare Services Inc,qrgf-resolution-required:N:AMN,SECURITY:AMN:qrgf-resolution-required:N:AMN,,common_equity,eligible,N,,,34.5,36.6,,29991727.708253965,0.8182349503214503,13.861386138613852,112.1771217712177,85.08583690987123,5.737704918032794,75.18203095852094,277.0,full,usable,2026-08-14,conditional,62.29,100.0,,,73.0,28.0,80.0,100.0,2.2.0,c8f1bf1665a8c5dfb834c0571e7dd5f6b6e5ccd00eab00295338bd42cfde549b
AMP,"Ameriprise Financial, Inc. Common Stock",nasdaqtrader:N:AMP,SECURITY:AMP:nasdaqtrader:N:AMP,,common_equity,eligible,N,,,569.54,570.68,,313821273.39285713,6.813450610453664,20.655029234810595,21.878878664669376,11.836782782861398,0.19976168781102865,21.626394270212597,277.0,full,usable,2026-08-14,conditional,53.86,100.0,,,57.0,10.0,92.0,100.0,2.2.0,c8f1bf1665a8c5dfb834c0571e7dd5f6b6e5ccd00eab00295338bd42cfde549b
AMPG,"Amplitech Group, Inc. - Common Stock",nasdaqtrader:Q:AMPG,SECURITY:AMPG:nasdaqtrader:Q:AMPG,,common_equity,eligible,Q,,,3.995,9.7,,30457217.64285714,-37.77258566978193,39.198606271777,50.75471698113208,9.153005464480879,58.814432989690715,154.22206181454777,277.0,full,usable,2026-08-14,conditional,72.71,100.0,,,57.0,70.0,80.0,100.0,2.2.0,c8f1bf1665a8c5dfb834c0571e7dd5f6b6e5ccd00eab00295338bd42cfde549b
AMPH,"Amphastar Pharmaceuticals, Inc. - Common Stock",nasdaqtrader:Q:AMPH,SECURITY:AMPH:nasdaqtrader:Q:AMPH,,common_equity,eligible,Q,,,20.91,30.81,,10947223.549920635,5.287009063444104,20.86705202312138,-24.101633393829403,-31.39763779527559,32.13242453748782,39.9673671087819,277.0,full,usable,2026-08-14,conditional,76.14,100.0,,,55.0,92.0,62.0,100.0,2.2.0,c8f1bf1665a8c5dfb834c0571e7dd5f6b6e5ccd00eab00295338bd42cfde549b
AMPL,"Amplitude, Inc. - Class A Common Stock",nasdaqtrader:Q:AMPL,NAMECLASS:AMPLITUDE INC,,common_equity,eligible,Q,,,13.03,13.3,,21450191.303968254,35.02590673575128,112.56117455138663,109.82286634460547,11.941580756013725,2.0300751879699375,68.95009429520971,277.0,full,usable,2026-08-14,conditional,47.43,100.0,,,57.0,10.0,62.0,100.0,2.2.0,c8f1bf1665a8c5dfb834c0571e7dd5f6b6e5ccd00eab00295338bd42cfde549b
AMPX,"Amprius Technologies, Inc. Common Stock",nasdaqtrader:N:AMPX,SECURITY:AMPX:nasdaqtrader:N:AMPX,,common_equity,eligible,N,,,12.51,22.91,,108866684.23095238,23.86138613861386,-29.99440402909905,22.76741903827282,63.102998696219025,45.39502400698385,91.33036341130311,277.0,full,usable,2026-08-14,conditional,92.21,100.0,,,85.0,95.0,92.0,100.0,2.2.0,c8f1bf1665a8c5dfb834c0571e7dd5f6b6e5ccd00eab00295338bd42cfde549b
AMPY,Amplify Energy Corp. Common Stock,nasdaqtrader:N:AMPY,SECURITY:AMPY:nasdaqtrader:N:AMPY,,common_equity,eligible,N,,,4.78,6.63,,3602602.912063492,20.403022670025184,-6.274509803921557,-9.811320754716979,23.514211886304913,27.903469079939658,56.85909152891075,277.0,full,usable,2026-08-14,conditional,81.64,100.0,,,87.0,92.0,45.0,100.0,2.2.0,c8f1bf1665a8c5dfb834c0571e7dd5f6b6e5ccd00eab00295338bd42cfde549b
AMR,"Alpha Metallurgical Resources, Inc. Common Stock",nasdaqtrader:N:AMR,SECURITY:AMR:nasdaqtrader:N:AMR,,common_equity,eligible,N,,,166.05,249.65,,46195977.04333334,14.343754303814915,-8.728631891386796,-11.576761275893277,-0.28224837857314666,33.486881634288004,44.363111168135795,277.0,full,usable,2026-08-14,conditional,85.14,100.0,,,73.0,92.0,80.0,100.0,2.2.0,c8f1bf1665a8c5dfb834c0571e7dd5f6b6e5ccd00eab00295338bd42cfde549b
AMRC,"Ameresco, Inc. Class A Common Stock",nasdaqtrader:N:AMRC,NAMECLASS:AMERESCO INC,,common_equity,eligible,N,,,27.9,43.23,,17479867.13777778,18.27045358202628,-16.165865384615397,-16.19104836287174,35.0435624394966,35.46148507980569,96.17184255037122,277.0,full,usable,2026-08-14,conditional,86.36,100.0,,,87.0,95.0,62.0,100.0,2.2.0,c8f1bf1665a8c5dfb834c0571e7dd5f6b6e5ccd00eab00295338bd42cfde549b
AMRN,Amarin Corporation plc - American Depositary Shares,nasdaqtrader:Q:AMRN,SECURITY:AMRN:nasdaqtrader:Q:AMRN,,adr,eligible,Q,,,14.07,20.25,,1084173.121904762,-0.7757404795486589,-4.803788903924211,-5.316285329744275,-6.199999999999994,30.518518518518523,23.520129685757453,277.0,full,usable,2026-08-14,rejected,68.0,100.0,,,73.0,92.0,0.0,100.0,2.2.0,c8f1bf1665a8c5dfb834c0571e7dd5f6b6e5ccd00eab00295338bd42cfde549b
AMRX,"Amneal Pharmaceuticals, Inc. - Class A Common Stock",nasdaqtrader:Q:AMRX,NAMECLASS:AMNEAL PHARMACEUTICALS INC,,common_equity,eligible,Q,,,18.15,19.1,,32875058.771507937,0.6097560975609762,48.40556009811936,24.060150375939827,93.08510638297871,4.973821989528815,38.66491656382336,277.0,full,usable,2026-08-14,conditional,55.86,100.0,,,73.0,10.0,80.0,100.0,2.2.0,c8f1bf1665a8c5dfb834c0571e7dd5f6b6e5ccd00eab00295338bd42cfde549b
AMRZ,Amrize Ltd Ordinary Shares,nasdaqtrader:N:AMRZ,SECURITY:AMRZ:nasdaqtrader:N:AMRZ,,common_equity,eligible,N,,,46.69,65.86,,167766697.19428572,-8.772958186791724,-8.253094910591475,-20.037677684535026,-9.445306439100086,29.10719708472518,44.649893169270825,277.0,full,usable,2026-08-14,conditional,87.71,100.0,,,73.0,92.0,92.0,100.0,2.2.0,c8f1bf1665a8c5dfb834c0571e7dd5f6b6e5ccd00eab00295338bd42cfde549b
AMS,American Shared Hospital Services Common Stock,nasdaqtrader:A:AMS,SECURITY:AMS:nasdaqtrader:A:AMS,,common_equity,eligible,A,,,1.5,3.04,,181837.9599047619,2.0408163265306145,-5.063291139240511,-33.920704845814974,-41.860465116279066,50.6578947368421,48.926600408171765,277.0,full,usable,2026-08-14,rejected,58.43,100.0,,,67.0,70.0,0.0,100.0,2.2.0,c8f1bf1665a8c5dfb834c0571e7dd5f6b6e5ccd00eab00295338bd42cfde549b
AMSC,American Superconductor Corporation - Common Stock,nasdaqtrader:Q:AMSC,SECURITY:AMSC:nasdaqtrader:Q:AMSC,,common_equity,eligible,Q,,,31.92,66.68,,41592385.430952385,-3.5358114233907556,-41.64533820840951,-0.09389671361501595,-40.987243483083745,52.12957408518297,72.35583155234548,277.0,full,usable,2026-08-14,conditional,75.57,100.0,,,67.0,70.0,80.0,100.0,2.2.0,c8f1bf1665a8c5dfb834c0571e7dd5f6b6e5ccd00eab00295338bd42cfde549b
AMSF,"AMERISAFE, Inc. - Common Stock",nasdaqtrader:Q:AMSF,SECURITY:AMSF:nasdaqtrader:Q:AMSF,,common_equity,eligible,Q,,,27.65,47.25,,8625137.282539682,-17.585692995529058,-9.462999345121158,-27.806788511749346,-40.02169197396963,41.48148148148149,39.250440564145336,277.0,full,usable,2026-08-14,conditional,80.64,100.0,,,67.0,95.0,62.0,100.0,2.2.0,c8f1bf1665a8c5dfb834c0571e7dd5f6b6e5ccd00eab00295338bd42cfde549b
AMST,Amesite Inc. - Common Stock,nasdaqtrader:Q:AMST,SECURITY:AMST:nasdaqtrader:Q:AMST,,common_equity,eligible,Q,,,0.9723,3.87,,4961749.674533333,-7.399999999999995,17.00361010830327,-47.725806451612904,-65.76408450704226,74.87596899224806,70.53429660808743,277.0,full,usable,2026-08-14,conditional,50.36,100.0,,,55.0,30.0,45.0,100.0,2.2.0,c8f1bf1665a8c5dfb834c0571e7dd5f6b6e5ccd00eab00295338bd42cfde549b
AMT,American Tower Corporation (REIT) Common Stock,nasdaqtrader:N:AMT,SECURITY:AMT:nasdaqtrader:N:AMT,,common_equity,eligible,N,,,175.58,211.88,,569153036.591746,3.9426947667535073,2.9794721407624625,-6.700674849885746,-13.99461180504531,17.132339059845194,28.753702397783698,277.0,full,usable,2026-08-14,conditional,85.86,100.0,,,73.0,82.0,100.0,100.0,2.2.0,c8f1bf1665a8c5dfb834c0571e7dd5f6b6e5ccd00eab00295338bd42cfde549b
AMTB,Amerant Bancorp Inc. Class A Common Stock,nasdaqtrader:N:AMTB,NAMECLASS:AMERANT BANCORP INC,,common_equity,eligible,N,,,29.17,30.58,,9331743.945714286,10.492424242424248,28.78587196467992,30.049041462327253,42.71037181996087,4.6108567691301445,38.16528439127023,277.0,full,usable,2026-08-14,conditional,49.71,100.0,,,65.0,10.0,62.0,100.0,2.2.0,c8f1bf1665a8c5dfb834c0571e7dd5f6b6e5ccd00eab00295338bd42cfde549b
AMTD,"AMTD IDEA Group American Depositary Shares, each representing six (6) Class A Ordinary Shares",nasdaqtrader:N:AMTD,SECURITY:AMTD:nasdaqtrader:N:AMTD,,adr,eligible,N,,,0.764,1.3301,,16404.414052380955,-20.28380634390651,-25.825242718446606,-23.216080402010054,-18.93899204244032,42.56070972107361,62.93230811171774,277.0,full,usable,2026-08-14,rejected,69.07,100.0,,,73.0,95.0,0.0,100.0,2.2.0,c8f1bf1665a8c5dfb834c0571e7dd5f6b6e5ccd00eab00295338bd42cfde549b
AMTM,"Amentum Holdings, Inc. Common Stock",nasdaqtrader:N:AMTM,SECURITY:AMTM:nasdaqtrader:N:AMTM,,common_equity,eligible,N,,,21.47,37.53,,45093668.66507937,3.370245546461237,-7.655913978494633,-28.599933488526773,-19.0727478326423,42.79243272049028,51.76138481794457,277.0,full,usable,2026-08-14,conditional,86.21,100.0,,,73.0,95.0,80.0,100.0,2.2.0,c8f1bf1665a8c5dfb834c0571e7dd5f6b6e5ccd00eab00295338bd42cfde549b
AMTX,"Aemetis, Inc - Common Stock",nasdaqtrader:Q:AMTX,SECURITY:AMTX:nasdaqtrader:Q:AMTX,,common_equity,eligible,Q,,,1.77,3.66,,2181902.9580158726,13.461538461538458,-23.376623376623375,22.06896551724138,-35.63636363636363,51.63934426229508,84.05375676821895,277.0,full,usable,2026-08-14,conditional,65.21,100.0,,,57.0,70.0,45.0,100.0,2.2.0,c8f1bf1665a8c5dfb834c0571e7dd5f6b6e5ccd00eab00295338bd42cfde549b
AMWL,American Well Corporation Class A Common Stock,nasdaqtrader:N:AMWL,NAMECLASS:AMERICAN WELL CORPORATION,,common_equity,eligible,N,,,12.45,13.58,,1294665.326031746,13.698630136986312,60.02570694087402,187.5288683602771,73.15716272600832,8.321060382916057,105.65706423567605,277.0,full,usable,2026-08-14,rejected,64.43,100.0,,,73.0,82.0,0.0,100.0,2.2.0,c8f1bf1665a8c5dfb834c0571e7dd5f6b6e5ccd00eab00295338bd42cfde549b
AMX,"America Movil, S.A.B. de C.V. American Depositary Shares (each representing the right to receive twenty (20) Series B Shares",nasdaqtrader:N:AMX,SECURITY:AMX:nasdaqtrader:N:AMX,,adr,eligible,N,,,23.45,27.75,,42183115.12730159,-10.290742157612854,-13.436692506459947,-1.7183570829840789,23.551106427818745,15.495495495495494,19.64821497167824,277.0,full,usable,2026-08-14,conditional,85.57,100.0,,,87.0,82.0,80.0,100.0,2.2.0,c8f1bf1665a8c5dfb834c0571e7dd5f6b6e5ccd00eab00295338bd42cfde549b
AMZE,"Amaze Holdings, Inc. Common Stock",nasdaqtrader:A:AMZE,SECURITY:AMZE:nasdaqtrader:A:AMZE,,common_equity,eligible,A,,,0.245,27.6,,1478507.4504857145,-66.85606060606061,-85.52009456264776,-92.7749926275435,-99.08308383233533,99.1123188405797,287.22533738196205,277.0,full,usable,2026-08-14,rejected,25.0,100.0,,,0.0,30.0,0.0,100.0,2.2.0,c8f1bf1665a8c5dfb834c0571e7dd5f6b6e5ccd00eab00295338bd42cfde549b
AMZN,"Amazon.com, Inc. - Common Stock",nasdaqtrader:Q:AMZN,SECURITY:AMZN:nasdaqtrader:Q:AMZN,,common_equity,eligible,Q,,,262.65,284.02,,12472374072.414602,5.106246748569365,-1.710201332235628,31.58817635270541,16.962059137869588,7.524118019857761,51.43034285346639,277.0,full,usable,2026-08-14,conditional,67.71,100.0,,,77.0,28.0,100.0,100.0,2.2.0,c8f1bf1665a8c5dfb834c0571e7dd5f6b6e5ccd00eab00295338bd42cfde549b
AN,"AutoNation, Inc. Common Stock",nasdaqtrader:N:AN,SECURITY:AN:nasdaqtrader:N:AN,,common_equity,eligible,N,,,209.41,229.98,,81130406.15555556,0.19617224880381645,8.699714508175438,1.3601161665053318,-0.8897723507974797,8.944256022262797,37.870147382995405,277.0,full,usable,2026-08-14,conditional,78.14,100.0,,,61.0,82.0,80.0,100.0,2.2.0,c8f1bf1665a8c5dfb834c0571e7dd5f6b6e5ccd00eab00295338bd42cfde549b
ANAB,"AnaptysBio, Inc. - Common Stock",nasdaqtrader:Q:ANAB,SECURITY:ANAB:nasdaqtrader:Q:ANAB,,common_equity,eligible,Q,,,58.47,70.22,,35828994.232619055,7.977839335180059,-5.981669078630003,6.502732240437159,182.19111969111972,16.73312446596411,82.87560798157276,277.0,full,usable,2026-08-14,conditional,87.86,100.0,,,95.0,82.0,80.0,100.0,2.2.0,c8f1bf1665a8c5dfb834c0571e7dd5f6b6e5ccd00eab00295338bd42cfde549b
ANDE,"The Andersons, Inc. - Common Stock",nasdaqtrader:Q:ANDE,SECURITY:ANDE:nasdaqtrader:Q:ANDE,,common_equity,eligible,Q,,,65.9,80.87,,23060305.17063492,-13.517060367454059,-8.763671604596423,-3.9918414918414857,63.72670807453418,18.51119080004946,47.929348866024476,277.0,full,usable,2026-08-14,conditional,84.0,100.0,,,95.0,82.0,62.0,100.0,2.2.0,c8f1bf1665a8c5dfb834c0571e7dd5f6b6e5ccd00eab00295338bd42cfde549b
ANDG,Andersen Group Inc. Class A Common Stock,nasdaqtrader:N:ANDG,NAMECLASS:ANDERSEN GROUP INC,,common_equity,eligible,N,,,48.89,50.0,,14663401.952063492,14.202289184769912,39.765580331618075,153.7104307213285,,2.2199999999999998,55.28744609921902,165.0,limited_but_usable,usable,2026-08-14,conditional,41.71,100.0,,,37.0,10.0,62.0,100.0,2.2.0,c8f1bf1665a8c5dfb834c0571e7dd5f6b6e5ccd00eab00295338bd42cfde549b
ANET,"Arista Networks, Inc. Common Stock",nasdaqtrader:N:ANET,SECURITY:ANET:nasdaqtrader:N:ANET,,common_equity,eligible,N,,,198.82,210.5,,1442841750.0550795,17.952064546748936,34.51052026249914,47.1432800473653,44.062024490978914,5.548693586698339,62.91622597467701,277.0,full,usable,2026-08-14,conditional,64.29,100.0,,,65.0,28.0,100.0,100.0,2.2.0,c8f1bf1665a8c5dfb834c0571e7dd5f6b6e5ccd00eab00295338bd42cfde549b
ANF,Abercrombie & Fitch Company Common Stock,nasdaqtrader:N:ANF,SECURITY:ANF:nasdaqtrader:N:ANF,,common_equity,eligible,N,,,108.13,129.85,,113601232.70984128,11.05063161137927,49.51603982300885,17.634899912967782,6.858385215930429,16.726992683866005,53.344996225643605,277.0,full,usable,2026-08-14,conditional,79.57,100.0,,,57.0,82.0,92.0,100.0,2.2.0,c8f1bf1665a8c5dfb834c0571e7dd5f6b6e5ccd00eab00295338bd42cfde549b
ANGH,Anghami Inc. - Ordinary Shares,nasdaqtrader:Q:ANGH,SECURITY:ANGH:nasdaqtrader:Q:ANGH,,common_equity,eligible,Q,,,3.52,5.9,,134173.9228349206,3.529411764705892,-2.4930747922437657,49.78723404255319,7.645259938837912,40.33898305084747,60.48901428163946,277.0,full,usable,2026-08-14,rejected,67.93,100.0,,,69.0,95.0,0.0,100.0,2.2.0,c8f1bf1665a8c5dfb834c0571e7dd5f6b6e5ccd00eab00295338bd42cfde549b
ANGI,Angi Inc. - Class A Common Stock,nasdaqtrader:Q:ANGI,NAMECLASS:ANGI INC,,common_equity,eligible,Q,,,4.72,18.46,,5453236.008333333,-26.01880877742947,-2.4793388429752095,-45.14816966879721,-74.30593358737072,74.4312026002167,102.10703025208015,277.0,full,usable,2026-08-14,conditional,51.71,100.0,,,47.0,30.0,62.0,100.0,2.2.0,c8f1bf1665a8c5dfb834c0571e7dd5f6b6e5ccd00eab00295338bd42cfde549b
ANGO,"AngioDynamics, Inc. - Common Stock",nasdaqtrader:Q:ANGO,SECURITY:ANGO:nasdaqtrader:Q:ANGO,,common_equity,eligible,Q,,,15.85,15.85,,6070548.310714286,12.093352192362094,43.69900271985494,43.69900271985494,74.9448123620309,0.0,44.11072741392929,277.0,full,usable,2026-08-14,conditional,52.0,100.0,,,73.0,10.0,62.0,100.0,2.2.0,c8f1bf1665a8c5dfb834c0571e7dd5f6b6e5ccd00eab00295338bd42cfde549b
ANGX,"Angel Studios, Inc. Class A Common Stock",nasdaqtrader:N:ANGX,NAMECLASS:ANGEL STUDIOS INC,,common_equity,eligible,N,,,4.37,16.0,,4623943.328095239,5.301204819277094,54.41696113074206,35.7142857142857,,72.6875,78.0281154975723,233.0,limited_but_usable,usable,2026-08-14,conditional,45.21,100.0,,,37.0,30.0,45.0,100.0,2.2.0,c8f1bf1665a8c5dfb834c0571e7dd5f6b6e5ccd00eab00295338bd42cfde549b
ANIK,Anika Therapeutics Inc. - Common Stock,nasdaqtrader:Q:ANIK,SECURITY:ANIK:nasdaqtrader:Q:ANIK,,common_equity,eligible,Q,,,21.5,22.03,,1434061.4185714286,35.9039190897598,40.15645371577574,113.71769383697811,136.784140969163,2.4058102587380947,62.4027821705067,277.0,full,usable,2026-08-14,rejected,38.71,100.0,,,73.0,10.0,0.0,100.0,2.2.0,c8f1bf1665a8c5dfb834c0571e7dd5f6b6e5ccd00eab00295338bd42cfde549b
ANIP,"ANI Pharmaceuticals, Inc. - Common Stock",nasdaqtrader:Q:ANIP,SECURITY:ANIP:nasdaqtrader:Q:ANIP,,common_equity,eligible,Q,,,76.54,98.81,,27126186.430396825,-6.567382812499989,-3.820055290273927,-0.2086049543676638,-13.748027946810893,22.538204635158376,31.707003507219937,277.0,full,usable,2026-08-14,conditional,85.14,100.0,,,73.0,92.0,80.0,100.0,2.2.0,c8f1bf1665a8c5dfb834c0571e7dd5f6b6e5ccd00eab00295338bd42cfde549b
ANIX,"Anixa Biosciences, Inc. - Common Stock",nasdaqtrader:Q:ANIX,SECURITY:ANIX:nasdaqtrader:Q:ANIX,,common_equity,eligible,Q,,,3.18,5.22,,689920.0223809525,-4.216867469879504,10.034602076124566,13.167259786476881,4.262295081967227,39.08045977011494,59.698266208876916,277.0,full,usable,2026-08-14,rejected,67.36,100.0,,,67.0,95.0,0.0,100.0,2.2.0,c8f1bf1665a8c5dfb834c0571e7dd5f6b6e5ccd00eab00295338bd42cfde549b
ANL,Adlai Nortye Ltd. - American Depositary Shares,nasdaqtrader:Q:ANL,SECURITY:ANL:nasdaqtrader:Q:ANL,,adr,eligible,Q,,,13.25,16.6,,2042980.8217460318,16.74008810572687,-4.401154401154395,37.30569948186528,712.8834355828221,20.180722891566273,86.8469377112516,277.0,full,usable,2026-08-14,conditional,81.07,100.0,,,85.0,92.0,45.0,100.0,2.2.0,c8f1bf1665a8c5dfb834c0571e7dd5f6b6e5ccd00eab00295338bd42cfde549b
ANNA,"AleAnna, Inc. - Class A Common Stock",nasdaqtrader:Q:ANNA,NAMECLASS:ALEANNA INC,,common_equity,eligible,Q,,,2.75,10.24,,1020220.2168253969,-18.639053254437865,-25.47425474254742,7.421875,-36.04651162790697,73.14453125,81.00508533997868,277.0,full,usable,2026-08-14,rejected,44.14,100.0,,,67.0,30.0,0.0,100.0,2.2.0,c8f1bf1665a8c5dfb834c0571e7dd5f6b6e5ccd00eab00295338bd42cfde549b
ANNX,"Annexon, Inc. - common stock",nasdaqtrader:Q:ANNX,SECURITY:ANNX:nasdaqtrader:Q:ANNX,,common_equity,eligible,Q,,,5.29,6.96,,19564060.49833333,-10.186757215619691,-1.4897579143389184,1.9267822736030782,103.46153846153845,23.994252873563216,80.04577949748557,277.0,full,usable,2026-08-14,conditional,87.57,100.0,,,95.0,92.0,62.0,100.0,2.2.0,c8f1bf1665a8c5dfb834c0571e7dd5f6b6e5ccd00eab00295338bd42cfde549b
ANPA,Rich Sparkle Holdings Limited - Ordinary Shares,nasdaqtrader:Q:ANPA,SECURITY:ANPA:nasdaqtrader:Q:ANPA,,common_equity,eligible,Q,,,4.29,157.89,,71078.74312539682,2.1404252279707547,-30.016313213703093,-93.1139646869984,-89.22110552763819,97.28291848755462,106.80981012852315,277.0,full,usable,2026-08-14,rejected,31.29,100.0,,,22.0,30.0,0.0,100.0,2.2.0,c8f1bf1665a8c5dfb834c0571e7dd5f6b6e5ccd00eab00295338bd42cfde549b
ANRO,"Alto Neuroscience, Inc. Common Stock",nasdaqtrader:N:ANRO,SECURITY:ANRO:nasdaqtrader:N:ANRO,,common_equity,eligible,N,,,32.14,32.3,,13238591.28936508,17.599707281375785,36.24417125900805,95.49878345498782,926.8370607028755,0.4953560371516952,58.516208842453906,277.0,full,usable,2026-08-14,conditional,52.0,100.0,,,73.0,10.0,62.0,100.0,2.2.0,c8f1bf1665a8c5dfb834c0571e7dd5f6b6e5ccd00eab00295338bd42cfde549b
ANTA,Antalpha Platform Holding Company - Class A Ordinary Shares,nasdaqtrader:Q:ANTA,NAMECLASS:ANTALPHA PLATFORM HOLDING COMPANY,,common_equity,eligible,Q,,,3.58,13.55,,20615.708822222223,-12.682926829268283,-61.12920738327905,-59.95525727069351,-71.79992122883026,73.57933579335794,98.0174424057622,277.0,full,usable,2026-08-14,rejected,32.14,100.0,,,25.0,30.0,0.0,100.0,2.2.0,c8f1bf1665a8c5dfb834c0571e7dd5f6b6e5ccd00eab00295338bd42cfde549b
ANTX,"AN2 Therapeutics, Inc. - Common Stock",nasdaqtrader:Q:ANTX,SECURITY:ANTX:nasdaqtrader:Q:ANTX,,common_equity,eligible,Q,,,5.99,6.28,,1439291.466031746,28.26552462526768,29.094827586206918,470.4761904761905,470.4761904761905,4.617834394904463,52.903886269982614,277.0,full,usable,2026-08-14,rejected,38.71,100.0,,,73.0,10.0,0.0,100.0,2.2.0,c8f1bf1665a8c5dfb834c0571e7dd5f6b6e5ccd00eab00295338bd42cfde549b
ANVS,"Annovis Bio, Inc. Common Stock",nasdaqtrader:N:ANVS,SECURITY:ANVS:nasdaqtrader:N:ANVS,,common_equity,eligible,N,,,1.85,5.1,,1812802.1657142856,6.321839080459779,-13.145539906103277,-23.86831275720165,-31.481481481481488,63.725490196078425,51.451958293645085,277.0,full,usable,2026-08-14,rejected,58.43,100.0,,,67.0,70.0,0.0,100.0,2.2.0,c8f1bf1665a8c5dfb834c0571e7dd5f6b6e5ccd00eab00295338bd42cfde549b
ANY,Sphere 3D Corp. - Common Shares,nasdaqtrader:Q:ANY,SECURITY:ANY:nasdaqtrader:Q:ANY,,common_equity,eligible,Q,,,2.1,10.5,,13011725.667460317,25.74850299401199,-13.580246913580252,60.30534351145038,-64.62264150943395,80.0,95.7924025029395,277.0,full,usable,2026-08-14,conditional,54.57,100.0,,,57.0,30.0,62.0,100.0,2.2.0,c8f1bf1665a8c5dfb834c0571e7dd5f6b6e5ccd00eab00295338bd42cfde549b
AOMR,"Angel Oak Mortgage REIT, Inc. Common Stock",nasdaqtrader:N:AOMR,SECURITY:AOMR:nasdaqtrader:N:AOMR,,common_equity,eligible,N,,,8.93,10.05,,1169238.7542857141,-3.354978354978355,4.935370152761465,-0.4459308807134965,-6.394129979035634,11.144278606965186,22.38894947268214,277.0,full,usable,2026-08-14,rejected,64.43,100.0,,,73.0,82.0,0.0,100.0,2.2.0,c8f1bf1665a8c5dfb834c0571e7dd5f6b6e5ccd00eab00295338bd42cfde549b
AON,Aon plc Class A Ordinary Shares (Ireland),nasdaqtrader:N:AON,SECURITY:AON:nasdaqtrader:N:AON,,common_equity,eligible,N,,,355.83,381.26,,512201852.52920634,-3.4723164148333097,12.81506610443548,13.145092053801388,-4.068262698155944,6.669988983895503,25.40585120341013,277.0,full,usable,2026-08-14,conditional,63.14,100.0,,,61.0,28.0,100.0,100.0,2.2.0,c8f1bf1665a8c5dfb834c0571e7dd5f6b6e5ccd00eab00295338bd42cfde549b
AORT,"Artivion, Inc. Common Stock",nasdaqtrader:N:AORT,SECURITY:AORT:nasdaqtrader:N:AORT,,common_equity,eligible,N,,,29.14,47.63,,17887562.051587302,13.25301204819278,27.0824247710423,-28.314883148831484,-33.363823462154116,38.82007138358178,45.101911423628714,277.0,full,usable,2026-08-14,conditional,77.21,100.0,,,55.0,95.0,62.0,100.0,2.2.0,c8f1bf1665a8c5dfb834c0571e7dd5f6b6e5ccd00eab00295338bd42cfde549b
AOS,A.O. Smith Corporation Common Stock,nasdaqtrader:N:AOS,SECURITY:AOS:nasdaqtrader:N:AOS,,common_equity,eligible,N,,,62.17,80.47,,103686481.98682539,2.70940029737321,7.245126789718825,-21.916603868374786,-15.575774035850076,22.741394308437922,31.324786746327387,277.0,full,usable,2026-08-14,conditional,84.29,100.0,,,61.0,92.0,92.0,100.0,2.2.0,c8f1bf1665a8c5dfb834c0571e7dd5f6b6e5ccd00eab00295338bd42cfde549b
AOSL,Alpha and Omega Semiconductor Limited - Common Shares,nasdaqtrader:Q:AOSL,SECURITY:AOSL:nasdaqtrader:Q:AOSL,,common_equity,eligible,Q,,,30.77,53.32,,32187002.496031746,0.19537609899056285,-25.1338199513382,48.86308659893564,11.24367317425885,42.29182295573894,105.2672334221287,277.0,full,usable,2026-08-14,conditional,85.07,100.0,,,69.0,95.0,80.0,100.0,2.2.0,c8f1bf1665a8c5dfb834c0571e7dd5f6b6e5ccd00eab00295338bd42cfde549b
AOUT,"American Outdoor Brands, Inc. - Common Stock",nasdaqtrader:Q:AOUT,SECURITY:AOUT:nasdaqtrader:Q:AOUT,,common_equity,eligible,Q,,,12.81,14.49,,1217107.123095238,-9.405940594059404,39.542483660130735,51.06132075471699,31.384615384615387,11.594202898550721,36.936481832029486,277.0,full,usable,2026-08-14,rejected,62.14,100.0,,,65.0,82.0,0.0,100.0,2.2.0,c8f1bf1665a8c5dfb834c0571e7dd5f6b6e5ccd00eab00295338bd42cfde549b
AP,Ampco-Pittsburgh Corporation Common Stock,nasdaqtrader:N:AP,SECURITY:AP:nasdaqtrader:N:AP,,common_equity,eligible,N,,,9.37,12.2,,1745427.9339682541,19.820971867007664,-18.52173913043479,24.27055702917771,191.90031152647973,23.19672131147541,80.43840703643001,277.0,full,usable,2026-08-14,rejected,71.43,100.0,,,85.0,92.0,0.0,100.0,2.2.0,c8f1bf1665a8c5dfb834c0571e7dd5f6b6e5ccd00eab00295338bd42cfde549b
APA,APA Corporation - Common Stock,nasdaqtrader:Q:APA,SECURITY:APA:nasdaqtrader:Q:APA,,common_equity,eligible,Q,,,40.47,44.39,,203155101.31341273,18.057176196032664,9.054163298302353,50.334323922734,96.83852140077822,8.83081775174589,47.35499880592182,277.0,full,usable,2026-08-14,conditional,84.14,100.0,,,73.0,82.0,92.0,100.0,2.2.0,c8f1bf1665a8c5dfb834c0571e7dd5f6b6e5ccd00eab00295338bd42cfde549b
APAM,Artisan Partners Asset Management Inc. Class A Common Stock,nasdaqtrader:N:APAM,NAMECLASS:ARTISAN PARTNERS ASSET MANAGEMENT INC,,common_equity,eligible,N,,,42.18,47.79,,32688052.31714286,7.629497320745093,13.204508856682784,-3.7206117324811716,-12.743069921390159,11.738857501569367,34.018775268086706,277.0,full,usable,2026-08-14,conditional,78.14,100.0,,,61.0,82.0,80.0,100.0,2.2.0,c8f1bf1665a8c5dfb834c0571e7dd5f6b6e5ccd00eab00295338bd42cfde549b
APC,ARKO Petroleum Corp. - Class A Common Stock,nasdaqtrader:Q:APC,NAMECLASS:ARKO PETROLEUM CORP,,common_equity,eligible,Q,,,19.25,21.55,,3074673.9656349206,-7.2289156626506035,-7.938785270205639,9.686609686609682,,10.672853828306273,37.09415919530068,127.0,limited_but_usable,usable,2026-08-14,conditional,70.07,100.0,,,59.0,82.0,45.0,100.0,2.2.0,c8f1bf1665a8c5dfb834c0571e7dd5f6b6e5ccd00eab00295338bd42cfde549b
APD,"Air Products and Chemicals, Inc. Common Stock",nasdaqtrader:N:APD,SECURITY:APD:nasdaqtrader:N:APD,,common_equity,eligible,N,,,308.97,314.19,,370451951.74349207,3.9288237074910137,3.034648347617308,5.9931389365351695,5.016824717038859,1.6614150673159411,19.84878444534575,277.0,full,usable,2026-08-14,conditional,60.14,100.0,,,79.0,10.0,92.0,100.0,2.2.0,c8f1bf1665a8c5dfb834c0571e7dd5f6b6e5ccd00eab00295338bd42cfde549b
APEI,"American Public Education, Inc. - Common Stock",nasdaqtrader:Q:APEI,SECURITY:APEI:nasdaqtrader:Q:APEI,,common_equity,eligible,Q,,,45.23,60.86,,15534356.591190476,-11.625635013677227,-16.795437821927894,4.144600506562268,54.21070576201841,25.681892868879398,68.90560410949053,277.0,full,usable,2026-08-14,conditional,87.57,100.0,,,95.0,92.0,62.0,100.0,2.2.0,c8f1bf1665a8c5dfb834c0571e7dd5f6b6e5ccd00eab00295338bd42cfde549b
APG,APi Group Corporation Common Stock,nasdaqtrader:N:APG,SECURITY:APG:nasdaqtrader:N:APG,,common_equity,eligible,N,,,43.95,49.4,,117794610.01793651,7.641440117560627,-0.4304485727231522,0.1138952164009277,22.628348214285722,11.032388663967607,24.669524060166335,277.0,full,usable,2026-08-14,conditional,88.14,100.0,,,87.0,82.0,92.0,100.0,2.2.0,c8f1bf1665a8c5dfb834c0571e7dd5f6b6e5ccd00eab00295338bd42cfde549b
APGE,"Apogee Therapeutics, Inc. - Common Stock",nasdaqtrader:Q:APGE,SECURITY:APGE:nasdaqtrader:Q:APGE,,common_equity,eligible,Q,,,134.55,134.84,,338445875.8187302,0.3505369928400892,60.350375402216685,94.12783148174869,260.14453961456104,0.2150697122515477,2.28469359118257,277.0,full,usable,2026-08-14,conditional,58.43,100.0,,,73.0,10.0,92.0,100.0,2.2.0,c8f1bf1665a8c5dfb834c0571e7dd5f6b6e5ccd00eab00295338bd42cfde549b
APH,Amphenol Corporation Common Stock,nasdaqtrader:N:APH,SECURITY:APH:nasdaqtrader:N:APH,,common_equity,eligible,N,,,167.11,176.32,,1305377632.2561905,9.122371686038932,29.352117036922376,16.266611006748775,52.1533278703451,5.22345735027222,41.48518390845622,277.0,full,usable,2026-08-14,conditional,66.57,100.0,,,73.0,28.0,100.0,100.0,2.2.0,c8f1bf1665a8c5dfb834c0571e7dd5f6b6e5ccd00eab00295338bd42cfde549b
API,"Agora, Inc. - ADS",nasdaqtrader:Q:API,SECURITY:API:nasdaqtrader:Q:API,,adr,eligible,Q,,,4.64,5.26,,1913923.6000793653,15.999999999999993,20.519480519480517,5.454545454545445,22.10526315789474,11.787072243346008,45.334950638770465,277.0,full,usable,2026-08-14,rejected,65.0,100.0,,,75.0,82.0,0.0,100.0,2.2.0,c8f1bf1665a8c5dfb834c0571e7dd5f6b6e5ccd00eab00295338bd42cfde549b
APLD,Applied Digital Corporation - Common Stock,nasdaqtrader:Q:APLD,SECURITY:APLD:nasdaqtrader:Q:APLD,,common_equity,eligible,Q,,,31.2,49.65,,749468579.1247619,18.003025718608168,-33.204881181759795,-13.740669062759203,110.81081081081079,37.160120845921455,100.93359122982133,277.0,full,usable,2026-08-14,conditional,96.79,100.0,,,95.0,95.0,100.0,100.0,2.2.0,c8f1bf1665a8c5dfb834c0571e7dd5f6b6e5ccd00eab00295338bd42cfde549b
APLE,"Apple Hospitality REIT, Inc. Common Shares",nasdaqtrader:N:APLE,SECURITY:APLE:nasdaqtrader:N:APLE,,common_equity,eligible,N,,,16.07,17.07,,48338078.04142857,-4.68564650059311,14.621968616262482,31.39820114472609,28.252194732641666,5.858230814294085,21.045521883842177,277.0,full,usable,2026-08-14,conditional,60.0,100.0,,,65.0,28.0,80.0,100.0,2.2.0,c8f1bf1665a8c5dfb834c0571e7dd5f6b6e5ccd00eab00295338bd42cfde549b
APLM,Apollomics Inc. - Class A Ordinary Shares,nasdaqtrader:Q:APLM,NAMECLASS:APOLLOMICS INC,,common_equity,eligible,Q,,,23.4,36.65,,430197.83013492066,0.5586592178770999,72.05882352941175,21.875,303.44827586206895,36.152796725784455,167.67796092909091,277.0,full,usable,2026-08-14,rejected,69.07,100.0,,,73.0,95.0,0.0,100.0,2.2.0,c8f1bf1665a8c5dfb834c0571e7dd5f6b6e5ccd00eab00295338bd42cfde549b
APMD,"Apnimed, Inc. - Common Stock",nasdaqtrader:Q:APMD,SECURITY:APMD:nasdaqtrader:Q:APMD,,common_equity,eligible,Q,,,31.75,31.75,,18303887.204545453,,,,,0.0,,11.0,insufficient,usable,2026-08-14,recheck,,71.43,,,,10.0,62.0,64.0,2.2.0,c8f1bf1665a8c5dfb834c0571e7dd5f6b6e5ccd00eab00295338bd42cfde549b
APO,"Apollo Global Management, Inc. (New) Common Stock",nasdaqtrader:N:APO,SECURITY:APO:nasdaqtrader:N:APO,,common_equity,eligible,N,,,140.76,152.7,,523925248.20666665,14.123560888600606,3.8665879574970363,12.27566403445799,-0.13479957431713485,7.8192534381139485,37.62326811403048,277.0,full,usable,2026-08-14,conditional,66.57,100.0,,,73.0,28.0,100.0,100.0,2.2.0,c8f1bf1665a8c5dfb834c0571e7dd5f6b6e5ccd00eab00295338bd42cfde549b
APOG,"Apogee Enterprises, Inc. - Common Stock",nasdaqtrader:Q:APOG,SECURITY:APOG:nasdaqtrader:Q:APOG,,common_equity,eligible,Q,,,42.58,48.92,,10138128.351587301,3.2993692382338624,18.739542665923036,2.800579430226935,-4.614695340501795,12.959934587080957,35.00447254431003,277.0,full,usable,2026-08-14,conditional,74.29,100.0,,,61.0,82.0,62.0,100.0,2.2.0,c8f1bf1665a8c5dfb834c0571e7dd5f6b6e5ccd00eab00295338bd42cfde549b
APP,Applovin Corporation - Class A Common Stock,nasdaqtrader:Q:APP,NAMECLASS:APPLOVIN CORPORATION,,common_equity,eligible,Q,,,315.44,733.6,,2741018075.2474604,-27.39826919535997,-34.9822738890263,-14.027963260745146,-29.336917562724008,57.0010905125409,84.10211993352739,277.0,full,usable,2026-08-14,conditional,79.86,100.0,,,67.0,70.0,100.0,100.0,2.2.0,c8f1bf1665a8c5dfb834c0571e7dd5f6b6e5ccd00eab00295338bd42cfde549b
APPF,"AppFolio, Inc. - Class A Common Stock",nasdaqtrader:Q:APPF,NAMECLASS:APPFOLIO INC,,common_equity,eligible,Q,,,204.21,286.46,,69544106.95079364,12.543400385781212,35.922523961661334,16.074575115102597,-24.006400714498366,28.712560217831452,49.82204664372091,277.0,full,usable,2026-08-14,conditional,78.86,100.0,,,51.0,92.0,80.0,100.0,2.2.0,c8f1bf1665a8c5dfb834c0571e7dd5f6b6e5ccd00eab00295338bd42cfde549b
APPN,Appian Corporation - Class A Common Stock,nasdaqtrader:Q:APPN,NAMECLASS:APPIAN CORPORATION,,common_equity,eligible,Q,,,35.41,45.64,,23017504.897142857,35.101106447920614,84.23517169614985,58.22162645218945,19.18545944126555,22.41454864154252,77.18847013691705,277.0,full,usable,2026-08-14,conditional,79.0,100.0,,,65.0,92.0,62.0,100.0,2.2.0,c8f1bf1665a8c5dfb834c0571e7dd5f6b6e5ccd00eab00295338bd42cfde549b
APPS,"Digital Turbine, Inc. - Common Stock",nasdaqtrader:Q:APPS,SECURITY:APPS:nasdaqtrader:Q:APPS,,common_equity,eligible,Q,,,12.44,14.39,,59974656.75722222,44.148319814600214,195.48693586698337,196.8973747016706,183.371298405467,13.551077136900636,136.08474948697446,277.0,full,usable,2026-08-14,conditional,81.57,100.0,,,73.0,82.0,80.0,100.0,2.2.0,c8f1bf1665a8c5dfb834c0571e7dd5f6b6e5ccd00eab00295338bd42cfde549b
APT,"Alpha Pro Tech, Ltd. Common Stock",nasdaqtrader:A:APT,SECURITY:APT:nasdaqtrader:A:APT,,common_equity,eligible,A,,,5.43,6.64,,337399.4307936508,2.4528301886792336,-7.653061224489798,6.6797642436149385,16.774193548387075,18.222891566265066,43.25754831842964,277.0,full,usable,2026-08-14,rejected,68.43,100.0,,,87.0,82.0,0.0,100.0,2.2.0,c8f1bf1665a8c5dfb834c0571e7dd5f6b6e5ccd00eab00295338bd42cfde549b
APTV,Aptiv PLC Ordinary Shares,nasdaqtrader:N:APTV,SECURITY:APTV:nasdaqtrader:N:APTV,,common_equity,eligible,N,,,49.56,88.67,,216211001.56857142,-16.368545393182576,-13.898540653231406,-40.28915662650602,-33.67237687366167,44.10736438479756,62.961990313011725,277.0,full,usable,2026-08-14,conditional,87.07,100.0,,,67.0,95.0,92.0,100.0,2.2.0,c8f1bf1665a8c5dfb834c0571e7dd5f6b6e5ccd00eab00295338bd42cfde549b
APUR,Aperture AC - Class A Ordinary Shares,nasdaqtrader:Q:APUR,NAMECLASS:APERTURE AC,,common_equity,eligible,Q,,,9.97,9.97,,759372.4993478261,0.3018108651911655,,,,0.0,1.45873242655296,46.0,insufficient,usable,2026-08-14,rejected,,71.43,,,,10.0,0.0,76.0,2.2.0,c8f1bf1665a8c5dfb834c0571e7dd5f6b6e5ccd00eab00295338bd42cfde549b
APUS,"Apimeds Pharmaceuticals US, Inc. Common Stock",nasdaqtrader:A:APUS,SECURITY:APUS:nasdaqtrader:A:APUS,,common_equity,eligible,A,,,4.55,38.95,,171443.34057142856,-30.534351145038162,-66.78832116788321,-58.63636363636364,-71.91358024691358,88.3183568677792,155.79774450637026,277.0,full,usable,2026-08-14,rejected,32.14,100.0,,,25.0,30.0,0.0,100.0,2.2.0,c8f1bf1665a8c5dfb834c0571e7dd5f6b6e5ccd00eab00295338bd42cfde549b
APVO,Aptevo Therapeutics Inc. - Common Stock,nasdaqtrader:Q:APVO,SECURITY:APVO:nasdaqtrader:Q:APVO,,common_equity,eligible,Q,,,2.94,37.26,,225067.34065079363,-34.66666666666667,-38.68613138686131,-55.38694992412747,-91.44851657940663,92.10950080515298,92.42849755435351,277.0,full,usable,2026-08-14,rejected,35.57,100.0,,,37.0,30.0,0.0,100.0,2.2.0,c8f1bf1665a8c5dfb834c0571e7dd5f6b6e5ccd00eab00295338bd42cfde549b
APWC,"Asia Pacific Wire & Cable Corporation Limited  - Common shares, Par value .01 per share",nasdaqtrader:Q:APWC,SECURITY:APWC:nasdaqtrader:Q:APWC,,common_equity,eligible,Q,,,1.52,2.24,,1585863.8776650794,3.401360544217691,7.042253521126773,-10.588235294117643,-11.111111111111105,32.14285714285715,46.232686828844926,277.0,full,usable,2026-08-14,rejected,64.57,100.0,,,61.0,92.0,0.0,100.0,2.2.0,c8f1bf1665a8c5dfb834c0571e7dd5f6b6e5ccd00eab00295338bd42cfde549b
APXT,Apex Treasury Corporation - Class A Ordinary Share,nasdaqtrader:Q:APXT,NAMECLASS:APEX TREASURY CORPORATION,,common_equity,eligible,Q,,,10.11,10.15,,2307000.8068349203,0.29761904761904656,0.9990009990009874,1.5060240963855387,,0.3940886699507429,3.361420785686652,186.0,limited_but_usable,usable,2026-08-14,conditional,44.36,100.0,,,59.0,10.0,45.0,100.0,2.2.0,c8f1bf1665a8c5dfb834c0571e7dd5f6b6e5ccd00eab00295338bd42cfde549b
APYX,Apyx Medical Corporation - Common Stock,nasdaqtrader:Q:APYX,SECURITY:APYX:nasdaqtrader:Q:APYX,,common_equity,eligible,Q,,,3.03,4.86,,514833.76460317464,-30.18433179723502,-30.504587155963314,-20.68062827225131,28.936170212765955,37.65432098765433,76.52859244116847,277.0,full,usable,2026-08-14,rejected,73.07,100.0,,,87.0,95.0,0.0,100.0,2.2.0,c8f1bf1665a8c5dfb834c0571e7dd5f6b6e5ccd00eab00295338bd42cfde549b
AQB,"AquaBounty Technologies, Inc. - Common Stock",nasdaqtrader:Q:AQB,SECURITY:AQB:nasdaqtrader:Q:AQB,,common_equity,eligible,Q,,,1.485,2.85,,564034.3367904762,53.09278350515465,63.16888254038018,66.85393258426969,92.85714285714286,47.89473684210526,81.35790050707094,277.0,full,usable,2026-08-14,rejected,69.07,100.0,,,73.0,95.0,0.0,100.0,2.2.0,c8f1bf1665a8c5dfb834c0571e7dd5f6b6e5ccd00eab00295338bd42cfde549b
AQMS,"Aqua Metals, Inc. - Common Stock",nasdaqtrader:Q:AQMS,SECURITY:AQMS:nasdaqtrader:Q:AQMS,,common_equity,eligible,Q,,,2.81,29.62,,271812.8883333333,6.439393939393945,-39.17748917748918,-35.550458715596335,-33.41232227488151,90.51316677920325,63.13356120536202,277.0,full,usable,2026-08-14,rejected,44.14,100.0,,,67.0,30.0,0.0,100.0,2.2.0,c8f1bf1665a8c5dfb834c0571e7dd5f6b6e5ccd00eab00295338bd42cfde549b
AQN,Algonquin Power & Utilities Corp. Common Shares,nasdaqtrader:N:AQN,SECURITY:AQN:nasdaqtrader:N:AQN,,common_equity,eligible,N,,,5.89,6.98,,26131279.558571428,0.34071550255536653,0.1700680272108901,-11.428571428571443,1.2027491408934665,15.61604584527222,22.202242289061225,277.0,full,usable,2026-08-14,conditional,83.29,100.0,,,79.0,82.0,80.0,100.0,2.2.0,c8f1bf1665a8c5dfb834c0571e7dd5f6b6e5ccd00eab00295338bd42cfde549b
AQST,"Aquestive Therapeutics, Inc. - Common Stock",nasdaqtrader:Q:AQST,SECURITY:AQST:nasdaqtrader:Q:AQST,,common_equity,eligible,Q,,,4.25,7.49,,9584777.957539683,7.868020304568524,-10.147991543340385,13.33333333333333,5.985037406483795,43.257676902536716,47.38438216076471,277.0,full,usable,2026-08-14,conditional,84.07,100.0,,,79.0,95.0,62.0,100.0,2.2.0,c8f1bf1665a8c5dfb834c0571e7dd5f6b6e5ccd00eab00295338bd42cfde549b
AR,Antero Resources Corporation Common Stock,nasdaqtrader:N:AR,SECURITY:AR:nasdaqtrader:N:AR,,common_equity,eligible,N,,,37.37,45.15,,166302838.97269842,12.053973013493247,0.7820927723840354,10.529429162969528,15.410747374922785,17.231450719822817,38.50139933618087,277.0,full,usable,2026-08-14,conditional,88.14,100.0,,,87.0,82.0,92.0,100.0,2.2.0,c8f1bf1665a8c5dfb834c0571e7dd5f6b6e5ccd00eab00295338bd42cfde549b
ARBB,ARB IOT Group Limited - Ordinary Shares,nasdaqtrader:Q:ARBB,SECURITY:ARBB:nasdaqtrader:Q:ARBB,,common_equity,eligible,Q,,,4.49,12.0,,24951.455774603175,2.1615472127417767,-8.179959100204492,-16.85185185185185,0.6703885563104084,62.58333333333332,67.92469594704913,277.0,full,usable,2026-08-14,rejected,61.86,100.0,,,79.0,70.0,0.0,100.0,2.2.0,c8f1bf1665a8c5dfb834c0571e7dd5f6b6e5ccd00eab00295338bd42cfde549b
ARBK,Argo Blockchain plc - American Depositary Shares,nasdaqtrader:Q:ARBK,SECURITY:ARBK:nasdaqtrader:Q:ARBK,,adr,eligible,Q,,,2.88,176.15,,57104.88570158731,-6.0358890701468155,-29.756097560975604,8.270676691729317,-95.76968272620446,98.3650298041442,31.613984325013213,277.0,full,usable,2026-08-14,rejected,38.43,100.0,,,47.0,30.0,0.0,100.0,2.2.0,c8f1bf1665a8c5dfb834c0571e7dd5f6b6e5ccd00eab00295338bd42cfde549b
ARCB,ArcBest Corporation - Common Stock,nasdaqtrader:Q:ARCB,SECURITY:ARCB:nasdaqtrader:Q:ARCB,,common_equity,eligible,Q,,,142.88,173.22,,59339466.22761905,-9.345853689486717,20.168208578637504,40.64376415001476,89.54629875298488,17.515298464380557,46.84600045265374,277.0,full,usable,2026-08-14,conditional,81.57,100.0,,,73.0,82.0,80.0,100.0,2.2.0,c8f1bf1665a8c5dfb834c0571e7dd5f6b6e5ccd00eab00295338bd42cfde549b
ARCI,Archimedes Tech SPAC Partners III Co. - Ordinary Share,nasdaqtrader:Q:ARCI,SECURITY:ARCI:nasdaqtrader:Q:ARCI,,common_equity,eligible,Q,,,10.17,10.17,,326447.7972063492,0.9930486593842991,2.3138832997988024,,,0.0,2.4454482257463352,106.0,insufficient,usable,2026-08-14,rejected,,71.43,,,,10.0,0.0,88.0,2.2.0,c8f1bf1665a8c5dfb834c0571e7dd5f6b6e5ccd00eab00295338bd42cfde549b
ARCO,Arcos Dorados Holdings Inc. Class A Shares,nasdaqtrader:N:ARCO,NAMECLASS:ARCOS DORADOS HOLDINGS INC,,common_equity,eligible,N,,,7.91,9.5,,11307147.90968254,-4.698795180722904,-5.042016806722693,-1.3715710723191998,3.669724770642202,16.73684210526316,24.208007131088742,277.0,full,usable,2026-08-14,conditional,79.43,100.0,,,79.0,82.0,62.0,100.0,2.2.0,c8f1bf1665a8c5dfb834c0571e7dd5f6b6e5ccd00eab00295338bd42cfde549b
ARCT,Arcturus Therapeutics Holdings Inc. - Common Stock,nasdaqtrader:Q:ARCT,SECURITY:ARCT:nasdaqtrader:Q:ARCT,,common_equity,eligible,Q,,,8.23,23.16,,3486826.8182539684,33.17152103559873,5.108556832694777,14.783821478382153,-57.15773034877668,64.46459412780656,76.91448521102812,277.0,full,usable,2026-08-14,conditional,64.64,100.0,,,55.0,70.0,45.0,100.0,2.2.0,c8f1bf1665a8c5dfb834c0571e7dd5f6b6e5ccd00eab00295338bd42cfde549b
ARDT,"Ardent Health, Inc. Common Stock",nasdaqtrader:N:ARDT,SECURITY:ARDT:nasdaqtrader:N:ARDT,,common_equity,eligible,N,,,10.91,15.21,,5500148.567301587,6.96078431372551,5.717054263565879,15.084388185654007,-13.891081294396212,28.27087442472058,40.24123201989088,277.0,full,usable,2026-08-14,conditional,75.0,100.0,,,51.0,92.0,62.0,100.0,2.2.0,c8f1bf1665a8c5dfb834c0571e7dd5f6b6e5ccd00eab00295338bd42cfde549b
ARDX,"Ardelyx, Inc. - Common Stock",nasdaqtrader:Q:ARDX,SECURITY:ARDX:nasdaqtrader:Q:ARDX,,common_equity,eligible,Q,,,4.06,7.99,,21114038.916666668,-20.780487804878057,-37.15170278637772,-42.0827389443652,-29.391304347826097,49.18648310387985,61.94974930372119,277.0,full,usable,2026-08-14,conditional,80.64,100.0,,,67.0,95.0,62.0,100.0,2.2.0,c8f1bf1665a8c5dfb834c0571e7dd5f6b6e5ccd00eab00295338bd42cfde549b
ARE,"Alexandria Real Estate Equities, Inc. Common Stock",nasdaqtrader:N:ARE,SECURITY:ARE:nasdaqtrader:N:ARE,,common_equity,eligible,N,,,48.14,87.45,,93929633.55301587,-3.9888312724371766,4.26683993935455,-4.484126984126979,-35.79621232328621,44.95140080045741,42.28938802232259,277.0,full,usable,2026-08-14,conditional,84.5,100.0,,,67.0,95.0,80.0,100.0,2.2.0,c8f1bf1665a8c5dfb834c0571e7dd5f6b6e5ccd00eab00295338bd42cfde549b
AREN,"The Arena Group Holdings, Inc. Common Stock",nasdaqtrader:A:AREN,SECURITY:AREN:nasdaqtrader:A:AREN,,common_equity,eligible,A,,,1.15,7.24,,181787.51002539683,9.523809523809511,-35.3932584269663,-61.66666666666667,-82.8101644245142,84.11602209944752,177.45240794391398,277.0,full,usable,2026-08-14,rejected,35.57,100.0,,,37.0,30.0,0.0,100.0,2.2.0,c8f1bf1665a8c5dfb834c0571e7dd5f6b6e5ccd00eab00295338bd42cfde549b
ARES,Ares Management Corporation Class A Common Stock,nasdaqtrader:N:ARES,NAMECLASS:ARES MANAGEMENT CORPORATION,,common_equity,eligible,N,,,144.02,190.45,,302588162.11761904,14.821015705971451,12.051661090795939,7.52575780200091,-24.573164344820352,24.379102126542385,43.341724163318084,277.0,full,usable,2026-08-14,conditional,84.29,100.0,,,61.0,92.0,92.0,100.0,2.2.0,c8f1bf1665a8c5dfb834c0571e7dd5f6b6e5ccd00eab00295338bd42cfde549b
ARGX,argenx SE - American Depositary Shares,nasdaqtrader:Q:ARGX,SECURITY:ARGX:nasdaqtrader:Q:ARGX,,adr,eligible,Q,,,851.29,939.68,,284258673.12333333,-0.7785820017016998,3.5468843126999383,2.1294718909710353,31.656356325394363,9.406393665928825,37.033172716967336,277.0,full,usable,2026-08-14,conditional,88.14,100.0,,,87.0,82.0,92.0,100.0,2.2.0,c8f1bf1665a8c5dfb834c0571e7dd5f6b6e5ccd00eab00295338bd42cfde549b
ARHS,"Arhaus, Inc. - Class A Common Stock",nasdaqtrader:Q:ARHS,NAMECLASS:ARHAUS INC,,common_equity,eligible,Q,,,9.81,12.8,,10509795.07142857,25.127551020408177,66.83673469387756,7.44797371303394,-22.937941869599364,23.359375000000004,70.97777736006833,277.0,full,usable,2026-08-14,conditional,77.86,100.0,,,61.0,92.0,62.0,100.0,2.2.0,c8f1bf1665a8c5dfb834c0571e7dd5f6b6e5ccd00eab00295338bd42cfde549b
ARI,"Apollo Commercial Real Estate Finance, Inc",qrgf-resolution-required:N:ARI,SECURITY:ARI:qrgf-resolution-required:N:ARI,,common_equity,eligible,N,,,6.83,11.22,,35848811.41476191,-2.7065527065527006,-37.739288969917965,-35.3219696969697,-32.57650542941758,39.126559714795015,119.89438771678032,277.0,full,usable,2026-08-14,conditional,84.5,100.0,,,67.0,95.0,80.0,100.0,2.2.0,c8f1bf1665a8c5dfb834c0571e7dd5f6b6e5ccd00eab00295338bd42cfde549b
ARIS,Aris Mining Corporation Common Shares,nasdaqtrader:N:ARIS,SECURITY:ARIS:nasdaqtrader:N:ARIS,,common_equity,eligible,N,,,17.89,22.68,,23569384.570476193,31.447465099191785,-9.279918864097358,-3.4538586076632516,160.40756914119362,21.119929453262788,66.16076795564163,277.0,full,usable,2026-08-14,conditional,87.57,100.0,,,95.0,92.0,62.0,100.0,2.2.0,c8f1bf1665a8c5dfb834c0571e7dd5f6b6e5ccd00eab00295338bd42cfde549b
ARKO,ARKO Corp. - Common Stock,nasdaqtrader:Q:ARKO,SECURITY:ARKO:nasdaqtrader:Q:ARKO,,common_equity,eligible,Q,,,4.85,8.64,,6588039.585079365,-38.91687657430731,-31.977559607293127,-21.009771986970684,-6.007751937984507,43.86574074074075,99.92503209174022,277.0,full,usable,2026-08-14,conditional,82.36,100.0,,,73.0,95.0,62.0,100.0,2.2.0,c8f1bf1665a8c5dfb834c0571e7dd5f6b6e5ccd00eab00295338bd42cfde549b
ARKR,Ark Restaurants Corp. - Common Stock,nasdaqtrader:Q:ARKR,SECURITY:ARKR:nasdaqtrader:Q:ARKR,,common_equity,eligible,Q,,,5.6001,8.05,,14040.932387301587,-4.107876712328762,-13.57870370370371,-20.33997155049786,-23.286301369863004,30.43354037267081,38.54171706887833,277.0,full,usable,2026-08-14,rejected,68.0,100.0,,,73.0,92.0,0.0,100.0,2.2.0,c8f1bf1665a8c5dfb834c0571e7dd5f6b6e5ccd00eab00295338bd42cfde549b
ARL,"American Realty Investors, Inc. Common Stock",nasdaqtrader:N:ARL,SECURITY:ARL:nasdaqtrader:N:ARL,,common_equity,eligible,N,,,15.0,23.44,,276899.2377777778,-13.644214162348877,14.32926829268293,-15.492957746478876,2.3890784982935065,36.00682593856656,47.98113442460367,277.0,full,usable,2026-08-14,rejected,67.36,100.0,,,67.0,95.0,0.0,100.0,2.2.0,c8f1bf1665a8c5dfb834c0571e7dd5f6b6e5ccd00eab00295338bd42cfde549b
ARLO,"Arlo Technologies, Inc. Common Stock",nasdaqtrader:N:ARLO,SECURITY:ARLO:nasdaqtrader:N:ARLO,,common_equity,eligible,N,,,14.33,19.44,,17504191.990952384,9.556574923547402,12.745869394177811,27.6046304541407,-16.927536231884055,26.286008230452683,44.13958181770341,277.0,full,usable,2026-08-14,conditional,75.0,100.0,,,51.0,92.0,62.0,100.0,2.2.0,c8f1bf1665a8c5dfb834c0571e7dd5f6b6e5ccd00eab00295338bd42cfde549b
ARM,Arm Holdings plc - American Depositary Shares,nasdaqtrader:Q:ARM,SECURITY:ARM:nasdaqtrader:Q:ARM,,adr,eligible,Q,,,279.44,439.46,,2989322871.1696825,6.652417846647074,22.293216630196945,128.69301906866357,97.34463276836158,36.412870340872885,89.04388489946831,277.0,full,usable,2026-08-14,conditional,90.5,100.0,,,73.0,95.0,100.0,100.0,2.2.0,c8f1bf1665a8c5dfb834c0571e7dd5f6b6e5ccd00eab00295338bd42cfde549b
ARMK,Aramark Common Stock,nasdaqtrader:N:ARMK,SECURITY:ARMK:nasdaqtrader:N:ARMK,,common_equity,eligible,N,,,62.39,62.39,,148595560.78365082,9.475346552026664,18.387096774193544,59.320735444330964,53.14187530682375,0.0,27.69529593543479,277.0,full,usable,2026-08-14,conditional,58.43,100.0,,,73.0,10.0,92.0,100.0,2.2.0,c8f1bf1665a8c5dfb834c0571e7dd5f6b6e5ccd00eab00295338bd42cfde549b
ARMP,"Armata Pharmaceuticals, Inc. Common Stock",nasdaqtrader:A:ARMP,SECURITY:ARMP:nasdaqtrader:A:ARMP,,common_equity,eligible,A,,,4.56,14.8,,887164.3982539682,21.276595744680836,-44.39024390243902,-44.66019417475729,82.39999999999998,69.1891891891892,116.6956082777364,277.0,full,usable,2026-08-14,rejected,52.14,100.0,,,95.0,30.0,0.0,100.0,2.2.0,c8f1bf1665a8c5dfb834c0571e7dd5f6b6e5ccd00eab00295338bd42cfde549b
AROC,"Archrock, Inc. Common Stock",nasdaqtrader:N:AROC,SECURITY:AROC:nasdaqtrader:N:AROC,,common_equity,eligible,N,,,34.69,41.95,,70143031.9111111,-6.065529379907941,-6.797420741536808,9.191060749134405,44.481466055810074,17.306317044100126,36.954322519355394,277.0,full,usable,2026-08-14,conditional,85.57,100.0,,,87.0,82.0,80.0,100.0,2.2.0,c8f1bf1665a8c5dfb834c0571e7dd5f6b6e5ccd00eab00295338bd42cfde549b
AROW,Arrow Financial Corporation - Common Stock,nasdaqtrader:Q:AROW,SECURITY:AROW:nasdaqtrader:Q:AROW,,common_equity,eligible,Q,,,39.25,42.5,,3683000.399523809,-7.647058823529407,9.851665267282407,13.079804091040037,35.62543192812715,7.647058823529407,22.005158726503865,277.0,full,usable,2026-08-14,conditional,55.36,100.0,,,75.0,28.0,45.0,100.0,2.2.0,c8f1bf1665a8c5dfb834c0571e7dd5f6b6e5ccd00eab00295338bd42cfde549b
ARQ,"Arq, Inc. - Common Stock",nasdaqtrader:Q:ARQ,SECURITY:ARQ:nasdaqtrader:Q:ARQ,,common_equity,eligible,Q,,,2.34,7.71,,773294.8396825397,7.339449541284382,-11.026615969581755,-35.35911602209946,-69.72833117723157,69.64980544747081,47.540529360719184,277.0,full,usable,2026-08-14,rejected,44.14,100.0,,,67.0,30.0,0.0,100.0,2.2.0,c8f1bf1665a8c5dfb834c0571e7dd5f6b6e5ccd00eab00295338bd42cfde549b
ARQQ,Arqit Quantum Inc. - Ordinary Shares,nasdaqtrader:Q:ARQQ,SECURITY:ARQQ:nasdaqtrader:Q:ARQQ,,common_equity,eligible,Q,,,24.36,58.27,,17255818.344206348,47.36842105263157,75.63085796683491,45.17282479141833,-29.554655870445345,58.19461129226018,112.39414642238268,277.0,full,usable,2026-08-14,conditional,65.43,100.0,,,45.0,70.0,62.0,100.0,2.2.0,c8f1bf1665a8c5dfb834c0571e7dd5f6b6e5ccd00eab00295338bd42cfde549b
ARQT,"Arcutis Biotherapeutics, Inc. - Common stock",nasdaqtrader:Q:ARQT,SECURITY:ARQT:nasdaqtrader:Q:ARQT,,common_equity,eligible,Q,,,26.19,31.2,,42474775.474603176,-5.587599134823352,21.418636995827534,-1.9468363908648478,67.56238003838773,16.057692307692307,42.260524250577284,277.0,full,usable,2026-08-14,conditional,84.43,100.0,,,83.0,82.0,80.0,100.0,2.2.0,c8f1bf1665a8c5dfb834c0571e7dd5f6b6e5ccd00eab00295338bd42cfde549b
ARR,"ARMOUR Residential REIT, Inc.",qrgf-resolution-required:N:ARR,SECURITY:ARR:qrgf-resolution-required:N:ARR,,common_equity,eligible,N,,,16.74,19.12,,63248147.10619048,-2.219626168224309,-3.62694300518136,-7.717750826901881,8.560311284046684,12.447698744769886,16.010981183497464,277.0,full,usable,2026-08-14,conditional,83.29,100.0,,,79.0,82.0,80.0,100.0,2.2.0,c8f1bf1665a8c5dfb834c0571e7dd5f6b6e5ccd00eab00295338bd42cfde549b
ARRY,"Array Technologies, Inc. - Common Stock",nasdaqtrader:Q:ARRY,SECURITY:ARRY:nasdaqtrader:Q:ARRY,,common_equity,eligible,Q,,,5.05,11.96,,45022338.209603176,-19.200000000000006,-41.415313225058,-52.75958840037418,-15.833333333333332,57.77591973244147,67.64748431724445,277.0,full,usable,2026-08-14,conditional,74.43,100.0,,,63.0,70.0,80.0,100.0,2.2.0,c8f1bf1665a8c5dfb834c0571e7dd5f6b6e5ccd00eab00295338bd42cfde549b
ARTL,"Artelo Biosciences, Inc. - Common Stock",nasdaqtrader:Q:ARTL,SECURITY:ARTL:nasdaqtrader:Q:ARTL,,common_equity,eligible,Q,,,0.7902,30.27,,1660079.398795238,-30.68421052631578,-66.23076923076923,-79.6182615424297,-97.39980256663377,97.38949454905847,89.84956546440664,277.0,full,usable,2026-08-14,rejected,27.86,100.0,,,10.0,30.0,0.0,100.0,2.2.0,c8f1bf1665a8c5dfb834c0571e7dd5f6b6e5ccd00eab00295338bd42cfde549b
ARTNA,Artesian Resources Corporation - Class A Non-Voting Common Stock,nasdaqtrader:Q:ARTNA,SECURITY:ARTNA:nasdaqtrader:Q:ARTNA,,common_equity,eligible,Q,,,35.78,35.78,,1160812.3203174602,5.421331761932824,11.429461227032078,7.673788745109844,5.670407560543422,0.0,16.159012727707122,277.0,full,usable,2026-08-14,rejected,37.0,100.0,,,67.0,10.0,0.0,100.0,2.2.0,c8f1bf1665a8c5dfb834c0571e7dd5f6b6e5ccd00eab00295338bd42cfde549b
ARTV,"Artiva Biotherapeutics, Inc. - Common Stock",nasdaqtrader:Q:ARTV,SECURITY:ARTV:nasdaqtrader:Q:ARTV,,common_equity,eligible,Q,,,11.45,13.39,,4768640.846349206,26.65929203539823,7.209737827715346,186.9674185463659,328.8389513108614,14.488424197162075,69.75805048891863,277.0,full,usable,2026-08-14,conditional,74.07,100.0,,,73.0,82.0,45.0,100.0,2.2.0,c8f1bf1665a8c5dfb834c0571e7dd5f6b6e5ccd00eab00295338bd42cfde549b
ARTW,"Art's-Way Manufacturing Co., Inc. - Common Stock",nasdaqtrader:Q:ARTW,SECURITY:ARTW:nasdaqtrader:Q:ARTW,,common_equity,eligible,Q,,,3.12,4.605,,1566891.0256349207,34.773218142548615,19.999999999999996,43.119266055045856,-25.2694610778443,32.247557003257334,109.18241846888097,277.0,full,usable,2026-08-14,rejected,60.0,100.0,,,45.0,92.0,0.0,100.0,2.2.0,c8f1bf1665a8c5dfb834c0571e7dd5f6b6e5ccd00eab00295338bd42cfde549b
ARVN,"Arvinas, Inc. - Common Stock",nasdaqtrader:Q:ARVN,SECURITY:ARVN:nasdaqtrader:Q:ARVN,,common_equity,eligible,Q,,,8.97,13.83,,6871377.42920635,11.706102117061047,-4.777070063694255,-24.207858048162233,26.51622002820875,35.140997830802604,46.911848171661305,277.0,full,usable,2026-08-14,conditional,86.36,100.0,,,87.0,95.0,62.0,100.0,2.2.0,c8f1bf1665a8c5dfb834c0571e7dd5f6b6e5ccd00eab00295338bd42cfde549b
ARW,"Arrow Electronics, Inc. Common Stock",nasdaqtrader:N:ARW,SECURITY:ARW:nasdaqtrader:N:ARW,,common_equity,eligible,N,,,213.99,234.83,,134757491.44555554,4.845663890249874,-0.11669156086632215,37.490362374710884,67.96703296703296,8.874504961035646,42.74047754077971,277.0,full,usable,2026-08-14,conditional,87.57,100.0,,,85.0,82.0,92.0,100.0,2.2.0,c8f1bf1665a8c5dfb834c0571e7dd5f6b6e5ccd00eab00295338bd42cfde549b
ARWR,"Arrowhead Pharmaceuticals, Inc. - Common Stock",nasdaqtrader:Q:ARWR,SECURITY:ARWR:nasdaqtrader:Q:ARWR,,common_equity,eligible,Q,,,86.64,89.59,,168070775.3895238,21.38704028021017,8.72129501819552,38.89067008656619,333.41670835417716,3.2927782118540083,68.2822495106534,277.0,full,usable,2026-08-14,conditional,58.43,100.0,,,73.0,10.0,92.0,100.0,2.2.0,c8f1bf1665a8c5dfb834c0571e7dd5f6b6e5ccd00eab00295338bd42cfde549b
ARX,Accelerant Holdings Class A Common Shares,nasdaqtrader:N:ARX,NAMECLASS:ACCELERANT HOLDINGS,,common_equity,eligible,N,,,19.58,30.05,,54766341.33,40.25787965616043,34.017796030116344,78.81278538812786,-32.0138888888889,34.841930116472554,132.06598523833588,267.0,full,usable,2026-08-14,conditional,77.14,100.0,,,45.0,92.0,80.0,100.0,2.2.0,c8f1bf1665a8c5dfb834c0571e7dd5f6b6e5ccd00eab00295338bd42cfde549b
ARXS,"Arxis, Inc. - Class A Common Stock",nasdaqtrader:Q:ARXS,NAMECLASS:ARXIS INC,,common_equity,eligible,Q,,,57.28,59.99,,46560239.19,42.452126336732164,58.67036011080331,,,4.517419569928327,74.72001656311132,84.0,insufficient,usable,2026-08-14,recheck,,71.43,,,,10.0,80.0,88.0,2.2.0,c8f1bf1665a8c5dfb834c0571e7dd5f6b6e5ccd00eab00295338bd42cfde549b
AS,"Amer Sports, Inc. Ordinary Shares",nasdaqtrader:N:AS,SECURITY:AS:nasdaqtrader:N:AS,,common_equity,eligible,N,,,32.87,41.96,,154870067.48190477,-8.770469053566487,-1.3801380138013797,-14.667705088265848,-15.890481064483119,21.663489037178273,37.390860056653075,277.0,full,usable,2026-08-14,conditional,87.71,100.0,,,73.0,92.0,92.0,100.0,2.2.0,c8f1bf1665a8c5dfb834c0571e7dd5f6b6e5ccd00eab00295338bd42cfde549b
ASA,ASA  Gold and Precious Metals Limited,qrgf-resolution-required:N:ASA,SECURITY:ASA:qrgf-resolution-required:N:ASA,,common_equity,eligible,N,,,58.6,81.29,,4991510.871904762,20.106579217052676,-15.877117427505016,-14.101436528877153,66.99914505557139,27.912412350842665,44.438465006100905,277.0,full,usable,2026-08-14,conditional,83.93,100.0,,,95.0,92.0,45.0,100.0,2.2.0,c8f1bf1665a8c5dfb834c0571e7dd5f6b6e5ccd00eab00295338bd42cfde549b
ASAN,"Asana, Inc. Class A Common Stock",nasdaqtrader:N:ASAN,NAMECLASS:ASANA INC,,common_equity,eligible,N,,,9.14,15.19,,45550838.79809524,19.633507853403167,57.31497418244409,21.381142098273575,-34.29187634795111,39.82883475971033,75.91975017371544,277.0,full,usable,2026-08-14,conditional,78.21,100.0,,,45.0,95.0,80.0,100.0,2.2.0,c8f1bf1665a8c5dfb834c0571e7dd5f6b6e5ccd00eab00295338bd42cfde549b
ASB,Associated Banc-Corp Common Stock,nasdaqtrader:N:ASB,SECURITY:ASB:nasdaqtrader:N:ASB,,common_equity,eligible,N,,,32.33,32.33,,59125357.751746036,1.7626691847655085,16.253146350233738,17.307692307692314,27.53451676528598,0.0,19.164587343198015,277.0,full,usable,2026-08-14,conditional,53.57,100.0,,,65.0,10.0,80.0,100.0,2.2.0,c8f1bf1665a8c5dfb834c0571e7dd5f6b6e5ccd00eab00295338bd42cfde549b
ASBP,"Aspire Biopharma Holdings, Inc.  - Common Stock",nasdaqtrader:Q:ASBP,SECURITY:ASBP:nasdaqtrader:Q:ASBP,,common_equity,eligible,Q,,,7.85,708.0,,2165678.65547619,25.0,33.730834752981245,-80.02544529262087,-98.36048454469507,98.89124293785311,123.02580399690706,277.0,full,usable,2026-08-14,conditional,37.5,100.0,,,10.0,30.0,45.0,100.0,2.2.0,c8f1bf1665a8c5dfb834c0571e7dd5f6b6e5ccd00eab00295338bd42cfde549b
ASC,Ardmore Shipping Corporation Common Stock,nasdaqtrader:N:ASC,SECURITY:ASC:nasdaqtrader:N:ASC,,common_equity,eligible,N,,,17.61,19.68,,10663607.282698411,11.596958174904938,-6.130063965884869,34.42748091603054,66.28895184135976,10.518292682926834,42.47755672535513,277.0,full,usable,2026-08-14,conditional,81.14,100.0,,,85.0,82.0,62.0,100.0,2.2.0,c8f1bf1665a8c5dfb834c0571e7dd5f6b6e5ccd00eab00295338bd42cfde549b
ASH,Ashland Inc. Common Stock,nasdaqtrader:N:ASH,SECURITY:ASH:nasdaqtrader:N:ASH,,common_equity,eligible,N,,,73.71,76.45,,62456336.96301588,7.1210579857578615,31.273374888690995,20.77666721284612,34.31122448979591,3.584041857423159,33.943511239379816,277.0,full,usable,2026-08-14,conditional,53.57,100.0,,,65.0,10.0,80.0,100.0,2.2.0,c8f1bf1665a8c5dfb834c0571e7dd5f6b6e5ccd00eab00295338bd42cfde549b
ASIC,Ategrity Specialty Insurance Company Holdings Common Stock,nasdaqtrader:N:ASIC,SECURITY:ASIC:nasdaqtrader:N:ASIC,,common_equity,eligible,N,,,24.7,25.59,,1579720.3796825397,6.695464362850978,26.9922879177378,42.117376294591494,18.864292589027908,3.4779210629152013,47.17206018162371,277.0,full,usable,2026-08-14,rejected,36.43,100.0,,,65.0,10.0,0.0,100.0,2.2.0,c8f1bf1665a8c5dfb834c0571e7dd5f6b6e5ccd00eab00295338bd42cfde549b
ASIX,AdvanSix Inc. Common Stock,nasdaqtrader:N:ASIX,SECURITY:ASIX:nasdaqtrader:N:ASIX,,common_equity,eligible,N,,,17.04,26.17,,5105318.397460318,-17.919075144508678,-21.870701513067402,-7.792207792207795,-14.970059880239518,34.88727550630494,71.17623441771197,277.0,full,usable,2026-08-14,conditional,81.29,100.0,,,73.0,92.0,62.0,100.0,2.2.0,c8f1bf1665a8c5dfb834c0571e7dd5f6b6e5ccd00eab00295338bd42cfde549b
ASLE,AerSale Corporation - Common Stock,nasdaqtrader:Q:ASLE,SECURITY:ASLE:nasdaqtrader:Q:ASLE,,common_equity,eligible,Q,,,5.87,9.0,,2667265.794126984,-2.814569536423839,-9.133126934984514,-17.78711484593837,-33.14350797266514,34.77777777777777,41.917407932738634,277.0,full,usable,2026-08-14,conditional,75.93,100.0,,,67.0,92.0,45.0,100.0,2.2.0,c8f1bf1665a8c5dfb834c0571e7dd5f6b6e5ccd00eab00295338bd42cfde549b
ASM,Avino Silver & Gold Mines Ltd. Common Shares (Canada),nasdaqtrader:A:ASM,SECURITY:ASM:nasdaqtrader:A:ASM,,common_equity,eligible,A,,,7.02,11.24,,24678019.297460318,27.404718693284934,-8.355091383812018,-24.353448275862068,80.46272493573264,37.54448398576513,80.9402280902136,277.0,full,usable,2026-08-14,conditional,88.64,100.0,,,95.0,95.0,62.0,100.0,2.2.0,c8f1bf1665a8c5dfb834c0571e7dd5f6b6e5ccd00eab00295338bd42cfde549b
ASMB,"Assembly Biosciences, Inc. - Common Stock",nasdaqtrader:Q:ASMB,SECURITY:ASMB:nasdaqtrader:Q:ASMB,,common_equity,eligible,Q,,,32.95,38.5,,5834246.350079365,27.51547987616101,8.745874587458747,26.293599080107334,33.13131313131314,14.415584415584403,58.25381088055145,277.0,full,usable,2026-08-14,conditional,75.43,100.0,,,65.0,82.0,62.0,100.0,2.2.0,c8f1bf1665a8c5dfb834c0571e7dd5f6b6e5ccd00eab00295338bd42cfde549b
ASML,ASML Holding N.V. - New York Registry Shares,qrgf-resolution-required:Q:ASML,SECURITY:ASML:qrgf-resolution-required:Q:ASML,,common_equity,eligible,Q,,,1844.08,1989.44,,3371639172.5174603,3.31732843288306,16.381720531899457,31.07678747858722,144.06474582103576,7.306578735724633,45.508349406582774,277.0,full,usable,2026-08-14,conditional,66.57,100.0,,,73.0,28.0,100.0,100.0,2.2.0,c8f1bf1665a8c5dfb834c0571e7dd5f6b6e5ccd00eab00295338bd42cfde549b
ASND,Ascendis Pharma A/S - Ordinary Share,nasdaqtrader:Q:ASND,SECURITY:ASND:nasdaqtrader:Q:ASND,,common_equity,eligible,Q,,,248.5,277.18,,166345818.13841268,-4.349499615088536,1.226119190191044,13.93856029344338,30.050240736864133,10.347066887942857,27.700545812790384,277.0,full,usable,2026-08-14,conditional,88.14,100.0,,,87.0,82.0,92.0,100.0,2.2.0,c8f1bf1665a8c5dfb834c0571e7dd5f6b6e5ccd00eab00295338bd42cfde549b
ASO,"Academy Sports and Outdoors, Inc. - Common Stock",nasdaqtrader:Q:ASO,SECURITY:ASO:nasdaqtrader:Q:ASO,,common_equity,eligible,Q,,,47.985,61.19,,73739851.23071428,-1.2857436741411266,-6.040728411983554,-16.880304867486572,-12.991840435176794,21.580323582284688,36.055247350033746,277.0,full,usable,2026-08-14,conditional,85.14,100.0,,,73.0,92.0,80.0,100.0,2.2.0,c8f1bf1665a8c5dfb834c0571e7dd5f6b6e5ccd00eab00295338bd42cfde549b
ASPI,ASP Isotopes Inc. - Common Stock,nasdaqtrader:Q:ASPI,SECURITY:ASPI:nasdaqtrader:Q:ASPI,,common_equity,eligible,Q,,,4.27,14.05,,27926514.96833333,8.238276299112801,-29.885057471264375,-16.76413255360625,-61.28739800543972,69.60854092526691,88.48322600400195,277.0,full,usable,2026-08-14,conditional,61.29,100.0,,,67.0,30.0,80.0,100.0,2.2.0,c8f1bf1665a8c5dfb834c0571e7dd5f6b6e5ccd00eab00295338bd42cfde549b
ASPN,"Aspen Aerogels, Inc. Common Stock",nasdaqtrader:N:ASPN,SECURITY:ASPN:nasdaqtrader:N:ASPN,,common_equity,eligible,N,,,5.85,8.82,,8813349.822698412,15.841584158415834,0.5154639175257714,75.67567567567566,-21.68674698795181,33.673469387755105,118.62616796406233,277.0,full,usable,2026-08-14,conditional,78.43,100.0,,,63.0,92.0,62.0,100.0,2.2.0,c8f1bf1665a8c5dfb834c0571e7dd5f6b6e5ccd00eab00295338bd42cfde549b
ASPS,Altisource Portfolio Solutions S.A. - Common Stock,nasdaqtrader:Q:ASPS,SECURITY:ASPS:nasdaqtrader:Q:ASPS,,common_equity,eligible,Q,,,5.64,13.94,,127199.75126984128,-12.558139534883727,-12.693498452012387,1.8050541516245522,-45.82132564841499,59.54088952654233,62.57588061911207,277.0,full,usable,2026-08-14,rejected,58.43,100.0,,,67.0,70.0,0.0,100.0,2.2.0,c8f1bf1665a8c5dfb834c0571e7dd5f6b6e5ccd00eab00295338bd42cfde549b
ASR,"Grupo Aeroportuario del Sureste, S.A. de C.V. Common Stock",nasdaqtrader:N:ASR,SECURITY:ASR:nasdaqtrader:N:ASR,,common_equity,eligible,N,,,264.58,381.16,,20554743.4931746,-5.82330746778672,-12.140532642624692,-28.491891891891896,-17.839952799428627,30.58558085843216,26.889856346957025,277.0,full,usable,2026-08-14,conditional,81.29,100.0,,,73.0,92.0,62.0,100.0,2.2.0,c8f1bf1665a8c5dfb834c0571e7dd5f6b6e5ccd00eab00295338bd42cfde549b
ASRV,AmeriServ Financial Inc. - Common Stock,nasdaqtrader:Q:ASRV,SECURITY:ASRV:nasdaqtrader:Q:ASRV,,common_equity,eligible,Q,,,5.01,5.16,,72371.48936507937,28.791773778920305,29.457364341085256,42.32954545454546,72.16494845360823,2.9069767441860517,44.9539382435949,277.0,full,usable,2026-08-14,rejected,38.71,100.0,,,73.0,10.0,0.0,100.0,2.2.0,c8f1bf1665a8c5dfb834c0571e7dd5f6b6e5ccd00eab00295338bd42cfde549b
ASST,"Strive, Inc. - Class A Common Stock",nasdaqtrader:Q:ASST,NAMECLASS:STRIVE INC,,common_equity,eligible,Q,,,12.315,178.2,,57315917.987460315,5.708154506437757,-30.463015245623946,59.93506493506493,-86.45214521452145,93.08922558922559,67.2117298226788,277.0,full,usable,2026-08-14,conditional,52.71,100.0,,,37.0,30.0,80.0,100.0,2.2.0,c8f1bf1665a8c5dfb834c0571e7dd5f6b6e5ccd00eab00295338bd42cfde549b
ASTC,Astrotech Corporation - Common Stock,nasdaqtrader:Q:ASTC,SECURITY:ASTC:nasdaqtrader:Q:ASTC,,common_equity,eligible,Q,,,8.41,49.8,,100494271.84103175,11.686586985391756,222.22222222222223,190.00000000000003,59.24712654560602,83.11244979919678,113.88450421060294,277.0,full,usable,2026-08-14,conditional,65.57,100.0,,,73.0,30.0,92.0,100.0,2.2.0,c8f1bf1665a8c5dfb834c0571e7dd5f6b6e5ccd00eab00295338bd42cfde549b
ASTE,"Astec Industries, Inc. - Common Stock",nasdaqtrader:Q:ASTE,SECURITY:ASTE:nasdaqtrader:Q:ASTE,,common_equity,eligible,Q,,,43.28,65.02,,11579889.325079365,-23.12611012433392,-13.24914812587693,-24.3885394828791,-6.904710690471072,33.43586588741925,54.5959542317495,277.0,full,usable,2026-08-14,conditional,81.29,100.0,,,73.0,92.0,62.0,100.0,2.2.0,c8f1bf1665a8c5dfb834c0571e7dd5f6b6e5ccd00eab00295338bd42cfde549b
ASTH,Astrana Health Inc. - Common Stock,nasdaqtrader:Q:ASTH,SECURITY:ASTH:nasdaqtrader:Q:ASTH,,common_equity,eligible,Q,,,40.81,49.81,,25017160.671031747,-9.512195121951217,4.2134831460674205,124.72466960352423,37.73202834964564,18.068660911463564,61.327334671353874,277.0,full,usable,2026-08-14,conditional,82.71,100.0,,,77.0,82.0,80.0,100.0,2.2.0,c8f1bf1665a8c5dfb834c0571e7dd5f6b6e5ccd00eab00295338bd42cfde549b
ASTI,"Ascent Solar Technologies, Inc - Common Stock",nasdaqtrader:Q:ASTI,SECURITY:ASTI:nasdaqtrader:Q:ASTI,,common_equity,eligible,Q,,,3.32,9.02,,8815120.95047619,5.3968253968254,-33.60000000000001,-49.15773353751914,50.2262443438914,63.19290465631929,99.17097326992317,277.0,full,usable,2026-08-14,conditional,79.71,100.0,,,95.0,70.0,62.0,100.0,2.2.0,c8f1bf1665a8c5dfb834c0571e7dd5f6b6e5ccd00eab00295338bd42cfde549b
ASTL,Algoma Steel Group Inc. - Common Shares,nasdaqtrader:Q:ASTL,SECURITY:ASTL:nasdaqtrader:Q:ASTL,,common_equity,eligible,Q,,,4.28,5.8,,4794515.818253969,15.67567567567567,-16.893203883495143,-0.46511627906975495,-8.936170212765958,26.206896551724135,71.76627146057757,277.0,full,usable,2026-08-14,conditional,77.64,100.0,,,73.0,92.0,45.0,100.0,2.2.0,c8f1bf1665a8c5dfb834c0571e7dd5f6b6e5ccd00eab00295338bd42cfde549b
ASTS,"AST SpaceMobile, Inc. - Class A Common Stock",nasdaqtrader:Q:ASTS,NAMECLASS:AST SPACEMOBILE INC,,common_equity,eligible,Q,,,70.98,133.09,,1733896846.9044445,29.031085257225975,-14.492229851825078,-13.670639747020186,41.81818181818184,46.667668495003376,99.25396650249158,277.0,full,usable,2026-08-14,conditional,94.5,100.0,,,87.0,95.0,100.0,100.0,2.2.0,c8f1bf1665a8c5dfb834c0571e7dd5f6b6e5ccd00eab00295338bd42cfde549b
ASUR,Asure Software Inc - Common Stock,nasdaqtrader:Q:ASUR,SECURITY:ASUR:nasdaqtrader:Q:ASUR,,common_equity,eligible,Q,,,8.47,10.12,,935656.0363492063,0.0,-1.2820512820512775,14.304993252361676,1.1947431302270273,16.30434782608694,50.04245328703788,277.0,full,usable,2026-08-14,rejected,66.14,100.0,,,79.0,82.0,0.0,100.0,2.2.0,c8f1bf1665a8c5dfb834c0571e7dd5f6b6e5ccd00eab00295338bd42cfde549b
ASX,"ASE Technology Holding Co., Ltd. American Depositary Shares (each representing Two Common Shares)",nasdaqtrader:N:ASX,SECURITY:ASX:nasdaqtrader:N:ASX,,adr,eligible,N,,,39.54,45.12,,410944261.83444446,0.07593014426727773,12.170212765957444,68.54219948849104,294.2173479561316,12.367021276595747,76.64465496128926,277.0,full,usable,2026-08-14,conditional,84.14,100.0,,,73.0,82.0,92.0,100.0,2.2.0,c8f1bf1665a8c5dfb834c0571e7dd5f6b6e5ccd00eab00295338bd42cfde549b
ASYS,"Amtech Systems, Inc. - Common Stock",nasdaqtrader:Q:ASYS,SECURITY:ASYS:nasdaqtrader:Q:ASYS,,common_equity,eligible,Q,,,16.04,23.99,,8380997.956428572,-4.009575104727714,-28.56824760632376,45.950864422201995,224.69635627530363,33.13880783659858,82.08945742345958,277.0,full,usable,2026-08-14,conditional,84.71,100.0,,,85.0,92.0,62.0,100.0,2.2.0,c8f1bf1665a8c5dfb834c0571e7dd5f6b6e5ccd00eab00295338bd42cfde549b
ATAI,AtaiBeckley Inc. - Common Stock,nasdaqtrader:Q:ATAI,SECURITY:ATAI:nasdaqtrader:Q:ATAI,,common_equity,eligible,Q,,,7.26,7.26,,70841605.72007936,1.538461538461533,79.70297029702971,102.79329608938545,79.25925925925925,0.0,96.76734169400683,277.0,full,usable,2026-08-14,conditional,55.86,100.0,,,73.0,10.0,80.0,100.0,2.2.0,c8f1bf1665a8c5dfb834c0571e7dd5f6b6e5ccd00eab00295338bd42cfde549b
ATAT,Atour Lifestyle Holdings Limited - American Depositary Shares,nasdaqtrader:Q:ATAT,SECURITY:ATAT:nasdaqtrader:Q:ATAT,,adr,eligible,Q,,,34.19,42.9,,32000234.82,4.8773006134969155,-7.519610494995943,-13.857394809775759,-3.0895691609977405,20.3030303030303,36.045457044864406,277.0,full,usable,2026-08-14,conditional,85.14,100.0,,,73.0,92.0,80.0,100.0,2.2.0,c8f1bf1665a8c5dfb834c0571e7dd5f6b6e5ccd00eab00295338bd42cfde549b
ATCH,"AtlasClear Holdings, Inc. Common Stock",nasdaqtrader:A:ATCH,SECURITY:ATCH:nasdaqtrader:A:ATCH,,common_equity,eligible,A,,,0.1994,1.62,,421852.46975555556,9.021323127392012,-14.567266495287058,-17.33001658374793,4.947368421052634,87.69135802469135,72.51792994448074,277.0,full,usable,2026-08-14,rejected,47.57,100.0,,,79.0,30.0,0.0,100.0,2.2.0,c8f1bf1665a8c5dfb834c0571e7dd5f6b6e5ccd00eab00295338bd42cfde549b
ATCX,Atlas Critical Minerals Corporation - Common Stock,nasdaqtrader:Q:ATCX,SECURITY:ATCX:nasdaqtrader:Q:ATCX,,common_equity,eligible,Q,,,3.4,12.36,,62098.74968253968,10.389610389610393,-34.9904397705545,-46.875,,72.49190938511327,90.40651150583787,150.0,limited_but_usable,usable,2026-08-14,rejected,41.86,100.0,,,59.0,30.0,0.0,100.0,2.2.0,c8f1bf1665a8c5dfb834c0571e7dd5f6b6e5ccd00eab00295338bd42cfde549b
ATEC,"Alphatec Holdings, Inc. - Common Stock",nasdaqtrader:Q:ATEC,SECURITY:ATEC:nasdaqtrader:Q:ATEC,,common_equity,eligible,Q,,,9.79,22.68,,23691641.504603174,5.609492988133757,29.326287978863917,-25.267175572519086,-38.037974683544306,56.83421516754849,60.87976123871604,277.0,full,usable,2026-08-14,conditional,68.29,100.0,,,55.0,70.0,62.0,100.0,2.2.0,c8f1bf1665a8c5dfb834c0571e7dd5f6b6e5ccd00eab00295338bd42cfde549b
ATEN,"A10 Networks, Inc. Common Stock",nasdaqtrader:N:ATEN,SECURITY:ATEN:nasdaqtrader:N:ATEN,,common_equity,eligible,N,,,27.4,38.11,,41013388.006349206,-24.078692158492665,-2.247591865858023,34.643734643734625,51.04740904079381,28.102860141695096,55.76320499176681,277.0,full,usable,2026-08-14,conditional,88.57,100.0,,,85.0,92.0,80.0,100.0,2.2.0,c8f1bf1665a8c5dfb834c0571e7dd5f6b6e5ccd00eab00295338bd42cfde549b
ATER,"Aterian, Inc. - Common Stock",nasdaqtrader:Q:ATER,SECURITY:ATER:nasdaqtrader:Q:ATER,,common_equity,eligible,Q,,,0.5001,1.39,,269045.38816825394,-60.92968750000001,-56.51304347826087,-22.477135327856146,-61.53076923076923,64.02158273381295,195.01255352918068,277.0,full,usable,2026-08-14,rejected,55.0,100.0,,,55.0,70.0,0.0,100.0,2.2.0,c8f1bf1665a8c5dfb834c0571e7dd5f6b6e5ccd00eab00295338bd42cfde549b
ATEX,Anterix Inc. - Common Stock,nasdaqtrader:Q:ATEX,SECURITY:ATEX:nasdaqtrader:Q:ATEX,,common_equity,eligible,Q,,,91.53,108.205,,39205307.65373016,-2.5965733744812147,61.65665842458496,212.70925862658015,327.51050910789354,15.410563282657918,73.83970836503158,277.0,full,usable,2026-08-14,conditional,81.57,100.0,,,73.0,82.0,80.0,100.0,2.2.0,c8f1bf1665a8c5dfb834c0571e7dd5f6b6e5ccd00eab00295338bd42cfde549b
ATGL,Alpha Technology Group Limited - Class A Ordinary Shares,nasdaqtrader:Q:ATGL,NAMECLASS:ALPHA TECHNOLOGY GROUP LIMITED,,common_equity,eligible,Q,,,7.15,33.925,,155727.35232539682,-26.212590299277593,-56.95364238410596,-59.85401459854014,-60.64942212438085,78.9240972733972,99.52481495648676,277.0,full,usable,2026-08-14,rejected,37.86,100.0,,,45.0,30.0,0.0,100.0,2.2.0,c8f1bf1665a8c5dfb834c0571e7dd5f6b6e5ccd00eab00295338bd42cfde549b
ATHE,Alterity Therapeutics Limited - American Depositary Shares,nasdaqtrader:Q:ATHE,SECURITY:ATHE:nasdaqtrader:Q:ATHE,,adr,eligible,Q,,,4.79,5.89,,198050.79255079365,-5.8013765978367715,2.569593147751603,36.494457584133585,-6.809338521400776,18.67572156196944,59.53126380028814,277.0,full,usable,2026-08-14,rejected,61.57,100.0,,,63.0,82.0,0.0,100.0,2.2.0,c8f1bf1665a8c5dfb834c0571e7dd5f6b6e5ccd00eab00295338bd42cfde549b
ATHM,"Autohome Inc. American Depositary Shares, each representing four class A ordinary shares.",nasdaqtrader:N:ATHM,SECURITY:ATHM:nasdaqtrader:N:ATHM,,adr,eligible,N,,,22.67,29.92,,15603848.612857142,3.990825688073407,28.006775832862797,7.798383262006658,-23.386279148360924,24.231283422459892,35.88616974306903,277.0,full,usable,2026-08-14,conditional,77.86,100.0,,,61.0,92.0,62.0,100.0,2.2.0,c8f1bf1665a8c5dfb834c0571e7dd5f6b6e5ccd00eab00295338bd42cfde549b
ATHR,"Aether Holdings, Inc. - Common Stock",nasdaqtrader:Q:ATHR,SECURITY:ATHR:nasdaqtrader:Q:ATHR,,common_equity,eligible,Q,,,3.65,9.8,,60608.14513333333,-18.70824053452116,-0.9229098805646152,-21.336206896551722,-58.23798627002288,62.75510204081633,90.08519678766976,277.0,full,usable,2026-08-14,rejected,58.43,100.0,,,67.0,70.0,0.0,100.0,2.2.0,c8f1bf1665a8c5dfb834c0571e7dd5f6b6e5ccd00eab00295338bd42cfde549b
ATI,ATI Inc. Common Stock,nasdaqtrader:N:ATI,SECURITY:ATI:nasdaqtrader:N:ATI,,common_equity,eligible,N,,,228.48,230.43,,323532150.898254,23.163171796668646,40.54253552315925,63.42178671053571,203.3457249070632,0.8462439786486198,47.04905861863947,277.0,full,usable,2026-08-14,conditional,58.43,100.0,,,73.0,10.0,92.0,100.0,2.2.0,c8f1bf1665a8c5dfb834c0571e7dd5f6b6e5ccd00eab00295338bd42cfde549b
ATII,Archimedes Tech SPAC Partners II Co. - Ordinary Shares,nasdaqtrader:Q:ATII,SECURITY:ATII:nasdaqtrader:Q:ATII,,common_equity,eligible,Q,,,10.64,11.38,,2743177.467380952,-0.9310986964618184,-2.3853211009174258,0.5671077504725952,4.211557296767876,6.50263620386643,4.147452325905053,277.0,full,usable,2026-08-14,conditional,56.5,100.0,,,79.0,28.0,45.0,100.0,2.2.0,c8f1bf1665a8c5dfb834c0571e7dd5f6b6e5ccd00eab00295338bd42cfde549b
ATKR,Atkore Inc. Common Stock,nasdaqtrader:N:ATKR,SECURITY:ATKR:nasdaqtrader:N:ATKR,,common_equity,eligible,N,,,93.8,93.87,,62823545.39825397,28.282275711159734,22.790941222673112,42.63990267639901,58.499493071983764,0.07457121551082135,79.50719591403819,277.0,full,usable,2026-08-14,conditional,55.86,100.0,,,73.0,10.0,80.0,100.0,2.2.0,c8f1bf1665a8c5dfb834c0571e7dd5f6b6e5ccd00eab00295338bd42cfde549b
ATLC,Atlanticus Holdings Corporation - Common Stock,nasdaqtrader:Q:ATLC,SECURITY:ATLC:nasdaqtrader:Q:ATLC,,common_equity,eligible,Q,,,102.58,111.79,,16260270.893809525,-0.6392870980240217,27.793696275071646,86.7807720320466,64.84010927205529,8.23866177654532,54.117716794164735,277.0,full,usable,2026-08-14,conditional,77.71,100.0,,,73.0,82.0,62.0,100.0,2.2.0,c8f1bf1665a8c5dfb834c0571e7dd5f6b6e5ccd00eab00295338bd42cfde549b
ATLO,Ames National Corporation - Common Stock,nasdaqtrader:Q:ATLO,SECURITY:ATLO:nasdaqtrader:Q:ATLO,,common_equity,eligible,Q,,,31.6,31.78,,1949471.8128571429,3.776683087027921,13.424264178033042,15.750915750915762,63.476461458872244,0.5663939584644395,16.905063053625675,277.0,full,usable,2026-08-14,rejected,38.71,100.0,,,73.0,10.0,0.0,100.0,2.2.0,c8f1bf1665a8c5dfb834c0571e7dd5f6b6e5ccd00eab00295338bd42cfde549b
ATLX,Atlas Lithium Corporation - Common Stock,nasdaqtrader:Q:ATLX,SECURITY:ATLX:nasdaqtrader:Q:ATLX,,common_equity,eligible,Q,,,3.21,7.45,,1854813.6032539683,5.245901639344264,-31.26338329764454,-26.37614678899083,-46.05042016806723,56.91275167785235,56.196870938334506,277.0,full,usable,2026-08-14,rejected,58.43,100.0,,,67.0,70.0,0.0,100.0,2.2.0,c8f1bf1665a8c5dfb834c0571e7dd5f6b6e5ccd00eab00295338bd42cfde549b
ATMU,Atmus Filtration Technologies Inc. Common Stock,nasdaqtrader:N:ATMU,SECURITY:ATMU:nasdaqtrader:N:ATMU,,common_equity,eligible,N,,,51.01,65.57,,40714844.34920635,-2.7454718779790332,-5.502037791774727,-17.884739214423696,11.839508879631655,22.205276803416197,42.82458498179379,277.0,full,usable,2026-08-14,conditional,86.86,100.0,,,79.0,92.0,80.0,100.0,2.2.0,c8f1bf1665a8c5dfb834c0571e7dd5f6b6e5ccd00eab00295338bd42cfde549b
ATNI,"ATN International, Inc. - Common Stock",nasdaqtrader:Q:ATNI,SECURITY:ATNI:nasdaqtrader:Q:ATNI,,common_equity,eligible,Q,,,31.71,32.11,,2122757.078809524,31.576763485477176,18.07857009867808,8.931638612160775,97.20149253731346,1.245717844908123,79.46134164970931,277.0,full,usable,2026-08-14,conditional,51.21,100.0,,,83.0,10.0,45.0,100.0,2.2.0,c8f1bf1665a8c5dfb834c0571e7dd5f6b6e5ccd00eab00295338bd42cfde549b
ATNM,"Actinium Pharmaceuticals, Inc. (Delaware) Common Stock",nasdaqtrader:A:ATNM,SECURITY:ATNM:nasdaqtrader:A:ATNM,,common_equity,eligible,A,,,1.04,1.79,,127646.04867142857,16.85393258426966,-18.75,-6.3063063063063085,-35.0,41.89944134078212,77.84480425317808,277.0,full,usable,2026-08-14,rejected,67.36,100.0,,,67.0,95.0,0.0,100.0,2.2.0,c8f1bf1665a8c5dfb834c0571e7dd5f6b6e5ccd00eab00295338bd42cfde549b
ATO,Atmos Energy Corporation Common Stock,nasdaqtrader:N:ATO,SECURITY:ATO:nasdaqtrader:N:ATO,,common_equity,eligible,N,,,169.92,192.29,,245103790.57126984,-4.560772860031459,-6.054071985403886,-4.415818192045917,1.760689902982393,11.633470279265701,17.710143555981215,277.0,full,usable,2026-08-14,conditional,85.86,100.0,,,79.0,82.0,92.0,100.0,2.2.0,c8f1bf1665a8c5dfb834c0571e7dd5f6b6e5ccd00eab00295338bd42cfde549b
ATOM,Atomera Incorporated - Common Stock,nasdaqtrader:Q:ATOM,SECURITY:ATOM:nasdaqtrader:Q:ATOM,,common_equity,eligible,Q,,,5.6,12.11,,7996135.579523809,-1.5817223198594133,-41.8483904465213,134.30962343096235,55.555555555555536,53.75722543352601,80.27171908619607,277.0,full,usable,2026-08-14,conditional,76.86,100.0,,,85.0,70.0,62.0,100.0,2.2.0,c8f1bf1665a8c5dfb834c0571e7dd5f6b6e5ccd00eab00295338bd42cfde549b
ATOS,"Atossa Therapeutics, Inc. - Common Stock",nasdaqtrader:Q:ATOS,SECURITY:ATOS:nasdaqtrader:Q:ATOS,,common_equity,eligible,Q,,,2.6,17.7,,377245.7906349206,8.786610878661083,-49.51456310679612,-34.01015228426396,-77.94741306191688,85.31073446327684,68.55053604840845,277.0,full,usable,2026-08-14,rejected,35.0,100.0,,,35.0,30.0,0.0,100.0,2.2.0,c8f1bf1665a8c5dfb834c0571e7dd5f6b6e5ccd00eab00295338bd42cfde549b
ATPC,Agape ATP Corporation - Common Stock,nasdaqtrader:Q:ATPC,SECURITY:ATPC:nasdaqtrader:Q:ATPC,,common_equity,eligible,Q,,,2.49,69.25,,17124982.425555553,-40.714285714285715,14.220183486238525,19.71153846153846,-96.15146831530139,96.4043321299639,188.96462320995656,277.0,full,usable,2026-08-14,conditional,45.43,100.0,,,25.0,30.0,62.0,100.0,2.2.0,c8f1bf1665a8c5dfb834c0571e7dd5f6b6e5ccd00eab00295338bd42cfde549b
ATR,"AptarGroup, Inc. Common Stock",nasdaqtrader:N:ATR,SECURITY:ATR:nasdaqtrader:N:ATR,,common_equity,eligible,N,,,132.1,145.72,,59707860.799206346,-1.9666048237476863,11.958640562759548,-5.985339121770695,-6.596903061585246,9.346692286576996,25.600743997555647,277.0,full,usable,2026-08-14,conditional,78.14,100.0,,,61.0,82.0,80.0,100.0,2.2.0,c8f1bf1665a8c5dfb834c0571e7dd5f6b6e5ccd00eab00295338bd42cfde549b
ATRA,"Atara Biotherapeutics, Inc. - Common Stock",nasdaqtrader:Q:ATRA,SECURITY:ATRA:nasdaqtrader:Q:ATRA,,common_equity,eligible,Q,,,8.09,18.09,,864493.667063492,-7.224770642201839,-15.64129301355579,81.79775280898876,-33.30585325638913,55.27915975677169,71.33116047713996,277.0,full,usable,2026-08-14,rejected,55.57,100.0,,,57.0,70.0,0.0,100.0,2.2.0,c8f1bf1665a8c5dfb834c0571e7dd5f6b6e5ccd00eab00295338bd42cfde549b
ATRC,"AtriCure, Inc. - Common Stock",nasdaqtrader:Q:ATRC,SECURITY:ATRC:nasdaqtrader:Q:ATRC,,common_equity,eligible,Q,,,44.3,44.3,,29229866.95261905,24.368332397529468,57.37122557726466,39.30817610062891,20.708446866484987,0.0,43.90096163472595,277.0,full,usable,2026-08-14,conditional,53.57,100.0,,,65.0,10.0,80.0,100.0,2.2.0,c8f1bf1665a8c5dfb834c0571e7dd5f6b6e5ccd00eab00295338bd42cfde549b
ATRO,Astronics Corporation - Common Stock,nasdaqtrader:Q:ATRO,SECURITY:ATRO:nasdaqtrader:Q:ATRO,,common_equity,eligible,Q,,,93.45,96.0,,55078231.38,41.50514839491217,12.985128763148367,23.138753458953754,172.84671532846718,2.6562499999999933,64.14594106764426,277.0,full,usable,2026-08-14,conditional,55.86,100.0,,,73.0,10.0,80.0,100.0,2.2.0,c8f1bf1665a8c5dfb834c0571e7dd5f6b6e5ccd00eab00295338bd42cfde549b
ATS,ATS Corporation Common Shares,nasdaqtrader:N:ATS,SECURITY:ATS:nasdaqtrader:N:ATS,,common_equity,eligible,N,,,20.31,35.38,,5460999.236825397,-26.91615689096798,-37.334156124652885,-34.143968871595334,-29.868784530386748,42.59468626342567,95.60798585106998,277.0,full,usable,2026-08-14,conditional,80.64,100.0,,,67.0,95.0,62.0,100.0,2.2.0,c8f1bf1665a8c5dfb834c0571e7dd5f6b6e5ccd00eab00295338bd42cfde549b
ATTO,"Attovia Therapeutics, Inc. - Common Stock",nasdaqtrader:Q:ATTO,SECURITY:ATTO:nasdaqtrader:Q:ATTO,,common_equity,eligible,Q,,,19.86,21.9,,4974555.845956682,3386.045286993154,1082.142857142857,225.57377049180326,125.68181818181814,9.31506849315068,1142.527017563206,498.0,full,usable,2026-08-14,conditional,74.07,100.0,,,73.0,82.0,45.0,100.0,2.2.0,c8f1bf1665a8c5dfb834c0571e7dd5f6b6e5ccd00eab00295338bd42cfde549b
ATXG,Addentax Group Corp. - Common Stock,nasdaqtrader:Q:ATXG,SECURITY:ATXG:nasdaqtrader:Q:ATXG,,common_equity,eligible,Q,,,4.15,16.65,,70132.10542539683,6.410256410256432,-16.999999999999993,-28.063789218235392,-40.080854750216574,75.07507507507508,122.25831405292178,277.0,full,usable,2026-08-14,rejected,44.14,100.0,,,67.0,30.0,0.0,100.0,2.2.0,c8f1bf1665a8c5dfb834c0571e7dd5f6b6e5ccd00eab00295338bd42cfde549b
AU,AngloGold Ashanti PLC Ordinary Shares,nasdaqtrader:N:AU,SECURITY:AU:nasdaqtrader:N:AU,,common_equity,eligible,N,,,96.3,128.26,,259068714.80142856,26.129666011787833,-5.652983246791409,-8.04926955027213,72.61157913604588,24.918135038203648,53.06928992202354,277.0,full,usable,2026-08-14,conditional,94.0,100.0,,,95.0,92.0,92.0,100.0,2.2.0,c8f1bf1665a8c5dfb834c0571e7dd5f6b6e5ccd00eab00295338bd42cfde549b
AUB,Atlantic Union Bankshares Corporation Common Stock,nasdaqtrader:N:AUB,SECURITY:AUB:nasdaqtrader:N:AUB,,common_equity,eligible,N,,,42.88,43.39,,45493590.00587302,-0.8554913294797628,16.39522258414765,6.401985111662545,25.12401517362124,1.1753860336483068,19.73449493368414,277.0,full,usable,2026-08-14,conditional,56.43,100.0,,,75.0,10.0,80.0,100.0,2.2.0,c8f1bf1665a8c5dfb834c0571e7dd5f6b6e5ccd00eab00295338bd42cfde549b
AUBN,"Auburn National Bancorporation, Inc. - Common Stock",nasdaqtrader:Q:AUBN,SECURITY:AUBN:nasdaqtrader:Q:AUBN,,common_equity,eligible,Q,,,26.25,28.88,,56417.49738253969,-1.1299435028248594,9.97067448680351,5.000000000000004,-2.416356877323411,9.106648199445978,31.67864723663855,277.0,full,usable,2026-08-14,rejected,61.0,100.0,,,61.0,82.0,0.0,100.0,2.2.0,c8f1bf1665a8c5dfb834c0571e7dd5f6b6e5ccd00eab00295338bd42cfde549b
AUC,ATIF Holdings Limited - Ordinary Shares,nasdaqtrader:Q:AUC,SECURITY:AUC:nasdaqtrader:Q:AUC,,common_equity,eligible,Q,,,6.98,10.97,,42175.19161746032,-12.201257861635217,-24.784482758620683,23.32155477031803,14.42622950819674,36.37192342752963,73.7195671503682,277.0,full,usable,2026-08-14,rejected,67.93,100.0,,,69.0,95.0,0.0,100.0,2.2.0,c8f1bf1665a8c5dfb834c0571e7dd5f6b6e5ccd00eab00295338bd42cfde549b
AUDC,AudioCodes Ltd. - Ordinary Shares,nasdaqtrader:Q:AUDC,SECURITY:AUDC:nasdaqtrader:Q:AUDC,,common_equity,eligible,Q,,,10.37,10.45,,1110287.049206349,6.5775950668036876,23.01304863582443,43.43015214384507,3.2868525896414313,0.7655502392344471,30.4295538909664,277.0,full,usable,2026-08-14,rejected,34.14,100.0,,,57.0,10.0,0.0,100.0,2.2.0,c8f1bf1665a8c5dfb834c0571e7dd5f6b6e5ccd00eab00295338bd42cfde549b
AUGO,Aura Minerals Inc. - Common Shares,nasdaqtrader:Q:AUGO,SECURITY:AUGO:nasdaqtrader:Q:AUGO,,common_equity,eligible,Q,,,76.02,109.14,,66068899.63698413,51.25348189415042,-4.963120390048759,10.285797185550539,186.0045146726862,30.346344145134697,89.48560653388853,273.0,full,usable,2026-08-14,conditional,91.43,100.0,,,95.0,92.0,80.0,100.0,2.2.0,c8f1bf1665a8c5dfb834c0571e7dd5f6b6e5ccd00eab00295338bd42cfde549b
AUID,authID Inc. - Common Stock,nasdaqtrader:Q:AUID,SECURITY:AUID:nasdaqtrader:Q:AUID,,common_equity,eligible,Q,,,0.5279,4.515,,389535.72532380954,-39.70991320237551,-59.70229007633587,-68.1987951807229,-86.9975369458128,88.30786267995569,124.9999480217355,277.0,full,usable,2026-08-14,rejected,32.14,100.0,,,25.0,30.0,0.0,100.0,2.2.0,c8f1bf1665a8c5dfb834c0571e7dd5f6b6e5ccd00eab00295338bd42cfde549b
AUNA,Auna SA Class A Ordinary Shares,nasdaqtrader:N:AUNA,SECURITY:AUNA:nasdaqtrader:N:AUNA,,common_equity,eligible,N,,,5.24,6.77,,1292787.60984127,1.747572815533971,4.590818363273463,6.50406504065042,-16.825396825396822,22.599704579025104,30.433666554644628,277.0,full,usable,2026-08-14,rejected,68.0,100.0,,,73.0,92.0,0.0,100.0,2.2.0,c8f1bf1665a8c5dfb834c0571e7dd5f6b6e5ccd00eab00295338bd42cfde549b
AUPH,Aurinia Pharmaceuticals Inc - Common Shares,nasdaqtrader:Q:AUPH,SECURITY:AUPH:nasdaqtrader:Q:AUPH,,common_equity,eligible,Q,,,15.47,18.62,,23509778.936031748,-2.9485570890840584,-2.3358585858585856,8.106219426974137,28.80932556203164,16.91729323308271,37.50684308449596,277.0,full,usable,2026-08-14,conditional,81.71,100.0,,,87.0,82.0,62.0,100.0,2.2.0,c8f1bf1665a8c5dfb834c0571e7dd5f6b6e5ccd00eab00295338bd42cfde549b
AUR,"Aurora Innovation, Inc.  - Class A Common Stock",nasdaqtrader:Q:AUR,NAMECLASS:AURORA INNOVATION INC,,common_equity,eligible,Q,,,6.99,8.4,,180632238.27825397,17.47899159663866,-14.54767726161369,65.63981042654031,8.204334365325083,16.78571428571428,62.90234768632447,277.0,full,usable,2026-08-14,conditional,83.0,100.0,,,69.0,82.0,92.0,100.0,2.2.0,c8f1bf1665a8c5dfb834c0571e7dd5f6b6e5ccd00eab00295338bd42cfde549b
AURA,"Aura Biosciences, Inc. - Common Stock",nasdaqtrader:Q:AURA,SECURITY:AURA:nasdaqtrader:Q:AURA,,common_equity,eligible,Q,,,7.69,8.9,,4040029.138888889,11.61103047895502,-3.6340852130325785,39.56442831215972,6.36237897648686,13.595505617977533,48.099320050663394,277.0,full,usable,2026-08-14,conditional,72.93,100.0,,,69.0,82.0,45.0,100.0,2.2.0,c8f1bf1665a8c5dfb834c0571e7dd5f6b6e5ccd00eab00295338bd42cfde549b
AURE,Aurelion Inc.  - Class A Ordinary Shares,nasdaqtrader:Q:AURE,NAMECLASS:AURELION INC,,common_equity,eligible,Q,,,1.77,11.7,,100409.08491746032,1.724137931034475,-28.04878048780488,-19.1411603471905,-51.718494271685756,84.87179487179488,107.4598003368076,277.0,full,usable,2026-08-14,rejected,44.14,100.0,,,67.0,30.0,0.0,100.0,2.2.0,c8f1bf1665a8c5dfb834c0571e7dd5f6b6e5ccd00eab00295338bd42cfde549b
AUST,Austin Gold Corp. Common Shares,nasdaqtrader:A:AUST,SECURITY:AUST:nasdaqtrader:A:AUST,,common_equity,eligible,A,,,1.31,2.84,,140434.45275079363,40.86021505376345,-2.9629629629629672,-23.391812865497073,2.34375,53.87323943661971,84.12322049249163,277.0,full,usable,2026-08-14,rejected,61.86,100.0,,,79.0,70.0,0.0,100.0,2.2.0,c8f1bf1665a8c5dfb834c0571e7dd5f6b6e5ccd00eab00295338bd42cfde549b
AUTL,Autolus Therapeutics plc - American Depositary Shares,nasdaqtrader:Q:AUTL,SECURITY:AUTL:nasdaqtrader:Q:AUTL,,adr,eligible,Q,,,2.15,2.33,,3147757.037619048,47.26027397260273,35.220125786163514,55.79710144927537,16.84782608695652,7.725321888412029,94.3799530534316,277.0,full,usable,2026-08-14,conditional,52.5,100.0,,,65.0,28.0,45.0,100.0,2.2.0,c8f1bf1665a8c5dfb834c0571e7dd5f6b6e5ccd00eab00295338bd42cfde549b
AVA,Avista Corporation Common Stock,nasdaqtrader:N:AVA,SECURITY:AVA:nasdaqtrader:N:AVA,,common_equity,eligible,N,,,39.15,43.08,,30631772.509206347,-7.468683526353114,-4.883381924198249,-7.643312101910837,3.5166578529878256,9.122562674094702,17.9408748971323,277.0,full,usable,2026-08-14,conditional,83.29,100.0,,,79.0,82.0,80.0,100.0,2.2.0,c8f1bf1665a8c5dfb834c0571e7dd5f6b6e5ccd00eab00295338bd42cfde549b
AVAH,Aveanna Healthcare Holdings Inc. - Common Stock,nasdaqtrader:Q:AVAH,SECURITY:AVAH:nasdaqtrader:Q:AVAH,,common_equity,eligible,Q,,,12.32,12.32,,20361854.96031746,24.444444444444446,65.59139784946235,57.34355044699873,72.30769230769229,0.0,78.50761476557906,277.0,full,usable,2026-08-14,conditional,52.0,100.0,,,73.0,10.0,62.0,100.0,2.2.0,c8f1bf1665a8c5dfb834c0571e7dd5f6b6e5ccd00eab00295338bd42cfde549b
AVAV,"AeroVironment, Inc. - Common Stock",nasdaqtrader:Q:AVAV,SECURITY:AVAV:nasdaqtrader:Q:AVAV,,common_equity,eligible,Q,,,192.81,409.83,,273778383.7785714,29.151316230156077,16.663641314213095,-17.99506634909833,-24.33185510772733,52.95366371422296,73.73070531429929,277.0,full,usable,2026-08-14,conditional,76.43,100.0,,,61.0,70.0,92.0,100.0,2.2.0,c8f1bf1665a8c5dfb834c0571e7dd5f6b6e5ccd00eab00295338bd42cfde549b
AVBC,"Avidia Bancorp, Inc. Common Stock",nasdaqtrader:N:AVBC,SECURITY:AVBC:nasdaqtrader:N:AVBC,,common_equity,eligible,N,,,22.17,22.41,,2659219.1450793655,6.894889103182278,14.989626556016589,16.255899318301005,53.002070393374744,1.070950468540821,32.53085857859237,261.0,full,usable,2026-08-14,conditional,48.36,100.0,,,73.0,10.0,45.0,100.0,2.2.0,c8f1bf1665a8c5dfb834c0571e7dd5f6b6e5ccd00eab00295338bd42cfde549b
AVBH,"Avidbank Holdings, Inc. - Common Stock",nasdaqtrader:Q:AVBH,SECURITY:AVBH:nasdaqtrader:Q:AVBH,,common_equity,eligible,Q,,,32.88,33.51,,4164396.493809524,0.42761148442271857,11.874787342633564,9.45406125166446,39.85538068906849,1.8800358102058934,12.534749646168125,256.0,full,usable,2026-08-14,conditional,48.93,100.0,,,75.0,10.0,45.0,100.0,2.2.0,c8f1bf1665a8c5dfb834c0571e7dd5f6b6e5ccd00eab00295338bd42cfde549b
AVBP,"ArriVent BioPharma, Inc. - Common Stock",nasdaqtrader:Q:AVBP,SECURITY:AVBP:nasdaqtrader:Q:AVBP,,common_equity,eligible,Q,,,29.51,34.74,,17583231.32888889,-9.920634920634907,3.835327234342012,31.623550401427302,63.762486126526085,15.054691997697178,62.99967195765282,277.0,full,usable,2026-08-14,conditional,81.14,100.0,,,85.0,82.0,62.0,100.0,2.2.0,c8f1bf1665a8c5dfb834c0571e7dd5f6b6e5ccd00eab00295338bd42cfde549b
AVD,American Vanguard Corporation Common Stock ($0.10 Par Value),nasdaqtrader:N:AVD,SECURITY:AVD:nasdaqtrader:N:AVD,,common_equity,eligible,N,,,2.12,5.81,,902353.586031746,-21.189591078066904,-27.147766323024058,-59.386973180076616,-59.77229601518026,63.51118760757315,59.35159389140553,277.0,full,usable,2026-08-14,rejected,55.57,100.0,,,57.0,70.0,0.0,100.0,2.2.0,c8f1bf1665a8c5dfb834c0571e7dd5f6b6e5ccd00eab00295338bd42cfde549b
AVEX,AEVEX Corp. Class A Common Stock,nasdaqtrader:N:AVEX,NAMECLASS:AEVEX CORP,,common_equity,eligible,N,,,21.54,40.48,,48517863.800158724,36.156763590391904,-10.807453416149071,,,46.78853754940712,101.51114852463634,83.0,insufficient,usable,2026-08-14,recheck,,71.43,,,,95.0,80.0,88.0,2.2.0,c8f1bf1665a8c5dfb834c0571e7dd5f6b6e5ccd00eab00295338bd42cfde549b
AVGO,Broadcom Inc. - Common Stock,nasdaqtrader:Q:AVGO,SECURITY:AVGO:nasdaqtrader:Q:AVGO,,common_equity,eligible,Q,,,392.99,481.57,,10330195973.572857,4.951261850714395,-10.6414425066509,18.667149802216375,27.144197482933798,18.39400294868866,44.879467775129584,277.0,full,usable,2026-08-14,conditional,87.0,100.0,,,77.0,82.0,100.0,100.0,2.2.0,c8f1bf1665a8c5dfb834c0571e7dd5f6b6e5ccd00eab00295338bd42cfde549b
AVIR,"Atea Pharmaceuticals, Inc. - common stock",nasdaqtrader:Q:AVIR,SECURITY:AVIR:nasdaqtrader:Q:AVIR,,common_equity,eligible,Q,,,5.12,6.15,,1598338.2246825397,8.589607635206796,19.906323185011733,18.244803695150114,46.285714285714285,16.7479674796748,44.09345645423339,277.0,full,usable,2026-08-14,rejected,62.14,100.0,,,65.0,82.0,0.0,100.0,2.2.0,c8f1bf1665a8c5dfb834c0571e7dd5f6b6e5ccd00eab00295338bd42cfde549b
AVLN,Avalyn Pharma Inc. - common stock,nasdaqtrader:Q:AVLN,SECURITY:AVLN:nasdaqtrader:Q:AVLN,,common_equity,eligible,Q,,,39.25,39.25,,9907507.49936508,52.842679127725866,28.18419333768778,,,0.0,63.17534277892077,74.0,insufficient,usable,2026-08-14,recheck,,71.43,,,,10.0,62.0,88.0,2.2.0,c8f1bf1665a8c5dfb834c0571e7dd5f6b6e5ccd00eab00295338bd42cfde549b
AVNT,Avient Corporation Common Stock,nasdaqtrader:N:AVNT,SECURITY:AVNT:nasdaqtrader:N:AVNT,,common_equity,eligible,N,,,46.34,46.34,,34151904.27587302,21.72314158129762,33.31415420023016,10.755258126195022,27.79922779922781,0.0,55.01913019442555,277.0,full,usable,2026-08-14,conditional,56.43,100.0,,,75.0,10.0,80.0,100.0,2.2.0,c8f1bf1665a8c5dfb834c0571e7dd5f6b6e5ccd00eab00295338bd42cfde549b
AVNW,"Aviat Networks, Inc. - Common Stock",nasdaqtrader:Q:AVNW,SECURITY:AVNW:nasdaqtrader:Q:AVNW,,common_equity,eligible,Q,,,22.15,26.74,,2950951.467222222,6.849975880366599,35.30849114233352,-11.541533546325876,-2.9785370127025868,17.165295437546746,36.32823252628465,277.0,full,usable,2026-08-14,conditional,70.64,100.0,,,61.0,82.0,45.0,100.0,2.2.0,c8f1bf1665a8c5dfb834c0571e7dd5f6b6e5ccd00eab00295338bd42cfde549b
AVO,"Mission Produce, Inc. - Common Stock",nasdaqtrader:Q:AVO,SECURITY:AVO:nasdaqtrader:Q:AVO,,common_equity,eligible,Q,,,13.06,15.34,,16061396.735714287,-4.671532846715321,5.663430420711979,-6.245513280689153,4.396482813749003,14.86310299869622,39.22590289607157,277.0,full,usable,2026-08-14,conditional,76.0,100.0,,,67.0,82.0,62.0,100.0,2.2.0,c8f1bf1665a8c5dfb834c0571e7dd5f6b6e5ccd00eab00295338bd42cfde549b
AVPT,"AvePoint, Inc. - Class A Common Stock",nasdaqtrader:Q:AVPT,NAMECLASS:AVEPOINT INC,,common_equity,eligible,Q,,,13.48,16.61,,27184991.518333334,2.1986353297953176,37.691521961184904,29.242569511025884,-10.07338225483656,18.844069837447318,44.325854608825175,277.0,full,usable,2026-08-14,conditional,75.29,100.0,,,51.0,82.0,80.0,100.0,2.2.0,c8f1bf1665a8c5dfb834c0571e7dd5f6b6e5ccd00eab00295338bd42cfde549b
AVR,Anteris Technologies Global Corp. - Common Stock,nasdaqtrader:Q:AVR,SECURITY:AVR:nasdaqtrader:Q:AVR,,common_equity,eligible,Q,,,9.4,10.57,,11606450.78079365,12.709832134292576,29.655172413793117,65.4929577464789,131.52709359605916,11.069063386944178,54.930242559897124,277.0,full,usable,2026-08-14,conditional,77.71,100.0,,,73.0,82.0,62.0,100.0,2.2.0,c8f1bf1665a8c5dfb834c0571e7dd5f6b6e5ccd00eab00295338bd42cfde549b
AVT,"Avnet, Inc. - Common Stock",nasdaqtrader:Q:AVT,SECURITY:AVT:nasdaqtrader:Q:AVT,,common_equity,eligible,Q,,,95.71,97.4,,115850177.86595239,12.918829636621032,10.430368062766803,45.10309278350515,74.78086194302409,1.7351129363449846,34.7103316350276,277.0,full,usable,2026-08-14,conditional,58.43,100.0,,,73.0,10.0,92.0,100.0,2.2.0,c8f1bf1665a8c5dfb834c0571e7dd5f6b6e5ccd00eab00295338bd42cfde549b
AVTR,"Avantor, Inc. Common Stock",nasdaqtrader:N:AVTR,SECURITY:AVTR:nasdaqtrader:N:AVTR,,common_equity,eligible,N,,,13.66,15.6,,111689261.51571429,21.31438721136767,72.04030226700252,49.45295404814003,4.514154552410088,12.435897435897436,61.046380346555885,277.0,full,usable,2026-08-14,conditional,79.57,100.0,,,57.0,82.0,92.0,100.0,2.2.0,c8f1bf1665a8c5dfb834c0571e7dd5f6b6e5ccd00eab00295338bd42cfde549b
AVTX,"Avalo Therapeutics, Inc. - Common Stock",nasdaqtrader:Q:AVTX,SECURITY:AVTX:nasdaqtrader:Q:AVTX,,common_equity,eligible,Q,,,19.59,22.87,,23875276.0,9.563758389261757,3.051025775907412,36.04166666666666,115.86776859504133,14.341932662877133,58.87043781214227,277.0,full,usable,2026-08-14,conditional,81.14,100.0,,,85.0,82.0,62.0,100.0,2.2.0,c8f1bf1665a8c5dfb834c0571e7dd5f6b6e5ccd00eab00295338bd42cfde549b
AVX,Avax One Technology Ltd. - Common Shares,nasdaqtrader:Q:AVX,SECURITY:AVX:nasdaqtrader:Q:AVX,,common_equity,eligible,Q,,,3.155,68.76,,139234.7228095238,-16.0904255319149,-45.82760989010989,-58.0675172780436,-91.40795206971679,95.41157649796394,85.67663733618001,277.0,full,usable,2026-08-14,rejected,32.14,100.0,,,25.0,30.0,0.0,100.0,2.2.0,c8f1bf1665a8c5dfb834c0571e7dd5f6b6e5ccd00eab00295338bd42cfde549b
AVY,Avery Dennison Corporation Common Stock,nasdaqtrader:N:AVY,SECURITY:AVY:nasdaqtrader:N:AVY,,common_equity,eligible,N,,,178.93,197.45,,126727097.31333333,9.732613761805474,12.45679089937779,-8.499105088212733,-0.27866020174998063,9.379589769561903,31.666664618082134,277.0,full,usable,2026-08-14,conditional,80.71,100.0,,,61.0,82.0,92.0,100.0,2.2.0,c8f1bf1665a8c5dfb834c0571e7dd5f6b6e5ccd00eab00295338bd42cfde549b
AWI,Armstrong World Industries Inc Common Stock,nasdaqtrader:N:AWI,SECURITY:AWI:nasdaqtrader:N:AWI,,common_equity,eligible,N,,,182.2,203.71,,78173148.86746031,13.400136926619787,13.640616229027614,-7.484513049659802,-7.173425718361526,10.559128172401955,36.075396661564724,277.0,full,usable,2026-08-14,conditional,78.14,100.0,,,61.0,82.0,80.0,100.0,2.2.0,c8f1bf1665a8c5dfb834c0571e7dd5f6b6e5ccd00eab00295338bd42cfde549b
AWK,"American Water Works Company, Inc. Common Stock",nasdaqtrader:N:AWK,SECURITY:AWK:nasdaqtrader:N:AWK,,common_equity,eligible,N,,,136.2,146.2,,298782491.135873,1.392094096627683,8.112398793459263,6.099555971021253,-5.238989772490088,6.839945280437753,23.6047109027238,277.0,full,usable,2026-08-14,conditional,61.43,100.0,,,61.0,28.0,92.0,100.0,2.2.0,c8f1bf1665a8c5dfb834c0571e7dd5f6b6e5ccd00eab00295338bd42cfde549b
AWR,American States Water Company Common Stock,nasdaqtrader:N:AWR,SECURITY:AWR:nasdaqtrader:N:AWR,,common_equity,eligible,N,,,88.97,89.28,,26666769.239682537,1.18275901285112,14.933471127761266,22.060639319522558,16.743209552552173,0.347222222222221,20.37495516783841,277.0,full,usable,2026-08-14,conditional,53.57,100.0,,,65.0,10.0,80.0,100.0,2.2.0,c8f1bf1665a8c5dfb834c0571e7dd5f6b6e5ccd00eab00295338bd42cfde549b
AWRE,"Aware, Inc. - Common Stock",nasdaqtrader:Q:AWRE,SECURITY:AWRE:nasdaqtrader:Q:AWRE,,common_equity,eligible,Q,,,1.21,2.94,,56170.49396825397,5.21739130434784,0.0,-29.651162790697672,-49.79253112033195,58.843537414965986,58.70045580813946,277.0,full,usable,2026-08-14,rejected,58.43,100.0,,,67.0,70.0,0.0,100.0,2.2.0,c8f1bf1665a8c5dfb834c0571e7dd5f6b6e5ccd00eab00295338bd42cfde549b
AWX,Avalon Holdings Corporation Common Stock,nasdaqtrader:A:AWX,SECURITY:AWX:nasdaqtrader:A:AWX,,common_equity,eligible,A,,,2.78,5.05,,120457.93709365079,4.909619230914353,10.752559658977724,3.731343283582067,9.453128075908502,44.95049504950496,33.927371963577464,277.0,full,usable,2026-08-14,rejected,67.36,100.0,,,67.0,95.0,0.0,100.0,2.2.0,c8f1bf1665a8c5dfb834c0571e7dd5f6b6e5ccd00eab00295338bd42cfde549b
AX,"Axos Financial, Inc. Common Stock",nasdaqtrader:N:AX,SECURITY:AX:nasdaqtrader:N:AX,,common_equity,eligible,N,,,102.16,105.1,,35461834.27222222,1.2086387953239575,22.435282837967407,8.04865150713907,14.375279892521275,2.7973358705994267,26.792031470010713,277.0,full,usable,2026-08-14,conditional,54.14,100.0,,,67.0,10.0,80.0,100.0,2.2.0,c8f1bf1665a8c5dfb834c0571e7dd5f6b6e5ccd00eab00295338bd42cfde549b
AXG,Solowin Holdings - Class A Ordinary Share,nasdaqtrader:Q:AXG,NAMECLASS:SOLOWIN HOLDINGS,,common_equity,eligible,Q,,,2.7,4.69,,496515.26507936505,-16.92307692307692,-25.0,-31.818181818181813,-36.61971830985915,42.43070362473348,38.36702715437209,277.0,full,usable,2026-08-14,rejected,67.36,100.0,,,67.0,95.0,0.0,100.0,2.2.0,c8f1bf1665a8c5dfb834c0571e7dd5f6b6e5ccd00eab00295338bd42cfde549b
AXGN,"Axogen, Inc. - Common Stock",nasdaqtrader:Q:AXGN,SECURITY:AXGN:nasdaqtrader:Q:AXGN,,common_equity,eligible,Q,,,48.73,49.67,,52405871.67642857,22.514142049025775,18.998778998778974,49.43268935909229,230.1490514905149,1.8924904368834428,47.307047370851436,277.0,full,usable,2026-08-14,conditional,55.86,100.0,,,73.0,10.0,80.0,100.0,2.2.0,c8f1bf1665a8c5dfb834c0571e7dd5f6b6e5ccd00eab00295338bd42cfde549b
AXIL,"AXIL Brands, Inc. Common Stock",nasdaqtrader:A:AXIL,SECURITY:AXIL:nasdaqtrader:A:AXIL,,common_equity,eligible,A,,,6.085,8.69,,103149.01628095239,3.1355932203389836,-13.319088319088312,-0.08210180623973162,-25.7020757020757,29.976985040276173,60.13527459995659,277.0,full,usable,2026-08-14,rejected,66.29,100.0,,,67.0,92.0,0.0,100.0,2.2.0,c8f1bf1665a8c5dfb834c0571e7dd5f6b6e5ccd00eab00295338bd42cfde549b
AXON,"Axon Enterprise, Inc. - Common Stock",nasdaqtrader:Q:AXON,SECURITY:AXON:nasdaqtrader:Q:AXON,,common_equity,eligible,Q,,,612.83,791.62,,547115106.1987301,13.12044300876789,57.86856951492827,40.61861820518116,-19.94591911380499,22.58533134584775,80.52116204307777,277.0,full,usable,2026-08-14,conditional,83.14,100.0,,,51.0,92.0,100.0,100.0,2.2.0,c8f1bf1665a8c5dfb834c0571e7dd5f6b6e5ccd00eab00295338bd42cfde549b
AXP,American Express Company Common Stock,nasdaqtrader:N:AXP,SECURITY:AXP:nasdaqtrader:N:AXP,,common_equity,eligible,N,,,342.48,384.89,,998489260.8087301,-5.279752191830067,9.498992870160183,-0.11665888940736169,11.604262391240594,11.018732624905814,27.56699828654981,277.0,full,usable,2026-08-14,conditional,84.14,100.0,,,67.0,82.0,100.0,100.0,2.2.0,c8f1bf1665a8c5dfb834c0571e7dd5f6b6e5ccd00eab00295338bd42cfde549b
AXR,AMREP Corporation Common Stock,nasdaqtrader:N:AXR,SECURITY:AXR:nasdaqtrader:N:AXR,,common_equity,eligible,N,,,22.51,28.39,,270769.94428571424,-11.725490196078425,-7.518488085456032,-4.981004643309417,-0.6181015452538463,20.7115181401902,36.755331282471275,277.0,full,usable,2026-08-14,rejected,68.0,100.0,,,73.0,92.0,0.0,100.0,2.2.0,c8f1bf1665a8c5dfb834c0571e7dd5f6b6e5ccd00eab00295338bd42cfde549b
AXS,Axis Capital Holdings Limited Common Stock,nasdaqtrader:N:AXS,SECURITY:AXS:nasdaqtrader:N:AXS,,common_equity,eligible,N,,,101.2,119.27,,76006790.52507937,-10.93117408906883,3.5929982598014165,0.08901196716448734,3.149526042197537,15.15049886811436,39.194722730146,277.0,full,usable,2026-08-14,conditional,83.29,100.0,,,79.0,82.0,80.0,100.0,2.2.0,c8f1bf1665a8c5dfb834c0571e7dd5f6b6e5ccd00eab00295338bd42cfde549b
AXSM,"Axsome Therapeutics, Inc. - Common Stock",nasdaqtrader:Q:AXSM,SECURITY:AXSM:nasdaqtrader:Q:AXSM,,common_equity,eligible,Q,,,213.67,255.17,,204183026.80539683,-9.859095511306116,-8.007921815128949,16.797857220946753,95.32864064356887,16.263667359015553,45.97808757662246,277.0,full,usable,2026-08-14,conditional,87.57,100.0,,,85.0,82.0,92.0,100.0,2.2.0,c8f1bf1665a8c5dfb834c0571e7dd5f6b6e5ccd00eab00295338bd42cfde549b
AXTA,Axalta Coating Systems Ltd. Common Shares,nasdaqtrader:N:AXTA,SECURITY:AXTA:nasdaqtrader:N:AXTA,,common_equity,eligible,N,,,37.31,38.19,,72837566.74587302,13.473236009732359,32.49289772727273,10.417283219887551,21.333333333333336,2.304268133019105,34.43535505299018,277.0,full,usable,2026-08-14,conditional,56.43,100.0,,,75.0,10.0,80.0,100.0,2.2.0,c8f1bf1665a8c5dfb834c0571e7dd5f6b6e5ccd00eab00295338bd42cfde549b
AXTI,AXT Inc - Common Stock,nasdaqtrader:Q:AXTI,SECURITY:AXTI:nasdaqtrader:Q:AXTI,,common_equity,eligible,Q,,,81.64,140.83,,805917636.7731746,79.15295150318191,-28.996347190815797,229.3263412666398,3644.9541284403667,42.02939714549457,182.9889671114832,277.0,full,usable,2026-08-14,conditional,93.93,100.0,,,85.0,95.0,100.0,100.0,2.2.0,c8f1bf1665a8c5dfb834c0571e7dd5f6b6e5ccd00eab00295338bd42cfde549b
AYA,Aya Gold & Silver Inc. - Common Shares,nasdaqtrader:Q:AYA,SECURITY:AYA:nasdaqtrader:Q:AYA,,common_equity,eligible,Q,,,25.92,28.04,,12348096.002142858,38.24000000000001,21.00840336134453,,,7.560627674750354,76.94231594203926,72.0,insufficient,usable,2026-08-14,recheck,,71.43,,,,28.0,62.0,88.0,2.2.0,c8f1bf1665a8c5dfb834c0571e7dd5f6b6e5ccd00eab00295338bd42cfde549b
AYI,Acuity Inc. Common Stock,nasdaqtrader:N:AYI,SECURITY:AYI:nasdaqtrader:N:AYI,,common_equity,eligible,N,,,358.43,376.69,,122737982.41158731,5.343130051432765,23.878482062625306,14.426637721874602,9.344112263575344,4.847487323794097,32.44491370925883,277.0,full,usable,2026-08-14,conditional,56.71,100.0,,,67.0,10.0,92.0,100.0,2.2.0,c8f1bf1665a8c5dfb834c0571e7dd5f6b6e5ccd00eab00295338bd42cfde549b
AYTU,"Aytu BioPharma, Inc.  - Common Stock",nasdaqtrader:Q:AYTU,SECURITY:AYTU:nasdaqtrader:Q:AYTU,,common_equity,eligible,Q,,,2.38,2.9,,69406.24987301587,10.185185185185164,4.8458149779735615,9.174311926605494,3.9301310043668103,17.931034482758623,36.43102130418233,277.0,full,usable,2026-08-14,rejected,66.14,100.0,,,79.0,82.0,0.0,100.0,2.2.0,c8f1bf1665a8c5dfb834c0571e7dd5f6b6e5ccd00eab00295338bd42cfde549b
AZ,A2Z Cust2Mate Solutions Corp. - Common Shares,nasdaqtrader:Q:AZ,SECURITY:AZ:nasdaqtrader:Q:AZ,,common_equity,eligible,Q,,,7.33,9.62,,2557984.955873016,28.822495606326882,9.077380952380953,21.963394342762065,-25.35641547861507,23.804573804573803,91.61585653532669,277.0,full,usable,2026-08-14,conditional,69.64,100.0,,,45.0,92.0,45.0,100.0,2.2.0,c8f1bf1665a8c5dfb834c0571e7dd5f6b6e5ccd00eab00295338bd42cfde549b
AZI,Autozi Internet Technology (Global) Ltd. - Class A Ordinary Shares,nasdaqtrader:Q:AZI,NAMECLASS:AUTOZI INTERNET TECHNOLOGY GLOBAL LTD,,common_equity,eligible,Q,,,1.31,118.65,,14146854.346428571,3.149606299212593,-4.029304029304026,-70.88888888888889,-98.86086956521739,98.89591234723977,165.71325403479804,277.0,full,usable,2026-08-14,conditional,48.86,100.0,,,37.0,30.0,62.0,100.0,2.2.0,c8f1bf1665a8c5dfb834c0571e7dd5f6b6e5ccd00eab00295338bd42cfde549b
AZN,AstraZeneca PLC Ordinary Shares,nasdaqtrader:N:AZN,SECURITY:AZN:nasdaqtrader:N:AZN,,common_equity,eligible,N,,,156.45,209.48,,488373962.2203175,-7.584618110933905,-15.414143598615926,-23.503813807940553,,25.315065877410735,36.87183451882562,135.0,limited_but_usable,usable,2026-08-14,conditional,83.71,100.0,,,59.0,92.0,92.0,100.0,2.2.0,c8f1bf1665a8c5dfb834c0571e7dd5f6b6e5ccd00eab00295338bd42cfde549b
AZO,"AutoZone, Inc. Common Stock",nasdaqtrader:N:AZO,SECURITY:AZO:nasdaqtrader:N:AZO,,common_equity,eligible,N,,,3025.0,4354.54,,1058880338.044127,-1.2135224808631717,-10.490247135687902,-20.157520633672142,-25.057538468399056,30.532272065476494,34.97738185149494,277.0,full,usable,2026-08-14,conditional,87.71,100.0,,,67.0,92.0,100.0,100.0,2.2.0,c8f1bf1665a8c5dfb834c0571e7dd5f6b6e5ccd00eab00295338bd42cfde549b
AZTA,"Azenta, Inc. - Common Stock",nasdaqtrader:Q:AZTA,SECURITY:AZTA:nasdaqtrader:Q:AZTA,,common_equity,eligible,Q,,,33.38,41.01,,20742846.419126984,24.64525765496639,98.69047619047619,18.705547652916078,4.05236907730675,18.60521823945378,45.111263133143986,277.0,full,usable,2026-08-14,conditional,73.14,100.0,,,57.0,82.0,62.0,100.0,2.2.0,c8f1bf1665a8c5dfb834c0571e7dd5f6b6e5ccd00eab00295338bd42cfde549b
AZTR,Azitra Inc Common Stock,nasdaqtrader:A:AZTR,SECURITY:AZTR:nasdaqtrader:A:AZTR,,common_equity,eligible,A,,,0.1393,1.07,,2325050.7583190477,4.894578313253017,-24.498644986449857,-32.672788786853545,-86.3163064833006,86.98130841121495,55.80454453992177,277.0,full,usable,2026-08-14,conditional,48.07,100.0,,,47.0,30.0,45.0,100.0,2.2.0,c8f1bf1665a8c5dfb834c0571e7dd5f6b6e5ccd00eab00295338bd42cfde549b
AZUL,"Azul S.A. American Depositary Shares, each representing two (2) Common Shares",nasdaqtrader:N:AZUL,SECURITY:AZUL:nasdaqtrader:N:AZUL,,adr,eligible,N,,,8.2,9.83,,1455600.457264151,-4.428904428904435,,,,16.58189216683622,34.118935751263976,53.0,insufficient,usable,2026-08-14,rejected,,71.43,,,,82.0,0.0,76.0,2.2.0,c8f1bf1665a8c5dfb834c0571e7dd5f6b6e5ccd00eab00295338bd42cfde549b
