ticker,company,contract_id,issuer_id,issuer_cik,security_type,instrument_status,exchange,sector,industry,current_price,reference_52w_high,market_cap,avg_dollar_volume,return_1m_pct,return_3m_pct,return_6m_pct,return_12m_pct,drawdown_pct,historical_volatility_pct,trading_history_days,momentum_history_status,data_integrity_status,as_of,l2_status,l2_setup_score,l2_confidence_pct,l2_quality_prior_score,l2_room_to_target_score,setup_prior_growth,setup_pullback_geometry,setup_liquidity,setup_data_completeness,setup_model_version,l2_rules_hash
LU,"Lufax Holding Ltd American Depositary Shares, each representing two (2) Ordinary Shares",nasdaqtrader:N:LU,SECURITY:LU:nasdaqtrader:N:LU,,adr,eligible,N,,,1.53,4.4,,1656560.0015873015,12.5,-15.934065934065933,-50.80385852090033,-47.05882352941176,65.22727272727273,58.43668442121434,277.0,full,usable,2026-08-18,rejected,41.29,100.0,,,57.0,30.0,0.0,100.0,2.2.0,c8f1bf1665a8c5dfb834c0571e7dd5f6b6e5ccd00eab00295338bd42cfde549b
LUCD,Lucid Diagnostics Inc. - Common Stock,nasdaqtrader:Q:LUCD,SECURITY:LUCD:nasdaqtrader:Q:LUCD,,common_equity,eligible,Q,,,0.9895,1.47,,1448009.7148698412,2.083978128546371,3.601717097686108,-23.294573643410853,-2.990196078431373,32.68707482993197,75.18205011358651,277.0,full,usable,2026-08-18,rejected,68.0,100.0,,,73.0,92.0,0.0,100.0,2.2.0,c8f1bf1665a8c5dfb834c0571e7dd5f6b6e5ccd00eab00295338bd42cfde549b
LUCK,Lucky Strike Entertainment Corporation Class A Common Stock,nasdaqtrader:N:LUCK,NAMECLASS:LUCKY STRIKE ENTERTAINMENT CORPORATION,,common_equity,eligible,N,,,6.6,10.7,,825177.2473015873,-8.965517241379317,-21.521997621878718,-19.902912621359224,-34.65346534653465,38.3177570093458,32.451738726627255,277.0,full,usable,2026-08-18,rejected,67.36,100.0,,,67.0,95.0,0.0,100.0,2.2.0,c8f1bf1665a8c5dfb834c0571e7dd5f6b6e5ccd00eab00295338bd42cfde549b
LUCY,"Innovative Eyewear, Inc. - Common Stock",nasdaqtrader:Q:LUCY,SECURITY:LUCY:nasdaqtrader:Q:LUCY,,common_equity,eligible,Q,,,0.711,2.14,,5212198.824661905,-5.301012253596172,-24.369747899159666,-38.17391304347826,-65.3170731707317,66.77570093457945,104.22193443540928,277.0,full,usable,2026-08-18,conditional,57.43,100.0,,,67.0,30.0,62.0,100.0,2.2.0,c8f1bf1665a8c5dfb834c0571e7dd5f6b6e5ccd00eab00295338bd42cfde549b
LUD,Luda Technology Group Limited Ordinary Shares,nasdaqtrader:A:LUD,SECURITY:LUD:nasdaqtrader:A:LUD,,common_equity,eligible,A,,,4.4,19.7,,389988.76424444444,8.374384236453224,-25.170068027210878,-32.30769230769231,-0.22675736961450532,77.66497461928934,48.41478024549411,277.0,full,usable,2026-08-18,rejected,45.86,100.0,,,73.0,30.0,0.0,100.0,2.2.0,c8f1bf1665a8c5dfb834c0571e7dd5f6b6e5ccd00eab00295338bd42cfde549b
LULU,lululemon athletica inc. - Common Stock,nasdaqtrader:Q:LULU,SECURITY:LULU:nasdaqtrader:Q:LULU,,common_equity,eligible,Q,,,119.01,215.88,,404110424.0115873,2.0056569812291203,-1.0394146016963202,-33.03511141120864,-40.0332560717525,44.87215119510839,33.55715951243708,277.0,full,usable,2026-08-18,conditional,87.07,100.0,,,67.0,95.0,92.0,100.0,2.2.0,c8f1bf1665a8c5dfb834c0571e7dd5f6b6e5ccd00eab00295338bd42cfde549b
LUMN,"Lumen Technologies, Inc. Common Stock",nasdaqtrader:N:LUMN,SECURITY:LUMN:nasdaqtrader:N:LUMN,,common_equity,eligible,N,,,6.13,11.83,,105460360.06555556,-3.9184952978056464,-36.60806618407446,-24.227441285537697,38.37471783295712,48.1825866441251,60.24520242162854,277.0,full,usable,2026-08-18,conditional,92.79,100.0,,,87.0,95.0,92.0,100.0,2.2.0,c8f1bf1665a8c5dfb834c0571e7dd5f6b6e5ccd00eab00295338bd42cfde549b
LUNG,Pulmonx Corporation - Common Stock,nasdaqtrader:Q:LUNG,SECURITY:LUNG:nasdaqtrader:Q:LUNG,,common_equity,eligible,Q,,,2.26,2.6,,948058.6789682539,66.78966789667895,72.51908396946563,51.67785234899327,44.87179487179485,13.076923076923086,128.40003989081666,277.0,full,usable,2026-08-18,rejected,62.14,100.0,,,65.0,82.0,0.0,100.0,2.2.0,c8f1bf1665a8c5dfb834c0571e7dd5f6b6e5ccd00eab00295338bd42cfde549b
LUNR,"Intuitive Machines, Inc. - Class A Common Stock",nasdaqtrader:Q:LUNR,NAMECLASS:INTUITIVE MACHINES INC,,common_equity,eligible,Q,,,19.31,45.7,,321244046.938254,39.62400578452638,-42.512652575171195,16.185318892900113,112.54815630159602,57.74617067833698,86.70854351418438,277.0,full,usable,2026-08-18,conditional,83.29,100.0,,,85.0,70.0,92.0,100.0,2.2.0,c8f1bf1665a8c5dfb834c0571e7dd5f6b6e5ccd00eab00295338bd42cfde549b
LUV,Southwest Airlines Company Common Stock,nasdaqtrader:N:LUV,SECURITY:LUV:nasdaqtrader:N:LUV,,common_equity,eligible,N,,,42.49,54.8,,276646504.2171429,-12.101779064956563,10.766423357664245,-21.691854036122372,34.8888888888889,22.46350364963503,39.789890090092086,277.0,full,usable,2026-08-18,conditional,88.29,100.0,,,75.0,92.0,92.0,100.0,2.2.0,c8f1bf1665a8c5dfb834c0571e7dd5f6b6e5ccd00eab00295338bd42cfde549b
LUXE,"LuxExperience B.V. American Depositary Shares, each representing one Ordinary Share",nasdaqtrader:N:LUXE,SECURITY:LUXE:nasdaqtrader:N:LUXE,,adr,eligible,N,,,7.55,10.51,,1565385.2971428572,-7.926829268292678,-3.0808729139923052,-26.484907497565725,-11.48886283704572,28.163653663177925,38.83553236142359,277.0,full,usable,2026-08-18,rejected,68.0,100.0,,,73.0,92.0,0.0,100.0,2.2.0,c8f1bf1665a8c5dfb834c0571e7dd5f6b6e5ccd00eab00295338bd42cfde549b
LVLU,"Lulu's Fashion Lounge Holdings, Inc. - Common Stock",nasdaqtrader:Q:LVLU,SECURITY:LVLU:nasdaqtrader:Q:LVLU,,common_equity,eligible,Q,,,14.6195,26.16,,337331.5942476191,-12.036702767749707,54.21413502109704,-0.7501697216564795,262.7667493796526,44.115061162079506,143.91109334808903,277.0,full,usable,2026-08-18,rejected,71.93,100.0,,,83.0,95.0,0.0,100.0,2.2.0,c8f1bf1665a8c5dfb834c0571e7dd5f6b6e5ccd00eab00295338bd42cfde549b
LVO,"LiveOne, Inc. - Common Stock",nasdaqtrader:Q:LVO,SECURITY:LVO:nasdaqtrader:Q:LVO,,common_equity,eligible,Q,,,3.62,7.02,,409440.3813492063,-32.58845437616388,-41.80064308681671,-26.942482341069628,-43.2156862745098,48.433048433048434,78.18465286875336,277.0,full,usable,2026-08-18,rejected,67.36,100.0,,,67.0,95.0,0.0,100.0,2.2.0,c8f1bf1665a8c5dfb834c0571e7dd5f6b6e5ccd00eab00295338bd42cfde549b
LVS,Las Vegas Sands Corp. Common Stock,nasdaqtrader:N:LVS,SECURITY:LVS:nasdaqtrader:N:LVS,,common_equity,eligible,N,,,45.47,69.49,,224872564.01396823,-0.7421960270683314,-9.404263797569234,-20.949235048678727,-15.26276556093924,34.566124622247806,24.434327082402366,277.0,full,usable,2026-08-18,conditional,87.71,100.0,,,73.0,92.0,92.0,100.0,2.2.0,c8f1bf1665a8c5dfb834c0571e7dd5f6b6e5ccd00eab00295338bd42cfde549b
LVWR,"LiveWire Group, Inc. Common Stock",nasdaqtrader:N:LVWR,SECURITY:LVWR:nasdaqtrader:N:LVWR,,common_equity,eligible,N,,,1.24,6.21,,7564682.312936508,50.375939849624054,-3.875968992248069,-49.79757085020243,-65.07042253521126,80.03220611916264,306.3740757225881,277.0,full,usable,2026-08-18,conditional,57.43,100.0,,,67.0,30.0,62.0,100.0,2.2.0,c8f1bf1665a8c5dfb834c0571e7dd5f6b6e5ccd00eab00295338bd42cfde549b
LW,"Lamb Weston Holdings, Inc. Common Stock",nasdaqtrader:N:LW,SECURITY:LW:nasdaqtrader:N:LW,,common_equity,eligible,N,,,51.98,66.57,,75922616.49968253,11.54506437768239,19.083619702176403,7.887090078870895,-4.007386888273324,21.916779330028536,31.02215671333773,277.0,full,usable,2026-08-18,conditional,81.71,100.0,,,61.0,92.0,80.0,100.0,2.2.0,c8f1bf1665a8c5dfb834c0571e7dd5f6b6e5ccd00eab00295338bd42cfde549b
LWAY,"Lifeway Foods, Inc. - Common Stock",nasdaqtrader:Q:LWAY,SECURITY:LWAY:nasdaqtrader:Q:LWAY,,common_equity,eligible,Q,,,25.45,33.82,,5025875.991984127,-17.956157317859443,6.932773109243695,16.850321395775936,-14.59731543624162,24.748669426374924,63.020676948279785,277.0,full,usable,2026-08-18,conditional,75.0,100.0,,,51.0,92.0,62.0,100.0,2.2.0,c8f1bf1665a8c5dfb834c0571e7dd5f6b6e5ccd00eab00295338bd42cfde549b
LWLG,"Lightwave Logic, Inc. - Common Stock",nasdaqtrader:Q:LWLG,SECURITY:LWLG:nasdaqtrader:Q:LWLG,,common_equity,eligible,Q,,,6.64,18.215,,41386200.10039682,11.596638655462165,-42.70923209663503,91.90751445086704,208.8372093023256,63.54652758715345,113.61289909221264,277.0,full,usable,2026-08-18,conditional,80.71,100.0,,,85.0,70.0,80.0,100.0,2.2.0,c8f1bf1665a8c5dfb834c0571e7dd5f6b6e5ccd00eab00295338bd42cfde549b
LX,LexinFintech Holdings Ltd. - American Depositary Shares,nasdaqtrader:Q:LX,SECURITY:LX:nasdaqtrader:Q:LX,,adr,eligible,Q,,,1.34,6.75,,3846659.9171428573,-7.586206896551717,-31.979695431472077,-55.33333333333332,-80.0,80.14814814814815,47.53862974170048,277.0,full,usable,2026-08-18,conditional,45.21,100.0,,,37.0,30.0,45.0,100.0,2.2.0,c8f1bf1665a8c5dfb834c0571e7dd5f6b6e5ccd00eab00295338bd42cfde549b
LXEH,"Lixiang Education Holding Co., Ltd. - American Depositary Shares",nasdaqtrader:Q:LXEH,SECURITY:LXEH:nasdaqtrader:Q:LXEH,,adr,eligible,Q,,,1.66,32.4,,548708.5232539683,13.698630136986289,32.79999999999998,-23.537540304007365,-88.14285714285714,94.87654320987654,53.33792389179764,277.0,full,usable,2026-08-18,rejected,35.0,100.0,,,35.0,30.0,0.0,100.0,2.2.0,c8f1bf1665a8c5dfb834c0571e7dd5f6b6e5ccd00eab00295338bd42cfde549b
LXEO,"Lexeo Therapeutics, Inc. - Common Stock",nasdaqtrader:Q:LXEO,SECURITY:LXEO:nasdaqtrader:Q:LXEO,,common_equity,eligible,Q,,,4.93,10.63,,4459389.512619047,8.351648351648343,4.670912951167727,-21.496815286624216,4.449152542372881,53.621825023518355,58.05904975172423,277.0,full,usable,2026-08-18,conditional,71.5,100.0,,,79.0,70.0,45.0,100.0,2.2.0,c8f1bf1665a8c5dfb834c0571e7dd5f6b6e5ccd00eab00295338bd42cfde549b
LXFR,Luxfer Holdings PLC Ordinary Shares,nasdaqtrader:N:LXFR,SECURITY:LXFR:nasdaqtrader:N:LXFR,,common_equity,eligible,N,,,17.1,19.08,,4211236.546666667,6.542056074766367,10.465116279069765,9.47503201024329,37.90322580645162,10.377358490566024,21.51927470520446,277.0,full,usable,2026-08-18,conditional,74.64,100.0,,,75.0,82.0,45.0,100.0,2.2.0,c8f1bf1665a8c5dfb834c0571e7dd5f6b6e5ccd00eab00295338bd42cfde549b
LXP,LXP Industrial Trust Common Stock (Maryland REIT),nasdaqtrader:N:LXP,SECURITY:LXP:nasdaqtrader:N:LXP,,common_equity,eligible,N,,,60.57,61.15,,38058994.41682539,-0.46014790468364986,17.61165048543689,25.19636213311285,47.19319562575943,0.9484873262469273,18.244318394695,277.0,full,usable,2026-08-18,conditional,53.57,100.0,,,65.0,10.0,80.0,100.0,2.2.0,c8f1bf1665a8c5dfb834c0571e7dd5f6b6e5ccd00eab00295338bd42cfde549b
LXRX,"Lexicon Pharmaceuticals, Inc. - Common Stock",nasdaqtrader:Q:LXRX,SECURITY:LXRX:nasdaqtrader:Q:LXRX,,common_equity,eligible,Q,,,2.42,2.64,,7430666.816031746,3.862660944205998,13.08411214953269,83.33333333333333,95.16129032258065,8.333333333333337,50.00452838221737,277.0,full,usable,2026-08-18,conditional,77.71,100.0,,,73.0,82.0,62.0,100.0,2.2.0,c8f1bf1665a8c5dfb834c0571e7dd5f6b6e5ccd00eab00295338bd42cfde549b
LXU,"LSB Industries, Inc. Common Stock",nasdaqtrader:N:LXU,SECURITY:LXU:nasdaqtrader:N:LXU,,common_equity,eligible,N,,,10.23,16.88,,9834739.165238095,-9.788359788359779,-26.296829971181555,5.681818181818188,33.5509138381201,39.3957345971564,49.286063132014476,277.0,full,usable,2026-08-18,conditional,86.36,100.0,,,87.0,95.0,62.0,100.0,2.2.0,c8f1bf1665a8c5dfb834c0571e7dd5f6b6e5ccd00eab00295338bd42cfde549b
LYB,LyondellBasell Industries NV Ordinary Shares Class A (Netherlands),nasdaqtrader:N:LYB,SECURITY:LYB:nasdaqtrader:N:LYB,,common_equity,eligible,N,,,65.33,82.38,,310027184.02603173,7.574510126790712,-11.871037366788073,16.70239371204001,22.38666167103782,20.696771060937113,35.77704284858573,277.0,full,usable,2026-08-18,conditional,88.86,100.0,,,77.0,92.0,92.0,100.0,2.2.0,c8f1bf1665a8c5dfb834c0571e7dd5f6b6e5ccd00eab00295338bd42cfde549b
LYEL,"Lyell Immunopharma, Inc. - Common Stock",nasdaqtrader:Q:LYEL,SECURITY:LYEL:nasdaqtrader:Q:LYEL,,common_equity,eligible,Q,,,15.79,38.6,,2502692.2357142856,22.21362229102166,-4.3609933373712995,-37.78565799842396,49.2438563327032,59.09326424870467,72.62218853450078,277.0,full,usable,2026-08-18,conditional,73.79,100.0,,,87.0,70.0,45.0,100.0,2.2.0,c8f1bf1665a8c5dfb834c0571e7dd5f6b6e5ccd00eab00295338bd42cfde549b
LYFT,"Lyft, Inc. - Class A Common Stock",nasdaqtrader:Q:LYFT,NAMECLASS:LYFT INC,,common_equity,eligible,Q,,,16.93,24.57,,192215416.38904762,9.721322099805562,26.626776364996264,27.29323308270675,7.01643489254109,31.0948310948311,46.22960689306693,277.0,full,usable,2026-08-18,conditional,83.14,100.0,,,57.0,92.0,92.0,100.0,2.2.0,c8f1bf1665a8c5dfb834c0571e7dd5f6b6e5ccd00eab00295338bd42cfde549b
LYG,Lloyds Banking Group Plc American Depositary Shares,nasdaqtrader:N:LYG,SECURITY:LYG:nasdaqtrader:N:LYG,,adr,eligible,N,,,6.06,6.28,,114721716.27714285,3.0612244897959107,17.214700193423592,6.315789473684208,34.070796460176986,3.5031847133758065,30.570318295969955,277.0,full,usable,2026-08-18,conditional,59.0,100.0,,,75.0,10.0,92.0,100.0,2.2.0,c8f1bf1665a8c5dfb834c0571e7dd5f6b6e5ccd00eab00295338bd42cfde549b
LYNX,Lyntris Inc. Common Stock,nasdaqtrader:N:LYNX,SECURITY:LYNX:nasdaqtrader:N:LYNX,,common_equity,eligible,N,,,,,,,,,,,,,0.0,insufficient,usable,,recheck,,14.29,,,,,,28.0,2.2.0,c8f1bf1665a8c5dfb834c0571e7dd5f6b6e5ccd00eab00295338bd42cfde549b
LYTS,LSI Industries Inc. - Common Stock,nasdaqtrader:Q:LYTS,SECURITY:LYTS:nasdaqtrader:Q:LYTS,,common_equity,eligible,Q,,,24.13,26.8,,9379425.516190477,3.163745190252243,2.6371756699276716,7.867679928475635,25.155601659751014,9.96268656716418,29.846009918299508,277.0,full,usable,2026-08-18,conditional,81.71,100.0,,,87.0,82.0,62.0,100.0,2.2.0,c8f1bf1665a8c5dfb834c0571e7dd5f6b6e5ccd00eab00295338bd42cfde549b
LYV,"Live Nation Entertainment, Inc. Common Stock",nasdaqtrader:N:LYV,SECURITY:LYV:nasdaqtrader:N:LYV,,common_equity,eligible,N,,,179.84,188.46,,412969591.01777774,-0.5639721331416658,7.373574541763683,14.162381768552024,11.750450506431376,4.573914889101138,27.919356103488486,277.0,full,usable,2026-08-18,conditional,56.71,100.0,,,67.0,10.0,92.0,100.0,2.2.0,c8f1bf1665a8c5dfb834c0571e7dd5f6b6e5ccd00eab00295338bd42cfde549b
LZ,"LegalZoom.com, Inc. - Common Stock",nasdaqtrader:Q:LZ,SECURITY:LZ:nasdaqtrader:Q:LZ,,common_equity,eligible,Q,,,5.69,11.18,,18578412.929444447,-26.103896103896098,-13.525835866261392,-17.055393586005827,-46.92164179104478,49.10554561717352,119.93456819201104,277.0,full,usable,2026-08-18,conditional,80.64,100.0,,,67.0,95.0,62.0,100.0,2.2.0,c8f1bf1665a8c5dfb834c0571e7dd5f6b6e5ccd00eab00295338bd42cfde549b
LZB,La-Z-Boy Incorporated Common Stock,nasdaqtrader:N:LZB,SECURITY:LZB:nasdaqtrader:N:LZB,,common_equity,eligible,N,,,40.83,42.14,,20967791.184761908,2.279559118236474,18.17655571635313,7.6456630635380884,5.613036730470777,3.1086853345989596,29.3841036972727,277.0,full,usable,2026-08-18,conditional,50.29,100.0,,,67.0,10.0,62.0,100.0,2.2.0,c8f1bf1665a8c5dfb834c0571e7dd5f6b6e5ccd00eab00295338bd42cfde549b
LZM,Lifezone Metals Limited Ordinary Shares,nasdaqtrader:N:LZM,SECURITY:LZM:nasdaqtrader:N:LZM,,common_equity,eligible,N,,,3.88,6.1,,2246851.4223809526,27.213114754098356,-16.1987041036717,-10.392609699769062,-14.725274725274728,36.39344262295082,67.99589253948572,277.0,full,usable,2026-08-18,conditional,78.71,100.0,,,73.0,95.0,45.0,100.0,2.2.0,c8f1bf1665a8c5dfb834c0571e7dd5f6b6e5ccd00eab00295338bd42cfde549b
LZMH,LZ Technology Holdings Limited - Class B Ordinary Shares,nasdaqtrader:Q:LZMH,NAMECLASS:LZ TECHNOLOGY HOLDINGS LIMITED,,common_equity,eligible,Q,,,1.14,73.0,,707709.6139174603,-5.785123966942152,-31.242460796139927,-95.12820512820512,-98.2934131736527,98.43835616438356,71.52843473556631,277.0,full,usable,2026-08-18,rejected,31.29,100.0,,,22.0,30.0,0.0,100.0,2.2.0,c8f1bf1665a8c5dfb834c0571e7dd5f6b6e5ccd00eab00295338bd42cfde549b
M,Macy's Inc Common Stock,nasdaqtrader:N:M,SECURITY:M:nasdaqtrader:N:M,,common_equity,eligible,N,,,23.23,26.21,,138802375.65285712,-0.3432003432003339,25.431965442764582,4.4514388489208745,81.34270101483216,11.369706219000387,35.538683195928044,277.0,full,usable,2026-08-18,conditional,87.0,100.0,,,83.0,82.0,92.0,100.0,2.2.0,c8f1bf1665a8c5dfb834c0571e7dd5f6b6e5ccd00eab00295338bd42cfde549b
MA,Mastercard Incorporated Common Stock,nasdaqtrader:N:MA,SECURITY:MA:nasdaqtrader:N:MA,,common_equity,eligible,N,,,574.31,598.96,,1836596372.9895236,4.908300453017667,13.547124300599055,10.035828559385362,-1.2704143029052983,4.115466809135848,22.291269230432587,277.0,full,usable,2026-08-18,conditional,56.71,100.0,,,61.0,10.0,100.0,100.0,2.2.0,c8f1bf1665a8c5dfb834c0571e7dd5f6b6e5ccd00eab00295338bd42cfde549b
MAA,"Mid-America Apartment Communities, Inc. Common Stock",nasdaqtrader:N:MAA,SECURITY:MAA:nasdaqtrader:N:MAA,,common_equity,eligible,N,,,130.17,145.82,,139878669.43253967,-2.647520753870336,1.4970760233917968,-3.1545271929172003,-7.615330021291711,10.732409820326438,20.92383133725147,277.0,full,usable,2026-08-18,conditional,84.14,100.0,,,73.0,82.0,92.0,100.0,2.2.0,c8f1bf1665a8c5dfb834c0571e7dd5f6b6e5ccd00eab00295338bd42cfde549b
MAAS,Maase Inc. - Class A Ordinary Shares,nasdaqtrader:Q:MAAS,NAMECLASS:MAASE INC,,common_equity,eligible,Q,,,16.1,21.24,,2140141.6612698413,-10.20635805911878,69.11764705882355,162.21498371335508,321.46596858638753,24.199623352165712,163.30460959915135,277.0,full,usable,2026-08-18,conditional,77.64,100.0,,,73.0,92.0,45.0,100.0,2.2.0,c8f1bf1665a8c5dfb834c0571e7dd5f6b6e5ccd00eab00295338bd42cfde549b
MAC,Macerich Company (The) Common Stock,nasdaqtrader:N:MAC,SECURITY:MAC:nasdaqtrader:N:MAC,,common_equity,eligible,N,,,24.43,26.51,,87962872.26507936,-4.533020711215318,11.705532693187015,30.015965939329426,41.952353282975,7.846095812900799,31.922088042346946,277.0,full,usable,2026-08-18,conditional,60.0,100.0,,,65.0,28.0,80.0,100.0,2.2.0,c8f1bf1665a8c5dfb834c0571e7dd5f6b6e5ccd00eab00295338bd42cfde549b
MAGN,Magnera Corporation Common Stock,nasdaqtrader:N:MAGN,SECURITY:MAGN:nasdaqtrader:N:MAGN,,common_equity,eligible,N,,,12.23,15.26,,5172990.777936508,-9.407407407407408,18.737864077669908,-11.183732752360198,-6.426931905126243,19.855832241153337,49.1645212303814,277.0,full,usable,2026-08-18,conditional,74.29,100.0,,,61.0,82.0,62.0,100.0,2.2.0,c8f1bf1665a8c5dfb834c0571e7dd5f6b6e5ccd00eab00295338bd42cfde549b
MAIA,"MAIA Biotechnology, Inc. Common Stock",nasdaqtrader:A:MAIA,SECURITY:MAIA:nasdaqtrader:A:MAIA,,common_equity,eligible,A,,,1.37,2.95,,917428.5574603174,7.03125,8.730158730158744,-30.456852791878163,-13.291139240506322,53.559322033898304,49.43167375443277,277.0,full,usable,2026-08-18,rejected,56.71,100.0,,,61.0,70.0,0.0,100.0,2.2.0,c8f1bf1665a8c5dfb834c0571e7dd5f6b6e5ccd00eab00295338bd42cfde549b
MAIN,Main Street Capital Corporation Common Stock,nasdaqtrader:N:MAIN,SECURITY:MAIN:nasdaqtrader:N:MAIN,,common_equity,eligible,N,,,57.81,67.17,,35353792.330476195,5.898516211760385,13.37517160227495,-2.3149712740790807,-12.541603630862319,13.9347923179991,26.4280398194055,277.0,full,usable,2026-08-18,conditional,78.14,100.0,,,61.0,82.0,80.0,100.0,2.2.0,c8f1bf1665a8c5dfb834c0571e7dd5f6b6e5ccd00eab00295338bd42cfde549b
MAIR,Madison Air Solutions Corporation Class A Common Stock,nasdaqtrader:N:MAIR,NAMECLASS:MADISON AIR SOLUTIONS CORPORATION,,common_equity,eligible,N,,,27.44,43.86,,72217957.24634922,-20.647773279352222,-28.467153284671532,,,37.437300501595985,57.54552080946694,86.0,insufficient,usable,2026-08-18,recheck,,71.43,,,,95.0,80.0,88.0,2.2.0,c8f1bf1665a8c5dfb834c0571e7dd5f6b6e5ccd00eab00295338bd42cfde549b
MAKO,Mako Mining Corp - Common Stock,nasdaqtrader:Q:MAKO,SECURITY:MAKO:nasdaqtrader:Q:MAKO,,common_equity,eligible,Q,,,9.72,10.12,,1354106.989206349,40.25974025974028,14.084507042253524,,,3.9525691699604626,59.15620472615738,98.0,insufficient,usable,2026-08-18,rejected,,71.43,,,,10.0,0.0,88.0,2.2.0,c8f1bf1665a8c5dfb834c0571e7dd5f6b6e5ccd00eab00295338bd42cfde549b
MAMA,"Mama's Creations, Inc. - Common Stock",nasdaqtrader:Q:MAMA,SECURITY:MAMA:nasdaqtrader:Q:MAMA,,common_equity,eligible,Q,,,16.04,20.65,,10816848.993015872,-4.69399881164586,4.020752269779493,7.076101468624829,96.32802937576498,22.324455205811134,40.442383552872286,277.0,full,usable,2026-08-18,conditional,87.57,100.0,,,95.0,92.0,62.0,100.0,2.2.0,c8f1bf1665a8c5dfb834c0571e7dd5f6b6e5ccd00eab00295338bd42cfde549b
MAMO,Massimo Group - Common Stock,nasdaqtrader:Q:MAMO,SECURITY:MAMO:nasdaqtrader:Q:MAMO,,common_equity,eligible,Q,,,1.04,5.28,,286206.1481968254,10.63829787234043,4.0000000000000036,7.660455486542439,-63.63636363636363,80.3030303030303,43.85744991907741,277.0,full,usable,2026-08-18,rejected,44.14,100.0,,,67.0,30.0,0.0,100.0,2.2.0,c8f1bf1665a8c5dfb834c0571e7dd5f6b6e5ccd00eab00295338bd42cfde549b
MAN,ManpowerGroup Common Stock,nasdaqtrader:N:MAN,SECURITY:MAN:nasdaqtrader:N:MAN,,common_equity,eligible,N,,,59.48,59.48,,53938586.835873015,11.993974769346627,114.8843930635838,109.73201692524684,44.1240610613036,0.0,92.49241854101223,277.0,full,usable,2026-08-18,conditional,53.57,100.0,,,65.0,10.0,80.0,100.0,2.2.0,c8f1bf1665a8c5dfb834c0571e7dd5f6b6e5ccd00eab00295338bd42cfde549b
MANE,"Veradermics, Incorporated Common Stock",nasdaqtrader:N:MANE,SECURITY:MANE:nasdaqtrader:N:MANE,,common_equity,eligible,N,,,111.31,129.74,,77285400.87333333,4.969822708411908,10.888623231719464,134.93035035880118,,14.205333744411908,81.4224917143567,135.0,limited_but_usable,usable,2026-08-18,conditional,71.29,100.0,,,37.0,82.0,80.0,100.0,2.2.0,c8f1bf1665a8c5dfb834c0571e7dd5f6b6e5ccd00eab00295338bd42cfde549b
MANH,"Manhattan Associates, Inc. - Common Stock",nasdaqtrader:Q:MANH,SECURITY:MANH:nasdaqtrader:Q:MANH,,common_equity,eligible,Q,,,198.38,219.33,,126204903.40206349,19.859827200773374,45.110087045570914,40.06919437972181,-7.64002048512501,9.551816896913333,71.68196465558603,277.0,full,usable,2026-08-18,conditional,77.86,100.0,,,51.0,82.0,92.0,100.0,2.2.0,c8f1bf1665a8c5dfb834c0571e7dd5f6b6e5ccd00eab00295338bd42cfde549b
MANU,Manchester United Ltd. Class A Ordinary Shares,nasdaqtrader:N:MANU,SECURITY:MANU:nasdaqtrader:N:MANU,,common_equity,eligible,N,,,23.51,24.19,,7765710.660317461,6.669691470054451,17.432567432567446,33.12570781426953,32.078651685393254,2.811078958247204,26.839703471390337,277.0,full,usable,2026-08-18,conditional,49.71,100.0,,,65.0,10.0,62.0,100.0,2.2.0,c8f1bf1665a8c5dfb834c0571e7dd5f6b6e5ccd00eab00295338bd42cfde549b
MAR,Marriott International - Class A Common Stock,nasdaqtrader:Q:MAR,NAMECLASS:MARRIOTT INTERNATIONAL,,common_equity,eligible,Q,,,357.33,402.54,,598814859.4268254,-2.616302837053397,-0.5150620858622501,-0.7251208534755804,34.7398190045249,11.23118199433597,32.86522656488776,277.0,full,usable,2026-08-18,conditional,89.86,100.0,,,87.0,82.0,100.0,100.0,2.2.0,c8f1bf1665a8c5dfb834c0571e7dd5f6b6e5ccd00eab00295338bd42cfde549b
MARA,"MARA Holdings, Inc. - Common Stock",nasdaqtrader:Q:MARA,SECURITY:MARA:nasdaqtrader:Q:MARA,,common_equity,eligible,Q,,,8.96,22.84,,551088095.6825397,-23.221936589545834,-26.436781609195393,19.307589880159792,-42.82067645181875,60.770577933450085,94.44950532732685,277.0,full,usable,2026-08-18,conditional,77.0,100.0,,,57.0,70.0,100.0,100.0,2.2.0,c8f1bf1665a8c5dfb834c0571e7dd5f6b6e5ccd00eab00295338bd42cfde549b
MAS,Masco Corporation Common Stock,nasdaqtrader:N:MAS,SECURITY:MAS:nasdaqtrader:N:MAS,,common_equity,eligible,N,,,73.38,82.77,,187215051.53015873,-5.30391018195896,11.979246146802991,-3.6628593934620035,-0.19042437431990855,11.344690105110544,47.97086587274291,277.0,full,usable,2026-08-18,conditional,80.71,100.0,,,61.0,82.0,92.0,100.0,2.2.0,c8f1bf1665a8c5dfb834c0571e7dd5f6b6e5ccd00eab00295338bd42cfde549b
MASK,3 E Network Technology Group Ltd - Class A Ordinary Shares,nasdaqtrader:Q:MASK,NAMECLASS:3 E NETWORK TECHNOLOGY GROUP LTD,,common_equity,eligible,Q,,,1.51,22.14,,16105804.896746032,2.0270270270270396,-15.642458100558665,-70.72508724311749,-93.89898989898991,93.17976513098465,61.417834246950655,277.0,full,usable,2026-08-18,conditional,48.86,100.0,,,37.0,30.0,62.0,100.0,2.2.0,c8f1bf1665a8c5dfb834c0571e7dd5f6b6e5ccd00eab00295338bd42cfde549b
MASS,908 Devices Inc. - Common Stock,nasdaqtrader:Q:MASS,SECURITY:MASS:nasdaqtrader:Q:MASS,,common_equity,eligible,Q,,,10.08,10.19,,2967940.779206349,43.3854907539118,51.80722891566265,49.11242603550296,52.03619909502262,1.079489695780167,63.009097801576274,277.0,full,usable,2026-08-18,conditional,48.36,100.0,,,73.0,10.0,45.0,100.0,2.2.0,c8f1bf1665a8c5dfb834c0571e7dd5f6b6e5ccd00eab00295338bd42cfde549b
MAT,"Mattel, Inc. - Common Stock",nasdaqtrader:Q:MAT,SECURITY:MAT:nasdaqtrader:Q:MAT,,common_equity,eligible,Q,,,14.5,22.16,,64150152.52301587,2.545968882602545,-2.9451137884872747,-13.895486935866986,-20.24202420242024,34.56678700361011,33.481443564795946,277.0,full,usable,2026-08-18,conditional,85.14,100.0,,,73.0,92.0,80.0,100.0,2.2.0,c8f1bf1665a8c5dfb834c0571e7dd5f6b6e5ccd00eab00295338bd42cfde549b
MATH,Metalpha Technology Holding Limited - Ordinary Shares,nasdaqtrader:Q:MATH,SECURITY:MATH:nasdaqtrader:Q:MATH,,common_equity,eligible,Q,,,0.7899,3.99,,57861.97498095238,-6.176505523221277,-9.38396237237582,-37.803149606299215,-71.78928571428571,80.203007518797,75.62459580798338,277.0,full,usable,2026-08-18,rejected,38.43,100.0,,,47.0,30.0,0.0,100.0,2.2.0,c8f1bf1665a8c5dfb834c0571e7dd5f6b6e5ccd00eab00295338bd42cfde549b
MATV,"Mativ Holdings, Inc. Common Stock",nasdaqtrader:N:MATV,SECURITY:MATV:nasdaqtrader:N:MATV,,common_equity,eligible,N,,,12.07,15.05,,4901398.833174603,51.44291091593476,45.24669073405534,-15.357643758765771,4.231433506044913,19.800664451827245,73.57690894259919,277.0,full,usable,2026-08-18,conditional,72.36,100.0,,,67.0,82.0,45.0,100.0,2.2.0,c8f1bf1665a8c5dfb834c0571e7dd5f6b6e5ccd00eab00295338bd42cfde549b
MATW,Matthews International Corporation - Class A Common Stock,nasdaqtrader:Q:MATW,NAMECLASS:MATTHEWS INTERNATIONAL CORPORATION,,common_equity,eligible,Q,,,22.32,28.85,,10784870.493968254,-17.699115044247794,-16.87150837988827,-15.773584905660377,-6.100126209507783,22.63431542461005,54.173862711377105,277.0,full,usable,2026-08-18,conditional,81.29,100.0,,,73.0,92.0,62.0,100.0,2.2.0,c8f1bf1665a8c5dfb834c0571e7dd5f6b6e5ccd00eab00295338bd42cfde549b
MATX,"Matson, Inc. Common Stock",nasdaqtrader:N:MATX,SECURITY:MATX:nasdaqtrader:N:MATX,,common_equity,eligible,N,,,218.28,223.55,,59918868.67206349,-0.05952108419944313,18.46947082767978,32.25083308088457,107.92531910840157,2.357414448669204,34.9904772931639,277.0,full,usable,2026-08-18,conditional,55.86,100.0,,,73.0,10.0,80.0,100.0,2.2.0,c8f1bf1665a8c5dfb834c0571e7dd5f6b6e5ccd00eab00295338bd42cfde549b
MAX,"MediaAlpha, Inc. Class A Common Stock",nasdaqtrader:N:MAX,NAMECLASS:MEDIAALPHA INC,,common_equity,eligible,N,,,13.19,14.27,,9954672.60968254,-7.5683251576734385,59.107358262967445,79.94542974079127,32.03203203203202,7.5683251576734385,51.17411851968735,277.0,full,usable,2026-08-18,conditional,56.14,100.0,,,65.0,28.0,62.0,100.0,2.2.0,c8f1bf1665a8c5dfb834c0571e7dd5f6b6e5ccd00eab00295338bd42cfde549b
MAYS,"J. W. Mays, Inc. - Common Stock",nasdaqtrader:Q:MAYS,SECURITY:MAYS:nasdaqtrader:Q:MAYS,,common_equity,eligible,Q,,,41.5,55.0,,82706.76865079365,9.210526315789469,1.0959778417104937,2.3680315737543145,10.962566844919785,24.545454545454547,23.20825126527329,277.0,full,usable,2026-08-18,rejected,69.71,100.0,,,79.0,92.0,0.0,100.0,2.2.0,c8f1bf1665a8c5dfb834c0571e7dd5f6b6e5ccd00eab00295338bd42cfde549b
MAZE,"Maze Therapeutics, Inc. - Common Stock",nasdaqtrader:Q:MAZE,SECURITY:MAZE:nasdaqtrader:Q:MAZE,,common_equity,eligible,Q,,,29.13,51.835,,15427558.469920635,2.6788861473387326,18.897959183673475,-37.98169044070684,115.77777777777776,43.80245008199094,48.204253917132306,277.0,full,usable,2026-08-18,conditional,85.21,100.0,,,83.0,95.0,62.0,100.0,2.2.0,c8f1bf1665a8c5dfb834c0571e7dd5f6b6e5ccd00eab00295338bd42cfde549b
MB,MasterBeef Group - Ordinary Shares,nasdaqtrader:Q:MB,SECURITY:MB:nasdaqtrader:Q:MB,,common_equity,eligible,Q,,,5.38,12.69,,4686204.531463493,33.49875930521091,-17.230769230769226,16.1987041036717,51.54929577464789,57.60441292356187,281.4066681925958,277.0,full,usable,2026-08-18,conditional,73.21,100.0,,,85.0,70.0,45.0,100.0,2.2.0,c8f1bf1665a8c5dfb834c0571e7dd5f6b6e5ccd00eab00295338bd42cfde549b
MBAI,Check-Cap Ltd. - Ordinary Share,nasdaqtrader:Q:MBAI,SECURITY:MBAI:nasdaqtrader:Q:MBAI,,common_equity,eligible,Q,,,8.36,22.12,,111624.07396825397,25.71428571428569,-36.13445378151261,-33.28012769353551,79.59183673469386,62.20614828209765,100.91693909616319,277.0,full,usable,2026-08-18,rejected,66.43,100.0,,,95.0,70.0,0.0,100.0,2.2.0,c8f1bf1665a8c5dfb834c0571e7dd5f6b6e5ccd00eab00295338bd42cfde549b
MBBC,"Marathon Bancorp, Inc. - Common Stock",nasdaqtrader:Q:MBBC,SECURITY:MBBC:nasdaqtrader:Q:MBBC,,common_equity,eligible,Q,,,15.0,15.49,,147509.47603015872,-1.7681728880157177,5.189340813464227,13.207547169811317,48.08964359759109,3.1633311814073584,28.079849669148967,277.0,full,usable,2026-08-18,rejected,39.29,100.0,,,75.0,10.0,0.0,100.0,2.2.0,c8f1bf1665a8c5dfb834c0571e7dd5f6b6e5ccd00eab00295338bd42cfde549b
MBC,"MasterBrand, Inc. Common Stock",nasdaqtrader:N:MBC,SECURITY:MBC:nasdaqtrader:N:MBC,,common_equity,eligible,N,,,8.85,13.82,,25667692.77015873,4.240282685512353,25.531914893617014,-23.64106988783434,-29.31309904153354,35.96237337192475,52.435591741982435,277.0,full,usable,2026-08-18,conditional,81.07,100.0,,,55.0,95.0,80.0,100.0,2.2.0,c8f1bf1665a8c5dfb834c0571e7dd5f6b6e5ccd00eab00295338bd42cfde549b
MBGL,Mobility Global Inc. Common Stock,nasdaqtrader:N:MBGL,SECURITY:MBGL:nasdaqtrader:N:MBGL,,common_equity,eligible,N,,,19.82,22.26,,206649065.7926471,-1.491053677932408,,,,10.961365678346812,44.92651689857096,34.0,insufficient,usable,2026-08-18,recheck,,71.43,,,,82.0,92.0,76.0,2.2.0,c8f1bf1665a8c5dfb834c0571e7dd5f6b6e5ccd00eab00295338bd42cfde549b
MBI,MBIA Inc. Common Stock,nasdaqtrader:N:MBI,SECURITY:MBI:nasdaqtrader:N:MBI,,common_equity,eligible,N,,,4.97,8.13,,2286453.092063492,-22.22222222222222,-16.889632107023424,-16.610738255033564,-20.85987261146498,38.86838868388685,33.936027258911,277.0,full,usable,2026-08-18,conditional,78.71,100.0,,,73.0,95.0,45.0,100.0,2.2.0,c8f1bf1665a8c5dfb834c0571e7dd5f6b6e5ccd00eab00295338bd42cfde549b
MBIN,Merchants Bancorp - Common Stock,nasdaqtrader:Q:MBIN,SECURITY:MBIN:nasdaqtrader:Q:MBIN,,common_equity,eligible,Q,,,54.4,55.72,,8266703.295079364,11.224698425679836,20.513956579530344,15.156646909398797,70.10631644777985,2.3689877961234784,38.27914882186001,277.0,full,usable,2026-08-18,conditional,52.0,100.0,,,73.0,10.0,62.0,100.0,2.2.0,c8f1bf1665a8c5dfb834c0571e7dd5f6b6e5ccd00eab00295338bd42cfde549b
MBLY,Mobileye Global Inc. - Class A Common Stock,nasdaqtrader:Q:MBLY,NAMECLASS:MOBILEYE GLOBAL INC,,common_equity,eligible,Q,,,8.87,15.54,,59126785.12126984,-0.893854748603351,-5.0321199143469,-4.418103448275867,-36.688079942897936,42.92149292149292,72.74437653000292,277.0,full,usable,2026-08-18,conditional,84.5,100.0,,,67.0,95.0,80.0,100.0,2.2.0,c8f1bf1665a8c5dfb834c0571e7dd5f6b6e5ccd00eab00295338bd42cfde549b
MBOT,Microbot Medical Inc.  - Common Stock,nasdaqtrader:Q:MBOT,SECURITY:MBOT:nasdaqtrader:Q:MBOT,,common_equity,eligible,Q,,,1.47,4.5,,1769211.44,-17.87709497206704,-17.41573033707865,-30.660377358490575,-52.42718446601942,67.33333333333333,59.668737059699694,277.0,full,usable,2026-08-18,rejected,44.14,100.0,,,67.0,30.0,0.0,100.0,2.2.0,c8f1bf1665a8c5dfb834c0571e7dd5f6b6e5ccd00eab00295338bd42cfde549b
MBRX,"Moleculin Biotech, Inc. - Common Stock",nasdaqtrader:Q:MBRX,SECURITY:MBRX:nasdaqtrader:Q:MBRX,,common_equity,eligible,Q,,,0.6101,15.18,,1597298.5857666668,-71.49065420560747,-70.80861244019138,-86.62061403508771,-96.42379835873388,95.98089591567852,322.2921691026913,277.0,full,usable,2026-08-18,rejected,25.0,100.0,,,0.0,30.0,0.0,100.0,2.2.0,c8f1bf1665a8c5dfb834c0571e7dd5f6b6e5ccd00eab00295338bd42cfde549b
MBUU,"Malibu Boats, Inc. - Common Stock",nasdaqtrader:Q:MBUU,SECURITY:MBUU:nasdaqtrader:Q:MBUU,,common_equity,eligible,Q,,,29.33,39.52,,7146002.342460318,4.563279857397506,14.480874316939873,-6.947969543147215,-19.290038525041286,25.784412955465598,33.48134022390187,277.0,full,usable,2026-08-18,conditional,77.86,100.0,,,61.0,92.0,62.0,100.0,2.2.0,c8f1bf1665a8c5dfb834c0571e7dd5f6b6e5ccd00eab00295338bd42cfde549b
MBWM,Mercantile Bank Corporation - Common Stock,nasdaqtrader:Q:MBWM,SECURITY:MBWM:nasdaqtrader:Q:MBWM,,common_equity,eligible,Q,,,60.87,61.98,,7858383.944603174,5.567117585848069,18.886718749999986,12.016930437983063,31.497083603370047,1.790900290416264,22.915369688845406,277.0,full,usable,2026-08-18,conditional,52.57,100.0,,,75.0,10.0,62.0,100.0,2.2.0,c8f1bf1665a8c5dfb834c0571e7dd5f6b6e5ccd00eab00295338bd42cfde549b
MBX,"MBX Biosciences, Inc. - Common Stock",nasdaqtrader:Q:MBX,SECURITY:MBX:nasdaqtrader:Q:MBX,,common_equity,eligible,Q,,,66.52,70.7,,38828520.966507934,10.608579980046539,114.71917366042605,68.91823260538341,352.0557254502209,5.912305516265926,69.74161010647835,277.0,full,usable,2026-08-18,conditional,62.29,100.0,,,73.0,28.0,80.0,100.0,2.2.0,c8f1bf1665a8c5dfb834c0571e7dd5f6b6e5ccd00eab00295338bd42cfde549b
MC,Moelis & Company Class A Common Stock,nasdaqtrader:N:MC,NAMECLASS:MOELIS COMPANY,,common_equity,eligible,N,,,66.57,77.75,,62294727.02206349,-0.7010739856802117,4.2436580018790915,5.649896841771129,-7.6442841287458485,14.379421221864963,51.01352938924004,277.0,full,usable,2026-08-18,conditional,81.57,100.0,,,73.0,82.0,80.0,100.0,2.2.0,c8f1bf1665a8c5dfb834c0571e7dd5f6b6e5ccd00eab00295338bd42cfde549b
MCB,Metropolitan Bank Holding Corp. Common Stock,nasdaqtrader:N:MCB,SECURITY:MCB:nasdaqtrader:N:MCB,,common_equity,eligible,N,,,92.59,101.36,,13144598.11,-6.047691527143573,5.00113404400091,-1.9381486973098938,26.87037544532749,8.652328334648773,32.82555392140231,277.0,full,usable,2026-08-18,conditional,78.29,100.0,,,75.0,82.0,62.0,100.0,2.2.0,c8f1bf1665a8c5dfb834c0571e7dd5f6b6e5ccd00eab00295338bd42cfde549b
MCBS,"MetroCity Bankshares, Inc. - Common Stock",nasdaqtrader:Q:MCBS,SECURITY:MCBS:nasdaqtrader:Q:MCBS,,common_equity,eligible,Q,,,36.01,37.07,,3103172.68031746,-0.5523336095001441,12.39076154806491,22.150610583446408,27.559334041799488,2.8594550849743827,26.285223969164473,277.0,full,usable,2026-08-18,conditional,46.07,100.0,,,65.0,10.0,45.0,100.0,2.2.0,c8f1bf1665a8c5dfb834c0571e7dd5f6b6e5ccd00eab00295338bd42cfde549b
MCD,McDonald's Corporation Common Stock,nasdaqtrader:N:MCD,SECURITY:MCD:nasdaqtrader:N:MCD,,common_equity,eligible,N,,,266.99,341.06,,1258567007.5539682,-0.24286354804960997,-5.48022798881298,-18.506196202918012,-13.57589097853883,21.717586348443085,21.27050194485884,277.0,full,usable,2026-08-18,conditional,89.43,100.0,,,73.0,92.0,100.0,100.0,2.2.0,c8f1bf1665a8c5dfb834c0571e7dd5f6b6e5ccd00eab00295338bd42cfde549b
MCFT,"MasterCraft Boat Holdings, Inc. - Common Stock",nasdaqtrader:Q:MCFT,SECURITY:MCFT:nasdaqtrader:Q:MCFT,,common_equity,eligible,Q,,,25.14,27.38,,3867544.0956349205,2.278275020341747,8.925476603119598,6.210392902408102,25.13688402190144,8.181154127100065,30.24219206590903,277.0,full,usable,2026-08-18,conditional,74.64,100.0,,,75.0,82.0,45.0,100.0,2.2.0,c8f1bf1665a8c5dfb834c0571e7dd5f6b6e5ccd00eab00295338bd42cfde549b
MCHB,Mechanics Bancorp - Class A Common Stock,nasdaqtrader:Q:MCHB,NAMECLASS:MECHANICS BANCORP,,common_equity,eligible,Q,,,16.77,17.17,,9048744.069761904,3.5824583075972694,14.15929203539823,9.536250816459834,30.100853374709068,2.3296447291788147,26.614672617597023,277.0,full,usable,2026-08-18,conditional,52.57,100.0,,,75.0,10.0,62.0,100.0,2.2.0,c8f1bf1665a8c5dfb834c0571e7dd5f6b6e5ccd00eab00295338bd42cfde549b
MCHP,Microchip Technology Incorporated - Common Stock,nasdaqtrader:Q:MCHP,SECURITY:MCHP:nasdaqtrader:Q:MCHP,,common_equity,eligible,Q,,,78.19,102.92,,1022878023.7417461,-2.881629611228431,-15.707201379905133,-0.9500886749429949,18.99254299193427,24.028371550719008,64.93841016385629,277.0,full,usable,2026-08-18,conditional,93.43,100.0,,,87.0,92.0,100.0,100.0,2.2.0,c8f1bf1665a8c5dfb834c0571e7dd5f6b6e5ccd00eab00295338bd42cfde549b
MCHX,"Marchex, Inc. - Class B Common Stock",nasdaqtrader:Q:MCHX,NAMECLASS:MARCHEX INC,,common_equity,eligible,Q,,,1.79,2.03,,40911.93415873016,-1.104972375690605,7.831325301204828,14.012738853503182,-7.731958762886593,11.822660098522153,53.8216616096894,277.0,full,usable,2026-08-18,rejected,61.0,100.0,,,61.0,82.0,0.0,100.0,2.2.0,c8f1bf1665a8c5dfb834c0571e7dd5f6b6e5ccd00eab00295338bd42cfde549b
MCI,Barings Corporate Investors Common Stock,nasdaqtrader:N:MCI,SECURITY:MCI:nasdaqtrader:N:MCI,,common_equity,eligible,N,,,18.16,22.87,,577579.9091746032,7.582938388625604,5.458768873403019,-13.441372735938995,-10.453648915187387,20.594665500655886,24.4150357296777,277.0,full,usable,2026-08-18,rejected,64.57,100.0,,,61.0,92.0,0.0,100.0,2.2.0,c8f1bf1665a8c5dfb834c0571e7dd5f6b6e5ccd00eab00295338bd42cfde549b
MCK,McKesson Corporation Common Stock,nasdaqtrader:N:MCK,SECURITY:MCK:nasdaqtrader:N:MCK,,common_equity,eligible,N,,,869.26,995.69,,890795581.4492064,4.546219902340454,12.02237199891747,-8.157680644922715,29.1523660946438,12.69772720425032,36.52086072317478,277.0,full,usable,2026-08-18,conditional,86.43,100.0,,,75.0,82.0,100.0,100.0,2.2.0,c8f1bf1665a8c5dfb834c0571e7dd5f6b6e5ccd00eab00295338bd42cfde549b
MCO,Moody's Corporation Common Stock,nasdaqtrader:N:MCO,SECURITY:MCO:nasdaqtrader:N:MCO,,common_equity,eligible,N,,,485.79,539.61,,443366196.9747619,-3.8743890614796994,9.557745653007377,14.784272954964317,-5.938504434031677,9.973870017234665,26.120236773634915,277.0,full,usable,2026-08-18,conditional,80.71,100.0,,,61.0,82.0,92.0,100.0,2.2.0,c8f1bf1665a8c5dfb834c0571e7dd5f6b6e5ccd00eab00295338bd42cfde549b
MCRB,"Seres Therapeutics, Inc. - Common Stock",nasdaqtrader:Q:MCRB,SECURITY:MCRB:nasdaqtrader:Q:MCRB,,common_equity,eligible,Q,,,4.34,28.63,,551543.1696825397,-15.068493150684937,-42.819499341238476,-47.58454106280193,-73.99640503295386,84.84107579462102,70.158278464925,277.0,full,usable,2026-08-18,rejected,38.43,100.0,,,47.0,30.0,0.0,100.0,2.2.0,c8f1bf1665a8c5dfb834c0571e7dd5f6b6e5ccd00eab00295338bd42cfde549b
MCRI,"Monarch Casino & Resort, Inc. - Common Stock",nasdaqtrader:Q:MCRI,SECURITY:MCRI:nasdaqtrader:Q:MCRI,,common_equity,eligible,Q,,,123.27,133.87,,20170478.64968254,-0.8924264351181876,2.256325176275409,31.712789827973076,22.766656707499244,7.918129528647199,26.029942890851963,277.0,full,usable,2026-08-18,conditional,59.57,100.0,,,77.0,28.0,62.0,100.0,2.2.0,c8f1bf1665a8c5dfb834c0571e7dd5f6b6e5ccd00eab00295338bd42cfde549b
MCRP,Micropolis AI Robotics Ordinary Shares,nasdaqtrader:A:MCRP,SECURITY:MCRP:nasdaqtrader:A:MCRP,,common_equity,eligible,A,,,1.3,4.4,,936298.8137460317,8.333333333333348,-53.73665480427046,-60.8433734939759,-45.60669456066946,70.45454545454545,84.81592352118673,277.0,full,usable,2026-08-18,rejected,37.86,100.0,,,45.0,30.0,0.0,100.0,2.2.0,c8f1bf1665a8c5dfb834c0571e7dd5f6b6e5ccd00eab00295338bd42cfde549b
MCS,Marcus Corporation (The) Common Stock,nasdaqtrader:N:MCS,SECURITY:MCS:nasdaqtrader:N:MCS,,common_equity,eligible,N,,,29.77,31.12,,6957986.932063493,25.189234650967187,67.05948372615038,84.90683229813662,99.2637215528782,4.338046272493578,57.54161102477019,277.0,full,usable,2026-08-18,conditional,52.0,100.0,,,73.0,10.0,62.0,100.0,2.2.0,c8f1bf1665a8c5dfb834c0571e7dd5f6b6e5ccd00eab00295338bd42cfde549b
MCTA,Charming Medical Limited - Class A Ordinary Shares,nasdaqtrader:Q:MCTA,NAMECLASS:CHARMING MEDICAL LIMITED,,common_equity,eligible,Q,,,29.355,29.355,,0.0,0.0,0.0,0.0,,0.0,0.0,207.0,limited_but_usable,usable,2026-08-18,rejected,34.71,100.0,,,59.0,10.0,0.0,100.0,2.2.0,c8f1bf1665a8c5dfb834c0571e7dd5f6b6e5ccd00eab00295338bd42cfde549b
MCY,Mercury General Corporation Common Stock,nasdaqtrader:N:MCY,SECURITY:MCY:nasdaqtrader:N:MCY,,common_equity,eligible,N,,,106.32,111.12,,30641135.194126986,0.018814675446843232,5.654377422239887,10.53124025366461,43.2691011992993,4.319654427645803,23.999677302633906,277.0,full,usable,2026-08-18,conditional,56.43,100.0,,,75.0,10.0,80.0,100.0,2.2.0,c8f1bf1665a8c5dfb834c0571e7dd5f6b6e5ccd00eab00295338bd42cfde549b
MD,"Pediatrix Medical Group, Inc. Common Stock",nasdaqtrader:N:MD,SECURITY:MD:nasdaqtrader:N:MD,,common_equity,eligible,N,,,26.56,27.39,,19757479.133333337,3.3061065733177575,17.314487632508822,22.339935513588195,65.58603491271822,3.0303030303030387,45.61588780739096,277.0,full,usable,2026-08-18,conditional,52.0,100.0,,,73.0,10.0,62.0,100.0,2.2.0,c8f1bf1665a8c5dfb834c0571e7dd5f6b6e5ccd00eab00295338bd42cfde549b
MDA,MDA Space Ltd. Common Shares,nasdaqtrader:N:MDA,SECURITY:MDA:nasdaqtrader:N:MDA,,common_equity,eligible,N,,,34.01,48.68,,58271779.90222222,13.36666666666666,-14.719157472417265,,,30.135579293344293,64.91161823662145,110.0,insufficient,usable,2026-08-18,recheck,,71.43,,,,92.0,80.0,88.0,2.2.0,c8f1bf1665a8c5dfb834c0571e7dd5f6b6e5ccd00eab00295338bd42cfde549b
MDAI,"Spectral AI, Inc. - Class A Common Stock",nasdaqtrader:Q:MDAI,NAMECLASS:SPECTRAL AI INC,,common_equity,eligible,Q,,,1.61,2.68,,986350.6387301588,-2.4242424242424176,-28.125,5.92105263157896,-23.696682464454966,39.92537313432835,54.03490358394668,277.0,full,usable,2026-08-18,rejected,69.07,100.0,,,73.0,95.0,0.0,100.0,2.2.0,c8f1bf1665a8c5dfb834c0571e7dd5f6b6e5ccd00eab00295338bd42cfde549b
MDB,"MongoDB, Inc. - Class A Common Stock",nasdaqtrader:Q:MDB,NAMECLASS:MONGODB INC,,common_equity,eligible,Q,,,434.62,472.29,,691724966.443492,34.40747154873824,31.7030303030303,22.649283214809792,99.12947860350043,7.976031675453643,60.13123273020996,277.0,full,usable,2026-08-18,conditional,66.57,100.0,,,73.0,28.0,100.0,100.0,2.2.0,c8f1bf1665a8c5dfb834c0571e7dd5f6b6e5ccd00eab00295338bd42cfde549b
MDBH,"MDB Capital Holdings, LLC - Class A common",qrgf-resolution-required:Q:MDBH,SECURITY:MDBH:qrgf-resolution-required:Q:MDBH,,common_equity,eligible,Q,,,2.8601,4.5999,,11560.560880952382,-12.266871165644167,-11.722584030371308,-8.768740031897915,-14.877976190476183,37.82256136002956,37.30877147553418,277.0,full,usable,2026-08-18,rejected,69.07,100.0,,,73.0,95.0,0.0,100.0,2.2.0,c8f1bf1665a8c5dfb834c0571e7dd5f6b6e5ccd00eab00295338bd42cfde549b
MDGL,"Madrigal Pharmaceuticals, Inc. - Common Stock",nasdaqtrader:Q:MDGL,SECURITY:MDGL:nasdaqtrader:Q:MDGL,,common_equity,eligible,Q,,,524.37,602.83,,186205392.82999998,-2.113162463365015,0.4097811309193178,7.602807190347205,41.78293316028554,13.015277939054137,51.253581045816475,277.0,full,usable,2026-08-18,conditional,88.14,100.0,,,87.0,82.0,92.0,100.0,2.2.0,c8f1bf1665a8c5dfb834c0571e7dd5f6b6e5ccd00eab00295338bd42cfde549b
MDLN,Medline Inc. - Class A common stock,nasdaqtrader:Q:MDLN,NAMECLASS:MEDLINE INC,,common_equity,eligible,Q,,,34.12,49.99,,363307426.0534127,-12.242798353909478,-5.2748473070516555,-26.083188908145583,,31.74634926985398,61.48019043367814,167.0,limited_but_usable,usable,2026-08-18,conditional,83.71,100.0,,,59.0,92.0,92.0,100.0,2.2.0,c8f1bf1665a8c5dfb834c0571e7dd5f6b6e5ccd00eab00295338bd42cfde549b
MDLZ,"Mondelez International, Inc. - Class A Common Stock",nasdaqtrader:Q:MDLZ,NAMECLASS:MONDELEZ INTERNATIONAL INC,,common_equity,eligible,Q,,,62.66,64.99,,551158572.5928571,3.965488634478165,1.6547696301103088,4.677581022385557,0.9342783505154717,3.5851669487613425,28.031191868364548,277.0,full,usable,2026-08-18,conditional,61.86,100.0,,,79.0,10.0,100.0,100.0,2.2.0,c8f1bf1665a8c5dfb834c0571e7dd5f6b6e5ccd00eab00295338bd42cfde549b
MDRR,"Medalist Diversified, Inc. - Common Stock",nasdaqtrader:Q:MDRR,SECURITY:MDRR:nasdaqtrader:Q:MDRR,,common_equity,eligible,Q,,,11.35,14.45,,45381.6486015873,-2.1973287376131023,1.7937219730941534,-3.8135593220339103,4.128440366972463,21.45328719723183,42.86632764908552,277.0,full,usable,2026-08-18,rejected,69.71,100.0,,,79.0,92.0,0.0,100.0,2.2.0,c8f1bf1665a8c5dfb834c0571e7dd5f6b6e5ccd00eab00295338bd42cfde549b
MDT,Medtronic plc. Ordinary Shares,nasdaqtrader:N:MDT,SECURITY:MDT:nasdaqtrader:N:MDT,,common_equity,eligible,N,,,92.09,105.35,,753012234.4998412,10.565494056909586,19.10243145369892,-4.4808629810185625,-0.9997849924747282,12.58661604176553,27.40936422833398,277.0,full,usable,2026-08-18,conditional,82.43,100.0,,,61.0,82.0,100.0,100.0,2.2.0,c8f1bf1665a8c5dfb834c0571e7dd5f6b6e5ccd00eab00295338bd42cfde549b
MDU,"MDU Resources Group, Inc. Common Stock (Holding Company)",nasdaqtrader:N:MDU,SECURITY:MDU:nasdaqtrader:N:MDU,,common_equity,eligible,N,,,20.44,22.8,,34777888.74746032,-2.060373742213706,-9.074733096085408,0.8386778490379942,24.17982989064398,10.350877192982455,18.99003867918715,277.0,full,usable,2026-08-18,conditional,85.57,100.0,,,87.0,82.0,80.0,100.0,2.2.0,c8f1bf1665a8c5dfb834c0571e7dd5f6b6e5ccd00eab00295338bd42cfde549b
MDWD,MediWound Ltd. - Ordinary Shares,nasdaqtrader:Q:MDWD,SECURITY:MDWD:nasdaqtrader:Q:MDWD,,common_equity,eligible,Q,,,13.64,19.69,,1254842.3800793649,-6.57534246575342,-16.82926829268292,-23.024830699774256,-24.64088397790055,30.72625698324023,23.99800299419598,277.0,full,usable,2026-08-18,rejected,68.0,100.0,,,73.0,92.0,0.0,100.0,2.2.0,c8f1bf1665a8c5dfb834c0571e7dd5f6b6e5ccd00eab00295338bd42cfde549b
MDXG,"MiMedx Group, Inc - Common Stock",nasdaqtrader:Q:MDXG,SECURITY:MDXG:nasdaqtrader:Q:MDXG,,common_equity,eligible,Q,,,4.34,7.96,,5450830.628095238,0.2309468822170757,20.891364902506957,-15.891472868217061,-38.959212376933905,45.47738693467337,35.998336641456646,277.0,full,usable,2026-08-18,conditional,77.21,100.0,,,55.0,95.0,62.0,100.0,2.2.0,c8f1bf1665a8c5dfb834c0571e7dd5f6b6e5ccd00eab00295338bd42cfde549b
MEC,"Mayville Engineering Company, Inc. Common Stock",nasdaqtrader:N:MEC,SECURITY:MEC:nasdaqtrader:N:MEC,,common_equity,eligible,N,,,23.28,37.54,,19609270.971587304,-19.999999999999996,-6.581059390048161,8.632757816145586,61.10726643598618,37.98614810868407,60.67979095528205,277.0,full,usable,2026-08-18,conditional,88.64,100.0,,,95.0,95.0,62.0,100.0,2.2.0,c8f1bf1665a8c5dfb834c0571e7dd5f6b6e5ccd00eab00295338bd42cfde549b
MED,MEDIFAST INC Common Stock,nasdaqtrader:N:MED,SECURITY:MED:nasdaqtrader:N:MED,,common_equity,eligible,N,,,11.29,14.57,,2494172.638888889,8.766859344894007,-9.317269076305223,4.537037037037028,-14.404852160727833,22.512010981468777,97.34717678701602,277.0,full,usable,2026-08-18,conditional,77.64,100.0,,,73.0,92.0,45.0,100.0,2.2.0,c8f1bf1665a8c5dfb834c0571e7dd5f6b6e5ccd00eab00295338bd42cfde549b
MEDP,"Medpace Holdings, Inc. - Common Stock",nasdaqtrader:Q:MEDP,SECURITY:MEDP:nasdaqtrader:Q:MEDP,,common_equity,eligible,Q,,,590.3,620.59,,165261478.78698412,11.814066258784317,40.32376922528347,37.86258115745713,28.928688435076964,4.880839201405129,47.43849304918687,277.0,full,usable,2026-08-18,conditional,56.14,100.0,,,65.0,10.0,92.0,100.0,2.2.0,c8f1bf1665a8c5dfb834c0571e7dd5f6b6e5ccd00eab00295338bd42cfde549b
MEGL,Magic Empire Global Limited - Class A Ordinary Shares,nasdaqtrader:Q:MEGL,NAMECLASS:MAGIC EMPIRE GLOBAL LIMITED,,common_equity,eligible,Q,,,1.19,1.82,,47532.737339682535,6.249999999999978,8.18181818181818,23.958333333333325,-16.78321678321678,34.61538461538463,43.99096166072235,277.0,full,usable,2026-08-18,rejected,61.71,100.0,,,51.0,92.0,0.0,100.0,2.2.0,c8f1bf1665a8c5dfb834c0571e7dd5f6b6e5ccd00eab00295338bd42cfde549b
MEI,"Methode Electronics, Inc. Common Stock",nasdaqtrader:N:MEI,SECURITY:MEI:nasdaqtrader:N:MEI,,common_equity,eligible,N,,,16.01,19.42,,11039558.307142857,5.886243386243395,51.75355450236967,81.31370328425822,139.31240657698058,17.559217301750774,93.10229545459524,277.0,full,usable,2026-08-18,conditional,77.71,100.0,,,73.0,82.0,62.0,100.0,2.2.0,c8f1bf1665a8c5dfb834c0571e7dd5f6b6e5ccd00eab00295338bd42cfde549b
MELI,"MercadoLibre, Inc. - Common Stock",nasdaqtrader:Q:MELI,SECURITY:MELI:nasdaqtrader:Q:MELI,,common_equity,eligible,Q,,,1779.14,2510.97,,813931306.0430158,-2.907630346754564,12.184171863472715,-9.940217969030773,-25.630564728503945,29.145310378061062,34.85071184507208,277.0,full,usable,2026-08-18,conditional,84.29,100.0,,,55.0,92.0,100.0,100.0,2.2.0,c8f1bf1665a8c5dfb834c0571e7dd5f6b6e5ccd00eab00295338bd42cfde549b
MENS,Jyong Biotech Ltd. - Ordinary shares,nasdaqtrader:Q:MENS,SECURITY:MENS:nasdaqtrader:Q:MENS,,common_equity,eligible,Q,,,2.02,65.62,,174177.6046031746,-12.93103448275862,3.589743589743599,18.128654970760238,-95.48502458649978,96.92167022249313,67.65747067153023,277.0,full,usable,2026-08-18,rejected,35.57,100.0,,,37.0,30.0,0.0,100.0,2.2.0,c8f1bf1665a8c5dfb834c0571e7dd5f6b6e5ccd00eab00295338bd42cfde549b
MEOH,Methanex Corporation - Common Stock,nasdaqtrader:Q:MEOH,SECURITY:MEOH:nasdaqtrader:Q:MEOH,,common_equity,eligible,Q,,,57.55,65.72,,48519678.510158725,5.210237659963424,-7.311966500241596,20.372307048734562,67.5400291120815,12.431527693244071,43.56896777418259,277.0,full,usable,2026-08-18,conditional,85.0,100.0,,,85.0,82.0,80.0,100.0,2.2.0,c8f1bf1665a8c5dfb834c0571e7dd5f6b6e5ccd00eab00295338bd42cfde549b
MESO,Mesoblast Limited - American Depositary Shares,nasdaqtrader:Q:MESO,SECURITY:MESO:nasdaqtrader:Q:MESO,,adr,eligible,Q,,,16.67,20.96,,3405944.107380952,0.24052916416117398,13.866120218579248,-1.0682492581602365,2.584615384615385,20.467557251908396,59.33031181970022,277.0,full,usable,2026-08-18,conditional,75.93,100.0,,,67.0,92.0,45.0,100.0,2.2.0,c8f1bf1665a8c5dfb834c0571e7dd5f6b6e5ccd00eab00295338bd42cfde549b
MET,"MetLife, Inc. Common Stock",nasdaqtrader:N:MET,SECURITY:MET:nasdaqtrader:N:MET,,common_equity,eligible,N,,,96.73,99.95,,337506311.9909524,4.0219378427788,18.81832698685666,23.0974802748791,25.087288245182982,3.221610805402697,19.88265344976988,277.0,full,usable,2026-08-18,conditional,56.14,100.0,,,65.0,10.0,92.0,100.0,2.2.0,c8f1bf1665a8c5dfb834c0571e7dd5f6b6e5ccd00eab00295338bd42cfde549b
META,"Meta Platforms, Inc. - Class A Common Stock",nasdaqtrader:Q:META,NAMECLASS:META PLATFORMS INC,,common_equity,eligible,Q,,,543.67,780.25,,11015110492.11222,-15.821011070682056,-11.050211874805726,-14.957218163900576,-30.762961170612435,30.32105094520987,48.71251531817677,277.0,full,usable,2026-08-18,conditional,87.71,100.0,,,67.0,92.0,100.0,100.0,2.2.0,c8f1bf1665a8c5dfb834c0571e7dd5f6b6e5ccd00eab00295338bd42cfde549b
METC,"Ramaco Resources, Inc. - Class A Common Stock",nasdaqtrader:Q:METC,NAMECLASS:RAMACO RESOURCES INC,,common_equity,eligible,Q,,,11.6,54.55,,21657465.07222222,1.3986013986013957,-16.124367317425893,-27.770859277708592,-50.826621449766854,78.73510540788267,83.67852335194654,277.0,full,usable,2026-08-18,conditional,57.43,100.0,,,67.0,30.0,62.0,100.0,2.2.0,c8f1bf1665a8c5dfb834c0571e7dd5f6b6e5ccd00eab00295338bd42cfde549b
METCB,"Ramaco Resources, Inc. - Class B Common Stock",nasdaqtrader:Q:METCB,NAMECLASS:RAMACO RESOURCES INC,,common_equity,eligible,Q,,,6.12,21.67,,557169.2543650793,-20.416124837451232,-36.58031088082902,-51.81102362204724,-64.70588235294117,71.75819104753116,75.13412759401274,277.0,full,usable,2026-08-18,rejected,41.29,100.0,,,57.0,30.0,0.0,100.0,2.2.0,c8f1bf1665a8c5dfb834c0571e7dd5f6b6e5ccd00eab00295338bd42cfde549b
MF,MindForge Inc. - Class A Ordinary Shares,nasdaqtrader:Q:MF,NAMECLASS:MINDFORGE INC,,common_equity,eligible,Q,,,12.51,97.5,,9478303.491426984,196.44549763033177,267.6168086982075,-72.95135135135136,-83.85806451612903,87.16923076923077,218.9781576549138,277.0,full,usable,2026-08-18,conditional,45.43,100.0,,,25.0,30.0,62.0,100.0,2.2.0,c8f1bf1665a8c5dfb834c0571e7dd5f6b6e5ccd00eab00295338bd42cfde549b
MFA,"MFA Financial, Inc.",qrgf-resolution-required:N:MFA,SECURITY:MFA:qrgf-resolution-required:N:MFA,,common_equity,eligible,N,,,9.0,10.4,,14371743.596825397,-3.1216361679224924,-4.559915164369032,-9.2741935483871,-7.216494845360821,13.461538461538469,17.113220821657478,277.0,full,usable,2026-08-18,conditional,77.71,100.0,,,73.0,82.0,62.0,100.0,2.2.0,c8f1bf1665a8c5dfb834c0571e7dd5f6b6e5ccd00eab00295338bd42cfde549b
MFC,Manulife Financial Corporation Common Stock,nasdaqtrader:N:MFC,SECURITY:MFC:nasdaqtrader:N:MFC,,common_equity,eligible,N,,,44.03,44.77,,90288711.12333333,3.600000000000003,15.171331415119038,18.455743879472685,44.930875576036875,1.6528925619834767,16.39518819518556,277.0,full,usable,2026-08-18,conditional,53.57,100.0,,,65.0,10.0,80.0,100.0,2.2.0,c8f1bf1665a8c5dfb834c0571e7dd5f6b6e5ccd00eab00295338bd42cfde549b
MFG,"Mizuho Financial Group, Inc. Sponosred ADR (Japan)",nasdaqtrader:N:MFG,SECURITY:MFG:nasdaqtrader:N:MFG,,adr,eligible,N,,,10.65,10.99,,38339047.76666667,8.231707317073166,26.93682955899881,14.025695931477511,59.43113772455091,3.0937215650591487,37.60080806040377,277.0,full,usable,2026-08-18,conditional,58.71,100.0,,,83.0,10.0,80.0,100.0,2.2.0,c8f1bf1665a8c5dfb834c0571e7dd5f6b6e5ccd00eab00295338bd42cfde549b
MFI,mF International Limited - Class A Ordinary Shares,nasdaqtrader:Q:MFI,NAMECLASS:MF INTERNATIONAL LIMITED,,common_equity,eligible,Q,,,8.52,44.4,,95991.5105968254,-1.5028901734104094,-14.800000000000002,-36.08402100525132,-78.53904282115869,80.8108108108108,54.73500322981331,277.0,full,usable,2026-08-18,rejected,38.43,100.0,,,47.0,30.0,0.0,100.0,2.2.0,c8f1bf1665a8c5dfb834c0571e7dd5f6b6e5ccd00eab00295338bd42cfde549b
MFIN,Medallion Financial Corp. - Common Stock,nasdaqtrader:Q:MFIN,SECURITY:MFIN:nasdaqtrader:Q:MFIN,,common_equity,eligible,Q,,,11.33,11.48,,834266.8484126984,15.7303370786517,17.65316718587746,8.837656099903946,11.846001974333653,1.3066202090592394,29.913183844117896,277.0,full,usable,2026-08-18,rejected,37.0,100.0,,,67.0,10.0,0.0,100.0,2.2.0,c8f1bf1665a8c5dfb834c0571e7dd5f6b6e5ccd00eab00295338bd42cfde549b
MFP,"Midera Food Processing, Inc. - Common Stock",nasdaqtrader:Q:MFP,SECURITY:MFP:nasdaqtrader:Q:MFP,,common_equity,eligible,Q,,,42.91,48.14,,46967535.93305555,-1.1745739290649593,,,,10.864146240132955,63.630932315144584,36.0,insufficient,usable,2026-08-18,recheck,,71.43,,,,82.0,80.0,76.0,2.2.0,c8f1bf1665a8c5dfb834c0571e7dd5f6b6e5ccd00eab00295338bd42cfde549b
MG,Mistras Group Inc Common Stock,nasdaqtrader:N:MG,SECURITY:MG:nasdaqtrader:N:MG,,common_equity,eligible,N,,,18.2,19.28,,3462969.8757142858,18.566775244299684,5.752469494479939,25.60386473429952,100.88300220750548,5.601659751037358,58.94983780222232,277.0,full,usable,2026-08-18,conditional,54.79,100.0,,,73.0,28.0,45.0,100.0,2.2.0,c8f1bf1665a8c5dfb834c0571e7dd5f6b6e5ccd00eab00295338bd42cfde549b
MGA,"Magna International, Inc. Common Stock",nasdaqtrader:N:MGA,SECURITY:MGA:nasdaqtrader:N:MGA,,common_equity,eligible,N,,,70.27,71.76,,81227964.06555556,6.372994247653629,17.92247021312299,5.163124812930264,58.58722635973819,2.0763656633221994,32.31238633820695,277.0,full,usable,2026-08-18,conditional,58.71,100.0,,,83.0,10.0,80.0,100.0,2.2.0,c8f1bf1665a8c5dfb834c0571e7dd5f6b6e5ccd00eab00295338bd42cfde549b
MGEE,MGE Energy Inc. - Common Stock,nasdaqtrader:Q:MGEE,SECURITY:MGEE:nasdaqtrader:Q:MGEE,,common_equity,eligible,Q,,,81.25,87.74,,20790011.752380952,-0.07379166154224404,8.333333333333325,-1.4315176513405414,-3.388822829964322,7.3968543423751925,15.893121517084701,277.0,full,usable,2026-08-18,conditional,55.0,100.0,,,61.0,28.0,62.0,100.0,2.2.0,c8f1bf1665a8c5dfb834c0571e7dd5f6b6e5ccd00eab00295338bd42cfde549b
MGIH,Millennium Group International Holdings Limited - Ordinary Shares,nasdaqtrader:Q:MGIH,SECURITY:MGIH:nasdaqtrader:Q:MGIH,,common_equity,eligible,Q,,,1.55,2.8,,526853.2722142857,1.9736842105263275,9.154929577464799,9.147243151890727,-3.7267080745341685,44.64285714285714,93.3129272795569,277.0,full,usable,2026-08-18,rejected,65.64,100.0,,,61.0,95.0,0.0,100.0,2.2.0,c8f1bf1665a8c5dfb834c0571e7dd5f6b6e5ccd00eab00295338bd42cfde549b
MGLD,"The Marygold Companies, Inc. Common Stock",nasdaqtrader:A:MGLD,SECURITY:MGLD:nasdaqtrader:A:MGLD,,common_equity,eligible,A,,,1.035,1.3,,20114.382999999998,-8.407079646017701,-5.045871559633042,-17.200000000000003,37.03164305573943,20.38461538461539,48.24474510805757,277.0,full,usable,2026-08-18,rejected,72.0,100.0,,,87.0,92.0,0.0,100.0,2.2.0,c8f1bf1665a8c5dfb834c0571e7dd5f6b6e5ccd00eab00295338bd42cfde549b
MGM,MGM Resorts International Common Stock,nasdaqtrader:N:MGM,SECURITY:MGM:nasdaqtrader:N:MGM,,common_equity,eligible,N,,,43.32,50.69,,174431239.00730157,-6.517047906776008,16.79698031814505,26.407936971111745,20.601336302895312,14.5393568751233,19.77745330392164,277.0,full,usable,2026-08-18,conditional,81.86,100.0,,,65.0,82.0,92.0,100.0,2.2.0,c8f1bf1665a8c5dfb834c0571e7dd5f6b6e5ccd00eab00295338bd42cfde549b
MGNI,"Magnite, Inc. - Common Stock",nasdaqtrader:Q:MGNI,SECURITY:MGNI:nasdaqtrader:Q:MGNI,,common_equity,eligible,Q,,,24.53,26.52,,55865653.35150794,29.309435951502394,83.19641523525019,112.01382886776146,3.502109704641354,7.503770739064852,61.988396099272855,277.0,full,usable,2026-08-18,conditional,57.71,100.0,,,57.0,28.0,80.0,100.0,2.2.0,c8f1bf1665a8c5dfb834c0571e7dd5f6b6e5ccd00eab00295338bd42cfde549b
MGNX,"MacroGenics, Inc. - Common Stock",nasdaqtrader:Q:MGNX,SECURITY:MGNX:nasdaqtrader:Q:MGNX,,common_equity,eligible,Q,,,4.09,4.86,,4036002.081428571,-5.3240740740740815,-5.977011494252871,140.58823529411762,158.86075949367086,15.843621399176966,68.2498623097725,277.0,full,usable,2026-08-18,conditional,77.5,100.0,,,85.0,82.0,45.0,100.0,2.2.0,c8f1bf1665a8c5dfb834c0571e7dd5f6b6e5ccd00eab00295338bd42cfde549b
MGPI,"MGP Ingredients, Inc. - Common Stock",nasdaqtrader:Q:MGPI,SECURITY:MGPI:nasdaqtrader:Q:MGPI,,common_equity,eligible,Q,,,17.5,30.16,,3418192.024920635,-3.8989566172432766,-4.214559386973182,-31.906614785992215,-39.19388464211258,41.9761273209549,42.182066186981615,277.0,full,usable,2026-08-18,conditional,77.0,100.0,,,67.0,95.0,45.0,100.0,2.2.0,c8f1bf1665a8c5dfb834c0571e7dd5f6b6e5ccd00eab00295338bd42cfde549b
MGRC,McGrath RentCorp - Common Stock,nasdaqtrader:Q:MGRC,SECURITY:MGRC:nasdaqtrader:Q:MGRC,,common_equity,eligible,Q,,,118.88,125.99,,21797956.16920635,1.1830794110136988,5.427456544874065,1.6242092665412766,-0.5687520910003352,5.643305024208267,22.773970323624084,277.0,full,usable,2026-08-18,conditional,55.0,100.0,,,61.0,28.0,62.0,100.0,2.2.0,c8f1bf1665a8c5dfb834c0571e7dd5f6b6e5ccd00eab00295338bd42cfde549b
MGRT,Mega Fortune Company Limited - Ordinary Shares,nasdaqtrader:Q:MGRT,SECURITY:MGRT:nasdaqtrader:Q:MGRT,,common_equity,eligible,Q,,,95.73,142.2,,1503166.6065079367,20.23360964581764,-27.8435215195598,1254.031117397454,2674.782608695652,32.679324894514764,70.003240191261,275.0,full,usable,2026-08-18,rejected,71.43,100.0,,,85.0,92.0,0.0,100.0,2.2.0,c8f1bf1665a8c5dfb834c0571e7dd5f6b6e5ccd00eab00295338bd42cfde549b
MGTX,MeiraGTx Holdings plc - Ordinary Shares,nasdaqtrader:Q:MGTX,SECURITY:MGTX:nasdaqtrader:Q:MGTX,,common_equity,eligible,Q,,,13.89,14.66,,10235565.346825397,13.759213759213761,47.765957446808514,83.24538258575198,70.01223990208078,5.252387448840379,47.145729764024345,277.0,full,usable,2026-08-18,conditional,58.43,100.0,,,73.0,28.0,62.0,100.0,2.2.0,c8f1bf1665a8c5dfb834c0571e7dd5f6b6e5ccd00eab00295338bd42cfde549b
MGX,"Metagenomi Therapeutics, Inc. - Common Stock",nasdaqtrader:Q:MGX,SECURITY:MGX:nasdaqtrader:Q:MGX,,common_equity,eligible,Q,,,1.21,3.35,,208026.05722222224,-0.8196721311475419,-4.7244094488189,-17.12328767123288,-34.946236559139784,63.88059701492538,25.42380398882048,277.0,full,usable,2026-08-18,rejected,58.43,100.0,,,67.0,70.0,0.0,100.0,2.2.0,c8f1bf1665a8c5dfb834c0571e7dd5f6b6e5ccd00eab00295338bd42cfde549b
MGY,Magnolia Oil & Gas Corporation Class A Common Stock,nasdaqtrader:N:MGY,NAMECLASS:MAGNOLIA OIL GAS CORPORATION,,common_equity,eligible,N,,,26.9,32.36,,109803551.34873016,5.366235801018404,-10.003345600535308,3.4217608612072237,13.983050847457612,16.872682323856615,44.674471960343645,277.0,full,usable,2026-08-18,conditional,85.86,100.0,,,79.0,82.0,92.0,100.0,2.2.0,c8f1bf1665a8c5dfb834c0571e7dd5f6b6e5ccd00eab00295338bd42cfde549b
MGYR,"Magyar Bancorp, Inc. - Common Stock",nasdaqtrader:Q:MGYR,SECURITY:MGYR:nasdaqtrader:Q:MGYR,,common_equity,eligible,Q,,,19.5,19.5,,58978.79065555556,11.619919862621654,12.004595060310175,8.333333333333325,11.428571428571432,0.0,20.595094488477862,277.0,full,usable,2026-08-18,rejected,37.0,100.0,,,67.0,10.0,0.0,100.0,2.2.0,c8f1bf1665a8c5dfb834c0571e7dd5f6b6e5ccd00eab00295338bd42cfde549b
MH,"McGraw Hill, Inc. Common Stock",nasdaqtrader:N:MH,SECURITY:MH:nasdaqtrader:N:MH,,common_equity,eligible,N,,,13.12,17.99,,8513540.583333334,36.80917622523461,6.753458096013021,-5.202312138728327,-1.7228464419475675,27.070594774874923,68.19737808624193,269.0,full,usable,2026-08-18,conditional,77.86,100.0,,,61.0,92.0,62.0,100.0,2.2.0,c8f1bf1665a8c5dfb834c0571e7dd5f6b6e5ccd00eab00295338bd42cfde549b
MHH,"Mastech Digital, Inc Common Stock",nasdaqtrader:A:MHH,SECURITY:MHH:nasdaqtrader:A:MHH,,common_equity,eligible,A,,,7.61,8.09,,140835.22187777777,3.256445047489831,22.15088282504012,15.303030303030308,-1.2970168612191912,5.933250927070455,31.709409320664463,277.0,full,usable,2026-08-18,rejected,38.86,100.0,,,51.0,28.0,0.0,100.0,2.2.0,c8f1bf1665a8c5dfb834c0571e7dd5f6b6e5ccd00eab00295338bd42cfde549b
MHK,"Mohawk Industries, Inc. Common Stock",nasdaqtrader:N:MHK,SECURITY:MHK:nasdaqtrader:N:MHK,,common_equity,eligible,N,,,132.87,140.1,,96602601.77380952,23.02777777777778,37.16320842366056,0.7277689333636594,3.7398500936914436,5.16059957173447,43.83021926833865,277.0,full,usable,2026-08-18,conditional,60.57,100.0,,,67.0,28.0,80.0,100.0,2.2.0,c8f1bf1665a8c5dfb834c0571e7dd5f6b6e5ccd00eab00295338bd42cfde549b
MHO,"M/I Homes, Inc. Common Stock",nasdaqtrader:N:MHO,SECURITY:MHO:nasdaqtrader:N:MHO,,common_equity,eligible,N,,,148.54,163.0,,35444540.13126984,1.2818764489294976,19.896682540963752,1.226659397573937,4.333778183606096,8.871165644171786,30.047658442326288,277.0,full,usable,2026-08-18,conditional,79.86,100.0,,,67.0,82.0,80.0,100.0,2.2.0,c8f1bf1665a8c5dfb834c0571e7dd5f6b6e5ccd00eab00295338bd42cfde549b
MI,NFT Limited Class A Ordinary Share,nasdaqtrader:A:MI,SECURITY:MI:nasdaqtrader:A:MI,,common_equity,eligible,A,,,6.95,448.4,,187095.60377936508,-20.22863964005326,-63.22751322751322,-98.15552016985139,-97.0722049035302,98.450044603033,106.46505413071846,277.0,full,usable,2026-08-18,rejected,27.86,100.0,,,10.0,30.0,0.0,100.0,2.2.0,c8f1bf1665a8c5dfb834c0571e7dd5f6b6e5ccd00eab00295338bd42cfde549b
MIAX,"Miami International Holdings, Inc. Common Stock",nasdaqtrader:N:MIAX,SECURITY:MIAX:nasdaqtrader:N:MIAX,,common_equity,eligible,N,,,41.91,56.84,,77965361.96253969,-0.30922930542340854,-23.115024766097967,2.49449743213499,34.67223650385603,26.266713581984526,35.68047863681414,254.0,full,usable,2026-08-18,conditional,89.14,100.0,,,87.0,92.0,80.0,100.0,2.2.0,c8f1bf1665a8c5dfb834c0571e7dd5f6b6e5ccd00eab00295338bd42cfde549b
MICC,The Magnum Ice Cream Company N.V. Ordinary Shares,nasdaqtrader:N:MICC,SECURITY:MICC:nasdaqtrader:N:MICC,,common_equity,eligible,N,,,18.98,20.09,,20711071.00047619,1.7694369973190405,20.584498094027957,19.29604022627278,,5.525136884021897,27.144077055903114,174.0,limited_but_usable,usable,2026-08-18,conditional,48.14,100.0,,,37.0,28.0,62.0,100.0,2.2.0,c8f1bf1665a8c5dfb834c0571e7dd5f6b6e5ccd00eab00295338bd42cfde549b
MIDD,The Middleby Corporation - Common Stock,nasdaqtrader:Q:MIDD,SECURITY:MIDD:nasdaqtrader:Q:MIDD,,common_equity,eligible,Q,,,114.0,179.2,,95899653.48857142,-12.00987959246681,-21.058098469635066,-30.30080704328687,-14.033632456074209,36.38392857142857,38.14748798926204,277.0,full,usable,2026-08-18,conditional,86.21,100.0,,,73.0,95.0,80.0,100.0,2.2.0,c8f1bf1665a8c5dfb834c0571e7dd5f6b6e5ccd00eab00295338bd42cfde549b
MIMI,Mint Incorporation Limited - Class A Ordinary Shares,nasdaqtrader:Q:MIMI,NAMECLASS:MINT INCORPORATION LIMITED,,common_equity,eligible,Q,,,1.9,107.5,,5267941.042142858,-10.7981220657277,-33.797909407665514,-47.73039889958734,-97.5130890052356,98.23255813953489,156.37099660818618,277.0,full,usable,2026-08-18,conditional,51.71,100.0,,,47.0,30.0,62.0,100.0,2.2.0,c8f1bf1665a8c5dfb834c0571e7dd5f6b6e5ccd00eab00295338bd42cfde549b
MIND,"MIND Technology, Inc. - Common Stock",nasdaqtrader:Q:MIND,SECURITY:MIND:nasdaqtrader:Q:MIND,,common_equity,eligible,Q,,,4.7,14.29,,542230.8353174604,-14.233576642335766,-29.955290611028317,-46.10091743119267,-50.05313496280552,67.10986703988804,56.099032063964614,277.0,full,usable,2026-08-18,rejected,44.14,100.0,,,67.0,30.0,0.0,100.0,2.2.0,c8f1bf1665a8c5dfb834c0571e7dd5f6b6e5ccd00eab00295338bd42cfde549b
MINE,Mayfair Gold Corp. Common Shares,nasdaqtrader:A:MINE,SECURITY:MINE:nasdaqtrader:A:MINE,,common_equity,eligible,A,,,2.95,4.64,,159037.03595238097,27.155172413793128,6.115107913669071,-25.692695214105786,,36.42241379310344,54.8810820841777,141.0,limited_but_usable,usable,2026-08-18,rejected,61.64,100.0,,,47.0,95.0,0.0,100.0,2.2.0,c8f1bf1665a8c5dfb834c0571e7dd5f6b6e5ccd00eab00295338bd42cfde549b
MIR,"Mirion Technologies, Inc. Class A Common Stock",nasdaqtrader:N:MIR,NAMECLASS:MIRION TECHNOLOGIES INC,,common_equity,eligible,N,,,15.33,29.75,,71144170.92857143,-2.7901077996195234,-14.975041597337778,-30.28649386084583,-25.401459854014597,48.47058823529412,57.96262617233747,277.0,full,usable,2026-08-18,conditional,84.5,100.0,,,67.0,95.0,80.0,100.0,2.2.0,c8f1bf1665a8c5dfb834c0571e7dd5f6b6e5ccd00eab00295338bd42cfde549b
MIRM,"Mirum Pharmaceuticals, Inc. - common stock",nasdaqtrader:Q:MIRM,SECURITY:MIRM:nasdaqtrader:Q:MIRM,,common_equity,eligible,Q,,,100.87,128.57,,89760395.83103174,-13.505402160864344,5.6340978112891404,-1.9060585432266741,48.4910937730016,21.544683829820322,51.587576091074574,277.0,full,usable,2026-08-18,conditional,85.71,100.0,,,75.0,92.0,80.0,100.0,2.2.0,c8f1bf1665a8c5dfb834c0571e7dd5f6b6e5ccd00eab00295338bd42cfde549b
MIST,Milestone Pharmaceuticals Inc. - Common Shares,nasdaqtrader:Q:MIST,SECURITY:MIST:nasdaqtrader:Q:MIST,,common_equity,eligible,Q,,,1.07,2.95,,1703934.7821428573,-9.32203389830507,-26.71232876712328,-37.058823529411754,-37.058823529411754,63.72881355932203,69.2371281651999,277.0,full,usable,2026-08-18,rejected,58.43,100.0,,,67.0,70.0,0.0,100.0,2.2.0,c8f1bf1665a8c5dfb834c0571e7dd5f6b6e5ccd00eab00295338bd42cfde549b
MITK,"Mitek Systems, Inc. - Common Stock",nasdaqtrader:Q:MITK,SECURITY:MITK:nasdaqtrader:Q:MITK,,common_equity,eligible,Q,,,18.18,20.14,,16858953.931984127,-2.7807486631016065,28.6624203821656,34.16974169741695,81.25623130608177,9.731876861966239,57.153521720108856,277.0,full,usable,2026-08-18,conditional,77.71,100.0,,,73.0,82.0,62.0,100.0,2.2.0,c8f1bf1665a8c5dfb834c0571e7dd5f6b6e5ccd00eab00295338bd42cfde549b
MITQ,"Moving iMage Technologies, Inc. Common Stock",nasdaqtrader:A:MITQ,SECURITY:MITQ:nasdaqtrader:A:MITQ,,common_equity,eligible,A,,,0.53,1.52,,32800.48334126984,-2.752293577981657,-14.239482200647247,-16.797488226059652,-25.36262498239684,65.13157894736842,61.03896242382682,277.0,full,usable,2026-08-18,rejected,44.14,100.0,,,67.0,30.0,0.0,100.0,2.2.0,c8f1bf1665a8c5dfb834c0571e7dd5f6b6e5ccd00eab00295338bd42cfde549b
MITT,"TPG Mortgage Investment Trust, Inc. Common Stock",nasdaqtrader:N:MITT,SECURITY:MITT:nasdaqtrader:N:MITT,,common_equity,eligible,N,,,6.65,9.21,,1541920.9871428572,-11.333333333333329,-10.857908847184984,-22.039859320046883,-9.891598915989153,27.795874049945713,42.67195157539003,277.0,full,usable,2026-08-18,rejected,68.0,100.0,,,73.0,92.0,0.0,100.0,2.2.0,c8f1bf1665a8c5dfb834c0571e7dd5f6b6e5ccd00eab00295338bd42cfde549b
MKC,"McCormick & Company, Incorporated Common Stock",nasdaqtrader:N:MKC,SECURITY:MKC:nasdaqtrader:N:MKC,,common_equity,eligible,N,,,55.28,72.26,,196759304.81269842,5.819295558958659,18.37259100642399,-20.10406128053186,-20.688665710186516,23.49847771934681,28.208203952634452,277.0,full,usable,2026-08-18,conditional,84.29,100.0,,,61.0,92.0,92.0,100.0,2.2.0,c8f1bf1665a8c5dfb834c0571e7dd5f6b6e5ccd00eab00295338bd42cfde549b
MKC.V,"McCormick & Company, Incorporated Common Stock",nasdaqtrader:N:MKC.V,SECURITY:MKC.V:nasdaqtrader:N:MKC.V,,common_equity,eligible,N,,,55.46,72.2595,,237507.02383650793,6.347075743048891,18.63076228713949,-18.929980996930272,-20.680778032036617,23.24884617247559,30.555967757591844,277.0,full,usable,2026-08-18,rejected,64.57,100.0,,,61.0,92.0,0.0,100.0,2.2.0,c8f1bf1665a8c5dfb834c0571e7dd5f6b6e5ccd00eab00295338bd42cfde549b
MKDW,MKDWELL Tech Inc. - Ordinary Shares,nasdaqtrader:Q:MKDW,SECURITY:MKDW:nasdaqtrader:Q:MKDW,,common_equity,eligible,Q,,,11.01,12.0,,127062.5368968254,-6.05882202370287,56.17021276595744,447.7611940298508,82.13399503722086,8.250000000000002,50.52284758258179,277.0,full,usable,2026-08-18,rejected,64.43,100.0,,,73.0,82.0,0.0,100.0,2.2.0,c8f1bf1665a8c5dfb834c0571e7dd5f6b6e5ccd00eab00295338bd42cfde549b
MKL,Markel Group Inc. Common Stock,nasdaqtrader:N:MKL,SECURITY:MKL:nasdaqtrader:N:MKL,,common_equity,eligible,N,,,1815.09,2191.9,,135613093.91587302,-8.242591525372333,-2.7069184547515834,-12.922771365245678,-5.856327800829875,17.19102148820658,24.684763357736426,277.0,full,usable,2026-08-18,conditional,84.14,100.0,,,73.0,82.0,92.0,100.0,2.2.0,c8f1bf1665a8c5dfb834c0571e7dd5f6b6e5ccd00eab00295338bd42cfde549b
MKSI,MKS Inc. - Common Stock,nasdaqtrader:Q:MKSI,SECURITY:MKSI:nasdaqtrader:Q:MKSI,,common_equity,eligible,Q,,,300.24,444.8,,470532161.82222223,-7.413346490687045,1.5353398714913924,14.185745797520344,199.58092197166235,32.49999999999999,80.69305020163576,277.0,full,usable,2026-08-18,conditional,94.0,100.0,,,95.0,92.0,92.0,100.0,2.2.0,c8f1bf1665a8c5dfb834c0571e7dd5f6b6e5ccd00eab00295338bd42cfde549b
MKTW,"MarketWise, Inc. - Class A Common Stock",nasdaqtrader:Q:MKTW,NAMECLASS:MARKETWISE INC,,common_equity,eligible,Q,,,19.48,21.34,,281705.7212698413,-2.8428927680797966,17.34939759036145,35.277777777777786,5.869565217391304,8.716026241799435,41.56913926285253,277.0,full,usable,2026-08-18,rejected,59.86,100.0,,,57.0,82.0,0.0,100.0,2.2.0,c8f1bf1665a8c5dfb834c0571e7dd5f6b6e5ccd00eab00295338bd42cfde549b
MKTX,"MarketAxess Holdings, Inc. - Common Stock",nasdaqtrader:Q:MKTX,SECURITY:MKTX:nasdaqtrader:Q:MKTX,,common_equity,eligible,Q,,,162.57,193.61,,137502246.54095238,41.46362687086669,15.20799376373041,-8.540084388185655,-14.454851610187324,16.032229740199377,76.92259367286218,277.0,full,usable,2026-08-18,conditional,80.71,100.0,,,61.0,82.0,92.0,100.0,2.2.0,c8f1bf1665a8c5dfb834c0571e7dd5f6b6e5ccd00eab00295338bd42cfde549b
MKZR,"MacKenzie Realty Capital, Inc. - Common Stock",nasdaqtrader:Q:MKZR,SECURITY:MKZR:nasdaqtrader:Q:MKZR,,common_equity,eligible,Q,,,1.5,6.65,,92688.02195555555,-5.660377358490576,-36.44067796610169,-61.53846153846154,-69.0721649484536,77.44360902255639,120.19434511756995,277.0,full,usable,2026-08-18,rejected,41.29,100.0,,,57.0,30.0,0.0,100.0,2.2.0,c8f1bf1665a8c5dfb834c0571e7dd5f6b6e5ccd00eab00295338bd42cfde549b
MLAB,"Mesa Laboratories, Inc. - Common Stock",nasdaqtrader:Q:MLAB,SECURITY:MLAB:nasdaqtrader:Q:MLAB,,common_equity,eligible,Q,,,107.94,113.2,,20508752.19984127,11.658218682114407,6.586353312925852,21.787205235247665,56.730071148540716,4.646643109540638,47.876617354954305,277.0,full,usable,2026-08-18,conditional,52.0,100.0,,,73.0,10.0,62.0,100.0,2.2.0,c8f1bf1665a8c5dfb834c0571e7dd5f6b6e5ccd00eab00295338bd42cfde549b
MLCI,Mount Logan Capital Inc. - Common Stock,nasdaqtrader:Q:MLCI,SECURITY:MLCI:nasdaqtrader:Q:MLCI,,common_equity,eligible,Q,,,3.11,8.64,,106237.95166666668,-6.325301204819278,-6.325301204819278,-44.955752212389385,,64.00462962962963,57.12170099004425,233.0,limited_but_usable,usable,2026-08-18,rejected,56.14,100.0,,,59.0,70.0,0.0,100.0,2.2.0,c8f1bf1665a8c5dfb834c0571e7dd5f6b6e5ccd00eab00295338bd42cfde549b
MLCO,Melco Resorts & Entertainment Limited - American Depositary Shares,nasdaqtrader:Q:MLCO,SECURITY:MLCO:nasdaqtrader:Q:MLCO,,adr,eligible,Q,,,5.44,10.13,,13393237.692222223,-0.7299270072992692,-1.6274864376130127,-3.2028469750889577,-36.522753792298715,46.298124383020735,29.994795580948043,277.0,full,usable,2026-08-18,conditional,80.64,100.0,,,67.0,95.0,62.0,100.0,2.2.0,c8f1bf1665a8c5dfb834c0571e7dd5f6b6e5ccd00eab00295338bd42cfde549b
MLEC,Moolec Science SA - Ordinary Shares,nasdaqtrader:Q:MLEC,SECURITY:MLEC:nasdaqtrader:Q:MLEC,,common_equity,eligible,Q,,,7.1593,37.5,,141341.02954285714,8.47424242424244,-13.950721153846157,-25.268267223382047,-80.60861321776815,80.90853333333334,121.33713092488125,277.0,full,usable,2026-08-18,rejected,38.43,100.0,,,47.0,30.0,0.0,100.0,2.2.0,c8f1bf1665a8c5dfb834c0571e7dd5f6b6e5ccd00eab00295338bd42cfde549b
MLGO,"MicroAlgo, Inc. - Ordinary Shares",nasdaqtrader:Q:MLGO,SECURITY:MLGO:nasdaqtrader:Q:MLGO,,common_equity,eligible,Q,,,4.17,12.11,,1374471.3725396825,3.2178217821782207,11.796246648793574,13.315217391304346,-54.72312703583062,65.56564822460776,37.8251008572644,277.0,full,usable,2026-08-18,rejected,40.71,100.0,,,55.0,30.0,0.0,100.0,2.2.0,c8f1bf1665a8c5dfb834c0571e7dd5f6b6e5ccd00eab00295338bd42cfde549b
MLI,"Mueller Industries, Inc. Common Stock",nasdaqtrader:N:MLI,SECURITY:MLI:nasdaqtrader:N:MLI,,common_equity,eligible,N,,,64.48,70.42,,90953906.2531746,9.343734102085822,-5.273982664903764,8.570466408486288,40.81677222100897,8.43510366373189,31.358782478113156,277.0,full,usable,2026-08-18,conditional,85.57,100.0,,,87.0,82.0,80.0,100.0,2.2.0,c8f1bf1665a8c5dfb834c0571e7dd5f6b6e5ccd00eab00295338bd42cfde549b
MLKN,"MillerKnoll, Inc. - Common Stock",nasdaqtrader:Q:MLKN,SECURITY:MLKN:nasdaqtrader:Q:MLKN,,common_equity,eligible,Q,,,23.19,24.49,,15525246.54468254,7.710171853228065,58.07770961145196,7.113163972286385,9.18079096045199,5.308289097590846,39.216360010336174,277.0,full,usable,2026-08-18,conditional,56.71,100.0,,,67.0,28.0,62.0,100.0,2.2.0,c8f1bf1665a8c5dfb834c0571e7dd5f6b6e5ccd00eab00295338bd42cfde549b
MLM,"Martin Marietta Materials, Inc. Common Stock",nasdaqtrader:N:MLM,SECURITY:MLM:nasdaqtrader:N:MLM,,common_equity,eligible,N,,,522.81,708.11,,345909137.7853968,-5.565189118890224,-5.932203389830515,-21.562420296160724,-14.234390892089655,26.168250695513418,33.52174817983414,277.0,full,usable,2026-08-18,conditional,87.71,100.0,,,73.0,92.0,92.0,100.0,2.2.0,c8f1bf1665a8c5dfb834c0571e7dd5f6b6e5ccd00eab00295338bd42cfde549b
MLP,"Maui Land & Pineapple Company, Inc. Common Stock",nasdaqtrader:N:MLP,SECURITY:MLP:nasdaqtrader:N:MLP,,common_equity,eligible,N,,,16.11,19.92,,335855.90222222224,-2.893309222423146,7.615230460921829,-4.787234042553202,-5.899532710280386,19.12650602409639,39.876001162037106,277.0,full,usable,2026-08-18,rejected,61.0,100.0,,,61.0,82.0,0.0,100.0,2.2.0,c8f1bf1665a8c5dfb834c0571e7dd5f6b6e5ccd00eab00295338bd42cfde549b
MLR,"Miller Industries, Inc. Common Stock",nasdaqtrader:N:MLR,SECURITY:MLR:nasdaqtrader:N:MLR,,common_equity,eligible,N,,,56.52,56.86,,4171767.236190476,13.928643418665597,20.383386581469654,29.454878607420998,31.441860465116278,0.5979599015124792,27.002216792811794,277.0,full,usable,2026-08-18,conditional,46.07,100.0,,,65.0,10.0,45.0,100.0,2.2.0,c8f1bf1665a8c5dfb834c0571e7dd5f6b6e5ccd00eab00295338bd42cfde549b
MLSS,"Milestone Scientific, Inc. Common Stock",nasdaqtrader:A:MLSS,SECURITY:MLSS:nasdaqtrader:A:MLSS,,common_equity,eligible,A,,,0.493,0.64,,77509.49650634921,15.972712302987535,51.69230769230768,82.25508317929757,-24.15384615384616,22.968750000000004,81.17167066320916,277.0,full,usable,2026-08-18,rejected,61.71,100.0,,,51.0,92.0,0.0,100.0,2.2.0,c8f1bf1665a8c5dfb834c0571e7dd5f6b6e5ccd00eab00295338bd42cfde549b
MLTX,MoonLake Immunotherapeutics - Class A Ordinary Shares,nasdaqtrader:Q:MLTX,NAMECLASS:MOONLAKE IMMUNOTHERAPEUTICS,,common_equity,eligible,Q,,,16.34,61.99,,22651267.153015874,-14.225721784776901,-0.6082725060827299,-6.735159817351599,-69.95771281485568,73.64090982416519,56.680553136631616,277.0,full,usable,2026-08-18,conditional,57.43,100.0,,,67.0,30.0,62.0,100.0,2.2.0,c8f1bf1665a8c5dfb834c0571e7dd5f6b6e5ccd00eab00295338bd42cfde549b
MLYS,"Mineralys Therapeutics, Inc. - Common Stock",nasdaqtrader:Q:MLYS,SECURITY:MLYS:nasdaqtrader:Q:MLYS,,common_equity,eligible,Q,,,26.61,47.33,,36840724.16944445,-0.3743916136278558,0.8336491095111809,-4.760200429491778,83.26446280991735,43.777730826114514,29.517774007299654,277.0,full,usable,2026-08-18,conditional,92.5,100.0,,,95.0,95.0,80.0,100.0,2.2.0,c8f1bf1665a8c5dfb834c0571e7dd5f6b6e5ccd00eab00295338bd42cfde549b
MMA,Mixed Martial Arts Group Limited Ordinary Shares,nasdaqtrader:A:MMA,SECURITY:MMA:nasdaqtrader:A:MMA,,common_equity,eligible,A,,,0.3891,1.82,,515659.91876428574,-17.40607089789854,-27.40671641791045,-37.25205611998065,-54.2235294117647,78.62087912087912,62.895725520637725,277.0,full,usable,2026-08-18,rejected,44.14,100.0,,,67.0,30.0,0.0,100.0,2.2.0,c8f1bf1665a8c5dfb834c0571e7dd5f6b6e5ccd00eab00295338bd42cfde549b
MMED,"MiniMed Group, Inc. - Common Stock",nasdaqtrader:Q:MMED,SECURITY:MMED:nasdaqtrader:Q:MMED,,common_equity,eligible,Q,,,19.36,20.7,,17771597.11714286,14.420803782505898,77.94117647058823,,,6.473429951690823,51.086077894883466,114.0,insufficient,usable,2026-08-18,recheck,,71.43,,,,28.0,62.0,88.0,2.2.0,c8f1bf1665a8c5dfb834c0571e7dd5f6b6e5ccd00eab00295338bd42cfde549b
MMI,"Marcus & Millichap, Inc. Common Stock",nasdaqtrader:N:MMI,SECURITY:MMI:nasdaqtrader:N:MMI,,common_equity,eligible,N,,,31.58,33.19,,5727036.343015873,2.599090318388564,8.559642488827768,26.269492203118737,2.599090318388564,4.850858692377225,26.36745546652027,277.0,full,usable,2026-08-18,conditional,47.43,100.0,,,57.0,10.0,62.0,100.0,2.2.0,c8f1bf1665a8c5dfb834c0571e7dd5f6b6e5ccd00eab00295338bd42cfde549b
MMM,3M Company Common Stock,nasdaqtrader:N:MMM,SECURITY:MMM:nasdaqtrader:N:MMM,,common_equity,eligible,N,,,180.94,183.78,,596373024.1052381,13.720067877568965,18.62584409624335,7.946545758262724,18.734825119758526,1.5453259331809743,29.070633764600295,277.0,full,usable,2026-08-18,conditional,60.71,100.0,,,75.0,10.0,100.0,100.0,2.2.0,c8f1bf1665a8c5dfb834c0571e7dd5f6b6e5ccd00eab00295338bd42cfde549b
MMS,"Maximus, Inc. Common Stock",nasdaqtrader:N:MMS,SECURITY:MMS:nasdaqtrader:N:MMS,,common_equity,eligible,N,,,56.39,98.93,,40817792.496031746,-2.658380804419125,-5.465213746856657,-22.05943331029716,-33.1872037914692,43.00010108157283,44.43136350353135,277.0,full,usable,2026-08-18,conditional,84.5,100.0,,,67.0,95.0,80.0,100.0,2.2.0,c8f1bf1665a8c5dfb834c0571e7dd5f6b6e5ccd00eab00295338bd42cfde549b
MMSI,"Merit Medical Systems, Inc. - Common Stock",nasdaqtrader:Q:MMSI,SECURITY:MMSI:nasdaqtrader:Q:MMSI,,common_equity,eligible,Q,,,89.26,93.18,,67643852.1036508,18.74417985898631,40.25769956002514,9.40066184581443,4.385451993918843,4.206911354367893,27.473198209098666,277.0,full,usable,2026-08-18,conditional,54.14,100.0,,,67.0,10.0,80.0,100.0,2.2.0,c8f1bf1665a8c5dfb834c0571e7dd5f6b6e5ccd00eab00295338bd42cfde549b
MMYT,MakeMyTrip Limited - Ordinary Shares,nasdaqtrader:Q:MMYT,SECURITY:MMYT:nasdaqtrader:Q:MMYT,,common_equity,eligible,Q,,,59.48,103.21,,51081756.0715873,11.76249530251785,32.38370799020698,4.8290447655974456,-39.681573876888756,42.36992539482608,55.491876488878646,277.0,full,usable,2026-08-18,conditional,81.07,100.0,,,55.0,95.0,80.0,100.0,2.2.0,c8f1bf1665a8c5dfb834c0571e7dd5f6b6e5ccd00eab00295338bd42cfde549b
MNDR,Mobile-health Network Solutions - Class A Ordinary Shares,nasdaqtrader:Q:MNDR,NAMECLASS:MOBILE HEALTH NETWORK SOLUTIONS,,common_equity,eligible,Q,,,1.71,34.19,,495981.12726984126,-44.66019417475729,-70.0,-67.61363636363636,-94.77543538038496,94.99853758408892,120.60623136258923,277.0,full,usable,2026-08-18,rejected,32.14,100.0,,,25.0,30.0,0.0,100.0,2.2.0,c8f1bf1665a8c5dfb834c0571e7dd5f6b6e5ccd00eab00295338bd42cfde549b
MNDY,monday.com Ltd. - Ordinary Shares,nasdaqtrader:Q:MNDY,SECURITY:MNDY:nasdaqtrader:Q:MNDY,,common_equity,eligible,Q,,,88.04,219.15,,133075137.68944445,14.710097719869708,12.813941568426458,18.428840462738762,-49.90326618868784,59.82660278348163,72.56638267472228,277.0,full,usable,2026-08-18,conditional,71.86,100.0,,,45.0,70.0,92.0,100.0,2.2.0,c8f1bf1665a8c5dfb834c0571e7dd5f6b6e5ccd00eab00295338bd42cfde549b
MNKD,MannKind Corporation - Common Stock,nasdaqtrader:Q:MNKD,SECURITY:MNKD:nasdaqtrader:Q:MNKD,,common_equity,eligible,Q,,,4.07,6.21,,19902749.049523808,2.261306532663321,36.12040133779264,-26.534296028880867,9.115281501340489,34.46054750402576,57.27468346825195,277.0,full,usable,2026-08-18,conditional,79.57,100.0,,,67.0,92.0,62.0,100.0,2.2.0,c8f1bf1665a8c5dfb834c0571e7dd5f6b6e5ccd00eab00295338bd42cfde549b
MNOV,"MediciNova, Inc. - Common Stock",nasdaqtrader:Q:MNOV,SECURITY:MNOV:nasdaqtrader:Q:MNOV,,common_equity,eligible,Q,,,1.34,1.88,,64296.46396825397,0.0,-3.597122302158262,-16.249999999999996,2.2900763358778553,28.72340425531914,29.597262466046807,277.0,full,usable,2026-08-18,rejected,69.71,100.0,,,79.0,92.0,0.0,100.0,2.2.0,c8f1bf1665a8c5dfb834c0571e7dd5f6b6e5ccd00eab00295338bd42cfde549b
MNPR,Monopar Therapeutics Inc. - Common Stock,nasdaqtrader:Q:MNPR,SECURITY:MNPR:nasdaqtrader:Q:MNPR,,common_equity,eligible,Q,,,119.05,120.21,,20637636.35484127,12.417374881964104,111.64444444444443,119.58867472101815,233.38000560067206,0.9649779552449833,60.861761784143674,277.0,full,usable,2026-08-18,conditional,52.0,100.0,,,73.0,10.0,62.0,100.0,2.2.0,c8f1bf1665a8c5dfb834c0571e7dd5f6b6e5ccd00eab00295338bd42cfde549b
MNR,Mach Natural Resources LP Common Units representing Limited Partner Interests,qrgf-resolution-required:N:MNR,SECURITY:MNR:qrgf-resolution-required:N:MNR,,common_equity,eligible,N,,,12.6,14.91,,4629597.591111111,-3.7433155080213942,-14.634146341463417,-5.334335086401209,-12.378303198887352,15.492957746478876,19.178817523200724,277.0,full,usable,2026-08-18,conditional,74.07,100.0,,,73.0,82.0,45.0,100.0,2.2.0,c8f1bf1665a8c5dfb834c0571e7dd5f6b6e5ccd00eab00295338bd42cfde549b
MNRO,"Monro, Inc.  - Common Stock",nasdaqtrader:Q:MNRO,SECURITY:MNRO:nasdaqtrader:Q:MNRO,,common_equity,eligible,Q,,,11.85,23.81,,18089499.139444444,-29.42227516378797,-24.71410419313851,-47.23953695458594,-24.52229299363057,50.230995380092395,90.08814715262007,277.0,full,usable,2026-08-18,conditional,73.43,100.0,,,73.0,70.0,62.0,100.0,2.2.0,c8f1bf1665a8c5dfb834c0571e7dd5f6b6e5ccd00eab00295338bd42cfde549b
MNSB,"MainStreet Bancshares, Inc. - Common Stock",nasdaqtrader:Q:MNSB,SECURITY:MNSB:nasdaqtrader:Q:MNSB,,common_equity,eligible,Q,,,25.35,25.35,,1012451.5886507937,3.51163740302165,13.22018758374275,12.616614837849838,19.01408450704225,0.0,25.363711144233537,277.0,full,usable,2026-08-18,rejected,39.29,100.0,,,75.0,10.0,0.0,100.0,2.2.0,c8f1bf1665a8c5dfb834c0571e7dd5f6b6e5ccd00eab00295338bd42cfde549b
MNSBP,"MainStreet Bancshares, Inc. - Depositary Shares",nasdaqtrader:Q:MNSBP,SECURITY:MNSBP:nasdaqtrader:Q:MNSBP,,adr,eligible,Q,,,25.71,25.71,,33130.56267936508,2.1880403028677,3.669354838709671,3.669354838709671,2.38948626045401,0.0,8.775924643471443,277.0,full,usable,2026-08-18,rejected,40.43,100.0,,,79.0,10.0,0.0,100.0,2.2.0,c8f1bf1665a8c5dfb834c0571e7dd5f6b6e5ccd00eab00295338bd42cfde549b
MNSO,"MINISO Group Holding Limited American Depositary Shares, each representing four Ordinary Shares",nasdaqtrader:N:MNSO,SECURITY:MNSO:nasdaqtrader:N:MNSO,,adr,eligible,N,,,10.68,26.63,,8647907.188095238,-16.49726348709929,-24.894514767932495,-45.20266803488968,-45.869234668018244,59.894855426211045,48.46823433819952,277.0,full,usable,2026-08-18,conditional,71.71,100.0,,,67.0,70.0,62.0,100.0,2.2.0,c8f1bf1665a8c5dfb834c0571e7dd5f6b6e5ccd00eab00295338bd42cfde549b
MNST,Monster Beverage Corporation - Common Stock,nasdaqtrader:Q:MNST,SECURITY:MNST:nasdaqtrader:Q:MNST,,common_equity,eligible,Q,,,47.38,49.97,,538511539.2361904,-0.7332914309658323,7.025073413146599,14.30639324487335,46.59653465346536,5.183109865919544,29.300972403287002,277.0,full,usable,2026-08-18,conditional,67.14,100.0,,,75.0,28.0,100.0,100.0,2.2.0,c8f1bf1665a8c5dfb834c0571e7dd5f6b6e5ccd00eab00295338bd42cfde549b
MNTK,"Montauk Renewables, Inc. - Common Stock",nasdaqtrader:Q:MNTK,SECURITY:MNTK:nasdaqtrader:Q:MNTK,,common_equity,eligible,Q,,,1.84,2.48,,306075.1476984127,15.723270440251568,17.19745222929936,6.358381502890187,-9.359605911330037,25.806451612903224,53.946403926354314,277.0,full,usable,2026-08-18,rejected,64.57,100.0,,,61.0,92.0,0.0,100.0,2.2.0,c8f1bf1665a8c5dfb834c0571e7dd5f6b6e5ccd00eab00295338bd42cfde549b
MNTN,"MNTN, Inc. Class A Common Stock",nasdaqtrader:N:MNTN,NAMECLASS:MNTN INC,,common_equity,eligible,N,,,12.5,23.0,,12306395.057142857,42.53135689851768,52.62515262515264,20.30798845043311,-41.58878504672897,45.652173913043484,56.31614398109036,277.0,full,usable,2026-08-18,conditional,74.36,100.0,,,45.0,95.0,62.0,100.0,2.2.0,c8f1bf1665a8c5dfb834c0571e7dd5f6b6e5ccd00eab00295338bd42cfde549b
MNTS,Momentus Inc. - Class A Common Stock,nasdaqtrader:Q:MNTS,NAMECLASS:MOMENTUS INC,,common_equity,eligible,Q,,,4.24,30.52,,70390991.16325396,-12.03319502074689,-30.831973898858067,-20.895522388059707,-83.39208773991382,86.10747051114024,90.51804295300911,277.0,full,usable,2026-08-18,conditional,55.57,100.0,,,47.0,30.0,80.0,100.0,2.2.0,c8f1bf1665a8c5dfb834c0571e7dd5f6b6e5ccd00eab00295338bd42cfde549b
MO,"Altria Group, Inc.",qrgf-resolution-required:N:MO,SECURITY:MO:qrgf-resolution-required:N:MO,,common_equity,eligible,N,,,65.19,74.92,,601134237.9771428,-12.684168229306191,-11.570808464460125,-2.0288548241659266,-0.9571558796718227,12.987186332087564,37.8812130885149,277.0,full,usable,2026-08-18,conditional,85.86,100.0,,,73.0,82.0,100.0,100.0,2.2.0,c8f1bf1665a8c5dfb834c0571e7dd5f6b6e5ccd00eab00295338bd42cfde549b
MOB,Mobilicom Limited - Ordinary Shares,nasdaqtrader:Q:MOB,SECURITY:MOB:nasdaqtrader:Q:MOB,,common_equity,eligible,Q,,,5.71,10.2,,846580.1877777778,9.17782026768641,5.740740740740735,9.596928982725528,40.64039408866997,44.01960784313725,70.243983568251,277.0,full,usable,2026-08-18,rejected,69.64,100.0,,,75.0,95.0,0.0,100.0,2.2.0,c8f1bf1665a8c5dfb834c0571e7dd5f6b6e5ccd00eab00295338bd42cfde549b
MOBI,"Mobia Medical, Inc. - Common Stock",nasdaqtrader:Q:MOBI,SECURITY:MOBI:nasdaqtrader:Q:MOBI,,common_equity,eligible,Q,,,11.73,14.63,,1906511.5377777778,-2.3313905079100694,-5.1738075990299,,,19.822282980177718,66.89661591761805,70.0,insufficient,usable,2026-08-18,rejected,,71.43,,,,82.0,0.0,88.0,2.2.0,c8f1bf1665a8c5dfb834c0571e7dd5f6b6e5ccd00eab00295338bd42cfde549b
MOBX,"Mobix Labs, Inc. - Class A Common Stock",nasdaqtrader:Q:MOBX,NAMECLASS:MOBIX LABS INC,,common_equity,eligible,Q,,,1.09,12.1,,3844308.415714286,-44.94949494949495,-56.048387096774185,-25.342465753424648,-88.52631578947368,90.99173553719008,92.5496445363359,277.0,full,usable,2026-08-18,conditional,44.64,100.0,,,35.0,30.0,45.0,100.0,2.2.0,c8f1bf1665a8c5dfb834c0571e7dd5f6b6e5ccd00eab00295338bd42cfde549b
MOD,Modine Manufacturing Company Common Stock,nasdaqtrader:N:MOD,SECURITY:MOD:nasdaqtrader:N:MOD,,common_equity,eligible,N,,,200.66,306.89,,390923277.0807937,-11.944883271897488,-18.80386840933922,-7.461722929348835,44.65109573241062,34.6150086350158,78.85962694696272,277.0,full,usable,2026-08-18,conditional,91.71,100.0,,,87.0,92.0,92.0,100.0,2.2.0,c8f1bf1665a8c5dfb834c0571e7dd5f6b6e5ccd00eab00295338bd42cfde549b
MODD,"Modular Medical, Inc. - common stock",nasdaqtrader:Q:MODD,SECURITY:MODD:nasdaqtrader:Q:MODD,,common_equity,eligible,Q,,,3.03,22.83,,610497.4394571428,14.77272727272727,-9.82142857142857,-77.96363636363637,-85.97222222222223,86.72798948751644,177.19029154162777,277.0,full,usable,2026-08-18,rejected,31.29,100.0,,,22.0,30.0,0.0,100.0,2.2.0,c8f1bf1665a8c5dfb834c0571e7dd5f6b6e5ccd00eab00295338bd42cfde549b
MOG.A,Moog Inc. Class A Common Stock,nasdaqtrader:N:MOG.A,NAMECLASS:MOOG INC,,common_equity,eligible,N,,,437.71,445.38,,125093262.02904762,10.543994342862906,42.94905290659698,34.60131000338262,129.8293515358362,1.722124927028612,45.52481328032778,277.0,full,usable,2026-08-18,conditional,58.43,100.0,,,73.0,10.0,92.0,100.0,2.2.0,c8f1bf1665a8c5dfb834c0571e7dd5f6b6e5ccd00eab00295338bd42cfde549b
MOG.B,Moog Inc. Class B Common Stock,nasdaqtrader:N:MOG.B,NAMECLASS:MOOG INC,,common_equity,eligible,N,,,445.95,450.0,,109777.55037777778,12.693318508035967,43.81772445820433,36.660333415052705,118.8711656441718,0.9000000000000008,45.66546981518399,277.0,full,usable,2026-08-18,rejected,38.71,100.0,,,73.0,10.0,0.0,100.0,2.2.0,c8f1bf1665a8c5dfb834c0571e7dd5f6b6e5ccd00eab00295338bd42cfde549b
MOGU,MOGU Inc. American Depositary Shares (each  representing 25 Class A Ordinary Shares),nasdaqtrader:N:MOGU,SECURITY:MOGU:nasdaqtrader:N:MOGU,,adr,eligible,N,,,1.94,5.0,,24925.060117460318,1.5706806282722585,-7.177033492822959,-29.454545454545457,-13.968957871396892,61.199999999999996,66.02926513875734,277.0,full,usable,2026-08-18,rejected,60.14,100.0,,,73.0,70.0,0.0,100.0,2.2.0,c8f1bf1665a8c5dfb834c0571e7dd5f6b6e5ccd00eab00295338bd42cfde549b
MOH,Molina Healthcare Inc Common Stock,nasdaqtrader:N:MOH,SECURITY:MOH:nasdaqtrader:N:MOH,,common_equity,eligible,N,,,203.61,242.88,,237353207.13079366,-11.362152278960425,10.13089571614021,50.066332547169814,21.56546659502061,16.168478260869556,46.17488979506984,277.0,full,usable,2026-08-18,conditional,81.86,100.0,,,65.0,82.0,92.0,100.0,2.2.0,c8f1bf1665a8c5dfb834c0571e7dd5f6b6e5ccd00eab00295338bd42cfde549b
MOLN,Molecular Partners AG - American Depositary Shares,nasdaqtrader:Q:MOLN,SECURITY:MOLN:nasdaqtrader:Q:MOLN,,adr,eligible,Q,,,4.29,5.125,,20943.704868253968,7.250000000000001,12.89473684210527,-9.684210526315784,23.63112391930835,16.292682926829272,37.21166418399741,277.0,full,usable,2026-08-18,rejected,65.0,100.0,,,75.0,82.0,0.0,100.0,2.2.0,c8f1bf1665a8c5dfb834c0571e7dd5f6b6e5ccd00eab00295338bd42cfde549b
MOMO,Hello Group Inc.  - American Depositary Shares,nasdaqtrader:Q:MOMO,SECURITY:MOMO:nasdaqtrader:Q:MOMO,,adr,eligible,Q,,,5.76,8.52,,3891269.016507936,-4.0000000000000036,-5.882352941176472,-11.520737327188947,-30.35066505441354,32.3943661971831,21.822661418852675,277.0,full,usable,2026-08-18,conditional,75.93,100.0,,,67.0,92.0,45.0,100.0,2.2.0,c8f1bf1665a8c5dfb834c0571e7dd5f6b6e5ccd00eab00295338bd42cfde549b
MORN,"Morningstar, Inc. - Common Stock",nasdaqtrader:Q:MORN,SECURITY:MORN:nasdaqtrader:Q:MORN,,common_equity,eligible,Q,,,208.73,265.17,,78590729.87746032,21.524219841639503,17.879934489185057,31.848904049017747,-19.29397208367166,21.28445902628503,40.62893587813702,277.0,full,usable,2026-08-18,conditional,78.86,100.0,,,51.0,92.0,80.0,100.0,2.2.0,c8f1bf1665a8c5dfb834c0571e7dd5f6b6e5ccd00eab00295338bd42cfde549b
MOS,Mosaic Company (The) Common Stock,nasdaqtrader:N:MOS,SECURITY:MOS:nasdaqtrader:N:MOS,,common_equity,eligible,N,,,21.14,35.93,,191115836.4079365,-5.667112896028559,-1.261092947220921,-27.303988995873453,-34.89374807514628,41.16337322571667,36.51041438523047,277.0,full,usable,2026-08-18,conditional,87.07,100.0,,,67.0,95.0,92.0,100.0,2.2.0,c8f1bf1665a8c5dfb834c0571e7dd5f6b6e5ccd00eab00295338bd42cfde549b
MOV,Movado Group Inc. Common Stock,nasdaqtrader:N:MOV,SECURITY:MOV:nasdaqtrader:N:MOV,,common_equity,eligible,N,,,35.36,39.78,,9305895.940634921,-7.940640458213998,33.13253012048194,42.35104669887277,121.69278996865205,11.111111111111116,32.48495400695523,277.0,full,usable,2026-08-18,conditional,77.71,100.0,,,73.0,82.0,62.0,100.0,2.2.0,c8f1bf1665a8c5dfb834c0571e7dd5f6b6e5ccd00eab00295338bd42cfde549b
MOVE,"Corvex, Inc. - Common Stock",nasdaqtrader:Q:MOVE,SECURITY:MOVE:nasdaqtrader:Q:MOVE,,common_equity,eligible,Q,,,10.14,24.46,,2663686.8033015872,-20.15748031496062,-45.01084598698482,20.25616698292221,139.48984411903638,58.54456255110384,124.85155299511402,277.0,full,usable,2026-08-18,conditional,69.79,100.0,,,73.0,70.0,45.0,100.0,2.2.0,c8f1bf1665a8c5dfb834c0571e7dd5f6b6e5ccd00eab00295338bd42cfde549b
MP,MP Materials Corp. Common Stock,nasdaqtrader:N:MP,SECURITY:MP:nasdaqtrader:N:MP,,common_equity,eligible,N,,,56.67,98.65,,332406648.1574603,24.004376367614878,0.0,-0.49165935030729413,-24.470211915233907,42.5544855549924,74.7481203122223,277.0,full,usable,2026-08-18,conditional,88.79,100.0,,,73.0,95.0,92.0,100.0,2.2.0,c8f1bf1665a8c5dfb834c0571e7dd5f6b6e5ccd00eab00295338bd42cfde549b
MPAA,"Motorcar Parts of America, Inc. - Common Stock",nasdaqtrader:Q:MPAA,SECURITY:MPAA:nasdaqtrader:Q:MPAA,,common_equity,eligible,Q,,,11.74,17.73,,1766895.9784126985,-14.680232558139528,11.438063597532032,14.6484375,-14.556040756914124,33.78454596728708,41.733436894536815,277.0,full,usable,2026-08-18,rejected,64.57,100.0,,,61.0,92.0,0.0,100.0,2.2.0,c8f1bf1665a8c5dfb834c0571e7dd5f6b6e5ccd00eab00295338bd42cfde549b
MPB,Mid Penn Bancorp - Common Stock,nasdaqtrader:Q:MPB,SECURITY:MPB:nasdaqtrader:Q:MPB,,common_equity,eligible,Q,,,38.07,38.54,,6074166.68936508,8.000000000000007,19.566582914572873,12.06947306446866,35.33594027728404,1.2195121951219523,22.44793646015441,277.0,full,usable,2026-08-18,conditional,52.57,100.0,,,75.0,10.0,62.0,100.0,2.2.0,c8f1bf1665a8c5dfb834c0571e7dd5f6b6e5ccd00eab00295338bd42cfde549b
MPC,Marathon Petroleum Corporation Common Stock,nasdaqtrader:N:MPC,SECURITY:MPC:nasdaqtrader:N:MPC,,common_equity,eligible,N,,,366.21,366.21,,667598118.5380952,16.142843550791277,41.10507455785459,82.61194774109903,125.58211161759267,0.0,39.76230607803733,277.0,full,usable,2026-08-18,conditional,60.14,100.0,,,73.0,10.0,100.0,100.0,2.2.0,c8f1bf1665a8c5dfb834c0571e7dd5f6b6e5ccd00eab00295338bd42cfde549b
MPLT,"MapLight Therapeutics, Inc. - Common Stock",nasdaqtrader:Q:MPLT,SECURITY:MPLT:nasdaqtrader:Q:MPLT,,common_equity,eligible,Q,,,11.82,39.8,,16725593.037142858,-67.15754376215615,-55.39622641509434,-31.47826086956521,,70.30150753768845,395.0786208528037,203.0,limited_but_usable,usable,2026-08-18,conditional,51.71,100.0,,,47.0,30.0,62.0,100.0,2.2.0,c8f1bf1665a8c5dfb834c0571e7dd5f6b6e5ccd00eab00295338bd42cfde549b
MPLX,MPLX LP Common Units Representing Limited Partner Interests,qrgf-resolution-required:N:MPLX,SECURITY:MPLX:qrgf-resolution-required:N:MPLX,,common_equity,eligible,N,,,59.36,60.51,,86441801.86968254,3.9033782601085143,7.070707070707072,3.504795117698345,18.720000000000002,1.9005123120145462,21.209137416169934,277.0,full,usable,2026-08-18,conditional,56.43,100.0,,,75.0,10.0,80.0,100.0,2.2.0,c8f1bf1665a8c5dfb834c0571e7dd5f6b6e5ccd00eab00295338bd42cfde549b
MPT,"Medical Properties Trust, Inc. common stock",nasdaqtrader:N:MPT,SECURITY:MPT:nasdaqtrader:N:MPT,,common_equity,eligible,N,,,4.02,6.02,,29601760.345873017,-15.368421052631586,-20.866141732283474,-25.96685082872928,-0.7407407407407418,33.22259136212625,45.964723273859065,277.0,full,usable,2026-08-18,conditional,85.14,100.0,,,73.0,92.0,80.0,100.0,2.2.0,c8f1bf1665a8c5dfb834c0571e7dd5f6b6e5ccd00eab00295338bd42cfde549b
MPTI,"M-tron Industries, Inc. Common Stock",nasdaqtrader:A:MPTI,SECURITY:MPTI:nasdaqtrader:A:MPTI,,common_equity,eligible,A,,,85.46,100.75,,17118812.50634921,11.522902257601464,10.270967741935477,38.84646628757107,107.32654051431342,15.176178660049633,53.179056399586756,277.0,full,usable,2026-08-18,conditional,77.71,100.0,,,73.0,82.0,62.0,100.0,2.2.0,c8f1bf1665a8c5dfb834c0571e7dd5f6b6e5ccd00eab00295338bd42cfde549b
MPU,Mega Matrix Inc. Class A Ordinary Shares,nasdaqtrader:A:MPU,SECURITY:MPU:nasdaqtrader:A:MPU,,common_equity,eligible,A,,,0.2,2.96,,1101362.4105857143,-7.834101382488479,-67.91272260548692,-76.66277712952159,-91.1504424778761,93.24324324324324,75.5815174494538,277.0,full,usable,2026-08-18,rejected,27.86,100.0,,,10.0,30.0,0.0,100.0,2.2.0,c8f1bf1665a8c5dfb834c0571e7dd5f6b6e5ccd00eab00295338bd42cfde549b
MPV,Barings Participation Investors Common Stock,nasdaqtrader:N:MPV,SECURITY:MPV:nasdaqtrader:N:MPV,,common_equity,eligible,N,,,16.64,20.67,,298419.79771111114,5.116202677178294,0.0,-13.692946058091293,-12.097200211304804,19.496855345911957,18.825569782899734,277.0,full,usable,2026-08-18,rejected,64.43,100.0,,,73.0,82.0,0.0,100.0,2.2.0,c8f1bf1665a8c5dfb834c0571e7dd5f6b6e5ccd00eab00295338bd42cfde549b
MPWR,"Monolithic Power Systems, Inc. - Common Stock",nasdaqtrader:Q:MPWR,SECURITY:MPWR:nasdaqtrader:Q:MPWR,,common_equity,eligible,Q,,,1333.18,1689.89,,1335707517.4987302,0.3296207104154236,-10.303902901778194,13.638145894065712,61.31015039868355,21.10847451609277,57.98967309830388,277.0,full,usable,2026-08-18,conditional,95.71,100.0,,,95.0,92.0,100.0,100.0,2.2.0,c8f1bf1665a8c5dfb834c0571e7dd5f6b6e5ccd00eab00295338bd42cfde549b
MQ,"Marqeta, Inc. - Class A Common Stock",nasdaqtrader:Q:MQ,NAMECLASS:MARQETA INC,,common_equity,eligible,Q,,,15.48,25.48,,19865803.021349207,-11.845102505694749,-1.7766497461928932,-3.731343283582078,-37.68115942028986,39.24646781789639,50.16316265884145,277.0,full,usable,2026-08-18,conditional,80.64,100.0,,,67.0,95.0,62.0,100.0,2.2.0,c8f1bf1665a8c5dfb834c0571e7dd5f6b6e5ccd00eab00295338bd42cfde549b
MRAM,"Everspin Technologies, Inc. - Common Stock",nasdaqtrader:Q:MRAM,SECURITY:MRAM:nasdaqtrader:Q:MRAM,,common_equity,eligible,Q,,,18.45,44.01,,52904276.63380953,27.858627858627848,-44.677661169415295,69.11090742438128,207.49999999999997,58.077709611451944,104.5191753452421,277.0,full,usable,2026-08-18,conditional,80.71,100.0,,,85.0,70.0,80.0,100.0,2.2.0,c8f1bf1665a8c5dfb834c0571e7dd5f6b6e5ccd00eab00295338bd42cfde549b
MRBK,Meridian Corporation - Common Stock,nasdaqtrader:Q:MRBK,SECURITY:MRBK:nasdaqtrader:Q:MRBK,,common_equity,eligible,Q,,,20.02,20.71,,2367994.478888889,-1.2333497779970393,15.522215810732831,-1.2333497779970393,34.905660377358494,3.3317238049251685,18.180200295839192,277.0,full,usable,2026-08-18,conditional,48.93,100.0,,,75.0,10.0,45.0,100.0,2.2.0,c8f1bf1665a8c5dfb834c0571e7dd5f6b6e5ccd00eab00295338bd42cfde549b
MRCY,Mercury Systems Inc - Common Stock,nasdaqtrader:Q:MRCY,SECURITY:MRCY:nasdaqtrader:Q:MRCY,,common_equity,eligible,Q,,,105.0,126.21,,76837450.13746032,10.841338541116862,12.43173787343399,26.0201632261162,57.42128935532234,16.805324459234605,74.28698985493699,277.0,full,usable,2026-08-18,conditional,81.57,100.0,,,73.0,82.0,80.0,100.0,2.2.0,c8f1bf1665a8c5dfb834c0571e7dd5f6b6e5ccd00eab00295338bd42cfde549b
MRDN,Meridian Holdings Inc. - Common Stock,nasdaqtrader:Q:MRDN,SECURITY:MRDN:nasdaqtrader:Q:MRDN,,common_equity,eligible,Q,,,14.095,16.92,,915033.4084920635,4.407407407407415,28.252957233848953,83.81585811163276,-12.344527363184065,16.696217494089836,114.92476693435398,277.0,full,usable,2026-08-18,rejected,58.14,100.0,,,51.0,82.0,0.0,100.0,2.2.0,c8f1bf1665a8c5dfb834c0571e7dd5f6b6e5ccd00eab00295338bd42cfde549b
MRK,"Merck & Company, Inc. Common Stock (new)",nasdaqtrader:N:MRK,SECURITY:MRK:nasdaqtrader:N:MRK,,common_equity,eligible,N,,,135.17,135.97,,1262962608.4825397,8.657556270096457,20.087064676616894,11.18697046968824,60.51537822111388,0.5883650805324825,23.055535236862603,277.0,full,usable,2026-08-18,conditional,63.0,100.0,,,83.0,10.0,100.0,100.0,2.2.0,c8f1bf1665a8c5dfb834c0571e7dd5f6b6e5ccd00eab00295338bd42cfde549b
MRKR,"Marker Therapeutics, Inc. - Common Stock",nasdaqtrader:Q:MRKR,SECURITY:MRKR:nasdaqtrader:Q:MRKR,,common_equity,eligible,Q,,,1.15,2.19,,81319.27507936508,-10.15625000000001,-17.266187050359715,-20.6896551724138,-8.730158730158733,47.48858447488584,51.35724965340106,277.0,full,usable,2026-08-18,rejected,69.07,100.0,,,73.0,95.0,0.0,100.0,2.2.0,c8f1bf1665a8c5dfb834c0571e7dd5f6b6e5ccd00eab00295338bd42cfde549b
MRLN,"Merlin, Inc. - Common Stock",nasdaqtrader:Q:MRLN,SECURITY:MRLN:nasdaqtrader:Q:MRLN,,common_equity,eligible,Q,,,3.31,16.09,,15874253.087698413,-7.5418994413407825,-47.460317460317455,-68.59582542694497,-68.2646212847555,79.42821628340585,101.93760101811698,277.0,full,usable,2026-08-18,conditional,51.14,100.0,,,45.0,30.0,62.0,100.0,2.2.0,c8f1bf1665a8c5dfb834c0571e7dd5f6b6e5ccd00eab00295338bd42cfde549b
MRNA,"Moderna, Inc. - Common Stock",nasdaqtrader:Q:MRNA,SECURITY:MRNA:nasdaqtrader:Q:MRNA,,common_equity,eligible,Q,,,62.96,81.8,,417057838.10722226,5.832913094637759,30.866763666597375,43.31891645800137,124.69664525339046,23.031784841075787,69.10834057382353,277.0,full,usable,2026-08-18,conditional,87.71,100.0,,,73.0,92.0,92.0,100.0,2.2.0,c8f1bf1665a8c5dfb834c0571e7dd5f6b6e5ccd00eab00295338bd42cfde549b
MRP,"Millrose Properties, Inc. Class A Common Stock",nasdaqtrader:N:MRP,NAMECLASS:MILLROSE PROPERTIES INC,,common_equity,eligible,N,,,29.94,35.5,,42683421.4184127,3.922249219021179,11.177125881916083,-5.0428163653663205,-5.6710775047258855,15.66197183098591,22.10955157098468,277.0,full,usable,2026-08-18,conditional,78.14,100.0,,,61.0,82.0,80.0,100.0,2.2.0,c8f1bf1665a8c5dfb834c0571e7dd5f6b6e5ccd00eab00295338bd42cfde549b
MRSH,Marsh Common Stock,nasdaqtrader:N:MRSH,SECURITY:MRSH:nasdaqtrader:N:MRSH,,common_equity,eligible,N,,,186.37,211.21,,447356090.64603174,2.344865458539269,12.284612603928192,5.994426434624356,-10.057429660730666,11.760806779982014,27.87123060321683,277.0,full,usable,2026-08-18,conditional,80.71,100.0,,,61.0,82.0,92.0,100.0,2.2.0,c8f1bf1665a8c5dfb834c0571e7dd5f6b6e5ccd00eab00295338bd42cfde549b
MRT,"Marti Technologies, Inc. Class A Ordinary Shares",nasdaqtrader:A:MRT,SECURITY:MRT:nasdaqtrader:A:MRT,,common_equity,eligible,A,,,2.0,2.63,,89808.44365079365,6.951871657753994,-0.4975124378109319,-4.761904761904767,-19.999999999999996,23.954372623574137,83.58750960294698,277.0,full,usable,2026-08-18,rejected,68.0,100.0,,,73.0,92.0,0.0,100.0,2.2.0,c8f1bf1665a8c5dfb834c0571e7dd5f6b6e5ccd00eab00295338bd42cfde549b
MRTN,"Marten Transport, Ltd. - Common Stock",nasdaqtrader:Q:MRTN,SECURITY:MRTN:nasdaqtrader:Q:MRTN,,common_equity,eligible,Q,,,14.9,18.28,,13382916.972222222,-14.46613088404134,-6.407035175879394,10.534124629080122,25.0,18.49015317286652,29.462821814728652,277.0,full,usable,2026-08-18,conditional,81.71,100.0,,,87.0,82.0,62.0,100.0,2.2.0,c8f1bf1665a8c5dfb834c0571e7dd5f6b6e5ccd00eab00295338bd42cfde549b
MRVI,"Maravai LifeSciences Holdings, Inc. - Class A common stock",nasdaqtrader:Q:MRVI,NAMECLASS:MARAVAI LIFESCIENCES HOLDINGS INC,,common_equity,eligible,Q,,,5.74,7.24,,16278506.313809523,-17.882689556509302,40.68627450980393,95.90443686006826,119.92337164750961,20.718232044198892,44.23541996551731,277.0,full,usable,2026-08-18,conditional,81.29,100.0,,,73.0,92.0,62.0,100.0,2.2.0,c8f1bf1665a8c5dfb834c0571e7dd5f6b6e5ccd00eab00295338bd42cfde549b
MRVL,"Marvell Technology, Inc. - Common Stock",nasdaqtrader:Q:MRVL,SECURITY:MRVL:nasdaqtrader:Q:MRVL,,common_equity,eligible,Q,,,216.0,316.43,,10388333563.122618,10.803324099723,27.86361214704316,173.38311606125805,183.5017718860743,31.738457162721613,89.44224612834961,277.0,full,usable,2026-08-18,conditional,89.43,100.0,,,73.0,92.0,100.0,100.0,2.2.0,c8f1bf1665a8c5dfb834c0571e7dd5f6b6e5ccd00eab00295338bd42cfde549b
MRX,Marex Group Limited - Ordinary Shares,nasdaqtrader:Q:MRX,SECURITY:MRX:nasdaqtrader:Q:MRX,,common_equity,eligible,Q,,,71.88,72.36,,53030672.41174603,14.78760779303736,27.695860721264864,71.63323782234954,105.4301228922549,0.6633499170812684,65.09505375076523,277.0,full,usable,2026-08-18,conditional,55.86,100.0,,,73.0,10.0,80.0,100.0,2.2.0,c8f1bf1665a8c5dfb834c0571e7dd5f6b6e5ccd00eab00295338bd42cfde549b
MS,Morgan Stanley Common Stock,nasdaqtrader:N:MS,SECURITY:MS:nasdaqtrader:N:MS,,common_equity,eligible,N,,,217.55,228.55,,1244082039.01,3.1335924907556656,12.901551715190207,26.82173254051534,50.41830878794165,4.812951214176331,29.2234620798195,277.0,full,usable,2026-08-18,conditional,60.14,100.0,,,73.0,10.0,100.0,100.0,2.2.0,c8f1bf1665a8c5dfb834c0571e7dd5f6b6e5ccd00eab00295338bd42cfde549b
MSA,MSA Safety Incorporated Common Stock,nasdaqtrader:N:MSA,SECURITY:MSA:nasdaqtrader:N:MSA,,common_equity,eligible,N,,,189.38,203.08,,55222711.217777774,10.664407175831236,11.715431807456334,-6.31245671316909,11.656152349507675,6.746109907425657,30.5615142773658,277.0,full,usable,2026-08-18,conditional,60.57,100.0,,,67.0,28.0,80.0,100.0,2.2.0,c8f1bf1665a8c5dfb834c0571e7dd5f6b6e5ccd00eab00295338bd42cfde549b
MSAI,"MultiSensor AI Holdings, Inc. - Common Stock",nasdaqtrader:Q:MSAI,SECURITY:MSAI:nasdaqtrader:Q:MSAI,,common_equity,eligible,Q,,,5.63,79.2,,1521676.7254793649,7.648183556405352,-1.6593886462882068,-52.92642140468228,-81.9551282051282,92.89141414141415,66.9267980838467,277.0,full,usable,2026-08-18,rejected,35.57,100.0,,,37.0,30.0,0.0,100.0,2.2.0,c8f1bf1665a8c5dfb834c0571e7dd5f6b6e5ccd00eab00295338bd42cfde549b
MSB,Mesabi Trust Common Stock,nasdaqtrader:N:MSB,SECURITY:MSB:nasdaqtrader:N:MSB,,common_equity,eligible,N,,,23.19,41.15,,1146771.6746031747,-3.173277661795404,-18.603018603018594,-29.769836462749854,-27.052532242843654,43.645200486026724,33.279733319624185,277.0,full,usable,2026-08-18,rejected,67.36,100.0,,,67.0,95.0,0.0,100.0,2.2.0,c8f1bf1665a8c5dfb834c0571e7dd5f6b6e5ccd00eab00295338bd42cfde549b
MSBI,"Midland States Bancorp, Inc. - Common Stock",nasdaqtrader:Q:MSBI,SECURITY:MSBI:nasdaqtrader:Q:MSBI,,common_equity,eligible,Q,,,33.14,34.53,,5497229.543809524,7.423014586709886,24.166354439865124,43.33910034602076,91.0086455331412,4.0254850854329565,26.03291945819106,277.0,full,usable,2026-08-18,conditional,52.0,100.0,,,73.0,10.0,62.0,100.0,2.2.0,c8f1bf1665a8c5dfb834c0571e7dd5f6b6e5ccd00eab00295338bd42cfde549b
