ticker,company,contract_id,issuer_id,issuer_cik,security_type,instrument_status,exchange,sector,industry,current_price,reference_52w_high,market_cap,avg_dollar_volume,return_1m_pct,return_3m_pct,return_6m_pct,return_12m_pct,drawdown_pct,historical_volatility_pct,trading_history_days,momentum_history_status,data_integrity_status,as_of,l2_status,l2_setup_score,l2_confidence_pct,l2_quality_prior_score,l2_room_to_target_score,setup_prior_growth,setup_pullback_geometry,setup_liquidity,setup_data_completeness,setup_model_version,l2_rules_hash
ELV,"Elevance Health, Inc. Common Stock",nasdaqtrader:N:ELV,SECURITY:ELV:nasdaqtrader:N:ELV,,common_equity,eligible,N,,,396.28,426.79,,592494837.2969841,1.8479015137885746,0.017667398601739492,13.814693549313573,27.0128205128205,7.148714824621017,39.039807112995064,277.0,full,usable,2026-08-20,conditional,70.57,100.0,,,87.0,28.0,100.0,100.0,2.2.0,c8f1bf1665a8c5dfb834c0571e7dd5f6b6e5ccd00eab00295338bd42cfde549b
ELVA,Electrovaya Inc. - Common Shares,nasdaqtrader:Q:ELVA,SECURITY:ELVA:nasdaqtrader:Q:ELVA,,common_equity,eligible,Q,,,6.68,12.26,,10676571.77984127,-26.512651265126518,-34.44553483807654,-16.915422885572127,40.041928721174,45.51386623164764,172.15712394969302,277.0,full,usable,2026-08-20,conditional,86.36,100.0,,,87.0,95.0,62.0,100.0,2.2.0,c8f1bf1665a8c5dfb834c0571e7dd5f6b6e5ccd00eab00295338bd42cfde549b
ELVN,"Enliven Therapeutics, Inc.  - Common Stock",nasdaqtrader:Q:ELVN,SECURITY:ELVN:nasdaqtrader:Q:ELVN,,common_equity,eligible,Q,,,58.97,61.11,,68619717.02047619,11.579943235572365,40.8743430482561,125.42048929663609,198.43117408906878,3.501881852397315,39.66001172858375,277.0,full,usable,2026-08-20,conditional,55.86,100.0,,,73.0,10.0,80.0,100.0,2.2.0,c8f1bf1665a8c5dfb834c0571e7dd5f6b6e5ccd00eab00295338bd42cfde549b
ELVR,Elevra Lithium Limited - American Depository Shares,nasdaqtrader:Q:ELVR,SECURITY:ELVR:nasdaqtrader:Q:ELVR,,adr,eligible,Q,,,61.56,102.33,,8439523.706984127,7.678852545041104,-25.363724539282252,16.92307692307693,,39.84168865435356,60.74650515898844,244.0,limited_but_usable,usable,2026-08-20,conditional,75.5,100.0,,,49.0,95.0,62.0,100.0,2.2.0,c8f1bf1665a8c5dfb834c0571e7dd5f6b6e5ccd00eab00295338bd42cfde549b
ELWT,"Elauwit Connection, Inc. - Common Stock",nasdaqtrader:Q:ELWT,SECURITY:ELWT:nasdaqtrader:Q:ELWT,,common_equity,eligible,Q,,,7.49,8.84,,201892.66174603175,9.024745269286761,-3.9743589743589713,23.801652892561997,,15.271493212669684,100.20820059314093,198.0,limited_but_usable,usable,2026-08-20,rejected,57.57,100.0,,,49.0,82.0,0.0,100.0,2.2.0,c8f1bf1665a8c5dfb834c0571e7dd5f6b6e5ccd00eab00295338bd42cfde549b
EMA,Emera Incorporated Common Shares,nasdaqtrader:N:EMA,SECURITY:EMA:nasdaqtrader:N:EMA,,common_equity,eligible,N,,,51.78,55.11,,26038825.98190476,-4.711078395288926,-1.4465169394746846,1.152568861105685,8.804370666106308,6.0424605334785,14.588798634391583,277.0,full,usable,2026-08-20,conditional,64.0,100.0,,,79.0,28.0,80.0,100.0,2.2.0,c8f1bf1665a8c5dfb834c0571e7dd5f6b6e5ccd00eab00295338bd42cfde549b
EMAT,Evolution Metals & Technologies Corp. - Common Stock,nasdaqtrader:Q:EMAT,SECURITY:EMAT:nasdaqtrader:Q:EMAT,,common_equity,eligible,Q,,,3.35,21.29,,1012623.9330158731,-39.090909090909086,-55.68783068783068,-71.84873949579831,,84.26491310474401,150.5607995944804,157.0,limited_but_usable,usable,2026-08-20,rejected,35.57,100.0,,,37.0,30.0,0.0,100.0,2.2.0,c8f1bf1665a8c5dfb834c0571e7dd5f6b6e5ccd00eab00295338bd42cfde549b
EMBC,Embecta Corp. - Common Stock,nasdaqtrader:Q:EMBC,SECURITY:EMBC:nasdaqtrader:Q:EMBC,,common_equity,eligible,Q,,,5.46,15.31,,6896388.480952381,68.0,78.4313725490196,-48.14814814814814,-59.970674486803524,64.33703461789679,89.0001539080148,277.0,full,usable,2026-08-20,conditional,68.29,100.0,,,55.0,70.0,62.0,100.0,2.2.0,c8f1bf1665a8c5dfb834c0571e7dd5f6b6e5ccd00eab00295338bd42cfde549b
EMBJ,Embraer S.A. Common Stock,nasdaqtrader:N:EMBJ,SECURITY:EMBJ:nasdaqtrader:N:EMBJ,,common_equity,eligible,N,,,75.08,79.89,,80156371.87571429,13.671461014383034,32.93201133144477,3.701657458563523,33.999643048366934,6.020778570534491,31.49234095170021,277.0,full,usable,2026-08-20,conditional,62.86,100.0,,,75.0,28.0,80.0,100.0,2.2.0,c8f1bf1665a8c5dfb834c0571e7dd5f6b6e5ccd00eab00295338bd42cfde549b
EME,"EMCOR Group, Inc. Common Stock",nasdaqtrader:N:EME,SECURITY:EME:nasdaqtrader:N:EME,,common_equity,eligible,N,,,787.39,943.75,,348533143.4853968,4.269350460173471,-7.70790599542871,-2.011075850911581,29.696919782572873,16.567947019867546,62.637797881481696,277.0,full,usable,2026-08-20,conditional,88.14,100.0,,,87.0,82.0,92.0,100.0,2.2.0,c8f1bf1665a8c5dfb834c0571e7dd5f6b6e5ccd00eab00295338bd42cfde549b
EML,Eastern Company (The) - Common Stock,nasdaqtrader:Q:EML,SECURITY:EML:nasdaqtrader:Q:EML,,common_equity,eligible,Q,,,25.18,29.385,,774682.3726190476,4.351429755491099,21.0576923076923,35.303600214938214,13.730803974706408,14.310022120129329,33.75744291238769,277.0,full,usable,2026-08-20,rejected,59.86,100.0,,,57.0,82.0,0.0,100.0,2.2.0,c8f1bf1665a8c5dfb834c0571e7dd5f6b6e5ccd00eab00295338bd42cfde549b
EMN,Eastman Chemical Company Common Stock,nasdaqtrader:N:EMN,SECURITY:EMN:nasdaqtrader:N:EMN,,common_equity,eligible,N,,,73.79,81.36,,84622310.79968254,6.356298645142711,4.444444444444451,-5.421686746987941,10.613101484035404,9.304326450344135,25.416309433055957,277.0,full,usable,2026-08-20,conditional,83.29,100.0,,,79.0,82.0,80.0,100.0,2.2.0,c8f1bf1665a8c5dfb834c0571e7dd5f6b6e5ccd00eab00295338bd42cfde549b
EMPD,Empery Digital Inc. - Common stock,nasdaqtrader:Q:EMPD,SECURITY:EMPD:nasdaqtrader:Q:EMPD,,common_equity,eligible,Q,,,2.85,8.0,,1359969.5402380952,-16.42228739002932,-43.33996023856859,-23.592493297587126,-60.36161335187761,64.375,64.50641005399606,277.0,full,usable,2026-08-20,rejected,58.43,100.0,,,67.0,70.0,0.0,100.0,2.2.0,c8f1bf1665a8c5dfb834c0571e7dd5f6b6e5ccd00eab00295338bd42cfde549b
EMR,Emerson Electric Company Common Stock,nasdaqtrader:N:EMR,SECURITY:EMR:nasdaqtrader:N:EMR,,common_equity,eligible,N,,,154.72,164.38,,410457996.05587304,10.807133137577885,16.453409604094517,2.2604097818902824,17.577323504825593,5.87662732692541,32.017360996665275,277.0,full,usable,2026-08-20,conditional,65.43,100.0,,,75.0,28.0,92.0,100.0,2.2.0,c8f1bf1665a8c5dfb834c0571e7dd5f6b6e5ccd00eab00295338bd42cfde549b
ENB,Enbridge Inc Common Stock,nasdaqtrader:N:ENB,SECURITY:ENB:nasdaqtrader:N:ENB,,common_equity,eligible,N,,,50.99,58.04,,232380424.59444445,-9.35111111111111,-10.669236159775753,-1.1630160883892238,8.05255350709897,12.146795313576842,18.731924950013827,277.0,full,usable,2026-08-20,conditional,85.86,100.0,,,79.0,82.0,92.0,100.0,2.2.0,c8f1bf1665a8c5dfb834c0571e7dd5f6b6e5ccd00eab00295338bd42cfde549b
ENGN,enGene Therapeutics Inc. - Common Stock,nasdaqtrader:Q:ENGN,SECURITY:ENGN:nasdaqtrader:Q:ENGN,,common_equity,eligible,Q,,,1.77,12.17,,1690037.113095238,-4.324324324324325,9.937888198757761,-83.33333333333333,-53.421052631578945,85.45603944124898,47.34069307532499,277.0,full,usable,2026-08-20,rejected,33.57,100.0,,,30.0,30.0,0.0,100.0,2.2.0,c8f1bf1665a8c5dfb834c0571e7dd5f6b6e5ccd00eab00295338bd42cfde549b
ENGS,Energys Group Limited - Ordinary Shares,nasdaqtrader:Q:ENGS,SECURITY:ENGS:nasdaqtrader:Q:ENGS,,common_equity,eligible,Q,,,2.88,12.22,,2298135.658968254,7.86516853932584,94.59459459459458,213.04347826086953,-17.00288184438041,76.43207855973813,61.86319743102939,277.0,full,usable,2026-08-20,conditional,49.21,100.0,,,51.0,30.0,45.0,100.0,2.2.0,c8f1bf1665a8c5dfb834c0571e7dd5f6b6e5ccd00eab00295338bd42cfde549b
ENHA,Enhanced Group Inc. Class A Common Stock,nasdaqtrader:N:ENHA,NAMECLASS:ENHANCED GROUP INC,,common_equity,eligible,N,,,1.7,11.19,,3650561.1398412697,-43.70860927152318,-65.37678207739307,-83.18496538081108,,84.80786416443253,131.69491732711006,247.0,limited_but_usable,usable,2026-08-20,conditional,40.93,100.0,,,22.0,30.0,45.0,100.0,2.2.0,c8f1bf1665a8c5dfb834c0571e7dd5f6b6e5ccd00eab00295338bd42cfde549b
ENIC,Enel Chile S.A. American Depositary Shares (Each representing 50 shares of Common Stock),nasdaqtrader:N:ENIC,SECURITY:ENIC:nasdaqtrader:N:ENIC,,adr,eligible,N,,,4.41,4.7,,2512815.0987301585,-0.6756756756756799,1.8475750577367167,5.000000000000004,30.473372781065102,6.17021276595745,25.25558258513081,277.0,full,usable,2026-08-20,conditional,58.79,100.0,,,87.0,28.0,45.0,100.0,2.2.0,c8f1bf1665a8c5dfb834c0571e7dd5f6b6e5ccd00eab00295338bd42cfde549b
ENLT,Enlight Renewable Energy Ltd. - Ordinary Shares,nasdaqtrader:Q:ENLT,SECURITY:ENLT:nasdaqtrader:Q:ENLT,,common_equity,eligible,Q,,,79.43,107.42,,21725136.70365079,-13.286026200873346,-10.962896536262734,15.45058139534885,195.3886203049461,26.056600260659092,64.34609581952714,277.0,full,usable,2026-08-20,conditional,84.71,100.0,,,85.0,92.0,62.0,100.0,2.2.0,c8f1bf1665a8c5dfb834c0571e7dd5f6b6e5ccd00eab00295338bd42cfde549b
ENLV,Enlivex Ltd. - Ordinary Shares,nasdaqtrader:Q:ENLV,SECURITY:ENLV:nasdaqtrader:Q:ENLV,,common_equity,eligible,Q,,,1.505,18.15,,576995.491968254,-67.17557251908397,-85.73459715639811,-90.44444444444444,-90.44444444444444,91.70798898071627,206.16265462495568,277.0,full,usable,2026-08-20,rejected,25.0,100.0,,,0.0,30.0,0.0,100.0,2.2.0,c8f1bf1665a8c5dfb834c0571e7dd5f6b6e5ccd00eab00295338bd42cfde549b
ENOV,Enovis Corporation Common Stock,nasdaqtrader:N:ENOV,SECURITY:ENOV:nasdaqtrader:N:ENOV,,common_equity,eligible,N,,,26.18,33.32,,29120023.76238095,-1.3935969868173248,-1.0582010582010581,17.399103139013448,-13.99474375821288,21.42857142857143,75.20650288231576,277.0,full,usable,2026-08-20,conditional,82.29,100.0,,,63.0,92.0,80.0,100.0,2.2.0,c8f1bf1665a8c5dfb834c0571e7dd5f6b6e5ccd00eab00295338bd42cfde549b
ENPH,"Enphase Energy, Inc. - Common Stock",nasdaqtrader:Q:ENPH,SECURITY:ENPH:nasdaqtrader:Q:ENPH,,common_equity,eligible,Q,,,38.36,72.33,,312597422.57285714,-3.0823648307225837,-27.82690498588899,-13.310734463276841,5.879105713497101,46.96529793999723,63.300941128627585,277.0,full,usable,2026-08-20,conditional,90.5,100.0,,,79.0,95.0,92.0,100.0,2.2.0,c8f1bf1665a8c5dfb834c0571e7dd5f6b6e5ccd00eab00295338bd42cfde549b
ENR,"Energizer Holdings, Inc. Common Stock",nasdaqtrader:N:ENR,SECURITY:ENR:nasdaqtrader:N:ENR,,common_equity,eligible,N,,,20.99,29.66,,22049522.17111111,2.3902439024390265,26.522001205545507,-6.127012522361364,-26.11756423794439,29.231287929871886,35.204644031798,277.0,full,usable,2026-08-20,conditional,76.14,100.0,,,55.0,92.0,62.0,100.0,2.2.0,c8f1bf1665a8c5dfb834c0571e7dd5f6b6e5ccd00eab00295338bd42cfde549b
ENRD,Einride AB - American Depositary Shares,nasdaqtrader:Q:ENRD,SECURITY:ENRD:nasdaqtrader:Q:ENRD,,adr,eligible,Q,,,6.095,14.99,,1118781.11518,11.630036630036633,,,,59.33955970647098,100.0498403971775,50.0,insufficient,usable,2026-08-20,rejected,,71.43,,,,70.0,0.0,76.0,2.2.0,c8f1bf1665a8c5dfb834c0571e7dd5f6b6e5ccd00eab00295338bd42cfde549b
ENS,EnerSys Common Stock,nasdaqtrader:N:ENS,SECURITY:ENS:nasdaqtrader:N:ENS,,common_equity,eligible,N,,,189.97,243.34,,117069373.67650793,-5.633103174208931,-11.460663683818051,7.418716426350014,90.23633086320851,21.93227582805951,41.59724187236376,277.0,full,usable,2026-08-20,conditional,94.0,100.0,,,95.0,92.0,92.0,100.0,2.2.0,c8f1bf1665a8c5dfb834c0571e7dd5f6b6e5ccd00eab00295338bd42cfde549b
ENSG,"The Ensign Group, Inc. - Common Stock",nasdaqtrader:Q:ENSG,SECURITY:ENSG:nasdaqtrader:Q:ENSG,,common_equity,eligible,Q,,,179.85,215.83,,124793623.17031746,6.350895866595696,0.8919555705149795,-12.174040433636101,7.681714764698833,16.670527730158003,22.349756459128052,277.0,full,usable,2026-08-20,conditional,85.86,100.0,,,79.0,82.0,92.0,100.0,2.2.0,c8f1bf1665a8c5dfb834c0571e7dd5f6b6e5ccd00eab00295338bd42cfde549b
ENTA,"Enanta Pharmaceuticals, Inc. - Common Stock",nasdaqtrader:Q:ENTA,SECURITY:ENTA:nasdaqtrader:Q:ENTA,,common_equity,eligible,Q,,,13.13,16.85,,2742076.8493650793,0.535987748851463,-3.526818515797203,-6.2142857142857055,56.4958283671037,22.077151335311573,39.141820411237646,277.0,full,usable,2026-08-20,conditional,83.93,100.0,,,95.0,92.0,45.0,100.0,2.2.0,c8f1bf1665a8c5dfb834c0571e7dd5f6b6e5ccd00eab00295338bd42cfde549b
ENTG,"Entegris, Inc. - Common Stock",nasdaqtrader:Q:ENTG,SECURITY:ENTG:nasdaqtrader:Q:ENTG,,common_equity,eligible,Q,,,144.63,184.0,,454000960.18722224,5.2007564736689105,13.25763508222395,9.0148488731439,79.73157698521187,21.39673913043478,84.7632889149204,277.0,full,usable,2026-08-20,conditional,90.57,100.0,,,83.0,92.0,92.0,100.0,2.2.0,c8f1bf1665a8c5dfb834c0571e7dd5f6b6e5ccd00eab00295338bd42cfde549b
ENTX,Entera Bio Ltd. - Ordinary Shares,nasdaqtrader:Q:ENTX,SECURITY:ENTX:nasdaqtrader:Q:ENTX,,common_equity,eligible,Q,,,3.22,3.92,,7444020.550555555,58.62068965517244,159.67741935483875,126.7605633802817,70.3703703703704,17.85714285714285,207.21026502049514,277.0,full,usable,2026-08-20,conditional,77.71,100.0,,,73.0,82.0,62.0,100.0,2.2.0,c8f1bf1665a8c5dfb834c0571e7dd5f6b6e5ccd00eab00295338bd42cfde549b
ENVA,"Enova International, Inc. Common Stock",nasdaqtrader:N:ENVA,SECURITY:ENVA:nasdaqtrader:N:ENVA,,common_equity,eligible,N,,,237.39,265.45,,80407044.71079364,6.696930199110063,44.23111975211129,63.68337585327173,120.54069119286508,10.570728950838204,45.03928366878916,277.0,full,usable,2026-08-20,conditional,81.57,100.0,,,73.0,82.0,80.0,100.0,2.2.0,c8f1bf1665a8c5dfb834c0571e7dd5f6b6e5ccd00eab00295338bd42cfde549b
ENVB,"Enveric Biosciences, Inc.  - Common Stock",nasdaqtrader:Q:ENVB,SECURITY:ENVB:nasdaqtrader:Q:ENVB,,common_equity,eligible,Q,,,1.388,17.4,,242771.10506349208,3.5820895522387985,-36.909090909090914,-42.64462809917355,-89.85380116959064,92.02298850574712,65.54480116566074,277.0,full,usable,2026-08-20,rejected,38.43,100.0,,,47.0,30.0,0.0,100.0,2.2.0,c8f1bf1665a8c5dfb834c0571e7dd5f6b6e5ccd00eab00295338bd42cfde549b
ENVX,Enovix Corporation - Common Stock,nasdaqtrader:Q:ENVX,SECURITY:ENVX:nasdaqtrader:Q:ENVX,,common_equity,eligible,Q,,,3.27,13.19,,39455615.99952381,-30.12820512820512,-48.584905660377366,-45.77114427860697,-67.30000000000001,75.2084912812737,110.3510754655205,277.0,full,usable,2026-08-20,conditional,57.86,100.0,,,55.0,30.0,80.0,100.0,2.2.0,c8f1bf1665a8c5dfb834c0571e7dd5f6b6e5ccd00eab00295338bd42cfde549b
EOG,"EOG Resources, Inc. Common Stock",nasdaqtrader:N:EOG,SECURITY:EOG:nasdaqtrader:N:EOG,,common_equity,eligible,N,,,152.19,152.19,,469566161.22444445,5.687500000000001,7.456047447574665,22.86267861467668,29.722127514490282,0.0,37.326758961523296,277.0,full,usable,2026-08-20,conditional,56.14,100.0,,,65.0,10.0,92.0,100.0,2.2.0,c8f1bf1665a8c5dfb834c0571e7dd5f6b6e5ccd00eab00295338bd42cfde549b
EOLS,"Evolus, Inc. - Common Stock",nasdaqtrader:Q:EOLS,SECURITY:EOLS:nasdaqtrader:Q:EOLS,,common_equity,eligible,Q,,,8.35,8.6,,5789792.008968254,41.76570458404074,26.7071320182094,88.91402714932126,17.11079943899019,2.9069767441860517,77.03833899436269,277.0,full,usable,2026-08-20,conditional,49.71,100.0,,,65.0,10.0,62.0,100.0,2.2.0,c8f1bf1665a8c5dfb834c0571e7dd5f6b6e5ccd00eab00295338bd42cfde549b
EONR,EON Resources Inc. Class A Common Stock,nasdaqtrader:A:EONR,NAMECLASS:EON RESOURCES INC,,common_equity,eligible,A,,,0.477,1.53,,578227.2630698412,-12.300055157198031,-26.069435833849973,18.745332337565344,49.062499999999986,68.82352941176471,66.87880570824832,277.0,full,usable,2026-08-20,rejected,47.0,100.0,,,77.0,30.0,0.0,100.0,2.2.0,c8f1bf1665a8c5dfb834c0571e7dd5f6b6e5ccd00eab00295338bd42cfde549b
EOSE,"Eos Energy Enterprises, Inc. - Common Stock",nasdaqtrader:Q:EOSE,SECURITY:EOSE:nasdaqtrader:Q:EOSE,,common_equity,eligible,Q,,,3.46,19.19,,137713273.38555557,-13.06532663316583,-51.336146272855146,-69.78165938864629,-42.809917355371894,81.96977592496091,106.68747387260602,277.0,full,usable,2026-08-20,conditional,57.57,100.0,,,45.0,30.0,92.0,100.0,2.2.0,c8f1bf1665a8c5dfb834c0571e7dd5f6b6e5ccd00eab00295338bd42cfde549b
EP,Empire Petroleum Corporation Common Stock,nasdaqtrader:A:EP,SECURITY:EP:nasdaqtrader:A:EP,,common_equity,eligible,A,,,3.18,5.6,,248206.65746031745,23.25581395348837,30.327868852459016,7.7966101694915135,-31.31749460043196,43.21428571428571,48.55755271787168,277.0,full,usable,2026-08-20,rejected,63.93,100.0,,,55.0,95.0,0.0,100.0,2.2.0,c8f1bf1665a8c5dfb834c0571e7dd5f6b6e5ccd00eab00295338bd42cfde549b
EPAC,Enerpac Tool Group Corp. Common Stock,nasdaqtrader:N:EPAC,SECURITY:EPAC:nasdaqtrader:N:EPAC,,common_equity,eligible,N,,,36.99,43.71,,17974392.786507934,6.845753899480078,9.340821755838036,-12.5945179584121,-13.107822410147985,15.374056280027448,30.96575022317973,277.0,full,usable,2026-08-20,conditional,74.29,100.0,,,61.0,82.0,62.0,100.0,2.2.0,c8f1bf1665a8c5dfb834c0571e7dd5f6b6e5ccd00eab00295338bd42cfde549b
EPAM,"EPAM Systems, Inc. Common Stock",nasdaqtrader:N:EPAM,SECURITY:EPAM:nasdaqtrader:N:EPAM,,common_equity,eligible,N,,,106.76,221.4,,180686660.1736508,23.322167032459305,2.358581016299155,-23.282552457602755,-36.27410016116516,51.779584462511295,69.187773483274,277.0,full,usable,2026-08-20,conditional,78.14,100.0,,,67.0,70.0,92.0,100.0,2.2.0,c8f1bf1665a8c5dfb834c0571e7dd5f6b6e5ccd00eab00295338bd42cfde549b
EPC,Edgewell Personal Care Company Common Stock,nasdaqtrader:N:EPC,SECURITY:EPC:nasdaqtrader:N:EPC,,common_equity,eligible,N,,,27.56,29.66,,21038772.525714286,-0.32549728752260254,62.69185360094449,24.312133513757317,17.027600849256896,7.080242751180044,37.549778689598654,277.0,full,usable,2026-08-20,conditional,56.14,100.0,,,65.0,28.0,62.0,100.0,2.2.0,c8f1bf1665a8c5dfb834c0571e7dd5f6b6e5ccd00eab00295338bd42cfde549b
EPD,Enterprise Products Partners L.P. Common Stock,nasdaqtrader:N:EPD,SECURITY:EPD:nasdaqtrader:N:EPD,,common_equity,eligible,N,,,38.43,39.8,,117522047.9968254,-1.1828233479043493,-2.437166793602441,6.218905472636815,22.349570200573066,3.4422110552763785,17.102108262776678,277.0,full,usable,2026-08-20,conditional,62.43,100.0,,,87.0,10.0,92.0,100.0,2.2.0,c8f1bf1665a8c5dfb834c0571e7dd5f6b6e5ccd00eab00295338bd42cfde549b
EPM,"Evolution Petroleum Corporation, Inc. Common Stock",nasdaqtrader:A:EPM,SECURITY:EPM:nasdaqtrader:A:EPM,,common_equity,eligible,A,,,3.55,5.5,,1578836.136031746,-11.250000000000004,-21.80616740088106,-21.460176991150437,-26.8041237113402,35.45454545454546,55.0431533226039,277.0,full,usable,2026-08-20,rejected,67.36,100.0,,,67.0,95.0,0.0,100.0,2.2.0,c8f1bf1665a8c5dfb834c0571e7dd5f6b6e5ccd00eab00295338bd42cfde549b
EPR,EPR Properties Common Stock,nasdaqtrader:N:EPR,SECURITY:EPR:nasdaqtrader:N:EPR,,common_equity,eligible,N,,,61.22,64.32,,40721120.09507937,-1.305819764630023,4.846720328823428,6.822544058628499,14.344415390362354,4.819651741293529,21.967500147147014,277.0,full,usable,2026-08-20,conditional,57.57,100.0,,,79.0,10.0,80.0,100.0,2.2.0,c8f1bf1665a8c5dfb834c0571e7dd5f6b6e5ccd00eab00295338bd42cfde549b
EPRT,"Essential Properties Realty Trust, Inc. Common Stock",nasdaqtrader:N:EPRT,SECURITY:EPRT:nasdaqtrader:N:EPRT,,common_equity,eligible,N,,,31.17,34.59,,58431484.393492065,-4.562155541947321,-0.447141488342373,-4.26904176904177,1.0700389105058328,9.88725065047702,21.6410500789307,277.0,full,usable,2026-08-20,conditional,83.29,100.0,,,79.0,82.0,80.0,100.0,2.2.0,c8f1bf1665a8c5dfb834c0571e7dd5f6b6e5ccd00eab00295338bd42cfde549b
EPRX,Eupraxia Pharmaceuticals Inc. - Common Stock,nasdaqtrader:Q:EPRX,SECURITY:EPRX:nasdaqtrader:Q:EPRX,,common_equity,eligible,Q,,,6.76,9.07,,2338351.727936508,5.295950155763229,6.122448979591821,-16.748768472906395,25.417439703154,25.468577728776186,59.58582909623987,277.0,full,usable,2026-08-20,conditional,78.21,100.0,,,75.0,92.0,45.0,100.0,2.2.0,c8f1bf1665a8c5dfb834c0571e7dd5f6b6e5ccd00eab00295338bd42cfde549b
EPSM,Epsium Enterprise Limited - Class A Ordinary Shares,nasdaqtrader:Q:EPSM,NAMECLASS:EPSIUM ENTERPRISE LIMITED,,common_equity,eligible,Q,,,1.39,138.0,,2409814.4235555553,6.1068702290076216,4.5112781954887105,-4.137931034482767,-92.76041666666667,98.9927536231884,58.913934613650575,277.0,full,usable,2026-08-20,conditional,48.07,100.0,,,47.0,30.0,45.0,100.0,2.2.0,c8f1bf1665a8c5dfb834c0571e7dd5f6b6e5ccd00eab00295338bd42cfde549b
EPSN,Epsilon Energy Ltd. - Common Shares,nasdaqtrader:Q:EPSN,SECURITY:EPSN:nasdaqtrader:Q:EPSN,,common_equity,eligible,Q,,,5.65,6.49,,888799.5736507936,-0.17667844522968323,-9.163987138263652,10.784313725490202,0.0,12.942989214175649,48.62820203173818,277.0,full,usable,2026-08-20,rejected,66.14,100.0,,,79.0,82.0,0.0,100.0,2.2.0,c8f1bf1665a8c5dfb834c0571e7dd5f6b6e5ccd00eab00295338bd42cfde549b
EQ,"Equillium, Inc. - Common Stock",nasdaqtrader:Q:EQ,SECURITY:EQ:nasdaqtrader:Q:EQ,,common_equity,eligible,Q,,,2.27,3.2,,2443430.2073015873,-17.753623188405786,10.194174757281548,24.725274725274726,89.16666666666669,29.062500000000004,78.9134344495167,277.0,full,usable,2026-08-20,conditional,77.64,100.0,,,73.0,92.0,45.0,100.0,2.2.0,c8f1bf1665a8c5dfb834c0571e7dd5f6b6e5ccd00eab00295338bd42cfde549b
EQBK,"Equity Bancshares, Inc. Class A Common Stock",nasdaqtrader:N:EQBK,NAMECLASS:EQUITY BANCSHARES INC,,common_equity,eligible,N,,,49.88,51.73,,6238737.202857142,-0.16012810248198228,8.93208124044551,9.194395796847644,24.70000000000001,3.5762613570461954,19.851861928953817,277.0,full,usable,2026-08-20,conditional,52.57,100.0,,,75.0,10.0,62.0,100.0,2.2.0,c8f1bf1665a8c5dfb834c0571e7dd5f6b6e5ccd00eab00295338bd42cfde549b
EQH,"Equitable Holdings, Inc. Common Stock",nasdaqtrader:N:EQH,SECURITY:EQH:nasdaqtrader:N:EQH,,common_equity,eligible,N,,,48.75,54.41,,166255327.03047618,0.0,14.949304409337438,9.921082299887264,-7.072054898970648,10.402499540525634,34.39239278763212,277.0,full,usable,2026-08-20,conditional,80.71,100.0,,,61.0,82.0,92.0,100.0,2.2.0,c8f1bf1665a8c5dfb834c0571e7dd5f6b6e5ccd00eab00295338bd42cfde549b
EQIX,"Equinix, Inc. - Common Stock",nasdaqtrader:Q:EQIX,SECURITY:EQIX:nasdaqtrader:Q:EQIX,,common_equity,eligible,Q,,,1082.7,1115.94,,641339445.5106349,5.245251472675316,1.6562447186074136,17.937322309728444,39.9813823597859,2.9786547663852914,30.129761570234425,277.0,full,usable,2026-08-20,conditional,61.29,100.0,,,77.0,10.0,100.0,100.0,2.2.0,c8f1bf1665a8c5dfb834c0571e7dd5f6b6e5ccd00eab00295338bd42cfde549b
EQNR,Equinor ASA,qrgf-resolution-required:N:EQNR,SECURITY:EQNR:qrgf-resolution-required:N:EQNR,,common_equity,eligible,N,,,42.86,42.86,,133322528.5009524,7.257257257257255,10.01026694045175,48.56152512998266,79.70649895178197,0.0,44.92129477883766,277.0,full,usable,2026-08-20,conditional,58.43,100.0,,,73.0,10.0,92.0,100.0,2.2.0,c8f1bf1665a8c5dfb834c0571e7dd5f6b6e5ccd00eab00295338bd42cfde549b
EQPT,EquipmentShare.com Inc - Class A Common Stock,nasdaqtrader:Q:EQPT,NAMECLASS:EQUIPMENTSHARE COM INC,,common_equity,eligible,Q,,,18.27,34.63,,55105352.58111111,5.363321799307963,-10.616438356164393,-45.86666666666667,,47.24227548368467,92.09665891686387,145.0,limited_but_usable,usable,2026-08-20,conditional,82.21,100.0,,,59.0,95.0,80.0,100.0,2.2.0,c8f1bf1665a8c5dfb834c0571e7dd5f6b6e5ccd00eab00295338bd42cfde549b
EQS,"Equus Total Return, Inc. Common Stock",nasdaqtrader:N:EQS,SECURITY:EQS:nasdaqtrader:N:EQS,,common_equity,eligible,N,,,1.085,2.49,,18799.74333968254,-5.6521739130434785,-20.512820512820518,-20.79713847726111,-41.03260869565217,56.425702811244996,62.60997401463303,277.0,full,usable,2026-08-20,rejected,58.43,100.0,,,67.0,70.0,0.0,100.0,2.2.0,c8f1bf1665a8c5dfb834c0571e7dd5f6b6e5ccd00eab00295338bd42cfde549b
EQT,EQT Corporation Common Stock,nasdaqtrader:N:EQT,SECURITY:EQT:nasdaqtrader:N:EQT,,common_equity,eligible,N,,,53.89,67.93,,376949467.0879365,-0.2221810775782207,-6.813072799584985,-9.837711226367752,6.628413138108424,20.66833505078758,33.69842900473278,277.0,full,usable,2026-08-20,conditional,89.43,100.0,,,79.0,92.0,92.0,100.0,2.2.0,c8f1bf1665a8c5dfb834c0571e7dd5f6b6e5ccd00eab00295338bd42cfde549b
EQX,Equinox Gold Corp. Common Shares,nasdaqtrader:A:EQX,SECURITY:EQX:nasdaqtrader:A:EQX,,common_equity,eligible,A,,,12.88,18.76,,147804441.08380952,37.754010695187176,3.70370370370372,-24.146054181389864,70.59602649006624,31.343283582089555,60.86255860790518,277.0,full,usable,2026-08-20,conditional,94.0,100.0,,,95.0,92.0,92.0,100.0,2.2.0,c8f1bf1665a8c5dfb834c0571e7dd5f6b6e5ccd00eab00295338bd42cfde549b
ERAS,"Erasca, Inc. - Common Stock",nasdaqtrader:Q:ERAS,SECURITY:ERAS:nasdaqtrader:Q:ERAS,,common_equity,eligible,Q,,,17.08,22.47,,79214866.85499999,-12.455151204510528,53.597122302158276,37.85310734463274,1023.6842105263157,23.987538940809973,62.21089108105697,277.0,full,usable,2026-08-20,conditional,85.14,100.0,,,73.0,92.0,80.0,100.0,2.2.0,c8f1bf1665a8c5dfb834c0571e7dd5f6b6e5ccd00eab00295338bd42cfde549b
ERIC,Ericsson - American Depositary Shares each representing 1 underlying Class B share,nasdaqtrader:Q:ERIC,NAMECLASS:ERICSSON AMERICAN DEPOSITARY SHARES EACH REPRESENTING 1 UNDERLYING,,adr,eligible,Q,,,10.11,13.74,,133553735.67730159,6.533192834562684,-22.170900692840657,-10.133333333333338,31.469440832249653,26.419213973799128,49.44338345813291,277.0,full,usable,2026-08-20,conditional,91.71,100.0,,,87.0,92.0,92.0,100.0,2.2.0,c8f1bf1665a8c5dfb834c0571e7dd5f6b6e5ccd00eab00295338bd42cfde549b
ERIE,Erie Indemnity Company - Class A Common Stock,nasdaqtrader:Q:ERIE,NAMECLASS:ERIE INDEMNITY COMPANY,,common_equity,eligible,Q,,,262.61,366.36,,58522703.467857145,24.542350374656174,18.255505020939356,-4.376797873502525,-27.649668016640494,28.31913964406595,61.91411537535868,277.0,full,usable,2026-08-20,conditional,80.0,100.0,,,55.0,92.0,80.0,100.0,2.2.0,c8f1bf1665a8c5dfb834c0571e7dd5f6b6e5ccd00eab00295338bd42cfde549b
ERII,"Energy Recovery, Inc. - Common Stock",nasdaqtrader:Q:ERII,SECURITY:ERII:nasdaqtrader:Q:ERII,,common_equity,eligible,Q,,,7.75,18.11,,8104420.061428571,-9.250585480093665,-10.404624277456653,-51.71339563862929,-46.255201109570045,57.20596355604638,42.94167477992574,277.0,full,usable,2026-08-20,conditional,68.86,100.0,,,57.0,70.0,62.0,100.0,2.2.0,c8f1bf1665a8c5dfb834c0571e7dd5f6b6e5ccd00eab00295338bd42cfde549b
ERNA,Ernexa Therapeutics Inc. - Common Stock,nasdaqtrader:Q:ERNA,SECURITY:ERNA:nasdaqtrader:Q:ERNA,,common_equity,eligible,Q,,,4.52,47.0,,3205294.7162095243,1.5730337078651457,-60.350877192982466,-50.96550227815144,-88.33548387096775,90.38297872340426,136.27086580412595,277.0,full,usable,2026-08-20,conditional,41.79,100.0,,,25.0,30.0,45.0,100.0,2.2.0,c8f1bf1665a8c5dfb834c0571e7dd5f6b6e5ccd00eab00295338bd42cfde549b
ERO,Ero Copper Corp. Common Shares,nasdaqtrader:N:ERO,SECURITY:ERO:nasdaqtrader:N:ERO,,common_equity,eligible,N,,,36.02,38.03,,35611660.1331746,33.06243073513115,33.55580274378942,21.361185983827504,165.63421828908557,5.285301078096238,62.78580868269961,277.0,full,usable,2026-08-20,conditional,62.29,100.0,,,73.0,28.0,80.0,100.0,2.2.0,c8f1bf1665a8c5dfb834c0571e7dd5f6b6e5ccd00eab00295338bd42cfde549b
EROC,"ERock, Inc. Class A Common Stock",nasdaqtrader:N:EROC,NAMECLASS:EROCK INC,,common_equity,eligible,N,,,13.01,18.75,,40911763.938,5.600649350649345,,,,30.613333333333337,138.7274510141849,50.0,insufficient,usable,2026-08-20,recheck,,71.43,,,,92.0,80.0,76.0,2.2.0,c8f1bf1665a8c5dfb834c0571e7dd5f6b6e5ccd00eab00295338bd42cfde549b
EROK,"EagleRock Land, LLC Class A shares representing limited liability company interests",nasdaqtrader:N:EROK,SECURITY:EROK:nasdaqtrader:N:EROK,,common_equity,eligible,N,,,26.16,26.16,,5385529.628730159,17.944093778178537,13.541666666666675,,,0.0,50.52549715564753,68.0,insufficient,usable,2026-08-20,recheck,,71.43,,,,10.0,62.0,88.0,2.2.0,c8f1bf1665a8c5dfb834c0571e7dd5f6b6e5ccd00eab00295338bd42cfde549b
ES,Eversource Energy (D/B/A) Common Stock,nasdaqtrader:N:ES,SECURITY:ES:nasdaqtrader:N:ES,,common_equity,eligible,N,,,72.15,76.21,,183012190.31825396,-3.1023368251409944,4.489500362056487,-2.0632550563322916,9.80063917211993,5.3273848576302125,16.495849089385075,277.0,full,usable,2026-08-20,conditional,66.57,100.0,,,79.0,28.0,92.0,100.0,2.2.0,c8f1bf1665a8c5dfb834c0571e7dd5f6b6e5ccd00eab00295338bd42cfde549b
ESAB,ESAB Corporation Common Stock,nasdaqtrader:N:ESAB,SECURITY:ESAB:nasdaqtrader:N:ESAB,,common_equity,eligible,N,,,78.58,134.82,,68118182.65142857,-6.485778888492211,-13.161675323240129,-39.831546707503826,-30.650428029300148,41.71487909805667,51.503735665617825,277.0,full,usable,2026-08-20,conditional,84.5,100.0,,,67.0,95.0,80.0,100.0,2.2.0,c8f1bf1665a8c5dfb834c0571e7dd5f6b6e5ccd00eab00295338bd42cfde549b
ESCA,"Escalade, Incorporated - Common Stock",nasdaqtrader:Q:ESCA,SECURITY:ESCA:nasdaqtrader:Q:ESCA,,common_equity,eligible,Q,,,20.71,22.6,,775566.4228571429,7.89268038551707,11.70442286947142,48.45878136200719,64.62639109697935,8.362831858407082,46.32966597428126,277.0,full,usable,2026-08-20,rejected,64.43,100.0,,,73.0,82.0,0.0,100.0,2.2.0,c8f1bf1665a8c5dfb834c0571e7dd5f6b6e5ccd00eab00295338bd42cfde549b
ESE,ESCO Technologies Inc. Common Stock,nasdaqtrader:N:ESE,SECURITY:ESE:nasdaqtrader:N:ESE,,common_equity,eligible,N,,,284.57,354.9,,76971100.4220635,-12.697877040127615,-4.00742115027829,4.329813755682643,50.526315789473664,19.816849816849814,39.19449337392672,277.0,full,usable,2026-08-20,conditional,87.86,100.0,,,95.0,82.0,80.0,100.0,2.2.0,c8f1bf1665a8c5dfb834c0571e7dd5f6b6e5ccd00eab00295338bd42cfde549b
ESEA,Euroseas Ltd. - Common Stock,nasdaqtrader:Q:ESEA,SECURITY:ESEA:nasdaqtrader:Q:ESEA,,common_equity,eligible,Q,,,75.02,79.39,,4236490.511269841,1.7082429501084517,5.365168539325826,25.367647058823508,21.805487903880483,5.504471595918892,38.55225850300137,277.0,full,usable,2026-08-20,conditional,52.5,100.0,,,65.0,28.0,45.0,100.0,2.2.0,c8f1bf1665a8c5dfb834c0571e7dd5f6b6e5ccd00eab00295338bd42cfde549b
ESI,Element Solutions Inc. Common Stock,nasdaqtrader:N:ESI,SECURITY:ESI:nasdaqtrader:N:ESI,,common_equity,eligible,N,,,35.54,49.09,,185032636.64857143,-7.3755538180870435,-12.355117139334148,0.11267605633802358,42.330796956347626,27.602363006722353,40.78212602690352,277.0,full,usable,2026-08-20,conditional,91.71,100.0,,,87.0,92.0,92.0,100.0,2.2.0,c8f1bf1665a8c5dfb834c0571e7dd5f6b6e5ccd00eab00295338bd42cfde549b
ESLA,"Estrella Immunopharma, Inc. - Common Stock",nasdaqtrader:Q:ESLA,SECURITY:ESLA:nasdaqtrader:Q:ESLA,,common_equity,eligible,Q,,,0.745,3.05,,37745.28353015873,-2.1024967148488893,-34.64912280701754,-39.43089430894309,-19.02173913043479,75.57377049180327,67.56561434392464,277.0,full,usable,2026-08-20,rejected,45.86,100.0,,,73.0,30.0,0.0,100.0,2.2.0,c8f1bf1665a8c5dfb834c0571e7dd5f6b6e5ccd00eab00295338bd42cfde549b
ESLT,Elbit Systems Ltd. - Ordinary Shares,nasdaqtrader:Q:ESLT,SECURITY:ESLT:nasdaqtrader:Q:ESLT,,common_equity,eligible,Q,,,744.3,1014.33,,79172134.49301589,-6.104530144192577,-3.1918214452942184,1.9156248716298618,64.78845174574354,26.6215137085564,42.75946691964944,277.0,full,usable,2026-08-20,conditional,91.43,100.0,,,95.0,92.0,80.0,100.0,2.2.0,c8f1bf1665a8c5dfb834c0571e7dd5f6b6e5ccd00eab00295338bd42cfde549b
ESNT,Essent Group Ltd. Common Shares,nasdaqtrader:N:ESNT,SECURITY:ESNT:nasdaqtrader:N:ESNT,,common_equity,eligible,N,,,68.53,69.58,,47231204.4231746,5.33353827236398,10.443190975020155,13.799402191962805,9.718219660582772,1.5090543259557276,25.34721410587763,277.0,full,usable,2026-08-20,conditional,54.14,100.0,,,67.0,10.0,80.0,100.0,2.2.0,c8f1bf1665a8c5dfb834c0571e7dd5f6b6e5ccd00eab00295338bd42cfde549b
ESOA,Energy Services of America Corporation - Common Stock,nasdaqtrader:Q:ESOA,SECURITY:ESOA:nasdaqtrader:Q:ESOA,,common_equity,eligible,Q,,,11.78,19.34,,2364074.8025396825,-27.818627450980394,-32.33773693279724,-14.014598540145984,20.204081632653036,39.089968976215104,62.93353006756595,277.0,full,usable,2026-08-20,conditional,82.71,100.0,,,87.0,95.0,45.0,100.0,2.2.0,c8f1bf1665a8c5dfb834c0571e7dd5f6b6e5ccd00eab00295338bd42cfde549b
ESP,Espey Mfg. & Electronics Corp. Common Stock,nasdaqtrader:A:ESP,SECURITY:ESP:nasdaqtrader:A:ESP,,common_equity,eligible,A,,,62.31,72.22,,2953811.3696825397,4.84603735487128,10.53751995742418,6.54924760601916,38.49744387641698,13.721960675713095,38.056255234111276,277.0,full,usable,2026-08-20,conditional,74.64,100.0,,,75.0,82.0,45.0,100.0,2.2.0,c8f1bf1665a8c5dfb834c0571e7dd5f6b6e5ccd00eab00295338bd42cfde549b
ESQ,"Esquire Financial Holdings, Inc. - Common Stock",nasdaqtrader:Q:ESQ,SECURITY:ESQ:nasdaqtrader:Q:ESQ,,common_equity,eligible,Q,,,113.44,132.92,,16278298.456349207,-6.255681348648878,0.6030507272082319,6.266978922716615,18.475195822454317,14.655431838699961,38.813709181183356,277.0,full,usable,2026-08-20,conditional,81.71,100.0,,,87.0,82.0,62.0,100.0,2.2.0,c8f1bf1665a8c5dfb834c0571e7dd5f6b6e5ccd00eab00295338bd42cfde549b
ESRT,"Empire State Realty Trust, Inc. Class A Common Stock",nasdaqtrader:N:ESRT,NAMECLASS:EMPIRE STATE REALTY TRUST INC,,common_equity,eligible,N,,,4.79,7.97,,11441467.82142857,-11.786372007366474,-14.15770609318997,-20.95709570957095,-35.70469798657718,39.89962358845671,52.52767718597322,277.0,full,usable,2026-08-20,conditional,80.64,100.0,,,67.0,95.0,62.0,100.0,2.2.0,c8f1bf1665a8c5dfb834c0571e7dd5f6b6e5ccd00eab00295338bd42cfde549b
ESS,"Essex Property Trust, Inc. Common Stock",nasdaqtrader:N:ESS,SECURITY:ESS:nasdaqtrader:N:ESS,,common_equity,eligible,N,,,287.71,298.33,,132909150.30698413,-1.8289145937830598,4.6104061375122685,13.080218527689325,9.662296081719756,3.5598163107967706,22.06176375240724,277.0,full,usable,2026-08-20,conditional,60.14,100.0,,,79.0,10.0,92.0,100.0,2.2.0,c8f1bf1665a8c5dfb834c0571e7dd5f6b6e5ccd00eab00295338bd42cfde549b
ESTA,Establishment Labs Holdings Inc. - Common Shares,nasdaqtrader:Q:ESTA,SECURITY:ESTA:nasdaqtrader:Q:ESTA,,common_equity,eligible,Q,,,71.45,95.65,,51450844.97666666,-23.884095025034625,2.0131353512278682,-5.82575458020298,89.52254641909813,25.30057501306848,54.92355241827992,277.0,full,usable,2026-08-20,conditional,91.43,100.0,,,95.0,92.0,80.0,100.0,2.2.0,c8f1bf1665a8c5dfb834c0571e7dd5f6b6e5ccd00eab00295338bd42cfde549b
ESTC,Elastic N.V. Ordinary Shares,nasdaqtrader:N:ESTC,SECURITY:ESTC:nasdaqtrader:N:ESTC,,common_equity,eligible,N,,,85.9,94.47,,142047412.4393651,46.387184730743016,55.39073806078147,38.414437640992595,10.653098029112474,9.071662961786808,51.06424570502358,277.0,full,usable,2026-08-20,conditional,79.57,100.0,,,57.0,82.0,92.0,100.0,2.2.0,c8f1bf1665a8c5dfb834c0571e7dd5f6b6e5ccd00eab00295338bd42cfde549b
ETD,Ethan Allen Interiors Inc. Common Stock,nasdaqtrader:N:ETD,SECURITY:ETD:nasdaqtrader:N:ETD,,common_equity,eligible,N,,,22.93,30.34,,12510621.341904761,0.3501094091903578,16.63275686673449,-1.8827556696619618,-23.769946808510632,24.423203691496376,31.470292403544736,277.0,full,usable,2026-08-20,conditional,77.86,100.0,,,61.0,92.0,62.0,100.0,2.2.0,c8f1bf1665a8c5dfb834c0571e7dd5f6b6e5ccd00eab00295338bd42cfde549b
ETN,"Eaton Corporation, PLC Ordinary Shares",nasdaqtrader:N:ETN,SECURITY:ETN:nasdaqtrader:N:ETN,,common_equity,eligible,N,,,415.29,459.96,,967311139.0047619,2.059423459733112,9.376069951802801,10.063076433796247,18.994269340974213,9.711714062092348,48.6664107284864,277.0,full,usable,2026-08-20,conditional,86.43,100.0,,,75.0,82.0,100.0,100.0,2.2.0,c8f1bf1665a8c5dfb834c0571e7dd5f6b6e5ccd00eab00295338bd42cfde549b
ETO,Eaton Vance Tax-Advantage Global Dividend Opp Common Stock,nasdaqtrader:N:ETO,SECURITY:ETO:nasdaqtrader:N:ETO,,common_equity,eligible,N,,,31.39,32.23,,1019705.7505555555,2.934907361862593,4.337709822170521,4.843019372077495,15.319617927994123,2.606267452683819,14.77948048607948,277.0,full,usable,2026-08-20,rejected,42.71,100.0,,,87.0,10.0,0.0,100.0,2.2.0,c8f1bf1665a8c5dfb834c0571e7dd5f6b6e5ccd00eab00295338bd42cfde549b
ETON,"Eton Pharmaceuticals, Inc. - Common Stock",nasdaqtrader:Q:ETON,SECURITY:ETON:nasdaqtrader:Q:ETON,,common_equity,eligible,Q,,,59.91,63.43,,22019973.016825397,37.471317117944004,73.9042089985486,228.814489571899,269.81481481481484,5.549424562509864,123.0923792240739,277.0,full,usable,2026-08-20,conditional,58.43,100.0,,,73.0,28.0,62.0,100.0,2.2.0,c8f1bf1665a8c5dfb834c0571e7dd5f6b6e5ccd00eab00295338bd42cfde549b
ETOR,eToro Group Ltd. - Class A Common Shares,nasdaqtrader:Q:ETOR,NAMECLASS:ETORO GROUP LTD,,common_equity,eligible,Q,,,29.67,46.9,,34468346.85873016,-20.922174840085294,-25.056832533468054,-4.290322580645157,-33.6390069335719,36.73773987206822,55.378131007014055,277.0,full,usable,2026-08-20,conditional,84.5,100.0,,,67.0,95.0,80.0,100.0,2.2.0,c8f1bf1665a8c5dfb834c0571e7dd5f6b6e5ccd00eab00295338bd42cfde549b
ETR,Entergy Corporation Common Stock,nasdaqtrader:N:ETR,SECURITY:ETR:nasdaqtrader:N:ETR,,common_equity,eligible,N,,,107.34,117.91,,331503920.9234921,-6.563370473537599,-4.100777271508981,3.8807703474305733,20.864767481139502,8.964464422016782,19.730722559152703,277.0,full,usable,2026-08-20,conditional,88.14,100.0,,,87.0,82.0,92.0,100.0,2.2.0,c8f1bf1665a8c5dfb834c0571e7dd5f6b6e5ccd00eab00295338bd42cfde549b
ETS,Elite Express Holding Inc. - Class A Common Stock,nasdaqtrader:Q:ETS,NAMECLASS:ELITE EXPRESS HOLDING INC,,common_equity,eligible,Q,,,1.08,3.5,,93604.0614,20.697362539114895,103.77358490566037,112.6821583300512,,69.14285714285714,96.56171236900653,251.0,limited_but_usable,usable,2026-08-20,rejected,35.57,100.0,,,37.0,30.0,0.0,100.0,2.2.0,c8f1bf1665a8c5dfb834c0571e7dd5f6b6e5ccd00eab00295338bd42cfde549b
ETSS,Energy Transition Special Opportunities Class A Ordinary Shares,nasdaqtrader:N:ETSS,SECURITY:ETSS:nasdaqtrader:N:ETSS,,common_equity,eligible,N,,,9.94,9.95,,34692.60070555556,0.7081995116563933,,,,0.10050251256281673,1.9463219205096522,54.0,insufficient,usable,2026-08-20,rejected,,71.43,,,,10.0,0.0,76.0,2.2.0,c8f1bf1665a8c5dfb834c0571e7dd5f6b6e5ccd00eab00295338bd42cfde549b
ETSY,"Etsy, Inc. Common Stock",nasdaqtrader:N:ETSY,SECURITY:ETSY:nasdaqtrader:N:ETSY,,common_equity,eligible,N,,,81.21,86.47,,228203063.8447619,0.9070576540755271,33.37165380193792,68.69547154133775,27.909907071979823,6.0830345784665285,41.281028733831874,277.0,full,usable,2026-08-20,conditional,62.57,100.0,,,65.0,28.0,92.0,100.0,2.2.0,c8f1bf1665a8c5dfb834c0571e7dd5f6b6e5ccd00eab00295338bd42cfde549b
EU,enCore Energy Corp. - Common Stock,nasdaqtrader:Q:EU,SECURITY:EU:nasdaqtrader:Q:EU,,common_equity,eligible,Q,,,1.045,4.07,,4395959.313571429,-13.636363636363635,-25.886524822695034,-60.1145038167939,-59.49612403100776,74.32432432432432,89.67710532326369,277.0,full,usable,2026-08-20,conditional,50.93,100.0,,,57.0,30.0,45.0,100.0,2.2.0,c8f1bf1665a8c5dfb834c0571e7dd5f6b6e5ccd00eab00295338bd42cfde549b
EUDA,Euda Health Holdings Limited - Ordinary Shares,nasdaqtrader:Q:EUDA,SECURITY:EUDA:nasdaqtrader:Q:EUDA,,common_equity,eligible,Q,,,14.2,77.8,,77294.06150634922,1.4285714285714235,-21.111111111111114,-20.179876335019674,-69.19739696312365,81.74807197943444,139.99462428990495,277.0,full,usable,2026-08-20,rejected,44.14,100.0,,,67.0,30.0,0.0,100.0,2.2.0,c8f1bf1665a8c5dfb834c0571e7dd5f6b6e5ccd00eab00295338bd42cfde549b
EVAX,Evaxion A/S - American Depositary Share,nasdaqtrader:Q:EVAX,SECURITY:EVAX:nasdaqtrader:Q:EVAX,,adr,eligible,Q,,,3.28,11.01,,578770.4497698412,7.8947368421052655,-18.000000000000004,-5.747126436781613,7.8947368421052655,70.20890099909174,44.67800204614946,277.0,full,usable,2026-08-20,rejected,47.57,100.0,,,79.0,30.0,0.0,100.0,2.2.0,c8f1bf1665a8c5dfb834c0571e7dd5f6b6e5ccd00eab00295338bd42cfde549b
EVC,Entravision Communications Corporation Common Stock,nasdaqtrader:N:EVC,SECURITY:EVC:nasdaqtrader:N:EVC,,common_equity,eligible,N,,,8.03,13.48,,21257610.504126985,-23.15789473684211,-2.192448233861166,174.06143344709895,235.98326359832635,40.43026706231455,84.08910374541311,277.0,full,usable,2026-08-20,conditional,85.79,100.0,,,85.0,95.0,62.0,100.0,2.2.0,c8f1bf1665a8c5dfb834c0571e7dd5f6b6e5ccd00eab00295338bd42cfde549b
EVCM,EverCommerce Inc. - Common Stock,nasdaqtrader:Q:EVCM,SECURITY:EVCM:nasdaqtrader:Q:EVCM,,common_equity,eligible,Q,,,9.68,13.4,,1686633.4631746032,-15.532286212914492,-6.473429951690823,-1.8255578093306246,-11.919927206551417,27.761194029850756,56.20593137702116,277.0,full,usable,2026-08-20,rejected,68.0,100.0,,,73.0,92.0,0.0,100.0,2.2.0,c8f1bf1665a8c5dfb834c0571e7dd5f6b6e5ccd00eab00295338bd42cfde549b
EVER,"EverQuote, Inc. - Class A Common Stock",nasdaqtrader:Q:EVER,NAMECLASS:EVERQUOTE INC,,common_equity,eligible,Q,,,24.91,27.87,,16130449.823174603,0.08035355564484092,33.1373597006948,72.86606523247745,7.7422145328719605,10.620739146035163,53.38224360887762,277.0,full,usable,2026-08-20,conditional,73.14,100.0,,,57.0,82.0,62.0,100.0,2.2.0,c8f1bf1665a8c5dfb834c0571e7dd5f6b6e5ccd00eab00295338bd42cfde549b
EVEX,"Eve Holding, Inc. Common Stock",nasdaqtrader:N:EVEX,SECURITY:EVEX:nasdaqtrader:N:EVEX,,common_equity,eligible,N,,,2.54,5.06,,2892898.076984127,4.098360655737698,-10.87719298245614,-18.849840255591054,-40.37558685446009,49.80237154150197,88.01825419917549,277.0,full,usable,2026-08-20,conditional,77.0,100.0,,,67.0,95.0,45.0,100.0,2.2.0,c8f1bf1665a8c5dfb834c0571e7dd5f6b6e5ccd00eab00295338bd42cfde549b
EVGO,EVgo Inc. - Common Stock,nasdaqtrader:Q:EVGO,SECURITY:EVGO:nasdaqtrader:Q:EVGO,,common_equity,eligible,Q,,,1.45,5.01,,7129738.369126984,-8.227848101265833,-21.19565217391305,-48.58156028368794,-64.4607843137255,71.05788423153693,76.6374052938238,277.0,full,usable,2026-08-20,conditional,57.43,100.0,,,67.0,30.0,62.0,100.0,2.2.0,c8f1bf1665a8c5dfb834c0571e7dd5f6b6e5ccd00eab00295338bd42cfde549b
EVH,"Evolent Health, Inc Class A Common Stock",nasdaqtrader:N:EVH,NAMECLASS:EVOLENT HEALTH INC,,common_equity,eligible,N,,,4.7,9.99,,13892721.037936507,-15.619389587073606,21.761658031088093,69.67509025270759,-47.77777777777777,52.95295295295295,108.1636923055901,277.0,full,usable,2026-08-20,conditional,65.43,100.0,,,45.0,70.0,62.0,100.0,2.2.0,c8f1bf1665a8c5dfb834c0571e7dd5f6b6e5ccd00eab00295338bd42cfde549b
EVI,"EVI Industries, Inc.  Common Stock",nasdaqtrader:A:EVI,SECURITY:EVI:nasdaqtrader:A:EVI,,common_equity,eligible,A,,,15.19,34.36,,1339783.492063492,5.486111111111103,-17.490494296577953,-18.464841653247444,-37.386644682605116,55.79161816065192,56.36465102080215,277.0,full,usable,2026-08-20,rejected,58.43,100.0,,,67.0,70.0,0.0,100.0,2.2.0,c8f1bf1665a8c5dfb834c0571e7dd5f6b6e5ccd00eab00295338bd42cfde549b
EVLV,"Evolv Technologies Holdings, Inc. - Class A Common Stock",nasdaqtrader:Q:EVLV,NAMECLASS:EVOLV TECHNOLOGIES HOLDINGS INC,,common_equity,eligible,Q,,,5.4,8.76,,13110383.590158729,0.746268656716409,-8.31918505942274,-0.5524861878452914,-31.428571428571427,38.35616438356164,45.58523304338459,277.0,full,usable,2026-08-20,conditional,80.64,100.0,,,67.0,95.0,62.0,100.0,2.2.0,c8f1bf1665a8c5dfb834c0571e7dd5f6b6e5ccd00eab00295338bd42cfde549b
EVMN,"Evommune, Inc. Common Stock",nasdaqtrader:N:EVMN,SECURITY:EVMN:nasdaqtrader:N:EVMN,,common_equity,eligible,N,,,13.57,31.57,,12608216.265714286,19.03508771929825,-39.09335727109515,-52.76714235990254,,57.01615457713019,73.6277838619295,197.0,limited_but_usable,usable,2026-08-20,conditional,66.57,100.0,,,49.0,70.0,62.0,100.0,2.2.0,c8f1bf1665a8c5dfb834c0571e7dd5f6b6e5ccd00eab00295338bd42cfde549b
EVO,Evotec SE - American Depositary Shares each representing 1/2 of one ordinary share,nasdaqtrader:Q:EVO,SECURITY:EVO:nasdaqtrader:Q:EVO,,adr,eligible,Q,,,1.95,4.15,,121235.47722222221,0.0,-31.338028169014088,-45.3781512605042,-45.98337950138504,53.01204819277109,66.92782707290064,277.0,full,usable,2026-08-20,rejected,58.43,100.0,,,67.0,70.0,0.0,100.0,2.2.0,c8f1bf1665a8c5dfb834c0571e7dd5f6b6e5ccd00eab00295338bd42cfde549b
EVR,Evercore Inc. Class A Common Stock,nasdaqtrader:N:EVR,NAMECLASS:EVERCORE INC,,common_equity,eligible,N,,,287.09,383.12,,151929077.92507938,-14.296375903039005,-14.948896459783745,-12.169975831370284,-4.883543716661698,25.06525370641053,44.34095800435012,277.0,full,usable,2026-08-20,conditional,87.71,100.0,,,73.0,92.0,92.0,100.0,2.2.0,c8f1bf1665a8c5dfb834c0571e7dd5f6b6e5ccd00eab00295338bd42cfde549b
EVRG,"Evergy, Inc. - Common Stock",nasdaqtrader:Q:EVRG,SECURITY:EVRG:nasdaqtrader:Q:EVRG,,common_equity,eligible,Q,,,83.16,88.13,,170383912.8368254,-3.9279112754159073,0.0,4.564315352697079,14.703448275862074,5.639396346306591,14.576564824786853,277.0,full,usable,2026-08-20,conditional,66.57,100.0,,,79.0,28.0,92.0,100.0,2.2.0,c8f1bf1665a8c5dfb834c0571e7dd5f6b6e5ccd00eab00295338bd42cfde549b
EVTC,"Evertec, Inc. Common Stock",nasdaqtrader:N:EVTC,SECURITY:EVTC:nasdaqtrader:N:EVTC,,common_equity,eligible,N,,,29.73,36.75,,15349057.936507937,1.5022191874359825,20.80455099553027,9.70479704797047,-19.86522911051213,19.102040816326525,40.867965131358666,277.0,full,usable,2026-08-20,conditional,74.29,100.0,,,61.0,82.0,62.0,100.0,2.2.0,c8f1bf1665a8c5dfb834c0571e7dd5f6b6e5ccd00eab00295338bd42cfde549b
EVTL,Vertical Aerospace Ltd. Ordinary Shares,nasdaqtrader:N:EVTL,SECURITY:EVTL:nasdaqtrader:N:EVTL,,common_equity,eligible,N,,,0.7499,7.28,,6486093.690593651,-53.99386503067485,-68.49159663865547,-83.69782608695651,-84.31171548117155,89.69917582417582,141.15295125269864,277.0,full,usable,2026-08-20,conditional,41.14,100.0,,,10.0,30.0,62.0,100.0,2.2.0,c8f1bf1665a8c5dfb834c0571e7dd5f6b6e5ccd00eab00295338bd42cfde549b
EW,Edwards Lifesciences Corporation Common Stock,nasdaqtrader:N:EW,SECURITY:EW:nasdaqtrader:N:EW,,common_equity,eligible,N,,,89.83,95.18,,419336870.6625397,6.471494607087824,8.268048692298425,13.82412569690825,13.809704801723033,5.620928766547606,24.13420685801068,277.0,full,usable,2026-08-20,conditional,63.14,100.0,,,67.0,28.0,92.0,100.0,2.2.0,c8f1bf1665a8c5dfb834c0571e7dd5f6b6e5ccd00eab00295338bd42cfde549b
EWBC,"East West Bancorp, Inc. - Common Stock",nasdaqtrader:Q:EWBC,SECURITY:EWBC:nasdaqtrader:Q:EWBC,,common_equity,eligible,Q,,,129.89,136.6,,110992451.85650794,-1.2993920972644402,5.353232216724768,8.368096112130807,28.324441809918977,4.912152269399717,17.564669717287433,277.0,full,usable,2026-08-20,conditional,59.0,100.0,,,75.0,10.0,92.0,100.0,2.2.0,c8f1bf1665a8c5dfb834c0571e7dd5f6b6e5ccd00eab00295338bd42cfde549b
EWTX,"Edgewise Therapeutics, Inc. - Common Stock",nasdaqtrader:Q:EWTX,SECURITY:EWTX:nasdaqtrader:Q:EWTX,,common_equity,eligible,Q,,,43.29,48.35,,57091417.94761905,12.940255674406465,31.901279707495434,46.69603524229073,213.69565217391303,10.46535677352638,75.30966944412208,277.0,full,usable,2026-08-20,conditional,81.57,100.0,,,73.0,82.0,80.0,100.0,2.2.0,c8f1bf1665a8c5dfb834c0571e7dd5f6b6e5ccd00eab00295338bd42cfde549b
EXC,Exelon Corporation - Common Stock,nasdaqtrader:Q:EXC,SECURITY:EXC:nasdaqtrader:Q:EXC,,common_equity,eligible,Q,,,45.06,50.29,,391817459.2603175,-3.511777301927199,0.4234455092489542,-4.856418918918914,0.7152436298614173,10.39968184529727,19.021569332298228,277.0,full,usable,2026-08-20,conditional,85.86,100.0,,,79.0,82.0,92.0,100.0,2.2.0,c8f1bf1665a8c5dfb834c0571e7dd5f6b6e5ccd00eab00295338bd42cfde549b
EXE,Expand Energy Corporation - Common Stock,nasdaqtrader:Q:EXE,SECURITY:EXE:nasdaqtrader:Q:EXE,,common_equity,eligible,Q,,,96.07,122.89,,327165418.202619,3.1125898894493798,-2.812341932220541,-7.491574386133848,3.2455668995163833,21.824395801122964,31.011218144657665,277.0,full,usable,2026-08-20,conditional,89.43,100.0,,,79.0,92.0,92.0,100.0,2.2.0,c8f1bf1665a8c5dfb834c0571e7dd5f6b6e5ccd00eab00295338bd42cfde549b
EXEL,"Exelixis, Inc. - Common Stock",nasdaqtrader:Q:EXEL,SECURITY:EXEL:nasdaqtrader:Q:EXEL,,common_equity,eligible,Q,,,53.695,57.1,,139808567.92341268,-2.337213532193516,7.605210420841679,21.591938405797116,43.110341151385924,5.963222416812608,39.355896986538674,277.0,full,usable,2026-08-20,conditional,62.57,100.0,,,65.0,28.0,92.0,100.0,2.2.0,c8f1bf1665a8c5dfb834c0571e7dd5f6b6e5ccd00eab00295338bd42cfde549b
EXFY,"Expensify, Inc. - Class A Common Stock",nasdaqtrader:Q:EXFY,NAMECLASS:EXPENSIFY INC,,common_equity,eligible,Q,,,2.5,2.69,,2630980.4236507937,42.85714285714286,119.2982456140351,93.79844961240309,42.85714285714286,7.063197026022305,104.28922850551584,277.0,full,usable,2026-08-20,conditional,52.5,100.0,,,65.0,28.0,45.0,100.0,2.2.0,c8f1bf1665a8c5dfb834c0571e7dd5f6b6e5ccd00eab00295338bd42cfde549b
EXK,Endeavour Silver Corporation Ordinary Shares (Canada),nasdaqtrader:N:EXK,SECURITY:EXK:nasdaqtrader:N:EXK,,common_equity,eligible,N,,,10.97,14.12,,60965619.723809525,31.5347721822542,17.200854700854705,-9.56306677658697,106.59133709981172,22.308781869688378,75.46376616872196,277.0,full,usable,2026-08-20,conditional,88.0,100.0,,,83.0,92.0,80.0,100.0,2.2.0,c8f1bf1665a8c5dfb834c0571e7dd5f6b6e5ccd00eab00295338bd42cfde549b
EXLS,"ExlService Holdings, Inc. - Common Stock",nasdaqtrader:Q:EXLS,SECURITY:EXLS:nasdaqtrader:Q:EXLS,,common_equity,eligible,Q,,,37.06,45.0,,77260957.49555556,38.12896011926949,25.92592592592593,21.86780664255179,-14.21296296296296,17.64444444444444,62.649258057733036,277.0,full,usable,2026-08-20,conditional,75.29,100.0,,,51.0,82.0,80.0,100.0,2.2.0,c8f1bf1665a8c5dfb834c0571e7dd5f6b6e5ccd00eab00295338bd42cfde549b
EXOD,"Exodus Movement, Inc. Class A Common Stock",nasdaqtrader:A:EXOD,NAMECLASS:EXODUS MOVEMENT INC,,common_equity,eligible,A,,,7.81,32.0,,403624.40507936507,43.30275229357796,5.114401076716013,-25.047984644913633,-71.18081180811808,75.59375,131.48360895606527,277.0,full,usable,2026-08-20,rejected,35.0,100.0,,,35.0,30.0,0.0,100.0,2.2.0,c8f1bf1665a8c5dfb834c0571e7dd5f6b6e5ccd00eab00295338bd42cfde549b
EXOZ,eXoZymes Inc. - Common Stock,nasdaqtrader:Q:EXOZ,SECURITY:EXOZ:nasdaqtrader:Q:EXOZ,,common_equity,eligible,Q,,,7.04,16.5,,69849.65537142857,37.23196881091619,-25.106382978723406,-26.857142857142858,-28.016359918200408,57.33333333333333,99.79749734974398,277.0,full,usable,2026-08-20,rejected,58.43,100.0,,,67.0,70.0,0.0,100.0,2.2.0,c8f1bf1665a8c5dfb834c0571e7dd5f6b6e5ccd00eab00295338bd42cfde549b
EXP,Eagle Materials Inc Common Stock,nasdaqtrader:N:EXP,SECURITY:EXP:nasdaqtrader:N:EXP,,common_equity,eligible,N,,,202.92,242.26,,97548758.48873016,-0.22127157397847652,1.3333333333333197,-13.430034129692835,-12.98083108195035,16.23875175431355,37.84350815253028,277.0,full,usable,2026-08-20,conditional,81.57,100.0,,,73.0,82.0,80.0,100.0,2.2.0,c8f1bf1665a8c5dfb834c0571e7dd5f6b6e5ccd00eab00295338bd42cfde549b
EXPD,"Expeditors International of Washington, Inc. Common Stock",nasdaqtrader:N:EXPD,SECURITY:EXPD:nasdaqtrader:N:EXPD,,common_equity,eligible,N,,,186.4,188.27,,210955007.065873,5.0436742744435215,17.661911374826424,23.68944923689451,53.54200988467874,0.9932543687257711,28.91026563760076,277.0,full,usable,2026-08-20,conditional,58.43,100.0,,,73.0,10.0,92.0,100.0,2.2.0,c8f1bf1665a8c5dfb834c0571e7dd5f6b6e5ccd00eab00295338bd42cfde549b
EXPE,"Expedia Group, Inc. - Common Stock",nasdaqtrader:Q:EXPE,SECURITY:EXPE:nasdaqtrader:Q:EXPE,,common_equity,eligible,Q,,,324.17,332.69,,422248145.3996825,24.165006894438502,48.98203042419229,62.27973568281939,55.82099596231495,2.5609426192551576,40.56363933586564,277.0,full,usable,2026-08-20,conditional,58.43,100.0,,,73.0,10.0,92.0,100.0,2.2.0,c8f1bf1665a8c5dfb834c0571e7dd5f6b6e5ccd00eab00295338bd42cfde549b
EXPO,"Exponent, Inc. - Common Stock",nasdaqtrader:Q:EXPO,SECURITY:EXPO:nasdaqtrader:Q:EXPO,,common_equity,eligible,Q,,,69.38,79.79,,34188272.334285714,14.262187088274047,19.148205392409402,-0.984729556158126,-0.31609195402299006,13.046747712745965,31.445036707783068,277.0,full,usable,2026-08-20,conditional,78.14,100.0,,,61.0,82.0,80.0,100.0,2.2.0,c8f1bf1665a8c5dfb834c0571e7dd5f6b6e5ccd00eab00295338bd42cfde549b
EXR,Extra Space Storage Inc Common Stock,nasdaqtrader:N:EXR,SECURITY:EXR:nasdaqtrader:N:EXR,,common_equity,eligible,N,,,147.26,152.85,,170297484.13190475,1.523612547397435,3.521968365553607,0.8008761722225977,5.593001577513257,3.6571802420673927,20.90431961557279,277.0,full,usable,2026-08-20,conditional,60.14,100.0,,,79.0,10.0,92.0,100.0,2.2.0,c8f1bf1665a8c5dfb834c0571e7dd5f6b6e5ccd00eab00295338bd42cfde549b
EXTR,"Extreme Networks, Inc. - Common Stock",nasdaqtrader:Q:EXTR,SECURITY:EXTR:nasdaqtrader:Q:EXTR,,common_equity,eligible,Q,,,22.32,33.71,,58959928.54746031,-26.263627353815654,-4.940374787052814,58.974358974358985,11.655827913956983,33.78819341441709,75.75535744445465,277.0,full,usable,2026-08-20,conditional,84.0,100.0,,,69.0,92.0,80.0,100.0,2.2.0,c8f1bf1665a8c5dfb834c0571e7dd5f6b6e5ccd00eab00295338bd42cfde549b
EXYN,"Exyn Technologies, Inc. - Common Stock",nasdaqtrader:Q:EXYN,SECURITY:EXYN:nasdaqtrader:Q:EXYN,,common_equity,eligible,Q,,,1.58,6.84,,1074642.4925396827,-51.38461538461539,-71.63375224416517,,,76.90058479532163,170.16595035328936,67.0,insufficient,usable,2026-08-20,rejected,,71.43,,,,30.0,0.0,88.0,2.2.0,c8f1bf1665a8c5dfb834c0571e7dd5f6b6e5ccd00eab00295338bd42cfde549b
EYE,"National Vision Holdings, Inc. - Common Stock",nasdaqtrader:Q:EYE,SECURITY:EYE:nasdaqtrader:Q:EYE,,common_equity,eligible,Q,,,18.39,29.46,,40231652.43626984,-7.21493440968718,9.204275534441809,-32.389705882352935,-22.109275730622613,37.57637474541752,50.856704196226886,277.0,full,usable,2026-08-20,conditional,82.79,100.0,,,61.0,95.0,80.0,100.0,2.2.0,c8f1bf1665a8c5dfb834c0571e7dd5f6b6e5ccd00eab00295338bd42cfde549b
EYPT,"EyePoint, Inc. - Common Stock",nasdaqtrader:Q:EYPT,SECURITY:EYPT:nasdaqtrader:Q:EYPT,,common_equity,eligible,Q,,,5.395,18.85,,25555081.507936507,-57.38546603475514,-56.84,-63.29931972789116,-51.132246376811594,71.37931034482759,336.21046579414696,277.0,full,usable,2026-08-20,conditional,55.0,100.0,,,45.0,30.0,80.0,100.0,2.2.0,c8f1bf1665a8c5dfb834c0571e7dd5f6b6e5ccd00eab00295338bd42cfde549b
EZGO,EZGO Technologies Ltd. - Ordinary Shares,nasdaqtrader:Q:EZGO,SECURITY:EZGO:nasdaqtrader:Q:EZGO,,common_equity,eligible,Q,,,1.13,1374.38,,1119992.4365873015,3.66972477064218,-43.78109452736319,-99.53497942386831,-99.9217316017316,99.91778110857258,103.20995845427719,277.0,full,usable,2026-08-20,rejected,31.29,100.0,,,22.0,30.0,0.0,100.0,2.2.0,c8f1bf1665a8c5dfb834c0571e7dd5f6b6e5ccd00eab00295338bd42cfde549b
EZPW,"EZCORP, Inc. - Class A Non-Voting Common Stock",nasdaqtrader:Q:EZPW,SECURITY:EZPW:nasdaqtrader:Q:EZPW,,common_equity,eligible,Q,,,28.76,35.59,,31736000.531587303,-11.670761670761676,-13.58173076923077,13.810842896715481,84.71419396274888,19.19078392806969,44.99298740103004,277.0,full,usable,2026-08-20,conditional,87.86,100.0,,,95.0,82.0,80.0,100.0,2.2.0,c8f1bf1665a8c5dfb834c0571e7dd5f6b6e5ccd00eab00295338bd42cfde549b
EZRA,"Reliance Global Group, Inc. - Common Stock",nasdaqtrader:Q:EZRA,SECURITY:EZRA:nasdaqtrader:Q:EZRA,,common_equity,eligible,Q,,,2.495,43.2,,5099629.598015872,12.387387387387383,-36.02564102564102,-66.87466808284653,-93.35729499467519,94.22453703703704,152.04187488716298,277.0,full,usable,2026-08-20,conditional,48.86,100.0,,,37.0,30.0,62.0,100.0,2.2.0,c8f1bf1665a8c5dfb834c0571e7dd5f6b6e5ccd00eab00295338bd42cfde549b
F,Ford Motor Company Common Stock,nasdaqtrader:N:F,SECURITY:F:nasdaqtrader:N:F,,common_equity,eligible,N,,,13.99,17.44,,835839151.6763492,-2.9819694868238544,5.824508320726163,1.5239477503628418,20.81174438687392,19.78211009174312,30.746620773152912,277.0,full,usable,2026-08-20,conditional,86.43,100.0,,,75.0,82.0,100.0,100.0,2.2.0,c8f1bf1665a8c5dfb834c0571e7dd5f6b6e5ccd00eab00295338bd42cfde549b
FA,First Advantage Corporation - Common Stock,nasdaqtrader:Q:FA,SECURITY:FA:nasdaqtrader:Q:FA,,common_equity,eligible,Q,,,21.23,24.12,,40871575.682698414,6.362725450901796,38.939790575916234,121.14583333333333,29.21485088253195,11.981757877280263,77.81245648980712,277.0,full,usable,2026-08-20,conditional,79.29,100.0,,,65.0,82.0,80.0,100.0,2.2.0,c8f1bf1665a8c5dfb834c0571e7dd5f6b6e5ccd00eab00295338bd42cfde549b
FABC,"Fabric.AI, Inc. - Common Stock",nasdaqtrader:Q:FABC,SECURITY:FABC:nasdaqtrader:Q:FABC,,common_equity,eligible,Q,,,2.75,7.08,,2261003.9974603173,3.7735849056603765,-41.364605543710034,14.10788381742738,-56.383822363203805,61.15819209039548,68.3976738063668,277.0,full,usable,2026-08-20,conditional,68.07,100.0,,,67.0,70.0,45.0,100.0,2.2.0,c8f1bf1665a8c5dfb834c0571e7dd5f6b6e5ccd00eab00295338bd42cfde549b
FAC,Factorial Energy Inc. - Class A Common Stock,nasdaqtrader:Q:FAC,NAMECLASS:FACTORIAL ENERGY INC,,common_equity,eligible,Q,,,4.61,21.94,,4743265.034761905,-18.838028169014077,-55.67307692307693,-55.19922254616132,-53.99201596806387,78.98814949863264,150.18210239578784,277.0,full,usable,2026-08-20,conditional,47.5,100.0,,,45.0,30.0,45.0,100.0,2.2.0,c8f1bf1665a8c5dfb834c0571e7dd5f6b6e5ccd00eab00295338bd42cfde549b
FAF,First American Corporation (New) Common Stock,nasdaqtrader:N:FAF,SECURITY:FAF:nasdaqtrader:N:FAF,,common_equity,eligible,N,,,71.99,79.16,,62936624.1131746,2.084515031196821,5.619131455399051,8.190562067929053,10.95869297163996,9.057604850934819,36.53113072376372,277.0,full,usable,2026-08-20,conditional,79.86,100.0,,,67.0,82.0,80.0,100.0,2.2.0,c8f1bf1665a8c5dfb834c0571e7dd5f6b6e5ccd00eab00295338bd42cfde549b
FANG,"Diamondback Energy, Inc. - Common Stock",nasdaqtrader:Q:FANG,SECURITY:FANG:nasdaqtrader:Q:FANG,,common_equity,eligible,Q,,,211.02,213.69,,428159133.80277777,3.9404984730568415,3.27411540155631,20.776098901098905,51.85664939550949,1.2494735364312781,36.829839689057216,277.0,full,usable,2026-08-20,conditional,61.86,100.0,,,85.0,10.0,92.0,100.0,2.2.0,c8f1bf1665a8c5dfb834c0571e7dd5f6b6e5ccd00eab00295338bd42cfde549b
FAST,Fastenal Company - Common Stock,nasdaqtrader:Q:FAST,SECURITY:FAST:nasdaqtrader:Q:FAST,,common_equity,eligible,Q,,,50.66,52.38,,374651159.69666666,11.758217515993818,15.979853479853467,9.629950227223528,1.5230460921843658,3.283696067201236,24.83277765705001,277.0,full,usable,2026-08-20,conditional,56.71,100.0,,,67.0,10.0,92.0,100.0,2.2.0,c8f1bf1665a8c5dfb834c0571e7dd5f6b6e5ccd00eab00295338bd42cfde549b
FATE,"Fate Therapeutics, Inc. - Common Stock",nasdaqtrader:Q:FATE,SECURITY:FATE:nasdaqtrader:Q:FATE,,common_equity,eligible,Q,,,2.44,3.11,,8895972.692380952,-5.4263565891472965,32.6086956521739,74.28571428571429,114.03508771929825,21.543408360128613,70.99409228199376,277.0,full,usable,2026-08-20,conditional,81.29,100.0,,,73.0,92.0,62.0,100.0,2.2.0,c8f1bf1665a8c5dfb834c0571e7dd5f6b6e5ccd00eab00295338bd42cfde549b
FATN,"FatPipe, Inc. - common stock",nasdaqtrader:Q:FATN,SECURITY:FATN:nasdaqtrader:Q:FATN,,common_equity,eligible,Q,,,6.145,8.89,,1638064.8651587302,29.91543340380547,43.91100702576114,243.29608938547486,5.765920826161786,30.87739032620923,91.51561632288156,277.0,full,usable,2026-08-20,rejected,63.43,100.0,,,57.0,92.0,0.0,100.0,2.2.0,c8f1bf1665a8c5dfb834c0571e7dd5f6b6e5ccd00eab00295338bd42cfde549b
FBDT,First Breach Inc. - Common Stock,nasdaqtrader:Q:FBDT,SECURITY:FBDT:nasdaqtrader:Q:FBDT,,common_equity,eligible,Q,,,4.15,4.15,,5051454.7,,,,,0.0,,1.0,insufficient,usable,2026-08-20,recheck,,71.43,,,,10.0,62.0,64.0,2.2.0,c8f1bf1665a8c5dfb834c0571e7dd5f6b6e5ccd00eab00295338bd42cfde549b
FBIN,"Fortune Brands Innovations, Inc. Common Stock",nasdaqtrader:N:FBIN,SECURITY:FBIN:nasdaqtrader:N:FBIN,,common_equity,eligible,N,,,44.98,64.44,,124229203.83873016,-10.41625174268075,28.44089091947457,-16.857670979667294,-24.895642010352315,30.198634388578526,42.57772845198623,277.0,full,usable,2026-08-20,conditional,84.29,100.0,,,61.0,92.0,92.0,100.0,2.2.0,c8f1bf1665a8c5dfb834c0571e7dd5f6b6e5ccd00eab00295338bd42cfde549b
FBIO,"Fortress Biotech, Inc. - Common Stock",nasdaqtrader:Q:FBIO,SECURITY:FBIO:nasdaqtrader:Q:FBIO,,common_equity,eligible,Q,,,2.77,4.38,,1819822.976984127,-21.971830985915485,4.528301886792452,-20.402298850574706,26.48401826484019,36.757990867579906,75.70268676918911,277.0,full,usable,2026-08-20,rejected,73.07,100.0,,,87.0,95.0,0.0,100.0,2.2.0,c8f1bf1665a8c5dfb834c0571e7dd5f6b6e5ccd00eab00295338bd42cfde549b
FBIZ,"First Business Financial Services, Inc. - Common Stock",nasdaqtrader:Q:FBIZ,SECURITY:FBIZ:nasdaqtrader:Q:FBIZ,,common_equity,eligible,Q,,,68.71,72.2,,3608136.6472222223,3.885697006350153,21.84784536265294,20.501578393546115,38.86418755052545,4.833795013850429,24.187179123505732,277.0,full,usable,2026-08-20,conditional,46.07,100.0,,,65.0,10.0,45.0,100.0,2.2.0,c8f1bf1665a8c5dfb834c0571e7dd5f6b6e5ccd00eab00295338bd42cfde549b
FBK,FB Financial Corporation Common Stock,nasdaqtrader:N:FBK,SECURITY:FBK:nasdaqtrader:N:FBK,,common_equity,eligible,N,,,58.54,62.08,,21367240.59095238,-0.5943284088979484,11.01839560022757,0.10259917920656392,14.626982572939106,5.7023195876288675,19.88795881012278,277.0,full,usable,2026-08-20,conditional,56.71,100.0,,,67.0,28.0,62.0,100.0,2.2.0,c8f1bf1665a8c5dfb834c0571e7dd5f6b6e5ccd00eab00295338bd42cfde549b
FBLA,"FB Bancorp, Inc. - Common Stock",nasdaqtrader:Q:FBLA,SECURITY:FBLA:nasdaqtrader:Q:FBLA,,common_equity,eligible,Q,,,15.6,15.86,,1227791.0707142856,0.5154639175257714,11.667859699355754,17.913832199546476,34.48275862068966,1.6393442622950838,13.389736881365652,277.0,full,usable,2026-08-20,rejected,36.43,100.0,,,65.0,10.0,0.0,100.0,2.2.0,c8f1bf1665a8c5dfb834c0571e7dd5f6b6e5ccd00eab00295338bd42cfde549b
FBNC,First Bancorp - Common Stock,nasdaqtrader:Q:FBNC,SECURITY:FBNC:nasdaqtrader:Q:FBNC,,common_equity,eligible,Q,,,64.235,66.34,,15644358.485238096,2.5954320396102792,8.431802835921665,4.9763033175355575,23.29174664107485,3.1730479348809237,22.415253009330723,277.0,full,usable,2026-08-20,conditional,52.57,100.0,,,75.0,10.0,62.0,100.0,2.2.0,c8f1bf1665a8c5dfb834c0571e7dd5f6b6e5ccd00eab00295338bd42cfde549b
FBP,First BanCorp. New Common Stock,nasdaqtrader:N:FBP,SECURITY:FBP:nasdaqtrader:N:FBP,,common_equity,eligible,N,,,28.22,29.7,,41124792.66634921,-2.2176022176022214,16.949854952341493,25.088652482269502,32.23992502343018,4.98316498316499,21.22253219774484,277.0,full,usable,2026-08-20,conditional,53.57,100.0,,,65.0,10.0,80.0,100.0,2.2.0,c8f1bf1665a8c5dfb834c0571e7dd5f6b6e5ccd00eab00295338bd42cfde549b
FBRT,"Franklin BSP Realty Trust, Inc. Common Stock",nasdaqtrader:N:FBRT,SECURITY:FBRT:nasdaqtrader:N:FBRT,,common_equity,eligible,N,,,8.07,11.67,,10037283.445238095,2.6717557251908497,-7.027649769585242,-9.121621621621623,-27.558348294434477,30.848329048843183,28.457766110617204,277.0,full,usable,2026-08-20,conditional,79.57,100.0,,,67.0,92.0,62.0,100.0,2.2.0,c8f1bf1665a8c5dfb834c0571e7dd5f6b6e5ccd00eab00295338bd42cfde549b
FBRX,"Forte Biosciences, Inc.  - Common Stock",nasdaqtrader:Q:FBRX,SECURITY:FBRX:nasdaqtrader:Q:FBRX,,common_equity,eligible,Q,,,76.89,76.98,,78474811.65912698,35.776090411442695,278.5819793205318,159.15065722952474,554.3829787234043,0.11691348402183,118.34967189543177,277.0,full,usable,2026-08-20,conditional,55.86,100.0,,,73.0,10.0,80.0,100.0,2.2.0,c8f1bf1665a8c5dfb834c0571e7dd5f6b6e5ccd00eab00295338bd42cfde549b
FBYD,"Falcon's Beyond Global, Inc. - Class A Common Stock",nasdaqtrader:Q:FBYD,NAMECLASS:FALCON S BEYOND GLOBAL INC,,common_equity,eligible,Q,,,10.65,20.8,,1973000.1324603173,1.6221374045801484,-23.81974248927039,138.25503355704697,67.98107255520505,48.79807692307693,95.79341917145186,277.0,full,usable,2026-08-20,rejected,72.5,100.0,,,85.0,95.0,0.0,100.0,2.2.0,c8f1bf1665a8c5dfb834c0571e7dd5f6b6e5ccd00eab00295338bd42cfde549b
FC,Franklin Covey Company Common Stock,nasdaqtrader:N:FC,SECURITY:FC:nasdaqtrader:N:FC,,common_equity,eligible,N,,,20.01,25.55,,2179755.421269841,-6.407857811038342,-9.210526315789458,23.671199011124866,1.987767584097866,21.682974559686883,40.38887371317993,277.0,full,usable,2026-08-20,conditional,76.5,100.0,,,69.0,92.0,45.0,100.0,2.2.0,c8f1bf1665a8c5dfb834c0571e7dd5f6b6e5ccd00eab00295338bd42cfde549b
FCAP,"First Capital, Inc. - Common Stock",nasdaqtrader:Q:FCAP,SECURITY:FCAP:nasdaqtrader:Q:FCAP,,common_equity,eligible,Q,,,62.6,69.7,,729326.111031746,5.210084033613449,14.547118023787743,19.46564885496185,71.5068493150685,10.186513629842187,27.2007928909317,277.0,full,usable,2026-08-20,rejected,64.43,100.0,,,73.0,82.0,0.0,100.0,2.2.0,c8f1bf1665a8c5dfb834c0571e7dd5f6b6e5ccd00eab00295338bd42cfde549b
FCBC,"First Community Bankshares, Inc. - Common Stock",nasdaqtrader:Q:FCBC,SECURITY:FCBC:nasdaqtrader:Q:FCBC,,common_equity,eligible,Q,,,49.02,49.52,,4137918.372777778,4.497974845448738,15.749704840613932,24.00708322792815,35.48922056384745,1.0096930533117887,22.900298755274452,277.0,full,usable,2026-08-20,conditional,46.07,100.0,,,65.0,10.0,45.0,100.0,2.2.0,c8f1bf1665a8c5dfb834c0571e7dd5f6b6e5ccd00eab00295338bd42cfde549b
FCBM,"First Carolina Financial Services, Inc. Common Stock",nasdaqtrader:N:FCBM,SECURITY:FCBM:nasdaqtrader:N:FCBM,,common_equity,eligible,N,,,12.49,13.24,,1315105.2847727274,-2.1159874608150386,,,,5.664652567975825,12.094101523409138,44.0,insufficient,usable,2026-08-20,rejected,,71.43,,,,28.0,0.0,76.0,2.2.0,c8f1bf1665a8c5dfb834c0571e7dd5f6b6e5ccd00eab00295338bd42cfde549b
FCCO,First Community Corporation - Common Stock,nasdaqtrader:Q:FCCO,SECURITY:FCCO:nasdaqtrader:Q:FCCO,,common_equity,eligible,Q,,,33.96,35.01,,2688924.8035714286,4.524469067405357,13.23774591530511,11.380780583797968,29.32216298552932,2.999143101970858,20.156259037209274,277.0,full,usable,2026-08-20,conditional,48.93,100.0,,,75.0,10.0,45.0,100.0,2.2.0,c8f1bf1665a8c5dfb834c0571e7dd5f6b6e5ccd00eab00295338bd42cfde549b
FCEL,"FuelCell Energy, Inc. - Common Stock",nasdaqtrader:Q:FCEL,SECURITY:FCEL:nasdaqtrader:Q:FCEL,,common_equity,eligible,Q,,,18.36,36.01,,262472878.87984127,-18.291054739652868,-9.198813056379818,136.90322580645162,354.45544554455444,49.014162732574285,142.3069665281013,277.0,full,usable,2026-08-20,conditional,92.21,100.0,,,85.0,95.0,92.0,100.0,2.2.0,c8f1bf1665a8c5dfb834c0571e7dd5f6b6e5ccd00eab00295338bd42cfde549b
FCF,First Commonwealth Financial Corporation Common Stock,nasdaqtrader:N:FCF,SECURITY:FCF:nasdaqtrader:N:FCF,,common_equity,eligible,N,,,21.25,21.95,,16029949.395238094,2.01632261161786,13.636363636363647,16.310892172961132,26.9414575866189,3.1890660592255093,17.17044173544366,277.0,full,usable,2026-08-20,conditional,49.71,100.0,,,65.0,10.0,62.0,100.0,2.2.0,c8f1bf1665a8c5dfb834c0571e7dd5f6b6e5ccd00eab00295338bd42cfde549b
FCFS,"FirstCash Holdings, Inc. - Common Stock",nasdaqtrader:Q:FCFS,SECURITY:FCFS:nasdaqtrader:Q:FCFS,,common_equity,eligible,Q,,,205.91,233.0,,96202605.77571428,-1.3557535690332578,-9.118594694796311,12.457673402512292,49.61127661120395,11.626609442060087,36.83079945026677,277.0,full,usable,2026-08-20,conditional,85.57,100.0,,,87.0,82.0,80.0,100.0,2.2.0,c8f1bf1665a8c5dfb834c0571e7dd5f6b6e5ccd00eab00295338bd42cfde549b
FCN,"FTI Consulting, Inc. Common Stock",nasdaqtrader:N:FCN,SECURITY:FCN:nasdaqtrader:N:FCN,,common_equity,eligible,N,,,153.49,187.03,,70290410.35031745,-1.9295891636317064,-0.6279943027320933,-5.393244575936884,-9.23122412773506,17.932951932844997,28.395200139242892,277.0,full,usable,2026-08-20,conditional,81.57,100.0,,,73.0,82.0,80.0,100.0,2.2.0,c8f1bf1665a8c5dfb834c0571e7dd5f6b6e5ccd00eab00295338bd42cfde549b
FCNCA,"First Citizens BancShares, Inc. - Class A Common Stock",nasdaqtrader:Q:FCNCA,NAMECLASS:FIRST CITIZENS BANCSHARES INC,,common_equity,eligible,Q,,,2151.23,2291.33,,163652216.25365078,3.54548823866343,9.046163516274074,5.179191316677256,13.13807575391024,6.114352799465806,30.522262187607748,277.0,full,usable,2026-08-20,conditional,63.14,100.0,,,67.0,28.0,92.0,100.0,2.2.0,c8f1bf1665a8c5dfb834c0571e7dd5f6b6e5ccd00eab00295338bd42cfde549b
FCPT,"Four Corners Property Trust, Inc. Common Stock",nasdaqtrader:N:FCPT,SECURITY:FCPT:nasdaqtrader:N:FCPT,,common_equity,eligible,N,,,25.38,26.49,,20288580.32888889,-3.534777651083243,1.4794082367053152,1.3173652694610682,-1.0911925175370318,4.190260475651186,21.931346156546986,277.0,full,usable,2026-08-20,conditional,52.0,100.0,,,73.0,10.0,62.0,100.0,2.2.0,c8f1bf1665a8c5dfb834c0571e7dd5f6b6e5ccd00eab00295338bd42cfde549b
FCUV,Focus Universal Inc. - Common Stock,nasdaqtrader:Q:FCUV,SECURITY:FCUV:nasdaqtrader:Q:FCUV,,common_equity,eligible,Q,,,8.78,195.2,,29400086.645015873,262.80991735537185,183.9586028460543,-63.29431438127091,-88.85786802030456,95.50204918032786,570.0117490399366,277.0,full,usable,2026-08-20,conditional,49.29,100.0,,,25.0,30.0,80.0,100.0,2.2.0,c8f1bf1665a8c5dfb834c0571e7dd5f6b6e5ccd00eab00295338bd42cfde549b
FCX,"Freeport-McMoRan, Inc. Common Stock",nasdaqtrader:N:FCX,SECURITY:FCX:nasdaqtrader:N:FCX,,common_equity,eligible,N,,,71.22,71.72,,900618472.0653969,9.569230769230774,17.00344997535732,13.824516541473542,71.78002894356005,0.6971556051310612,46.440953442296674,277.0,full,usable,2026-08-20,conditional,63.0,100.0,,,83.0,10.0,100.0,100.0,2.2.0,c8f1bf1665a8c5dfb834c0571e7dd5f6b6e5ccd00eab00295338bd42cfde549b
FDBC,"Fidelity D & D Bancorp, Inc. - Common Stock",nasdaqtrader:Q:FDBC,SECURITY:FDBC:nasdaqtrader:Q:FDBC,,common_equity,eligible,Q,,,54.33,55.74,,665368.3984126984,5.803310613437196,19.8279664755183,20.17252820172528,29.542203147353362,2.5296017222820266,23.979563663790472,277.0,full,usable,2026-08-20,rejected,36.43,100.0,,,65.0,10.0,0.0,100.0,2.2.0,c8f1bf1665a8c5dfb834c0571e7dd5f6b6e5ccd00eab00295338bd42cfde549b
FDMT,"4D Molecular Therapeutics, Inc. - Common Stock",nasdaqtrader:Q:FDMT,SECURITY:FDMT:nasdaqtrader:Q:FDMT,,common_equity,eligible,Q,,,16.1,16.76,,10893349.976904761,46.897810218978094,90.08264462809919,75.5725190839695,145.05327245053272,3.9379474940334114,85.548628231729,277.0,full,usable,2026-08-20,conditional,52.0,100.0,,,73.0,10.0,62.0,100.0,2.2.0,c8f1bf1665a8c5dfb834c0571e7dd5f6b6e5ccd00eab00295338bd42cfde549b
FDS,FactSet Research Systems Inc. Common Stock,nasdaqtrader:N:FDS,SECURITY:FDS:nasdaqtrader:N:FDS,,common_equity,eligible,N,,,300.06,387.64,,234528678.2515873,22.36858203172791,34.14699570815449,50.874899436846356,-19.7914995990377,22.593127644205957,50.060186578091894,277.0,full,usable,2026-08-20,conditional,81.43,100.0,,,51.0,92.0,92.0,100.0,2.2.0,c8f1bf1665a8c5dfb834c0571e7dd5f6b6e5ccd00eab00295338bd42cfde549b
FDSB,"Fifth District Bancorp, Inc. - Common Stock",nasdaqtrader:Q:FDSB,SECURITY:FDSB:nasdaqtrader:Q:FDSB,,common_equity,eligible,Q,,,17.93,18.45,,157564.56183333334,5.470588235294116,18.89920424403182,21.066846725185684,33.507073715562186,2.8184281842818404,17.979348140480816,277.0,full,usable,2026-08-20,rejected,36.43,100.0,,,65.0,10.0,0.0,100.0,2.2.0,c8f1bf1665a8c5dfb834c0571e7dd5f6b6e5ccd00eab00295338bd42cfde549b
FDX,FedEx Corporation Common Stock,nasdaqtrader:N:FDX,SECURITY:FDX:nasdaqtrader:N:FDX,,common_equity,eligible,N,,,326.04,411.78,,616904508.546508,1.56376549747681,-15.717092337917471,-14.903168554575341,39.85330073349633,20.821798047501083,22.92999968156427,277.0,full,usable,2026-08-20,conditional,93.43,100.0,,,87.0,92.0,100.0,100.0,2.2.0,c8f1bf1665a8c5dfb834c0571e7dd5f6b6e5ccd00eab00295338bd42cfde549b
FDXF,"FedEx Freight Holding Company, Inc. Common Stock",nasdaqtrader:N:FDXF,SECURITY:FDXF:nasdaqtrader:N:FDXF,,common_equity,eligible,N,,,136.4,188.46,,282003369.96982455,-8.652558264130716,,,,27.623898970603843,48.59138393333623,57.0,insufficient,usable,2026-08-20,recheck,,71.43,,,,92.0,92.0,76.0,2.2.0,c8f1bf1665a8c5dfb834c0571e7dd5f6b6e5ccd00eab00295338bd42cfde549b
FE,FirstEnergy Corp. Common Stock,nasdaqtrader:N:FE,SECURITY:FE:nasdaqtrader:N:FE,,common_equity,eligible,N,,,47.18,51.91,,211486449.78904763,-4.358402594769917,3.829225352112675,-4.821464595521485,8.659603869184696,9.11192448468503,14.19910493621078,277.0,full,usable,2026-08-20,conditional,85.86,100.0,,,79.0,82.0,92.0,100.0,2.2.0,c8f1bf1665a8c5dfb834c0571e7dd5f6b6e5ccd00eab00295338bd42cfde549b
FEAM,"5E Advanced Materials, Inc. - Common Stock",nasdaqtrader:Q:FEAM,SECURITY:FEAM:nasdaqtrader:Q:FEAM,,common_equity,eligible,Q,,,1.56,7.035,,875717.7012698413,40.540540540540526,-17.460317460317455,-11.363636363636365,-65.17857142857143,77.82515991471215,138.02227868191088,277.0,full,usable,2026-08-20,rejected,44.14,100.0,,,67.0,30.0,0.0,100.0,2.2.0,c8f1bf1665a8c5dfb834c0571e7dd5f6b6e5ccd00eab00295338bd42cfde549b
FEDU,"Four Seasons Education (Cayman) Inc. American Depositary Shares, each ADS representing 10 ordinary shares",nasdaqtrader:N:FEDU,SECURITY:FEDU:nasdaqtrader:N:FEDU,,adr,eligible,N,,,9.8,15.82,,9324.003966666665,28.947368421052655,-4.900533721494416,-6.488549618320604,-35.94771241830065,38.053097345132734,100.49754757210351,277.0,full,usable,2026-08-20,rejected,67.36,100.0,,,67.0,95.0,0.0,100.0,2.2.0,c8f1bf1665a8c5dfb834c0571e7dd5f6b6e5ccd00eab00295338bd42cfde549b
FEIM,"Frequency Electronics, Inc. - Common Stock",nasdaqtrader:Q:FEIM,SECURITY:FEIM:nasdaqtrader:Q:FEIM,,common_equity,eligible,Q,,,65.54,79.845,,19198942.17769841,-9.462632960353634,10.040295500335805,29.885057471264375,143.19109461966607,17.915962176717382,116.93125863649902,277.0,full,usable,2026-08-20,conditional,77.71,100.0,,,73.0,82.0,62.0,100.0,2.2.0,c8f1bf1665a8c5dfb834c0571e7dd5f6b6e5ccd00eab00295338bd42cfde549b
FELE,"Franklin Electric Co., Inc. - Common Stock",nasdaqtrader:Q:FELE,SECURITY:FELE:nasdaqtrader:Q:FELE,,common_equity,eligible,Q,,,103.26,110.05,,30961552.05246032,-1.3470908569790718,6.343975283213199,9.027557808045628,5.723354151735438,6.169922762380731,27.751471234195503,277.0,full,usable,2026-08-20,conditional,60.57,100.0,,,67.0,28.0,80.0,100.0,2.2.0,c8f1bf1665a8c5dfb834c0571e7dd5f6b6e5ccd00eab00295338bd42cfde549b
FEMY,Femasys Inc. - Common Stock,nasdaqtrader:Q:FEMY,SECURITY:FEMY:nasdaqtrader:Q:FEMY,,common_equity,eligible,Q,,,2.73,20.8,,2133374.850666667,-22.443181818181824,-61.13325740318907,-75.0,-79.65722801788375,86.875,137.58605183113886,277.0,full,usable,2026-08-20,conditional,41.79,100.0,,,25.0,30.0,45.0,100.0,2.2.0,c8f1bf1665a8c5dfb834c0571e7dd5f6b6e5ccd00eab00295338bd42cfde549b
FENC,Fennec Pharmaceuticals Inc. - Common Stock,nasdaqtrader:Q:FENC,SECURITY:FENC:nasdaqtrader:Q:FENC,,common_equity,eligible,Q,,,11.33,12.78,,2439262.4715079367,9.786821705426352,16.205128205128204,29.043280182232365,43.23640960809103,11.345852895148667,73.18039908563435,277.0,full,usable,2026-08-20,conditional,71.79,100.0,,,65.0,82.0,45.0,100.0,2.2.0,c8f1bf1665a8c5dfb834c0571e7dd5f6b6e5ccd00eab00295338bd42cfde549b
FENG,"Phoenix New Media Limited American Depositary Shares, each representing 48 Class A ordinary shares.",nasdaqtrader:N:FENG,SECURITY:FENG:nasdaqtrader:N:FENG,,adr,eligible,N,,,1.47,3.13,,27267.377074603177,3.5211267605633756,-13.529411764705879,-14.035087719298245,-34.375000000000014,53.03514376996805,39.94598566021671,277.0,full,usable,2026-08-20,rejected,58.43,100.0,,,67.0,70.0,0.0,100.0,2.2.0,c8f1bf1665a8c5dfb834c0571e7dd5f6b6e5ccd00eab00295338bd42cfde549b
FER,Ferrovial N.V. - Ordinary Shares,nasdaqtrader:Q:FER,SECURITY:FER:nasdaqtrader:Q:FER,,common_equity,eligible,Q,,,63.16,74.38,,104241825.83952382,-1.4971927635683224,-6.304702566384812,-11.73840134153159,15.635298425485168,15.084700188222644,21.346547746773744,277.0,full,usable,2026-08-20,conditional,88.14,100.0,,,87.0,82.0,92.0,100.0,2.2.0,c8f1bf1665a8c5dfb834c0571e7dd5f6b6e5ccd00eab00295338bd42cfde549b
FERG,Ferguson Enterprises Inc. Common Stock,nasdaqtrader:N:FERG,SECURITY:FERG:nasdaqtrader:N:FERG,,common_equity,eligible,N,,,239.44,267.71,,564946098.3014286,4.272089883726005,6.097128677773833,-7.136208501396202,3.038127205439367,10.559934257218629,33.85982461282164,277.0,full,usable,2026-08-20,conditional,84.14,100.0,,,67.0,82.0,100.0,100.0,2.2.0,c8f1bf1665a8c5dfb834c0571e7dd5f6b6e5ccd00eab00295338bd42cfde549b
FET,"Forum Energy Technologies, Inc. Common Stock",nasdaqtrader:N:FET,SECURITY:FET:nasdaqtrader:N:FET,,common_equity,eligible,N,,,78.6,86.31,,11078967.526984127,35.962636222106894,37.894736842105246,48.21798981708465,234.18367346938774,8.932916232186317,80.74407273058524,277.0,full,usable,2026-08-20,conditional,77.71,100.0,,,73.0,82.0,62.0,100.0,2.2.0,c8f1bf1665a8c5dfb834c0571e7dd5f6b6e5ccd00eab00295338bd42cfde549b
FF,FutureFuel Corp.  Common shares,nasdaqtrader:N:FF,SECURITY:FF:nasdaqtrader:N:FF,,common_equity,eligible,N,,,5.58,6.37,,1912144.4206349207,14.344262295081966,39.152119700748145,31.914893617021267,50.40431266846361,12.401883830455262,76.18183932233813,277.0,full,usable,2026-08-20,rejected,64.43,100.0,,,73.0,82.0,0.0,100.0,2.2.0,c8f1bf1665a8c5dfb834c0571e7dd5f6b6e5ccd00eab00295338bd42cfde549b
FFAI,Faraday Future Intelligent Electric Inc. - Class A Common Stock,nasdaqtrader:Q:FFAI,NAMECLASS:FARADAY FUTURE INTELLIGENT ELECTRIC INC,,common_equity,eligible,Q,,,3.24,369.0,,6254107.758730159,-72.7502102607233,-93.4965877157768,-95.57920589439213,-99.13426853707415,99.1219512195122,222.8503097438175,277.0,full,usable,2026-08-20,conditional,38.29,100.0,,,0.0,30.0,62.0,100.0,2.2.0,c8f1bf1665a8c5dfb834c0571e7dd5f6b6e5ccd00eab00295338bd42cfde549b
FFBC,First Financial Bancorp. - Common Stock,nasdaqtrader:Q:FFBC,SECURITY:FFBC:nasdaqtrader:Q:FFBC,,common_equity,eligible,Q,,,32.95,36.18,,33520731.377460316,-2.9740871613663122,8.174655285620492,9.979973297730304,31.11818543573419,8.927584300718616,23.54630894798505,277.0,full,usable,2026-08-20,conditional,82.14,100.0,,,75.0,82.0,80.0,100.0,2.2.0,c8f1bf1665a8c5dfb834c0571e7dd5f6b6e5ccd00eab00295338bd42cfde549b
FFIN,"First Financial Bankshares, Inc. - Common Stock",nasdaqtrader:Q:FFIN,SECURITY:FFIN:nasdaqtrader:Q:FFIN,,common_equity,eligible,Q,,,34.23,37.98,,30267119.004761904,-1.2975778546712835,6.6355140186915795,3.413897280966749,-4.305283757338573,9.873617693522906,20.126945528970687,277.0,full,usable,2026-08-20,conditional,78.14,100.0,,,61.0,82.0,80.0,100.0,2.2.0,c8f1bf1665a8c5dfb834c0571e7dd5f6b6e5ccd00eab00295338bd42cfde549b
FFIV,"F5, Inc. - Common Stock",nasdaqtrader:Q:FFIV,SECURITY:FFIV:nasdaqtrader:Q:FFIV,,common_equity,eligible,Q,,,377.69,431.26,,263143279.2695238,-5.721275055540309,-1.2368599968620941,35.28063326050359,19.719158108279444,12.421740945137504,35.50440322536183,277.0,full,usable,2026-08-20,conditional,85.29,100.0,,,77.0,82.0,92.0,100.0,2.2.0,c8f1bf1665a8c5dfb834c0571e7dd5f6b6e5ccd00eab00295338bd42cfde549b
FG,"F&G Annuities & Life, Inc. Common Stock",nasdaqtrader:N:FG,SECURITY:FG:nasdaqtrader:N:FG,,common_equity,eligible,N,,,22.64,35.33,,18939104.77031746,-24.179504353650362,-18.794835007173592,-18.20809248554913,-33.5875623349956,35.91848287574299,46.34876096744422,277.0,full,usable,2026-08-20,conditional,80.64,100.0,,,67.0,95.0,62.0,100.0,2.2.0,c8f1bf1665a8c5dfb834c0571e7dd5f6b6e5ccd00eab00295338bd42cfde549b
FGBI,"First Guaranty Bancshares, Inc. - Common Stock",nasdaqtrader:Q:FGBI,SECURITY:FGBI:nasdaqtrader:Q:FGBI,,common_equity,eligible,Q,,,9.1,10.72,,413799.41365079366,-2.0452099031216364,2.2471910112359383,-1.4084507042253613,14.465408805031444,15.111940298507475,55.11639845440364,277.0,full,usable,2026-08-20,rejected,66.14,100.0,,,79.0,82.0,0.0,100.0,2.2.0,c8f1bf1665a8c5dfb834c0571e7dd5f6b6e5ccd00eab00295338bd42cfde549b
FGI,FGI Industries Ltd. - Ordinary Shares,nasdaqtrader:Q:FGI,SECURITY:FGI:nasdaqtrader:Q:FGI,,common_equity,eligible,Q,,,8.83,11.72,,19902302.02166667,98.87387387387385,61.72161172161172,53.56521739130435,133.59788359788362,24.65870307167236,283.85867872142734,277.0,full,usable,2026-08-20,conditional,81.29,100.0,,,73.0,92.0,62.0,100.0,2.2.0,c8f1bf1665a8c5dfb834c0571e7dd5f6b6e5ccd00eab00295338bd42cfde549b
FGL,Founder Group Limited - Class A Ordinary Shares,nasdaqtrader:Q:FGL,NAMECLASS:FOUNDER GROUP LIMITED,,common_equity,eligible,Q,,,0.2903,136.0,,2836083.225865079,-73.12037037037038,-84.30810810810812,-97.49741379310345,-99.76776000000001,99.78654411764705,183.9035690904928,277.0,full,usable,2026-08-20,conditional,34.64,100.0,,,0.0,30.0,45.0,100.0,2.2.0,c8f1bf1665a8c5dfb834c0571e7dd5f6b6e5ccd00eab00295338bd42cfde549b
FGNX,FG Nexus Inc. - Common Stock,nasdaqtrader:Q:FGNX,SECURITY:FGNX:nasdaqtrader:Q:FGNX,,common_equity,eligible,Q,,,6.79,79.5,,770665.8903174604,5.598755832037328,-6.3448275862068915,-11.009174311926607,-90.33451957295372,91.45911949685535,95.04143213491176,277.0,full,usable,2026-08-20,rejected,38.43,100.0,,,47.0,30.0,0.0,100.0,2.2.0,c8f1bf1665a8c5dfb834c0571e7dd5f6b6e5ccd00eab00295338bd42cfde549b
FHB,"First Hawaiian, Inc. - Common Stock",nasdaqtrader:Q:FHB,SECURITY:FHB:nasdaqtrader:Q:FHB,,common_equity,eligible,Q,,,26.6,30.34,,58280786.45666666,-7.670947587643173,-2.0618556701030855,1.4105985512771646,8.26210826210827,12.32696110744891,20.239398593837763,277.0,full,usable,2026-08-20,conditional,83.29,100.0,,,79.0,82.0,80.0,100.0,2.2.0,c8f1bf1665a8c5dfb834c0571e7dd5f6b6e5ccd00eab00295338bd42cfde549b
FHI,"Federated Hermes, Inc. Common Stock",nasdaqtrader:N:FHI,SECURITY:FHI:nasdaqtrader:N:FHI,,common_equity,eligible,N,,,63.13,64.96,,36971181.949999996,9.505637467476147,17.42931547619049,15.179711731435862,20.041833048108003,2.8171182266009676,26.474090530592303,277.0,full,usable,2026-08-20,conditional,53.57,100.0,,,65.0,10.0,80.0,100.0,2.2.0,c8f1bf1665a8c5dfb834c0571e7dd5f6b6e5ccd00eab00295338bd42cfde549b
FHN,First Horizon Corporation Common Stock,nasdaqtrader:N:FHN,SECURITY:FHN:nasdaqtrader:N:FHN,,common_equity,eligible,N,,,24.68,26.23,,127981516.24857143,-4.043545878693622,1.8572018159306536,-1.3589128697042319,13.627992633517504,5.909264201296227,21.933321402056727,277.0,full,usable,2026-08-20,conditional,66.57,100.0,,,79.0,28.0,92.0,100.0,2.2.0,c8f1bf1665a8c5dfb834c0571e7dd5f6b6e5ccd00eab00295338bd42cfde549b
FHTX,Foghorn Therapeutics Inc. - Common Stock,nasdaqtrader:Q:FHTX,SECURITY:FHTX:nasdaqtrader:Q:FHTX,,common_equity,eligible,Q,,,7.01,7.06,,1500172.7019047618,34.5489443378119,75.25,20.240137221269293,45.134575569358184,0.7082152974504208,78.3947443492865,277.0,full,usable,2026-08-20,rejected,36.43,100.0,,,65.0,10.0,0.0,100.0,2.2.0,c8f1bf1665a8c5dfb834c0571e7dd5f6b6e5ccd00eab00295338bd42cfde549b
FIBK,"First Interstate BancSystem, Inc. - Common Stock",nasdaqtrader:Q:FIBK,SECURITY:FIBK:nasdaqtrader:Q:FIBK,,common_equity,eligible,Q,,,37.81,40.22,,41430188.978412695,-1.5108101067986435,7.475838544627633,1.8039849219170678,25.364721485411156,5.992043759323707,19.350300243293926,277.0,full,usable,2026-08-20,conditional,62.86,100.0,,,75.0,28.0,80.0,100.0,2.2.0,c8f1bf1665a8c5dfb834c0571e7dd5f6b6e5ccd00eab00295338bd42cfde549b
FICO,Fair Isaac Corporation Common Stock,nasdaqtrader:N:FICO,SECURITY:FICO:nasdaqtrader:N:FICO,,common_equity,eligible,N,,,1149.75,1879.55,,384991371.67396826,-5.8716137113478,-6.5418661551092105,-15.005211683040965,-16.981363679030714,38.82844297837248,75.65032354152932,277.0,full,usable,2026-08-20,conditional,88.79,100.0,,,73.0,95.0,92.0,100.0,2.2.0,c8f1bf1665a8c5dfb834c0571e7dd5f6b6e5ccd00eab00295338bd42cfde549b
FIEE,"FiEE, Inc - Common Stock",nasdaqtrader:Q:FIEE,SECURITY:FIEE:nasdaqtrader:Q:FIEE,,common_equity,eligible,Q,,,4.7,7.7,,1603049.1973,28.767123287671236,-25.515055467511882,-33.33333333333333,67.16460378432213,38.961038961038966,149.15846511731357,277.0,full,usable,2026-08-20,rejected,75.36,100.0,,,95.0,95.0,0.0,100.0,2.2.0,c8f1bf1665a8c5dfb834c0571e7dd5f6b6e5ccd00eab00295338bd42cfde549b
FIG,"Figma, Inc. Class A Common Stock",nasdaqtrader:N:FIG,NAMECLASS:FIGMA INC,,common_equity,eligible,N,,,27.31,77.3,,478467942.0612699,27.200745225896593,20.947741364038986,5.607115235885529,-60.65408442587523,64.67011642949547,95.95944030275773,266.0,full,usable,2026-08-20,conditional,74.71,100.0,,,55.0,70.0,92.0,100.0,2.2.0,c8f1bf1665a8c5dfb834c0571e7dd5f6b6e5ccd00eab00295338bd42cfde549b
FIGR,"Figure Technology Solutions, Inc. - Class A Common Stock",nasdaqtrader:Q:FIGR,NAMECLASS:FIGURE TECHNOLOGY SOLUTIONS INC,,common_equity,eligible,Q,,,36.06,73.91,,119698425.04365079,20.039946737683103,-0.9340659340659196,9.505010628606136,,51.21093221485591,80.77520292435585,237.0,limited_but_usable,usable,2026-08-20,conditional,75.86,100.0,,,59.0,70.0,92.0,100.0,2.2.0,c8f1bf1665a8c5dfb834c0571e7dd5f6b6e5ccd00eab00295338bd42cfde549b
FIGS,"FIGS, Inc. Class A Common Stock",nasdaqtrader:N:FIGS,NAMECLASS:FIGS INC,,common_equity,eligible,N,,,14.41,17.12,,35149161.26777778,45.26209677419355,18.405916187345927,29.702970297029708,102.95774647887326,15.829439252336453,78.88993758890444,277.0,full,usable,2026-08-20,conditional,81.57,100.0,,,73.0,82.0,80.0,100.0,2.2.0,c8f1bf1665a8c5dfb834c0571e7dd5f6b6e5ccd00eab00295338bd42cfde549b
FINV,FinVolution Group American Depositary Shares,nasdaqtrader:N:FINV,SECURITY:FINV:nasdaqtrader:N:FINV,,adr,eligible,N,,,4.4,9.43,,3405031.1784126987,-8.14196242171189,-7.756813417190756,-23.076923076923073,-49.94311717861205,53.34040296924708,31.962010220383085,277.0,full,usable,2026-08-20,conditional,68.07,100.0,,,67.0,70.0,45.0,100.0,2.2.0,c8f1bf1665a8c5dfb834c0571e7dd5f6b6e5ccd00eab00295338bd42cfde549b
FINW,FinWise Bancorp - Common Stock,nasdaqtrader:Q:FINW,SECURITY:FINW:nasdaqtrader:Q:FINW,,common_equity,eligible,Q,,,14.24,22.49,,454266.77309523814,4.937361827560793,5.247597930524761,-17.305458768873393,-22.818428184281835,36.68297020898177,25.603456494043414,277.0,full,usable,2026-08-20,rejected,65.64,100.0,,,61.0,95.0,0.0,100.0,2.2.0,c8f1bf1665a8c5dfb834c0571e7dd5f6b6e5ccd00eab00295338bd42cfde549b
FIP,FTAI Infrastructure Inc. - Common Stock,nasdaqtrader:Q:FIP,SECURITY:FIP:nasdaqtrader:Q:FIP,,common_equity,eligible,Q,,,3.73,6.44,,4857451.215714285,-17.11111111111111,-11.820330969267145,-38.24503311258278,-16.179775280898877,42.080745341614914,83.02454781032786,277.0,full,usable,2026-08-20,conditional,78.71,100.0,,,73.0,95.0,45.0,100.0,2.2.0,c8f1bf1665a8c5dfb834c0571e7dd5f6b6e5ccd00eab00295338bd42cfde549b
FIRY,Firy Inc. Class A Common Stock,nasdaqtrader:N:FIRY,NAMECLASS:FIRY INC,,common_equity,eligible,N,,,10.24,12.45,,5414566.657301587,23.373493975903603,42.0249653259362,201.1764705882353,19.069767441860463,17.751004016064254,72.81824228889876,277.0,full,usable,2026-08-20,conditional,75.43,100.0,,,65.0,82.0,62.0,100.0,2.2.0,c8f1bf1665a8c5dfb834c0571e7dd5f6b6e5ccd00eab00295338bd42cfde549b
FIS,"Fidelity National Information Services, Inc. Common Stock",nasdaqtrader:N:FIS,SECURITY:FIS:nasdaqtrader:N:FIS,,common_equity,eligible,N,,,40.58,71.76,,261544497.79746032,0.09866798223976403,-4.94260951042399,-17.183673469387763,-41.46833982403,43.450390189520625,39.63905044936902,277.0,full,usable,2026-08-20,conditional,87.07,100.0,,,67.0,95.0,92.0,100.0,2.2.0,c8f1bf1665a8c5dfb834c0571e7dd5f6b6e5ccd00eab00295338bd42cfde549b
FISI,"Financial Institutions, Inc. - Common Stock",nasdaqtrader:Q:FISI,SECURITY:FISI:nasdaqtrader:Q:FISI,,common_equity,eligible,Q,,,40.775,42.7,,6607873.12984127,4.847004371303676,16.16809116809117,21.101871101871094,57.797987616099064,4.508196721311486,22.843647440545613,277.0,full,usable,2026-08-20,conditional,52.0,100.0,,,73.0,10.0,62.0,100.0,2.2.0,c8f1bf1665a8c5dfb834c0571e7dd5f6b6e5ccd00eab00295338bd42cfde549b
FISN,"Deep Fission, Inc. - Common Stock",nasdaqtrader:Q:FISN,SECURITY:FISN:nasdaqtrader:Q:FISN,,common_equity,eligible,Q,,,7.77,14.56,,3916256.9222727274,-32.84356093344858,,,,46.63461538461539,93.66535682824237,44.0,insufficient,usable,2026-08-20,recheck,,71.43,,,,95.0,45.0,76.0,2.2.0,c8f1bf1665a8c5dfb834c0571e7dd5f6b6e5ccd00eab00295338bd42cfde549b
FISV,"Fiserv, Inc. - Common Stock",nasdaqtrader:Q:FISV,SECURITY:FISV:nasdaqtrader:Q:FISV,,common_equity,eligible,Q,,,51.38,140.0,,424756837.57476187,2.3098367184388735,-8.916858712994136,-16.49601820250284,-63.065200201279566,63.3,40.74595273769548,277.0,full,usable,2026-08-20,conditional,78.14,100.0,,,67.0,70.0,92.0,100.0,2.2.0,c8f1bf1665a8c5dfb834c0571e7dd5f6b6e5ccd00eab00295338bd42cfde549b
FITB,Fifth Third Bancorp Common Stock,nasdaqtrader:N:FITB,SECURITY:FITB:nasdaqtrader:N:FITB,,common_equity,eligible,N,,,54.5,59.37,,371605230.8566667,-5.496792092942604,11.543184609087188,3.0245746691871522,27.336448598130847,8.202796024928416,20.417199444678918,277.0,full,usable,2026-08-20,conditional,84.71,100.0,,,75.0,82.0,92.0,100.0,2.2.0,c8f1bf1665a8c5dfb834c0571e7dd5f6b6e5ccd00eab00295338bd42cfde549b
FIVE,"Five Below, Inc. - Common Stock",nasdaqtrader:Q:FIVE,SECURITY:FIVE:nasdaqtrader:Q:FIVE,,common_equity,eligible,Q,,,236.31,247.71,,253314517.3377778,15.346317176746238,7.4771455860281,9.41797471871093,67.02714164546227,4.602155746639214,31.42808077200798,277.0,full,usable,2026-08-20,conditional,61.29,100.0,,,83.0,10.0,92.0,100.0,2.2.0,c8f1bf1665a8c5dfb834c0571e7dd5f6b6e5ccd00eab00295338bd42cfde549b
FIVN,"Five9, Inc. - Common Stock",nasdaqtrader:Q:FIVN,SECURITY:FIVN:nasdaqtrader:Q:FIVN,,common_equity,eligible,Q,,,32.3,34.48,,75096051.97920634,40.74074074074072,44.90803050695378,88.00931315483118,23.80222307397468,6.3225058004640395,84.21680346065659,277.0,full,usable,2026-08-20,conditional,60.0,100.0,,,65.0,28.0,80.0,100.0,2.2.0,c8f1bf1665a8c5dfb834c0571e7dd5f6b6e5ccd00eab00295338bd42cfde549b
FIX,"Comfort Systems USA, Inc. Common Stock",nasdaqtrader:N:FIX,SECURITY:FIX:nasdaqtrader:N:FIX,,common_equity,eligible,N,,,1672.94,2066.51,,886360112.0430158,-6.594977276026482,-8.856938943399928,21.799464150503823,144.60690421534372,19.04515342292078,60.69590087319835,277.0,full,usable,2026-08-20,conditional,89.29,100.0,,,85.0,82.0,100.0,100.0,2.2.0,c8f1bf1665a8c5dfb834c0571e7dd5f6b6e5ccd00eab00295338bd42cfde549b
FIZZ,National Beverage Corp. - Common Stock,nasdaqtrader:Q:FIZZ,SECURITY:FIZZ:nasdaqtrader:Q:FIZZ,,common_equity,eligible,Q,,,32.21,46.75,,15331233.886984127,3.5025706940873924,-8.675928551176648,-11.898249452954046,-27.53655793025872,31.101604278074866,38.86926006743064,277.0,full,usable,2026-08-20,conditional,79.57,100.0,,,67.0,92.0,62.0,100.0,2.2.0,c8f1bf1665a8c5dfb834c0571e7dd5f6b6e5ccd00eab00295338bd42cfde549b
FJET,"Starfighters Space, Inc. Common Stock",nasdaqtrader:A:FJET,SECURITY:FJET:nasdaqtrader:A:FJET,,common_equity,eligible,A,,,3.98,31.5,,12310300.213650795,6.989247311827951,-22.568093385214006,-62.90773532152842,,87.36507936507937,80.71246327232112,168.0,limited_but_usable,usable,2026-08-20,conditional,52.29,100.0,,,49.0,30.0,62.0,100.0,2.2.0,c8f1bf1665a8c5dfb834c0571e7dd5f6b6e5ccd00eab00295338bd42cfde549b
FKWL,Franklin Wireless Corp. - common stock,nasdaqtrader:Q:FKWL,SECURITY:FKWL:nasdaqtrader:Q:FKWL,,common_equity,eligible,Q,,,2.41,5.18,,69437.65103174602,1.9027484143763207,-19.12751677852349,-40.49382716049382,-39.59899749373433,53.47490347490347,24.347057095687752,277.0,full,usable,2026-08-20,rejected,58.43,100.0,,,67.0,70.0,0.0,100.0,2.2.0,c8f1bf1665a8c5dfb834c0571e7dd5f6b6e5ccd00eab00295338bd42cfde549b
FLEX,Flex Ltd. - Ordinary Shares,nasdaqtrader:Q:FLEX,SECURITY:FLEX:nasdaqtrader:Q:FLEX,,common_equity,eligible,Q,,,110.32,162.07,,871547483.5860317,-13.133858267716537,-16.119221411192232,69.43633850407002,121.65963431786216,31.93064725118776,68.6378929689988,277.0,full,usable,2026-08-20,conditional,92.86,100.0,,,85.0,92.0,100.0,100.0,2.2.0,c8f1bf1665a8c5dfb834c0571e7dd5f6b6e5ccd00eab00295338bd42cfde549b
FLG,"Flagstar Bank, N.A. Common Stock",nasdaqtrader:N:FLG,SECURITY:FLG:nasdaqtrader:N:FLG,,common_equity,eligible,N,,,13.49,15.36,,67870712.99047619,-9.341397849462375,-1.3167520117044584,0.9730538922155807,11.672185430463578,12.174479166666663,25.504606944766856,277.0,full,usable,2026-08-20,conditional,83.29,100.0,,,79.0,82.0,80.0,100.0,2.2.0,c8f1bf1665a8c5dfb834c0571e7dd5f6b6e5ccd00eab00295338bd42cfde549b
FLGT,"Fulgent Genetics, Inc. - Common Stock",nasdaqtrader:Q:FLGT,SECURITY:FLGT:nasdaqtrader:Q:FLGT,,common_equity,eligible,Q,,,19.92,30.85,,6413632.089365079,1.9969278033794113,21.389396709323584,-14.39621830683282,-7.6495132127955445,35.429497568881686,69.93578234864457,277.0,full,usable,2026-08-20,conditional,78.93,100.0,,,61.0,95.0,62.0,100.0,2.2.0,c8f1bf1665a8c5dfb834c0571e7dd5f6b6e5ccd00eab00295338bd42cfde549b
FLL,"Full House Resorts, Inc. - Common Stock",nasdaqtrader:Q:FLL,SECURITY:FLL:nasdaqtrader:Q:FLL,,common_equity,eligible,Q,,,1.97,3.79,,429492.70158730156,-16.52542372881356,-28.102189781021902,-12.444444444444446,-44.50704225352112,48.02110817941953,48.388138916372384,277.0,full,usable,2026-08-20,rejected,67.36,100.0,,,67.0,95.0,0.0,100.0,2.2.0,c8f1bf1665a8c5dfb834c0571e7dd5f6b6e5ccd00eab00295338bd42cfde549b
FLNA,"Filana Therapeutics, Inc. - Common Stock",nasdaqtrader:Q:FLNA,SECURITY:FLNA:nasdaqtrader:Q:FLNA,,common_equity,eligible,Q,,,0.9453,4.64,,416930.5690809524,-1.9703411801306636,-24.375999999999998,-56.437788018433174,-56.83561643835616,79.6271551724138,61.94827744681592,277.0,full,usable,2026-08-20,rejected,41.29,100.0,,,57.0,30.0,0.0,100.0,2.2.0,c8f1bf1665a8c5dfb834c0571e7dd5f6b6e5ccd00eab00295338bd42cfde549b
FLNC,"Fluence Energy, Inc. - Class A Common Stock",nasdaqtrader:Q:FLNC,NAMECLASS:FLUENCE ENERGY INC,,common_equity,eligible,Q,,,11.39,32.23,,191611020.6745238,-22.305593451568896,-39.86272439281942,-31.219806763285018,45.652173913043484,64.66025442134658,82.85333729531898,277.0,full,usable,2026-08-20,conditional,83.86,100.0,,,87.0,70.0,92.0,100.0,2.2.0,c8f1bf1665a8c5dfb834c0571e7dd5f6b6e5ccd00eab00295338bd42cfde549b
FLNG,FLEX LNG Ltd. Ordinary Shares,nasdaqtrader:N:FLNG,SECURITY:FLNG:nasdaqtrader:N:FLNG,,common_equity,eligible,N,,,32.06,33.27,,11860101.728412699,3.98962049951348,-2.0470516345859946,18.47745750184775,28.496993987975962,3.636910129245574,28.135825984801045,277.0,full,usable,2026-08-20,conditional,53.14,100.0,,,77.0,10.0,62.0,100.0,2.2.0,c8f1bf1665a8c5dfb834c0571e7dd5f6b6e5ccd00eab00295338bd42cfde549b
FLNT,"Fluent, Inc. - Common Stock",nasdaqtrader:Q:FLNT,SECURITY:FLNT:nasdaqtrader:Q:FLNT,,common_equity,eligible,Q,,,4.12,4.27,,267358.4026984127,18.39080459770115,48.46846846846849,31.629392971246006,80.70175438596495,3.5128805620608827,50.9866763313466,277.0,full,usable,2026-08-20,rejected,38.71,100.0,,,73.0,10.0,0.0,100.0,2.2.0,c8f1bf1665a8c5dfb834c0571e7dd5f6b6e5ccd00eab00295338bd42cfde549b
FLO,"Flowers Foods, Inc. Common Stock",nasdaqtrader:N:FLO,SECURITY:FLO:nasdaqtrader:N:FLO,,common_equity,eligible,N,,,7.1,15.84,,52876295.46825397,-14.043583535108962,-1.9337016574585753,-28.137651821862352,-54.834605597964384,55.17676767676768,41.454011574024236,277.0,full,usable,2026-08-20,conditional,75.57,100.0,,,67.0,70.0,80.0,100.0,2.2.0,c8f1bf1665a8c5dfb834c0571e7dd5f6b6e5ccd00eab00295338bd42cfde549b
FLOC,Flowco Holdings Inc. Class A Common Stock,nasdaqtrader:N:FLOC,NAMECLASS:FLOWCO HOLDINGS INC,,common_equity,eligible,N,,,22.7,28.09,,15302948.47904762,9.874152952565328,-19.188323246707018,-2.3235800344234003,45.0479233226837,19.188323246707018,36.239372759346345,277.0,full,usable,2026-08-20,conditional,81.71,100.0,,,87.0,82.0,62.0,100.0,2.2.0,c8f1bf1665a8c5dfb834c0571e7dd5f6b6e5ccd00eab00295338bd42cfde549b
FLR,Fluor Corporation Common Stock,nasdaqtrader:N:FLR,SECURITY:FLR:nasdaqtrader:N:FLR,,common_equity,eligible,N,,,52.16,57.0,,132631872.60603175,1.1048652839697581,20.10131245682707,-1.2869038607115968,26.387206203053037,8.491228070175449,68.14601785818357,277.0,full,usable,2026-08-20,conditional,84.71,100.0,,,75.0,82.0,92.0,100.0,2.2.0,c8f1bf1665a8c5dfb834c0571e7dd5f6b6e5ccd00eab00295338bd42cfde549b
FLS,Flowserve Corporation Common Stock,nasdaqtrader:N:FLS,SECURITY:FLS:nasdaqtrader:N:FLS,,common_equity,eligible,N,,,78.1,92.04,,142019635.14349207,13.864994897215333,14.381956649091965,-11.461285568529645,47.94468649365409,15.14558887440245,36.72746705545958,277.0,full,usable,2026-08-20,conditional,84.71,100.0,,,75.0,82.0,92.0,100.0,2.2.0,c8f1bf1665a8c5dfb834c0571e7dd5f6b6e5ccd00eab00295338bd42cfde549b
FLUT,Flutter Entertainment plc Ordinary Shares,nasdaqtrader:N:FLUT,SECURITY:FLUT:nasdaqtrader:N:FLUT,,common_equity,eligible,N,,,99.57,308.6,,303828334.16698414,-0.23046092184368927,2.914728682170531,-18.492141453831046,-65.7552620718118,67.73493195074532,57.93293215424119,277.0,full,usable,2026-08-20,conditional,63.86,100.0,,,67.0,30.0,92.0,100.0,2.2.0,c8f1bf1665a8c5dfb834c0571e7dd5f6b6e5ccd00eab00295338bd42cfde549b
FLWS,"1-800-FLOWERS.COM, Inc. - Class A Common Stock",nasdaqtrader:Q:FLWS,NAMECLASS:1 800 FLOWERS COM INC,,common_equity,eligible,Q,,,4.01,5.65,,1365239.4003968253,-4.750593824228034,1.134930643127352,22.25609756097562,-26.556776556776562,29.026548672566378,41.57844209308298,277.0,full,usable,2026-08-20,rejected,63.43,100.0,,,57.0,92.0,0.0,100.0,2.2.0,c8f1bf1665a8c5dfb834c0571e7dd5f6b6e5ccd00eab00295338bd42cfde549b
FLX,BingEx Limited - American Depositary Shares,nasdaqtrader:Q:FLX,SECURITY:FLX:nasdaqtrader:Q:FLX,,adr,eligible,Q,,,2.03,4.16,,364061.2396825397,-4.245283018867941,-16.460905349794253,-16.115702479338843,-35.75949367088609,51.20192307692308,42.80293345241164,277.0,full,usable,2026-08-20,rejected,58.43,100.0,,,67.0,70.0,0.0,100.0,2.2.0,c8f1bf1665a8c5dfb834c0571e7dd5f6b6e5ccd00eab00295338bd42cfde549b
FLXS,"Flexsteel Industries, Inc. - Common Stock",nasdaqtrader:Q:FLXS,SECURITY:FLXS:nasdaqtrader:Q:FLXS,,common_equity,eligible,Q,,,80.03,80.03,,4129033.4748412697,6.763607257203863,44.87690079652425,50.43233082706766,93.16920106203234,0.0,36.727990860047846,277.0,full,usable,2026-08-20,conditional,48.36,100.0,,,73.0,10.0,45.0,100.0,2.2.0,c8f1bf1665a8c5dfb834c0571e7dd5f6b6e5ccd00eab00295338bd42cfde549b
FLY,Firefly Aerospace Inc. - Common Stock,nasdaqtrader:Q:FLY,SECURITY:FLY:nasdaqtrader:Q:FLY,,common_equity,eligible,Q,,,23.63,58.81,,199591127.98992065,16.74901185770752,-46.295454545454554,9.753831862517416,-48.043095866314864,59.81975854446523,86.8275221699798,261.0,full,usable,2026-08-20,conditional,74.71,100.0,,,55.0,70.0,92.0,100.0,2.2.0,c8f1bf1665a8c5dfb834c0571e7dd5f6b6e5ccd00eab00295338bd42cfde549b
FLYE,"Fly-E Group, Inc. - Common Stock",nasdaqtrader:Q:FLYE,SECURITY:FLYE:nasdaqtrader:Q:FLYE,,common_equity,eligible,Q,,,1.69,21.4,,196578.41256666667,-8.64864864864866,1.1976047904191711,-30.165289256198346,-86.33791430881163,92.10280373831776,72.33891710194001,277.0,full,usable,2026-08-20,rejected,38.43,100.0,,,47.0,30.0,0.0,100.0,2.2.0,c8f1bf1665a8c5dfb834c0571e7dd5f6b6e5ccd00eab00295338bd42cfde549b
FLYW,Flywire Corporation - Voting Common Stock,nasdaqtrader:Q:FLYW,SECURITY:FLYW:nasdaqtrader:Q:FLYW,,common_equity,eligible,Q,,,18.75,18.83,,38722051.60531746,13.361547762998804,17.850408548082974,66.96349065004452,51.821862348178136,0.4248539564524645,48.764965079089556,277.0,full,usable,2026-08-20,conditional,55.86,100.0,,,73.0,10.0,80.0,100.0,2.2.0,c8f1bf1665a8c5dfb834c0571e7dd5f6b6e5ccd00eab00295338bd42cfde549b
FLYX,"flyExclusive, Inc. Class A Common Stock",nasdaqtrader:A:FLYX,NAMECLASS:FLYEXCLUSIVE INC,,common_equity,eligible,A,,,1.32,7.23,,726679.1952380952,14.782608695652177,-45.90163934426229,-40.27149321266968,-64.32432432432432,81.74273858921161,87.26244352107398,277.0,full,usable,2026-08-20,rejected,40.71,100.0,,,55.0,30.0,0.0,100.0,2.2.0,c8f1bf1665a8c5dfb834c0571e7dd5f6b6e5ccd00eab00295338bd42cfde549b
FLZH,"Flash Sports & Media Holdings, Inc. - Common Stock",nasdaqtrader:Q:FLZH,SECURITY:FLZH:nasdaqtrader:Q:FLZH,,common_equity,eligible,Q,,,0.9896,36.29,,863554.5438603174,-42.46511627906977,-74.94683544303797,-59.107438016528924,-89.00810840830835,97.2730779829154,104.47611684401498,277.0,full,usable,2026-08-20,rejected,27.0,100.0,,,7.0,30.0,0.0,100.0,2.2.0,c8f1bf1665a8c5dfb834c0571e7dd5f6b6e5ccd00eab00295338bd42cfde549b
FMAO,"Farmers & Merchants Bancorp, Inc. - Common Stock",nasdaqtrader:Q:FMAO,SECURITY:FMAO:nasdaqtrader:Q:FMAO,,common_equity,eligible,Q,,,33.74,35.33,,2826125.8813492064,10.695538057742793,22.423802612481868,22.423802612481868,34.36877737953008,4.500424568355498,41.74660449079781,277.0,full,usable,2026-08-20,conditional,46.07,100.0,,,65.0,10.0,45.0,100.0,2.2.0,c8f1bf1665a8c5dfb834c0571e7dd5f6b6e5ccd00eab00295338bd42cfde549b
FMBH,"First Mid Bancshares, Inc. - Common Stock",nasdaqtrader:Q:FMBH,SECURITY:FMBH:nasdaqtrader:Q:FMBH,,common_equity,eligible,Q,,,50.26,52.58,,7294209.011904762,3.628865979381435,16.154379477698157,15.59337626494941,31.398692810457508,4.4123240775960415,22.666680735341725,277.0,full,usable,2026-08-20,conditional,49.71,100.0,,,65.0,10.0,62.0,100.0,2.2.0,c8f1bf1665a8c5dfb834c0571e7dd5f6b6e5ccd00eab00295338bd42cfde549b
FMC,FMC Corporation Common Stock,nasdaqtrader:N:FMC,SECURITY:FMC:nasdaqtrader:N:FMC,,common_equity,eligible,N,,,10.88,40.69,,44614653.74666666,-7.640067911714754,-14.263199369582335,-26.78331090174966,-71.82077182077182,73.26124354878348,72.26332702677001,277.0,full,usable,2026-08-20,conditional,55.57,100.0,,,47.0,30.0,80.0,100.0,2.2.0,c8f1bf1665a8c5dfb834c0571e7dd5f6b6e5ccd00eab00295338bd42cfde549b
FMNB,Farmers National Banc Corp. - Common Stock,nasdaqtrader:Q:FMNB,SECURITY:FMNB:nasdaqtrader:Q:FMNB,,common_equity,eligible,Q,,,15.72,16.38,,6638253.45047619,4.800000000000004,11.64772727272727,16.79049034175335,11.64772727272727,4.029304029304015,23.09182712061807,277.0,full,usable,2026-08-20,conditional,47.43,100.0,,,57.0,10.0,62.0,100.0,2.2.0,c8f1bf1665a8c5dfb834c0571e7dd5f6b6e5ccd00eab00295338bd42cfde549b
FMS,Fresenius Medical Care AG American Depositary Shares (Each representing 1/2 of an Ordinary Share),nasdaqtrader:N:FMS,SECURITY:FMS:nasdaqtrader:N:FMS,,adr,eligible,N,,,23.43,27.41,,16981324.233015873,-3.580246913580254,5.5405405405405395,-2.82040647034425,-6.204963971176946,14.520248084640642,24.244069349755428,277.0,full,usable,2026-08-20,conditional,74.29,100.0,,,61.0,82.0,62.0,100.0,2.2.0,c8f1bf1665a8c5dfb834c0571e7dd5f6b6e5ccd00eab00295338bd42cfde549b
FMST,Foremost Clean Energy Ltd. - Common Shares,nasdaqtrader:Q:FMST,SECURITY:FMST:nasdaqtrader:Q:FMST,,common_equity,eligible,Q,,,1.14,4.3,,196907.76285714286,-33.333333333333336,-26.45161290322582,-51.28205128205128,-62.62295081967213,73.48837209302326,95.78047217081463,277.0,full,usable,2026-08-20,rejected,41.29,100.0,,,57.0,30.0,0.0,100.0,2.2.0,c8f1bf1665a8c5dfb834c0571e7dd5f6b6e5ccd00eab00295338bd42cfde549b
FMX,Fomento Economico Mexicano S.A.B. de C.V. Common Stock,nasdaqtrader:N:FMX,SECURITY:FMX:nasdaqtrader:N:FMX,,common_equity,eligible,N,,,118.71,133.17,,65677622.30063492,-9.326306141154905,-2.336487042369395,5.868188709533584,40.418736692689826,10.858301419238558,33.5559077765276,277.0,full,usable,2026-08-20,conditional,85.57,100.0,,,87.0,82.0,80.0,100.0,2.2.0,c8f1bf1665a8c5dfb834c0571e7dd5f6b6e5ccd00eab00295338bd42cfde549b
FN,Fabrinet Ordinary Shares,nasdaqtrader:N:FN,SECURITY:FN:nasdaqtrader:N:FN,,common_equity,eligible,N,,,444.87,746.47,,550169868.8009523,-13.393813148519474,-32.820404403436974,-13.420781192223119,55.96886722995475,40.40349913593313,103.5544247362198,277.0,full,usable,2026-08-20,conditional,96.79,100.0,,,95.0,95.0,100.0,100.0,2.2.0,c8f1bf1665a8c5dfb834c0571e7dd5f6b6e5ccd00eab00295338bd42cfde549b
FNB,F.N.B. Corporation Common Stock,nasdaqtrader:N:FNB,SECURITY:FNB:nasdaqtrader:N:FNB,,common_equity,eligible,N,,,18.53,19.49,,93707308.43492062,-1.7497348886532205,5.644241733181321,2.149944873208387,17.130214917825537,4.925602873268331,19.48800319863368,277.0,full,usable,2026-08-20,conditional,56.43,100.0,,,75.0,10.0,80.0,100.0,2.2.0,c8f1bf1665a8c5dfb834c0571e7dd5f6b6e5ccd00eab00295338bd42cfde549b
FND,"Floor & Decor Holdings, Inc. Common Stock",nasdaqtrader:N:FND,SECURITY:FND:nasdaqtrader:N:FND,,common_equity,eligible,N,,,54.7,90.42,,139675549.4174603,0.9225092250922495,16.284013605442183,-17.27162734422263,-35.540890879094974,39.50453439504534,50.63072368114702,277.0,full,usable,2026-08-20,conditional,83.64,100.0,,,55.0,95.0,92.0,100.0,2.2.0,c8f1bf1665a8c5dfb834c0571e7dd5f6b6e5ccd00eab00295338bd42cfde549b
FNF,"Fidelity National Financial, Inc. Common Stock",nasdaqtrader:N:FNF,SECURITY:FNF:nasdaqtrader:N:FNF,,common_equity,eligible,N,,,47.44,60.82,,76979149.49539682,-5.498007968127505,-3.439853450030539,-12.488470761852067,-20.228686732806455,21.999342321604743,36.87049088287867,277.0,full,usable,2026-08-20,conditional,85.14,100.0,,,73.0,92.0,80.0,100.0,2.2.0,c8f1bf1665a8c5dfb834c0571e7dd5f6b6e5ccd00eab00295338bd42cfde549b
FNKO,"Funko, Inc. - Class A Common Stock",nasdaqtrader:Q:FNKO,NAMECLASS:FUNKO INC,,common_equity,eligible,Q,,,6.21,6.35,,4983029.153412699,4.194630872483218,26.476578411405292,40.4977375565611,131.71641791044775,2.2047244094488105,59.18208005076189,277.0,full,usable,2026-08-20,conditional,48.36,100.0,,,73.0,10.0,45.0,100.0,2.2.0,c8f1bf1665a8c5dfb834c0571e7dd5f6b6e5ccd00eab00295338bd42cfde549b
FNLC,"First Bancorp, Inc (ME) - Common Stock",nasdaqtrader:Q:FNLC,SECURITY:FNLC:nasdaqtrader:Q:FNLC,,common_equity,eligible,Q,,,34.86,35.66,,1175298.4961904762,2.831858407079646,21.505751132798867,22.66009852216748,33.00267073636016,2.243409983174416,20.722345578466108,277.0,full,usable,2026-08-20,rejected,36.43,100.0,,,65.0,10.0,0.0,100.0,2.2.0,c8f1bf1665a8c5dfb834c0571e7dd5f6b6e5ccd00eab00295338bd42cfde549b
FNRN,First Northern Community Bancorp - Common stock,nasdaqtrader:Q:FNRN,SECURITY:FNRN:nasdaqtrader:Q:FNRN,,common_equity,eligible,Q,,,17.44,18.8,,3592743.08968254,-2.0774845592363644,-0.3997715591090856,,,7.234042553191489,30.205942649829044,82.0,insufficient,usable,2026-08-20,recheck,,71.43,,,,28.0,45.0,88.0,2.2.0,c8f1bf1665a8c5dfb834c0571e7dd5f6b6e5ccd00eab00295338bd42cfde549b
