ticker,company,contract_id,issuer_id,issuer_cik,security_type,instrument_status,exchange,sector,industry,current_price,reference_52w_high,market_cap,avg_dollar_volume,return_1m_pct,return_3m_pct,return_6m_pct,return_12m_pct,drawdown_pct,historical_volatility_pct,trading_history_days,momentum_history_status,data_integrity_status,as_of,l2_status,l2_setup_score,l2_confidence_pct,l2_quality_prior_score,l2_room_to_target_score,setup_prior_growth,setup_pullback_geometry,setup_liquidity,setup_data_completeness,setup_model_version,l2_rules_hash
IDCC,"InterDigital, Inc. - Common Stock",nasdaqtrader:Q:IDCC,SECURITY:IDCC:nasdaqtrader:Q:IDCC,,common_equity,eligible,Q,,,344.86,396.54,,91487819.36079365,30.445965881151427,30.239057366214727,-4.63206216642239,27.787453218216186,13.03273314167549,53.768466621932454,277.0,full,usable,2026-08-19,conditional,82.14,100.0,,,75.0,82.0,80.0,100.0,2.2.0,c8f1bf1665a8c5dfb834c0571e7dd5f6b6e5ccd00eab00295338bd42cfde549b
IDN,"Intellicheck, Inc. - Common Stock",nasdaqtrader:Q:IDN,SECURITY:IDN:nasdaqtrader:Q:IDN,,common_equity,eligible,Q,,,3.06,8.99,,1588117.2246825397,-20.10443864229765,-27.830188679245282,-37.03703703703704,-44.26229508196722,65.96218020022246,92.79509165555343,277.0,full,usable,2026-08-19,rejected,44.14,100.0,,,67.0,30.0,0.0,100.0,2.2.0,c8f1bf1665a8c5dfb834c0571e7dd5f6b6e5ccd00eab00295338bd42cfde549b
IDR,"Idaho Strategic Resources, Inc. Common Stock",nasdaqtrader:A:IDR,SECURITY:IDR:nasdaqtrader:A:IDR,,common_equity,eligible,A,,,32.85,52.66,,7970771.633968254,10.64331424722129,-3.8630377524144,-15.63944530046224,22.300819061801946,37.61868590960881,72.3923330686594,277.0,full,usable,2026-08-19,conditional,86.36,100.0,,,87.0,95.0,62.0,100.0,2.2.0,c8f1bf1665a8c5dfb834c0571e7dd5f6b6e5ccd00eab00295338bd42cfde549b
IDT,IDT Corporation Class B Common Stock,nasdaqtrader:N:IDT,NAMECLASS:IDT CORPORATION,,common_equity,eligible,N,,,66.19,68.3,,12101579.989206348,4.4830307813733095,24.464084242196304,36.10939749126052,5.9548583319993575,3.089311859443633,21.71668346270767,277.0,full,usable,2026-08-19,conditional,47.43,100.0,,,57.0,10.0,62.0,100.0,2.2.0,c8f1bf1665a8c5dfb834c0571e7dd5f6b6e5ccd00eab00295338bd42cfde549b
IDXX,"IDEXX Laboratories, Inc. - Common Stock",nasdaqtrader:Q:IDXX,SECURITY:IDXX:nasdaqtrader:Q:IDXX,,common_equity,eligible,Q,,,562.2,766.68,,365860141.286746,1.7630235673171013,2.8747095097806152,-11.450622145219713,-11.861537014391866,26.670840507121607,30.37964473249944,277.0,full,usable,2026-08-19,conditional,87.71,100.0,,,73.0,92.0,92.0,100.0,2.2.0,c8f1bf1665a8c5dfb834c0571e7dd5f6b6e5ccd00eab00295338bd42cfde549b
IDYA,"IDEAYA Biosciences, Inc. - Common Stock",nasdaqtrader:Q:IDYA,SECURITY:IDYA:nasdaqtrader:Q:IDYA,,common_equity,eligible,Q,,,38.87,40.51,,36171373.776190475,8.002222839677685,37.25282485875705,25.711513583441125,57.05050505050504,4.048383115280174,30.707743453086334,277.0,full,usable,2026-08-19,conditional,55.86,100.0,,,73.0,10.0,80.0,100.0,2.2.0,c8f1bf1665a8c5dfb834c0571e7dd5f6b6e5ccd00eab00295338bd42cfde549b
IE,Ivanhoe Electric Inc. Common Stock,nasdaqtrader:A:IE,SECURITY:IE:nasdaqtrader:A:IE,,common_equity,eligible,A,,,10.58,19.92,,22831040.312063493,12.673056443024478,-8.871662360034449,-32.09242618741976,13.641245972073035,46.88755020080322,69.73895751739143,277.0,full,usable,2026-08-19,conditional,84.07,100.0,,,79.0,95.0,62.0,100.0,2.2.0,c8f1bf1665a8c5dfb834c0571e7dd5f6b6e5ccd00eab00295338bd42cfde549b
IEP,Icahn Enterprises L.P. - Depositary Units representing Limited Partner Interests,qrgf-resolution-required:Q:IEP,SECURITY:IEP:qrgf-resolution-required:Q:IEP,,common_equity,eligible,Q,,,6.65,9.15,,7038903.594761905,-13.524057217165153,-11.333333333333329,-17.185554171855532,-22.403733955659277,27.322404371584696,29.199724526874952,277.0,full,usable,2026-08-19,conditional,81.29,100.0,,,73.0,92.0,62.0,100.0,2.2.0,c8f1bf1665a8c5dfb834c0571e7dd5f6b6e5ccd00eab00295338bd42cfde549b
IESC,"IES Holdings, Inc. - Common Stock",nasdaqtrader:Q:IESC,SECURITY:IESC:nasdaqtrader:Q:IESC,,common_equity,eligible,Q,,,697.38,793.96,,171449747.8125397,7.63365847635511,9.061053421744013,42.18026871088094,107.41159325461736,12.164340772834903,110.29563451342553,277.0,full,usable,2026-08-19,conditional,84.14,100.0,,,73.0,82.0,92.0,100.0,2.2.0,c8f1bf1665a8c5dfb834c0571e7dd5f6b6e5ccd00eab00295338bd42cfde549b
IEX,IDEX Corporation Common Stock,nasdaqtrader:N:IEX,SECURITY:IEX:nasdaqtrader:N:IEX,,common_equity,eligible,N,,,234.45,240.52,,156503210.97555557,5.9948460599484665,14.2822325127955,12.187769164513341,43.14934668457686,2.5236986529186822,19.5614516941731,277.0,full,usable,2026-08-19,conditional,59.0,100.0,,,75.0,10.0,92.0,100.0,2.2.0,c8f1bf1665a8c5dfb834c0571e7dd5f6b6e5ccd00eab00295338bd42cfde549b
IFBD,"Infobird Co., Ltd - Ordinary Shares",nasdaqtrader:Q:IFBD,SECURITY:IFBD:nasdaqtrader:Q:IFBD,,common_equity,eligible,Q,,,1.0001,1.345,,87292.73581746033,-4.752380952380952,14.954022988505745,7.526072465326306,0.5125628140703498,25.64312267657992,69.38720921602723,277.0,full,usable,2026-08-19,rejected,66.29,100.0,,,67.0,92.0,0.0,100.0,2.2.0,c8f1bf1665a8c5dfb834c0571e7dd5f6b6e5ccd00eab00295338bd42cfde549b
IFF,"International Flavors & Fragrances, Inc. Common Stock",nasdaqtrader:N:IFF,SECURITY:IFF:nasdaqtrader:N:IFF,,common_equity,eligible,N,,,83.33,88.07,,151924007.40158728,9.270915289798044,15.75218780386165,0.44599807135969893,27.591486755473895,5.38208243442716,39.983432464930345,277.0,full,usable,2026-08-19,conditional,65.43,100.0,,,75.0,28.0,92.0,100.0,2.2.0,c8f1bf1665a8c5dfb834c0571e7dd5f6b6e5ccd00eab00295338bd42cfde549b
IFRX,InflaRx N.V. - Common Stock,nasdaqtrader:Q:IFRX,SECURITY:IFRX:nasdaqtrader:Q:IFRX,,common_equity,eligible,Q,,,2.12,2.74,,2275817.30531746,17.12707182320443,-10.54852320675106,141.26550586093094,132.3542306006138,22.62773722627738,48.24930203372818,277.0,full,usable,2026-08-19,conditional,81.07,100.0,,,85.0,92.0,45.0,100.0,2.2.0,c8f1bf1665a8c5dfb834c0571e7dd5f6b6e5ccd00eab00295338bd42cfde549b
IFS,Intercorp Financial Services Inc. Common Shares,nasdaqtrader:N:IFS,SECURITY:IFS:nasdaqtrader:N:IFS,,common_equity,eligible,N,,,53.9,60.68,,16763057.776507936,-10.091743119266061,15.615615615615619,9.043091240137556,39.42058975685463,11.17336849044166,27.324108359871264,277.0,full,usable,2026-08-19,conditional,78.29,100.0,,,75.0,82.0,62.0,100.0,2.2.0,c8f1bf1665a8c5dfb834c0571e7dd5f6b6e5ccd00eab00295338bd42cfde549b
IGC,"IGC Pharma, Inc. Common Stock",nasdaqtrader:A:IGC,SECURITY:IGC:nasdaqtrader:A:IGC,,common_equity,eligible,A,,,0.2853,0.47,,182484.10686031746,6.813927368026951,1.1702127659574568,12.102161100196462,-24.940805051302284,39.297872340425535,44.99686366225267,277.0,full,usable,2026-08-19,rejected,69.07,100.0,,,73.0,95.0,0.0,100.0,2.2.0,c8f1bf1665a8c5dfb834c0571e7dd5f6b6e5ccd00eab00295338bd42cfde549b
IGIC,International General Insurance Holdings Ltd. - Ordinary Shares,nasdaqtrader:Q:IGIC,SECURITY:IGIC:nasdaqtrader:Q:IGIC,,common_equity,eligible,Q,,,26.57,28.93,,2460427.812222222,-5.4784774101743094,6.195043964828151,4.523996852871748,10.662224073302795,8.157621845834772,28.354194551209133,277.0,full,usable,2026-08-19,conditional,72.36,100.0,,,67.0,82.0,45.0,100.0,2.2.0,c8f1bf1665a8c5dfb834c0571e7dd5f6b6e5ccd00eab00295338bd42cfde549b
IGV,iShares Expanded Tech-Software Sector ETF,US:IGV,SECURITY:IGV:US:IGV,,etf,eligible,Z,,,102.81,117.79,,1545717515.7286508,11.969069919407538,11.810766721044041,25.378048780487816,-6.03235536057033,12.717548178962568,30.16123222016033,277.0,full,usable,2026-08-19,conditional,79.57,100.0,,,51.0,82.0,100.0,100.0,2.2.0,c8f1bf1665a8c5dfb834c0571e7dd5f6b6e5ccd00eab00295338bd42cfde549b
IH,"iHuman Inc. American depositary shares, each representing five Class A ordinary shares",nasdaqtrader:N:IH,SECURITY:IH:nasdaqtrader:N:IH,,adr,eligible,N,,,1.27,3.07,,15809.513373015874,-7.299270072992703,-23.49397590361445,-35.05829412967887,-53.649635036496356,58.63192182410424,44.529686264000794,277.0,full,usable,2026-08-19,rejected,58.43,100.0,,,67.0,70.0,0.0,100.0,2.2.0,c8f1bf1665a8c5dfb834c0571e7dd5f6b6e5ccd00eab00295338bd42cfde549b
IHG,Intercontinental Hotels Group American Depositary Shares (Each representing one Ordinary Share),nasdaqtrader:N:IHG,SECURITY:IHG:nasdaqtrader:N:IHG,,adr,eligible,N,,,161.56,174.13,,42460182.86174603,3.5707417142124553,7.706666666666662,11.282545805207334,33.04784649592356,7.2187446160914215,22.119497475395438,277.0,full,usable,2026-08-19,conditional,62.86,100.0,,,75.0,28.0,80.0,100.0,2.2.0,c8f1bf1665a8c5dfb834c0571e7dd5f6b6e5ccd00eab00295338bd42cfde549b
IHRT,"iHeartMedia, Inc. - Class A Common Stock",nasdaqtrader:Q:IHRT,NAMECLASS:IHEARTMEDIA INC,,common_equity,eligible,Q,,,3.11,6.33,,3790232.081825397,-16.84491978609627,-33.82978723404256,-11.142857142857142,38.8392857142857,50.86887835703002,84.38628921064769,277.0,full,usable,2026-08-19,conditional,73.79,100.0,,,87.0,70.0,45.0,100.0,2.2.0,c8f1bf1665a8c5dfb834c0571e7dd5f6b6e5ccd00eab00295338bd42cfde549b
IHS,IHS Holding Limited Ordinary Shares,nasdaqtrader:N:IHS,SECURITY:IHS:nasdaqtrader:N:IHS,,common_equity,eligible,N,,,8.33,8.73,,10141665.08920635,1.461632155907422,0.8474576271186418,4.125000000000001,20.3757225433526,4.58190148911799,8.485390365216636,277.0,full,usable,2026-08-19,conditional,56.0,100.0,,,87.0,10.0,62.0,100.0,2.2.0,c8f1bf1665a8c5dfb834c0571e7dd5f6b6e5ccd00eab00295338bd42cfde549b
IHT,InnSuites Hospitality Trust Shares of Beneficial Interest,nasdaqtrader:A:IHT,SECURITY:IHT:nasdaqtrader:A:IHT,,common_equity,eligible,A,,,1.62,3.32,,790008.8011238097,-8.98876404494382,21.80451127819549,30.016051364365982,-18.999999999999993,51.20481927710843,56.76249832847115,277.0,full,usable,2026-08-19,rejected,53.86,100.0,,,51.0,70.0,0.0,100.0,2.2.0,c8f1bf1665a8c5dfb834c0571e7dd5f6b6e5ccd00eab00295338bd42cfde549b
III,"Information Services Group, Inc. - Common Stock",nasdaqtrader:Q:III,SECURITY:III:nasdaqtrader:Q:III,,common_equity,eligible,Q,,,4.95,6.1,,1080759.407857143,24.06015037593985,14.849187935034823,5.995717344753748,1.22699386503069,18.852459016393432,60.307645114410946,277.0,full,usable,2026-08-19,rejected,62.71,100.0,,,67.0,82.0,0.0,100.0,2.2.0,c8f1bf1665a8c5dfb834c0571e7dd5f6b6e5ccd00eab00295338bd42cfde549b
IIIN,"Insteel Industries, Inc. Common Stock",nasdaqtrader:N:IIIN,SECURITY:IIIN:nasdaqtrader:N:IIIN,,common_equity,eligible,N,,,31.21,39.5,,9618794.176349206,-0.6999681832643989,27.49183006535947,-15.785213167835943,-14.91275899672846,20.9873417721519,34.49578134006981,277.0,full,usable,2026-08-19,conditional,77.86,100.0,,,61.0,92.0,62.0,100.0,2.2.0,c8f1bf1665a8c5dfb834c0571e7dd5f6b6e5ccd00eab00295338bd42cfde549b
IIIV,"i3 Verticals, Inc. - Common Stock",nasdaqtrader:Q:IIIV,SECURITY:IIIV:nasdaqtrader:Q:IIIV,,common_equity,eligible,Q,,,16.49,33.11,,8926772.122777779,-20.26112185686655,-13.438320209973764,-24.703196347031962,-47.34993614303959,50.196315312594386,74.04917651017901,277.0,full,usable,2026-08-19,conditional,71.71,100.0,,,67.0,70.0,62.0,100.0,2.2.0,c8f1bf1665a8c5dfb834c0571e7dd5f6b6e5ccd00eab00295338bd42cfde549b
IIM,Invesco Value Municipal Income Trust Common Stock,nasdaqtrader:N:IIM,SECURITY:IIM:nasdaqtrader:N:IIM,,common_equity,eligible,N,,,12.62,13.14,,1251772.7966507936,0.31796502384737746,4.991680532445919,-1.0196078431372602,8.793103448275863,3.9573820395738313,9.506259323667177,277.0,full,usable,2026-08-19,rejected,40.43,100.0,,,79.0,10.0,0.0,100.0,2.2.0,c8f1bf1665a8c5dfb834c0571e7dd5f6b6e5ccd00eab00295338bd42cfde549b
IIPR,"Innovative Industrial Properties, Inc. Common Stock",nasdaqtrader:N:IIPR,SECURITY:IIPR:nasdaqtrader:N:IIPR,,common_equity,eligible,N,,,56.2,64.67,,22340518.801746033,-11.160290863104638,3.2139577594123114,21.48724600086469,7.931630497407349,13.097263027678984,24.790218106748448,277.0,full,usable,2026-08-19,conditional,76.57,100.0,,,69.0,82.0,62.0,100.0,2.2.0,c8f1bf1665a8c5dfb834c0571e7dd5f6b6e5ccd00eab00295338bd42cfde549b
IJR,iShares Core S&P Small-Cap ETF,US:IJR,SECURITY:IJR:US:IJR,,etf,eligible,P,,,147.92,150.44,,526283295.922381,0.9210616087875989,11.084409732652434,12.761091629821596,29.06378151993716,1.6750864131879872,12.823282725081084,277.0,full,usable,2026-08-19,conditional,60.71,100.0,,,75.0,10.0,100.0,100.0,2.2.0,c8f1bf1665a8c5dfb834c0571e7dd5f6b6e5ccd00eab00295338bd42cfde549b
IKT,"Inhibikase Therapeutics, Inc. - Common Stock",nasdaqtrader:Q:IKT,SECURITY:IKT:nasdaqtrader:Q:IKT,,common_equity,eligible,Q,,,2.45,2.47,,1617409.8014285713,9.865470852017943,56.05095541401275,36.111111111111114,42.441860465116285,0.8097165991902799,53.02027363291266,277.0,full,usable,2026-08-19,rejected,36.43,100.0,,,65.0,10.0,0.0,100.0,2.2.0,c8f1bf1665a8c5dfb834c0571e7dd5f6b6e5ccd00eab00295338bd42cfde549b
ILAG,Intelligent Living Application Group Inc. - Ordinary Shares,nasdaqtrader:Q:ILAG,SECURITY:ILAG:nasdaqtrader:Q:ILAG,,common_equity,eligible,Q,,,3.51,8.732,,238497.16614126984,4.464285714285721,-10.687022900763365,23.591549295774648,-32.70705521472394,59.8030233623454,58.59553579921349,277.0,full,usable,2026-08-19,rejected,55.57,100.0,,,57.0,70.0,0.0,100.0,2.2.0,c8f1bf1665a8c5dfb834c0571e7dd5f6b6e5ccd00eab00295338bd42cfde549b
ILLR,Triller Group Inc. - Common Stock,nasdaqtrader:Q:ILLR,SECURITY:ILLR:nasdaqtrader:Q:ILLR,,common_equity,eligible,Q,,,0.9903,14.8,,19066737.461785715,-23.232558139534888,-52.820390662220106,-73.24959481361427,-82.15675675675675,93.3087837837838,200.04848135290362,277.0,full,usable,2026-08-19,conditional,45.43,100.0,,,25.0,30.0,62.0,100.0,2.2.0,c8f1bf1665a8c5dfb834c0571e7dd5f6b6e5ccd00eab00295338bd42cfde549b
ILMN,"Illumina, Inc. - Common Stock",nasdaqtrader:Q:ILMN,SECURITY:ILMN:nasdaqtrader:Q:ILMN,,common_equity,eligible,Q,,,205.0,205.1,,348697198.6974603,6.476912688931602,44.69226425748165,70.70530435506703,103.91922809111706,0.04875670404680399,43.07062497034123,277.0,full,usable,2026-08-19,conditional,58.43,100.0,,,73.0,10.0,92.0,100.0,2.2.0,c8f1bf1665a8c5dfb834c0571e7dd5f6b6e5ccd00eab00295338bd42cfde549b
ILPT,Industrial Logistics Properties Trust - Common Shares of Beneficial Interest,nasdaqtrader:Q:ILPT,SECURITY:ILPT:nasdaqtrader:Q:ILPT,,common_equity,eligible,Q,,,8.39,9.36,,4713980.121349206,-8.804347826086945,1.57384987893463,51.17117117117118,44.65517241379311,10.36324786324785,38.22555470919267,277.0,full,usable,2026-08-19,conditional,75.21,100.0,,,77.0,82.0,45.0,100.0,2.2.0,c8f1bf1665a8c5dfb834c0571e7dd5f6b6e5ccd00eab00295338bd42cfde549b
IMA,"ImageneBio, Inc. - Common Stock",nasdaqtrader:Q:IMA,SECURITY:IMA:nasdaqtrader:Q:IMA,,common_equity,eligible,Q,,,5.69,14.23,,69988.88944444444,-5.166666666666664,8.380952380952378,-12.996941896024461,-61.29251700680272,60.01405481377371,59.09615148172765,277.0,full,usable,2026-08-19,rejected,55.0,100.0,,,55.0,70.0,0.0,100.0,2.2.0,c8f1bf1665a8c5dfb834c0571e7dd5f6b6e5ccd00eab00295338bd42cfde549b
IMAX,Imax Corporation Common Stock,nasdaqtrader:N:IMAX,SECURITY:IMAX:nasdaqtrader:N:IMAX,,common_equity,eligible,N,,,53.71,53.71,,57717217.24539682,41.902245706737105,62.314898760954954,42.08994708994711,108.58252427184465,0.0,52.52908916767491,277.0,full,usable,2026-08-19,conditional,55.86,100.0,,,73.0,10.0,80.0,100.0,2.2.0,c8f1bf1665a8c5dfb834c0571e7dd5f6b6e5ccd00eab00295338bd42cfde549b
IMC,IMC Rare Earths Ltd Ordinary Shares,nasdaqtrader:A:IMC,SECURITY:IMC:nasdaqtrader:A:IMC,,common_equity,eligible,A,,,10.25,10.25,,2689412.629375,,,,,0.0,,16.0,insufficient,usable,2026-08-19,recheck,,71.43,,,,10.0,45.0,64.0,2.2.0,c8f1bf1665a8c5dfb834c0571e7dd5f6b6e5ccd00eab00295338bd42cfde549b
IMCR,Immunocore Holdings plc - American Depositary Shares,nasdaqtrader:Q:IMCR,SECURITY:IMCR:nasdaqtrader:Q:IMCR,,adr,eligible,Q,,,36.86,40.215,,17377601.576984126,6.902552204176349,27.41099204977533,13.380498308212863,14.08232745280098,8.34265821210992,34.63861814200687,277.0,full,usable,2026-08-19,conditional,76.0,100.0,,,67.0,82.0,62.0,100.0,2.2.0,c8f1bf1665a8c5dfb834c0571e7dd5f6b6e5ccd00eab00295338bd42cfde549b
IMDX,Insight Molecular Diagnostics Inc. - Common Stock,nasdaqtrader:Q:IMDX,SECURITY:IMDX:nasdaqtrader:Q:IMDX,,common_equity,eligible,Q,,,4.38,8.48,,1270128.7722222223,-12.4,-21.223021582733814,-17.669172932330834,64.04494382022472,48.34905660377359,95.57844217748601,277.0,full,usable,2026-08-19,rejected,75.36,100.0,,,95.0,95.0,0.0,100.0,2.2.0,c8f1bf1665a8c5dfb834c0571e7dd5f6b6e5ccd00eab00295338bd42cfde549b
IMKTA,"Ingles Markets, Incorporated - Class A Common Stock",nasdaqtrader:Q:IMKTA,NAMECLASS:INGLES MARKETS INCORPORATED,,common_equity,eligible,Q,,,85.05,95.23,,12243974.696349207,-5.173374958189314,-3.099008772929246,-1.6990291262135915,29.906827554605165,10.689908642234592,29.792291002534053,277.0,full,usable,2026-08-19,conditional,81.71,100.0,,,87.0,82.0,62.0,100.0,2.2.0,c8f1bf1665a8c5dfb834c0571e7dd5f6b6e5ccd00eab00295338bd42cfde549b
IMMR,Immersion Corporation - Common Stock,nasdaqtrader:Q:IMMR,SECURITY:IMMR:nasdaqtrader:Q:IMMR,,common_equity,eligible,Q,,,7.59,7.74,,4306941.69031746,16.41104294478528,25.247524752475247,26.923076923076916,7.3550212164073425,1.9379844961240345,59.11889409779981,277.0,full,usable,2026-08-19,conditional,43.79,100.0,,,57.0,10.0,45.0,100.0,2.2.0,c8f1bf1665a8c5dfb834c0571e7dd5f6b6e5ccd00eab00295338bd42cfde549b
IMMX,"Immix Biopharma, Inc. - Common Stock",nasdaqtrader:Q:IMMX,SECURITY:IMMX:nasdaqtrader:Q:IMMX,,common_equity,eligible,Q,,,13.19,13.19,,18138205.584523812,37.826541274817124,48.871331828442436,69.75546975546976,473.4782608695652,0.0,91.10323389540982,277.0,full,usable,2026-08-19,conditional,52.0,100.0,,,73.0,10.0,62.0,100.0,2.2.0,c8f1bf1665a8c5dfb834c0571e7dd5f6b6e5ccd00eab00295338bd42cfde549b
IMNM,"Immunome, Inc. - Common Stock",nasdaqtrader:Q:IMNM,SECURITY:IMNM:nasdaqtrader:Q:IMNM,,common_equity,eligible,Q,,,29.825,29.825,,31169001.11079365,30.926251097453907,51.70396744659207,35.62983174170078,190.97560975609755,0.0,50.948709695747596,277.0,full,usable,2026-08-19,conditional,55.86,100.0,,,73.0,10.0,80.0,100.0,2.2.0,c8f1bf1665a8c5dfb834c0571e7dd5f6b6e5ccd00eab00295338bd42cfde549b
IMNN,"Imunon, Inc. - Common Stock",nasdaqtrader:Q:IMNN,SECURITY:IMNN:nasdaqtrader:Q:IMNN,,common_equity,eligible,Q,,,1.58,6.57,,220931.26571428572,-5.3892215568862145,-29.147982062780265,-50.93167701863355,-75.61728395061729,75.95129375951294,51.15796096382922,277.0,full,usable,2026-08-19,rejected,35.57,100.0,,,37.0,30.0,0.0,100.0,2.2.0,c8f1bf1665a8c5dfb834c0571e7dd5f6b6e5ccd00eab00295338bd42cfde549b
IMO,Imperial Oil Limited Common Stock,nasdaqtrader:A:IMO,SECURITY:IMO:nasdaqtrader:A:IMO,,common_equity,eligible,A,,,136.12,138.33,,68346656.92539683,9.57977781355659,-1.1474219317356482,13.25401447707797,62.78402296101411,1.5976288585267118,22.491811208944647,277.0,full,usable,2026-08-19,conditional,62.14,100.0,,,95.0,10.0,80.0,100.0,2.2.0,c8f1bf1665a8c5dfb834c0571e7dd5f6b6e5ccd00eab00295338bd42cfde549b
IMOS,ChipMOS TECHNOLOGIES INC. - American Depositary Shares,nasdaqtrader:Q:IMOS,SECURITY:IMOS:nasdaqtrader:Q:IMOS,,adr,eligible,Q,,,52.44,75.785,,7516203.9813492065,-20.545454545454543,7.0204081632653015,53.602811950790866,228.9836888331242,30.804248861911987,90.41353545775648,277.0,full,usable,2026-08-19,conditional,81.29,100.0,,,73.0,92.0,62.0,100.0,2.2.0,c8f1bf1665a8c5dfb834c0571e7dd5f6b6e5ccd00eab00295338bd42cfde549b
IMPP,Imperial Petroleum Inc. - Common Shares,nasdaqtrader:Q:IMPP,SECURITY:IMPP:nasdaqtrader:Q:IMPP,,common_equity,eligible,Q,,,5.0,6.35,,1889430.078888889,5.374077976817704,1.0101010101010166,32.27513227513228,65.56291390728477,21.259842519685034,30.387275626049785,277.0,full,usable,2026-08-19,rejected,71.43,100.0,,,85.0,92.0,0.0,100.0,2.2.0,c8f1bf1665a8c5dfb834c0571e7dd5f6b6e5ccd00eab00295338bd42cfde549b
IMRN,Immuron Limited - American Depositary Shares,nasdaqtrader:Q:IMRN,SECURITY:IMRN:nasdaqtrader:Q:IMRN,,adr,eligible,Q,,,1.19,2.35,,291304.7377301588,-2.4590163934426257,18.999999999999993,65.27777777777777,-36.702127659574465,49.361702127659576,68.05896049506669,277.0,full,usable,2026-08-19,rejected,61.07,100.0,,,45.0,95.0,0.0,100.0,2.2.0,c8f1bf1665a8c5dfb834c0571e7dd5f6b6e5ccd00eab00295338bd42cfde549b
IMRX,Immuneering Corporation - Class A Common Stock,nasdaqtrader:Q:IMRX,NAMECLASS:IMMUNEERING CORPORATION,,common_equity,eligible,Q,,,5.33,9.26,,7162310.394285714,19.506726457399104,8.997955010224956,5.96421471172961,52.28571428571429,42.44060475161987,59.32123676193123,277.0,full,usable,2026-08-19,conditional,85.21,100.0,,,83.0,95.0,62.0,100.0,2.2.0,c8f1bf1665a8c5dfb834c0571e7dd5f6b6e5ccd00eab00295338bd42cfde549b
IMSR,Terrestrial Energy Inc. - Common Stock,nasdaqtrader:Q:IMSR,SECURITY:IMSR:nasdaqtrader:Q:IMSR,,common_equity,eligible,Q,,,5.69,27.1,,16325156.578650795,4.21245421245422,-8.373590982286627,-17.055393586005827,-51.65675446049277,79.00369003690037,90.7722071317226,277.0,full,usable,2026-08-19,conditional,57.43,100.0,,,67.0,30.0,62.0,100.0,2.2.0,c8f1bf1665a8c5dfb834c0571e7dd5f6b6e5ccd00eab00295338bd42cfde549b
IMTX,Immatics N.V. - Ordinary Shares,nasdaqtrader:Q:IMTX,SECURITY:IMTX:nasdaqtrader:Q:IMTX,,common_equity,eligible,Q,,,9.25,11.87,,4557876.323333333,-1.7003188097768351,-13.551401869158875,-7.0351758793969825,48.95330112721417,22.072451558550966,44.59789817556513,277.0,full,usable,2026-08-19,conditional,81.64,100.0,,,87.0,92.0,45.0,100.0,2.2.0,c8f1bf1665a8c5dfb834c0571e7dd5f6b6e5ccd00eab00295338bd42cfde549b
IMUX,"Immunic, Inc.  - Common Stock",nasdaqtrader:Q:IMUX,SECURITY:IMUX:nasdaqtrader:Q:IMUX,,common_equity,eligible,Q,,,16.45,16.9,,2840885.912698413,8.580858085808574,41.810344827586206,87.54988028731043,68.11446090955545,2.6627218934911157,53.73240876649529,277.0,full,usable,2026-08-19,conditional,48.36,100.0,,,73.0,10.0,45.0,100.0,2.2.0,c8f1bf1665a8c5dfb834c0571e7dd5f6b6e5ccd00eab00295338bd42cfde549b
IMVT,"Immunovant, Inc.  - Common Stock",nasdaqtrader:Q:IMVT,SECURITY:IMVT:nasdaqtrader:Q:IMVT,,common_equity,eligible,Q,,,44.96,44.96,,62552071.50492063,13.736402732102192,71.0155952833777,68.70544090056285,194.62647444298818,0.0,32.90010948002411,277.0,full,usable,2026-08-19,conditional,55.86,100.0,,,73.0,10.0,80.0,100.0,2.2.0,c8f1bf1665a8c5dfb834c0571e7dd5f6b6e5ccd00eab00295338bd42cfde549b
IMXI,"International Money Express, Inc. - Common Stock",nasdaqtrader:Q:IMXI,SECURITY:IMXI:nasdaqtrader:Q:IMXI,,common_equity,eligible,Q,,,14.17,15.94,,7677894.536587302,8.41622035195102,-7.385620915032687,-8.63958736299162,-1.8698060941828243,11.104140526976158,77.46780611535551,277.0,full,usable,2026-08-19,conditional,77.71,100.0,,,73.0,82.0,62.0,100.0,2.2.0,c8f1bf1665a8c5dfb834c0571e7dd5f6b6e5ccd00eab00295338bd42cfde549b
INAB,"IN8bio, Inc. - Common Stock",nasdaqtrader:Q:INAB,SECURITY:INAB:nasdaqtrader:Q:INAB,,common_equity,eligible,Q,,,1.2,2.59,,84486.38527301587,-3.2258064516129115,-17.24137931034483,-28.57142857142857,-49.7907949790795,53.66795366795367,78.97578517978819,277.0,full,usable,2026-08-19,rejected,58.43,100.0,,,67.0,70.0,0.0,100.0,2.2.0,c8f1bf1665a8c5dfb834c0571e7dd5f6b6e5ccd00eab00295338bd42cfde549b
INBK,First Internet Bancorp - Common Stock,nasdaqtrader:Q:INBK,SECURITY:INBK:nasdaqtrader:Q:INBK,,common_equity,eligible,Q,,,28.64,29.94,,1130579.7641269842,5.9171597633136175,21.099365750528555,37.82483156881617,23.875432525951545,4.342017368069473,41.12970137312398,277.0,full,usable,2026-08-19,rejected,36.43,100.0,,,65.0,10.0,0.0,100.0,2.2.0,c8f1bf1665a8c5dfb834c0571e7dd5f6b6e5ccd00eab00295338bd42cfde549b
INBS,Intelligent Bio Solutions Inc.  - Common Stock,nasdaqtrader:Q:INBS,SECURITY:INBS:nasdaqtrader:Q:INBS,,common_equity,eligible,Q,,,2.67,18.8,,209134.51768253968,47.513812154696126,-18.844984802431618,-44.72049689440995,-82.2,85.79787234042553,137.07853115348513,277.0,full,usable,2026-08-19,rejected,38.43,100.0,,,47.0,30.0,0.0,100.0,2.2.0,c8f1bf1665a8c5dfb834c0571e7dd5f6b6e5ccd00eab00295338bd42cfde549b
INBX,"Inhibrx Biosciences, Inc. - Common Stock",nasdaqtrader:Q:INBX,SECURITY:INBX:nasdaqtrader:Q:INBX,,common_equity,eligible,Q,,,101.48,141.84,,28406784.193492066,15.831526081497561,-7.3326636836818615,24.393233635695033,325.13615416841225,28.454596728708403,68.98834438200726,277.0,full,usable,2026-08-19,conditional,88.57,100.0,,,85.0,92.0,80.0,100.0,2.2.0,c8f1bf1665a8c5dfb834c0571e7dd5f6b6e5ccd00eab00295338bd42cfde549b
INCY,Incyte Corporation - Common Stock,nasdaqtrader:Q:INCY,SECURITY:INCY:nasdaqtrader:Q:INCY,,common_equity,eligible,Q,,,128.47,129.93,,208965858.7322222,9.438623392111767,34.38284518828452,24.740266045247104,51.28356099858691,1.1236819826060285,36.4298943113239,277.0,full,usable,2026-08-19,conditional,58.43,100.0,,,73.0,10.0,92.0,100.0,2.2.0,c8f1bf1665a8c5dfb834c0571e7dd5f6b6e5ccd00eab00295338bd42cfde549b
INDB,Independent Bank Corp. - Common Stock,nasdaqtrader:Q:INDB,SECURITY:INDB:nasdaqtrader:Q:INDB,,common_equity,eligible,Q,,,83.33,87.17,,31151451.26904762,-2.1259102654451523,7.550335570469802,1.3007537077558862,24.614924480334977,4.40518527016176,18.836580488862797,277.0,full,usable,2026-08-19,conditional,56.43,100.0,,,75.0,10.0,80.0,100.0,2.2.0,c8f1bf1665a8c5dfb834c0571e7dd5f6b6e5ccd00eab00295338bd42cfde549b
INDI,"indie Semiconductor, Inc. - Class A Common Stock",nasdaqtrader:Q:INDI,NAMECLASS:INDIE SEMICONDUCTOR INC,,common_equity,eligible,Q,,,4.005,6.0,,27612531.13269841,3.756476683937815,5.952380952380953,8.243243243243237,-8.56164383561644,33.25,100.37165584554467,277.0,full,usable,2026-08-19,conditional,81.71,100.0,,,61.0,92.0,80.0,100.0,2.2.0,c8f1bf1665a8c5dfb834c0571e7dd5f6b6e5ccd00eab00295338bd42cfde549b
INDO,Indonesia Energy Corporation Limited Ordinary Shares,nasdaqtrader:A:INDO,SECURITY:INDO:nasdaqtrader:A:INDO,,common_equity,eligible,A,,,2.99,6.74,,1244295.1822222222,-0.33333333333332993,-7.14285714285714,-35.97430406852248,5.2816901408450745,55.6379821958457,49.16801537657033,277.0,full,usable,2026-08-19,rejected,61.86,100.0,,,79.0,70.0,0.0,100.0,2.2.0,c8f1bf1665a8c5dfb834c0571e7dd5f6b6e5ccd00eab00295338bd42cfde549b
INDP,"Indaptus Therapeutics, Inc. - Common Stock",nasdaqtrader:Q:INDP,SECURITY:INDP:nasdaqtrader:Q:INDP,,common_equity,eligible,Q,,,0.94,7.425,,4250508.6255809525,-62.698412698412696,-29.323308270676694,-49.81313400961025,-87.88191311073868,87.34006734006734,131.65828484429056,277.0,full,usable,2026-08-19,conditional,48.07,100.0,,,47.0,30.0,45.0,100.0,2.2.0,c8f1bf1665a8c5dfb834c0571e7dd5f6b6e5ccd00eab00295338bd42cfde549b
INDV,"Indivior Pharmaceuticals, Inc.  - Common Stock",nasdaqtrader:Q:INDV,SECURITY:INDV:nasdaqtrader:Q:INDV,,common_equity,eligible,Q,,,39.04,41.83,,78172874.6984127,-3.4857849196539004,5.542038388753712,13.62048894062864,66.69513236549956,6.669854171647138,35.03018319671953,277.0,full,usable,2026-08-19,conditional,65.14,100.0,,,83.0,28.0,80.0,100.0,2.2.0,c8f1bf1665a8c5dfb834c0571e7dd5f6b6e5ccd00eab00295338bd42cfde549b
INFQ,"Infleqtion, Inc. Common Stock",nasdaqtrader:N:INFQ,SECURITY:INFQ:nasdaqtrader:N:INFQ,,common_equity,eligible,N,,,12.5,25.95,,229923888.85492066,26.390293225480278,17.591721542803374,-15.0237933378654,23.517786561264842,51.830443159922936,94.79486853946072,277.0,full,usable,2026-08-19,conditional,80.43,100.0,,,75.0,70.0,92.0,100.0,2.2.0,c8f1bf1665a8c5dfb834c0571e7dd5f6b6e5ccd00eab00295338bd42cfde549b
INFU,"InfuSystems Holdings, Inc. Common Stock",nasdaqtrader:A:INFU,SECURITY:INFU:nasdaqtrader:A:INFU,,common_equity,eligible,A,,,12.19,12.49,,2039590.8625396825,33.224043715846975,26.059979317476724,57.290322580645146,27.911857292759713,2.4019215372297897,94.35570450521806,277.0,full,usable,2026-08-19,conditional,46.07,100.0,,,65.0,10.0,45.0,100.0,2.2.0,c8f1bf1665a8c5dfb834c0571e7dd5f6b6e5ccd00eab00295338bd42cfde549b
INFY,Infosys Limited American Depositary Shares,nasdaqtrader:N:INFY,SECURITY:INFY:nasdaqtrader:N:INFY,,adr,eligible,N,,,12.03,20.22,,267793960.6452381,7.795698924731176,-5.4245283018868,-20.06644518272426,-26.691042047531997,40.504451038575674,45.06171281936713,277.0,full,usable,2026-08-19,conditional,87.07,100.0,,,67.0,95.0,92.0,100.0,2.2.0,c8f1bf1665a8c5dfb834c0571e7dd5f6b6e5ccd00eab00295338bd42cfde549b
ING,"ING Group, N.V. Common Stock",nasdaqtrader:N:ING,SECURITY:ING:nasdaqtrader:N:ING,,common_equity,eligible,N,,,34.69,35.92,,102401142.21825397,4.771972213832676,18.63885088919288,18.67943893260349,40.50222762251923,3.424276169265039,29.639377565925667,277.0,full,usable,2026-08-19,conditional,56.14,100.0,,,65.0,10.0,92.0,100.0,2.2.0,c8f1bf1665a8c5dfb834c0571e7dd5f6b6e5ccd00eab00295338bd42cfde549b
INGM,Ingram Micro Holding Corporation Common Stock,nasdaqtrader:N:INGM,SECURITY:INGM:nasdaqtrader:N:INGM,,common_equity,eligible,N,,,27.06,31.64,,34714485.84444444,-8.115449915110363,5.827141181071571,23.84439359267734,39.62848297213621,14.475347661188376,40.19180856328416,277.0,full,usable,2026-08-19,conditional,79.29,100.0,,,65.0,82.0,80.0,100.0,2.2.0,c8f1bf1665a8c5dfb834c0571e7dd5f6b6e5ccd00eab00295338bd42cfde549b
INGN,"Inogen, Inc - Common Stock",nasdaqtrader:Q:INGN,SECURITY:INGN:nasdaqtrader:Q:INGN,,common_equity,eligible,Q,,,5.68,8.95,,1782778.829206349,-11.66407465007776,-11.937984496124043,-2.572898799313905,-24.768211920529804,36.53631284916201,39.10644778869828,277.0,full,usable,2026-08-19,rejected,69.07,100.0,,,73.0,95.0,0.0,100.0,2.2.0,c8f1bf1665a8c5dfb834c0571e7dd5f6b6e5ccd00eab00295338bd42cfde549b
INGR,Ingredion Incorporated Common Stock,nasdaqtrader:N:INGR,SECURITY:INGR:nasdaqtrader:N:INGR,,common_equity,eligible,N,,,107.15,129.54,,84379120.7488889,5.255402750491167,6.786924456846721,-7.96254939013915,-14.464756126766176,17.284236529257356,22.212941986782898,277.0,full,usable,2026-08-19,conditional,78.14,100.0,,,61.0,82.0,80.0,100.0,2.2.0,c8f1bf1665a8c5dfb834c0571e7dd5f6b6e5ccd00eab00295338bd42cfde549b
INHD,Inno Holdings Inc. - Common Stock,nasdaqtrader:Q:INHD,SECURITY:INHD:nasdaqtrader:Q:INHD,,common_equity,eligible,Q,,,7.47,4617.6,,177554569.91198412,-81.08381868827551,502.4193548387097,-65.41666666666667,-98.76488095238095,99.83822765072765,372.0662517134143,277.0,full,usable,2026-08-19,conditional,51.86,100.0,,,25.0,30.0,92.0,100.0,2.2.0,c8f1bf1665a8c5dfb834c0571e7dd5f6b6e5ccd00eab00295338bd42cfde549b
INIO,INNIO N.V. - Ordinary Shares,nasdaqtrader:Q:INIO,SECURITY:INIO:nasdaqtrader:Q:INIO,,common_equity,eligible,Q,,,25.22,41.13,,180632714.02716982,-16.95752387224235,,,,38.68222708485292,95.10938294801936,53.0,insufficient,usable,2026-08-19,recheck,,71.43,,,,95.0,92.0,76.0,2.2.0,c8f1bf1665a8c5dfb834c0571e7dd5f6b6e5ccd00eab00295338bd42cfde549b
INKT,"MiNK Therapeutics, Inc. - Common Stock",nasdaqtrader:Q:INKT,SECURITY:INKT:nasdaqtrader:Q:INKT,,common_equity,eligible,Q,,,11.13,16.3,,271494.49825396825,0.5420054200542035,7.536231884057987,1.181818181818195,-23.871409028727765,31.71779141104294,62.904118353603955,277.0,full,usable,2026-08-19,rejected,64.57,100.0,,,61.0,92.0,0.0,100.0,2.2.0,c8f1bf1665a8c5dfb834c0571e7dd5f6b6e5ccd00eab00295338bd42cfde549b
INLF,INLIF LIMITED - Class A Ordinary shares,nasdaqtrader:Q:INLF,NAMECLASS:INLIF LIMITED,,common_equity,eligible,Q,,,4.73,4544.0,,19004757.221587304,112.10762331838566,-99.37763157894737,-99.58940972222223,-99.87760826364163,99.89590669014085,340.8323923154541,277.0,full,usable,2026-08-19,conditional,38.29,100.0,,,0.0,30.0,62.0,100.0,2.2.0,c8f1bf1665a8c5dfb834c0571e7dd5f6b6e5ccd00eab00295338bd42cfde549b
INLX,"Intellinetics, Inc. Common Stock",nasdaqtrader:A:INLX,SECURITY:INLX:nasdaqtrader:A:INLX,,common_equity,eligible,A,,,5.88,12.67,,18373.650242857144,6.329113924050622,-12.238805970149258,-25.04780114722753,-36.294691224268696,53.59116022099448,52.88789741443467,277.0,full,usable,2026-08-19,rejected,58.43,100.0,,,67.0,70.0,0.0,100.0,2.2.0,c8f1bf1665a8c5dfb834c0571e7dd5f6b6e5ccd00eab00295338bd42cfde549b
INM,InMed Pharmaceuticals Inc. - Common Shares,nasdaqtrader:Q:INM,SECURITY:INM:nasdaqtrader:Q:INM,,common_equity,eligible,Q,,,1.59,2.46,,1713309.2085714287,3.2467532467532534,-0.6249999999999978,85.09895227008151,-30.869565217391294,35.36585365853659,73.26835363510415,277.0,full,usable,2026-08-19,rejected,64.5,100.0,,,57.0,95.0,0.0,100.0,2.2.0,c8f1bf1665a8c5dfb834c0571e7dd5f6b6e5ccd00eab00295338bd42cfde549b
INMB,INmune Bio Inc. - Common stock,nasdaqtrader:Q:INMB,SECURITY:INMB:nasdaqtrader:Q:INMB,,common_equity,eligible,Q,,,2.23,2.41,,1177897.6677777776,13.197969543147202,58.156028368794345,65.18518518518516,-11.857707509881422,7.4688796680498,73.8560492166885,277.0,full,usable,2026-08-19,rejected,38.86,100.0,,,51.0,28.0,0.0,100.0,2.2.0,c8f1bf1665a8c5dfb834c0571e7dd5f6b6e5ccd00eab00295338bd42cfde549b
INMD,InMode Ltd.  - Ordinary Shares,nasdaqtrader:Q:INMD,SECURITY:INMD:nasdaqtrader:Q:INMD,,common_equity,eligible,Q,,,15.04,16.62,,10277637.117063493,-2.083333333333337,7.659269863994256,4.011065006915615,5.138063614120925,9.506618531889298,20.088381861390012,277.0,full,usable,2026-08-19,conditional,76.0,100.0,,,67.0,82.0,62.0,100.0,2.2.0,c8f1bf1665a8c5dfb834c0571e7dd5f6b6e5ccd00eab00295338bd42cfde549b
INN,"Summit Hotel Properties, Inc. Common Stock",nasdaqtrader:N:INN,SECURITY:INN:nasdaqtrader:N:INN,,common_equity,eligible,N,,,6.15,7.07,,9777622.213015873,-12.393162393162383,13.46863468634687,39.455782312925166,17.366412213740468,13.012729844413007,29.559928654109953,277.0,full,usable,2026-08-19,conditional,75.43,100.0,,,65.0,82.0,62.0,100.0,2.2.0,c8f1bf1665a8c5dfb834c0571e7dd5f6b6e5ccd00eab00295338bd42cfde549b
INNV,InnovAge Holding Corp. - Common Stock,nasdaqtrader:Q:INNV,SECURITY:INNV:nasdaqtrader:Q:INNV,,common_equity,eligible,Q,,,10.94,12.11,,3394550.026666667,-7.60135135135136,51.73370319001387,37.09273182957391,209.91501416430594,9.661436829066883,47.11698204050945,277.0,full,usable,2026-08-19,conditional,74.07,100.0,,,73.0,82.0,45.0,100.0,2.2.0,c8f1bf1665a8c5dfb834c0571e7dd5f6b6e5ccd00eab00295338bd42cfde549b
INO,"Inovio Pharmaceuticals, Inc. - Common Stock",nasdaqtrader:Q:INO,SECURITY:INO:nasdaqtrader:Q:INO,,common_equity,eligible,Q,,,1.3,2.87,,2998135.963026984,18.181818181818166,6.557377049180335,-22.15568862275449,-31.57894736842105,54.70383275261324,165.0058977751542,277.0,full,usable,2026-08-19,conditional,64.64,100.0,,,55.0,70.0,45.0,100.0,2.2.0,c8f1bf1665a8c5dfb834c0571e7dd5f6b6e5ccd00eab00295338bd42cfde549b
INOD,Innodata Inc. - Common Stock,nasdaqtrader:Q:INOD,SECURITY:INOD:nasdaqtrader:Q:INOD,,common_equity,eligible,Q,,,62.78,121.5,,119812947.54698412,-1.3358478705013388,-28.812790565823786,40.82548227904892,58.61546235472461,48.32921810699589,65.14730250731711,277.0,full,usable,2026-08-19,conditional,92.21,100.0,,,85.0,95.0,92.0,100.0,2.2.0,c8f1bf1665a8c5dfb834c0571e7dd5f6b6e5ccd00eab00295338bd42cfde549b
INR,"Infinity Natural Resources, Inc. Class A Common Stock",nasdaqtrader:N:INR,NAMECLASS:INFINITY NATURAL RESOURCES INC,,common_equity,eligible,N,,,14.43,19.23,,4788563.38015873,7.526080476900154,-9.302325581395355,-11.58088235294118,6.888888888888878,24.960998439937597,43.95563538218821,277.0,full,usable,2026-08-19,conditional,79.36,100.0,,,79.0,92.0,45.0,100.0,2.2.0,c8f1bf1665a8c5dfb834c0571e7dd5f6b6e5ccd00eab00295338bd42cfde549b
INSE,"Inspired Entertainment, Inc. - Common Stock",nasdaqtrader:Q:INSE,SECURITY:INSE:nasdaqtrader:Q:INSE,,common_equity,eligible,Q,,,6.04,9.82,,993302.8822222222,-7.926829268292678,-16.574585635359117,-27.923627684964202,-28.35112692763938,38.4928716904277,45.24781306844933,277.0,full,usable,2026-08-19,rejected,67.36,100.0,,,67.0,95.0,0.0,100.0,2.2.0,c8f1bf1665a8c5dfb834c0571e7dd5f6b6e5ccd00eab00295338bd42cfde549b
INSG,Inseego Corp. - Common Stock,nasdaqtrader:Q:INSG,SECURITY:INSG:nasdaqtrader:Q:INSG,,common_equity,eligible,Q,,,4.33,20.29,,3380101.605,-43.02631578947368,-65.79778830963664,-56.262626262626256,-50.851305334846764,78.65943814687037,112.84333053741645,277.0,full,usable,2026-08-19,conditional,47.5,100.0,,,45.0,30.0,45.0,100.0,2.2.0,c8f1bf1665a8c5dfb834c0571e7dd5f6b6e5ccd00eab00295338bd42cfde549b
INSM,Insmed Incorporated - Common Stock,nasdaqtrader:Q:INSM,SECURITY:INSM:nasdaqtrader:Q:INSM,,common_equity,eligible,Q,,,130.66,211.41,,381229034.9173016,20.290922482047492,21.64602923377712,-13.533187744027542,2.663628506325133,38.195922614824276,91.82144111558344,277.0,full,usable,2026-08-19,conditional,87.07,100.0,,,67.0,95.0,92.0,100.0,2.2.0,c8f1bf1665a8c5dfb834c0571e7dd5f6b6e5ccd00eab00295338bd42cfde549b
INSP,"Inspire Medical Systems, Inc. Common Stock",nasdaqtrader:N:INSP,SECURITY:INSP:nasdaqtrader:N:INSP,,common_equity,eligible,N,,,61.69,143.99,,46427684.24555555,17.52714802819584,45.05055255114036,-0.3392568659127626,-30.167534525696183,57.156746996319185,76.12072723766191,277.0,full,usable,2026-08-19,conditional,72.14,100.0,,,55.0,70.0,80.0,100.0,2.2.0,c8f1bf1665a8c5dfb834c0571e7dd5f6b6e5ccd00eab00295338bd42cfde549b
INSW,"International Seaways, Inc. Common Stock",nasdaqtrader:N:INSW,SECURITY:INSW:nasdaqtrader:N:INSW,,common_equity,eligible,N,,,99.71,99.71,,48199459.20206349,10.213330385763243,19.69987995198079,52.53174238947527,133.62230552952198,0.0,39.74755764294454,277.0,full,usable,2026-08-19,conditional,55.86,100.0,,,73.0,10.0,80.0,100.0,2.2.0,c8f1bf1665a8c5dfb834c0571e7dd5f6b6e5ccd00eab00295338bd42cfde549b
INTA,"Intapp, Inc. - Common Stock",nasdaqtrader:Q:INTA,SECURITY:INTA:nasdaqtrader:Q:INTA,,common_equity,eligible,Q,,,40.09,47.67,,24853141.286031745,42.669039145907476,95.56097560975611,75.67922874671342,-4.864736592311337,15.900985945038803,58.540756762339385,277.0,full,usable,2026-08-19,conditional,71.43,100.0,,,51.0,82.0,62.0,100.0,2.2.0,c8f1bf1665a8c5dfb834c0571e7dd5f6b6e5ccd00eab00295338bd42cfde549b
INTC,Intel Corporation - Common Stock,nasdaqtrader:Q:INTC,SECURITY:INTC:nasdaqtrader:Q:INTC,,common_equity,eligible,Q,,,92.8,140.94,,13282340337.91627,-11.996206733048842,-16.245487364620935,104.13550373955123,292.22316145393063,34.15637860082305,76.52145521022679,277.0,full,usable,2026-08-19,conditional,92.86,100.0,,,85.0,92.0,100.0,100.0,2.2.0,c8f1bf1665a8c5dfb834c0571e7dd5f6b6e5ccd00eab00295338bd42cfde549b
INTG,The Intergroup Corporation - Common Stock,nasdaqtrader:Q:INTG,SECURITY:INTG:nasdaqtrader:Q:INTG,,common_equity,eligible,Q,,,33.4,48.92,,3481630.215,-11.710282844303466,-10.43175113971574,23.566407695153522,172.2086389568052,31.725265739983655,68.22144633151042,277.0,full,usable,2026-08-19,conditional,81.07,100.0,,,85.0,92.0,45.0,100.0,2.2.0,c8f1bf1665a8c5dfb834c0571e7dd5f6b6e5ccd00eab00295338bd42cfde549b
INTJ,Intelligent Group Limited - Class A Ordinary Shares,nasdaqtrader:Q:INTJ,NAMECLASS:INTELLIGENT GROUP LIMITED,,common_equity,eligible,Q,,,3.5,14.05,,155495.96306349206,4.477611940298498,-65.34653465346534,-50.14245014245014,-68.7778768956289,75.08896797153025,114.10460037019487,277.0,full,usable,2026-08-19,rejected,37.86,100.0,,,45.0,30.0,0.0,100.0,2.2.0,c8f1bf1665a8c5dfb834c0571e7dd5f6b6e5ccd00eab00295338bd42cfde549b
INTR,Inter & Co. Inc. - Class A Common Shares,nasdaqtrader:Q:INTR,NAMECLASS:INTER CO INC,,common_equity,eligible,Q,,,5.32,10.21,,32623797.21095238,-4.659498207885305,-7.7989601386481695,-39.61407491486947,-35.121951219512184,47.89422135161606,48.917193231300196,277.0,full,usable,2026-08-19,conditional,84.5,100.0,,,67.0,95.0,80.0,100.0,2.2.0,c8f1bf1665a8c5dfb834c0571e7dd5f6b6e5ccd00eab00295338bd42cfde549b
INTS,"Intensity Therapeutics, Inc. - Common Stock",nasdaqtrader:Q:INTS,SECURITY:INTS:nasdaqtrader:Q:INTS,,common_equity,eligible,Q,,,4.2,33.0,,171350.09175714286,-4.545454545454552,-8.496732026143782,-31.462140992167097,-44.73684210526315,87.27272727272727,43.76409434988194,277.0,full,usable,2026-08-19,rejected,44.14,100.0,,,67.0,30.0,0.0,100.0,2.2.0,c8f1bf1665a8c5dfb834c0571e7dd5f6b6e5ccd00eab00295338bd42cfde549b
INTT,inTest Corporation Common Stock,nasdaqtrader:A:INTT,SECURITY:INTT:nasdaqtrader:A:INTT,,common_equity,eligible,A,,,12.76,18.9,,3671637.7652380955,-11.817553559087768,-27.08571428571429,24.975514201762962,82.8080229226361,32.48677248677249,74.36373290923459,277.0,full,usable,2026-08-19,conditional,81.07,100.0,,,85.0,92.0,45.0,100.0,2.2.0,c8f1bf1665a8c5dfb834c0571e7dd5f6b6e5ccd00eab00295338bd42cfde549b
INTU,Intuit Inc. - Common Stock,nasdaqtrader:Q:INTU,SECURITY:INTU:nasdaqtrader:Q:INTU,,common_equity,eligible,Q,,,362.47,702.09,,1644210489.2599206,25.024144591611485,-9.316754647119152,-6.956387812203191,-49.461106231089914,48.37271574869318,48.467694671833264,277.0,full,usable,2026-08-19,conditional,88.79,100.0,,,67.0,95.0,100.0,100.0,2.2.0,c8f1bf1665a8c5dfb834c0571e7dd5f6b6e5ccd00eab00295338bd42cfde549b
INUV,"Inuvo, Inc.",qrgf-resolution-required:A:INUV,SECURITY:INUV:qrgf-resolution-required:A:INUV,,common_equity,eligible,A,,,0.737,4.18,,294362.7226809524,-31.759259259259267,-49.172413793103445,-60.16216216216217,-79.86338797814207,82.36842105263158,105.37484178958778,277.0,full,usable,2026-08-19,rejected,32.14,100.0,,,25.0,30.0,0.0,100.0,2.2.0,c8f1bf1665a8c5dfb834c0571e7dd5f6b6e5ccd00eab00295338bd42cfde549b
INV,"Innventure, Inc. - Common Stock",nasdaqtrader:Q:INV,SECURITY:INV:nasdaqtrader:Q:INV,,common_equity,eligible,Q,,,1.54,7.32,,11211451.863571428,-56.74157303370786,-74.24749163879598,-51.41955835962144,-62.980769230769226,78.96174863387978,263.72951255398027,277.0,full,usable,2026-08-19,conditional,46.0,100.0,,,27.0,30.0,62.0,100.0,2.2.0,c8f1bf1665a8c5dfb834c0571e7dd5f6b6e5ccd00eab00295338bd42cfde549b
INVA,"Innoviva, Inc. - Common Stock",nasdaqtrader:Q:INVA,SECURITY:INVA:nasdaqtrader:Q:INVA,,common_equity,eligible,Q,,,21.48,24.24,,18331052.640952382,-0.4633920296570837,-1.1504832029452405,-9.213863060016902,3.368623676612126,11.386138613861373,23.544467525339453,277.0,full,usable,2026-08-19,conditional,79.43,100.0,,,79.0,82.0,62.0,100.0,2.2.0,c8f1bf1665a8c5dfb834c0571e7dd5f6b6e5ccd00eab00295338bd42cfde549b
INVE,"Identiv, Inc. - Common Stock",nasdaqtrader:Q:INVE,SECURITY:INVE:nasdaqtrader:Q:INVE,,common_equity,eligible,Q,,,2.85,5.29,,661289.9157142857,2.517985611510798,-27.66497461928934,-11.49068322981367,-22.764227642276424,46.124763705103966,47.39799808820528,277.0,full,usable,2026-08-19,rejected,69.07,100.0,,,73.0,95.0,0.0,100.0,2.2.0,c8f1bf1665a8c5dfb834c0571e7dd5f6b6e5ccd00eab00295338bd42cfde549b
INVH,Invitation Homes Inc. Common Stock,nasdaqtrader:N:INVH,SECURITY:INVH:nasdaqtrader:N:INVH,,common_equity,eligible,N,,,30.2,31.29,,147037694.38714284,1.1725293132328174,5.373342637822742,12.518628912071538,0.8347245409014992,3.483541067433682,18.1605364557133,277.0,full,usable,2026-08-19,conditional,56.71,100.0,,,67.0,10.0,92.0,100.0,2.2.0,c8f1bf1665a8c5dfb834c0571e7dd5f6b6e5ccd00eab00295338bd42cfde549b
INVX,"Innovex International, Inc. Common Stock",nasdaqtrader:N:INVX,SECURITY:INVX:nasdaqtrader:N:INVX,,common_equity,eligible,N,,,29.42,31.63,,14977698.381428571,11.481621826449405,-5.249597423510465,17.351416035101728,79.17174177831912,6.987037622510261,53.99155194043961,277.0,full,usable,2026-08-19,conditional,61.86,100.0,,,85.0,28.0,62.0,100.0,2.2.0,c8f1bf1665a8c5dfb834c0571e7dd5f6b6e5ccd00eab00295338bd42cfde549b
IOND,Ionic Digital Inc. - Class A Common Stock,nasdaqtrader:Q:IOND,NAMECLASS:IONIC DIGITAL INC,,common_equity,eligible,Q,,,67.3,70.01,,72926674.62117647,,,,,3.87087558920155,,17.0,insufficient,usable,2026-08-19,recheck,,71.43,,,,10.0,80.0,64.0,2.2.0,c8f1bf1665a8c5dfb834c0571e7dd5f6b6e5ccd00eab00295338bd42cfde549b
IONQ,"IonQ, Inc. Common Stock",nasdaqtrader:N:IONQ,SECURITY:IONQ:nasdaqtrader:N:IONQ,,common_equity,eligible,N,,,43.36,82.09,,1248288239.0044444,22.106448887637285,-10.487200660611062,30.05398920215956,7.7802634849614805,47.179924473139245,84.40653617224564,277.0,full,usable,2026-08-19,conditional,89.36,100.0,,,69.0,95.0,100.0,100.0,2.2.0,c8f1bf1665a8c5dfb834c0571e7dd5f6b6e5ccd00eab00295338bd42cfde549b
IONR,ioneer Ltd - American Depositary Shares,nasdaqtrader:Q:IONR,SECURITY:IONR:nasdaqtrader:Q:IONR,,adr,eligible,Q,,,3.15,7.58,,410889.7257142857,-7.216494845360833,-21.836228287841198,-26.40186915887851,-6.804733727810652,58.44327176781003,48.10405329573139,277.0,full,usable,2026-08-19,rejected,60.14,100.0,,,73.0,70.0,0.0,100.0,2.2.0,c8f1bf1665a8c5dfb834c0571e7dd5f6b6e5ccd00eab00295338bd42cfde549b
IONS,"Ionis Pharmaceuticals, Inc. - Common Stock",nasdaqtrader:Q:IONS,SECURITY:IONS:nasdaqtrader:Q:IONS,,common_equity,eligible,Q,,,60.8,86.5,,185613973.36888888,13.87900355871885,-17.65980498374865,-26.052055460958414,39.99539488832604,29.71098265895954,90.40536305047678,277.0,full,usable,2026-08-19,conditional,91.71,100.0,,,87.0,92.0,92.0,100.0,2.2.0,c8f1bf1665a8c5dfb834c0571e7dd5f6b6e5ccd00eab00295338bd42cfde549b
IOR,"Income Opportunity Realty Investors, Inc. Common Stock",nasdaqtrader:A:IOR,SECURITY:IOR:nasdaqtrader:A:IOR,,common_equity,eligible,A,,,20.02,21.5,,29953.331411111114,-3.517607313770188,11.222222222222221,11.222222222222221,7.173447537473243,6.8837209302325615,27.07932998880756,276.0,full,usable,2026-08-18,rejected,43.43,100.0,,,67.0,28.0,0.0,100.0,2.2.0,c8f1bf1665a8c5dfb834c0571e7dd5f6b6e5ccd00eab00295338bd42cfde549b
IOSP,Innospec Inc. - Common Stock,nasdaqtrader:Q:IOSP,SECURITY:IOSP:nasdaqtrader:Q:IOSP,,common_equity,eligible,Q,,,93.76,93.97,,15529978.851587301,10.958579881656805,21.97216079094575,8.56878184344605,12.557022809123652,0.2234755773119046,22.316060163832223,277.0,full,usable,2026-08-19,conditional,50.29,100.0,,,67.0,10.0,62.0,100.0,2.2.0,c8f1bf1665a8c5dfb834c0571e7dd5f6b6e5ccd00eab00295338bd42cfde549b
IOT,Samsara Inc. Class A Common Stock,nasdaqtrader:N:IOT,NAMECLASS:SAMSARA INC,,common_equity,eligible,N,,,39.2,45.22,,213236027.58650795,8.677571388965898,27.31406300746997,45.562569624953596,15.634218289085556,13.312693498452,63.348473792421466,277.0,full,usable,2026-08-19,conditional,81.86,100.0,,,65.0,82.0,92.0,100.0,2.2.0,c8f1bf1665a8c5dfb834c0571e7dd5f6b6e5ccd00eab00295338bd42cfde549b
IOTR,iOThree Limited - Ordinary Shares,nasdaqtrader:Q:IOTR,SECURITY:IOTR:nasdaqtrader:Q:IOTR,,common_equity,eligible,Q,,,2.68,5.33,,4164368.837936508,-21.865889212827984,41.052631578947384,14.042553191489372,-43.65012615643398,49.71857410881802,81.47335729734118,277.0,full,usable,2026-08-19,conditional,73.57,100.0,,,55.0,95.0,45.0,100.0,2.2.0,c8f1bf1665a8c5dfb834c0571e7dd5f6b6e5ccd00eab00295338bd42cfde549b
IOVA,"Iovance Biotherapeutics, Inc. - Common Stock",nasdaqtrader:Q:IOVA,SECURITY:IOVA:nasdaqtrader:Q:IOVA,,common_equity,eligible,Q,,,7.99,7.99,,78354660.43222223,45.80291970802919,130.9248554913295,193.75,219.60000000000002,0.0,139.5541567848088,277.0,full,usable,2026-08-19,conditional,55.86,100.0,,,73.0,10.0,80.0,100.0,2.2.0,c8f1bf1665a8c5dfb834c0571e7dd5f6b6e5ccd00eab00295338bd42cfde549b
IP,International Paper Company Common Stock,nasdaqtrader:N:IP,SECURITY:IP:nasdaqtrader:N:IP,,common_equity,eligible,N,,,41.06,49.68,,207904372.58190477,12.957359009628622,39.75493533015657,-15.305280528052801,-12.377294067434907,17.351046698872786,48.3787606977287,277.0,full,usable,2026-08-19,conditional,80.71,100.0,,,61.0,82.0,92.0,100.0,2.2.0,c8f1bf1665a8c5dfb834c0571e7dd5f6b6e5ccd00eab00295338bd42cfde549b
IPAR,"Interparfums, Inc. - Common Stock",nasdaqtrader:Q:IPAR,SECURITY:IPAR:nasdaqtrader:Q:IPAR,,common_equity,eligible,Q,,,117.01,128.55,,32349630.775555555,-4.730499918580023,35.287316452769126,15.702561060021768,3.5303486108653415,8.977051730844032,32.603050793488066,277.0,full,usable,2026-08-19,conditional,77.0,100.0,,,57.0,82.0,80.0,100.0,2.2.0,c8f1bf1665a8c5dfb834c0571e7dd5f6b6e5ccd00eab00295338bd42cfde549b
IPGP,IPG Photonics Corporation - Common Stock,nasdaqtrader:Q:IPGP,SECURITY:IPGP:nasdaqtrader:Q:IPGP,,common_equity,eligible,Q,,,76.57,153.91,,48755370.83079366,-25.508317929759716,-32.43624812494485,-44.62684408446631,-2.916191200710039,50.25014618933143,68.41980341950688,277.0,full,usable,2026-08-19,conditional,77.29,100.0,,,73.0,70.0,80.0,100.0,2.2.0,c8f1bf1665a8c5dfb834c0571e7dd5f6b6e5ccd00eab00295338bd42cfde549b
IPHA,Innate Pharma S.A. - American Depositary Shares,nasdaqtrader:Q:IPHA,SECURITY:IPHA:nasdaqtrader:Q:IPHA,,adr,eligible,Q,,,2.12,2.535,,325880.29974285717,20.113314447592078,4.4334975369458185,24.705882352941178,-5.145413870246074,16.370808678500993,106.5190713069881,277.0,full,usable,2026-08-19,rejected,61.57,100.0,,,63.0,82.0,0.0,100.0,2.2.0,c8f1bf1665a8c5dfb834c0571e7dd5f6b6e5ccd00eab00295338bd42cfde549b
IPI,"Intrepid Potash, Inc Common Stock",nasdaqtrader:N:IPI,SECURITY:IPI:nasdaqtrader:N:IPI,,common_equity,eligible,N,,,36.99,48.84,,7183825.952222222,7.71694816540478,-10.457516339869278,10.38495971351836,30.891719745222936,24.26289926289926,35.740613347650616,277.0,full,usable,2026-08-19,conditional,85.29,100.0,,,87.0,92.0,62.0,100.0,2.2.0,c8f1bf1665a8c5dfb834c0571e7dd5f6b6e5ccd00eab00295338bd42cfde549b
IPM,Intelligent Protection Management Corp.  - Common Stock,nasdaqtrader:Q:IPM,SECURITY:IPM:nasdaqtrader:Q:IPM,,common_equity,eligible,Q,,,1.95,2.44,,39020.99389206349,8.333333333333325,1.5625,15.384615384615397,1.0362694300518172,20.081967213114748,25.84143734649959,277.0,full,usable,2026-08-19,rejected,66.86,100.0,,,69.0,92.0,0.0,100.0,2.2.0,c8f1bf1665a8c5dfb834c0571e7dd5f6b6e5ccd00eab00295338bd42cfde549b
IPSC,"Century Therapeutics, Inc. - Common Stock",nasdaqtrader:Q:IPSC,SECURITY:IPSC:nasdaqtrader:Q:IPSC,,common_equity,eligible,Q,,,2.11,2.94,,2726615.1509523806,-5.803571428571441,-0.4716981132075526,0.4761904761904745,267.33983286908074,28.2312925170068,57.96680179537954,277.0,full,usable,2026-08-19,conditional,83.93,100.0,,,95.0,92.0,45.0,100.0,2.2.0,c8f1bf1665a8c5dfb834c0571e7dd5f6b6e5ccd00eab00295338bd42cfde549b
IPST,"IP Strategy Holdings, Inc. - Common Stock",nasdaqtrader:Q:IPST,SECURITY:IPST:nasdaqtrader:Q:IPST,,common_equity,eligible,Q,,,8.45,400.0,,20710547.466285713,265.8008658008657,45.43889845094664,-46.855345911949684,-95.8578431372549,97.8875,459.26267918097625,277.0,full,usable,2026-08-19,conditional,48.29,100.0,,,35.0,30.0,62.0,100.0,2.2.0,c8f1bf1665a8c5dfb834c0571e7dd5f6b6e5ccd00eab00295338bd42cfde549b
IPVV,"InterPrivate Investment Partners V, Inc. - Class A Ordinary Shares",nasdaqtrader:Q:IPVV,NAMECLASS:INTERPRIVATE INVESTMENT PARTNERS V INC,,common_equity,eligible,Q,,,9.82,9.83,,90415.79666666668,,,,,0.10172939979653517,,18.0,insufficient,usable,2026-08-19,rejected,,71.43,,,,10.0,0.0,64.0,2.2.0,c8f1bf1665a8c5dfb834c0571e7dd5f6b6e5ccd00eab00295338bd42cfde549b
IPW,iPower Inc. - Common Stock,nasdaqtrader:Q:IPW,SECURITY:IPW:nasdaqtrader:Q:IPW,,common_equity,eligible,Q,,,3.12,2095.2,,2142835.3197142854,-61.48148148148147,-94.54831382142233,-98.78447872837775,-99.74966300789524,99.85108820160366,172.04433685511484,277.0,full,usable,2026-08-19,conditional,34.64,100.0,,,0.0,30.0,45.0,100.0,2.2.0,c8f1bf1665a8c5dfb834c0571e7dd5f6b6e5ccd00eab00295338bd42cfde549b
IPWR,Ideal Power Inc. - Common Stock,nasdaqtrader:Q:IPWR,SECURITY:IPWR:nasdaqtrader:Q:IPWR,,common_equity,eligible,Q,,,5.23,8.99,,4058988.1057142857,23.933649289099534,-13.266998341625202,58.006042296072515,4.3912175648702645,41.8242491657397,94.37129059037905,277.0,full,usable,2026-08-19,conditional,77.57,100.0,,,69.0,95.0,45.0,100.0,2.2.0,c8f1bf1665a8c5dfb834c0571e7dd5f6b6e5ccd00eab00295338bd42cfde549b
IPX,IperionX Limited - American Depositary Share,nasdaqtrader:Q:IPX,SECURITY:IPX:nasdaqtrader:Q:IPX,,adr,eligible,Q,,,21.58,60.11,,8071391.774603175,-9.895615866388319,-36.84518583552825,-48.87467424780858,-47.48113896325141,64.09915155548163,75.42391264318444,277.0,full,usable,2026-08-19,conditional,71.71,100.0,,,67.0,70.0,62.0,100.0,2.2.0,c8f1bf1665a8c5dfb834c0571e7dd5f6b6e5ccd00eab00295338bd42cfde549b
IQ,"iQIYI, Inc. - American Depositary Shares",nasdaqtrader:Q:IQ,SECURITY:IQ:nasdaqtrader:Q:IQ,,adr,eligible,Q,,,1.13,2.79,,7664999.760685715,-9.600000000000009,1.8018018018017834,-35.795454545454554,-51.50214592274679,59.498207885304666,54.04642305265088,277.0,full,usable,2026-08-19,conditional,71.71,100.0,,,67.0,70.0,62.0,100.0,2.2.0,c8f1bf1665a8c5dfb834c0571e7dd5f6b6e5ccd00eab00295338bd42cfde549b
IQI,Invesco Quality Municipal Income Trust Common Stock,nasdaqtrader:N:IQI,SECURITY:IQI:nasdaqtrader:N:IQI,,common_equity,eligible,N,,,10.08,10.39,,1532006.3609523808,0.1988071570576455,5.549738219895284,-1.4103792961796535,7.348242811501593,2.9836381135707413,9.354948784409112,277.0,full,usable,2026-08-19,rejected,37.0,100.0,,,67.0,10.0,0.0,100.0,2.2.0,c8f1bf1665a8c5dfb834c0571e7dd5f6b6e5ccd00eab00295338bd42cfde549b
IQMX,IQM Quantum Computers Oyj - American Depositary Shares,nasdaqtrader:Q:IQMX,SECURITY:IQMX:nasdaqtrader:Q:IQMX,,adr,eligible,Q,,,10.07,13.91,,5149586.122647059,-15.732217573221751,,,,27.606038820992097,75.5675225440628,34.0,insufficient,usable,2026-08-19,recheck,,71.43,,,,92.0,62.0,76.0,2.2.0,c8f1bf1665a8c5dfb834c0571e7dd5f6b6e5ccd00eab00295338bd42cfde549b
IQST,iQSTEL Inc. - Common Stock,nasdaqtrader:Q:IQST,SECURITY:IQST:nasdaqtrader:Q:IQST,,common_equity,eligible,Q,,,1.01,7.15,,6898491.677092064,-7.339449541284415,-20.472440944881885,-50.73170731707317,-85.89385474860335,85.87412587412587,137.2205773942431,277.0,full,usable,2026-08-19,conditional,48.86,100.0,,,37.0,30.0,62.0,100.0,2.2.0,c8f1bf1665a8c5dfb834c0571e7dd5f6b6e5ccd00eab00295338bd42cfde549b
IQV,"IQVIA Holdings, Inc. Common Stock",nasdaqtrader:N:IQV,SECURITY:IQV:nasdaqtrader:N:IQV,,common_equity,eligible,N,,,249.28,249.28,,308377540.5236508,23.638527923817087,43.942718558725026,45.726645621419394,29.46920120494443,0.0,48.789240047898446,277.0,full,usable,2026-08-19,conditional,56.14,100.0,,,65.0,10.0,92.0,100.0,2.2.0,c8f1bf1665a8c5dfb834c0571e7dd5f6b6e5ccd00eab00295338bd42cfde549b
IR,Ingersoll Rand Inc. Common Stock,nasdaqtrader:N:IR,SECURITY:IR:nasdaqtrader:N:IR,,common_equity,eligible,N,,,81.14,98.76,,337403448.6650794,0.2966625463535211,18.38342573679601,-16.522633744855963,2.8520725060210417,17.841231267719728,34.63604856992093,277.0,full,usable,2026-08-19,conditional,82.43,100.0,,,67.0,82.0,92.0,100.0,2.2.0,c8f1bf1665a8c5dfb834c0571e7dd5f6b6e5ccd00eab00295338bd42cfde549b
IRD,"Opus Genetics, Inc. - Common Stock",nasdaqtrader:Q:IRD,SECURITY:IRD:nasdaqtrader:Q:IRD,,common_equity,eligible,Q,,,4.07,5.75,,3597337.179206349,33.006535947712436,-4.460093896713602,8.53333333333335,253.9130434782609,29.217391304347817,69.79959033331212,277.0,full,usable,2026-08-19,conditional,83.93,100.0,,,95.0,92.0,45.0,100.0,2.2.0,c8f1bf1665a8c5dfb834c0571e7dd5f6b6e5ccd00eab00295338bd42cfde549b
IRDM,Iridium Communications Inc - Common Stock,nasdaqtrader:Q:IRDM,SECURITY:IRDM:nasdaqtrader:Q:IRDM,,common_equity,eligible,Q,,,48.71,55.72,,112630664.39944445,3.1117696867061895,11.797108101904975,111.14000866926746,97.60649087221095,12.580760947595115,35.61106926583979,277.0,full,usable,2026-08-19,conditional,84.14,100.0,,,73.0,82.0,92.0,100.0,2.2.0,c8f1bf1665a8c5dfb834c0571e7dd5f6b6e5ccd00eab00295338bd42cfde549b
IREN,IREN Limited - Ordinary Shares,nasdaqtrader:Q:IREN,SECURITY:IREN:nasdaqtrader:Q:IREN,,common_equity,eligible,Q,,,42.84,76.41,,2184928741.0549207,3.7539355776217143,-10.26392961876833,1.8060836501901267,106.90654431296794,43.934040047114244,128.68535744598336,277.0,full,usable,2026-08-19,conditional,96.79,100.0,,,95.0,95.0,100.0,100.0,2.2.0,c8f1bf1665a8c5dfb834c0571e7dd5f6b6e5ccd00eab00295338bd42cfde549b
IRHO,Iron Horse Acquisitions II Corp. - Common Stock,nasdaqtrader:Q:IRHO,SECURITY:IRHO:nasdaqtrader:Q:IRHO,,common_equity,eligible,Q,,,10.025,10.07,,494030.9792063492,0.14985014985016143,0.24999999999999467,1.5704154002026405,,0.4468718967229335,1.196165376836258,134.0,limited_but_usable,usable,2026-08-19,rejected,34.71,100.0,,,59.0,10.0,0.0,100.0,2.2.0,c8f1bf1665a8c5dfb834c0571e7dd5f6b6e5ccd00eab00295338bd42cfde549b
IRIX,IRIDEX Corporation - Common Stock,nasdaqtrader:Q:IRIX,SECURITY:IRIX:nasdaqtrader:Q:IRIX,,common_equity,eligible,Q,,,0.7829,1.56,,65189.878987301585,-14.446508578297458,-25.438095238095237,-43.26811594202897,-33.08547008547008,49.814102564102555,68.1156106095997,277.0,full,usable,2026-08-19,rejected,67.36,100.0,,,67.0,95.0,0.0,100.0,2.2.0,c8f1bf1665a8c5dfb834c0571e7dd5f6b6e5ccd00eab00295338bd42cfde549b
IRM,Iron Mountain Incorporated (Delaware)Common Stock REIT,nasdaqtrader:N:IRM,SECURITY:IRM:nasdaqtrader:N:IRM,,common_equity,eligible,N,,,122.08,133.06,,218908497.9709524,-2.7715833067856077,-1.1658031088082832,15.354814324860634,34.53824112849902,8.251916428678797,31.824245759016595,277.0,full,usable,2026-08-19,conditional,85.29,100.0,,,77.0,82.0,92.0,100.0,2.2.0,c8f1bf1665a8c5dfb834c0571e7dd5f6b6e5ccd00eab00295338bd42cfde549b
IRMD,iRadimed Corporation - Common Stock,nasdaqtrader:Q:IRMD,SECURITY:IRMD:nasdaqtrader:Q:IRMD,,common_equity,eligible,Q,,,87.4,105.15,,13098017.923095237,-7.970938191007681,0.045787545787545625,-13.840694006309139,24.661246612466137,16.88064669519733,31.741020830680604,277.0,full,usable,2026-08-19,conditional,81.71,100.0,,,87.0,82.0,62.0,100.0,2.2.0,c8f1bf1665a8c5dfb834c0571e7dd5f6b6e5ccd00eab00295338bd42cfde549b
IRON,"Disc Medicine, Inc. - Common Stock",nasdaqtrader:Q:IRON,SECURITY:IRON:nasdaqtrader:Q:IRON,,common_equity,eligible,Q,,,80.32,94.11,,38189980.10666666,6.271500396930407,25.362884345247384,24.565756823821317,36.505778382053,14.653065561576884,36.50541385429389,277.0,full,usable,2026-08-19,conditional,79.29,100.0,,,65.0,82.0,80.0,100.0,2.2.0,c8f1bf1665a8c5dfb834c0571e7dd5f6b6e5ccd00eab00295338bd42cfde549b
IRS,IRSA Inversiones Y Representaciones S.A. Global Depositary Shares (Each representing ten shares of Common Stock),nasdaqtrader:N:IRS,SECURITY:IRS:nasdaqtrader:N:IRS,,adr,eligible,N,,,14.74,18.41,,2290822.233968254,-4.098893949251781,9.917971662938108,-0.40540540540541237,-4.9032258064516165,19.93481803367735,25.524710834194376,277.0,full,usable,2026-08-19,conditional,70.64,100.0,,,61.0,82.0,45.0,100.0,2.2.0,c8f1bf1665a8c5dfb834c0571e7dd5f6b6e5ccd00eab00295338bd42cfde549b
IRT,"Independence Realty Trust, Inc. Common Stock",nasdaqtrader:N:IRT,SECURITY:IRT:nasdaqtrader:N:IRT,,common_equity,eligible,N,,,16.62,18.11,,50129274.69793651,0.9107468123861651,0.727272727272732,0.48367593712213,-3.315881326352532,8.227498619547202,22.17588410678111,277.0,full,usable,2026-08-19,conditional,81.57,100.0,,,73.0,82.0,80.0,100.0,2.2.0,c8f1bf1665a8c5dfb834c0571e7dd5f6b6e5ccd00eab00295338bd42cfde549b
IRTC,"iRhythm Holdings, Inc.  - Common Stock",nasdaqtrader:Q:IRTC,SECURITY:IRTC:nasdaqtrader:Q:IRTC,,common_equity,eligible,Q,,,124.75,189.25,,71530535.23888889,14.449541284403677,9.583626141953605,-18.91452713682158,-21.009307921230924,34.08190224570674,57.07200626307877,277.0,full,usable,2026-08-19,conditional,81.71,100.0,,,61.0,92.0,80.0,100.0,2.2.0,c8f1bf1665a8c5dfb834c0571e7dd5f6b6e5ccd00eab00295338bd42cfde549b
IRWD,"Ironwood Pharmaceuticals, Inc. - Class A Common Stock",nasdaqtrader:Q:IRWD,NAMECLASS:IRONWOOD PHARMACEUTICALS INC,,common_equity,eligible,Q,,,4.36,5.39,,9353122.88063492,11.508951406649626,18.80108991825613,-8.786610878661083,285.84070796460185,19.109461966604812,70.02553964903578,277.0,full,usable,2026-08-19,conditional,80.57,100.0,,,83.0,82.0,62.0,100.0,2.2.0,c8f1bf1665a8c5dfb834c0571e7dd5f6b6e5ccd00eab00295338bd42cfde549b
ISBA,Isabella Bank Corporation - Common stock,nasdaqtrader:Q:ISBA,SECURITY:ISBA:nasdaqtrader:Q:ISBA,,common_equity,eligible,Q,,,39.94,56.58,,2672268.6645238097,-0.10005002501249916,-4.243586669863353,-22.98495950636329,22.89230769230768,29.409685401201834,34.68451746042802,277.0,full,usable,2026-08-19,conditional,81.64,100.0,,,87.0,92.0,45.0,100.0,2.2.0,c8f1bf1665a8c5dfb834c0571e7dd5f6b6e5ccd00eab00295338bd42cfde549b
ISOU,IsoEnergy Ltd. Common Shares,nasdaqtrader:A:ISOU,SECURITY:ISOU:nasdaqtrader:A:ISOU,,common_equity,eligible,A,,,10.54,13.22,,1289562.5804761904,5.929648241206031,3.2321253672869643,0.2854424357754404,33.75634517766497,20.27231467473526,63.23793328898636,277.0,full,usable,2026-08-19,rejected,72.0,100.0,,,87.0,92.0,0.0,100.0,2.2.0,c8f1bf1665a8c5dfb834c0571e7dd5f6b6e5ccd00eab00295338bd42cfde549b
ISPR,Ispire Technology Inc. - Common Stock,nasdaqtrader:Q:ISPR,SECURITY:ISPR:nasdaqtrader:Q:ISPR,,common_equity,eligible,Q,,,1.5,3.68,,194557.1861904762,-11.764705882352944,-30.23255813953488,-45.45454545454546,-46.619217081850536,59.239130434782616,90.69031249641237,277.0,full,usable,2026-08-19,rejected,58.43,100.0,,,67.0,70.0,0.0,100.0,2.2.0,c8f1bf1665a8c5dfb834c0571e7dd5f6b6e5ccd00eab00295338bd42cfde549b
ISRG,"Intuitive Surgical, Inc. - Common Stock",nasdaqtrader:Q:ISRG,SECURITY:ISRG:nasdaqtrader:Q:ISRG,,common_equity,eligible,Q,,,397.72,592.85,,1207235820.666508,13.614808889904584,-9.932515059558844,-20.576723380461694,-17.362034574468076,32.913890528801545,61.344740681932834,277.0,full,usable,2026-08-19,conditional,89.43,100.0,,,73.0,92.0,100.0,100.0,2.2.0,c8f1bf1665a8c5dfb834c0571e7dd5f6b6e5ccd00eab00295338bd42cfde549b
ISTR,Investar Holding Corporation - Common Stock,nasdaqtrader:Q:ISTR,SECURITY:ISTR:nasdaqtrader:Q:ISTR,,common_equity,eligible,Q,,,29.85,30.95,,5490114.836984127,-0.033489618218340844,6.683345246604722,1.1178861788617933,34.03682083520432,3.5541195476575083,21.044596670312032,277.0,full,usable,2026-08-19,conditional,52.57,100.0,,,75.0,10.0,62.0,100.0,2.2.0,c8f1bf1665a8c5dfb834c0571e7dd5f6b6e5ccd00eab00295338bd42cfde549b
IT,"Gartner, Inc. Common Stock",nasdaqtrader:N:IT,SECURITY:IT:nasdaqtrader:N:IT,,common_equity,eligible,N,,,192.82,264.09,,243073964.3704762,43.07338428433627,25.094070325677965,19.578294573643397,-19.30191679919645,26.987012003483656,82.82989201363004,277.0,full,usable,2026-08-19,conditional,81.43,100.0,,,51.0,92.0,92.0,100.0,2.2.0,c8f1bf1665a8c5dfb834c0571e7dd5f6b6e5ccd00eab00295338bd42cfde549b
ITG,"ITG, Inc. - Class A Common Stock",nasdaqtrader:Q:ITG,NAMECLASS:ITG INC,,common_equity,eligible,Q,,,12.84,17.71,,7867219.421714285,5.332239540607064,,,,27.498588368153587,94.76355059989268,35.0,insufficient,usable,2026-08-19,recheck,,71.43,,,,92.0,62.0,76.0,2.2.0,c8f1bf1665a8c5dfb834c0571e7dd5f6b6e5ccd00eab00295338bd42cfde549b
ITGR,Integer Holdings Corporation Common Stock,nasdaqtrader:N:ITGR,SECURITY:ITGR:nasdaqtrader:N:ITGR,,common_equity,eligible,N,,,125.3,126.07,,95329710.60126984,30.100716436507113,38.54489164086687,44.88899167437557,18.722759143452716,0.6107717934480839,57.661498360274834,277.0,full,usable,2026-08-19,conditional,53.57,100.0,,,65.0,10.0,80.0,100.0,2.2.0,c8f1bf1665a8c5dfb834c0571e7dd5f6b6e5ccd00eab00295338bd42cfde549b
ITIC,Investors Title Company - Common Stock,nasdaqtrader:Q:ITIC,SECURITY:ITIC:nasdaqtrader:Q:ITIC,,common_equity,eligible,Q,,,292.39,296.58,,14473365.934761904,2.059408705364918,22.82197765269258,25.80783959382127,23.158249441893773,1.4127722705509438,24.275154686273467,277.0,full,usable,2026-08-19,conditional,49.71,100.0,,,65.0,10.0,62.0,100.0,2.2.0,c8f1bf1665a8c5dfb834c0571e7dd5f6b6e5ccd00eab00295338bd42cfde549b
ITP,"IT Tech Packaging, Inc. Common Stock",nasdaqtrader:A:ITP,SECURITY:ITP:nasdaqtrader:A:ITP,,common_equity,eligible,A,,,0.1759,0.3417,,161858.3596126984,-4.8674959437533865,-9.794871794871796,-16.078244274809162,-10.025575447570334,48.52209540532632,62.03424196125954,277.0,full,usable,2026-08-19,rejected,69.07,100.0,,,73.0,95.0,0.0,100.0,2.2.0,c8f1bf1665a8c5dfb834c0571e7dd5f6b6e5ccd00eab00295338bd42cfde549b
ITRG,Integra Resources Corp. Common Shares,nasdaqtrader:A:ITRG,SECURITY:ITRG:nasdaqtrader:A:ITRG,,common_equity,eligible,A,,,2.83,4.62,,7808633.312380953,31.018518518518512,16.94214876033058,-20.94972067039106,47.39583333333335,38.74458874458875,57.0656715601397,277.0,full,usable,2026-08-19,conditional,82.93,100.0,,,75.0,95.0,62.0,100.0,2.2.0,c8f1bf1665a8c5dfb834c0571e7dd5f6b6e5ccd00eab00295338bd42cfde549b
ITRI,"Itron, Inc. - Common Stock",nasdaqtrader:Q:ITRI,SECURITY:ITRI:nasdaqtrader:Q:ITRI,,common_equity,eligible,Q,,,98.86,138.18,,73990076.62722223,17.494651770858095,26.711099718021035,-0.7230367543683447,-22.389700109907363,28.455637574178617,75.28835401257004,277.0,full,usable,2026-08-19,conditional,81.71,100.0,,,61.0,92.0,80.0,100.0,2.2.0,c8f1bf1665a8c5dfb834c0571e7dd5f6b6e5ccd00eab00295338bd42cfde549b
ITRN,Ituran Location and Control Ltd. - Ordinary Shares,nasdaqtrader:Q:ITRN,SECURITY:ITRN:nasdaqtrader:Q:ITRN,,common_equity,eligible,Q,,,50.8,66.37,,9414738.26,-11.544488943061125,-10.798946444249346,6.076425140947994,26.11717974180734,23.459394304655724,25.855904933954704,277.0,full,usable,2026-08-19,conditional,85.29,100.0,,,87.0,92.0,62.0,100.0,2.2.0,c8f1bf1665a8c5dfb834c0571e7dd5f6b6e5ccd00eab00295338bd42cfde549b
ITT,ITT Inc. Common Stock,nasdaqtrader:N:ITT,SECURITY:ITT:nasdaqtrader:N:ITT,,common_equity,eligible,N,,,213.55,221.69,,183428962.92301586,11.520183821609486,11.782872696817437,4.201229628183856,28.2813720189824,3.6717939465018667,27.415458652999575,277.0,full,usable,2026-08-19,conditional,59.0,100.0,,,75.0,10.0,92.0,100.0,2.2.0,c8f1bf1665a8c5dfb834c0571e7dd5f6b6e5ccd00eab00295338bd42cfde549b
ITW,Illinois Tool Works Inc. Common Stock,nasdaqtrader:N:ITW,SECURITY:ITW:nasdaqtrader:N:ITW,,common_equity,eligible,N,,,284.25,299.6,,377442258.1779365,4.507518658774212,14.908841007397822,-4.0214748784440975,9.65589074917057,5.1234979973297845,24.436369925219726,277.0,full,usable,2026-08-19,conditional,63.14,100.0,,,67.0,28.0,92.0,100.0,2.2.0,c8f1bf1665a8c5dfb834c0571e7dd5f6b6e5ccd00eab00295338bd42cfde549b
IVA,Inventiva S.A. - American Depository Shares,nasdaqtrader:Q:IVA,SECURITY:IVA:nasdaqtrader:Q:IVA,,adr,eligible,Q,,,4.76,7.15,,4228023.800634921,6.249999999999978,-3.054989816700615,-22.852512155591576,3.703703703703698,33.426573426573434,43.78332412443846,277.0,full,usable,2026-08-19,conditional,79.36,100.0,,,79.0,92.0,45.0,100.0,2.2.0,c8f1bf1665a8c5dfb834c0571e7dd5f6b6e5ccd00eab00295338bd42cfde549b
IVF,"INVO Fertility, Inc. - Common Stock",nasdaqtrader:Q:IVF,SECURITY:IVF:nasdaqtrader:Q:IVF,,common_equity,eligible,Q,,,1.13,56.0,,8400024.277679365,8.653846153846146,-20.97902097902098,-77.4,-97.99645390070923,97.98214285714286,162.5349010469541,277.0,full,usable,2026-08-19,conditional,44.57,100.0,,,22.0,30.0,62.0,100.0,2.2.0,c8f1bf1665a8c5dfb834c0571e7dd5f6b6e5ccd00eab00295338bd42cfde549b
IVR,INVESCO MORTGAGE CAPITAL INC Common Stock,nasdaqtrader:N:IVR,SECURITY:IVR:nasdaqtrader:N:IVR,,common_equity,eligible,N,,,7.58,9.41,,20382983.386031743,-4.171934260429833,-4.171934260429833,-13.371428571428567,-0.13175230566534468,19.447396386822525,19.849292677614113,277.0,full,usable,2026-08-19,conditional,77.71,100.0,,,73.0,82.0,62.0,100.0,2.2.0,c8f1bf1665a8c5dfb834c0571e7dd5f6b6e5ccd00eab00295338bd42cfde549b
IVT,InvenTrust Properties Corp. Common Stock,nasdaqtrader:N:IVT,SECURITY:IVT:nasdaqtrader:N:IVT,,common_equity,eligible,N,,,33.3,36.73,,34190892.81095238,-8.767123287671241,2.6827012025901764,8.96596858638743,18.294849023090578,9.338415464198203,18.585693248482777,277.0,full,usable,2026-08-19,conditional,85.57,100.0,,,87.0,82.0,80.0,100.0,2.2.0,c8f1bf1665a8c5dfb834c0571e7dd5f6b6e5ccd00eab00295338bd42cfde549b
IVZ,Invesco Ltd Common Stock,nasdaqtrader:N:IVZ,SECURITY:IVZ:nasdaqtrader:N:IVZ,,common_equity,eligible,N,,,32.21,32.57,,147297113.56126985,7.009966777408638,21.684926331696275,20.456245325355283,53.380952380952394,1.1053116364752813,37.72654482734619,277.0,full,usable,2026-08-19,conditional,58.43,100.0,,,73.0,10.0,92.0,100.0,2.2.0,c8f1bf1665a8c5dfb834c0571e7dd5f6b6e5ccd00eab00295338bd42cfde549b
IWM,iShares Russell 2000 Index Fund,US:IWM,SECURITY:IWM:US:IWM,,etf,eligible,P,,,301.72,305.09,,7024850548.026507,1.7468132461050834,10.520146520146522,14.292208038183274,32.35655378136515,1.1045920875806914,14.143060903144164,277.0,full,usable,2026-08-19,conditional,60.71,100.0,,,75.0,10.0,100.0,100.0,2.2.0,c8f1bf1665a8c5dfb834c0571e7dd5f6b6e5ccd00eab00295338bd42cfde549b
IX,ORIX Corporation American Depositary Shares,nasdaqtrader:N:IX,SECURITY:IX:nasdaqtrader:N:IX,,adr,eligible,N,,,37.51,41.31,,11160109.465396827,-7.176441474882456,0.7791509940892061,5.751339159853397,44.1029581252401,9.19874122488502,32.57658118153797,277.0,full,usable,2026-08-19,conditional,81.71,100.0,,,87.0,82.0,62.0,100.0,2.2.0,c8f1bf1665a8c5dfb834c0571e7dd5f6b6e5ccd00eab00295338bd42cfde549b
IXHL,Incannex Healthcare Inc. - Common Stock,nasdaqtrader:Q:IXHL,SECURITY:IXHL:nasdaqtrader:Q:IXHL,,common_equity,eligible,Q,,,3.44,22.22,,722011.9286507937,7.1651090342679025,-7.027027027027033,-55.8974358974359,-71.33333333333334,84.51845184518452,35.741989826116935,277.0,full,usable,2026-08-19,rejected,35.57,100.0,,,37.0,30.0,0.0,100.0,2.2.0,c8f1bf1665a8c5dfb834c0571e7dd5f6b6e5ccd00eab00295338bd42cfde549b
IZEA,"IZEA Worldwide, Inc. - Common Stock",nasdaqtrader:Q:IZEA,SECURITY:IZEA:nasdaqtrader:Q:IZEA,,common_equity,eligible,Q,,,3.06,5.7,,193451.1780952381,-11.560693641618492,-17.741935483870975,-8.383233532934131,-28.421052631578945,46.31578947368421,55.52085550653983,277.0,full,usable,2026-08-19,rejected,67.36,100.0,,,67.0,95.0,0.0,100.0,2.2.0,c8f1bf1665a8c5dfb834c0571e7dd5f6b6e5ccd00eab00295338bd42cfde549b
J,Jacobs Solutions Inc. Common Stock,nasdaqtrader:N:J,SECURITY:J:nasdaqtrader:N:J,,common_equity,eligible,N,,,147.37,164.44,,139521135.8325397,13.676334464671402,30.543006466471788,4.155770725846342,0.39512228353431045,10.380685964485526,28.169336386436,277.0,full,usable,2026-08-19,conditional,82.43,100.0,,,67.0,82.0,92.0,100.0,2.2.0,c8f1bf1665a8c5dfb834c0571e7dd5f6b6e5ccd00eab00295338bd42cfde549b
JACK,Jack In The Box Inc. - Common Stock,nasdaqtrader:Q:JACK,SECURITY:JACK:nasdaqtrader:Q:JACK,,common_equity,eligible,Q,,,17.15,23.52,,14946903.633174604,15.800135043889242,49.91258741258741,-22.080872330758762,-8.679446219382337,27.083333333333336,64.58377494776857,277.0,full,usable,2026-08-19,conditional,77.86,100.0,,,61.0,92.0,62.0,100.0,2.2.0,c8f1bf1665a8c5dfb834c0571e7dd5f6b6e5ccd00eab00295338bd42cfde549b
JAGU,Jaguar Uranium Corp. Class A Common Shares,nasdaqtrader:A:JAGU,NAMECLASS:JAGUAR URANIUM CORP,,common_equity,eligible,A,,,1.61,3.32,,195762.30436507938,-10.05586592178771,-21.078431372549012,-46.33333333333333,,51.50602409638554,62.197573335785904,132.0,limited_but_usable,usable,2026-08-19,rejected,56.14,100.0,,,59.0,70.0,0.0,100.0,2.2.0,c8f1bf1665a8c5dfb834c0571e7dd5f6b6e5ccd00eab00295338bd42cfde549b
JAGX,"Jaguar Health, Inc. - Common Stock",nasdaqtrader:Q:JAGX,SECURITY:JAGX:nasdaqtrader:Q:JAGX,,common_equity,eligible,Q,,,0.9243,81.55,,237841.62436190475,-26.642857142857146,-72.45007451564828,-95.74055299539171,-98.72422360248447,98.86658491722869,158.931511811689,277.0,full,usable,2026-08-19,rejected,25.0,100.0,,,0.0,30.0,0.0,100.0,2.2.0,c8f1bf1665a8c5dfb834c0571e7dd5f6b6e5ccd00eab00295338bd42cfde549b
JAKK,"JAKKS Pacific, Inc. - Common Stock",nasdaqtrader:Q:JAKK,SECURITY:JAKK:nasdaqtrader:Q:JAKK,,common_equity,eligible,Q,,,25.39,26.63,,2062894.8836507937,4.0147480540762,19.257867543447627,43.20360970107162,47.960372960372965,4.656402553511074,35.30762189178317,277.0,full,usable,2026-08-19,conditional,46.07,100.0,,,65.0,10.0,45.0,100.0,2.2.0,c8f1bf1665a8c5dfb834c0571e7dd5f6b6e5ccd00eab00295338bd42cfde549b
JAN,"Janus Living, Inc. Class A-1 Common Stock",nasdaqtrader:N:JAN,NAMECLASS:JANUS LIVING INC,,common_equity,eligible,N,,,30.56,31.65,,48305195.690476194,-0.29363784665579207,15.103578154425602,1044.569288389513,5633.58348968105,3.4439178515007884,28.29667188298285,836.0,full,usable,2026-08-19,conditional,55.86,100.0,,,73.0,10.0,80.0,100.0,2.2.0,c8f1bf1665a8c5dfb834c0571e7dd5f6b6e5ccd00eab00295338bd42cfde549b
JANX,"Janux Therapeutics, Inc. - Common Stock",nasdaqtrader:Q:JANX,SECURITY:JANX:nasdaqtrader:Q:JANX,,common_equity,eligible,Q,,,17.52,34.74,,14836140.10111111,7.749077490774892,26.864590876176674,32.626797880393624,-31.37485311398356,49.568221070811745,38.31007297209415,277.0,full,usable,2026-08-19,conditional,74.36,100.0,,,45.0,95.0,62.0,100.0,2.2.0,c8f1bf1665a8c5dfb834c0571e7dd5f6b6e5ccd00eab00295338bd42cfde549b
JAZZ,Jazz Pharmaceuticals plc - Ordinary Shares,nasdaqtrader:Q:JAZZ,SECURITY:JAZZ:nasdaqtrader:Q:JAZZ,,common_equity,eligible,Q,,,252.16,261.62,,200363118.5931746,-0.8103217685469288,6.1949884186144555,49.45471787577051,114.29421262853742,3.61593150370767,27.65141224842403,277.0,full,usable,2026-08-19,conditional,58.43,100.0,,,73.0,10.0,92.0,100.0,2.2.0,c8f1bf1665a8c5dfb834c0571e7dd5f6b6e5ccd00eab00295338bd42cfde549b
JBDI,JBDI Holdings Limited - Ordinary Shares,nasdaqtrader:Q:JBDI,SECURITY:JBDI:nasdaqtrader:Q:JBDI,,common_equity,eligible,Q,,,1.27,4.74,,163039.3298095238,-3.7878787878787956,17.59259259259258,-14.18918918918919,-36.5,73.20675105485233,117.71734064313621,277.0,full,usable,2026-08-19,rejected,40.71,100.0,,,55.0,30.0,0.0,100.0,2.2.0,c8f1bf1665a8c5dfb834c0571e7dd5f6b6e5ccd00eab00295338bd42cfde549b
JBGS,JBG SMITH Properties Common Shares,nasdaqtrader:N:JBGS,SECURITY:JBGS:nasdaqtrader:N:JBGS,,common_equity,eligible,N,,,12.18,24.23,,8749769.338412698,-15.94202898550725,-14.22535211267606,-22.764743183259352,-38.793969849246224,49.73173751547668,62.539408930948866,277.0,full,usable,2026-08-19,conditional,80.64,100.0,,,67.0,95.0,62.0,100.0,2.2.0,c8f1bf1665a8c5dfb834c0571e7dd5f6b6e5ccd00eab00295338bd42cfde549b
JBHT,"J.B. Hunt Transport Services, Inc. - Common Stock",nasdaqtrader:Q:JBHT,SECURITY:JBHT:nasdaqtrader:Q:JBHT,,common_equity,eligible,Q,,,272.42,298.41,,273683243.91793656,-7.106322035054213,6.194207305188493,21.915417319310816,91.14510244176255,8.709493649676626,35.35829738978916,277.0,full,usable,2026-08-19,conditional,84.14,100.0,,,73.0,82.0,92.0,100.0,2.2.0,c8f1bf1665a8c5dfb834c0571e7dd5f6b6e5ccd00eab00295338bd42cfde549b
JBI,"Janus International Group, Inc. Common Stock",nasdaqtrader:N:JBI,SECURITY:JBI:nasdaqtrader:N:JBI,,common_equity,eligible,N,,,5.11,10.57,,8706012.260952381,-3.5849056603773466,7.805907172995785,-27.620396600566565,-50.0,51.65562913907284,38.33791875531616,277.0,full,usable,2026-08-19,conditional,68.29,100.0,,,55.0,70.0,62.0,100.0,2.2.0,c8f1bf1665a8c5dfb834c0571e7dd5f6b6e5ccd00eab00295338bd42cfde549b
JBIO,"Jade Biosciences, Inc. - Common Stock",nasdaqtrader:Q:JBIO,SECURITY:JBIO:nasdaqtrader:Q:JBIO,,common_equity,eligible,Q,,,22.55,26.85,,22265579.496984128,9.839259620068198,3.062157221206596,55.94744121715076,200.66666666666669,16.014897579143394,60.47408099406976,277.0,full,usable,2026-08-19,conditional,81.14,100.0,,,85.0,82.0,62.0,100.0,2.2.0,c8f1bf1665a8c5dfb834c0571e7dd5f6b6e5ccd00eab00295338bd42cfde549b
JBK,Lehman ABS 3.50 3.50% Adjustable Corp Backed Tr Certs GS Cap I,qrgf-resolution-required:N:JBK,SECURITY:JBK:qrgf-resolution-required:N:JBK,,common_equity,eligible,N,,,25.72,27.8,,10935.019682539682,-0.8863198458574195,-6.438704983630405,0.8627450980392082,-1.9256434699714164,7.482014388489211,13.935848151394659,276.0,full,usable,2026-08-18,rejected,45.14,100.0,,,73.0,28.0,0.0,100.0,2.2.0,c8f1bf1665a8c5dfb834c0571e7dd5f6b6e5ccd00eab00295338bd42cfde549b
JBL,Jabil Inc. Common Stock,nasdaqtrader:N:JBL,SECURITY:JBL:nasdaqtrader:N:JBL,,common_equity,eligible,N,,,322.77,385.63,,447056003.0846032,1.204025961809796,-3.03713049747657,23.885008060182678,49.666141148103485,16.30059901978581,56.065808418761186,277.0,full,usable,2026-08-19,conditional,85.29,100.0,,,77.0,82.0,92.0,100.0,2.2.0,c8f1bf1665a8c5dfb834c0571e7dd5f6b6e5ccd00eab00295338bd42cfde549b
JBLU,JetBlue Airways Corporation - Common Stock,nasdaqtrader:Q:JBLU,SECURITY:JBLU:nasdaqtrader:Q:JBLU,,common_equity,eligible,Q,,,4.9,6.46,,168478213.9611111,-8.411214953271017,11.87214611872147,-24.148606811145502,-5.405405405405395,24.148606811145502,66.82736648636818,277.0,full,usable,2026-08-19,conditional,84.29,100.0,,,61.0,92.0,92.0,100.0,2.2.0,c8f1bf1665a8c5dfb834c0571e7dd5f6b6e5ccd00eab00295338bd42cfde549b
JBS,JBS N.V. Class A Common Shares,nasdaqtrader:N:JBS,NAMECLASS:JBS N V,,common_equity,eligible,N,,,13.75,18.42,,89592723.6620635,15.062761506276168,10.088070456365084,-14.116177389131801,-8.026755852842804,25.352877307274714,42.09910177215266,277.0,full,usable,2026-08-19,conditional,81.71,100.0,,,61.0,92.0,80.0,100.0,2.2.0,c8f1bf1665a8c5dfb834c0571e7dd5f6b6e5ccd00eab00295338bd42cfde549b
JBSS,"John B. Sanfilippo & Son, Inc. - Common Stock",nasdaqtrader:Q:JBSS,SECURITY:JBSS:nasdaqtrader:Q:JBSS,,common_equity,eligible,Q,,,81.3,90.6,,10461680.996507935,1.1697361871577883,7.824933687002633,0.7934540044631788,28.07183364839321,10.264900662251652,34.68565908624336,277.0,full,usable,2026-08-19,conditional,78.29,100.0,,,75.0,82.0,62.0,100.0,2.2.0,c8f1bf1665a8c5dfb834c0571e7dd5f6b6e5ccd00eab00295338bd42cfde549b
JBTM,JBT Marel Corporation Common Stock,nasdaqtrader:N:JBTM,SECURITY:JBTM:nasdaqtrader:N:JBTM,,common_equity,eligible,N,,,115.03,168.55,,74536328.72238095,-13.158689415672665,-8.049560351718622,-29.451088623121745,-17.36944185044178,31.753188964698907,43.07685490708911,277.0,full,usable,2026-08-19,conditional,85.14,100.0,,,73.0,92.0,80.0,100.0,2.2.0,c8f1bf1665a8c5dfb834c0571e7dd5f6b6e5ccd00eab00295338bd42cfde549b
JCAP,"Jefferson Capital, Inc. - Common Stock",nasdaqtrader:Q:JCAP,SECURITY:JCAP:nasdaqtrader:Q:JCAP,,common_equity,eligible,Q,,,23.41,24.0,,6945911.074126984,21.2325220093216,34.46295232624927,10.320452403393032,23.470464135021096,2.458333333333329,38.79373304219248,277.0,full,usable,2026-08-19,conditional,52.57,100.0,,,75.0,10.0,62.0,100.0,2.2.0,c8f1bf1665a8c5dfb834c0571e7dd5f6b6e5ccd00eab00295338bd42cfde549b
JCI,Johnson Controls International plc Ordinary Share,nasdaqtrader:N:JCI,SECURITY:JCI:nasdaqtrader:N:JCI,,common_equity,eligible,N,,,144.94,154.76,,589323827.8712698,2.279302801495997,7.029980800472613,3.9145397189561226,37.11096395799831,6.345308865339883,27.58114222236161,277.0,full,usable,2026-08-19,conditional,67.14,100.0,,,75.0,28.0,100.0,100.0,2.2.0,c8f1bf1665a8c5dfb834c0571e7dd5f6b6e5ccd00eab00295338bd42cfde549b
JCSE,JE Cleantech Holdings Limited - Ordinary Shares,nasdaqtrader:Q:JCSE,SECURITY:JCSE:nasdaqtrader:Q:JCSE,,common_equity,eligible,Q,,,1.58,2.48,,24030.857201587303,12.857142857142879,36.20689655172416,85.88235294117648,75.55555555555556,36.29032258064516,69.73357198872868,277.0,full,usable,2026-08-19,rejected,69.07,100.0,,,73.0,95.0,0.0,100.0,2.2.0,c8f1bf1665a8c5dfb834c0571e7dd5f6b6e5ccd00eab00295338bd42cfde549b
JCTC,Jewett-Cameron Trading Company - Common Shares,nasdaqtrader:Q:JCTC,SECURITY:JCTC:nasdaqtrader:Q:JCTC,,common_equity,eligible,Q,,,2.98,3.89,,72311.81579365079,14.176245210727977,49.0,63.73626373626373,-23.785166240409204,23.393316195372748,73.74477941563788,277.0,full,usable,2026-08-19,rejected,61.71,100.0,,,51.0,92.0,0.0,100.0,2.2.0,c8f1bf1665a8c5dfb834c0571e7dd5f6b6e5ccd00eab00295338bd42cfde549b
JD,"JD.com, Inc. - American Depositary Shares",nasdaqtrader:Q:JD,SECURITY:JD:nasdaqtrader:Q:JD,,adr,eligible,Q,,,29.35,36.17,,253481672.75174603,-3.549129148866248,-9.357628165534281,7.077708865377597,-7.6172489770223395,18.855405031794305,34.64391771611262,277.0,full,usable,2026-08-19,conditional,84.14,100.0,,,73.0,82.0,92.0,100.0,2.2.0,c8f1bf1665a8c5dfb834c0571e7dd5f6b6e5ccd00eab00295338bd42cfde549b
JDZG,JIADE LIMITED - Class A Ordinary Shares,nasdaqtrader:Q:JDZG,NAMECLASS:JIADE LIMITED,,common_equity,eligible,Q,,,4.25,952.5,,3205665.5938095236,-91.5,-82.0675105485232,-92.72882805816937,-99.07089609339134,99.55380577427822,633.3443733267688,277.0,full,usable,2026-08-19,conditional,34.64,100.0,,,0.0,30.0,45.0,100.0,2.2.0,c8f1bf1665a8c5dfb834c0571e7dd5f6b6e5ccd00eab00295338bd42cfde549b
JEF,Jefferies Financial Group Inc. Common Stock,nasdaqtrader:N:JEF,SECURITY:JEF:nasdaqtrader:N:JEF,,common_equity,eligible,N,,,53.55,70.36,,116887797.20952381,-5.622136059217486,4.876615746180946,-0.5940226471134236,-10.79460269865068,23.891415577032404,30.039105538019555,277.0,full,usable,2026-08-19,conditional,87.71,100.0,,,73.0,92.0,92.0,100.0,2.2.0,c8f1bf1665a8c5dfb834c0571e7dd5f6b6e5ccd00eab00295338bd42cfde549b
JELD,"JELD-WEN Holding, Inc. Common Stock",nasdaqtrader:N:JELD,SECURITY:JELD:nasdaqtrader:N:JELD,,common_equity,eligible,N,,,2.04,6.76,,2821266.7238095235,71.42857142857144,42.65734265734267,-17.07317073170731,-65.24701873935264,69.8224852071006,90.98426663433732,277.0,full,usable,2026-08-19,conditional,50.36,100.0,,,55.0,30.0,45.0,100.0,2.2.0,c8f1bf1665a8c5dfb834c0571e7dd5f6b6e5ccd00eab00295338bd42cfde549b
JEM,707 Cayman Holdings Limited - Ordinary Shares,nasdaqtrader:Q:JEM,SECURITY:JEM:nasdaqtrader:Q:JEM,,common_equity,eligible,Q,,,4.25,928.8,,17445893.14331746,14.247311827956977,-82.11279461279462,-84.81057898498928,-99.48219985867101,99.54242032730404,262.25890204996574,277.0,full,usable,2026-08-19,conditional,38.29,100.0,,,0.0,30.0,62.0,100.0,2.2.0,c8f1bf1665a8c5dfb834c0571e7dd5f6b6e5ccd00eab00295338bd42cfde549b
JF,J and Friends Holdings Limited - American Depositary Shares,nasdaqtrader:Q:JF,SECURITY:JF:nasdaqtrader:Q:JF,,adr,eligible,Q,,,0.928,1.22,,14290.905242857143,7.906976744186056,-7.199999999999996,-2.664149360184598,-4.32989690721649,23.934426229508187,68.1316819337004,277.0,full,usable,2026-08-19,rejected,68.0,100.0,,,73.0,92.0,0.0,100.0,2.2.0,c8f1bf1665a8c5dfb834c0571e7dd5f6b6e5ccd00eab00295338bd42cfde549b
JFB,JFB Construction Holdings - Class A Common Stock,nasdaqtrader:Q:JFB,NAMECLASS:JFB CONSTRUCTION HOLDINGS,,common_equity,eligible,Q,,,4.3,16.79,,2335744.684285714,14.973262032085554,-16.179337231968816,-58.85167464114832,16.689280868385346,74.38951756998213,86.53560816686752,277.0,full,usable,2026-08-19,conditional,56.64,100.0,,,77.0,30.0,45.0,100.0,2.2.0,c8f1bf1665a8c5dfb834c0571e7dd5f6b6e5ccd00eab00295338bd42cfde549b
JFIN,Jiayin Group Inc. - American Depositary Shares,nasdaqtrader:Q:JFIN,SECURITY:JFIN:nasdaqtrader:Q:JFIN,,adr,eligible,Q,,,2.4,14.24,,260492.52484126983,-2.4390243902439046,-44.31554524361949,-62.441314553990615,-81.5668202764977,83.14606741573034,74.29087961006496,277.0,full,usable,2026-08-19,rejected,35.57,100.0,,,37.0,30.0,0.0,100.0,2.2.0,c8f1bf1665a8c5dfb834c0571e7dd5f6b6e5ccd00eab00295338bd42cfde549b
JFU,9F Inc. - American Depositary Shares,nasdaqtrader:Q:JFU,SECURITY:JFU:nasdaqtrader:Q:JFU,,adr,eligible,Q,,,2.7,8.435,,317541.17305555556,21.293800539083563,-27.807486631016044,-44.44444444444444,42.105263157894754,67.99051570835803,123.33763162268157,277.0,full,usable,2026-08-19,rejected,49.86,100.0,,,87.0,30.0,0.0,100.0,2.2.0,c8f1bf1665a8c5dfb834c0571e7dd5f6b6e5ccd00eab00295338bd42cfde549b
JG,Aurora Mobile Limited - American Depositary Shares,nasdaqtrader:Q:JG,SECURITY:JG:nasdaqtrader:Q:JG,,adr,eligible,Q,,,6.27,10.3911,,41893.74932380953,61.18251928020564,3.4653465346534684,-23.536585365853657,-30.7182320441989,39.659901261656614,80.19578473462967,277.0,full,usable,2026-08-19,rejected,67.36,100.0,,,67.0,95.0,0.0,100.0,2.2.0,c8f1bf1665a8c5dfb834c0571e7dd5f6b6e5ccd00eab00295338bd42cfde549b
JHX,James Hardie Industries plc. Ordinary Shares,nasdaqtrader:N:JHX,SECURITY:JHX:nasdaqtrader:N:JHX,,common_equity,eligible,N,,,30.2,31.08,,195711676.76555556,21.285140562248994,62.19119226638021,20.17508953442102,4.498269896193774,2.8314028314028294,44.37196497147374,277.0,full,usable,2026-08-19,conditional,53.86,100.0,,,57.0,10.0,92.0,100.0,2.2.0,c8f1bf1665a8c5dfb834c0571e7dd5f6b6e5ccd00eab00295338bd42cfde549b
JILL,"J. Jill, Inc. Common Stock",nasdaqtrader:N:JILL,SECURITY:JILL:nasdaqtrader:N:JILL,,common_equity,eligible,N,,,20.45,20.45,,1159237.7822222223,25.768757687576848,76.75021607605876,19.66062024575774,26.39060568603213,0.0,41.59203059707674,277.0,full,usable,2026-08-19,rejected,36.43,100.0,,,65.0,10.0,0.0,100.0,2.2.0,c8f1bf1665a8c5dfb834c0571e7dd5f6b6e5ccd00eab00295338bd42cfde549b
JJSF,J & J Snack Foods Corp. - Common Stock,nasdaqtrader:Q:JJSF,SECURITY:JJSF:nasdaqtrader:Q:JJSF,,common_equity,eligible,Q,,,90.75,115.965,,19438468.381666668,18.488053270661965,25.08614748449345,6.928243195475425,-19.490773598296663,21.743629543396715,40.51502007161412,277.0,full,usable,2026-08-19,conditional,77.86,100.0,,,61.0,92.0,62.0,100.0,2.2.0,c8f1bf1665a8c5dfb834c0571e7dd5f6b6e5ccd00eab00295338bd42cfde549b
JKHY,"Jack Henry & Associates, Inc. - Common Stock",nasdaqtrader:Q:JKHY,SECURITY:JKHY:nasdaqtrader:Q:JKHY,,common_equity,eligible,Q,,,163.06,192.6,,202797797.81325397,9.509738079247821,16.056939501779354,2.7084908037289024,1.386557234346819,15.337487019730013,36.33774155489441,277.0,full,usable,2026-08-19,conditional,82.43,100.0,,,67.0,82.0,92.0,100.0,2.2.0,c8f1bf1665a8c5dfb834c0571e7dd5f6b6e5ccd00eab00295338bd42cfde549b
JKS,JinkoSolar Holding Company Limited American Depositary Shares (each representing 4 Common Shares),nasdaqtrader:N:JKS,SECURITY:JKS:nasdaqtrader:N:JKS,,adr,eligible,N,,,16.96,30.58,,12782105.274285713,3.351614868982322,-23.56917530419108,-36.645498692566306,-26.89655172413793,44.53891432308698,41.112672822283,277.0,full,usable,2026-08-19,conditional,80.64,100.0,,,67.0,95.0,62.0,100.0,2.2.0,c8f1bf1665a8c5dfb834c0571e7dd5f6b6e5ccd00eab00295338bd42cfde549b
JL,J-Long Group Limited - Class A Ordinary Shares,nasdaqtrader:Q:JL,NAMECLASS:J LONG GROUP LIMITED,,common_equity,eligible,Q,,,4.36,7.245,,245373.27644920637,-29.563812600969307,-34.92537313432835,1.3953488372093092,-26.101694915254235,39.82056590752242,42.23544217639625,277.0,full,usable,2026-08-19,rejected,67.36,100.0,,,67.0,95.0,0.0,100.0,2.2.0,c8f1bf1665a8c5dfb834c0571e7dd5f6b6e5ccd00eab00295338bd42cfde549b
JLHL,Julong Holding Limited - Class A Ordinary Shares,nasdaqtrader:Q:JLHL,NAMECLASS:JULONG HOLDING LIMITED,,common_equity,eligible,Q,,,7.08,44.8,,29660202.36968254,-8.762886597938135,-71.21951219512195,19.999999999999996,86.31578947368422,84.19642857142857,489.63211147735717,277.0,full,usable,2026-08-19,conditional,57.86,100.0,,,55.0,30.0,80.0,100.0,2.2.0,c8f1bf1665a8c5dfb834c0571e7dd5f6b6e5ccd00eab00295338bd42cfde549b
JLL,Jones Lang LaSalle Incorporated Common Stock,nasdaqtrader:N:JLL,SECURITY:JLL:nasdaqtrader:N:JLL,,common_equity,eligible,N,,,390.21,390.21,,122331050.52142857,20.27185303908272,36.189445762948495,24.10470071878379,33.21384678410486,0.0,35.03250644360697,277.0,full,usable,2026-08-19,conditional,56.14,100.0,,,65.0,10.0,92.0,100.0,2.2.0,c8f1bf1665a8c5dfb834c0571e7dd5f6b6e5ccd00eab00295338bd42cfde549b
JMIA,"Jumia Technologies AG American Depositary Shares, each representing two Ordinary Shares",nasdaqtrader:N:JMIA,SECURITY:JMIA:nasdaqtrader:N:JMIA,,adr,eligible,N,,,6.73,14.6,,12417965.95079365,7.165605095541405,-2.3222060957909907,-28.55626326963906,-16.189290161892888,53.90410958904109,59.23836316626671,277.0,full,usable,2026-08-19,conditional,73.43,100.0,,,73.0,70.0,62.0,100.0,2.2.0,c8f1bf1665a8c5dfb834c0571e7dd5f6b6e5ccd00eab00295338bd42cfde549b
JMKE,Jersey Mike's Subs Inc. Class A Common Stock,nasdaqtrader:N:JMKE,NAMECLASS:JERSEY MIKE S SUBS INC,,common_equity,eligible,N,,,22.81,24.47,,131060207.39933333,,,,,6.783816918675933,,15.0,insufficient,usable,2026-08-19,recheck,,71.43,,,,28.0,92.0,64.0,2.2.0,c8f1bf1665a8c5dfb834c0571e7dd5f6b6e5ccd00eab00295338bd42cfde549b
JMSB,"John Marshall Bancorp, Inc. - Common Stock",nasdaqtrader:Q:JMSB,SECURITY:JMSB:nasdaqtrader:Q:JMSB,,common_equity,eligible,Q,,,22.87,23.81,,927295.9476984127,4.286365709074325,9.373505499760881,15.446744068652208,19.98950682056664,3.947921041579161,25.13730385117336,277.0,full,usable,2026-08-19,rejected,36.43,100.0,,,65.0,10.0,0.0,100.0,2.2.0,c8f1bf1665a8c5dfb834c0571e7dd5f6b6e5ccd00eab00295338bd42cfde549b
JNJ,Johnson & Johnson Common Stock,nasdaqtrader:N:JNJ,SECURITY:JNJ:nasdaqtrader:N:JNJ,,common_equity,eligible,N,,,273.41,273.41,,1988814632.1168253,9.0978013646702,18.873913043478275,11.600473488713824,55.126241134751794,0.0,22.751700450128016,277.0,full,usable,2026-08-19,conditional,63.0,100.0,,,83.0,10.0,100.0,100.0,2.2.0,c8f1bf1665a8c5dfb834c0571e7dd5f6b6e5ccd00eab00295338bd42cfde549b
JOB,GEE Group Inc. Common Stock,nasdaqtrader:A:JOB,SECURITY:JOB:nasdaqtrader:A:JOB,,common_equity,eligible,A,,,0.249,0.2708,,50688.409576190475,18.571428571428573,6.13810741687979,3.534303534303529,27.692307692307683,8.050221565731164,51.39321439825605,277.0,full,usable,2026-08-19,rejected,65.0,100.0,,,75.0,82.0,0.0,100.0,2.2.0,c8f1bf1665a8c5dfb834c0571e7dd5f6b6e5ccd00eab00295338bd42cfde549b
JOBY,"Joby Aviation, Inc. Common Stock",nasdaqtrader:N:JOBY,SECURITY:JOBY:nasdaqtrader:N:JOBY,,common_equity,eligible,N,,,7.72,19.57,,350767049.65492064,0.7832898172323688,-22.799999999999997,-23.488602576808727,-51.93026151930261,60.55186509964231,71.8949732519088,277.0,full,usable,2026-08-19,conditional,78.14,100.0,,,67.0,70.0,92.0,100.0,2.2.0,c8f1bf1665a8c5dfb834c0571e7dd5f6b6e5ccd00eab00295338bd42cfde549b
JOE,St. Joe Company (The) Common Stock,nasdaqtrader:N:JOE,SECURITY:JOE:nasdaqtrader:N:JOE,,common_equity,eligible,N,,,69.96,72.79,,15660412.588412696,15.502724120851896,10.783847980997606,-1.046676096181054,41.07683000604958,3.887896689105663,24.436162552310467,277.0,full,usable,2026-08-19,conditional,52.57,100.0,,,75.0,10.0,62.0,100.0,2.2.0,c8f1bf1665a8c5dfb834c0571e7dd5f6b6e5ccd00eab00295338bd42cfde549b
JOUT,Johnson Outdoors Inc. - Class A Common Stock,nasdaqtrader:Q:JOUT,NAMECLASS:JOHNSON OUTDOORS INC,,common_equity,eligible,Q,,,47.97,53.5,,2677675.6176984124,4.237288135593209,17.631191760666987,-1.9419460343417905,20.861678004535158,10.336448598130843,21.61379602518393,277.0,full,usable,2026-08-19,conditional,74.64,100.0,,,75.0,82.0,45.0,100.0,2.2.0,c8f1bf1665a8c5dfb834c0571e7dd5f6b6e5ccd00eab00295338bd42cfde549b
JOYY,JOYY Inc. - American Depositary Shares,nasdaqtrader:Q:JOYY,SECURITY:JOYY:nasdaqtrader:Q:JOYY,,adr,eligible,Q,,,74.89,74.89,,21398687.7284127,4.158553546592492,31.64000703111267,20.926852898433722,49.45120734384354,0.0,20.71334400417048,277.0,full,usable,2026-08-19,conditional,49.71,100.0,,,65.0,10.0,62.0,100.0,2.2.0,c8f1bf1665a8c5dfb834c0571e7dd5f6b6e5ccd00eab00295338bd42cfde549b
JPM,JP Morgan Chase & Co. Common Stock,nasdaqtrader:N:JPM,SECURITY:JPM:nasdaqtrader:N:JPM,,common_equity,eligible,N,,,357.26,365.18,,2930359754.6655555,3.4846334327839346,20.818397024010828,15.70049873696484,22.54656467601963,2.1687934717125823,18.745738151191265,277.0,full,usable,2026-08-19,conditional,57.86,100.0,,,65.0,10.0,100.0,100.0,2.2.0,c8f1bf1665a8c5dfb834c0571e7dd5f6b6e5ccd00eab00295338bd42cfde549b
JRSH,"Jerash Holdings (US), Inc. - Common Stock",nasdaqtrader:Q:JRSH,SECURITY:JRSH:nasdaqtrader:Q:JRSH,,common_equity,eligible,Q,,,5.37,5.64,,2965104.713015873,17.763157894736857,66.77018633540372,62.72727272727274,59.34718100890208,4.7872340425531785,45.256836861136016,277.0,full,usable,2026-08-19,conditional,48.36,100.0,,,73.0,10.0,45.0,100.0,2.2.0,c8f1bf1665a8c5dfb834c0571e7dd5f6b6e5ccd00eab00295338bd42cfde549b
JRVR,"James River Group Holdings, Inc. - Common Stock",nasdaqtrader:Q:JRVR,SECURITY:JRVR:nasdaqtrader:Q:JRVR,,common_equity,eligible,Q,,,4.02,7.13,,1427804.2596031746,-9.255079006772016,-0.7407407407407418,-41.56976744186047,-29.34973637961337,43.61851332398318,43.61151384096995,277.0,full,usable,2026-08-19,rejected,67.36,100.0,,,67.0,95.0,0.0,100.0,2.2.0,c8f1bf1665a8c5dfb834c0571e7dd5f6b6e5ccd00eab00295338bd42cfde549b
JTAI,Jet.AI Inc. - Common Stock,nasdaqtrader:Q:JTAI,SECURITY:JTAI:nasdaqtrader:Q:JTAI,,common_equity,eligible,Q,,,1.68,736.0,,3254408.3082539686,-27.27272727272728,-73.62637362637363,-93.53846153846153,-99.73831775700934,99.77173913043478,181.5390542224253,277.0,full,usable,2026-08-19,conditional,34.64,100.0,,,0.0,30.0,45.0,100.0,2.2.0,c8f1bf1665a8c5dfb834c0571e7dd5f6b6e5ccd00eab00295338bd42cfde549b
JVA,"Coffee Holding Co., Inc. - Common Stock",nasdaqtrader:Q:JVA,SECURITY:JVA:nasdaqtrader:Q:JVA,,common_equity,eligible,Q,,,3.52,5.44,,219598.51712698414,1.1494252873563315,-15.78947368421052,13.183279742765276,-17.176470588235293,35.29411764705883,25.508666971770605,277.0,full,usable,2026-08-19,rejected,69.07,100.0,,,73.0,95.0,0.0,100.0,2.2.0,c8f1bf1665a8c5dfb834c0571e7dd5f6b6e5ccd00eab00295338bd42cfde549b
JWEL,Jowell Global Ltd. - Ordinary Shares,nasdaqtrader:Q:JWEL,SECURITY:JWEL:nasdaqtrader:Q:JWEL,,common_equity,eligible,Q,,,2.44,4.0,,5527060.113146031,24.489795918367353,6.08695652173914,13.488372093023248,21.999999999999996,39.0,298.19643771601466,277.0,full,usable,2026-08-19,conditional,82.93,100.0,,,75.0,95.0,62.0,100.0,2.2.0,c8f1bf1665a8c5dfb834c0571e7dd5f6b6e5ccd00eab00295338bd42cfde549b
JXG,JX Luxventure Group Inc. - Common Stock,nasdaqtrader:Q:JXG,SECURITY:JXG:nasdaqtrader:Q:JXG,,common_equity,eligible,Q,,,6.85,16.35,,37365.291226984125,4.820198928844666,22.98025134649908,74.30025445292618,-51.41843971631206,58.103975535168196,113.2911603020782,277.0,full,usable,2026-08-19,rejected,52.14,100.0,,,45.0,70.0,0.0,100.0,2.2.0,c8f1bf1665a8c5dfb834c0571e7dd5f6b6e5ccd00eab00295338bd42cfde549b
JXN,Jackson Financial Inc. Class A Common Stock,nasdaqtrader:N:JXN,NAMECLASS:JACKSON FINANCIAL INC,,common_equity,eligible,N,,,131.04,135.32,,73301250.06761906,5.490259217517313,21.187459539443253,12.067048661592384,39.46360153256705,3.1628731894768003,38.73200615797881,277.0,full,usable,2026-08-19,conditional,56.43,100.0,,,75.0,10.0,80.0,100.0,2.2.0,c8f1bf1665a8c5dfb834c0571e7dd5f6b6e5ccd00eab00295338bd42cfde549b
JYD,Jayud Global Logistics Limited - Class A Ordinary Shares,nasdaqtrader:Q:JYD,NAMECLASS:JAYUD GLOBAL LOGISTICS LIMITED,,common_equity,eligible,Q,,,0.9969,9.435,,435693.1868603175,33.06193272824347,-46.97340425531914,-59.63967611336033,-89.25754310344828,89.43402225755167,101.05745045578021,277.0,full,usable,2026-08-19,rejected,32.14,100.0,,,25.0,30.0,0.0,100.0,2.2.0,c8f1bf1665a8c5dfb834c0571e7dd5f6b6e5ccd00eab00295338bd42cfde549b
JYNT,The Joint Corp. - Common Stock,nasdaqtrader:Q:JYNT,SECURITY:JYNT:nasdaqtrader:Q:JYNT,,common_equity,eligible,Q,,,8.23,10.88,,961544.8931746032,-6.583427922814988,-5.619266055045868,-8.657047724750267,-21.99052132701422,24.35661764705882,32.61286082227633,277.0,full,usable,2026-08-19,rejected,68.0,100.0,,,73.0,92.0,0.0,100.0,2.2.0,c8f1bf1665a8c5dfb834c0571e7dd5f6b6e5ccd00eab00295338bd42cfde549b
JZ,Jianzhi Education Technology Group Company Limited - American Depositary Shares,nasdaqtrader:Q:JZ,SECURITY:JZ:nasdaqtrader:Q:JZ,,adr,eligible,Q,,,1.7,93.0,,3755634.1435714285,-25.764192139737997,-93.587325537533,-93.08943089430895,-96.56565656565657,98.17204301075269,173.4366257735151,277.0,full,usable,2026-08-19,conditional,34.64,100.0,,,0.0,30.0,45.0,100.0,2.2.0,c8f1bf1665a8c5dfb834c0571e7dd5f6b6e5ccd00eab00295338bd42cfde549b
JZXN,"Jiuzi Holdings, Inc. - Ordinary Shares",nasdaqtrader:Q:JZXN,SECURITY:JZXN:nasdaqtrader:Q:JZXN,,common_equity,eligible,Q,,,1.34,64.8,,8526833.257142857,-30.569948186528496,24.07407407407407,7.200000000000006,-96.34976845546173,97.9320987654321,300.96247233659597,277.0,full,usable,2026-08-19,conditional,48.29,100.0,,,35.0,30.0,62.0,100.0,2.2.0,c8f1bf1665a8c5dfb834c0571e7dd5f6b6e5ccd00eab00295338bd42cfde549b
KAI,Kadant Inc Common Stock,nasdaqtrader:N:KAI,SECURITY:KAI:nasdaqtrader:N:KAI,,common_equity,eligible,N,,,314.37,347.31,,43426869.505555555,2.5978264416957497,3.5508415955729955,-1.9034543014946892,-8.44569997378921,9.484322363306552,38.04274049830717,277.0,full,usable,2026-08-19,conditional,81.57,100.0,,,73.0,82.0,80.0,100.0,2.2.0,c8f1bf1665a8c5dfb834c0571e7dd5f6b6e5ccd00eab00295338bd42cfde549b
KALA,"KALA BIO, Inc. - Common Stock",nasdaqtrader:Q:KALA,SECURITY:KALA:nasdaqtrader:Q:KALA,,common_equity,eligible,Q,,,0.9,981.5,,245455.7863111111,22.716116716662114,-64.42687747035572,-95.26315789473684,-99.7902097902098,99.90830361691289,119.39078456573537,277.0,full,usable,2026-08-19,rejected,27.86,100.0,,,10.0,30.0,0.0,100.0,2.2.0,c8f1bf1665a8c5dfb834c0571e7dd5f6b6e5ccd00eab00295338bd42cfde549b
KALU,Kaiser Aluminum Corporation - Common Stock,nasdaqtrader:Q:KALU,SECURITY:KALU:nasdaqtrader:Q:KALU,,common_equity,eligible,Q,,,156.95,195.63,,48302886.08571429,-4.514205755308154,-3.7116564417178033,12.605825799971292,110.81262592343855,19.77201860655319,76.84705925986614,277.0,full,usable,2026-08-19,conditional,87.86,100.0,,,95.0,82.0,80.0,100.0,2.2.0,c8f1bf1665a8c5dfb834c0571e7dd5f6b6e5ccd00eab00295338bd42cfde549b
KAPA,"Kairos Pharma, Ltd. Common Stock",nasdaqtrader:A:KAPA,SECURITY:KAPA:nasdaqtrader:A:KAPA,,common_equity,eligible,A,,,0.3096,1.97,,711609.4573190477,-13.519553072625701,-35.23012552301255,-46.25932997743447,-73.53846153846153,84.28426395939086,100.11986935397863,277.0,full,usable,2026-08-19,rejected,38.43,100.0,,,47.0,30.0,0.0,100.0,2.2.0,c8f1bf1665a8c5dfb834c0571e7dd5f6b6e5ccd00eab00295338bd42cfde549b
KARD,"Kardigan, Inc. - Common Stock",nasdaqtrader:Q:KARD,SECURITY:KARD:nasdaqtrader:Q:KARD,,common_equity,eligible,Q,,,22.01,25.9,,11102233.047906976,-3.9284155390658992,,,,15.019305019305007,63.933814550021886,43.0,insufficient,usable,2026-08-19,recheck,,71.43,,,,82.0,62.0,76.0,2.2.0,c8f1bf1665a8c5dfb834c0571e7dd5f6b6e5ccd00eab00295338bd42cfde549b
KARO,Karooooo Ltd. - Ordinary shares,nasdaqtrader:Q:KARO,SECURITY:KARO:nasdaqtrader:Q:KARO,,common_equity,eligible,Q,,,61.39,65.91,,6481362.125873016,-4.257641921397381,32.135170038743,31.62521440823327,28.484721640853916,6.857836443635257,41.82189153776215,277.0,full,usable,2026-08-19,conditional,56.14,100.0,,,65.0,28.0,62.0,100.0,2.2.0,c8f1bf1665a8c5dfb834c0571e7dd5f6b6e5ccd00eab00295338bd42cfde549b
KAZR,Skyline Builders Group Holding Limited - Class A Ordinary Shares,nasdaqtrader:Q:KAZR,NAMECLASS:SKYLINE BUILDERS GROUP HOLDING LIMITED,,common_equity,eligible,Q,,,2.05,4.81,,534068.4124603175,-12.393162393162394,-33.87096774193549,-35.126582278481024,333.6788660884281,57.380457380457386,103.59189798237807,277.0,full,usable,2026-08-19,rejected,66.43,100.0,,,95.0,70.0,0.0,100.0,2.2.0,c8f1bf1665a8c5dfb834c0571e7dd5f6b6e5ccd00eab00295338bd42cfde549b
KB,KB Financial Group Inc,qrgf-resolution-required:N:KB,SECURITY:KB:qrgf-resolution-required:N:KB,,common_equity,eligible,N,,,116.04,124.01,,32532558.146190476,-3.372470647014736,12.58368099349958,1.9952535817878259,48.27498083312036,6.426901056366418,41.73333928380151,277.0,full,usable,2026-08-19,conditional,62.86,100.0,,,75.0,28.0,80.0,100.0,2.2.0,c8f1bf1665a8c5dfb834c0571e7dd5f6b6e5ccd00eab00295338bd42cfde549b
KBE,State Street SPDR S&P Bank ETF,US:KBE,SECURITY:KBE:US:KBE,,etf,eligible,P,,,69.12,71.67,,112661259.17507936,-0.6182602444284591,11.519845111326244,5.801316393693567,19.02875839504048,3.557974047718704,16.156291137538563,277.0,full,usable,2026-08-19,conditional,59.0,100.0,,,75.0,10.0,92.0,100.0,2.2.0,c8f1bf1665a8c5dfb834c0571e7dd5f6b6e5ccd00eab00295338bd42cfde549b
KBH,KB Home Common Stock,nasdaqtrader:N:KBH,SECURITY:KBH:nasdaqtrader:N:KBH,,common_equity,eligible,N,,,56.4,67.97,,66597388.84761905,2.2480058013053084,25.222024866785087,-14.28571428571428,-9.339334512136322,17.02221568338973,36.438980521625126,277.0,full,usable,2026-08-19,conditional,78.14,100.0,,,61.0,82.0,80.0,100.0,2.2.0,c8f1bf1665a8c5dfb834c0571e7dd5f6b6e5ccd00eab00295338bd42cfde549b
KBON,Karbon Capital Partners Corp. - Class A Ordinary Shares,nasdaqtrader:Q:KBON,NAMECLASS:KARBON CAPITAL PARTNERS CORP,,common_equity,eligible,Q,,,10.1,10.15,,483698.8806349206,0.2979145978152964,0.09910802775023875,0.397614314115291,,0.49261083743843415,2.588115051391846,141.0,limited_but_usable,usable,2026-08-18,rejected,34.71,100.0,,,59.0,10.0,0.0,100.0,2.2.0,c8f1bf1665a8c5dfb834c0571e7dd5f6b6e5ccd00eab00295338bd42cfde549b
KBR,"KBR, Inc. Common Stock",nasdaqtrader:N:KBR,SECURITY:KBR:nasdaqtrader:N:KBR,,common_equity,eligible,N,,,37.97,51.61,,62412495.60968254,10.410002907822037,19.215070643642072,-9.916963226571763,-23.72438730413822,26.428986630497963,37.39886476108942,277.0,full,usable,2026-08-19,conditional,81.71,100.0,,,61.0,92.0,80.0,100.0,2.2.0,c8f1bf1665a8c5dfb834c0571e7dd5f6b6e5ccd00eab00295338bd42cfde549b
KBSX,FST Corp. - Ordinary Shares,nasdaqtrader:Q:KBSX,SECURITY:KBSX:nasdaqtrader:Q:KBSX,,common_equity,eligible,Q,,,0.9957,1.72,,14494.535204761905,5.298223350253806,-29.88028169014084,-11.884955752212377,-40.73214285714285,42.11046511627907,117.75551357138232,277.0,full,usable,2026-08-19,rejected,67.36,100.0,,,67.0,95.0,0.0,100.0,2.2.0,c8f1bf1665a8c5dfb834c0571e7dd5f6b6e5ccd00eab00295338bd42cfde549b
KC,Kingsoft Cloud Holdings Limited - American Depositary Shares,nasdaqtrader:Q:KC,SECURITY:KC:nasdaqtrader:Q:KC,,adr,eligible,Q,,,12.37,18.21,,17689769.105396826,23.08457711442784,-15.215901302261825,-9.244314013206179,-13.5569531795947,32.07029104887425,76.6380316100741,277.0,full,usable,2026-08-19,conditional,81.29,100.0,,,73.0,92.0,62.0,100.0,2.2.0,c8f1bf1665a8c5dfb834c0571e7dd5f6b6e5ccd00eab00295338bd42cfde549b
KD,"Kyndryl Holdings, Inc. Common Stock",nasdaqtrader:N:KD,SECURITY:KD:nasdaqtrader:N:KD,,common_equity,eligible,N,,,12.38,33.14,,52859318.82206349,1.5586546349466879,2.9093931837074205,-5.640243902439012,-59.20922570016474,62.64333132166566,55.385733213586676,277.0,full,usable,2026-08-19,conditional,75.57,100.0,,,67.0,70.0,80.0,100.0,2.2.0,c8f1bf1665a8c5dfb834c0571e7dd5f6b6e5ccd00eab00295338bd42cfde549b
KDK,"Kodiak AI, Inc. - Common Stock",nasdaqtrader:Q:KDK,SECURITY:KDK:nasdaqtrader:Q:KDK,,common_equity,eligible,Q,,,3.905,11.43,,6009217.141349207,-10.640732265446228,-51.12640801001251,-56.074240719910016,-65.71553994732223,65.83552055993,59.054936811180546,277.0,full,usable,2026-08-19,conditional,51.14,100.0,,,45.0,30.0,62.0,100.0,2.2.0,c8f1bf1665a8c5dfb834c0571e7dd5f6b6e5ccd00eab00295338bd42cfde549b
KDP,Keurig Dr Pepper Inc. - Common Stock,nasdaqtrader:Q:KDP,SECURITY:KDP:nasdaqtrader:Q:KDP,,common_equity,eligible,Q,,,31.06,35.2,,438876647.66555554,2.8136378682555474,7.66031195840553,6.588881262868895,-10.360750360750359,11.761363636363642,31.831777169998798,277.0,full,usable,2026-08-19,conditional,80.71,100.0,,,61.0,82.0,92.0,100.0,2.2.0,c8f1bf1665a8c5dfb834c0571e7dd5f6b6e5ccd00eab00295338bd42cfde549b
KE,"Kimball Electronics, Inc. - Common Stock",nasdaqtrader:Q:KE,SECURITY:KE:nasdaqtrader:Q:KE,,common_equity,eligible,Q,,,23.72,33.13,,5105706.097857143,-4.624045034177737,1.324220418624522,-4.393389762192667,-12.954128440366974,28.403259885300336,48.78609968046538,277.0,full,usable,2026-08-19,conditional,81.29,100.0,,,73.0,92.0,62.0,100.0,2.2.0,c8f1bf1665a8c5dfb834c0571e7dd5f6b6e5ccd00eab00295338bd42cfde549b
KEEL,Keel Infrastructure Corp. - Common Stock,nasdaqtrader:Q:KEEL,SECURITY:KEEL:nasdaqtrader:Q:KEEL,,common_equity,eligible,Q,,,3.25,6.66,,229046966.44650793,-30.107526881720435,-22.802850356294535,57.76699029126213,135.50724637681162,51.201201201201194,136.9868845181843,277.0,full,usable,2026-08-19,conditional,83.29,100.0,,,85.0,70.0,92.0,100.0,2.2.0,c8f1bf1665a8c5dfb834c0571e7dd5f6b6e5ccd00eab00295338bd42cfde549b
KELYA,"Kelly Services, Inc. - Class A Common Stock",nasdaqtrader:Q:KELYA,NAMECLASS:KELLY SERVICES INC,,common_equity,eligible,Q,,,16.53,16.53,,5519288.861269841,7.6872964169381275,70.41237113402063,68.67346938775509,17.484008528784646,0.0,41.952103027340584,277.0,full,usable,2026-08-19,conditional,49.71,100.0,,,65.0,10.0,62.0,100.0,2.2.0,c8f1bf1665a8c5dfb834c0571e7dd5f6b6e5ccd00eab00295338bd42cfde549b
KELYB,"Kelly Services, Inc. - Class B Common Stock",nasdaqtrader:Q:KELYB,NAMECLASS:KELLY SERVICES INC,,common_equity,eligible,Q,,,23.47,37.96,,36402.27183492063,-3.5743631881676285,34.421534936998846,56.258322237017296,69.37288013278487,38.17175974710222,49.55838110298319,277.0,full,usable,2026-08-19,rejected,69.07,100.0,,,73.0,95.0,0.0,100.0,2.2.0,c8f1bf1665a8c5dfb834c0571e7dd5f6b6e5ccd00eab00295338bd42cfde549b
KEN,Kenon Holdings Ltd. Ordinary Shares,nasdaqtrader:N:KEN,SECURITY:KEN:nasdaqtrader:N:KEN,,common_equity,eligible,N,,,64.06,95.54,,1801789.710952381,-7.840598475039561,-23.51044776119403,-22.76344345309862,42.54561637739209,32.94954992673226,42.35783906803494,277.0,full,usable,2026-08-19,rejected,72.0,100.0,,,87.0,92.0,0.0,100.0,2.2.0,c8f1bf1665a8c5dfb834c0571e7dd5f6b6e5ccd00eab00295338bd42cfde549b
KEP,Korea Electric Power Corporation Common Stock,nasdaqtrader:N:KEP,SECURITY:KEP:nasdaqtrader:N:KEP,,common_equity,eligible,N,,,11.18,23.26,,14237405.511269841,-4.688832054560965,-14.786585365853655,-47.95158286778399,-19.683908045977017,51.934651762682726,41.726727007395304,277.0,full,usable,2026-08-19,conditional,73.43,100.0,,,73.0,70.0,62.0,100.0,2.2.0,c8f1bf1665a8c5dfb834c0571e7dd5f6b6e5ccd00eab00295338bd42cfde549b
