ticker,company,contract_id,issuer_id,issuer_cik,security_type,instrument_status,exchange,sector,industry,current_price,reference_52w_high,market_cap,avg_dollar_volume,return_1m_pct,return_3m_pct,return_6m_pct,return_12m_pct,drawdown_pct,historical_volatility_pct,trading_history_days,momentum_history_status,data_integrity_status,as_of,l2_status,l2_setup_score,l2_confidence_pct,l2_quality_prior_score,l2_room_to_target_score,setup_prior_growth,setup_pullback_geometry,setup_liquidity,setup_data_completeness,setup_model_version,l2_rules_hash
SCM,Stellus Capital Investment Corporation Common Stock,nasdaqtrader:N:SCM,SECURITY:SCM:nasdaqtrader:N:SCM,,common_equity,eligible,N,,,8.64,15.02,,1862585.1692063492,21.518987341772156,-5.3669222343921135,-20.22160664819944,-40.65934065934066,42.47669773635152,50.401034661097334,277.0,full,usable,2026-08-20,rejected,67.36,100.0,,,67.0,95.0,0.0,100.0,2.2.0,c8f1bf1665a8c5dfb834c0571e7dd5f6b6e5ccd00eab00295338bd42cfde549b
SCOR,"comScore, Inc. - Common Stock",nasdaqtrader:Q:SCOR,SECURITY:SCOR:nasdaqtrader:Q:SCOR,,common_equity,eligible,Q,,,5.1,8.99,,225951.03999999998,-35.196950444726816,-22.256097560975608,-33.85214007782101,-27.038626609442062,43.27030033370413,78.69300345899909,277.0,full,usable,2026-08-20,rejected,67.36,100.0,,,67.0,95.0,0.0,100.0,2.2.0,c8f1bf1665a8c5dfb834c0571e7dd5f6b6e5ccd00eab00295338bd42cfde549b
SCPQ,Social Commerce Partners Corporation - Class A Ordinary Shares,nasdaqtrader:Q:SCPQ,NAMECLASS:SOCIAL COMMERCE PARTNERS CORPORATION,,common_equity,eligible,Q,,,10.01,10.04,,58757.38809523809,0.09999999999998899,0.6030150753769004,1.5212981744421983,,0.29880478087648266,1.8775845822811739,131.0,limited_but_usable,usable,2026-08-20,rejected,34.71,100.0,,,59.0,10.0,0.0,100.0,2.2.0,c8f1bf1665a8c5dfb834c0571e7dd5f6b6e5ccd00eab00295338bd42cfde549b
SCSC,"ScanSource, Inc. - Common Stock",nasdaqtrader:Q:SCSC,SECURITY:SCSC:nasdaqtrader:Q:SCSC,,common_equity,eligible,Q,,,56.435,58.89,,12179457.823174603,2.9460051076249494,30.939675174013924,51.503355704697995,31.06130980027868,4.168789268127016,40.37302220602452,277.0,full,usable,2026-08-20,conditional,49.71,100.0,,,65.0,10.0,62.0,100.0,2.2.0,c8f1bf1665a8c5dfb834c0571e7dd5f6b6e5ccd00eab00295338bd42cfde549b
SCTX,Scribe Therapeutics Inc. - Common Stock,nasdaqtrader:Q:SCTX,SECURITY:SCTX:nasdaqtrader:Q:SCTX,,common_equity,eligible,Q,,,33.0125,33.0125,,6104989.288125,,,,,0.0,,20.0,insufficient,usable,2026-08-20,recheck,,71.43,,,,10.0,62.0,64.0,2.2.0,c8f1bf1665a8c5dfb834c0571e7dd5f6b6e5ccd00eab00295338bd42cfde549b
SCWO,374Water Inc. - common stock,nasdaqtrader:Q:SCWO,SECURITY:SCWO:nasdaqtrader:Q:SCWO,,common_equity,eligible,Q,,,2.4,7.0,,143648.17714285714,16.50485436893203,2.127659574468077,-8.3969465648855,-1.2345679012345734,65.71428571428571,60.03686147569797,277.0,full,usable,2026-08-20,rejected,45.86,100.0,,,73.0,30.0,0.0,100.0,2.2.0,c8f1bf1665a8c5dfb834c0571e7dd5f6b6e5ccd00eab00295338bd42cfde549b
SCYX,"SCYNEXIS, Inc. - Common Stock",nasdaqtrader:Q:SCYX,SECURITY:SCYX:nasdaqtrader:Q:SCYX,,common_equity,eligible,Q,,,5.19,9.44,,642381.5090000001,31.22629582806575,-2.845376263571686,-20.030816640986128,-17.879746835443033,45.021186440677965,103.03274547725489,277.0,full,usable,2026-08-20,rejected,69.07,100.0,,,73.0,95.0,0.0,100.0,2.2.0,c8f1bf1665a8c5dfb834c0571e7dd5f6b6e5ccd00eab00295338bd42cfde549b
SCZM,Santacruz Silver Mining Ltd. - Common Shares,nasdaqtrader:Q:SCZM,SECURITY:SCZM:nasdaqtrader:Q:SCZM,,common_equity,eligible,Q,,,9.75,16.16,,3806484.46,44.230769230769226,16.348448687350814,-4.317958783120702,,39.665841584158414,76.69313271106046,147.0,limited_but_usable,usable,2026-08-20,conditional,71.29,100.0,,,47.0,95.0,45.0,100.0,2.2.0,c8f1bf1665a8c5dfb834c0571e7dd5f6b6e5ccd00eab00295338bd42cfde549b
SD,"SandRidge Energy, Inc. Common Stock",nasdaqtrader:N:SD,SECURITY:SD:nasdaqtrader:N:SD,,common_equity,eligible,N,,,14.34,18.08,,4583942.875714286,2.4285714285714244,-7.60309278350515,-18.337129840546694,35.02824858757063,20.685840707964598,30.341640146764213,277.0,full,usable,2026-08-20,conditional,81.64,100.0,,,87.0,92.0,45.0,100.0,2.2.0,c8f1bf1665a8c5dfb834c0571e7dd5f6b6e5ccd00eab00295338bd42cfde549b
SDEV,Stablecoin Development Corporation Common Stock,nasdaqtrader:A:SDEV,SECURITY:SDEV:nasdaqtrader:A:SDEV,,common_equity,eligible,A,,,1.12,95.8,,1042403.039568254,-2.608695652173898,-26.315789473684205,-56.07843137254902,-62.66666666666667,98.83089770354906,84.64004459406803,277.0,full,usable,2026-08-20,rejected,41.29,100.0,,,57.0,30.0,0.0,100.0,2.2.0,c8f1bf1665a8c5dfb834c0571e7dd5f6b6e5ccd00eab00295338bd42cfde549b
SDGR,"Schrodinger, Inc. - Common Stock",nasdaqtrader:Q:SDGR,SECURITY:SDGR:nasdaqtrader:Q:SDGR,,common_equity,eligible,Q,,,19.58,22.52,,20449641.5684127,30.2727877578177,58.928571428571416,64.67619848612276,0.9278350515463885,13.055062166962706,52.164559387939406,277.0,full,usable,2026-08-20,conditional,73.14,100.0,,,57.0,82.0,62.0,100.0,2.2.0,c8f1bf1665a8c5dfb834c0571e7dd5f6b6e5ccd00eab00295338bd42cfde549b
SDHC,Smith Douglas Homes Corp. Class A Common Stock,nasdaqtrader:N:SDHC,NAMECLASS:SMITH DOUGLAS HOMES CORP,,common_equity,eligible,N,,,12.48,22.16,,909034.6234920635,-14.92842535787321,9.186351706036744,-26.846424384525204,-39.21091086215295,43.682310469314075,52.57437364872983,277.0,full,usable,2026-08-20,rejected,63.93,100.0,,,55.0,95.0,0.0,100.0,2.2.0,c8f1bf1665a8c5dfb834c0571e7dd5f6b6e5ccd00eab00295338bd42cfde549b
SDOT,Sadot Group Inc. - Common Stock,nasdaqtrader:Q:SDOT,SECURITY:SDOT:nasdaqtrader:Q:SDOT,,common_equity,eligible,Q,,,8.44,216.0,,68167697.70107937,-58.38264299802762,137.47889701744512,-83.47042694868783,-95.37280701754386,96.0925925925926,211.73000765830753,277.0,full,usable,2026-08-20,conditional,45.0,100.0,,,10.0,30.0,80.0,100.0,2.2.0,c8f1bf1665a8c5dfb834c0571e7dd5f6b6e5ccd00eab00295338bd42cfde549b
SDRL,Seadrill Limited Common Shares,nasdaqtrader:N:SDRL,SECURITY:SDRL:nasdaqtrader:N:SDRL,,common_equity,eligible,N,,,47.89,54.8,,34086732.78380953,6.849620705042403,-10.985130111524155,7.112502795795117,67.44755244755245,12.60948905109488,46.17010777732206,277.0,full,usable,2026-08-20,conditional,87.86,100.0,,,95.0,82.0,80.0,100.0,2.2.0,c8f1bf1665a8c5dfb834c0571e7dd5f6b6e5ccd00eab00295338bd42cfde549b
SE,"Sea Limited American Depositary Shares, each representing one Class A Ordinary Share",nasdaqtrader:N:SE,SECURITY:SE:nasdaqtrader:N:SE,,adr,eligible,N,,,117.24,196.5,,460327189.61126983,11.784897025171626,35.45927209705373,2.3036649214659644,-34.59414225941423,40.335877862595424,56.60073469342536,277.0,full,usable,2026-08-20,conditional,83.64,100.0,,,55.0,95.0,92.0,100.0,2.2.0,c8f1bf1665a8c5dfb834c0571e7dd5f6b6e5ccd00eab00295338bd42cfde549b
SEAT,Vivid Seats Inc. - Class A common stock,nasdaqtrader:Q:SEAT,NAMECLASS:VIVID SEATS INC,,common_equity,eligible,Q,,,6.66,17.75,,639400.2074603174,-4.857142857142859,-17.57425742574258,-9.999999999999998,-59.61188599150999,62.478873239436616,103.83637793324942,277.0,full,usable,2026-08-20,rejected,58.43,100.0,,,67.0,70.0,0.0,100.0,2.2.0,c8f1bf1665a8c5dfb834c0571e7dd5f6b6e5ccd00eab00295338bd42cfde549b
SEB,Seaboard Corporation Common Stock,nasdaqtrader:A:SEB,SECURITY:SEB:nasdaqtrader:A:SEB,,common_equity,eligible,A,,,4356.35,5958.89,,50910990.58809524,-5.6662812200899975,-12.787182587666257,-10.487491652540193,22.921839729119654,26.893263678302503,22.833551586541358,277.0,full,usable,2026-08-20,conditional,89.14,100.0,,,87.0,92.0,80.0,100.0,2.2.0,c8f1bf1665a8c5dfb834c0571e7dd5f6b6e5ccd00eab00295338bd42cfde549b
SECZ,Securitize Corp. Common Stock,nasdaqtrader:N:SECZ,SECURITY:SECZ:nasdaqtrader:N:SECZ,,common_equity,eligible,N,,,6.4,13.65,,11606850.194047619,-16.558018252933504,-51.4783927217589,-44.00699912510936,-39.134569662387065,53.11355311355312,141.27180485736352,277.0,full,usable,2026-08-20,conditional,68.29,100.0,,,55.0,70.0,62.0,100.0,2.2.0,c8f1bf1665a8c5dfb834c0571e7dd5f6b6e5ccd00eab00295338bd42cfde549b
SEDG,"SolarEdge Technologies, Inc. - Common Stock",nasdaqtrader:Q:SEDG,SECURITY:SEDG:nasdaqtrader:Q:SEDG,,common_equity,eligible,Q,,,30.9,78.51,,164424167.3942857,-35.463659147869684,-45.03735325506937,-11.61327231121282,-3.4073147858705854,60.64195643867023,130.20660423866258,277.0,full,usable,2026-08-20,conditional,76.43,100.0,,,61.0,70.0,92.0,100.0,2.2.0,c8f1bf1665a8c5dfb834c0571e7dd5f6b6e5ccd00eab00295338bd42cfde549b
SEED,Origin Agritech Limited - Ordinary Shares,nasdaqtrader:Q:SEED,SECURITY:SEED:nasdaqtrader:Q:SEED,,common_equity,eligible,Q,,,1.024,2.0,,159899.10887301588,1.3861386138613874,-9.380530973451318,-7.747747747747757,-1.5479280838380904,48.8,36.291159806014456,277.0,full,usable,2026-08-20,rejected,69.07,100.0,,,73.0,95.0,0.0,100.0,2.2.0,c8f1bf1665a8c5dfb834c0571e7dd5f6b6e5ccd00eab00295338bd42cfde549b
SEER,"Seer, Inc. - Class A Common Stock",nasdaqtrader:Q:SEER,NAMECLASS:SEER INC,,common_equity,eligible,Q,,,2.02,2.37,,2223134.9246031744,-2.415458937198056,20.238095238095234,-2.415458937198056,-0.9803921568627416,14.767932489451486,43.638750033722815,277.0,full,usable,2026-08-20,conditional,70.64,100.0,,,61.0,82.0,45.0,100.0,2.2.0,c8f1bf1665a8c5dfb834c0571e7dd5f6b6e5ccd00eab00295338bd42cfde549b
SEG,Seaport Entertainment Group Inc. Common Stock,nasdaqtrader:N:SEG,SECURITY:SEG:nasdaqtrader:N:SEG,,common_equity,eligible,N,,,27.11,29.23,,1850525.718888889,4.671814671814678,13.241436925647454,31.601941747572802,2.4952741020793923,7.2528224426958605,24.644810951047155,277.0,full,usable,2026-08-20,rejected,40.57,100.0,,,57.0,28.0,0.0,100.0,2.2.0,c8f1bf1665a8c5dfb834c0571e7dd5f6b6e5ccd00eab00295338bd42cfde549b
SEI,"Solaris Energy Infrastructure, Inc. Class A Common Stock",nasdaqtrader:N:SEI,NAMECLASS:SOLARIS ENERGY INFRASTRUCTURE INC,,common_equity,eligible,N,,,54.24,82.88,,186816049.28238097,-13.959390862944154,-24.08677396780966,8.523409363745515,102.31256993659086,34.55598455598455,99.89567484710804,277.0,full,usable,2026-08-20,conditional,94.0,100.0,,,95.0,92.0,92.0,100.0,2.2.0,c8f1bf1665a8c5dfb834c0571e7dd5f6b6e5ccd00eab00295338bd42cfde549b
SEIC,SEI Investments Company - Common Stock,nasdaqtrader:Q:SEIC,SECURITY:SEIC:nasdaqtrader:Q:SEIC,,common_equity,eligible,Q,,,107.62,107.62,,64949679.20436508,8.982278481012674,18.563402005067765,33.57329030656573,22.004307901598462,0.0,19.400328584982024,277.0,full,usable,2026-08-20,conditional,53.57,100.0,,,65.0,10.0,80.0,100.0,2.2.0,c8f1bf1665a8c5dfb834c0571e7dd5f6b6e5ccd00eab00295338bd42cfde549b
SELF,"Global Self Storage, Inc. - Common Stock",nasdaqtrader:Q:SELF,SECURITY:SELF:nasdaqtrader:Q:SELF,,common_equity,eligible,Q,,,5.55,5.6,,110127.3565079365,9.467455621301756,6.730769230769229,11.670020120724356,8.610567514677104,0.8928571428571397,24.880233905906454,277.0,full,usable,2026-08-20,rejected,37.0,100.0,,,67.0,10.0,0.0,100.0,2.2.0,c8f1bf1665a8c5dfb834c0571e7dd5f6b6e5ccd00eab00295338bd42cfde549b
SENEA,Seneca Foods Corp. - Class A Common Stock,nasdaqtrader:Q:SENEA,NAMECLASS:SENECA FOODS CORP,,common_equity,eligible,Q,,,192.24,193.9,,22934671.045714285,16.50909090909092,37.1477491617322,52.13675213675215,80.86367485182049,0.8561113976276458,37.12334921747429,277.0,full,usable,2026-08-20,conditional,52.0,100.0,,,73.0,10.0,62.0,100.0,2.2.0,c8f1bf1665a8c5dfb834c0571e7dd5f6b6e5ccd00eab00295338bd42cfde549b
SENEB,Seneca Foods Corp. - Class B Common Stock,nasdaqtrader:Q:SENEB,NAMECLASS:SENECA FOODS CORP,,common_equity,eligible,Q,,,191.77,196.6299,,24022.964436507937,15.35731472569779,34.584883149694726,56.06282552083335,83.51196172248805,2.4715976563076003,41.60518183375367,277.0,full,usable,2026-08-20,rejected,38.71,100.0,,,73.0,10.0,0.0,100.0,2.2.0,c8f1bf1665a8c5dfb834c0571e7dd5f6b6e5ccd00eab00295338bd42cfde549b
SENS,"Senseonics Holdings, Inc. - Common Stock",nasdaqtrader:Q:SENS,SECURITY:SENS:nasdaqtrader:Q:SENS,,common_equity,eligible,Q,,,8.81,11.3,,4573309.209206349,81.27572016460904,54.290718038528894,7.308160779537154,-3.483786152497803,22.0353982300885,101.28018285898648,277.0,full,usable,2026-08-20,conditional,74.21,100.0,,,61.0,92.0,45.0,100.0,2.2.0,c8f1bf1665a8c5dfb834c0571e7dd5f6b6e5ccd00eab00295338bd42cfde549b
SEPN,"Septerna, Inc. - Common Stock",nasdaqtrader:Q:SEPN,SECURITY:SEPN:nasdaqtrader:Q:SEPN,,common_equity,eligible,Q,,,40.79,48.19,,16157058.781984126,19.269005847953213,45.626561942163505,50.62776957163959,273.19304666056723,15.355882963270384,86.65137583186517,277.0,full,usable,2026-08-20,conditional,77.71,100.0,,,73.0,82.0,62.0,100.0,2.2.0,c8f1bf1665a8c5dfb834c0571e7dd5f6b6e5ccd00eab00295338bd42cfde549b
SER,"Serina Therapeutics, Inc. Common Stock",nasdaqtrader:A:SER,SECURITY:SER:nasdaqtrader:A:SER,,common_equity,eligible,A,,,2.65,5.65,,174555.57087301588,22.119815668202758,55.88235294117647,53.179190751445084,-47.1057884231537,53.09734513274337,65.09722809970823,277.0,full,usable,2026-08-20,rejected,52.14,100.0,,,45.0,70.0,0.0,100.0,2.2.0,c8f1bf1665a8c5dfb834c0571e7dd5f6b6e5ccd00eab00295338bd42cfde549b
SERA,"Sera Prognostics, Inc. - Class A Common Stock",nasdaqtrader:Q:SERA,NAMECLASS:SERA PROGNOSTICS INC,,common_equity,eligible,Q,,,2.1,3.75,,98728.23309523809,0.9615384615384581,19.318181818181813,-18.287937743190653,-6.666666666666665,43.99999999999999,68.27394071660035,277.0,full,usable,2026-08-20,rejected,65.64,100.0,,,61.0,95.0,0.0,100.0,2.2.0,c8f1bf1665a8c5dfb834c0571e7dd5f6b6e5ccd00eab00295338bd42cfde549b
SERV,Serve Robotics Inc. - Common Stock,nasdaqtrader:Q:SERV,SECURITY:SERV:nasdaqtrader:Q:SERV,,common_equity,eligible,Q,,,4.735,17.68,,31659987.47920635,-10.828625235404887,-43.4964200477327,-51.83112919633774,-50.77962577962577,73.2183257918552,83.41591954374935,277.0,full,usable,2026-08-20,conditional,58.43,100.0,,,57.0,30.0,80.0,100.0,2.2.0,c8f1bf1665a8c5dfb834c0571e7dd5f6b6e5ccd00eab00295338bd42cfde549b
SES,SES AI Corporation Class A Common Stock,nasdaqtrader:N:SES,NAMECLASS:SES AI CORPORATION,,common_equity,eligible,N,,,0.5085,3.54,,10464193.647803174,-13.813559322033896,-51.10576923076924,-71.27118644067797,-52.91666666666668,85.63559322033898,101.15801271033314,277.0,full,usable,2026-08-20,conditional,51.14,100.0,,,45.0,30.0,62.0,100.0,2.2.0,c8f1bf1665a8c5dfb834c0571e7dd5f6b6e5ccd00eab00295338bd42cfde549b
SEV,Aptera Motors Corp. - Class B Common Stock,nasdaqtrader:Q:SEV,NAMECLASS:APTERA MOTORS CORP,,common_equity,eligible,Q,,,2.34,10.84,,511068.57,30.72625698324021,-2.904564315352709,30.72625698324021,1266.0245183887914,78.41328413284133,72.67083659893454,697.0,full,usable,2026-08-20,rejected,49.29,100.0,,,85.0,30.0,0.0,100.0,2.2.0,c8f1bf1665a8c5dfb834c0571e7dd5f6b6e5ccd00eab00295338bd42cfde549b
SEVN,Seven Hills Realty Trust  - Common Stock,nasdaqtrader:Q:SEVN,SECURITY:SEVN:nasdaqtrader:Q:SEVN,,common_equity,eligible,Q,,,7.69,11.02,,1219727.126031746,-5.178791615289757,-7.572115384615385,-11.811926605504585,-26.831588962892482,30.21778584392014,31.223388802724312,277.0,full,usable,2026-08-20,rejected,66.29,100.0,,,67.0,92.0,0.0,100.0,2.2.0,c8f1bf1665a8c5dfb834c0571e7dd5f6b6e5ccd00eab00295338bd42cfde549b
SEZL,Sezzle Inc. - Common Stock,nasdaqtrader:Q:SEZL,SECURITY:SEZL:nasdaqtrader:Q:SEZL,,common_equity,eligible,Q,,,117.42,188.55,,103581774.94714285,-32.61019283746557,11.903173544267599,83.8709677419355,32.15531795160385,37.72474144789181,143.64697964730644,277.0,full,usable,2026-08-20,conditional,86.5,100.0,,,65.0,95.0,92.0,100.0,2.2.0,c8f1bf1665a8c5dfb834c0571e7dd5f6b6e5ccd00eab00295338bd42cfde549b
SF,Stifel Financial Corporation Common Stock,nasdaqtrader:N:SF,SECURITY:SF:nasdaqtrader:N:SF,,common_equity,eligible,N,,,79.88,88.81,,96841906.1579365,0.7186987769511877,9.319830299712617,0.3391533726918583,6.279936136242692,10.055173966895625,24.235076544241092,277.0,full,usable,2026-08-20,conditional,79.86,100.0,,,67.0,82.0,80.0,100.0,2.2.0,c8f1bf1665a8c5dfb834c0571e7dd5f6b6e5ccd00eab00295338bd42cfde549b
SFBC,"Sound Financial Bancorp, Inc. - Common Stock",nasdaqtrader:Q:SFBC,SECURITY:SFBC:nasdaqtrader:Q:SFBC,,common_equity,eligible,Q,,,47.75,48.66,,652345.7014285714,5.7351638618246215,12.168193563542395,9.367842418689886,1.7472831877264117,1.8701191944101914,28.164873223228998,277.0,full,usable,2026-08-20,rejected,37.0,100.0,,,67.0,10.0,0.0,100.0,2.2.0,c8f1bf1665a8c5dfb834c0571e7dd5f6b6e5ccd00eab00295338bd42cfde549b
SFBS,"ServisFirst Bancshares, Inc. Common Stock",nasdaqtrader:N:SFBS,SECURITY:SFBS:nasdaqtrader:N:SFBS,,common_equity,eligible,N,,,43.64,45.77,,24788533.234285716,0.7619487416301141,13.056994818652857,2.3212192262602516,5.717054263565879,4.653703299104217,19.355888632871288,277.0,full,usable,2026-08-20,conditional,50.29,100.0,,,67.0,10.0,62.0,100.0,2.2.0,c8f1bf1665a8c5dfb834c0571e7dd5f6b6e5ccd00eab00295338bd42cfde549b
SFD,"Smithfield Foods, Inc. - Common Stock",nasdaqtrader:Q:SFD,SECURITY:SFD:nasdaqtrader:Q:SFD,,common_equity,eligible,Q,,,22.28,29.59,,33525198.858333334,-15.733736762481087,-14.570552147239258,-10.16129032258064,-11.411530815109339,24.704291990537342,28.30332945016013,277.0,full,usable,2026-08-20,conditional,85.14,100.0,,,73.0,92.0,80.0,100.0,2.2.0,c8f1bf1665a8c5dfb834c0571e7dd5f6b6e5ccd00eab00295338bd42cfde549b
SFHG,Samfine Creation Holdings Group Limited - Class A Ordinary Share,nasdaqtrader:Q:SFHG,NAMECLASS:SAMFINE CREATION HOLDINGS GROUP LIMITED,,common_equity,eligible,Q,,,2.49,4.825,,439307.69834761904,1.2195121951219523,-3.484631187255305,-19.23451183911774,-26.786239341370177,48.39378238341968,55.04845308075169,277.0,full,usable,2026-08-20,rejected,67.36,100.0,,,67.0,95.0,0.0,100.0,2.2.0,c8f1bf1665a8c5dfb834c0571e7dd5f6b6e5ccd00eab00295338bd42cfde549b
SFIX,"Stitch Fix, Inc. - Class A Common Stock",nasdaqtrader:Q:SFIX,NAMECLASS:STITCH FIX INC,,common_equity,eligible,Q,,,3.34,5.83,,7472452.835793652,-10.933333333333339,4.374999999999996,-2.6239067055393694,-35.89251439539347,42.710120068610635,65.6208176141788,277.0,full,usable,2026-08-20,conditional,80.64,100.0,,,67.0,95.0,62.0,100.0,2.2.0,c8f1bf1665a8c5dfb834c0571e7dd5f6b6e5ccd00eab00295338bd42cfde549b
SFL,SFL Corporation Ltd,qrgf-resolution-required:N:SFL,SECURITY:SFL:qrgf-resolution-required:N:SFL,,common_equity,eligible,N,,,12.52,12.8,,16802603.324603174,10.308370044052872,-1.572327044025168,19.465648854961827,64.52036793692508,2.187500000000009,26.171522779034216,277.0,full,usable,2026-08-20,conditional,55.43,100.0,,,85.0,10.0,62.0,100.0,2.2.0,c8f1bf1665a8c5dfb834c0571e7dd5f6b6e5ccd00eab00295338bd42cfde549b
SFM,"Sprouts Farmers Market, Inc. - Common Stock",nasdaqtrader:Q:SFM,SECURITY:SFM:nasdaqtrader:Q:SFM,,common_equity,eligible,Q,,,78.35,151.06,,168251318.70190474,5.964295374628081,-11.428894415555057,15.475313190862195,-46.79117147707979,48.133192109095724,42.774508802805336,277.0,full,usable,2026-08-20,conditional,84.21,100.0,,,57.0,95.0,92.0,100.0,2.2.0,c8f1bf1665a8c5dfb834c0571e7dd5f6b6e5ccd00eab00295338bd42cfde549b
SFNC,Simmons First National Corporation - Common Stock,nasdaqtrader:Q:SFNC,SECURITY:SFNC:nasdaqtrader:Q:SFNC,,common_equity,eligible,Q,,,22.98,24.12,,33204009.850714285,-0.5625270445694497,8.039492242595214,8.601134215500949,15.072608913370056,4.726368159203986,16.927239845970867,277.0,full,usable,2026-08-20,conditional,56.43,100.0,,,75.0,10.0,80.0,100.0,2.2.0,c8f1bf1665a8c5dfb834c0571e7dd5f6b6e5ccd00eab00295338bd42cfde549b
SFST,"Southern First Bancshares, Inc. - Common Stock",nasdaqtrader:Q:SFST,SECURITY:SFST:nasdaqtrader:Q:SFST,,common_equity,eligible,Q,,,62.82,64.6,,7995017.707619048,4.110043089161408,11.402730980670327,5.296681193429431,50.611364181251496,2.7554179566563364,21.583606250936857,277.0,full,usable,2026-08-20,conditional,54.86,100.0,,,83.0,10.0,62.0,100.0,2.2.0,c8f1bf1665a8c5dfb834c0571e7dd5f6b6e5ccd00eab00295338bd42cfde549b
SFWL,Shengfeng Development Limited - Class A Ordinary Shares,nasdaqtrader:Q:SFWL,NAMECLASS:SHENGFENG DEVELOPMENT LIMITED,,common_equity,eligible,Q,,,0.81,1.25,,21284.74003809524,3.8461538461538547,-15.183246073298417,-5.813953488372081,-18.999999999999993,35.199999999999996,126.3003841609261,277.0,full,usable,2026-08-20,rejected,69.07,100.0,,,73.0,95.0,0.0,100.0,2.2.0,c8f1bf1665a8c5dfb834c0571e7dd5f6b6e5ccd00eab00295338bd42cfde549b
SG,"Sweetgreen, Inc. Class A Common Stock",nasdaqtrader:N:SG,NAMECLASS:SWEETGREEN INC,,common_equity,eligible,N,,,6.58,10.21,,45489796.106507935,4.444444444444451,-26.970033296337405,8.940397350993369,-30.296610169491522,35.55337904015672,97.33537544500821,277.0,full,usable,2026-08-20,conditional,84.5,100.0,,,67.0,95.0,80.0,100.0,2.2.0,c8f1bf1665a8c5dfb834c0571e7dd5f6b6e5ccd00eab00295338bd42cfde549b
SGA,"Saga Communications, Inc. - Class A Common Stock",nasdaqtrader:Q:SGA,NAMECLASS:SAGA COMMUNICATIONS INC,,common_equity,eligible,Q,,,9.18,13.3,,152665.1638095238,7.557117750439368,-8.83813306852036,-21.739130434782616,-29.655172413793107,30.977443609022558,39.08594732172072,277.0,full,usable,2026-08-20,rejected,66.29,100.0,,,67.0,92.0,0.0,100.0,2.2.0,c8f1bf1665a8c5dfb834c0571e7dd5f6b6e5ccd00eab00295338bd42cfde549b
SGC,"Superior Group of Companies, Inc. - Common Stock",nasdaqtrader:Q:SGC,SECURITY:SGC:nasdaqtrader:Q:SGC,,common_equity,eligible,Q,,,12.57,14.13,,698949.0730158731,-2.934362934362922,9.304347826086957,23.235294117647065,4.228855721393043,11.040339702760082,54.78500942902086,277.0,full,usable,2026-08-20,rejected,59.86,100.0,,,57.0,82.0,0.0,100.0,2.2.0,c8f1bf1665a8c5dfb834c0571e7dd5f6b6e5ccd00eab00295338bd42cfde549b
SGHC,Super Group (SGHC) Limited Ordinary Shares,nasdaqtrader:N:SGHC,SECURITY:SGHC:nasdaqtrader:N:SGHC,,common_equity,eligible,N,,,13.22,15.59,,40425829.70333333,-8.701657458563538,-3.784570596797665,38.57442348008389,16.681376875551646,15.202052597819105,42.03722251355932,277.0,full,usable,2026-08-20,conditional,82.71,100.0,,,77.0,82.0,80.0,100.0,2.2.0,c8f1bf1665a8c5dfb834c0571e7dd5f6b6e5ccd00eab00295338bd42cfde549b
SGHT,"Sight Sciences, Inc. - Common Stock",nasdaqtrader:Q:SGHT,SECURITY:SGHT:nasdaqtrader:Q:SGHT,,common_equity,eligible,Q,,,8.15,9.05,,1340361.935079365,62.027833001988064,67.6954732510288,48.99451553930532,99.26650366748169,9.944751381215477,85.84909270633739,277.0,full,usable,2026-08-20,rejected,64.43,100.0,,,73.0,82.0,0.0,100.0,2.2.0,c8f1bf1665a8c5dfb834c0571e7dd5f6b6e5ccd00eab00295338bd42cfde549b
SGI,Somnigroup International Inc. Common Stock,nasdaqtrader:N:SGI,SECURITY:SGI:nasdaqtrader:N:SGI,,common_equity,eligible,N,,,64.26,97.99,,201522882.4093651,-8.38323353293412,-2.1768914598873423,-28.16098378982671,-21.037109855001212,34.42187978365139,42.412049670481466,277.0,full,usable,2026-08-20,conditional,87.71,100.0,,,73.0,92.0,92.0,100.0,2.2.0,c8f1bf1665a8c5dfb834c0571e7dd5f6b6e5ccd00eab00295338bd42cfde549b
SGLY,Singularity Future Technology Ltd. - Common Stock,nasdaqtrader:Q:SGLY,SECURITY:SGLY:nasdaqtrader:Q:SGLY,,common_equity,eligible,Q,,,3.43,19.46,,4028636.5937619046,-6.844106463878319,-41.56729131175469,-33.949547467745035,-76.60300136425649,82.37410071942446,193.20881806365227,277.0,full,usable,2026-08-20,conditional,48.07,100.0,,,47.0,30.0,45.0,100.0,2.2.0,c8f1bf1665a8c5dfb834c0571e7dd5f6b6e5ccd00eab00295338bd42cfde549b
SGML,Sigma Lithium Corporation - common shares,nasdaqtrader:Q:SGML,SECURITY:SGML:nasdaqtrader:Q:SGML,,common_equity,eligible,Q,,,10.74,23.65,,26983426.834444445,5.7086614173228245,-29.986962190352017,-21.08743570903747,67.55070202808113,54.5877378435518,64.36539445693693,277.0,full,usable,2026-08-20,conditional,83.57,100.0,,,95.0,70.0,80.0,100.0,2.2.0,c8f1bf1665a8c5dfb834c0571e7dd5f6b6e5ccd00eab00295338bd42cfde549b
SGMT,Sagimet Biosciences Inc. - Series A Common Stock,nasdaqtrader:Q:SGMT,SECURITY:SGMT:nasdaqtrader:Q:SGMT,,common_equity,eligible,Q,,,10.18,10.58,,9322684.898571428,44.397163120567384,53.08270676691728,89.21933085501858,47.322720694645426,3.7807183364839347,74.22259196805624,277.0,full,usable,2026-08-20,conditional,49.71,100.0,,,65.0,10.0,62.0,100.0,2.2.0,c8f1bf1665a8c5dfb834c0571e7dd5f6b6e5ccd00eab00295338bd42cfde549b
SGP,"SpyGlass Pharma, Inc. - Common Stock",nasdaqtrader:Q:SGP,SECURITY:SGP:nasdaqtrader:Q:SGP,,common_equity,eligible,Q,,,26.21,29.68,,2408369.845873016,27.604673807205458,19.735038830516217,-11.691374663072773,,11.691374663072773,63.93366262072788,135.0,limited_but_usable,usable,2026-08-20,conditional,66.64,100.0,,,47.0,82.0,45.0,100.0,2.2.0,c8f1bf1665a8c5dfb834c0571e7dd5f6b6e5ccd00eab00295338bd42cfde549b
SGRY,"Surgery Partners, Inc. - Common Stock",nasdaqtrader:Q:SGRY,SECURITY:SGRY:nasdaqtrader:Q:SGRY,,common_equity,eligible,Q,,,13.94,23.84,,24477308.549365077,-7.98679867986799,3.335804299481082,-9.185667752442994,-39.91379310344828,41.5268456375839,57.41397694640151,277.0,full,usable,2026-08-20,conditional,80.64,100.0,,,67.0,95.0,62.0,100.0,2.2.0,c8f1bf1665a8c5dfb834c0571e7dd5f6b6e5ccd00eab00295338bd42cfde549b
SGU,Star Group L.P. Common Stock,nasdaqtrader:N:SGU,SECURITY:SGU:nasdaqtrader:N:SGU,,common_equity,eligible,N,,,12.58,13.45,,295830.033968254,-2.4806201550387597,-1.9485580670303926,-2.1772939346811793,8.729472774416603,6.4684014869888395,15.250113376726059,277.0,full,usable,2026-08-20,rejected,46.86,100.0,,,79.0,28.0,0.0,100.0,2.2.0,c8f1bf1665a8c5dfb834c0571e7dd5f6b6e5ccd00eab00295338bd42cfde549b
SHAK,"Shake Shack, Inc. Class A Common Stock",nasdaqtrader:N:SHAK,NAMECLASS:SHAKE SHACK INC,,common_equity,eligible,N,,,73.85,106.76,,128020079.04555555,32.01644619234894,16.354183078619823,-20.74479502039065,-29.343666283964797,30.82615211689772,54.05113733502252,277.0,full,usable,2026-08-20,conditional,82.57,100.0,,,55.0,92.0,92.0,100.0,2.2.0,c8f1bf1665a8c5dfb834c0571e7dd5f6b6e5ccd00eab00295338bd42cfde549b
SHAZ,"SharonAI Holdings, Inc. - Class A Common Stock",nasdaqtrader:Q:SHAZ,NAMECLASS:SHARONAI HOLDINGS INC,,common_equity,eligible,Q,,,60.85,92.7,,118682963.01857144,-13.675698680663917,21.106577768932233,96.29032258064515,,34.35814455231932,152.41358540819115,128.0,limited_but_usable,usable,2026-08-20,conditional,77.43,100.0,,,37.0,92.0,92.0,100.0,2.2.0,c8f1bf1665a8c5dfb834c0571e7dd5f6b6e5ccd00eab00295338bd42cfde549b
SHBI,"Shore Bancshares, Inc. - Common Stock",nasdaqtrader:Q:SHBI,SECURITY:SHBI:nasdaqtrader:Q:SHBI,,common_equity,eligible,Q,,,23.14,24.61,,5075799.9120634915,1.1805859204197633,17.461928934010153,18.423746161719556,45.44311753614079,5.973181633482316,20.18853661954173,277.0,full,usable,2026-08-20,conditional,56.14,100.0,,,65.0,28.0,62.0,100.0,2.2.0,c8f1bf1665a8c5dfb834c0571e7dd5f6b6e5ccd00eab00295338bd42cfde549b
SHC,Sotera Health Company - Common Stock,nasdaqtrader:Q:SHC,SECURITY:SHC:nasdaqtrader:Q:SHC,,common_equity,eligible,Q,,,19.22,19.35,,50146810.90904762,11.162521688837469,23.60128617363342,10.459770114942524,18.93564356435642,0.671834625323009,26.45020284491632,277.0,full,usable,2026-08-20,conditional,56.43,100.0,,,75.0,10.0,80.0,100.0,2.2.0,c8f1bf1665a8c5dfb834c0571e7dd5f6b6e5ccd00eab00295338bd42cfde549b
SHEL,Shell PLC American Depositary Shares (each representing two (2) Ordinary Shares),nasdaqtrader:N:SHEL,SECURITY:SHEL:nasdaqtrader:N:SHEL,,adr,eligible,N,,,93.65,94.15,,553508304.0104762,6.699327788538234,7.991236162361637,16.509081861159515,31.070678796361094,0.5310674455655917,21.040980178726823,277.0,full,usable,2026-08-20,conditional,57.86,100.0,,,65.0,10.0,100.0,100.0,2.2.0,c8f1bf1665a8c5dfb834c0571e7dd5f6b6e5ccd00eab00295338bd42cfde549b
SHEN,Shenandoah Telecommunications Co - Common Stock,nasdaqtrader:Q:SHEN,SECURITY:SHEN:nasdaqtrader:Q:SHEN,,common_equity,eligible,Q,,,12.32,17.1,,6060197.152063492,4.761904761904767,-23.38308457711442,-8.196721311475407,-1.754385964912275,27.953216374269008,56.09406067987563,277.0,full,usable,2026-08-20,conditional,81.29,100.0,,,73.0,92.0,62.0,100.0,2.2.0,c8f1bf1665a8c5dfb834c0571e7dd5f6b6e5ccd00eab00295338bd42cfde549b
SHG,Shinhan Financial Group Co Ltd American Depositary Shares,nasdaqtrader:N:SHG,SECURITY:SHG:nasdaqtrader:N:SHG,,adr,eligible,N,,,71.71,75.92,,17329954.9515873,1.5003538570417474,11.663033322952355,3.0464147147578613,48.65257048092868,5.545310853530038,34.515014565415136,277.0,full,usable,2026-08-20,conditional,59.0,100.0,,,75.0,28.0,62.0,100.0,2.2.0,c8f1bf1665a8c5dfb834c0571e7dd5f6b6e5ccd00eab00295338bd42cfde549b
SHIM,Shimmick Corporation - Common Stock,nasdaqtrader:Q:SHIM,SECURITY:SHIM:nasdaqtrader:Q:SHIM,,common_equity,eligible,Q,,,3.9,6.67,,496473.9131746032,4.0000000000000036,-8.66510538641685,15.384615384615397,40.28776978417268,41.52923538230885,63.137402977403944,277.0,full,usable,2026-08-20,rejected,70.21,100.0,,,77.0,95.0,0.0,100.0,2.2.0,c8f1bf1665a8c5dfb834c0571e7dd5f6b6e5ccd00eab00295338bd42cfde549b
SHIP,Seanergy Maritime Holdings Corp. - Common Stock,nasdaqtrader:Q:SHIP,SECURITY:SHIP:nasdaqtrader:Q:SHIP,,common_equity,eligible,Q,,,16.92,18.17,,3995420.990952381,10.805500982318295,6.549118387909325,24.411764705882376,130.2040816326531,6.879471656576774,55.66254886594398,277.0,full,usable,2026-08-20,conditional,54.79,100.0,,,73.0,28.0,45.0,100.0,2.2.0,c8f1bf1665a8c5dfb834c0571e7dd5f6b6e5ccd00eab00295338bd42cfde549b
SHLS,"Shoals Technologies Group, Inc. - Class A Common Stock",nasdaqtrader:Q:SHLS,NAMECLASS:SHOALS TECHNOLOGIES GROUP INC,,common_equity,eligible,Q,,,7.375,12.77,,55852451.39706349,-29.290508149568552,-23.77260981912145,-27.62512266928361,20.309951060358888,42.24745497259201,95.11049774249491,277.0,full,usable,2026-08-20,conditional,90.21,100.0,,,87.0,95.0,80.0,100.0,2.2.0,c8f1bf1665a8c5dfb834c0571e7dd5f6b6e5ccd00eab00295338bd42cfde549b
SHMD,SCHMID Group N.V. - Class A Ordinary Shares,nasdaqtrader:Q:SHMD,NAMECLASS:SCHMID GROUP N V,,common_equity,eligible,Q,,,4.835,10.42,,4331510.120634921,10.38812785388128,-30.730659025787965,-37.93324775353016,85.96153846153844,53.59884836852207,88.50975907736887,277.0,full,usable,2026-08-20,conditional,76.07,100.0,,,95.0,70.0,45.0,100.0,2.2.0,c8f1bf1665a8c5dfb834c0571e7dd5f6b6e5ccd00eab00295338bd42cfde549b
SHO,"Sunstone Hotel Investors, Inc. Sunstone Hotel Investors, Inc. Common Shares",nasdaqtrader:N:SHO,SECURITY:SHO:nasdaqtrader:N:SHO,,common_equity,eligible,N,,,11.28,11.92,,30939833.00698413,-4.0000000000000036,6.919431279620847,20.255863539445617,24.22907488986783,5.369127516778526,19.317612939434408,277.0,full,usable,2026-08-20,conditional,60.0,100.0,,,65.0,28.0,80.0,100.0,2.2.0,c8f1bf1665a8c5dfb834c0571e7dd5f6b6e5ccd00eab00295338bd42cfde549b
SHOE,"Shoe Station Group, Inc. - Common Stock",nasdaqtrader:Q:SHOE,SECURITY:SHOE:nasdaqtrader:Q:SHOE,,common_equity,eligible,Q,,,15.29,25.89,,10017079.38095238,3.801765105227428,-3.0437539632213073,-25.34179687500001,-27.466793168880454,40.94244882193898,44.91362271099581,277.0,full,usable,2026-08-20,conditional,80.64,100.0,,,67.0,95.0,62.0,100.0,2.2.0,c8f1bf1665a8c5dfb834c0571e7dd5f6b6e5ccd00eab00295338bd42cfde549b
SHOO,"Steven Madden, Ltd. - Common Stock",nasdaqtrader:Q:SHOO,SECURITY:SHOO:nasdaqtrader:Q:SHOO,,common_equity,eligible,Q,,,45.73,49.07,,48049713.90333333,5.1022753390025155,12.969367588932812,16.80715197956577,69.1198224852071,6.806602812308949,40.37472954519001,277.0,full,usable,2026-08-20,conditional,62.29,100.0,,,73.0,28.0,80.0,100.0,2.2.0,c8f1bf1665a8c5dfb834c0571e7dd5f6b6e5ccd00eab00295338bd42cfde549b
SHOP,Shopify Inc. - Class A Subordinate Voting Shares,qrgf-resolution-required:Q:SHOP,SECURITY:SHOP:qrgf-resolution-required:Q:SHOP,,common_equity,eligible,Q,,,147.18,179.01,,1165910414.4741268,24.286438101672015,40.158080182839726,18.885298869143785,5.69479353680431,17.781129545835416,70.49599640934969,277.0,full,usable,2026-08-20,conditional,81.29,100.0,,,57.0,82.0,100.0,100.0,2.2.0,c8f1bf1665a8c5dfb834c0571e7dd5f6b6e5ccd00eab00295338bd42cfde549b
SHOT,RMG ML Sports Holdings - Class A Ordinary Shares,nasdaqtrader:Q:SHOT,NAMECLASS:RMG ML SPORTS HOLDINGS,,common_equity,eligible,Q,,,9.8303,9.84,,229327.3160793651,0.0030518819938984976,2409.6502425325502,2409.6502425325502,1891.9554204660585,0.09857723577236799,933.8756297350478,277.0,full,usable,2026-08-20,rejected,38.71,100.0,,,73.0,10.0,0.0,100.0,2.2.0,c8f1bf1665a8c5dfb834c0571e7dd5f6b6e5ccd00eab00295338bd42cfde549b
SHPH,"Shuttle Pharmaceuticals Holdings, Inc. - common stock",nasdaqtrader:Q:SHPH,SECURITY:SHPH:nasdaqtrader:Q:SHPH,,common_equity,eligible,Q,,,3.71,47.6,,8336364.551412698,21.24183006535947,-37.46839710096073,-68.55932203389831,-88.18471337579618,92.20588235294119,173.81237695199638,277.0,full,usable,2026-08-20,conditional,48.86,100.0,,,37.0,30.0,62.0,100.0,2.2.0,c8f1bf1665a8c5dfb834c0571e7dd5f6b6e5ccd00eab00295338bd42cfde549b
SHW,Sherwin-Williams Company (The) Common Stock,nasdaqtrader:N:SHW,SECURITY:SHW:nasdaqtrader:N:SHW,,common_equity,eligible,N,,,346.91,375.23,,755723679.169365,8.439873714482204,12.742931426714343,-2.992086351052825,-5.713043241921012,7.547370945819898,38.250486272518,277.0,full,usable,2026-08-20,conditional,63.14,100.0,,,61.0,28.0,100.0,100.0,2.2.0,c8f1bf1665a8c5dfb834c0571e7dd5f6b6e5ccd00eab00295338bd42cfde549b
SI,"Shoulder Innovations, Inc. Common Stock",nasdaqtrader:N:SI,SECURITY:SI:nasdaqtrader:N:SI,,common_equity,eligible,N,,,22.1,24.25,,2477917.453650794,8.81339241752832,48.521505376344095,65.7914478619655,77.65273311897107,8.865979381443289,81.4722715746835,266.0,full,usable,2026-08-20,conditional,74.07,100.0,,,73.0,82.0,45.0,100.0,2.2.0,c8f1bf1665a8c5dfb834c0571e7dd5f6b6e5ccd00eab00295338bd42cfde549b
SIBN,"SI-BONE, Inc. - Common Stock",nasdaqtrader:Q:SIBN,SECURITY:SIBN:nasdaqtrader:Q:SIBN,,common_equity,eligible,Q,,,19.475,21.4,,9017490.36809524,16.54697785757031,31.41025641025641,25.88881706528765,25.726275016139443,8.99532710280373,36.90827239030482,277.0,full,usable,2026-08-20,conditional,75.43,100.0,,,65.0,82.0,62.0,100.0,2.2.0,c8f1bf1665a8c5dfb834c0571e7dd5f6b6e5ccd00eab00295338bd42cfde549b
SID,Companhia Siderurgica Nacional S.A. Common Stock,nasdaqtrader:N:SID,SECURITY:SID:nasdaqtrader:N:SID,,common_equity,eligible,N,,,0.8913,2.12,,4343481.9613634925,-18.229357798165147,-28.695999999999998,-46.30722891566265,-29.81889763779528,57.95754716981132,53.60568600159402,277.0,full,usable,2026-08-20,conditional,68.07,100.0,,,67.0,70.0,45.0,100.0,2.2.0,c8f1bf1665a8c5dfb834c0571e7dd5f6b6e5ccd00eab00295338bd42cfde549b
SIDU,"Sidus Space, Inc. - Class A Common Stock",nasdaqtrader:Q:SIDU,NAMECLASS:SIDUS SPACE INC,,common_equity,eligible,Q,,,2.34,6.2,,55569224.83396825,17.587939698492463,-39.14174252275683,2.183406113537112,105.26315789473686,62.25806451612903,100.781512718864,277.0,full,usable,2026-08-20,conditional,83.57,100.0,,,95.0,70.0,80.0,100.0,2.2.0,c8f1bf1665a8c5dfb834c0571e7dd5f6b6e5ccd00eab00295338bd42cfde549b
SIEB,Siebert Financial Corp. - Common Stock,nasdaqtrader:Q:SIEB,SECURITY:SIEB:nasdaqtrader:Q:SIEB,,common_equity,eligible,Q,,,2.1,4.06,,135179.11698412697,27.272727272727295,16.666666666666675,-10.256410256410241,-30.4635761589404,48.275862068965516,45.895563026853175,277.0,full,usable,2026-08-20,rejected,63.93,100.0,,,55.0,95.0,0.0,100.0,2.2.0,c8f1bf1665a8c5dfb834c0571e7dd5f6b6e5ccd00eab00295338bd42cfde549b
SIF,"SIFCO Industries, Inc. Common Stock",nasdaqtrader:A:SIF,SECURITY:SIF:nasdaqtrader:A:SIF,,common_equity,eligible,A,,,20.99,28.23,,3075259.8017460317,-19.762996941896027,9.837781266352685,70.78925956061839,213.28358208955223,25.64647538080057,95.86254274992353,277.0,full,usable,2026-08-20,conditional,77.64,100.0,,,73.0,92.0,45.0,100.0,2.2.0,c8f1bf1665a8c5dfb834c0571e7dd5f6b6e5ccd00eab00295338bd42cfde549b
SIFY,Sify Technologies Limited - American Depository Shares,nasdaqtrader:Q:SIFY,SECURITY:SIFY:nasdaqtrader:Q:SIFY,,adr,eligible,Q,,,14.28,17.35,,944202.197063492,-2.1917808219178103,-12.5,-5.116279069767449,74.78580171358628,17.694524495677243,41.864407131487766,277.0,full,usable,2026-08-20,rejected,70.71,100.0,,,95.0,82.0,0.0,100.0,2.2.0,c8f1bf1665a8c5dfb834c0571e7dd5f6b6e5ccd00eab00295338bd42cfde549b
SIG,Signet Jewelers Limited Common Shares,nasdaqtrader:N:SIG,SECURITY:SIG:nasdaqtrader:N:SIG,,common_equity,eligible,N,,,81.02,106.0,,71970818.66777778,-10.593687927609807,3.1839021905247122,-14.778584201114963,-0.28307692307693033,23.566037735849065,39.079812106711906,277.0,full,usable,2026-08-20,conditional,85.14,100.0,,,73.0,92.0,80.0,100.0,2.2.0,c8f1bf1665a8c5dfb834c0571e7dd5f6b6e5ccd00eab00295338bd42cfde549b
SIGA,SIGA Technologies Inc. - Common Stock,nasdaqtrader:Q:SIGA,SECURITY:SIGA:nasdaqtrader:Q:SIGA,,common_equity,eligible,Q,,,2.97,9.37,,2304821.6225396823,-12.389380530973447,-33.85300668151447,-56.12998522895125,-66.1345496009122,68.30309498399146,52.21136841150105,277.0,full,usable,2026-08-20,conditional,50.93,100.0,,,57.0,30.0,45.0,100.0,2.2.0,c8f1bf1665a8c5dfb834c0571e7dd5f6b6e5ccd00eab00295338bd42cfde549b
SIGI,"Selective Insurance Group, Inc. - Common Stock",nasdaqtrader:Q:SIGI,SECURITY:SIGI:nasdaqtrader:Q:SIGI,,common_equity,eligible,Q,,,90.81,100.15,,52580972.216825396,-5.485012489592,1.782111634162753,6.898175397292516,17.49256048647949,9.326010983524712,25.969384800697092,277.0,full,usable,2026-08-20,conditional,85.57,100.0,,,87.0,82.0,80.0,100.0,2.2.0,c8f1bf1665a8c5dfb834c0571e7dd5f6b6e5ccd00eab00295338bd42cfde549b
SII,Sprott Inc. Common Shares,nasdaqtrader:N:SII,SECURITY:SII:nasdaqtrader:N:SII,,common_equity,eligible,N,,,126.56,166.4,,22041535.201269843,16.61291808716483,-0.47967287882362264,-3.234192216530307,102.36648544931244,23.942307692307697,53.70396446483916,277.0,full,usable,2026-08-20,conditional,87.57,100.0,,,95.0,92.0,62.0,100.0,2.2.0,c8f1bf1665a8c5dfb834c0571e7dd5f6b6e5ccd00eab00295338bd42cfde549b
SILC,Silicom Ltd - Ordinary Shares,nasdaqtrader:Q:SILC,SECURITY:SILC:nasdaqtrader:Q:SILC,,common_equity,eligible,Q,,,41.4,50.98,,7959658.633095238,-6.504065040650408,-0.5046863734679219,112.85347043701802,170.58823529411762,18.791683012946248,91.38000325982348,277.0,full,usable,2026-08-20,conditional,81.14,100.0,,,85.0,82.0,62.0,100.0,2.2.0,c8f1bf1665a8c5dfb834c0571e7dd5f6b6e5ccd00eab00295338bd42cfde549b
SILO,"Silo Pharma, Inc. - Common Stock",nasdaqtrader:Q:SILO,SECURITY:SILO:nasdaqtrader:Q:SILO,,common_equity,eligible,Q,,,2.74,12.23,,1004919.4248412699,-40.563991323210416,-50.9663564781675,-38.06509945750452,-72.32323232323232,77.5960752248569,117.97601643794869,277.0,full,usable,2026-08-20,rejected,35.0,100.0,,,35.0,30.0,0.0,100.0,2.2.0,c8f1bf1665a8c5dfb834c0571e7dd5f6b6e5ccd00eab00295338bd42cfde549b
SIM,"Grupo Simec, S.A.B. de C.V. American Depositary Shares",nasdaqtrader:A:SIM,SECURITY:SIM:nasdaqtrader:A:SIM,,adr,eligible,A,,,27.5,34.35,,398392.6985333334,1.1029411764705843,-8.379143761452612,-11.290322580645162,-1.6452074391988591,19.94177583697234,52.37491916869155,277.0,full,usable,2026-08-20,rejected,64.43,100.0,,,73.0,82.0,0.0,100.0,2.2.0,c8f1bf1665a8c5dfb834c0571e7dd5f6b6e5ccd00eab00295338bd42cfde549b
SIMO,"Silicon Motion Technology Corporation - American Depositary Shares, each representing four ordinary shares",nasdaqtrader:Q:SIMO,SECURITY:SIMO:nasdaqtrader:Q:SIMO,,adr,eligible,Q,,,249.65,336.9,,290960323.9748413,-11.371059358136893,-3.2439345787148244,88.6856624593757,238.92207439587295,25.897892549718016,112.61066534781845,277.0,full,usable,2026-08-20,conditional,91.14,100.0,,,85.0,92.0,92.0,100.0,2.2.0,c8f1bf1665a8c5dfb834c0571e7dd5f6b6e5ccd00eab00295338bd42cfde549b
SIND,Sinda Ltd. Common Stock,nasdaqtrader:N:SIND,SECURITY:SIND:nasdaqtrader:N:SIND,,common_equity,eligible,N,,,15.85,17.33,,2426572.175128205,8.48733744010952,,,,8.54010386612809,83.91300188048525,39.0,insufficient,usable,2026-08-20,recheck,,71.43,,,,82.0,45.0,76.0,2.2.0,c8f1bf1665a8c5dfb834c0571e7dd5f6b6e5ccd00eab00295338bd42cfde549b
SINT,"SiNtx Technologies, Inc. - Common Stock",nasdaqtrader:Q:SINT,SECURITY:SINT:nasdaqtrader:Q:SINT,,common_equity,eligible,Q,,,1.51,5.51,,213478.82365079367,-3.205128205128205,-31.674208144796378,-52.81249999999999,-54.1033434650456,72.59528130671507,84.67526772585346,277.0,full,usable,2026-08-20,rejected,41.29,100.0,,,57.0,30.0,0.0,100.0,2.2.0,c8f1bf1665a8c5dfb834c0571e7dd5f6b6e5ccd00eab00295338bd42cfde549b
SION,"Sionna Therapeutics, Inc. - Common Stock",nasdaqtrader:Q:SION,SECURITY:SION:nasdaqtrader:Q:SION,,common_equity,eligible,Q,,,5.515,51.04,,25303776.085555553,-87.75260937153008,-86.0379746835443,-85.23031601499731,-74.32495344506518,89.19474921630093,714.2866975036065,277.0,full,usable,2026-08-20,conditional,42.14,100.0,,,0.0,30.0,80.0,100.0,2.2.0,c8f1bf1665a8c5dfb834c0571e7dd5f6b6e5ccd00eab00295338bd42cfde549b
SIRI,SiriusXM Holdings Inc. - Common Stock,nasdaqtrader:Q:SIRI,SECURITY:SIRI:nasdaqtrader:Q:SIRI,,common_equity,eligible,Q,,,28.39,32.59,,145121413.38952383,-4.827355011733148,4.953789279112764,34.933460076045634,23.81160052333189,12.887388769561225,34.293531462994295,277.0,full,usable,2026-08-20,conditional,85.29,100.0,,,77.0,82.0,92.0,100.0,2.2.0,c8f1bf1665a8c5dfb834c0571e7dd5f6b6e5ccd00eab00295338bd42cfde549b
SITC,SITE Centers Corp. Common Stock,nasdaqtrader:N:SITC,SECURITY:SITC:nasdaqtrader:N:SITC,,common_equity,eligible,N,,,3.02,12.28,,3917049.526825397,-29.274004683840737,-45.09090909090909,-54.449472096530926,-74.81234361968308,75.4071661237785,81.21347367243008,277.0,full,usable,2026-08-20,conditional,41.79,100.0,,,25.0,30.0,45.0,100.0,2.2.0,c8f1bf1665a8c5dfb834c0571e7dd5f6b6e5ccd00eab00295338bd42cfde549b
SITE,"SiteOne Landscape Supply, Inc. Common Stock",nasdaqtrader:N:SITE,SECURITY:SITE:nasdaqtrader:N:SITE,,common_equity,eligible,N,,,95.59,163.25,,90080133.87238096,-7.400949336433205,-16.1344095455343,-36.451269777955055,-32.91929824561404,41.44563552833078,48.95106730106756,277.0,full,usable,2026-08-20,conditional,84.5,100.0,,,67.0,95.0,80.0,100.0,2.2.0,c8f1bf1665a8c5dfb834c0571e7dd5f6b6e5ccd00eab00295338bd42cfde549b
SITM,SiTime Corporation - Common Stock,nasdaqtrader:Q:SITM,SECURITY:SITM:nasdaqtrader:Q:SITM,,common_equity,eligible,Q,,,598.81,901.48,,362719849.6342857,1.3780960604059755,-14.08751793400288,50.99730186347933,181.43535272829814,33.57478812619249,110.58461353988254,277.0,full,usable,2026-08-20,conditional,91.14,100.0,,,85.0,92.0,92.0,100.0,2.2.0,c8f1bf1665a8c5dfb834c0571e7dd5f6b6e5ccd00eab00295338bd42cfde549b
SJ,Scienjoy Holding Corporation - Class A Ordinary Shares,nasdaqtrader:Q:SJ,NAMECLASS:SCIENJOY HOLDING CORPORATION,,common_equity,eligible,Q,,,0.9366,1.59,,54862.56181904762,35.73913043478261,-20.6271186440678,-22.595041322314046,24.879999999999992,41.09433962264152,92.66450521327764,277.0,full,usable,2026-08-20,rejected,73.07,100.0,,,87.0,95.0,0.0,100.0,2.2.0,c8f1bf1665a8c5dfb834c0571e7dd5f6b6e5ccd00eab00295338bd42cfde549b
SJM,The J.M. Smucker Company Common Stock,nasdaqtrader:N:SJM,SECURITY:SJM:nasdaqtrader:N:SJM,,common_equity,eligible,N,,,123.05,126.35,,169167347.83396825,4.235493434985171,22.462181528662416,12.302637583280095,9.846455990001779,2.611792639493471,31.139838608959863,277.0,full,usable,2026-08-20,conditional,56.71,100.0,,,67.0,10.0,92.0,100.0,2.2.0,c8f1bf1665a8c5dfb834c0571e7dd5f6b6e5ccd00eab00295338bd42cfde549b
SJT,San Juan Basin Royalty Trust Common Stock,nasdaqtrader:N:SJT,SECURITY:SJT:nasdaqtrader:N:SJT,,common_equity,eligible,N,,,2.9,6.47,,693283.8496825397,15.999999999999993,-30.28846153846154,-48.3065953654189,-49.12280701754387,55.17774343122102,53.40291302819994,277.0,full,usable,2026-08-20,rejected,58.43,100.0,,,67.0,70.0,0.0,100.0,2.2.0,c8f1bf1665a8c5dfb834c0571e7dd5f6b6e5ccd00eab00295338bd42cfde549b
SKE,Skeena Resources Limited Common Shares,nasdaqtrader:N:SKE,SECURITY:SKE:nasdaqtrader:N:SKE,,common_equity,eligible,N,,,34.83,38.12,,22006273.1115873,23.64217252396166,18.429105746344774,1.3973799126637543,135.65629228687416,8.63064008394543,63.924884349063284,277.0,full,usable,2026-08-20,conditional,80.57,100.0,,,83.0,82.0,62.0,100.0,2.2.0,c8f1bf1665a8c5dfb834c0571e7dd5f6b6e5ccd00eab00295338bd42cfde549b
SKHY,SK hynix Inc. - American Depositary Shares,nasdaqtrader:Q:SKHY,SECURITY:SKHY:nasdaqtrader:Q:SKHY,,adr,eligible,Q,,,163.035,193.92,,6425919979.8865,-1.352332546741708,,,,15.9266707920792,,30.0,insufficient,usable,2026-08-20,recheck,,71.43,,,,82.0,100.0,64.0,2.2.0,c8f1bf1665a8c5dfb834c0571e7dd5f6b6e5ccd00eab00295338bd42cfde549b
SKIL,Skillsoft Corp. Class A Common Stock,nasdaqtrader:N:SKIL,NAMECLASS:SKILLSOFT CORP,,common_equity,eligible,N,,,8.15,17.91,,644131.5225396826,30.60897435897436,12.258953168044084,50.09208103130756,-44.25444596443228,54.49469570072585,76.81949679615427,277.0,full,usable,2026-08-20,rejected,52.14,100.0,,,45.0,70.0,0.0,100.0,2.2.0,c8f1bf1665a8c5dfb834c0571e7dd5f6b6e5ccd00eab00295338bd42cfde549b
SKK,SKK Holdings Limited - Class A Ordinary Shares,nasdaqtrader:Q:SKK,NAMECLASS:SKK HOLDINGS LIMITED,,common_equity,eligible,Q,,,5.76,12.19,,817366.7481539684,10.344827586206895,40.48780487804879,85.14946962391512,33.95348837209302,52.74815422477441,108.70056039535608,277.0,full,usable,2026-08-20,rejected,57.86,100.0,,,65.0,70.0,0.0,100.0,2.2.0,c8f1bf1665a8c5dfb834c0571e7dd5f6b6e5ccd00eab00295338bd42cfde549b
SKM,"SK Telecom Co., Ltd. Common Stock",nasdaqtrader:N:SKM,SECURITY:SKM:nasdaqtrader:N:SKM,,common_equity,eligible,N,,,38.31,46.0,,98206595.42222223,12.875662934590459,0.9220231822971492,20.509594212016367,71.63978494623657,16.717391304347817,68.64456786188519,277.0,full,usable,2026-08-20,conditional,85.0,100.0,,,85.0,82.0,80.0,100.0,2.2.0,c8f1bf1665a8c5dfb834c0571e7dd5f6b6e5ccd00eab00295338bd42cfde549b
SKT,Tanger Inc. Common Stock,nasdaqtrader:N:SKT,SECURITY:SKT:nasdaqtrader:N:SKT,,common_equity,eligible,N,,,38.23,42.11,,40575769.423968256,-7.70159343312411,7.29722144260454,9.353546910755139,15.953897482559887,9.213963429114235,18.367426237052946,277.0,full,usable,2026-08-20,conditional,82.14,100.0,,,75.0,82.0,80.0,100.0,2.2.0,c8f1bf1665a8c5dfb834c0571e7dd5f6b6e5ccd00eab00295338bd42cfde549b
SKWD,"Skyward Specialty Insurance Group, Inc. - Common Stock",nasdaqtrader:Q:SKWD,SECURITY:SKWD:nasdaqtrader:Q:SKWD,,common_equity,eligible,Q,,,55.86,65.63,,31106870.472222224,-3.573278094251686,17.872968980797644,21.858638743455483,15.104059344735221,14.886484839250336,37.73033353820032,277.0,full,usable,2026-08-20,conditional,79.29,100.0,,,65.0,82.0,80.0,100.0,2.2.0,c8f1bf1665a8c5dfb834c0571e7dd5f6b6e5ccd00eab00295338bd42cfde549b
SKY,"Champion Homes, Inc. Common Stock",nasdaqtrader:N:SKY,SECURITY:SKY:nasdaqtrader:N:SKY,,common_equity,eligible,N,,,89.95,97.46,,62470060.26650794,9.681746128520906,28.96057347670251,-4.955621301775148,21.19374831581784,7.705725425815713,44.278790839995246,277.0,full,usable,2026-08-20,conditional,62.86,100.0,,,75.0,28.0,80.0,100.0,2.2.0,c8f1bf1665a8c5dfb834c0571e7dd5f6b6e5ccd00eab00295338bd42cfde549b
SKYA,"SkyAI, Inc. - Common Stock",nasdaqtrader:Q:SKYA,SECURITY:SKYA:nasdaqtrader:Q:SKYA,,common_equity,eligible,Q,,,1.27,16.03,,356493.83786666667,-8.633093525179847,-31.720430107526887,-27.840909090909093,-75.14677103718199,92.07735495945103,105.23156470778187,277.0,full,usable,2026-08-20,rejected,38.43,100.0,,,47.0,30.0,0.0,100.0,2.2.0,c8f1bf1665a8c5dfb834c0571e7dd5f6b6e5ccd00eab00295338bd42cfde549b
SKYH,Sky Harbour Group Corporation Class A Common Stock,nasdaqtrader:N:SKYH,NAMECLASS:SKY HARBOUR GROUP CORPORATION,,common_equity,eligible,N,,,10.21,11.49,,1774085.8255555558,-1.5429122468659462,14.977477477477485,15.237020316027095,-0.5842259006815897,11.140121845082673,37.675949527961954,277.0,full,usable,2026-08-20,rejected,58.14,100.0,,,51.0,82.0,0.0,100.0,2.2.0,c8f1bf1665a8c5dfb834c0571e7dd5f6b6e5ccd00eab00295338bd42cfde549b
SKYQ,Sky Quarry Inc. - Common Stock,nasdaqtrader:Q:SKYQ,SECURITY:SKYQ:nasdaqtrader:Q:SKYQ,,common_equity,eligible,Q,,,2.665,12.59,,32914812.597698413,-35.47215496368038,-8.732876712328764,-12.851536952256371,-29.06574394463668,78.83240667196188,202.92921437314945,277.0,full,usable,2026-08-20,conditional,61.29,100.0,,,67.0,30.0,80.0,100.0,2.2.0,c8f1bf1665a8c5dfb834c0571e7dd5f6b6e5ccd00eab00295338bd42cfde549b
SKYW,"SkyWest, Inc. - Common Stock",nasdaqtrader:Q:SKYW,SECURITY:SKYW:nasdaqtrader:Q:SKYW,,common_equity,eligible,Q,,,100.785,123.72,,40898067.472539686,5.313479623824446,21.004922559731053,-1.1427170181461554,-13.236053719008268,18.53782735208536,44.297660270465045,277.0,full,usable,2026-08-20,conditional,78.14,100.0,,,61.0,82.0,80.0,100.0,2.2.0,c8f1bf1665a8c5dfb834c0571e7dd5f6b6e5ccd00eab00295338bd42cfde549b
SKYX,SKYX Platforms Corp. - Common Stock,nasdaqtrader:Q:SKYX,SECURITY:SKYX:nasdaqtrader:Q:SKYX,,common_equity,eligible,Q,,,1.1,3.13,,1511875.3639222223,-16.666666666666664,-4.347826086956507,-48.113207547169814,-3.50877192982455,64.85623003194888,80.91207154840417,277.0,full,usable,2026-08-20,rejected,60.14,100.0,,,73.0,70.0,0.0,100.0,2.2.0,c8f1bf1665a8c5dfb834c0571e7dd5f6b6e5ccd00eab00295338bd42cfde549b
SKYY,First Trust Cloud Computing ETF,US:SKYY,SECURITY:SKYY:US:SKYY,,etf,eligible,Q,,,159.41,168.91,,50242204.47150794,19.68616262482168,23.296465310542192,40.69726390114741,32.742110084103594,5.624296962879638,30.54133204599327,277.0,full,usable,2026-08-20,conditional,60.0,100.0,,,65.0,28.0,80.0,100.0,2.2.0,c8f1bf1665a8c5dfb834c0571e7dd5f6b6e5ccd00eab00295338bd42cfde549b
SLAB,"Silicon Laboratories, Inc. - Common Stock",nasdaqtrader:Q:SLAB,SECURITY:SLAB:nasdaqtrader:Q:SLAB,,common_equity,eligible,Q,,,218.1,220.34,,84700616.7304762,0.42823594419119093,0.557886486237269,6.499340788124419,64.59135159610597,1.0166106925660334,3.5320435884213395,277.0,full,usable,2026-08-20,conditional,62.14,100.0,,,95.0,10.0,80.0,100.0,2.2.0,c8f1bf1665a8c5dfb834c0571e7dd5f6b6e5ccd00eab00295338bd42cfde549b
SLB,SLB Limited Common Shares,nasdaqtrader:N:SLB,SECURITY:SLB:nasdaqtrader:N:SLB,,common_equity,eligible,N,,,53.55,58.01,,697560853.3303174,12.334801762114523,-6.511871508379896,3.899883585564612,60.617876424715035,7.688329598345112,42.20244885846862,277.0,full,usable,2026-08-20,conditional,72.86,100.0,,,95.0,28.0,100.0,100.0,2.2.0,c8f1bf1665a8c5dfb834c0571e7dd5f6b6e5ccd00eab00295338bd42cfde549b
SLBT,SL Science Holding Limited - Ordinary Shares,nasdaqtrader:Q:SLBT,SECURITY:SLBT:nasdaqtrader:Q:SLBT,,common_equity,eligible,Q,,,2.71,12.8116,,5640193.920039682,-18.983557548579977,-69.5505617977528,-75.91111111111111,-73.66375121477162,78.84729463923318,102.19235125059384,277.0,full,usable,2026-08-20,conditional,41.14,100.0,,,10.0,30.0,62.0,100.0,2.2.0,c8f1bf1665a8c5dfb834c0571e7dd5f6b6e5ccd00eab00295338bd42cfde549b
SLDB,Solid Biosciences Inc. - Common Stock,nasdaqtrader:Q:SLDB,SECURITY:SLDB:nasdaqtrader:Q:SLDB,,common_equity,eligible,Q,,,9.095,11.15,,13793318.232301587,12.283950617283956,40.571870170015465,54.67687074829934,56.81034482758622,18.430493273542602,59.905719922111224,277.0,full,usable,2026-08-20,conditional,77.71,100.0,,,73.0,82.0,62.0,100.0,2.2.0,c8f1bf1665a8c5dfb834c0571e7dd5f6b6e5ccd00eab00295338bd42cfde549b
SLDE,"Slide Insurance Holdings, Inc. - Common Stock",nasdaqtrader:Q:SLDE,SECURITY:SLDE:nasdaqtrader:Q:SLDE,,common_equity,eligible,Q,,,22.52,22.52,,22108914.66,13.651274287156179,20.556745182012847,34.12745681953544,58.14606741573034,0.0,46.86824416918332,277.0,full,usable,2026-08-20,conditional,52.0,100.0,,,73.0,10.0,62.0,100.0,2.2.0,c8f1bf1665a8c5dfb834c0571e7dd5f6b6e5ccd00eab00295338bd42cfde549b
SLDP,"Solid Power, Inc. - Class A Common Stock",nasdaqtrader:Q:SLDP,NAMECLASS:SOLID POWER INC,,common_equity,eligible,Q,,,2.29,8.51,,12157829.282142857,-1.716738197424894,-17.32851985559567,-36.56509695290858,-44.417475728155345,73.09048178613395,60.87000588517893,277.0,full,usable,2026-08-20,conditional,57.43,100.0,,,67.0,30.0,62.0,100.0,2.2.0,c8f1bf1665a8c5dfb834c0571e7dd5f6b6e5ccd00eab00295338bd42cfde549b
SLE,"Super League Enterprise, Inc. - Common Stock",nasdaqtrader:Q:SLE,SECURITY:SLE:nasdaqtrader:Q:SLE,,common_equity,eligible,Q,,,4.28,102.12,,5727424.609326984,50.17016946773798,-23.434704830053665,6.733167082294278,-89.35323383084577,95.80885233059146,250.44507873868693,277.0,full,usable,2026-08-20,conditional,51.71,100.0,,,47.0,30.0,62.0,100.0,2.2.0,c8f1bf1665a8c5dfb834c0571e7dd5f6b6e5ccd00eab00295338bd42cfde549b
SLF,Sun Life Financial Inc. Common Stock,nasdaqtrader:N:SLF,SECURITY:SLF:nasdaqtrader:N:SLF,,common_equity,eligible,N,,,78.26,84.07,,56625048.94730158,-3.798401966810072,7.176116132566435,19.810165339865303,34.09869773817684,6.910907577019132,17.402754035115255,277.0,full,usable,2026-08-20,conditional,60.0,100.0,,,65.0,28.0,80.0,100.0,2.2.0,c8f1bf1665a8c5dfb834c0571e7dd5f6b6e5ccd00eab00295338bd42cfde549b
SLG,SL Green Realty Corp Common Stock,nasdaqtrader:N:SLG,SECURITY:SLG:nasdaqtrader:N:SLG,,common_equity,eligible,N,,,58.1,65.67,,55562976.63825397,15.921787709497215,40.13506994693681,47.79954210124651,5.044295787380215,11.527333637886406,32.31369497253907,277.0,full,usable,2026-08-20,conditional,77.0,100.0,,,57.0,82.0,80.0,100.0,2.2.0,c8f1bf1665a8c5dfb834c0571e7dd5f6b6e5ccd00eab00295338bd42cfde549b
SLGL,Sol-Gel Technologies Ltd. - Ordinary Shares,nasdaqtrader:Q:SLGL,SECURITY:SLGL:nasdaqtrader:Q:SLGL,,common_equity,eligible,Q,,,78.495,97.97,,3601341.462857143,-6.886120996441269,20.225149333741754,-2.912801484230043,342.47463359639244,19.878534245177093,82.73444436713324,277.0,full,usable,2026-08-20,conditional,76.93,100.0,,,83.0,82.0,45.0,100.0,2.2.0,c8f1bf1665a8c5dfb834c0571e7dd5f6b6e5ccd00eab00295338bd42cfde549b
SLGN,Silgan Holdings Inc. Common Stock,nasdaqtrader:N:SLGN,SECURITY:SLGN:nasdaqtrader:N:SLGN,,common_equity,eligible,N,,,41.12,48.89,,49694884.48269841,-9.685921370524941,7.954843791021249,-14.279758182197211,-9.844332383249288,15.892820617713245,46.80034477145193,277.0,full,usable,2026-08-20,conditional,78.14,100.0,,,61.0,82.0,80.0,100.0,2.2.0,c8f1bf1665a8c5dfb834c0571e7dd5f6b6e5ccd00eab00295338bd42cfde549b
SLI,Standard Lithium Ltd. Common Shares,nasdaqtrader:A:SLI,SECURITY:SLI:nasdaqtrader:A:SLI,,common_equity,eligible,A,,,2.27,5.65,,4941519.756190476,-1.304347826086949,-37.119113573407205,-46.838407494145194,-17.15328467153285,59.823008849557525,63.34086316549984,277.0,full,usable,2026-08-20,conditional,69.79,100.0,,,73.0,70.0,45.0,100.0,2.2.0,c8f1bf1665a8c5dfb834c0571e7dd5f6b6e5ccd00eab00295338bd42cfde549b
SLM,SLM Corporation - Common Stock,nasdaqtrader:Q:SLM,SECURITY:SLM:nasdaqtrader:Q:SLM,,common_equity,eligible,Q,,,25.86,31.85,,66892332.98015873,2.5376685170499735,17.438692098092634,10.46561298590345,-14.51239669421488,18.806907378335957,30.91995766286242,277.0,full,usable,2026-08-20,conditional,78.14,100.0,,,61.0,82.0,80.0,100.0,2.2.0,c8f1bf1665a8c5dfb834c0571e7dd5f6b6e5ccd00eab00295338bd42cfde549b
SLMT,Brera Holdings PLC - Class B Ordinary Shares,nasdaqtrader:Q:SLMT,NAMECLASS:BRERA HOLDINGS PLC,,common_equity,eligible,Q,,,4.21,304.0,,499675.1011111111,-16.633663366336627,-12.836438923395443,-60.65420560747663,-93.52307692307691,98.61513157894737,134.17814251408126,277.0,full,usable,2026-08-20,rejected,35.57,100.0,,,37.0,30.0,0.0,100.0,2.2.0,c8f1bf1665a8c5dfb834c0571e7dd5f6b6e5ccd00eab00295338bd42cfde549b
SLN,Silence Therapeutics Plc - American Depository Share,nasdaqtrader:Q:SLN,SECURITY:SLN:nasdaqtrader:Q:SLN,,adr,eligible,Q,,,13.17,15.43,,11596080.897142857,11.327134404057482,111.05769230769229,163.39999999999998,138.58695652173915,14.646791963707063,106.73602588211901,277.0,full,usable,2026-08-20,conditional,77.71,100.0,,,73.0,82.0,62.0,100.0,2.2.0,c8f1bf1665a8c5dfb834c0571e7dd5f6b6e5ccd00eab00295338bd42cfde549b
SLND,"Southland Holdings, Inc. Common Stock",nasdaqtrader:A:SLND,SECURITY:SLND:nasdaqtrader:A:SLND,,common_equity,eligible,A,,,0.6438,4.8,,4225814.120606349,0.26475626849400413,-46.349999999999994,-49.703125,-84.1037037037037,86.58749999999999,223.62545761088137,277.0,full,usable,2026-08-20,conditional,44.64,100.0,,,35.0,30.0,45.0,100.0,2.2.0,c8f1bf1665a8c5dfb834c0571e7dd5f6b6e5ccd00eab00295338bd42cfde549b
SLNG,"Stabilis Solutions, Inc. - Common Stock",nasdaqtrader:Q:SLNG,SECURITY:SLNG:nasdaqtrader:Q:SLNG,,common_equity,eligible,Q,,,5.6,6.48,,224593.49122698413,18.895966029723986,50.13404825737264,5.860113421550084,29.629629629629605,13.580246913580263,112.8343977354547,277.0,full,usable,2026-08-20,rejected,65.0,100.0,,,75.0,82.0,0.0,100.0,2.2.0,c8f1bf1665a8c5dfb834c0571e7dd5f6b6e5ccd00eab00295338bd42cfde549b
SLNH,"Soluna Holdings, Inc. - Common Stock",nasdaqtrader:Q:SLNH,SECURITY:SLNH:nasdaqtrader:Q:SLNH,,common_equity,eligible,Q,,,1.19,4.42,,23006518.9381746,-8.461538461538465,-28.31325301204819,29.34782608695652,167.35565041563692,73.07692307692308,97.33824245450916,277.0,full,usable,2026-08-20,conditional,62.57,100.0,,,85.0,30.0,62.0,100.0,2.2.0,c8f1bf1665a8c5dfb834c0571e7dd5f6b6e5ccd00eab00295338bd42cfde549b
SLP,"Simulations Plus, Inc. - Common Stock",nasdaqtrader:Q:SLP,SECURITY:SLP:nasdaqtrader:Q:SLP,,common_equity,eligible,Q,,,18.39,20.84,,7676483.55984127,0.7671232876712342,27.090532135452648,50.6142506142506,30.79658605974396,11.75623800383877,3.2404707393594196,277.0,full,usable,2026-08-20,conditional,75.43,100.0,,,65.0,82.0,62.0,100.0,2.2.0,c8f1bf1665a8c5dfb834c0571e7dd5f6b6e5ccd00eab00295338bd42cfde549b
SLQT,"SelectQuote, Inc. Common Stock",nasdaqtrader:N:SLQT,SECURITY:SLQT:nasdaqtrader:N:SLQT,,common_equity,eligible,N,,,0.8353,2.69,,1226299.9095444444,16.49930264993027,-20.44761904761905,0.7356488181379683,-55.56914893617021,68.94795539033457,69.38442300463666,277.0,full,usable,2026-08-20,rejected,44.14,100.0,,,67.0,30.0,0.0,100.0,2.2.0,c8f1bf1665a8c5dfb834c0571e7dd5f6b6e5ccd00eab00295338bd42cfde549b
SLS,"SELLAS Life Sciences Group, Inc.  - Common Stock",nasdaqtrader:Q:SLS,SECURITY:SLS:nasdaqtrader:Q:SLS,,common_equity,eligible,Q,,,13.405,15.45,,99301109.26261905,10.968543046357615,49.44258639910812,231.8069306930693,688.5294117647059,13.23624595469256,88.29984042138513,277.0,full,usable,2026-08-20,conditional,81.57,100.0,,,73.0,82.0,80.0,100.0,2.2.0,c8f1bf1665a8c5dfb834c0571e7dd5f6b6e5ccd00eab00295338bd42cfde549b
SLSN,"Solesence, Inc. - Common stock",nasdaqtrader:Q:SLSN,SECURITY:SLSN:nasdaqtrader:Q:SLSN,,common_equity,eligible,Q,,,0.9907,4.36,,89171.19966984127,16.211143695014663,-27.154411764705888,-20.743999999999996,-70.60237388724036,77.27752293577981,128.76309177337967,277.0,full,usable,2026-08-20,rejected,38.43,100.0,,,47.0,30.0,0.0,100.0,2.2.0,c8f1bf1665a8c5dfb834c0571e7dd5f6b6e5ccd00eab00295338bd42cfde549b
SLSR,Solaris Resources Inc. Common Shares,nasdaqtrader:A:SLSR,SECURITY:SLSR:nasdaqtrader:A:SLSR,,common_equity,eligible,A,,,8.14,11.13,,1329864.6949206349,4.89690721649485,-17.192268565615453,-12.847965738758027,51.86567164179105,26.864330637915547,52.23135937611527,277.0,full,usable,2026-08-20,rejected,74.29,100.0,,,95.0,92.0,0.0,100.0,2.2.0,c8f1bf1665a8c5dfb834c0571e7dd5f6b6e5ccd00eab00295338bd42cfde549b
SLVM,Sylvamo Corporation Common Stock,nasdaqtrader:N:SLVM,SECURITY:SLVM:nasdaqtrader:N:SLVM,,common_equity,eligible,N,,,36.72,54.74,,12915033.451269843,-3.113456464379949,-1.6867469879518149,-22.662173546756527,-16.240875912408768,32.9192546583851,45.04814305043976,277.0,full,usable,2026-08-20,conditional,81.29,100.0,,,73.0,92.0,62.0,100.0,2.2.0,c8f1bf1665a8c5dfb834c0571e7dd5f6b6e5ccd00eab00295338bd42cfde549b
SLXN,Silexion Therapeutics Corp - Ordinary Shares,nasdaqtrader:Q:SLXN,SECURITY:SLXN:nasdaqtrader:Q:SLXN,,common_equity,eligible,Q,,,0.386,77.35,,502570.13209047617,-84.68253968253968,-92.71423178557946,-97.55696202531645,-99.4574841883345,99.50096961861668,294.437946142643,277.0,full,usable,2026-08-20,rejected,25.0,100.0,,,0.0,30.0,0.0,100.0,2.2.0,c8f1bf1665a8c5dfb834c0571e7dd5f6b6e5ccd00eab00295338bd42cfde549b
SM,SM Energy Company Common Stock,nasdaqtrader:N:SM,SECURITY:SM:nasdaqtrader:N:SM,,common_equity,eligible,N,,,37.64,37.64,,117111570.75920635,13.407652907502277,8.129847744900886,60.30664395229983,47.08870652598671,0.0,60.359410681329464,277.0,full,usable,2026-08-20,conditional,56.14,100.0,,,65.0,10.0,92.0,100.0,2.2.0,c8f1bf1665a8c5dfb834c0571e7dd5f6b6e5ccd00eab00295338bd42cfde549b
SMA,"SmartStop Self Storage REIT, Inc. Common Stock",nasdaqtrader:N:SMA,SECURITY:SMA:nasdaqtrader:N:SMA,,common_equity,eligible,N,,,34.44,38.99,,23407087.308571428,0.40816326530612734,11.745619727449697,2.5915996425379673,-1.8523795953263145,11.669658886894085,26.68219347957888,277.0,full,usable,2026-08-20,conditional,74.29,100.0,,,61.0,82.0,62.0,100.0,2.2.0,c8f1bf1665a8c5dfb834c0571e7dd5f6b6e5ccd00eab00295338bd42cfde549b
SMBC,"Southern Missouri Bancorp, Inc. - Common Stock",nasdaqtrader:Q:SMBC,SECURITY:SMBC:nasdaqtrader:Q:SMBC,,common_equity,eligible,Q,,,74.06,79.33,,8030537.569126984,-1.7902134995358643,8.006416800350014,14.237235847601415,35.3683056114056,6.643136266229666,19.556382459647963,277.0,full,usable,2026-08-20,conditional,59.0,100.0,,,75.0,28.0,62.0,100.0,2.2.0,c8f1bf1665a8c5dfb834c0571e7dd5f6b6e5ccd00eab00295338bd42cfde549b
SMBK,"SmartFinancial, Inc. Common Stock",nasdaqtrader:N:SMBK,SECURITY:SMBK:nasdaqtrader:N:SMBK,,common_equity,eligible,N,,,50.95,53.23,,5568875.858412698,5.051546391752582,22.564349290353626,23.09736651365064,44.90898748577932,4.283298891602472,22.08407170352946,277.0,full,usable,2026-08-20,conditional,49.71,100.0,,,65.0,10.0,62.0,100.0,2.2.0,c8f1bf1665a8c5dfb834c0571e7dd5f6b6e5ccd00eab00295338bd42cfde549b
SMC,Summit Midstream Corporation Common Stock,nasdaqtrader:N:SMC,SECURITY:SMC:nasdaqtrader:N:SMC,,common_equity,eligible,N,,,34.69,34.96,,1825421.1568253967,14.262187088274047,6.935881627620222,16.44847264182612,74.84879032258063,0.7723112128146581,39.51869748472023,277.0,full,usable,2026-08-20,rejected,38.71,100.0,,,73.0,10.0,0.0,100.0,2.2.0,c8f1bf1665a8c5dfb834c0571e7dd5f6b6e5ccd00eab00295338bd42cfde549b
SMCI,"Super Micro Computer, Inc. - Common Stock",nasdaqtrader:Q:SMCI,SECURITY:SMCI:nasdaqtrader:Q:SMCI,,common_equity,eligible,Q,,,36.5,58.68,,1968100202.3195238,19.437172774869115,9.085475194261793,13.495024875621908,-15.58741905642924,37.79822767552828,100.72505344919087,277.0,full,usable,2026-08-20,conditional,87.07,100.0,,,61.0,95.0,100.0,100.0,2.2.0,c8f1bf1665a8c5dfb834c0571e7dd5f6b6e5ccd00eab00295338bd42cfde549b
SMFG,Sumitomo Mitsui Financial Group Inc Unsponsored American Depositary Shares (Japan),nasdaqtrader:N:SMFG,SECURITY:SMFG:nasdaqtrader:N:SMFG,,adr,eligible,N,,,24.54,26.5,,44749730.67555556,-5.904907975460116,7.443082311733806,4.871794871794877,47.653429602888075,7.396226415094342,32.87423276449763,277.0,full,usable,2026-08-20,conditional,62.86,100.0,,,75.0,28.0,80.0,100.0,2.2.0,c8f1bf1665a8c5dfb834c0571e7dd5f6b6e5ccd00eab00295338bd42cfde549b
SMG,Scotts Miracle-Gro Company (The) Common Stock,nasdaqtrader:N:SMG,SECURITY:SMG:nasdaqtrader:N:SMG,,common_equity,eligible,N,,,61.13,73.47,,62787589.57984126,-11.018922852983993,4.782310593075079,-12.433748746597907,-1.5936896329684425,16.795971144684895,48.42573776085918,277.0,full,usable,2026-08-20,conditional,81.57,100.0,,,73.0,82.0,80.0,100.0,2.2.0,c8f1bf1665a8c5dfb834c0571e7dd5f6b6e5ccd00eab00295338bd42cfde549b
SMH,VanEck Semiconductor ETF,US:SMH,SECURITY:SMH:US:SMH,,etf,eligible,Q,,,562.65,668.91,,6613583121.802381,-4.133512804348194,-0.35596642227180286,37.16479765967819,93.43693058754769,15.885545140601876,44.60855530970676,277.0,full,usable,2026-08-20,conditional,89.29,100.0,,,85.0,82.0,100.0,100.0,2.2.0,c8f1bf1665a8c5dfb834c0571e7dd5f6b6e5ccd00eab00295338bd42cfde549b
SMHI,SEACOR Marine Holdings Inc. Common Stock,nasdaqtrader:N:SMHI,SECURITY:SMHI:nasdaqtrader:N:SMHI,,common_equity,eligible,N,,,9.77,9.86,,1062367.293015873,25.256410256410255,32.92517006802722,28.383705650459913,60.690789473684205,0.9127789046653123,69.64414789991332,277.0,full,usable,2026-08-20,rejected,38.71,100.0,,,73.0,10.0,0.0,100.0,2.2.0,c8f1bf1665a8c5dfb834c0571e7dd5f6b6e5ccd00eab00295338bd42cfde549b
SMID,Smith-Midland Corporation - Common Stock,nasdaqtrader:Q:SMID,SECURITY:SMID:nasdaqtrader:Q:SMID,,common_equity,eligible,Q,,,27.86,43.24,,436266.6645238095,-7.472600464961809,-7.961678229269909,-15.575757575757576,-33.666666666666664,35.568917668825165,33.342703473868994,277.0,full,usable,2026-08-20,rejected,67.36,100.0,,,67.0,95.0,0.0,100.0,2.2.0,c8f1bf1665a8c5dfb834c0571e7dd5f6b6e5ccd00eab00295338bd42cfde549b
SMJF,SMJ International Holdings Inc. Class A Ordinary Shares,nasdaqtrader:A:SMJF,SECURITY:SMJF:nasdaqtrader:A:SMJF,,common_equity,eligible,A,,,11.23,11.23,,5760867.052380953,102.34234234234236,154.64852607709753,679.8611111111112,,0.0,81.51962355842278,178.0,limited_but_usable,usable,2026-08-20,conditional,41.71,100.0,,,37.0,10.0,62.0,100.0,2.2.0,c8f1bf1665a8c5dfb834c0571e7dd5f6b6e5ccd00eab00295338bd42cfde549b
SMMT,Summit Therapeutics Inc.  - Common Stock,nasdaqtrader:Q:SMMT,SECURITY:SMMT:nasdaqtrader:Q:SMMT,,common_equity,eligible,Q,,,12.425,26.98,,76967570.36349206,-15.705563093622787,-30.547792062604806,-21.707624448645234,-50.986193293885606,53.94736842105263,67.53606576504279,277.0,full,usable,2026-08-20,conditional,75.57,100.0,,,67.0,70.0,80.0,100.0,2.2.0,c8f1bf1665a8c5dfb834c0571e7dd5f6b6e5ccd00eab00295338bd42cfde549b
SMP,"Standard Motor Products, Inc. Common Stock",nasdaqtrader:N:SMP,SECURITY:SMP:nasdaqtrader:N:SMP,,common_equity,eligible,N,,,38.22,45.14,,5506171.716984128,-1.494845360824737,2.963362068965525,-13.49026708918063,-0.2609603340292366,15.330084182543203,36.01443227308801,277.0,full,usable,2026-08-20,conditional,77.71,100.0,,,73.0,82.0,62.0,100.0,2.2.0,c8f1bf1665a8c5dfb834c0571e7dd5f6b6e5ccd00eab00295338bd42cfde549b
SMPL,The Simply Good Foods Company - Common Stock,nasdaqtrader:Q:SMPL,SECURITY:SMPL:nasdaqtrader:Q:SMPL,,common_equity,eligible,Q,,,10.995,30.17,,27799905.756666668,4.415954415954415,-1.6547406082289884,-34.436493738819316,-61.70323928944619,63.556513092475974,59.67675545482998,277.0,full,usable,2026-08-20,conditional,75.57,100.0,,,67.0,70.0,80.0,100.0,2.2.0,c8f1bf1665a8c5dfb834c0571e7dd5f6b6e5ccd00eab00295338bd42cfde549b
SMR,NuScale Power Corporation Class A Common Stock,nasdaqtrader:N:SMR,NAMECLASS:NUSCALE POWER CORPORATION,,common_equity,eligible,N,,,9.07,53.43,,326964971.7088889,4.493087557603692,-12.704523580365734,-38.04644808743169,-72.22052067381317,83.0245180610144,89.66460065727316,277.0,full,usable,2026-08-20,conditional,58.14,100.0,,,47.0,30.0,92.0,100.0,2.2.0,c8f1bf1665a8c5dfb834c0571e7dd5f6b6e5ccd00eab00295338bd42cfde549b
SMRT,"SmartRent, Inc. Class A Common Stock",nasdaqtrader:N:SMRT,NAMECLASS:SMARTRENT INC,,common_equity,eligible,N,,,1.35,2.12,,2353488.8238730156,39.17525773195878,9.756097560975618,-18.67469879518071,-9.999999999999998,36.32075471698113,75.61308923978798,277.0,full,usable,2026-08-20,conditional,75.29,100.0,,,61.0,95.0,45.0,100.0,2.2.0,c8f1bf1665a8c5dfb834c0571e7dd5f6b6e5ccd00eab00295338bd42cfde549b
SMSI,"Smith Micro Software, Inc. - Common Stock",nasdaqtrader:Q:SMSI,SECURITY:SMSI:nasdaqtrader:Q:SMSI,,common_equity,eligible,Q,,,2.97,4.55,,617526.5058412699,14.230769230769225,-24.446705672856773,34.2069588793493,-12.51840942562592,34.725274725274716,39.21820268050343,277.0,full,usable,2026-08-20,rejected,65.14,100.0,,,63.0,92.0,0.0,100.0,2.2.0,c8f1bf1665a8c5dfb834c0571e7dd5f6b6e5ccd00eab00295338bd42cfde549b
SMTC,Semtech Corporation - Common Stock,nasdaqtrader:Q:SMTC,SECURITY:SMTC:nasdaqtrader:Q:SMTC,,common_equity,eligible,Q,,,124.88,174.73,,511551958.7487301,-8.800116848024542,-11.963341557983787,46.98681732580039,157.2723526988051,28.52973158587535,102.74599660984411,277.0,full,usable,2026-08-20,conditional,92.86,100.0,,,85.0,92.0,100.0,100.0,2.2.0,c8f1bf1665a8c5dfb834c0571e7dd5f6b6e5ccd00eab00295338bd42cfde549b
SMTI,Sanara MedTech Inc. - Common Stock,nasdaqtrader:Q:SMTI,SECURITY:SMTI:nasdaqtrader:Q:SMTI,,common_equity,eligible,Q,,,34.26,35.75,,5855121.177222223,34.14252153484729,48.95652173913043,71.81544633901702,11.017498379779656,4.1678321678321755,56.25344035485143,277.0,full,usable,2026-08-20,conditional,47.43,100.0,,,57.0,10.0,62.0,100.0,2.2.0,c8f1bf1665a8c5dfb834c0571e7dd5f6b6e5ccd00eab00295338bd42cfde549b
SMWB,Similarweb Ltd. Ordinary Shares,nasdaqtrader:N:SMWB,SECURITY:SMWB:nasdaqtrader:N:SMWB,,common_equity,eligible,N,,,8.16,10.4,,6300980.199365079,29.93630573248407,113.61256544502618,217.50972762645918,-6.636155606407323,21.53846153846154,83.58601997176469,277.0,full,usable,2026-08-20,conditional,75.0,100.0,,,51.0,92.0,62.0,100.0,2.2.0,c8f1bf1665a8c5dfb834c0571e7dd5f6b6e5ccd00eab00295338bd42cfde549b
SMX,SMX (Security Matters) Public Limited Company - Ordinary Shares,nasdaqtrader:Q:SMX,SECURITY:SMX:nasdaqtrader:Q:SMX,,common_equity,eligible,Q,,,15.41,87753.11000001,,930627.6740476191,-14.388888888888884,-9.246171967020022,-99.19542210318019,-99.98259374836569,99.98243936881553,99.02217775565478,277.0,full,usable,2026-08-20,rejected,31.29,100.0,,,22.0,30.0,0.0,100.0,2.2.0,c8f1bf1665a8c5dfb834c0571e7dd5f6b6e5ccd00eab00295338bd42cfde549b
SN,"SharkNinja, Inc. Ordinary Shares",nasdaqtrader:N:SN,SECURITY:SN:nasdaqtrader:N:SN,,common_equity,eligible,N,,,179.98,188.59,,271561436.1679365,22.343824349126496,67.97013532431168,41.36035186930569,50.812803753980205,4.565459462325682,37.53584964187075,277.0,full,usable,2026-08-20,conditional,58.43,100.0,,,73.0,10.0,92.0,100.0,2.2.0,c8f1bf1665a8c5dfb834c0571e7dd5f6b6e5ccd00eab00295338bd42cfde549b
SNA,Snap-On Incorporated Common Stock,nasdaqtrader:N:SNA,SECURITY:SNA:nasdaqtrader:N:SNA,,common_equity,eligible,N,,,391.27,419.31,,139044315.7284127,-3.6684147032031045,7.695907076601238,1.927735952275511,20.47973888409902,6.68717655195441,20.309477420555172,277.0,full,usable,2026-08-20,conditional,65.43,100.0,,,75.0,28.0,92.0,100.0,2.2.0,c8f1bf1665a8c5dfb834c0571e7dd5f6b6e5ccd00eab00295338bd42cfde549b
SNAP,Snap Inc. Class A Common Stock,nasdaqtrader:N:SNAP,NAMECLASS:SNAP INC,,common_equity,eligible,N,,,5.21,9.09,,209867872.49888888,16.554809843400452,-7.295373665480431,4.200000000000004,-27.437325905292475,42.684268426842685,63.66155210385583,277.0,full,usable,2026-08-20,conditional,87.07,100.0,,,67.0,95.0,92.0,100.0,2.2.0,c8f1bf1665a8c5dfb834c0571e7dd5f6b6e5ccd00eab00295338bd42cfde549b
SND,"Smart Sand, Inc. - Common Stock",nasdaqtrader:Q:SND,SECURITY:SND:nasdaqtrader:Q:SND,,common_equity,eligible,Q,,,4.85,5.82,,1947432.711111111,0.6224066390041472,-0.6147540983606592,-11.334552102376605,148.71794871794873,16.666666666666675,67.47394666358575,277.0,full,usable,2026-08-20,rejected,70.71,100.0,,,95.0,82.0,0.0,100.0,2.2.0,c8f1bf1665a8c5dfb834c0571e7dd5f6b6e5ccd00eab00295338bd42cfde549b
SNDA,"Sonida Senior Living, Inc. Common Stock",nasdaqtrader:N:SNDA,SECURITY:SNDA:nasdaqtrader:N:SNDA,,common_equity,eligible,N,,,39.27,43.07,,24417377.75031746,-1.8249999999999877,7.2072072072072,13.267955004326515,55.033557046979894,8.822846528906425,43.61015548004084,277.0,full,usable,2026-08-20,conditional,80.57,100.0,,,83.0,82.0,62.0,100.0,2.2.0,c8f1bf1665a8c5dfb834c0571e7dd5f6b6e5ccd00eab00295338bd42cfde549b
SNDK,Sandisk Corporation - Common Stock When-Issued,nasdaqtrader:Q:SNDK,SECURITY:SNDK:nasdaqtrader:Q:SNDK,,common_equity,eligible,Q,,,1600.62,2335.0,,22464969113.645397,0.08441351366559324,14.940828402366858,157.7114427860696,3490.444145356662,31.450963597430416,146.12485421931805,277.0,full,usable,2026-08-20,conditional,89.43,100.0,,,73.0,92.0,100.0,100.0,2.2.0,c8f1bf1665a8c5dfb834c0571e7dd5f6b6e5ccd00eab00295338bd42cfde549b
SNDL,SNDL Inc. - Common Shares,nasdaqtrader:Q:SNDL,SECURITY:SNDL:nasdaqtrader:Q:SNDL,,common_equity,eligible,Q,,,1.335,2.815,,2613927.314920635,5.118110236220463,-7.2916666666666625,-13.311688311688318,-36.42857142857143,52.57548845470692,51.656600823574216,277.0,full,usable,2026-08-20,conditional,68.07,100.0,,,67.0,70.0,45.0,100.0,2.2.0,c8f1bf1665a8c5dfb834c0571e7dd5f6b6e5ccd00eab00295338bd42cfde549b
SNDR,"Schneider National, Inc. Common Stock",nasdaqtrader:N:SNDR,SECURITY:SNDR:nasdaqtrader:N:SNDR,,common_equity,eligible,N,,,35.14,38.76,,33605867.33269841,-8.178730075777374,4.583333333333339,21.08890420399725,40.61624649859945,9.339525283797723,36.25109800424163,277.0,full,usable,2026-08-20,conditional,82.71,100.0,,,77.0,82.0,80.0,100.0,2.2.0,c8f1bf1665a8c5dfb834c0571e7dd5f6b6e5ccd00eab00295338bd42cfde549b
SNDX,"Syndax Pharmaceuticals, Inc. - Common Stock",nasdaqtrader:Q:SNDX,SECURITY:SNDX:nasdaqtrader:Q:SNDX,,common_equity,eligible,Q,,,19.75,25.15,,36323199.952380955,-10.430839002267579,-1.8877297565822126,-4.265632573921474,28.288405326404686,21.471172962226635,45.740707809888406,277.0,full,usable,2026-08-20,conditional,89.14,100.0,,,87.0,92.0,80.0,100.0,2.2.0,c8f1bf1665a8c5dfb834c0571e7dd5f6b6e5ccd00eab00295338bd42cfde549b
SNES,"SenesTech, Inc. - Common Stock",nasdaqtrader:Q:SNES,SECURITY:SNES:nasdaqtrader:Q:SNES,,common_equity,eligible,Q,,,1.28,5.15,,120917.85603174602,-7.246376811594191,-28.49162011173184,-46.666666666666664,-72.17391304347827,75.14563106796118,95.21092684747522,277.0,full,usable,2026-08-20,rejected,38.43,100.0,,,47.0,30.0,0.0,100.0,2.2.0,c8f1bf1665a8c5dfb834c0571e7dd5f6b6e5ccd00eab00295338bd42cfde549b
SNEX,StoneX Group Inc. - Common Stock,nasdaqtrader:Q:SNEX,SECURITY:SNEX:nasdaqtrader:Q:SNEX,,common_equity,eligible,Q,,,66.2,92.67,,98828756.86253968,-10.564712239935147,-12.061636556854404,19.279279279279283,54.348332944742374,28.563720729470166,61.71780686921028,277.0,full,usable,2026-08-20,conditional,88.57,100.0,,,85.0,92.0,80.0,100.0,2.2.0,c8f1bf1665a8c5dfb834c0571e7dd5f6b6e5ccd00eab00295338bd42cfde549b
SNFCA,Security National Financial Corporation - Class A Common Stock,nasdaqtrader:Q:SNFCA,NAMECLASS:SECURITY NATIONAL FINANCIAL CORPORATION,,common_equity,eligible,Q,,,8.87,10.01,,331202.9428571428,-5.537806176783821,-5.83864118895967,0.0,5.595238095238075,11.388611388611391,35.60617344629179,277.0,full,usable,2026-08-20,rejected,66.14,100.0,,,79.0,82.0,0.0,100.0,2.2.0,c8f1bf1665a8c5dfb834c0571e7dd5f6b6e5ccd00eab00295338bd42cfde549b
SNN,"Smith & Nephew SNATS, Inc. Common Stock",nasdaqtrader:N:SNN,SECURITY:SNN:nasdaqtrader:N:SNN,,common_equity,eligible,N,,,29.04,38.7,,44816607.940476194,-3.006012024048099,-6.3527894227668575,-18.587047939444922,-21.25813449023862,24.961240310077525,33.95043260225001,277.0,full,usable,2026-08-20,conditional,85.14,100.0,,,73.0,92.0,80.0,100.0,2.2.0,c8f1bf1665a8c5dfb834c0571e7dd5f6b6e5ccd00eab00295338bd42cfde549b
SNOA,"Sonoma Pharmaceuticals, Inc. - Common Stock",nasdaqtrader:Q:SNOA,SECURITY:SNOA:nasdaqtrader:Q:SNOA,,common_equity,eligible,Q,,,1.34,5.09,,200840.50293650795,15.517241379310365,25.233644859813076,-52.816901408450704,-74.37858508604207,73.6738703339882,75.14591842787293,277.0,full,usable,2026-08-20,rejected,32.14,100.0,,,25.0,30.0,0.0,100.0,2.2.0,c8f1bf1665a8c5dfb834c0571e7dd5f6b6e5ccd00eab00295338bd42cfde549b
SNOW,Snowflake Inc. Common Stock,nasdaqtrader:N:SNOW,SECURITY:SNOW:nasdaqtrader:N:SNOW,,common_equity,eligible,N,,,321.29,337.38,,1827357376.8803172,19.97386109036594,92.42378870455772,79.29129464285715,66.79125785184033,4.769103088505533,34.37412689454516,277.0,full,usable,2026-08-20,conditional,60.14,100.0,,,73.0,10.0,100.0,100.0,2.2.0,c8f1bf1665a8c5dfb834c0571e7dd5f6b6e5ccd00eab00295338bd42cfde549b
SNPS,"Synopsys, Inc. - Common Stock",nasdaqtrader:Q:SNPS,SECURITY:SNPS:nasdaqtrader:Q:SNPS,,common_equity,eligible,Q,,,397.92,612.17,,856119136.9524603,5.37856518630333,-20.245324995490343,-10.062381339842686,-35.06421449436184,34.99844814348955,39.130235572980986,277.0,full,usable,2026-08-20,conditional,87.71,100.0,,,67.0,92.0,100.0,100.0,2.2.0,c8f1bf1665a8c5dfb834c0571e7dd5f6b6e5ccd00eab00295338bd42cfde549b
SNSC,SunScout Holding Limited Class A Ordinary Shares,nasdaqtrader:A:SNSC,SECURITY:SNSC:nasdaqtrader:A:SNSC,,common_equity,eligible,A,,,1.47,3.07,,2830551.8028571424,,,,,52.11726384364821,,7.0,insufficient,usable,2026-08-20,recheck,,71.43,,,,70.0,45.0,64.0,2.2.0,c8f1bf1665a8c5dfb834c0571e7dd5f6b6e5ccd00eab00295338bd42cfde549b
SNT,Senstar Technologies Corporation - Common Shares,nasdaqtrader:Q:SNT,SECURITY:SNT:nasdaqtrader:Q:SNT,,common_equity,eligible,Q,,,1.71,5.3,,58866.254749206346,-0.5813953488372103,-35.810810810810814,-55.58441558441558,-60.41666666666667,67.73584905660377,72.98123204276055,277.0,full,usable,2026-08-20,rejected,41.29,100.0,,,57.0,30.0,0.0,100.0,2.2.0,c8f1bf1665a8c5dfb834c0571e7dd5f6b6e5ccd00eab00295338bd42cfde549b
SNTG,Sentage Holdings Inc. - Class A Ordinary Shares,nasdaqtrader:Q:SNTG,NAMECLASS:SENTAGE HOLDINGS INC,,common_equity,eligible,Q,,,1.72,6.81,,385860.227168254,-19.248826291079812,-14.000000000000002,-13.131313131313128,1.17647058823529,74.74302496328929,75.58120989571917,277.0,full,usable,2026-08-20,rejected,47.57,100.0,,,79.0,30.0,0.0,100.0,2.2.0,c8f1bf1665a8c5dfb834c0571e7dd5f6b6e5ccd00eab00295338bd42cfde549b
SNTI,"Senti Biosciences Holdings, Inc. - Common Stock",nasdaqtrader:Q:SNTI,SECURITY:SNTI:nasdaqtrader:Q:SNTI,,common_equity,eligible,Q,,,0.4463,2.39,,169073.642084127,1.3166855845629932,-54.45918367346939,-49.853932584269664,-72.10625,81.32635983263599,181.06066617654102,277.0,full,usable,2026-08-20,rejected,35.0,100.0,,,35.0,30.0,0.0,100.0,2.2.0,c8f1bf1665a8c5dfb834c0571e7dd5f6b6e5ccd00eab00295338bd42cfde549b
SNWV,"SANUWAVE Health, Inc. - Common Stock",nasdaqtrader:Q:SNWV,SECURITY:SNWV:nasdaqtrader:Q:SNWV,,common_equity,eligible,Q,,,4.9,45.0,,1714673.0228571428,-17.647058823529406,-70.74626865671641,-80.19401778496362,-86.65213838191228,89.11111111111111,152.33053501651386,277.0,full,usable,2026-08-20,rejected,25.0,100.0,,,0.0,30.0,0.0,100.0,2.2.0,c8f1bf1665a8c5dfb834c0571e7dd5f6b6e5ccd00eab00295338bd42cfde549b
SNX,TD SYNNEX Corporation Common Stock,nasdaqtrader:N:SNX,SECURITY:SNX:nasdaqtrader:N:SNX,,common_equity,eligible,N,,,250.77,290.14,,221687754.80873019,-0.7558967864492616,8.709034159875163,55.46807191568506,71.51357636276587,13.569311366926307,28.11764397111391,277.0,full,usable,2026-08-20,conditional,84.14,100.0,,,73.0,82.0,92.0,100.0,2.2.0,c8f1bf1665a8c5dfb834c0571e7dd5f6b6e5ccd00eab00295338bd42cfde549b
SNY,Sanofi - American Depositary Shares,nasdaqtrader:Q:SNY,SECURITY:SNY:nasdaqtrader:Q:SNY,,adr,eligible,Q,,,45.15,52.34,,146640504.37571427,3.1057319022608,1.074546675621213,-4.70662726888984,-10.041841004184104,13.737103553687435,23.16951102298833,277.0,full,usable,2026-08-20,conditional,84.14,100.0,,,73.0,82.0,92.0,100.0,2.2.0,c8f1bf1665a8c5dfb834c0571e7dd5f6b6e5ccd00eab00295338bd42cfde549b
SO,Southern Company (The) Common Stock,nasdaqtrader:N:SO,SECURITY:SO:nasdaqtrader:N:SO,,common_equity,eligible,N,,,91.43,99.72,,540883544.7284127,-4.5615866388308834,-2.339243751335185,-3.8085218306154522,-2.9199405393926514,8.313277176093049,14.513974562487988,277.0,full,usable,2026-08-20,conditional,85.86,100.0,,,73.0,82.0,100.0,100.0,2.2.0,c8f1bf1665a8c5dfb834c0571e7dd5f6b6e5ccd00eab00295338bd42cfde549b
SOAR,"Volato Group, Inc. Class A Common Stock",nasdaqtrader:A:SOAR,NAMECLASS:VOLATO GROUP INC,,common_equity,eligible,A,,,0.149,4.02,,6524183.750861905,13.39421613394216,7.117181883537027,-54.79368932038835,-89.35714285714286,96.29353233830847,91.64427622432603,277.0,full,usable,2026-08-20,conditional,45.43,100.0,,,25.0,30.0,62.0,100.0,2.2.0,c8f1bf1665a8c5dfb834c0571e7dd5f6b6e5ccd00eab00295338bd42cfde549b
SOBO,South Bow Corporation Common Shares,nasdaqtrader:N:SOBO,SECURITY:SOBO:nasdaqtrader:N:SOBO,,common_equity,eligible,N,,,38.41,38.67,,29007646.717142858,-0.15596568754874252,2.426666666666666,25.236387349201152,38.81460065052402,0.672355831393856,20.996032204717473,277.0,full,usable,2026-08-20,conditional,57.0,100.0,,,77.0,10.0,80.0,100.0,2.2.0,c8f1bf1665a8c5dfb834c0571e7dd5f6b6e5ccd00eab00295338bd42cfde549b
SOC,Sable Offshore Corp. Common Stock,nasdaqtrader:N:SOC,SECURITY:SOC:nasdaqtrader:N:SOC,,common_equity,eligible,N,,,5.07,28.79,,57130919.17428572,15.753424657534264,-66.31229235880399,-43.22508398656214,-81.70995670995671,82.38971865230982,112.84777777548479,277.0,full,usable,2026-08-20,conditional,52.14,100.0,,,35.0,30.0,80.0,100.0,2.2.0,c8f1bf1665a8c5dfb834c0571e7dd5f6b6e5ccd00eab00295338bd42cfde549b
SOFI,"SoFi Technologies, Inc.  - Common Stock",nasdaqtrader:Q:SOFI,SECURITY:SOFI:nasdaqtrader:Q:SOFI,,common_equity,eligible,Q,,,17.91,32.21,,1332853083.753016,4.920913884007039,14.149139579349912,-7.202072538860104,-21.27472527472527,44.3961502638932,59.09188885538118,277.0,full,usable,2026-08-20,conditional,87.07,100.0,,,61.0,95.0,100.0,100.0,2.2.0,c8f1bf1665a8c5dfb834c0571e7dd5f6b6e5ccd00eab00295338bd42cfde549b
SOGP,Sound Group Inc. - American Depositary Shares,nasdaqtrader:Q:SOGP,SECURITY:SOGP:nasdaqtrader:Q:SOGP,,adr,eligible,Q,,,12.46,35.9,,201810.3438730159,21.206225680933866,-12.928022361984626,-7.976366322008854,236.75675675675677,65.29247910863509,62.02640959073692,277.0,full,usable,2026-08-20,rejected,52.14,100.0,,,95.0,30.0,0.0,100.0,2.2.0,c8f1bf1665a8c5dfb834c0571e7dd5f6b6e5ccd00eab00295338bd42cfde549b
SOHU,Sohu.com Limited  - American Depositary Shares,nasdaqtrader:Q:SOHU,SECURITY:SOHU:nasdaqtrader:Q:SOHU,,adr,eligible,Q,,,14.425,17.22,,695425.5474603175,11.821705426356587,4.151624548736477,-11.503067484662576,-3.7691794529686407,16.23112659698025,29.38684794775292,277.0,full,usable,2026-08-20,rejected,64.43,100.0,,,73.0,82.0,0.0,100.0,2.2.0,c8f1bf1665a8c5dfb834c0571e7dd5f6b6e5ccd00eab00295338bd42cfde549b
SOLS,Solstice Advanced Materials Inc. - Common Stock,nasdaqtrader:Q:SOLS,SECURITY:SOLS:nasdaqtrader:Q:SOLS,,common_equity,eligible,Q,,,56.62,88.6,,199467288.26682538,-6.6754573924509675,-32.9782196969697,-27.279732853840233,,36.09480812641084,45.90987779565889,210.0,limited_but_usable,usable,2026-08-20,conditional,84.79,100.0,,,59.0,95.0,92.0,100.0,2.2.0,c8f1bf1665a8c5dfb834c0571e7dd5f6b6e5ccd00eab00295338bd42cfde549b
SOLV,Solventum Corporation Common Stock,nasdaqtrader:N:SOLV,SECURITY:SOLV:nasdaqtrader:N:SOLV,,common_equity,eligible,N,,,88.61,88.61,,124803662.88349207,14.129314786192682,16.39301195323788,20.377666077978528,22.609658226096595,0.0,37.63035119713403,277.0,full,usable,2026-08-20,conditional,56.14,100.0,,,65.0,10.0,92.0,100.0,2.2.0,c8f1bf1665a8c5dfb834c0571e7dd5f6b6e5ccd00eab00295338bd42cfde549b
SON,Sonoco Products Company Common Stock,nasdaqtrader:N:SON,SECURITY:SON:nasdaqtrader:N:SON,,common_equity,eligible,N,,,58.33,60.56,,62855355.68460318,5.766092475067985,21.52083333333332,4.0306759407882975,25.73830566932529,3.682298546895646,34.16049216121434,277.0,full,usable,2026-08-20,conditional,56.43,100.0,,,75.0,10.0,80.0,100.0,2.2.0,c8f1bf1665a8c5dfb834c0571e7dd5f6b6e5ccd00eab00295338bd42cfde549b
SONO,"Sonos, Inc. - Common Stock",nasdaqtrader:Q:SONO,SECURITY:SONO:nasdaqtrader:Q:SONO,,common_equity,eligible,Q,,,16.05,19.16,,29669023.357777778,9.481582537517053,6.857523302263657,2.490421455938696,20.586025544703233,16.231732776617946,85.79199480970742,277.0,full,usable,2026-08-20,conditional,82.14,100.0,,,75.0,82.0,80.0,100.0,2.2.0,c8f1bf1665a8c5dfb834c0571e7dd5f6b6e5ccd00eab00295338bd42cfde549b
SONY,Sony Group Corporation American Depositary Shares,nasdaqtrader:N:SONY,SECURITY:SONY:nasdaqtrader:N:SONY,,adr,eligible,N,,,23.58,30.26,,119602511.3168254,12.715105162523876,3.3304119193689585,5.977528089887629,-16.501416430594908,22.075346992729685,30.45749657585922,277.0,full,usable,2026-08-20,conditional,87.71,100.0,,,73.0,92.0,92.0,100.0,2.2.0,c8f1bf1665a8c5dfb834c0571e7dd5f6b6e5ccd00eab00295338bd42cfde549b
SOPH,SOPHiA GENETICS SA - Ordinary Shares,nasdaqtrader:Q:SOPH,SECURITY:SOPH:nasdaqtrader:Q:SOPH,,common_equity,eligible,Q,,,8.31,8.31,,2171852.4442857145,29.843749999999993,70.63655030800821,71.69421487603307,136.7521367521368,0.0,85.5466963439703,277.0,full,usable,2026-08-20,conditional,48.36,100.0,,,73.0,10.0,45.0,100.0,2.2.0,c8f1bf1665a8c5dfb834c0571e7dd5f6b6e5ccd00eab00295338bd42cfde549b
SOR,"Source Capital, Inc. Cmn Shs of BI",qrgf-resolution-required:N:SOR,SECURITY:SOR:qrgf-resolution-required:N:SOR,,common_equity,eligible,N,,,46.29,49.35,,481140.0774793651,2.0277716552788316,2.502214348981413,-5.007182433819002,5.132863956393363,6.200607902735566,12.83151748049799,277.0,full,usable,2026-08-20,rejected,46.86,100.0,,,79.0,28.0,0.0,100.0,2.2.0,c8f1bf1665a8c5dfb834c0571e7dd5f6b6e5ccd00eab00295338bd42cfde549b
SORA,AsiaStrategy - Ordinary Shares,nasdaqtrader:Q:SORA,SECURITY:SORA:nasdaqtrader:Q:SORA,,common_equity,eligible,Q,,,2.09,6.99,,217160.24714285714,1.9512195121951237,-17.391304347826086,9.424083769633507,-60.038240917782026,70.10014306151646,149.07538356714994,277.0,full,usable,2026-08-20,rejected,44.14,100.0,,,67.0,30.0,0.0,100.0,2.2.0,c8f1bf1665a8c5dfb834c0571e7dd5f6b6e5ccd00eab00295338bd42cfde549b
SOS,SOS Limited Class A Ordinary Shares,nasdaqtrader:N:SOS,SECURITY:SOS:nasdaqtrader:N:SOS,,common_equity,eligible,N,,,0.9648,2.29,,50629.658679365086,-8.981132075471699,-10.666666666666668,-24.03149606299213,-43.247058823529414,57.86899563318777,84.66191893746579,277.0,full,usable,2026-08-20,rejected,58.43,100.0,,,67.0,70.0,0.0,100.0,2.2.0,c8f1bf1665a8c5dfb834c0571e7dd5f6b6e5ccd00eab00295338bd42cfde549b
SOTK,Sono-Tek Corporation - Common Stock,nasdaqtrader:Q:SOTK,SECURITY:SOTK:nasdaqtrader:Q:SOTK,,common_equity,eligible,Q,,,5.35,6.12,,241031.36936507936,-4.29338103756709,4.288499025341119,30.487804878048784,63.60856269113149,12.58169934640524,41.82407849476534,277.0,full,usable,2026-08-20,rejected,67.86,100.0,,,85.0,82.0,0.0,100.0,2.2.0,c8f1bf1665a8c5dfb834c0571e7dd5f6b6e5ccd00eab00295338bd42cfde549b
SOUN,"SoundHound AI, Inc. - Class A Common Stock",nasdaqtrader:Q:SOUN,NAMECLASS:SOUNDHOUND AI INC,,common_equity,eligible,Q,,,6.97,21.4,,215519932.55373016,7.8947368421052655,-17.51479289940828,-10.983397190293742,-47.59398496240602,67.42990654205607,73.02063460662399,277.0,full,usable,2026-08-20,conditional,63.86,100.0,,,67.0,30.0,92.0,100.0,2.2.0,c8f1bf1665a8c5dfb834c0571e7dd5f6b6e5ccd00eab00295338bd42cfde549b
SOWG,Sow Good Inc. - Common Stock,nasdaqtrader:Q:SOWG,SECURITY:SOWG:nasdaqtrader:Q:SOWG,,common_equity,eligible,Q,,,3.14,14.86,,209407.45111111112,-3.9755351681957207,71.5846994535519,-52.424242424242415,-68.16061650780775,78.86944818304173,104.49770404380946,277.0,full,usable,2026-08-20,rejected,37.86,100.0,,,45.0,30.0,0.0,100.0,2.2.0,c8f1bf1665a8c5dfb834c0571e7dd5f6b6e5ccd00eab00295338bd42cfde549b
SOXX,iShares PHLX SOX Semiconductor Sector Index Fund,US:SOXX,SECURITY:SOXX:US:SOXX,,etf,eligible,Q,,,522.35,655.01,,5705262882.237778,-5.97098214285714,0.392073955910921,46.793502697841745,113.07362839078117,20.2531259064747,53.50683811587928,277.0,full,usable,2026-08-20,conditional,92.86,100.0,,,85.0,92.0,100.0,100.0,2.2.0,c8f1bf1665a8c5dfb834c0571e7dd5f6b6e5ccd00eab00295338bd42cfde549b
SPAI,Safe Pro Group Inc. - Common Stock,nasdaqtrader:Q:SPAI,SECURITY:SPAI:nasdaqtrader:Q:SPAI,,common_equity,eligible,Q,,,5.2,8.95,,1692520.2123015872,37.566137566137584,31.645569620253156,21.212121212121215,37.566137566137584,41.89944134078212,113.01097813594032,277.0,full,usable,2026-08-20,rejected,66.79,100.0,,,65.0,95.0,0.0,100.0,2.2.0,c8f1bf1665a8c5dfb834c0571e7dd5f6b6e5ccd00eab00295338bd42cfde549b
SPB,"Spectrum Brands Holdings, Inc. Common Stock",nasdaqtrader:N:SPB,SECURITY:SPB:nasdaqtrader:N:SPB,,common_equity,eligible,N,,,86.16,90.97,,31918145.943174604,-3.1910112359550546,15.666532420459124,10.164940544687395,53.309608540925254,5.28745740353963,27.684822219921795,277.0,full,usable,2026-08-20,conditional,65.14,100.0,,,83.0,28.0,80.0,100.0,2.2.0,c8f1bf1665a8c5dfb834c0571e7dd5f6b6e5ccd00eab00295338bd42cfde549b
SPCB,"SuperCom, Ltd. - Ordinary Shares",nasdaqtrader:Q:SPCB,SECURITY:SPCB:nasdaqtrader:Q:SPCB,,common_equity,eligible,Q,,,11.345,13.18,,973888.069920635,3.7020109689213987,4.755309325946455,29.067121729237797,22.516198704103687,13.922610015174497,55.02526475147547,277.0,full,usable,2026-08-20,rejected,65.57,100.0,,,77.0,82.0,0.0,100.0,2.2.0,c8f1bf1665a8c5dfb834c0571e7dd5f6b6e5ccd00eab00295338bd42cfde549b
SPCE,"Virgin Galactic Holdings, Inc. Common Stock",nasdaqtrader:N:SPCE,SECURITY:SPCE:nasdaqtrader:N:SPCE,,common_equity,eligible,N,,,3.08,7.52,,142298403.20349205,15.355805243445708,24.696356275303643,20.78431372549021,3.703703703703698,59.04255319148937,69.22910087434285,277.0,full,usable,2026-08-20,conditional,75.29,100.0,,,57.0,70.0,92.0,100.0,2.2.0,c8f1bf1665a8c5dfb834c0571e7dd5f6b6e5ccd00eab00295338bd42cfde549b
SPCX,Space Exploration Technologies Corp. - Class A Common Stock,nasdaqtrader:Q:SPCX,NAMECLASS:SPACE EXPLORATION TECHNOLOGIES CORP,,common_equity,eligible,Q,,,134.0,201.8,,18325978269.30854,16.258892937706058,,,,33.597621407334,90.85468475421543,48.0,insufficient,usable,2026-08-20,recheck,,71.43,,,,92.0,100.0,76.0,2.2.0,c8f1bf1665a8c5dfb834c0571e7dd5f6b6e5ccd00eab00295338bd42cfde549b
SPFI,"South Plains Financial, Inc. - Common Stock",nasdaqtrader:Q:SPFI,SECURITY:SPFI:nasdaqtrader:Q:SPFI,,common_equity,eligible,Q,,,44.25,45.96,,6394182.205396825,0.9352189781021814,10.376652531803444,5.081928283068149,13.127956027099575,3.720626631853785,23.949917512534327,277.0,full,usable,2026-08-20,conditional,50.29,100.0,,,67.0,10.0,62.0,100.0,2.2.0,c8f1bf1665a8c5dfb834c0571e7dd5f6b6e5ccd00eab00295338bd42cfde549b
SPG,"Simon Property Group, Inc. Common Stock",nasdaqtrader:N:SPG,SECURITY:SPG:nasdaqtrader:N:SPG,,common_equity,eligible,N,,,219.9,236.7,,413283581.99507934,-2.793740606489259,7.74130328270457,10.104145804125775,25.7433668801464,7.097591888466404,17.730031855569273,277.0,full,usable,2026-08-20,conditional,65.43,100.0,,,75.0,28.0,92.0,100.0,2.2.0,c8f1bf1665a8c5dfb834c0571e7dd5f6b6e5ccd00eab00295338bd42cfde549b
SPGI,S&P Global Inc. Common Stock,nasdaqtrader:N:SPGI,SECURITY:SPGI:nasdaqtrader:N:SPGI,,common_equity,eligible,N,,,432.16,557.03,,935843722.2606349,0.7225096723069147,3.6330064027241704,3.71757025943793,-22.053279945168903,22.41710500332118,28.146977442492577,277.0,full,usable,2026-08-20,conditional,89.43,100.0,,,73.0,92.0,100.0,100.0,2.2.0,c8f1bf1665a8c5dfb834c0571e7dd5f6b6e5ccd00eab00295338bd42cfde549b
SPH,"Suburban Propane Partners, L.P. Common Stock",nasdaqtrader:N:SPH,SECURITY:SPH:nasdaqtrader:N:SPH,,common_equity,eligible,N,,,17.61,20.68,,3982658.3273015874,-4.65619924201407,-13.761018609206666,-13.803230543318644,-3.9279869067103013,14.845261121856868,24.4127502038409,277.0,full,usable,2026-08-20,conditional,74.07,100.0,,,73.0,82.0,45.0,100.0,2.2.0,c8f1bf1665a8c5dfb834c0571e7dd5f6b6e5ccd00eab00295338bd42cfde549b
SPHL,Springview Holdings Ltd - Ordinary shares,nasdaqtrader:Q:SPHL,SECURITY:SPHL:nasdaqtrader:Q:SPHL,,common_equity,eligible,Q,,,2.56,17.41,,4600988.60815873,0.39215686274509665,-3.396226415094339,-24.926686217008797,-25.603022377215922,85.29580700746698,48.86791449348079,277.0,full,usable,2026-08-20,conditional,53.79,100.0,,,67.0,30.0,45.0,100.0,2.2.0,c8f1bf1665a8c5dfb834c0571e7dd5f6b6e5ccd00eab00295338bd42cfde549b
SPHR,Sphere Entertainment Co. Class A Common Stock,nasdaqtrader:N:SPHR,NAMECLASS:SPHERE ENTERTAINMENT CO,,common_equity,eligible,N,,,156.23,176.38,,111692102.98523809,13.005424954792044,16.242559523809508,35.510451903894506,283.48060873834066,11.424197754847487,58.931199432713996,277.0,full,usable,2026-08-20,conditional,84.14,100.0,,,73.0,82.0,92.0,100.0,2.2.0,c8f1bf1665a8c5dfb834c0571e7dd5f6b6e5ccd00eab00295338bd42cfde549b
SPIR,"Spire Global, Inc. Class A Common Stock",nasdaqtrader:N:SPIR,NAMECLASS:SPIRE GLOBAL INC,,common_equity,eligible,N,,,13.89,25.48,,19689993.843015872,21.522309711286102,-30.826693227091628,47.92332268370607,58.56164383561644,45.48665620094191,86.23087760960664,277.0,full,usable,2026-08-20,conditional,85.79,100.0,,,85.0,95.0,62.0,100.0,2.2.0,c8f1bf1665a8c5dfb834c0571e7dd5f6b6e5ccd00eab00295338bd42cfde549b
SPMC,"Sound Point Meridian Capital, Inc. Common Stock",nasdaqtrader:N:SPMC,SECURITY:SPMC:nasdaqtrader:N:SPMC,,common_equity,eligible,N,,,9.08,18.45,,300213.9459904762,-10.541871921182267,-15.140186915887844,-12.270531400966178,-49.38684503901896,50.78590785907859,42.92772898488589,277.0,full,usable,2026-08-20,rejected,58.43,100.0,,,67.0,70.0,0.0,100.0,2.2.0,c8f1bf1665a8c5dfb834c0571e7dd5f6b6e5ccd00eab00295338bd42cfde549b
SPNT,SiriusPoint Ltd. Common Shares,nasdaqtrader:N:SPNT,SECURITY:SPNT:nasdaqtrader:N:SPNT,,common_equity,eligible,N,,,23.6,26.31,,18103902.47031746,-3.8696537678207688,-0.33783783783782884,7.223989095865524,29.385964912280716,10.30026605853287,34.628325255207265,277.0,full,usable,2026-08-20,conditional,81.71,100.0,,,87.0,82.0,62.0,100.0,2.2.0,c8f1bf1665a8c5dfb834c0571e7dd5f6b6e5ccd00eab00295338bd42cfde549b
SPOK,"Spok Holdings, Inc. - Common Stock",nasdaqtrader:Q:SPOK,SECURITY:SPOK:nasdaqtrader:Q:SPOK,,common_equity,eligible,Q,,,10.43,18.16,,1847257.856190476,-2.0657276995305174,-5.5253623188405765,-23.252391464311994,-41.926503340757236,42.56607929515419,24.70620373288648,277.0,full,usable,2026-08-20,rejected,67.36,100.0,,,67.0,95.0,0.0,100.0,2.2.0,c8f1bf1665a8c5dfb834c0571e7dd5f6b6e5ccd00eab00295338bd42cfde549b
SPOT,Spotify Technology S.A. Ordinary Shares,nasdaqtrader:N:SPOT,SECURITY:SPOT:nasdaqtrader:N:SPOT,,common_equity,eligible,N,,,533.13,738.53,,1005958228.1549207,12.43673021764804,23.03378565494323,9.858023037771213,-25.887259331340793,27.812004928709733,41.02641582186121,277.0,full,usable,2026-08-20,conditional,84.29,100.0,,,55.0,92.0,100.0,100.0,2.2.0,c8f1bf1665a8c5dfb834c0571e7dd5f6b6e5ccd00eab00295338bd42cfde549b
SPPL,SIMPPLE LTD. - Ordinary Shares,nasdaqtrader:Q:SPPL,SECURITY:SPPL:nasdaqtrader:Q:SPPL,,common_equity,eligible,Q,,,2.22,6.62,,2692341.7339841267,-33.33333333333333,-24.232081911262792,-15.58935361216729,-29.073482428115007,66.46525679758308,178.16053321905645,277.0,full,usable,2026-08-20,conditional,53.79,100.0,,,67.0,30.0,45.0,100.0,2.2.0,c8f1bf1665a8c5dfb834c0571e7dd5f6b6e5ccd00eab00295338bd42cfde549b
SPRB,"Spruce Biosciences, Inc. - Common Stock",nasdaqtrader:Q:SPRB,SECURITY:SPRB:nasdaqtrader:Q:SPRB,,common_equity,eligible,Q,,,51.985,182.6,,3160144.6263492065,16.55829596412555,0.9123556245753672,-1.2067654884074464,66038.67684478371,71.53066812705366,45.894371912082235,277.0,full,usable,2026-08-20,conditional,61.79,100.0,,,95.0,30.0,45.0,100.0,2.2.0,c8f1bf1665a8c5dfb834c0571e7dd5f6b6e5ccd00eab00295338bd42cfde549b
SPRC,SciSparc Ltd. - Ordinary Shares,nasdaqtrader:Q:SPRC,SECURITY:SPRC:nasdaqtrader:Q:SPRC,,common_equity,eligible,Q,,,6.74,54.81,,9407404.73047619,39.25619834710745,64.39024390243904,32.78171788810089,-83.3949248583395,87.70297390987047,196.3102654413145,277.0,full,usable,2026-08-20,conditional,45.43,100.0,,,25.0,30.0,62.0,100.0,2.2.0,c8f1bf1665a8c5dfb834c0571e7dd5f6b6e5ccd00eab00295338bd42cfde549b
SPRO,"Spero Therapeutics, Inc. - Common Stock",nasdaqtrader:Q:SPRO,SECURITY:SPRO:nasdaqtrader:Q:SPRO,,common_equity,eligible,Q,,,1.22,2.98,,2952081.720396825,-3.937007874015752,-53.61216730038023,-49.16666666666667,-33.69565217391305,59.06040268456376,92.02988063684855,277.0,full,usable,2026-08-20,conditional,64.64,100.0,,,55.0,70.0,45.0,100.0,2.2.0,c8f1bf1665a8c5dfb834c0571e7dd5f6b6e5ccd00eab00295338bd42cfde549b
SPRU,Spruce Power Holding Corporation Class A Common Stock,nasdaqtrader:N:SPRU,NAMECLASS:SPRUCE POWER HOLDING CORPORATION,,common_equity,eligible,N,,,1.86,6.46,,115422.16841269842,-18.421052631578938,-34.50704225352113,-55.92417061611374,26.530612244897966,71.20743034055728,72.32000862843321,277.0,full,usable,2026-08-20,rejected,47.0,100.0,,,77.0,30.0,0.0,100.0,2.2.0,c8f1bf1665a8c5dfb834c0571e7dd5f6b6e5ccd00eab00295338bd42cfde549b
SPRY,"ARS Pharmaceuticals, Inc. - Common Stock",nasdaqtrader:Q:SPRY,SECURITY:SPRY:nasdaqtrader:Q:SPRY,,common_equity,eligible,Q,,,5.505,14.87,,14969240.728650793,-9.158415841584155,-29.42307692307692,-41.684322033898304,-60.07976794778824,62.979152656355076,82.85754254437948,277.0,full,usable,2026-08-20,conditional,71.71,100.0,,,67.0,70.0,62.0,100.0,2.2.0,c8f1bf1665a8c5dfb834c0571e7dd5f6b6e5ccd00eab00295338bd42cfde549b
SPSC,"SPS Commerce, Inc. - Common Stock",nasdaqtrader:Q:SPSC,SECURITY:SPSC:nasdaqtrader:Q:SPSC,,common_equity,eligible,Q,,,79.43,115.82,,42322939.6584127,32.11909514304725,47.80424264979533,36.12682090831192,-30.257265782772848,31.41944396477291,55.81991399435742,277.0,full,usable,2026-08-20,conditional,77.14,100.0,,,45.0,92.0,80.0,100.0,2.2.0,c8f1bf1665a8c5dfb834c0571e7dd5f6b6e5ccd00eab00295338bd42cfde549b
SPT,"Sprout Social, Inc - Class A Common Stock",nasdaqtrader:Q:SPT,NAMECLASS:SPROUT SOCIAL INC,,common_equity,eligible,Q,,,10.07,15.83,,10442439.97,32.325886990801564,48.08823529411765,38.514442916093536,-31.543167912984373,36.386607706885655,87.75556731868515,277.0,full,usable,2026-08-20,conditional,74.36,100.0,,,45.0,95.0,62.0,100.0,2.2.0,c8f1bf1665a8c5dfb834c0571e7dd5f6b6e5ccd00eab00295338bd42cfde549b
SPTX,"Seaport Therapeutics, Inc. - Common Stock",nasdaqtrader:Q:SPTX,SECURITY:SPTX:nasdaqtrader:Q:SPTX,,common_equity,eligible,Q,,,24.13,24.42,,3346368.3185714283,13.286384976525811,52.91508238276299,,,1.1875511875511946,48.303136001905926,77.0,insufficient,usable,2026-08-20,recheck,,71.43,,,,10.0,45.0,88.0,2.2.0,c8f1bf1665a8c5dfb834c0571e7dd5f6b6e5ccd00eab00295338bd42cfde549b
SPWH,"Sportsman's Warehouse Holdings, Inc. - Common Stock",nasdaqtrader:Q:SPWH,SECURITY:SPWH:nasdaqtrader:Q:SPWH,,common_equity,eligible,Q,,,1.17,3.385,,562343.7159523809,1.7391304347826209,-7.142857142857151,-3.3057851239669422,-58.80281690140845,65.4357459379616,23.421534045155326,277.0,full,usable,2026-08-20,rejected,44.14,100.0,,,67.0,30.0,0.0,100.0,2.2.0,c8f1bf1665a8c5dfb834c0571e7dd5f6b6e5ccd00eab00295338bd42cfde549b
SPXC,"SPX Technologies, Inc. Common Stock",nasdaqtrader:N:SPXC,SECURITY:SPXC:nasdaqtrader:N:SPXC,,common_equity,eligible,N,,,204.48,246.41,,156683964.5995238,-6.651449440766955,-0.5205546095840563,-15.157047425418035,8.765957446808503,17.016354855728267,52.01556279603267,277.0,full,usable,2026-08-20,conditional,85.86,100.0,,,79.0,82.0,92.0,100.0,2.2.0,c8f1bf1665a8c5dfb834c0571e7dd5f6b6e5ccd00eab00295338bd42cfde549b
SPY,State Street SPDR S&P 500 ETF Trust,US:SPY,SECURITY:SPY:US:SPY,,etf,eligible,P,,,762.6,777.88,,38666810259.04809,2.032351721277492,2.880269814502534,11.413043478260864,19.19163501664558,1.9643132616856018,12.526423515682447,277.0,full,usable,2026-08-20,conditional,64.14,100.0,,,87.0,10.0,100.0,100.0,2.2.0,c8f1bf1665a8c5dfb834c0571e7dd5f6b6e5ccd00eab00295338bd42cfde549b
SQFT,"Presidio Property Trust, Inc. - Class A Common Stock",nasdaqtrader:Q:SQFT,NAMECLASS:PRESIDIO PROPERTY TRUST INC,,common_equity,eligible,Q,,,1.52,8.88,,19155.42900793651,-33.91304347826086,-49.5016611295681,-44.927536231884055,-70.54263565891473,82.88288288288288,125.97966009608317,277.0,full,usable,2026-08-20,rejected,35.0,100.0,,,35.0,30.0,0.0,100.0,2.2.0,c8f1bf1665a8c5dfb834c0571e7dd5f6b6e5ccd00eab00295338bd42cfde549b
SQM,Sociedad Quimica y Minera S.A. Common Stock,nasdaqtrader:N:SQM,SECURITY:SQM:nasdaqtrader:N:SQM,,common_equity,eligible,N,,,78.45,95.31,,78896337.85333334,13.35067186822716,-3.6003932170066255,8.807212205270476,74.13984461709214,17.6896443185395,39.04967655248085,277.0,full,usable,2026-08-20,conditional,87.86,100.0,,,95.0,82.0,80.0,100.0,2.2.0,c8f1bf1665a8c5dfb834c0571e7dd5f6b6e5ccd00eab00295338bd42cfde549b
SQNS,Sequans Communications S.A. American Depositary Shares (each representing one hundred (100) Ordinary Shares),nasdaqtrader:N:SQNS,SECURITY:SQNS:nasdaqtrader:N:SQNS,,adr,eligible,N,,,3.03,10.33,,362748.2577777778,13.483146067415719,-29.53488372093024,3.767123287671237,-70.86538461538461,70.66795740561471,57.25551599699932,277.0,full,usable,2026-08-20,rejected,38.43,100.0,,,47.0,30.0,0.0,100.0,2.2.0,c8f1bf1665a8c5dfb834c0571e7dd5f6b6e5ccd00eab00295338bd42cfde549b
SR,Spire Inc. Common Stock,nasdaqtrader:N:SR,SECURITY:SR:nasdaqtrader:N:SR,,common_equity,eligible,N,,,83.3,95.19,,44664394.44730158,1.4863547758284579,-3.932649060085336,-6.8441064638783295,10.14147824937195,12.490807857968278,17.470608766338028,277.0,full,usable,2026-08-20,conditional,83.29,100.0,,,79.0,82.0,80.0,100.0,2.2.0,c8f1bf1665a8c5dfb834c0571e7dd5f6b6e5ccd00eab00295338bd42cfde549b
SRAD,Sportradar Group AG - Class A Ordinary Shares,nasdaqtrader:Q:SRAD,NAMECLASS:SPORTRADAR GROUP AG,,common_equity,eligible,Q,,,12.61,31.79,,37283414.212698415,-11.694677871148462,-5.4013503375843985,-27.77777777777778,-58.4514003294893,60.33343818810947,60.976675051007334,277.0,full,usable,2026-08-20,conditional,75.57,100.0,,,67.0,70.0,80.0,100.0,2.2.0,c8f1bf1665a8c5dfb834c0571e7dd5f6b6e5ccd00eab00295338bd42cfde549b
SRBK,"SR Bancorp, Inc. - Common stock",nasdaqtrader:Q:SRBK,SECURITY:SRBK:nasdaqtrader:Q:SRBK,,common_equity,eligible,Q,,,19.8,20.38,,752469.0785714285,3.178738926524227,9.151047409040803,16.539140670982945,36.83483068417415,2.8459273797840967,20.226808992064523,277.0,full,usable,2026-08-20,rejected,36.43,100.0,,,65.0,10.0,0.0,100.0,2.2.0,c8f1bf1665a8c5dfb834c0571e7dd5f6b6e5ccd00eab00295338bd42cfde549b
SRCE,1st Source Corporation - Common Stock,nasdaqtrader:Q:SRCE,SECURITY:SRCE:nasdaqtrader:Q:SRCE,,common_equity,eligible,Q,,,86.15,90.82,,11343308.12063492,3.9956542732979328,17.242787152966788,23.071428571428587,39.69515161342632,5.142039198414428,21.99774170322862,277.0,full,usable,2026-08-20,conditional,56.14,100.0,,,65.0,28.0,62.0,100.0,2.2.0,c8f1bf1665a8c5dfb834c0571e7dd5f6b6e5ccd00eab00295338bd42cfde549b
SRE,DBA Sempra Common Stock,nasdaqtrader:N:SRE,SECURITY:SRE:nasdaqtrader:N:SRE,,common_equity,eligible,N,,,87.38,99.75,,337330631.14301586,-6.093498119290707,-4.460966542750933,-6.012692266322473,5.722928009679351,12.401002506265668,19.20480753582618,277.0,full,usable,2026-08-20,conditional,85.86,100.0,,,79.0,82.0,92.0,100.0,2.2.0,c8f1bf1665a8c5dfb834c0571e7dd5f6b6e5ccd00eab00295338bd42cfde549b
SRFM,Surf Air Mobility Inc. Common Stock,nasdaqtrader:N:SRFM,SECURITY:SRFM:nasdaqtrader:N:SRFM,,common_equity,eligible,N,,,0.7075,5.45,,5835657.569825397,-12.42728060403514,-39.52991452991452,-65.82125603864735,-83.15476190476191,87.01834862385321,74.13688073569922,277.0,full,usable,2026-08-20,conditional,48.86,100.0,,,37.0,30.0,62.0,100.0,2.2.0,c8f1bf1665a8c5dfb834c0571e7dd5f6b6e5ccd00eab00295338bd42cfde549b
SRG,Seritage Growth Properties Class A Common Stock,nasdaqtrader:N:SRG,NAMECLASS:SERITAGE GROWTH PROPERTIES,,common_equity,eligible,N,,,2.11,4.48,,643681.090952381,-10.970464135021107,-12.083333333333336,-31.93548387096775,-37.94117647058823,52.90178571428572,40.624556306945365,277.0,full,usable,2026-08-20,rejected,58.43,100.0,,,67.0,70.0,0.0,100.0,2.2.0,c8f1bf1665a8c5dfb834c0571e7dd5f6b6e5ccd00eab00295338bd42cfde549b
SRI,"Stoneridge, Inc. Common Stock",nasdaqtrader:N:SRI,SECURITY:SRI:nasdaqtrader:N:SRI,,common_equity,eligible,N,,,7.08,9.17,,1629360.033968254,-4.324324324324325,2.7576197387518153,-16.312056737588666,-10.831234256926958,22.7917121046892,47.97846529467796,277.0,full,usable,2026-08-20,rejected,68.0,100.0,,,73.0,92.0,0.0,100.0,2.2.0,c8f1bf1665a8c5dfb834c0571e7dd5f6b6e5ccd00eab00295338bd42cfde549b
SRL,Scully Royalty Ltd.,qrgf-resolution-required:N:SRL,SECURITY:SRL:qrgf-resolution-required:N:SRL,,common_equity,eligible,N,,,5.86,10.14,,93806.6696825397,13.127413127413146,-4.326530612244895,-37.1244635193133,12.692307692307692,42.20907297830375,55.401326632566814,277.0,full,usable,2026-08-20,rejected,70.79,100.0,,,79.0,95.0,0.0,100.0,2.2.0,c8f1bf1665a8c5dfb834c0571e7dd5f6b6e5ccd00eab00295338bd42cfde549b
SRPT,"Sarepta Therapeutics, Inc. - Common Stock",nasdaqtrader:Q:SRPT,SECURITY:SRPT:nasdaqtrader:Q:SRPT,,common_equity,eligible,Q,,,19.22,24.45,,56529537.609920636,21.491782553729454,12.266355140186903,3.3889187735341553,-4.757185332011893,21.390593047034766,57.09930177370178,277.0,full,usable,2026-08-20,conditional,81.71,100.0,,,61.0,92.0,80.0,100.0,2.2.0,c8f1bf1665a8c5dfb834c0571e7dd5f6b6e5ccd00eab00295338bd42cfde549b
SRRK,Scholar Rock Holding Corporation - Common Stock,nasdaqtrader:Q:SRRK,SECURITY:SRRK:nasdaqtrader:Q:SRRK,,common_equity,eligible,Q,,,55.25,57.94,,68109087.06944445,14.389233954451353,14.200082678792892,15.828092243186575,83.43293492695882,4.642733862616499,51.54967933055276,277.0,full,usable,2026-08-20,conditional,55.86,100.0,,,73.0,10.0,80.0,100.0,2.2.0,c8f1bf1665a8c5dfb834c0571e7dd5f6b6e5ccd00eab00295338bd42cfde549b
SRTA,"Strata Critical Medical, Inc. - Class A Common Stock",nasdaqtrader:Q:SRTA,NAMECLASS:STRATA CRITICAL MEDICAL INC,,common_equity,eligible,Q,,,5.96,6.47,,6436191.616507936,17.322834645669282,7.581227436823101,29.565217391304355,46.07843137254901,7.8825347758887165,50.66704786530566,277.0,full,usable,2026-08-20,conditional,56.14,100.0,,,65.0,28.0,62.0,100.0,2.2.0,c8f1bf1665a8c5dfb834c0571e7dd5f6b6e5ccd00eab00295338bd42cfde549b
SRTS,"Sensus Healthcare, Inc. - Common Stock",nasdaqtrader:Q:SRTS,SECURITY:SRTS:nasdaqtrader:Q:SRTS,,common_equity,eligible,Q,,,3.23,5.3,,116206.76333333334,6.25,-2.7108433734939763,-17.391304347826086,0.9374999999999911,39.05660377358491,46.73218737511367,277.0,full,usable,2026-08-20,rejected,70.79,100.0,,,79.0,95.0,0.0,100.0,2.2.0,c8f1bf1665a8c5dfb834c0571e7dd5f6b6e5ccd00eab00295338bd42cfde549b
