ticker,company,contract_id,issuer_id,issuer_cik,security_type,instrument_status,exchange,sector,industry,current_price,reference_52w_high,market_cap,avg_dollar_volume,return_1m_pct,return_3m_pct,return_6m_pct,return_12m_pct,drawdown_pct,historical_volatility_pct,trading_history_days,momentum_history_status,data_integrity_status,as_of,l2_status,l2_setup_score,l2_confidence_pct,l2_quality_prior_score,l2_room_to_target_score,setup_prior_growth,setup_pullback_geometry,setup_liquidity,setup_data_completeness,setup_model_version,l2_rules_hash
TPG,TPG Inc. - Class A Common Stock,nasdaqtrader:Q:TPG,NAMECLASS:TPG INC,,common_equity,eligible,Q,,,53.03,69.66,,111195741.3095238,20.086050724637694,22.61271676300578,8.801805498563798,-18.226676946800303,23.873097904105656,42.819863760334414,277.0,full,usable,2026-08-14,conditional,84.29,100.0,,,61.0,92.0,92.0,100.0,2.2.0,c8f1bf1665a8c5dfb834c0571e7dd5f6b6e5ccd00eab00295338bd42cfde549b
TPL,Texas Pacific Land Corporation Common Stock,nasdaqtrader:N:TPL,SECURITY:TPL:nasdaqtrader:N:TPL,,common_equity,eligible,N,,,358.52,539.79,,157113261.93825397,-13.827664944117302,-7.716859716859725,-12.85367039377735,21.891680549416925,33.58157802108227,46.91622871128815,277.0,full,usable,2026-08-14,conditional,91.71,100.0,,,87.0,92.0,92.0,100.0,2.2.0,c8f1bf1665a8c5dfb834c0571e7dd5f6b6e5ccd00eab00295338bd42cfde549b
TPR,"Tapestry, Inc. Common Stock",nasdaqtrader:N:TPR,SECURITY:TPR:nasdaqtrader:N:TPR,,common_equity,eligible,N,,,128.98,164.78,,386097171.9644444,-10.548581732436379,-0.967444717444732,-15.511594392768247,13.60873777856073,21.725937613788094,62.77037507802843,277.0,full,usable,2026-08-14,conditional,89.43,100.0,,,79.0,92.0,92.0,100.0,2.2.0,c8f1bf1665a8c5dfb834c0571e7dd5f6b6e5ccd00eab00295338bd42cfde549b
TR,"Tootsie Roll Industries, Inc. Common Stock",nasdaqtrader:N:TR,SECURITY:TR:nasdaqtrader:N:TR,,common_equity,eligible,N,,,40.92,44.81,,8862358.544761905,3.726235741444861,1.3875123885034757,-0.6313744536182608,3.3594342005556888,8.6810979692033,27.197858819021263,277.0,full,usable,2026-08-14,conditional,79.43,100.0,,,79.0,82.0,62.0,100.0,2.2.0,c8f1bf1665a8c5dfb834c0571e7dd5f6b6e5ccd00eab00295338bd42cfde549b
TRAD,APEX Tech Acquisition Inc. Ordinary Shares,nasdaqtrader:N:TRAD,SECURITY:TRAD:nasdaqtrader:N:TRAD,,common_equity,eligible,N,,,9.94,10.04,,148564.04225873016,-0.10050251256281673,0.0,,,0.9960159362549792,5.686475837713344,82.0,insufficient,usable,2026-08-14,rejected,,71.43,,,,10.0,0.0,88.0,2.2.0,c8f1bf1665a8c5dfb834c0571e7dd5f6b6e5ccd00eab00295338bd42cfde549b
TRAK,"ReposiTrak, Inc. Common Stock",nasdaqtrader:N:TRAK,SECURITY:TRAK:nasdaqtrader:N:TRAK,,common_equity,eligible,N,,,8.52,17.8,,657074.0973015873,-6.373626373626373,-6.373626373626373,-17.039922103213247,-50.49389889599071,52.13483146067417,37.58468225221214,277.0,full,usable,2026-08-14,rejected,58.43,100.0,,,67.0,70.0,0.0,100.0,2.2.0,c8f1bf1665a8c5dfb834c0571e7dd5f6b6e5ccd00eab00295338bd42cfde549b
TRAX,"First Tracks Biotherapeutics, Inc. - Ordinary Shares",nasdaqtrader:Q:TRAX,SECURITY:TRAX:nasdaqtrader:Q:TRAX,,common_equity,eligible,Q,,,44.04,47.92,,21578537.30952381,21.623860811930395,142.51101321585904,,,8.096828046744575,150.96840576379657,92.0,insufficient,usable,2026-08-14,recheck,,71.43,,,,82.0,62.0,88.0,2.2.0,c8f1bf1665a8c5dfb834c0571e7dd5f6b6e5ccd00eab00295338bd42cfde549b
TRC,Tejon Ranch Co Common Stock,nasdaqtrader:N:TRC,SECURITY:TRC:nasdaqtrader:N:TRC,,common_equity,eligible,N,,,16.35,20.48,,2003497.8803174603,-12.37942122186495,-15.241057542768266,-1.6837041491280624,-6.410990269032613,20.166015625,16.560231082271223,277.0,full,usable,2026-08-14,conditional,77.64,100.0,,,73.0,92.0,45.0,100.0,2.2.0,c8f1bf1665a8c5dfb834c0571e7dd5f6b6e5ccd00eab00295338bd42cfde549b
TRDA,"Entrada Therapeutics, Inc. - Common Stock",nasdaqtrader:Q:TRDA,SECURITY:TRDA:nasdaqtrader:Q:TRDA,,common_equity,eligible,Q,,,7.46,16.03,,2557554.604285714,8.588064046579325,9.224011713030755,-30.925925925925934,40.22556390977443,53.462258265751714,69.31387500944842,277.0,full,usable,2026-08-14,conditional,70.36,100.0,,,75.0,70.0,45.0,100.0,2.2.0,c8f1bf1665a8c5dfb834c0571e7dd5f6b6e5ccd00eab00295338bd42cfde549b
TREE,"LendingTree, Inc. - Common Stock",nasdaqtrader:Q:TREE,SECURITY:TREE:nasdaqtrader:Q:TREE,,common_equity,eligible,Q,,,32.59,76.51,,11845934.453174602,-30.496907656216678,-9.169453734671118,-15.394600207684316,-47.26537216828478,57.4042608809306,75.34727193554312,277.0,full,usable,2026-08-14,conditional,71.71,100.0,,,67.0,70.0,62.0,100.0,2.2.0,c8f1bf1665a8c5dfb834c0571e7dd5f6b6e5ccd00eab00295338bd42cfde549b
TREX,"Trex Company, Inc. Common Stock",nasdaqtrader:N:TREX,SECURITY:TREX:nasdaqtrader:N:TREX,,common_equity,eligible,N,,,49.63,65.0,,93372632.32619049,8.338790657061779,28.608447784400106,16.365767878077374,-24.608840953972344,23.64615384615384,42.90830331737909,277.0,full,usable,2026-08-14,conditional,78.86,100.0,,,51.0,92.0,80.0,100.0,2.2.0,c8f1bf1665a8c5dfb834c0571e7dd5f6b6e5ccd00eab00295338bd42cfde549b
TRGP,"Targa Resources, Inc. Common Stock",nasdaqtrader:N:TRGP,SECURITY:TRGP:nasdaqtrader:N:TRGP,,common_equity,eligible,N,,,275.79,285.58,,323512897.9266667,-1.5984586291789893,3.106774338268292,26.358471547695416,65.40122346167688,3.4281112122697577,33.49494326667089,277.0,full,usable,2026-08-14,conditional,61.86,100.0,,,85.0,10.0,92.0,100.0,2.2.0,c8f1bf1665a8c5dfb834c0571e7dd5f6b6e5ccd00eab00295338bd42cfde549b
TRGS,TRG Latin America Acquisitions Corp. - Class A Ordinary Shares,nasdaqtrader:Q:TRGS,NAMECLASS:TRG LATIN AMERICA ACQUISITIONS CORP,,common_equity,eligible,Q,,,9.92,9.95,,424704.13095238095,0.20202020202020332,0.5065856129685908,,,0.3015075376884391,2.074387237904411,82.0,insufficient,usable,2026-08-14,rejected,,71.43,,,,10.0,0.0,88.0,2.2.0,c8f1bf1665a8c5dfb834c0571e7dd5f6b6e5ccd00eab00295338bd42cfde549b
TRI,Thomson Reuters Corp - Common Shares,nasdaqtrader:Q:TRI,SECURITY:TRI:nasdaqtrader:Q:TRI,,common_equity,eligible,Q,,,103.61,181.57,,187780627.39444444,4.847196923699659,31.08552631578947,18.764328289775346,-39.89790591101572,42.93660847056232,66.33786575160877,277.0,full,usable,2026-08-14,conditional,80.79,100.0,,,45.0,95.0,92.0,100.0,2.2.0,c8f1bf1665a8c5dfb834c0571e7dd5f6b6e5ccd00eab00295338bd42cfde549b
TRIN,Trinity Capital Inc. Common Stock,nasdaqtrader:N:TRIN,SECURITY:TRIN:nasdaqtrader:N:TRIN,,common_equity,eligible,N,,,18.14,18.43,,18441970.208412696,1.3407821229050487,6.081871345029244,15.321042593769874,12.531017369727039,1.5735214324470892,25.007541591706616,277.0,full,usable,2026-08-14,conditional,47.43,100.0,,,57.0,10.0,62.0,100.0,2.2.0,c8f1bf1665a8c5dfb834c0571e7dd5f6b6e5ccd00eab00295338bd42cfde549b
TRIP,"TripAdvisor, Inc. - Common Stock",nasdaqtrader:Q:TRIP,SECURITY:TRIP:nasdaqtrader:Q:TRIP,,common_equity,eligible,Q,,,10.74,19.14,,47853671.165158734,-27.871054398925455,11.875000000000014,4.069767441860472,-40.92409240924092,43.887147335423194,95.60882101145047,277.0,full,usable,2026-08-14,conditional,81.07,100.0,,,55.0,95.0,80.0,100.0,2.2.0,c8f1bf1665a8c5dfb834c0571e7dd5f6b6e5ccd00eab00295338bd42cfde549b
TRLV,Trulieve Cannabis Corp. Subordinate Voting Shares,qrgf-resolution-required:N:TRLV,SECURITY:TRLV:qrgf-resolution-required:N:TRLV,,common_equity,eligible,N,,,9.65,11.55,,12004692.008913042,14.744351961950052,,,,16.45021645021645,58.88856856017999,46.0,insufficient,usable,2026-08-14,recheck,,71.43,,,,82.0,62.0,76.0,2.2.0,c8f1bf1665a8c5dfb834c0571e7dd5f6b6e5ccd00eab00295338bd42cfde549b
TRMB,Trimble Inc. - Common Stock,nasdaqtrader:Q:TRMB,SECURITY:TRMB:nasdaqtrader:Q:TRMB,,common_equity,eligible,Q,,,57.6,83.67,,161560580.67444444,7.162790697674426,3.299856527977041,-12.740493864565982,-31.810110098259734,31.15812119039082,38.17666783899672,277.0,full,usable,2026-08-14,conditional,86.0,100.0,,,67.0,92.0,92.0,100.0,2.2.0,c8f1bf1665a8c5dfb834c0571e7dd5f6b6e5ccd00eab00295338bd42cfde549b
TRMD,TORM plc - Class A Common Stock,nasdaqtrader:Q:TRMD,NAMECLASS:TORM PLC,,common_equity,eligible,Q,,,30.08,34.87,,21914652.170238093,2.3129251700680253,-4.689480354879594,20.464557468962763,57.7346617724174,13.736736449670206,32.884642696884924,277.0,full,usable,2026-08-14,conditional,81.14,100.0,,,85.0,82.0,62.0,100.0,2.2.0,c8f1bf1665a8c5dfb834c0571e7dd5f6b6e5ccd00eab00295338bd42cfde549b
TRMK,Trustmark Corporation - Common Stock,nasdaqtrader:Q:TRMK,SECURITY:TRMK:nasdaqtrader:Q:TRMK,,common_equity,eligible,Q,,,48.29,48.52,,19955878.924761906,1.3218631976500195,10.35191956124315,9.774948852011821,22.906592008144578,0.47403132728772723,16.378631293173513,277.0,full,usable,2026-08-14,conditional,52.57,100.0,,,75.0,10.0,62.0,100.0,2.2.0,c8f1bf1665a8c5dfb834c0571e7dd5f6b6e5ccd00eab00295338bd42cfde549b
TRN,"Trinity Industries, Inc. Common Stock",nasdaqtrader:N:TRN,SECURITY:TRN:nasdaqtrader:N:TRN,,common_equity,eligible,N,,,29.59,38.07,,26874820.12952381,-20.307029356315653,-16.128117913832206,-14.430306535569692,2.4584487534626165,22.27475702653008,49.857860319106614,277.0,full,usable,2026-08-14,conditional,86.86,100.0,,,79.0,92.0,80.0,100.0,2.2.0,c8f1bf1665a8c5dfb834c0571e7dd5f6b6e5ccd00eab00295338bd42cfde549b
TRNO,Terreno Realty Corporation Common Stock,nasdaqtrader:N:TRNO,SECURITY:TRNO:nasdaqtrader:N:TRNO,,common_equity,eligible,N,,,68.22,75.08,,61529539.04269841,-9.13692061800746,3.819814335717564,5.767441860465117,25.03665689149559,9.13692061800746,22.80572675052122,277.0,full,usable,2026-08-14,conditional,85.57,100.0,,,87.0,82.0,80.0,100.0,2.2.0,c8f1bf1665a8c5dfb834c0571e7dd5f6b6e5ccd00eab00295338bd42cfde549b
TRNR,Interactive Strength Inc. - Common Stock,nasdaqtrader:Q:TRNR,SECURITY:TRNR:nasdaqtrader:Q:TRNR,,common_equity,eligible,Q,,,3.57,312.2,,1275106.7720158729,18.60465116279071,-50.0,-86.1842105263158,-98.84875846501129,98.85650224215247,118.47778621145117,277.0,full,usable,2026-08-14,rejected,27.86,100.0,,,10.0,30.0,0.0,100.0,2.2.0,c8f1bf1665a8c5dfb834c0571e7dd5f6b6e5ccd00eab00295338bd42cfde549b
TRNS,"Transcat, Inc. - Common Stock",nasdaqtrader:Q:TRNS,SECURITY:TRNS:nasdaqtrader:Q:TRNS,,common_equity,eligible,Q,,,93.7,97.76,,14980588.196031746,4.366228558699037,21.122026887280242,23.517005009227532,9.131143722338697,4.1530278232405955,44.24457024146559,277.0,full,usable,2026-08-14,conditional,47.43,100.0,,,57.0,10.0,62.0,100.0,2.2.0,c8f1bf1665a8c5dfb834c0571e7dd5f6b6e5ccd00eab00295338bd42cfde549b
TRON,Tron Inc. - Common Stock,nasdaqtrader:Q:TRON,SECURITY:TRON:nasdaqtrader:Q:TRON,,common_equity,eligible,Q,,,1.52,6.98,,1135649.334126984,8.571428571428585,-30.593607305936064,24.590163934426236,-78.77094972067039,78.22349570200574,67.43742637253399,277.0,full,usable,2026-08-14,rejected,35.57,100.0,,,37.0,30.0,0.0,100.0,2.2.0,c8f1bf1665a8c5dfb834c0571e7dd5f6b6e5ccd00eab00295338bd42cfde549b
TROO,"TROOPS, Inc.  - Ordinary Shares",nasdaqtrader:Q:TROO,SECURITY:TROO:nasdaqtrader:Q:TROO,,common_equity,eligible,Q,,,1.99,5.02,,996814.9916666667,-9.1324200913242,-52.73159144893111,-47.90575916230366,140.1061776061776,60.358565737051784,82.6823682017835,277.0,full,usable,2026-08-14,rejected,63.0,100.0,,,83.0,70.0,0.0,100.0,2.2.0,c8f1bf1665a8c5dfb834c0571e7dd5f6b6e5ccd00eab00295338bd42cfde549b
TROW,"T. Rowe Price Group, Inc. - Common Stock",nasdaqtrader:Q:TROW,SECURITY:TROW:nasdaqtrader:Q:TROW,,common_equity,eligible,Q,,,110.56,121.68,,232708836.33476192,-6.990830318835705,7.958207206327517,18.677544010304857,0.5547976352887618,9.138724523339913,30.96332376002816,277.0,full,usable,2026-08-14,conditional,79.57,100.0,,,57.0,82.0,92.0,100.0,2.2.0,c8f1bf1665a8c5dfb834c0571e7dd5f6b6e5ccd00eab00295338bd42cfde549b
TROX,Tronox Holdings plc Ordinary Shares (UK),nasdaqtrader:N:TROX,SECURITY:TROX:nasdaqtrader:N:TROX,,common_equity,eligible,N,,,5.96,10.48,,19072487.19952381,3.2928942807625816,-30.21077283372364,-24.173027989821882,59.35828877005347,43.12977099236641,73.95824919966813,277.0,full,usable,2026-08-14,conditional,88.64,100.0,,,95.0,95.0,62.0,100.0,2.2.0,c8f1bf1665a8c5dfb834c0571e7dd5f6b6e5ccd00eab00295338bd42cfde549b
TRP,TC Energy Corporation Common Stock,nasdaqtrader:N:TRP,SECURITY:TRP:nasdaqtrader:N:TRP,,common_equity,eligible,N,,,64.02,70.91,,168708423.96301588,-8.412017167381991,-6.0463751100675145,4.26710097719869,25.455614344503232,9.716542095614155,21.04603601796249,277.0,full,usable,2026-08-14,conditional,88.14,100.0,,,87.0,82.0,92.0,100.0,2.2.0,c8f1bf1665a8c5dfb834c0571e7dd5f6b6e5ccd00eab00295338bd42cfde549b
TRS,TriMas Corporation - Common Stock,nasdaqtrader:Q:TRS,SECURITY:TRS:nasdaqtrader:Q:TRS,,common_equity,eligible,Q,,,38.94,45.03,,19113135.7831746,-4.792176039119811,-2.5769326995246478,8.923076923076923,3.9231385108086547,13.524317121918727,24.710134772620307,277.0,full,usable,2026-08-14,conditional,79.43,100.0,,,79.0,82.0,62.0,100.0,2.2.0,c8f1bf1665a8c5dfb834c0571e7dd5f6b6e5ccd00eab00295338bd42cfde549b
TRSG,Tungray Technologies Inc - Class A Ordinary Shares,nasdaqtrader:Q:TRSG,NAMECLASS:TUNGRAY TECHNOLOGIES INC,,common_equity,eligible,Q,,,1.4559,1.76,,13970.406596825396,-7.854430379746846,11.443661971830977,26.6,-12.295180722891564,17.278409090909097,54.243223546091535,277.0,full,usable,2026-08-14,rejected,58.14,100.0,,,51.0,82.0,0.0,100.0,2.2.0,c8f1bf1665a8c5dfb834c0571e7dd5f6b6e5ccd00eab00295338bd42cfde549b
TRST,TrustCo Bank Corp NY - Common Stock,nasdaqtrader:Q:TRST,SECURITY:TRST:nasdaqtrader:Q:TRST,,common_equity,eligible,Q,,,57.35,57.78,,6673276.192619047,3.445165945165951,16.94535073409462,26.628394789136678,61.50380174598706,0.7442021460713044,19.79331568905008,277.0,full,usable,2026-08-14,conditional,52.0,100.0,,,73.0,10.0,62.0,100.0,2.2.0,c8f1bf1665a8c5dfb834c0571e7dd5f6b6e5ccd00eab00295338bd42cfde549b
TRT,Trio-Tech International Common Stock,nasdaqtrader:A:TRT,SECURITY:TRT:nasdaqtrader:A:TRT,,common_equity,eligible,A,,,11.46,20.05,,10276064.936825396,9.665071770334954,-18.25962910128387,102.83185840707966,311.49012567324957,42.8428927680798,92.81817096353095,277.0,full,usable,2026-08-14,conditional,85.79,100.0,,,85.0,95.0,62.0,100.0,2.2.0,c8f1bf1665a8c5dfb834c0571e7dd5f6b6e5ccd00eab00295338bd42cfde549b
TRTX,"TPG RE Finance Trust, Inc. Common Stock",nasdaqtrader:N:TRTX,SECURITY:TRTX:nasdaqtrader:N:TRTX,,common_equity,eligible,N,,,7.93,9.72,,6060493.496984127,-9.578107183580386,-3.762135922330101,-10.29411764705882,-13.616557734204793,18.415637860082313,21.927961974693428,277.0,full,usable,2026-08-14,conditional,77.71,100.0,,,73.0,82.0,62.0,100.0,2.2.0,c8f1bf1665a8c5dfb834c0571e7dd5f6b6e5ccd00eab00295338bd42cfde549b
TRU,TransUnion Common Stock,nasdaqtrader:N:TRU,SECURITY:TRU:nasdaqtrader:N:TRU,,common_equity,eligible,N,,,80.48,93.71,,175268714.69142857,-0.30967422271770406,21.607736476276806,13.65626323965541,-13.247817182278743,14.118023690107773,40.30340460202485,277.0,full,usable,2026-08-14,conditional,80.71,100.0,,,61.0,82.0,92.0,100.0,2.2.0,c8f1bf1665a8c5dfb834c0571e7dd5f6b6e5ccd00eab00295338bd42cfde549b
TRUG,"TruGolf Holdings, Inc. - Class A Common Stock",nasdaqtrader:Q:TRUG,NAMECLASS:TRUGOLF HOLDINGS INC,,common_equity,eligible,Q,,,0.9695,44.0,,567696.3469444445,-17.136752136752133,-45.22598870056497,-88.0750307503075,-97.89239130434783,97.79659090909091,102.73352808224834,277.0,full,usable,2026-08-14,rejected,27.86,100.0,,,10.0,30.0,0.0,100.0,2.2.0,c8f1bf1665a8c5dfb834c0571e7dd5f6b6e5ccd00eab00295338bd42cfde549b
TRUP,"Trupanion, Inc. - Common Stock",nasdaqtrader:Q:TRUP,SECURITY:TRUP:nasdaqtrader:Q:TRUP,,common_equity,eligible,Q,,,30.6,49.49,,11128458.251904761,16.129032258064523,36.85152057245082,-4.791537025513382,-39.35790725326992,38.16932713679532,66.99666560836451,277.0,full,usable,2026-08-14,conditional,77.21,100.0,,,55.0,95.0,62.0,100.0,2.2.0,c8f1bf1665a8c5dfb834c0571e7dd5f6b6e5ccd00eab00295338bd42cfde549b
TRV,"The Travelers Companies, Inc. Common Stock",nasdaqtrader:N:TRV,SECURITY:TRV:nasdaqtrader:N:TRV,,common_equity,eligible,N,,,370.36,397.22,,654636153.5028571,9.632348588005456,24.161051325890902,24.52005513902431,37.52692164871889,6.761995871305581,34.494702704448066,277.0,full,usable,2026-08-14,conditional,64.29,100.0,,,65.0,28.0,100.0,100.0,2.2.0,c8f1bf1665a8c5dfb834c0571e7dd5f6b6e5ccd00eab00295338bd42cfde549b
TRVG,trivago N.V. - American Depositary Shares,nasdaqtrader:Q:TRVG,SECURITY:TRVG:nasdaqtrader:Q:TRVG,,adr,eligible,Q,,,5.1,5.64,,467213.0388888889,-7.272727272727275,72.29729729729728,76.47058823529409,47.39884393063583,9.57446808510638,38.17829430967197,277.0,full,usable,2026-08-14,rejected,62.14,100.0,,,65.0,82.0,0.0,100.0,2.2.0,c8f1bf1665a8c5dfb834c0571e7dd5f6b6e5ccd00eab00295338bd42cfde549b
TRVI,"Trevi Therapeutics, Inc. - Common Stock",nasdaqtrader:Q:TRVI,SECURITY:TRVI:nasdaqtrader:Q:TRVI,,common_equity,eligible,Q,,,18.46,19.5,,35639451.00769842,6.336405529953915,22.41379310344829,68.73857404021939,142.89473684210526,5.333333333333334,75.91856996503202,277.0,full,usable,2026-08-14,conditional,62.29,100.0,,,73.0,28.0,80.0,100.0,2.2.0,c8f1bf1665a8c5dfb834c0571e7dd5f6b6e5ccd00eab00295338bd42cfde549b
TRX,TRX Gold Corporation Common Stock,nasdaqtrader:A:TRX,SECURITY:TRX:nasdaqtrader:A:TRX,,common_equity,eligible,A,,,1.12,2.18,,2018831.3103000002,61.38328530259369,-6.666666666666654,-28.6624203821656,213.28671328671334,48.62385321100917,86.02816254464692,277.0,full,usable,2026-08-14,conditional,85.0,100.0,,,95.0,95.0,45.0,100.0,2.2.0,c8f1bf1665a8c5dfb834c0571e7dd5f6b6e5ccd00eab00295338bd42cfde549b
TS,Tenaris S.A. American Depositary Shares,nasdaqtrader:N:TS,SECURITY:TS:nasdaqtrader:N:TS,,adr,eligible,N,,,53.58,64.02,,78535287.59714286,-3.8751345532831105,-14.722266433232534,13.806287170773146,48.957464553794836,16.307403936269914,30.10001288586512,277.0,full,usable,2026-08-14,conditional,85.57,100.0,,,87.0,82.0,80.0,100.0,2.2.0,c8f1bf1665a8c5dfb834c0571e7dd5f6b6e5ccd00eab00295338bd42cfde549b
TSAT,Telesat Corporation - Class A Common Shares and Class B Variable Voting Shares,nasdaqtrader:Q:TSAT,SECURITY:TSAT:nasdaqtrader:Q:TSAT,,common_equity,eligible,Q,,,50.64,61.4,,13394812.406031746,35.148118494795845,-6.06566499721758,92.10925644916541,127.08520179372198,17.524429967426702,126.20983937158294,277.0,full,usable,2026-08-14,conditional,81.14,100.0,,,85.0,82.0,62.0,100.0,2.2.0,c8f1bf1665a8c5dfb834c0571e7dd5f6b6e5ccd00eab00295338bd42cfde549b
TSBK,"Timberland Bancorp, Inc. - Common Stock",nasdaqtrader:Q:TSBK,SECURITY:TSBK:nasdaqtrader:Q:TSBK,,common_equity,eligible,Q,,,46.05,46.42,,1544466.7095238096,2.6298194784934337,16.287878787878785,17.086193745232634,37.709330143540676,0.797070228349861,19.640773051701583,277.0,full,usable,2026-08-14,rejected,36.43,100.0,,,65.0,10.0,0.0,100.0,2.2.0,c8f1bf1665a8c5dfb834c0571e7dd5f6b6e5ccd00eab00295338bd42cfde549b
TSCO,Tractor Supply Company - Common Stock,nasdaqtrader:Q:TSCO,SECURITY:TSCO:nasdaqtrader:Q:TSCO,,common_equity,eligible,Q,,,35.83,62.65,,392989988.1263492,15.543373105449842,17.513938996392262,-34.148134534093,-40.013393604553826,42.80925778132482,34.485939165993464,277.0,full,usable,2026-08-14,conditional,83.64,100.0,,,55.0,95.0,92.0,100.0,2.2.0,c8f1bf1665a8c5dfb834c0571e7dd5f6b6e5ccd00eab00295338bd42cfde549b
TSEM,Tower Semiconductor Ltd. - Ordinary Shares,nasdaqtrader:Q:TSEM,SECURITY:TSEM:nasdaqtrader:Q:TSEM,,common_equity,eligible,Q,,,265.48,316.85,,499445240.25920635,11.58372562205785,-5.418789411806612,98.74232669561312,465.5730720068173,16.21271895218558,101.61080802445588,277.0,full,usable,2026-08-14,conditional,87.57,100.0,,,85.0,82.0,92.0,100.0,2.2.0,c8f1bf1665a8c5dfb834c0571e7dd5f6b6e5ccd00eab00295338bd42cfde549b
TSHA,"Taysha Gene Therapies, Inc. - Common Stock",nasdaqtrader:Q:TSHA,SECURITY:TSHA:nasdaqtrader:Q:TSHA,,common_equity,eligible,Q,,,5.95,6.98,,18765887.934206348,-0.335008375209378,-5.5555555555555465,27.956989247311824,96.36963696369638,14.756446991404015,77.83684298977754,277.0,full,usable,2026-08-14,conditional,81.14,100.0,,,85.0,82.0,62.0,100.0,2.2.0,c8f1bf1665a8c5dfb834c0571e7dd5f6b6e5ccd00eab00295338bd42cfde549b
TSLA,"Tesla, Inc.  - Common Stock",nasdaqtrader:Q:TSLA,SECURITY:TSLA:nasdaqtrader:Q:TSLA,,common_equity,eligible,Q,,,342.27,489.88,,16630820874.320316,-12.476346340714983,-22.79043537108054,-17.934639269187425,0.8515528316341614,30.131869029149993,60.44165851267258,277.0,full,usable,2026-08-14,conditional,91.14,100.0,,,79.0,92.0,100.0,100.0,2.2.0,c8f1bf1665a8c5dfb834c0571e7dd5f6b6e5ccd00eab00295338bd42cfde549b
TSLX,"Sixth Street Specialty Lending, Inc. Common Stock",nasdaqtrader:N:TSLX,SECURITY:TSLX:nasdaqtrader:N:TSLX,,common_equity,eligible,N,,,18.77,24.77,,10758685.184920635,5.985319028797287,4.801786711334444,-6.709741550695836,-22.788975730152195,24.22285022204279,28.17576578378571,277.0,full,usable,2026-08-14,conditional,81.29,100.0,,,73.0,92.0,62.0,100.0,2.2.0,c8f1bf1665a8c5dfb834c0571e7dd5f6b6e5ccd00eab00295338bd42cfde549b
TSM,Taiwan Semiconductor Manufacturing Company Ltd.,qrgf-resolution-required:N:TSM,SECURITY:TSM:qrgf-resolution-required:N:TSM,,common_equity,eligible,N,,,426.35,477.57,,5767694216.488095,4.053790208424868,2.0659772096141005,15.824504210812274,76.58631544068922,10.725129300416691,40.9623142417842,277.0,full,usable,2026-08-14,conditional,89.29,100.0,,,85.0,82.0,100.0,100.0,2.2.0,c8f1bf1665a8c5dfb834c0571e7dd5f6b6e5ccd00eab00295338bd42cfde549b
TSN,"Tyson Foods, Inc. Common Stock",nasdaqtrader:N:TSN,SECURITY:TSN:nasdaqtrader:N:TSN,,common_equity,eligible,N,,,58.17,68.75,,196757907.38333333,0.5879301400657067,-12.736273627362726,-8.118780603380193,0.832033281331257,15.389090909090907,27.595871785165123,277.0,full,usable,2026-08-14,conditional,85.86,100.0,,,79.0,82.0,92.0,100.0,2.2.0,c8f1bf1665a8c5dfb834c0571e7dd5f6b6e5ccd00eab00295338bd42cfde549b
TSQ,"Townsquare Media, Inc. Class A Common Stock",nasdaqtrader:N:TSQ,NAMECLASS:TOWNSQUARE MEDIA INC,,common_equity,eligible,N,,,5.7,7.71,,445143.5568253968,-15.43026706231454,-11.627906976744185,-15.555555555555555,-18.338108882521496,26.070038910505833,46.162059043569045,277.0,full,usable,2026-08-14,rejected,68.0,100.0,,,73.0,92.0,0.0,100.0,2.2.0,c8f1bf1665a8c5dfb834c0571e7dd5f6b6e5ccd00eab00295338bd42cfde549b
TSSI,"TSS, Inc. - Common Stock",nasdaqtrader:Q:TSSI,SECURITY:TSSI:nasdaqtrader:Q:TSSI,,common_equity,eligible,Q,,,9.68,20.42,,13616638.08857143,-1.8255578093306246,-14.487632508833926,20.848938826466924,-45.7703081232493,52.595494613124394,99.10384506414148,277.0,full,usable,2026-08-14,conditional,68.86,100.0,,,57.0,70.0,62.0,100.0,2.2.0,c8f1bf1665a8c5dfb834c0571e7dd5f6b6e5ccd00eab00295338bd42cfde549b
TT,Trane Technologies plc,qrgf-resolution-required:N:TT,SECURITY:TT:qrgf-resolution-required:N:TT,,common_equity,eligible,N,,,480.2,503.46,,613980938.1457143,1.0947368421052595,-0.3051881993896277,4.289282223911384,10.42380481523213,4.620029396575697,27.12114557462371,277.0,full,usable,2026-08-14,conditional,61.86,100.0,,,79.0,10.0,100.0,100.0,2.2.0,c8f1bf1665a8c5dfb834c0571e7dd5f6b6e5ccd00eab00295338bd42cfde549b
TTAM,Titan America SA Common Shares,nasdaqtrader:N:TTAM,SECURITY:TTAM:nasdaqtrader:N:TTAM,,common_equity,eligible,N,,,16.04,19.32,,4704763.126349206,-7.816091954022985,-1.6554261189454245,-12.061403508771928,1.454775458570512,16.97722567287785,40.30665259587556,277.0,full,usable,2026-08-14,conditional,75.79,100.0,,,79.0,82.0,45.0,100.0,2.2.0,c8f1bf1665a8c5dfb834c0571e7dd5f6b6e5ccd00eab00295338bd42cfde549b
TTAN,"ServiceTitan, Inc. - Class A Common Stock",nasdaqtrader:Q:TTAN,NAMECLASS:SERVICETITAN INC,,common_equity,eligible,Q,,,90.4,119.62,,120818246.24214286,19.735099337748352,58.180227471566056,47.760706113108874,-11.796272807103126,24.427353285403775,56.051641432143086,277.0,full,usable,2026-08-14,conditional,81.43,100.0,,,51.0,92.0,92.0,100.0,2.2.0,c8f1bf1665a8c5dfb834c0571e7dd5f6b6e5ccd00eab00295338bd42cfde549b
TTC,Toro Company (The) Common Stock,nasdaqtrader:N:TTC,SECURITY:TTC:nasdaqtrader:N:TTC,,common_equity,eligible,N,,,98.38,101.76,,72883929.67587301,2.5753310395162154,9.970936731500114,-0.05079752108098079,27.270375161707626,3.3215408805031488,28.272146253656082,277.0,full,usable,2026-08-14,conditional,56.43,100.0,,,75.0,10.0,80.0,100.0,2.2.0,c8f1bf1665a8c5dfb834c0571e7dd5f6b6e5ccd00eab00295338bd42cfde549b
TTD,"The Trade Desk, Inc. - Class A Common Stock",nasdaqtrader:Q:TTD,NAMECLASS:THE TRADE DESK INC,,common_equity,eligible,Q,,,14.14,55.36,,412101061.22507936,-26.04602510460251,-30.7202351788339,-45.90665646518745,-73.98822663723325,74.45809248554913,88.84809557868873,277.0,full,usable,2026-08-14,conditional,58.14,100.0,,,47.0,30.0,92.0,100.0,2.2.0,c8f1bf1665a8c5dfb834c0571e7dd5f6b6e5ccd00eab00295338bd42cfde549b
TTE,TotalEnergies SE Ordinary Shares,nasdaqtrader:N:TTE,SECURITY:TTE:nasdaqtrader:N:TTE,,common_equity,eligible,N,,,88.33,93.6,,129753890.51777777,12.065465617863502,-3.380004375410195,16.04046242774566,43.930259084243126,5.630341880341872,26.625161621346944,277.0,full,usable,2026-08-14,conditional,66.0,100.0,,,77.0,28.0,92.0,100.0,2.2.0,c8f1bf1665a8c5dfb834c0571e7dd5f6b6e5ccd00eab00295338bd42cfde549b
TTEC,"TTEC Holdings, Inc. - Common Stock",nasdaqtrader:Q:TTEC,SECURITY:TTEC:nasdaqtrader:Q:TTEC,,common_equity,eligible,Q,,,1.58,3.88,,1241715.7794444445,-29.464285714285722,-37.05179282868525,-28.181818181818187,-58.63874345549738,59.278350515463906,116.99867558379727,277.0,full,usable,2026-08-14,rejected,58.43,100.0,,,67.0,70.0,0.0,100.0,2.2.0,c8f1bf1665a8c5dfb834c0571e7dd5f6b6e5ccd00eab00295338bd42cfde549b
TTEK,"Tetra Tech, Inc. - Common Stock",nasdaqtrader:Q:TTEK,SECURITY:TTEK:nasdaqtrader:Q:TTEK,,common_equity,eligible,Q,,,36.51,42.61,,100450077.95682539,13.986887293162642,39.35114503816794,2.383623107122834,-1.6698087799623118,14.315888289134005,32.097382697098936,277.0,full,usable,2026-08-14,conditional,80.71,100.0,,,61.0,82.0,92.0,100.0,2.2.0,c8f1bf1665a8c5dfb834c0571e7dd5f6b6e5ccd00eab00295338bd42cfde549b
TTGT,"TechTarget, Inc. - Common Stock",nasdaqtrader:Q:TTGT,SECURITY:TTGT:nasdaqtrader:Q:TTGT,,common_equity,eligible,Q,,,3.85,6.98,,1695409.454206349,2.941176470588225,-21.985815602836865,-25.387596899224807,-36.573311367380555,44.84240687679083,80.6659609405901,277.0,full,usable,2026-08-14,rejected,67.36,100.0,,,67.0,95.0,0.0,100.0,2.2.0,c8f1bf1665a8c5dfb834c0571e7dd5f6b6e5ccd00eab00295338bd42cfde549b
TTI,"Tetra Technologies, Inc. Common Stock",nasdaqtrader:N:TTI,SECURITY:TTI:nasdaqtrader:N:TTI,,common_equity,eligible,N,,,8.55,12.32,,16475106.935079364,-5.31561461794019,-20.53903345724907,-19.18714555765595,118.1122448979592,30.600649350649345,56.945451780237796,277.0,full,usable,2026-08-14,conditional,87.57,100.0,,,95.0,92.0,62.0,100.0,2.2.0,c8f1bf1665a8c5dfb834c0571e7dd5f6b6e5ccd00eab00295338bd42cfde549b
TTMI,"TTM Technologies, Inc. - Common Stock",nasdaqtrader:Q:TTMI,SECURITY:TTMI:nasdaqtrader:Q:TTMI,,common_equity,eligible,Q,,,140.0,221.47,,468482406.9947619,7.576456124173969,-18.543084889742246,51.630022744503414,211.3879003558719,36.786020680001805,93.04650344838254,277.0,full,usable,2026-08-14,conditional,92.21,100.0,,,85.0,95.0,92.0,100.0,2.2.0,c8f1bf1665a8c5dfb834c0571e7dd5f6b6e5ccd00eab00295338bd42cfde549b
TTRX,Turn Therapeutics Inc. - Common Stock,nasdaqtrader:Q:TTRX,SECURITY:TTRX:nasdaqtrader:Q:TTRX,,common_equity,eligible,Q,,,9.57,10.54,,676310.7224603174,5.980066445182741,138.05970149253736,166.94560669456067,,9.20303605313092,113.51739079665177,214.0,limited_but_usable,usable,2026-08-14,rejected,54.14,100.0,,,37.0,82.0,0.0,100.0,2.2.0,c8f1bf1665a8c5dfb834c0571e7dd5f6b6e5ccd00eab00295338bd42cfde549b
TTWO,"Take-Two Interactive Software, Inc. - Common Stock",nasdaqtrader:Q:TTWO,SECURITY:TTWO:nasdaqtrader:Q:TTWO,,common_equity,eligible,Q,,,246.95,262.29,,612761377.384365,3.080519263680759,1.8728600305267795,29.72788400924562,4.5777928347590535,5.848488314461109,35.16165608432402,277.0,full,usable,2026-08-14,conditional,65.43,100.0,,,69.0,28.0,100.0,100.0,2.2.0,c8f1bf1665a8c5dfb834c0571e7dd5f6b6e5ccd00eab00295338bd42cfde549b
TU,Telus Corporation Ordinary Shares,nasdaqtrader:N:TU,SECURITY:TU:nasdaqtrader:N:TU,,common_equity,eligible,N,,,9.76,16.6,,78360277.4688889,-7.837582625118033,-21.16316639741519,-29.935391241923902,-40.012292562999384,41.20481927710844,42.82448011434558,277.0,full,usable,2026-08-14,conditional,84.5,100.0,,,67.0,95.0,80.0,100.0,2.2.0,c8f1bf1665a8c5dfb834c0571e7dd5f6b6e5ccd00eab00295338bd42cfde549b
TULP,"Bloomia Holdings, Inc. - Common Stock",nasdaqtrader:Q:TULP,SECURITY:TULP:nasdaqtrader:Q:TULP,,common_equity,eligible,Q,,,3.61,5.83,,14179.22066984127,2.2662889518413554,-5.249343832021003,-19.239373601789712,-29.901551486436627,38.078902229845625,63.59516516835786,277.0,full,usable,2026-08-14,rejected,67.36,100.0,,,67.0,95.0,0.0,100.0,2.2.0,c8f1bf1665a8c5dfb834c0571e7dd5f6b6e5ccd00eab00295338bd42cfde549b
TURB,"Turbo Energy, S.A. - American Depositary Shares",nasdaqtrader:Q:TURB,SECURITY:TURB:nasdaqtrader:Q:TURB,,adr,eligible,Q,,,1.3,12.4,,1016852.1411111112,-12.16216216216216,13.043478260869579,85.68775889158692,-43.475803295795465,89.51612903225806,68.1696261626536,277.0,full,usable,2026-08-14,rejected,37.86,100.0,,,45.0,30.0,0.0,100.0,2.2.0,c8f1bf1665a8c5dfb834c0571e7dd5f6b6e5ccd00eab00295338bd42cfde549b
TUSK,"Mammoth Energy Services, Inc. - Common Stock",nasdaqtrader:Q:TUSK,SECURITY:TUSK:nasdaqtrader:Q:TUSK,,common_equity,eligible,Q,,,3.32,3.84,,1021426.000952381,16.491228070175424,1.5290519877675823,49.54954954954953,36.62551440329216,13.541666666666663,60.918412505018026,277.0,full,usable,2026-08-14,rejected,65.57,100.0,,,77.0,82.0,0.0,100.0,2.2.0,c8f1bf1665a8c5dfb834c0571e7dd5f6b6e5ccd00eab00295338bd42cfde549b
TUYA,"Tuya Inc. American Depositary Shares, each representing one Class A Ordinary Share",nasdaqtrader:N:TUYA,SECURITY:TUYA:nasdaqtrader:N:TUYA,,adr,eligible,N,,,1.82,2.81,,1799359.406984127,4.0000000000000036,-16.129032258064512,-16.51376146788991,-28.627450980392144,35.231316725978644,43.03662679485124,277.0,full,usable,2026-08-14,rejected,67.36,100.0,,,67.0,95.0,0.0,100.0,2.2.0,c8f1bf1665a8c5dfb834c0571e7dd5f6b6e5ccd00eab00295338bd42cfde549b
TV,Grupo Televisa S.A.B. Common Stock,nasdaqtrader:N:TV,SECURITY:TV:nasdaqtrader:N:TV,,common_equity,eligible,N,,,2.9,3.44,,2540253.057142857,7.407407407407396,2.8368794326241176,-11.85410334346505,21.84873949579833,15.697674418604656,27.11806080360243,277.0,full,usable,2026-08-14,conditional,78.07,100.0,,,87.0,82.0,45.0,100.0,2.2.0,c8f1bf1665a8c5dfb834c0571e7dd5f6b6e5ccd00eab00295338bd42cfde549b
TVC,Tennessee Valley Authority Common Stock,nasdaqtrader:N:TVC,SECURITY:TVC:nasdaqtrader:N:TVC,,common_equity,eligible,N,,,24.08,24.53,,444000.7792206349,0.5847953216374213,-0.33112582781458233,-1.1088295687885164,0.24979184013320666,1.8344883815735957,2.5004260745365237,277.0,full,usable,2026-08-14,rejected,40.43,100.0,,,79.0,10.0,0.0,100.0,2.2.0,c8f1bf1665a8c5dfb834c0571e7dd5f6b6e5ccd00eab00295338bd42cfde549b
TVE,Tennessee Valley Authority,qrgf-resolution-required:N:TVE,SECURITY:TVE:qrgf-resolution-required:N:TVE,,common_equity,eligible,N,,,23.52,24.69,,222305.12372698414,-0.21213406873143992,-0.3811944091486663,-3.5670356703567108,-0.75949367088608,4.73876063183476,4.101081060665944,277.0,full,usable,2026-08-14,rejected,38.71,100.0,,,73.0,10.0,0.0,100.0,2.2.0,c8f1bf1665a8c5dfb834c0571e7dd5f6b6e5ccd00eab00295338bd42cfde549b
TVRD,"Tvardi Therapeutics, Inc. - Common Stock",nasdaqtrader:Q:TVRD,SECURITY:TVRD:nasdaqtrader:Q:TVRD,,common_equity,eligible,Q,,,1.9,42.98,,8217516.901587302,-38.31168831168832,-52.02020202020202,-48.924731182795696,-91.9966301600674,95.5793392275477,223.78086602803248,277.0,full,usable,2026-08-14,conditional,48.29,100.0,,,35.0,30.0,62.0,100.0,2.2.0,c8f1bf1665a8c5dfb834c0571e7dd5f6b6e5ccd00eab00295338bd42cfde549b
TVTX,"Travere Therapeutics, Inc. - Common Stock",nasdaqtrader:Q:TVTX,SECURITY:TVTX:nasdaqtrader:Q:TVTX,,common_equity,eligible,Q,,,62.14,62.76,,100933544.87984127,12.409551374819095,40.90702947845806,103.07189542483658,244.26592797783934,0.9878903760356827,42.68438043365598,277.0,full,usable,2026-08-14,conditional,58.43,100.0,,,73.0,10.0,92.0,100.0,2.2.0,c8f1bf1665a8c5dfb834c0571e7dd5f6b6e5ccd00eab00295338bd42cfde549b
TW,Tradeweb Markets Inc. - Class A Common Stock,nasdaqtrader:Q:TW,NAMECLASS:TRADEWEB MARKETS INC,,common_equity,eligible,Q,,,106.29,130.55,,179670841.09238094,5.04002371775869,-3.1790854436144933,-8.378588052754077,-18.66391184573003,18.582918422060512,39.42078125478318,277.0,full,usable,2026-08-14,conditional,84.14,100.0,,,73.0,82.0,92.0,100.0,2.2.0,c8f1bf1665a8c5dfb834c0571e7dd5f6b6e5ccd00eab00295338bd42cfde549b
TWAV,"TaoWeave, Inc. - Common Stock",nasdaqtrader:Q:TWAV,SECURITY:TWAV:nasdaqtrader:Q:TWAV,,common_equity,eligible,Q,,,1.27,3.69,,1869770.070952381,7.6271186440677985,-16.447368421052634,40.26949414623371,-67.26804123711341,65.58265582655827,76.23972735693656,277.0,full,usable,2026-08-14,rejected,41.29,100.0,,,57.0,30.0,0.0,100.0,2.2.0,c8f1bf1665a8c5dfb834c0571e7dd5f6b6e5ccd00eab00295338bd42cfde549b
TWFG,"TWFG, Inc. - Common Stock",nasdaqtrader:Q:TWFG,SECURITY:TWFG:nasdaqtrader:Q:TWFG,,common_equity,eligible,Q,,,26.77,29.41,,4195637.487777778,0.9046362608367886,51.32843414358392,31.35426889106967,-5.5731922398589155,8.976538592315542,40.4079408904385,277.0,full,usable,2026-08-14,conditional,67.79,100.0,,,51.0,82.0,45.0,100.0,2.2.0,c8f1bf1665a8c5dfb834c0571e7dd5f6b6e5ccd00eab00295338bd42cfde549b
TWG,Top Wealth Group Holding Limited - Class A Ordinary Shares,nasdaqtrader:Q:TWG,NAMECLASS:TOP WEALTH GROUP HOLDING LIMITED,,common_equity,eligible,Q,,,1.15,22.01,,82582.25848253969,-52.674897119341566,-64.75203825170111,-71.39303482587064,-85.1228978007762,94.77510222626078,98.40224576200262,277.0,full,usable,2026-08-14,rejected,32.14,100.0,,,25.0,30.0,0.0,100.0,2.2.0,c8f1bf1665a8c5dfb834c0571e7dd5f6b6e5ccd00eab00295338bd42cfde549b
TWI,"Titan International, Inc. (DE) Common Stock",nasdaqtrader:N:TWI,SECURITY:TWI:nasdaqtrader:N:TWI,,common_equity,eligible,N,,,6.9,11.4,,3907024.975238095,-11.98979591836734,-11.311053984575835,-37.499999999999986,-22.297297297297302,39.473684210526315,41.68998459459306,277.0,full,usable,2026-08-14,conditional,78.71,100.0,,,73.0,95.0,45.0,100.0,2.2.0,c8f1bf1665a8c5dfb834c0571e7dd5f6b6e5ccd00eab00295338bd42cfde549b
TWIN,"Twin Disc, Incorporated - Common Stock",nasdaqtrader:Q:TWIN,SECURITY:TWIN:nasdaqtrader:Q:TWIN,,common_equity,eligible,Q,,,24.54,24.58,,2726011.836666667,10.044843049327357,34.835164835164846,42.50871080139373,173.5785953177257,0.16273393002440573,41.8939640203738,277.0,full,usable,2026-08-14,conditional,48.36,100.0,,,73.0,10.0,45.0,100.0,2.2.0,c8f1bf1665a8c5dfb834c0571e7dd5f6b6e5ccd00eab00295338bd42cfde549b
TWLO,Twilio Inc. Class A Common Stock,nasdaqtrader:N:TWLO,NAMECLASS:TWILIO INC,,common_equity,eligible,N,,,238.2,255.95,,511580694.7214286,15.23947750362844,20.278731569379914,115.74132777828096,134.19526103627965,6.934948232076577,76.65419095040714,277.0,full,usable,2026-08-14,conditional,66.57,100.0,,,73.0,28.0,100.0,100.0,2.2.0,c8f1bf1665a8c5dfb834c0571e7dd5f6b6e5ccd00eab00295338bd42cfde549b
TWLV,Twelve Seas Investment Company III - Class A Ordinary Shares,nasdaqtrader:Q:TWLV,NAMECLASS:TWELVE SEAS INVESTMENT COMPANY III,,common_equity,eligible,Q,,,10.04,11.37,,175442.26825396827,0.5005005005005003,1.2096774193548265,1.0060362173038184,-6.255835667600385,11.69744942832014,1.521373863431552,862.0,full,usable,2026-08-14,rejected,64.43,100.0,,,73.0,82.0,0.0,100.0,2.2.0,c8f1bf1665a8c5dfb834c0571e7dd5f6b6e5ccd00eab00295338bd42cfde549b
TWO,Two Harbors Investment Corp,qrgf-resolution-required:N:TWO,SECURITY:TWO:qrgf-resolution-required:N:TWO,,common_equity,eligible,N,,,12.04,14.1,,27977815.466666665,-0.49586776859504855,-4.444444444444451,10.357470210815766,17.578125,14.609929078014183,4.078383259409808,277.0,full,usable,2026-08-14,conditional,85.57,100.0,,,87.0,82.0,80.0,100.0,2.2.0,c8f1bf1665a8c5dfb834c0571e7dd5f6b6e5ccd00eab00295338bd42cfde549b
TWST,Twist Bioscience Corporation - Common Stock,nasdaqtrader:Q:TWST,SECURITY:TWST:nasdaqtrader:Q:TWST,,common_equity,eligible,Q,,,118.57,125.29,,155433155.50777778,29.968212210895516,123.92823418319168,148.78304657994127,313.8568935427574,5.3635565488067805,84.58557041938134,277.0,full,usable,2026-08-14,conditional,64.86,100.0,,,73.0,28.0,92.0,100.0,2.2.0,c8f1bf1665a8c5dfb834c0571e7dd5f6b6e5ccd00eab00295338bd42cfde549b
TX,"Ternium S.A. Ternium S.A. American Depositary Shares (each representing ten shares, USD1.00 par value)",nasdaqtrader:N:TX,SECURITY:TX:nasdaqtrader:N:TX,,adr,eligible,N,,,53.81,54.89,,28658974.51126984,21.769631138266597,21.82476794204211,20.35338850369046,62.51887647236485,1.9675715066496569,30.34198799274343,277.0,full,usable,2026-08-14,conditional,55.86,100.0,,,73.0,10.0,80.0,100.0,2.2.0,c8f1bf1665a8c5dfb834c0571e7dd5f6b6e5ccd00eab00295338bd42cfde549b
TXG,"10x Genomics, Inc. - Common Stock",nasdaqtrader:Q:TXG,SECURITY:TXG:nasdaqtrader:Q:TXG,,common_equity,eligible,Q,,,56.09,58.57,,126030714.05261904,26.10161870503598,160.64126394052045,220.33123929183324,313.3382461311717,4.234249615844288,83.89917351982002,277.0,full,usable,2026-08-14,conditional,58.43,100.0,,,73.0,10.0,92.0,100.0,2.2.0,c8f1bf1665a8c5dfb834c0571e7dd5f6b6e5ccd00eab00295338bd42cfde549b
TXMD,"TherapeuticsMD, Inc. - Common Stock",nasdaqtrader:Q:TXMD,SECURITY:TXMD:nasdaqtrader:Q:TXMD,,common_equity,eligible,Q,,,2.07,2.77,,75712.42365079366,1.4705882352941124,4.020100502512558,-14.46280991735538,78.44827586206897,25.270758122743686,31.114823041877106,277.0,full,usable,2026-08-14,rejected,74.29,100.0,,,95.0,92.0,0.0,100.0,2.2.0,c8f1bf1665a8c5dfb834c0571e7dd5f6b6e5ccd00eab00295338bd42cfde549b
TXN,Texas Instruments Incorporated - Common Stock,nasdaqtrader:Q:TXN,SECURITY:TXN:nasdaqtrader:Q:TXN,,common_equity,eligible,Q,,,279.58,332.28,,2533896902.396032,-3.996978229517223,-9.277346918908403,25.372197309417043,44.64276475761808,15.86011797279403,38.82388484713328,277.0,full,usable,2026-08-14,conditional,87.0,100.0,,,77.0,82.0,100.0,100.0,2.2.0,c8f1bf1665a8c5dfb834c0571e7dd5f6b6e5ccd00eab00295338bd42cfde549b
TXNM,"TXNM Energy, Inc. Common Stock",nasdaqtrader:N:TXNM,SECURITY:TXNM:nasdaqtrader:N:TXNM,,common_equity,eligible,N,,,57.4,59.48,,83155434.14952381,-0.2952926871634509,-3.2692955847657634,-3.204047217537942,0.6311360448807868,3.4969737726966987,6.0137436959811215,277.0,full,usable,2026-08-14,conditional,57.57,100.0,,,79.0,10.0,80.0,100.0,2.2.0,c8f1bf1665a8c5dfb834c0571e7dd5f6b6e5ccd00eab00295338bd42cfde549b
TXO,"TXO Partners, L.P. Common Units Representing Limited Partner Interests",qrgf-resolution-required:N:TXO,SECURITY:TXO:qrgf-resolution-required:N:TXO,,common_equity,eligible,N,,,13.81,14.67,,2354561.3034920637,5.823754789272018,6.476484194294518,9.690230341540907,-6.245756958587911,5.862304021813225,27.53573217206532,277.0,full,usable,2026-08-14,conditional,51.36,100.0,,,61.0,28.0,45.0,100.0,2.2.0,c8f1bf1665a8c5dfb834c0571e7dd5f6b6e5ccd00eab00295338bd42cfde549b
TXRH,"Texas Roadhouse, Inc. - Common Stock",nasdaqtrader:Q:TXRH,SECURITY:TXRH:nasdaqtrader:Q:TXRH,,common_equity,eligible,Q,,,207.1,214.28,,195533926.3122222,4.834219185016453,16.966000225912126,13.841248900615666,18.228007078837717,3.350756020160539,31.259236972630156,277.0,full,usable,2026-08-14,conditional,59.0,100.0,,,75.0,10.0,92.0,100.0,2.2.0,c8f1bf1665a8c5dfb834c0571e7dd5f6b6e5ccd00eab00295338bd42cfde549b
TXT,Textron Inc. Common Stock,nasdaqtrader:N:TXT,SECURITY:TXT:nasdaqtrader:N:TXT,,common_equity,eligible,N,,,89.0,100.77,,141324973.72444445,-1.8093556928508336,-2.7747432816255246,-9.873417721518985,9.403810694529824,11.680063510965565,33.212227147379316,277.0,full,usable,2026-08-14,conditional,85.86,100.0,,,79.0,82.0,92.0,100.0,2.2.0,c8f1bf1665a8c5dfb834c0571e7dd5f6b6e5ccd00eab00295338bd42cfde549b
TY,Tri Continental Corporation Common Stock,nasdaqtrader:N:TY,SECURITY:TY:nasdaqtrader:N:TY,,common_equity,eligible,N,,,35.94,36.06,,1163789.515079365,2.3348519362186737,3.663109316411872,8.481738605493504,8.187838651414815,0.33277870216307237,9.25786026027625,277.0,full,usable,2026-08-14,rejected,40.43,100.0,,,79.0,10.0,0.0,100.0,2.2.0,c8f1bf1665a8c5dfb834c0571e7dd5f6b6e5ccd00eab00295338bd42cfde549b
TYG,Tortoise Energy Infrastructure Corporation Common Stock,nasdaqtrader:N:TYG,SECURITY:TYG:nasdaqtrader:N:TYG,,common_equity,eligible,N,,,44.29,51.0,,7977717.703809523,1.0956402647797292,-6.125476896990256,-5.322787516032501,2.7610208816705173,13.156862745098042,15.125520751685587,277.0,full,usable,2026-08-14,conditional,79.43,100.0,,,79.0,82.0,62.0,100.0,2.2.0,c8f1bf1665a8c5dfb834c0571e7dd5f6b6e5ccd00eab00295338bd42cfde549b
TYGO,"Tigo Energy, Inc. - Common Stock",nasdaqtrader:Q:TYGO,SECURITY:TYGO:nasdaqtrader:Q:TYGO,,common_equity,eligible,Q,,,1.22,5.16,,3026872.5125396824,-29.885057471264364,-69.80198019801979,-64.0117994100295,-6.153846153846154,76.35658914728683,153.12376679768542,277.0,full,usable,2026-08-14,conditional,49.21,100.0,,,51.0,30.0,45.0,100.0,2.2.0,c8f1bf1665a8c5dfb834c0571e7dd5f6b6e5ccd00eab00295338bd42cfde549b
TYL,"Tyler Technologies, Inc. Common Stock",nasdaqtrader:N:TYL,SECURITY:TYL:nasdaqtrader:N:TYL,,common_equity,eligible,N,,,328.64,573.24,,259747009.51666665,3.924358852733767,9.88364317239534,14.492753623188403,-43.367223849732895,42.66973693391948,46.741555747092676,277.0,full,usable,2026-08-14,conditional,83.64,100.0,,,55.0,95.0,92.0,100.0,2.2.0,c8f1bf1665a8c5dfb834c0571e7dd5f6b6e5ccd00eab00295338bd42cfde549b
TYRA,"Tyra Biosciences, Inc. - Common Stock",nasdaqtrader:Q:TYRA,SECURITY:TYRA:nasdaqtrader:Q:TYRA,,common_equity,eligible,Q,,,25.29,39.61,,25154745.166904762,-19.993672888326476,-30.731306491372223,-13.360739979445025,135.25581395348837,36.15248674577127,78.44841060673892,277.0,full,usable,2026-08-14,conditional,92.5,100.0,,,95.0,95.0,80.0,100.0,2.2.0,c8f1bf1665a8c5dfb834c0571e7dd5f6b6e5ccd00eab00295338bd42cfde549b
TZOO,Travelzoo - Common Stock,nasdaqtrader:Q:TZOO,SECURITY:TZOO:nasdaqtrader:Q:TZOO,,common_equity,eligible,Q,,,7.14,12.11,,1108596.0034126984,-35.09090909090909,-20.93023255813953,34.210526315789465,-31.60919540229885,41.04046242774566,93.35463970558303,277.0,full,usable,2026-08-14,rejected,64.5,100.0,,,57.0,95.0,0.0,100.0,2.2.0,c8f1bf1665a8c5dfb834c0571e7dd5f6b6e5ccd00eab00295338bd42cfde549b
U,Unity Software Inc. Common Stock,nasdaqtrader:N:U,SECURITY:U:nasdaqtrader:N:U,,common_equity,eligible,N,,,46.25,49.47,,306527797.75539684,53.196422656508766,69.53812316715542,135.36895674300257,21.903004744333153,6.508995350717606,59.06748581833515,277.0,full,usable,2026-08-14,conditional,62.57,100.0,,,65.0,28.0,92.0,100.0,2.2.0,c8f1bf1665a8c5dfb834c0571e7dd5f6b6e5ccd00eab00295338bd42cfde549b
UA,"Under Armour, Inc. Class C Common Stock",nasdaqtrader:N:UA,NAMECLASS:UNDER ARMOUR INC,,common_equity,eligible,N,,,5.25,7.88,,19426066.65190476,-25.95204513399153,5.846774193548399,-23.133235724743784,7.14285714285714,33.37563451776649,54.54760644897685,277.0,full,usable,2026-08-14,conditional,79.57,100.0,,,67.0,92.0,62.0,100.0,2.2.0,c8f1bf1665a8c5dfb834c0571e7dd5f6b6e5ccd00eab00295338bd42cfde549b
UAA,"Under Armour, Inc. Class A Common Stock",nasdaqtrader:N:UAA,NAMECLASS:UNDER ARMOUR INC,,common_equity,eligible,N,,,5.36,8.14,,52783890.006349206,-26.06896551724137,5.098039215686279,-23.755334281650065,5.928853754940722,34.15233415233415,54.95461622629121,277.0,full,usable,2026-08-14,conditional,83.43,100.0,,,67.0,92.0,80.0,100.0,2.2.0,c8f1bf1665a8c5dfb834c0571e7dd5f6b6e5ccd00eab00295338bd42cfde549b
UAL,"United Airlines Holdings, Inc. - Common Stock",nasdaqtrader:Q:UAL,SECURITY:UAL:nasdaqtrader:Q:UAL,,common_equity,eligible,Q,,,125.34,136.11,,590455167.4065872,5.496170356030627,30.535305144761526,14.675205855443728,25.603767912616494,7.9127176548380085,39.46350628569479,277.0,full,usable,2026-08-14,conditional,67.14,100.0,,,75.0,28.0,100.0,100.0,2.2.0,c8f1bf1665a8c5dfb834c0571e7dd5f6b6e5ccd00eab00295338bd42cfde549b
UAMY,United States Antimony Corporation Common Stock,nasdaqtrader:N:UAMY,SECURITY:UAMY:nasdaqtrader:N:UAMY,,common_equity,eligible,N,,,5.51,17.47,,56494978.85253968,3.377110694183849,-42.42424242424243,-25.439783491204327,37.406483790523694,68.46021751574128,124.41796142640872,277.0,full,usable,2026-08-14,conditional,67.0,100.0,,,87.0,30.0,80.0,100.0,2.2.0,c8f1bf1665a8c5dfb834c0571e7dd5f6b6e5ccd00eab00295338bd42cfde549b
UAN,"CVR Partners, LP Common Units representing Limited Partner Interests",qrgf-resolution-required:N:UAN,SECURITY:UAN:qrgf-resolution-required:N:UAN,,common_equity,eligible,N,,,123.5,139.0,,5375538.127619048,3.964980217189984,-2.4486571879936747,11.572861143734748,38.28238719068413,11.151079136690644,35.708099203018726,277.0,full,usable,2026-08-14,conditional,81.71,100.0,,,87.0,82.0,62.0,100.0,2.2.0,c8f1bf1665a8c5dfb834c0571e7dd5f6b6e5ccd00eab00295338bd42cfde549b
UAVS,"AgEagle Aerial Systems, Inc. Common Stock",nasdaqtrader:A:UAVS,SECURITY:UAVS:nasdaqtrader:A:UAVS,,common_equity,eligible,A,,,1.09,2.89,,2189013.3166190474,45.00465611281097,-0.909090909090915,9.010901090109025,-49.302325581395344,62.28373702422145,95.74319422864863,277.0,full,usable,2026-08-14,conditional,68.07,100.0,,,67.0,70.0,45.0,100.0,2.2.0,c8f1bf1665a8c5dfb834c0571e7dd5f6b6e5ccd00eab00295338bd42cfde549b
UBCP,"United Bancorp, Inc. - Common Stock",nasdaqtrader:Q:UBCP,SECURITY:UBCP:nasdaqtrader:Q:UBCP,,common_equity,eligible,Q,,,15.45,17.01,,133584.5368904762,3.275401069518713,1.3114754098360715,8.80281690140845,8.80281690140845,9.171075837742515,38.138278120108424,277.0,full,usable,2026-08-14,rejected,66.14,100.0,,,79.0,82.0,0.0,100.0,2.2.0,c8f1bf1665a8c5dfb834c0571e7dd5f6b6e5ccd00eab00295338bd42cfde549b
UBER,"Uber Technologies, Inc. Common Stock",nasdaqtrader:N:UBER,SECURITY:UBER:nasdaqtrader:N:UBER,,common_equity,eligible,N,,,75.95,100.1,,1484307280.9930158,2.5796866558617015,1.6869728209934376,6.641392867172158,-16.38225255972696,24.125874125874113,42.152334917719145,277.0,full,usable,2026-08-14,conditional,89.43,100.0,,,73.0,92.0,100.0,100.0,2.2.0,c8f1bf1665a8c5dfb834c0571e7dd5f6b6e5ccd00eab00295338bd42cfde549b
UBS,UBS Group AG Registered Ordinary Shares,nasdaqtrader:N:UBS,SECURITY:UBS:nasdaqtrader:N:UBS,,common_equity,eligible,N,,,53.63,55.07,,98504145.65412699,0.2429906542056104,15.706580366774547,26.90487458589683,35.25851197982346,2.6148538224078366,24.932303531740544,277.0,full,usable,2026-08-14,conditional,53.57,100.0,,,65.0,10.0,80.0,100.0,2.2.0,c8f1bf1665a8c5dfb834c0571e7dd5f6b6e5ccd00eab00295338bd42cfde549b
UBSI,"United Bankshares, Inc. - Common Stock",nasdaqtrader:Q:UBSI,SECURITY:UBSI:nasdaqtrader:Q:UBSI,,common_equity,eligible,Q,,,49.27,49.37,,44516946.93873016,2.1881157316187894,16.450011817537224,12.028194633924528,30.171730515191552,0.20255215718045783,16.857784866460342,277.0,full,usable,2026-08-14,conditional,56.43,100.0,,,75.0,10.0,80.0,100.0,2.2.0,c8f1bf1665a8c5dfb834c0571e7dd5f6b6e5ccd00eab00295338bd42cfde549b
UCAR,U Power Limited - Class A Ordinary Shares,nasdaqtrader:Q:UCAR,NAMECLASS:U POWER LIMITED,,common_equity,eligible,Q,,,0.6604,21.9,,920198.9246444445,-44.504201680672274,-51.44117647058823,-94.7168,-96.61333333333333,96.98447488584475,92.0959116789538,277.0,full,usable,2026-08-14,rejected,27.86,100.0,,,10.0,30.0,0.0,100.0,2.2.0,c8f1bf1665a8c5dfb834c0571e7dd5f6b6e5ccd00eab00295338bd42cfde549b
UCB,"United Community Banks, Inc. Common Stock",nasdaqtrader:N:UCB,SECURITY:UCB:nasdaqtrader:N:UCB,,common_equity,eligible,N,,,36.74,37.09,,33257007.875396825,-0.9436505796710737,12.492345376607483,6.369426751592355,16.376306620209057,0.9436505796710737,19.06715762621914,277.0,full,usable,2026-08-14,conditional,56.43,100.0,,,75.0,10.0,80.0,100.0,2.2.0,c8f1bf1665a8c5dfb834c0571e7dd5f6b6e5ccd00eab00295338bd42cfde549b
UCL,uCloudlink Group Inc. - American Depositary Shares,nasdaqtrader:Q:UCL,SECURITY:UCL:nasdaqtrader:Q:UCL,,adr,eligible,Q,,,0.73,3.95,,17574.35154920635,-20.660797739376157,-30.476190476190478,-55.487804878048784,-80.21680216802169,81.51898734177216,69.16894518528721,277.0,full,usable,2026-08-14,rejected,35.57,100.0,,,37.0,30.0,0.0,100.0,2.2.0,c8f1bf1665a8c5dfb834c0571e7dd5f6b6e5ccd00eab00295338bd42cfde549b
UCTT,"Ultra Clean Holdings, Inc. - Common Stock",nasdaqtrader:Q:UCTT,SECURITY:UCTT:nasdaqtrader:Q:UCTT,,common_equity,eligible,Q,,,84.93,142.59,,136951588.8520635,-8.28293736501079,-1.678629312340807,61.89477697293177,253.87500000000003,40.43761834630759,122.34054200921894,277.0,full,usable,2026-08-14,conditional,92.21,100.0,,,85.0,95.0,92.0,100.0,2.2.0,c8f1bf1665a8c5dfb834c0571e7dd5f6b6e5ccd00eab00295338bd42cfde549b
UDR,"UDR, Inc. Common Stock",nasdaqtrader:N:UDR,SECURITY:UDR:nasdaqtrader:N:UDR,,common_equity,eligible,N,,,37.94,41.24,,160111388.2266667,-6.48262262755731,1.6068559185859588,-0.6025674613570953,-1.454545454545464,8.001939864209518,22.00668333422521,277.0,full,usable,2026-08-14,conditional,84.14,100.0,,,73.0,82.0,92.0,100.0,2.2.0,c8f1bf1665a8c5dfb834c0571e7dd5f6b6e5ccd00eab00295338bd42cfde549b
UE,Urban Edge Properties Common Shares of Beneficial Interest,nasdaqtrader:N:UE,SECURITY:UE:nasdaqtrader:N:UE,,common_equity,eligible,N,,,21.87,23.92,,20823713.667936508,-7.448159119763009,1.3908205841446586,5.805515239477499,11.411105450840564,8.570234113712372,19.736948106283787,277.0,full,usable,2026-08-14,conditional,79.43,100.0,,,79.0,82.0,62.0,100.0,2.2.0,c8f1bf1665a8c5dfb834c0571e7dd5f6b6e5ccd00eab00295338bd42cfde549b
UEC,Uranium Energy Corp. Common Stock,nasdaqtrader:A:UEC,SECURITY:UEC:nasdaqtrader:A:UEC,,common_equity,eligible,A,,,11.21,20.14,,108995841.93984127,20.150053590568074,-24.30790006752194,-26.29848783694937,9.686888454011733,44.339622641509436,57.11196286971689,277.0,full,usable,2026-08-14,conditional,90.5,100.0,,,79.0,95.0,92.0,100.0,2.2.0,c8f1bf1665a8c5dfb834c0571e7dd5f6b6e5ccd00eab00295338bd42cfde549b
UEIC,Universal Electronics Inc. - Common Stock,nasdaqtrader:Q:UEIC,SECURITY:UEIC:nasdaqtrader:Q:UEIC,,common_equity,eligible,Q,,,5.27,5.88,,238736.391984127,13.090128755364795,33.08080808080807,26.987951807228903,7.551020408163245,10.374149659863951,63.97396402565072,277.0,full,usable,2026-08-14,rejected,59.86,100.0,,,57.0,82.0,0.0,100.0,2.2.0,c8f1bf1665a8c5dfb834c0571e7dd5f6b6e5ccd00eab00295338bd42cfde549b
UFCS,"United Fire Group, Inc - Common Stock",nasdaqtrader:Q:UFCS,SECURITY:UFCS:nasdaqtrader:Q:UFCS,,common_equity,eligible,Q,,,54.28,54.93,,7638693.955873016,8.581716343268653,10.617485225188506,37.07070707070707,76.23376623376623,1.1833242308392444,30.696434626008262,277.0,full,usable,2026-08-14,conditional,52.0,100.0,,,73.0,10.0,62.0,100.0,2.2.0,c8f1bf1665a8c5dfb834c0571e7dd5f6b6e5ccd00eab00295338bd42cfde549b
UFI,"Unifi, Inc. New Common Stock",nasdaqtrader:N:UFI,SECURITY:UFI:nasdaqtrader:N:UFI,,common_equity,eligible,N,,,6.45,7.19,,502503.2073015873,0.78125,57.701711491442545,57.31707317073174,42.69911504424782,10.292072322670375,58.743472739003124,277.0,full,usable,2026-08-14,rejected,62.14,100.0,,,65.0,82.0,0.0,100.0,2.2.0,c8f1bf1665a8c5dfb834c0571e7dd5f6b6e5ccd00eab00295338bd42cfde549b
UFPI,"UFP Industries, Inc. - Common Stock",nasdaqtrader:Q:UFPI,SECURITY:UFPI:nasdaqtrader:Q:UFPI,,common_equity,eligible,Q,,,89.87,115.62,,42398380.06603175,1.034288926363125,7.615854388695964,-21.476627348186984,-15.440346255175008,22.27123335063138,36.89642679019387,277.0,full,usable,2026-08-14,conditional,81.71,100.0,,,61.0,92.0,80.0,100.0,2.2.0,c8f1bf1665a8c5dfb834c0571e7dd5f6b6e5ccd00eab00295338bd42cfde549b
UFPT,"UFP Technologies, Inc. - Common Stock",nasdaqtrader:Q:UFPT,SECURITY:UFPT:nasdaqtrader:Q:UFPT,,common_equity,eligible,Q,,,321.76,334.84,,52749817.307222225,25.32523175196697,45.63229836154612,30.09865760957464,41.98843828604208,3.906343328156725,81.93225600216536,277.0,full,usable,2026-08-14,conditional,53.57,100.0,,,65.0,10.0,80.0,100.0,2.2.0,c8f1bf1665a8c5dfb834c0571e7dd5f6b6e5ccd00eab00295338bd42cfde549b
UG,"United-Guardian, Inc. - Common Stock",nasdaqtrader:Q:UG,SECURITY:UG:nasdaqtrader:Q:UG,,common_equity,eligible,Q,,,7.15,8.69,,54959.1521015873,-4.666666666666663,-0.2789400278939924,8.497723823975733,-11.290322580645162,17.721518987341767,46.02297507952622,277.0,full,usable,2026-08-14,rejected,64.43,100.0,,,73.0,82.0,0.0,100.0,2.2.0,c8f1bf1665a8c5dfb834c0571e7dd5f6b6e5ccd00eab00295338bd42cfde549b
UGI,UGI Corporation Common Stock,nasdaqtrader:N:UGI,SECURITY:UGI:nasdaqtrader:N:UGI,,common_equity,eligible,N,,,35.37,40.63,,56234783.54666667,-4.016282225237456,3.968253968253954,-7.553580763199164,-1.5585861397161227,12.946098941668726,19.8435202739118,277.0,full,usable,2026-08-14,conditional,81.57,100.0,,,73.0,82.0,80.0,100.0,2.2.0,c8f1bf1665a8c5dfb834c0571e7dd5f6b6e5ccd00eab00295338bd42cfde549b
UGP,Ultrapar Participacoes S.A. (New) American Depositary Shares (Each representing one Common Share),nasdaqtrader:N:UGP,SECURITY:UGP:nasdaqtrader:N:UGP,,adr,eligible,N,,,6.16,6.56,,20996184.966507938,-1.2820512820512886,4.054054054054057,19.611650485436893,94.9367088607595,6.097560975609751,38.9703280383022,277.0,full,usable,2026-08-14,conditional,61.86,100.0,,,85.0,28.0,62.0,100.0,2.2.0,c8f1bf1665a8c5dfb834c0571e7dd5f6b6e5ccd00eab00295338bd42cfde549b
UHAL,U-Haul Holding Company Common Stock,nasdaqtrader:N:UHAL,SECURITY:UHAL:nasdaqtrader:N:UHAL,,common_equity,eligible,N,,,74.21,75.27,,14904867.047777778,2.6701715550636385,49.40608012885039,52.163215091244595,25.673158340389502,1.4082635844293923,23.95722044249172,277.0,full,usable,2026-08-14,conditional,49.71,100.0,,,65.0,10.0,62.0,100.0,2.2.0,c8f1bf1665a8c5dfb834c0571e7dd5f6b6e5ccd00eab00295338bd42cfde549b
UHAL.B,U-Haul Holding Company Series N Non-Voting Common Stock,nasdaqtrader:N:UHAL.B,SECURITY:UHAL.B:nasdaqtrader:N:UHAL.B,,common_equity,eligible,N,,,65.19,66.02,,25146491.167619046,2.9532533164876806,42.61649529643403,45.51339285714286,20.6775268419104,1.2571947894577384,22.606710728615358,277.0,full,usable,2026-08-14,conditional,53.57,100.0,,,65.0,10.0,80.0,100.0,2.2.0,c8f1bf1665a8c5dfb834c0571e7dd5f6b6e5ccd00eab00295338bd42cfde549b
UHS,"Universal Health Services, Inc. Common Stock",nasdaqtrader:N:UHS,SECURITY:UHS:nasdaqtrader:N:UHS,,common_equity,eligible,N,,,170.02,244.18,,157444011.45492062,10.733359385176522,-0.38085193648560445,-27.357402264473407,-4.756036076410275,30.371037759030216,35.872402815048204,277.0,full,usable,2026-08-14,conditional,87.71,100.0,,,73.0,92.0,92.0,100.0,2.2.0,c8f1bf1665a8c5dfb834c0571e7dd5f6b6e5ccd00eab00295338bd42cfde549b
UHT,Universal Health Realty Income Trust Common Stock,nasdaqtrader:N:UHT,SECURITY:UHT:nasdaqtrader:N:UHT,,common_equity,eligible,N,,,41.3,45.82,,6674105.992698413,-5.707762557077622,1.3248282630029529,-3.6847014925373234,4.530498607947364,9.864687909209957,23.48203732591673,277.0,full,usable,2026-08-14,conditional,79.43,100.0,,,79.0,82.0,62.0,100.0,2.2.0,c8f1bf1665a8c5dfb834c0571e7dd5f6b6e5ccd00eab00295338bd42cfde549b
UI,Ubiquiti Inc. Common Stock,nasdaqtrader:N:UI,SECURITY:UI:nasdaqtrader:N:UI,,common_equity,eligible,N,,,572.8,1084.5,,62554969.30349206,5.30960435358141,-13.21343616005819,-18.876048039882175,18.23229508535098,47.1830336560627,27.270587452430284,277.0,full,usable,2026-08-14,conditional,90.21,100.0,,,87.0,95.0,80.0,100.0,2.2.0,c8f1bf1665a8c5dfb834c0571e7dd5f6b6e5ccd00eab00295338bd42cfde549b
UIS,Unisys Corporation New Common Stock,nasdaqtrader:N:UIS,SECURITY:UIS:nasdaqtrader:N:UIS,,common_equity,eligible,N,,,2.86,4.78,,3497608.5280952384,-24.736842105263158,-6.535947712418311,30.593607305936075,-28.320802005012535,40.16736401673641,71.7831173830564,277.0,full,usable,2026-08-14,conditional,74.14,100.0,,,57.0,95.0,45.0,100.0,2.2.0,c8f1bf1665a8c5dfb834c0571e7dd5f6b6e5ccd00eab00295338bd42cfde549b
UK,Ucommune International Ltd  - Class A Ordinary Shares,nasdaqtrader:Q:UK,NAMECLASS:UCOMMUNE INTERNATIONAL LTD,,common_equity,eligible,Q,,,2.24,13.0,,887389.113926984,9.273623103566031,-34.31085043988269,-53.66156392221762,-78.03921568627452,82.76923076923077,60.71943996601939,277.0,full,usable,2026-08-14,rejected,35.57,100.0,,,37.0,30.0,0.0,100.0,2.2.0,c8f1bf1665a8c5dfb834c0571e7dd5f6b6e5ccd00eab00295338bd42cfde549b
UL,Unilever PLC American Depositary Shares (each representing One Ordinary Share),nasdaqtrader:N:UL,SECURITY:UL:nasdaqtrader:N:UL,,adr,eligible,N,,,62.09,74.59,,255123233.8768254,-0.9886780417796115,8.283920474363438,-15.477811053634616,-11.603075170842814,16.758278589623277,33.258173941422356,277.0,full,usable,2026-08-14,conditional,80.71,100.0,,,61.0,82.0,92.0,100.0,2.2.0,c8f1bf1665a8c5dfb834c0571e7dd5f6b6e5ccd00eab00295338bd42cfde549b
ULBI,Ultralife Corporation - Common Stock,nasdaqtrader:Q:ULBI,SECURITY:ULBI:nasdaqtrader:Q:ULBI,,common_equity,eligible,Q,,,7.51,7.95,,280563.90523809526,35.31531531531531,23.114754098360656,19.968051118210873,9.715120525931331,5.534591194968563,66.80975204337693,277.0,full,usable,2026-08-14,rejected,40.57,100.0,,,57.0,28.0,0.0,100.0,2.2.0,c8f1bf1665a8c5dfb834c0571e7dd5f6b6e5ccd00eab00295338bd42cfde549b
ULCC,"Frontier Group Holdings, Inc. - Common Stock",nasdaqtrader:Q:ULCC,SECURITY:ULCC:nasdaqtrader:Q:ULCC,,common_equity,eligible,Q,,,6.69,8.06,,27225461.44849206,2.4502297090352343,37.93814432989693,27.550047664442335,44.8051948051948,16.997518610421835,82.99315775041487,277.0,full,usable,2026-08-14,conditional,79.29,100.0,,,65.0,82.0,80.0,100.0,2.2.0,c8f1bf1665a8c5dfb834c0571e7dd5f6b6e5ccd00eab00295338bd42cfde549b
ULH,"Universal Logistics Holdings, Inc. - Common Stock",nasdaqtrader:Q:ULH,SECURITY:ULH:nasdaqtrader:Q:ULH,,common_equity,eligible,Q,,,19.29,27.14,,870477.663015873,30.868385345997275,43.52678571428572,21.244500314267746,-25.521235521235518,28.92409727339721,120.70095534252158,277.0,full,usable,2026-08-14,rejected,60.0,100.0,,,45.0,92.0,0.0,100.0,2.2.0,c8f1bf1665a8c5dfb834c0571e7dd5f6b6e5ccd00eab00295338bd42cfde549b
ULS,UL Solutions Inc. Class A Common Stock,nasdaqtrader:N:ULS,NAMECLASS:UL SOLUTIONS INC,,common_equity,eligible,N,,,77.46,104.89,,93826107.61539681,-13.635856840227456,-23.00198807157058,12.24460223156063,10.106609808102341,26.151206025359908,55.15295951007489,277.0,full,usable,2026-08-14,conditional,86.86,100.0,,,79.0,92.0,80.0,100.0,2.2.0,c8f1bf1665a8c5dfb834c0571e7dd5f6b6e5ccd00eab00295338bd42cfde549b
ULTA,"Ulta Beauty, Inc. - Common Stock",nasdaqtrader:Q:ULTA,SECURITY:ULTA:nasdaqtrader:Q:ULTA,,common_equity,eligible,Q,,,510.75,706.82,,358310838.10896826,6.659566470367118,2.502608974873577,-23.446446236397968,-4.122317959114719,27.739735717721636,31.38959665470029,277.0,full,usable,2026-08-14,conditional,87.71,100.0,,,73.0,92.0,92.0,100.0,2.2.0,c8f1bf1665a8c5dfb834c0571e7dd5f6b6e5ccd00eab00295338bd42cfde549b
UMAC,"Unusual Machines, Inc. Common Stock",nasdaqtrader:A:UMAC,SECURITY:UMAC:nasdaqtrader:A:UMAC,,common_equity,eligible,A,,,34.06,34.06,,150896728.89,104.6875,101.18133490844654,187.18381112984827,225.0,0.0,138.3758700756368,277.0,full,usable,2026-08-14,conditional,58.43,100.0,,,73.0,10.0,92.0,100.0,2.2.0,c8f1bf1665a8c5dfb834c0571e7dd5f6b6e5ccd00eab00295338bd42cfde549b
UMBF,UMB Financial Corporation - Common Stock,nasdaqtrader:Q:UMBF,SECURITY:UMBF:nasdaqtrader:Q:UMBF,,common_equity,eligible,Q,,,152.04,152.04,,93659629.3965873,2.715849209566268,19.509511083163012,17.86960229475152,30.30510798765853,0.0,21.668272007355785,277.0,full,usable,2026-08-14,conditional,53.57,100.0,,,65.0,10.0,80.0,100.0,2.2.0,c8f1bf1665a8c5dfb834c0571e7dd5f6b6e5ccd00eab00295338bd42cfde549b
UMC,United Microelectronics Corporation (NEW) Common Stock,nasdaqtrader:N:UMC,SECURITY:UMC:nasdaqtrader:N:UMC,,common_equity,eligible,N,,,19.15,28.01,,372071762.28761905,-14.087034544638854,11.792177466433152,86.10301263362487,179.9707602339181,31.631560157086767,79.14920268846657,277.0,full,usable,2026-08-14,conditional,87.71,100.0,,,73.0,92.0,92.0,100.0,2.2.0,c8f1bf1665a8c5dfb834c0571e7dd5f6b6e5ccd00eab00295338bd42cfde549b
UMH,"UMH Properties, Inc. Common Stock",nasdaqtrader:N:UMH,SECURITY:UMH:nasdaqtrader:N:UMH,,common_equity,eligible,N,,,16.45,16.6,,9794272.247777779,3.5894206549118346,8.223684210526304,2.684144818976275,0.12172854534389099,0.9036144578313365,23.349570407806787,277.0,full,usable,2026-08-14,conditional,50.29,100.0,,,67.0,10.0,62.0,100.0,2.2.0,c8f1bf1665a8c5dfb834c0571e7dd5f6b6e5ccd00eab00295338bd42cfde549b
UNB,"Union Bankshares, Inc. - Common Stock",nasdaqtrader:Q:UNB,SECURITY:UNB:nasdaqtrader:Q:UNB,,common_equity,eligible,Q,,,24.59,27.3,,350271.0922222222,-4.3190661478599175,2.7151211361737593,0.6549324600900519,-11.06690777576853,9.926739926739925,28.627715039192108,277.0,full,usable,2026-08-14,rejected,64.43,100.0,,,73.0,82.0,0.0,100.0,2.2.0,c8f1bf1665a8c5dfb834c0571e7dd5f6b6e5ccd00eab00295338bd42cfde549b
UNCY,"Unicycive Therapeutics, Inc. - Common Stock",nasdaqtrader:Q:UNCY,SECURITY:UNCY:nasdaqtrader:Q:UNCY,,common_equity,eligible,Q,,,5.51,8.56,,9160606.05293651,9.108910891089117,-35.63084112149534,-9.375,24.943310657596363,35.63084112149534,62.49721594423241,277.0,full,usable,2026-08-14,conditional,86.36,100.0,,,87.0,95.0,62.0,100.0,2.2.0,c8f1bf1665a8c5dfb834c0571e7dd5f6b6e5ccd00eab00295338bd42cfde549b
UNF,Unifirst Corporation Common Stock,nasdaqtrader:N:UNF,SECURITY:UNF:nasdaqtrader:N:UNF,,common_equity,eligible,N,,,286.76,301.19,,52325896.5263492,-2.0260343708360384,11.078400991633085,21.99957455860455,61.15544565583904,4.790995716989277,18.351941155814337,277.0,full,usable,2026-08-14,conditional,55.86,100.0,,,73.0,10.0,80.0,100.0,2.2.0,c8f1bf1665a8c5dfb834c0571e7dd5f6b6e5ccd00eab00295338bd42cfde549b
UNFI,"United Natural Foods, Inc. Common Stock",nasdaqtrader:N:UNFI,SECURITY:UNFI:nasdaqtrader:N:UNFI,,common_equity,eligible,N,,,48.42,55.52,,30589579.45365079,-3.526598924088453,-6.271777003484313,17.239709443099294,76.65085735133164,12.78818443804035,35.926621843441694,277.0,full,usable,2026-08-14,conditional,85.0,100.0,,,85.0,82.0,80.0,100.0,2.2.0,c8f1bf1665a8c5dfb834c0571e7dd5f6b6e5ccd00eab00295338bd42cfde549b
UNH,UnitedHealth Group Incorporated Common Stock (DE),nasdaqtrader:N:UNH,SECURITY:UNH:nasdaqtrader:N:UNH,,common_equity,eligible,N,,,401.73,436.35,,2468048544.275397,-5.113609523359619,0.6615049237014281,41.27017617892184,47.79809425701777,7.933997937435544,24.374027915900488,277.0,full,usable,2026-08-14,conditional,67.71,100.0,,,77.0,28.0,100.0,100.0,2.2.0,c8f1bf1665a8c5dfb834c0571e7dd5f6b6e5ccd00eab00295338bd42cfde549b
UNIT,Uniti Group Inc. - Common Stock,nasdaqtrader:Q:UNIT,SECURITY:UNIT:nasdaqtrader:Q:UNIT,,common_equity,eligible,Q,,,10.01,12.75,,25402606.523492064,-8.834244080145726,-11.022222222222222,24.039653035935558,48.296296296296305,21.490196078431378,46.56442990705576,277.0,full,usable,2026-08-14,conditional,86.29,100.0,,,77.0,92.0,80.0,100.0,2.2.0,c8f1bf1665a8c5dfb834c0571e7dd5f6b6e5ccd00eab00295338bd42cfde549b
UNM,Unum Group Common Stock,nasdaqtrader:N:UNM,SECURITY:UNM:nasdaqtrader:N:UNM,,common_equity,eligible,N,,,93.33,93.33,,128455406.52460317,4.197834096237596,15.364647713226187,31.78480655182152,31.432192648922673,0.0,30.487419133301163,277.0,full,usable,2026-08-14,conditional,56.14,100.0,,,65.0,10.0,92.0,100.0,2.2.0,c8f1bf1665a8c5dfb834c0571e7dd5f6b6e5ccd00eab00295338bd42cfde549b
UNP,Union Pacific Corporation Common Stock,nasdaqtrader:N:UNP,SECURITY:UNP:nasdaqtrader:N:UNP,,common_equity,eligible,N,,,293.68,307.32,,827651431.9038095,-1.9170396099124964,9.036905027103304,12.190090537494758,31.58885204767452,4.438370428218141,22.634983613569297,277.0,full,usable,2026-08-14,conditional,60.71,100.0,,,75.0,10.0,100.0,100.0,2.2.0,c8f1bf1665a8c5dfb834c0571e7dd5f6b6e5ccd00eab00295338bd42cfde549b
UNTY,"Unity Bancorp, Inc. - Common Stock",nasdaqtrader:Q:UNTY,SECURITY:UNTY:nasdaqtrader:Q:UNTY,,common_equity,eligible,Q,,,61.82,61.82,,3622737.3370634923,4.319946000675001,17.6179604261796,14.630076024476168,25.29387920551276,0.0,25.744332648937956,277.0,full,usable,2026-08-14,conditional,48.93,100.0,,,75.0,10.0,45.0,100.0,2.2.0,c8f1bf1665a8c5dfb834c0571e7dd5f6b6e5ccd00eab00295338bd42cfde549b
UONE,"Urban One, Inc.  - Class A Common Stock",nasdaqtrader:Q:UONE,NAMECLASS:URBAN ONE INC,,common_equity,eligible,Q,,,5.0515,17.3,,107373.12032698412,1.0299999999999976,-10.750883392226152,-57.710339053997494,-68.62422360248448,70.80057803468208,42.895192237636294,277.0,full,usable,2026-08-14,rejected,41.29,100.0,,,57.0,30.0,0.0,100.0,2.2.0,c8f1bf1665a8c5dfb834c0571e7dd5f6b6e5ccd00eab00295338bd42cfde549b
UONEK,"Urban One, Inc.  - Class D Common Stock",nasdaqtrader:Q:UONEK,NAMECLASS:URBAN ONE INC,,common_equity,eligible,Q,,,5.08,10.9,,203337.6489031746,20.665083135391924,1.195219123505975,-32.176234979973295,-22.181372549019606,53.394495412844044,76.73207797110942,277.0,full,usable,2026-08-14,rejected,60.14,100.0,,,73.0,70.0,0.0,100.0,2.2.0,c8f1bf1665a8c5dfb834c0571e7dd5f6b6e5ccd00eab00295338bd42cfde549b
UP,Wheels Up Experience Inc. Class A Common Stock,nasdaqtrader:N:UP,NAMECLASS:WHEELS UP EXPERIENCE INC,,common_equity,eligible,N,,,5.03,66.0,,1030613.8468253969,-21.528861154446176,-9.856630824372758,-60.42486231313926,-82.41258741258741,92.37878787878788,70.10767528243235,277.0,full,usable,2026-08-14,rejected,35.57,100.0,,,37.0,30.0,0.0,100.0,2.2.0,c8f1bf1665a8c5dfb834c0571e7dd5f6b6e5ccd00eab00295338bd42cfde549b
UPB,"Upstream Bio, Inc. - Common Stock",nasdaqtrader:Q:UPB,SECURITY:UPB:nasdaqtrader:Q:UPB,,common_equity,eligible,Q,,,7.07,32.6,,4348114.361111111,-2.2130013831258677,-19.567690557451634,-44.765625,-61.9073275862069,78.31288343558282,47.48251540005643,277.0,full,usable,2026-08-14,conditional,53.79,100.0,,,67.0,30.0,45.0,100.0,2.2.0,c8f1bf1665a8c5dfb834c0571e7dd5f6b6e5ccd00eab00295338bd42cfde549b
UPBD,"Upbound Group, Inc. - Common Stock",nasdaqtrader:Q:UPBD,SECURITY:UPBD:nasdaqtrader:Q:UPBD,,common_equity,eligible,Q,,,19.62,27.35,,19780658.748174604,-13.796133567662572,12.693854106835168,-1.0590015128592922,-16.934801016088063,28.263254113345525,43.95145850037206,277.0,full,usable,2026-08-14,conditional,77.86,100.0,,,61.0,92.0,62.0,100.0,2.2.0,c8f1bf1665a8c5dfb834c0571e7dd5f6b6e5ccd00eab00295338bd42cfde549b
UPC,Universe Pharmaceuticals Inc - Class A Ordinary Shares,nasdaqtrader:Q:UPC,NAMECLASS:UNIVERSE PHARMACEUTICALS INC,,common_equity,eligible,Q,,,5.65,12.18,,16400584.347193649,24.17582417582418,110.81302936457598,94.15807560137456,28.409090909090917,53.61247947454844,255.08349945215602,277.0,full,usable,2026-08-14,conditional,71.14,100.0,,,65.0,70.0,62.0,100.0,2.2.0,c8f1bf1665a8c5dfb834c0571e7dd5f6b6e5ccd00eab00295338bd42cfde549b
UPS,"United Parcel Service, Inc. Common Stock",nasdaqtrader:N:UPS,SECURITY:UPS:nasdaqtrader:N:UPS,,common_equity,eligible,N,,,104.5,120.0,,573388756.2493651,-10.820959208055992,6.177606177606165,-11.493182010671632,18.507598094806067,12.916666666666664,34.4486592380229,277.0,full,usable,2026-08-14,conditional,86.43,100.0,,,75.0,82.0,100.0,100.0,2.2.0,c8f1bf1665a8c5dfb834c0571e7dd5f6b6e5ccd00eab00295338bd42cfde549b
UPST,"Upstart Holdings, Inc. - Common stock",nasdaqtrader:Q:UPST,SECURITY:UPST:nasdaqtrader:Q:UPST,,common_equity,eligible,Q,,,30.43,73.76,,138162889.72714284,-1.4572538860103568,2.4234264557388085,0.794965220271604,-54.466556935508,58.74457700650759,50.332939076447246,277.0,full,usable,2026-08-14,conditional,78.14,100.0,,,67.0,70.0,92.0,100.0,2.2.0,c8f1bf1665a8c5dfb834c0571e7dd5f6b6e5ccd00eab00295338bd42cfde549b
UPWK,Upwork Inc. - Common Stock,nasdaqtrader:Q:UPWK,SECURITY:UPWK:nasdaqtrader:Q:UPWK,,common_equity,eligible,Q,,,8.485,22.11,,32496219.898333333,-11.522419186652765,5.012376237623761,-35.278413424866514,-39.779985805535844,61.62369968340118,65.82610425593025,277.0,full,usable,2026-08-14,conditional,72.14,100.0,,,55.0,70.0,80.0,100.0,2.2.0,c8f1bf1665a8c5dfb834c0571e7dd5f6b6e5ccd00eab00295338bd42cfde549b
URBN,"Urban Outfitters, Inc. - Common Stock",nasdaqtrader:Q:URBN,SECURITY:URBN:nasdaqtrader:Q:URBN,,common_equity,eligible,Q,,,77.81,82.7,,86324076.76714286,3.168920710686818,13.112370984154676,13.99062408438323,-2.1134733928795946,5.912938331318019,38.321075471070145,277.0,full,usable,2026-08-14,conditional,58.86,100.0,,,61.0,28.0,80.0,100.0,2.2.0,c8f1bf1665a8c5dfb834c0571e7dd5f6b6e5ccd00eab00295338bd42cfde549b
URG,Ur Energy Inc Common Shares (Canada),nasdaqtrader:A:URG,SECURITY:URG:nasdaqtrader:A:URG,,common_equity,eligible,A,,,1.35,2.1,,15828039.069047619,8.000000000000007,-26.22950819672131,-14.556962025316455,13.445378151260524,35.71428571428571,58.505230400230246,277.0,full,usable,2026-08-14,conditional,84.07,100.0,,,79.0,95.0,62.0,100.0,2.2.0,c8f1bf1665a8c5dfb834c0571e7dd5f6b6e5ccd00eab00295338bd42cfde549b
URGN,UroGen Pharma Ltd. - Ordinary Shares,nasdaqtrader:Q:URGN,SECURITY:URGN:nasdaqtrader:Q:URGN,,common_equity,eligible,Q,,,48.22,49.0,,28520785.439603172,20.55,62.46630727762803,138.59475507174665,139.78120338140226,1.5918367346938744,62.79073555692929,277.0,full,usable,2026-08-14,conditional,55.86,100.0,,,73.0,10.0,80.0,100.0,2.2.0,c8f1bf1665a8c5dfb834c0571e7dd5f6b6e5ccd00eab00295338bd42cfde549b
URI,"United Rentals, Inc. Common Stock",nasdaqtrader:N:URI,SECURITY:URI:nasdaqtrader:N:URI,,common_equity,eligible,N,,,1153.83,1162.84,,531803087.6065079,7.65147132914108,18.58966452886037,32.70650748740596,23.770957810840663,0.7748271473289492,42.74899200331706,277.0,full,usable,2026-08-14,conditional,57.86,100.0,,,65.0,10.0,100.0,100.0,2.2.0,c8f1bf1665a8c5dfb834c0571e7dd5f6b6e5ccd00eab00295338bd42cfde549b
UROY,Uranium Royalty Corp. - Common Stock,nasdaqtrader:Q:UROY,SECURITY:UROY:nasdaqtrader:Q:UROY,,common_equity,eligible,Q,,,4.12,5.46,,9635114.49968254,57.854406130268224,1.980198019801982,1.7283950617283939,58.46153846153845,24.542124542124544,75.026570019917,277.0,full,usable,2026-08-14,conditional,87.57,100.0,,,95.0,92.0,62.0,100.0,2.2.0,c8f1bf1665a8c5dfb834c0571e7dd5f6b6e5ccd00eab00295338bd42cfde549b
USAC,"USA Compression Partners, LP Common Units Representing Limited Partner Interests",qrgf-resolution-required:N:USAC,SECURITY:USAC:qrgf-resolution-required:N:USAC,,common_equity,eligible,N,,,26.62,30.3,,6657704.103809524,-1.0776662950576,-9.793290410030497,0.7570022710068125,8.299430431244925,12.145214521452141,30.97574139567883,277.0,full,usable,2026-08-14,conditional,79.43,100.0,,,79.0,82.0,62.0,100.0,2.2.0,c8f1bf1665a8c5dfb834c0571e7dd5f6b6e5ccd00eab00295338bd42cfde549b
USAR,"USA Rare Earth, Inc. - Common Stock",nasdaqtrader:Q:USAR,SECURITY:USAR:nasdaqtrader:Q:USAR,,common_equity,eligible,Q,,,20.0,38.68,,292802352.9134127,25.70710245128849,-19.452275473217874,4.8218029350104885,17.716303708063585,48.293691830403304,88.25373803451427,277.0,full,usable,2026-08-14,conditional,92.79,100.0,,,87.0,95.0,92.0,100.0,2.2.0,c8f1bf1665a8c5dfb834c0571e7dd5f6b6e5ccd00eab00295338bd42cfde549b
USAS,"Americas Gold and Silver Corporation Common Shares, no par value",nasdaqtrader:A:USAS,SECURITY:USAS:nasdaqtrader:A:USAS,,common_equity,eligible,A,,,5.24,10.03,,22063822.19031746,40.106951871657756,-26.71328671328671,-27.019498607242333,110.4417670682731,47.75672981056829,83.47855290594184,277.0,full,usable,2026-08-14,conditional,88.64,100.0,,,95.0,95.0,62.0,100.0,2.2.0,c8f1bf1665a8c5dfb834c0571e7dd5f6b6e5ccd00eab00295338bd42cfde549b
USAU,U.S. Gold Corp. - Common Stock,nasdaqtrader:Q:USAU,SECURITY:USAU:nasdaqtrader:Q:USAU,,common_equity,eligible,Q,,,14.85,22.6,,3655430.921111111,4.651162790697683,-12.492634060106067,-4.86867392696989,24.789915966386555,34.29203539823009,53.94579784947695,277.0,full,usable,2026-08-14,conditional,81.64,100.0,,,87.0,92.0,45.0,100.0,2.2.0,c8f1bf1665a8c5dfb834c0571e7dd5f6b6e5ccd00eab00295338bd42cfde549b
USB,U.S. Bancorp Common Stock,nasdaqtrader:N:USB,SECURITY:USB:nasdaqtrader:N:USB,,common_equity,eligible,N,,,65.42,65.42,,501570367.7484127,2.2027808154975625,22.46349681767128,13.124675773819817,40.35614674962456,0.0,18.772902893772198,277.0,full,usable,2026-08-14,conditional,60.71,100.0,,,75.0,10.0,100.0,100.0,2.2.0,c8f1bf1665a8c5dfb834c0571e7dd5f6b6e5ccd00eab00295338bd42cfde549b
USBC,"USBC, Inc. Common Stock",nasdaqtrader:A:USBC,SECURITY:USBC:nasdaqtrader:A:USBC,,common_equity,eligible,A,,,0.383,2.14,,156977.27076190477,13.988095238095234,-37.233693870862005,-11.38361869504858,-81.40776699029126,82.10280373831776,66.32979378777122,277.0,full,usable,2026-08-14,rejected,38.43,100.0,,,47.0,30.0,0.0,100.0,2.2.0,c8f1bf1665a8c5dfb834c0571e7dd5f6b6e5ccd00eab00295338bd42cfde549b
USCB,"USCB Financial Holdings, Inc.  - Class A Common Stock",nasdaqtrader:Q:USCB,NAMECLASS:USCB FINANCIAL HOLDINGS INC,,common_equity,eligible,Q,,,22.47,22.665,,1107000.3287301587,7.306590257879653,22.519083969465647,14.642857142857135,27.525539160045387,0.8603573792190566,29.873504535961654,277.0,full,usable,2026-08-14,rejected,39.29,100.0,,,75.0,10.0,0.0,100.0,2.2.0,c8f1bf1665a8c5dfb834c0571e7dd5f6b6e5ccd00eab00295338bd42cfde549b
USDE,StablecoinX Inc. - Class A Common Stock,nasdaqtrader:Q:USDE,NAMECLASS:STABLECOINX INC,,common_equity,eligible,Q,,,2.93,3.7,,6230862.141428571,52.60416666666667,,,,20.81081081081081,156.4281958065757,35.0,insufficient,usable,2026-08-14,recheck,,71.43,,,,92.0,62.0,76.0,2.2.0,c8f1bf1665a8c5dfb834c0571e7dd5f6b6e5ccd00eab00295338bd42cfde549b
USEA,United Maritime Corporation - Common Stock,nasdaqtrader:Q:USEA,SECURITY:USEA:nasdaqtrader:Q:USEA,,common_equity,eligible,Q,,,2.7,2.75,,160489.95095238095,7.14285714285714,17.391304347826097,50.837988826815646,61.67664670658684,1.8181818181818077,37.892860571380986,277.0,full,usable,2026-08-14,rejected,38.71,100.0,,,73.0,10.0,0.0,100.0,2.2.0,c8f1bf1665a8c5dfb834c0571e7dd5f6b6e5ccd00eab00295338bd42cfde549b
USFD,US Foods Holding Corp. Common Stock,nasdaqtrader:N:USFD,SECURITY:USFD:nasdaqtrader:N:USFD,,common_equity,eligible,N,,,108.92,110.94,,260966548.4198413,9.875920508423297,29.72844211529302,6.805255932535781,38.48696757787666,1.8208040382188484,32.21415580342396,277.0,full,usable,2026-08-14,conditional,59.0,100.0,,,75.0,10.0,92.0,100.0,2.2.0,c8f1bf1665a8c5dfb834c0571e7dd5f6b6e5ccd00eab00295338bd42cfde549b
USGO,U.S. GoldMining Inc. - Common stock,nasdaqtrader:Q:USGO,SECURITY:USGO:nasdaqtrader:Q:USGO,,common_equity,eligible,Q,,,8.83,15.83,,541236.9125396826,11.489898989898983,-31.972265023112477,-21.2661613909942,14.230271668822759,44.21983575489576,46.43283570304665,277.0,full,usable,2026-08-14,rejected,70.79,100.0,,,79.0,95.0,0.0,100.0,2.2.0,c8f1bf1665a8c5dfb834c0571e7dd5f6b6e5ccd00eab00295338bd42cfde549b
USIO,"Usio, Inc. - Common Stock",nasdaqtrader:Q:USIO,SECURITY:USIO:nasdaqtrader:Q:USIO,,common_equity,eligible,Q,,,2.76,2.76,,540651.9573015873,23.76681614349776,73.58490566037734,110.68702290076335,70.37037037037035,0.0,80.29385662308434,277.0,full,usable,2026-08-14,rejected,38.71,100.0,,,73.0,10.0,0.0,100.0,2.2.0,c8f1bf1665a8c5dfb834c0571e7dd5f6b6e5ccd00eab00295338bd42cfde549b
USLM,"United States Lime & Minerals, Inc. - Common Stock",nasdaqtrader:Q:USLM,SECURITY:USLM:nasdaqtrader:Q:USLM,,common_equity,eligible,Q,,,117.41,139.46,,23489635.884920634,7.646465572568073,9.188133544127218,11.89364338130181,-4.38146428862286,15.810985228739426,35.44157896795056,277.0,full,usable,2026-08-14,conditional,74.29,100.0,,,61.0,82.0,62.0,100.0,2.2.0,c8f1bf1665a8c5dfb834c0571e7dd5f6b6e5ccd00eab00295338bd42cfde549b
USNA,"USANA Health Sciences, Inc. Common Stock",nasdaqtrader:N:USNA,SECURITY:USNA:nasdaqtrader:N:USNA,,common_equity,eligible,N,,,13.37,32.24,,2571466.7603174606,-40.971302428256074,-25.556792873051236,-36.211832061068705,-57.27069351230425,58.52977667493797,130.98714854423642,277.0,full,usable,2026-08-14,conditional,68.07,100.0,,,67.0,70.0,45.0,100.0,2.2.0,c8f1bf1665a8c5dfb834c0571e7dd5f6b6e5ccd00eab00295338bd42cfde549b
USPH,"U.S. Physical Therapy, Inc. Common Stock",nasdaqtrader:N:USPH,SECURITY:USPH:nasdaqtrader:N:USPH,,common_equity,eligible,N,,,81.24,93.16,,16486763.91952381,9.502628386575008,24.811799047472704,-7.196710075394119,-8.224130140081343,12.795191069128386,33.78299174874767,277.0,full,usable,2026-08-14,conditional,74.29,100.0,,,61.0,82.0,62.0,100.0,2.2.0,c8f1bf1665a8c5dfb834c0571e7dd5f6b6e5ccd00eab00295338bd42cfde549b
UTHR,United Therapeutics Corporation - Common Stock,nasdaqtrader:Q:UTHR,SECURITY:UTHR:nasdaqtrader:Q:UTHR,,common_equity,eligible,Q,,,499.73,596.76,,275367011.3293651,-5.542009261884495,-13.209677139234778,4.956629491945486,61.34896035128503,16.259467792747493,21.697120285601635,277.0,full,usable,2026-08-14,conditional,90.43,100.0,,,95.0,82.0,92.0,100.0,2.2.0,c8f1bf1665a8c5dfb834c0571e7dd5f6b6e5ccd00eab00295338bd42cfde549b
UTI,Universal Technical Institute Inc Common Stock,nasdaqtrader:N:UTI,SECURITY:UTI:nasdaqtrader:N:UTI,,common_equity,eligible,N,,,25.15,51.2,,52807753.005555555,-38.00838057678087,-39.397590361445786,-11.412469179288486,-2.405898331393097,50.87890625,136.88494167297682,277.0,full,usable,2026-08-14,conditional,77.29,100.0,,,73.0,70.0,80.0,100.0,2.2.0,c8f1bf1665a8c5dfb834c0571e7dd5f6b6e5ccd00eab00295338bd42cfde549b
UTL,UNITIL Corporation Common Stock,nasdaqtrader:N:UTL,SECURITY:UTL:nasdaqtrader:N:UTL,,common_equity,eligible,N,,,54.56,55.99,,7024887.040476191,0.2756846167983884,6.896551724137945,7.0223617104747005,8.339952343129475,2.5540275049115935,17.708450132952937,277.0,full,usable,2026-08-14,conditional,50.29,100.0,,,67.0,10.0,62.0,100.0,2.2.0,c8f1bf1665a8c5dfb834c0571e7dd5f6b6e5ccd00eab00295338bd42cfde549b
UTMD,"Utah Medical Products, Inc. - Common Stock",nasdaqtrader:Q:UTMD,SECURITY:UTMD:nasdaqtrader:Q:UTMD,,common_equity,eligible,Q,,,71.0,73.97,,1419674.5561904763,-1.0315026484527423,11.459968602825743,11.407500392279935,19.52861952861953,4.015141273489253,38.77615225961618,277.0,full,usable,2026-08-14,rejected,39.29,100.0,,,75.0,10.0,0.0,100.0,2.2.0,c8f1bf1665a8c5dfb834c0571e7dd5f6b6e5ccd00eab00295338bd42cfde549b
UTSI,UTStarcom Holdings Corp - Ordinary Shares,nasdaqtrader:Q:UTSI,SECURITY:UTSI:nasdaqtrader:Q:UTSI,,common_equity,eligible,Q,,,2.47,3.29,,926671.7404126985,-0.40322580645160144,-12.656034513243043,0.0,2.9166666666666785,24.92401215805471,42.600202015311766,277.0,full,usable,2026-08-14,rejected,69.71,100.0,,,79.0,92.0,0.0,100.0,2.2.0,c8f1bf1665a8c5dfb834c0571e7dd5f6b6e5ccd00eab00295338bd42cfde549b
UTZ,Utz Brands Inc Class A Common Stock,nasdaqtrader:N:UTZ,NAMECLASS:UTZ BRANDS INC,,common_equity,eligible,N,,,14.17,14.17,,40620366.29666667,89.43850267379678,99.8589562764457,57.44444444444446,7.348484848484849,0.0,186.38281633207907,277.0,full,usable,2026-08-14,conditional,51.29,100.0,,,57.0,10.0,80.0,100.0,2.2.0,c8f1bf1665a8c5dfb834c0571e7dd5f6b6e5ccd00eab00295338bd42cfde549b
UUU,"Universal Safety Products, Inc. Common Stock",nasdaqtrader:A:UUU,SECURITY:UUU:nasdaqtrader:A:UUU,,common_equity,eligible,A,,,3.445,8.02,,136137.53486666665,-9.580052493438329,-44.524959742351044,-21.882086167800463,-1.0057471264367845,57.04488778054863,80.37156425813828,277.0,full,usable,2026-08-14,rejected,60.14,100.0,,,73.0,70.0,0.0,100.0,2.2.0,c8f1bf1665a8c5dfb834c0571e7dd5f6b6e5ccd00eab00295338bd42cfde549b
UUUU,Energy Fuels Inc Ordinary Shares (Canada),nasdaqtrader:A:UUUU,SECURITY:UUUU:nasdaqtrader:A:UUUU,,common_equity,eligible,A,,,15.1,27.72,,133345983.90825397,29.391602399314486,-22.564102564102562,-29.107981220657287,58.78023133543637,45.526695526695526,70.71086085176648,277.0,full,usable,2026-08-14,conditional,95.07,100.0,,,95.0,95.0,92.0,100.0,2.2.0,c8f1bf1665a8c5dfb834c0571e7dd5f6b6e5ccd00eab00295338bd42cfde549b
UVE,UNIVERSAL INSURANCE HOLDINGS INC Common Stock,nasdaqtrader:N:UVE,SECURITY:UVE:nasdaqtrader:N:UVE,,common_equity,eligible,N,,,43.21,45.08,,8373316.619365079,13.055991627420195,10.709710479118616,35.369674185463666,75.93648208469057,4.148181011535046,49.629992870237174,277.0,full,usable,2026-08-14,conditional,52.0,100.0,,,73.0,10.0,62.0,100.0,2.2.0,c8f1bf1665a8c5dfb834c0571e7dd5f6b6e5ccd00eab00295338bd42cfde549b
UVSP,Univest Financial Corporation - Common Stock,nasdaqtrader:Q:UVSP,SECURITY:UVSP:nasdaqtrader:Q:UVSP,,common_equity,eligible,Q,,,43.16,45.21,,10248867.139761904,-4.534395045343964,13.221406086044073,25.065198493190376,41.04575163398692,4.534395045343964,18.24344772405514,277.0,full,usable,2026-08-14,conditional,49.71,100.0,,,65.0,10.0,62.0,100.0,2.2.0,c8f1bf1665a8c5dfb834c0571e7dd5f6b6e5ccd00eab00295338bd42cfde549b
UVV,Universal Corporation Common Stock,nasdaqtrader:N:UVV,SECURITY:UVV:nasdaqtrader:N:UVV,,common_equity,eligible,N,,,44.77,58.77,,14907083.798253968,-15.560165975103734,-16.96958456973293,-15.111869548729617,-16.489460921469867,23.821677726731327,31.68448101763127,277.0,full,usable,2026-08-14,conditional,81.29,100.0,,,73.0,92.0,62.0,100.0,2.2.0,c8f1bf1665a8c5dfb834c0571e7dd5f6b6e5ccd00eab00295338bd42cfde549b
UWMC,UWM Holdings Corporation Class A Common Stock,nasdaqtrader:N:UWMC,NAMECLASS:UWM HOLDINGS CORPORATION,,common_equity,eligible,N,,,1.59,6.91,,50676687.048730165,-22.43902439024389,-47.524752475247524,-66.17021276595744,-71.55635062611807,76.98986975397975,144.31327184463706,277.0,full,usable,2026-08-14,conditional,49.29,100.0,,,25.0,30.0,80.0,100.0,2.2.0,c8f1bf1665a8c5dfb834c0571e7dd5f6b6e5ccd00eab00295338bd42cfde549b
UXIN,Uxin Limited - American Depositary Shares,nasdaqtrader:Q:UXIN,SECURITY:UXIN:nasdaqtrader:Q:UXIN,,adr,eligible,Q,,,1.18,4.17,,493720.0580952381,-26.708074534161497,-55.30303030303031,-65.3958944281525,-70.79207920792079,71.70263788968825,115.01989157191974,277.0,full,usable,2026-08-14,rejected,32.14,100.0,,,25.0,30.0,0.0,100.0,2.2.0,c8f1bf1665a8c5dfb834c0571e7dd5f6b6e5ccd00eab00295338bd42cfde549b
V,Visa Inc.,qrgf-resolution-required:N:V,SECURITY:V:qrgf-resolution-required:N:V,,common_equity,eligible,N,,,364.15,370.47,,2787614159.9661903,-0.2711288820726354,12.907726652610684,12.32956999197976,6.305648810392639,1.7059411018436221,19.39272081531894,277.0,full,usable,2026-08-14,conditional,58.43,100.0,,,67.0,10.0,100.0,100.0,2.2.0,c8f1bf1665a8c5dfb834c0571e7dd5f6b6e5ccd00eab00295338bd42cfde549b
VABK,Virginia National Bankshares Corporation - Common Stock,nasdaqtrader:Q:VABK,SECURITY:VABK:nasdaqtrader:Q:VABK,,common_equity,eligible,Q,,,46.79,47.91,,336980.0451587301,-1.3909378292940033,9.552797939592605,15.30310497782159,17.858942065491167,2.3377165518680854,23.90885406309277,277.0,full,usable,2026-08-14,rejected,36.43,100.0,,,65.0,10.0,0.0,100.0,2.2.0,c8f1bf1665a8c5dfb834c0571e7dd5f6b6e5ccd00eab00295338bd42cfde549b
VAC,Marriott Vacations Worldwide Corporation Common Stock,nasdaqtrader:N:VAC,SECURITY:VAC:nasdaqtrader:N:VAC,,common_equity,eligible,N,,,120.99,124.75,,48725774.013333336,18.815673180791514,67.62261014131337,126.95554305008439,57.477547832877775,3.014028056112228,76.2141121471584,277.0,full,usable,2026-08-14,conditional,55.86,100.0,,,73.0,10.0,80.0,100.0,2.2.0,c8f1bf1665a8c5dfb834c0571e7dd5f6b6e5ccd00eab00295338bd42cfde549b
VAL,Valaris Limited Common Shares,nasdaqtrader:N:VAL,SECURITY:VAL:nasdaqtrader:N:VAL,,common_equity,eligible,N,,,85.62,113.42,,83459122.1463492,12.126767941330542,-17.091120364094113,-3.6787040161997964,81.01479915433404,24.510668312466933,42.56739551145871,277.0,full,usable,2026-08-14,conditional,91.43,100.0,,,95.0,92.0,80.0,100.0,2.2.0,c8f1bf1665a8c5dfb834c0571e7dd5f6b6e5ccd00eab00295338bd42cfde549b
VALE,VALE S.A.  American Depositary Shares Each Representing one common share,nasdaqtrader:N:VALE,SECURITY:VALE:nasdaqtrader:N:VALE,,adr,eligible,N,,,13.63,17.82,,342972366.4576191,-4.1490857946554165,-17.7925211097708,-20.011737089201866,35.218253968253975,23.512906846240178,33.53753927283222,277.0,full,usable,2026-08-14,conditional,91.71,100.0,,,87.0,92.0,92.0,100.0,2.2.0,c8f1bf1665a8c5dfb834c0571e7dd5f6b6e5ccd00eab00295338bd42cfde549b
VALN,Valneva SE - American Depositary Shares,nasdaqtrader:Q:VALN,SECURITY:VALN:nasdaqtrader:Q:VALN,,adr,eligible,Q,,,7.13,12.2,,484989.52948888886,40.354330708661415,20.033670033670028,-28.842315369261474,-36.111111111111114,41.557377049180324,76.26479368426621,277.0,full,usable,2026-08-14,rejected,63.93,100.0,,,55.0,95.0,0.0,100.0,2.2.0,c8f1bf1665a8c5dfb834c0571e7dd5f6b6e5ccd00eab00295338bd42cfde549b
VALU,"Value Line, Inc. - Common Stock",nasdaqtrader:Q:VALU,SECURITY:VALU:nasdaqtrader:Q:VALU,,common_equity,eligible,Q,,,37.57,41.0,,120854.61117460317,-7.050964868876797,11.915400655347042,0.859060402684575,-3.5677618069815176,8.365853658536581,58.50226070352937,277.0,full,usable,2026-08-14,rejected,61.0,100.0,,,61.0,82.0,0.0,100.0,2.2.0,c8f1bf1665a8c5dfb834c0571e7dd5f6b6e5ccd00eab00295338bd42cfde549b
VANI,"Vivani Medical, Inc.  - Common Stock",nasdaqtrader:Q:VANI,SECURITY:VANI:nasdaqtrader:Q:VANI,,common_equity,eligible,Q,,,1.4,1.87,,615762.0853968255,3.703703703703698,16.666666666666675,19.658119658119656,11.111111111111093,25.133689839572206,82.3131053943017,277.0,full,usable,2026-08-14,rejected,63.43,100.0,,,57.0,92.0,0.0,100.0,2.2.0,c8f1bf1665a8c5dfb834c0571e7dd5f6b6e5ccd00eab00295338bd42cfde549b
VATE,INNOVATE Corp. Common Stock,nasdaqtrader:N:VATE,SECURITY:VATE:nasdaqtrader:N:VATE,,common_equity,eligible,N,,,7.96,20.06,,4473151.607460317,-14.866310160427808,-31.849315068493144,57.62376237623763,75.33039647577094,60.31904287138584,229.71914276358243,277.0,full,usable,2026-08-14,conditional,73.21,100.0,,,85.0,70.0,45.0,100.0,2.2.0,c8f1bf1665a8c5dfb834c0571e7dd5f6b6e5ccd00eab00295338bd42cfde549b
VAW,Vanguard Materials ETF,US:VAW,SECURITY:VAW:US:VAW,,etf,eligible,P,,,235.48,244.13,,11792321.043936508,4.2823612771799136,0.7056408501902922,-1.514010874111249,14.393976196259416,3.5431941998115835,18.917790580198517,277.0,full,usable,2026-08-14,conditional,53.71,100.0,,,79.0,10.0,62.0,100.0,2.2.0,c8f1bf1665a8c5dfb834c0571e7dd5f6b6e5ccd00eab00295338bd42cfde549b
VBNK,VersaBank - Common Shares,nasdaqtrader:Q:VBNK,SECURITY:VBNK:nasdaqtrader:Q:VBNK,,common_equity,eligible,Q,,,20.43,23.72,,2233938.604285714,-4.932526756630984,15.947786606129387,27.607745159275442,91.83098591549295,13.870151770657667,24.887808668736266,277.0,full,usable,2026-08-14,conditional,74.07,100.0,,,73.0,82.0,45.0,100.0,2.2.0,c8f1bf1665a8c5dfb834c0571e7dd5f6b6e5ccd00eab00295338bd42cfde549b
VC,Visteon Corporation - Common Stock,nasdaqtrader:Q:VC,SECURITY:VC:nasdaqtrader:Q:VC,,common_equity,eligible,Q,,,108.22,128.76,,59684364.05301587,1.8157869978361107,-6.400276768725144,10.091556459816896,-12.329876863253396,15.952159055607328,29.921000909384627,277.0,full,usable,2026-08-14,conditional,81.57,100.0,,,73.0,82.0,80.0,100.0,2.2.0,c8f1bf1665a8c5dfb834c0571e7dd5f6b6e5ccd00eab00295338bd42cfde549b
VCEL,Vericel Corporation - Common Stock,nasdaqtrader:Q:VCEL,SECURITY:VCEL:nasdaqtrader:Q:VCEL,,common_equity,eligible,Q,,,44.2,48.31,,24294633.25230159,-7.550721606358501,33.37356668678335,30.114807182808367,16.530450830477193,8.507555371558684,29.10556096086614,277.0,full,usable,2026-08-14,conditional,75.43,100.0,,,65.0,82.0,62.0,100.0,2.2.0,c8f1bf1665a8c5dfb834c0571e7dd5f6b6e5ccd00eab00295338bd42cfde549b
VCIG,VCI Global Limited - Ordinary Share,nasdaqtrader:Q:VCIG,SECURITY:VCIG:nasdaqtrader:Q:VCIG,,common_equity,eligible,Q,,,0.258,1772.82,,9968390.10267619,-76.11111111111111,-67.50629722921914,-98.78930079774754,-99.98349834983499,99.98544691508444,200.0435698337473,277.0,full,usable,2026-08-14,conditional,41.14,100.0,,,10.0,30.0,62.0,100.0,2.2.0,c8f1bf1665a8c5dfb834c0571e7dd5f6b6e5ccd00eab00295338bd42cfde549b
VCR,Vanguard Consumer Discretion ETF,US:VCR,SECURITY:VCR:US:VCR,,etf,eligible,P,,,398.35,412.7,,23368330.335714288,0.21131543860533064,1.5810276679842028,3.8884832046734985,4.0975252828808095,3.477102011146105,21.259399745955374,277.0,full,usable,2026-08-14,conditional,53.71,100.0,,,79.0,10.0,62.0,100.0,2.2.0,c8f1bf1665a8c5dfb834c0571e7dd5f6b6e5ccd00eab00295338bd42cfde549b
VCRE,Vicore Pharma Holding AB - American Depositary Shares,nasdaqtrader:Q:VCRE,SECURITY:VCRE:nasdaqtrader:Q:VCRE,,adr,eligible,Q,,,12.93,16.25,,472740.65104666667,10.51282051282052,,,,20.43076923076923,,30.0,insufficient,usable,2026-08-14,rejected,,71.43,,,,92.0,0.0,64.0,2.2.0,c8f1bf1665a8c5dfb834c0571e7dd5f6b6e5ccd00eab00295338bd42cfde549b
VCTR,"Victory Capital Holdings, Inc. - Common Stock",nasdaqtrader:Q:VCTR,SECURITY:VCTR:nasdaqtrader:Q:VCTR,,common_equity,eligible,Q,,,118.235,118.235,,49759157.340793654,17.553191489361698,34.46491527351301,56.56117584745763,64.83340303917467,0.0,37.34914918158928,277.0,full,usable,2026-08-14,conditional,55.86,100.0,,,73.0,10.0,80.0,100.0,2.2.0,c8f1bf1665a8c5dfb834c0571e7dd5f6b6e5ccd00eab00295338bd42cfde549b
VCV,Invesco California Value Municipal Income Trust Common Stock,nasdaqtrader:N:VCV,SECURITY:VCV:nasdaqtrader:N:VCV,,common_equity,eligible,N,,,10.76,11.34,,1030477.4143650794,-0.37037037037037646,0.7490636704119868,-4.6099290780141855,5.386875612144948,5.114638447971787,7.652761602217743,277.0,full,usable,2026-08-14,rejected,46.86,100.0,,,79.0,28.0,0.0,100.0,2.2.0,c8f1bf1665a8c5dfb834c0571e7dd5f6b6e5ccd00eab00295338bd42cfde549b
VCYT,"Veracyte, Inc. - Common Stock",nasdaqtrader:Q:VCYT,SECURITY:VCYT:nasdaqtrader:Q:VCYT,,common_equity,eligible,Q,,,41.25,60.49,,67804930.50047618,-30.344478216818636,6.041131105398456,17.354196301564716,34.45241199478488,31.806910233096385,87.06996726960425,277.0,full,usable,2026-08-14,conditional,82.86,100.0,,,65.0,92.0,80.0,100.0,2.2.0,c8f1bf1665a8c5dfb834c0571e7dd5f6b6e5ccd00eab00295338bd42cfde549b
VDC,Vanguard Consumer Staples ETF,US:VDC,SECURITY:VDC:US:VDC,,etf,eligible,P,,,233.28,244.19,,35208422.61603174,0.404579495566848,0.5690636316606268,-3.54750682212851,4.478681476173407,4.467832425570251,16.311831202518746,277.0,full,usable,2026-08-14,conditional,57.57,100.0,,,79.0,10.0,80.0,100.0,2.2.0,c8f1bf1665a8c5dfb834c0571e7dd5f6b6e5ccd00eab00295338bd42cfde549b
VECO,Veeco Instruments Inc. - Common Stock,nasdaqtrader:Q:VECO,SECURITY:VECO:nasdaqtrader:Q:VECO,,common_equity,eligible,Q,,,52.4,83.04,,82730153.38904762,-3.6055923473142015,-11.947571836666103,62.834058421379744,110.35728623042954,36.89788053949904,74.60192112259027,277.0,full,usable,2026-08-14,conditional,89.64,100.0,,,85.0,95.0,80.0,100.0,2.2.0,c8f1bf1665a8c5dfb834c0571e7dd5f6b6e5ccd00eab00295338bd42cfde549b
VEEE,Twin Vee PowerCats Co. - Common Stock,nasdaqtrader:Q:VEEE,SECURITY:VEEE:nasdaqtrader:Q:VEEE,,common_equity,eligible,Q,,,11.71,105.08,,61598532.08682539,-67.63405196241017,78.50609756097565,-68.03166803166802,-84.56163480553724,88.85610963075752,560.0397332142671,277.0,full,usable,2026-08-14,conditional,49.29,100.0,,,25.0,30.0,80.0,100.0,2.2.0,c8f1bf1665a8c5dfb834c0571e7dd5f6b6e5ccd00eab00295338bd42cfde549b
VEEV,Veeva Systems Inc. Class A Common Stock,nasdaqtrader:N:VEEV,NAMECLASS:VEEVA SYSTEMS INC,,common_equity,eligible,N,,,243.75,306.22,,418324093.8611111,23.499012007903943,56.00000000000001,41.72335600907029,-12.690737158822262,20.400365750114304,40.82547694918024,277.0,full,usable,2026-08-14,conditional,81.43,100.0,,,51.0,92.0,92.0,100.0,2.2.0,c8f1bf1665a8c5dfb834c0571e7dd5f6b6e5ccd00eab00295338bd42cfde549b
VEL,"Velocity Financial, Inc. Common Stock",nasdaqtrader:N:VEL,SECURITY:VEL:nasdaqtrader:N:VEL,,common_equity,eligible,N,,,18.16,20.76,,1714687.0592063493,2.483069977426644,4.971098265895946,-8.050632911392409,-4.168865435356195,12.524084778420042,22.72579977125359,277.0,full,usable,2026-08-14,rejected,64.43,100.0,,,73.0,82.0,0.0,100.0,2.2.0,c8f1bf1665a8c5dfb834c0571e7dd5f6b6e5ccd00eab00295338bd42cfde549b
VELO,"Velo3D, Inc. - Common stock",nasdaqtrader:Q:VELO,SECURITY:VELO:nasdaqtrader:Q:VELO,,common_equity,eligible,Q,,,16.16,30.61,,64900653.11333333,56.210729821169636,-18.54838709677419,45.19317160826595,,47.206795164978764,137.48530561044154,249.0,limited_but_usable,usable,2026-08-14,conditional,79.36,100.0,,,49.0,95.0,80.0,100.0,2.2.0,c8f1bf1665a8c5dfb834c0571e7dd5f6b6e5ccd00eab00295338bd42cfde549b
VENU,Venu Holding Corporation Common Stock,nasdaqtrader:A:VENU,SECURITY:VENU:nasdaqtrader:A:VENU,,common_equity,eligible,A,,,1.98,18.1,,1650975.4242857143,-23.55212355212355,-48.70466321243523,-61.84971098265897,-87.51576292559899,89.06077348066297,94.23775450129564,277.0,full,usable,2026-08-14,rejected,32.14,100.0,,,25.0,30.0,0.0,100.0,2.2.0,c8f1bf1665a8c5dfb834c0571e7dd5f6b6e5ccd00eab00295338bd42cfde549b
VEON,VEON Ltd. - American Depositary Shares,nasdaqtrader:Q:VEON,SECURITY:VEON:nasdaqtrader:Q:VEON,,adr,eligible,Q,,,57.08,62.72,,4433779.443174603,10.630875084795033,5.86053412462908,7.172361997746912,0.6169575180680509,8.992346938775508,28.04069849960891,277.0,full,usable,2026-08-14,conditional,72.36,100.0,,,67.0,82.0,45.0,100.0,2.2.0,c8f1bf1665a8c5dfb834c0571e7dd5f6b6e5ccd00eab00295338bd42cfde549b
VERA,"Vera Therapeutics, Inc. - Class A Common Stock",nasdaqtrader:Q:VERA,NAMECLASS:VERA THERAPEUTICS INC,,common_equity,eligible,Q,,,31.63,55.67,,70937167.87674603,-19.146216768916158,-20.045500505561176,-25.118371212121215,43.96904870277651,43.18304293156099,60.76080653116674,277.0,full,usable,2026-08-14,conditional,90.21,100.0,,,87.0,95.0,80.0,100.0,2.2.0,c8f1bf1665a8c5dfb834c0571e7dd5f6b6e5ccd00eab00295338bd42cfde549b
VERI,"Veritone, Inc. - Common Stock",nasdaqtrader:Q:VERI,SECURITY:VERI:nasdaqtrader:Q:VERI,,common_equity,eligible,Q,,,1.15,8.39,,4208443.494047619,11.650485436893199,-44.44444444444444,-63.141025641025635,-56.27376425855514,86.29320619785459,104.6162778068637,277.0,full,usable,2026-08-14,conditional,50.93,100.0,,,57.0,30.0,45.0,100.0,2.2.0,c8f1bf1665a8c5dfb834c0571e7dd5f6b6e5ccd00eab00295338bd42cfde549b
VERU,Veru Inc. - Common Stock,nasdaqtrader:Q:VERU,SECURITY:VERU:nasdaqtrader:Q:VERU,,common_equity,eligible,Q,,,2.73,4.43,,7809685.248095238,16.170212765957448,30.622009569377994,21.87499999999998,-19.94134897360704,38.3747178329571,80.22866269640869,277.0,full,usable,2026-08-14,conditional,76.07,100.0,,,51.0,95.0,62.0,100.0,2.2.0,c8f1bf1665a8c5dfb834c0571e7dd5f6b6e5ccd00eab00295338bd42cfde549b
VERX,"Vertex, Inc. - Class A Common Stock",nasdaqtrader:Q:VERX,NAMECLASS:VERTEX INC,,common_equity,eligible,Q,,,12.72,25.94,,25330892.403412696,-3.3434650455926973,2.746365105008075,2.829426030719495,-52.0,50.96376252891288,73.09452927588787,277.0,full,usable,2026-08-14,conditional,75.57,100.0,,,67.0,70.0,80.0,100.0,2.2.0,c8f1bf1665a8c5dfb834c0571e7dd5f6b6e5ccd00eab00295338bd42cfde549b
VET,Vermilion Energy Inc. Common (Canada),qrgf-resolution-required:N:VET,SECURITY:VET:qrgf-resolution-required:N:VET,,common_equity,eligible,N,,,11.34,14.42,,15892828.137142858,17.269906928645295,-9.856915739268679,13.513513513513509,54.70668485675307,21.359223300970875,54.65634719686897,277.0,full,usable,2026-08-14,conditional,87.57,100.0,,,95.0,92.0,62.0,100.0,2.2.0,c8f1bf1665a8c5dfb834c0571e7dd5f6b6e5ccd00eab00295338bd42cfde549b
VFC,V.F. Corporation Common Stock,nasdaqtrader:N:VFC,SECURITY:VFC:nasdaqtrader:N:VFC,,common_equity,eligible,N,,,14.87,21.55,,135074160.2509524,-14.931350114416485,-13.946759259259267,-26.313181367690785,13.685015290519864,30.997679814385158,67.92531874433757,277.0,full,usable,2026-08-14,conditional,89.43,100.0,,,79.0,92.0,92.0,100.0,2.2.0,c8f1bf1665a8c5dfb834c0571e7dd5f6b6e5ccd00eab00295338bd42cfde549b
VFF,"Village Farms International, Inc. - Common Shares",nasdaqtrader:Q:VFF,SECURITY:VFF:nasdaqtrader:Q:VFF,,common_equity,eligible,Q,,,2.53,4.18,,2189304.7604761906,31.770833333333325,-4.166666666666674,-18.387096774193555,-2.692307692307705,39.473684210526315,52.62905445408964,277.0,full,usable,2026-08-14,conditional,78.71,100.0,,,73.0,95.0,45.0,100.0,2.2.0,c8f1bf1665a8c5dfb834c0571e7dd5f6b6e5ccd00eab00295338bd42cfde549b
VFH,Vanguard Financials ETF,US:VFH,SECURITY:VFH:US:VFH,,etf,eligible,P,,,142.63,142.74,,71116847.20761904,2.4714419139306054,13.396406423914776,12.422164420272708,10.411828456417393,0.07706319181729482,11.960016387197868,277.0,full,usable,2026-08-14,conditional,54.14,100.0,,,67.0,10.0,80.0,100.0,2.2.0,c8f1bf1665a8c5dfb834c0571e7dd5f6b6e5ccd00eab00295338bd42cfde549b
VFS,VinFast Auto Ltd. - Ordinary Shares,nasdaqtrader:Q:VFS,SECURITY:VFS:nasdaqtrader:Q:VFS,,common_equity,eligible,Q,,,3.17,4.76,,1478812.511825397,1.9292604501607746,-18.508997429305918,-0.9375000000000022,-10.451977401129941,33.40336134453782,40.85030398318604,277.0,full,usable,2026-08-14,rejected,68.0,100.0,,,73.0,92.0,0.0,100.0,2.2.0,c8f1bf1665a8c5dfb834c0571e7dd5f6b6e5ccd00eab00295338bd42cfde549b
VG,"Venture Global, Inc. Class A common stock",nasdaqtrader:N:VG,NAMECLASS:VENTURE GLOBAL INC,,common_equity,eligible,N,,,13.99,17.53,,190981755.73761904,10.418310970797151,7.532667179093,50.7543103448276,2.56598240469208,20.19395322304621,81.45253537504772,277.0,full,usable,2026-08-14,conditional,83.14,100.0,,,57.0,92.0,92.0,100.0,2.2.0,c8f1bf1665a8c5dfb834c0571e7dd5f6b6e5ccd00eab00295338bd42cfde549b
VGAS,"Verde Clean Fuels, Inc. - Class A Common Stock",nasdaqtrader:Q:VGAS,NAMECLASS:VERDE CLEAN FUELS INC,,common_equity,eligible,Q,,,1.39,3.35,,242426.08153650796,27.522935779816503,-24.04371584699454,39.334402566158765,-48.89705882352941,58.507462686567166,134.65667829331014,277.0,full,usable,2026-08-14,rejected,55.57,100.0,,,57.0,70.0,0.0,100.0,2.2.0,c8f1bf1665a8c5dfb834c0571e7dd5f6b6e5ccd00eab00295338bd42cfde549b
VGM,Invesco Trust for Investment Grade Municipals Common Stock (DE),nasdaqtrader:N:VGM,SECURITY:VGM:nasdaqtrader:N:VGM,,common_equity,eligible,N,,,10.51,10.63,,1833431.8463492063,-0.18993352326684976,2.038834951456292,-1.0357815442561202,8.35051546391754,1.128880526810927,9.035574105549623,277.0,full,usable,2026-08-14,rejected,40.43,100.0,,,79.0,10.0,0.0,100.0,2.2.0,c8f1bf1665a8c5dfb834c0571e7dd5f6b6e5ccd00eab00295338bd42cfde549b
VGNT,Versigent PLC Ordinary Shares,nasdaqtrader:N:VGNT,SECURITY:VGNT:nasdaqtrader:N:VGNT,,common_equity,eligible,N,,,46.2,50.17,,59714576.60746032,14.725602185249564,3.0559892928842425,,,7.913095475383692,49.91050761944041,94.0,insufficient,usable,2026-08-14,recheck,,71.43,,,,28.0,80.0,88.0,2.2.0,c8f1bf1665a8c5dfb834c0571e7dd5f6b6e5ccd00eab00295338bd42cfde549b
VGT,Vanguard Information Tech ETF,US:VGT,SECURITY:VGT:US:VGT,,etf,eligible,P,,,122.56,125.77,,563749202.4919047,7.282913165266103,6.398124837225461,34.37123122464642,38.62685216604458,2.5522779677188523,27.844023232246446,277.0,full,usable,2026-08-14,conditional,57.86,100.0,,,65.0,10.0,100.0,100.0,2.2.0,c8f1bf1665a8c5dfb834c0571e7dd5f6b6e5ccd00eab00295338bd42cfde549b
VGZ,Vista Gold Corp Common Stock,nasdaqtrader:A:VGZ,SECURITY:VGZ:nasdaqtrader:A:VGZ,,common_equity,eligible,A,,,2.31,3.05,,4179583.6153968256,49.03225806451612,0.8733624454148492,-12.16730038022813,110.00000000000001,24.26229508196721,60.15490597152136,277.0,full,usable,2026-08-14,conditional,83.93,100.0,,,95.0,92.0,45.0,100.0,2.2.0,c8f1bf1665a8c5dfb834c0571e7dd5f6b6e5ccd00eab00295338bd42cfde549b
VHC,VirnetX Holding Corp - Common Stock,nasdaqtrader:Q:VHC,SECURITY:VHC:nasdaqtrader:Q:VHC,,common_equity,eligible,Q,,,15.0,24.84,,285842.44297142857,34.52914798206277,11.872673980653481,-19.18103448275862,1.6949152542372836,39.61352657004831,86.38241349740825,277.0,full,usable,2026-08-14,rejected,67.36,100.0,,,67.0,95.0,0.0,100.0,2.2.0,c8f1bf1665a8c5dfb834c0571e7dd5f6b6e5ccd00eab00295338bd42cfde549b
VHCP,Vine Hill Capital Investment Corp. II - Class A Ordinary Shares,nasdaqtrader:Q:VHCP,NAMECLASS:VINE HILL CAPITAL INVESTMENT CORP II,,common_equity,eligible,Q,,,10.02,10.04,,166221.40436507936,0.30030030030030463,0.8048289738430636,0.6024096385542022,,0.19920318725099584,0.941588646276475,130.0,limited_but_usable,usable,2026-08-14,rejected,34.71,100.0,,,59.0,10.0,0.0,100.0,2.2.0,c8f1bf1665a8c5dfb834c0571e7dd5f6b6e5ccd00eab00295338bd42cfde549b
VHI,"Valhi, Inc. Common Stock",nasdaqtrader:N:VHI,SECURITY:VHI:nasdaqtrader:N:VHI,,common_equity,eligible,N,,,16.21,17.55,,192158.89253968254,16.618705035971225,17.976710334788937,4.580645161290331,-7.159221076746847,7.635327635327638,46.89813016733497,277.0,full,usable,2026-08-14,rejected,41.71,100.0,,,61.0,28.0,0.0,100.0,2.2.0,c8f1bf1665a8c5dfb834c0571e7dd5f6b6e5ccd00eab00295338bd42cfde549b
VHT,Vanguard Health Care ETF,US:VHT,SECURITY:VHT:US:VHT,,etf,eligible,P,,,314.7,316.72,,73627472.53365079,3.468683215518653,14.812112367748975,9.34296932003753,27.079631723469568,0.6377873200303252,15.597677610398303,277.0,full,usable,2026-08-14,conditional,56.43,100.0,,,75.0,10.0,80.0,100.0,2.2.0,c8f1bf1665a8c5dfb834c0571e7dd5f6b6e5ccd00eab00295338bd42cfde549b
VHUB,"VenHub Global, Inc. - Common Stock",nasdaqtrader:Q:VHUB,SECURITY:VHUB:nasdaqtrader:Q:VHUB,,common_equity,eligible,Q,,,0.6597,8.08,,217774.53112222222,-34.68316831683169,-45.92622950819673,-73.50602409638554,,91.83539603960395,94.73398492160679,136.0,limited_but_usable,usable,2026-08-14,rejected,35.57,100.0,,,37.0,30.0,0.0,100.0,2.2.0,c8f1bf1665a8c5dfb834c0571e7dd5f6b6e5ccd00eab00295338bd42cfde549b
VIA,"Via Transportation, Inc. Class A Common Stock",nasdaqtrader:N:VIA,NAMECLASS:VIA TRANSPORTATION INC,,common_equity,eligible,N,,,26.19,53.93,,17763362.521904763,42.25964149918524,82.1279554937413,49.74271012006864,138.74202370100272,51.43704802521787,55.53915655321183,948.0,full,usable,2026-08-14,conditional,73.43,100.0,,,73.0,70.0,62.0,100.0,2.2.0,c8f1bf1665a8c5dfb834c0571e7dd5f6b6e5ccd00eab00295338bd42cfde549b
VIAV,Viavi Solutions Inc. - Common Stock,nasdaqtrader:Q:VIAV,SECURITY:VIAV:nasdaqtrader:Q:VIAV,,common_equity,eligible,Q,,,43.54,55.33,,314764693.01682544,17.89872732196047,-18.019205422707586,64.30188679245283,294.7416137805984,21.30851256099765,84.81297866127558,277.0,full,usable,2026-08-14,conditional,91.14,100.0,,,85.0,92.0,92.0,100.0,2.2.0,c8f1bf1665a8c5dfb834c0571e7dd5f6b6e5ccd00eab00295338bd42cfde549b
VICI,VICI Properties Inc. Common Stock,nasdaqtrader:N:VICI,SECURITY:VICI:nasdaqtrader:N:VICI,,common_equity,eligible,N,,,26.36,33.78,,265722365.0722222,-2.9097605893185996,-5.451936872309904,-9.291121816930492,-20.121212121212118,21.96566015393725,20.562398444133038,277.0,full,usable,2026-08-14,conditional,87.71,100.0,,,73.0,92.0,92.0,100.0,2.2.0,c8f1bf1665a8c5dfb834c0571e7dd5f6b6e5ccd00eab00295338bd42cfde549b
VICR,Vicor Corporation - Common Stock,nasdaqtrader:Q:VICR,SECURITY:VICR:nasdaqtrader:Q:VICR,,common_equity,eligible,Q,,,234.74,379.78,,236065017.8140476,1.8792587127294924,-19.205617126729546,42.88149004808572,374.41390460792246,38.19053136026119,90.54359651716072,277.0,full,usable,2026-08-14,conditional,92.21,100.0,,,85.0,95.0,92.0,100.0,2.2.0,c8f1bf1665a8c5dfb834c0571e7dd5f6b6e5ccd00eab00295338bd42cfde549b
VIDA,VIDA Global Inc. Class A Common Stock,nasdaqtrader:A:VIDA,NAMECLASS:VIDA GLOBAL INC,,common_equity,eligible,A,,,2.35,5.59,,5548216.0030000005,-0.8438818565400852,,,,57.960644007155636,95.0686723713512,63.0,insufficient,usable,2026-08-14,recheck,,71.43,,,,70.0,62.0,76.0,2.2.0,c8f1bf1665a8c5dfb834c0571e7dd5f6b6e5ccd00eab00295338bd42cfde549b
VIK,Viking Holdings Ltd Ordinary Shares,nasdaqtrader:N:VIK,SECURITY:VIK:nasdaqtrader:N:VIK,,common_equity,eligible,N,,,97.99,108.26,,259760994.41841272,-0.08157438564290187,12.99584870848709,30.392548236859596,63.343890648441395,9.486421577683368,34.26547573873092,277.0,full,usable,2026-08-14,conditional,84.14,100.0,,,73.0,82.0,92.0,100.0,2.2.0,c8f1bf1665a8c5dfb834c0571e7dd5f6b6e5ccd00eab00295338bd42cfde549b
VINP,Vinci Compass Investments Ltd. - Class A Common Shares,nasdaqtrader:Q:VINP,NAMECLASS:VINCI COMPASS INVESTMENTS LTD,,common_equity,eligible,Q,,,9.53,13.39,,506185.2249206349,-3.444782168186422,-9.021479713603819,-21.821164889253485,-5.456349206349209,28.827483196415237,21.92471402038381,277.0,full,usable,2026-08-14,rejected,68.0,100.0,,,73.0,92.0,0.0,100.0,2.2.0,c8f1bf1665a8c5dfb834c0571e7dd5f6b6e5ccd00eab00295338bd42cfde549b
VIPS,"Vipshop Holdings Limited American Depositary Shares, each representing two ordinary shares",nasdaqtrader:N:VIPS,SECURITY:VIPS:nasdaqtrader:N:VIPS,,adr,eligible,N,,,14.18,20.68,,34660867.8763492,-2.876712328767128,0.21201413427560656,-17.98727588201272,-13.325183374083128,31.431334622823982,25.41289931681429,277.0,full,usable,2026-08-14,conditional,85.14,100.0,,,73.0,92.0,80.0,100.0,2.2.0,c8f1bf1665a8c5dfb834c0571e7dd5f6b6e5ccd00eab00295338bd42cfde549b
VIR,"Vir Biotechnology, Inc. - Common Stock",nasdaqtrader:Q:VIR,SECURITY:VIR:nasdaqtrader:Q:VIR,,common_equity,eligible,Q,,,9.24,11.09,,17049090.4515873,-1.7021276595744705,1.650165016501659,19.844357976653693,102.18818380743984,16.681695220919746,37.79826770401723,277.0,full,usable,2026-08-14,conditional,81.14,100.0,,,85.0,82.0,62.0,100.0,2.2.0,c8f1bf1665a8c5dfb834c0571e7dd5f6b6e5ccd00eab00295338bd42cfde549b
