ticker,company,contract_id,issuer_id,issuer_cik,security_type,instrument_status,exchange,sector,industry,current_price,reference_52w_high,market_cap,avg_dollar_volume,return_1m_pct,return_3m_pct,return_6m_pct,return_12m_pct,drawdown_pct,historical_volatility_pct,trading_history_days,momentum_history_status,data_integrity_status,as_of,l2_status,l2_setup_score,l2_confidence_pct,l2_quality_prior_score,l2_room_to_target_score,setup_prior_growth,setup_pullback_geometry,setup_liquidity,setup_data_completeness,setup_model_version,l2_rules_hash
FNWB,First Northwest Bancorp - Common Stock,nasdaqtrader:Q:FNWB,SECURITY:FNWB:nasdaqtrader:Q:FNWB,,common_equity,eligible,Q,,,11.51,12.17,,281910.3500793651,-4.954582989265067,23.896663078579117,12.78784909358157,45.51201011378001,5.42317173377157,25.56320370886402,277.0,full,usable,2026-08-14,rejected,45.71,100.0,,,75.0,28.0,0.0,100.0,2.2.0,c8f1bf1665a8c5dfb834c0571e7dd5f6b6e5ccd00eab00295338bd42cfde549b
FNWD,Finward Bancorp - common stock,nasdaqtrader:Q:FNWD,SECURITY:FNWD:nasdaqtrader:Q:FNWD,,common_equity,eligible,Q,,,45.28,45.28,,896226.4277777778,24.600990643918543,39.796233405372035,22.477684609142546,51.235804943219776,0.0,61.116277060123295,277.0,full,usable,2026-08-14,rejected,38.71,100.0,,,73.0,10.0,0.0,100.0,2.2.0,c8f1bf1665a8c5dfb834c0571e7dd5f6b6e5ccd00eab00295338bd42cfde549b
FOA,Finance of America Companies Inc. Class A Common Stock,nasdaqtrader:N:FOA,NAMECLASS:FINANCE OF AMERICA COMPANIES INC,,common_equity,eligible,N,,,21.76,28.71,,1320739.0903174602,-11.364562118126265,7.616221562809122,1.9203747072599642,-24.549237170596385,24.20759317311041,46.097716245657246,277.0,full,usable,2026-08-14,rejected,64.57,100.0,,,61.0,92.0,0.0,100.0,2.2.0,c8f1bf1665a8c5dfb834c0571e7dd5f6b6e5ccd00eab00295338bd42cfde549b
FOCL,"EDAP TMS S.A. - American Depositary Shares, each representing One Ordinary Share",nasdaqtrader:Q:FOCL,SECURITY:FOCL:nasdaqtrader:Q:FOCL,,adr,eligible,Q,,,4.76,6.34,,395534.7712698413,-12.50000000000001,15.254237288135597,-0.20964360587001352,255.2238805970149,24.9211356466877,77.9756501062471,277.0,full,usable,2026-08-14,rejected,70.86,100.0,,,83.0,92.0,0.0,100.0,2.2.0,c8f1bf1665a8c5dfb834c0571e7dd5f6b6e5ccd00eab00295338bd42cfde549b
FOFO,"Hang Feng Technology Innovation Co., Ltd. - Ordinary Shares",nasdaqtrader:Q:FOFO,SECURITY:FOFO:nasdaqtrader:Q:FOFO,,common_equity,eligible,Q,,,2.53,45.0,,948306.285952381,-7.326007326007334,4.979253112033177,-44.12544169611308,,94.37777777777778,92.71529798805905,232.0,limited_but_usable,usable,2026-08-14,rejected,41.86,100.0,,,59.0,30.0,0.0,100.0,2.2.0,c8f1bf1665a8c5dfb834c0571e7dd5f6b6e5ccd00eab00295338bd42cfde549b
FOIL,"Londian Wason New Energy Tech Inc. American Depositary Shares, each representing five Ordinary Shares",nasdaqtrader:N:FOIL,SECURITY:FOIL:nasdaqtrader:N:FOIL,,adr,eligible,N,,,24.1,24.5,,4142150.92,,,,,1.6326530612244872,,3.0,insufficient,usable,2026-08-14,recheck,,71.43,,,,10.0,45.0,64.0,2.2.0,c8f1bf1665a8c5dfb834c0571e7dd5f6b6e5ccd00eab00295338bd42cfde549b
FOR,Forestar Group Inc Common Stock,nasdaqtrader:N:FOR,SECURITY:FOR:nasdaqtrader:N:FOR,,common_equity,eligible,N,,,29.44,31.98,,4215978.038888888,-4.786545924967656,11.304347826086957,-0.9754456777665621,8.314937454010307,7.94246404002501,33.31834522274453,277.0,full,usable,2026-08-14,conditional,53.07,100.0,,,67.0,28.0,45.0,100.0,2.2.0,c8f1bf1665a8c5dfb834c0571e7dd5f6b6e5ccd00eab00295338bd42cfde549b
FORM,"FormFactor, Inc. - Common Stock",nasdaqtrader:Q:FORM,SECURITY:FORM:nasdaqtrader:Q:FORM,,common_equity,eligible,Q,,,131.6,159.93,,207170496.9880159,22.86434506582018,2.8205328541292207,40.47822374039281,330.6282722513089,17.713999874945298,112.43657999295074,277.0,full,usable,2026-08-14,conditional,87.57,100.0,,,85.0,82.0,92.0,100.0,2.2.0,c8f1bf1665a8c5dfb834c0571e7dd5f6b6e5ccd00eab00295338bd42cfde549b
FORR,"Forrester Research, Inc. - Common Stock",nasdaqtrader:Q:FORR,SECURITY:FORR:nasdaqtrader:Q:FORR,,common_equity,eligible,Q,,,11.38,11.99,,1246090.0942857142,8.639618138424844,76.70807453416148,83.25281803542674,11.568627450980419,5.087572977481225,70.9000509565087,277.0,full,usable,2026-08-14,rejected,40.57,100.0,,,57.0,28.0,0.0,100.0,2.2.0,c8f1bf1665a8c5dfb834c0571e7dd5f6b6e5ccd00eab00295338bd42cfde549b
FORTY,Formula Systems (1985) Ltd. - American Depositary Shares,nasdaqtrader:Q:FORTY,SECURITY:FORTY:nasdaqtrader:Q:FORTY,,adr,eligible,Q,,,109.25,190.5599,,51424.22071111111,1.157407407407418,-22.758766968325794,-7.92246101980616,-12.94820717131474,42.66894556514775,40.4848098511195,277.0,full,usable,2026-08-14,rejected,69.07,100.0,,,73.0,95.0,0.0,100.0,2.2.0,c8f1bf1665a8c5dfb834c0571e7dd5f6b6e5ccd00eab00295338bd42cfde549b
FOSL,"Fossil Group, Inc. - Common Stock",nasdaqtrader:Q:FOSL,SECURITY:FOSL:nasdaqtrader:Q:FOSL,,common_equity,eligible,Q,,,5.57,6.09,,4340371.399047619,32.30403800475061,28.045977011494273,45.81151832460735,207.73480662983425,8.538587848932666,73.43174105578116,277.0,full,usable,2026-08-14,conditional,74.07,100.0,,,73.0,82.0,45.0,100.0,2.2.0,c8f1bf1665a8c5dfb834c0571e7dd5f6b6e5ccd00eab00295338bd42cfde549b
FOUR,"Shift4 Payments, Inc. Class A Common Stock",nasdaqtrader:N:FOUR,NAMECLASS:SHIFT4 PAYMENTS INC,,common_equity,eligible,N,,,45.37,91.53,,71072548.33539683,-12.158760890609877,7.97239409804853,-16.859080080630385,-49.63924963924964,50.431552496449264,90.58842122916018,277.0,full,usable,2026-08-14,conditional,72.14,100.0,,,55.0,70.0,80.0,100.0,2.2.0,c8f1bf1665a8c5dfb834c0571e7dd5f6b6e5ccd00eab00295338bd42cfde549b
FOX,Fox Corporation - Class B Common Stock,nasdaqtrader:Q:FOX,NAMECLASS:FOX CORPORATION,,common_equity,eligible,Q,,,61.41,67.76,,87909601.95063493,20.223179326546582,4.7952218430034055,19.497956800934023,14.187430271476376,9.371310507674158,34.997768595049,277.0,full,usable,2026-08-14,conditional,80.43,100.0,,,69.0,82.0,80.0,100.0,2.2.0,c8f1bf1665a8c5dfb834c0571e7dd5f6b6e5ccd00eab00295338bd42cfde549b
FOXA,Fox Corporation - Class A Common Stock,nasdaqtrader:Q:FOXA,NAMECLASS:FOX CORPORATION,,common_equity,eligible,Q,,,69.04,76.11,,349508265.1411111,21.52790001760254,5.695039804041668,22.34626971469078,16.779431664411383,9.28918670345552,34.506728472007815,277.0,full,usable,2026-08-14,conditional,81.86,100.0,,,65.0,82.0,92.0,100.0,2.2.0,c8f1bf1665a8c5dfb834c0571e7dd5f6b6e5ccd00eab00295338bd42cfde549b
FOXF,Fox Factory Holding Corp. - Common Stock,nasdaqtrader:Q:FOXF,SECURITY:FOXF:nasdaqtrader:Q:FOXF,,common_equity,eligible,Q,,,21.02,30.35,,10951612.741349207,7.629288274449553,30.154798761609914,10.34120734908135,-30.026631158455398,30.741350906095555,56.37583684028802,277.0,full,usable,2026-08-14,conditional,76.14,100.0,,,55.0,92.0,62.0,100.0,2.2.0,c8f1bf1665a8c5dfb834c0571e7dd5f6b6e5ccd00eab00295338bd42cfde549b
FPH,"Five Point Holdings, LLC Class A Common Shares",nasdaqtrader:N:FPH,NAMECLASS:FIVE POINT HOLDINGS LLC,,common_equity,eligible,N,,,5.16,6.49,,866907.868888889,-3.9106145251396662,5.954825462012314,-2.824858757062132,-7.360861759425497,20.493066255778125,27.245567635926417,277.0,full,usable,2026-08-14,rejected,64.57,100.0,,,61.0,92.0,0.0,100.0,2.2.0,c8f1bf1665a8c5dfb834c0571e7dd5f6b6e5ccd00eab00295338bd42cfde549b
FPI,Farmland Partners Inc. Common Stock,nasdaqtrader:N:FPI,SECURITY:FPI:nasdaqtrader:N:FPI,,common_equity,eligible,N,,,9.92,13.04,,4163203.294920635,0.9155645981688609,-4.154589371980677,-16.357504215851606,-8.9908256880734,23.926380368098155,18.515683271261786,277.0,full,usable,2026-08-14,conditional,77.64,100.0,,,73.0,92.0,45.0,100.0,2.2.0,c8f1bf1665a8c5dfb834c0571e7dd5f6b6e5ccd00eab00295338bd42cfde549b
FPS,"Forgent Power Solutions, Inc. Class A Common Stock",nasdaqtrader:N:FPS,NAMECLASS:FORGENT POWER SOLUTIONS INC,,common_equity,eligible,N,,,39.66,64.59,,382460066.72698414,0.2021222839817982,-20.98027495517035,24.992121021115654,,38.59730608453322,87.33175977322587,132.0,limited_but_usable,usable,2026-08-14,conditional,81.93,100.0,,,49.0,95.0,92.0,100.0,2.2.0,c8f1bf1665a8c5dfb834c0571e7dd5f6b6e5ccd00eab00295338bd42cfde549b
FR,"First Industrial Realty Trust, Inc. Common Stock",nasdaqtrader:N:FR,SECURITY:FR:nasdaqtrader:N:FR,,common_equity,eligible,N,,,62.87,68.86,,71630301.91333333,-8.459522422830535,2.511006032936569,8.359186487418114,28.253773969808236,8.69880917804241,19.95083072487744,277.0,full,usable,2026-08-14,conditional,85.57,100.0,,,87.0,82.0,80.0,100.0,2.2.0,c8f1bf1665a8c5dfb834c0571e7dd5f6b6e5ccd00eab00295338bd42cfde549b
FRAF,Franklin Financial Services Corporation - Common Stock,nasdaqtrader:Q:FRAF,SECURITY:FRAF:nasdaqtrader:Q:FRAF,,common_equity,eligible,Q,,,64.06,64.17,,2093032.0376190478,0.8977791778232769,13.70252041178559,29.12719209836727,48.803716608594684,0.1714196665108303,21.6569519372462,277.0,full,usable,2026-08-14,conditional,46.07,100.0,,,65.0,10.0,45.0,100.0,2.2.0,c8f1bf1665a8c5dfb834c0571e7dd5f6b6e5ccd00eab00295338bd42cfde549b
FRBA,First Bank  - Common Stock,nasdaqtrader:Q:FRBA,SECURITY:FRBA:nasdaqtrader:Q:FRBA,,common_equity,eligible,Q,,,19.02,19.02,,1737339.0411904762,4.276315789473695,25.960264900662256,10.069444444444443,18.283582089552255,0.0,23.12847112868984,277.0,full,usable,2026-08-14,rejected,39.29,100.0,,,75.0,10.0,0.0,100.0,2.2.0,c8f1bf1665a8c5dfb834c0571e7dd5f6b6e5ccd00eab00295338bd42cfde549b
FRBT,"Forbright, Inc. - Class A Common Stock",nasdaqtrader:Q:FRBT,NAMECLASS:FORBRIGHT INC,,common_equity,eligible,Q,,,19.34,20.22,,3618484.2048888886,3.5331905781584627,,,,4.352126607319484,35.12359694048454,45.0,insufficient,usable,2026-08-14,recheck,,71.43,,,,10.0,45.0,76.0,2.2.0,c8f1bf1665a8c5dfb834c0571e7dd5f6b6e5ccd00eab00295338bd42cfde549b
FRD,Friedman Industries Inc. - Common Stock,nasdaqtrader:Q:FRD,SECURITY:FRD:nasdaqtrader:Q:FRD,,common_equity,eligible,Q,,,45.85,45.85,,2927021.8327777777,30.92518560822386,119.37799043062202,124.75490196078431,160.51136363636363,0.0,62.86271018122138,277.0,full,usable,2026-08-14,conditional,48.36,100.0,,,73.0,10.0,45.0,100.0,2.2.0,c8f1bf1665a8c5dfb834c0571e7dd5f6b6e5ccd00eab00295338bd42cfde549b
FRGT,"Freight Technologies, Inc. - Ordinary Shares",nasdaqtrader:Q:FRGT,SECURITY:FRGT:nasdaqtrader:Q:FRGT,,common_equity,eligible,Q,,,1.83,37.25,,1386132.9937142858,-58.171428571428564,-39.99999999999999,-72.48120300751879,-94.92653174383145,95.08724832214766,146.36330875653587,277.0,full,usable,2026-08-14,rejected,35.57,100.0,,,37.0,30.0,0.0,100.0,2.2.0,c8f1bf1665a8c5dfb834c0571e7dd5f6b6e5ccd00eab00295338bd42cfde549b
FRHC,Freedom Holding Corp. - Common Stock,nasdaqtrader:Q:FRHC,SECURITY:FRHC:nasdaqtrader:Q:FRHC,,common_equity,eligible,Q,,,146.45,175.4,,23824042.215476193,-2.151399746108107,3.4032337781543465,24.882749211221956,-15.905828308929093,16.50513112884836,53.29410039197868,277.0,full,usable,2026-08-14,conditional,74.86,100.0,,,63.0,82.0,62.0,100.0,2.2.0,c8f1bf1665a8c5dfb834c0571e7dd5f6b6e5ccd00eab00295338bd42cfde549b
FRME,First Merchants Corporation - Common Stock,nasdaqtrader:Q:FRME,SECURITY:FRME:nasdaqtrader:Q:FRME,,common_equity,eligible,Q,,,43.7,45.23,,17920997.230079368,-3.3827105903161514,9.881820467689217,4.947166186359286,10.688956433637298,3.3827105903161514,23.11783170808163,277.0,full,usable,2026-08-14,conditional,50.29,100.0,,,67.0,10.0,62.0,100.0,2.2.0,c8f1bf1665a8c5dfb834c0571e7dd5f6b6e5ccd00eab00295338bd42cfde549b
FRMI,Fermi Inc. - Common Stock,nasdaqtrader:Q:FRMI,SECURITY:FRMI:nasdaqtrader:Q:FRMI,,common_equity,eligible,Q,,,6.4,32.53,,137888345.53904763,7.925801011804401,-13.161465400271366,-30.885529157667378,,80.32585305871504,135.8116898567982,219.0,limited_but_usable,usable,2026-08-14,conditional,61.57,100.0,,,59.0,30.0,92.0,100.0,2.2.0,c8f1bf1665a8c5dfb834c0571e7dd5f6b6e5ccd00eab00295338bd42cfde549b
FRMM,"Forum Markets, Incorporated - Common Stock",nasdaqtrader:Q:FRMM,SECURITY:FRMM:nasdaqtrader:Q:FRMM,,common_equity,eligible,Q,,,6.09,76.1,,1709723.5359523809,4.191616766467066,25.051334702258732,79.11764705882354,-94.30841121495327,91.99737187910644,97.73611324254261,277.0,full,usable,2026-08-14,rejected,32.14,100.0,,,25.0,30.0,0.0,100.0,2.2.0,c8f1bf1665a8c5dfb834c0571e7dd5f6b6e5ccd00eab00295338bd42cfde549b
FRNM,"Freenome, Inc. - Common stock",nasdaqtrader:Q:FRNM,SECURITY:FRNM:nasdaqtrader:Q:FRNM,,common_equity,eligible,Q,,,11.56,14.2,,4157751.552730159,-3.6666666666666625,2.3008849557522026,-17.839374555792464,9.366130558183539,18.591549295774644,70.19301056625072,277.0,full,usable,2026-08-14,conditional,75.79,100.0,,,79.0,82.0,45.0,100.0,2.2.0,c8f1bf1665a8c5dfb834c0571e7dd5f6b6e5ccd00eab00295338bd42cfde549b
FRO,Frontline Plc Ordinary Shares,nasdaqtrader:N:FRO,SECURITY:FRO:nasdaqtrader:N:FRO,,common_equity,eligible,N,,,41.21,42.88,,103673797.57396825,10.868980360505788,11.168060426220672,38.80094307847759,118.85289431757835,3.894589552238814,39.3134272467757,277.0,full,usable,2026-08-14,conditional,58.43,100.0,,,73.0,10.0,92.0,100.0,2.2.0,c8f1bf1665a8c5dfb834c0571e7dd5f6b6e5ccd00eab00295338bd42cfde549b
FROG,JFrog Ltd. - Ordinary shares,nasdaqtrader:Q:FROG,SECURITY:FROG:nasdaqtrader:Q:FROG,,common_equity,eligible,Q,,,96.17,98.1,,233298833.57738096,11.140644863053284,47.771972956361395,80.4315196998124,129.30376728659994,1.9673802242609506,66.4826184155886,277.0,full,usable,2026-08-14,conditional,58.43,100.0,,,73.0,10.0,92.0,100.0,2.2.0,c8f1bf1665a8c5dfb834c0571e7dd5f6b6e5ccd00eab00295338bd42cfde549b
FRPH,"FRP Holdings, Inc. - Common Stock",nasdaqtrader:Q:FRPH,SECURITY:FRPH:nasdaqtrader:Q:FRPH,,common_equity,eligible,Q,,,22.14,26.22,,1746748.6023809523,-9.558823529411764,0.7279344858962755,-6.54284508231322,-16.798196166854563,15.56064073226544,24.707750028155605,277.0,full,usable,2026-08-14,rejected,64.43,100.0,,,73.0,82.0,0.0,100.0,2.2.0,c8f1bf1665a8c5dfb834c0571e7dd5f6b6e5ccd00eab00295338bd42cfde549b
FRPT,"Freshpet, Inc. - Common Stock",nasdaqtrader:Q:FRPT,SECURITY:FRPT:nasdaqtrader:Q:FRPT,,common_equity,eligible,Q,,,72.76,85.5,,85745148.35333334,27.806077639206062,47.4665585731658,7.173368684636916,13.298037994394285,14.900584795321636,58.062941559458636,277.0,full,usable,2026-08-14,conditional,79.86,100.0,,,67.0,82.0,80.0,100.0,2.2.0,c8f1bf1665a8c5dfb834c0571e7dd5f6b6e5ccd00eab00295338bd42cfde549b
FRSH,Freshworks Inc. - Class A Common Stock,nasdaqtrader:Q:FRSH,NAMECLASS:FRESHWORKS INC,,common_equity,eligible,Q,,,12.66,13.97,,168731911.52952382,15.616438356164398,50.35629453681712,79.82954545454545,-4.596834966088914,9.377236936292055,52.349176296280795,277.0,full,usable,2026-08-14,conditional,77.86,100.0,,,51.0,82.0,92.0,100.0,2.2.0,c8f1bf1665a8c5dfb834c0571e7dd5f6b6e5ccd00eab00295338bd42cfde549b
FRST,Primis Financial Corp. - Common Stock,nasdaqtrader:Q:FRST,SECURITY:FRST:nasdaqtrader:Q:FRST,,common_equity,eligible,Q,,,16.66,16.67,,3533296.058095238,1.9583843329253448,17.988668555240793,18.915060670949323,44.36741767764298,0.05998800239952473,21.712124687179866,277.0,full,usable,2026-08-14,conditional,46.07,100.0,,,65.0,10.0,45.0,100.0,2.2.0,c8f1bf1665a8c5dfb834c0571e7dd5f6b6e5ccd00eab00295338bd42cfde549b
FRSX,Foresight Autonomous Holdings Ltd. - American Depositary Shares,nasdaqtrader:Q:FRSX,SECURITY:FRSX:nasdaqtrader:Q:FRSX,,adr,eligible,Q,,,1.3,8.184,,1441677.4908571427,-9.090909090909083,-34.67336683417085,-51.292618958411396,-83.4077855775367,84.11534701857282,66.52603519755111,277.0,full,usable,2026-08-14,rejected,35.57,100.0,,,37.0,30.0,0.0,100.0,2.2.0,c8f1bf1665a8c5dfb834c0571e7dd5f6b6e5ccd00eab00295338bd42cfde549b
FRT,Federal Realty Investment Trust Common Stock,nasdaqtrader:N:FRT,SECURITY:FRT:nasdaqtrader:N:FRT,,common_equity,eligible,N,,,118.39,127.13,,114463296.55126983,-5.559987236758134,4.015111579687236,13.021479713603812,25.174455487418058,6.8748525131754885,16.84245977395648,277.0,full,usable,2026-08-14,conditional,68.86,100.0,,,87.0,28.0,92.0,100.0,2.2.0,c8f1bf1665a8c5dfb834c0571e7dd5f6b6e5ccd00eab00295338bd42cfde549b
FRTT,Fort Technology Inc. - Common Shares,nasdaqtrader:Q:FRTT,SECURITY:FRTT:nasdaqtrader:Q:FRTT,,common_equity,eligible,Q,,,1.11,3.4,,5195261.009125001,23.347038559839994,,,,67.35294117647058,176.7484002087643,48.0,insufficient,usable,2026-08-14,recheck,,71.43,,,,30.0,62.0,76.0,2.2.0,c8f1bf1665a8c5dfb834c0571e7dd5f6b6e5ccd00eab00295338bd42cfde549b
FRVO,Fervo Energy Company - Class A common stock,nasdaqtrader:Q:FRVO,NAMECLASS:FERVO ENERGY COMPANY,,common_equity,eligible,Q,,,19.76,42.5,,97176226.66087303,-14.495889225443525,-51.36598572483386,,,53.50588235294118,150.9159351632767,65.0,insufficient,usable,2026-08-14,recheck,,71.43,,,,70.0,80.0,88.0,2.2.0,c8f1bf1665a8c5dfb834c0571e7dd5f6b6e5ccd00eab00295338bd42cfde549b
FSBC,Five Star Bancorp - Common Stock,nasdaqtrader:Q:FSBC,SECURITY:FSBC:nasdaqtrader:Q:FSBC,,common_equity,eligible,Q,,,46.75,49.68,,7678565.79936508,-5.89774557165862,14.2193989738578,15.631956467969331,48.22447685478757,5.89774557165862,19.918347513360484,277.0,full,usable,2026-08-14,conditional,56.14,100.0,,,65.0,28.0,62.0,100.0,2.2.0,c8f1bf1665a8c5dfb834c0571e7dd5f6b6e5ccd00eab00295338bd42cfde549b
FSBW,"FS Bancorp, Inc. - Common Stock",nasdaqtrader:Q:FSBW,SECURITY:FSBW:nasdaqtrader:Q:FSBW,,common_equity,eligible,Q,,,43.48,45.27,,815378.9669841271,-3.954053457035578,8.428927680797994,3.400713436385261,5.636540330417872,3.954053457035578,25.15448064057752,277.0,full,usable,2026-08-14,rejected,37.0,100.0,,,67.0,10.0,0.0,100.0,2.2.0,c8f1bf1665a8c5dfb834c0571e7dd5f6b6e5ccd00eab00295338bd42cfde549b
FSCO,FS Credit Opportunities Corp. Common Stock,nasdaqtrader:N:FSCO,SECURITY:FSCO:nasdaqtrader:N:FSCO,,common_equity,eligible,N,,,5.11,7.52,,4993339.740952381,5.797101449275366,-0.583657587548625,-13.242784380305594,-31.03913630229419,32.04787234042552,12.494163467737685,277.0,full,usable,2026-08-14,conditional,75.93,100.0,,,67.0,92.0,45.0,100.0,2.2.0,c8f1bf1665a8c5dfb834c0571e7dd5f6b6e5ccd00eab00295338bd42cfde549b
FSEA,"First Seacoast Bancorp, Inc. - Common Stock",nasdaqtrader:Q:FSEA,SECURITY:FSEA:nasdaqtrader:Q:FSEA,,common_equity,eligible,Q,,,17.1,17.1197,,254295.21096666667,1.3033175355450455,2.5487256371814038,27.232142857142883,49.01960784313728,0.11507210990846506,2.38481607203111,277.0,full,usable,2026-08-14,rejected,39.86,100.0,,,77.0,10.0,0.0,100.0,2.2.0,c8f1bf1665a8c5dfb834c0571e7dd5f6b6e5ccd00eab00295338bd42cfde549b
FSI,Flexible Solutions International Inc. Common Stock (CDA),nasdaqtrader:A:FSI,SECURITY:FSI:nasdaqtrader:A:FSI,,common_equity,eligible,A,,,5.04,11.25,,116365.2480095238,-17.037037037037038,-21.37285491419657,-12.195121951219512,-32.889480692410125,55.2,42.36329388903462,277.0,full,usable,2026-08-14,rejected,58.43,100.0,,,67.0,70.0,0.0,100.0,2.2.0,c8f1bf1665a8c5dfb834c0571e7dd5f6b6e5ccd00eab00295338bd42cfde549b
FSK,FS KKR Capital Corp. Common Stock,nasdaqtrader:N:FSK,SECURITY:FSK:nasdaqtrader:N:FSK,,common_equity,eligible,N,,,12.36,18.24,,30179678.386190474,11.25112511251125,14.444444444444438,-8.17236255572067,-30.949720670391056,32.23684210526315,39.409397878338304,277.0,full,usable,2026-08-14,conditional,80.0,100.0,,,55.0,92.0,80.0,100.0,2.2.0,c8f1bf1665a8c5dfb834c0571e7dd5f6b6e5ccd00eab00295338bd42cfde549b
FSLR,"First Solar, Inc. - Common Stock",nasdaqtrader:Q:FSLR,SECURITY:FSLR:nasdaqtrader:Q:FSLR,,common_equity,eligible,Q,,,225.56,318.25,,620691648.0636508,6.431368848204588,-2.616354373542873,2.3179859378543943,22.029863665873183,29.124901806755698,51.542040995942465,277.0,full,usable,2026-08-14,conditional,93.43,100.0,,,87.0,92.0,100.0,100.0,2.2.0,c8f1bf1665a8c5dfb834c0571e7dd5f6b6e5ccd00eab00295338bd42cfde549b
FSLY,"Fastly, Inc. - Class A Common Stock",nasdaqtrader:Q:FSLY,NAMECLASS:FASTLY INC,,common_equity,eligible,Q,,,29.93,33.5,,127353898.0295238,47.29330708661416,69.28733031674209,86.59600997506236,313.39779005524855,10.65671641791045,83.76185053146925,277.0,full,usable,2026-08-14,conditional,84.14,100.0,,,73.0,82.0,92.0,100.0,2.2.0,c8f1bf1665a8c5dfb834c0571e7dd5f6b6e5ccd00eab00295338bd42cfde549b
FSM,Fortuna Mining Corp. Common Shares,nasdaqtrader:N:FSM,SECURITY:FSM:nasdaqtrader:N:FSM,,common_equity,eligible,N,,,10.67,13.66,,47880368.41444445,29.647630619684072,3.291384317521784,2.6948989412896918,47.988904299583915,21.888726207906295,50.11775740332261,277.0,full,usable,2026-08-14,conditional,89.14,100.0,,,87.0,92.0,80.0,100.0,2.2.0,c8f1bf1665a8c5dfb834c0571e7dd5f6b6e5ccd00eab00295338bd42cfde549b
FSP,Franklin Street Properties Corp. Common Stock,nasdaqtrader:A:FSP,SECURITY:FSP:nasdaqtrader:A:FSP,,common_equity,eligible,A,,,0.4882,1.71,,329711.71314126987,1.856874608804504,-5.2406832298136585,-36.76165803108808,-70.23170731707317,71.45029239766082,53.57541088968764,277.0,full,usable,2026-08-14,rejected,38.43,100.0,,,47.0,30.0,0.0,100.0,2.2.0,c8f1bf1665a8c5dfb834c0571e7dd5f6b6e5ccd00eab00295338bd42cfde549b
FSS,Federal Signal Corporation Common Stock,nasdaqtrader:N:FSS,SECURITY:FSS:nasdaqtrader:N:FSS,,common_equity,eligible,N,,,125.85,133.86,,63156577.17714285,5.313807531380754,9.35870698644421,5.437332439678277,-2.975869246781293,5.983863738233985,49.72053458173063,277.0,full,usable,2026-08-14,conditional,58.86,100.0,,,61.0,28.0,80.0,100.0,2.2.0,c8f1bf1665a8c5dfb834c0571e7dd5f6b6e5ccd00eab00295338bd42cfde549b
FSTR,L.B. Foster Company - Common Stock,nasdaqtrader:Q:FSTR,SECURITY:FSTR:nasdaqtrader:Q:FSTR,,common_equity,eligible,Q,,,38.74,45.17,,3896375.3030952383,-8.394419484511694,-3.463742835783701,23.140495867768607,59.55518945634266,14.235111799867173,30.554005064758282,277.0,full,usable,2026-08-14,conditional,77.5,100.0,,,85.0,82.0,45.0,100.0,2.2.0,c8f1bf1665a8c5dfb834c0571e7dd5f6b6e5ccd00eab00295338bd42cfde549b
FSUN,FirstSun Capital Bancorp - Common Stock,nasdaqtrader:Q:FSUN,SECURITY:FSUN:nasdaqtrader:Q:FSUN,,common_equity,eligible,Q,,,41.11,41.4,,10467742.007301588,12.66100301452453,16.723452583759226,7.42095636268616,11.469631236442513,0.7004830917874405,48.41437405098646,277.0,full,usable,2026-08-14,conditional,50.29,100.0,,,67.0,10.0,62.0,100.0,2.2.0,c8f1bf1665a8c5dfb834c0571e7dd5f6b6e5ccd00eab00295338bd42cfde549b
FSV,FirstService Corporation - Common Shares,nasdaqtrader:Q:FSV,SECURITY:FSV:nasdaqtrader:Q:FSV,,common_equity,eligible,Q,,,140.81,208.43,,30816047.8365873,-6.877851993915751,8.390424139789099,-6.376329787234047,-29.535104839113245,32.44254665835052,35.445224986775685,277.0,full,usable,2026-08-14,conditional,80.0,100.0,,,55.0,92.0,80.0,100.0,2.2.0,c8f1bf1665a8c5dfb834c0571e7dd5f6b6e5ccd00eab00295338bd42cfde549b
FT,Franklin Universal Trust Common Stock,nasdaqtrader:N:FT,SECURITY:FT:nasdaqtrader:N:FT,,common_equity,eligible,N,,,7.89,8.33,,293264.5515873016,-2.1091811414392203,-2.2886015752712097,-4.47941888619855,-0.7547169811320864,5.282112845138065,7.041911127331731,277.0,full,usable,2026-08-14,rejected,45.14,100.0,,,73.0,28.0,0.0,100.0,2.2.0,c8f1bf1665a8c5dfb834c0571e7dd5f6b6e5ccd00eab00295338bd42cfde549b
FTAI,FTAI Aviation Ltd. - Common Stock,nasdaqtrader:Q:FTAI,SECURITY:FTAI:nasdaqtrader:Q:FTAI,,common_equity,eligible,Q,,,217.13,310.04,,302443948.22444445,6.593028964162984,-16.149835875651664,-20.994796783466143,48.719178082191775,29.96710101922333,65.05465563358082,277.0,full,usable,2026-08-14,conditional,91.71,100.0,,,87.0,92.0,92.0,100.0,2.2.0,c8f1bf1665a8c5dfb834c0571e7dd5f6b6e5ccd00eab00295338bd42cfde549b
FTCI,"FTC Solar, Inc. - Common Stock",nasdaqtrader:Q:FTCI,SECURITY:FTCI:nasdaqtrader:Q:FTCI,,common_equity,eligible,Q,,,2.34,12.5,,619914.4337301587,-45.581395348837205,-48.0,-75.21186440677965,-51.35135135135135,81.28,104.9412741171315,277.0,full,usable,2026-08-14,rejected,33.57,100.0,,,30.0,30.0,0.0,100.0,2.2.0,c8f1bf1665a8c5dfb834c0571e7dd5f6b6e5ccd00eab00295338bd42cfde549b
FTDR,"Frontdoor, Inc. - Common Stock",nasdaqtrader:Q:FTDR,SECURITY:FTDR:nasdaqtrader:Q:FTDR,,common_equity,eligible,Q,,,86.47,90.83,,42917060.28896825,14.008833805788123,38.79614767255217,51.33006650332517,44.913691972515494,4.800176153253332,63.24022026122182,277.0,full,usable,2026-08-14,conditional,53.57,100.0,,,65.0,10.0,80.0,100.0,2.2.0,c8f1bf1665a8c5dfb834c0571e7dd5f6b6e5ccd00eab00295338bd42cfde549b
FTEK,"Fuel Tech, Inc. - Common Stock",nasdaqtrader:Q:FTEK,SECURITY:FTEK:nasdaqtrader:Q:FTEK,,common_equity,eligible,Q,,,1.45,3.63,,588701.4568253969,-6.451612903225811,0.0,14.173228346456689,-51.66666666666666,60.05509641873279,51.56236153525309,277.0,full,usable,2026-08-14,rejected,58.43,100.0,,,67.0,70.0,0.0,100.0,2.2.0,c8f1bf1665a8c5dfb834c0571e7dd5f6b6e5ccd00eab00295338bd42cfde549b
FTF,Franklin Limited Duration Income Trust Common Shares of Beneficial Interest,nasdaqtrader:A:FTF,SECURITY:FTF:nasdaqtrader:A:FTF,,common_equity,eligible,A,,,5.84,6.51,,1370649.2676984125,-0.256191289496166,-1.683501683501687,-5.8064516129032295,-9.316770186335411,10.291858678955457,7.79726637911774,277.0,full,usable,2026-08-14,rejected,64.43,100.0,,,73.0,82.0,0.0,100.0,2.2.0,c8f1bf1665a8c5dfb834c0571e7dd5f6b6e5ccd00eab00295338bd42cfde549b
FTFT,Future FinTech Group Inc. - Common Stock,nasdaqtrader:Q:FTFT,SECURITY:FTFT:nasdaqtrader:Q:FTFT,,common_equity,eligible,Q,,,0.8251,50.88,,172035.75635873014,-42.70138888888889,-83.0922131147541,-86.15604026845638,-97.15089779005524,98.37834119496856,99.8384917704597,277.0,full,usable,2026-08-14,rejected,25.0,100.0,,,0.0,30.0,0.0,100.0,2.2.0,c8f1bf1665a8c5dfb834c0571e7dd5f6b6e5ccd00eab00295338bd42cfde549b
FTH,"Faeth Therapeutics, Inc.  - Common Stock",nasdaqtrader:Q:FTH,SECURITY:FTH:nasdaqtrader:Q:FTH,,common_equity,eligible,Q,,,32.34,36.16,,4727006.960714285,24.672320740169628,63.16851664984866,255.77557755775584,327.7890949496019,10.56415929203538,115.37824500582828,277.0,full,usable,2026-08-14,conditional,74.07,100.0,,,73.0,82.0,45.0,100.0,2.2.0,c8f1bf1665a8c5dfb834c0571e7dd5f6b6e5ccd00eab00295338bd42cfde549b
FTHM,Fathom Holdings Inc. - Common Stock,nasdaqtrader:Q:FTHM,SECURITY:FTHM:nasdaqtrader:Q:FTHM,,common_equity,eligible,Q,,,0.7526,2.84,,1808877.7468111112,-18.655425853869435,9.072463768115968,-22.412371134020614,-42.107692307692304,73.5,77.3824098443512,277.0,full,usable,2026-08-14,rejected,40.71,100.0,,,55.0,30.0,0.0,100.0,2.2.0,c8f1bf1665a8c5dfb834c0571e7dd5f6b6e5ccd00eab00295338bd42cfde549b
FTI,TechnipFMC plc Ordinary Share,nasdaqtrader:N:FTI,SECURITY:FTI:nasdaqtrader:N:FTI,,common_equity,eligible,N,,,78.61,78.61,,327032175.9007937,9.165393695320079,7.670182166826445,28.784403669724767,124.47173043974868,0.0,36.857298401451935,277.0,full,usable,2026-08-14,conditional,58.43,100.0,,,73.0,10.0,92.0,100.0,2.2.0,c8f1bf1665a8c5dfb834c0571e7dd5f6b6e5ccd00eab00295338bd42cfde549b
FTK,"Flotek Industries, Inc. Common Stock",nasdaqtrader:N:FTK,SECURITY:FTK:nasdaqtrader:N:FTK,,common_equity,eligible,N,,,35.83,38.82,,10255857.33,38.7683965917893,74.78048780487805,115.45399879735419,183.0173775671406,7.70221535291088,105.0736740898931,277.0,full,usable,2026-08-14,conditional,58.43,100.0,,,73.0,28.0,62.0,100.0,2.2.0,c8f1bf1665a8c5dfb834c0571e7dd5f6b6e5ccd00eab00295338bd42cfde549b
FTLF,"FitLife Brands, Inc. - Common Stock",nasdaqtrader:Q:FTLF,SECURITY:FTLF:nasdaqtrader:Q:FTLF,,common_equity,eligible,Q,,,10.8,20.76,,296722.35650793655,-3.2258064516129004,5.46875,-23.5127478753541,-33.41553637484586,47.97687861271677,46.77677565217492,277.0,full,usable,2026-08-14,rejected,63.93,100.0,,,55.0,95.0,0.0,100.0,2.2.0,c8f1bf1665a8c5dfb834c0571e7dd5f6b6e5ccd00eab00295338bd42cfde549b
FTNT,"Fortinet, Inc. - Common Stock",nasdaqtrader:Q:FTNT,SECURITY:FTNT:nasdaqtrader:Q:FTNT,,common_equity,eligible,Q,,,160.01,168.29,,893997055.1198412,-0.4789152879711489,31.30641720006564,89.90030856871584,101.70175217446112,4.920078436033037,39.151942570475825,277.0,full,usable,2026-08-14,conditional,60.14,100.0,,,73.0,10.0,100.0,100.0,2.2.0,c8f1bf1665a8c5dfb834c0571e7dd5f6b6e5ccd00eab00295338bd42cfde549b
FTRA,FutureCorp Space Acquisition 1 Class A Ordinary Shares,nasdaqtrader:N:FTRA,SECURITY:FTRA:nasdaqtrader:N:FTRA,,common_equity,eligible,N,,,9.86,9.91,,658983.7937066667,,,,,0.5045408678102992,,15.0,insufficient,usable,2026-08-14,rejected,,71.43,,,,10.0,0.0,64.0,2.2.0,c8f1bf1665a8c5dfb834c0571e7dd5f6b6e5ccd00eab00295338bd42cfde549b
FTRE,Fortrea Holdings Inc. - Common Stock,nasdaqtrader:Q:FTRE,SECURITY:FTRE:nasdaqtrader:Q:FTRE,,common_equity,eligible,Q,,,17.41,20.7,,25415436.38095238,-2.845982142857151,22.26123595505618,69.52288218111005,122.06632653061224,15.893719806763285,57.95729665459858,277.0,full,usable,2026-08-14,conditional,81.57,100.0,,,73.0,82.0,80.0,100.0,2.2.0,c8f1bf1665a8c5dfb834c0571e7dd5f6b6e5ccd00eab00295338bd42cfde549b
FTS,Fortis Inc. Common Shares,nasdaqtrader:N:FTS,SECURITY:FTS:nasdaqtrader:N:FTS,,common_equity,eligible,N,,,56.68,58.84,,43264276.30968253,-3.391852735640022,0.425230333097093,1.0518809056872858,12.304339211412717,3.6709721278042173,14.166395658719367,277.0,full,usable,2026-08-14,conditional,57.57,100.0,,,79.0,10.0,80.0,100.0,2.2.0,c8f1bf1665a8c5dfb834c0571e7dd5f6b6e5ccd00eab00295338bd42cfde549b
FTV,Fortive Corporation Common Stock,nasdaqtrader:N:FTV,SECURITY:FTV:nasdaqtrader:N:FTV,,common_equity,eligible,N,,,61.62,64.09,,179196118.55333334,-1.329063250600493,4.582484725050917,10.035714285714281,26.451877693412683,3.8539553752535594,31.1849271528921,277.0,full,usable,2026-08-14,conditional,62.43,100.0,,,87.0,10.0,92.0,100.0,2.2.0,c8f1bf1665a8c5dfb834c0571e7dd5f6b6e5ccd00eab00295338bd42cfde549b
FTW,Presidio Production Company Class A Common Stock,nasdaqtrader:N:FTW,NAMECLASS:PRESIDIO PRODUCTION COMPANY,,common_equity,eligible,N,,,11.22,13.92,,1272341.136825397,-7.578253706754534,-0.2666666666666595,6.25,8.301158301158317,19.39655172413792,14.3907067240928,277.0,full,usable,2026-08-14,rejected,66.14,100.0,,,79.0,82.0,0.0,100.0,2.2.0,c8f1bf1665a8c5dfb834c0571e7dd5f6b6e5ccd00eab00295338bd42cfde549b
FUBO,FuboTV Inc. Class A Common Stock,nasdaqtrader:N:FUBO,NAMECLASS:FUBOTV INC,,common_equity,eligible,N,,,10.15,54.72,,14470409.650793651,-1.0721247563352798,3.783231083844596,-36.40350877192983,-77.50443262411348,81.45102339181287,83.66936036592966,277.0,full,usable,2026-08-14,conditional,51.71,100.0,,,47.0,30.0,62.0,100.0,2.2.0,c8f1bf1665a8c5dfb834c0571e7dd5f6b6e5ccd00eab00295338bd42cfde549b
FUFU,BitFuFu Inc. - Class A Ordinary Shares,nasdaqtrader:Q:FUFU,NAMECLASS:BITFUFU INC,,common_equity,eligible,Q,,,1.45,4.23,,346239.2617460317,1.3986013986013957,-33.17972350230415,-41.29554655870445,-62.9156010230179,65.7210401891253,76.62103499908987,277.0,full,usable,2026-08-14,rejected,44.14,100.0,,,67.0,30.0,0.0,100.0,2.2.0,c8f1bf1665a8c5dfb834c0571e7dd5f6b6e5ccd00eab00295338bd42cfde549b
FUL,H. B. Fuller Company Common Stock,nasdaqtrader:N:FUL,SECURITY:FUL:nasdaqtrader:N:FUL,,common_equity,eligible,N,,,62.75,67.49,,47777665.907619044,7.448630136986312,5.444463115442777,-5.879706014699271,3.787628183923264,7.023262705586008,32.19070683911171,277.0,full,usable,2026-08-14,conditional,60.57,100.0,,,67.0,28.0,80.0,100.0,2.2.0,c8f1bf1665a8c5dfb834c0571e7dd5f6b6e5ccd00eab00295338bd42cfde549b
FULC,"Fulcrum Therapeutics, Inc. - Common Stock",nasdaqtrader:Q:FULC,SECURITY:FULC:nasdaqtrader:Q:FULC,,common_equity,eligible,Q,,,3.74,14.6,,9492170.119841268,6.857142857142873,-47.398030942334735,-65.56169429097605,-45.40145985401459,74.38356164383562,35.09742390676494,277.0,full,usable,2026-08-14,conditional,51.14,100.0,,,45.0,30.0,62.0,100.0,2.2.0,c8f1bf1665a8c5dfb834c0571e7dd5f6b6e5ccd00eab00295338bd42cfde549b
FULT,Fulton Financial Corporation - Common Stock,nasdaqtrader:Q:FULT,SECURITY:FULT:nasdaqtrader:Q:FULT,,common_equity,eligible,Q,,,24.64,25.19,,44507142.47492064,-2.183406113537123,17.277486910994753,12.408759124087588,31.623931623931647,2.183406113537123,18.214049890032875,277.0,full,usable,2026-08-14,conditional,56.43,100.0,,,75.0,10.0,80.0,100.0,2.2.0,c8f1bf1665a8c5dfb834c0571e7dd5f6b6e5ccd00eab00295338bd42cfde549b
FUN,Six Flags Entertainment Corporation Common Stock New,nasdaqtrader:N:FUN,SECURITY:FUN:nasdaqtrader:N:FUN,,common_equity,eligible,N,,,16.4,26.74,,45317703.47825397,-13.547706905640489,-18.326693227091628,-0.7864488808227654,-37.7845220030349,38.66866118175019,70.95371212779088,277.0,full,usable,2026-08-14,conditional,84.5,100.0,,,67.0,95.0,80.0,100.0,2.2.0,c8f1bf1665a8c5dfb834c0571e7dd5f6b6e5ccd00eab00295338bd42cfde549b
FUNC,First United Corporation - Common Stock,nasdaqtrader:Q:FUNC,SECURITY:FUNC:nasdaqtrader:Q:FUNC,,common_equity,eligible,Q,,,45.38,46.18,,1070993.449047619,-1.04666375926733,21.401819154628132,21.596998928188647,28.883839818233458,1.7323516673884765,19.505072391582942,277.0,full,usable,2026-08-14,rejected,36.43,100.0,,,65.0,10.0,0.0,100.0,2.2.0,c8f1bf1665a8c5dfb834c0571e7dd5f6b6e5ccd00eab00295338bd42cfde549b
FURY,Fury Gold Mines Limited Common Shares,nasdaqtrader:A:FURY,SECURITY:FURY:nasdaqtrader:A:FURY,,common_equity,eligible,A,,,0.6148,0.945,,116722.77624444445,18.916827852998065,-0.03252032520324466,-11.91977077363896,21.670294874332097,34.94179894179894,42.679135015379906,277.0,full,usable,2026-08-14,rejected,72.0,100.0,,,87.0,92.0,0.0,100.0,2.2.0,c8f1bf1665a8c5dfb834c0571e7dd5f6b6e5ccd00eab00295338bd42cfde549b
FUSB,"First US Bancshares, Inc. - Common Stock",nasdaqtrader:Q:FUSB,SECURITY:FUSB:nasdaqtrader:Q:FUSB,,common_equity,eligible,Q,,,16.46,16.98,,75791.52425873016,-0.5438066465256797,1.919504643962866,5.1757188498402495,37.51044277360067,3.062426383981154,22.095056941442575,277.0,full,usable,2026-08-14,rejected,42.71,100.0,,,87.0,10.0,0.0,100.0,2.2.0,c8f1bf1665a8c5dfb834c0571e7dd5f6b6e5ccd00eab00295338bd42cfde549b
FUTU,Futu Holdings Limited - American Depositary Shares,nasdaqtrader:Q:FUTU,SECURITY:FUTU:nasdaqtrader:Q:FUTU,,adr,eligible,Q,,,105.23,199.04,,331944774.3965079,7.906070549630861,-25.637764115610196,-28.64795226471385,-40.372846781504975,47.131229903536976,45.49393283320827,277.0,full,usable,2026-08-14,conditional,87.07,100.0,,,67.0,95.0,92.0,100.0,2.2.0,c8f1bf1665a8c5dfb834c0571e7dd5f6b6e5ccd00eab00295338bd42cfde549b
FVCB,"FVCBankcorp, Inc. - Common Stock",nasdaqtrader:Q:FVCB,SECURITY:FVCB:nasdaqtrader:Q:FVCB,,common_equity,eligible,Q,,,18.78,19.03,,3148219.432063492,3.13014827018121,20.77170418006431,20.30749519538759,42.70516717325228,1.3137151865475594,20.99726673652321,277.0,full,usable,2026-08-14,conditional,46.07,100.0,,,65.0,10.0,45.0,100.0,2.2.0,c8f1bf1665a8c5dfb834c0571e7dd5f6b6e5ccd00eab00295338bd42cfde549b
FVR,"FrontView REIT, Inc. Common Stock",nasdaqtrader:N:FVR,SECURITY:FVR:nasdaqtrader:N:FVR,,common_equity,eligible,N,,,19.76,21.92,,3405377.1361904764,-9.482363719651843,11.63841807909607,24.668769716088335,60.51990251827783,9.85401459854015,25.357338339250756,277.0,full,usable,2026-08-14,conditional,74.07,100.0,,,73.0,82.0,45.0,100.0,2.2.0,c8f1bf1665a8c5dfb834c0571e7dd5f6b6e5ccd00eab00295338bd42cfde549b
FVRR,"Fiverr International Ltd. Ordinary Shares, no par value",nasdaqtrader:N:FVRR,SECURITY:FVRR:nasdaqtrader:N:FVRR,,common_equity,eligible,N,,,9.01,26.67,,8787804.18984127,-22.594501718213067,-11.406096361848572,-34.710144927536234,-59.37781785392245,66.21672290963629,82.66477857424694,277.0,full,usable,2026-08-14,conditional,57.43,100.0,,,67.0,30.0,62.0,100.0,2.2.0,c8f1bf1665a8c5dfb834c0571e7dd5f6b6e5ccd00eab00295338bd42cfde549b
FWDI,"Forward Industries, Inc. - Common Stock",nasdaqtrader:Q:FWDI,SECURITY:FWDI:nasdaqtrader:Q:FWDI,,common_equity,eligible,Q,,,4.26,39.0,,5199265.573492063,0.4716981132075304,-15.97633136094675,-12.164948453608249,-68.23266219239375,89.07692307692308,76.6249804676444,277.0,full,usable,2026-08-14,conditional,57.43,100.0,,,67.0,30.0,62.0,100.0,2.2.0,c8f1bf1665a8c5dfb834c0571e7dd5f6b6e5ccd00eab00295338bd42cfde549b
FWONA,Liberty Media Corporation - Series A Liberty Formula One Common Stock,nasdaqtrader:Q:FWONA,SECURITY:FWONA:nasdaqtrader:Q:FWONA,,common_equity,eligible,Q,,,95.31,99.33,,14181164.153650792,3.3058747019293344,14.458988831511954,22.90135396518376,6.574974840657499,4.04711567502265,26.215527621463348,277.0,full,usable,2026-08-14,conditional,47.43,100.0,,,57.0,10.0,62.0,100.0,2.2.0,c8f1bf1665a8c5dfb834c0571e7dd5f6b6e5ccd00eab00295338bd42cfde549b
FWONK,Liberty Media Corporation - Series C Liberty Formula One Common Stock,nasdaqtrader:Q:FWONK,SECURITY:FWONK:nasdaqtrader:Q:FWONK,,common_equity,eligible,Q,,,103.9,108.33,,193923527.7161111,4.170844194906764,13.96292640122847,22.5235849056604,3.848075962018993,4.089356595587546,26.94369900601074,277.0,full,usable,2026-08-14,conditional,53.86,100.0,,,57.0,10.0,92.0,100.0,2.2.0,c8f1bf1665a8c5dfb834c0571e7dd5f6b6e5ccd00eab00295338bd42cfde549b
FWRD,Forward Air Corporation - Common Stock,nasdaqtrader:Q:FWRD,SECURITY:FWRD:nasdaqtrader:Q:FWRD,,common_equity,eligible,Q,,,18.96,31.76,,13839827.213333333,39.926199261992615,101.70212765957447,-30.08849557522124,-34.598137288720245,40.30226700251889,94.3753394875997,277.0,full,usable,2026-08-14,conditional,77.21,100.0,,,55.0,95.0,62.0,100.0,2.2.0,c8f1bf1665a8c5dfb834c0571e7dd5f6b6e5ccd00eab00295338bd42cfde549b
FWRG,"First Watch Restaurant Group, Inc. - Common Stock",nasdaqtrader:Q:FWRG,SECURITY:FWRG:nasdaqtrader:Q:FWRG,,common_equity,eligible,Q,,,12.72,19.17,,14718817.598571429,4.4334975369458185,18.215613382899633,-19.032463399108845,-28.938547486033507,33.64632237871674,41.429300616812675,277.0,full,usable,2026-08-14,conditional,76.14,100.0,,,55.0,92.0,62.0,100.0,2.2.0,c8f1bf1665a8c5dfb834c0571e7dd5f6b6e5ccd00eab00295338bd42cfde549b
FXHO,UTime Limited - Class A Ordinary Shares,nasdaqtrader:Q:FXHO,NAMECLASS:UTIME LIMITED,,common_equity,eligible,Q,,,11.19,6700.0,,4723715.132577778,-30.062500000000004,26.013513513513487,-62.7,-99.79277777777777,99.83298507462686,378.18239793471434,277.0,full,usable,2026-08-14,conditional,41.79,100.0,,,25.0,30.0,45.0,100.0,2.2.0,c8f1bf1665a8c5dfb834c0571e7dd5f6b6e5ccd00eab00295338bd42cfde549b
FXNC,First National Corporation - Common Stock,nasdaqtrader:Q:FXNC,SECURITY:FXNC:nasdaqtrader:Q:FXNC,,common_equity,eligible,Q,,,31.88,32.37,,1808052.8958730157,5.006587615283276,18.42496285289745,15.298372513562386,42.06773618538324,1.5137472968798193,24.444527572924414,277.0,full,usable,2026-08-14,rejected,36.43,100.0,,,65.0,10.0,0.0,100.0,2.2.0,c8f1bf1665a8c5dfb834c0571e7dd5f6b6e5ccd00eab00295338bd42cfde549b
G,Genpact Limited Common Stock,nasdaqtrader:N:G,SECURITY:G:nasdaqtrader:N:G,,common_equity,eligible,N,,,33.86,48.5,,80798941.86936508,8.456117873158231,17.00069108500344,-6.747452492426332,-23.42831298055179,30.185567010309278,43.115359021033804,277.0,full,usable,2026-08-14,conditional,81.71,100.0,,,61.0,92.0,80.0,100.0,2.2.0,c8f1bf1665a8c5dfb834c0571e7dd5f6b6e5ccd00eab00295338bd42cfde549b
GABC,"German American Bancorp, Inc. - Common Stock",nasdaqtrader:Q:GABC,SECURITY:GABC:nasdaqtrader:Q:GABC,,common_equity,eligible,Q,,,51.38,51.38,,7987812.785714285,4.134576408593427,21.63825757575757,19.321876451463083,27.52544055596924,0.0,20.959777385821074,277.0,full,usable,2026-08-14,conditional,49.71,100.0,,,65.0,10.0,62.0,100.0,2.2.0,c8f1bf1665a8c5dfb834c0571e7dd5f6b6e5ccd00eab00295338bd42cfde549b
GAIA,"Gaia, Inc. - Class A Common Stock",nasdaqtrader:Q:GAIA,NAMECLASS:GAIA INC,,common_equity,eligible,Q,,,1.46,6.26,,353506.51230158727,-29.126213592233007,-42.29249011857708,-51.973684210526315,-70.62374245472837,76.6773162939297,135.96542189631091,277.0,full,usable,2026-08-14,rejected,35.57,100.0,,,37.0,30.0,0.0,100.0,2.2.0,c8f1bf1665a8c5dfb834c0571e7dd5f6b6e5ccd00eab00295338bd42cfde549b
GALT,Galectin Therapeutics Inc. - Common Stock,nasdaqtrader:Q:GALT,SECURITY:GALT:nasdaqtrader:Q:GALT,,common_equity,eligible,Q,,,3.44,6.51,,2550277.3105555554,-18.57988165680473,46.38297872340424,22.419928825622783,-6.267029972752047,47.15821812596006,106.45246869001477,277.0,full,usable,2026-08-14,conditional,72.43,100.0,,,51.0,95.0,45.0,100.0,2.2.0,c8f1bf1665a8c5dfb834c0571e7dd5f6b6e5ccd00eab00295338bd42cfde549b
GAM,"General American Investors, Inc. Common Stock",nasdaqtrader:N:GAM,SECURITY:GAM:nasdaqtrader:N:GAM,,common_equity,eligible,N,,,67.89,67.89,,1750188.420793651,4.833230389129084,5.76413771615516,11.2403735867606,15.048296898830715,0.0,9.0699688519106,277.0,full,usable,2026-08-14,rejected,39.29,100.0,,,75.0,10.0,0.0,100.0,2.2.0,c8f1bf1665a8c5dfb834c0571e7dd5f6b6e5ccd00eab00295338bd42cfde549b
GANX,"Gain Therapeutics, Inc. - Common Stock",nasdaqtrader:Q:GANX,SECURITY:GANX:nasdaqtrader:Q:GANX,,common_equity,eligible,Q,,,2.12,4.18,,1663047.8206349206,27.710843373493987,16.483516483516492,22.543352601156073,36.77419354838709,49.2822966507177,76.32195977609321,277.0,full,usable,2026-08-14,rejected,66.79,100.0,,,65.0,95.0,0.0,100.0,2.2.0,c8f1bf1665a8c5dfb834c0571e7dd5f6b6e5ccd00eab00295338bd42cfde549b
GAP,"Gap, Inc. (The) Common Stock",nasdaqtrader:N:GAP,SECURITY:GAP:nasdaqtrader:N:GAP,,common_equity,eligible,N,,,20.6,29.13,,163333599.3806349,0.4878048780487809,-2.9674988224210996,-24.23685178374402,-2.6004728132387522,29.282526604874693,34.352161215237714,277.0,full,usable,2026-08-14,conditional,87.71,100.0,,,73.0,92.0,92.0,100.0,2.2.0,c8f1bf1665a8c5dfb834c0571e7dd5f6b6e5ccd00eab00295338bd42cfde549b
GASS,"StealthGas, Inc. - common stock",nasdaqtrader:Q:GASS,SECURITY:GASS:nasdaqtrader:Q:GASS,,common_equity,eligible,Q,,,9.46,10.39,,1160949.9569841272,8.860759493670912,-7.797270955165681,21.750321750321767,39.73412112259973,8.950914340712224,31.986622778739697,277.0,full,usable,2026-08-14,rejected,65.57,100.0,,,77.0,82.0,0.0,100.0,2.2.0,c8f1bf1665a8c5dfb834c0571e7dd5f6b6e5ccd00eab00295338bd42cfde549b
GATX,GATX Corporation Common Stock,nasdaqtrader:N:GATX,SECURITY:GATX:nasdaqtrader:N:GATX,,common_equity,eligible,N,,,180.64,200.76,,41397084.08380952,-0.2815346398012841,2.4500907441016295,-5.066218204750905,13.232620823669517,10.021916716477385,20.381693098079587,277.0,full,usable,2026-08-14,conditional,83.29,100.0,,,79.0,82.0,80.0,100.0,2.2.0,c8f1bf1665a8c5dfb834c0571e7dd5f6b6e5ccd00eab00295338bd42cfde549b
GAU,Galiano Gold Inc.,qrgf-resolution-required:A:GAU,SECURITY:GAU:qrgf-resolution-required:A:GAU,,common_equity,eligible,A,,,2.09,3.57,,6469211.525238095,18.75,-20.532319391634978,-23.44322344322345,32.27848101265822,41.456582633053216,49.892180577261605,277.0,full,usable,2026-08-14,conditional,86.36,100.0,,,87.0,95.0,62.0,100.0,2.2.0,c8f1bf1665a8c5dfb834c0571e7dd5f6b6e5ccd00eab00295338bd42cfde549b
GBCI,"Glacier Bancorp, Inc. Common Stock",nasdaqtrader:N:GBCI,SECURITY:GBCI:nasdaqtrader:N:GBCI,,common_equity,eligible,N,,,49.93,54.51,,56895438.669047624,-8.402128049899094,7.468790357296595,-2.2322302721754506,6.596925704526035,8.402128049899094,26.36999618818121,277.0,full,usable,2026-08-14,conditional,79.86,100.0,,,67.0,82.0,80.0,100.0,2.2.0,c8f1bf1665a8c5dfb834c0571e7dd5f6b6e5ccd00eab00295338bd42cfde549b
GBFH,GBank Financial Holdings Inc. - Common Stock,nasdaqtrader:Q:GBFH,SECURITY:GBFH:nasdaqtrader:Q:GBFH,,common_equity,eligible,Q,,,21.46,42.01,,2366057.3715079366,-32.81152160300563,-20.28231797919763,-34.76212190302478,-45.2131733469492,48.916924541775764,109.81898304578131,277.0,full,usable,2026-08-14,conditional,77.0,100.0,,,67.0,95.0,45.0,100.0,2.2.0,c8f1bf1665a8c5dfb834c0571e7dd5f6b6e5ccd00eab00295338bd42cfde549b
GBLI,"Global Indemnity Group, LLC - Class A Common Shares",nasdaqtrader:Q:GBLI,NAMECLASS:GLOBAL INDEMNITY GROUP LLC,,common_equity,eligible,Q,,,27.07,30.4499,,199755.3552126984,-0.6605504587155919,-2.3448773448773386,-1.9558131111915955,-5.876216968011128,11.099872249169952,33.731348904312114,277.0,full,usable,2026-08-14,rejected,64.43,100.0,,,73.0,82.0,0.0,100.0,2.2.0,c8f1bf1665a8c5dfb834c0571e7dd5f6b6e5ccd00eab00295338bd42cfde549b
GBR,"New Concept Energy, Inc Common Stock",nasdaqtrader:A:GBR,SECURITY:GBR:nasdaqtrader:A:GBR,,common_equity,eligible,A,,,0.7131,1.2145,,52133.29717936508,14.997581035316877,-7.389610389610402,0.4366197183098608,-15.858407079646032,41.28447920955125,49.62535251731582,277.0,full,usable,2026-08-14,rejected,69.07,100.0,,,73.0,95.0,0.0,100.0,2.2.0,c8f1bf1665a8c5dfb834c0571e7dd5f6b6e5ccd00eab00295338bd42cfde549b
GBTG,"Global Business Travel Group, Inc. Class A Common Stock",nasdaqtrader:N:GBTG,NAMECLASS:GLOBAL BUSINESS TRAVEL GROUP INC,,common_equity,eligible,N,,,9.46,9.51,,22958946.306825396,0.6382978723404209,1.0683760683760868,77.15355805243446,20.2033036848793,0.5257623554153379,1.6181124057814213,277.0,full,usable,2026-08-14,conditional,53.14,100.0,,,77.0,10.0,62.0,100.0,2.2.0,c8f1bf1665a8c5dfb834c0571e7dd5f6b6e5ccd00eab00295338bd42cfde549b
GBX,"Greenbrier Companies, Inc. (The) Common Stock",nasdaqtrader:N:GBX,SECURITY:GBX:nasdaqtrader:N:GBX,,common_equity,eligible,N,,,45.44,58.87,,23355678.485238094,-11.215318483782733,-6.231943871234014,-18.95844480114144,-4.597942473231164,22.81297774757941,37.96406739490402,277.0,full,usable,2026-08-14,conditional,81.29,100.0,,,73.0,92.0,62.0,100.0,2.2.0,c8f1bf1665a8c5dfb834c0571e7dd5f6b6e5ccd00eab00295338bd42cfde549b
GCBC,"Greene County Bancorp, Inc. - Common Stock",nasdaqtrader:Q:GCBC,SECURITY:GCBC:nasdaqtrader:Q:GCBC,,common_equity,eligible,Q,,,34.97,35.29,,1348040.4927777778,4.3880597014925415,40.16032064128257,48.303647158608996,41.52165115337918,0.9067724567866309,30.538267127221648,277.0,full,usable,2026-08-14,rejected,36.43,100.0,,,65.0,10.0,0.0,100.0,2.2.0,c8f1bf1665a8c5dfb834c0571e7dd5f6b6e5ccd00eab00295338bd42cfde549b
GCDT,Green Circle Decarbonize Technology Limited Class A Ordinary Shares,nasdaqtrader:A:GCDT,SECURITY:GCDT:nasdaqtrader:A:GCDT,,common_equity,eligible,A,,,0.4902,5.56,,1540829.7402619047,-3.522928557370586,-38.77856875234169,-86.75135135135135,,91.18345323741008,116.06662099092237,148.0,limited_but_usable,usable,2026-08-14,rejected,34.71,100.0,,,34.0,30.0,0.0,100.0,2.2.0,c8f1bf1665a8c5dfb834c0571e7dd5f6b6e5ccd00eab00295338bd42cfde549b
GCGR,General Catalyst Global Resilience Merger Corp. - Class A Ordinary Shares,nasdaqtrader:Q:GCGR,NAMECLASS:GENERAL CATALYST GLOBAL RESILIENCE MERGER CORP,,common_equity,eligible,Q,,,10.1,10.22,,444621.711025641,-0.5905511811023723,,,,1.1741682974559797,3.7372413985395854,39.0,insufficient,usable,2026-08-14,rejected,,71.43,,,,10.0,0.0,76.0,2.2.0,c8f1bf1665a8c5dfb834c0571e7dd5f6b6e5ccd00eab00295338bd42cfde549b
GCMG,GCM Grosvenor Inc. - Class A Common Stock,nasdaqtrader:Q:GCMG,NAMECLASS:GCM GROSVENOR INC,,common_equity,eligible,Q,,,13.86,14.05,,6271451.4552380955,2.6666666666666616,25.09025270758123,22.76350752878653,6.615384615384601,1.3523131672597999,38.02031577368025,277.0,full,usable,2026-08-14,conditional,47.43,100.0,,,57.0,10.0,62.0,100.0,2.2.0,c8f1bf1665a8c5dfb834c0571e7dd5f6b6e5ccd00eab00295338bd42cfde549b
GCO,Genesco Inc. Common Stock,nasdaqtrader:N:GCO,SECURITY:GCO:nasdaqtrader:N:GCO,,common_equity,eligible,N,,,35.19,42.72,,7168747.753015873,-5.707395498392287,9.90006246096189,26.765129682997113,29.613259668508295,17.62640449438203,37.016786609925575,277.0,full,usable,2026-08-14,conditional,75.43,100.0,,,65.0,82.0,62.0,100.0,2.2.0,c8f1bf1665a8c5dfb834c0571e7dd5f6b6e5ccd00eab00295338bd42cfde549b
GCT,GigaCloud Technology Inc - Class A Ordinary Shares,nasdaqtrader:Q:GCT,NAMECLASS:GIGACLOUD TECHNOLOGY INC,,common_equity,eligible,Q,,,51.87,53.25,,27393703.843968254,35.0429575631346,39.96222342147866,52.06684256816183,59.698275862068975,2.5915492957746533,53.67527892838806,277.0,full,usable,2026-08-14,conditional,55.86,100.0,,,73.0,10.0,80.0,100.0,2.2.0,c8f1bf1665a8c5dfb834c0571e7dd5f6b6e5ccd00eab00295338bd42cfde549b
GCTS,"GCT Semiconductor Holding, Inc. Common Stock",nasdaqtrader:N:GCTS,SECURITY:GCTS:nasdaqtrader:N:GCTS,,common_equity,eligible,N,,,1.97,3.73,,15887574.816984128,-7.075471698113212,36.80555555555556,58.87096774193547,61.475409836065566,47.18498659517426,94.43256253880024,277.0,full,usable,2026-08-14,conditional,82.36,100.0,,,73.0,95.0,62.0,100.0,2.2.0,c8f1bf1665a8c5dfb834c0571e7dd5f6b6e5ccd00eab00295338bd42cfde549b
GD,General Dynamics Corporation Common Stock,nasdaqtrader:N:GD,SECURITY:GD:nasdaqtrader:N:GD,,common_equity,eligible,N,,,395.78,395.97,,423199634.1563492,7.3097988178515205,16.193999177969577,16.149669845928095,24.659044379350515,0.047983433088383265,16.407586852258785,277.0,full,usable,2026-08-14,conditional,56.14,100.0,,,65.0,10.0,92.0,100.0,2.2.0,c8f1bf1665a8c5dfb834c0571e7dd5f6b6e5ccd00eab00295338bd42cfde549b
GDC,GD Culture Group Limited - Common Stock,nasdaqtrader:Q:GDC,SECURITY:GDC:nasdaqtrader:Q:GDC,,common_equity,eligible,Q,,,1.86,2432.5,,4959881.588650794,9.411764705882364,-94.7605633802817,-99.77988165680473,-99.752,99.92353545734841,137.62744609201354,277.0,full,usable,2026-08-14,conditional,34.64,100.0,,,0.0,30.0,45.0,100.0,2.2.0,c8f1bf1665a8c5dfb834c0571e7dd5f6b6e5ccd00eab00295338bd42cfde549b
GDDY,GoDaddy Inc. Class A Common Stock,nasdaqtrader:N:GDDY,NAMECLASS:GODADDY INC,,common_equity,eligible,N,,,94.91,148.88,,220343393.44428572,-1.3512108928385835,11.698246439919968,7.534556990709262,-33.77756070332124,36.250671681891454,79.744291475599,277.0,full,usable,2026-08-14,conditional,83.64,100.0,,,55.0,95.0,92.0,100.0,2.2.0,c8f1bf1665a8c5dfb834c0571e7dd5f6b6e5ccd00eab00295338bd42cfde549b
GDEV,GDEV Inc. - Ordinary Shares,nasdaqtrader:Q:GDEV,SECURITY:GDEV:nasdaqtrader:Q:GDEV,,common_equity,eligible,Q,,,12.155,36.2,,80906.4737968254,3.8888888888888973,-29.535823396077664,-23.166877370417193,-19.020652898067958,66.42265193370166,62.11584701721517,277.0,full,usable,2026-08-14,rejected,45.86,100.0,,,73.0,30.0,0.0,100.0,2.2.0,c8f1bf1665a8c5dfb834c0571e7dd5f6b6e5ccd00eab00295338bd42cfde549b
GDHG,Golden Heaven Group Holdings Ltd.  - Class A Ordinary Shares,nasdaqtrader:Q:GDHG,NAMECLASS:GOLDEN HEAVEN GROUP HOLDINGS LTD,,common_equity,eligible,Q,,,1.34,8.11,,618317.6431174603,-6.293706293706281,-21.63742690058479,-29.100529100529094,-81.7239498090562,83.47718865598027,101.00708047489111,277.0,full,usable,2026-08-14,rejected,38.43,100.0,,,47.0,30.0,0.0,100.0,2.2.0,c8f1bf1665a8c5dfb834c0571e7dd5f6b6e5ccd00eab00295338bd42cfde549b
GDOT,"Green Dot Corporation Class A Common Stock, $0.001 par value",nasdaqtrader:N:GDOT,SECURITY:GDOT:nasdaqtrader:N:GDOT,,common_equity,eligible,N,,,13.53,15.25,,5912159.707142857,0.1480384900073961,5.209953343701401,15.247018739352637,-3.90625,11.278688524590164,15.356006579361898,277.0,full,usable,2026-08-14,conditional,71.43,100.0,,,51.0,82.0,62.0,100.0,2.2.0,c8f1bf1665a8c5dfb834c0571e7dd5f6b6e5ccd00eab00295338bd42cfde549b
GDRX,"GoodRx Holdings, Inc. - Class A Common Stock",nasdaqtrader:Q:GDRX,NAMECLASS:GOODRX HOLDINGS INC,,common_equity,eligible,Q,,,3.73,5.12,,4274888.002857143,19.551282051282048,49.79919678714859,71.10091743119264,4.7752808988763995,27.1484375,55.8060569570369,277.0,full,usable,2026-08-14,conditional,73.07,100.0,,,57.0,92.0,45.0,100.0,2.2.0,c8f1bf1665a8c5dfb834c0571e7dd5f6b6e5ccd00eab00295338bd42cfde549b
GDS,GDS Holdings Limited - American Depositary Shares,nasdaqtrader:Q:GDS,SECURITY:GDS:nasdaqtrader:Q:GDS,,adr,eligible,Q,,,34.41,47.52,,80232765.76095237,5.068702290076321,-23.106145251396658,-26.53714773697695,1.4445754716980952,27.588383838383844,50.50105602165874,277.0,full,usable,2026-08-14,conditional,86.86,100.0,,,79.0,92.0,80.0,100.0,2.2.0,c8f1bf1665a8c5dfb834c0571e7dd5f6b6e5ccd00eab00295338bd42cfde549b
GDTC,CytoMed Therapeutics Limited - Ordinary Shares,nasdaqtrader:Q:GDTC,SECURITY:GDTC:nasdaqtrader:Q:GDTC,,common_equity,eligible,Q,,,0.9489,2.69,,81297.35222857143,-6.970588235294118,7.805044308111797,0.21121554546414956,-45.77714285714286,64.72490706319702,84.78504019549395,277.0,full,usable,2026-08-14,rejected,55.0,100.0,,,55.0,70.0,0.0,100.0,2.2.0,c8f1bf1665a8c5dfb834c0571e7dd5f6b6e5ccd00eab00295338bd42cfde549b
GDYN,"Grid Dynamics Holdings, Inc. - Class A Common Stock",nasdaqtrader:Q:GDYN,NAMECLASS:GRID DYNAMICS HOLDINGS INC,,common_equity,eligible,Q,,,7.75,10.06,,14632749.56857143,33.62068965517242,19.783616692426587,17.42424242424243,-3.8461538461538547,22.962226640159045,48.60298277039831,277.0,full,usable,2026-08-14,conditional,75.0,100.0,,,51.0,92.0,62.0,100.0,2.2.0,c8f1bf1665a8c5dfb834c0571e7dd5f6b6e5ccd00eab00295338bd42cfde549b
GE,GE Aerospace Common Stock,nasdaqtrader:N:GE,SECURITY:GE:nasdaqtrader:N:GE,,common_equity,eligible,N,,,368.38,381.22,,1529999916.1357143,6.5513551036936235,26.3565891472868,17.734667135415005,37.01554712489772,3.368133885945135,29.71407803146404,277.0,full,usable,2026-08-14,conditional,57.86,100.0,,,65.0,10.0,100.0,100.0,2.2.0,c8f1bf1665a8c5dfb834c0571e7dd5f6b6e5ccd00eab00295338bd42cfde549b
GEF,Greif Inc. Class A Common Stock,nasdaqtrader:N:GEF,NAMECLASS:GREIF INC,,common_equity,eligible,N,,,87.35,90.12,,18294861.124920633,14.783180026281206,33.52185875878935,14.4973128850439,26.649267797593158,3.073679538393259,29.71346645834288,277.0,full,usable,2026-08-14,conditional,52.57,100.0,,,75.0,10.0,62.0,100.0,2.2.0,c8f1bf1665a8c5dfb834c0571e7dd5f6b6e5ccd00eab00295338bd42cfde549b
GEF.B,"Greif, Inc. Corporation Class B Common Stock",nasdaqtrader:N:GEF.B,NAMECLASS:GREIF INC CORPORATION,,common_equity,eligible,N,,,110.7,111.77,,7491913.428730158,18.981083404987096,34.86842105263159,26.81865047542673,53.685964181591,0.9573230741701688,29.513300429882865,277.0,full,usable,2026-08-14,conditional,52.0,100.0,,,73.0,10.0,62.0,100.0,2.2.0,c8f1bf1665a8c5dfb834c0571e7dd5f6b6e5ccd00eab00295338bd42cfde549b
GEG,"Great Elm Group, Inc.  - Common Stock",nasdaqtrader:Q:GEG,SECURITY:GEG:nasdaqtrader:Q:GEG,,common_equity,eligible,Q,,,2.16,3.09,,21866.421349206346,0.46511627906977715,-2.7027027027027084,6.930693069306937,2.857142857142869,30.097087378640776,47.8162756415138,277.0,full,usable,2026-08-14,rejected,69.71,100.0,,,79.0,92.0,0.0,100.0,2.2.0,c8f1bf1665a8c5dfb834c0571e7dd5f6b6e5ccd00eab00295338bd42cfde549b
GEHC,GE HealthCare Technologies Inc. - Common Stock,nasdaqtrader:Q:GEHC,SECURITY:GEHC:nasdaqtrader:Q:GEHC,,common_equity,eligible,Q,,,73.69,88.16,,324796829.31404763,12.161339421613393,17.584171054731137,-6.306420851875405,-2.1770874817469754,16.413339382940105,48.11419186040146,277.0,full,usable,2026-08-14,conditional,80.71,100.0,,,61.0,82.0,92.0,100.0,2.2.0,c8f1bf1665a8c5dfb834c0571e7dd5f6b6e5ccd00eab00295338bd42cfde549b
GEMI,"Gemini Space Station, Inc. - Class A Common Stock",nasdaqtrader:Q:GEMI,NAMECLASS:GEMINI SPACE STATION INC,,common_equity,eligible,Q,,,3.92,32.52,,8730135.11515873,-13.846153846153841,-25.47528517110266,-41.49253731343284,,87.94587945879458,70.50875883638898,232.0,limited_but_usable,usable,2026-08-14,conditional,55.14,100.0,,,59.0,30.0,62.0,100.0,2.2.0,c8f1bf1665a8c5dfb834c0571e7dd5f6b6e5ccd00eab00295338bd42cfde549b
GEN,Gen Digital Inc. - Common Stock,nasdaqtrader:Q:GEN,SECURITY:GEN:nasdaqtrader:Q:GEN,,common_equity,eligible,Q,,,28.48,31.58,,161349930.104127,5.4424287300999685,22.864538395168243,20.93418259023354,-11.442786069651733,9.816339455351486,31.872815966948494,277.0,full,usable,2026-08-14,conditional,77.86,100.0,,,51.0,82.0,92.0,100.0,2.2.0,c8f1bf1665a8c5dfb834c0571e7dd5f6b6e5ccd00eab00295338bd42cfde549b
GENB,"Generate Biomedicines, Inc. - Common Stock",nasdaqtrader:Q:GENB,SECURITY:GENB:nasdaqtrader:Q:GENB,,common_equity,eligible,Q,,,15.64,17.41,,12164284.309444444,14.494875549048313,1.098901098901095,,,10.166570936243534,55.181162873059506,117.0,insufficient,usable,2026-08-14,recheck,,71.43,,,,82.0,62.0,88.0,2.2.0,c8f1bf1665a8c5dfb834c0571e7dd5f6b6e5ccd00eab00295338bd42cfde549b
GENC,"Gencor Industries, Inc. Common Stock",nasdaqtrader:A:GENC,SECURITY:GENC:nasdaqtrader:A:GENC,,common_equity,eligible,A,,,18.0,18.05,,586615.6801587301,11.593304401735892,22.615803814713907,19.047619047619047,18.265440210249672,0.27700831024931594,46.57036623737303,277.0,full,usable,2026-08-14,rejected,36.43,100.0,,,65.0,10.0,0.0,100.0,2.2.0,c8f1bf1665a8c5dfb834c0571e7dd5f6b6e5ccd00eab00295338bd42cfde549b
GENI,Genius Sports Limited Ordinary Shares,nasdaqtrader:N:GENI,SECURITY:GENI:nasdaqtrader:N:GENI,,common_equity,eligible,N,,,8.38,13.55,,44329998.14031746,33.439490445859875,101.44230769230771,38.74172185430464,-35.189481825212674,38.15498154981549,70.89998812995859,277.0,full,usable,2026-08-14,conditional,78.21,100.0,,,45.0,95.0,80.0,100.0,2.2.0,c8f1bf1665a8c5dfb834c0571e7dd5f6b6e5ccd00eab00295338bd42cfde549b
GENK,"GEN Restaurant Group, Inc. - Class A Common Stock",nasdaqtrader:Q:GENK,NAMECLASS:GEN RESTAURANT GROUP INC,,common_equity,eligible,Q,,,1.93,3.4,,330846.6262253968,6.6298342541436295,-9.81308411214954,6.043956043956045,-43.23529411764706,43.23529411764706,66.83543548993637,277.0,full,usable,2026-08-14,rejected,67.36,100.0,,,67.0,95.0,0.0,100.0,2.2.0,c8f1bf1665a8c5dfb834c0571e7dd5f6b6e5ccd00eab00295338bd42cfde549b
GEO,Geo Group Inc (The) REIT,qrgf-resolution-required:N:GEO,SECURITY:GEO:qrgf-resolution-required:N:GEO,,common_equity,eligible,N,,,31.22,31.75,,54407132.99142857,5.401755570560418,33.47584437793929,131.7743132887899,51.259689922480604,1.669291338582679,30.772718124872362,277.0,full,usable,2026-08-14,conditional,55.86,100.0,,,73.0,10.0,80.0,100.0,2.2.0,c8f1bf1665a8c5dfb834c0571e7dd5f6b6e5ccd00eab00295338bd42cfde549b
GEOS,Geospace Technologies Corporation - Common Stock,nasdaqtrader:Q:GEOS,SECURITY:GEOS:nasdaqtrader:Q:GEOS,,common_equity,eligible,Q,,,5.6,28.41,,1084731.0374603174,-17.404129793510336,-29.38209331651955,-37.77777777777778,-64.84620213433773,80.28863076381556,78.71525148190855,277.0,full,usable,2026-08-14,rejected,44.14,100.0,,,67.0,30.0,0.0,100.0,2.2.0,c8f1bf1665a8c5dfb834c0571e7dd5f6b6e5ccd00eab00295338bd42cfde549b
GERN,Geron Corporation - Common Stock,nasdaqtrader:Q:GERN,SECURITY:GERN:nasdaqtrader:Q:GERN,,common_equity,eligible,Q,,,1.47,1.95,,15928895.939761905,3.5211267605633756,5.000000000000004,-9.815950920245397,2.7972027972027913,24.615384615384617,83.18819019363956,277.0,full,usable,2026-08-14,conditional,79.57,100.0,,,67.0,92.0,62.0,100.0,2.2.0,c8f1bf1665a8c5dfb834c0571e7dd5f6b6e5ccd00eab00295338bd42cfde549b
GETY,"Getty Images Holdings, Inc. Class A Common Stock",nasdaqtrader:N:GETY,NAMECLASS:GETTY IMAGES HOLDINGS INC,,common_equity,eligible,N,,,0.3075,2.36,,7492552.267193651,-42.25352112676056,-56.98699118757868,-70.14563106796116,-83.19672131147541,86.97033898305084,154.9377595316851,277.0,full,usable,2026-08-14,conditional,45.43,100.0,,,25.0,30.0,62.0,100.0,2.2.0,c8f1bf1665a8c5dfb834c0571e7dd5f6b6e5ccd00eab00295338bd42cfde549b
GEV,GE Vernova Inc. Common Stock,nasdaqtrader:N:GEV,SECURITY:GEV:nasdaqtrader:N:GEV,,common_equity,eligible,N,,,1063.25,1174.86,,2885744940.683968,2.608519426376632,-2.501535950409428,30.210884686979522,67.62308650344471,9.4998553019083,55.77059921885188,277.0,full,usable,2026-08-14,conditional,89.29,100.0,,,85.0,82.0,100.0,100.0,2.2.0,c8f1bf1665a8c5dfb834c0571e7dd5f6b6e5ccd00eab00295338bd42cfde549b
GEVO,"Gevo, Inc. - Common Stock",nasdaqtrader:Q:GEVO,SECURITY:GEVO:nasdaqtrader:Q:GEVO,,common_equity,eligible,Q,,,1.69,2.775,,5446230.123174603,6.2893081761006275,0.5952380952380931,-3.9772727272727293,-14.646464646464652,39.0990990990991,73.30671159096383,277.0,full,usable,2026-08-14,conditional,82.36,100.0,,,73.0,95.0,62.0,100.0,2.2.0,c8f1bf1665a8c5dfb834c0571e7dd5f6b6e5ccd00eab00295338bd42cfde549b
GFF,Griffon Corporation Common Stock,nasdaqtrader:N:GFF,SECURITY:GFF:nasdaqtrader:N:GFF,,common_equity,eligible,N,,,104.16,107.22,,33021776.65666667,11.270163444076475,21.243161448027003,12.98405466970387,38.40021259633271,2.8539451594851717,45.61345530349867,277.0,full,usable,2026-08-14,conditional,56.43,100.0,,,75.0,10.0,80.0,100.0,2.2.0,c8f1bf1665a8c5dfb834c0571e7dd5f6b6e5ccd00eab00295338bd42cfde549b
GFI,Gold Fields Limited American Depositary Shares,nasdaqtrader:N:GFI,SECURITY:GFI:nasdaqtrader:N:GFI,,adr,eligible,N,,,40.24,61.51,,134766153.32968256,25.39732003739481,-8.773520743595553,-22.83796740172579,33.06878306878309,34.57974313119817,52.42825130797991,277.0,full,usable,2026-08-14,conditional,91.71,100.0,,,87.0,92.0,92.0,100.0,2.2.0,c8f1bf1665a8c5dfb834c0571e7dd5f6b6e5ccd00eab00295338bd42cfde549b
GFL,"GFL Environmental Inc. Subordinate voting shares, no par value",qrgf-resolution-required:N:GFL,SECURITY:GFL:qrgf-resolution-required:N:GFL,,common_equity,eligible,N,,,41.9,51.03,,105987324.20857143,5.727983850618212,12.725316115146622,1.3791434793128499,-16.980384386764413,17.89143640995493,32.42292757231711,277.0,full,usable,2026-08-14,conditional,80.71,100.0,,,61.0,82.0,92.0,100.0,2.2.0,c8f1bf1665a8c5dfb834c0571e7dd5f6b6e5ccd00eab00295338bd42cfde549b
GFR,Greenfire Resources Ltd. Common Shares,nasdaqtrader:N:GFR,SECURITY:GFR:nasdaqtrader:N:GFR,,common_equity,eligible,N,,,6.94,7.1,,1327990.532857143,13.58428805237315,15.47420965058237,20.90592334494774,52.19298245614037,2.2535211267605493,57.06205995520084,277.0,full,usable,2026-08-14,rejected,38.71,100.0,,,73.0,10.0,0.0,100.0,2.2.0,c8f1bf1665a8c5dfb834c0571e7dd5f6b6e5ccd00eab00295338bd42cfde549b
GFR.V,"Greenfire Resources Ltd. Rights (expiring September 15, 2026) Rights when issued",qrgf-resolution-required:N:GFR.V,SECURITY:GFR.V:qrgf-resolution-required:N:GFR.V,,common_equity,eligible,N,,,,,,,,,,,,,0.0,insufficient,usable,,recheck,,14.29,,,,,,28.0,2.2.0,c8f1bf1665a8c5dfb834c0571e7dd5f6b6e5ccd00eab00295338bd42cfde549b
GFS,GlobalFoundries Inc. - Ordinary Share,nasdaqtrader:Q:GFS,SECURITY:GFS:nasdaqtrader:Q:GFS,,common_equity,eligible,Q,,,54.58,89.96,,325725622.10571426,-6.28434065934067,-26.083423618634892,12.073921971252567,63.12014345487147,39.32859048465984,65.02843560193342,277.0,full,usable,2026-08-14,conditional,95.07,100.0,,,95.0,95.0,92.0,100.0,2.2.0,c8f1bf1665a8c5dfb834c0571e7dd5f6b6e5ccd00eab00295338bd42cfde549b
GFUZ,General Fusion Group Ltd. - Common Shares,nasdaqtrader:Q:GFUZ,SECURITY:GFUZ:nasdaqtrader:Q:GFUZ,,common_equity,eligible,Q,,,8.13,13.76,,5252597.954920636,-11.534276387377574,-22.275334608030594,-23.80506091846297,,40.915697674418595,192.62161500877497,220.0,limited_but_usable,usable,2026-08-14,conditional,78.36,100.0,,,59.0,95.0,62.0,100.0,2.2.0,c8f1bf1665a8c5dfb834c0571e7dd5f6b6e5ccd00eab00295338bd42cfde549b
GGAL,"Grupo Financiero Galicia S.A. - American Depositary Shares, Class B Shares underlying",nasdaqtrader:Q:GGAL,SECURITY:GGAL:nasdaqtrader:Q:GGAL,,adr,eligible,Q,,,43.37,60.79,,56575702.17428572,-13.571143882024717,3.632019115890084,-4.555457746478875,-16.820099731492142,28.656028952130285,53.70347292308938,277.0,full,usable,2026-08-14,conditional,85.14,100.0,,,73.0,92.0,80.0,100.0,2.2.0,c8f1bf1665a8c5dfb834c0571e7dd5f6b6e5ccd00eab00295338bd42cfde549b
GGB,Gerdau S.A. Common Stock,nasdaqtrader:N:GGB,SECURITY:GGB:nasdaqtrader:N:GGB,,common_equity,eligible,N,,,4.74,5.14,,74632969.10301587,0.4237288135593209,0.6369426751592355,11.792452830188683,56.43564356435646,7.78210116731517,32.83082014159206,277.0,full,usable,2026-08-14,conditional,68.57,100.0,,,95.0,28.0,80.0,100.0,2.2.0,c8f1bf1665a8c5dfb834c0571e7dd5f6b6e5ccd00eab00295338bd42cfde549b
GGG,Graco Inc. Common Stock,nasdaqtrader:N:GGG,SECURITY:GGG:nasdaqtrader:N:GGG,,common_equity,eligible,N,,,81.94,94.82,,108270493.04698412,7.575160824471561,7.083115525352857,-13.088672040729744,-6.375685557586841,13.583632145117065,26.22658287001177,277.0,full,usable,2026-08-14,conditional,80.71,100.0,,,61.0,82.0,92.0,100.0,2.2.0,c8f1bf1665a8c5dfb834c0571e7dd5f6b6e5ccd00eab00295338bd42cfde549b
GGR,Gogoro Inc. - Ordinary Shares,nasdaqtrader:Q:GGR,SECURITY:GGR:nasdaqtrader:Q:GGR,,common_equity,eligible,Q,,,2.28,7.502,,56585.569920634916,-39.36170212765958,-42.131979695431475,-23.74581939799333,-67.41926264647043,69.60810450546522,92.61257735262647,277.0,full,usable,2026-08-14,rejected,44.14,100.0,,,67.0,30.0,0.0,100.0,2.2.0,c8f1bf1665a8c5dfb834c0571e7dd5f6b6e5ccd00eab00295338bd42cfde549b
GH,"Guardant Health, Inc. - Common Stock",nasdaqtrader:Q:GH,SECURITY:GH:nasdaqtrader:Q:GH,,common_equity,eligible,Q,,,157.21,170.77,,385884047.92603177,1.4258064516128988,59.34522602878574,52.987543791358505,168.41386375277446,7.940504772501022,49.656403818459815,277.0,full,usable,2026-08-14,conditional,64.86,100.0,,,73.0,28.0,92.0,100.0,2.2.0,c8f1bf1665a8c5dfb834c0571e7dd5f6b6e5ccd00eab00295338bd42cfde549b
GHC,Graham Holdings Company Common Stock,nasdaqtrader:N:GHC,SECURITY:GHC:nasdaqtrader:N:GHC,,common_equity,eligible,N,,,1191.2,1233.96,,23917981.014444444,-0.9026246828334861,7.4459928742163894,10.725871668789111,12.197419233305084,3.465266297124703,20.998123146934716,277.0,full,usable,2026-08-14,conditional,50.29,100.0,,,67.0,10.0,62.0,100.0,2.2.0,c8f1bf1665a8c5dfb834c0571e7dd5f6b6e5ccd00eab00295338bd42cfde549b
GHG,"GreenTree Hospitality Group Ltd. American depositary shares, each representing one Class A ordinary share",nasdaqtrader:N:GHG,SECURITY:GHG:nasdaqtrader:N:GHG,,adr,eligible,N,,,1.11,2.2425,,14817.996371428571,-5.12820512820511,-6.722689075630239,-21.276595744680836,-49.199084668192214,50.50167224080268,29.684127038725343,277.0,full,usable,2026-08-14,rejected,58.43,100.0,,,67.0,70.0,0.0,100.0,2.2.0,c8f1bf1665a8c5dfb834c0571e7dd5f6b6e5ccd00eab00295338bd42cfde549b
GHM,Graham Corporation Common Stock,nasdaqtrader:N:GHM,SECURITY:GHM:nasdaqtrader:N:GHM,,common_equity,eligible,N,,,113.99,123.79,,28275621.452063493,5.399907535829862,15.37449392712551,35.89651883643301,119.67623819618423,7.91663300751273,65.0292381122016,277.0,full,usable,2026-08-14,conditional,62.29,100.0,,,73.0,28.0,80.0,100.0,2.2.0,c8f1bf1665a8c5dfb834c0571e7dd5f6b6e5ccd00eab00295338bd42cfde549b
GHRS,GH Research PLC - Ordinary Shares,nasdaqtrader:Q:GHRS,SECURITY:GHRS:nasdaqtrader:Q:GHRS,,common_equity,eligible,Q,,,29.49,30.64,,7968729.719047619,1.2358393408856916,32.77802791535343,96.46902065289807,134.79299363057322,3.753263707571808,52.338941974369035,277.0,full,usable,2026-08-14,conditional,52.0,100.0,,,73.0,10.0,62.0,100.0,2.2.0,c8f1bf1665a8c5dfb834c0571e7dd5f6b6e5ccd00eab00295338bd42cfde549b
GHXI,"Gores Holdings XI, Inc. - Class A Ordinary Shares",nasdaqtrader:Q:GHXI,NAMECLASS:GORES HOLDINGS XI INC,,common_equity,eligible,Q,,,10.08,10.08,,63962.27999999999,,,,,0.0,,2.0,insufficient,usable,2026-08-14,rejected,,71.43,,,,10.0,0.0,64.0,2.2.0,c8f1bf1665a8c5dfb834c0571e7dd5f6b6e5ccd00eab00295338bd42cfde549b
GIB,CGI Inc. Common Stock,nasdaqtrader:N:GIB,SECURITY:GIB:nasdaqtrader:N:GIB,,common_equity,eligible,N,,,73.41,97.18,,33342864.40936508,7.734076900498965,17.81415503129513,-2.380319148936183,-23.259460589588123,24.45976538382384,33.554199921635636,277.0,full,usable,2026-08-14,conditional,81.71,100.0,,,61.0,92.0,80.0,100.0,2.2.0,c8f1bf1665a8c5dfb834c0571e7dd5f6b6e5ccd00eab00295338bd42cfde549b
GIBO,GIBO Holdings Limited - Class A Ordinary Shares,nasdaqtrader:Q:GIBO,NAMECLASS:GIBO HOLDINGS LIMITED,,common_equity,eligible,Q,,,29.8,193.0,,129342.0423,10.16635859519408,-8.673000306466449,-22.091503267973856,-85.1,84.55958549222797,87.713456432944,277.0,full,usable,2026-08-14,rejected,38.43,100.0,,,47.0,30.0,0.0,100.0,2.2.0,c8f1bf1665a8c5dfb834c0571e7dd5f6b6e5ccd00eab00295338bd42cfde549b
GIC,Global Industrial Company Common Stock,nasdaqtrader:N:GIC,SECURITY:GIC:nasdaqtrader:N:GIC,,common_equity,eligible,N,,,38.96,39.8,,4335572.152380953,11.377930245854785,34.763057765479076,21.788058768365115,7.832825906448937,2.1105527638190846,24.694847831607024,277.0,full,usable,2026-08-14,conditional,43.79,100.0,,,57.0,10.0,45.0,100.0,2.2.0,c8f1bf1665a8c5dfb834c0571e7dd5f6b6e5ccd00eab00295338bd42cfde549b
GIGM,GigaMedia Limited - Ordinary Shares,nasdaqtrader:Q:GIGM,SECURITY:GIGM:nasdaqtrader:Q:GIGM,,common_equity,eligible,Q,,,1.475,1.8601,,8847.207604761905,7.664233576642343,2.076124567474058,-6.639660738021391,-2.960526315789469,20.703188000645124,41.8098107904152,277.0,full,usable,2026-08-14,rejected,68.0,100.0,,,73.0,92.0,0.0,100.0,2.2.0,c8f1bf1665a8c5dfb834c0571e7dd5f6b6e5ccd00eab00295338bd42cfde549b
GIII,"G-III Apparel Group, LTD. - Common Stock",nasdaqtrader:Q:GIII,SECURITY:GIII:nasdaqtrader:Q:GIII,,common_equity,eligible,Q,,,33.9,36.81,,19251316.806349207,-5.571030640668528,13.949579831932768,12.736947123378783,29.785604900459404,7.905460472697645,24.732730722155303,277.0,full,usable,2026-08-14,conditional,59.0,100.0,,,75.0,28.0,62.0,100.0,2.2.0,c8f1bf1665a8c5dfb834c0571e7dd5f6b6e5ccd00eab00295338bd42cfde549b
GIL,"Gildan Activewear, Inc. Class A Sub. Vot. Common Stock",nasdaqtrader:N:GIL,SECURITY:GIL:nasdaqtrader:N:GIL,,common_equity,eligible,N,,,56.72,72.58,,88291598.96714287,5.8603956700261195,-0.682892663281387,-21.473072130693627,3.258692881849634,21.8517497933315,35.161013528465084,277.0,full,usable,2026-08-14,conditional,86.86,100.0,,,79.0,92.0,80.0,100.0,2.2.0,c8f1bf1665a8c5dfb834c0571e7dd5f6b6e5ccd00eab00295338bd42cfde549b
GILD,"Gilead Sciences, Inc. - Common Stock",nasdaqtrader:Q:GILD,SECURITY:GILD:nasdaqtrader:Q:GILD,,common_equity,eligible,Q,,,138.36,155.8,,997486130.8152381,1.511371973587683,4.770558836892325,-8.859758909162762,15.165640086565691,11.193838254172018,30.424960255707518,277.0,full,usable,2026-08-14,conditional,89.86,100.0,,,87.0,82.0,100.0,100.0,2.2.0,c8f1bf1665a8c5dfb834c0571e7dd5f6b6e5ccd00eab00295338bd42cfde549b
GILT,Gilat Satellite Networks Ltd. - Ordinary Shares,nasdaqtrader:Q:GILT,SECURITY:GILT:nasdaqtrader:Q:GILT,,common_equity,eligible,Q,,,11.51,20.85,,10469756.778095238,3.043867502238129,-28.420398009950244,-13.132075471698112,26.901874310915108,44.79616306954437,52.077352236563634,277.0,full,usable,2026-08-14,conditional,86.36,100.0,,,87.0,95.0,62.0,100.0,2.2.0,c8f1bf1665a8c5dfb834c0571e7dd5f6b6e5ccd00eab00295338bd42cfde549b
GIS,"General Mills, Inc. Common Stock",nasdaqtrader:N:GIS,SECURITY:GIS:nasdaqtrader:N:GIS,,common_equity,eligible,N,,,39.2,51.11,,360613176.0573016,1.2919896640826822,18.321762752792026,-19.308357348703165,-21.174341443796486,23.302680493054197,32.04587881227747,277.0,full,usable,2026-08-14,conditional,84.29,100.0,,,61.0,92.0,92.0,100.0,2.2.0,c8f1bf1665a8c5dfb834c0571e7dd5f6b6e5ccd00eab00295338bd42cfde549b
GITS,"Global Interactive Technologies, Inc. Common Stock - Common Stock",nasdaqtrader:Q:GITS,SECURITY:GITS:nasdaqtrader:Q:GITS,,common_equity,eligible,Q,,,1.93,4.37,,1567126.5971428573,-10.648148148148163,36.879432624113484,-4.92610837438423,-17.872340425531917,55.83524027459954,138.37740099238718,277.0,full,usable,2026-08-14,rejected,56.71,100.0,,,61.0,70.0,0.0,100.0,2.2.0,c8f1bf1665a8c5dfb834c0571e7dd5f6b6e5ccd00eab00295338bd42cfde549b
GIW,GigCapital8 Corp. - Class A Ordinary Shares,nasdaqtrader:Q:GIW,NAMECLASS:GIGCAPITAL8 CORP,,common_equity,eligible,Q,,,10.14,10.14,,503207.7257777778,0.3960396039603964,1.0967098703888567,1.4000000000000012,,0.0,1.3471212513120596,201.0,limited_but_usable,usable,2026-08-14,rejected,34.71,100.0,,,59.0,10.0,0.0,100.0,2.2.0,c8f1bf1665a8c5dfb834c0571e7dd5f6b6e5ccd00eab00295338bd42cfde549b
GIX,GigCapital9 Corp. - Class A Ordinary Share,nasdaqtrader:Q:GIX,NAMECLASS:GIGCAPITAL9 CORP,,common_equity,eligible,Q,,,9.97,9.97,,431468.39056825393,0.3018108651911655,0.8088978766430666,,,0.0,0.8916318663949139,103.0,insufficient,usable,2026-08-14,rejected,,71.43,,,,10.0,0.0,88.0,2.2.0,c8f1bf1665a8c5dfb834c0571e7dd5f6b6e5ccd00eab00295338bd42cfde549b
GJH,Synthetic Fixed-Income Securities Inc 6.375% (STRATS) Cl A-1,qrgf-resolution-required:N:GJH,SECURITY:GJH:qrgf-resolution-required:N:GJH,,common_equity,eligible,N,,,9.4211,9.99,,11060.254495238094,1.6288928922018053,-4.354314720812191,-2.2707468879668236,0.8683083511777268,5.694694694694702,10.251345539248728,277.0,full,usable,2026-08-14,rejected,46.86,100.0,,,79.0,28.0,0.0,100.0,2.2.0,c8f1bf1665a8c5dfb834c0571e7dd5f6b6e5ccd00eab00295338bd42cfde549b
GJO,"Synthetic Fixed-Income Securities, Inc. on behalf of STRATS(SM) Trust for Wal-Mart Stores, Inc. Securities, Series 2004-5",qrgf-resolution-required:N:GJO,SECURITY:GJO:qrgf-resolution-required:N:GJO,,common_equity,eligible,N,,,24.9,25.28,,19987.245273015873,0.6874241811564819,0.20765924566570337,0.40322580645160144,0.0,1.5031645569620333,4.818782535709245,277.0,full,usable,2026-08-14,rejected,40.43,100.0,,,79.0,10.0,0.0,100.0,2.2.0,c8f1bf1665a8c5dfb834c0571e7dd5f6b6e5ccd00eab00295338bd42cfde549b
GJP,"Synthetic Fixed-Income Securities, Inc. on behalf of STRATS (SM) Trust for Dominion Resources, Inc. Securities, Series 2005-6, Floating Rate Structured Repackaged Asset-Backed Trust Securities (STRATS) Certificates",qrgf-resolution-required:N:GJP,SECURITY:GJP:qrgf-resolution-required:N:GJP,,common_equity,eligible,N,,,24.72,25.02,,12264.48509206349,0.4469727752945962,0.9803921568627416,-1.1990407673860948,0.1227232408656187,1.1990407673860948,6.918999762668143,277.0,full,usable,2026-08-14,rejected,40.43,100.0,,,79.0,10.0,0.0,100.0,2.2.0,c8f1bf1665a8c5dfb834c0571e7dd5f6b6e5ccd00eab00295338bd42cfde549b
GJR,"Synthetic Fixed-Income Securities, Inc. STRATS Trust for Procter&Gamble Securities, Series 2006-1",qrgf-resolution-required:N:GJR,SECURITY:GJR:qrgf-resolution-required:N:GJR,,common_equity,eligible,N,,,24.7201,25.2,,10809.02773015873,0.2921117652070482,0.04087414002427181,-0.5227364185110828,-0.3623538895606626,1.904365079365078,13.552574820570248,277.0,full,usable,2026-08-14,rejected,38.71,100.0,,,73.0,10.0,0.0,100.0,2.2.0,c8f1bf1665a8c5dfb834c0571e7dd5f6b6e5ccd00eab00295338bd42cfde549b
GJS,"Goldman Sachs Group Securities STRATS Trust for Goldman Sachs Group Securities, Series 2006-2",qrgf-resolution-required:N:GJS,SECURITY:GJS:qrgf-resolution-required:N:GJS,,common_equity,eligible,N,,,23.57,24.09,,32669.84759047619,0.4260758414997845,-0.08478168715557732,0.9421841541755738,2.4782608695652186,2.158572021585714,9.335824484420503,277.0,full,usable,2026-08-14,rejected,40.43,100.0,,,79.0,10.0,0.0,100.0,2.2.0,c8f1bf1665a8c5dfb834c0571e7dd5f6b6e5ccd00eab00295338bd42cfde549b
GJT,"Synthetic Fixed-Income Securities, Inc. Floating Rate Structured Repackaged Asset-Backed Trust Securities Certificates, Series 2006-3",qrgf-resolution-required:N:GJT,SECURITY:GJT:qrgf-resolution-required:N:GJT,,common_equity,eligible,N,,,23.47,23.71,,20185.1383015873,1.0762227552852943,1.3822894168466604,1.9986875328659837,3.4504037518953368,1.0122311261071326,12.370253025688344,277.0,full,usable,2026-08-14,rejected,40.43,100.0,,,79.0,10.0,0.0,100.0,2.2.0,c8f1bf1665a8c5dfb834c0571e7dd5f6b6e5ccd00eab00295338bd42cfde549b
GKOS,Glaukos Corporation Common Stock,nasdaqtrader:N:GKOS,SECURITY:GKOS:nasdaqtrader:N:GKOS,,common_equity,eligible,N,,,184.53,189.45,,144697491.82,18.7528154964927,29.813577207175523,72.87802136031478,101.03497112975268,2.596991290577988,32.111168717655204,277.0,full,usable,2026-08-14,conditional,58.43,100.0,,,73.0,10.0,92.0,100.0,2.2.0,c8f1bf1665a8c5dfb834c0571e7dd5f6b6e5ccd00eab00295338bd42cfde549b
GL,Globe Life Inc. Common Stock,nasdaqtrader:N:GL,SECURITY:GL:nasdaqtrader:N:GL,,common_equity,eligible,N,,,181.0,186.02,,112827246.02412699,-1.9289120069354126,17.1748559590859,25.60721721027066,30.215827338129486,2.698634555424151,27.47647153529371,277.0,full,usable,2026-08-14,conditional,56.14,100.0,,,65.0,10.0,92.0,100.0,2.2.0,c8f1bf1665a8c5dfb834c0571e7dd5f6b6e5ccd00eab00295338bd42cfde549b
GLAS,Glass House Brands Inc. Subordinate Voting Shares,qrgf-resolution-required:N:GLAS,SECURITY:GLAS:qrgf-resolution-required:N:GLAS,,common_equity,eligible,N,,,9.41,13.0,,4618300.515151516,-8.994197292069629,,,,27.61538461538462,63.2385119639801,33.0,insufficient,usable,2026-08-14,recheck,,71.43,,,,92.0,45.0,76.0,2.2.0,c8f1bf1665a8c5dfb834c0571e7dd5f6b6e5ccd00eab00295338bd42cfde549b
GLBE,Global-E Online Ltd. - ordinary shares,nasdaqtrader:Q:GLBE,SECURITY:GLBE:nasdaqtrader:Q:GLBE,,common_equity,eligible,Q,,,42.36,42.36,,58968810.78,10.456323337679274,51.61059413027915,29.580911593759573,36.381197681905995,0.0,39.845802121075266,277.0,full,usable,2026-08-14,conditional,53.57,100.0,,,65.0,10.0,80.0,100.0,2.2.0,c8f1bf1665a8c5dfb834c0571e7dd5f6b6e5ccd00eab00295338bd42cfde549b
GLBS,Globus Maritime Limited - Common Stock,nasdaqtrader:Q:GLBS,SECURITY:GLBS:nasdaqtrader:Q:GLBS,,common_equity,eligible,Q,,,3.64,3.72,,498533.05587301584,33.33333333333335,75.84541062801935,116.6666666666667,264.0,2.1505376344086002,81.74982411389958,277.0,full,usable,2026-08-14,rejected,38.71,100.0,,,73.0,10.0,0.0,100.0,2.2.0,c8f1bf1665a8c5dfb834c0571e7dd5f6b6e5ccd00eab00295338bd42cfde549b
GLDG,GoldMining Inc. Common Shares,nasdaqtrader:A:GLDG,SECURITY:GLDG:nasdaqtrader:A:GLDG,,common_equity,eligible,A,,,1.05,2.14,,1244115.1824746032,28.283445326817347,-11.016949152542367,-26.573426573426563,31.05341987019472,50.93457943925234,49.2444854530644,277.0,full,usable,2026-08-14,rejected,64.14,100.0,,,87.0,70.0,0.0,100.0,2.2.0,c8f1bf1665a8c5dfb834c0571e7dd5f6b6e5ccd00eab00295338bd42cfde549b
GLIBA,Liberty Capital Corporation - Series A GCI Group Common Stock,nasdaqtrader:Q:GLIBA,SECURITY:GLIBA:nasdaqtrader:Q:GLIBA,,common_equity,eligible,Q,,,27.08,40.23,,2199553.665714286,19.929140832595227,3.3193437619229105,-28.511087645195367,-20.212139068945202,32.68704946557296,33.57823511768314,276.0,full,usable,2026-08-14,conditional,77.64,100.0,,,73.0,92.0,45.0,100.0,2.2.0,c8f1bf1665a8c5dfb834c0571e7dd5f6b6e5ccd00eab00295338bd42cfde549b
GLIBK,Liberty Capital Corporation - Series C GCI Group Common Stock,nasdaqtrader:Q:GLIBK,SECURITY:GLIBK:nasdaqtrader:Q:GLIBK,,common_equity,eligible,Q,,,26.7,40.04,,17887602.563968252,18.772241992882567,2.142310635042066,-29.17771883289125,-21.262164553229134,33.31668331668332,33.87997117870053,276.0,full,usable,2026-08-14,conditional,81.29,100.0,,,73.0,92.0,62.0,100.0,2.2.0,c8f1bf1665a8c5dfb834c0571e7dd5f6b6e5ccd00eab00295338bd42cfde549b
GLND,Greenland Energy Company - Common Stock,nasdaqtrader:Q:GLND,SECURITY:GLND:nasdaqtrader:Q:GLND,,common_equity,eligible,Q,,,1.28,13.0,,2774400.4965079366,-44.58874458874459,-58.306188925081436,-87.58486905916585,-87.21278721278722,90.15384615384615,195.41087904781952,277.0,full,usable,2026-08-14,conditional,37.5,100.0,,,10.0,30.0,45.0,100.0,2.2.0,c8f1bf1665a8c5dfb834c0571e7dd5f6b6e5ccd00eab00295338bd42cfde549b
GLNG,Golar LNG Limited - Common Shares,nasdaqtrader:Q:GLNG,SECURITY:GLNG:nasdaqtrader:Q:GLNG,,common_equity,eligible,Q,,,52.49,57.36,,68054314.71666667,5.486334405144699,-8.27435561380515,20.38990825688074,30.604628016919655,8.490237099023702,22.032001747214064,277.0,full,usable,2026-08-14,conditional,82.71,100.0,,,77.0,82.0,80.0,100.0,2.2.0,c8f1bf1665a8c5dfb834c0571e7dd5f6b6e5ccd00eab00295338bd42cfde549b
GLOB,Globant S.A. Common Shares,nasdaqtrader:N:GLOB,SECURITY:GLOB:nasdaqtrader:N:GLOB,,common_equity,eligible,N,,,37.38,78.12,,73775795.92730159,16.086956521739125,9.6830985915493,-24.14772727272727,-53.081461026735276,52.1505376344086,66.18714905508413,277.0,full,usable,2026-08-14,conditional,72.14,100.0,,,55.0,70.0,80.0,100.0,2.2.0,c8f1bf1665a8c5dfb834c0571e7dd5f6b6e5ccd00eab00295338bd42cfde549b
GLOO,"Gloo Holdings, Inc. - Common Stock",nasdaqtrader:Q:GLOO,SECURITY:GLOO:nasdaqtrader:Q:GLOO,,common_equity,eligible,Q,,,3.48,9.5,,1011938.1777777778,6.748466257668717,-42.85714285714286,-37.1841155234657,,63.36842105263158,101.64970470801032,184.0,limited_but_usable,usable,2026-08-14,rejected,56.14,100.0,,,59.0,70.0,0.0,100.0,2.2.0,c8f1bf1665a8c5dfb834c0571e7dd5f6b6e5ccd00eab00295338bd42cfde549b
GLP,Global Partners LP Common Units representing Limited Partner Interests,qrgf-resolution-required:N:GLP,SECURITY:GLP:qrgf-resolution-required:N:GLP,,common_equity,eligible,N,,,50.83,53.11,,5266975.196825396,4.074529074529054,2.7076177005455504,5.020661157024797,-0.2942330325617859,4.29297684051968,24.249283750173795,277.0,full,usable,2026-08-14,conditional,52.0,100.0,,,73.0,10.0,62.0,100.0,2.2.0,c8f1bf1665a8c5dfb834c0571e7dd5f6b6e5ccd00eab00295338bd42cfde549b
GLPI,"Gaming and Leisure Properties, Inc. - Common Stock",nasdaqtrader:Q:GLPI,SECURITY:GLPI:nasdaqtrader:Q:GLPI,,common_equity,eligible,Q,,,43.57,49.82,,107199929.67,-3.5421740092982046,-7.040751013441426,-5.692640692640694,-5.794594594594593,12.545162585307102,21.240280339963675,277.0,full,usable,2026-08-14,conditional,84.14,100.0,,,73.0,82.0,92.0,100.0,2.2.0,c8f1bf1665a8c5dfb834c0571e7dd5f6b6e5ccd00eab00295338bd42cfde549b
GLRE,"Greenlight Reinsurance, Ltd. - Class A Ordinary Shares",nasdaqtrader:Q:GLRE,NAMECLASS:GREENLIGHT REINSURANCE LTD,,common_equity,eligible,Q,,,15.76,19.0,,2808288.1442857143,-6.190476190476191,-9.1118800461361,13.626532083633759,18.85369532428356,17.052631578947373,33.24299082179673,277.0,full,usable,2026-08-14,conditional,78.07,100.0,,,87.0,82.0,45.0,100.0,2.2.0,c8f1bf1665a8c5dfb834c0571e7dd5f6b6e5ccd00eab00295338bd42cfde549b
GLSI,"Greenwich LifeSciences, Inc. - Common stock",nasdaqtrader:Q:GLSI,SECURITY:GLSI:nasdaqtrader:Q:GLSI,,common_equity,eligible,Q,,,16.8,33.565,,3099799.4570634924,-11.62546028406103,-35.3099730458221,-34.70656820831714,42.614601018675735,49.94786235662148,97.19306406394335,277.0,full,usable,2026-08-14,conditional,82.71,100.0,,,87.0,95.0,45.0,100.0,2.2.0,c8f1bf1665a8c5dfb834c0571e7dd5f6b6e5ccd00eab00295338bd42cfde549b
GLU,Gabelli Global Utility Common Shares of Beneficial Ownership,nasdaqtrader:A:GLU,SECURITY:GLU:nasdaqtrader:A:GLU,,common_equity,eligible,A,,,19.475,21.62,,149243.2636365079,-0.43456032719835225,-1.4423076923076983,-9.544821179749185,9.395362423044107,9.921369102682698,8.95049770996279,277.0,full,usable,2026-08-14,rejected,66.14,100.0,,,79.0,82.0,0.0,100.0,2.2.0,c8f1bf1665a8c5dfb834c0571e7dd5f6b6e5ccd00eab00295338bd42cfde549b
GLUE,"Monte Rosa Therapeutics, Inc. - Common Stock",nasdaqtrader:Q:GLUE,SECURITY:GLUE:nasdaqtrader:Q:GLUE,,common_equity,eligible,Q,,,15.5,25.31,,27596274.202857144,-33.07426597582038,-17.023554603854386,-16.216216216216218,249.09909909909908,38.759383642828915,105.47442220815064,277.0,full,usable,2026-08-14,conditional,92.5,100.0,,,95.0,95.0,80.0,100.0,2.2.0,c8f1bf1665a8c5dfb834c0571e7dd5f6b6e5ccd00eab00295338bd42cfde549b
GLW,Corning Incorporated Common Stock,nasdaqtrader:N:GLW,SECURITY:GLW:nasdaqtrader:N:GLW,,common_equity,eligible,N,,,165.99,255.69,,2623731425.2660317,4.798282719868685,-20.304397925869022,26.228136882129284,152.4946759963493,35.08154405725683,84.00754754727126,277.0,full,usable,2026-08-14,conditional,93.93,100.0,,,85.0,95.0,100.0,100.0,2.2.0,c8f1bf1665a8c5dfb834c0571e7dd5f6b6e5ccd00eab00295338bd42cfde549b
GLXG,Galaxy Payroll Group Limited - Class A Ordinary Shares,nasdaqtrader:Q:GLXG,NAMECLASS:GALAXY PAYROLL GROUP LIMITED,,common_equity,eligible,Q,,,1.06,6.94,,6255988.81641746,-0.9345794392523366,19.38281337988512,-52.888888888888886,-80.9967730369308,84.72622478386167,103.61911056086448,277.0,full,usable,2026-08-14,conditional,45.43,100.0,,,25.0,30.0,62.0,100.0,2.2.0,c8f1bf1665a8c5dfb834c0571e7dd5f6b6e5ccd00eab00295338bd42cfde549b
GLXY,Galaxy Digital Inc. - Class A common stock,nasdaqtrader:Q:GLXY,NAMECLASS:GALAXY DIGITAL INC,,common_equity,eligible,Q,,,21.66,42.86,,181185564.73412699,-2.9134917077543676,-32.39700374531835,7.493796526054597,-23.570924488355683,49.463369108726084,102.21284471911419,277.0,full,usable,2026-08-14,conditional,88.79,100.0,,,73.0,95.0,92.0,100.0,2.2.0,c8f1bf1665a8c5dfb834c0571e7dd5f6b6e5ccd00eab00295338bd42cfde549b
GM,General Motors Company Common Stock,nasdaqtrader:N:GM,SECURITY:GM:nasdaqtrader:N:GM,,common_equity,eligible,N,,,86.77,90.3,,622764172.7549206,11.644364384971695,11.60128617363343,8.557487801826591,56.1173083843109,3.9091915836101943,32.74466793923311,277.0,full,usable,2026-08-14,conditional,63.0,100.0,,,83.0,10.0,100.0,100.0,2.2.0,c8f1bf1665a8c5dfb834c0571e7dd5f6b6e5ccd00eab00295338bd42cfde549b
GMAB,Genmab A/S - American Depositary Shares,nasdaqtrader:Q:GMAB,SECURITY:GMAB:nasdaqtrader:Q:GMAB,,adr,eligible,Q,,,31.94,35.34,,57808563.427777775,10.213940648723252,18.736059479553923,7.9418722541399145,40.891045434494934,9.620826259196381,27.058003977280414,277.0,full,usable,2026-08-14,conditional,82.14,100.0,,,75.0,82.0,80.0,100.0,2.2.0,c8f1bf1665a8c5dfb834c0571e7dd5f6b6e5ccd00eab00295338bd42cfde549b
GME,GameStop Corporation Common Stock,nasdaqtrader:N:GME,SECURITY:GME:nasdaqtrader:N:GME,,common_equity,eligible,N,,,18.66,27.69,,117031578.21587302,-14.872262773722634,-13.651087459509482,-20.663265306122447,-18.94005212858384,32.61105092091008,42.40449743147225,277.0,full,usable,2026-08-14,conditional,87.71,100.0,,,73.0,92.0,92.0,100.0,2.2.0,c8f1bf1665a8c5dfb834c0571e7dd5f6b6e5ccd00eab00295338bd42cfde549b
GMED,"Globus Medical, Inc. Class A Common Stock",nasdaqtrader:N:GMED,NAMECLASS:GLOBUS MEDICAL INC,,common_equity,eligible,N,,,85.9,96.82,,143204518.61015874,6.1673464343097395,11.25501877995081,-1.5134143545058376,36.80522376174551,11.278661433588088,36.85959111086321,277.0,full,usable,2026-08-14,conditional,84.71,100.0,,,75.0,82.0,92.0,100.0,2.2.0,c8f1bf1665a8c5dfb834c0571e7dd5f6b6e5ccd00eab00295338bd42cfde549b
GMEX,GMEX ROBOTICS CORPORATION - Class A Ordinary Shares,nasdaqtrader:Q:GMEX,NAMECLASS:GMEX ROBOTICS CORPORATION,,common_equity,eligible,Q,,,1.14,4749.7,,4705812.648936508,-22.44897959183674,-93.33333333333333,-99.0672557682867,-99.9700616100551,99.97599848411478,165.61765216693055,277.0,full,usable,2026-08-14,conditional,34.64,100.0,,,0.0,30.0,45.0,100.0,2.2.0,c8f1bf1665a8c5dfb834c0571e7dd5f6b6e5ccd00eab00295338bd42cfde549b
GMM,Global Mofy AI Limited  - Class A Ordinary Shares,nasdaqtrader:Q:GMM,NAMECLASS:GLOBAL MOFY AI LIMITED,,common_equity,eligible,Q,,,2.86,117.5,,19413187.443333335,-8.626198083067093,-96.21192052980132,-94.8,-97.52380952380952,97.56595744680851,312.9554348011571,277.0,full,usable,2026-08-14,conditional,38.29,100.0,,,0.0,30.0,62.0,100.0,2.2.0,c8f1bf1665a8c5dfb834c0571e7dd5f6b6e5ccd00eab00295338bd42cfde549b
GMRS,GMR Solutions Inc. Class A Common Stock,nasdaqtrader:N:GMRS,NAMECLASS:GMR SOLUTIONS INC,,common_equity,eligible,N,,,13.31,15.74,,10824452.516984127,-1.4803849000740166,-3.898916967509014,,,15.43837357052097,56.94682575860557,65.0,insufficient,usable,2026-08-14,recheck,,71.43,,,,82.0,62.0,88.0,2.2.0,c8f1bf1665a8c5dfb834c0571e7dd5f6b6e5ccd00eab00295338bd42cfde549b
GMTL,Guardian Metal Resources PLC ADS,nasdaqtrader:A:GMTL,SECURITY:GMTL:nasdaqtrader:A:GMTL,,adr,eligible,A,,,12.91,20.64,,2956222.8400000003,36.181434599156105,-21.757575757575754,,,37.451550387596896,108.27862597011683,101.0,insufficient,usable,2026-08-14,recheck,,71.43,,,,95.0,45.0,88.0,2.2.0,c8f1bf1665a8c5dfb834c0571e7dd5f6b6e5ccd00eab00295338bd42cfde549b
GNE,Genie Energy Ltd. Class B Common Stock Stock,nasdaqtrader:N:GNE,SECURITY:GNE:nasdaqtrader:N:GNE,,common_equity,eligible,N,,,14.54,16.11,,1207361.5574603176,1.465457083042554,11.417624521072778,2.974504249291776,-9.633312616532008,9.745499689633775,24.28228207531486,277.0,full,usable,2026-08-14,rejected,61.0,100.0,,,61.0,82.0,0.0,100.0,2.2.0,c8f1bf1665a8c5dfb834c0571e7dd5f6b6e5ccd00eab00295338bd42cfde549b
GNK,Genco Shipping & Trading Limited Ordinary Shares New (Marshall Islands),nasdaqtrader:N:GNK,SECURITY:GNK:nasdaqtrader:N:GNK,,common_equity,eligible,N,,,26.34,27.08,,8514854.776190476,4.234269885239406,6.209677419354831,22.397769516728626,58.00839832033591,2.73264401772525,40.29103392448619,277.0,full,usable,2026-08-14,conditional,52.0,100.0,,,73.0,10.0,62.0,100.0,2.2.0,c8f1bf1665a8c5dfb834c0571e7dd5f6b6e5ccd00eab00295338bd42cfde549b
GNL,"Global Net Lease, Inc. Common Stock",nasdaqtrader:N:GNL,SECURITY:GNL:nasdaqtrader:N:GNL,,common_equity,eligible,N,,,8.76,9.96,,24791492.638095237,-7.301587301587298,-4.7826086956521685,-10.520939734422875,14.211212516297266,12.048192771084343,31.15078444982073,277.0,full,usable,2026-08-14,conditional,79.43,100.0,,,79.0,82.0,62.0,100.0,2.2.0,c8f1bf1665a8c5dfb834c0571e7dd5f6b6e5ccd00eab00295338bd42cfde549b
GNLN,"Greenlane Holdings, Inc. - Class A Common Stock",nasdaqtrader:Q:GNLN,NAMECLASS:GREENLANE HOLDINGS INC,,common_equity,eligible,Q,,,1.93,33.2,,45909.662709523815,-19.917012448132787,-53.605769230769226,-72.58522727272727,-93.22331460674157,94.1867469879518,66.1270970349289,277.0,full,usable,2026-08-14,rejected,32.14,100.0,,,25.0,30.0,0.0,100.0,2.2.0,c8f1bf1665a8c5dfb834c0571e7dd5f6b6e5ccd00eab00295338bd42cfde549b
GNLX,Genelux Corporation - Common Stock,nasdaqtrader:Q:GNLX,SECURITY:GNLX:nasdaqtrader:Q:GNLX,,common_equity,eligible,Q,,,2.74,8.24,,598722.7497619047,-2.8368794326240954,-9.868421052631572,10.040160642570273,-14.374999999999993,66.74757281553399,58.49504243354525,277.0,full,usable,2026-08-14,rejected,45.86,100.0,,,73.0,30.0,0.0,100.0,2.2.0,c8f1bf1665a8c5dfb834c0571e7dd5f6b6e5ccd00eab00295338bd42cfde549b
GNPX,"Genprex, Inc. - Common Stock",nasdaqtrader:Q:GNPX,SECURITY:GNPX:nasdaqtrader:Q:GNPX,,common_equity,eligible,Q,,,4.32,924.0,,506343.9124603174,-46.0,-77.20316622691293,-90.37433155080214,-98.25609559179719,99.53246753246752,146.79984420960884,277.0,full,usable,2026-08-14,rejected,25.0,100.0,,,0.0,30.0,0.0,100.0,2.2.0,c8f1bf1665a8c5dfb834c0571e7dd5f6b6e5ccd00eab00295338bd42cfde549b
GNRC,Generac Holdlings Inc. Common Stock,nasdaqtrader:N:GNRC,SECURITY:GNRC:nasdaqtrader:N:GNRC,,common_equity,eligible,N,,,219.3,295.54,,246722150.96777776,1.820039000835738,-20.684292379471223,1.654846335697413,8.109440473256102,25.79684645056507,49.21220049491671,277.0,full,usable,2026-08-14,conditional,89.43,100.0,,,79.0,92.0,92.0,100.0,2.2.0,c8f1bf1665a8c5dfb834c0571e7dd5f6b6e5ccd00eab00295338bd42cfde549b
GNS,Genius Group Limited Ordinary Shares,nasdaqtrader:A:GNS,SECURITY:GNS:nasdaqtrader:A:GNS,,common_equity,eligible,A,,,0.1603,1.09,,2496039.2722396827,-10.396869759642257,-36.96421549351161,-58.6962123164133,-82.05730915603313,85.29357798165138,46.11618620154849,277.0,full,usable,2026-08-14,conditional,45.21,100.0,,,37.0,30.0,45.0,100.0,2.2.0,c8f1bf1665a8c5dfb834c0571e7dd5f6b6e5ccd00eab00295338bd42cfde549b
GNSS,Genasys Inc. - Common Stock,nasdaqtrader:Q:GNSS,SECURITY:GNSS:nasdaqtrader:Q:GNSS,,common_equity,eligible,Q,,,1.73,2.58,,215166.39365079365,2.366863905325456,-1.1428571428571455,-12.182741116751272,6.790123456790109,32.94573643410853,57.6080572344561,277.0,full,usable,2026-08-14,rejected,69.71,100.0,,,79.0,92.0,0.0,100.0,2.2.0,c8f1bf1665a8c5dfb834c0571e7dd5f6b6e5ccd00eab00295338bd42cfde549b
GNTA,Genenta Science S.p.A. - American Depositary Shares,nasdaqtrader:Q:GNTA,SECURITY:GNTA:nasdaqtrader:Q:GNTA,,adr,eligible,Q,,,1.3,6.2,,2352932.4731603176,-9.722222222222221,106.34920634920637,46.06741573033708,-59.375,79.03225806451613,112.37667144716734,277.0,full,usable,2026-08-14,conditional,47.5,100.0,,,45.0,30.0,45.0,100.0,2.2.0,c8f1bf1665a8c5dfb834c0571e7dd5f6b6e5ccd00eab00295338bd42cfde549b
GNTX,Gentex Corporation - Common Stock,nasdaqtrader:Q:GNTX,SECURITY:GNTX:nasdaqtrader:Q:GNTX,,common_equity,eligible,Q,,,23.87,29.06,,60589736.142380945,-4.175030108390199,1.9649722340880027,-2.2522522522522515,-14.260057471264364,17.859600825877486,30.78160824167155,277.0,full,usable,2026-08-14,conditional,81.57,100.0,,,73.0,82.0,80.0,100.0,2.2.0,c8f1bf1665a8c5dfb834c0571e7dd5f6b6e5ccd00eab00295338bd42cfde549b
GNW,Genworth Financial Inc Common Stock,nasdaqtrader:N:GNW,SECURITY:GNW:nasdaqtrader:N:GNW,,common_equity,eligible,N,,,10.16,10.16,,27199153.30253968,1.39720558882237,10.675381263616558,12.888888888888882,18.414918414918425,0.0,22.483811294100832,277.0,full,usable,2026-08-14,conditional,56.43,100.0,,,75.0,10.0,80.0,100.0,2.2.0,c8f1bf1665a8c5dfb834c0571e7dd5f6b6e5ccd00eab00295338bd42cfde549b
GO,Grocery Outlet Holding Corp. - Common Stock,nasdaqtrader:Q:GO,SECURITY:GO:nasdaqtrader:Q:GO,,common_equity,eligible,Q,,,11.13,18.66,,25411245.345,16.179540709812112,45.110821382007835,10.416666666666675,-39.47797716150081,40.35369774919614,39.30457423536338,277.0,full,usable,2026-08-14,conditional,81.07,100.0,,,55.0,95.0,80.0,100.0,2.2.0,c8f1bf1665a8c5dfb834c0571e7dd5f6b6e5ccd00eab00295338bd42cfde549b
GOAI,Eva Live Inc. - Common Stock,nasdaqtrader:Q:GOAI,SECURITY:GOAI:nasdaqtrader:Q:GOAI,,common_equity,eligible,Q,,,1.69,7.62,,738874.4246031746,-30.452674897119348,-52.66106442577031,-60.51401869158879,,77.82152230971128,71.97504520509987,138.0,limited_but_usable,usable,2026-08-14,rejected,35.57,100.0,,,37.0,30.0,0.0,100.0,2.2.0,c8f1bf1665a8c5dfb834c0571e7dd5f6b6e5ccd00eab00295338bd42cfde549b
GOGO,Gogo Inc. - Common Stock,nasdaqtrader:Q:GOGO,SECURITY:GOGO:nasdaqtrader:Q:GOGO,,common_equity,eligible,Q,,,2.83,12.29,,7141322.259285714,-20.281690140845065,-30.295566502463046,-29.07268170426065,-77.57527733755943,76.97314890154597,93.13797046884301,277.0,full,usable,2026-08-14,conditional,51.71,100.0,,,47.0,30.0,62.0,100.0,2.2.0,c8f1bf1665a8c5dfb834c0571e7dd5f6b6e5ccd00eab00295338bd42cfde549b
GOLD,"Gold.com, Inc. Common Stock",nasdaqtrader:N:GOLD,SECURITY:GOLD:nasdaqtrader:N:GOLD,,common_equity,eligible,N,,,44.0,64.14,,17196840.92047619,13.753877973112715,8.481262327416172,-23.743500866551127,86.12521150592217,31.40006236357967,43.6819473508438,277.0,full,usable,2026-08-14,conditional,84.14,100.0,,,83.0,92.0,62.0,100.0,2.2.0,c8f1bf1665a8c5dfb834c0571e7dd5f6b6e5ccd00eab00295338bd42cfde549b
GOLF,Acushnet Holdings Corp. Common Stock,nasdaqtrader:N:GOLF,SECURITY:GOLF:nasdaqtrader:N:GOLF,,common_equity,eligible,N,,,90.06,118.53,,36820785.98380952,-22.5090345895715,4.672245467224534,-9.94900509949005,12.603150787696915,24.01923563654771,35.65395609532062,277.0,full,usable,2026-08-14,conditional,86.86,100.0,,,79.0,92.0,80.0,100.0,2.2.0,c8f1bf1665a8c5dfb834c0571e7dd5f6b6e5ccd00eab00295338bd42cfde549b
GOOD,Gladstone Commercial Corporation - Real Estate Investment Trust,qrgf-resolution-required:Q:GOOD,SECURITY:GOOD:qrgf-resolution-required:Q:GOOD,,common_equity,eligible,Q,,,12.93,13.45,,6388673.743809524,-1.8223234624145768,3.855421686746996,12.142237640936692,-3.363228699551579,3.866171003717467,26.648405109243413,277.0,full,usable,2026-08-14,conditional,52.0,100.0,,,73.0,10.0,62.0,100.0,2.2.0,c8f1bf1665a8c5dfb834c0571e7dd5f6b6e5ccd00eab00295338bd42cfde549b
GOOG,Alphabet Inc. - Class C Capital Stock,nasdaqtrader:Q:GOOG,NAMECLASS:ALPHABET INC,,common_equity,eligible,Q,,,343.54,399.04,,7950483953.719048,-2.902687883327204,-13.503033965304523,11.045026990335206,69.206521203763,13.908380112269448,43.211009278591064,277.0,full,usable,2026-08-14,conditional,92.14,100.0,,,95.0,82.0,100.0,100.0,2.2.0,c8f1bf1665a8c5dfb834c0571e7dd5f6b6e5ccd00eab00295338bd42cfde549b
GOOGL,Alphabet Inc. - Class A Common Stock,nasdaqtrader:Q:GOOGL,NAMECLASS:ALPHABET INC,,common_equity,eligible,Q,,,345.9,402.62,,11772699835.569048,-2.4149410370704727,-13.755703493155814,11.941747572815519,71.27153891859773,14.087725398638916,43.86663238767017,277.0,full,usable,2026-08-14,conditional,92.14,100.0,,,95.0,82.0,100.0,100.0,2.2.0,c8f1bf1665a8c5dfb834c0571e7dd5f6b6e5ccd00eab00295338bd42cfde549b
GOOS,Canada Goose Holdings Inc. Subordinate Voting Shares,qrgf-resolution-required:N:GOOS,SECURITY:GOOS:qrgf-resolution-required:N:GOOS,,common_equity,eligible,N,,,8.74,15.1,,6612695.033650794,-11.98388721047331,-11.627906976744185,-26.984126984126988,-23.13104661389621,42.11920529801324,31.73797883998298,277.0,full,usable,2026-08-14,conditional,82.36,100.0,,,73.0,95.0,62.0,100.0,2.2.0,c8f1bf1665a8c5dfb834c0571e7dd5f6b6e5ccd00eab00295338bd42cfde549b
GORO,Goldgroup Mining Inc. Common Shares,nasdaqtrader:A:GORO,SECURITY:GORO:nasdaqtrader:A:GORO,,common_equity,eligible,A,,,2.75,3.29,,4679858.239499999,,,,,16.413373860182368,,20.0,insufficient,usable,2026-08-14,recheck,,71.43,,,,82.0,45.0,64.0,2.2.0,c8f1bf1665a8c5dfb834c0571e7dd5f6b6e5ccd00eab00295338bd42cfde549b
GOTU,Gaotu Techedu Inc. American Depositary Shares,nasdaqtrader:N:GOTU,SECURITY:GOTU:nasdaqtrader:N:GOTU,,adr,eligible,N,,,1.68,3.98,,800244.4195238096,-4.0000000000000036,-13.4020618556701,-19.61722488038278,-57.14285714285714,57.78894472361809,46.04669093150046,277.0,full,usable,2026-08-14,rejected,58.43,100.0,,,67.0,70.0,0.0,100.0,2.2.0,c8f1bf1665a8c5dfb834c0571e7dd5f6b6e5ccd00eab00295338bd42cfde549b
GP,GreenPower Motor Company Inc. - Common Shares,nasdaqtrader:Q:GP,SECURITY:GP:nasdaqtrader:Q:GP,,common_equity,eligible,Q,,,1.82,3.98,,333883.7385714286,13.043478260869556,66.97247706422019,88.60103626943005,-54.271356783919586,54.271356783919586,71.24636180898115,277.0,full,usable,2026-08-14,rejected,52.14,100.0,,,45.0,70.0,0.0,100.0,2.2.0,c8f1bf1665a8c5dfb834c0571e7dd5f6b6e5ccd00eab00295338bd42cfde549b
GPC,Genuine Parts Company Common Stock,nasdaqtrader:N:GPC,SECURITY:GPC:nasdaqtrader:N:GPC,,common_equity,eligible,N,,,135.03,149.26,,201885600.80888888,7.456628998885884,38.93404671262477,-8.522457828060437,-2.1876131836291224,9.53369958461744,32.23152920391545,277.0,full,usable,2026-08-14,conditional,80.71,100.0,,,61.0,82.0,92.0,100.0,2.2.0,c8f1bf1665a8c5dfb834c0571e7dd5f6b6e5ccd00eab00295338bd42cfde549b
GPCR,Structure Therapeutics Inc. - American Depositary Shares,nasdaqtrader:Q:GPCR,SECURITY:GPCR:nasdaqtrader:Q:GPCR,,adr,eligible,Q,,,54.51,93.79,,33053030.170714285,18.42276776015641,36.82228915662649,-24.333703498056646,184.49895615866384,41.88079752638875,48.949999843167056,277.0,full,usable,2026-08-14,conditional,89.07,100.0,,,83.0,95.0,80.0,100.0,2.2.0,c8f1bf1665a8c5dfb834c0571e7dd5f6b6e5ccd00eab00295338bd42cfde549b
GPGI,"GPGI, Inc. Class A Common Stock",nasdaqtrader:N:GPGI,NAMECLASS:GPGI INC,,common_equity,eligible,N,,,12.78,26.0,,23057097.86777778,-14.28571428571429,2.898550724637672,-48.23815309842042,-33.67929423975091,50.846153846153854,64.5294608132663,277.0,full,usable,2026-08-14,conditional,71.71,100.0,,,67.0,70.0,62.0,100.0,2.2.0,c8f1bf1665a8c5dfb834c0571e7dd5f6b6e5ccd00eab00295338bd42cfde549b
GPI,"Group 1 Automotive, Inc. Common Stock",nasdaqtrader:N:GPI,SECURITY:GPI:nasdaqtrader:N:GPI,,common_equity,eligible,N,,,263.95,488.25,,62719002.922698416,-20.405886255352513,-21.05105733855771,-21.44579030386,-42.56212734473605,45.93958013312852,70.00308587677497,277.0,full,usable,2026-08-14,conditional,84.5,100.0,,,67.0,95.0,80.0,100.0,2.2.0,c8f1bf1665a8c5dfb834c0571e7dd5f6b6e5ccd00eab00295338bd42cfde549b
GPK,Graphic Packaging Holding Company,qrgf-resolution-required:N:GPK,SECURITY:GPK:qrgf-resolution-required:N:GPK,,common_equity,eligible,N,,,11.4,23.04,,61297321.93063492,2.425876010781658,11.655239960822716,-6.633906633906639,-50.69204152249135,50.52083333333333,41.26717105812061,277.0,full,usable,2026-08-14,conditional,72.14,100.0,,,55.0,70.0,80.0,100.0,2.2.0,c8f1bf1665a8c5dfb834c0571e7dd5f6b6e5ccd00eab00295338bd42cfde549b
GPMT,Granite Point Mortgage Trust Inc. Common Stock,nasdaqtrader:N:GPMT,SECURITY:GPMT:nasdaqtrader:N:GPMT,,common_equity,eligible,N,,,1.19,3.1,,245008.39365079367,-15.000000000000002,-12.50000000000001,-40.796019900497505,-58.53658536585367,61.61290322580646,65.68412944720632,277.0,full,usable,2026-08-14,rejected,58.43,100.0,,,67.0,70.0,0.0,100.0,2.2.0,c8f1bf1665a8c5dfb834c0571e7dd5f6b6e5ccd00eab00295338bd42cfde549b
GPN,Global Payments Inc. Common Stock,nasdaqtrader:N:GPN,SECURITY:GPN:nasdaqtrader:N:GPN,,common_equity,eligible,N,,,93.05,94.83,,279753897.2725397,15.604422909678227,38.19991088667756,34.91373060751051,7.622021744159158,1.87704312981124,46.533834394353555,277.0,full,usable,2026-08-14,conditional,53.86,100.0,,,57.0,10.0,92.0,100.0,2.2.0,c8f1bf1665a8c5dfb834c0571e7dd5f6b6e5ccd00eab00295338bd42cfde549b
GPOR,Gulfport Energy Corporation Common Shares,nasdaqtrader:N:GPOR,SECURITY:GPOR:nasdaqtrader:N:GPOR,,common_equity,eligible,N,,,170.03,222.49,,64315909.46,10.855391837266914,-6.479291568120571,-14.771929824561402,0.9020236187763375,23.57858780169896,34.73215063031783,277.0,full,usable,2026-08-14,conditional,86.86,100.0,,,79.0,92.0,80.0,100.0,2.2.0,c8f1bf1665a8c5dfb834c0571e7dd5f6b6e5ccd00eab00295338bd42cfde549b
GPRE,"Green Plains, Inc. - Common Stock",nasdaqtrader:Q:GPRE,SECURITY:GPRE:nasdaqtrader:Q:GPRE,,common_equity,eligible,Q,,,15.59,19.23,,23059089.964920633,-9.413131900058113,-6.5347721822542,11.997126436781613,69.27252985884907,18.928757150286014,70.02351434900328,277.0,full,usable,2026-08-14,conditional,84.0,100.0,,,95.0,82.0,62.0,100.0,2.2.0,c8f1bf1665a8c5dfb834c0571e7dd5f6b6e5ccd00eab00295338bd42cfde549b
GPRK,Geopark Ltd Common Shares,nasdaqtrader:N:GPRK,SECURITY:GPRK:nasdaqtrader:N:GPRK,,common_equity,eligible,N,,,9.47,11.78,,5056645.975555555,-0.5252100840336005,-2.672147995888996,15.34713763702802,40.71322436849927,19.609507640067903,40.35519082860956,277.0,full,usable,2026-08-14,conditional,78.86,100.0,,,77.0,82.0,62.0,100.0,2.2.0,c8f1bf1665a8c5dfb834c0571e7dd5f6b6e5ccd00eab00295338bd42cfde549b
GPUS,"Hyperscale Data, Inc. Common Stock",nasdaqtrader:A:GPUS,SECURITY:GPUS:nasdaqtrader:A:GPUS,,common_equity,eligible,A,,,0.0936,0.6712,,23458631.790025398,-25.239616613418537,-25.119999999999997,-52.02460276781138,-86.58256880733946,86.05482717520859,77.46575782585367,277.0,full,usable,2026-08-14,conditional,48.86,100.0,,,37.0,30.0,62.0,100.0,2.2.0,c8f1bf1665a8c5dfb834c0571e7dd5f6b6e5ccd00eab00295338bd42cfde549b
GRAB,Grab Holdings Limited - Class A Ordinary Shares,nasdaqtrader:Q:GRAB,NAMECLASS:GRAB HOLDINGS LIMITED,,common_equity,eligible,Q,,,3.62,6.45,,172168254.53555554,-2.9490616621983934,1.400560224089653,-15.222482435597174,-29.296875,43.87596899224806,39.15096206464211,277.0,full,usable,2026-08-14,conditional,87.07,100.0,,,67.0,95.0,92.0,100.0,2.2.0,c8f1bf1665a8c5dfb834c0571e7dd5f6b6e5ccd00eab00295338bd42cfde549b
GRAL,"GRAIL, Inc. - Common Stock",nasdaqtrader:Q:GRAL,SECURITY:GRAL:nasdaqtrader:Q:GRAL,,common_equity,eligible,Q,,,67.87,116.06,,46997241.156349204,-5.683713173985538,9.822006472491918,-29.220982375638748,99.73513831665687,41.52162674478718,85.43910494183461,277.0,full,usable,2026-08-14,conditional,89.07,100.0,,,83.0,95.0,80.0,100.0,2.2.0,c8f1bf1665a8c5dfb834c0571e7dd5f6b6e5ccd00eab00295338bd42cfde549b
GRAN,Grande Group Limited - Class A Ordinary Shares,nasdaqtrader:Q:GRAN,NAMECLASS:GRANDE GROUP LIMITED,,common_equity,eligible,Q,,,1.45,5.45,,588245.052168254,-14.70588235294118,40.77669902912619,-48.028673835125446,-64.89104116222761,73.39449541284404,111.17180340780573,277.0,full,usable,2026-08-14,rejected,40.71,100.0,,,55.0,30.0,0.0,100.0,2.2.0,c8f1bf1665a8c5dfb834c0571e7dd5f6b6e5ccd00eab00295338bd42cfde549b
GRBK,"Green Brick Partners, Inc. Common Stock",nasdaqtrader:N:GRBK,SECURITY:GRBK:nasdaqtrader:N:GRBK,,common_equity,eligible,N,,,70.46,80.59,,17897131.338888887,-6.290730150285951,10.059356451109025,-9.154203197524513,-0.7046223224351778,12.569797741655309,32.633803986308074,277.0,full,usable,2026-08-14,conditional,74.29,100.0,,,61.0,82.0,62.0,100.0,2.2.0,c8f1bf1665a8c5dfb834c0571e7dd5f6b6e5ccd00eab00295338bd42cfde549b
GRC,Gorman-Rupp Company (The) Common Stock,nasdaqtrader:N:GRC,SECURITY:GRC:nasdaqtrader:N:GRC,,common_equity,eligible,N,,,80.81,91.74,,15049271.736349206,0.061911837543338066,6.231102931510457,20.936845255911418,86.49896145857375,11.914105079572701,35.45046757078384,277.0,full,usable,2026-08-14,conditional,77.71,100.0,,,73.0,82.0,62.0,100.0,2.2.0,c8f1bf1665a8c5dfb834c0571e7dd5f6b6e5ccd00eab00295338bd42cfde549b
GRCE,"Grace Therapeutics, Inc. - Common Stock",nasdaqtrader:Q:GRCE,SECURITY:GRCE:nasdaqtrader:Q:GRCE,,common_equity,eligible,Q,,,2.16,5.13,,607025.7592063491,-10.373443983402487,-1.3698630136986245,-38.81019830028328,-34.14634146341463,57.89473684210527,39.94411876339207,277.0,full,usable,2026-08-14,rejected,58.43,100.0,,,67.0,70.0,0.0,100.0,2.2.0,c8f1bf1665a8c5dfb834c0571e7dd5f6b6e5ccd00eab00295338bd42cfde549b
GRDN,"Guardian Pharmacy Services, Inc. Class A Common Stock",nasdaqtrader:N:GRDN,NAMECLASS:GUARDIAN PHARMACY SERVICES INC,,common_equity,eligible,N,,,38.43,43.83,,16441010.276190476,-4.805548674758475,5.955334987593042,15.927601809954762,63.184713375796164,12.32032854209445,47.983442823165824,277.0,full,usable,2026-08-14,conditional,77.71,100.0,,,73.0,82.0,62.0,100.0,2.2.0,c8f1bf1665a8c5dfb834c0571e7dd5f6b6e5ccd00eab00295338bd42cfde549b
GRDX,GridAI Technologies Corp.  - Common Stock,nasdaqtrader:Q:GRDX,SECURITY:GRDX:nasdaqtrader:Q:GRDX,,common_equity,eligible,Q,,,4.17,6.8,,491437.72968253965,9.4488188976378,14.560439560439553,41.35593220338982,122.0447284345048,38.67647058823529,125.5295713933438,277.0,full,usable,2026-08-14,rejected,69.07,100.0,,,73.0,95.0,0.0,100.0,2.2.0,c8f1bf1665a8c5dfb834c0571e7dd5f6b6e5ccd00eab00295338bd42cfde549b
GRFS,"Grifols, S.A. - American Depositary Shares",nasdaqtrader:Q:GRFS,SECURITY:GRFS:nasdaqtrader:Q:GRFS,,adr,eligible,Q,,,7.78,10.74,,5069125.696666666,6.139154160982274,-0.12836970474967568,-16.163793103448263,-26.879699248120303,27.560521415270024,32.375469078359174,277.0,full,usable,2026-08-14,conditional,79.57,100.0,,,67.0,92.0,62.0,100.0,2.2.0,c8f1bf1665a8c5dfb834c0571e7dd5f6b6e5ccd00eab00295338bd42cfde549b
GRI,"GRI Bio, Inc. - Common Stock",nasdaqtrader:Q:GRI,SECURITY:GRI:nasdaqtrader:Q:GRI,,common_equity,eligible,Q,,,1.67,63.28,,373679.5012698413,8.441558441558428,-22.325581395348838,-25.77777777777778,-95.41208791208791,97.36093552465233,114.64573414542166,277.0,full,usable,2026-08-14,rejected,38.43,100.0,,,47.0,30.0,0.0,100.0,2.2.0,c8f1bf1665a8c5dfb834c0571e7dd5f6b6e5ccd00eab00295338bd42cfde549b
