ticker,company,contract_id,issuer_id,issuer_cik,security_type,instrument_status,exchange,sector,industry,current_price,reference_52w_high,market_cap,avg_dollar_volume,return_1m_pct,return_3m_pct,return_6m_pct,return_12m_pct,drawdown_pct,historical_volatility_pct,trading_history_days,momentum_history_status,data_integrity_status,as_of,l2_status,l2_setup_score,l2_confidence_pct,l2_quality_prior_score,l2_room_to_target_score,setup_prior_growth,setup_pullback_geometry,setup_liquidity,setup_data_completeness,setup_model_version,l2_rules_hash
VINP,Vinci Compass Investments Ltd. - Class A Common Shares,nasdaqtrader:Q:VINP,NAMECLASS:VINCI COMPASS INVESTMENTS LTD,,common_equity,eligible,Q,,,9.53,13.39,,506185.2249206349,-3.444782168186422,-9.021479713603819,-21.821164889253485,-5.456349206349209,28.827483196415237,21.92471402038381,277.0,full,usable,2026-08-14,rejected,68.0,100.0,,,73.0,92.0,0.0,100.0,2.2.0,c8f1bf1665a8c5dfb834c0571e7dd5f6b6e5ccd00eab00295338bd42cfde549b
VIPS,"Vipshop Holdings Limited American Depositary Shares, each representing two ordinary shares",nasdaqtrader:N:VIPS,SECURITY:VIPS:nasdaqtrader:N:VIPS,,adr,eligible,N,,,14.18,20.68,,34660867.8763492,-2.876712328767128,0.21201413427560656,-17.98727588201272,-13.325183374083128,31.431334622823982,25.41289931681429,277.0,full,usable,2026-08-14,conditional,85.14,100.0,,,73.0,92.0,80.0,100.0,2.2.0,c8f1bf1665a8c5dfb834c0571e7dd5f6b6e5ccd00eab00295338bd42cfde549b
VIR,"Vir Biotechnology, Inc. - Common Stock",nasdaqtrader:Q:VIR,SECURITY:VIR:nasdaqtrader:Q:VIR,,common_equity,eligible,Q,,,9.24,11.09,,17049090.4515873,-1.7021276595744705,1.650165016501659,19.844357976653693,102.18818380743984,16.681695220919746,37.79826770401723,277.0,full,usable,2026-08-14,conditional,81.14,100.0,,,85.0,82.0,62.0,100.0,2.2.0,c8f1bf1665a8c5dfb834c0571e7dd5f6b6e5ccd00eab00295338bd42cfde549b
VIRC,Virco Manufacturing Corporation - Common Stock,nasdaqtrader:Q:VIRC,SECURITY:VIRC:nasdaqtrader:Q:VIRC,,common_equity,eligible,Q,,,6.05,8.82,,419524.553015873,-0.16501650165016146,0.6655574043261225,-2.889245585874811,-28.9906103286385,31.405895691609985,29.383591659062596,277.0,full,usable,2026-08-14,rejected,66.29,100.0,,,67.0,92.0,0.0,100.0,2.2.0,c8f1bf1665a8c5dfb834c0571e7dd5f6b6e5ccd00eab00295338bd42cfde549b
VIRT,"Virtu Financial, Inc. Class A Common Stock",nasdaqtrader:N:VIRT,NAMECLASS:VIRTU FINANCIAL INC,,common_equity,eligible,N,,,60.02,66.82,,71847693.59126984,2.9679190255618604,9.147117657755954,59.67012503325353,43.485536696151094,10.176593834181368,45.523038708206734,277.0,full,usable,2026-08-14,conditional,79.29,100.0,,,65.0,82.0,80.0,100.0,2.2.0,c8f1bf1665a8c5dfb834c0571e7dd5f6b6e5ccd00eab00295338bd42cfde549b
VIS,Vanguard Industrials ETF,US:VIS,SECURITY:VIS:US:VIS,,etf,eligible,P,,,358.97,360.38,,29499319.071111113,3.479388872874045,5.121822654328212,7.402088382251737,22.7331783369803,0.39125367667460775,17.247471954863265,277.0,full,usable,2026-08-14,conditional,56.43,100.0,,,75.0,10.0,80.0,100.0,2.2.0,c8f1bf1665a8c5dfb834c0571e7dd5f6b6e5ccd00eab00295338bd42cfde549b
VISN,"Vistance Networks, Inc.  - Common Stock",nasdaqtrader:Q:VISN,SECURITY:VISN:nasdaqtrader:Q:VISN,,common_equity,eligible,Q,,,11.53,20.55,,77482330.18492062,-4.552980132450335,0.8748906386701671,-38.47385272145144,-24.34383202099738,43.89294403892945,72.38396506155904,277.0,full,usable,2026-08-14,conditional,86.21,100.0,,,73.0,95.0,80.0,100.0,2.2.0,c8f1bf1665a8c5dfb834c0571e7dd5f6b6e5ccd00eab00295338bd42cfde549b
VIST,"Vista Energy S.A.B. de C.V. American Depositary Shares, each representing one series A share, with no par value",nasdaqtrader:N:VIST,SECURITY:VIST:nasdaqtrader:N:VIST,,adr,eligible,N,,,68.31,79.25,,61343690.06507936,9.506252003847383,-4.926931106471811,26.89949842095487,58.344923504867886,13.804416403785492,43.92502087336399,277.0,full,usable,2026-08-14,conditional,85.0,100.0,,,85.0,82.0,80.0,100.0,2.2.0,c8f1bf1665a8c5dfb834c0571e7dd5f6b6e5ccd00eab00295338bd42cfde549b
VITL,"Vital Farms, Inc. - Common Stock",nasdaqtrader:Q:VITL,SECURITY:VITL:nasdaqtrader:Q:VITL,,common_equity,eligible,Q,,,10.9,52.41,,24386526.864761904,-17.298937784521996,28.084606345475915,-60.66402020931072,-77.16799329702555,79.20244228200724,58.80077315980151,277.0,full,usable,2026-08-14,conditional,45.43,100.0,,,25.0,30.0,62.0,100.0,2.2.0,c8f1bf1665a8c5dfb834c0571e7dd5f6b6e5ccd00eab00295338bd42cfde549b
VIV,Telefonica Brasil S.A. American Depositary Shares (Each representing One Common Share),nasdaqtrader:N:VIV,SECURITY:VIV:nasdaqtrader:N:VIV,,adr,eligible,N,,,11.41,17.14,,16788795.644444443,-17.913669064748206,-20.09803921568627,-28.329145728643212,-6.244864420706653,33.43057176196032,33.88430300065695,277.0,full,usable,2026-08-14,conditional,81.29,100.0,,,73.0,92.0,62.0,100.0,2.2.0,c8f1bf1665a8c5dfb834c0571e7dd5f6b6e5ccd00eab00295338bd42cfde549b
VIVK,"Vivakor, Inc. - Common Stock",nasdaqtrader:Q:VIVK,SECURITY:VIVK:nasdaqtrader:Q:VIVK,,common_equity,eligible,Q,,,1.22,62.6,,17441780.3004127,-71.36150234741784,-95.79310344827586,,,98.05111821086263,339.39716373924875,77.0,insufficient,usable,2026-08-14,recheck,,71.43,,,,30.0,62.0,88.0,2.2.0,c8f1bf1665a8c5dfb834c0571e7dd5f6b6e5ccd00eab00295338bd42cfde549b
VIVO,VivoPower PLC - Class A Ordinary Shares,nasdaqtrader:Q:VIVO,NAMECLASS:VIVOPOWER PLC,,common_equity,eligible,Q,,,4.87,6.6,,7072986.003571429,24.55242966751918,-1.2170385395537497,242.95774647887325,-17.17687074829931,26.212121212121207,118.58309489869785,277.0,full,usable,2026-08-14,conditional,78.43,100.0,,,63.0,92.0,62.0,100.0,2.2.0,c8f1bf1665a8c5dfb834c0571e7dd5f6b6e5ccd00eab00295338bd42cfde549b
VIVS,"VivoSim Labs, Inc. - Common Stock",nasdaqtrader:Q:VIVS,SECURITY:VIVS:nasdaqtrader:Q:VIVS,,common_equity,eligible,Q,,,0.3225,4.78,,3261636.3827920635,-47.44132985658409,-75.56818181818181,-83.1151832460733,-82.66129032258065,93.25313807531381,187.61030391155836,277.0,full,usable,2026-08-14,conditional,34.64,100.0,,,0.0,30.0,45.0,100.0,2.2.0,c8f1bf1665a8c5dfb834c0571e7dd5f6b6e5ccd00eab00295338bd42cfde549b
VKI,Invesco Advantage Municipal Income Trust II Common Shares of Beneficial Interest (DE),nasdaqtrader:A:VKI,SECURITY:VKI:nasdaqtrader:A:VKI,,common_equity,eligible,A,,,9.12,9.54,,817715.6336507937,-1.5118790496760348,2.702702702702675,-1.935483870967758,8.830548926014291,4.402515723270439,10.938521404438491,277.0,full,usable,2026-08-14,rejected,40.43,100.0,,,79.0,10.0,0.0,100.0,2.2.0,c8f1bf1665a8c5dfb834c0571e7dd5f6b6e5ccd00eab00295338bd42cfde549b
VKQ,Invesco Municipal Trust Common Stock,nasdaqtrader:N:VKQ,SECURITY:VKQ:nasdaqtrader:N:VKQ,,common_equity,eligible,N,,,9.9,10.07,,1933712.5317460317,-0.6024096385542244,2.378490175801451,-0.20161290322580072,7.14285714285714,1.688182720953324,8.274124895640716,277.0,full,usable,2026-08-14,rejected,40.43,100.0,,,79.0,10.0,0.0,100.0,2.2.0,c8f1bf1665a8c5dfb834c0571e7dd5f6b6e5ccd00eab00295338bd42cfde549b
VKTX,"Viking Therapeutics, Inc. - Common Stock",nasdaqtrader:Q:VKTX,SECURITY:VKTX:nasdaqtrader:Q:VKTX,,common_equity,eligible,Q,,,33.19,42.13,,78132647.33825397,-8.743469892768763,4.667297382529156,8.855362413906187,-19.57838623697602,21.22003323047711,50.11356214722702,277.0,full,usable,2026-08-14,conditional,85.14,100.0,,,73.0,92.0,80.0,100.0,2.2.0,c8f1bf1665a8c5dfb834c0571e7dd5f6b6e5ccd00eab00295338bd42cfde549b
VLGEA,"Village Super Market, Inc. - Class A Common Stock",nasdaqtrader:Q:VLGEA,NAMECLASS:VILLAGE SUPER MARKET INC,,common_equity,eligible,Q,,,43.04,47.17,,2373883.712857143,-3.5626260362984663,-6.108202443280986,10.956432070121158,18.502202643171795,8.755564977740093,22.945027882182345,277.0,full,usable,2026-08-14,conditional,78.07,100.0,,,87.0,82.0,45.0,100.0,2.2.0,c8f1bf1665a8c5dfb834c0571e7dd5f6b6e5ccd00eab00295338bd42cfde549b
VLN,Valens Semiconductor Ltd. Ordinary Shares,nasdaqtrader:N:VLN,SECURITY:VLN:nasdaqtrader:N:VLN,,common_equity,eligible,N,,,1.94,3.53,,5125819.930317461,12.138728323699421,-42.433234421364986,29.33333333333332,-11.009174311926618,45.04249291784702,71.1341805447381,277.0,full,usable,2026-08-14,conditional,79.5,100.0,,,63.0,95.0,62.0,100.0,2.2.0,c8f1bf1665a8c5dfb834c0571e7dd5f6b6e5ccd00eab00295338bd42cfde549b
VLO,Valero Energy Corporation Common Stock,nasdaqtrader:N:VLO,SECURITY:VLO:nasdaqtrader:N:VLO,,common_equity,eligible,N,,,341.67,342.92,,820890558.7061905,13.79138080330382,39.58818482657189,73.5158194098827,150.95115681233935,0.36451650530735513,37.99145257620387,277.0,full,usable,2026-08-14,conditional,60.14,100.0,,,73.0,10.0,100.0,100.0,2.2.0,c8f1bf1665a8c5dfb834c0571e7dd5f6b6e5ccd00eab00295338bd42cfde549b
VLRS,"Controladora Vuela Compania de Aviacion, S.A.B. de C.V. American Depositary Shares, each representing ten (10) Ordinary Participation Certificates",nasdaqtrader:N:VLRS,SECURITY:VLRS:nasdaqtrader:N:VLRS,,adr,eligible,N,,,7.88,10.63,,5069738.208095239,0.12706480304955914,14.20289855072463,-22.13438735177865,33.33333333333333,25.87017873941675,45.86218812984266,277.0,full,usable,2026-08-14,conditional,81.86,100.0,,,75.0,92.0,62.0,100.0,2.2.0,c8f1bf1665a8c5dfb834c0571e7dd5f6b6e5ccd00eab00295338bd42cfde549b
VLT,Invesco High Income Trust II,qrgf-resolution-required:N:VLT,SECURITY:VLT:qrgf-resolution-required:N:VLT,,common_equity,eligible,N,,,10.13,11.425,,207758.51372063492,-2.030947775628622,-2.876318312559911,-7.825295723384896,-8.984725965858043,11.334792122538296,7.516992186882364,277.0,full,usable,2026-08-14,rejected,64.43,100.0,,,73.0,82.0,0.0,100.0,2.2.0,c8f1bf1665a8c5dfb834c0571e7dd5f6b6e5ccd00eab00295338bd42cfde549b
VLTO,Veralto Corp Common Stock,nasdaqtrader:N:VLTO,SECURITY:VLTO:nasdaqtrader:N:VLTO,,common_equity,eligible,N,,,97.68,109.15,,191137977.91539684,3.6832608003396716,14.553770376451292,6.196999347684273,-10.99772209567198,10.508474576271187,26.759008292212677,277.0,full,usable,2026-08-14,conditional,80.71,100.0,,,61.0,82.0,92.0,100.0,2.2.0,c8f1bf1665a8c5dfb834c0571e7dd5f6b6e5ccd00eab00295338bd42cfde549b
VLY,Valley National Bancorp - Common Stock,nasdaqtrader:Q:VLY,SECURITY:VLY:nasdaqtrader:Q:VLY,,common_equity,eligible,Q,,,15.01,15.19,,94755044.69706349,-1.1849901250822859,15.019157088122604,12.857142857142856,50.09999999999999,1.1849901250822859,20.400841328492028,277.0,full,usable,2026-08-14,conditional,58.71,100.0,,,83.0,10.0,80.0,100.0,2.2.0,c8f1bf1665a8c5dfb834c0571e7dd5f6b6e5ccd00eab00295338bd42cfde549b
VMAR,Vision Marine Technologies Inc. - Common Shares,nasdaqtrader:Q:VMAR,SECURITY:VMAR:nasdaqtrader:Q:VMAR,,common_equity,eligible,Q,,,0.665,1136.0,,4989010.104966667,-33.19939728779507,-91.76980198019803,-97.58181818181818,-99.95007507507508,99.94146126760563,182.4677298904982,277.0,full,usable,2026-08-14,conditional,34.64,100.0,,,0.0,30.0,45.0,100.0,2.2.0,c8f1bf1665a8c5dfb834c0571e7dd5f6b6e5ccd00eab00295338bd42cfde549b
VMC,Vulcan Materials Company (Holding Company) Common Stock,nasdaqtrader:N:VMC,SECURITY:VMC:nasdaqtrader:N:VMC,,common_equity,eligible,N,,,282.0,330.37,,331110216.5847619,-3.9084063106961664,2.5119051946635773,-12.400596421471178,-4.6137193884454035,14.641159911614254,32.67902728825962,277.0,full,usable,2026-08-14,conditional,84.14,100.0,,,73.0,82.0,92.0,100.0,2.2.0,c8f1bf1665a8c5dfb834c0571e7dd5f6b6e5ccd00eab00295338bd42cfde549b
VMD,"Viemed Healthcare, Inc. - Common Shares",nasdaqtrader:Q:VMD,SECURITY:VMD:nasdaqtrader:Q:VMD,,common_equity,eligible,Q,,,9.2,12.33,,3618118.333650794,-23.904052936311004,-3.0558482613277205,12.745098039215685,25.511596180081852,25.385239253852397,55.239992402513806,277.0,full,usable,2026-08-14,conditional,81.64,100.0,,,87.0,92.0,45.0,100.0,2.2.0,c8f1bf1665a8c5dfb834c0571e7dd5f6b6e5ccd00eab00295338bd42cfde549b
VMET,Versamet Royalties Corporation - Common Stock,nasdaqtrader:Q:VMET,SECURITY:VMET:nasdaqtrader:Q:VMET,,common_equity,eligible,Q,,,10.13,13.53,,2313859.0093650795,13.948256467941512,-17.440912795436013,,,25.129342202512927,66.4290896833342,112.0,insufficient,usable,2026-08-14,recheck,,71.43,,,,92.0,45.0,88.0,2.2.0,c8f1bf1665a8c5dfb834c0571e7dd5f6b6e5ccd00eab00295338bd42cfde549b
VMI,"Valmont Industries, Inc. Common Stock",nasdaqtrader:N:VMI,SECURITY:VMI:nasdaqtrader:N:VMI,,common_equity,eligible,N,,,495.25,583.55,,118928761.99587302,-8.028153320457587,-3.943132006672101,5.976632714200125,30.03124425657049,15.131522577328415,33.32296113949024,277.0,full,usable,2026-08-14,conditional,88.14,100.0,,,87.0,82.0,92.0,100.0,2.2.0,c8f1bf1665a8c5dfb834c0571e7dd5f6b6e5ccd00eab00295338bd42cfde549b
VMO,Invesco Municipal Opportunity Trust Common Stock,nasdaqtrader:N:VMO,SECURITY:VMO:nasdaqtrader:N:VMO,,common_equity,eligible,N,,,9.85,10.02,,2281995.9742857143,0.0,1.7561983471074294,-1.005025125628134,5.913978494623651,1.6966067864271461,8.225294410928019,277.0,full,usable,2026-08-14,conditional,50.07,100.0,,,79.0,10.0,45.0,100.0,2.2.0,c8f1bf1665a8c5dfb834c0571e7dd5f6b6e5ccd00eab00295338bd42cfde549b
VNCE,Vince Holding Corp. - Common Stock,nasdaqtrader:Q:VNCE,SECURITY:VNCE:nasdaqtrader:Q:VNCE,,common_equity,eligible,Q,,,6.3,7.87,,1092463.371904762,-1.2539184952978122,49.28909952606635,153.0120481927711,309.09090909090907,19.949174078780185,60.985502945445056,277.0,full,usable,2026-08-14,rejected,64.43,100.0,,,73.0,82.0,0.0,100.0,2.2.0,c8f1bf1665a8c5dfb834c0571e7dd5f6b6e5ccd00eab00295338bd42cfde549b
VNDA,Vanda Pharmaceuticals Inc. - Common Stock,nasdaqtrader:Q:VNDA,SECURITY:VNDA:nasdaqtrader:Q:VNDA,,common_equity,eligible,Q,,,5.22,9.56,,5543251.955396825,-4.220183486238538,-18.309859154929576,-14.70588235294118,19.72477064220182,45.39748953974896,44.525183953950524,277.0,full,usable,2026-08-14,conditional,86.36,100.0,,,87.0,95.0,62.0,100.0,2.2.0,c8f1bf1665a8c5dfb834c0571e7dd5f6b6e5ccd00eab00295338bd42cfde549b
VNET,"VNET Group, Inc. - American Depositary Shares",nasdaqtrader:Q:VNET,SECURITY:VNET:nasdaqtrader:Q:VNET,,adr,eligible,Q,,,7.6,14.03,,49903727.74206349,-1.5544041450777257,-27.27272727272727,-45.83036350677121,-5.118601747815232,45.83036350677121,69.03886465036769,277.0,full,usable,2026-08-14,conditional,86.21,100.0,,,73.0,95.0,80.0,100.0,2.2.0,c8f1bf1665a8c5dfb834c0571e7dd5f6b6e5ccd00eab00295338bd42cfde549b
VNO,Vornado Realty Trust Common Stock,nasdaqtrader:N:VNO,SECURITY:VNO:nasdaqtrader:N:VNO,,common_equity,eligible,N,,,39.0,42.97,,64479215.414920636,-4.317958783120702,25.52301255230125,32.879045996592836,3.147315524993388,9.239003956248549,29.087290321460653,277.0,full,usable,2026-08-14,conditional,77.0,100.0,,,57.0,82.0,80.0,100.0,2.2.0,c8f1bf1665a8c5dfb834c0571e7dd5f6b6e5ccd00eab00295338bd42cfde549b
VNOM,"Viper Energy, Inc.  - Class A Common Stock",nasdaqtrader:Q:VNOM,NAMECLASS:VIPER ENERGY INC,,common_equity,eligible,Q,,,42.29,50.95,,77567256.73571429,-4.017249205628692,-11.31383034497222,-3.292933912645779,9.332988624612204,16.997055937193327,34.244690186415326,277.0,full,usable,2026-08-14,conditional,83.29,100.0,,,79.0,82.0,80.0,100.0,2.2.0,c8f1bf1665a8c5dfb834c0571e7dd5f6b6e5ccd00eab00295338bd42cfde549b
VNQ,Vanguard Real Estate ETF,US:VNQ,SECURITY:VNQ:US:VNQ,,etf,eligible,P,,,98.83,100.95,,314693076.7330159,-1.2391326071749753,3.682333193453635,5.983914209115282,10.05567928730513,2.1000495294700383,14.287359027381758,277.0,full,usable,2026-08-14,conditional,60.14,100.0,,,79.0,10.0,92.0,100.0,2.2.0,c8f1bf1665a8c5dfb834c0571e7dd5f6b6e5ccd00eab00295338bd42cfde549b
VNRX,VolitionRX Limited Common Stock,nasdaqtrader:A:VNRX,SECURITY:VNRX:nasdaqtrader:A:VNRX,,common_equity,eligible,A,,,0.5374,13.9,,602465.5074015873,-53.672413793103445,-75.57272727272728,-88.57568027210885,-95.66612903225806,96.13381294964029,87.79107283527883,277.0,full,usable,2026-08-14,rejected,25.0,100.0,,,0.0,30.0,0.0,100.0,2.2.0,c8f1bf1665a8c5dfb834c0571e7dd5f6b6e5ccd00eab00295338bd42cfde549b
VNT,Vontier Corporation Common Stock,nasdaqtrader:N:VNT,SECURITY:VNT:nasdaqtrader:N:VNT,,common_equity,eligible,N,,,32.84,43.71,,54298954.92555556,7.320261437908493,14.345403899721454,-21.995249406175766,-23.946271421954602,24.86845115534202,29.440307991732983,277.0,full,usable,2026-08-14,conditional,81.71,100.0,,,61.0,92.0,80.0,100.0,2.2.0,c8f1bf1665a8c5dfb834c0571e7dd5f6b6e5ccd00eab00295338bd42cfde549b
VNTG,Vantage Corp Class A Ordinary Shares,nasdaqtrader:A:VNTG,SECURITY:VNTG:nasdaqtrader:A:VNTG,,common_equity,eligible,A,,,0.6597,7.65,,544503.2073809523,-7.772962393401384,-14.557699779821275,-22.661195779601407,-87.66915887850467,91.37647058823529,53.82023745979193,277.0,full,usable,2026-08-14,rejected,38.43,100.0,,,47.0,30.0,0.0,100.0,2.2.0,c8f1bf1665a8c5dfb834c0571e7dd5f6b6e5ccd00eab00295338bd42cfde549b
VOC,VOC Energy Trust Units of Beneficial Interest,qrgf-resolution-required:N:VOC,SECURITY:VOC:qrgf-resolution-required:N:VOC,,common_equity,eligible,N,,,3.17,3.67,,331884.0642857143,-0.3144654088050425,0.0,0.6349206349206327,14.855072463768115,13.623978201634879,54.51290230799811,277.0,full,usable,2026-08-14,rejected,66.14,100.0,,,79.0,82.0,0.0,100.0,2.2.0,c8f1bf1665a8c5dfb834c0571e7dd5f6b6e5ccd00eab00295338bd42cfde549b
VOD,Vodafone Group Plc - American Depositary Shares each representing ten Ordinary Shares,nasdaqtrader:Q:VOD,SECURITY:VOD:nasdaqtrader:Q:VOD,,adr,eligible,Q,,,16.42,16.42,,60742564.26285714,5.121638924455851,6.072351421188649,5.121638924455851,40.944206008583706,0.0,47.67944282143659,277.0,full,usable,2026-08-14,conditional,56.43,100.0,,,75.0,10.0,80.0,100.0,2.2.0,c8f1bf1665a8c5dfb834c0571e7dd5f6b6e5ccd00eab00295338bd42cfde549b
VOGX,Vogenx Inc - Common Stock,nasdaqtrader:Q:VOGX,SECURITY:VOGX:nasdaqtrader:Q:VOGX,,common_equity,eligible,Q,,,14.78,14.78,,3527984.953333333,,,,,0.0,,3.0,insufficient,usable,2026-08-14,recheck,,71.43,,,,10.0,45.0,64.0,2.2.0,c8f1bf1665a8c5dfb834c0571e7dd5f6b6e5ccd00eab00295338bd42cfde549b
VOO,Vanguard S&P 500 ETF,US:VOO,SECURITY:VOO:US:VOO,,etf,eligible,P,,,713.61,714.95,,5509962906.453651,3.400759266235842,3.763104706789,13.906047981611835,20.371432426961732,0.18742569410449272,12.387183662138748,277.0,full,usable,2026-08-14,conditional,64.14,100.0,,,87.0,10.0,100.0,100.0,2.2.0,c8f1bf1665a8c5dfb834c0571e7dd5f6b6e5ccd00eab00295338bd42cfde549b
VOR,Vor Biopharma Inc. - Common Stock,nasdaqtrader:Q:VOR,SECURITY:VOR:nasdaqtrader:Q:VOR,,common_equity,eligible,Q,,,23.03,48.72,,20466147.106031746,32.81430219146484,52.820172528201724,76.20504973221118,-42.99504950495049,52.72988505747126,70.63420520738981,277.0,full,usable,2026-08-14,conditional,65.43,100.0,,,45.0,70.0,62.0,100.0,2.2.0,c8f1bf1665a8c5dfb834c0571e7dd5f6b6e5ccd00eab00295338bd42cfde549b
VOX,Vanguard Communication Services  ETF,US:VOX,SECURITY:VOX:US:VOX,,etf,eligible,P,,,189.18,200.36,,55315059.98222222,-1.3968518711560574,-4.275666649800125,0.9121459433509393,5.876427132303563,5.579956079057702,23.55709339574526,277.0,full,usable,2026-08-14,conditional,64.0,100.0,,,79.0,28.0,80.0,100.0,2.2.0,c8f1bf1665a8c5dfb834c0571e7dd5f6b6e5ccd00eab00295338bd42cfde549b
VOXR,Vox Royalty Corp. - common stock,nasdaqtrader:Q:VOXR,SECURITY:VOXR:nasdaqtrader:Q:VOXR,,common_equity,eligible,Q,,,5.21,6.43,,2487201.1605555555,21.728971962616804,-17.563291139240512,2.1568627450980538,48.433048433048434,18.97356143079315,43.320357987526116,277.0,full,usable,2026-08-14,conditional,78.07,100.0,,,87.0,82.0,45.0,100.0,2.2.0,c8f1bf1665a8c5dfb834c0571e7dd5f6b6e5ccd00eab00295338bd42cfde549b
VOYA,"Voya Financial, Inc. Common Stock",nasdaqtrader:N:VOYA,SECURITY:VOYA:nasdaqtrader:N:VOYA,,common_equity,eligible,N,,,101.52,101.52,,103771427.25793651,0.9245451834178242,24.13793103448276,37.00404858299595,35.758224124097346,0.0,18.062299629867844,277.0,full,usable,2026-08-14,conditional,56.14,100.0,,,65.0,10.0,92.0,100.0,2.2.0,c8f1bf1665a8c5dfb834c0571e7dd5f6b6e5ccd00eab00295338bd42cfde549b
VOYG,"Voyager Technologies, Inc. Class A Common Stock",nasdaqtrader:N:VOYG,NAMECLASS:VOYAGER TECHNOLOGIES INC,,common_equity,eligible,N,,,42.98,51.77,,88428484.80174604,71.7139432680783,18.630968810378135,68.02189210320564,38.24380829848826,16.978945335136185,107.4151859410424,277.0,full,usable,2026-08-14,conditional,79.29,100.0,,,65.0,82.0,80.0,100.0,2.2.0,c8f1bf1665a8c5dfb834c0571e7dd5f6b6e5ccd00eab00295338bd42cfde549b
VPG,"Vishay Precision Group, Inc. Common Stock",nasdaqtrader:N:VPG,SECURITY:VPG:nasdaqtrader:N:VPG,,common_equity,eligible,N,,,72.72,149.91,,69256089.95269841,-27.75680508642956,-27.52641020530198,55.78406169665811,161.6768621806405,51.49089453672203,131.03623577632231,277.0,full,usable,2026-08-14,conditional,80.71,100.0,,,85.0,70.0,80.0,100.0,2.2.0,c8f1bf1665a8c5dfb834c0571e7dd5f6b6e5ccd00eab00295338bd42cfde549b
VPU,Vanguard Utilities ETF,US:VPU,SECURITY:VPU:US:VPU,,etf,eligible,P,,,191.73,205.87,,46780413.03428571,-2.422515140719639,-1.4545641447368474,-2.243409983174427,2.491046132463781,6.868412104726296,12.849753889176096,277.0,full,usable,2026-08-14,conditional,64.0,100.0,,,79.0,28.0,80.0,100.0,2.2.0,c8f1bf1665a8c5dfb834c0571e7dd5f6b6e5ccd00eab00295338bd42cfde549b
VPV,Invesco Pennsylvania Value Municipal Income Trust Common Stock (DE),nasdaqtrader:N:VPV,SECURITY:VPV:nasdaqtrader:N:VPV,,common_equity,eligible,N,,,11.27,11.5,,335498.55333333334,1.076233183856501,3.0164533820840944,0.805008944543828,12.083540527100944,2.0000000000000018,13.134138438380353,277.0,full,usable,2026-08-14,rejected,40.43,100.0,,,79.0,10.0,0.0,100.0,2.2.0,c8f1bf1665a8c5dfb834c0571e7dd5f6b6e5ccd00eab00295338bd42cfde549b
VRA,"Vera Bradley, Inc. - Common Stock",nasdaqtrader:Q:VRA,SECURITY:VRA:nasdaqtrader:Q:VRA,,common_equity,eligible,Q,,,3.27,4.26,,1164936.8225396825,-14.621409921671024,-4.105571847507338,25.769230769230766,64.32160804020101,23.2394366197183,44.151700772178344,277.0,full,usable,2026-08-14,rejected,71.43,100.0,,,85.0,92.0,0.0,100.0,2.2.0,c8f1bf1665a8c5dfb834c0571e7dd5f6b6e5ccd00eab00295338bd42cfde549b
VRAX,Virax Biolabs Group Limited - Ordinary Shares,nasdaqtrader:Q:VRAX,SECURITY:VRAX:nasdaqtrader:Q:VRAX,,common_equity,eligible,Q,,,2.86,19.58,,12774520.28115873,-26.66666666666667,-18.285714285714295,-45.29456771231829,-84.7547974413646,85.39325842696628,258.3905615488034,277.0,full,usable,2026-08-14,conditional,51.71,100.0,,,47.0,30.0,62.0,100.0,2.2.0,c8f1bf1665a8c5dfb834c0571e7dd5f6b6e5ccd00eab00295338bd42cfde549b
VRCA,Verrica Pharmaceuticals Inc. - Common Stock,nasdaqtrader:Q:VRCA,SECURITY:VRCA:nasdaqtrader:Q:VRCA,,common_equity,eligible,Q,,,4.97,9.1,,236631.3957936508,-10.611510791366907,-28.489208633093533,-10.611510791366907,-24.582701062215484,45.38461538461539,58.78027723216046,277.0,full,usable,2026-08-14,rejected,69.07,100.0,,,73.0,95.0,0.0,100.0,2.2.0,c8f1bf1665a8c5dfb834c0571e7dd5f6b6e5ccd00eab00295338bd42cfde549b
VRDN,"Viridian Therapeutics, Inc.  - Common Stock",nasdaqtrader:Q:VRDN,SECURITY:VRDN:nasdaqtrader:Q:VRDN,,common_equity,eligible,Q,,,22.08,33.78,,37960518.10587302,22.462562396006636,26.678141135972446,-23.20000000000001,17.135278514588848,34.635879218472475,53.025391167957416,277.0,full,usable,2026-08-14,conditional,85.71,100.0,,,75.0,92.0,80.0,100.0,2.2.0,c8f1bf1665a8c5dfb834c0571e7dd5f6b6e5ccd00eab00295338bd42cfde549b
VREX,Varex Imaging Corporation - Common Stock,nasdaqtrader:Q:VREX,SECURITY:VREX:nasdaqtrader:Q:VREX,,common_equity,eligible,Q,,,18.49,18.58,,10076229.478888888,71.84014869888475,84.53093812375249,38.19133034379669,72.96538821328345,0.4843918191603902,116.88295764808989,277.0,full,usable,2026-08-14,conditional,52.0,100.0,,,73.0,10.0,62.0,100.0,2.2.0,c8f1bf1665a8c5dfb834c0571e7dd5f6b6e5ccd00eab00295338bd42cfde549b
VRM,"Vroom, Inc. - Common Stock",nasdaqtrader:Q:VRM,SECURITY:VRM:nasdaqtrader:Q:VRM,,common_equity,eligible,Q,,,10.85,29.92,,250807.6476079365,50.904033379694,-4.824561403508776,-41.60387513455328,-61.929824561403514,63.736631016042786,112.24592246911142,277.0,full,usable,2026-08-14,rejected,58.43,100.0,,,67.0,70.0,0.0,100.0,2.2.0,c8f1bf1665a8c5dfb834c0571e7dd5f6b6e5ccd00eab00295338bd42cfde549b
VRNS,"Varonis Systems, Inc. - Common Stock",nasdaqtrader:Q:VRNS,SECURITY:VRNS:nasdaqtrader:Q:VRNS,,common_equity,eligible,Q,,,44.99,63.31,,81383589.27857143,-4.2765957446808445,65.28288023512125,78.88667992047715,-22.56454388984509,28.936976780919288,56.35778588703083,277.0,full,usable,2026-08-14,conditional,78.86,100.0,,,51.0,92.0,80.0,100.0,2.2.0,c8f1bf1665a8c5dfb834c0571e7dd5f6b6e5ccd00eab00295338bd42cfde549b
VRRM,Verra Mobility Corporation - Class A Common Stock,nasdaqtrader:Q:VRRM,NAMECLASS:VERRA MOBILITY CORPORATION,,common_equity,eligible,Q,,,4.72,25.54,,36668203.69357143,10.7981220657277,-64.37735849056604,-74.34782608695652,-80.8130081300813,81.51918559122944,80.02428734441395,277.0,full,usable,2026-08-14,conditional,49.29,100.0,,,25.0,30.0,80.0,100.0,2.2.0,c8f1bf1665a8c5dfb834c0571e7dd5f6b6e5ccd00eab00295338bd42cfde549b
VRSK,"Verisk Analytics, Inc. - Common Stock",nasdaqtrader:Q:VRSK,SECURITY:VRSK:nasdaqtrader:Q:VRSK,,common_equity,eligible,Q,,,181.67,273.03,,415604218.2835715,-9.836716462355465,15.831420555980614,1.4916201117318284,-31.235095953669713,33.46152437461085,41.82457998748782,277.0,full,usable,2026-08-14,conditional,82.57,100.0,,,55.0,92.0,92.0,100.0,2.2.0,c8f1bf1665a8c5dfb834c0571e7dd5f6b6e5ccd00eab00295338bd42cfde549b
VRSN,"VeriSign, Inc. - Common Stock",nasdaqtrader:Q:VRSN,SECURITY:VRSN:nasdaqtrader:Q:VRSN,,common_equity,eligible,Q,,,284.24,310.0,,235180072.6031746,3.277378097521977,-2.9732036183649058,30.29566811826725,6.257943925233644,8.309677419354832,32.93702593225237,277.0,full,usable,2026-08-14,conditional,83.0,100.0,,,69.0,82.0,92.0,100.0,2.2.0,c8f1bf1665a8c5dfb834c0571e7dd5f6b6e5ccd00eab00295338bd42cfde549b
VRT,"Vertiv Holdings, LLC Class A Common Stock",nasdaqtrader:N:VRT,NAMECLASS:VERTIV HOLDINGS LLC,,common_equity,eligible,N,,,293.84,376.23,,1876117262.0957143,-0.0918023868620721,-21.89883847646388,24.239989852437517,113.85735080058224,21.89883847646388,78.44465811628379,277.0,full,usable,2026-08-14,conditional,92.86,100.0,,,85.0,92.0,100.0,100.0,2.2.0,c8f1bf1665a8c5dfb834c0571e7dd5f6b6e5ccd00eab00295338bd42cfde549b
VRTS,"Virtus Investment Partners, Inc. Common Stock",nasdaqtrader:N:VRTS,SECURITY:VRTS:nasdaqtrader:N:VRTS,,common_equity,eligible,N,,,169.03,201.63,,20540840.391269844,0.04735128736312877,18.85943323254342,22.538784978976366,-14.570908723339738,16.16822893418638,33.15789617353272,277.0,full,usable,2026-08-14,conditional,71.43,100.0,,,51.0,82.0,62.0,100.0,2.2.0,c8f1bf1665a8c5dfb834c0571e7dd5f6b6e5ccd00eab00295338bd42cfde549b
VRTX,Vertex Pharmaceuticals Incorporated - Common Stock,nasdaqtrader:Q:VRTX,SECURITY:VRTX:nasdaqtrader:Q:VRTX,,common_equity,eligible,Q,,,505.75,529.65,,743271769.4452381,4.057362714235757,12.286583335183487,8.758763063954245,27.740452616690227,4.512413858208242,29.469801823963092,277.0,full,usable,2026-08-14,conditional,60.71,100.0,,,75.0,10.0,100.0,100.0,2.2.0,c8f1bf1665a8c5dfb834c0571e7dd5f6b6e5ccd00eab00295338bd42cfde549b
VRXA,Veraxa Biotech AG - Ordinary Shares,nasdaqtrader:Q:VRXA,SECURITY:VRXA:nasdaqtrader:Q:VRXA,,common_equity,eligible,Q,,,1.87,24.79,,1292720.8733126984,-8.780487804878035,-81.55818540433926,-82.50701590271281,-82.01923076923077,92.45663574021783,131.82938403261798,277.0,full,usable,2026-08-14,rejected,25.0,100.0,,,0.0,30.0,0.0,100.0,2.2.0,c8f1bf1665a8c5dfb834c0571e7dd5f6b6e5ccd00eab00295338bd42cfde549b
VS,Versus Systems Inc. - Common Stock,nasdaqtrader:Q:VS,SECURITY:VS:nasdaqtrader:Q:VS,,common_equity,eligible,Q,,,1.41,2.365,,66119.03427301587,-10.759493670886089,22.608695652173914,39.6039603960396,-37.885462555066084,40.38054968287528,81.2686074927929,277.0,full,usable,2026-08-14,rejected,61.07,100.0,,,45.0,95.0,0.0,100.0,2.2.0,c8f1bf1665a8c5dfb834c0571e7dd5f6b6e5ccd00eab00295338bd42cfde549b
VSA,VisionSys AI Inc. - American Depositary Shares,nasdaqtrader:Q:VSA,SECURITY:VSA:nasdaqtrader:Q:VSA,,adr,eligible,Q,,,3.32,2005.0,,2290561.3158412697,-13.089005235602091,-17.04147926036982,-78.15789473684211,-99.6047619047619,99.83441396508728,124.46956966660683,277.0,full,usable,2026-08-14,conditional,40.93,100.0,,,22.0,30.0,45.0,100.0,2.2.0,c8f1bf1665a8c5dfb834c0571e7dd5f6b6e5ccd00eab00295338bd42cfde549b
VSAT,"ViaSat, Inc. - Common Stock",nasdaqtrader:Q:VSAT,SECURITY:VSAT:nasdaqtrader:Q:VSAT,,common_equity,eligible,Q,,,82.87,89.81,,205451824.35126984,20.608353951389912,11.534320323014825,77.71820716277075,201.45507457257187,7.727424562966256,70.30834927287135,277.0,full,usable,2026-08-14,conditional,64.86,100.0,,,73.0,28.0,92.0,100.0,2.2.0,c8f1bf1665a8c5dfb834c0571e7dd5f6b6e5ccd00eab00295338bd42cfde549b
VSEC,VSE Corporation - Common Stock,nasdaqtrader:Q:VSEC,SECURITY:VSEC:nasdaqtrader:Q:VSEC,,common_equity,eligible,Q,,,241.82,242.6,,97102249.50968254,22.27334782828536,35.01954215522054,19.18773719749618,46.8958814238853,0.3215169002473206,63.71731280111656,277.0,full,usable,2026-08-14,conditional,53.57,100.0,,,65.0,10.0,80.0,100.0,2.2.0,c8f1bf1665a8c5dfb834c0571e7dd5f6b6e5ccd00eab00295338bd42cfde549b
VSH,"Vishay Intertechnology, Inc. Common Stock",nasdaqtrader:N:VSH,SECURITY:VSH:nasdaqtrader:N:VSH,,common_equity,eligible,N,,,35.08,64.9,,353829198.8252381,-3.732162458836441,-7.659910502763889,81.01135190918474,126.90815006468301,45.94761171032358,102.67562613903023,277.0,full,usable,2026-08-14,conditional,92.21,100.0,,,85.0,95.0,92.0,100.0,2.2.0,c8f1bf1665a8c5dfb834c0571e7dd5f6b6e5ccd00eab00295338bd42cfde549b
VSME,VS Media Holdings Limited - Class A Ordinary Shares,nasdaqtrader:Q:VSME,NAMECLASS:VS MEDIA HOLDINGS LIMITED,,common_equity,eligible,Q,,,1.3,59.6,,13670363.285566667,10.169491525423746,50.68969514315522,-12.751677852348987,-94.71544715447155,97.81879194630872,99.1856186152844,277.0,full,usable,2026-08-14,conditional,48.29,100.0,,,35.0,30.0,62.0,100.0,2.2.0,c8f1bf1665a8c5dfb834c0571e7dd5f6b6e5ccd00eab00295338bd42cfde549b
VSNT,"Versant Media Group, Inc. - Class A Common Stock",nasdaqtrader:Q:VSNT,NAMECLASS:VERSANT MEDIA GROUP INC,,common_equity,eligible,Q,,,39.65,47.45,,74834204.92761904,9.07840440165062,-10.7584965113662,44.60247994164841,,16.43835616438357,38.22715302138895,167.0,limited_but_usable,usable,2026-08-14,conditional,74.71,100.0,,,49.0,82.0,80.0,100.0,2.2.0,c8f1bf1665a8c5dfb834c0571e7dd5f6b6e5ccd00eab00295338bd42cfde549b
VST,Vistra Corp. Common Stock,nasdaqtrader:N:VST,SECURITY:VST:nasdaqtrader:N:VST,,common_equity,eligible,N,,,148.13,217.92,,713657722.1800001,-2.9037755637126406,4.390415785764623,-9.178418148375233,-27.84002338269681,32.02551395007342,48.32934463785426,277.0,full,usable,2026-08-14,conditional,87.71,100.0,,,67.0,92.0,100.0,100.0,2.2.0,c8f1bf1665a8c5dfb834c0571e7dd5f6b6e5ccd00eab00295338bd42cfde549b
VSTM,"Verastem, Inc. - Common Stock",nasdaqtrader:Q:VSTM,SECURITY:VSTM:nasdaqtrader:Q:VSTM,,common_equity,eligible,Q,,,6.58,10.77,,12162822.56920635,14.03812824956674,39.7027600849257,12.671232876712324,-17.955112219451365,38.90436397400185,64.14669963485844,277.0,full,usable,2026-08-14,conditional,78.93,100.0,,,61.0,95.0,62.0,100.0,2.2.0,c8f1bf1665a8c5dfb834c0571e7dd5f6b6e5ccd00eab00295338bd42cfde549b
VSTS,Vestis Corporation Common Stock,nasdaqtrader:N:VSTS,SECURITY:VSTS:nasdaqtrader:N:VSTS,,common_equity,eligible,N,,,13.33,16.5,,20291492.233174603,-18.818514007308174,9.531635168446995,61.968408262454425,187.28448275862073,19.212121212121215,37.77888996591522,277.0,full,usable,2026-08-14,conditional,77.71,100.0,,,73.0,82.0,62.0,100.0,2.2.0,c8f1bf1665a8c5dfb834c0571e7dd5f6b6e5ccd00eab00295338bd42cfde549b
VSXY,Victorias Secret & Co. Common Stock,nasdaqtrader:N:VSXY,SECURITY:VSXY:nasdaqtrader:N:VSXY,,common_equity,eligible,N,,,89.02,99.97,,168988072.00333333,8.060208788540901,90.29499786233433,56.34000702493853,293.3716305788776,10.953285985795747,45.37539887975856,277.0,full,usable,2026-08-14,conditional,84.14,100.0,,,73.0,82.0,92.0,100.0,2.2.0,c8f1bf1665a8c5dfb834c0571e7dd5f6b6e5ccd00eab00295338bd42cfde549b
VTAK,"Catheter Precision, Inc. Common Stock",nasdaqtrader:A:VTAK,SECURITY:VTAK:nasdaqtrader:A:VTAK,,common_equity,eligible,A,,,0.28,4.25,,9196186.922931748,-56.25,-63.72117128789843,-77.95275590551181,-91.38196368113265,93.41176470588235,288.24306850979673,277.0,full,usable,2026-08-14,conditional,41.14,100.0,,,10.0,30.0,62.0,100.0,2.2.0,c8f1bf1665a8c5dfb834c0571e7dd5f6b6e5ccd00eab00295338bd42cfde549b
VTEX,VTEX Class A Common Shares,nasdaqtrader:N:VTEX,NAMECLASS:VTEX,,common_equity,eligible,N,,,3.74,4.65,,5232276.999206349,-6.030150753768837,8.405797101449286,20.64516129032259,-10.952380952380947,19.569892473118276,44.25040647537885,277.0,full,usable,2026-08-14,conditional,71.43,100.0,,,51.0,82.0,62.0,100.0,2.2.0,c8f1bf1665a8c5dfb834c0571e7dd5f6b6e5ccd00eab00295338bd42cfde549b
VTIX,Virtuix Holdings Inc. - Class A Common Stock,nasdaqtrader:Q:VTIX,NAMECLASS:VIRTUIX HOLDINGS INC,,common_equity,eligible,Q,,,1.77,24.39,,1833885.606269841,-41.58415841584158,-58.05687203791469,-62.893081761006286,,92.74292742927429,130.79457173562042,139.0,limited_but_usable,usable,2026-08-14,rejected,35.57,100.0,,,37.0,30.0,0.0,100.0,2.2.0,c8f1bf1665a8c5dfb834c0571e7dd5f6b6e5ccd00eab00295338bd42cfde549b
VTMX,"Corporacion Inmobiliaria Vesta, S.A.B de C.V. American Depositary Shares, each representing ten (10) Common Shares",nasdaqtrader:N:VTMX,SECURITY:VTMX:nasdaqtrader:N:VTMX,,adr,eligible,N,,,33.95,36.82,,3189838.5392063493,-2.4425287356321657,-1.4513788098693747,2.5369978858351017,17.311679336558395,7.794676806083645,17.988000126467124,277.0,full,usable,2026-08-14,conditional,58.79,100.0,,,87.0,28.0,45.0,100.0,2.2.0,c8f1bf1665a8c5dfb834c0571e7dd5f6b6e5ccd00eab00295338bd42cfde549b
VTN,Invesco Trust for Investment Grade New York Municipals Common Stock,nasdaqtrader:N:VTN,SECURITY:VTN:nasdaqtrader:N:VTN,,common_equity,eligible,N,,,11.23,12.07,,264868.61153968255,-1.187857457105146,2.1838034576888044,-6.650041562759757,7.721822541966428,6.959403479701742,13.358376564626587,277.0,full,usable,2026-08-14,rejected,46.86,100.0,,,79.0,28.0,0.0,100.0,2.2.0,c8f1bf1665a8c5dfb834c0571e7dd5f6b6e5ccd00eab00295338bd42cfde549b
VTOL,"Bristow Group, Inc. Common Stock",nasdaqtrader:N:VTOL,SECURITY:VTOL:nasdaqtrader:N:VTOL,,common_equity,eligible,N,,,46.53,50.01,,9827802.209206348,4.9154453213077876,9.17409666823088,5.128784455490298,21.45653876272513,6.958608278344325,31.72299479095927,277.0,full,usable,2026-08-14,conditional,59.0,100.0,,,75.0,28.0,62.0,100.0,2.2.0,c8f1bf1665a8c5dfb834c0571e7dd5f6b6e5ccd00eab00295338bd42cfde549b
VTR,"Ventas, Inc. Common Stock",nasdaqtrader:N:VTR,SECURITY:VTR:nasdaqtrader:N:VTR,,common_equity,eligible,N,,,91.52,100.53,,338082070.9126984,-3.703703703703709,1.7341040462427681,7.417840375586837,34.56844581679164,8.962498756590076,33.848232824494,277.0,full,usable,2026-08-14,conditional,88.14,100.0,,,87.0,82.0,92.0,100.0,2.2.0,c8f1bf1665a8c5dfb834c0571e7dd5f6b6e5ccd00eab00295338bd42cfde549b
VTRS,Viatris Inc. - Common Stock,nasdaqtrader:Q:VTRS,SECURITY:VTRS:nasdaqtrader:Q:VTRS,,common_equity,eligible,Q,,,16.23,17.86,,169902633.19984126,-6.347374495095204,-5.967555040556205,2.786573780873969,55.907780979827095,9.126539753639417,34.21120125466934,277.0,full,usable,2026-08-14,conditional,90.43,100.0,,,95.0,82.0,92.0,100.0,2.2.0,c8f1bf1665a8c5dfb834c0571e7dd5f6b6e5ccd00eab00295338bd42cfde549b
VTS,"Vitesse Energy, Inc. Common Stock",nasdaqtrader:N:VTS,SECURITY:VTS:nasdaqtrader:N:VTS,,common_equity,eligible,N,,,16.22,26.82,,8800309.496825395,3.575989782886335,-10.928061504667774,-24.593212459321258,-36.71478735856418,39.5227442207308,30.232442983676357,277.0,full,usable,2026-08-14,conditional,80.64,100.0,,,67.0,95.0,62.0,100.0,2.2.0,c8f1bf1665a8c5dfb834c0571e7dd5f6b6e5ccd00eab00295338bd42cfde549b
VTSI,"VirTra, Inc. - Common Stock",nasdaqtrader:Q:VTSI,SECURITY:VTSI:nasdaqtrader:Q:VTSI,,common_equity,eligible,Q,,,3.23,6.25,,151572.12738095238,7.666666666666666,-6.647398843930641,-28.222222222222225,-39.626168224299064,48.31999999999999,43.13222094688047,277.0,full,usable,2026-08-14,rejected,67.36,100.0,,,67.0,95.0,0.0,100.0,2.2.0,c8f1bf1665a8c5dfb834c0571e7dd5f6b6e5ccd00eab00295338bd42cfde549b
VTVT,vTv Therapeutics Inc. - Class A Common Stock,nasdaqtrader:Q:VTVT,NAMECLASS:VTV THERAPEUTICS INC,,common_equity,eligible,Q,,,30.12,42.715,,2409578.12484127,-6.720346856611947,-21.623731459797035,-17.45683748972321,114.68282252316469,29.48612899449843,43.16936519003436,277.0,full,usable,2026-08-14,conditional,83.93,100.0,,,95.0,92.0,45.0,100.0,2.2.0,c8f1bf1665a8c5dfb834c0571e7dd5f6b6e5ccd00eab00295338bd42cfde549b
VUZI,Vuzix Corporation  - Common Stock,nasdaqtrader:Q:VUZI,SECURITY:VUZI:nasdaqtrader:Q:VUZI,,common_equity,eligible,Q,,,3.1,5.14,,6339248.172857143,33.62068965517242,0.6493506493506551,25.506072874493913,33.62068965517242,39.68871595330739,83.32099521345275,277.0,full,usable,2026-08-14,conditional,83.5,100.0,,,77.0,95.0,62.0,100.0,2.2.0,c8f1bf1665a8c5dfb834c0571e7dd5f6b6e5ccd00eab00295338bd42cfde549b
VVR,Invesco Senior Income Trust Common Stock (DE),nasdaqtrader:N:VVR,SECURITY:VVR:nasdaqtrader:N:VVR,,common_equity,eligible,N,,,2.98,3.65,,2351311.71968254,0.0,-1.3245033112582738,-9.422492401215809,-18.356164383561648,18.356164383561648,9.534614366885577,277.0,full,usable,2026-08-14,conditional,74.07,100.0,,,73.0,82.0,45.0,100.0,2.2.0,c8f1bf1665a8c5dfb834c0571e7dd5f6b6e5ccd00eab00295338bd42cfde549b
VVV,Valvoline Inc. Common Stock,nasdaqtrader:N:VVV,SECURITY:VVV:nasdaqtrader:N:VVV,,common_equity,eligible,N,,,34.19,40.67,,78291571.8084127,-15.098087906630253,5.589870290302645,-9.26220806794056,-14.246300476548779,15.93312023604624,33.2636620450009,277.0,full,usable,2026-08-14,conditional,78.14,100.0,,,61.0,82.0,80.0,100.0,2.2.0,c8f1bf1665a8c5dfb834c0571e7dd5f6b6e5ccd00eab00295338bd42cfde549b
VVX,"V2X, Inc. Common Stock",nasdaqtrader:N:VVX,SECURITY:VVX:nasdaqtrader:N:VVX,,common_equity,eligible,N,,,83.0,90.81,,54381499.125873014,10.59293804130581,16.983791402396054,30.15524541320369,37.94249626059498,8.600374408104837,51.7486111006412,277.0,full,usable,2026-08-14,conditional,79.29,100.0,,,65.0,82.0,80.0,100.0,2.2.0,c8f1bf1665a8c5dfb834c0571e7dd5f6b6e5ccd00eab00295338bd42cfde549b
VWAV,"VisionWave Holdings, Inc. - Common Stock",nasdaqtrader:Q:VWAV,SECURITY:VWAV:nasdaqtrader:Q:VWAV,,common_equity,eligible,Q,,,1.78,14.18,,3848440.177936508,-53.403141361256544,-69.46826758147513,-77.86069651741293,-74.7517730496454,87.44710860366713,170.97060982278356,274.0,full,usable,2026-08-14,conditional,37.5,100.0,,,10.0,30.0,45.0,100.0,2.2.0,c8f1bf1665a8c5dfb834c0571e7dd5f6b6e5ccd00eab00295338bd42cfde549b
VYGR,"Voyager Therapeutics, Inc. - Common Stock",nasdaqtrader:Q:VYGR,SECURITY:VYGR:nasdaqtrader:Q:VYGR,,common_equity,eligible,Q,,,3.27,5.33,,2168336.062063492,7.5657894736842035,-22.877358490566046,-4.385964912280704,-10.410958904109592,38.649155722326455,49.05905157470836,277.0,full,usable,2026-08-14,conditional,78.71,100.0,,,73.0,95.0,45.0,100.0,2.2.0,c8f1bf1665a8c5dfb834c0571e7dd5f6b6e5ccd00eab00295338bd42cfde549b
VYX,NCR Voyix Corporation Common Stock,nasdaqtrader:N:VYX,SECURITY:VYX:nasdaqtrader:N:VYX,,common_equity,eligible,N,,,8.16,13.72,,18003448.014285717,-1.568154402895039,17.74891774891776,-12.72727272727272,-35.79858379228954,40.524781341107875,64.98664615121189,277.0,full,usable,2026-08-14,conditional,77.21,100.0,,,55.0,95.0,62.0,100.0,2.2.0,c8f1bf1665a8c5dfb834c0571e7dd5f6b6e5ccd00eab00295338bd42cfde549b
VZ,Verizon Communications Inc. Common Stock,nasdaqtrader:N:VZ,SECURITY:VZ:nasdaqtrader:N:VZ,,common_equity,eligible,N,,,48.48,51.38,,1248740027.9025397,10.483135824977197,3.0174245643858733,-1.9813991103922457,10.91283459162662,5.6442195406773195,25.249877863144466,277.0,full,usable,2026-08-14,conditional,68.29,100.0,,,79.0,28.0,100.0,100.0,2.2.0,c8f1bf1665a8c5dfb834c0571e7dd5f6b6e5ccd00eab00295338bd42cfde549b
VZLA,Vizsla Silver Corp. Common Shares,nasdaqtrader:A:VZLA,SECURITY:VZLA:nasdaqtrader:A:VZLA,,common_equity,eligible,A,,,3.76,6.86,,19775683.966349203,22.4755700325733,0.0,3.581267217630857,10.26392961876832,45.18950437317785,58.37503848336526,277.0,full,usable,2026-08-14,conditional,84.07,100.0,,,79.0,95.0,62.0,100.0,2.2.0,c8f1bf1665a8c5dfb834c0571e7dd5f6b6e5ccd00eab00295338bd42cfde549b
W,Wayfair Inc. Class A Common Stock,nasdaqtrader:N:W,NAMECLASS:WAYFAIR INC,,common_equity,eligible,N,,,101.63,119.05,,322199103.6704762,11.095321381722778,64.15764819899854,23.158022297624825,29.15237005972804,14.632507349853007,99.10057814526621,277.0,full,usable,2026-08-14,conditional,81.86,100.0,,,65.0,82.0,92.0,100.0,2.2.0,c8f1bf1665a8c5dfb834c0571e7dd5f6b6e5ccd00eab00295338bd42cfde549b
WAB,Westinghouse Air Brake Technologies Corporation Common Stock,nasdaqtrader:N:WAB,SECURITY:WAB:nasdaqtrader:N:WAB,,common_equity,eligible,N,,,299.02,305.79,,262091580.21015874,13.312365000568427,10.982444419700844,17.821821190748246,53.81687242798352,2.213937669642574,35.37585965166004,277.0,full,usable,2026-08-14,conditional,58.43,100.0,,,73.0,10.0,92.0,100.0,2.2.0,c8f1bf1665a8c5dfb834c0571e7dd5f6b6e5ccd00eab00295338bd42cfde549b
WABC,Westamerica Bancorporation - Common Stock,nasdaqtrader:Q:WABC,SECURITY:WABC:nasdaqtrader:Q:WABC,,common_equity,eligible,Q,,,59.88,62.46,,11352855.273015874,-4.130643611911622,10.520487264673317,14.800613496932534,19.3541957345027,4.130643611911622,21.151919850371225,277.0,full,usable,2026-08-14,conditional,52.57,100.0,,,75.0,10.0,62.0,100.0,2.2.0,c8f1bf1665a8c5dfb834c0571e7dd5f6b6e5ccd00eab00295338bd42cfde549b
WAFD,"WaFd, Inc. - Common Stock",nasdaqtrader:Q:WAFD,SECURITY:WAFD:nasdaqtrader:Q:WAFD,,common_equity,eligible,Q,,,37.94,39.32,,21648709.173333336,-3.5096642929806743,9.2741935483871,16.024464831804263,22.150676110753388,3.5096642929806743,21.49759539232468,277.0,full,usable,2026-08-14,conditional,49.71,100.0,,,65.0,10.0,62.0,100.0,2.2.0,c8f1bf1665a8c5dfb834c0571e7dd5f6b6e5ccd00eab00295338bd42cfde549b
WAFDP,"WaFd, Inc. - Depositary Shares",nasdaqtrader:Q:WAFDP,SECURITY:WAFDP:nasdaqtrader:Q:WAFDP,,adr,eligible,Q,,,16.57,17.32,,372728.1385380952,1.3455657492354778,-0.2858432375507758,-0.7189934092270867,1.5941140404659881,4.330254041570436,9.04135835066554,277.0,full,usable,2026-08-14,rejected,40.43,100.0,,,79.0,10.0,0.0,100.0,2.2.0,c8f1bf1665a8c5dfb834c0571e7dd5f6b6e5ccd00eab00295338bd42cfde549b
WAFU,Wah Fu Education Group Limited - Ordinary Shares,nasdaqtrader:Q:WAFU,SECURITY:WAFU:nasdaqtrader:Q:WAFU,,common_equity,eligible,Q,,,1.39,2.07,,1350613.0423666667,-12.025316455696212,-19.186046511627907,-19.653179190751445,-2.1126760563380254,32.850241545893724,66.41521136935631,277.0,full,usable,2026-08-14,rejected,68.0,100.0,,,73.0,92.0,0.0,100.0,2.2.0,c8f1bf1665a8c5dfb834c0571e7dd5f6b6e5ccd00eab00295338bd42cfde549b
WAL,Western Alliance Bancorporation Common Stock (DE),nasdaqtrader:N:WAL,SECURITY:WAL:nasdaqtrader:N:WAL,,common_equity,eligible,N,,,82.32,96.08,,83294715.09238094,-1.988331944279087,8.415645989727372,-12.66709102482496,-2.8328611898017053,14.321398834304755,28.06300005733469,277.0,full,usable,2026-08-14,conditional,78.14,100.0,,,61.0,82.0,80.0,100.0,2.2.0,c8f1bf1665a8c5dfb834c0571e7dd5f6b6e5ccd00eab00295338bd42cfde549b
WALD,Waldencast plc - Class A Ordinary Share,nasdaqtrader:Q:WALD,NAMECLASS:WALDENCAST PLC,,common_equity,eligible,Q,,,1.35,3.08,,988781.5342063492,-20.118343195266263,-17.177914110429437,-25.0,-29.68749999999999,56.16883116883117,59.36140624855912,277.0,full,usable,2026-08-14,rejected,58.43,100.0,,,67.0,70.0,0.0,100.0,2.2.0,c8f1bf1665a8c5dfb834c0571e7dd5f6b6e5ccd00eab00295338bd42cfde549b
WASH,"Washington Trust Bancorp, Inc. - Common Stock",nasdaqtrader:Q:WASH,SECURITY:WASH:nasdaqtrader:Q:WASH,,common_equity,eligible,Q,,,40.19,40.19,,6120873.104126984,7.259140645850004,28.48465473145778,13.083849184018014,37.26092896174862,0.0,32.375496377222966,277.0,full,usable,2026-08-14,conditional,52.57,100.0,,,75.0,10.0,62.0,100.0,2.2.0,c8f1bf1665a8c5dfb834c0571e7dd5f6b6e5ccd00eab00295338bd42cfde549b
WAT,Waters Corporation Common Stock,nasdaqtrader:N:WAT,SECURITY:WAT:nasdaqtrader:N:WAT,,common_equity,eligible,N,,,412.17,416.15,,342800161.67079365,8.984901768952124,23.696767804087514,28.87158803114156,38.85725836337299,0.9563859185389822,29.55746562923476,277.0,full,usable,2026-08-14,conditional,56.14,100.0,,,65.0,10.0,92.0,100.0,2.2.0,c8f1bf1665a8c5dfb834c0571e7dd5f6b6e5ccd00eab00295338bd42cfde549b
WATR,Air Water Ventures Limited - Ordinary Shares,nasdaqtrader:Q:WATR,SECURITY:WATR:nasdaqtrader:Q:WATR,,common_equity,eligible,Q,,,,,,,,,,,,,0.0,insufficient,usable,,recheck,,14.29,,,,,,28.0,2.2.0,c8f1bf1665a8c5dfb834c0571e7dd5f6b6e5ccd00eab00295338bd42cfde549b
WATT,Energous Corporation - Common Stock,nasdaqtrader:Q:WATT,SECURITY:WATT:nasdaqtrader:Q:WATT,,common_equity,eligible,Q,,,15.56,35.33,,5565294.841587301,2.638522427440626,-41.038272072754836,54.05940594059406,92.09876543209879,55.95810925559015,113.06265695594549,277.0,full,usable,2026-08-14,conditional,76.86,100.0,,,85.0,70.0,62.0,100.0,2.2.0,c8f1bf1665a8c5dfb834c0571e7dd5f6b6e5ccd00eab00295338bd42cfde549b
WAVE,Eco Wave Power Global AB (publ) - American Depositary Shares,nasdaqtrader:Q:WAVE,SECURITY:WAVE:nasdaqtrader:Q:WAVE,,adr,eligible,Q,,,7.15,9.92,,671124.859631746,-19.209039548022588,-19.209039548022588,41.025641025641036,-9.949622166246852,27.92338709677419,50.396311727739764,277.0,full,usable,2026-08-14,rejected,65.14,100.0,,,63.0,92.0,0.0,100.0,2.2.0,c8f1bf1665a8c5dfb834c0571e7dd5f6b6e5ccd00eab00295338bd42cfde549b
WAY,Waystar Holding Corp. - Common Stock,nasdaqtrader:Q:WAY,SECURITY:WAY:nasdaqtrader:Q:WAY,,common_equity,eligible,Q,,,24.78,40.89,,58804320.336349204,6.9486404833836835,31.59851301115244,13.983440662373514,-29.900990099009906,39.39838591342626,66.80058778413485,277.0,full,usable,2026-08-14,conditional,81.07,100.0,,,55.0,95.0,80.0,100.0,2.2.0,c8f1bf1665a8c5dfb834c0571e7dd5f6b6e5ccd00eab00295338bd42cfde549b
WB,Weibo Corporation - American Depositary Shares,nasdaqtrader:Q:WB,SECURITY:WB:nasdaqtrader:Q:WB,,adr,eligible,Q,,,7.67,12.83,,8711436.632063493,-2.292993630573248,-8.033573141486805,-22.99196787148595,-25.389105058365757,40.21823850350741,21.835222637926204,277.0,full,usable,2026-08-14,conditional,80.64,100.0,,,67.0,95.0,62.0,100.0,2.2.0,c8f1bf1665a8c5dfb834c0571e7dd5f6b6e5ccd00eab00295338bd42cfde549b
WBD,"Warner Bros. Discovery, Inc. - Series A Common Stock",nasdaqtrader:Q:WBD,SECURITY:WBD:nasdaqtrader:Q:WBD,,common_equity,eligible,Q,,,27.99,29.98,,596954120.1142857,2.5650421399780132,3.207964601769908,-0.4268943436499528,132.28215767634853,6.637758505670455,22.329002460022064,277.0,full,usable,2026-08-14,conditional,72.86,100.0,,,95.0,28.0,100.0,100.0,2.2.0,c8f1bf1665a8c5dfb834c0571e7dd5f6b6e5ccd00eab00295338bd42cfde549b
WBI,WaterBridge Infrastructure LLC Class A Shares Representing Limited Liability Company Interests,nasdaqtrader:N:WBI,SECURITY:WBI:nasdaqtrader:N:WBI,,common_equity,eligible,N,,,31.73,36.21,,37502686.28301587,-9.00487525093202,6.476510067114094,30.576131687242803,,12.37227285280309,38.01264564695786,229.0,limited_but_usable,usable,2026-08-14,conditional,71.29,100.0,,,37.0,82.0,80.0,100.0,2.2.0,c8f1bf1665a8c5dfb834c0571e7dd5f6b6e5ccd00eab00295338bd42cfde549b
WBS,Webster Financial Corporation Common Stock,nasdaqtrader:N:WBS,SECURITY:WBS:nasdaqtrader:N:WBS,,common_equity,eligible,N,,,79.0,79.12,,314189555.7938095,3.5929714135851,10.273590173087666,10.52042529378847,35.64560439560438,0.15166835187058192,14.651655685774761,277.0,full,usable,2026-08-14,conditional,59.0,100.0,,,75.0,10.0,92.0,100.0,2.2.0,c8f1bf1665a8c5dfb834c0571e7dd5f6b6e5ccd00eab00295338bd42cfde549b
WBTN,WEBTOON Entertainment Inc. - Common stock,nasdaqtrader:Q:WBTN,SECURITY:WBTN:nasdaqtrader:Q:WBTN,,common_equity,eligible,Q,,,8.285,21.31,,3769424.5154761905,-22.93023255813953,-34.763779527559045,-26.092774308652988,-51.1497641509434,61.12153918348193,55.04402054533012,277.0,full,usable,2026-08-14,conditional,68.07,100.0,,,67.0,70.0,45.0,100.0,2.2.0,c8f1bf1665a8c5dfb834c0571e7dd5f6b6e5ccd00eab00295338bd42cfde549b
WBUY,WEBUY GLOBAL LTD. - Class A Ordinary Shares,nasdaqtrader:Q:WBUY,NAMECLASS:WEBUY GLOBAL LTD,,common_equity,eligible,Q,,,0.8444,4.06,,3391728.601220635,7.062254342589092,-30.21487603305785,-29.042016806722682,-70.88275862068964,79.20197044334975,185.46771581914058,277.0,full,usable,2026-08-14,conditional,48.07,100.0,,,47.0,30.0,45.0,100.0,2.2.0,c8f1bf1665a8c5dfb834c0571e7dd5f6b6e5ccd00eab00295338bd42cfde549b
WBX,Wallbox N.V. Class A Ordinary Shares,nasdaqtrader:N:WBX,SECURITY:WBX:nasdaqtrader:N:WBX,,common_equity,eligible,N,,,3.1,7.19,,543592.9757142857,-34.18259023354564,12.72727272727272,9.154929577464799,-31.868131868131865,56.88456189151599,129.60336437726,277.0,full,usable,2026-08-14,rejected,55.0,100.0,,,55.0,70.0,0.0,100.0,2.2.0,c8f1bf1665a8c5dfb834c0571e7dd5f6b6e5ccd00eab00295338bd42cfde549b
WCC,"WESCO International, Inc. Common Stock",nasdaqtrader:N:WCC,SECURITY:WCC:nasdaqtrader:N:WCC,,common_equity,eligible,N,,,361.55,374.52,,217266810.12174603,10.663891524593684,-2.822201317027284,22.265056981502163,67.83492711911616,3.4630994339421073,49.04233072814977,277.0,full,usable,2026-08-14,conditional,61.86,100.0,,,85.0,10.0,92.0,100.0,2.2.0,c8f1bf1665a8c5dfb834c0571e7dd5f6b6e5ccd00eab00295338bd42cfde549b
WCLD,WisdomTree Cloud Computing Fund,US:WCLD,SECURITY:WCLD:US:WCLD,,etf,eligible,Q,,,40.77,41.87,,33653449.05761905,16.953528399311544,46.076675026872095,48.36244541484718,20.478723404255316,2.6271793647002495,39.43374186156415,277.0,full,usable,2026-08-14,conditional,53.57,100.0,,,65.0,10.0,80.0,100.0,2.2.0,c8f1bf1665a8c5dfb834c0571e7dd5f6b6e5ccd00eab00295338bd42cfde549b
WCN,"Waste Connections, Inc. Common Shares",nasdaqtrader:N:WCN,SECURITY:WCN:nasdaqtrader:N:WCN,,common_equity,eligible,N,,,166.29,186.48,,252516683.03857145,-4.611942866976437,7.339271882261822,5.527351186698803,-10.471627005491557,10.826898326898327,20.988501636490323,277.0,full,usable,2026-08-14,conditional,80.71,100.0,,,61.0,82.0,92.0,100.0,2.2.0,c8f1bf1665a8c5dfb834c0571e7dd5f6b6e5ccd00eab00295338bd42cfde549b
WCT,Wellchange Holdings Company Limited - Class A Ordinary shares,nasdaqtrader:Q:WCT,NAMECLASS:WELLCHANGE HOLDINGS COMPANY LIMITED,,common_equity,eligible,Q,,,0.9433,20.48,,6786779.060838095,-18.68103448275861,-56.9269406392694,-86.93490304709141,-90.83284742468416,95.39404296875,134.33499450275863,277.0,full,usable,2026-08-14,conditional,41.14,100.0,,,10.0,30.0,62.0,100.0,2.2.0,c8f1bf1665a8c5dfb834c0571e7dd5f6b6e5ccd00eab00295338bd42cfde549b
WD,"Walker & Dunlop, Inc Common Stock",nasdaqtrader:N:WD,SECURITY:WD:nasdaqtrader:N:WD,,common_equity,eligible,N,,,42.56,87.6,,17332348.72365079,-16.858761476850937,-19.65263356616952,-30.65015479876161,-49.69861718472993,51.415525114155244,55.50456064823822,277.0,full,usable,2026-08-14,conditional,71.71,100.0,,,67.0,70.0,62.0,100.0,2.2.0,c8f1bf1665a8c5dfb834c0571e7dd5f6b6e5ccd00eab00295338bd42cfde549b
WDAY,"Workday, Inc. - Class A Common Stock",nasdaqtrader:Q:WDAY,NAMECLASS:WORKDAY INC,,common_equity,eligible,Q,,,198.68,247.69,,764172169.5107143,36.615553874716355,67.30947368421054,37.93390724798669,-10.933787600304834,19.786830312083648,77.30317203324802,277.0,full,usable,2026-08-14,conditional,79.57,100.0,,,51.0,82.0,100.0,100.0,2.2.0,c8f1bf1665a8c5dfb834c0571e7dd5f6b6e5ccd00eab00295338bd42cfde549b
WDC,Western Digital Corporation - Common Stock,nasdaqtrader:Q:WDC,SECURITY:WDC:nasdaqtrader:Q:WDC,,common_equity,eligible,Q,,,508.8,746.23,,4744119127.023016,8.995094363873957,4.0171726464274915,79.09186906019005,568.8576311292231,31.817268134489364,101.28649030925266,277.0,full,usable,2026-08-14,conditional,92.86,100.0,,,85.0,92.0,100.0,100.0,2.2.0,c8f1bf1665a8c5dfb834c0571e7dd5f6b6e5ccd00eab00295338bd42cfde549b
WDFC,WD-40 Company - Common Stock,nasdaqtrader:Q:WDFC,SECURITY:WDFC:nasdaqtrader:Q:WDFC,,common_equity,eligible,Q,,,229.24,264.91,,38312784.51190476,-10.578873459198002,13.558230544409767,-4.327866115771462,1.4560743527329167,13.464950360499795,43.3990957818009,277.0,full,usable,2026-08-14,conditional,79.86,100.0,,,67.0,82.0,80.0,100.0,2.2.0,c8f1bf1665a8c5dfb834c0571e7dd5f6b6e5ccd00eab00295338bd42cfde549b
WDH,Waterdrop Inc. American Depositary Shares (each representing the right to receive 10 Class A Ordinary Shares),nasdaqtrader:N:WDH,SECURITY:WDH:nasdaqtrader:N:WDH,,adr,eligible,N,,,1.0,1.99,,238286.75968253968,-15.254237288135586,-36.708860759493675,-43.50282485875706,-45.35519125683061,49.74874371859297,36.467660195488534,277.0,full,usable,2026-08-14,rejected,67.36,100.0,,,67.0,95.0,0.0,100.0,2.2.0,c8f1bf1665a8c5dfb834c0571e7dd5f6b6e5ccd00eab00295338bd42cfde549b
WDS,"Woodside Energy Group Limited American Depositary Shares, each representing one Ordinary Share",nasdaqtrader:N:WDS,SECURITY:WDS:nasdaqtrader:N:WDS,,adr,eligible,N,,,23.17,24.78,,18456704.740793653,12.475728155339816,3.8082437275985814,25.85551330798479,31.052036199095024,6.4971751412429395,33.61368390657946,277.0,full,usable,2026-08-14,conditional,59.57,100.0,,,77.0,28.0,62.0,100.0,2.2.0,c8f1bf1665a8c5dfb834c0571e7dd5f6b6e5ccd00eab00295338bd42cfde549b
WEAV,"Weave Communications, Inc. Common Stock",nasdaqtrader:N:WEAV,SECURITY:WEAV:nasdaqtrader:N:WEAV,,common_equity,eligible,N,,,5.46,8.0,,6839730.513015873,-25.71428571428571,6.019417475728139,-3.1914893617021267,-32.42574257425742,31.75,89.08571025873071,277.0,full,usable,2026-08-14,conditional,76.14,100.0,,,55.0,92.0,62.0,100.0,2.2.0,c8f1bf1665a8c5dfb834c0571e7dd5f6b6e5ccd00eab00295338bd42cfde549b
WEC,"WEC Energy Group, Inc. Common Stock",nasdaqtrader:N:WEC,SECURITY:WEC:nasdaqtrader:N:WEC,,common_equity,eligible,N,,,110.52,118.85,,255436483.93095237,-3.4675517512446463,-1.0032246506628484,-3.0781373322809835,0.5275604875386586,7.008834665544805,17.705292167216676,277.0,full,usable,2026-08-14,conditional,66.57,100.0,,,79.0,28.0,92.0,100.0,2.2.0,c8f1bf1665a8c5dfb834c0571e7dd5f6b6e5ccd00eab00295338bd42cfde549b
WELL,Welltower Inc. Common Stock,nasdaqtrader:N:WELL,SECURITY:WELL:nasdaqtrader:N:WELL,,common_equity,eligible,N,,,235.52,252.07,,791906036.9142857,-2.4721520559857546,8.160734787600465,13.154607475737489,44.45534838076548,6.565636529535435,25.288352746316136,277.0,full,usable,2026-08-14,conditional,67.14,100.0,,,75.0,28.0,100.0,100.0,2.2.0,c8f1bf1665a8c5dfb834c0571e7dd5f6b6e5ccd00eab00295338bd42cfde549b
WEN,Wendy's Company (The) - Common Stock,nasdaqtrader:Q:WEN,SECURITY:WEN:nasdaqtrader:Q:WEN,,common_equity,eligible,Q,,,8.64,10.68,,131404140.27976191,10.344827586206895,6.535141800246613,18.84456671251722,-17.0028818443804,19.10112359550561,68.8349468329816,277.0,full,usable,2026-08-14,conditional,77.86,100.0,,,51.0,82.0,92.0,100.0,2.2.0,c8f1bf1665a8c5dfb834c0571e7dd5f6b6e5ccd00eab00295338bd42cfde549b
WENC,West Enclave Merger Corp. Ordinary Shares,nasdaqtrader:N:WENC,SECURITY:WENC:nasdaqtrader:N:WENC,,common_equity,eligible,N,,,10.0,10.0,,235877.09341269842,0.6036217303823088,1.2145748987854255,,,0.0,4.26596830483302,65.0,insufficient,usable,2026-08-14,rejected,,71.43,,,,10.0,0.0,88.0,2.2.0,c8f1bf1665a8c5dfb834c0571e7dd5f6b6e5ccd00eab00295338bd42cfde549b
WERN,"Werner Enterprises, Inc. - Common Stock",nasdaqtrader:Q:WERN,SECURITY:WERN:nasdaqtrader:Q:WERN,,common_equity,eligible,Q,,,38.88,47.29,,47393617.85539682,-15.459882583170248,4.656796769851956,19.22723091076357,35.61213812347401,17.783886656798476,43.520421664417505,277.0,full,usable,2026-08-14,conditional,82.71,100.0,,,77.0,82.0,80.0,100.0,2.2.0,c8f1bf1665a8c5dfb834c0571e7dd5f6b6e5ccd00eab00295338bd42cfde549b
WES,"Western Midstream Partners, LP Common Units Representing Limited Partner Interests",qrgf-resolution-required:N:WES,SECURITY:WES:qrgf-resolution-required:N:WES,,common_equity,eligible,N,,,48.92,48.92,,46468831.333015874,6.186238332971561,6.6492260736865205,15.513577331759155,26.44094081157924,0.0,19.054171843218494,277.0,full,usable,2026-08-14,conditional,53.57,100.0,,,65.0,10.0,80.0,100.0,2.2.0,c8f1bf1665a8c5dfb834c0571e7dd5f6b6e5ccd00eab00295338bd42cfde549b
WEST,Westrock Coffee Company - Common Stock,nasdaqtrader:Q:WEST,SECURITY:WEST:nasdaqtrader:Q:WEST,,common_equity,eligible,Q,,,8.43,9.73,,5342862.405079365,10.052219321148815,0.837320574162681,66.60079051383401,29.692307692307686,13.360739979445025,41.58315819702206,277.0,full,usable,2026-08-14,conditional,78.86,100.0,,,77.0,82.0,62.0,100.0,2.2.0,c8f1bf1665a8c5dfb834c0571e7dd5f6b6e5ccd00eab00295338bd42cfde549b
WETH,Wetouch Technology Inc. - Common Stock,nasdaqtrader:Q:WETH,SECURITY:WETH:nasdaqtrader:Q:WETH,,common_equity,eligible,Q,,,1.26,3.53,,194615.19223492063,4.132231404958686,-17.647058823529417,-26.315789473684205,46.51162790697674,64.30594900849857,107.28837755629827,277.0,full,usable,2026-08-14,rejected,64.14,100.0,,,87.0,70.0,0.0,100.0,2.2.0,c8f1bf1665a8c5dfb834c0571e7dd5f6b6e5ccd00eab00295338bd42cfde549b
WETO,Wetour Robotics Limited - Ordinary Shares,nasdaqtrader:Q:WETO,SECURITY:WETO:nasdaqtrader:Q:WETO,,common_equity,eligible,Q,,,8.22,238.0,,10989478.404603174,-86.46245059288538,-83.5632873425315,-82.3225806451613,-95.67368421052632,96.54621848739495,710.3351753751712,277.0,full,usable,2026-08-14,conditional,38.29,100.0,,,0.0,30.0,62.0,100.0,2.2.0,c8f1bf1665a8c5dfb834c0571e7dd5f6b6e5ccd00eab00295338bd42cfde549b
WEX,WEX Inc. common stock,nasdaqtrader:N:WEX,SECURITY:WEX:nasdaqtrader:N:WEX,,common_equity,eligible,N,,,191.78,199.01,,108189653.94,16.768144179249877,43.098045067900294,25.633802816901397,8.805174174514917,3.632983267172496,43.73889054680325,277.0,full,usable,2026-08-14,conditional,53.86,100.0,,,57.0,10.0,92.0,100.0,2.2.0,c8f1bf1665a8c5dfb834c0571e7dd5f6b6e5ccd00eab00295338bd42cfde549b
WEYS,"Weyco Group, Inc. - Common Stock",nasdaqtrader:Q:WEYS,SECURITY:WEYS:nasdaqtrader:Q:WEYS,,common_equity,eligible,Q,,,45.26,46.88,,823428.3375396825,12.224150756260844,30.771453337185783,43.91096979332274,46.70988654781198,3.455631399317416,34.23620044418635,277.0,full,usable,2026-08-14,rejected,36.43,100.0,,,65.0,10.0,0.0,100.0,2.2.0,c8f1bf1665a8c5dfb834c0571e7dd5f6b6e5ccd00eab00295338bd42cfde549b
WF,Woori Financial Group Inc. American Depositary Shares (each representing three (3) shares of Common Stock),nasdaqtrader:N:WF,SECURITY:WF:nasdaqtrader:N:WF,,adr,eligible,N,,,71.37,84.47,,10814091.343809523,12.411403370609552,11.220196353436185,-9.761031735996962,28.66414277988103,15.508464543624944,36.34206433279427,277.0,full,usable,2026-08-14,conditional,78.29,100.0,,,75.0,82.0,62.0,100.0,2.2.0,c8f1bf1665a8c5dfb834c0571e7dd5f6b6e5ccd00eab00295338bd42cfde549b
WFC,Wells Fargo & Company Common Stock,nasdaqtrader:N:WFC,SECURITY:WFC:nasdaqtrader:N:WFC,,common_equity,eligible,N,,,88.82,96.39,,1283666003.17127,0.8515953219030425,20.368613633283616,2.931973577471303,14.032610091154174,7.853511775080413,23.410440174651455,277.0,full,usable,2026-08-14,conditional,64.86,100.0,,,67.0,28.0,100.0,100.0,2.2.0,c8f1bf1665a8c5dfb834c0571e7dd5f6b6e5ccd00eab00295338bd42cfde549b
WFCF,"Where Food Comes From, Inc. - Common Stock",nasdaqtrader:Q:WFCF,SECURITY:WFCF:nasdaqtrader:Q:WFCF,,common_equity,eligible,Q,,,12.35,18.13,,145467.3986238095,-1.9062748212867353,16.949650098010437,8.762659621312196,10.762331838565009,31.880860452289017,45.83488974569429,277.0,full,usable,2026-08-14,rejected,66.29,100.0,,,67.0,92.0,0.0,100.0,2.2.0,c8f1bf1665a8c5dfb834c0571e7dd5f6b6e5ccd00eab00295338bd42cfde549b
WFF,WF Holding Limited - Ordinary Shares,nasdaqtrader:Q:WFF,SECURITY:WFF:nasdaqtrader:Q:WFF,,common_equity,eligible,Q,,,1.44,5.75,,1565555.2013285712,-37.66233766233766,-24.607329842931936,-29.51541850220265,-71.2,74.95652173913044,188.1775600106015,277.0,full,usable,2026-08-14,rejected,38.43,100.0,,,47.0,30.0,0.0,100.0,2.2.0,c8f1bf1665a8c5dfb834c0571e7dd5f6b6e5ccd00eab00295338bd42cfde549b
WFG,West Fraser Timber Co. Ltd Common stock,nasdaqtrader:N:WFG,SECURITY:WFG:nasdaqtrader:N:WFG,,common_equity,eligible,N,,,70.76,76.73,,14564343.17079365,-1.255930784258985,16.019019511395307,-3.5573122529644285,-6.955950032873104,7.780529128111557,40.762535667145166,277.0,full,usable,2026-08-14,conditional,55.0,100.0,,,61.0,28.0,62.0,100.0,2.2.0,c8f1bf1665a8c5dfb834c0571e7dd5f6b6e5ccd00eab00295338bd42cfde549b
WFRD,Weatherford International plc - Ordinary shares,nasdaqtrader:Q:WFRD,SECURITY:WFRD:nasdaqtrader:Q:WFRD,,common_equity,eligible,Q,,,94.785,111.42,,114995135.15166667,17.86247202188509,-13.192600054950088,-5.873882820258203,64.7002606429192,14.929994614970388,44.07375805207735,277.0,full,usable,2026-08-14,conditional,90.43,100.0,,,95.0,82.0,92.0,100.0,2.2.0,c8f1bf1665a8c5dfb834c0571e7dd5f6b6e5ccd00eab00295338bd42cfde549b
WGO,"Winnebago Industries, Inc. Common Stock",nasdaqtrader:N:WGO,SECURITY:WGO:nasdaqtrader:N:WGO,,common_equity,eligible,N,,,31.55,49.85,,21867380.81650794,0.7665282657298045,5.589022757697459,-32.07750269106566,-8.311537343795393,36.71013039117352,40.58634494606886,277.0,full,usable,2026-08-14,conditional,78.93,100.0,,,61.0,95.0,62.0,100.0,2.2.0,c8f1bf1665a8c5dfb834c0571e7dd5f6b6e5ccd00eab00295338bd42cfde549b
WGS,GeneDx Holdings Corp. - Class A Common Stock,nasdaqtrader:Q:WGS,NAMECLASS:GENEDX HOLDINGS CORP,,common_equity,eligible,Q,,,78.08,167.515,,60055377.67253968,26.568325498460045,100.97812097812096,-13.885518914745788,-36.57704491917797,53.38924872399487,70.13705778125654,277.0,full,usable,2026-08-14,conditional,72.14,100.0,,,55.0,70.0,80.0,100.0,2.2.0,c8f1bf1665a8c5dfb834c0571e7dd5f6b6e5ccd00eab00295338bd42cfde549b
WH,"Wyndham Hotels & Resorts, Inc. Common Stock",nasdaqtrader:N:WH,SECURITY:WH:nasdaqtrader:N:WH,,common_equity,eligible,N,,,73.63,89.91,,110378035.6052381,-6.762061542357866,-8.704277743335409,-5.213697219361501,-19.176728869374315,18.106995884773667,29.924956158572186,277.0,full,usable,2026-08-14,conditional,84.14,100.0,,,73.0,82.0,92.0,100.0,2.2.0,c8f1bf1665a8c5dfb834c0571e7dd5f6b6e5ccd00eab00295338bd42cfde549b
WHD,"Cactus, Inc. Class A Common Stock",nasdaqtrader:N:WHD,NAMECLASS:CACTUS INC,,common_equity,eligible,N,,,73.28,73.28,,48014356.52269841,36.20817843866171,26.716237247103592,28.448729184925515,81.16192830655129,0.0,58.26931013909389,277.0,full,usable,2026-08-14,conditional,55.86,100.0,,,73.0,10.0,80.0,100.0,2.2.0,c8f1bf1665a8c5dfb834c0571e7dd5f6b6e5ccd00eab00295338bd42cfde549b
WHG,Westwood Holdings Group Inc Common Stock,nasdaqtrader:N:WHG,SECURITY:WHG:nasdaqtrader:N:WHG,,common_equity,eligible,N,,,19.45,20.34,,456938.71936507936,-2.750000000000008,21.10834371108343,9.577464788732382,9.949123798756343,4.375614552605711,26.168446765429398,277.0,full,usable,2026-08-14,rejected,37.0,100.0,,,67.0,10.0,0.0,100.0,2.2.0,c8f1bf1665a8c5dfb834c0571e7dd5f6b6e5ccd00eab00295338bd42cfde549b
WHK,WhiteHawk Minerals Corp Class A Common Stock,nasdaqtrader:N:WHK,NAMECLASS:WHITEHAWK MINERALS CORP,,common_equity,eligible,N,,,26.15,27.82,,5822049.722765958,0.6156213928434129,,,,6.002875629043858,23.25881963189931,47.0,insufficient,usable,2026-08-14,recheck,,71.43,,,,28.0,62.0,76.0,2.2.0,c8f1bf1665a8c5dfb834c0571e7dd5f6b6e5ccd00eab00295338bd42cfde549b
WHLR,"Wheeler Real Estate Investment Trust, Inc. - Common Stock",nasdaqtrader:Q:WHLR,SECURITY:WHLR:nasdaqtrader:Q:WHLR,,common_equity,eligible,Q,,,0.3646,8424.00000002,,2291500.6905412697,-81.12836438923395,-98.4550847457627,-99.70644122383253,-99.99563457854406,99.99567188983856,201.36890666160178,277.0,full,usable,2026-08-14,conditional,34.64,100.0,,,0.0,30.0,45.0,100.0,2.2.0,c8f1bf1665a8c5dfb834c0571e7dd5f6b6e5ccd00eab00295338bd42cfde549b
WHR,Whirlpool Corporation Common Stock,nasdaqtrader:N:WHR,SECURITY:WHR:nasdaqtrader:N:WHR,,common_equity,eligible,N,,,41.37,95.54,,102331202.87587301,3.7102030584106105,-2.72748648013168,-54.241787412896805,-54.14033920851347,56.69876491521877,60.33024838668116,277.0,full,usable,2026-08-14,conditional,75.29,100.0,,,57.0,70.0,92.0,100.0,2.2.0,c8f1bf1665a8c5dfb834c0571e7dd5f6b6e5ccd00eab00295338bd42cfde549b
WHWK,"Whitehawk Therapeutics, Inc. - Common Stock",nasdaqtrader:Q:WHWK,SECURITY:WHWK:nasdaqtrader:Q:WHWK,,common_equity,eligible,Q,,,4.46,5.1,,1982313.9747619047,14.652956298200515,-12.549019607843137,48.172757475083074,160.8187134502924,12.549019607843137,61.890242714489965,277.0,full,usable,2026-08-14,rejected,67.86,100.0,,,85.0,82.0,0.0,100.0,2.2.0,c8f1bf1665a8c5dfb834c0571e7dd5f6b6e5ccd00eab00295338bd42cfde549b
WILC,"G. Willi-Food International,  Ltd. - Ordinary Shares",nasdaqtrader:Q:WILC,SECURITY:WILC:nasdaqtrader:Q:WILC,,common_equity,eligible,Q,,,28.73,36.9,,165848.59753968252,-5.8032786885245935,-18.611898016997163,-1.8448923812777518,33.19425127491886,22.140921409214087,57.728676832312466,277.0,full,usable,2026-08-14,rejected,72.0,100.0,,,87.0,92.0,0.0,100.0,2.2.0,c8f1bf1665a8c5dfb834c0571e7dd5f6b6e5ccd00eab00295338bd42cfde549b
WIMI,WiMi Hologram Cloud Inc. - Class B Ordinary Shares,nasdaqtrader:Q:WIMI,NAMECLASS:WIMI HOLOGRAM CLOUD INC,,common_equity,eligible,Q,,,1.36,5.13,,189851.30666666667,7.086614173228356,-12.25806451612903,-24.861878453038667,-67.9245283018868,73.48927875243665,53.995514356326446,277.0,full,usable,2026-08-14,rejected,44.14,100.0,,,67.0,30.0,0.0,100.0,2.2.0,c8f1bf1665a8c5dfb834c0571e7dd5f6b6e5ccd00eab00295338bd42cfde549b
WINA,Winmark Corporation - Common Stock,nasdaqtrader:Q:WINA,SECURITY:WINA:nasdaqtrader:Q:WINA,,common_equity,eligible,Q,,,351.01,517.89,,17850621.952698413,-9.75446715516133,-2.990354586407984,-20.096064103439648,-15.372375051233211,32.223058950742434,44.889452074727146,277.0,full,usable,2026-08-14,conditional,81.29,100.0,,,73.0,92.0,62.0,100.0,2.2.0,c8f1bf1665a8c5dfb834c0571e7dd5f6b6e5ccd00eab00295338bd42cfde549b
WING,Wingstop Inc. - Common Stock,nasdaqtrader:Q:WING,SECURITY:WING:nasdaqtrader:Q:WING,,common_equity,eligible,Q,,,126.12,339.63,,180403762.48365077,-10.508763215780881,6.018829858776065,-43.69642857142857,-63.201353835380615,62.86547124812296,56.69387154204413,277.0,full,usable,2026-08-14,conditional,74.71,100.0,,,55.0,70.0,92.0,100.0,2.2.0,c8f1bf1665a8c5dfb834c0571e7dd5f6b6e5ccd00eab00295338bd42cfde549b
WIT,Wipro Limited Common Stock,nasdaqtrader:N:WIT,SECURITY:WIT:nasdaqtrader:N:WIT,,common_equity,eligible,N,,,1.94,3.06,,23188885.993333332,4.86486486486486,4.86486486486486,-14.912280701754376,-28.937728937728934,36.60130718954249,28.820000244171524,277.0,full,usable,2026-08-14,conditional,80.64,100.0,,,67.0,95.0,62.0,100.0,2.2.0,c8f1bf1665a8c5dfb834c0571e7dd5f6b6e5ccd00eab00295338bd42cfde549b
WIX,Wix.com Ltd. - Ordinary Shares,nasdaqtrader:Q:WIX,SECURITY:WIX:nasdaqtrader:Q:WIX,,common_equity,eligible,Q,,,74.13,184.24,,93766331.54809524,40.42432278840688,40.63745019920317,4.482029598308657,-38.598525635716065,59.764437689969604,91.38115006576064,277.0,full,usable,2026-08-14,conditional,72.14,100.0,,,55.0,70.0,80.0,100.0,2.2.0,c8f1bf1665a8c5dfb834c0571e7dd5f6b6e5ccd00eab00295338bd42cfde549b
WK,Workiva Inc. Class A Common Stock,nasdaqtrader:N:WK,NAMECLASS:WORKIVA INC,,common_equity,eligible,N,,,70.51,93.31,,48797054.607777774,23.766894856942255,55.342586472791375,13.033023404937483,-5.7856761090326,24.434680098596072,54.14712655526059,277.0,full,usable,2026-08-14,conditional,81.71,100.0,,,61.0,92.0,80.0,100.0,2.2.0,c8f1bf1665a8c5dfb834c0571e7dd5f6b6e5ccd00eab00295338bd42cfde549b
WKC,World Kinect Corporation Common Stock,nasdaqtrader:N:WKC,SECURITY:WKC:nasdaqtrader:N:WKC,,common_equity,eligible,N,,,36.11,40.25,,39316194.619523816,-2.273342354533159,28.780313837375182,37.03984819734345,38.83121876201461,10.285714285714286,30.67670393795404,277.0,full,usable,2026-08-14,conditional,79.29,100.0,,,65.0,82.0,80.0,100.0,2.2.0,c8f1bf1665a8c5dfb834c0571e7dd5f6b6e5ccd00eab00295338bd42cfde549b
WKEY,WISeKey International Holding Ltd - American Depositary Shares,nasdaqtrader:Q:WKEY,SECURITY:WKEY:nasdaqtrader:Q:WKEY,,adr,eligible,Q,,,6.63,17.8,,758323.0761111111,3.7558685446009488,-31.152647975077883,-2.500000000000002,22.777777777777764,62.75280898876405,61.55296993597773,277.0,full,usable,2026-08-14,rejected,64.14,100.0,,,87.0,70.0,0.0,100.0,2.2.0,c8f1bf1665a8c5dfb834c0571e7dd5f6b6e5ccd00eab00295338bd42cfde549b
WKHS,"Workhorse Group, Inc. - Common Stock",nasdaqtrader:Q:WKHS,SECURITY:WKHS:nasdaqtrader:Q:WKHS,,common_equity,eligible,Q,,,3.06,21.24,,428784.0763492063,13.754646840148709,-15.469613259668513,-20.519480519480517,-86.0655737704918,85.59322033898304,56.51114392595237,277.0,full,usable,2026-08-14,rejected,38.43,100.0,,,47.0,30.0,0.0,100.0,2.2.0,c8f1bf1665a8c5dfb834c0571e7dd5f6b6e5ccd00eab00295338bd42cfde549b
WKSP,"Worksport, Ltd. - Common Stock",nasdaqtrader:Q:WKSP,SECURITY:WKSP:nasdaqtrader:Q:WKSP,,common_equity,eligible,Q,,,0.6978,3.81,,4555420.447080952,5.6792367105861,-14.902439024390246,-56.11320754716982,-79.41592920353983,81.68503937007874,88.39107859325598,277.0,full,usable,2026-08-14,conditional,45.21,100.0,,,37.0,30.0,45.0,100.0,2.2.0,c8f1bf1665a8c5dfb834c0571e7dd5f6b6e5ccd00eab00295338bd42cfde549b
WLCO,Wilco 63 Corporation - Class A Ordinary Shares,nasdaqtrader:Q:WLCO,NAMECLASS:WILCO 63 CORPORATION,,common_equity,eligible,Q,,,9.78,9.9,,162034.402,,,,,1.21212121212122,,5.0,insufficient,usable,2026-08-14,rejected,,71.43,,,,10.0,0.0,64.0,2.2.0,c8f1bf1665a8c5dfb834c0571e7dd5f6b6e5ccd00eab00295338bd42cfde549b
WLDN,"Willdan Group, Inc. - Common Stock",nasdaqtrader:Q:WLDN,SECURITY:WLDN:nasdaqtrader:Q:WLDN,,common_equity,eligible,Q,,,86.4,134.94,,26073563.255873013,15.230728194185117,-5.738599170848779,-23.2,-26.983858700245065,35.97154290795908,62.81163665508554,277.0,full,usable,2026-08-14,conditional,84.5,100.0,,,67.0,95.0,80.0,100.0,2.2.0,c8f1bf1665a8c5dfb834c0571e7dd5f6b6e5ccd00eab00295338bd42cfde549b
WLDS,Wearable Devices Ltd. - Ordinary Share,nasdaqtrader:Q:WLDS,SECURITY:WLDS:nasdaqtrader:Q:WLDS,,common_equity,eligible,Q,,,2.9,84.78,,5235050.235920634,114.8148148148148,1.469559132260323,-62.31319038336582,-72.35462345090562,96.5793819297004,267.5476035879947,277.0,full,usable,2026-08-14,conditional,48.86,100.0,,,37.0,30.0,62.0,100.0,2.2.0,c8f1bf1665a8c5dfb834c0571e7dd5f6b6e5ccd00eab00295338bd42cfde549b
WLFC,Willis Lease Finance Corporation - Common Stock,nasdaqtrader:Q:WLFC,SECURITY:WLFC:nasdaqtrader:Q:WLFC,,common_equity,eligible,Q,,,56.93,79.97,,24269326.063015874,-12.85779886728915,-10.034766118836913,-12.280431432973815,0.8681785967399103,28.810804051519323,59.98109235159244,277.0,full,usable,2026-08-14,conditional,83.0,100.0,,,79.0,92.0,62.0,100.0,2.2.0,c8f1bf1665a8c5dfb834c0571e7dd5f6b6e5ccd00eab00295338bd42cfde549b
WLK,Westlake Corporation Common Stock,nasdaqtrader:N:WLK,SECURITY:WLK:nasdaqtrader:N:WLK,,common_equity,eligible,N,,,79.55,123.39,,88860135.51238094,3.2044628956927834,-13.088604829017815,-19.426719335561636,-6.455785512699919,35.52962152524516,47.48840907864447,277.0,full,usable,2026-08-14,conditional,86.21,100.0,,,73.0,95.0,80.0,100.0,2.2.0,c8f1bf1665a8c5dfb834c0571e7dd5f6b6e5ccd00eab00295338bd42cfde549b
WLKP,Westlake Chemical Partners LP Common Units representing limited partner interests,qrgf-resolution-required:N:WLKP,SECURITY:WLKP:qrgf-resolution-required:N:WLKP,,common_equity,eligible,N,,,21.7,23.72,,681245.5806349206,-0.4130335016062414,-5.6521739130434785,2.6004728132387633,-0.91324200913242,8.516020236087684,13.656802909005181,277.0,full,usable,2026-08-14,rejected,64.43,100.0,,,73.0,82.0,0.0,100.0,2.2.0,c8f1bf1665a8c5dfb834c0571e7dd5f6b6e5ccd00eab00295338bd42cfde549b
WLTH,Wealthfront Corporation - Common Stock,nasdaqtrader:Q:WLTH,SECURITY:WLTH:nasdaqtrader:Q:WLTH,,common_equity,eligible,Q,,,9.14,14.19,,14612751.623650793,-3.3315705975674237,-18.683274021352315,26.94444444444446,6.918091851297281,35.58844256518674,38.869361825048884,610.0,full,usable,2026-08-14,conditional,81.21,100.0,,,69.0,95.0,62.0,100.0,2.2.0,c8f1bf1665a8c5dfb834c0571e7dd5f6b6e5ccd00eab00295338bd42cfde549b
WLY,"John Wiley & Sons, Inc. Common Stock",nasdaqtrader:N:WLY,SECURITY:WLY:nasdaqtrader:N:WLY,,common_equity,eligible,N,,,51.39,55.72,,24510546.286190476,0.8833922261484162,30.365296803652964,78.49947898575896,27.423754029258628,7.770997846374728,40.37600950226598,277.0,full,usable,2026-08-14,conditional,56.14,100.0,,,65.0,28.0,62.0,100.0,2.2.0,c8f1bf1665a8c5dfb834c0571e7dd5f6b6e5ccd00eab00295338bd42cfde549b
WLYB,"John Wiley & Sons, Inc. Common Stock",nasdaqtrader:N:WLYB,SECURITY:WLYB:nasdaqtrader:N:WLYB,,common_equity,eligible,N,,,51.43,54.73,,69061.95490952382,3.731343283582089,24.07720144752714,71.43333333333332,28.768152228342526,6.029599853827882,26.405113794595298,277.0,full,usable,2026-08-14,rejected,42.86,100.0,,,65.0,28.0,0.0,100.0,2.2.0,c8f1bf1665a8c5dfb834c0571e7dd5f6b6e5ccd00eab00295338bd42cfde549b
WM,"Waste Management, Inc. Common Stock",nasdaqtrader:N:WM,SECURITY:WM:nasdaqtrader:N:WM,,common_equity,eligible,N,,,224.55,246.51,,481872017.53126985,-7.30650154798761,2.6185906224293953,-2.7964157395783618,-2.3270987385819897,8.908360715589625,25.249251680153023,277.0,full,usable,2026-08-14,conditional,84.14,100.0,,,73.0,82.0,92.0,100.0,2.2.0,c8f1bf1665a8c5dfb834c0571e7dd5f6b6e5ccd00eab00295338bd42cfde549b
WMB,"Williams Companies, Inc. (The) Common Stock",nasdaqtrader:N:WMB,SECURITY:WMB:nasdaqtrader:N:WMB,,common_equity,eligible,N,,,75.2,79.4,,514277292.49650794,0.6289308176100628,-3.205045694426556,5.721917615633365,29.968890425164197,5.289672544080604,26.279940060630164,277.0,full,usable,2026-08-14,conditional,70.57,100.0,,,87.0,28.0,100.0,100.0,2.2.0,c8f1bf1665a8c5dfb834c0571e7dd5f6b6e5ccd00eab00295338bd42cfde549b
WMG,Warner Music Group Corp. - Class A Common Stock,nasdaqtrader:Q:WMG,NAMECLASS:WARNER MUSIC GROUP CORP,,common_equity,eligible,Q,,,25.65,34.72,,67100498.05444444,-10.157618213660257,-21.822615056385253,-10.157618213660257,-20.06855718292304,26.12327188940092,44.12741195483573,277.0,full,usable,2026-08-14,conditional,85.14,100.0,,,73.0,92.0,80.0,100.0,2.2.0,c8f1bf1665a8c5dfb834c0571e7dd5f6b6e5ccd00eab00295338bd42cfde549b
WMK,"Weis Markets, Inc. Common Stock",nasdaqtrader:N:WMK,SECURITY:WMK:nasdaqtrader:N:WMK,,common_equity,eligible,N,,,70.93,82.63,,12797830.242698412,-10.566132896229973,-0.33722073907545,-1.7317816569686895,-1.2529583739384509,14.159506232603158,28.85584638767168,277.0,full,usable,2026-08-14,conditional,77.71,100.0,,,73.0,82.0,62.0,100.0,2.2.0,c8f1bf1665a8c5dfb834c0571e7dd5f6b6e5ccd00eab00295338bd42cfde549b
WMS,"Advanced Drainage Systems, Inc. Common Stock",nasdaqtrader:N:WMS,SECURITY:WMS:nasdaqtrader:N:WMS,,common_equity,eligible,N,,,150.91,175.38,,125564987.31015873,-0.2445795875198331,7.723606253122983,-10.06019429048215,5.849758013607342,13.952560155091797,38.55378981592511,277.0,full,usable,2026-08-14,conditional,82.43,100.0,,,67.0,82.0,92.0,100.0,2.2.0,c8f1bf1665a8c5dfb834c0571e7dd5f6b6e5ccd00eab00295338bd42cfde549b
WMT,Walmart Inc. - Common Stock,nasdaqtrader:Q:WMT,SECURITY:WMT:nasdaqtrader:Q:WMT,,common_equity,eligible,Q,,,115.27,134.2,,2760788960.8441267,0.27838190517615047,-12.977502642307115,-13.74588446572882,14.140013862758693,14.105812220566316,19.711496314643362,277.0,full,usable,2026-08-14,conditional,87.57,100.0,,,79.0,82.0,100.0,100.0,2.2.0,c8f1bf1665a8c5dfb834c0571e7dd5f6b6e5ccd00eab00295338bd42cfde549b
WNC,Wabash National Corporation Common Stock,nasdaqtrader:N:WNC,SECURITY:WNC:nasdaqtrader:N:WNC,,common_equity,eligible,N,,,12.56,14.05,,13212788.744920634,0.15948963317384823,84.70588235294119,7.811158798283269,13.768115942029002,10.6049822064057,47.59837457740347,277.0,full,usable,2026-08-14,conditional,76.0,100.0,,,67.0,82.0,62.0,100.0,2.2.0,c8f1bf1665a8c5dfb834c0571e7dd5f6b6e5ccd00eab00295338bd42cfde549b
WNEB,"Western New England Bancorp, Inc. - Common Stock",nasdaqtrader:Q:WNEB,SECURITY:WNEB:nasdaqtrader:Q:WNEB,,common_equity,eligible,Q,,,13.86,14.81,,719195.0989682539,-6.414584740040519,4.761904761904745,-0.4310344827586188,16.962025316455698,6.414584740040519,44.726731236262054,277.0,full,usable,2026-08-14,rejected,49.14,100.0,,,87.0,28.0,0.0,100.0,2.2.0,c8f1bf1665a8c5dfb834c0571e7dd5f6b6e5ccd00eab00295338bd42cfde549b
WNW,Meiwu Technology Company Limited - Ordinary Shares,nasdaqtrader:Q:WNW,SECURITY:WNW:nasdaqtrader:Q:WNW,,common_equity,eligible,Q,,,2.56,280.4,,6354614.664920635,-24.26035502958579,-20.496894409937894,-98.25850340136054,-98.57777777777777,99.0870185449358,102.72687822064906,277.0,full,usable,2026-08-14,conditional,44.57,100.0,,,22.0,30.0,62.0,100.0,2.2.0,c8f1bf1665a8c5dfb834c0571e7dd5f6b6e5ccd00eab00295338bd42cfde549b
WOK,WORK Medical Technology Group LTD - Class A Ordinary Shares,nasdaqtrader:Q:WOK,NAMECLASS:WORK MEDICAL TECHNOLOGY GROUP LTD,,common_equity,eligible,Q,,,2.22,912000.00002139,,8109764.634603175,7.246376811594213,-98.29230769230769,-98.56774193548387,-99.99971556694427,99.99975657894737,88.78295649952112,277.0,full,usable,2026-08-14,conditional,38.29,100.0,,,0.0,30.0,62.0,100.0,2.2.0,c8f1bf1665a8c5dfb834c0571e7dd5f6b6e5ccd00eab00295338bd42cfde549b
WOLF,"Wolfspeed, Inc. Common Stock New",nasdaqtrader:N:WOLF,SECURITY:WOLF:nasdaqtrader:N:WOLF,,common_equity,eligible,N,,,31.79,73.5,,285225299.3971429,1.956382296343806,-54.55974842767295,98.6875,2308.333333333333,56.74829931972789,128.02312318818457,277.0,full,usable,2026-08-14,conditional,79.86,100.0,,,73.0,70.0,92.0,100.0,2.2.0,c8f1bf1665a8c5dfb834c0571e7dd5f6b6e5ccd00eab00295338bd42cfde549b
WOOF,"Petco Health and Wellness Company, Inc. - Class A Common Stock",nasdaqtrader:Q:WOOF,NAMECLASS:PETCO HEALTH AND WELLNESS COMPANY INC,,common_equity,eligible,Q,,,2.82,3.99,,5313875.829603175,5.617977528089879,8.880308880308885,16.528925619834702,-21.00840336134454,29.323308270676694,42.83617513623723,277.0,full,usable,2026-08-14,conditional,75.0,100.0,,,51.0,92.0,62.0,100.0,2.2.0,c8f1bf1665a8c5dfb834c0571e7dd5f6b6e5ccd00eab00295338bd42cfde549b
WOR,"Worthington Enterprises, Inc. Common Shares",nasdaqtrader:N:WOR,SECURITY:WOR:nasdaqtrader:N:WOR,,common_equity,eligible,N,,,58.66,67.39,,13953301.728730159,3.5115581436385934,5.40880503144654,0.8770421324161726,-12.434691745036574,12.954444279566712,27.748155231445352,277.0,full,usable,2026-08-14,conditional,74.29,100.0,,,61.0,82.0,62.0,100.0,2.2.0,c8f1bf1665a8c5dfb834c0571e7dd5f6b6e5ccd00eab00295338bd42cfde549b
WPC,W. P. Carey Inc. REIT,qrgf-resolution-required:N:WPC,SECURITY:WPC:qrgf-resolution-required:N:WPC,,common_equity,eligible,N,,,71.62,76.71,,110640117.35571428,-4.659211927582529,-2.809065002035549,-2.024623803009562,8.960900654191395,6.635380002607205,18.75202207352661,277.0,full,usable,2026-08-14,conditional,66.57,100.0,,,79.0,28.0,92.0,100.0,2.2.0,c8f1bf1665a8c5dfb834c0571e7dd5f6b6e5ccd00eab00295338bd42cfde549b
WPM,Wheaton Precious Metals Corp Common Shares (Canada),nasdaqtrader:N:WPM,SECURITY:WPM:nasdaqtrader:N:WPM,,common_equity,eligible,N,,,134.21,165.72,,234770295.8495238,28.738609112709845,-3.6263104983484062,-3.5639864913415087,41.09545836837678,19.013999517258018,45.320148184747524,277.0,full,usable,2026-08-14,conditional,88.14,100.0,,,87.0,82.0,92.0,100.0,2.2.0,c8f1bf1665a8c5dfb834c0571e7dd5f6b6e5ccd00eab00295338bd42cfde549b
WPP,WPP plc American Depositary Shares,nasdaqtrader:N:WPP,SECURITY:WPP:nasdaqtrader:N:WPP,,adr,eligible,N,,,26.91,27.55,,10299349.656666666,38.070805541303244,56.181079512478235,51.01010101010102,7.168458781362008,2.323049001814881,83.48456742603861,277.0,full,usable,2026-08-14,conditional,47.43,100.0,,,57.0,10.0,62.0,100.0,2.2.0,c8f1bf1665a8c5dfb834c0571e7dd5f6b6e5ccd00eab00295338bd42cfde549b
WPRT,Westport Fuel Systems Inc - Common Shares,nasdaqtrader:Q:WPRT,SECURITY:WPRT:nasdaqtrader:Q:WPRT,,common_equity,eligible,Q,,,1.76,2.98,,2313643.6619841265,-7.853403141361248,-11.77944862155389,-7.36842105263158,-46.25954198473282,40.93959731543624,53.57458232662932,277.0,full,usable,2026-08-14,conditional,77.0,100.0,,,67.0,95.0,45.0,100.0,2.2.0,c8f1bf1665a8c5dfb834c0571e7dd5f6b6e5ccd00eab00295338bd42cfde549b
WRAP,"Wrap Technologies, Inc. - Common Stock",nasdaqtrader:Q:WRAP,SECURITY:WRAP:nasdaqtrader:Q:WRAP,,common_equity,eligible,Q,,,1.88,3.1,,3718060.4817460314,-14.155251141552515,13.939393939393941,10.588235294117654,32.3943661971831,39.35483870967742,152.74116216322463,277.0,full,usable,2026-08-14,conditional,79.29,100.0,,,75.0,95.0,45.0,100.0,2.2.0,c8f1bf1665a8c5dfb834c0571e7dd5f6b6e5ccd00eab00295338bd42cfde549b
WRB,W.R. Berkley Corporation Common Stock,nasdaqtrader:N:WRB,SECURITY:WRB:nasdaqtrader:N:WRB,,common_equity,eligible,N,,,70.51,78.46,,146833482.61666667,0.8726752503576574,6.784794790246873,-1.591067690160508,-1.1772950245269698,10.13255161865918,23.050546120535643,277.0,full,usable,2026-08-14,conditional,80.71,100.0,,,61.0,82.0,92.0,100.0,2.2.0,c8f1bf1665a8c5dfb834c0571e7dd5f6b6e5ccd00eab00295338bd42cfde549b
WRBY,Warby Parker Inc. Class A Common Stock,nasdaqtrader:N:WRBY,NAMECLASS:WARBY PARKER INC,,common_equity,eligible,N,,,25.91,30.34,,84739916.54746032,-6.089162740123233,-10.346020761245667,21.244735610669153,-3.35695635956732,14.601186552406064,55.99830539481516,277.0,full,usable,2026-08-14,conditional,78.71,100.0,,,63.0,82.0,80.0,100.0,2.2.0,c8f1bf1665a8c5dfb834c0571e7dd5f6b6e5ccd00eab00295338bd42cfde549b
WRD,WeRide Inc. - American Depositary Shares,nasdaqtrader:Q:WRD,SECURITY:WRD:nasdaqtrader:Q:WRD,,adr,eligible,Q,,,5.85,12.38,,16869422.533174604,-4.87804878048782,-23.026315789473685,-21.581769436997323,-41.32397191574725,52.74636510500809,56.790380439820574,277.0,full,usable,2026-08-14,conditional,71.71,100.0,,,67.0,70.0,62.0,100.0,2.2.0,c8f1bf1665a8c5dfb834c0571e7dd5f6b6e5ccd00eab00295338bd42cfde549b
WRLD,World Acceptance Corporation - Common Stock,nasdaqtrader:Q:WRLD,SECURITY:WRLD:nasdaqtrader:Q:WRLD,,common_equity,eligible,Q,,,194.75,223.83,,24210278.553015873,-0.30203747312378404,29.582806573957022,52.291210509852995,13.042721151613645,12.99200285931288,51.21626805852976,277.0,full,usable,2026-08-14,conditional,73.14,100.0,,,57.0,82.0,62.0,100.0,2.2.0,c8f1bf1665a8c5dfb834c0571e7dd5f6b6e5ccd00eab00295338bd42cfde549b
WRN,Western Copper and Gold Corporation Common Stock,nasdaqtrader:A:WRN,SECURITY:WRN:nasdaqtrader:A:WRN,,common_equity,eligible,A,,,2.4,4.05,,4081274.706825397,15.94202898550725,-19.191919191919204,-20.529801324503318,93.54838709677418,40.74074074074075,48.526242764766906,277.0,full,usable,2026-08-14,conditional,85.0,100.0,,,95.0,95.0,45.0,100.0,2.2.0,c8f1bf1665a8c5dfb834c0571e7dd5f6b6e5ccd00eab00295338bd42cfde549b
WS,"Worthington Steel, Inc. Common Shares",nasdaqtrader:N:WS,SECURITY:WS:nasdaqtrader:N:WS,,common_equity,eligible,N,,,37.94,48.69,,10681159.34142857,8.029612756264237,-6.689621249385147,-18.513745704467365,15.88271227855833,22.07845553501746,34.664801557040185,277.0,full,usable,2026-08-14,conditional,85.29,100.0,,,87.0,92.0,62.0,100.0,2.2.0,c8f1bf1665a8c5dfb834c0571e7dd5f6b6e5ccd00eab00295338bd42cfde549b
WSBC,"WesBanco, Inc. - Common Stock",nasdaqtrader:Q:WSBC,SECURITY:WSBC:nasdaqtrader:Q:WSBC,,common_equity,eligible,Q,,,42.69,42.7,,48658415.28246032,3.666828557552204,28.1981981981982,16.51200873362444,36.651728553137005,0.02341920374708817,22.396963110762062,277.0,full,usable,2026-08-14,conditional,53.57,100.0,,,65.0,10.0,80.0,100.0,2.2.0,c8f1bf1665a8c5dfb834c0571e7dd5f6b6e5ccd00eab00295338bd42cfde549b
WSBF,"Waterstone Financial, Inc. - Common Stock",nasdaqtrader:Q:WSBF,SECURITY:WSBF:nasdaqtrader:Q:WSBF,,common_equity,eligible,Q,,,21.26,21.41,,1380515.0507936508,6.4064064064064175,16.941694169416955,17.914586799778153,49.40267041461701,0.7006071929005042,22.655991981729358,277.0,full,usable,2026-08-14,rejected,36.43,100.0,,,65.0,10.0,0.0,100.0,2.2.0,c8f1bf1665a8c5dfb834c0571e7dd5f6b6e5ccd00eab00295338bd42cfde549b
WSBK,"Winchester Bancorp, Inc. - Common Stock",nasdaqtrader:Q:WSBK,SECURITY:WSBK:nasdaqtrader:Q:WSBK,,common_equity,eligible,Q,,,13.0,13.265,,91135.13641269841,-0.3831417624521105,1.9607843137254832,3.1746031746031855,41.15092290988056,1.9977384093479156,5.898280741325947,277.0,full,usable,2026-08-14,rejected,42.71,100.0,,,87.0,10.0,0.0,100.0,2.2.0,c8f1bf1665a8c5dfb834c0571e7dd5f6b6e5ccd00eab00295338bd42cfde549b
WSC,WillScot Holdings Corporation - Class A Common Stock,nasdaqtrader:Q:WSC,NAMECLASS:WILLSCOT HOLDINGS CORPORATION,,common_equity,eligible,Q,,,23.76,29.07,,57979627.07531746,-11.836734693877538,-9.070034443168762,11.969839773798308,-7.1512309495896815,18.26625386996904,48.90890736345646,277.0,full,usable,2026-08-14,conditional,81.57,100.0,,,73.0,82.0,80.0,100.0,2.2.0,c8f1bf1665a8c5dfb834c0571e7dd5f6b6e5ccd00eab00295338bd42cfde549b
WSE,Wise Group plc - Class A Ordinary Shares,nasdaqtrader:Q:WSE,NAMECLASS:WISE GROUP PLC,,common_equity,eligible,Q,,,13.09,15.4,,16874308.38373016,1.3157894736842035,-1.9475655430711614,,,15.000000000000002,39.76070193532527,67.0,insufficient,usable,2026-08-14,recheck,,71.43,,,,82.0,62.0,88.0,2.2.0,c8f1bf1665a8c5dfb834c0571e7dd5f6b6e5ccd00eab00295338bd42cfde549b
WSFS,WSFS Financial Corporation - Common Stock,nasdaqtrader:Q:WSFS,SECURITY:WSFS:nasdaqtrader:Q:WSFS,,common_equity,eligible,Q,,,81.66,82.29,,34845524.56793651,1.7823756699488769,15.747696669029065,22.778529544429404,45.147529328119454,0.7655851257747148,17.540446268179764,277.0,full,usable,2026-08-14,conditional,53.57,100.0,,,65.0,10.0,80.0,100.0,2.2.0,c8f1bf1665a8c5dfb834c0571e7dd5f6b6e5ccd00eab00295338bd42cfde549b
WSHP,WeShop Holdings Limited - Class A Ordinary Shares,nasdaqtrader:Q:WSHP,NAMECLASS:WESHOP HOLDINGS LIMITED,,common_equity,eligible,Q,,,4.88,200.0,,2080365.8349206347,1.2448132780082943,-30.58321479374111,-86.63013698630138,,97.56,102.93124724402477,187.0,limited_but_usable,usable,2026-08-14,conditional,44.36,100.0,,,34.0,30.0,45.0,100.0,2.2.0,c8f1bf1665a8c5dfb834c0571e7dd5f6b6e5ccd00eab00295338bd42cfde549b
WSM,"Williams-Sonoma, Inc. Common Stock (DE)",nasdaqtrader:N:WSM,SECURITY:WSM:nasdaqtrader:N:WSM,,common_equity,eligible,N,,,241.58,251.78,,248481644.67698413,5.77984061651633,39.11891736251081,16.823830939600583,14.928639391056153,4.051155770911108,30.738851744679497,277.0,full,usable,2026-08-14,conditional,53.86,100.0,,,57.0,10.0,92.0,100.0,2.2.0,c8f1bf1665a8c5dfb834c0571e7dd5f6b6e5ccd00eab00295338bd42cfde549b
WSO,"Watsco, Inc. Common Stock",nasdaqtrader:N:WSO,SECURITY:WSO:nasdaqtrader:N:WSO,,common_equity,eligible,N,,,313.06,456.86,,153830394.9568254,-18.719493197632154,-24.759661603537776,-24.576577444768354,-27.62957140875676,31.47572560521823,51.33155082985876,277.0,full,usable,2026-08-14,conditional,86.0,100.0,,,67.0,92.0,92.0,100.0,2.2.0,c8f1bf1665a8c5dfb834c0571e7dd5f6b6e5ccd00eab00295338bd42cfde549b
WSO.B,"Watsco, Inc. Class B Common Stock",nasdaqtrader:N:WSO.B,NAMECLASS:WATSCO INC,,common_equity,eligible,N,,,328.83,453.37,,14419.007460317462,-14.589610389610396,-27.46983699847807,-21.567084078711986,-24.376473293853852,27.46983699847807,52.49922375486265,277.0,full,usable,2026-08-14,rejected,68.0,100.0,,,73.0,92.0,0.0,100.0,2.2.0,c8f1bf1665a8c5dfb834c0571e7dd5f6b6e5ccd00eab00295338bd42cfde549b
WST,"West Pharmaceutical Services, Inc. Common Stock",nasdaqtrader:N:WST,SECURITY:WST:nasdaqtrader:N:WST,,common_equity,eligible,N,,,349.42,365.74,,255886791.7736508,-3.59231872861715,16.39961357806723,43.43417757891712,41.913735683535045,4.462186252529121,29.523205540591942,277.0,full,usable,2026-08-14,conditional,56.14,100.0,,,65.0,10.0,92.0,100.0,2.2.0,c8f1bf1665a8c5dfb834c0571e7dd5f6b6e5ccd00eab00295338bd42cfde549b
WT,"WisdomTree, Inc. Common Stock",nasdaqtrader:N:WT,SECURITY:WT:nasdaqtrader:N:WT,,common_equity,eligible,N,,,22.81,22.81,,54812083.75793651,13.144841269841256,15.143866733972743,39.68156766687079,67.72058823529412,0.0,49.52136335541968,277.0,full,usable,2026-08-14,conditional,55.86,100.0,,,73.0,10.0,80.0,100.0,2.2.0,c8f1bf1665a8c5dfb834c0571e7dd5f6b6e5ccd00eab00295338bd42cfde549b
WTBA,West Bancorporation - Common Stock,nasdaqtrader:Q:WTBA,SECURITY:WTBA:nasdaqtrader:Q:WTBA,,common_equity,eligible,Q,,,29.83,30.0,,1803748.821904762,8.04056501267656,28.24591573516766,15.709852598913866,56.67016806722689,0.5666666666666709,20.288726556287322,277.0,full,usable,2026-08-14,rejected,38.71,100.0,,,73.0,10.0,0.0,100.0,2.2.0,c8f1bf1665a8c5dfb834c0571e7dd5f6b6e5ccd00eab00295338bd42cfde549b
WTF,Waton Financial Limited - Ordinary Shares,nasdaqtrader:Q:WTF,SECURITY:WTF:nasdaqtrader:Q:WTF,,common_equity,eligible,Q,,,2.93,7.1,,301697.0439507936,-2.3333333333333317,-12.797619047619035,-18.384401114206117,-34.009009009009006,58.73239436619717,66.20825031085963,277.0,full,usable,2026-08-14,rejected,58.43,100.0,,,67.0,70.0,0.0,100.0,2.2.0,c8f1bf1665a8c5dfb834c0571e7dd5f6b6e5ccd00eab00295338bd42cfde549b
WTFC,Wintrust Financial Corporation - Common Stock,nasdaqtrader:Q:WTFC,SECURITY:WTFC:nasdaqtrader:Q:WTFC,,common_equity,eligible,Q,,,162.47,166.9,,90860383.03547618,-2.654284002396645,10.908594443306697,7.924804038793676,26.485013623978215,2.654284002396645,18.809881932700677,277.0,full,usable,2026-08-14,conditional,56.43,100.0,,,75.0,10.0,80.0,100.0,2.2.0,c8f1bf1665a8c5dfb834c0571e7dd5f6b6e5ccd00eab00295338bd42cfde549b
WTI,"W&T Offshore, Inc. Common Stock",nasdaqtrader:N:WTI,SECURITY:WTI:nasdaqtrader:N:WTI,,common_equity,eligible,N,,,3.67,4.91,,17985667.35095238,10.210210210210203,-17.52808988764045,56.837606837606835,109.7142857142857,25.254582484725052,77.85169421073464,277.0,full,usable,2026-08-14,conditional,84.71,100.0,,,85.0,92.0,62.0,100.0,2.2.0,c8f1bf1665a8c5dfb834c0571e7dd5f6b6e5ccd00eab00295338bd42cfde549b
WTM,"White Mountains Insurance Group, Ltd. Common Stock",nasdaqtrader:N:WTM,SECURITY:WTM:nasdaqtrader:N:WTM,,common_equity,eligible,N,,,2137.12,2319.41,,43862352.87603175,-2.70250582750583,1.1549093112196651,-2.0572774643562775,14.296104951840016,7.859326294186886,16.133719126157548,277.0,full,usable,2026-08-14,conditional,64.0,100.0,,,79.0,28.0,80.0,100.0,2.2.0,c8f1bf1665a8c5dfb834c0571e7dd5f6b6e5ccd00eab00295338bd42cfde549b
WTRG,"Essential Utilities, Inc. Common Stock",nasdaqtrader:N:WTRG,SECURITY:WTRG:nasdaqtrader:N:WTRG,,common_equity,eligible,N,,,40.38,41.93,,75289296.09968254,2.3055485178616664,7.651292988536396,4.6656298600311175,3.0890988001021302,3.6966372525637947,21.8137993565728,277.0,full,usable,2026-08-14,conditional,54.14,100.0,,,67.0,10.0,80.0,100.0,2.2.0,c8f1bf1665a8c5dfb834c0571e7dd5f6b6e5ccd00eab00295338bd42cfde549b
WTS,"Watts Water Technologies, Inc. Class A Common Stock",nasdaqtrader:N:WTS,NAMECLASS:WATTS WATER TECHNOLOGIES INC,,common_equity,eligible,N,,,384.42,392.23,,121427445.53714286,8.777589134125652,27.557487473869323,14.349455648759601,38.64464240631877,1.9911786451826785,27.893575674662912,277.0,full,usable,2026-08-14,conditional,59.0,100.0,,,75.0,10.0,92.0,100.0,2.2.0,c8f1bf1665a8c5dfb834c0571e7dd5f6b6e5ccd00eab00295338bd42cfde549b
WTTR,"Select Water Solutions, Inc. Class A common stock",nasdaqtrader:N:WTTR,NAMECLASS:SELECT WATER SOLUTIONS INC,,common_equity,eligible,N,,,20.86,22.26,,36066813.497301586,5.141129032258052,12.150537634408586,68.90688259109312,150.1199040767386,6.289308176100638,71.19995447519615,277.0,full,usable,2026-08-14,conditional,62.29,100.0,,,73.0,28.0,80.0,100.0,2.2.0,c8f1bf1665a8c5dfb834c0571e7dd5f6b6e5ccd00eab00295338bd42cfde549b
WTW,Willis Towers Watson Public Limited Company - Ordinary Shares,nasdaqtrader:Q:WTW,SECURITY:WTW:nasdaqtrader:Q:WTW,,common_equity,eligible,Q,,,331.59,349.93,,183697419.0990476,12.659260014269691,33.900016152479395,17.177892430560448,-0.9262302429113523,5.24104820964194,29.96360126412037,277.0,full,usable,2026-08-14,conditional,58.57,100.0,,,51.0,28.0,92.0,100.0,2.2.0,c8f1bf1665a8c5dfb834c0571e7dd5f6b6e5ccd00eab00295338bd42cfde549b
WU,Western Union Company (The) Common Stock,nasdaqtrader:N:WU,SECURITY:WU:nasdaqtrader:N:WU,,common_equity,eligible,N,,,7.45,10.28,,75038804.57285714,-10.67146282973621,-10.348977135980753,-24.057084607543324,-12.352941176470589,27.529182879377423,74.1253404884846,277.0,full,usable,2026-08-14,conditional,85.14,100.0,,,73.0,92.0,80.0,100.0,2.2.0,c8f1bf1665a8c5dfb834c0571e7dd5f6b6e5ccd00eab00295338bd42cfde549b
WULF,TeraWulf Inc. - Common Stock,nasdaqtrader:Q:WULF,SECURITY:WULF:nasdaqtrader:Q:WULF,,common_equity,eligible,Q,,,17.38,28.98,,700513024.1907936,-3.3370411568409475,-28.092676872155575,9.239472030169704,218.3150183150183,40.02760524499656,101.50666258481837,277.0,full,usable,2026-08-14,conditional,96.79,100.0,,,95.0,95.0,100.0,100.0,2.2.0,c8f1bf1665a8c5dfb834c0571e7dd5f6b6e5ccd00eab00295338bd42cfde549b
WVE,"Wave Life Sciences, Inc. - Common Stock",nasdaqtrader:Q:WVE,SECURITY:WVE:nasdaqtrader:Q:WVE,,common_equity,eligible,Q,,,5.41,21.31,,19416490.384126984,-4.5855379188712515,-21.59420289855073,-57.73437500000001,-38.24200913242009,74.61285781323322,67.09487117383131,277.0,full,usable,2026-08-14,conditional,54.57,100.0,,,57.0,30.0,62.0,100.0,2.2.0,c8f1bf1665a8c5dfb834c0571e7dd5f6b6e5ccd00eab00295338bd42cfde549b
WVVI,"Willamette Valley Vineyards, Inc. - Common Stock",nasdaqtrader:Q:WVVI,SECURITY:WVVI:nasdaqtrader:Q:WVVI,,common_equity,eligible,Q,,,2.302,5.08,,22563.562142857143,-15.677655677655677,-21.16438356164383,-9.725490196078423,-51.53684210526316,54.685039370078734,49.80444858510306,277.0,full,usable,2026-08-14,rejected,58.43,100.0,,,67.0,70.0,0.0,100.0,2.2.0,c8f1bf1665a8c5dfb834c0571e7dd5f6b6e5ccd00eab00295338bd42cfde549b
WW,"WW International, Inc.  - Common Stock",nasdaqtrader:Q:WW,SECURITY:WW:nasdaqtrader:Q:WW,,common_equity,eligible,Q,,,14.06,34.92,,3383383.3263492063,-5.447209145931398,27.586206896551737,-38.8695652173913,-57.68883538970808,59.73654066437572,84.9671665224765,277.0,full,usable,2026-08-14,conditional,64.64,100.0,,,55.0,70.0,45.0,100.0,2.2.0,c8f1bf1665a8c5dfb834c0571e7dd5f6b6e5ccd00eab00295338bd42cfde549b
WWD,"Woodward, Inc. - Common Stock",nasdaqtrader:Q:WWD,SECURITY:WWD:nasdaqtrader:Q:WWD,,common_equity,eligible,Q,,,370.56,436.44,,294856992.45920634,-5.977874758956658,1.409375769683363,-2.594432615724318,50.109373734100295,15.094858399780042,41.03728281443612,277.0,full,usable,2026-08-14,conditional,90.43,100.0,,,95.0,82.0,92.0,100.0,2.2.0,c8f1bf1665a8c5dfb834c0571e7dd5f6b6e5ccd00eab00295338bd42cfde549b
WWR,"Westwater Resources, Inc. Common Stock",nasdaqtrader:A:WWR,SECURITY:WWR:nasdaqtrader:A:WWR,,common_equity,eligible,A,,,0.5655,3.48,,2324504.0782809523,33.84615384615386,-9.025096525096533,-34.16763678696159,-22.534246575342465,83.75,203.01430182444716,277.0,full,usable,2026-08-14,conditional,55.5,100.0,,,73.0,30.0,45.0,100.0,2.2.0,c8f1bf1665a8c5dfb834c0571e7dd5f6b6e5ccd00eab00295338bd42cfde549b
WWW,"Wolverine World Wide, Inc. Common Stock",nasdaqtrader:N:WWW,SECURITY:WWW:nasdaqtrader:N:WWW,,common_equity,eligible,N,,,21.03,32.4,,17476327.113809526,12.279765082754945,38.173455978975035,18.612521150592222,-26.3913195659783,35.09259259259259,55.73021422172163,277.0,full,usable,2026-08-14,conditional,74.36,100.0,,,45.0,95.0,62.0,100.0,2.2.0,c8f1bf1665a8c5dfb834c0571e7dd5f6b6e5ccd00eab00295338bd42cfde549b
WXM,WF International Limited - Ordinary Shares,nasdaqtrader:Q:WXM,SECURITY:WXM:nasdaqtrader:Q:WXM,,common_equity,eligible,Q,,,5.0,39.0,,5802081.261679365,54.79876160990713,-5.231235784685362,-0.9508716323296418,-84.10174880763115,87.17948717948718,280.3655394789751,277.0,full,usable,2026-08-14,conditional,51.71,100.0,,,47.0,30.0,62.0,100.0,2.2.0,c8f1bf1665a8c5dfb834c0571e7dd5f6b6e5ccd00eab00295338bd42cfde549b
WY,Weyerhaeuser Company Common Stock,nasdaqtrader:N:WY,SECURITY:WY:nasdaqtrader:N:WY,,common_equity,eligible,N,,,24.56,27.1,,133987592.67793651,0.44989775051125225,5.1820128479657335,-9.171597633136097,-7.004922377887168,9.372693726937275,33.416658610244696,277.0,full,usable,2026-08-14,conditional,80.71,100.0,,,61.0,82.0,92.0,100.0,2.2.0,c8f1bf1665a8c5dfb834c0571e7dd5f6b6e5ccd00eab00295338bd42cfde549b
WYFI,"WhiteFiber, Inc. - Ordinary Shares",nasdaqtrader:Q:WYFI,SECURITY:WYFI:nasdaqtrader:Q:WYFI,,common_equity,eligible,Q,,,29.52,44.77,,72818573.16253968,14.41860465116278,-1.5671890630210017,62.28697086311159,70.43879907621246,34.062988608443156,143.09907853295928,257.0,full,usable,2026-08-14,conditional,88.57,100.0,,,85.0,92.0,80.0,100.0,2.2.0,c8f1bf1665a8c5dfb834c0571e7dd5f6b6e5ccd00eab00295338bd42cfde549b
WYHG,Wing Yip Food Holdings Group Limited - American Depositary Shares,nasdaqtrader:Q:WYHG,SECURITY:WYHG:nasdaqtrader:Q:WYHG,,adr,eligible,Q,,,5.18,9.83,,12285122.397266665,11.99999999999999,60.07416563658836,182.13507625272328,-7.499999999999996,47.304170905391665,426.64492654821294,277.0,full,usable,2026-08-14,conditional,76.07,100.0,,,51.0,95.0,62.0,100.0,2.2.0,c8f1bf1665a8c5dfb834c0571e7dd5f6b6e5ccd00eab00295338bd42cfde549b
WYNN,"Wynn Resorts, Limited - Common Stock",nasdaqtrader:Q:WYNN,SECURITY:WYNN:nasdaqtrader:Q:WYNN,,common_equity,eligible,Q,,,102.53,133.34,,148086769.10857144,4.505147283661204,7.440008383108032,-4.932777005099664,-8.30799499195134,23.106344682765865,23.29935321706771,277.0,full,usable,2026-08-14,conditional,84.29,100.0,,,61.0,92.0,92.0,100.0,2.2.0,c8f1bf1665a8c5dfb834c0571e7dd5f6b6e5ccd00eab00295338bd42cfde549b
WYY,WidePoint Corporation Common Stock,nasdaqtrader:A:WYY,SECURITY:WYY:nasdaqtrader:A:WYY,,common_equity,eligible,A,,,9.45,20.2,,4763973.725555555,-22.66775777414076,5.23385300668151,94.04517453798766,150.66312997347478,53.21782178217822,87.82634240415673,277.0,full,usable,2026-08-14,conditional,69.79,100.0,,,73.0,70.0,45.0,100.0,2.2.0,c8f1bf1665a8c5dfb834c0571e7dd5f6b6e5ccd00eab00295338bd42cfde549b
XAIR,"Beyond Air, Inc. - Common Stock",nasdaqtrader:Q:XAIR,SECURITY:XAIR:nasdaqtrader:Q:XAIR,,common_equity,eligible,Q,,,6.315,66.2,,176856.9324920635,13.783783783783798,-32.81914893617021,-69.04411764705883,-87.11224489795917,90.4607250755287,125.03851034873887,277.0,full,usable,2026-08-14,rejected,35.57,100.0,,,37.0,30.0,0.0,100.0,2.2.0,c8f1bf1665a8c5dfb834c0571e7dd5f6b6e5ccd00eab00295338bd42cfde549b
XBI,State Street SPDR S&P Biotech ETF,US:XBI,SECURITY:XBI:US:XBI,,etf,eligible,P,,,157.41,164.28,,1297640899.5179365,3.5592105263157814,16.729699666295893,27.788602045786636,75.8378016085791,4.181884587289996,26.125374011524077,277.0,full,usable,2026-08-14,conditional,60.14,100.0,,,73.0,10.0,100.0,100.0,2.2.0,c8f1bf1665a8c5dfb834c0571e7dd5f6b6e5ccd00eab00295338bd42cfde549b
XBIO,"Xenetic Biosciences, Inc. - Common Stock",nasdaqtrader:Q:XBIO,SECURITY:XBIO:nasdaqtrader:Q:XBIO,,common_equity,eligible,Q,,,3.28,10.36,,100207.42517301587,16.725978647686834,5.466237942122176,37.23849372384935,9.698996655518389,68.33976833976834,60.20379430093708,277.0,full,usable,2026-08-14,rejected,41.29,100.0,,,57.0,30.0,0.0,100.0,2.2.0,c8f1bf1665a8c5dfb834c0571e7dd5f6b6e5ccd00eab00295338bd42cfde549b
XBIT,XBiotech Inc. - Common Stock,nasdaqtrader:Q:XBIT,SECURITY:XBIT:nasdaqtrader:Q:XBIT,,common_equity,eligible,Q,,,2.3,3.5,,78471.47190476191,0.4366812227074135,-8.000000000000007,-2.9535864978903037,-26.751592356687905,34.285714285714285,31.202623416723803,277.0,full,usable,2026-08-14,rejected,66.29,100.0,,,67.0,92.0,0.0,100.0,2.2.0,c8f1bf1665a8c5dfb834c0571e7dd5f6b6e5ccd00eab00295338bd42cfde549b
XBP,"XBP Global Holdings, Inc. - Common Stock",nasdaqtrader:Q:XBP,SECURITY:XBP:nasdaqtrader:Q:XBP,,common_equity,eligible,Q,,,2.815,12.8,,50638.66506825397,1.9927536231884035,20.299145299145295,-60.18387553041018,-37.527740790057706,78.0078125,88.79204480619035,277.0,full,usable,2026-08-14,rejected,37.86,100.0,,,45.0,30.0,0.0,100.0,2.2.0,c8f1bf1665a8c5dfb834c0571e7dd5f6b6e5ccd00eab00295338bd42cfde549b
XE,"X-Energy, Inc. - Class A Common Stock",nasdaqtrader:Q:XE,NAMECLASS:X ENERGY INC,,common_equity,eligible,Q,,,20.975,35.98,,101124282.64523809,51.66305133767173,-28.315105946684895,,,41.70372429127293,102.48640749020832,78.0,insufficient,usable,2026-08-14,recheck,,71.43,,,,95.0,92.0,88.0,2.2.0,c8f1bf1665a8c5dfb834c0571e7dd5f6b6e5ccd00eab00295338bd42cfde549b
XEL,Xcel Energy Inc. - Common Stock,nasdaqtrader:Q:XEL,SECURITY:XEL:nasdaqtrader:Q:XEL,,common_equity,eligible,Q,,,79.17,83.91,,432872930.4369841,-1.0127531882970775,-1.0745970261152094,0.24056723221068665,8.571036752605599,5.648909545942072,16.653505733041968,277.0,full,usable,2026-08-14,conditional,66.57,100.0,,,79.0,28.0,92.0,100.0,2.2.0,c8f1bf1665a8c5dfb834c0571e7dd5f6b6e5ccd00eab00295338bd42cfde549b
XELB,"Xcel Brands, Inc - Common Stock",nasdaqtrader:Q:XELB,SECURITY:XELB:nasdaqtrader:Q:XELB,,common_equity,eligible,Q,,,0.94,7.14,,712240.1608761905,-32.37410071942446,-56.27906976744186,-45.66473988439307,-71.77177177177178,86.83473389355743,87.6383414581561,277.0,full,usable,2026-08-14,rejected,35.0,100.0,,,35.0,30.0,0.0,100.0,2.2.0,c8f1bf1665a8c5dfb834c0571e7dd5f6b6e5ccd00eab00295338bd42cfde549b
XENE,Xenon Pharmaceuticals Inc. - Common Shares,nasdaqtrader:Q:XENE,SECURITY:XENE:nasdaqtrader:Q:XENE,,common_equity,eligible,Q,,,62.35,70.96,,78810993.51095237,-6.912511197372351,11.339285714285708,49.80778471888516,65.51632598885053,12.1335963923337,42.58187772798938,277.0,full,usable,2026-08-14,conditional,81.57,100.0,,,73.0,82.0,80.0,100.0,2.2.0,c8f1bf1665a8c5dfb834c0571e7dd5f6b6e5ccd00eab00295338bd42cfde549b
XERS,"Xeris Biopharma Holdings, Inc. - Common Stock",nasdaqtrader:Q:XERS,SECURITY:XERS:nasdaqtrader:Q:XERS,,common_equity,eligible,Q,,,8.6,9.9,,14021526.016825398,-1.0356731875719172,34.7962382445141,24.45730824891461,18.13186813186811,13.131313131313139,54.641291999565624,277.0,full,usable,2026-08-14,conditional,75.43,100.0,,,65.0,82.0,62.0,100.0,2.2.0,c8f1bf1665a8c5dfb834c0571e7dd5f6b6e5ccd00eab00295338bd42cfde549b
XFLH,XFLH Capital Corporation Ordinary Shares,nasdaqtrader:N:XFLH,SECURITY:XFLH:nasdaqtrader:N:XFLH,,common_equity,eligible,N,,,9.98,10.225,,78953.81793333334,-0.39920159680637557,0.3015075376884502,,,2.3960880195598944,3.080019260846707,111.0,insufficient,usable,2026-08-14,rejected,,71.43,,,,10.0,0.0,88.0,2.2.0,c8f1bf1665a8c5dfb834c0571e7dd5f6b6e5ccd00eab00295338bd42cfde549b
XFLT,XAI Floating Rate & Alternative Income Trust Common Shares of Beneficial Interest,nasdaqtrader:N:XFLT,SECURITY:XFLT:nasdaqtrader:N:XFLT,,common_equity,eligible,N,,,19.28,28.5,,1563898.1488730158,10.677382319173368,-1.0266940451745366,-5.721271393643024,-30.52252252252252,32.35087719298245,20.189455144395456,277.0,full,usable,2026-08-14,rejected,66.29,100.0,,,67.0,92.0,0.0,100.0,2.2.0,c8f1bf1665a8c5dfb834c0571e7dd5f6b6e5ccd00eab00295338bd42cfde549b
XFOR,"X4 Pharmaceuticals, Inc. - Common Stock",nasdaqtrader:Q:XFOR,SECURITY:XFOR:nasdaqtrader:Q:XFOR,,common_equity,eligible,Q,,,4.22,4.67,,2987258.445396825,10.182767624020883,5.499999999999994,25.222551928783375,44.0273037542662,9.63597430406853,68.6962683847527,277.0,full,usable,2026-08-14,conditional,71.79,100.0,,,65.0,82.0,45.0,100.0,2.2.0,c8f1bf1665a8c5dfb834c0571e7dd5f6b6e5ccd00eab00295338bd42cfde549b
XGN,Exagen Inc. - Common Stock,nasdaqtrader:Q:XGN,SECURITY:XGN:nasdaqtrader:Q:XGN,,common_equity,eligible,Q,,,6.66,11.96,,1776516.6621428572,56.70588235294118,72.98701298701297,105.55555555555554,-31.127197518097205,44.31438127090301,116.12492565327541,277.0,full,usable,2026-08-14,rejected,61.07,100.0,,,45.0,95.0,0.0,100.0,2.2.0,c8f1bf1665a8c5dfb834c0571e7dd5f6b6e5ccd00eab00295338bd42cfde549b
XHG,XChange TEC.INC - American Depositary Shares,nasdaqtrader:Q:XHG,SECURITY:XHG:nasdaqtrader:Q:XHG,,adr,eligible,Q,,,3.8,4.1,,5756532.934095238,346.95365796283227,276.2376237623762,336.78160919540227,214.04958677685948,7.317073170731703,442.40431999138235,277.0,full,usable,2026-08-14,conditional,58.43,100.0,,,73.0,28.0,62.0,100.0,2.2.0,c8f1bf1665a8c5dfb834c0571e7dd5f6b6e5ccd00eab00295338bd42cfde549b
XHLD,"TEN Holdings, Inc. - Common Stock",nasdaqtrader:Q:XHLD,SECURITY:XHLD:nasdaqtrader:Q:XHLD,,common_equity,eligible,Q,,,5.88,6.375,,9224302.850779366,192.53731343283587,292.0,179.99999999999997,5.546580506192789,7.76470588235294,437.95164213364774,277.0,full,usable,2026-08-14,conditional,53.86,100.0,,,57.0,28.0,62.0,100.0,2.2.0,c8f1bf1665a8c5dfb834c0571e7dd5f6b6e5ccd00eab00295338bd42cfde549b
XHR,"Xenia Hotels & Resorts, Inc. Common Stock",nasdaqtrader:N:XHR,SECURITY:XHR:nasdaqtrader:N:XHR,,common_equity,eligible,N,,,19.16,21.82,,15930064.366507936,-7.662650602409638,16.82926829268294,23.77260981912144,41.820873427091044,12.190650779101741,33.47943938963691,277.0,full,usable,2026-08-14,conditional,75.43,100.0,,,65.0,82.0,62.0,100.0,2.2.0,c8f1bf1665a8c5dfb834c0571e7dd5f6b6e5ccd00eab00295338bd42cfde549b
XIFR,"XPLR Infrastructure, LP Common Units representing limited partner interests",qrgf-resolution-required:N:XIFR,SECURITY:XIFR:qrgf-resolution-required:N:XIFR,,common_equity,eligible,N,,,11.75,12.88,,11686802.744285714,-3.530377668308704,2.441150828247607,10.328638497652577,22.77951933124347,8.773291925465843,41.24947123084223,277.0,full,usable,2026-08-14,conditional,81.71,100.0,,,87.0,82.0,62.0,100.0,2.2.0,c8f1bf1665a8c5dfb834c0571e7dd5f6b6e5ccd00eab00295338bd42cfde549b
