ticker,company,contract_id,issuer_id,issuer_cik,security_type,instrument_status,exchange,sector,industry,current_price,reference_52w_high,market_cap,avg_dollar_volume,return_1m_pct,return_3m_pct,return_6m_pct,return_12m_pct,drawdown_pct,historical_volatility_pct,trading_history_days,momentum_history_status,data_integrity_status,as_of,l2_status,l2_setup_score,l2_confidence_pct,l2_quality_prior_score,l2_room_to_target_score,setup_prior_growth,setup_pullback_geometry,setup_liquidity,setup_data_completeness,setup_model_version,l2_rules_hash
SRXH,SRX Global Inc. Common Stock,nasdaqtrader:A:SRXH,SECURITY:SRXH:nasdaqtrader:A:SRXH,,common_equity,eligible,A,,,1.81,34.98,,11879245.889968254,-8.121827411167503,-74.32624113475177,-76.37692508483424,-91.12745098039215,94.8256146369354,124.11408334387973,277.0,full,usable,2026-08-20,conditional,38.29,100.0,,,0.0,30.0,62.0,100.0,2.2.0,c8f1bf1665a8c5dfb834c0571e7dd5f6b6e5ccd00eab00295338bd42cfde549b
SRZN,"Surrozen, Inc. - Common Stock",nasdaqtrader:Q:SRZN,SECURITY:SRZN:nasdaqtrader:Q:SRZN,,common_equity,eligible,Q,,,23.5,34.13,,4456509.976349207,8.195211786372013,-13.123844731977819,-12.736724842183433,110.762331838565,31.145619689422798,72.97228399082091,277.0,full,usable,2026-08-20,conditional,83.93,100.0,,,95.0,92.0,45.0,100.0,2.2.0,c8f1bf1665a8c5dfb834c0571e7dd5f6b6e5ccd00eab00295338bd42cfde549b
SSB,SouthState Bank Corporation Common Stock,nasdaqtrader:N:SSB,SECURITY:SSB:nasdaqtrader:N:SSB,,common_equity,eligible,N,,,105.78,111.59,,84603998.67714286,3.513063900577351,11.865482233502544,2.0943924331628283,9.787234042553195,5.206559727574156,22.554891929645184,277.0,full,usable,2026-08-20,conditional,60.57,100.0,,,67.0,28.0,80.0,100.0,2.2.0,c8f1bf1665a8c5dfb834c0571e7dd5f6b6e5ccd00eab00295338bd42cfde549b
SSBI,Summit State Bank - Common Stock,nasdaqtrader:Q:SSBI,SECURITY:SSBI:nasdaqtrader:Q:SSBI,,common_equity,eligible,Q,,,12.79,14.0,,66489.74457301588,-3.106060606060612,-4.194756554307122,-6.9818181818181895,8.38983050847457,8.642857142857153,25.89823841854702,277.0,full,usable,2026-08-20,rejected,66.14,100.0,,,79.0,82.0,0.0,100.0,2.2.0,c8f1bf1665a8c5dfb834c0571e7dd5f6b6e5ccd00eab00295338bd42cfde549b
SSD,"Simpson Manufacturing Company, Inc. Common Stock",nasdaqtrader:N:SSD,SECURITY:SSD:nasdaqtrader:N:SSD,,common_equity,eligible,N,,,187.88,210.06,,59200070.51793651,0.5781584582440935,1.5567567567567497,-6.158533539783228,-2.099942681465272,10.558887936779971,31.787331161624177,277.0,full,usable,2026-08-20,conditional,81.57,100.0,,,73.0,82.0,80.0,100.0,2.2.0,c8f1bf1665a8c5dfb834c0571e7dd5f6b6e5ccd00eab00295338bd42cfde549b
SSII,SS Innovations International Inc. - Common Stock,nasdaqtrader:Q:SSII,SECURITY:SSII:nasdaqtrader:Q:SSII,,common_equity,eligible,Q,,,3.61,9.98,,249633.74984126983,0.8379888268156277,-8.491761723700886,-17.954545454545467,-45.38577912254161,63.827655310621246,55.295361371445516,277.0,full,usable,2026-08-20,rejected,58.43,100.0,,,67.0,70.0,0.0,100.0,2.2.0,c8f1bf1665a8c5dfb834c0571e7dd5f6b6e5ccd00eab00295338bd42cfde549b
SSL,Sasol Ltd. American Depositary Shares,nasdaqtrader:N:SSL,SECURITY:SSL:nasdaqtrader:N:SSL,,adr,eligible,N,,,12.27,14.29,,16229482.93111111,8.392226148409886,-5.832693783576359,38.64406779661016,106.91399662731871,14.13575927221833,42.40690958216034,277.0,full,usable,2026-08-20,conditional,81.14,100.0,,,85.0,82.0,62.0,100.0,2.2.0,c8f1bf1665a8c5dfb834c0571e7dd5f6b6e5ccd00eab00295338bd42cfde549b
SSM,Sono Group N.V. - Ordinary Shares,nasdaqtrader:Q:SSM,SECURITY:SSM:nasdaqtrader:Q:SSM,,common_equity,eligible,Q,,,2.64,14.47,,144413.7901904762,-34.164588528678294,-32.30769230769231,-63.58620689655172,,81.75535590877678,76.65081932515764,241.0,limited_but_usable,usable,2026-08-20,rejected,39.0,100.0,,,49.0,30.0,0.0,100.0,2.2.0,c8f1bf1665a8c5dfb834c0571e7dd5f6b6e5ccd00eab00295338bd42cfde549b
SSMR,Sunshine Silver Mining & Refining Company Common Stock,nasdaqtrader:N:SSMR,SECURITY:SSMR:nasdaqtrader:N:SSMR,,common_equity,eligible,N,,,17.45,17.45,,3741163.3607407403,16.64438502673795,,,,0.0,61.29455503461359,54.0,insufficient,usable,2026-08-20,recheck,,71.43,,,,10.0,45.0,76.0,2.2.0,c8f1bf1665a8c5dfb834c0571e7dd5f6b6e5ccd00eab00295338bd42cfde549b
SSNC,"SS&C Technologies Holdings, Inc. - Common Stock",nasdaqtrader:Q:SSNC,SECURITY:SSNC:nasdaqtrader:Q:SSNC,,common_equity,eligible,Q,,,82.12,90.2,,144330701.86761904,22.53058788421367,22.202380952380963,15.062351127924888,-6.533120874117904,8.95787139689579,38.50974175384423,277.0,full,usable,2026-08-20,conditional,77.86,100.0,,,51.0,82.0,92.0,100.0,2.2.0,c8f1bf1665a8c5dfb834c0571e7dd5f6b6e5ccd00eab00295338bd42cfde549b
SSP,E.W. Scripps Company (The) - Class A Common Stock,nasdaqtrader:Q:SSP,NAMECLASS:E W SCRIPPS COMPANY THE,,common_equity,eligible,Q,,,3.3,5.16,,2172532.56484127,4.100946372239744,-0.6024096385542133,-10.081743869209813,11.111111111111093,36.04651162790699,67.54519464270618,277.0,full,usable,2026-08-20,conditional,80.43,100.0,,,79.0,95.0,45.0,100.0,2.2.0,c8f1bf1665a8c5dfb834c0571e7dd5f6b6e5ccd00eab00295338bd42cfde549b
SSRM,SSR Mining Inc. - Common Stock,nasdaqtrader:Q:SSRM,SECURITY:SSRM:nasdaqtrader:Q:SSRM,,common_equity,eligible,Q,,,36.83,36.83,,90555418.03452381,31.16096866096867,19.811320754716988,26.52009618687736,128.89993784959603,0.0,70.10017495129038,277.0,full,usable,2026-08-20,conditional,55.86,100.0,,,73.0,10.0,80.0,100.0,2.2.0,c8f1bf1665a8c5dfb834c0571e7dd5f6b6e5ccd00eab00295338bd42cfde549b
SST,"System1, Inc. Class A Common Stock",nasdaqtrader:N:SST,NAMECLASS:SYSTEM1 INC,,common_equity,eligible,N,,,1.94,8.92,,400982.59920634923,7.777777777777772,-24.513618677042803,-41.91616766467065,-70.60606060606061,78.25112107623319,157.72463340070294,277.0,full,usable,2026-08-20,rejected,38.43,100.0,,,47.0,30.0,0.0,100.0,2.2.0,c8f1bf1665a8c5dfb834c0571e7dd5f6b6e5ccd00eab00295338bd42cfde549b
SSTI,"SoundThinking, Inc. - Common Stock",nasdaqtrader:Q:SSTI,SECURITY:SSTI:nasdaqtrader:Q:SSTI,,common_equity,eligible,Q,,,6.165,12.93,,1073303.2855555555,-25.543478260869556,-10.26200873362445,-17.025572005383573,-51.26482213438736,52.320185614849194,96.05821571318441,277.0,full,usable,2026-08-20,rejected,58.43,100.0,,,67.0,70.0,0.0,100.0,2.2.0,c8f1bf1665a8c5dfb834c0571e7dd5f6b6e5ccd00eab00295338bd42cfde549b
SSTK,"Shutterstock, Inc. Common Stock",nasdaqtrader:N:SSTK,SECURITY:SSTK:nasdaqtrader:N:SSTK,,common_equity,eligible,N,,,5.35,26.41,,9366607.557142857,-27.506775067750677,-65.66110397946086,-65.46158812136864,-74.76415094339623,79.74252177205604,98.84696943890022,277.0,full,usable,2026-08-20,conditional,45.43,100.0,,,25.0,30.0,62.0,100.0,2.2.0,c8f1bf1665a8c5dfb834c0571e7dd5f6b6e5ccd00eab00295338bd42cfde549b
SSYS,"Stratasys, Ltd. - Common Stock",nasdaqtrader:Q:SSYS,SECURITY:SSYS:nasdaqtrader:Q:SSYS,,common_equity,eligible,Q,,,7.85,12.44,,7817984.125952381,-4.3848964677222995,-6.100478468899517,-27.04460966542751,-26.013195098963237,36.89710610932476,48.514968083370114,277.0,full,usable,2026-08-20,conditional,80.64,100.0,,,67.0,95.0,62.0,100.0,2.2.0,c8f1bf1665a8c5dfb834c0571e7dd5f6b6e5ccd00eab00295338bd42cfde549b
ST,Sensata Technologies Holding plc Ordinary Shares,nasdaqtrader:N:ST,SECURITY:ST:nasdaqtrader:N:ST,,common_equity,eligible,N,,,41.93,53.55,,91592857.70269842,-8.748639825897719,-12.17008797653959,15.956858407079654,30.338824992228773,21.69934640522876,35.87616709287775,277.0,full,usable,2026-08-20,conditional,86.29,100.0,,,77.0,92.0,80.0,100.0,2.2.0,c8f1bf1665a8c5dfb834c0571e7dd5f6b6e5ccd00eab00295338bd42cfde549b
STAA,STAAR Surgical Company - Common Stock,nasdaqtrader:Q:STAA,SECURITY:STAA:nasdaqtrader:Q:STAA,,common_equity,eligible,Q,,,23.07,33.34,,23734159.200793654,-6.6369890732496994,-30.19667170953101,29.02684563758391,-17.4892703862661,30.803839232153575,62.26048622902076,277.0,full,usable,2026-08-20,conditional,78.43,100.0,,,63.0,92.0,62.0,100.0,2.2.0,c8f1bf1665a8c5dfb834c0571e7dd5f6b6e5ccd00eab00295338bd42cfde549b
STAG,"Stag Industrial, Inc. Common Stock",nasdaqtrader:N:STAG,SECURITY:STAG:nasdaqtrader:N:STAG,,common_equity,eligible,N,,,36.37,42.04,,59868381.62253968,-11.93704600484261,-5.039164490861614,-5.630513751946031,0.775838182321964,13.487155090390113,25.198725675385138,277.0,full,usable,2026-08-20,conditional,83.29,100.0,,,79.0,82.0,80.0,100.0,2.2.0,c8f1bf1665a8c5dfb834c0571e7dd5f6b6e5ccd00eab00295338bd42cfde549b
STAK,STAK Inc. - Class A Ordinary Shares,nasdaqtrader:Q:STAK,NAMECLASS:STAK INC,,common_equity,eligible,Q,,,1.28,9.27,,21207874.496428568,-2.2900763358778664,0.0,253.5911602209945,-15.2317880794702,86.19201725997843,758.6552484023541,277.0,full,usable,2026-08-20,conditional,56.29,100.0,,,63.0,30.0,62.0,100.0,2.2.0,c8f1bf1665a8c5dfb834c0571e7dd5f6b6e5ccd00eab00295338bd42cfde549b
STBA,"S&T Bancorp, Inc. - Common Stock",nasdaqtrader:Q:STBA,SECURITY:STBA:nasdaqtrader:Q:STBA,,common_equity,eligible,Q,,,50.2,53.36,,12771894.219206348,1.2096774193548487,11.654804270462638,12.758310871518418,34.584450402144796,5.922038980509736,18.83505581272499,277.0,full,usable,2026-08-20,conditional,59.0,100.0,,,75.0,28.0,62.0,100.0,2.2.0,c8f1bf1665a8c5dfb834c0571e7dd5f6b6e5ccd00eab00295338bd42cfde549b
STC,Stewart Information Services Corporation Common Stock,nasdaqtrader:N:STC,SECURITY:STC:nasdaqtrader:N:STC,,common_equity,eligible,N,,,68.96,77.17,,15292433.71920635,-1.0758858126524218,1.2331180270111375,2.1629629629629443,-2.695075490334431,10.638849293767016,41.321193274667294,277.0,full,usable,2026-08-20,conditional,77.71,100.0,,,73.0,82.0,62.0,100.0,2.2.0,c8f1bf1665a8c5dfb834c0571e7dd5f6b6e5ccd00eab00295338bd42cfde549b
STDN,"Standard Nuclear, Inc. Class A Common Stock",nasdaqtrader:N:STDN,NAMECLASS:STANDARD NUCLEAR INC,,common_equity,eligible,N,,,12.97,13.31,,12300409.977307694,34.4041450777202,,,,2.554470323065361,,26.0,insufficient,usable,2026-08-20,recheck,,71.43,,,,10.0,62.0,64.0,2.2.0,c8f1bf1665a8c5dfb834c0571e7dd5f6b6e5ccd00eab00295338bd42cfde549b
STE,STERIS plc (Ireland) Ordinary Shares,nasdaqtrader:N:STE,SECURITY:STE:nasdaqtrader:N:STE,,common_equity,eligible,N,,,235.74,268.65,,171816177.53857145,11.953269696537983,9.154049173496315,-6.146986225017914,-4.797673855100559,12.250139586822995,29.954688051520627,277.0,full,usable,2026-08-20,conditional,80.71,100.0,,,61.0,82.0,92.0,100.0,2.2.0,c8f1bf1665a8c5dfb834c0571e7dd5f6b6e5ccd00eab00295338bd42cfde549b
STEM,"Stem, Inc. Class A Common Stock",nasdaqtrader:N:STEM,NAMECLASS:STEM INC,,common_equity,eligible,N,,,5.65,29.79,,1013365.8919047619,-5.990016638935103,-36.51685393258427,-50.741063644289454,-61.141678129298484,81.03390399462907,74.9123144467777,277.0,full,usable,2026-08-20,rejected,41.29,100.0,,,57.0,30.0,0.0,100.0,2.2.0,c8f1bf1665a8c5dfb834c0571e7dd5f6b6e5ccd00eab00295338bd42cfde549b
STEP,StepStone Group Inc. - Class A Common Stock,nasdaqtrader:Q:STEP,NAMECLASS:STEPSTONE GROUP INC,,common_equity,eligible,Q,,,48.84,76.27,,68821761.0729365,18.803210897591825,-6.076923076923069,-9.219330855018582,-16.298200514138816,35.964337223023456,59.11257689240086,277.0,full,usable,2026-08-20,conditional,86.21,100.0,,,73.0,95.0,80.0,100.0,2.2.0,c8f1bf1665a8c5dfb834c0571e7dd5f6b6e5ccd00eab00295338bd42cfde549b
STEX,Streamex Corp. - Common Stock,nasdaqtrader:Q:STEX,SECURITY:STEX:nasdaqtrader:Q:STEX,,common_equity,eligible,Q,,,0.8274,7.0,,1543344.0200333332,8.653972422849643,-24.091743119266063,-64.02608695652174,-82.79833679833679,88.18,110.65185963149848,277.0,full,usable,2026-08-20,rejected,35.57,100.0,,,37.0,30.0,0.0,100.0,2.2.0,c8f1bf1665a8c5dfb834c0571e7dd5f6b6e5ccd00eab00295338bd42cfde549b
STFS,Star Fashion Culture Holdings Limited - Class A Ordinary Shares,nasdaqtrader:Q:STFS,NAMECLASS:STAR FASHION CULTURE HOLDINGS LIMITED,,common_equity,eligible,Q,,,4.08,18.29,,3273327.6682507936,7.651715039577844,-56.87103594080338,0.990099009900991,-95.07246376811594,77.69272826681247,289.55712516589205,277.0,full,usable,2026-08-20,conditional,44.64,100.0,,,35.0,30.0,45.0,100.0,2.2.0,c8f1bf1665a8c5dfb834c0571e7dd5f6b6e5ccd00eab00295338bd42cfde549b
STG,"Sunlands Technology Group American Depositary Shares, representing Class A ordinary shares",nasdaqtrader:N:STG,SECURITY:STG:nasdaqtrader:N:STG,,adr,eligible,N,,,2.94,10.105,,2634058.715669841,-23.636363636363644,-6.9620253164556996,-36.7741935483871,-72.36842105263158,70.90549233052944,58.65557735378055,277.0,full,usable,2026-08-20,conditional,48.07,100.0,,,47.0,30.0,45.0,100.0,2.2.0,c8f1bf1665a8c5dfb834c0571e7dd5f6b6e5ccd00eab00295338bd42cfde549b
STGW,Stagwell Inc. - Class A Common Stock,nasdaqtrader:Q:STGW,NAMECLASS:STAGWELL INC,,common_equity,eligible,Q,,,8.51,9.35,,11470422.195555555,20.538243626062336,36.81672025723473,79.53586497890295,48.51657940663174,8.983957219251337,39.44456595305413,277.0,full,usable,2026-08-20,conditional,75.43,100.0,,,65.0,82.0,62.0,100.0,2.2.0,c8f1bf1665a8c5dfb834c0571e7dd5f6b6e5ccd00eab00295338bd42cfde549b
STHO,Star Holdings - Shares of Beneficial Interest,nasdaqtrader:Q:STHO,SECURITY:STHO:nasdaqtrader:Q:STHO,,common_equity,eligible,Q,,,9.77,9.8,,138873.73722222223,4.715969989281876,14.26900584795321,16.587112171837703,18.424242424242408,0.3061224489796066,25.103148760743636,277.0,full,usable,2026-08-20,rejected,36.43,100.0,,,65.0,10.0,0.0,100.0,2.2.0,c8f1bf1665a8c5dfb834c0571e7dd5f6b6e5ccd00eab00295338bd42cfde549b
STI,"Solidion Technology, Inc. - Common Stock",nasdaqtrader:Q:STI,SECURITY:STI:nasdaqtrader:Q:STI,,common_equity,eligible,Q,,,7.715,35.72,,71869008.91238096,17.78625954198474,63.45338983050848,141.09374999999997,149.2730210016155,78.40145576707727,89.3438442222575,277.0,full,usable,2026-08-20,conditional,63.0,100.0,,,73.0,30.0,80.0,100.0,2.2.0,c8f1bf1665a8c5dfb834c0571e7dd5f6b6e5ccd00eab00295338bd42cfde549b
STIM,"Neuronetics, Inc. - Common Stock",nasdaqtrader:Q:STIM,SECURITY:STIM:nasdaqtrader:Q:STIM,,common_equity,eligible,Q,,,3.09,3.69,,4901281.948095239,60.103626943005175,159.6638655462185,130.5970149253731,-8.3086053412463,16.260162601626014,150.63842392417536,277.0,full,usable,2026-08-20,conditional,67.79,100.0,,,51.0,82.0,45.0,100.0,2.2.0,c8f1bf1665a8c5dfb834c0571e7dd5f6b6e5ccd00eab00295338bd42cfde549b
STKE,Sol Strategies Inc. - Common Shares,nasdaqtrader:Q:STKE,SECURITY:STKE:nasdaqtrader:Q:STKE,,common_equity,eligible,Q,,,1.21,7.72,,365115.5146539683,2.5423728813559254,-29.651162790697672,-6.923076923076932,,84.32642487046633,68.94294766484052,239.0,limited_but_usable,usable,2026-08-20,rejected,41.86,100.0,,,59.0,30.0,0.0,100.0,2.2.0,c8f1bf1665a8c5dfb834c0571e7dd5f6b6e5ccd00eab00295338bd42cfde549b
STKH,Steakholder Foods Ltd. - American Depositary Shares,nasdaqtrader:Q:STKH,SECURITY:STKH:nasdaqtrader:Q:STKH,,adr,eligible,Q,,,4.04,19.9,,11779506.437333332,140.33313503866745,-4.491725768321519,-9.009009009009016,-80.19607843137256,79.69849246231155,429.5753236236634,277.0,full,usable,2026-08-20,conditional,51.71,100.0,,,47.0,30.0,62.0,100.0,2.2.0,c8f1bf1665a8c5dfb834c0571e7dd5f6b6e5ccd00eab00295338bd42cfde549b
STKS,"The ONE Group Hospitality, Inc. - Common Stock",nasdaqtrader:Q:STKS,SECURITY:STKS:nasdaqtrader:Q:STKS,,common_equity,eligible,Q,,,1.64,3.12,,44377.16579365079,-8.379888268156432,-13.684210526315788,-24.42396313364056,-39.033457249070636,47.435897435897445,44.8489408626995,277.0,full,usable,2026-08-20,rejected,67.36,100.0,,,67.0,95.0,0.0,100.0,2.2.0,c8f1bf1665a8c5dfb834c0571e7dd5f6b6e5ccd00eab00295338bd42cfde549b
STLA,Stellantis N.V. Common Shares,nasdaqtrader:N:STLA,SECURITY:STLA:nasdaqtrader:N:STLA,,common_equity,eligible,N,,,5.26,12.12,,124879747.7731746,-9.310344827586203,-30.146082337317402,-29.96005326231691,-47.08249496981891,56.60066006600659,41.8028940370826,277.0,full,usable,2026-08-20,conditional,78.14,100.0,,,67.0,70.0,92.0,100.0,2.2.0,c8f1bf1665a8c5dfb834c0571e7dd5f6b6e5ccd00eab00295338bd42cfde549b
STLD,"Steel Dynamics, Inc. - Common Stock",nasdaqtrader:Q:STLD,SECURITY:STLD:nasdaqtrader:Q:STLD,,common_equity,eligible,Q,,,219.0,282.76,,310358957.1453968,-8.22996982903117,-4.073587385019717,14.912372756847514,70.80018717828732,22.549158296788796,40.654225235678155,277.0,full,usable,2026-08-20,conditional,94.0,100.0,,,95.0,92.0,92.0,100.0,2.2.0,c8f1bf1665a8c5dfb834c0571e7dd5f6b6e5ccd00eab00295338bd42cfde549b
STLN,"Starling Oncology, Inc. - Common Stock",nasdaqtrader:Q:STLN,SECURITY:STLN:nasdaqtrader:Q:STLN,,common_equity,eligible,Q,,,6.54,6.66,,10175687.109920634,23.629489603024577,55.714285714285715,151.53846153846155,71.2041884816754,1.8018018018018056,96.11651997078185,277.0,full,usable,2026-08-20,conditional,52.0,100.0,,,73.0,10.0,62.0,100.0,2.2.0,c8f1bf1665a8c5dfb834c0571e7dd5f6b6e5ccd00eab00295338bd42cfde549b
STM,STMicroelectronics N.V. Common Stock,nasdaqtrader:N:STM,SECURITY:STM:nasdaqtrader:N:STM,,common_equity,eligible,N,,,49.92,79.91,,787479935.9804761,-24.09913334346966,-23.117203141845067,50.36144578313253,92.96482412060301,37.52972093605306,83.90536967079143,277.0,full,usable,2026-08-20,conditional,93.93,100.0,,,85.0,95.0,100.0,100.0,2.2.0,c8f1bf1665a8c5dfb834c0571e7dd5f6b6e5ccd00eab00295338bd42cfde549b
STN,Stantec Inc Common Stock,nasdaqtrader:N:STN,SECURITY:STN:nasdaqtrader:N:STN,,common_equity,eligible,N,,,73.88,113.7,,32824545.326666664,8.56722997795738,-1.348644678862343,-17.397137745974955,-31.210428305400384,35.021987686895336,23.098905020751882,277.0,full,usable,2026-08-20,conditional,84.5,100.0,,,67.0,95.0,80.0,100.0,2.2.0,c8f1bf1665a8c5dfb834c0571e7dd5f6b6e5ccd00eab00295338bd42cfde549b
STNE,StoneCo Ltd. - Class A Common Share,nasdaqtrader:Q:STNE,NAMECLASS:STONECO LTD,,common_equity,eligible,Q,,,9.16,19.46,,47886170.95166667,-19.36619718309859,-17.104072398190052,-46.08593290170688,-38.64701942397857,52.92908530318603,39.11232380220102,277.0,full,usable,2026-08-20,conditional,75.57,100.0,,,67.0,70.0,80.0,100.0,2.2.0,c8f1bf1665a8c5dfb834c0571e7dd5f6b6e5ccd00eab00295338bd42cfde549b
STNG,Scorpio Tankers Inc. Common Shares,nasdaqtrader:N:STNG,SECURITY:STNG:nasdaqtrader:N:STNG,,common_equity,eligible,N,,,78.4,86.62,,61839819.91349207,-0.0764720876879732,-4.015670910871694,8.227498619547212,71.9298245614035,9.48972523666589,32.36107258697925,277.0,full,usable,2026-08-20,conditional,87.86,100.0,,,95.0,82.0,80.0,100.0,2.2.0,c8f1bf1665a8c5dfb834c0571e7dd5f6b6e5ccd00eab00295338bd42cfde549b
STOK,"Stoke Therapeutics, Inc. - Common Stock",nasdaqtrader:Q:STOK,SECURITY:STOK:nasdaqtrader:Q:STOK,,common_equity,eligible,Q,,,31.4,38.35,,25449623.686031748,8.425414364640883,3.6474665786433214,-8.641256910096008,69.82152514872905,18.12255541069101,48.94697212658574,277.0,full,usable,2026-08-20,conditional,87.86,100.0,,,95.0,82.0,80.0,100.0,2.2.0,c8f1bf1665a8c5dfb834c0571e7dd5f6b6e5ccd00eab00295338bd42cfde549b
STRA,"Strategic Education, Inc. - Common Stock",nasdaqtrader:Q:STRA,SECURITY:STRA:nasdaqtrader:Q:STRA,,common_equity,eligible,Q,,,82.47,87.62,,22882936.180238094,11.536380849337302,3.1003875484435506,8.684765419082762,3.905757843013724,5.8776535037662665,49.682836122839376,277.0,full,usable,2026-08-20,conditional,60.14,100.0,,,79.0,28.0,62.0,100.0,2.2.0,c8f1bf1665a8c5dfb834c0571e7dd5f6b6e5ccd00eab00295338bd42cfde549b
STRL,"Sterling Infrastructure, Inc. - Common Stock",nasdaqtrader:Q:STRL,SECURITY:STRL:nasdaqtrader:Q:STRL,,common_equity,eligible,Q,,,520.53,993.74,,575832943.7415079,-27.637834681791652,-30.780585106382986,25.389636981186612,88.5841605680748,47.619095538068315,97.22927752761001,277.0,full,usable,2026-08-20,conditional,93.93,100.0,,,85.0,95.0,100.0,100.0,2.2.0,c8f1bf1665a8c5dfb834c0571e7dd5f6b6e5ccd00eab00295338bd42cfde549b
STRO,"Sutro Biopharma, Inc. - Common Stock",nasdaqtrader:Q:STRO,SECURITY:STRO:nasdaqtrader:Q:STRO,,common_equity,eligible,Q,,,21.17,40.91,,9742432.231269842,-9.529914529914517,-31.994860263411496,8.2310838445808,145.64864237642144,48.25226106086531,76.33009851487714,277.0,full,usable,2026-08-20,conditional,88.64,100.0,,,95.0,95.0,62.0,100.0,2.2.0,c8f1bf1665a8c5dfb834c0571e7dd5f6b6e5ccd00eab00295338bd42cfde549b
STRR,"Star Equity Holdings, Inc. - Common Stock",nasdaqtrader:Q:STRR,SECURITY:STRR:nasdaqtrader:Q:STRR,,common_equity,eligible,Q,,,9.97,11.81,,71016.10192857143,-5.5871212121212155,-5.047619047619046,-0.845350571854786,9.199242067447244,15.58001693480101,38.79874049399437,277.0,full,usable,2026-08-20,rejected,66.14,100.0,,,79.0,82.0,0.0,100.0,2.2.0,c8f1bf1665a8c5dfb834c0571e7dd5f6b6e5ccd00eab00295338bd42cfde549b
STRT,STRATTEC SECURITY CORPORATION - Common Stock,nasdaqtrader:Q:STRT,SECURITY:STRT:nasdaqtrader:Q:STRT,,common_equity,eligible,Q,,,79.41,90.91,,7254169.187063493,-6.554483407860678,12.41506228765572,-12.089006974427107,16.830954833014555,12.649873501264985,29.705490567016547,277.0,full,usable,2026-08-20,conditional,78.29,100.0,,,75.0,82.0,62.0,100.0,2.2.0,c8f1bf1665a8c5dfb834c0571e7dd5f6b6e5ccd00eab00295338bd42cfde549b
STRW,"Strawberry Fields REIT, Inc. Common Stock",nasdaqtrader:A:STRW,SECURITY:STRW:nasdaqtrader:A:STRW,,common_equity,eligible,A,,,13.64,14.62,,516747.81682539685,-2.918149466192177,3.490136570561453,7.826086956521738,16.780821917808233,6.703146374828995,24.131095636786583,277.0,full,usable,2026-08-20,rejected,49.14,100.0,,,87.0,28.0,0.0,100.0,2.2.0,c8f1bf1665a8c5dfb834c0571e7dd5f6b6e5ccd00eab00295338bd42cfde549b
STRZ,Starz Entertainment Corp. - Common Shares,nasdaqtrader:Q:STRZ,SECURITY:STRZ:nasdaqtrader:Q:STRZ,,common_equity,eligible,Q,,,26.28,30.21,,4401851.6296031745,0.22883295194509046,24.78632478632481,182.27712137486574,101.14810562571756,13.008937437934453,65.01524922198416,277.0,full,usable,2026-08-20,conditional,74.07,100.0,,,73.0,82.0,45.0,100.0,2.2.0,c8f1bf1665a8c5dfb834c0571e7dd5f6b6e5ccd00eab00295338bd42cfde549b
STT,State Street Corporation Common Stock,nasdaqtrader:N:STT,SECURITY:STT:nasdaqtrader:N:STT,,common_equity,eligible,N,,,183.07,193.04,,381370909.71238095,-1.1714532498380614,18.822613097942487,43.16884335653397,64.70535312640575,5.164732697886443,24.42276618404425,277.0,full,usable,2026-08-20,conditional,64.86,100.0,,,73.0,28.0,92.0,100.0,2.2.0,c8f1bf1665a8c5dfb834c0571e7dd5f6b6e5ccd00eab00295338bd42cfde549b
STTK,"Shattuck Labs, Inc. - Common Stock",nasdaqtrader:Q:STTK,SECURITY:STTK:nasdaqtrader:Q:STTK,,common_equity,eligible,Q,,,7.25,7.92,,8313092.933015874,3.276353276353272,17.504051863857374,78.13267813267812,603.8834951456311,8.459595959595955,72.67645879691051,277.0,full,usable,2026-08-20,conditional,77.71,100.0,,,73.0,82.0,62.0,100.0,2.2.0,c8f1bf1665a8c5dfb834c0571e7dd5f6b6e5ccd00eab00295338bd42cfde549b
STUB,"StubHub Holdings, Inc. Class A Common Stock",nasdaqtrader:N:STUB,NAMECLASS:STUBHUB HOLDINGS INC,,common_equity,eligible,N,,,6.83,22.0,,71872933.15507938,-21.313364055299534,-31.699999999999996,-19.8356807511737,,68.95454545454544,76.31825117251316,233.0,limited_but_usable,usable,2026-08-20,conditional,59.0,100.0,,,59.0,30.0,80.0,100.0,2.2.0,c8f1bf1665a8c5dfb834c0571e7dd5f6b6e5ccd00eab00295338bd42cfde549b
STVN,Stevanato Group S.p.A. Ordinary Shares,nasdaqtrader:N:STVN,SECURITY:STVN:nasdaqtrader:N:STVN,,common_equity,eligible,N,,,22.35,27.61,,7126774.265396826,15.384615384615397,25.915492957746487,37.11656441717792,-0.44543429844097204,19.051068453458885,37.71325682855234,277.0,full,usable,2026-08-20,conditional,71.43,100.0,,,51.0,82.0,62.0,100.0,2.2.0,c8f1bf1665a8c5dfb834c0571e7dd5f6b6e5ccd00eab00295338bd42cfde549b
STWD,"STARWOOD PROPERTY TRUST, INC. Starwood Property Trust Inc.",qrgf-resolution-required:N:STWD,SECURITY:STWD:qrgf-resolution-required:N:STWD,,common_equity,eligible,N,,,16.41,20.71,,64757159.43761905,-0.42475728155340065,-4.25904317386231,-8.883953359244867,-17.908954477238616,20.762916465475623,20.866348393611375,277.0,full,usable,2026-08-20,conditional,85.14,100.0,,,73.0,92.0,80.0,100.0,2.2.0,c8f1bf1665a8c5dfb834c0571e7dd5f6b6e5ccd00eab00295338bd42cfde549b
STX,Seagate Technology Holdings PLC - Ordinary Shares (Ireland),nasdaqtrader:Q:STX,SECURITY:STX:nasdaqtrader:Q:STX,,common_equity,eligible,Q,,,850.24,1094.04,,4251910058.716508,-6.371544984032596,13.203829203669425,107.89788982076925,438.3650984613436,22.284377170852988,89.27147022498598,277.0,full,usable,2026-08-20,conditional,89.43,100.0,,,73.0,92.0,100.0,100.0,2.2.0,c8f1bf1665a8c5dfb834c0571e7dd5f6b6e5ccd00eab00295338bd42cfde549b
STXS,"Stereotaxis, Inc. Common Stock",nasdaqtrader:A:STXS,SECURITY:STXS:nasdaqtrader:A:STXS,,common_equity,eligible,A,,,1.44,3.57,,1292721.3415873016,-3.3557046979865834,-22.16216216216217,-30.76923076923077,-50.0,59.66386554621849,57.36946041207182,277.0,full,usable,2026-08-20,rejected,58.43,100.0,,,67.0,70.0,0.0,100.0,2.2.0,c8f1bf1665a8c5dfb834c0571e7dd5f6b6e5ccd00eab00295338bd42cfde549b
STZ,"Constellation Brands, Inc. Common Stock",nasdaqtrader:N:STZ,SECURITY:STZ:nasdaqtrader:N:STZ,,common_equity,eligible,N,,,134.14,167.62,,296269610.48126984,1.5596608116293043,-11.271332186797212,-13.256595964821527,-19.144062688366493,19.973750149146884,30.2412110056024,277.0,full,usable,2026-08-20,conditional,84.14,100.0,,,73.0,82.0,92.0,100.0,2.2.0,c8f1bf1665a8c5dfb834c0571e7dd5f6b6e5ccd00eab00295338bd42cfde549b
SU,Suncor Energy  Inc. Common Stock,nasdaqtrader:N:SU,SECURITY:SU:nasdaqtrader:N:SU,,common_equity,eligible,N,,,67.94,69.73,,279689785.35619044,4.9752781211372055,0.16217013121038182,19.61267605633803,77.11157455683002,2.567044313781741,30.178369472299373,277.0,full,usable,2026-08-20,conditional,61.86,100.0,,,85.0,10.0,92.0,100.0,2.2.0,c8f1bf1665a8c5dfb834c0571e7dd5f6b6e5ccd00eab00295338bd42cfde549b
SUGP,SU Group Holdings Limited - Class A Ordinary Shares,nasdaqtrader:Q:SUGP,NAMECLASS:SU GROUP HOLDINGS LIMITED,,common_equity,eligible,Q,,,2.78,52.45,,8148919.638730158,5.703422053231932,-87.53363228699551,-90.15929203539824,-90.41709755256808,94.69971401334605,133.4819109931413,277.0,full,usable,2026-08-20,conditional,38.29,100.0,,,0.0,30.0,62.0,100.0,2.2.0,c8f1bf1665a8c5dfb834c0571e7dd5f6b6e5ccd00eab00295338bd42cfde549b
SUI,"Sun Communities, Inc. Common Stock",nasdaqtrader:N:SUI,SECURITY:SUI:nasdaqtrader:N:SUI,,common_equity,eligible,N,,,122.29,137.18,,206805781.97428572,2.1978940330937835,-0.5691519635742659,-5.406868811881182,-3.685910057493891,10.854351946347862,22.764312098179424,277.0,full,usable,2026-08-20,conditional,84.14,100.0,,,73.0,82.0,92.0,100.0,2.2.0,c8f1bf1665a8c5dfb834c0571e7dd5f6b6e5ccd00eab00295338bd42cfde549b
SUIG,Sui Group Holdings Limited - Common Stock,nasdaqtrader:Q:SUIG,SECURITY:SUIG:nasdaqtrader:Q:SUIG,,common_equity,eligible,Q,,,0.9545,7.13,,380776.6643285714,-14.776785714285722,-41.080246913580254,-20.458333333333336,-83.22495606326889,86.61290322580645,66.53322641701513,277.0,full,usable,2026-08-20,rejected,38.43,100.0,,,47.0,30.0,0.0,100.0,2.2.0,c8f1bf1665a8c5dfb834c0571e7dd5f6b6e5ccd00eab00295338bd42cfde549b
SUJA,"Suja Life, Inc. - Class A Common Stock",nasdaqtrader:Q:SUJA,NAMECLASS:SUJA LIFE INC,,common_equity,eligible,Q,,,7.5,17.85,,4175910.1474603172,-20.127795527156557,-54.128440366972484,,,57.98319327731093,195.88693898625814,73.0,insufficient,usable,2026-08-20,recheck,,71.43,,,,70.0,45.0,88.0,2.2.0,c8f1bf1665a8c5dfb834c0571e7dd5f6b6e5ccd00eab00295338bd42cfde549b
SUN,Sunoco LP Common Units representing limited partner interests,qrgf-resolution-required:N:SUN,SECURITY:SUN:qrgf-resolution-required:N:SUN,,common_equity,eligible,N,,,75.41,77.41,,30723797.934761904,-0.710994075049387,4.765212559044163,21.51144054141152,45.551051920478656,2.5836455238341327,30.855248038924564,277.0,full,usable,2026-08-20,conditional,57.0,100.0,,,77.0,10.0,80.0,100.0,2.2.0,c8f1bf1665a8c5dfb834c0571e7dd5f6b6e5ccd00eab00295338bd42cfde549b
SUNB,"Sunbelt Rentals Holdings, Inc. Common Stock",nasdaqtrader:N:SUNB,SECURITY:SUNB:nasdaqtrader:N:SUNB,,common_equity,eligible,N,,,77.1,86.06,,268670155.57238096,6.4329099944781865,3.656897015326699,,,10.411340924936097,44.01590673063625,120.0,insufficient,usable,2026-08-20,recheck,,71.43,,,,82.0,92.0,88.0,2.2.0,c8f1bf1665a8c5dfb834c0571e7dd5f6b6e5ccd00eab00295338bd42cfde549b
SUNC,"SunocoCorp LLC Common Units, representing limited liability company interests",qrgf-resolution-required:N:SUNC,SECURITY:SUNC:qrgf-resolution-required:N:SUNC,,common_equity,eligible,N,,,76.7,77.93,,33275604.27,0.5769735116705865,6.7501739735560395,32.03649509381994,,1.5783395354805663,26.798874630435122,197.0,limited_but_usable,usable,2026-08-20,conditional,45.57,100.0,,,37.0,10.0,80.0,100.0,2.2.0,c8f1bf1665a8c5dfb834c0571e7dd5f6b6e5ccd00eab00295338bd42cfde549b
SUNE,"SUNation Energy, Inc. - Common Stock",nasdaqtrader:Q:SUNE,SECURITY:SUNE:nasdaqtrader:Q:SUNE,,common_equity,eligible,Q,,,2.25,5.88,,38501974.03936508,-4.6610169491525415,95.6521739130435,48.02631578947367,54.10958904109589,61.73469387755102,154.00220961612754,277.0,full,usable,2026-08-20,conditional,77.29,100.0,,,73.0,70.0,80.0,100.0,2.2.0,c8f1bf1665a8c5dfb834c0571e7dd5f6b6e5ccd00eab00295338bd42cfde549b
SUNS,"Sunrise Realty Trust, Inc. - Common Stock",nasdaqtrader:Q:SUNS,SECURITY:SUNS:nasdaqtrader:Q:SUNS,,common_equity,eligible,Q,,,7.605,11.71,,832108.0742063492,-5.9950556242274295,-5.878712871287128,-18.576017130620983,-27.640342530922922,35.05550811272416,29.590373967768564,277.0,full,usable,2026-08-20,rejected,67.36,100.0,,,67.0,95.0,0.0,100.0,2.2.0,c8f1bf1665a8c5dfb834c0571e7dd5f6b6e5ccd00eab00295338bd42cfde549b
SUPN,"Supernus Pharmaceuticals, Inc. - Common Stock",nasdaqtrader:Q:SUPN,SECURITY:SUPN:nasdaqtrader:Q:SUPN,,common_equity,eligible,Q,,,47.45,57.0,,39628523.33420635,1.0864933958244727,-2.5467241733415413,-7.594936708860756,12.976190476190474,16.754385964912277,40.05519777612897,277.0,full,usable,2026-08-20,conditional,83.29,100.0,,,79.0,82.0,80.0,100.0,2.2.0,c8f1bf1665a8c5dfb834c0571e7dd5f6b6e5ccd00eab00295338bd42cfde549b
SUPV,Grupo Supervielle S.A. American Depositary Shares each Representing five Class B shares,nasdaqtrader:N:SUPV,NAMECLASS:GRUPO SUPERVIELLE S A AMERICAN DEPOSITARY SHARES EACH REPRESENTING FIVE,,adr,eligible,N,,,7.65,12.86,,6465911.441904762,-25.29296875,-1.797175866495504,-29.880843263061408,-18.789808917197448,40.513219284603416,55.12732961364981,277.0,full,usable,2026-08-20,conditional,82.36,100.0,,,73.0,95.0,62.0,100.0,2.2.0,c8f1bf1665a8c5dfb834c0571e7dd5f6b6e5ccd00eab00295338bd42cfde549b
SUPX,SuperX AI Technology Limited - Ordinary Shares,nasdaqtrader:Q:SUPX,SECURITY:SUPX:nasdaqtrader:Q:SUPX,,common_equity,eligible,Q,,,6.89,75.0,,1882991.0195238097,-4.965517241379313,-35.547240411599624,-51.13475177304964,-75.83304103823221,90.81333333333333,87.51869398658474,277.0,full,usable,2026-08-20,rejected,35.57,100.0,,,37.0,30.0,0.0,100.0,2.2.0,c8f1bf1665a8c5dfb834c0571e7dd5f6b6e5ccd00eab00295338bd42cfde549b
SUZ,Suzano S.A. American Depositary Shares (each representing One Ordinary Share),nasdaqtrader:N:SUZ,SECURITY:SUZ:nasdaqtrader:N:SUZ,,adr,eligible,N,,,8.5,11.46,,26440091.41349206,0.591715976331364,0.591715976331364,-22.303473491773307,-11.550468262226843,25.828970331588142,27.569138073890244,277.0,full,usable,2026-08-20,conditional,85.14,100.0,,,73.0,92.0,80.0,100.0,2.2.0,c8f1bf1665a8c5dfb834c0571e7dd5f6b6e5ccd00eab00295338bd42cfde549b
SVA,"Sinovac Biotech, Ltd. - Ordinary Shares (Antigua/Barbudo)",nasdaqtrader:Q:SVA,SECURITY:SVA:nasdaqtrader:Q:SVA,,common_equity,eligible,Q,,,,,,,,,,,,,0.0,insufficient,usable,,recheck,,14.29,,,,,,28.0,2.2.0,c8f1bf1665a8c5dfb834c0571e7dd5f6b6e5ccd00eab00295338bd42cfde549b
SVC,Service Properties Trust - Common Shares of Beneficial Interest,nasdaqtrader:Q:SVC,SECURITY:SVC:nasdaqtrader:Q:SVC,,common_equity,eligible,Q,,,8.09,14.55,,15049404.166031746,-5.26932084309133,-8.58757062146892,-24.037558685446015,-38.943396226415096,44.39862542955327,37.31448945498215,277.0,full,usable,2026-08-20,conditional,80.64,100.0,,,67.0,95.0,62.0,100.0,2.2.0,c8f1bf1665a8c5dfb834c0571e7dd5f6b6e5ccd00eab00295338bd42cfde549b
SVCC,Stellar V Capital Corp. - Class A Ordinary Shares,nasdaqtrader:Q:SVCC,NAMECLASS:STELLAR V CAPITAL CORP,,common_equity,eligible,Q,,,10.65,10.65,,50451.02753968254,0.4716981132075526,1.4285714285714235,2.4038461538461453,3.700097370983446,0.0,2.056900883339654,277.0,full,usable,2026-08-20,rejected,40.43,100.0,,,79.0,10.0,0.0,100.0,2.2.0,c8f1bf1665a8c5dfb834c0571e7dd5f6b6e5ccd00eab00295338bd42cfde549b
SVCO,"Silvaco Group, Inc. - Common Stock",nasdaqtrader:Q:SVCO,SECURITY:SVCO:nasdaqtrader:Q:SVCO,,common_equity,eligible,Q,,,6.75,13.79,,5658759.029523809,-18.280871670702183,-27.419354838709687,86.98060941828257,49.00662251655628,51.05148658448151,97.6349961886666,277.0,full,usable,2026-08-20,conditional,74.57,100.0,,,77.0,70.0,62.0,100.0,2.2.0,c8f1bf1665a8c5dfb834c0571e7dd5f6b6e5ccd00eab00295338bd42cfde549b
SVM,Silvercorp Metals Inc. Common Shares,nasdaqtrader:A:SVM,SECURITY:SVM:nasdaqtrader:A:SVM,,common_equity,eligible,A,,,12.64,15.71,,36124424.03571428,27.16297786720323,0.6369426751592355,13.976555455365203,193.95348837209303,19.541693189051557,62.14468680934364,277.0,full,usable,2026-08-20,conditional,87.86,100.0,,,95.0,82.0,80.0,100.0,2.2.0,c8f1bf1665a8c5dfb834c0571e7dd5f6b6e5ccd00eab00295338bd42cfde549b
SVRA,"Savara, Inc. - Common Stock",nasdaqtrader:Q:SVRA,SECURITY:SVRA:nasdaqtrader:Q:SVRA,,common_equity,eligible,Q,,,5.49,6.94,,9870182.96984127,-2.831858407079646,8.070866141732292,-4.020979020979009,80.00000000000003,20.893371757925074,51.53377492461478,277.0,full,usable,2026-08-20,conditional,84.14,100.0,,,83.0,92.0,62.0,100.0,2.2.0,c8f1bf1665a8c5dfb834c0571e7dd5f6b6e5ccd00eab00295338bd42cfde549b
SVRE,SaverOne 2014 Ltd. - American Depositary Shares,nasdaqtrader:Q:SVRE,SECURITY:SVRE:nasdaqtrader:Q:SVRE,,adr,eligible,Q,,,2.82,23.64,,1357790.1120063493,-16.568047337278113,-31.05134474327629,1.7316017316017396,-88.19095477386935,88.07106598984772,102.18253568773781,277.0,full,usable,2026-08-20,rejected,38.43,100.0,,,47.0,30.0,0.0,100.0,2.2.0,c8f1bf1665a8c5dfb834c0571e7dd5f6b6e5ccd00eab00295338bd42cfde549b
SVV,"Savers Value Village, Inc. Common Stock",nasdaqtrader:N:SVV,SECURITY:SVV:nasdaqtrader:N:SVV,,common_equity,eligible,N,,,10.47,13.71,,13102346.194444444,9.518828451882854,32.53164556962025,2.24609375,-10.205831903945107,23.632385120350108,66.64535827203612,277.0,full,usable,2026-08-20,conditional,77.86,100.0,,,61.0,92.0,62.0,100.0,2.2.0,c8f1bf1665a8c5dfb834c0571e7dd5f6b6e5ccd00eab00295338bd42cfde549b
SW,Smurfit WestRock plc Ordinary Shares,nasdaqtrader:N:SW,SECURITY:SW:nasdaqtrader:N:SW,,common_equity,eligible,N,,,48.19,51.84,,246662082.61920634,8.267804987643235,29.787234042553166,-3.1940538368822935,11.62844567987027,7.040895061728403,49.590842394394436,277.0,full,usable,2026-08-20,conditional,63.14,100.0,,,67.0,28.0,92.0,100.0,2.2.0,c8f1bf1665a8c5dfb834c0571e7dd5f6b6e5ccd00eab00295338bd42cfde549b
SWAG,"Stran & Company, Inc. - Common Stock",nasdaqtrader:Q:SWAG,SECURITY:SWAG:nasdaqtrader:Q:SWAG,,common_equity,eligible,Q,,,1.86,3.35,,94994.91587301588,-14.28571428571428,-4.123711340206182,11.377245508982048,7.514450867052025,44.47761194029851,34.219410450515035,277.0,full,usable,2026-08-20,rejected,70.79,100.0,,,79.0,95.0,0.0,100.0,2.2.0,c8f1bf1665a8c5dfb834c0571e7dd5f6b6e5ccd00eab00295338bd42cfde549b
SWBI,"Smith & Wesson Brands, Inc. - Common Stock",nasdaqtrader:Q:SWBI,SECURITY:SWBI:nasdaqtrader:Q:SWBI,,common_equity,eligible,Q,,,13.91,16.67,,10236396.062539682,-4.8563611491108,-8.0026455026455,15.820149875104072,73.875,16.55668866226755,26.667187298817947,277.0,full,usable,2026-08-20,conditional,81.14,100.0,,,85.0,82.0,62.0,100.0,2.2.0,c8f1bf1665a8c5dfb834c0571e7dd5f6b6e5ccd00eab00295338bd42cfde549b
SWIM,"Latham Group, Inc. - Common Stock",nasdaqtrader:Q:SWIM,SECURITY:SWIM:nasdaqtrader:Q:SWIM,,common_equity,eligible,Q,,,7.11,8.25,,5203320.24015873,21.746575342465757,45.398773006134995,1.5714285714285792,-8.611825192802058,13.818181818181818,86.92594255971946,277.0,full,usable,2026-08-20,conditional,74.29,100.0,,,61.0,82.0,62.0,100.0,2.2.0,c8f1bf1665a8c5dfb834c0571e7dd5f6b6e5ccd00eab00295338bd42cfde549b
SWK,"Stanley Black & Decker, Inc. Common Stock",nasdaqtrader:N:SWK,SECURITY:SWK:nasdaqtrader:N:SWK,,common_equity,eligible,N,,,98.85,104.0,,157322512.00396827,10.756302521008386,31.83515604161109,10.311349179779029,29.70738748195776,4.951923076923082,33.76449774872555,277.0,full,usable,2026-08-20,conditional,59.0,100.0,,,75.0,10.0,92.0,100.0,2.2.0,c8f1bf1665a8c5dfb834c0571e7dd5f6b6e5ccd00eab00295338bd42cfde549b
SWKS,"Skyworks Solutions, Inc. - Common Stock",nasdaqtrader:Q:SWKS,SECURITY:SWKS:nasdaqtrader:Q:SWKS,,common_equity,eligible,Q,,,67.964,83.42,,371644441.94539684,7.606079797340093,-8.589105581708134,14.765281999324543,-9.29667689843855,18.527930951810124,48.367165768066236,277.0,full,usable,2026-08-20,conditional,84.14,100.0,,,73.0,82.0,92.0,100.0,2.2.0,c8f1bf1665a8c5dfb834c0571e7dd5f6b6e5ccd00eab00295338bd42cfde549b
SWMR,"Swarmer, Inc - common stock",nasdaqtrader:Q:SWMR,SECURITY:SWMR:nasdaqtrader:Q:SWMR,,common_equity,eligible,Q,,,45.91,78.52,,23659311.416904762,11.648832684824907,46.35001593879502,,,41.53082017320428,99.88881196948323,109.0,insufficient,usable,2026-08-20,recheck,,71.43,,,,95.0,62.0,88.0,2.2.0,c8f1bf1665a8c5dfb834c0571e7dd5f6b6e5ccd00eab00295338bd42cfde549b
SWVL,Swvl Holdings Corp - Ordinary Shares,nasdaqtrader:Q:SWVL,SECURITY:SWVL:nasdaqtrader:Q:SWVL,,common_equity,eligible,Q,,,1.46,4.1701,,39790.46992063492,6.5693430656934115,-11.515151515151512,-7.594936708860766,-64.39024390243901,64.98884918826886,43.79557198192835,277.0,full,usable,2026-08-20,rejected,58.43,100.0,,,67.0,70.0,0.0,100.0,2.2.0,c8f1bf1665a8c5dfb834c0571e7dd5f6b6e5ccd00eab00295338bd42cfde549b
SWX,"Southwest Gas Holdings, Inc. Common Stock (DE)",nasdaqtrader:N:SWX,SECURITY:SWX:nasdaqtrader:N:SWX,,common_equity,eligible,N,,,91.3,94.05,,47322214.1947619,-1.6799483092827971,1.829132277492751,4.6538285190279804,19.159488384233867,2.92397660818714,15.886103599593168,277.0,full,usable,2026-08-20,conditional,59.86,100.0,,,87.0,10.0,80.0,100.0,2.2.0,c8f1bf1665a8c5dfb834c0571e7dd5f6b6e5ccd00eab00295338bd42cfde549b
SXC,"SunCoke Energy, Inc. Common Stock",nasdaqtrader:N:SXC,SECURITY:SXC:nasdaqtrader:N:SXC,,common_equity,eligible,N,,,9.4,9.62,,14050610.977619048,8.045977011494276,19.289340101522857,46.18973561430795,24.50331125827816,2.2869022869022704,49.313347374601065,277.0,full,usable,2026-08-20,conditional,49.71,100.0,,,65.0,10.0,62.0,100.0,2.2.0,c8f1bf1665a8c5dfb834c0571e7dd5f6b6e5ccd00eab00295338bd42cfde549b
SXI,Standex International Corporation Common Stock,nasdaqtrader:N:SXI,SECURITY:SXI:nasdaqtrader:N:SXI,,common_equity,eligible,N,,,309.42,357.67,,55677489.77873016,-0.12265978050355342,21.857277882797742,21.051602049998053,51.952069930756785,13.490088629183328,43.041332497869426,277.0,full,usable,2026-08-20,conditional,81.57,100.0,,,73.0,82.0,80.0,100.0,2.2.0,c8f1bf1665a8c5dfb834c0571e7dd5f6b6e5ccd00eab00295338bd42cfde549b
SXT,Sensient Technologies Corporation Common Stock,nasdaqtrader:N:SXT,SECURITY:SXT:nasdaqtrader:N:SXT,,common_equity,eligible,N,,,132.58,133.47,,58002236.60333334,17.89080561977594,16.206503637479198,46.190318667989885,16.47193182816482,0.6668165130740866,36.65707000303659,277.0,full,usable,2026-08-20,conditional,53.57,100.0,,,65.0,10.0,80.0,100.0,2.2.0,c8f1bf1665a8c5dfb834c0571e7dd5f6b6e5ccd00eab00295338bd42cfde549b
SXTC,"China SXT Pharmaceuticals, Inc. - Class A Ordinary Shares",nasdaqtrader:Q:SXTC,NAMECLASS:CHINA SXT PHARMACEUTICALS INC,,common_equity,eligible,Q,,,3.63,23999.99999997,,6259848.342222222,-97.75371287128712,-97.1640625,-97.99225663716814,-99.98060897435897,99.98487499999999,763.5958585628789,277.0,full,usable,2026-08-20,conditional,38.29,100.0,,,0.0,30.0,62.0,100.0,2.2.0,c8f1bf1665a8c5dfb834c0571e7dd5f6b6e5ccd00eab00295338bd42cfde549b
SXTP,"60 Degrees Pharmaceuticals, Inc. - Common Stock",nasdaqtrader:Q:SXTP,SECURITY:SXTP:nasdaqtrader:Q:SXTP,,common_equity,eligible,Q,,,1.13,7.2,,155014.82325396826,-27.096774193548402,-19.285714285714285,-65.12345679012346,-77.9296875,84.30555555555556,78.86000429116544,277.0,full,usable,2026-08-20,rejected,35.57,100.0,,,37.0,30.0,0.0,100.0,2.2.0,c8f1bf1665a8c5dfb834c0571e7dd5f6b6e5ccd00eab00295338bd42cfde549b
SY,So-Young International Inc. - American Depository Shares,nasdaqtrader:Q:SY,SECURITY:SY:nasdaqtrader:Q:SY,,adr,eligible,Q,,,2.28,4.47,,949999.0494444445,23.243243243243228,-13.307984790874528,-28.301886792452834,-38.544474393531004,48.99328859060403,63.82039476336685,277.0,full,usable,2026-08-20,rejected,67.36,100.0,,,67.0,95.0,0.0,100.0,2.2.0,c8f1bf1665a8c5dfb834c0571e7dd5f6b6e5ccd00eab00295338bd42cfde549b
SYBT,"Stock Yards Bancorp, Inc. - Common Stock",nasdaqtrader:Q:SYBT,SECURITY:SYBT:nasdaqtrader:Q:SYBT,,common_equity,eligible,Q,,,82.05,88.03,,15289290.077063492,2.1666044079193147,15.53083638411714,20.07902824528025,8.316831683168303,6.793138702714985,25.053714714236037,277.0,full,usable,2026-08-20,conditional,53.86,100.0,,,57.0,28.0,62.0,100.0,2.2.0,c8f1bf1665a8c5dfb834c0571e7dd5f6b6e5ccd00eab00295338bd42cfde549b
SYF,Synchrony Financial Common Stock,nasdaqtrader:N:SYF,SECURITY:SYF:nasdaqtrader:N:SYF,,common_equity,eligible,N,,,76.71,88.47,,269504741.7395238,5.356407086938586,6.467730742539901,6.158317187932449,7.151836848721871,13.29264157341472,25.668718149890513,277.0,full,usable,2026-08-20,conditional,82.43,100.0,,,67.0,82.0,92.0,100.0,2.2.0,c8f1bf1665a8c5dfb834c0571e7dd5f6b6e5ccd00eab00295338bd42cfde549b
SYK,Stryker Corporation Common Stock,nasdaqtrader:N:SYK,SECURITY:SYK:nasdaqtrader:N:SYK,,common_equity,eligible,N,,,327.7,394.34,,826801595.8855556,5.9694735480532835,1.9316308438831697,-12.064616540546346,-15.96142996358414,16.899122584571693,43.858098811439795,277.0,full,usable,2026-08-20,conditional,85.86,100.0,,,73.0,82.0,100.0,100.0,2.2.0,c8f1bf1665a8c5dfb834c0571e7dd5f6b6e5ccd00eab00295338bd42cfde549b
SYM,Symbotic Inc. - Class A Common Stock,nasdaqtrader:Q:SYM,NAMECLASS:SYMBOTIC INC,,common_equity,eligible,Q,,,41.46,87.3,,91947858.51420635,-2.3551577955723046,-17.01361088871097,-24.720835224693605,-11.410256410256403,52.50859106529209,67.8924675370009,277.0,full,usable,2026-08-20,conditional,77.29,100.0,,,73.0,70.0,80.0,100.0,2.2.0,c8f1bf1665a8c5dfb834c0571e7dd5f6b6e5ccd00eab00295338bd42cfde549b
SYNA,Synaptics Incorporated - Common Stock,nasdaqtrader:Q:SYNA,SECURITY:SYNA:nasdaqtrader:Q:SYNA,,common_equity,eligible,Q,,,98.0,147.57,,117502761.61547619,-18.753108937158025,-24.510861192420276,17.958594126143467,43.56870788162905,33.59083824625601,54.76961629110758,277.0,full,usable,2026-08-20,conditional,88.86,100.0,,,77.0,92.0,92.0,100.0,2.2.0,c8f1bf1665a8c5dfb834c0571e7dd5f6b6e5ccd00eab00295338bd42cfde549b
SYNX,Silynxcom Ltd. Ordinary Shares,nasdaqtrader:A:SYNX,SECURITY:SYNX:nasdaqtrader:A:SYNX,,common_equity,eligible,A,,,1.01,1.81,,43139.6359984127,-3.809523809523818,-12.173913043478258,8.602150537634401,-39.88095238095239,44.19889502762431,42.237925833233575,277.0,full,usable,2026-08-20,rejected,67.36,100.0,,,67.0,95.0,0.0,100.0,2.2.0,c8f1bf1665a8c5dfb834c0571e7dd5f6b6e5ccd00eab00295338bd42cfde549b
SYPR,"Sypris Solutions, Inc. - Common Stock",nasdaqtrader:Q:SYPR,SECURITY:SYPR:nasdaqtrader:Q:SYPR,,common_equity,eligible,Q,,,1.78,4.18,,215652.9985714286,-5.319148936170204,-35.272727272727266,-43.13099041533546,-5.820105820105814,57.41626794258372,67.14478911445731,277.0,full,usable,2026-08-20,rejected,60.14,100.0,,,73.0,70.0,0.0,100.0,2.2.0,c8f1bf1665a8c5dfb834c0571e7dd5f6b6e5ccd00eab00295338bd42cfde549b
SYRE,"Spyre Therapeutics, Inc. - Common Stock",nasdaqtrader:Q:SYRE,SECURITY:SYRE:nasdaqtrader:Q:SYRE,,common_equity,eligible,Q,,,107.79,108.92,,112455399.64444445,8.692144801855406,49.87486095661846,185.08331129330867,569.0875232774674,1.0374586852735956,58.314055211606416,277.0,full,usable,2026-08-20,conditional,58.43,100.0,,,73.0,10.0,92.0,100.0,2.2.0,c8f1bf1665a8c5dfb834c0571e7dd5f6b6e5ccd00eab00295338bd42cfde549b
SYY,Sysco Corporation Common Stock,nasdaqtrader:N:SYY,SECURITY:SYY:nasdaqtrader:N:SYY,,common_equity,eligible,N,,,83.06,91.16,,279052264.49396825,1.144666341938616,10.071561091969272,-7.371473179435705,4.491130959869172,8.88547608600263,19.000353543562767,277.0,full,usable,2026-08-20,conditional,82.43,100.0,,,67.0,82.0,92.0,100.0,2.2.0,c8f1bf1665a8c5dfb834c0571e7dd5f6b6e5ccd00eab00295338bd42cfde549b
T,AT&T Inc.,qrgf-resolution-required:N:T,SECURITY:T:qrgf-resolution-required:N:T,,common_equity,eligible,N,,,25.15,29.62,,1430360737.4998415,9.157986111111116,0.882470918571987,-9.791965566714488,-13.216011042098009,15.09115462525321,27.401213654207794,277.0,full,usable,2026-08-20,conditional,85.86,100.0,,,73.0,82.0,100.0,100.0,2.2.0,c8f1bf1665a8c5dfb834c0571e7dd5f6b6e5ccd00eab00295338bd42cfde549b
TAC,TransAlta Corporation Ordinary Shares,nasdaqtrader:N:TAC,SECURITY:TAC:nasdaqtrader:N:TAC,,common_equity,eligible,N,,,12.59,17.73,,23413563.057142857,-10.32763532763532,-3.004622496147924,-6.602373887240365,1.7784963621665373,28.990411731528486,33.755578294100935,277.0,full,usable,2026-08-20,conditional,83.0,100.0,,,79.0,92.0,62.0,100.0,2.2.0,c8f1bf1665a8c5dfb834c0571e7dd5f6b6e5ccd00eab00295338bd42cfde549b
TACT,TransAct Technologies Incorporated - Common Stock,nasdaqtrader:Q:TACT,SECURITY:TACT:nasdaqtrader:Q:TACT,,common_equity,eligible,Q,,,4.9,5.84,,283625.1029365079,-3.162055335968361,36.111111111111114,35.35911602209944,15.566037735849058,16.09589041095889,45.02856492354721,277.0,full,usable,2026-08-20,rejected,62.14,100.0,,,65.0,82.0,0.0,100.0,2.2.0,c8f1bf1665a8c5dfb834c0571e7dd5f6b6e5ccd00eab00295338bd42cfde549b
TAK,Takeda Pharmaceutical Company Limited American Depositary Shares (each representing 1/2 of a share of Common Stock),nasdaqtrader:N:TAK,SECURITY:TAK:nasdaqtrader:N:TAK,,adr,eligible,N,,,18.13,18.8,,56495094.41285714,7.468879668049788,8.693045563549152,-2.8403001071811373,19.276315789473685,3.563829787234052,24.591655663612947,277.0,full,usable,2026-08-20,conditional,56.43,100.0,,,75.0,10.0,80.0,100.0,2.2.0,c8f1bf1665a8c5dfb834c0571e7dd5f6b6e5ccd00eab00295338bd42cfde549b
TAL,TAL Education Group American Depositary Shares,nasdaqtrader:N:TAL,SECURITY:TAL:nasdaqtrader:N:TAL,,adr,eligible,N,,,11.47,12.91,,43892505.675238095,11.035818005808329,9.551098376313272,5.132905591200743,4.367606915377631,11.15414407436096,48.39152025490228,277.0,full,usable,2026-08-20,conditional,79.86,100.0,,,67.0,82.0,80.0,100.0,2.2.0,c8f1bf1665a8c5dfb834c0571e7dd5f6b6e5ccd00eab00295338bd42cfde549b
TALO,"Talos Energy, Inc. Common Stock",nasdaqtrader:N:TALO,SECURITY:TALO:nasdaqtrader:N:TALO,,common_equity,eligible,N,,,17.75,17.75,,28846750.35587302,16.24099541584807,9.567901234567898,29.656683710737774,116.46341463414637,0.0,52.85545943893655,277.0,full,usable,2026-08-20,conditional,55.86,100.0,,,73.0,10.0,80.0,100.0,2.2.0,c8f1bf1665a8c5dfb834c0571e7dd5f6b6e5ccd00eab00295338bd42cfde549b
TAN,Invesco Solar ETF,US:TAN,SECURITY:TAN:US:TAN,,etf,eligible,P,,,49.73,73.93,,76716544.4726984,-7.427401340282957,-20.96312778130961,-15.0205058099795,21.292682926829265,32.73366698228055,39.69414788902796,277.0,full,usable,2026-08-20,conditional,89.14,100.0,,,87.0,92.0,80.0,100.0,2.2.0,c8f1bf1665a8c5dfb834c0571e7dd5f6b6e5ccd00eab00295338bd42cfde549b
TAOP,Taoping Inc. - Ordinary Shares,nasdaqtrader:Q:TAOP,SECURITY:TAOP:nasdaqtrader:Q:TAOP,,common_equity,eligible,Q,,,0.834,3.7301,,139301.49318339681,-31.63934426229509,-36.0919540229885,-38.676470588235304,-72.65573770491804,77.64135009785261,125.46425471850331,277.0,full,usable,2026-08-20,rejected,38.43,100.0,,,47.0,30.0,0.0,100.0,2.2.0,c8f1bf1665a8c5dfb834c0571e7dd5f6b6e5ccd00eab00295338bd42cfde549b
TAOX,Tao Synergies Inc. - Common Stock,nasdaqtrader:Q:TAOX,SECURITY:TAOX:nasdaqtrader:Q:TAOX,,common_equity,eligible,Q,,,3.68,9.6,,386261.5884126984,0.2724795640327127,-19.999999999999996,-2.127659574468077,-47.12643678160919,61.66666666666667,75.40674206512547,277.0,full,usable,2026-08-20,rejected,58.43,100.0,,,67.0,70.0,0.0,100.0,2.2.0,c8f1bf1665a8c5dfb834c0571e7dd5f6b6e5ccd00eab00295338bd42cfde549b
TAP,Molson Coors Beverage Company Class B Common Stock,nasdaqtrader:N:TAP,NAMECLASS:MOLSON COORS BEVERAGE COMPANY,,common_equity,eligible,N,,,42.61,54.38,,128181421.36968254,3.8255360623781653,-0.35079513564078013,-11.871768355739409,-17.342386032977686,21.643986759838185,34.43412220115309,277.0,full,usable,2026-08-20,conditional,87.71,100.0,,,73.0,92.0,92.0,100.0,2.2.0,c8f1bf1665a8c5dfb834c0571e7dd5f6b6e5ccd00eab00295338bd42cfde549b
TAP.A,Molson Coors Beverage Company Class A Common Stock,nasdaqtrader:N:TAP.A,NAMECLASS:MOLSON COORS BEVERAGE COMPANY,,common_equity,eligible,N,,,41.76,55.92,,4953.655396825397,1.8536585365853675,0.8452064718666996,-17.9083939453509,-21.23726895511129,25.321888412017167,57.33058393855311,277.0,full,usable,2026-08-20,rejected,68.0,100.0,,,73.0,92.0,0.0,100.0,2.2.0,c8f1bf1665a8c5dfb834c0571e7dd5f6b6e5ccd00eab00295338bd42cfde549b
TARA,"Protara Therapeutics, Inc.  - Common Stock",nasdaqtrader:Q:TARA,SECURITY:TARA:nasdaqtrader:Q:TARA,,common_equity,eligible,Q,,,3.9,7.56,,2611388.6768253967,-4.4117647058823595,-18.067226890756306,-45.45454545454546,27.868852459016402,48.412698412698404,32.49378649578399,277.0,full,usable,2026-08-20,conditional,82.71,100.0,,,87.0,95.0,45.0,100.0,2.2.0,c8f1bf1665a8c5dfb834c0571e7dd5f6b6e5ccd00eab00295338bd42cfde549b
TARS,"Tarsus Pharmaceuticals, Inc. - Common Stock",nasdaqtrader:Q:TARS,SECURITY:TARS:nasdaqtrader:Q:TARS,,common_equity,eligible,Q,,,71.505,82.51,,59024684.17230159,24.18374435567905,10.364253742861539,9.101312175770504,33.15642458100556,13.33777723912254,52.26857535596999,277.0,full,usable,2026-08-20,conditional,82.14,100.0,,,75.0,82.0,80.0,100.0,2.2.0,c8f1bf1665a8c5dfb834c0571e7dd5f6b6e5ccd00eab00295338bd42cfde549b
TASK,"TaskUs, Inc. - Class A Common Stock",nasdaqtrader:Q:TASK,NAMECLASS:TASKUS INC,,common_equity,eligible,Q,,,7.76,18.21,,4394728.228571428,32.64957264957265,28.903654485049834,-25.16875602700096,-55.196304849884534,57.38605161998902,92.42398014281125,277.0,full,usable,2026-08-20,conditional,64.64,100.0,,,55.0,70.0,45.0,100.0,2.2.0,c8f1bf1665a8c5dfb834c0571e7dd5f6b6e5ccd00eab00295338bd42cfde549b
TATT,TAT Technologies Ltd. - Ordinary Shares,nasdaqtrader:Q:TATT,SECURITY:TATT:nasdaqtrader:Q:TATT,,common_equity,eligible,Q,,,36.23,61.105,,9240994.05531746,-12.593486127864907,-8.371269600404663,-31.641509433962266,0.9614044865542626,40.70861631617707,53.24209496511225,277.0,full,usable,2026-08-20,conditional,84.07,100.0,,,79.0,95.0,62.0,100.0,2.2.0,c8f1bf1665a8c5dfb834c0571e7dd5f6b6e5ccd00eab00295338bd42cfde549b
TAYD,"Taylor Devices, Inc. - Common Stock",nasdaqtrader:Q:TAYD,SECURITY:TAYD:nasdaqtrader:Q:TAYD,,common_equity,eligible,Q,,,55.79,89.95,,2245845.909603175,0.968238168491542,9.135367762128332,-33.8196915776987,23.97777777777779,37.976653696498055,41.0661040315754,277.0,full,usable,2026-08-20,conditional,79.29,100.0,,,75.0,95.0,45.0,100.0,2.2.0,c8f1bf1665a8c5dfb834c0571e7dd5f6b6e5ccd00eab00295338bd42cfde549b
TBBB,BBB Foods Inc. Class A Common Shares,nasdaqtrader:N:TBBB,NAMECLASS:BBB FOODS INC,,common_equity,eligible,N,,,49.77,49.77,,33013940.990793653,23.101657185258475,33.82629739177201,30.52714398111722,94.1865001950839,0.0,52.878255384747796,277.0,full,usable,2026-08-20,conditional,55.86,100.0,,,73.0,10.0,80.0,100.0,2.2.0,c8f1bf1665a8c5dfb834c0571e7dd5f6b6e5ccd00eab00295338bd42cfde549b
TBBK,"The Bancorp, Inc. - Common Stock",nasdaqtrader:Q:TBBK,SECURITY:TBBK:nasdaqtrader:Q:TBBK,,common_equity,eligible,Q,,,66.91,80.34,,25955687.627777778,0.6468110709987762,21.87613843351548,15.641202903560302,1.64058939693148,16.716455065969637,30.937680903018176,277.0,full,usable,2026-08-20,conditional,77.0,100.0,,,57.0,82.0,80.0,100.0,2.2.0,c8f1bf1665a8c5dfb834c0571e7dd5f6b6e5ccd00eab00295338bd42cfde549b
TBCH,Turtle Beach Corporation - Common Stock,nasdaqtrader:Q:TBCH,SECURITY:TBCH:nasdaqtrader:Q:TBCH,,common_equity,eligible,Q,,,12.13,17.09,,4214823.564761905,-1.8608414239482118,13.25863678804855,1.7617449664429685,-23.2764073371284,29.02282036278525,67.89870282135033,277.0,full,usable,2026-08-20,conditional,74.21,100.0,,,61.0,92.0,45.0,100.0,2.2.0,c8f1bf1665a8c5dfb834c0571e7dd5f6b6e5ccd00eab00295338bd42cfde549b
TBI,"TrueBlue, Inc. Common Stock",nasdaqtrader:N:TBI,SECURITY:TBI:nasdaqtrader:N:TBI,,common_equity,eligible,N,,,10.53,10.85,,2603216.74015873,26.107784431137727,93.5661764705882,169.309462915601,77.87162162162163,2.9493087557603714,92.74462639985957,277.0,full,usable,2026-08-20,conditional,48.36,100.0,,,73.0,10.0,45.0,100.0,2.2.0,c8f1bf1665a8c5dfb834c0571e7dd5f6b6e5ccd00eab00295338bd42cfde549b
TBLA,Taboola.com Ltd. - Ordinary Shares,nasdaqtrader:Q:TBLA,SECURITY:TBLA:nasdaqtrader:Q:TBLA,,common_equity,eligible,Q,,,3.685,5.58,,15224488.468650794,-25.10162601626016,-25.25354969574036,12.347560975609762,12.691131498470941,33.96057347670251,101.28031452050048,277.0,full,usable,2026-08-20,conditional,83.0,100.0,,,79.0,92.0,62.0,100.0,2.2.0,c8f1bf1665a8c5dfb834c0571e7dd5f6b6e5ccd00eab00295338bd42cfde549b
TBN,Tamboran Resources Corporation Common stock,nasdaqtrader:N:TBN,SECURITY:TBN:nasdaqtrader:N:TBN,,common_equity,eligible,N,,,37.97,49.99,,6779331.031746032,9.518315546582045,5.648302726766841,26.56666666666667,85.49096238397655,24.044808961792363,37.86327057238479,277.0,full,usable,2026-08-20,conditional,81.29,100.0,,,73.0,92.0,62.0,100.0,2.2.0,c8f1bf1665a8c5dfb834c0571e7dd5f6b6e5ccd00eab00295338bd42cfde549b
TBPH,"Theravance Biopharma, Inc. - Ordinary Shares",nasdaqtrader:Q:TBPH,SECURITY:TBPH:nasdaqtrader:Q:TBPH,,common_equity,eligible,Q,,,16.95,20.74,,10687670.507142859,0.8328375966686563,2.4169184290030232,-12.76376737004632,26.02230483271375,18.273866923818705,3.4478098709091327,277.0,full,usable,2026-08-20,conditional,81.71,100.0,,,87.0,82.0,62.0,100.0,2.2.0,c8f1bf1665a8c5dfb834c0571e7dd5f6b6e5ccd00eab00295338bd42cfde549b
TC,Token Cat Limited - American Depositary Shares,nasdaqtrader:Q:TC,SECURITY:TC:nasdaqtrader:Q:TC,,adr,eligible,Q,,,2.15,18.82,,6596689.121680953,6.9651741293532465,-76.82715211088478,-82.28980469361362,-82.23140495867769,88.5759829968119,131.93129601849444,277.0,full,usable,2026-08-20,conditional,38.29,100.0,,,0.0,30.0,62.0,100.0,2.2.0,c8f1bf1665a8c5dfb834c0571e7dd5f6b6e5ccd00eab00295338bd42cfde549b
TCBI,"Texas Capital Bancshares, Inc. - Common Stock",nasdaqtrader:Q:TCBI,SECURITY:TCBI:nasdaqtrader:Q:TCBI,,common_equity,eligible,Q,,,98.04,107.74,,51685322.585079364,-4.732290350791946,-0.7189873417721482,-6.307339449541283,17.286756789089598,9.003155745312785,22.589717872774408,277.0,full,usable,2026-08-20,conditional,85.57,100.0,,,87.0,82.0,80.0,100.0,2.2.0,c8f1bf1665a8c5dfb834c0571e7dd5f6b6e5ccd00eab00295338bd42cfde549b
TCBK,TriCo Bancshares - Common Stock,nasdaqtrader:Q:TCBK,SECURITY:TCBK:nasdaqtrader:Q:TCBK,,common_equity,eligible,Q,,,55.68,61.62,,18247532.86269841,-6.404437720625323,10.039525691699591,10.872162485065706,30.063069376313933,9.639727361246342,38.41318686148722,277.0,full,usable,2026-08-20,conditional,78.29,100.0,,,75.0,82.0,62.0,100.0,2.2.0,c8f1bf1665a8c5dfb834c0571e7dd5f6b6e5ccd00eab00295338bd42cfde549b
TCBS,"Texas Community Bancshares, Inc. - Common Stock",nasdaqtrader:Q:TCBS,SECURITY:TCBS:nasdaqtrader:Q:TCBS,,common_equity,eligible,Q,,,17.53,18.49,,43157.79964444445,0.4009163802978222,5.7616892911010575,3.7278106508875863,9.699624530663332,5.191995673336924,14.432589894091727,277.0,full,usable,2026-08-20,rejected,43.43,100.0,,,67.0,28.0,0.0,100.0,2.2.0,c8f1bf1665a8c5dfb834c0571e7dd5f6b6e5ccd00eab00295338bd42cfde549b
TCBX,"Third Coast Bancshares, Inc. Common Stock",nasdaqtrader:N:TCBX,SECURITY:TCBX:nasdaqtrader:N:TCBX,,common_equity,eligible,N,,,45.29,46.13,,4861230.313650793,12.830094668659697,19.846520243450637,8.064900978286804,17.149508535954496,1.8209408194233778,26.564006083984825,277.0,full,usable,2026-08-20,conditional,48.93,100.0,,,75.0,10.0,45.0,100.0,2.2.0,c8f1bf1665a8c5dfb834c0571e7dd5f6b6e5ccd00eab00295338bd42cfde549b
TCI,"Transcontinental Realty Investors, Inc. Common Stock",nasdaqtrader:N:TCI,SECURITY:TCI:nasdaqtrader:N:TCI,,common_equity,eligible,N,,,37.34,58.91,,941795.6104761905,-9.126308104161595,3.5209315220404935,-18.453810875737055,-18.613775065387962,36.61517569173315,55.20111861049146,277.0,full,usable,2026-08-20,rejected,69.07,100.0,,,73.0,95.0,0.0,100.0,2.2.0,c8f1bf1665a8c5dfb834c0571e7dd5f6b6e5ccd00eab00295338bd42cfde549b
TCMD,"Tactile Systems Technology, Inc. - Common Stock",nasdaqtrader:Q:TCMD,SECURITY:TCMD:nasdaqtrader:Q:TCMD,,common_equity,eligible,Q,,,23.43,33.05,,7756130.114920635,-15.170166545981179,-5.676328502415462,-17.061946902654867,82.19284603421461,29.10741301059001,65.88762148139054,277.0,full,usable,2026-08-20,conditional,87.57,100.0,,,95.0,92.0,62.0,100.0,2.2.0,c8f1bf1665a8c5dfb834c0571e7dd5f6b6e5ccd00eab00295338bd42cfde549b
TCOM,Trip.com Group Limited - American Depositary Shares,nasdaqtrader:Q:TCOM,SECURITY:TCOM:nasdaqtrader:Q:TCOM,,adr,eligible,Q,,,46.43,78.96,,144417282.5836508,9.041803663691873,-4.386326194398682,-16.10046982291291,-28.415047795251315,41.19807497467072,29.08910883470147,277.0,full,usable,2026-08-20,conditional,87.07,100.0,,,67.0,95.0,92.0,100.0,2.2.0,c8f1bf1665a8c5dfb834c0571e7dd5f6b6e5ccd00eab00295338bd42cfde549b
TCRX,"TScan Therapeutics, Inc. - Common Stock",nasdaqtrader:Q:TCRX,SECURITY:TCRX:nasdaqtrader:Q:TCRX,,common_equity,eligible,Q,,,0.7762,2.52,,578983.530673016,-13.726797821496062,-21.958576312085263,-23.901960784313726,-53.79761904761904,69.1984126984127,64.02164585580951,277.0,full,usable,2026-08-20,rejected,44.14,100.0,,,67.0,30.0,0.0,100.0,2.2.0,c8f1bf1665a8c5dfb834c0571e7dd5f6b6e5ccd00eab00295338bd42cfde549b
TCX,Tucows Inc. - Common Stock,nasdaqtrader:Q:TCX,SECURITY:TCX:nasdaqtrader:Q:TCX,,common_equity,eligible,Q,,,9.88,24.9,,883594.237142857,5.218317358892444,-34.17721518987341,-43.73576309794988,-46.59459459459458,60.32128514056224,166.56985668431335,277.0,full,usable,2026-08-20,rejected,58.43,100.0,,,67.0,70.0,0.0,100.0,2.2.0,c8f1bf1665a8c5dfb834c0571e7dd5f6b6e5ccd00eab00295338bd42cfde549b
TD,Toronto Dominion Bank (The) Common Stock,nasdaqtrader:N:TD,SECURITY:TD:nasdaqtrader:N:TD,,common_equity,eligible,N,,,116.85,124.8,,304875304.20365083,-3.668590272052763,6.634422339843038,21.960129422815978,59.39162460782974,6.370192307692313,21.723651781423875,277.0,full,usable,2026-08-20,conditional,64.86,100.0,,,73.0,28.0,92.0,100.0,2.2.0,c8f1bf1665a8c5dfb834c0571e7dd5f6b6e5ccd00eab00295338bd42cfde549b
TDAY,"USA TODAY Co., Inc. Common Stock",nasdaqtrader:N:TDAY,SECURITY:TDAY:nasdaqtrader:N:TDAY,,common_equity,eligible,N,,,6.52,9.03,,15309752.300317459,-23.56389214536928,-12.483221476510076,7.947019867549665,57.869249394673126,27.796234772978956,51.416691962845206,277.0,full,usable,2026-08-20,conditional,87.57,100.0,,,95.0,92.0,62.0,100.0,2.2.0,c8f1bf1665a8c5dfb834c0571e7dd5f6b6e5ccd00eab00295338bd42cfde549b
TDC,Teradata Corporation Common Stock,nasdaqtrader:N:TDC,SECURITY:TDC:nasdaqtrader:N:TDC,,common_equity,eligible,N,,,27.57,37.88,,97549274.8347619,-1.8511925952296227,-16.70694864048339,-14.16562889165628,30.53977272727273,27.217529039070754,92.95841277541273,277.0,full,usable,2026-08-20,conditional,89.14,100.0,,,87.0,92.0,80.0,100.0,2.2.0,c8f1bf1665a8c5dfb834c0571e7dd5f6b6e5ccd00eab00295338bd42cfde549b
TDG,Transdigm Group Incorporated Common Stock,nasdaqtrader:N:TDG,SECURITY:TDG:nasdaqtrader:N:TDG,,common_equity,eligible,N,,,1180.4,1450.0,,506975278.2431746,-1.196953210010876,-1.476516789222837,-11.25679444866291,-15.551803574239143,18.593103448275862,29.510460442222165,277.0,full,usable,2026-08-20,conditional,85.86,100.0,,,73.0,82.0,100.0,100.0,2.2.0,c8f1bf1665a8c5dfb834c0571e7dd5f6b6e5ccd00eab00295338bd42cfde549b
TDIC,Dreamland Limited - Class A Ordinary Shares,nasdaqtrader:Q:TDIC,NAMECLASS:DREAMLAND LIMITED,,common_equity,eligible,Q,,,2.55,908.75,,10160381.053650793,-12.06896551724138,-82.73527420446851,-89.06986712387483,-99.48484848484848,99.7193947730399,83.18589840189749,272.0,full,usable,2026-08-20,conditional,38.29,100.0,,,0.0,30.0,62.0,100.0,2.2.0,c8f1bf1665a8c5dfb834c0571e7dd5f6b6e5ccd00eab00295338bd42cfde549b
TDOC,"Teladoc Health, Inc. Common Stock",nasdaqtrader:N:TDOC,SECURITY:TDOC:nasdaqtrader:N:TDOC,,common_equity,eligible,N,,,6.49,9.72,,37753627.5663492,-27.24215246636771,0.15432098765431057,32.991803278688536,-11.580381471389645,33.23045267489712,109.79227234505957,277.0,full,usable,2026-08-20,conditional,82.29,100.0,,,63.0,92.0,80.0,100.0,2.2.0,c8f1bf1665a8c5dfb834c0571e7dd5f6b6e5ccd00eab00295338bd42cfde549b
TDS,"Telephone and Data Systems, Inc. Common Shares",nasdaqtrader:N:TDS,SECURITY:TDS:nasdaqtrader:N:TDS,,common_equity,eligible,N,,,34.71,47.59,,41981144.644761905,2.661934338952965,-16.562500000000004,-23.78129117259552,-11.068408916218297,27.064509350703936,38.88545052534704,277.0,full,usable,2026-08-20,conditional,85.14,100.0,,,73.0,92.0,80.0,100.0,2.2.0,c8f1bf1665a8c5dfb834c0571e7dd5f6b6e5ccd00eab00295338bd42cfde549b
TDUP,ThredUp Inc. - Class A Common Stock,nasdaqtrader:Q:TDUP,NAMECLASS:THREDUP INC,,common_equity,eligible,Q,,,2.75,12.08,,11195633.28642857,-54.4701986754967,-35.897435897435905,-42.94605809128631,-74.0321057601511,77.23509933774835,209.888104355331,277.0,full,usable,2026-08-20,conditional,51.71,100.0,,,47.0,30.0,62.0,100.0,2.2.0,c8f1bf1665a8c5dfb834c0571e7dd5f6b6e5ccd00eab00295338bd42cfde549b
TDW,Tidewater Inc. Common Stock,nasdaqtrader:N:TDW,SECURITY:TDW:nasdaqtrader:N:TDW,,common_equity,eligible,N,,,96.49,96.49,,54747157.05857143,25.24662512980269,14.10832544938505,30.656736628300617,70.53729232944504,0.0,66.66916848848251,277.0,full,usable,2026-08-20,conditional,55.86,100.0,,,73.0,10.0,80.0,100.0,2.2.0,c8f1bf1665a8c5dfb834c0571e7dd5f6b6e5ccd00eab00295338bd42cfde549b
TDY,Teledyne Technologies Incorporated Common Stock,nasdaqtrader:N:TDY,SECURITY:TDY:nasdaqtrader:N:TDY,,common_equity,eligible,N,,,633.95,691.3,,233548491.94809523,-2.544196771714058,3.215564962552908,-4.8623095970586006,16.717297247537523,8.295964125560529,24.129843804827146,277.0,full,usable,2026-08-20,conditional,88.14,100.0,,,87.0,82.0,92.0,100.0,2.2.0,c8f1bf1665a8c5dfb834c0571e7dd5f6b6e5ccd00eab00295338bd42cfde549b
TE,T1 Energy Inc. Common Stock,nasdaqtrader:N:TE,SECURITY:TE:nasdaqtrader:N:TE,,common_equity,eligible,N,,,4.36,12.04,,297292062.0725397,-27.694859038142617,-49.88505747126436,-30.903328050713142,198.6301369863014,63.78737541528239,120.77536402349406,277.0,full,usable,2026-08-20,conditional,82.71,100.0,,,83.0,70.0,92.0,100.0,2.2.0,c8f1bf1665a8c5dfb834c0571e7dd5f6b6e5ccd00eab00295338bd42cfde549b
TEAM,Atlassian Corporation  - Class A Common Stock,nasdaqtrader:Q:TEAM,NAMECLASS:ATLASSIAN CORPORATION,,common_equity,eligible,Q,,,174.92,182.36,,536925143.353492,104.82435597189692,102.85283544010201,117.9416895090954,5.24035858251608,4.079842070629535,112.21164850683351,277.0,full,usable,2026-08-20,conditional,55.57,100.0,,,57.0,10.0,100.0,100.0,2.2.0,c8f1bf1665a8c5dfb834c0571e7dd5f6b6e5ccd00eab00295338bd42cfde549b
TECH,Bio-Techne Corp - Common Stock,nasdaqtrader:Q:TECH,SECURITY:TECH:nasdaqtrader:Q:TECH,,common_equity,eligible,Q,,,72.28,72.48,,323723701.86769843,0.6965728615213163,54.77516059957173,24.08583690987125,31.72954255513032,0.2759381898454816,4.422148859056221,277.0,full,usable,2026-08-20,conditional,56.14,100.0,,,65.0,10.0,92.0,100.0,2.2.0,c8f1bf1665a8c5dfb834c0571e7dd5f6b6e5ccd00eab00295338bd42cfde549b
TECK,Teck Resources Ltd Ordinary Shares,nasdaqtrader:N:TECK,SECURITY:TECK:nasdaqtrader:N:TECK,,common_equity,eligible,N,,,66.16,70.56,,196286022.49968255,15.644118161160625,8.069258412283563,11.587114184516768,110.70063694267516,6.235827664399096,47.21141731376619,277.0,full,usable,2026-08-20,conditional,67.71,100.0,,,83.0,28.0,92.0,100.0,2.2.0,c8f1bf1665a8c5dfb834c0571e7dd5f6b6e5ccd00eab00295338bd42cfde549b
TECX,"Tectonic Therapeutic, Inc. - Common Stock",nasdaqtrader:Q:TECX,SECURITY:TECX:nasdaqtrader:Q:TECX,,common_equity,eligible,Q,,,36.05,37.93,,6076879.300793651,14.118391896169658,25.0,71.66666666666666,52.109704641350206,4.956498813604016,73.88510185334889,277.0,full,usable,2026-08-20,conditional,52.0,100.0,,,73.0,10.0,62.0,100.0,2.2.0,c8f1bf1665a8c5dfb834c0571e7dd5f6b6e5ccd00eab00295338bd42cfde549b
TEL,TE Connectivity plc Ordinary Shares,nasdaqtrader:N:TEL,SECURITY:TEL:nasdaqtrader:N:TEL,,common_equity,eligible,N,,,200.54,249.0,,518674976.41015875,0.12981825444378092,-0.42206663687373025,-13.709122203098111,-1.4012488322926342,19.46184738955824,35.448426254749776,277.0,full,usable,2026-08-20,conditional,85.86,100.0,,,73.0,82.0,100.0,100.0,2.2.0,c8f1bf1665a8c5dfb834c0571e7dd5f6b6e5ccd00eab00295338bd42cfde549b
TELO,"Telomir Pharmaceuticals, Inc. - Common Stock",nasdaqtrader:Q:TELO,SECURITY:TELO:nasdaqtrader:Q:TELO,,common_equity,eligible,Q,,,1.13,1.93,,124930.92514920635,6.603773584905648,-13.740458015267187,0.0,-23.129251700680275,41.450777202072544,96.59797031419946,277.0,full,usable,2026-08-20,rejected,69.07,100.0,,,73.0,95.0,0.0,100.0,2.2.0,c8f1bf1665a8c5dfb834c0571e7dd5f6b6e5ccd00eab00295338bd42cfde549b
TEM,"Tempus AI, Inc. - Class A Common Stock",nasdaqtrader:Q:TEM,NAMECLASS:TEMPUS AI INC,,common_equity,eligible,Q,,,66.63,103.25,,335076822.3336508,41.886712095400334,45.2266782911944,11.124082721814531,-8.82594417077176,35.46731234866829,98.02581914352257,277.0,full,usable,2026-08-20,conditional,85.36,100.0,,,61.0,95.0,92.0,100.0,2.2.0,c8f1bf1665a8c5dfb834c0571e7dd5f6b6e5ccd00eab00295338bd42cfde549b
TEN,Tsakos Energy Navigation Ltd Common Shares,nasdaqtrader:N:TEN,SECURITY:TEN:nasdaqtrader:N:TEN,,common_equity,eligible,N,,,42.32,44.47,,10412813.830634922,7.275031685678068,-4.0580367263658985,39.43986820428336,112.0240480961924,4.834720035979312,32.500718610878984,277.0,full,usable,2026-08-20,conditional,55.43,100.0,,,85.0,10.0,62.0,100.0,2.2.0,c8f1bf1665a8c5dfb834c0571e7dd5f6b6e5ccd00eab00295338bd42cfde549b
TENB,"Tenable Holdings, Inc. - Common Stock",nasdaqtrader:Q:TENB,SECURITY:TENB:nasdaqtrader:Q:TENB,,common_equity,eligible,Q,,,34.11,42.65,,114356181.54428571,3.898872982028645,33.76470588235294,56.324472960586604,11.10749185667752,20.023446658851107,69.18510581008266,277.0,full,usable,2026-08-20,conditional,83.14,100.0,,,57.0,92.0,92.0,100.0,2.2.0,c8f1bf1665a8c5dfb834c0571e7dd5f6b6e5ccd00eab00295338bd42cfde549b
TENX,"Tenax Therapeutics, Inc. - Common Stock",nasdaqtrader:Q:TENX,SECURITY:TENX:nasdaqtrader:Q:TENX,,common_equity,eligible,Q,,,1.785,18.32,,19687714.001825396,-87.93103448275862,-85.125,-85.63958165728077,-70.34883720930232,90.25655021834062,667.1345800143149,277.0,full,usable,2026-08-20,conditional,38.29,100.0,,,0.0,30.0,62.0,100.0,2.2.0,c8f1bf1665a8c5dfb834c0571e7dd5f6b6e5ccd00eab00295338bd42cfde549b
TEO,Telecom Argentina SA,qrgf-resolution-required:N:TEO,SECURITY:TEO:qrgf-resolution-required:N:TEO,,common_equity,eligible,N,,,13.2,15.98,,6369981.84,-5.6468906361687,12.82051282051282,16.299559471365633,41.17647058823528,17.396745932415524,34.17963820188626,277.0,full,usable,2026-08-20,conditional,75.43,100.0,,,65.0,82.0,62.0,100.0,2.2.0,c8f1bf1665a8c5dfb834c0571e7dd5f6b6e5ccd00eab00295338bd42cfde549b
TER,"Teradyne, Inc. - Common Stock",nasdaqtrader:Q:TER,SECURITY:TER:nasdaqtrader:Q:TER,,common_equity,eligible,Q,,,383.23,483.84,,1617453364.876508,3.7270611162236955,11.294069814718032,21.31370686926244,246.43825709636596,20.79406415343914,85.23840299057774,277.0,full,usable,2026-08-20,conditional,89.43,100.0,,,73.0,92.0,100.0,100.0,2.2.0,c8f1bf1665a8c5dfb834c0571e7dd5f6b6e5ccd00eab00295338bd42cfde549b
TEVA,Teva Pharmaceutical Industries Limited American Depositary Shares,nasdaqtrader:N:TEVA,SECURITY:TEVA:nasdaqtrader:N:TEVA,,adr,eligible,N,,,36.81,37.47,,196902217.23301587,22.089552238805975,7.255244755244772,7.2240023303233425,109.624145785877,1.7614091273018273,37.81418426823315,277.0,full,usable,2026-08-20,conditional,61.29,100.0,,,83.0,10.0,92.0,100.0,2.2.0,c8f1bf1665a8c5dfb834c0571e7dd5f6b6e5ccd00eab00295338bd42cfde549b
TEX,Terex Corporation Common Stock,nasdaqtrader:N:TEX,SECURITY:TEX:nasdaqtrader:N:TEX,,common_equity,eligible,N,,,64.2,74.58,,87946329.51523809,-4.279111376174127,11.438986287102937,-6.9025522041763265,26.228863546991743,13.917940466613032,41.33592041375846,277.0,full,usable,2026-08-20,conditional,82.14,100.0,,,75.0,82.0,80.0,100.0,2.2.0,c8f1bf1665a8c5dfb834c0571e7dd5f6b6e5ccd00eab00295338bd42cfde549b
TFC,Truist Financial Corporation Common Stock,nasdaqtrader:N:TFC,SECURITY:TFC:nasdaqtrader:N:TFC,,common_equity,eligible,N,,,50.23,55.81,,440319659.69206345,-2.8996713705780053,4.645833333333327,-2.9934337582078085,13.69397917609778,9.998208206414628,18.421609506290913,277.0,full,usable,2026-08-20,conditional,85.86,100.0,,,79.0,82.0,92.0,100.0,2.2.0,c8f1bf1665a8c5dfb834c0571e7dd5f6b6e5ccd00eab00295338bd42cfde549b
TFII,TFI International Inc. Common Shares,nasdaqtrader:N:TFII,SECURITY:TFII:nasdaqtrader:N:TFII,,common_equity,eligible,N,,,139.52,163.36,,55292431.191269845,-8.475465757019151,-4.97207464923034,17.728461733187075,48.88485753921677,14.59353574926543,40.012515906367675,277.0,full,usable,2026-08-20,conditional,82.71,100.0,,,77.0,82.0,80.0,100.0,2.2.0,c8f1bf1665a8c5dfb834c0571e7dd5f6b6e5ccd00eab00295338bd42cfde549b
TFIN,"Triumph Financial, Inc. Common Stock",nasdaqtrader:N:TFIN,SECURITY:TFIN:nasdaqtrader:N:TFIN,,common_equity,eligible,N,,,73.93,81.08,,19095403.98761905,-8.818450912678822,12.852999542054654,19.318915429309236,37.23779469092261,8.818450912678822,32.432286577459344,277.0,full,usable,2026-08-20,conditional,75.43,100.0,,,65.0,82.0,62.0,100.0,2.2.0,c8f1bf1665a8c5dfb834c0571e7dd5f6b6e5ccd00eab00295338bd42cfde549b
TFPM,Triple Flag Precious Metals Corp. Common Shares,nasdaqtrader:N:TFPM,SECURITY:TFPM:nasdaqtrader:N:TFPM,,common_equity,eligible,N,,,33.29,41.36,,18993406.201428574,13.928815879534561,4.94955863808324,-9.316262598746938,33.85605146763169,19.511605415860732,36.315232783964504,277.0,full,usable,2026-08-20,conditional,81.71,100.0,,,87.0,82.0,62.0,100.0,2.2.0,c8f1bf1665a8c5dfb834c0571e7dd5f6b6e5ccd00eab00295338bd42cfde549b
TFSL,TFS Financial Corporation - Common Stock,nasdaqtrader:Q:TFSL,SECURITY:TFSL:nasdaqtrader:Q:TFSL,,common_equity,eligible,Q,,,17.51,18.61,,15907938.66825397,-4.159824849480009,11.315956770502233,17.123745819398017,32.95368261199698,5.910800644814607,20.455672965805327,277.0,full,usable,2026-08-20,conditional,56.14,100.0,,,65.0,28.0,62.0,100.0,2.2.0,c8f1bf1665a8c5dfb834c0571e7dd5f6b6e5ccd00eab00295338bd42cfde549b
TFX,Teleflex Incorporated Common Stock,nasdaqtrader:N:TFX,SECURITY:TFX:nasdaqtrader:N:TFX,,common_equity,eligible,N,,,134.96,140.12,,72710814.13301587,0.1186943620178127,-0.16274596833850685,20.71556350626118,8.576025744167337,3.6825578075934895,30.70630730376606,277.0,full,usable,2026-08-20,conditional,54.71,100.0,,,69.0,10.0,80.0,100.0,2.2.0,c8f1bf1665a8c5dfb834c0571e7dd5f6b6e5ccd00eab00295338bd42cfde549b
TG,Tredegar Corporation Common Stock,nasdaqtrader:N:TG,SECURITY:TG:nasdaqtrader:N:TG,,common_equity,eligible,N,,,7.86,10.35,,1327619.5561904763,1.5503875968992276,2.6109660574412663,-10.171428571428564,4.521276595744683,24.05797101449275,51.739362669923736,277.0,full,usable,2026-08-20,rejected,69.71,100.0,,,79.0,92.0,0.0,100.0,2.2.0,c8f1bf1665a8c5dfb834c0571e7dd5f6b6e5ccd00eab00295338bd42cfde549b
TGB,Trekor Metals Limited Common Shares,nasdaqtrader:A:TGB,SECURITY:TGB:nasdaqtrader:A:TGB,,common_equity,eligible,A,,,8.69,8.88,,40758124.71047619,14.643799472295505,31.467473524962173,13.298565840938714,182.1428571428571,2.1396396396396566,80.90945633138196,277.0,full,usable,2026-08-20,conditional,58.71,100.0,,,83.0,10.0,80.0,100.0,2.2.0,c8f1bf1665a8c5dfb834c0571e7dd5f6b6e5ccd00eab00295338bd42cfde549b
TGE,The Generation Essentials Group Class A Ordinary Shares,nasdaqtrader:N:TGE,SECURITY:TGE:nasdaqtrader:N:TGE,,common_equity,eligible,N,,,0.9236,3.69,,371825.0571809524,-1.1663991439272325,-16.03636363636365,-39.633986928104584,-72.26426426426427,74.97018970189701,41.46305053995757,277.0,full,usable,2026-08-20,rejected,38.43,100.0,,,47.0,30.0,0.0,100.0,2.2.0,c8f1bf1665a8c5dfb834c0571e7dd5f6b6e5ccd00eab00295338bd42cfde549b
TGEN,Tecogen Inc. Common Stock,nasdaqtrader:A:TGEN,SECURITY:TGEN:nasdaqtrader:A:TGEN,,common_equity,eligible,A,,,3.26,12.07,,1358248.4160317462,-7.909604519774016,-38.49056603773585,-11.413043478260876,-61.915887850467286,72.99088649544325,77.59389326089678,277.0,full,usable,2026-08-20,rejected,44.14,100.0,,,67.0,30.0,0.0,100.0,2.2.0,c8f1bf1665a8c5dfb834c0571e7dd5f6b6e5ccd00eab00295338bd42cfde549b
TGL,Treasure Global Inc. - Common Stock,nasdaqtrader:Q:TGL,SECURITY:TGL:nasdaqtrader:Q:TGL,,common_equity,eligible,Q,,,2.82,27.6,,737991.361968254,-13.761467889908264,-27.877237851662407,-40.50632911392405,-89.55555555555556,89.78260869565217,72.76793056618732,277.0,full,usable,2026-08-20,rejected,38.43,100.0,,,47.0,30.0,0.0,100.0,2.2.0,c8f1bf1665a8c5dfb834c0571e7dd5f6b6e5ccd00eab00295338bd42cfde549b
TGLS,Tecnoglass Holdings Inc. Common Stock,nasdaqtrader:N:TGLS,SECURITY:TGLS:nasdaqtrader:N:TGLS,,common_equity,eligible,N,,,40.58,73.58,,11768092.514126984,-10.260946483856703,-0.7338551859099929,-21.402285492930474,-44.38810470056188,44.84914378907312,51.62075620582499,277.0,full,usable,2026-08-20,conditional,80.64,100.0,,,67.0,95.0,62.0,100.0,2.2.0,c8f1bf1665a8c5dfb834c0571e7dd5f6b6e5ccd00eab00295338bd42cfde549b
TGS,Transportadora de Gas del Sur SA TGS Common Stock,nasdaqtrader:N:TGS,SECURITY:TGS:nasdaqtrader:N:TGS,,common_equity,eligible,N,,,28.12,35.32,,8398484.262857143,-10.673443456162646,-1.7813482361159538,-7.591192901741694,3.878832656076847,20.385050962627403,39.24252706128423,277.0,full,usable,2026-08-20,conditional,83.0,100.0,,,79.0,92.0,62.0,100.0,2.2.0,c8f1bf1665a8c5dfb834c0571e7dd5f6b6e5ccd00eab00295338bd42cfde549b
TGT,Target Corporation Common Stock,nasdaqtrader:N:TGT,SECURITY:TGT:nasdaqtrader:N:TGT,,common_equity,eligible,N,,,158.25,159.0,,621984762.1874603,14.740429234338759,29.36319790729993,36.82344803735087,50.19931662870158,0.4716981132075526,25.787622828648328,277.0,full,usable,2026-08-20,conditional,60.14,100.0,,,73.0,10.0,100.0,100.0,2.2.0,c8f1bf1665a8c5dfb834c0571e7dd5f6b6e5ccd00eab00295338bd42cfde549b
TGTX,"TG Therapeutics, Inc. - Common Stock",nasdaqtrader:Q:TGTX,SECURITY:TGTX:nasdaqtrader:Q:TGTX,,common_equity,eligible,Q,,,50.56,59.06,,119694306.85436508,-4.02429764616552,27.16297786720323,71.62253903598099,81.08882521489971,14.392143582797157,50.9857329840655,277.0,full,usable,2026-08-20,conditional,84.14,100.0,,,73.0,82.0,92.0,100.0,2.2.0,c8f1bf1665a8c5dfb834c0571e7dd5f6b6e5ccd00eab00295338bd42cfde549b
TH,Target Hospitality Corp. - Common Stock,nasdaqtrader:Q:TH,SECURITY:TH:nasdaqtrader:Q:TH,,common_equity,eligible,Q,,,17.63,20.52,,23022464.593968254,5.505685218432066,-3.450164293537805,152.21745350500714,104.99999999999999,14.083820662768032,54.9024961922053,277.0,full,usable,2026-08-20,conditional,81.14,100.0,,,85.0,82.0,62.0,100.0,2.2.0,c8f1bf1665a8c5dfb834c0571e7dd5f6b6e5ccd00eab00295338bd42cfde549b
THC,Tenet Healthcare Corporation Common Stock,nasdaqtrader:N:THC,SECURITY:THC:nasdaqtrader:N:THC,,common_equity,eligible,N,,,272.6,272.6,,259362155.2173016,39.54440747376504,45.456485779841,19.519466853735533,53.120260630230874,0.0,62.77035801682624,277.0,full,usable,2026-08-20,conditional,58.43,100.0,,,73.0,10.0,92.0,100.0,2.2.0,c8f1bf1665a8c5dfb834c0571e7dd5f6b6e5ccd00eab00295338bd42cfde549b
THCH,TH International Limited - Ordinary shares,nasdaqtrader:Q:THCH,SECURITY:THCH:nasdaqtrader:Q:THCH,,common_equity,eligible,Q,,,1.12,2.74,,13066.07161904762,-34.11764705882352,-42.85714285714285,-40.10695187165775,-56.58914728682169,59.12408759124088,98.38892019794898,277.0,full,usable,2026-08-20,rejected,58.43,100.0,,,67.0,70.0,0.0,100.0,2.2.0,c8f1bf1665a8c5dfb834c0571e7dd5f6b6e5ccd00eab00295338bd42cfde549b
THFF,First Financial Corporation  - Common Stock,nasdaqtrader:Q:THFF,SECURITY:THFF:nasdaqtrader:Q:THFF,,common_equity,eligible,Q,,,79.07,82.79,,8267317.56063492,4.909115032506284,15.95541868309136,19.9302290307902,43.061335263253106,4.493296291822702,22.707917737355483,277.0,full,usable,2026-08-20,conditional,49.71,100.0,,,65.0,10.0,62.0,100.0,2.2.0,c8f1bf1665a8c5dfb834c0571e7dd5f6b6e5ccd00eab00295338bd42cfde549b
THG,Hanover Insurance Group Inc,qrgf-resolution-required:N:THG,SECURITY:THG:qrgf-resolution-required:N:THG,,common_equity,eligible,N,,,223.11,232.63,,68825496.9442857,4.810447691079056,14.674136513157897,27.404065783462773,29.21927487547782,4.092335468340281,24.358286497334504,277.0,full,usable,2026-08-20,conditional,53.57,100.0,,,65.0,10.0,80.0,100.0,2.2.0,c8f1bf1665a8c5dfb834c0571e7dd5f6b6e5ccd00eab00295338bd42cfde549b
THM,"International Tower Hill Mines, Ltd. Ordinary Shares (Canada)",nasdaqtrader:A:THM,SECURITY:THM:nasdaqtrader:A:THM,,common_equity,eligible,A,,,2.78,3.61,,2462728.5487301587,29.90654205607475,13.934426229508201,8.171206225680926,139.6551724137931,22.991689750692522,93.68557235686275,277.0,full,usable,2026-08-20,conditional,80.5,100.0,,,83.0,92.0,45.0,100.0,2.2.0,c8f1bf1665a8c5dfb834c0571e7dd5f6b6e5ccd00eab00295338bd42cfde549b
THO,"Thor Industries, Inc. Common Stock",nasdaqtrader:N:THO,SECURITY:THO:nasdaqtrader:N:THO,,common_equity,eligible,N,,,78.74,120.34,,55897663.96857143,1.4690721649484484,5.323702514713746,-30.466266336983395,-26.77392355621687,34.56872195446237,34.43940284729122,277.0,full,usable,2026-08-20,conditional,80.0,100.0,,,55.0,92.0,80.0,100.0,2.2.0,c8f1bf1665a8c5dfb834c0571e7dd5f6b6e5ccd00eab00295338bd42cfde549b
THRM,Gentherm Inc - Common Stock,nasdaqtrader:Q:THRM,SECURITY:THRM:nasdaqtrader:Q:THRM,,common_equity,eligible,Q,,,40.68,45.61,,16174721.113650793,12.843273231622753,30.384615384615387,29.926541041200892,15.110356536502545,10.809033106774834,79.51889674628949,277.0,full,usable,2026-08-20,conditional,75.43,100.0,,,65.0,82.0,62.0,100.0,2.2.0,c8f1bf1665a8c5dfb834c0571e7dd5f6b6e5ccd00eab00295338bd42cfde549b
THRY,"Thryv Holdings, Inc. - Common Stock",nasdaqtrader:Q:THRY,SECURITY:THRY:nasdaqtrader:Q:THRY,,common_equity,eligible,Q,,,2.045,13.8,,2578648.062936508,-46.46596858638743,-45.8994708994709,-46.184210526315795,-84.53101361573374,85.18115942028986,133.2030534159921,277.0,full,usable,2026-08-20,conditional,44.64,100.0,,,35.0,30.0,45.0,100.0,2.2.0,c8f1bf1665a8c5dfb834c0571e7dd5f6b6e5ccd00eab00295338bd42cfde549b
TIC,"TIC Solutions, Inc. Common Stock",nasdaqtrader:N:TIC,SECURITY:TIC:nasdaqtrader:N:TIC,,common_equity,eligible,N,,,9.02,14.49,,17558885.167936508,25.801952580195262,5.005820721769494,-6.5284974093264285,-9.346733668341711,37.750172532781235,66.86946474474108,277.0,full,usable,2026-08-20,conditional,78.93,100.0,,,61.0,95.0,62.0,100.0,2.2.0,c8f1bf1665a8c5dfb834c0571e7dd5f6b6e5ccd00eab00295338bd42cfde549b
TIGO,Millicom International Cellular S.A. - Common Stock,nasdaqtrader:Q:TIGO,SECURITY:TIGO:nasdaqtrader:Q:TIGO,,common_equity,eligible,Q,,,90.5,104.31,,161913553.22190475,-7.520948293480478,7.597194150517184,41.51681000781859,104.98301245753115,13.239382609529294,54.977059015681405,277.0,full,usable,2026-08-20,conditional,84.14,100.0,,,73.0,82.0,92.0,100.0,2.2.0,c8f1bf1665a8c5dfb834c0571e7dd5f6b6e5ccd00eab00295338bd42cfde549b
TIGR,UP Fintech Holding Limited - American Depositary Shares representing fifteen Class A Ordinary Shares,nasdaqtrader:Q:TIGR,SECURITY:TIGR:nasdaqtrader:Q:TIGR,,adr,eligible,Q,,,5.07,12.99,,20127253.86301587,0.9960159362550014,-13.921901528013569,-37.174721189591075,-49.801980198019805,60.96997690531178,38.48925969661083,277.0,full,usable,2026-08-20,conditional,71.71,100.0,,,67.0,70.0,62.0,100.0,2.2.0,c8f1bf1665a8c5dfb834c0571e7dd5f6b6e5ccd00eab00295338bd42cfde549b
TII,Titan Mining Corporation Common Shares,nasdaqtrader:A:TII,SECURITY:TII:nasdaqtrader:A:TII,,common_equity,eligible,A,,,2.46,5.14,,2341868.594603175,14.418604651162802,3.797468354430378,-30.508474576271183,,52.140077821011666,77.46099718656909,186.0,limited_but_usable,usable,2026-08-20,conditional,65.79,100.0,,,59.0,70.0,45.0,100.0,2.2.0,c8f1bf1665a8c5dfb834c0571e7dd5f6b6e5ccd00eab00295338bd42cfde549b
TIL,"Instil Bio, Inc. - Common Stock",nasdaqtrader:Q:TIL,SECURITY:TIL:nasdaqtrader:Q:TIL,,common_equity,eligible,Q,,,7.415,31.5,,108545.77301587301,2.2758620689655285,-7.54364089775561,-21.947368421052627,-70.92156862745098,76.46031746031746,20.257598753499963,277.0,full,usable,2026-08-20,rejected,38.43,100.0,,,47.0,30.0,0.0,100.0,2.2.0,c8f1bf1665a8c5dfb834c0571e7dd5f6b6e5ccd00eab00295338bd42cfde549b
TILE,"Interface, Inc. - Common Stock",nasdaqtrader:Q:TILE,SECURITY:TILE:nasdaqtrader:Q:TILE,,common_equity,eligible,Q,,,39.08,39.32,,17623921.690793652,19.401161014359914,35.930434782608685,18.928788800973816,44.84803558191253,0.6103763987792554,36.70849132225827,277.0,full,usable,2026-08-20,conditional,49.71,100.0,,,65.0,10.0,62.0,100.0,2.2.0,c8f1bf1665a8c5dfb834c0571e7dd5f6b6e5ccd00eab00295338bd42cfde549b
TIMB,TIM S.A. American Depositary Shares (Each representing 5 Common Shares),nasdaqtrader:N:TIMB,SECURITY:TIMB:nasdaqtrader:N:TIMB,,adr,eligible,N,,,17.47,27.96,,8890847.988412699,-20.6630336058129,-22.45894363071461,-32.65227447956824,-13.898472153770335,37.517882689556515,35.05970595475407,277.0,full,usable,2026-08-20,conditional,82.36,100.0,,,73.0,95.0,62.0,100.0,2.2.0,c8f1bf1665a8c5dfb834c0571e7dd5f6b6e5ccd00eab00295338bd42cfde549b
TIPT,Tiptree Inc. - Common Stock,nasdaqtrader:Q:TIPT,SECURITY:TIPT:nasdaqtrader:Q:TIPT,,common_equity,eligible,Q,,,18.335,25.49,,4558713.404285715,2.717086834733884,8.61966824644551,6.598837209302344,-18.727836879432612,28.069831306394654,23.3788874830861,277.0,full,usable,2026-08-20,conditional,74.21,100.0,,,61.0,92.0,45.0,100.0,2.2.0,c8f1bf1665a8c5dfb834c0571e7dd5f6b6e5ccd00eab00295338bd42cfde549b
TISI,"Team, Inc. Common Stock",nasdaqtrader:N:TISI,SECURITY:TISI:nasdaqtrader:N:TISI,,common_equity,eligible,N,,,22.8,23.32,,275936.2014285714,36.52694610778444,43.939393939393945,62.857142857142854,23.110151187904982,2.2298456260720356,97.15274901981186,277.0,full,usable,2026-08-20,rejected,36.43,100.0,,,65.0,10.0,0.0,100.0,2.2.0,c8f1bf1665a8c5dfb834c0571e7dd5f6b6e5ccd00eab00295338bd42cfde549b
TITN,Titan Machinery Inc. - Common Stock,nasdaqtrader:Q:TITN,SECURITY:TITN:nasdaqtrader:Q:TITN,,common_equity,eligible,Q,,,18.09,24.13,,4082415.0532539682,-5.977130977130973,-2.3745277927684882,-11.799122379327166,-8.055908513341803,25.031081641110653,50.84415902668463,277.0,full,usable,2026-08-20,conditional,77.64,100.0,,,73.0,92.0,45.0,100.0,2.2.0,c8f1bf1665a8c5dfb834c0571e7dd5f6b6e5ccd00eab00295338bd42cfde549b
TJGC,TJGC Group Limited - Class A Ordinary Shares,nasdaqtrader:Q:TJGC,NAMECLASS:TJGC GROUP LIMITED,,common_equity,eligible,Q,,,4.64,7.02,,2773885.6174317463,-5.498981670061109,-29.375951293759517,58.52408609497779,1.089324618736387,33.903133903133906,104.30670552070855,277.0,full,usable,2026-08-20,conditional,76.5,100.0,,,69.0,92.0,45.0,100.0,2.2.0,c8f1bf1665a8c5dfb834c0571e7dd5f6b6e5ccd00eab00295338bd42cfde549b
TJX,"TJX Companies, Inc. (The) Common Stock",nasdaqtrader:N:TJX,SECURITY:TJX:nasdaqtrader:N:TJX,,common_equity,eligible,N,,,140.69,168.41,,928158832.2466667,-9.471719966540116,-11.63243514854595,-10.107980320746279,4.508988263259539,16.45983017635533,23.64610998130551,277.0,full,usable,2026-08-20,conditional,87.57,100.0,,,79.0,82.0,100.0,100.0,2.2.0,c8f1bf1665a8c5dfb834c0571e7dd5f6b6e5ccd00eab00295338bd42cfde549b
TK,Teekay Corporation Ltd. Common Stock,nasdaqtrader:N:TK,SECURITY:TK:nasdaqtrader:N:TK,,common_equity,eligible,N,,,13.18,14.15,,6603508.978730158,18.418688230008982,-6.855123674911667,8.210180623973717,77.86774628879891,6.855123674911667,35.95616256362232,277.0,full,usable,2026-08-20,conditional,64.71,100.0,,,95.0,28.0,62.0,100.0,2.2.0,c8f1bf1665a8c5dfb834c0571e7dd5f6b6e5ccd00eab00295338bd42cfde549b
TKC,Turkcell Iletisim Hizmetleri AS Common Stock,nasdaqtrader:N:TKC,SECURITY:TKC:nasdaqtrader:N:TKC,,common_equity,eligible,N,,,5.4,7.15,,12707964.17142857,-8.006814310051102,-10.149750415973369,-21.39737991266375,-7.849829351535831,24.47552447552448,26.694975828233908,277.0,full,usable,2026-08-20,conditional,81.29,100.0,,,73.0,92.0,62.0,100.0,2.2.0,c8f1bf1665a8c5dfb834c0571e7dd5f6b6e5ccd00eab00295338bd42cfde549b
TKLF,"Tokyo Lifestyle Co., Ltd. - American Depositary Shares",nasdaqtrader:Q:TKLF,SECURITY:TKLF:nasdaqtrader:Q:TKLF,,adr,eligible,Q,,,1.79,3.91,,436083.0574587301,-14.35406698564593,-10.878765247697297,-41.11842105263158,-52.236097769238974,54.21994884910486,62.06109251086885,277.0,full,usable,2026-08-20,rejected,58.43,100.0,,,67.0,70.0,0.0,100.0,2.2.0,c8f1bf1665a8c5dfb834c0571e7dd5f6b6e5ccd00eab00295338bd42cfde549b
TKNO,"Alpha Teknova, Inc. - Common Stock",nasdaqtrader:Q:TKNO,SECURITY:TKNO:nasdaqtrader:Q:TKNO,,common_equity,eligible,Q,,,7.0,7.39,,1249067.6853968254,33.58778625954197,89.1891891891892,234.9282296650718,58.73015873015872,5.277401894451961,64.79216701102614,277.0,full,usable,2026-08-20,rejected,45.14,100.0,,,73.0,28.0,0.0,100.0,2.2.0,c8f1bf1665a8c5dfb834c0571e7dd5f6b6e5ccd00eab00295338bd42cfde549b
TKO,"TKO Group Holdings, Inc. Class A Common Stock",nasdaqtrader:N:TKO,NAMECLASS:TKO GROUP HOLDINGS INC,,common_equity,eligible,N,,,195.45,224.96,,259184972.8088889,7.597027250206434,0.6022235948116128,-6.339850488786669,5.705786911844224,13.117887624466585,28.642924436336397,277.0,full,usable,2026-08-20,conditional,85.86,100.0,,,79.0,82.0,92.0,100.0,2.2.0,c8f1bf1665a8c5dfb834c0571e7dd5f6b6e5ccd00eab00295338bd42cfde549b
TKR,Timken Company (The) Common Stock,nasdaqtrader:N:TKR,SECURITY:TKR:nasdaqtrader:N:TKR,,common_equity,eligible,N,,,124.52,145.32,,136027718.7142857,-12.086981078791293,6.245733788395902,16.25431799085053,61.966701352757546,14.31323974676576,38.124285324796666,277.0,full,usable,2026-08-20,conditional,84.14,100.0,,,73.0,82.0,92.0,100.0,2.2.0,c8f1bf1665a8c5dfb834c0571e7dd5f6b6e5ccd00eab00295338bd42cfde549b
TLF,"Tandy Leather Factory, Inc. - common stock",nasdaqtrader:Q:TLF,SECURITY:TLF:nasdaqtrader:Q:TLF,,common_equity,eligible,Q,,,2.59,3.305,,69460.3687857143,7.250817839248014,8.368200836820062,-16.18122977346278,-21.51515151515152,21.63388804841151,21.14702101246077,277.0,full,usable,2026-08-20,rejected,64.57,100.0,,,61.0,92.0,0.0,100.0,2.2.0,c8f1bf1665a8c5dfb834c0571e7dd5f6b6e5ccd00eab00295338bd42cfde549b
TLIH,Ten-League International Holdings Limited - Ordinary Shares,nasdaqtrader:Q:TLIH,SECURITY:TLIH:nasdaqtrader:Q:TLIH,,common_equity,eligible,Q,,,5.7986,7.36,,45729.542414285715,-0.024137931034473592,81.7742946708464,76.41010039549742,-8.683464566929121,21.21467391304348,30.34283870341502,277.0,full,usable,2026-08-20,rejected,61.71,100.0,,,51.0,92.0,0.0,100.0,2.2.0,c8f1bf1665a8c5dfb834c0571e7dd5f6b6e5ccd00eab00295338bd42cfde549b
TLK,"PT Telekomunikasi Indonesia, Tbk",qrgf-resolution-required:N:TLK,SECURITY:TLK:qrgf-resolution-required:N:TLK,,common_equity,eligible,N,,,14.7,23.43,,14565263.49063492,-1.143241425689312,-15.71100917431194,-29.428708593374942,-25.682507583417603,37.259923175416134,23.420484200044957,277.0,full,usable,2026-08-20,conditional,80.64,100.0,,,67.0,95.0,62.0,100.0,2.2.0,c8f1bf1665a8c5dfb834c0571e7dd5f6b6e5ccd00eab00295338bd42cfde549b
TLN,Talen Energy Corporation - Common Stock,nasdaqtrader:Q:TLN,SECURITY:TLN:nasdaqtrader:Q:TLN,,common_equity,eligible,Q,,,316.99,445.84,,318289699.44793653,-16.009114755835828,-7.97480113801311,-16.594748197652997,-13.898848326814427,28.900502422393682,59.605478053134874,277.0,full,usable,2026-08-20,conditional,87.71,100.0,,,73.0,92.0,92.0,100.0,2.2.0,c8f1bf1665a8c5dfb834c0571e7dd5f6b6e5ccd00eab00295338bd42cfde549b
TLNC,Talon Capital Corp. - Class A Ordinary Shares,nasdaqtrader:Q:TLNC,NAMECLASS:TALON CAPITAL CORP,,common_equity,eligible,Q,,,10.24,10.38,,157148.59985555554,-0.5825242718446644,-0.38910505836574627,1.1857707509881577,,1.3487475915221592,3.057164728392391,218.0,limited_but_usable,usable,2026-08-20,rejected,34.71,100.0,,,59.0,10.0,0.0,100.0,2.2.0,c8f1bf1665a8c5dfb834c0571e7dd5f6b6e5ccd00eab00295338bd42cfde549b
TLPH,"Talphera, Inc. - Common Stock",nasdaqtrader:Q:TLPH,SECURITY:TLPH:nasdaqtrader:Q:TLPH,,common_equity,eligible,Q,,,1.19,1.47,,385105.0203015873,-7.751937984496127,44.41747572815533,47.29545735858398,165.625,19.047619047619047,70.86885613133548,277.0,full,usable,2026-08-20,rejected,64.43,100.0,,,73.0,82.0,0.0,100.0,2.2.0,c8f1bf1665a8c5dfb834c0571e7dd5f6b6e5ccd00eab00295338bd42cfde549b
TLRY,"Tilray Brands, Inc. - Common Stock",nasdaqtrader:Q:TLRY,SECURITY:TLRY:nasdaqtrader:Q:TLRY,,common_equity,eligible,Q,,,4.67,21.0,,18593457.87063492,12.259615384615374,-13.678373382624775,-40.81115335868187,-55.94339622641509,77.76190476190476,54.421711472894664,277.0,full,usable,2026-08-20,conditional,57.43,100.0,,,67.0,30.0,62.0,100.0,2.2.0,c8f1bf1665a8c5dfb834c0571e7dd5f6b6e5ccd00eab00295338bd42cfde549b
TLS,Telos Corporation - Common Stock,nasdaqtrader:Q:TLS,SECURITY:TLS:nasdaqtrader:Q:TLS,,common_equity,eligible,Q,,,4.43,7.76,,3239167.9796031746,-1.1160714285714413,-5.341880341880345,7.004830917874405,-21.31438721136768,42.912371134020624,67.40209222640141,277.0,full,usable,2026-08-20,conditional,78.71,100.0,,,73.0,95.0,45.0,100.0,2.2.0,c8f1bf1665a8c5dfb834c0571e7dd5f6b6e5ccd00eab00295338bd42cfde549b
TLSA,Tiziana Life Sciences Ltd - Common Shares,nasdaqtrader:Q:TLSA,SECURITY:TLSA:nasdaqtrader:Q:TLSA,,common_equity,eligible,Q,,,1.12,2.29,,580336.6658714286,18.518518518518533,-30.434782608695656,-19.999999999999986,-36.0,51.09170305676856,84.80705834520411,277.0,full,usable,2026-08-20,rejected,58.43,100.0,,,67.0,70.0,0.0,100.0,2.2.0,c8f1bf1665a8c5dfb834c0571e7dd5f6b6e5ccd00eab00295338bd42cfde549b
TLSI,"TriSalus Life Sciences, Inc. - Common Stock",nasdaqtrader:Q:TLSI,SECURITY:TLSI:nasdaqtrader:Q:TLSI,,common_equity,eligible,Q,,,5.23,7.5,,1394119.807936508,23.349056603773597,61.41975308641976,13.449023861171373,12.473118279569896,30.266666666666666,62.57280786689194,277.0,full,usable,2026-08-20,rejected,66.29,100.0,,,67.0,92.0,0.0,100.0,2.2.0,c8f1bf1665a8c5dfb834c0571e7dd5f6b6e5ccd00eab00295338bd42cfde549b
TLX,Telix Pharmaceuticals Limited - American Depositary Shares,nasdaqtrader:Q:TLX,SECURITY:TLX:nasdaqtrader:Q:TLX,,adr,eligible,Q,,,12.42,12.54,,1688318.1946031747,20.348837209302317,20.81712062256811,85.09687034277198,9.91150442477875,0.9569377990430561,47.996041347163654,277.0,full,usable,2026-08-20,rejected,34.14,100.0,,,57.0,10.0,0.0,100.0,2.2.0,c8f1bf1665a8c5dfb834c0571e7dd5f6b6e5ccd00eab00295338bd42cfde549b
TLYS,"Tilly's, Inc. Common Stock",nasdaqtrader:N:TLYS,SECURITY:TLYS:nasdaqtrader:N:TLYS,,common_equity,eligible,N,,,3.83,5.45,,1211610.4317460319,1.055408970976246,-5.6650246305418595,177.536231884058,151.97368421052633,29.724770642201836,47.97687256572089,277.0,full,usable,2026-08-20,rejected,71.43,100.0,,,85.0,92.0,0.0,100.0,2.2.0,c8f1bf1665a8c5dfb834c0571e7dd5f6b6e5ccd00eab00295338bd42cfde549b
TM,Toyota Motor Corporation Common Stock,nasdaqtrader:N:TM,SECURITY:TM:nasdaqtrader:N:TM,,common_equity,eligible,N,,,192.24,248.29,,88070921.48031746,6.835611870623537,1.2109087080130587,-20.446927374301673,-3.2024169184289963,22.5744089572677,21.46750396511968,277.0,full,usable,2026-08-20,conditional,85.14,100.0,,,73.0,92.0,80.0,100.0,2.2.0,c8f1bf1665a8c5dfb834c0571e7dd5f6b6e5ccd00eab00295338bd42cfde549b
TMC,TMC the metals company Inc. - Common Stock,nasdaqtrader:Q:TMC,SECURITY:TMC:nasdaqtrader:Q:TMC,,common_equity,eligible,Q,,,3.975,10.69,,24787766.680079367,1.1450381679389388,-22.058823529411754,-34.1887417218543,-15.783898305084742,62.81571562207671,75.01310650397421,277.0,full,usable,2026-08-20,conditional,73.43,100.0,,,73.0,70.0,62.0,100.0,2.2.0,c8f1bf1665a8c5dfb834c0571e7dd5f6b6e5ccd00eab00295338bd42cfde549b
TMCI,"Treace Medical Concepts, Inc. - Common Stock",nasdaqtrader:Q:TMCI,SECURITY:TMCI:nasdaqtrader:Q:TMCI,,common_equity,eligible,Q,,,4.46,7.7,,2879399.4620634923,12.342569269521398,58.156028368794345,132.29166666666666,-37.96940194714882,42.07792207792208,70.40729120993386,277.0,full,usable,2026-08-20,conditional,70.71,100.0,,,45.0,95.0,45.0,100.0,2.2.0,c8f1bf1665a8c5dfb834c0571e7dd5f6b6e5ccd00eab00295338bd42cfde549b
TMCR,The Metals Royalty Company Inc. - Common Stock,nasdaqtrader:Q:TMCR,SECURITY:TMCR:nasdaqtrader:Q:TMCR,,common_equity,eligible,Q,,,6.01,15.7,,519403.1306349206,1.0084033613445342,-55.41543026706231,,,61.71974522292993,116.82404570771341,94.0,insufficient,usable,2026-08-20,rejected,,71.43,,,,70.0,0.0,88.0,2.2.0,c8f1bf1665a8c5dfb834c0571e7dd5f6b6e5ccd00eab00295338bd42cfde549b
TMDE,TMD Energy Limited Ordinary Shares,nasdaqtrader:A:TMDE,SECURITY:TMDE:nasdaqtrader:A:TMDE,,common_equity,eligible,A,,,0.758,4.04,,836849.0034428571,-11.870712707824671,7.792946530147882,-15.777777777777779,-10.189573459715639,81.23762376237624,112.33367600696398,277.0,full,usable,2026-08-20,rejected,42.43,100.0,,,61.0,30.0,0.0,100.0,2.2.0,c8f1bf1665a8c5dfb834c0571e7dd5f6b6e5ccd00eab00295338bd42cfde549b
TMDX,"TransMedics Group, Inc. - Common Stock",nasdaqtrader:Q:TMDX,SECURITY:TMDX:nasdaqtrader:Q:TMDX,,common_equity,eligible,Q,,,90.85,150.42,,77852281.64825398,27.59831460674156,33.60294117647058,-31.630042143287174,-25.9455493968047,39.60244648318043,48.60389674517625,277.0,full,usable,2026-08-20,conditional,81.07,100.0,,,55.0,95.0,80.0,100.0,2.2.0,c8f1bf1665a8c5dfb834c0571e7dd5f6b6e5ccd00eab00295338bd42cfde549b
TME,"Tencent Music Entertainment Group American Depositary Shares, each representing two Class A Ordinary Shares",nasdaqtrader:N:TME,SECURITY:TME:nasdaqtrader:N:TME,,adr,eligible,N,,,8.85,26.36,,87853427.79,0.7972665148063829,-3.2786885245901676,-41.89100459619173,-65.00593119810202,66.42640364188163,49.479605462489374,277.0,full,usable,2026-08-20,conditional,61.29,100.0,,,67.0,30.0,80.0,100.0,2.2.0,c8f1bf1665a8c5dfb834c0571e7dd5f6b6e5ccd00eab00295338bd42cfde549b
TMO,Thermo Fisher Scientific Inc Common Stock,nasdaqtrader:N:TMO,SECURITY:TMO:nasdaqtrader:N:TMO,,common_equity,eligible,N,,,627.55,639.45,,1152789881.9131746,19.20183869619723,38.90303016888377,21.82598229538748,25.940717253005264,1.8609742747673907,32.479677006678244,277.0,full,usable,2026-08-20,conditional,57.86,100.0,,,65.0,10.0,100.0,100.0,2.2.0,c8f1bf1665a8c5dfb834c0571e7dd5f6b6e5ccd00eab00295338bd42cfde549b
TMP,Tompkins Financial Corporation Common Stock,nasdaqtrader:A:TMP,SECURITY:TMP:nasdaqtrader:A:TMP,,common_equity,eligible,A,,,97.12,101.54,,8657794.001587301,4.329143839295302,13.643809969576415,18.540217258635415,45.716429107276824,4.3529643490250125,32.38876659845878,277.0,full,usable,2026-08-20,conditional,49.71,100.0,,,65.0,10.0,62.0,100.0,2.2.0,c8f1bf1665a8c5dfb834c0571e7dd5f6b6e5ccd00eab00295338bd42cfde549b
TMQ,Trilogy Metals Inc. Common Stock,nasdaqtrader:A:TMQ,SECURITY:TMQ:nasdaqtrader:A:TMQ,,common_equity,eligible,A,,,3.63,10.6,,6696018.436984127,14.1509433962264,-5.714285714285716,-0.819672131147553,128.3018867924528,65.75471698113208,55.944074207198234,277.0,full,usable,2026-08-20,conditional,65.43,100.0,,,95.0,30.0,62.0,100.0,2.2.0,c8f1bf1665a8c5dfb834c0571e7dd5f6b6e5ccd00eab00295338bd42cfde549b
TMS,Teamshares Inc. - Common Stock,nasdaqtrader:Q:TMS,SECURITY:TMS:nasdaqtrader:Q:TMS,,common_equity,eligible,Q,,,7.26,12.5001,,2243103.7441809527,21.202003338898145,-30.92293054234063,-29.651162790697683,-28.79770112687937,41.92046463628291,109.85015468727978,277.0,full,usable,2026-08-20,conditional,77.0,100.0,,,67.0,95.0,45.0,100.0,2.2.0,c8f1bf1665a8c5dfb834c0571e7dd5f6b6e5ccd00eab00295338bd42cfde549b
TMUS,"T-Mobile US, Inc. - Common Stock",nasdaqtrader:Q:TMUS,SECURITY:TMUS:nasdaqtrader:Q:TMUS,,common_equity,eligible,Q,,,181.23,259.01,,954676767.4509524,-5.085367131035934,-4.696045435422802,-15.824431026474695,-29.815661064208822,30.02972858190803,48.005388231902835,277.0,full,usable,2026-08-20,conditional,87.71,100.0,,,67.0,92.0,100.0,100.0,2.2.0,c8f1bf1665a8c5dfb834c0571e7dd5f6b6e5ccd00eab00295338bd42cfde549b
TNC,Tennant Company Common Stock,nasdaqtrader:N:TNC,SECURITY:TNC:nasdaqtrader:N:TNC,,common_equity,eligible,N,,,68.02,91.15,,15576248.067619048,-21.063014970407345,-17.949336550060323,-18.607155677874832,-18.57792674168064,25.37575425123424,53.591872518306026,277.0,full,usable,2026-08-20,conditional,81.29,100.0,,,73.0,92.0,62.0,100.0,2.2.0,c8f1bf1665a8c5dfb834c0571e7dd5f6b6e5ccd00eab00295338bd42cfde549b
TNDM,"Tandem Diabetes Care, Inc. - Common Stock",nasdaqtrader:Q:TNDM,SECURITY:TNDM:nasdaqtrader:Q:TNDM,,common_equity,eligible,Q,,,22.57,28.26,,40172557.78722222,33.47131874630396,50.066489361702146,21.8682505399568,107.25436179981634,20.134465675866952,71.48962503817783,277.0,full,usable,2026-08-20,conditional,85.14,100.0,,,73.0,92.0,80.0,100.0,2.2.0,c8f1bf1665a8c5dfb834c0571e7dd5f6b6e5ccd00eab00295338bd42cfde549b
TNET,"TriNet Group, Inc. Common Stock",nasdaqtrader:N:TNET,SECURITY:TNET:nasdaqtrader:N:TNET,,common_equity,eligible,N,,,68.7,72.42,,22100094.85269841,14.442778610694651,61.191928671984996,60.96532333645737,2.844311377245523,5.136702568351281,50.8725839788501,277.0,full,usable,2026-08-20,conditional,53.86,100.0,,,57.0,28.0,62.0,100.0,2.2.0,c8f1bf1665a8c5dfb834c0571e7dd5f6b6e5ccd00eab00295338bd42cfde549b
TNGX,"Tango Therapeutics, Inc. - Common Stock",nasdaqtrader:Q:TNGX,SECURITY:TNGX:nasdaqtrader:Q:TNGX,,common_equity,eligible,Q,,,23.52,32.9,,106978671.02285713,-16.298932384341647,11.574952561669827,90.44534412955466,237.93103448275863,28.510638297872337,65.61862512628372,277.0,full,usable,2026-08-20,conditional,87.71,100.0,,,73.0,92.0,92.0,100.0,2.2.0,c8f1bf1665a8c5dfb834c0571e7dd5f6b6e5ccd00eab00295338bd42cfde549b
TNK,Teekay Tankers Ltd.,qrgf-resolution-required:N:TNK,SECURITY:TNK:qrgf-resolution-required:N:TNK,,common_equity,eligible,N,,,91.12,91.12,,27572920.8947619,21.850762235891953,15.356374224585402,23.31844633915281,108.99082568807339,0.0,38.17446777320265,277.0,full,usable,2026-08-20,conditional,55.86,100.0,,,73.0,10.0,80.0,100.0,2.2.0,c8f1bf1665a8c5dfb834c0571e7dd5f6b6e5ccd00eab00295338bd42cfde549b
TNL,Travel   Leisure Co. Common  Stock,nasdaqtrader:N:TNL,SECURITY:TNL:nasdaqtrader:N:TNL,,common_equity,eligible,N,,,70.74,78.74,,58911191.55269842,-6.428571428571428,9.032059186189878,-6.205250596658718,16.964285714285722,10.16002032004064,31.47187413538674,277.0,full,usable,2026-08-20,conditional,82.14,100.0,,,75.0,82.0,80.0,100.0,2.2.0,c8f1bf1665a8c5dfb834c0571e7dd5f6b6e5ccd00eab00295338bd42cfde549b
TNXP,Tonix Pharmaceuticals Holding Corp. - Common Stock,nasdaqtrader:Q:TNXP,SECURITY:TNXP:nasdaqtrader:Q:TNXP,,common_equity,eligible,Q,,,12.39,37.98,,6279089.168888888,16.99716713881021,-14.551724137931032,-19.019607843137255,-66.08267177662195,67.37756714060032,77.99195547750718,277.0,full,usable,2026-08-20,conditional,57.43,100.0,,,67.0,30.0,62.0,100.0,2.2.0,c8f1bf1665a8c5dfb834c0571e7dd5f6b6e5ccd00eab00295338bd42cfde549b
TOL,"Toll Brothers, Inc. Common Stock",nasdaqtrader:N:TOL,SECURITY:TOL:nasdaqtrader:N:TOL,,common_equity,eligible,N,,,145.12,166.12,,156330400.8331746,-2.5909518056114855,6.463208862152459,-9.413233458177272,9.789680738387041,12.641464001926316,35.15390713794289,277.0,full,usable,2026-08-20,conditional,82.43,100.0,,,67.0,82.0,92.0,100.0,2.2.0,c8f1bf1665a8c5dfb834c0571e7dd5f6b6e5ccd00eab00295338bd42cfde549b
TONT,Graf Global Corp. Class A ordinary shares,nasdaqtrader:A:TONT,SECURITY:TONT:nasdaqtrader:A:TONT,,common_equity,eligible,A,,,10.85,11.3,,2159690.691928571,0.37002775208139216,0.5560704355885182,1.5917602996254665,3.529546473793177,3.9823008849557584,4.832557667621167,277.0,full,usable,2026-08-20,conditional,50.07,100.0,,,79.0,10.0,45.0,100.0,2.2.0,c8f1bf1665a8c5dfb834c0571e7dd5f6b6e5ccd00eab00295338bd42cfde549b
TONX,TON Strategy Company - Common Stock,nasdaqtrader:Q:TONX,SECURITY:TONX:nasdaqtrader:Q:TONX,,common_equity,eligible,Q,,,2.84,21.66,,1218897.4653968252,-16.71554252199414,-13.414634146341465,45.641025641025635,-85.96144340088976,86.88827331486611,71.04919081942386,277.0,full,usable,2026-08-20,rejected,35.57,100.0,,,37.0,30.0,0.0,100.0,2.2.0,c8f1bf1665a8c5dfb834c0571e7dd5f6b6e5ccd00eab00295338bd42cfde549b
TOON,"Kartoon Studios, Inc. Common Stock",nasdaqtrader:A:TOON,SECURITY:TOON:nasdaqtrader:A:TOON,,common_equity,eligible,A,,,0.6496,1.25,,1206724.94284127,8.646930924903828,8.10450990181395,-3.1892697466468056,-11.013698630136993,48.03200000000001,55.89069934992701,277.0,full,usable,2026-08-20,rejected,65.64,100.0,,,61.0,95.0,0.0,100.0,2.2.0,c8f1bf1665a8c5dfb834c0571e7dd5f6b6e5ccd00eab00295338bd42cfde549b
TOP,TOP Financial Group Limited - Class A Ordinary Shares,nasdaqtrader:Q:TOP,NAMECLASS:TOP FINANCIAL GROUP LIMITED,,common_equity,eligible,Q,,,13.28,14.05,,785370.8155238095,17.004405286343616,188.13191581688002,160.3921568627451,127.008547008547,5.480427046263358,122.16856189804422,277.0,full,usable,2026-08-20,rejected,45.14,100.0,,,73.0,28.0,0.0,100.0,2.2.0,c8f1bf1665a8c5dfb834c0571e7dd5f6b6e5ccd00eab00295338bd42cfde549b
TOPP,Toppoint Holdings Inc. Common Stock,nasdaqtrader:A:TOPP,SECURITY:TOPP:nasdaqtrader:A:TOPP,,common_equity,eligible,A,,,0.1937,2.75,,562088.5419698413,-70.91591591591592,-77.21176470588236,-74.17333333333333,-91.19545454545455,92.95636363636363,175.87815709847501,277.0,full,usable,2026-08-20,rejected,27.0,100.0,,,7.0,30.0,0.0,100.0,2.2.0,c8f1bf1665a8c5dfb834c0571e7dd5f6b6e5ccd00eab00295338bd42cfde549b
TOPS,"TOP Ships, Inc. Common Stock",nasdaqtrader:A:TOPS,SECURITY:TOPS:nasdaqtrader:A:TOPS,,common_equity,eligible,A,,,0.7941,6.16,,568498.9614809525,-7.555296856810245,-19.755456750202104,-83.85975609756098,-85.81964285714285,87.10876623376623,89.72530751757473,277.0,full,usable,2026-08-20,rejected,31.29,100.0,,,22.0,30.0,0.0,100.0,2.2.0,c8f1bf1665a8c5dfb834c0571e7dd5f6b6e5ccd00eab00295338bd42cfde549b
TORO,Toro Corp. - Common stock,nasdaqtrader:Q:TORO,SECURITY:TORO:nasdaqtrader:Q:TORO,,common_equity,eligible,Q,,,6.0,7.68,,181440.28642857142,19.641076769690933,14.068441064638781,69.4915254237288,120.58823529411762,21.875,30.96630146109221,277.0,full,usable,2026-08-20,rejected,68.0,100.0,,,73.0,92.0,0.0,100.0,2.2.0,c8f1bf1665a8c5dfb834c0571e7dd5f6b6e5ccd00eab00295338bd42cfde549b
TOST,"Toast, Inc. Class A Common Stock",nasdaqtrader:N:TOST,NAMECLASS:TOAST INC,,common_equity,eligible,N,,,35.32,45.1,,331313258.3868254,20.91749400890106,51.45797598627788,27.78581765557164,-15.924779814329915,21.68514412416852,37.06761475931859,277.0,full,usable,2026-08-20,conditional,81.43,100.0,,,51.0,92.0,92.0,100.0,2.2.0,c8f1bf1665a8c5dfb834c0571e7dd5f6b6e5ccd00eab00295338bd42cfde549b
TOUR,Tuniu Corporation - American Depositary Shares,nasdaqtrader:Q:TOUR,SECURITY:TOUR:nasdaqtrader:Q:TOUR,,adr,eligible,Q,,,4.87,9.551,,61634.563,-8.113207547169809,-20.29459901800328,-20.72277388897932,-39.17821905832396,49.01057480892052,27.79098054814102,277.0,full,usable,2026-08-20,rejected,67.36,100.0,,,67.0,95.0,0.0,100.0,2.2.0,c8f1bf1665a8c5dfb834c0571e7dd5f6b6e5ccd00eab00295338bd42cfde549b
TOVX,"Theriva Biologics, Inc. Common Stock",nasdaqtrader:A:TOVX,SECURITY:TOVX:nasdaqtrader:A:TOVX,,common_equity,eligible,A,,,0.2302,0.84,,1807492.874231746,0.9206488382288436,-23.26666666666667,17.031011692933397,-45.96244131455399,72.59523809523809,55.26414773067293,277.0,full,usable,2026-08-20,rejected,41.29,100.0,,,57.0,30.0,0.0,100.0,2.2.0,c8f1bf1665a8c5dfb834c0571e7dd5f6b6e5ccd00eab00295338bd42cfde549b
TOWN,Towne Bank - Common Stock,nasdaqtrader:Q:TOWN,SECURITY:TOWN:nasdaqtrader:Q:TOWN,,common_equity,eligible,Q,,,37.481,38.76,,23301874.292634923,3.854253255749507,8.295290378503339,4.754052543320286,5.878531073446336,3.2997936016511797,18.171068607052284,277.0,full,usable,2026-08-20,conditional,50.29,100.0,,,67.0,10.0,62.0,100.0,2.2.0,c8f1bf1665a8c5dfb834c0571e7dd5f6b6e5ccd00eab00295338bd42cfde549b
TOYO,"TOYO Co., Ltd - Ordinary Shares",nasdaqtrader:Q:TOYO,SECURITY:TOYO:nasdaqtrader:Q:TOYO,,common_equity,eligible,Q,,,4.515,16.99,,7212735.218730158,-10.416666666666675,-66.58031088082902,-45.07299270072993,-9.154929577464788,73.42554443790465,108.8262055906043,277.0,full,usable,2026-08-20,conditional,55.71,100.0,,,61.0,30.0,62.0,100.0,2.2.0,c8f1bf1665a8c5dfb834c0571e7dd5f6b6e5ccd00eab00295338bd42cfde549b
TP,Ticketplus Ltd. Ordinary Shares,nasdaqtrader:A:TP,SECURITY:TP:nasdaqtrader:A:TP,,common_equity,eligible,A,,,7.65,7.65,,486029.74055000005,,,,,0.0,,10.0,insufficient,usable,2026-08-20,rejected,,71.43,,,,10.0,0.0,64.0,2.2.0,c8f1bf1665a8c5dfb834c0571e7dd5f6b6e5ccd00eab00295338bd42cfde549b
