ticker,company,contract_id,issuer_id,issuer_cik,security_type,instrument_status,exchange,sector,industry,current_price,reference_52w_high,market_cap,avg_dollar_volume,return_1m_pct,return_3m_pct,return_6m_pct,return_12m_pct,drawdown_pct,historical_volatility_pct,trading_history_days,momentum_history_status,data_integrity_status,as_of,l2_status,l2_setup_score,l2_confidence_pct,l2_quality_prior_score,l2_room_to_target_score,setup_prior_growth,setup_pullback_geometry,setup_liquidity,setup_data_completeness,setup_model_version,l2_rules_hash
MSB,Mesabi Trust Common Stock,nasdaqtrader:N:MSB,SECURITY:MSB:nasdaqtrader:N:MSB,,common_equity,eligible,N,,,23.93,41.15,,1120155.3395238095,7.695769576957701,-13.359884141926148,-28.05171377029464,-24.629921259842526,41.846901579586884,34.64926380851815,277.0,full,usable,2026-08-19,rejected,69.07,100.0,,,73.0,95.0,0.0,100.0,2.2.0,c8f1bf1665a8c5dfb834c0571e7dd5f6b6e5ccd00eab00295338bd42cfde549b
MSBI,"Midland States Bancorp, Inc. - Common Stock",nasdaqtrader:Q:MSBI,SECURITY:MSBI:nasdaqtrader:Q:MSBI,,common_equity,eligible,Q,,,32.31,34.53,,5519120.313968254,2.604001270244538,21.649096385542176,39.5077720207254,86.33217993079587,6.42919200695048,26.408664909430353,277.0,full,usable,2026-08-19,conditional,58.43,100.0,,,73.0,28.0,62.0,100.0,2.2.0,c8f1bf1665a8c5dfb834c0571e7dd5f6b6e5ccd00eab00295338bd42cfde549b
MSC,"Studio City International Holdings Limited American depositary shares, each representing four  Class A ordinary shares",nasdaqtrader:N:MSC,SECURITY:MSC:nasdaqtrader:N:MSC,,adr,eligible,N,,,1.74,5.05,,44944.969704761905,0.5780346820809301,-28.688524590163933,-42.19269102990033,-61.43531549901371,65.54455445544554,82.87291203656369,277.0,full,usable,2026-08-19,rejected,44.14,100.0,,,67.0,30.0,0.0,100.0,2.2.0,c8f1bf1665a8c5dfb834c0571e7dd5f6b6e5ccd00eab00295338bd42cfde549b
MSCI,MSCI Inc. Common Stock,nasdaqtrader:N:MSCI,SECURITY:MSCI:nasdaqtrader:N:MSCI,,common_equity,eligible,N,,,565.27,643.83,,423853521.6363492,0.6284045999928711,-2.1499420104208244,3.6717102246675903,1.7276441053143188,12.20197878321918,40.256052140620554,277.0,full,usable,2026-08-19,conditional,85.86,100.0,,,79.0,82.0,92.0,100.0,2.2.0,c8f1bf1665a8c5dfb834c0571e7dd5f6b6e5ccd00eab00295338bd42cfde549b
MSEX,Middlesex Water Company - Common Stock,nasdaqtrader:Q:MSEX,SECURITY:MSEX:nasdaqtrader:Q:MSEX,,common_equity,eligible,Q,,,58.8,61.96,,9199408.026666665,4.981253347616499,15.361977633902303,8.74791936378767,12.578977599080998,5.100064557779216,22.141392034974764,277.0,full,usable,2026-08-19,conditional,56.71,100.0,,,67.0,28.0,62.0,100.0,2.2.0,c8f1bf1665a8c5dfb834c0571e7dd5f6b6e5ccd00eab00295338bd42cfde549b
MSFT,Microsoft Corporation - Common Stock,nasdaqtrader:Q:MSFT,SECURITY:MSFT:nasdaqtrader:Q:MSFT,,common_equity,eligible,Q,,,484.31,542.07,,16615300674.496668,21.762413576367056,16.024627473527865,21.19869869869868,-6.34113324308645,10.655450403084476,49.801285647954835,277.0,full,usable,2026-08-19,conditional,79.57,100.0,,,51.0,82.0,100.0,100.0,2.2.0,c8f1bf1665a8c5dfb834c0571e7dd5f6b6e5ccd00eab00295338bd42cfde549b
MSGE,Madison Square Garden Entertainment Corp. Class A Common Stock,nasdaqtrader:N:MSGE,NAMECLASS:MADISON SQUARE GARDEN ENTERTAINMENT CORP,,common_equity,eligible,N,,,82.43,88.42,,35408537.69031746,7.8080041851948945,19.793634646127025,28.11625738265464,124.54372105693272,6.774485410540598,42.33123186131682,277.0,full,usable,2026-08-19,conditional,62.29,100.0,,,73.0,28.0,80.0,100.0,2.2.0,c8f1bf1665a8c5dfb834c0571e7dd5f6b6e5ccd00eab00295338bd42cfde549b
MSGM,Motorsport Games Inc. - Class A Common Stock,nasdaqtrader:Q:MSGM,NAMECLASS:MOTORSPORT GAMES INC,,common_equity,eligible,Q,,,3.95,5.32,,197208.0911111111,-14.686825053995678,-15.957446808510634,23.052959501557634,35.27397260273975,25.751879699248125,87.76150972884089,277.0,full,usable,2026-08-19,rejected,69.14,100.0,,,77.0,92.0,0.0,100.0,2.2.0,c8f1bf1665a8c5dfb834c0571e7dd5f6b6e5ccd00eab00295338bd42cfde549b
MSGS,Madison Square Garden Sports Corp. Class A Common Stock (New),nasdaqtrader:N:MSGS,SECURITY:MSGS:nasdaqtrader:N:MSGS,,common_equity,eligible,N,,,402.9,414.12,,94899775.65174603,1.7527022931609348,14.084267753992519,17.88974719101124,104.60085313833028,2.7093596059113323,25.75019903558961,277.0,full,usable,2026-08-19,conditional,55.86,100.0,,,73.0,10.0,80.0,100.0,2.2.0,c8f1bf1665a8c5dfb834c0571e7dd5f6b6e5ccd00eab00295338bd42cfde549b
MSI,"Motorola Solutions, Inc. Common Stock",nasdaqtrader:N:MSI,SECURITY:MSI:nasdaqtrader:N:MSI,,common_equity,eligible,N,,,480.84,490.3,,439354059.5936508,18.351875553805264,20.592882401625157,6.474756421612038,4.262977579253202,1.929430960636358,32.55125745031256,277.0,full,usable,2026-08-19,conditional,56.71,100.0,,,67.0,10.0,92.0,100.0,2.2.0,c8f1bf1665a8c5dfb834c0571e7dd5f6b6e5ccd00eab00295338bd42cfde549b
MSLE,Satellos Bioscience Inc. - Common Stock,nasdaqtrader:Q:MSLE,SECURITY:MSLE:nasdaqtrader:Q:MSLE,,common_equity,eligible,Q,,,10.09,13.01,,460941.01714285713,18.35777126099707,44.34907010014306,-10.390763765541744,,22.444273635664867,60.11210909490908,134.0,limited_but_usable,usable,2026-08-19,rejected,60.57,100.0,,,47.0,92.0,0.0,100.0,2.2.0,c8f1bf1665a8c5dfb834c0571e7dd5f6b6e5ccd00eab00295338bd42cfde549b
MSM,"MSC Industrial Direct Company, Inc. Common Stock",nasdaqtrader:N:MSM,SECURITY:MSM:nasdaqtrader:N:MSM,,common_equity,eligible,N,,,120.33,127.28,,90178342.53301588,-4.824804239500125,15.86904188733751,28.585167770891218,38.262668045501556,5.460402262727849,21.928725215982396,277.0,full,usable,2026-08-19,conditional,60.0,100.0,,,65.0,28.0,80.0,100.0,2.2.0,c8f1bf1665a8c5dfb834c0571e7dd5f6b6e5ccd00eab00295338bd42cfde549b
MSN,Emerson Radio Corporation Common Stock,nasdaqtrader:A:MSN,SECURITY:MSN:nasdaqtrader:A:MSN,,common_equity,eligible,A,,,0.37,0.7647,,62147.12563492064,2.720710716268737,-7.8455790784558,-7.500000000000007,-19.372412290259312,51.61501242317249,44.75994568814592,277.0,full,usable,2026-08-19,rejected,60.14,100.0,,,73.0,70.0,0.0,100.0,2.2.0,c8f1bf1665a8c5dfb834c0571e7dd5f6b6e5ccd00eab00295338bd42cfde549b
MSS,Maison Solutions Inc. - Class A Common Stock,nasdaqtrader:Q:MSS,NAMECLASS:MAISON SOLUTIONS INC,,common_equity,eligible,Q,,,1.86,69.5,,4177123.859190476,-23.895253682487716,-61.62574788528987,-87.55852842809364,-95.53421368547419,97.32374100719424,170.528433817367,277.0,full,usable,2026-08-19,conditional,37.5,100.0,,,10.0,30.0,45.0,100.0,2.2.0,c8f1bf1665a8c5dfb834c0571e7dd5f6b6e5ccd00eab00295338bd42cfde549b
MSTR,Strategy Inc - Class A Common Stock,nasdaqtrader:Q:MSTR,NAMECLASS:STRATEGY INC,,common_equity,eligible,Q,,,104.25,359.69,,2228046456.6307936,2.2560078469838096,-36.676182955718886,-16.7332268370607,-71.32838283828383,71.01670883260586,65.70685827109708,277.0,full,usable,2026-08-19,conditional,59.86,100.0,,,47.0,30.0,100.0,100.0,2.2.0,c8f1bf1665a8c5dfb834c0571e7dd5f6b6e5ccd00eab00295338bd42cfde549b
MT,Arcelor Mittal NY Registry Shares NEW,qrgf-resolution-required:N:MT,SECURITY:MT:qrgf-resolution-required:N:MT,,common_equity,eligible,N,,,74.59,75.35,,123000904.99126984,13.358662613981775,26.06050363359811,14.542383292383288,116.70540383497965,1.0086264100862552,33.63174264171232,277.0,full,usable,2026-08-19,conditional,61.29,100.0,,,83.0,10.0,92.0,100.0,2.2.0,c8f1bf1665a8c5dfb834c0571e7dd5f6b6e5ccd00eab00295338bd42cfde549b
MTA,Metalla Royalty & Streaming Ltd. Common Shares,nasdaqtrader:A:MTA,SECURITY:MTA:nasdaqtrader:A:MTA,,common_equity,eligible,A,,,10.89,10.89,,3961621.525079365,44.42970822281167,66.51376146788992,41.42857142857144,150.34482758620692,0.0,53.912344060202265,277.0,full,usable,2026-08-19,conditional,48.36,100.0,,,73.0,10.0,45.0,100.0,2.2.0,c8f1bf1665a8c5dfb834c0571e7dd5f6b6e5ccd00eab00295338bd42cfde549b
MTB,M&T Bank Corporation Common Stock,nasdaqtrader:N:MTB,SECURITY:MTB:nasdaqtrader:N:MTB,,common_equity,eligible,N,,,244.55,254.09,,259947838.83555555,-1.6528593259872881,18.391750580945,5.523193096008638,28.25824723343999,3.7545751505372094,20.15521175592513,277.0,full,usable,2026-08-19,conditional,59.0,100.0,,,75.0,10.0,92.0,100.0,2.2.0,c8f1bf1665a8c5dfb834c0571e7dd5f6b6e5ccd00eab00295338bd42cfde549b
MTC,"MMTec, Inc. - Common Shares",nasdaqtrader:Q:MTC,SECURITY:MTC:nasdaqtrader:Q:MTC,,common_equity,eligible,Q,,,3.1,9.06,,223648.00547619048,-1.5873015873015817,-45.47053649956025,-25.48076923076923,233.33333333333331,65.78366445916114,103.59219829966302,277.0,full,usable,2026-08-19,rejected,48.71,100.0,,,83.0,30.0,0.0,100.0,2.2.0,c8f1bf1665a8c5dfb834c0571e7dd5f6b6e5ccd00eab00295338bd42cfde549b
MTCH,"Match Group, Inc. - Common Stock",nasdaqtrader:Q:MTCH,SECURITY:MTCH:nasdaqtrader:Q:MTCH,,common_equity,eligible,Q,,,39.7,41.24,,121124843.61888888,2.4516129032258194,12.30551626591232,31.10964332892998,4.915433403805491,3.734238603297768,39.44515734837836,277.0,full,usable,2026-08-19,conditional,53.86,100.0,,,57.0,10.0,92.0,100.0,2.2.0,c8f1bf1665a8c5dfb834c0571e7dd5f6b6e5ccd00eab00295338bd42cfde549b
MTD,"Mettler-Toledo International, Inc. Common Stock",nasdaqtrader:N:MTD,SECURITY:MTD:nasdaqtrader:N:MTD,,common_equity,eligible,N,,,1425.09,1506.02,,242974846.92460316,9.776839705123352,35.6233999828697,3.5999621974890372,8.675990604886685,5.373766616645204,24.656509786229506,277.0,full,usable,2026-08-19,conditional,63.14,100.0,,,67.0,28.0,92.0,100.0,2.2.0,c8f1bf1665a8c5dfb834c0571e7dd5f6b6e5ccd00eab00295338bd42cfde549b
MTDR,Matador Resources Company Common Stock,nasdaqtrader:N:MTDR,SECURITY:MTDR:nasdaqtrader:N:MTDR,,common_equity,eligible,N,,,58.0,65.45,,102717685.21428572,7.24852071005917,-6.011991573488906,16.864799516421503,23.74653296351612,11.382734912146686,49.18067168854019,277.0,full,usable,2026-08-19,conditional,85.29,100.0,,,77.0,82.0,92.0,100.0,2.2.0,c8f1bf1665a8c5dfb834c0571e7dd5f6b6e5ccd00eab00295338bd42cfde549b
MTEK,Maris-Tech Ltd. - ordinary shares,nasdaqtrader:Q:MTEK,SECURITY:MTEK:nasdaqtrader:Q:MTEK,,common_equity,eligible,Q,,,1.15,4.19,,570951.2273698413,11.650485436893199,-4.958677685950419,-33.44907407407408,-51.06382978723405,72.55369928400954,57.89725926145909,277.0,full,usable,2026-08-19,rejected,44.14,100.0,,,67.0,30.0,0.0,100.0,2.2.0,c8f1bf1665a8c5dfb834c0571e7dd5f6b6e5ccd00eab00295338bd42cfde549b
MTEN,Mingteng International Corporation Inc. - Class A Ordinary Shares,nasdaqtrader:Q:MTEN,NAMECLASS:MINGTENG INTERNATIONAL CORPORATION INC,,common_equity,eligible,Q,,,1.08,2550.0,,8428158.701809524,-0.9174311926605561,5.882352941176472,-34.939759036144565,-99.9541595925297,99.95764705882353,140.34329305981313,277.0,full,usable,2026-08-19,conditional,48.29,100.0,,,35.0,30.0,62.0,100.0,2.2.0,c8f1bf1665a8c5dfb834c0571e7dd5f6b6e5ccd00eab00295338bd42cfde549b
MTG,MGIC Investment Corporation Common Stock,nasdaqtrader:N:MTG,SECURITY:MTG:nasdaqtrader:N:MTG,,common_equity,eligible,N,,,30.88,31.16,,50508089.31222222,6.116838487972509,18.450326045262756,15.30993278566093,13.279530447542175,0.898587933247752,19.224014554457337,277.0,full,usable,2026-08-19,conditional,51.29,100.0,,,57.0,10.0,80.0,100.0,2.2.0,c8f1bf1665a8c5dfb834c0571e7dd5f6b6e5ccd00eab00295338bd42cfde549b
MTH,Meritage Homes Corporation Common Stock,nasdaqtrader:N:MTH,SECURITY:MTH:nasdaqtrader:N:MTH,,common_equity,eligible,N,,,74.19,85.18,,65599988.29825397,3.530560982416975,21.882700837851154,-6.088607594936713,-3.936294186197087,12.902089692416075,37.355435875471976,277.0,full,usable,2026-08-19,conditional,78.14,100.0,,,61.0,82.0,80.0,100.0,2.2.0,c8f1bf1665a8c5dfb834c0571e7dd5f6b6e5ccd00eab00295338bd42cfde549b
MTLS,Materialise NV - American Depositary Shares,nasdaqtrader:Q:MTLS,SECURITY:MTLS:nasdaqtrader:Q:MTLS,,adr,eligible,Q,,,6.57,7.43,,753507.762063492,-0.4545454545454408,18.1654676258993,21.666666666666657,29.330708661417336,11.574697173620452,23.704867632565975,277.0,full,usable,2026-08-19,rejected,62.14,100.0,,,65.0,82.0,0.0,100.0,2.2.0,c8f1bf1665a8c5dfb834c0571e7dd5f6b6e5ccd00eab00295338bd42cfde549b
MTN,"Vail Resorts, Inc. Common Stock",nasdaqtrader:N:MTN,SECURITY:MTN:nasdaqtrader:N:MTN,,common_equity,eligible,N,,,153.05,164.02,,105502717.81825396,3.826063360694665,23.816843297467848,7.789280935277132,-0.7779578606158744,6.688208755029878,33.049712224251714,277.0,full,usable,2026-08-19,conditional,61.43,100.0,,,61.0,28.0,92.0,100.0,2.2.0,c8f1bf1665a8c5dfb834c0571e7dd5f6b6e5ccd00eab00295338bd42cfde549b
MTNB,"Matinas Biopharma Holdings, Inc. Common Stock",nasdaqtrader:A:MTNB,SECURITY:MTNB:nasdaqtrader:A:MTNB,,common_equity,eligible,A,,,0.241,2.15,,1737608.0956492065,-14.05135520684736,-56.732495511669654,-61.12903225806452,-85.90643274853801,88.79069767441861,214.7846171006706,277.0,full,usable,2026-08-19,rejected,32.14,100.0,,,25.0,30.0,0.0,100.0,2.2.0,c8f1bf1665a8c5dfb834c0571e7dd5f6b6e5ccd00eab00295338bd42cfde549b
MTNE,CH4 Natural Solutions Corporation Class A Ordinary Shares,nasdaqtrader:N:MTNE,SECURITY:MTNE:nasdaqtrader:N:MTNE,,common_equity,eligible,N,,,9.89,9.9,,475154.292147619,0.20263424518744966,,,,0.10101010101010166,1.475871164332751,42.0,insufficient,usable,2026-08-19,rejected,,71.43,,,,10.0,0.0,76.0,2.2.0,c8f1bf1665a8c5dfb834c0571e7dd5f6b6e5ccd00eab00295338bd42cfde549b
MTR,Mesa Royalty Trust Common Stock,nasdaqtrader:N:MTR,SECURITY:MTR:nasdaqtrader:N:MTR,,common_equity,eligible,N,,,2.7,5.7,,29979.781744444444,-8.783783783783772,-33.98533007334963,-47.97687861271677,-52.46478873239436,52.63157894736842,24.853322867928476,277.0,full,usable,2026-08-19,rejected,58.43,100.0,,,67.0,70.0,0.0,100.0,2.2.0,c8f1bf1665a8c5dfb834c0571e7dd5f6b6e5ccd00eab00295338bd42cfde549b
MTRN,Materion Corporation,qrgf-resolution-required:N:MTRN,SECURITY:MTRN:qrgf-resolution-required:N:MTRN,,common_equity,eligible,N,,,245.22,297.39,,96147820.96603175,-3.771141545343959,26.402061855670112,60.15936254980079,117.33581494283433,17.54262080096842,112.43966104375343,277.0,full,usable,2026-08-19,conditional,81.57,100.0,,,73.0,82.0,80.0,100.0,2.2.0,c8f1bf1665a8c5dfb834c0571e7dd5f6b6e5ccd00eab00295338bd42cfde549b
MTRX,Matrix Service Company - Common Stock,nasdaqtrader:Q:MTRX,SECURITY:MTRX:nasdaqtrader:Q:MTRX,,common_equity,eligible,Q,,,11.43,15.74,,2926073.7328571426,-8.633093525179858,-6.003289473684214,3.1588447653429608,-22.874493927125506,27.38246505717916,39.727041961591624,277.0,full,usable,2026-08-19,conditional,77.64,100.0,,,73.0,92.0,45.0,100.0,2.2.0,c8f1bf1665a8c5dfb834c0571e7dd5f6b6e5ccd00eab00295338bd42cfde549b
MTSI,"MACOM Technology Solutions Holdings, Inc. - Common Stock",nasdaqtrader:Q:MTSI,SECURITY:MTSI:nasdaqtrader:Q:MTSI,,common_equity,eligible,Q,,,269.98,409.68,,555658727.7461905,-4.610818641133429,-24.792467546938546,9.409952990760262,116.76435166599761,34.09978519820347,85.19761225199541,277.0,full,usable,2026-08-19,conditional,95.71,100.0,,,95.0,92.0,100.0,100.0,2.2.0,c8f1bf1665a8c5dfb834c0571e7dd5f6b6e5ccd00eab00295338bd42cfde549b
MTUS,Metallus Inc. Common Shares,nasdaqtrader:N:MTUS,SECURITY:MTUS:nasdaqtrader:N:MTUS,,common_equity,eligible,N,,,20.23,22.03,,7611080.767936508,1.3019529293941012,15.732265446224257,-3.5748331744518635,27.634069400630914,8.170676350431227,36.59144889556663,277.0,full,usable,2026-08-19,conditional,78.29,100.0,,,75.0,82.0,62.0,100.0,2.2.0,c8f1bf1665a8c5dfb834c0571e7dd5f6b6e5ccd00eab00295338bd42cfde549b
MTVA,MetaVia Inc.  - Common Stock,nasdaqtrader:Q:MTVA,SECURITY:MTVA:nasdaqtrader:Q:MTVA,,common_equity,eligible,Q,,,1.47,16.5,,7435013.131269841,-6.9620253164556996,-21.808510638297875,-4.545454545454552,-79.46066787760235,91.0909090909091,62.390543180667336,277.0,full,usable,2026-08-19,conditional,51.71,100.0,,,47.0,30.0,62.0,100.0,2.2.0,c8f1bf1665a8c5dfb834c0571e7dd5f6b6e5ccd00eab00295338bd42cfde549b
MTW,"Manitowoc Company, Inc. (The) Common Stock",nasdaqtrader:N:MTW,SECURITY:MTW:nasdaqtrader:N:MTW,,common_equity,eligible,N,,,19.18,20.87,,4492760.006984127,45.30303030303031,68.98678414096918,34.31372549019609,104.4776119402985,8.097747963584101,89.51414898860816,277.0,full,usable,2026-08-19,conditional,74.07,100.0,,,73.0,82.0,45.0,100.0,2.2.0,c8f1bf1665a8c5dfb834c0571e7dd5f6b6e5ccd00eab00295338bd42cfde549b
MTX,Minerals Technologies Inc. Common Stock,nasdaqtrader:N:MTX,SECURITY:MTX:nasdaqtrader:N:MTX,,common_equity,eligible,N,,,71.46,82.84,,18060014.53873016,-3.0788010307880254,-4.77078891257997,-1.637990364762576,18.115702479338825,13.737324963785625,26.916058264949243,277.0,full,usable,2026-08-19,conditional,81.71,100.0,,,87.0,82.0,62.0,100.0,2.2.0,c8f1bf1665a8c5dfb834c0571e7dd5f6b6e5ccd00eab00295338bd42cfde549b
MTZ,"MasTec, Inc. Common Stock",nasdaqtrader:N:MTZ,SECURITY:MTZ:nasdaqtrader:N:MTZ,,common_equity,eligible,N,,,272.07,437.51,,462541451.0984127,-22.575412635173585,-29.332467532467533,2.986600045423571,52.46287475483329,37.813992823021195,91.20172256840148,277.0,full,usable,2026-08-19,conditional,95.07,100.0,,,95.0,95.0,92.0,100.0,2.2.0,c8f1bf1665a8c5dfb834c0571e7dd5f6b6e5ccd00eab00295338bd42cfde549b
MU,"Micron Technology, Inc. - Common Stock",nasdaqtrader:Q:MU,SECURITY:MU:nasdaqtrader:Q:MU,,common_equity,eligible,Q,,,937.105,1213.56,,46994439326.026505,-3.472837395191697,34.11354724217879,122.61670032070317,658.4823957911776,22.780497050001646,96.17471122121881,277.0,full,usable,2026-08-19,conditional,89.43,100.0,,,73.0,92.0,100.0,100.0,2.2.0,c8f1bf1665a8c5dfb834c0571e7dd5f6b6e5ccd00eab00295338bd42cfde549b
MUFG,"Mitsubishi UFJ Financial Group, Inc. Common Stock",nasdaqtrader:N:MUFG,SECURITY:MUFG:nasdaqtrader:N:MUFG,,common_equity,eligible,N,,,21.56,23.1,,68892104.92746033,-2.5316455696202667,10.848329048843187,11.70984455958548,37.85166240409205,6.666666666666677,33.42365526339768,277.0,full,usable,2026-08-19,conditional,62.86,100.0,,,75.0,28.0,80.0,100.0,2.2.0,c8f1bf1665a8c5dfb834c0571e7dd5f6b6e5ccd00eab00295338bd42cfde549b
MUR,Murphy Oil Corporation Common Stock,nasdaqtrader:N:MUR,SECURITY:MUR:nasdaqtrader:N:MUR,,common_equity,eligible,N,,,36.87,42.74,,66142721.41095238,-1.1528150134048287,-8.601883986118008,11.054216867469858,64.74530831099194,13.734206832007501,52.328546062578354,277.0,full,usable,2026-08-19,conditional,87.86,100.0,,,95.0,82.0,80.0,100.0,2.2.0,c8f1bf1665a8c5dfb834c0571e7dd5f6b6e5ccd00eab00295338bd42cfde549b
MUSA,Murphy USA Inc. Common Stock,nasdaqtrader:N:MUSA,SECURITY:MUSA:nasdaqtrader:N:MUSA,,common_equity,eligible,N,,,568.24,622.78,,174800738.6506349,-7.013582065128454,-0.23526106956003323,45.355946077302846,45.50482677387142,8.757506663669346,42.62252562569978,277.0,full,usable,2026-08-19,conditional,85.29,100.0,,,77.0,82.0,92.0,100.0,2.2.0,c8f1bf1665a8c5dfb834c0571e7dd5f6b6e5ccd00eab00295338bd42cfde549b
MUX,McEwen Inc. Common Stock,nasdaqtrader:N:MUX,SECURITY:MUX:nasdaqtrader:N:MUX,,common_equity,eligible,N,,,20.22,29.05,,21546203.09063492,13.72328458942631,-2.741702741702745,-17.02913418137054,91.4772727272727,30.39586919104992,60.52796517771526,277.0,full,usable,2026-08-19,conditional,87.57,100.0,,,95.0,92.0,62.0,100.0,2.2.0,c8f1bf1665a8c5dfb834c0571e7dd5f6b6e5ccd00eab00295338bd42cfde549b
MVBF,MVB Financial Corp. - Common Stock,nasdaqtrader:Q:MVBF,SECURITY:MVBF:nasdaqtrader:Q:MVBF,,common_equity,eligible,Q,,,30.3,30.95,,1445539.8425396825,3.8382453735435362,19.905025722200232,9.34680620714543,32.19895287958114,2.100161550888524,21.633348704765208,277.0,full,usable,2026-08-19,rejected,39.29,100.0,,,75.0,10.0,0.0,100.0,2.2.0,c8f1bf1665a8c5dfb834c0571e7dd5f6b6e5ccd00eab00295338bd42cfde549b
MVST,"Microvast Holdings, Inc. - Common Stock",nasdaqtrader:Q:MVST,SECURITY:MVST:nasdaqtrader:Q:MVST,,common_equity,eligible,Q,,,0.8008,6.4,,5371136.857003175,-12.842838484980412,-33.266666666666666,-65.63090128755364,-69.7811320754717,87.48750000000001,87.51125962235898,277.0,full,usable,2026-08-19,conditional,54.57,100.0,,,57.0,30.0,62.0,100.0,2.2.0,c8f1bf1665a8c5dfb834c0571e7dd5f6b6e5ccd00eab00295338bd42cfde549b
MWA,MUELLER WATER PRODUCTS Common Stock,nasdaqtrader:N:MWA,SECURITY:MWA:nasdaqtrader:N:MWA,,common_equity,eligible,N,,,25.29,30.37,,30729632.134761903,1.8525976641159847,1.1600000000000055,-15.389762462362,-3.510110644792075,16.727033256503134,27.629636614198578,277.0,full,usable,2026-08-19,conditional,81.57,100.0,,,73.0,82.0,80.0,100.0,2.2.0,c8f1bf1665a8c5dfb834c0571e7dd5f6b6e5ccd00eab00295338bd42cfde549b
MWC,"Micware Co., Ltd. - American Depositary Shares",nasdaqtrader:Q:MWC,SECURITY:MWC:nasdaqtrader:Q:MWC,,adr,eligible,Q,,,1.48,8.2,,5832929.945079366,33.33333333333333,-68.64406779661016,,,81.95121951219512,202.84724140410896,67.0,insufficient,usable,2026-08-19,recheck,,71.43,,,,30.0,62.0,88.0,2.2.0,c8f1bf1665a8c5dfb834c0571e7dd5f6b6e5ccd00eab00295338bd42cfde549b
MWG,Multi Ways Holdings Limited Class A Ordinary Shares,nasdaqtrader:A:MWG,SECURITY:MWG:nasdaqtrader:A:MWG,,common_equity,eligible,A,,,1.53,3.785,,54903.6057984127,17.556665386092973,7.7464788732394485,-30.76923076923077,-28.87029288702928,59.5772787318362,72.78928680352057,277.0,full,usable,2026-08-19,rejected,55.0,100.0,,,55.0,70.0,0.0,100.0,2.2.0,c8f1bf1665a8c5dfb834c0571e7dd5f6b6e5ccd00eab00295338bd42cfde549b
MWH,"SOLV Energy, Inc. - Class A common stock",nasdaqtrader:Q:MWH,NAMECLASS:SOLV ENERGY INC,,common_equity,eligible,Q,,,29.97,46.77,,69164472.0373016,5.010511562718989,-20.207667731629396,-2.6315789473684292,,35.92046183450931,81.38246962416224,131.0,limited_but_usable,usable,2026-08-19,conditional,82.21,100.0,,,59.0,95.0,80.0,100.0,2.2.0,c8f1bf1665a8c5dfb834c0571e7dd5f6b6e5ccd00eab00295338bd42cfde549b
MWYN,"Marwynn Holdings, Inc. - Common stock",nasdaqtrader:Q:MWYN,SECURITY:MWYN:nasdaqtrader:Q:MWYN,,common_equity,eligible,Q,,,1.05,1.37,,225671.9574984127,28.158183815452208,19.318181818181813,25.47801147227535,20.0960768614892,23.357664233576646,170.78922459256637,277.0,full,usable,2026-08-19,rejected,65.71,100.0,,,65.0,92.0,0.0,100.0,2.2.0,c8f1bf1665a8c5dfb834c0571e7dd5f6b6e5ccd00eab00295338bd42cfde549b
MX,Magnachip Semiconductor Corporation Common Stock,nasdaqtrader:N:MX,SECURITY:MX:nasdaqtrader:N:MX,,common_equity,eligible,N,,,3.33,8.93,,14013895.978412699,-10.962566844919785,-22.737819025522032,15.625,15.224913494809677,62.70996640537514,86.68618828710666,277.0,full,usable,2026-08-19,conditional,74.57,100.0,,,77.0,70.0,62.0,100.0,2.2.0,c8f1bf1665a8c5dfb834c0571e7dd5f6b6e5ccd00eab00295338bd42cfde549b
MXC,Mexco Energy Corporation Common Stock,nasdaqtrader:A:MXC,SECURITY:MXC:nasdaqtrader:A:MXC,,common_equity,eligible,A,,,9.87,15.2,,103721.99852698413,6.93506971906519,8.77231650870618,-11.654135338345872,21.851851851851855,35.06578947368422,42.27509389562359,277.0,full,usable,2026-08-19,rejected,69.64,100.0,,,75.0,95.0,0.0,100.0,2.2.0,c8f1bf1665a8c5dfb834c0571e7dd5f6b6e5ccd00eab00295338bd42cfde549b
MXCT,"MaxCyte, Inc. - Common Stock",nasdaqtrader:Q:MXCT,SECURITY:MXCT:nasdaqtrader:Q:MXCT,,common_equity,eligible,Q,,,1.39,1.83,,1458695.976984127,13.008130081300816,33.653846153846146,104.74296656355868,-0.7142857142857117,24.04371584699454,74.58293713645688,277.0,full,usable,2026-08-19,rejected,61.71,100.0,,,51.0,92.0,0.0,100.0,2.2.0,c8f1bf1665a8c5dfb834c0571e7dd5f6b6e5ccd00eab00295338bd42cfde549b
MXL,"MaxLinear, Inc - Common Stock",nasdaqtrader:Q:MXL,SECURITY:MXL:nasdaqtrader:Q:MXL,,common_equity,eligible,Q,,,66.43,128.03,,337053029.2334921,-22.809667673716007,-29.970482816782617,259.6643205197618,330.80415045395597,48.11372334609075,147.10736931118754,277.0,full,usable,2026-08-19,conditional,92.21,100.0,,,85.0,95.0,92.0,100.0,2.2.0,c8f1bf1665a8c5dfb834c0571e7dd5f6b6e5ccd00eab00295338bd42cfde549b
MYE,"Myers Industries, Inc. Common Stock",nasdaqtrader:N:MYE,SECURITY:MYE:nasdaqtrader:N:MYE,,common_equity,eligible,N,,,33.33,36.74,,13902065.51079365,8.179162609542345,55.82047685834502,46.63440387153541,105.99505562422742,9.281437125748514,38.877383942211424,277.0,full,usable,2026-08-19,conditional,77.71,100.0,,,73.0,82.0,62.0,100.0,2.2.0,c8f1bf1665a8c5dfb834c0571e7dd5f6b6e5ccd00eab00295338bd42cfde549b
MYFW,"First Western Financial, Inc. - Common Stock",nasdaqtrader:Q:MYFW,SECURITY:MYFW:nasdaqtrader:Q:MYFW,,common_equity,eligible,Q,,,31.3,34.19,,2082584.0071428572,-4.281345565749239,10.796460176991163,22.1225126804526,45.51371455137145,8.452763966071942,26.153511344821332,277.0,full,usable,2026-08-19,conditional,71.79,100.0,,,65.0,82.0,45.0,100.0,2.2.0,c8f1bf1665a8c5dfb834c0571e7dd5f6b6e5ccd00eab00295338bd42cfde549b
MYGN,"Myriad Genetics, Inc. - Common Stock",nasdaqtrader:Q:MYGN,SECURITY:MYGN:nasdaqtrader:Q:MYGN,,common_equity,eligible,Q,,,3.19,8.18,,8041989.225238095,-46.02368866328257,-10.140845070422532,-27.002288329519452,-44.13309982486865,61.002444987775064,192.65443100511177,277.0,full,usable,2026-08-19,conditional,71.71,100.0,,,67.0,70.0,62.0,100.0,2.2.0,c8f1bf1665a8c5dfb834c0571e7dd5f6b6e5ccd00eab00295338bd42cfde549b
MYND,"Mynd.ai, Inc. American Depositary Shares",nasdaqtrader:A:MYND,SECURITY:MYND:nasdaqtrader:A:MYND,,adr,eligible,A,,,0.4175,1.06,,342769.6307888889,4.01096163428003,38.24503311258278,-6.390134529147984,-31.287030941408833,60.613207547169814,88.43021049746118,277.0,full,usable,2026-08-19,rejected,55.0,100.0,,,55.0,70.0,0.0,100.0,2.2.0,c8f1bf1665a8c5dfb834c0571e7dd5f6b6e5ccd00eab00295338bd42cfde549b
MYO,Myomo Inc. Common Stock,nasdaqtrader:A:MYO,SECURITY:MYO:nasdaqtrader:A:MYO,,common_equity,eligible,A,,,1.86,1.86,,1096593.7569809523,98.93048128342245,111.79685720792531,137.85166240409205,66.07142857142856,0.0,118.06325218603826,277.0,full,usable,2026-08-19,rejected,38.71,100.0,,,73.0,10.0,0.0,100.0,2.2.0,c8f1bf1665a8c5dfb834c0571e7dd5f6b6e5ccd00eab00295338bd42cfde549b
MYRG,"MYR Group, Inc. - Common Stock",nasdaqtrader:Q:MYRG,SECURITY:MYRG:nasdaqtrader:Q:MYRG,,common_equity,eligible,Q,,,325.99,501.13,,121448969.09984127,-18.522869282679334,-26.025687573749657,24.948256036795712,77.70933275185348,34.949015225590166,46.18658426099565,277.0,full,usable,2026-08-19,conditional,91.14,100.0,,,85.0,92.0,92.0,100.0,2.2.0,c8f1bf1665a8c5dfb834c0571e7dd5f6b6e5ccd00eab00295338bd42cfde549b
MYSE,"Myseum.AI, Inc. - Common Stock",nasdaqtrader:Q:MYSE,SECURITY:MYSE:nasdaqtrader:Q:MYSE,,common_equity,eligible,Q,,,2.74,3.81,,943918.2644444444,5.791505791505802,71.25000000000001,53.072625698324025,27.441860465116296,28.083989501312335,74.95188531448554,277.0,full,usable,2026-08-19,rejected,65.71,100.0,,,65.0,92.0,0.0,100.0,2.2.0,c8f1bf1665a8c5dfb834c0571e7dd5f6b6e5ccd00eab00295338bd42cfde549b
MZTI,The Marzetti Company - Common Stock,nasdaqtrader:Q:MZTI,SECURITY:MZTI:nasdaqtrader:Q:MZTI,,common_equity,eligible,Q,,,116.92,189.18,,36301094.304126985,8.039179449270017,2.6604618491526955,-27.2704652898731,-35.22796520968367,38.19642668358178,34.541379568113264,277.0,full,usable,2026-08-19,conditional,84.5,100.0,,,67.0,95.0,80.0,100.0,2.2.0,c8f1bf1665a8c5dfb834c0571e7dd5f6b6e5ccd00eab00295338bd42cfde549b
NA,Nano Labs Ltd - Class A Ordinary Shares,nasdaqtrader:Q:NA,NAMECLASS:NANO LABS LTD,,common_equity,eligible,Q,,,1.92,6.11,,156173.2882873016,2.8387787895018723,-28.08988764044944,-36.8421052631579,-62.35294117647059,68.57610474631753,72.02754875160724,277.0,full,usable,2026-08-19,rejected,44.14,100.0,,,67.0,30.0,0.0,100.0,2.2.0,c8f1bf1665a8c5dfb834c0571e7dd5f6b6e5ccd00eab00295338bd42cfde549b
NAAS,NaaS Technology Inc. - American Depositary Shares,nasdaqtrader:Q:NAAS,SECURITY:NAAS:nasdaqtrader:Q:NAAS,,adr,eligible,Q,,,3.31,4.37,,66380.54490317461,4.843052168128992,12.20338983050846,32.93172690763051,11.073825503355717,24.25629290617849,39.79283215785603,277.0,full,usable,2026-08-19,rejected,63.43,100.0,,,57.0,92.0,0.0,100.0,2.2.0,c8f1bf1665a8c5dfb834c0571e7dd5f6b6e5ccd00eab00295338bd42cfde549b
NABL,"N-able, Inc. Common Stock",nasdaqtrader:N:NABL,SECURITY:NABL:nasdaqtrader:N:NABL,,common_equity,eligible,N,,,3.46,8.5,,8536013.998095239,-26.226012793176977,-3.6211699164345412,-34.962406015037594,-56.09137055837563,59.29411764705883,152.97152151026438,277.0,full,usable,2026-08-19,conditional,71.71,100.0,,,67.0,70.0,62.0,100.0,2.2.0,c8f1bf1665a8c5dfb834c0571e7dd5f6b6e5ccd00eab00295338bd42cfde549b
NAGE,"Niagen Bioscience, Inc. - Common Stock",nasdaqtrader:Q:NAGE,SECURITY:NAGE:nasdaqtrader:Q:NAGE,,common_equity,eligible,Q,,,3.17,10.24,,2599984.615079365,-9.169054441260748,-13.623978201634879,-36.6,-68.67588932806323,69.04296875,65.45357245942701,277.0,full,usable,2026-08-19,conditional,53.79,100.0,,,67.0,30.0,45.0,100.0,2.2.0,c8f1bf1665a8c5dfb834c0571e7dd5f6b6e5ccd00eab00295338bd42cfde549b
NAII,"Natural Alternatives International, Inc. - Common Stock",nasdaqtrader:Q:NAII,SECURITY:NAII:nasdaqtrader:Q:NAII,,common_equity,eligible,Q,,,2.12,4.83,,94007.49313809525,-9.787234042553195,-17.1875,-18.461538461538463,-45.07772020725388,56.10766045548654,61.21198122228806,277.0,full,usable,2026-08-19,rejected,58.43,100.0,,,67.0,70.0,0.0,100.0,2.2.0,c8f1bf1665a8c5dfb834c0571e7dd5f6b6e5ccd00eab00295338bd42cfde549b
NAK,"Northern Dynasty Minerals, Ltd. Common Stock",nasdaqtrader:A:NAK,SECURITY:NAK:nasdaqtrader:A:NAK,,common_equity,eligible,A,,,1.68,2.76,,11327286.350158729,-2.8901734104046284,-10.160427807486638,36.58536585365852,87.75145283862314,39.13043478260869,68.43842966316008,277.0,full,usable,2026-08-19,conditional,85.79,100.0,,,85.0,95.0,62.0,100.0,2.2.0,c8f1bf1665a8c5dfb834c0571e7dd5f6b6e5ccd00eab00295338bd42cfde549b
NAKA,Nakamoto Inc. - Common Stock,nasdaqtrader:Q:NAKA,SECURITY:NAKA:nasdaqtrader:Q:NAKA,,common_equity,eligible,Q,,,6.06,425.2,,1421752.193904762,26.249999999999996,-11.247803163444647,-40.23668639053255,-98.7396006655574,98.57478833490121,112.04687221331491,277.0,full,usable,2026-08-19,rejected,38.43,100.0,,,47.0,30.0,0.0,100.0,2.2.0,c8f1bf1665a8c5dfb834c0571e7dd5f6b6e5ccd00eab00295338bd42cfde549b
NAMI,Jinxin Technology Holding Company - American Depositary Shares,nasdaqtrader:Q:NAMI,SECURITY:NAMI:nasdaqtrader:Q:NAMI,,adr,eligible,Q,,,2.86,36.25,,4313357.911869841,-10.625000000000007,-68.66783523225241,-77.53338570306363,-89.0,92.1103448275862,178.12922854006098,277.0,full,usable,2026-08-19,conditional,37.5,100.0,,,10.0,30.0,45.0,100.0,2.2.0,c8f1bf1665a8c5dfb834c0571e7dd5f6b6e5ccd00eab00295338bd42cfde549b
NAMM,Namib Minerals - Ordinary Shares,nasdaqtrader:Q:NAMM,SECURITY:NAMM:nasdaqtrader:Q:NAMM,,common_equity,eligible,Q,,,1.37,6.4,,2200820.66031746,-14.374999999999993,0.0,-48.10606060606061,-51.24555160142348,78.59375,79.09100217516301,277.0,full,usable,2026-08-19,conditional,53.79,100.0,,,67.0,30.0,45.0,100.0,2.2.0,c8f1bf1665a8c5dfb834c0571e7dd5f6b6e5ccd00eab00295338bd42cfde549b
NAMS,NewAmsterdam Pharma Company N.V. - Ordinary Shares,nasdaqtrader:Q:NAMS,SECURITY:NAMS:nasdaqtrader:Q:NAMS,,common_equity,eligible,Q,,,28.53,41.45,,35587316.716031745,-11.781076066790364,-15.391459074733094,-20.21812080536912,12.3228346456693,31.170084439083233,52.151864239532145,277.0,full,usable,2026-08-19,conditional,86.86,100.0,,,79.0,92.0,80.0,100.0,2.2.0,c8f1bf1665a8c5dfb834c0571e7dd5f6b6e5ccd00eab00295338bd42cfde549b
NAT,Nordic American Tankers Limited Common Stock,nasdaqtrader:N:NAT,SECURITY:NAT:nasdaqtrader:N:NAT,,common_equity,eligible,N,,,7.02,7.02,,22778723.208095238,8.500772797527056,27.173913043478272,48.41437632135304,142.90657439446366,0.0,38.761652101619745,277.0,full,usable,2026-08-19,conditional,52.0,100.0,,,73.0,10.0,62.0,100.0,2.2.0,c8f1bf1665a8c5dfb834c0571e7dd5f6b6e5ccd00eab00295338bd42cfde549b
NATH,"Nathan's Famous, Inc. - Common Stock",nasdaqtrader:Q:NATH,SECURITY:NATH:nasdaqtrader:Q:NATH,,common_equity,eligible,Q,,,97.25,112.5,,2455727.3153968253,-0.6436452799346126,-3.607889780949547,-3.2530839633903685,-7.565820739473428,13.555555555555554,15.061993360442386,277.0,full,usable,2026-08-19,conditional,74.07,100.0,,,73.0,82.0,45.0,100.0,2.2.0,c8f1bf1665a8c5dfb834c0571e7dd5f6b6e5ccd00eab00295338bd42cfde549b
NATL,NCR Atleos Corporation Common Stock,nasdaqtrader:N:NATL,SECURITY:NATL:nasdaqtrader:N:NATL,,common_equity,eligible,N,,,46.06,48.13,,30564060.00809524,-3.9215686274509665,3.5987404408457158,9.902171319494158,18.375738884605507,4.300851859547061,13.365397063137122,277.0,full,usable,2026-08-19,conditional,59.86,100.0,,,87.0,10.0,80.0,100.0,2.2.0,c8f1bf1665a8c5dfb834c0571e7dd5f6b6e5ccd00eab00295338bd42cfde549b
NATR,"Nature's Sunshine Products, Inc. - Common Stock",nasdaqtrader:Q:NATR,SECURITY:NATR:nasdaqtrader:Q:NATR,,common_equity,eligible,Q,,,14.56,27.8,,2983156.605555556,-30.201342281879196,-32.592592592592595,-44.869367663763725,-11.596842744383718,47.62589928057553,70.44578918881331,277.0,full,usable,2026-08-19,conditional,78.71,100.0,,,73.0,95.0,45.0,100.0,2.2.0,c8f1bf1665a8c5dfb834c0571e7dd5f6b6e5ccd00eab00295338bd42cfde549b
NAUT,"Nautilus Biotechnology, Inc. - Common Stock",nasdaqtrader:Q:NAUT,SECURITY:NAUT:nasdaqtrader:Q:NAUT,,common_equity,eligible,Q,,,0.9015,3.95,,1425588.0242301587,-46.970588235294116,-62.1218487394958,-66.36194029850746,28.78571428571428,77.17721518987342,113.48162677815101,277.0,full,usable,2026-08-19,rejected,43.57,100.0,,,65.0,30.0,0.0,100.0,2.2.0,c8f1bf1665a8c5dfb834c0571e7dd5f6b6e5ccd00eab00295338bd42cfde549b
NAVI,Navient Corporation - Common Stock,nasdaqtrader:Q:NAVI,SECURITY:NAVI:nasdaqtrader:Q:NAVI,,common_equity,eligible,Q,,,9.25,13.77,,9998382.533492064,6.566820276497709,12.12121212121211,-3.141361256544506,-28.46094354215004,32.824981844589686,47.48026596078975,277.0,full,usable,2026-08-19,conditional,76.14,100.0,,,55.0,92.0,62.0,100.0,2.2.0,c8f1bf1665a8c5dfb834c0571e7dd5f6b6e5ccd00eab00295338bd42cfde549b
NAVN,"Navan, Inc. - Class A Common Stock",nasdaqtrader:Q:NAVN,NAMECLASS:NAVAN INC,,common_equity,eligible,Q,,,29.18,29.71,,97920655.62857144,9.616829451540188,54.55508474576271,188.9108910891089,,1.783911141029959,61.74935158648719,201.0,limited_but_usable,usable,2026-08-19,conditional,45.57,100.0,,,37.0,10.0,80.0,100.0,2.2.0,c8f1bf1665a8c5dfb834c0571e7dd5f6b6e5ccd00eab00295338bd42cfde549b
NB,NioCorp Developments Ltd. - Common Stock,nasdaqtrader:Q:NB,SECURITY:NB:nasdaqtrader:Q:NB,,common_equity,eligible,Q,,,4.46,11.67,,17484263.4731746,0.11223344556676729,-8.041237113402055,-20.640569395017792,2.0594965675057253,61.782347900599824,87.31768548657234,277.0,full,usable,2026-08-19,conditional,75.14,100.0,,,79.0,70.0,62.0,100.0,2.2.0,c8f1bf1665a8c5dfb834c0571e7dd5f6b6e5ccd00eab00295338bd42cfde549b
NBBK,"NB Bancorp, Inc. - Common Stock",nasdaqtrader:Q:NBBK,SECURITY:NBBK:nasdaqtrader:Q:NBBK,,common_equity,eligible,Q,,,21.9,23.32,,6279744.076031746,4.0874524714828775,12.192622950819665,0.27472527472527375,20.79426365140651,6.089193825042893,26.795487052239718,277.0,full,usable,2026-08-19,conditional,59.0,100.0,,,75.0,28.0,62.0,100.0,2.2.0,c8f1bf1665a8c5dfb834c0571e7dd5f6b6e5ccd00eab00295338bd42cfde549b
NBHC,National Bank Holdings Corporation Common Stock,nasdaqtrader:N:NBHC,SECURITY:NBHC:nasdaqtrader:N:NBHC,,common_equity,eligible,N,,,41.77,47.08,,18108298.546031747,-8.539522662579369,1.3343037360504795,0.5294825511432233,10.152953586497905,11.278674596431593,23.156759880194382,277.0,full,usable,2026-08-19,conditional,79.43,100.0,,,79.0,82.0,62.0,100.0,2.2.0,c8f1bf1665a8c5dfb834c0571e7dd5f6b6e5ccd00eab00295338bd42cfde549b
NBIS,Nebius Group N.V. - Class A Ordinary Shares,nasdaqtrader:Q:NBIS,NAMECLASS:NEBIUS GROUP N V,,common_equity,eligible,Q,,,223.9,286.69,,4772936523.2,3.2177761386686488,13.235219744095495,119.9410609037328,208.65729252826023,21.901705675119466,168.86146669110997,277.0,full,usable,2026-08-19,conditional,89.43,100.0,,,73.0,92.0,100.0,100.0,2.2.0,c8f1bf1665a8c5dfb834c0571e7dd5f6b6e5ccd00eab00295338bd42cfde549b
NBIX,"Neurocrine Biosciences, Inc. - Common Stock",nasdaqtrader:Q:NBIX,SECURITY:NBIX:nasdaqtrader:Q:NBIX,,common_equity,eligible,Q,,,155.54,185.5,,208382230.1761111,-13.130410499860378,0.7644467478621353,21.155943293347867,16.824395373291278,16.150943396226424,42.9714961309668,277.0,full,usable,2026-08-19,conditional,85.29,100.0,,,77.0,82.0,92.0,100.0,2.2.0,c8f1bf1665a8c5dfb834c0571e7dd5f6b6e5ccd00eab00295338bd42cfde549b
NBN,Northeast Bank - Common Stock,nasdaqtrader:Q:NBN,SECURITY:NBN:nasdaqtrader:Q:NBN,,common_equity,eligible,Q,,,129.3,137.51,,18127337.661269844,-1.889369451399936,9.977034957897434,10.475051264524948,26.541397533763945,5.970474874554565,37.94637430965822,277.0,full,usable,2026-08-19,conditional,59.0,100.0,,,75.0,28.0,62.0,100.0,2.2.0,c8f1bf1665a8c5dfb834c0571e7dd5f6b6e5ccd00eab00295338bd42cfde549b
NBP,NovaBridge Biosciences - American Depositary Shares,nasdaqtrader:Q:NBP,SECURITY:NBP:nasdaqtrader:Q:NBP,,adr,eligible,Q,,,1.98,6.56,,932494.4050793651,8.196721311475397,17.85714285714286,-39.817629179331306,-61.10019646365422,69.81707317073172,47.106925160618204,277.0,full,usable,2026-08-19,rejected,40.71,100.0,,,55.0,30.0,0.0,100.0,2.2.0,c8f1bf1665a8c5dfb834c0571e7dd5f6b6e5ccd00eab00295338bd42cfde549b
NBR,Nabors Industries Ltd.,qrgf-resolution-required:N:NBR,SECURITY:NBR:qrgf-resolution-required:N:NBR,,common_equity,eligible,N,,,91.76,110.63,,24424898.095396824,8.309726156751651,-15.2645673654077,21.85922974767598,190.56364787840408,17.056856187290958,53.41906893332605,277.0,full,usable,2026-08-19,conditional,81.14,100.0,,,85.0,82.0,62.0,100.0,2.2.0,c8f1bf1665a8c5dfb834c0571e7dd5f6b6e5ccd00eab00295338bd42cfde549b
NBTB,NBT Bancorp Inc. - Common Stock,nasdaqtrader:Q:NBTB,SECURITY:NBTB:nasdaqtrader:Q:NBTB,,common_equity,eligible,Q,,,51.75,54.26,,18236022.57984127,-0.6336405529953848,15.487614371792002,15.051133837261021,22.25372076541461,4.6258754146701,20.781502891852618,277.0,full,usable,2026-08-19,conditional,49.71,100.0,,,65.0,10.0,62.0,100.0,2.2.0,c8f1bf1665a8c5dfb834c0571e7dd5f6b6e5ccd00eab00295338bd42cfde549b
NBTX,Nanobiotix S.A. - ADSs,qrgf-resolution-required:Q:NBTX,SECURITY:NBTX:qrgf-resolution-required:Q:NBTX,,common_equity,eligible,Q,,,45.39,55.07,,4260142.226984127,15.144596651445962,-1.7532467532467622,69.27093044937533,415.7954545454545,17.577628472852737,74.7622160351163,277.0,full,usable,2026-08-19,conditional,77.5,100.0,,,85.0,82.0,45.0,100.0,2.2.0,c8f1bf1665a8c5dfb834c0571e7dd5f6b6e5ccd00eab00295338bd42cfde549b
NC,"NACCO Industries, Inc. Common Stock",nasdaqtrader:N:NC,SECURITY:NC:nasdaqtrader:N:NC,,common_equity,eligible,N,,,41.78,58.99,,652823.457936508,-11.389183457051955,-14.665032679738566,-25.869410929737402,14.090660841070468,29.17443634514324,37.52016716084556,277.0,full,usable,2026-08-19,rejected,69.71,100.0,,,79.0,92.0,0.0,100.0,2.2.0,c8f1bf1665a8c5dfb834c0571e7dd5f6b6e5ccd00eab00295338bd42cfde549b
NCDL,Nuveen Churchill Direct Lending Corp. Common Stock,nasdaqtrader:N:NCDL,SECURITY:NCDL:nasdaqtrader:N:NCDL,,common_equity,eligible,N,,,12.35,16.08,,2434612.501111111,-2.371541501976293,-3.816199376947038,-12.099644128113884,-23.33954065797641,23.196517412935314,25.660386400781587,277.0,full,usable,2026-08-19,conditional,77.64,100.0,,,73.0,92.0,45.0,100.0,2.2.0,c8f1bf1665a8c5dfb834c0571e7dd5f6b6e5ccd00eab00295338bd42cfde549b
NCEL,NewcelX Ltd. - Ordinary Shares,nasdaqtrader:Q:NCEL,SECURITY:NCEL:nasdaqtrader:Q:NCEL,,common_equity,eligible,Q,,,3.25,27.9,,130755.00143968254,-14.698162729658792,2.2012578616352085,19.926199261992615,-87.40310077519379,88.35125448028674,58.38306877271009,277.0,full,usable,2026-08-19,rejected,35.57,100.0,,,37.0,30.0,0.0,100.0,2.2.0,c8f1bf1665a8c5dfb834c0571e7dd5f6b6e5ccd00eab00295338bd42cfde549b
NCEW,New Century Logistics (BVI) Limited - Ordinary Shares,nasdaqtrader:Q:NCEW,SECURITY:NCEW:nasdaqtrader:Q:NCEW,,common_equity,eligible,Q,,,17.31,20.7,,56795.20159999999,1.8235294117646905,-13.276553106212429,116.37499999999999,188.49999999999997,16.3768115942029,63.399157772074055,277.0,full,usable,2026-08-19,rejected,67.86,100.0,,,85.0,82.0,0.0,100.0,2.2.0,c8f1bf1665a8c5dfb834c0571e7dd5f6b6e5ccd00eab00295338bd42cfde549b
NCI,Neo-Concept International Group Holdings Limited - Class A Ordinary Shares,nasdaqtrader:Q:NCI,NAMECLASS:NEO CONCEPT INTERNATIONAL GROUP HOLDINGS LIMITED,,common_equity,eligible,Q,,,12.35,96.0,,5805242.855873016,2.319801159900581,46.15384615384617,-62.2093023255814,-15.17857142857143,87.13541666666667,30.525625540425537,277.0,full,usable,2026-08-19,conditional,52.86,100.0,,,51.0,30.0,62.0,100.0,2.2.0,c8f1bf1665a8c5dfb834c0571e7dd5f6b6e5ccd00eab00295338bd42cfde549b
NCL,Northann Corp. Common Stock,nasdaqtrader:A:NCL,SECURITY:NCL:nasdaqtrader:A:NCL,,common_equity,eligible,A,,,0.159,1.533,,40954.37080476191,0.0,4.674127715602361,-7.986111111111116,-87.08367181153534,89.62818003913894,0.0,277.0,full,usable,2026-08-19,rejected,38.43,100.0,,,47.0,30.0,0.0,100.0,2.2.0,c8f1bf1665a8c5dfb834c0571e7dd5f6b6e5ccd00eab00295338bd42cfde549b
NCLH,Norwegian Cruise Line Holdings Ltd. Ordinary Shares,nasdaqtrader:N:NCLH,SECURITY:NCLH:nasdaqtrader:N:NCLH,,common_equity,eligible,N,,,17.34,26.94,,335265200.5498413,-10.848329048843187,17.24137931034484,-28.788501026694046,-29.454841334418226,35.634743875278396,56.110962353205764,277.0,full,usable,2026-08-19,conditional,83.64,100.0,,,55.0,95.0,92.0,100.0,2.2.0,c8f1bf1665a8c5dfb834c0571e7dd5f6b6e5ccd00eab00295338bd42cfde549b
NCMI,"National CineMedia, Inc. - Common Stock",nasdaqtrader:Q:NCMI,SECURITY:NCMI:nasdaqtrader:Q:NCMI,,common_equity,eligible,Q,,,2.64,4.89,,2177477.381825397,-32.30769230769231,-11.409395973154357,-18.26625386996904,-40.80717488789237,46.0122699386503,173.62677500574628,277.0,full,usable,2026-08-19,conditional,77.0,100.0,,,67.0,95.0,45.0,100.0,2.2.0,c8f1bf1665a8c5dfb834c0571e7dd5f6b6e5ccd00eab00295338bd42cfde549b
NCNA,NuCana plc - American Depositary Shares,nasdaqtrader:Q:NCNA,SECURITY:NCNA:nasdaqtrader:Q:NCNA,,adr,eligible,Q,,,1.55,7.02,,78704.91507936509,20.155038759689916,-21.717171717171713,-26.54028436018957,-59.9483204134367,77.92022792022793,61.562972648542704,277.0,full,usable,2026-08-19,rejected,44.14,100.0,,,67.0,30.0,0.0,100.0,2.2.0,c8f1bf1665a8c5dfb834c0571e7dd5f6b6e5ccd00eab00295338bd42cfde549b
NCNO,"nCino, Inc. - Common Stock",nasdaqtrader:Q:NCNO,SECURITY:NCNO:nasdaqtrader:Q:NCNO,,common_equity,eligible,Q,,,20.69,32.69,,54037285.849047616,19.7337962962963,37.4750830564784,26.544342507645258,-26.26514611546685,36.70847353930865,44.8095810111488,277.0,full,usable,2026-08-19,conditional,78.21,100.0,,,45.0,95.0,80.0,100.0,2.2.0,c8f1bf1665a8c5dfb834c0571e7dd5f6b6e5ccd00eab00295338bd42cfde549b
NCRA,"Nocera, Inc. - common stock",nasdaqtrader:Q:NCRA,SECURITY:NCRA:nasdaqtrader:Q:NCRA,,common_equity,eligible,Q,,,2.03,59.1,,10030145.84515873,35.33333333333333,-66.61733267554679,-83.16749585406302,-95.8739837398374,96.56514382402707,270.39907899916824,277.0,full,usable,2026-08-19,conditional,41.14,100.0,,,10.0,30.0,62.0,100.0,2.2.0,c8f1bf1665a8c5dfb834c0571e7dd5f6b6e5ccd00eab00295338bd42cfde549b
NCSM,"NCS Multistage Holdings, Inc. - Common Stock",nasdaqtrader:Q:NCSM,SECURITY:NCSM:nasdaqtrader:Q:NCSM,,common_equity,eligible,Q,,,50.6,85.2,,915158.292936508,11.184355086794117,17.34693877551021,29.776865863041802,44.57142857142857,40.61032863849765,49.569999624058894,277.0,full,usable,2026-08-19,rejected,66.79,100.0,,,65.0,95.0,0.0,100.0,2.2.0,c8f1bf1665a8c5dfb834c0571e7dd5f6b6e5ccd00eab00295338bd42cfde549b
NCT,Intercont (Cayman) Limited - Class A Ordinary shares,nasdaqtrader:Q:NCT,NAMECLASS:INTERCONT CAYMAN LIMITED,,common_equity,eligible,Q,,,4.0,50.25,,4910985.054285714,38.888888888888886,66.66666666666667,-20.398009950248763,-93.56084996780424,92.03980099502488,49.06307256242922,277.0,full,usable,2026-08-19,conditional,44.64,100.0,,,35.0,30.0,45.0,100.0,2.2.0,c8f1bf1665a8c5dfb834c0571e7dd5f6b6e5ccd00eab00295338bd42cfde549b
NCTY,The9 Limited - American Depository Shares,nasdaqtrader:Q:NCTY,SECURITY:NCTY:nasdaqtrader:Q:NCTY,,adr,eligible,Q,,,4.32,11.43,,525536.7574603175,8.5427135678392,-18.949343339587234,-18.796992481203013,-46.40198511166253,62.20472440944882,135.25718112036532,277.0,full,usable,2026-08-19,rejected,58.43,100.0,,,67.0,70.0,0.0,100.0,2.2.0,c8f1bf1665a8c5dfb834c0571e7dd5f6b6e5ccd00eab00295338bd42cfde549b
NDAQ,"Nasdaq, Inc. - Common Stock",nasdaqtrader:Q:NDAQ,SECURITY:NDAQ:nasdaqtrader:Q:NDAQ,,common_equity,eligible,Q,,,96.35,100.98,,346870869.87579364,6.770833333333326,4.7510328332246,17.3140143674662,2.1305914776340806,4.585066349772237,24.323500252612025,277.0,full,usable,2026-08-19,conditional,57.29,100.0,,,69.0,10.0,92.0,100.0,2.2.0,c8f1bf1665a8c5dfb834c0571e7dd5f6b6e5ccd00eab00295338bd42cfde549b
NDLS,Noodles & Company - Class A Common Stock,nasdaqtrader:Q:NDLS,NAMECLASS:NOODLES COMPANY,,common_equity,eligible,Q,,,15.61,18.62,,771350.0592063492,30.956375838926164,32.064297800338394,300.2564102564103,166.74641148325358,16.165413533834595,102.21242902542518,277.0,full,usable,2026-08-19,rejected,64.43,100.0,,,73.0,82.0,0.0,100.0,2.2.0,c8f1bf1665a8c5dfb834c0571e7dd5f6b6e5ccd00eab00295338bd42cfde549b
NDRA,ENDRA Life Sciences Inc. - Common Stock,nasdaqtrader:Q:NDRA,SECURITY:NDRA:nasdaqtrader:Q:NDRA,,common_equity,eligible,Q,,,4.52,8.12,,152447.03396825396,-15.671641791044788,-19.141323792486588,31.01449275362318,-6.3212435233160775,44.33497536945813,83.6547009236402,277.0,full,usable,2026-08-19,rejected,66.21,100.0,,,63.0,95.0,0.0,100.0,2.2.0,c8f1bf1665a8c5dfb834c0571e7dd5f6b6e5ccd00eab00295338bd42cfde549b
NDSN,Nordson Corporation - Common Stock,nasdaqtrader:Q:NDSN,SECURITY:NDSN:nasdaqtrader:Q:NDSN,,common_equity,eligible,Q,,,309.92,311.36,,117225692.80904762,6.84317578515532,14.092180827565915,3.5517391159076483,44.75478748248483,0.4624871531346386,18.179317717081833,277.0,full,usable,2026-08-19,conditional,59.0,100.0,,,75.0,10.0,92.0,100.0,2.2.0,c8f1bf1665a8c5dfb834c0571e7dd5f6b6e5ccd00eab00295338bd42cfde549b
NE,Noble Corporation plc A Ordinary Shares,nasdaqtrader:N:NE,SECURITY:NE:nasdaqtrader:N:NE,,common_equity,eligible,N,,,45.87,54.37,,65452181.6963492,7.67605633802817,-15.462587541467009,3.6375960234975135,67.22566532993073,15.633621482435167,48.62838173354594,277.0,full,usable,2026-08-19,conditional,87.86,100.0,,,95.0,82.0,80.0,100.0,2.2.0,c8f1bf1665a8c5dfb834c0571e7dd5f6b6e5ccd00eab00295338bd42cfde549b
NECB,"NorthEast Community Bancorp, Inc. - Common Stock",nasdaqtrader:Q:NECB,SECURITY:NECB:nasdaqtrader:Q:NECB,,common_equity,eligible,Q,,,26.35,28.32,,1195074.3206349206,-1.3108614232209659,11.984700382490443,10.066833751044268,20.539798719121684,6.956214689265527,19.793997482125732,277.0,full,usable,2026-08-19,rejected,45.71,100.0,,,75.0,28.0,0.0,100.0,2.2.0,c8f1bf1665a8c5dfb834c0571e7dd5f6b6e5ccd00eab00295338bd42cfde549b
NEE,"NextEra Energy, Inc. Common Stock",nasdaqtrader:N:NEE,SECURITY:NEE:nasdaqtrader:N:NEE,,common_equity,eligible,N,,,85.91,97.88,,999184459.6773015,-2.2972819288070156,-4.608039085054417,-5.8210918658189055,13.457474907554134,12.229260318757662,12.657662286476953,277.0,full,usable,2026-08-19,conditional,87.57,100.0,,,79.0,82.0,100.0,100.0,2.2.0,c8f1bf1665a8c5dfb834c0571e7dd5f6b6e5ccd00eab00295338bd42cfde549b
NEGG,"Newegg Commerce, Inc. - Common Shares",nasdaqtrader:Q:NEGG,SECURITY:NEGG:nasdaqtrader:Q:NEGG,,common_equity,eligible,Q,,,18.5,115.78,,1448687.4206349207,35.23391812865497,-5.128205128205132,-63.03696303696304,-82.72964899178493,84.02141993435826,87.76610665385253,277.0,full,usable,2026-08-19,rejected,35.57,100.0,,,37.0,30.0,0.0,100.0,2.2.0,c8f1bf1665a8c5dfb834c0571e7dd5f6b6e5ccd00eab00295338bd42cfde549b
NEM,Newmont Corporation,qrgf-resolution-required:N:NEM,SECURITY:NEM:qrgf-resolution-required:N:NEM,,common_equity,eligible,N,,,125.08,131.95,,818118075.6585714,35.23624175586551,19.021790845941577,0.3127756836955653,81.27536231884058,5.206517620310713,49.03496948841396,277.0,full,usable,2026-08-19,conditional,69.43,100.0,,,83.0,28.0,100.0,100.0,2.2.0,c8f1bf1665a8c5dfb834c0571e7dd5f6b6e5ccd00eab00295338bd42cfde549b
NEN,New England Realty Associates Limited Partnership Class A Depositary Receipts Evidencing Units of Limited Partnership,nasdaqtrader:A:NEN,SECURITY:NEN:nasdaqtrader:A:NEN,,adr,eligible,A,,,55.51,73.5,,31895.558961904764,-2.1850220264317266,-5.915254237288137,-15.219549446353565,-22.09122807017544,24.476190476190474,13.760041630922634,277.0,full,usable,2026-08-19,rejected,68.0,100.0,,,73.0,92.0,0.0,100.0,2.2.0,c8f1bf1665a8c5dfb834c0571e7dd5f6b6e5ccd00eab00295338bd42cfde549b
NEO,"NeoGenomics, Inc. - Common Stock",nasdaqtrader:Q:NEO,SECURITY:NEO:nasdaqtrader:Q:NEO,,common_equity,eligible,Q,,,16.655,16.655,,37017640.80690476,15.25951557093428,98.51013110846245,62.32943469785577,166.90705128205127,0.0,59.25016562547183,277.0,full,usable,2026-08-19,conditional,55.86,100.0,,,73.0,10.0,80.0,100.0,2.2.0,c8f1bf1665a8c5dfb834c0571e7dd5f6b6e5ccd00eab00295338bd42cfde549b
NEOG,Neogen Corporation - Common Stock,nasdaqtrader:Q:NEOG,SECURITY:NEOG:nasdaqtrader:Q:NEOG,,common_equity,eligible,Q,,,12.15,12.15,,22509992.108095236,22.35649546827796,45.50898203592815,8.968609865470857,119.31407942238268,0.0,69.6698875563913,277.0,full,usable,2026-08-19,conditional,54.86,100.0,,,83.0,10.0,62.0,100.0,2.2.0,c8f1bf1665a8c5dfb834c0571e7dd5f6b6e5ccd00eab00295338bd42cfde549b
NEOV,NeoVolta Inc. - Common Stock,nasdaqtrader:Q:NEOV,SECURITY:NEOV:nasdaqtrader:Q:NEOV,,common_equity,eligible,Q,,,3.34,6.06,,6488463.486825397,44.588744588744575,65.34653465346534,-8.743169398907114,-15.01272264631044,44.884488448844884,95.6129655879081,277.0,full,usable,2026-08-19,conditional,78.93,100.0,,,61.0,95.0,62.0,100.0,2.2.0,c8f1bf1665a8c5dfb834c0571e7dd5f6b6e5ccd00eab00295338bd42cfde549b
NEPH,"Nephros, Inc. - Common Stock",nasdaqtrader:Q:NEPH,SECURITY:NEPH:nasdaqtrader:Q:NEPH,,common_equity,eligible,Q,,,4.76,5.785,,60841.543779365085,32.59052924791086,31.12947658402203,26.25994694960212,10.697674418604652,17.71823681936042,76.69095145541792,277.0,full,usable,2026-08-19,rejected,59.86,100.0,,,57.0,82.0,0.0,100.0,2.2.0,c8f1bf1665a8c5dfb834c0571e7dd5f6b6e5ccd00eab00295338bd42cfde549b
NERV,"Minerva Neurosciences, Inc - Common Stock",nasdaqtrader:Q:NERV,SECURITY:NERV:nasdaqtrader:Q:NERV,,common_equity,eligible,Q,,,4.79,8.07,,1172728.861984127,6.919642857142838,9.86238532110091,-25.736434108527128,96.31147540983606,40.644361833952914,89.46181799236945,277.0,full,usable,2026-08-19,rejected,71.93,100.0,,,83.0,95.0,0.0,100.0,2.2.0,c8f1bf1665a8c5dfb834c0571e7dd5f6b6e5ccd00eab00295338bd42cfde549b
NESR,National Energy Services Reunited Corp - Ordinary Shares,nasdaqtrader:Q:NESR,SECURITY:NESR:nasdaqtrader:Q:NESR,,common_equity,eligible,Q,,,33.545,36.31,,62720296.83007937,17.825781524411678,32.01495474222749,35.97486826104581,365.9027777777778,7.614982098595425,79.07673206828811,277.0,full,usable,2026-08-19,conditional,62.29,100.0,,,73.0,28.0,80.0,100.0,2.2.0,c8f1bf1665a8c5dfb834c0571e7dd5f6b6e5ccd00eab00295338bd42cfde549b
NET,"Cloudflare, Inc. Class A Common Stock",nasdaqtrader:N:NET,NAMECLASS:CLOUDFLARE INC,,common_equity,eligible,N,,,291.88,330.83,,982260766.3285714,7.186662259924348,41.188990470662226,52.4655244463017,44.23086425853633,11.77341837197352,48.130772918919654,277.0,full,usable,2026-08-19,conditional,83.57,100.0,,,65.0,82.0,100.0,100.0,2.2.0,c8f1bf1665a8c5dfb834c0571e7dd5f6b6e5ccd00eab00295338bd42cfde549b
NEU,NewMarket Corp Common Stock,nasdaqtrader:N:NEU,SECURITY:NEU:nasdaqtrader:N:NEU,,common_equity,eligible,N,,,930.82,961.92,,97145398.4473016,19.05200419512445,33.12262235061927,52.97713938238533,20.517899915841276,3.233117099135052,36.872840730414566,277.0,full,usable,2026-08-19,conditional,53.57,100.0,,,65.0,10.0,80.0,100.0,2.2.0,c8f1bf1665a8c5dfb834c0571e7dd5f6b6e5ccd00eab00295338bd42cfde549b
NEUP,Neuphoria Therapeutics Inc. - Common Stock,nasdaqtrader:Q:NEUP,SECURITY:NEUP:nasdaqtrader:Q:NEUP,,common_equity,eligible,Q,,,3.93,20.0,,787917.1141746033,17.664670658682645,-17.610062893081746,-11.085972850678727,-49.55070603337612,80.35,60.59566138016318,277.0,full,usable,2026-08-19,rejected,44.14,100.0,,,67.0,30.0,0.0,100.0,2.2.0,c8f1bf1665a8c5dfb834c0571e7dd5f6b6e5ccd00eab00295338bd42cfde549b
NEWP,New Pacific Metals Corp. Common Shares,nasdaqtrader:A:NEWP,SECURITY:NEWP:nasdaqtrader:A:NEWP,,common_equity,eligible,A,,,6.83,6.84,,3655431.2555555557,57.37327188940093,43.789473684210535,89.19667590027703,299.4152046783626,0.14619883040934978,67.1973159089373,277.0,full,usable,2026-08-19,conditional,48.36,100.0,,,73.0,10.0,45.0,100.0,2.2.0,c8f1bf1665a8c5dfb834c0571e7dd5f6b6e5ccd00eab00295338bd42cfde549b
NEWT,"NewtekOne, Inc. - Common Stock",nasdaqtrader:Q:NEWT,SECURITY:NEWT:nasdaqtrader:Q:NEWT,,common_equity,eligible,Q,,,12.6,15.56,,3243401.5034920634,-15.322580645161299,-2.021772939346811,-3.5960214231063548,4.651162790697683,19.023136246786642,41.262025036228444,277.0,full,usable,2026-08-19,conditional,75.79,100.0,,,79.0,82.0,45.0,100.0,2.2.0,c8f1bf1665a8c5dfb834c0571e7dd5f6b6e5ccd00eab00295338bd42cfde549b
NEXA,Nexa Resources S.A. Common Shares,nasdaqtrader:N:NEXA,SECURITY:NEXA:nasdaqtrader:N:NEXA,,common_equity,eligible,N,,,14.17,16.72,,10028062.093650794,10.530421216848662,-1.0474860335195513,24.955908289241613,185.11066398390344,15.251196172248793,76.31022181997884,277.0,full,usable,2026-08-19,conditional,81.14,100.0,,,85.0,82.0,62.0,100.0,2.2.0,c8f1bf1665a8c5dfb834c0571e7dd5f6b6e5ccd00eab00295338bd42cfde549b
NEXM,NexMetals Mining Corp. - Common Stock,nasdaqtrader:Q:NEXM,SECURITY:NEXM:nasdaqtrader:Q:NEXM,,common_equity,eligible,Q,,,2.31,6.34,,67923.85187301587,3.125,-16.30434782608695,-30.630630630630627,-58.6021505376344,63.56466876971609,52.22553721784393,276.0,full,usable,2026-08-19,rejected,58.43,100.0,,,67.0,70.0,0.0,100.0,2.2.0,c8f1bf1665a8c5dfb834c0571e7dd5f6b6e5ccd00eab00295338bd42cfde549b
NEXN,Nexxen International Ltd. - Ordinary Shares,nasdaqtrader:Q:NEXN,SECURITY:NEXN:nasdaqtrader:Q:NEXN,,common_equity,eligible,Q,,,10.05,10.95,,3917715.0681746034,0.9036144578313143,20.503597122302164,67.779632721202,4.361370716510904,8.21917808219177,36.37422518026705,277.0,full,usable,2026-08-19,conditional,69.5,100.0,,,57.0,82.0,45.0,100.0,2.2.0,c8f1bf1665a8c5dfb834c0571e7dd5f6b6e5ccd00eab00295338bd42cfde549b
NEXR,Nexera Technologies Ltd - Ordinary Shares,nasdaqtrader:Q:NEXR,SECURITY:NEXR:nasdaqtrader:Q:NEXR,,common_equity,eligible,Q,,,2.66,831.6,,11374599.22379365,-36.0576923076923,-81.9538670284939,-95.3585761647182,-99.69265609835006,99.68013468013469,187.37773225153086,277.0,full,usable,2026-08-19,conditional,38.29,100.0,,,0.0,30.0,62.0,100.0,2.2.0,c8f1bf1665a8c5dfb834c0571e7dd5f6b6e5ccd00eab00295338bd42cfde549b
NEXT,NextDecade Corporation - Common Stock,nasdaqtrader:Q:NEXT,SECURITY:NEXT:nasdaqtrader:Q:NEXT,,common_equity,eligible,Q,,,6.72,10.72,,20603859.031031746,-8.446866485013626,-25.083612040133787,25.607476635514015,-30.79299691040166,37.313432835820905,67.84104402892538,277.0,full,usable,2026-08-19,conditional,77.79,100.0,,,57.0,95.0,62.0,100.0,2.2.0,c8f1bf1665a8c5dfb834c0571e7dd5f6b6e5ccd00eab00295338bd42cfde549b
NFG,National Fuel Gas Company Common Stock,nasdaqtrader:N:NFG,SECURITY:NFG:nasdaqtrader:N:NFG,,common_equity,eligible,N,,,83.58,96.3,,57617334.78968254,3.3382789317507378,-1.2056737588652444,-3.1068861581265983,-2.1884142773551885,13.208722741433021,21.348023401418,277.0,full,usable,2026-08-19,conditional,81.57,100.0,,,73.0,82.0,80.0,100.0,2.2.0,c8f1bf1665a8c5dfb834c0571e7dd5f6b6e5ccd00eab00295338bd42cfde549b
NFGC,New Found Gold Corp Common Shares,nasdaqtrader:A:NFGC,SECURITY:NFGC:nasdaqtrader:A:NFGC,,common_equity,eligible,A,,,1.78,3.48,,2474517.299365079,25.35211267605635,-6.80628272251308,-33.08270676691729,11.250000000000004,48.85057471264368,59.31307990286019,277.0,full,usable,2026-08-19,conditional,80.43,100.0,,,79.0,95.0,45.0,100.0,2.2.0,c8f1bf1665a8c5dfb834c0571e7dd5f6b6e5ccd00eab00295338bd42cfde549b
NFLX,"Netflix, Inc. - Common Stock",nasdaqtrader:Q:NFLX,SECURITY:NFLX:nasdaqtrader:Q:NFLX,,common_equity,eligible,Q,,,80.22,126.33,,3237958796.082381,16.81957186544343,-10.198141721706033,2.8593409411463044,-35.57144004497631,36.49964379007362,37.280053979774266,277.0,full,usable,2026-08-19,conditional,88.79,100.0,,,67.0,95.0,100.0,100.0,2.2.0,c8f1bf1665a8c5dfb834c0571e7dd5f6b6e5ccd00eab00295338bd42cfde549b
NG,Novagold Resources Inc.,qrgf-resolution-required:A:NG,SECURITY:NG:qrgf-resolution-required:A:NG,,common_equity,eligible,A,,,8.46,14.2,,30663643.184761908,50.26642984014211,9.443725743855126,-20.188679245283005,39.83471074380167,40.42253521126759,77.27375237854466,277.0,full,usable,2026-08-19,conditional,86.79,100.0,,,75.0,95.0,80.0,100.0,2.2.0,c8f1bf1665a8c5dfb834c0571e7dd5f6b6e5ccd00eab00295338bd42cfde549b
NGEN,NervGen Pharma Corp. - Common stock,nasdaqtrader:Q:NGEN,SECURITY:NGEN:nasdaqtrader:Q:NGEN,,common_equity,eligible,Q,,,1.75,5.97,,1940855.9304761905,-1.6853932584269704,-50.84269662921348,-57.932692307692314,,70.68676716917923,43.41652640833527,154.0,limited_but_usable,usable,2026-08-19,rejected,35.57,100.0,,,37.0,30.0,0.0,100.0,2.2.0,c8f1bf1665a8c5dfb834c0571e7dd5f6b6e5ccd00eab00295338bd42cfde549b
NGG,"National Grid Transco, PLC National Grid PLC (NEW) American Depositary Shares",nasdaqtrader:N:NGG,SECURITY:NGG:nasdaqtrader:N:NGG,,adr,eligible,N,,,80.66,93.93,,78833550.29111111,-1.6940889701401618,-4.147355912061801,-11.17718312961128,14.087694483734081,14.127541786436716,18.70279041613023,277.0,full,usable,2026-08-19,conditional,83.29,100.0,,,79.0,82.0,80.0,100.0,2.2.0,c8f1bf1665a8c5dfb834c0571e7dd5f6b6e5ccd00eab00295338bd42cfde549b
NGL,NGL ENERGY PARTNERS LP Common Units representing Limited Partner Interests,qrgf-resolution-required:N:NGL,SECURITY:NGL:qrgf-resolution-required:N:NGL,,common_equity,eligible,N,,,16.93,18.36,,4385391.572857143,7.628734901462164,-2.8686173264486525,41.43692564745196,238.60000000000002,7.7886710239651435,51.83605235956906,277.0,full,usable,2026-08-19,conditional,58.21,100.0,,,85.0,28.0,45.0,100.0,2.2.0,c8f1bf1665a8c5dfb834c0571e7dd5f6b6e5ccd00eab00295338bd42cfde549b
NGNE,Neurogene Inc. - Common Stock,nasdaqtrader:Q:NGNE,SECURITY:NGNE:nasdaqtrader:Q:NGNE,,common_equity,eligible,Q,,,39.43,42.84,,7365942.672539683,7.497273718647768,46.688988095238095,129.11098198721672,92.81173594132031,7.959850606909436,65.58585627545934,277.0,full,usable,2026-08-19,conditional,58.43,100.0,,,73.0,28.0,62.0,100.0,2.2.0,c8f1bf1665a8c5dfb834c0571e7dd5f6b6e5ccd00eab00295338bd42cfde549b
NGS,"Natural Gas Services Group, Inc. Common Stock",nasdaqtrader:N:NGS,SECURITY:NGS:nasdaqtrader:N:NGS,,common_equity,eligible,N,,,35.22,44.13,,5289214.79920635,-10.745058286872789,-18.8292233233464,-6.130063965884869,39.540412044374015,20.19034670292319,37.013169371800785,277.0,full,usable,2026-08-19,conditional,85.29,100.0,,,87.0,92.0,62.0,100.0,2.2.0,c8f1bf1665a8c5dfb834c0571e7dd5f6b6e5ccd00eab00295338bd42cfde549b
NGVC,"Natural Grocers by Vitamin Cottage, Inc. Common Stock",nasdaqtrader:N:NGVC,SECURITY:NGVC:nasdaqtrader:N:NGVC,,common_equity,eligible,N,,,27.47,41.08,,4203933.963968254,-11.501288659793818,-7.0703653585926896,9.311579785117384,-30.736258194654564,33.13047711781889,59.4729667320023,277.0,full,usable,2026-08-19,conditional,75.93,100.0,,,67.0,92.0,45.0,100.0,2.2.0,c8f1bf1665a8c5dfb834c0571e7dd5f6b6e5ccd00eab00295338bd42cfde549b
NGVT,Ingevity Corporation Common Stock,nasdaqtrader:N:NGVT,SECURITY:NGVT:nasdaqtrader:N:NGVT,,common_equity,eligible,N,,,71.16,77.87,,18914807.668571427,-4.866310160427812,9.44324823131344,-4.238998788857495,28.563685636856363,8.616925645306296,31.664523123011485,277.0,full,usable,2026-08-19,conditional,78.29,100.0,,,75.0,82.0,62.0,100.0,2.2.0,c8f1bf1665a8c5dfb834c0571e7dd5f6b6e5ccd00eab00295338bd42cfde549b
NHC,National HealthCare Corporation Common Stock,nasdaqtrader:A:NHC,SECURITY:NHC:nasdaqtrader:A:NHC,,common_equity,eligible,A,,,234.04,234.17,,27485497.904444445,5.021314785730313,19.408163265306122,44.380012338062926,117.1863400148478,0.055515223982571804,39.07041586024775,277.0,full,usable,2026-08-19,conditional,55.86,100.0,,,73.0,10.0,80.0,100.0,2.2.0,c8f1bf1665a8c5dfb834c0571e7dd5f6b6e5ccd00eab00295338bd42cfde549b
NHI,"National Health Investors, Inc. Common Stock",nasdaqtrader:N:NHI,SECURITY:NHI:nasdaqtrader:N:NHI,,common_equity,eligible,N,,,74.08,91.02,,45602491.243650794,-8.655980271270035,-3.403312035467465,-16.71725688589095,-1.0815863266123715,18.61129422105031,28.117032838411838,277.0,full,usable,2026-08-19,conditional,81.57,100.0,,,73.0,82.0,80.0,100.0,2.2.0,c8f1bf1665a8c5dfb834c0571e7dd5f6b6e5ccd00eab00295338bd42cfde549b
NHIC,NewHold Investment Corp III - Class A Ordinary shares,nasdaqtrader:Q:NHIC,NAMECLASS:NEWHOLD INVESTMENT CORP III,,common_equity,eligible,Q,,,10.635,11.44,,1932130.9534920633,-1.1617100371747235,0.8066427169925783,1.9322560239231512,4.46954813359528,7.036713286713281,5.979157224541516,277.0,full,usable,2026-08-19,rejected,46.86,100.0,,,79.0,28.0,0.0,100.0,2.2.0,c8f1bf1665a8c5dfb834c0571e7dd5f6b6e5ccd00eab00295338bd42cfde549b
NHIV,NewHold Investment Corp IV - Class A Ordinary Shares,nasdaqtrader:Q:NHIV,NAMECLASS:NEWHOLD INVESTMENT CORP IV,,common_equity,eligible,Q,,,10.1134,10.16,,230692.22475686274,0.23191278493559508,,,,0.4586614173228365,2.6213772889103852,51.0,insufficient,usable,2026-08-19,rejected,,71.43,,,,10.0,0.0,76.0,2.2.0,c8f1bf1665a8c5dfb834c0571e7dd5f6b6e5ccd00eab00295338bd42cfde549b
NHP,"National Healthcare Properties, Inc. - Class A Common Stock",nasdaqtrader:Q:NHP,NAMECLASS:NATIONAL HEALTHCARE PROPERTIES INC,,common_equity,eligible,Q,,,16.88,16.95,,11581221.461746031,5.36828963795255,13.212608987256868,,,0.41297935103244976,30.094709396134327,83.0,insufficient,usable,2026-08-19,recheck,,71.43,,,,10.0,62.0,88.0,2.2.0,c8f1bf1665a8c5dfb834c0571e7dd5f6b6e5ccd00eab00295338bd42cfde549b
NHTC,Natural Health Trends Corp. - Common Stock,nasdaqtrader:Q:NHTC,SECURITY:NHTC:nasdaqtrader:Q:NHTC,,common_equity,eligible,Q,,,1.74,4.72,,84871.58912698414,-8.900523560209416,-37.1841155234657,-46.62576687116564,-59.250585480093676,63.13559322033898,60.68028247316087,277.0,full,usable,2026-08-19,rejected,58.43,100.0,,,67.0,70.0,0.0,100.0,2.2.0,c8f1bf1665a8c5dfb834c0571e7dd5f6b6e5ccd00eab00295338bd42cfde549b
NI,NiSource Inc Common Stock,nasdaqtrader:N:NI,SECURITY:NI:nasdaqtrader:N:NI,,common_equity,eligible,N,,,41.63,49.08,,222231422.15857142,-8.243332598633446,-12.21003795866723,-8.101545253863119,-0.1918005274514467,15.179299103504473,20.13200483047465,277.0,full,usable,2026-08-19,conditional,84.14,100.0,,,73.0,82.0,92.0,100.0,2.2.0,c8f1bf1665a8c5dfb834c0571e7dd5f6b6e5ccd00eab00295338bd42cfde549b
NIC,Nicolet Bankshares Inc. Common Stock,nasdaqtrader:N:NIC,SECURITY:NIC:nasdaqtrader:N:NIC,,common_equity,eligible,N,,,172.66,179.02,,43836468.845396824,2.828896432612704,23.655374919429928,12.48208469055374,31.861921490759126,3.5526756786951275,20.40220353785457,277.0,full,usable,2026-08-19,conditional,56.43,100.0,,,75.0,10.0,80.0,100.0,2.2.0,c8f1bf1665a8c5dfb834c0571e7dd5f6b6e5ccd00eab00295338bd42cfde549b
NICE,NICE Ltd - American Depositary Shares each representing one Ordinary Share,nasdaqtrader:Q:NICE,SECURITY:NICE:nasdaqtrader:Q:NICE,,adr,eligible,Q,,,100.93,153.44,,62394322.673650794,7.224051843195589,6.516806500976213,2.467005076142148,-26.263880771478664,34.22184567257559,58.1464100677034,277.0,full,usable,2026-08-19,conditional,80.0,100.0,,,55.0,92.0,80.0,100.0,2.2.0,c8f1bf1665a8c5dfb834c0571e7dd5f6b6e5ccd00eab00295338bd42cfde549b
NICM,Nicola Mining Inc. - American Depositary Shares,nasdaqtrader:Q:NICM,SECURITY:NICM:nasdaqtrader:Q:NICM,,adr,eligible,Q,,,6.485,8.23,,55529.90122857143,9.729272419627755,6.486042692939242,,,21.202916160388817,43.6548333664278,89.0,insufficient,usable,2026-08-19,rejected,,71.43,,,,92.0,0.0,88.0,2.2.0,c8f1bf1665a8c5dfb834c0571e7dd5f6b6e5ccd00eab00295338bd42cfde549b
NIKI,"Niki BioSolutions, Inc. - Common Stock",nasdaqtrader:Q:NIKI,SECURITY:NIKI:nasdaqtrader:Q:NIKI,,common_equity,eligible,Q,,,8.15,42.5,,768121.3022380952,-14.570230607966451,-2.9761904761904767,-2.9761904761904767,-40.073529411764696,80.82352941176471,117.77137435698899,277.0,full,usable,2026-08-19,rejected,44.14,100.0,,,67.0,30.0,0.0,100.0,2.2.0,c8f1bf1665a8c5dfb834c0571e7dd5f6b6e5ccd00eab00295338bd42cfde549b
NINE,"Nine Energy Service, Inc. Common Stock",nasdaqtrader:A:NINE,SECURITY:NINE:nasdaqtrader:A:NINE,,common_equity,eligible,A,,,10.55,13.01,,795497.6533333334,-8.340573414422236,0.5719733079122991,1699.4200921030188,1495.342507182822,18.908531898539582,71.78978383322054,277.0,full,usable,2026-08-19,rejected,67.86,100.0,,,85.0,82.0,0.0,100.0,2.2.0,c8f1bf1665a8c5dfb834c0571e7dd5f6b6e5ccd00eab00295338bd42cfde549b
NIO,"NIO Inc. American depositary shares, each  representing one Class A ordinary share",nasdaqtrader:N:NIO,SECURITY:NIO:nasdaqtrader:N:NIO,,adr,eligible,N,,,4.58,7.89,,159298580.34015873,-4.384133611691022,-20.209059233449477,-6.720977596741351,-5.954825462012325,41.95183776932826,30.749653803137907,277.0,full,usable,2026-08-19,conditional,88.79,100.0,,,73.0,95.0,92.0,100.0,2.2.0,c8f1bf1665a8c5dfb834c0571e7dd5f6b6e5ccd00eab00295338bd42cfde549b
NIPG,NIP Group Inc. - American Depositary Shares,nasdaqtrader:Q:NIPG,SECURITY:NIPG:nasdaqtrader:Q:NIPG,,adr,eligible,Q,,,14.71,64.2,,345033.7808904762,96.13333333333334,0.1361470388019148,-42.695753798208024,-72.60707635009311,77.08722741433021,288.4331489504813,277.0,full,usable,2026-08-19,rejected,38.43,100.0,,,47.0,30.0,0.0,100.0,2.2.0,c8f1bf1665a8c5dfb834c0571e7dd5f6b6e5ccd00eab00295338bd42cfde549b
NIQ,NIQ Global Intelligence plc Ordinary Shares,nasdaqtrader:N:NIQ,SECURITY:NIQ:nasdaqtrader:N:NIQ,,common_equity,eligible,N,,,18.31,18.45,,18353063.885238096,72.73584905660377,113.9018691588785,60.75504828797189,4.808242701774468,0.7588075880758827,106.50678532419305,271.0,full,usable,2026-08-19,conditional,47.43,100.0,,,57.0,10.0,62.0,100.0,2.2.0,c8f1bf1665a8c5dfb834c0571e7dd5f6b6e5ccd00eab00295338bd42cfde549b
NIU,Niu Technologies - American Depositary Shares,nasdaqtrader:Q:NIU,SECURITY:NIU:nasdaqtrader:Q:NIU,,adr,eligible,Q,,,2.09,5.56,,851257.0968253969,-22.878228782287824,-15.040650406504074,-37.98219584569733,-53.65853658536586,62.410071942446045,73.63837508645629,277.0,full,usable,2026-08-19,rejected,58.43,100.0,,,67.0,70.0,0.0,100.0,2.2.0,c8f1bf1665a8c5dfb834c0571e7dd5f6b6e5ccd00eab00295338bd42cfde549b
NIVF,NewGenIvf Group Limited - Class A Ordinary Shares,nasdaqtrader:Q:NIVF,NAMECLASS:NEWGENIVF GROUP LIMITED,,common_equity,eligible,Q,,,0.5638,374.29,,4654197.793239682,-55.60629921259843,-78.17266744096013,-94.0300720033884,-99.83600930773706,99.84936813700607,108.25302597808526,277.0,full,usable,2026-08-19,conditional,34.64,100.0,,,0.0,30.0,45.0,100.0,2.2.0,c8f1bf1665a8c5dfb834c0571e7dd5f6b6e5ccd00eab00295338bd42cfde549b
NIXX,"Nixxy, Inc. - Common Stock",nasdaqtrader:Q:NIXX,SECURITY:NIXX:nasdaqtrader:Q:NIXX,,common_equity,eligible,Q,,,0.7211,1.89,,3780790.2970619043,-22.628755364806874,39.61277831558567,26.50877192982457,-54.3607594936709,61.84656084656084,136.45416460670972,277.0,full,usable,2026-08-19,conditional,61.79,100.0,,,45.0,70.0,45.0,100.0,2.2.0,c8f1bf1665a8c5dfb834c0571e7dd5f6b6e5ccd00eab00295338bd42cfde549b
NJR,NewJersey Resources Corporation Common Stock,nasdaqtrader:N:NJR,SECURITY:NJR:nasdaqtrader:N:NJR,,common_equity,eligible,N,,,55.08,60.05,,38616134.59301587,-5.684931506849312,-5.3445609211204665,4.496300512236773,19.11764705882353,8.27643630308077,21.23239897264308,277.0,full,usable,2026-08-19,conditional,85.57,100.0,,,87.0,82.0,80.0,100.0,2.2.0,c8f1bf1665a8c5dfb834c0571e7dd5f6b6e5ccd00eab00295338bd42cfde549b
NKE,"Nike, Inc. Common Stock",nasdaqtrader:N:NKE,SECURITY:NKE:nasdaqtrader:N:NKE,,common_equity,eligible,N,,,41.05,79.17,,1043660869.0373015,-4.445996275605224,-3.2296086751532393,-37.376048817696415,-46.984372982048306,48.14955159782747,33.417576735171025,277.0,full,usable,2026-08-19,conditional,88.79,100.0,,,67.0,95.0,100.0,100.0,2.2.0,c8f1bf1665a8c5dfb834c0571e7dd5f6b6e5ccd00eab00295338bd42cfde549b
NKLR,Terra Innovatum Global N.V. - Ordinary shares,nasdaqtrader:Q:NKLR,SECURITY:NKLR:nasdaqtrader:Q:NKLR,,common_equity,eligible,Q,,,6.2,18.26,,1891494.6313492064,12.522686025408358,18.32061068702291,49.75845410628021,-40.669856459330134,66.0460021905805,87.89233535716104,277.0,full,usable,2026-08-19,rejected,37.86,100.0,,,45.0,30.0,0.0,100.0,2.2.0,c8f1bf1665a8c5dfb834c0571e7dd5f6b6e5ccd00eab00295338bd42cfde549b
NKSH,"National Bankshares, Inc. - Common Stock",nasdaqtrader:Q:NKSH,SECURITY:NKSH:nasdaqtrader:Q:NKSH,,common_equity,eligible,Q,,,41.17,43.19,,1284151.7834920634,11.814231395980457,17.159931701764375,8.086111840378042,43.44947735191638,4.677008566797857,33.850019584748466,277.0,full,usable,2026-08-19,rejected,39.29,100.0,,,75.0,10.0,0.0,100.0,2.2.0,c8f1bf1665a8c5dfb834c0571e7dd5f6b6e5ccd00eab00295338bd42cfde549b
NKTR,Nektar Therapeutics - Common Stock,nasdaqtrader:Q:NKTR,SECURITY:NKTR:nasdaqtrader:Q:NKTR,,common_equity,eligible,Q,,,76.08,100.35,,62416601.404603176,10.790738313674098,12.577685705830133,3.9628313746925325,177.36055413780534,24.185351270553056,37.52837281481937,277.0,full,usable,2026-08-19,conditional,88.0,100.0,,,83.0,92.0,80.0,100.0,2.2.0,c8f1bf1665a8c5dfb834c0571e7dd5f6b6e5ccd00eab00295338bd42cfde549b
NKTX,"Nkarta, Inc. - Common Stock",nasdaqtrader:Q:NKTX,SECURITY:NKTX:nasdaqtrader:Q:NKTX,,common_equity,eligible,Q,,,2.54,3.67,,1748006.2076190475,-1.5503875968992276,-5.223880597014929,13.901345291479817,8.085106382978724,30.79019073569482,69.21138472619327,277.0,full,usable,2026-08-19,rejected,69.71,100.0,,,79.0,92.0,0.0,100.0,2.2.0,c8f1bf1665a8c5dfb834c0571e7dd5f6b6e5ccd00eab00295338bd42cfde549b
NL,"NLI Holdings, Inc. Common Stock",nasdaqtrader:N:NL,SECURITY:NL:nasdaqtrader:N:NL,,common_equity,eligible,N,,,6.46,8.52,,362374.5238095238,11.187607573149737,-9.650349650349654,4.3618739903069415,3.525641025641013,24.178403755868537,42.43011027075103,277.0,full,usable,2026-08-19,rejected,69.71,100.0,,,79.0,92.0,0.0,100.0,2.2.0,c8f1bf1665a8c5dfb834c0571e7dd5f6b6e5ccd00eab00295338bd42cfde549b
NLOP,Net Lease Office Properties Common Shares of Beneficial Interest,nasdaqtrader:N:NLOP,SECURITY:NLOP:nasdaqtrader:N:NLOP,,common_equity,eligible,N,,,11.46,30.15,,1640714.4184126984,-3.0456852791878153,0.8802816901408494,-12.318286151491964,-62.05298013245033,61.99004975124378,24.853761106151172,277.0,full,usable,2026-08-19,rejected,58.43,100.0,,,67.0,70.0,0.0,100.0,2.2.0,c8f1bf1665a8c5dfb834c0571e7dd5f6b6e5ccd00eab00295338bd42cfde549b
NLY,Annaly Capital Management Inc. Common Stock,nasdaqtrader:N:NLY,SECURITY:NLY:nasdaqtrader:N:NLY,,common_equity,eligible,N,,,23.74,24.4,,175264899.9920635,4.812362030905071,11.560150375939827,3.2173913043478164,14.963680387409205,2.704918032786885,17.146366431848406,277.0,full,usable,2026-08-19,conditional,56.71,100.0,,,67.0,10.0,92.0,100.0,2.2.0,c8f1bf1665a8c5dfb834c0571e7dd5f6b6e5ccd00eab00295338bd42cfde549b
NMAD,"Nomad Power Solutions, Inc. - Common Stock",nasdaqtrader:Q:NMAD,SECURITY:NMAD:nasdaqtrader:Q:NMAD,,common_equity,eligible,Q,,,4.31,8.04,,2379957.5748412698,-20.332717190388184,-18.216318785578743,40.84967320261437,12.827225130890053,46.39303482587065,109.79413963465025,277.0,full,usable,2026-08-19,conditional,77.57,100.0,,,69.0,95.0,45.0,100.0,2.2.0,c8f1bf1665a8c5dfb834c0571e7dd5f6b6e5ccd00eab00295338bd42cfde549b
NMAX,"Newsmax, Inc. Class B Common Stock",nasdaqtrader:N:NMAX,NAMECLASS:NEWSMAX INC,,common_equity,eligible,N,,,10.91,15.62,,11066752.617777778,33.70098039215685,55.192034139402544,93.43971631205675,-21.67982770997846,30.153649167733665,66.54548180901075,277.0,full,usable,2026-08-19,conditional,75.0,100.0,,,51.0,92.0,62.0,100.0,2.2.0,c8f1bf1665a8c5dfb834c0571e7dd5f6b6e5ccd00eab00295338bd42cfde549b
NMFC,New Mountain Finance Corporation - Common Stock,nasdaqtrader:Q:NMFC,SECURITY:NMFC:nasdaqtrader:Q:NMFC,,common_equity,eligible,Q,,,7.59,10.66,,4556151.70063492,8.119658119658135,-4.528301886792452,-8.333333333333325,-26.948989412897017,28.79924953095685,31.554717440358065,277.0,full,usable,2026-08-19,conditional,75.93,100.0,,,67.0,92.0,45.0,100.0,2.2.0,c8f1bf1665a8c5dfb834c0571e7dd5f6b6e5ccd00eab00295338bd42cfde549b
NMG,Nouveau Monde Graphite Inc. Common Shares,nasdaqtrader:N:NMG,SECURITY:NMG:nasdaqtrader:N:NMG,,common_equity,eligible,N,,,1.42,5.07,,1167897.9884126983,7.575757575757569,-23.655913978494635,-34.25925925925927,-27.55102040816326,71.99211045364892,52.05868618079439,277.0,full,usable,2026-08-19,rejected,44.14,100.0,,,67.0,30.0,0.0,100.0,2.2.0,c8f1bf1665a8c5dfb834c0571e7dd5f6b6e5ccd00eab00295338bd42cfde549b
NMIH,NMI Holdings Inc - Common Stock,nasdaqtrader:Q:NMIH,SECURITY:NMIH:nasdaqtrader:Q:NMIH,,common_equity,eligible,Q,,,45.66,45.71,,22251759.838968255,9.090909090909083,20.793650793650787,15.128593040847193,18.076027928626836,0.10938525486765549,21.24890050905006,277.0,full,usable,2026-08-19,conditional,49.71,100.0,,,65.0,10.0,62.0,100.0,2.2.0,c8f1bf1665a8c5dfb834c0571e7dd5f6b6e5ccd00eab00295338bd42cfde549b
NMM,Navios Maritime Partners LP Common Units Representing Limited Partner Interests,qrgf-resolution-required:N:NMM,SECURITY:NMM:qrgf-resolution-required:N:NMM,,common_equity,eligible,N,,,83.58,83.58,,8955449.28079365,12.489905787348587,11.663326653306626,29.50108459869847,90.73482428115017,0.0,30.33665870053049,277.0,full,usable,2026-08-19,conditional,52.0,100.0,,,73.0,10.0,62.0,100.0,2.2.0,c8f1bf1665a8c5dfb834c0571e7dd5f6b6e5ccd00eab00295338bd42cfde549b
NMR,Nomura Holdings Inc ADR American Depositary Shares,nasdaqtrader:N:NMR,SECURITY:NMR:nasdaqtrader:N:NMR,,adr,eligible,N,,,9.51,10.04,,10585688.981904762,-3.0581039755351758,18.874999999999996,0.10526315789474161,28.167115902964966,5.27888446215139,26.685795132759004,277.0,full,usable,2026-08-19,conditional,59.0,100.0,,,75.0,28.0,62.0,100.0,2.2.0,c8f1bf1665a8c5dfb834c0571e7dd5f6b6e5ccd00eab00295338bd42cfde549b
NMRA,"Neumora Therapeutics, Inc. - Common Stock",nasdaqtrader:Q:NMRA,SECURITY:NMRA:nasdaqtrader:Q:NMRA,,common_equity,eligible,Q,,,1.64,3.59,,2946731.3661190476,1.5479876160990669,-1.7964071856287456,-54.317548746518106,0.0,54.317548746518106,60.037588786637784,277.0,full,usable,2026-08-19,conditional,68.64,100.0,,,69.0,70.0,45.0,100.0,2.2.0,c8f1bf1665a8c5dfb834c0571e7dd5f6b6e5ccd00eab00295338bd42cfde549b
NMRK,"Newmark Group, Inc. - Class A Common Stock",nasdaqtrader:Q:NMRK,NAMECLASS:NEWMARK GROUP INC,,common_equity,eligible,Q,,,16.42,19.58,,20764470.73603175,4.3202033036849,17.706093189964168,5.9354838709677615,-4.783995360974192,16.138917262512752,50.098951936274375,277.0,full,usable,2026-08-19,conditional,74.29,100.0,,,61.0,82.0,62.0,100.0,2.2.0,c8f1bf1665a8c5dfb834c0571e7dd5f6b6e5ccd00eab00295338bd42cfde549b
NMTC,NeuroOne Medical Technologies Corporation - Common Stock,nasdaqtrader:Q:NMTC,SECURITY:NMTC:nasdaqtrader:Q:NMTC,,common_equity,eligible,Q,,,2.18,6.36,,123567.90793650794,6.341463414634174,-46.95863746958637,-46.58172016662583,-56.22489959839358,65.72327044025157,103.30756750422374,277.0,full,usable,2026-08-19,rejected,40.71,100.0,,,55.0,30.0,0.0,100.0,2.2.0,c8f1bf1665a8c5dfb834c0571e7dd5f6b6e5ccd00eab00295338bd42cfde549b
NN,NextNav Inc. - Common stock,nasdaqtrader:Q:NN,SECURITY:NN:nasdaqtrader:Q:NN,,common_equity,eligible,Q,,,18.26,23.59,,47675301.579444446,36.881559220389825,-19.98247151621384,11.818738518064942,23.880597014925375,22.59431962696057,78.60655802148216,277.0,full,usable,2026-08-19,conditional,89.14,100.0,,,87.0,92.0,80.0,100.0,2.2.0,c8f1bf1665a8c5dfb834c0571e7dd5f6b6e5ccd00eab00295338bd42cfde549b
NNBR,"NN, Inc. - Common Stock",nasdaqtrader:Q:NNBR,SECURITY:NNBR:nasdaqtrader:Q:NNBR,,common_equity,eligible,Q,,,3.71,4.11,,12954904.362380954,8.479532163742686,67.1171171171171,119.5266272189349,62.00873362445414,9.73236009732361,78.92073555333498,277.0,full,usable,2026-08-19,conditional,77.71,100.0,,,73.0,82.0,62.0,100.0,2.2.0,c8f1bf1665a8c5dfb834c0571e7dd5f6b6e5ccd00eab00295338bd42cfde549b
NNDM,Nano Dimension Ltd. - American Depositary Shares,nasdaqtrader:Q:NNDM,SECURITY:NNDM:nasdaqtrader:Q:NNDM,,adr,eligible,Q,,,1.53,2.14,,5702972.508888889,2.684563758389258,2.0000000000000018,-23.5,10.869565217391308,28.504672897196258,31.277118202707594,277.0,full,usable,2026-08-19,conditional,83.0,100.0,,,79.0,92.0,62.0,100.0,2.2.0,c8f1bf1665a8c5dfb834c0571e7dd5f6b6e5ccd00eab00295338bd42cfde549b
NNE,Nano Nuclear Energy Inc. - common stock,nasdaqtrader:Q:NNE,SECURITY:NNE:nasdaqtrader:Q:NNE,,common_equity,eligible,Q,,,19.15,56.63,,57606376.39420635,10.693641618497107,-14.106301861403914,-23.613881132828084,-40.25892996412417,66.1840014126788,86.14301324754913,277.0,full,usable,2026-08-19,conditional,61.29,100.0,,,67.0,30.0,80.0,100.0,2.2.0,c8f1bf1665a8c5dfb834c0571e7dd5f6b6e5ccd00eab00295338bd42cfde549b
NNI,"Nelnet, Inc. Common Stock",nasdaqtrader:N:NNI,SECURITY:NNI:nasdaqtrader:N:NNI,,common_equity,eligible,N,,,126.12,144.23,,17432675.737301588,-5.293985131786427,-2.080745341614909,-4.032871709024488,-0.7788529620014084,12.55633363377937,21.37235524532089,277.0,full,usable,2026-08-19,conditional,77.71,100.0,,,73.0,82.0,62.0,100.0,2.2.0,c8f1bf1665a8c5dfb834c0571e7dd5f6b6e5ccd00eab00295338bd42cfde549b
NNN,"NNN REIT, Inc. Common Stock",nasdaqtrader:N:NNN,SECURITY:NNN:nasdaqtrader:N:NNN,,common_equity,eligible,N,,,46.24,49.59,,76810752.02809525,-5.728848114169205,3.1222123104371002,6.103717301514466,13.667649950835802,6.755394232708212,17.837504452948522,277.0,full,usable,2026-08-19,conditional,64.0,100.0,,,79.0,28.0,80.0,100.0,2.2.0,c8f1bf1665a8c5dfb834c0571e7dd5f6b6e5ccd00eab00295338bd42cfde549b
NNNN,Anbio Biotechnology - Class A Ordinary Shares,nasdaqtrader:Q:NNNN,NAMECLASS:ANBIO BIOTECHNOLOGY,,common_equity,eligible,Q,,,7.75,52.1,,802197.057063492,-18.592436974789916,-76.03586889301175,-70.4085528827797,-85.00096767950454,85.12476007677543,102.86383728655781,277.0,full,usable,2026-08-19,rejected,27.0,100.0,,,7.0,30.0,0.0,100.0,2.2.0,c8f1bf1665a8c5dfb834c0571e7dd5f6b6e5ccd00eab00295338bd42cfde549b
NNOX,NANO-X IMAGING LTD - Ordinary Shares,nasdaqtrader:Q:NNOX,SECURITY:NNOX:nasdaqtrader:Q:NNOX,,common_equity,eligible,Q,,,0.93,4.55,,2523644.2894,-13.888888888888895,-46.24277456647399,-60.256410256410255,-78.16901408450704,79.56043956043956,85.94395929364866,277.0,full,usable,2026-08-19,conditional,41.79,100.0,,,25.0,30.0,45.0,100.0,2.2.0,c8f1bf1665a8c5dfb834c0571e7dd5f6b6e5ccd00eab00295338bd42cfde549b
NNVC,"NanoViricides, Inc. Common Stock",nasdaqtrader:A:NNVC,SECURITY:NNVC:nasdaqtrader:A:NNVC,,common_equity,eligible,A,,,1.34,2.03,,1483811.37984127,-16.249999999999996,-15.723270440251568,28.846153846153854,-12.418300653594772,33.990147783251224,61.832485014379834,277.0,full,usable,2026-08-19,rejected,65.14,100.0,,,63.0,92.0,0.0,100.0,2.2.0,c8f1bf1665a8c5dfb834c0571e7dd5f6b6e5ccd00eab00295338bd42cfde549b
NOA,North American Construction Group Ltd. Common Shares (no par),nasdaqtrader:N:NOA,SECURITY:NOA:nasdaqtrader:N:NOA,,common_equity,eligible,N,,,13.6,16.88,,1409328.663809524,0.07358351729211954,-7.734056987788341,-16.666666666666675,8.800000000000008,19.431279620853083,37.38706965939583,277.0,full,usable,2026-08-19,rejected,66.14,100.0,,,79.0,82.0,0.0,100.0,2.2.0,c8f1bf1665a8c5dfb834c0571e7dd5f6b6e5ccd00eab00295338bd42cfde549b
NOAH,Noah Holdings Limited American Depositary Shares,nasdaqtrader:N:NOAH,SECURITY:NOAH:nasdaqtrader:N:NOAH,,adr,eligible,N,,,8.84,12.55,,936881.605873016,-0.33821871476887866,-13.502935420743645,-28.246753246753254,-26.821192052980138,29.561752988047818,47.04000207924568,277.0,full,usable,2026-08-19,rejected,66.29,100.0,,,67.0,92.0,0.0,100.0,2.2.0,c8f1bf1665a8c5dfb834c0571e7dd5f6b6e5ccd00eab00295338bd42cfde549b
NOC,Northrop Grumman Corporation Common Stock,nasdaqtrader:N:NOC,SECURITY:NOC:nasdaqtrader:N:NOC,,common_equity,eligible,N,,,582.84,768.02,,507476538.02031744,13.771496613246414,4.763274256749472,-19.589420967675174,-0.33856571252693923,24.111351266894086,25.029636438670877,277.0,full,usable,2026-08-19,conditional,89.43,100.0,,,73.0,92.0,100.0,100.0,2.2.0,c8f1bf1665a8c5dfb834c0571e7dd5f6b6e5ccd00eab00295338bd42cfde549b
NODK,"NI Holdings, Inc. - Common Stock",nasdaqtrader:Q:NODK,SECURITY:NODK:nasdaqtrader:Q:NODK,,common_equity,eligible,Q,,,15.06,16.33,,397069.7253174603,-5.044136191677174,7.5714285714285845,12.304250559284124,23.039215686274517,7.777097366809538,16.246419376309262,277.0,full,usable,2026-08-19,rejected,45.71,100.0,,,75.0,28.0,0.0,100.0,2.2.0,c8f1bf1665a8c5dfb834c0571e7dd5f6b6e5ccd00eab00295338bd42cfde549b
NOEM,CO2 Energy Transition Corp. - Common Stock,nasdaqtrader:Q:NOEM,SECURITY:NOEM:nasdaqtrader:Q:NOEM,,common_equity,eligible,Q,,,10.69,12.0,,59087.0308952381,1.03969754253308,2.6897214217098897,3.4749782208885804,5.946481665014858,10.916666666666675,40.281340396928236,277.0,full,usable,2026-08-19,rejected,66.14,100.0,,,79.0,82.0,0.0,100.0,2.2.0,c8f1bf1665a8c5dfb834c0571e7dd5f6b6e5ccd00eab00295338bd42cfde549b
NOG,"Northern Oil and Gas, Inc. Common Stock",nasdaqtrader:N:NOG,SECURITY:NOG:nasdaqtrader:N:NOG,,common_equity,eligible,N,,,26.06,30.82,,62896369.32650794,18.941122774988585,4.700683005222972,-4.751461988304095,9.40386230058774,15.444516547696308,54.55376731946894,277.0,full,usable,2026-08-19,conditional,83.29,100.0,,,79.0,82.0,80.0,100.0,2.2.0,c8f1bf1665a8c5dfb834c0571e7dd5f6b6e5ccd00eab00295338bd42cfde549b
NOK,Nokia Corporation Sponsored American Depositary Shares,nasdaqtrader:N:NOK,SECURITY:NOK:nasdaqtrader:N:NOK,,adr,eligible,N,,,10.13,16.85,,1295318667.7787302,-4.70366886171214,-25.896122896854422,36.339165545087496,138.3529411764706,39.8813056379822,72.09370221020652,277.0,full,usable,2026-08-19,conditional,93.93,100.0,,,85.0,95.0,100.0,100.0,2.2.0,c8f1bf1665a8c5dfb834c0571e7dd5f6b6e5ccd00eab00295338bd42cfde549b
NOMA,NOMADAR Corp. - Class A Common Stock,nasdaqtrader:Q:NOMA,NAMECLASS:NOMADAR CORP,,common_equity,eligible,Q,,,2.21,21.0,,104849.87969047618,-28.246753246753254,-27.062706270627057,-52.26781857451404,,89.47619047619048,117.51718771487585,200.0,limited_but_usable,usable,2026-08-19,rejected,39.0,100.0,,,49.0,30.0,0.0,100.0,2.2.0,c8f1bf1665a8c5dfb834c0571e7dd5f6b6e5ccd00eab00295338bd42cfde549b
NOMD,Nomad Foods Limited Ordinary Shares,nasdaqtrader:N:NOMD,SECURITY:NOMD:nasdaqtrader:N:NOMD,,common_equity,eligible,N,,,11.94,15.7,,17014622.113174602,1.0152284263959421,15.922330097087368,-4.860557768924312,-18.995929443690642,23.949044585987256,36.73805495709348,277.0,full,usable,2026-08-19,conditional,77.86,100.0,,,61.0,92.0,62.0,100.0,2.2.0,c8f1bf1665a8c5dfb834c0571e7dd5f6b6e5ccd00eab00295338bd42cfde549b
NOV,NOV Inc. Common Stock,nasdaqtrader:N:NOV,SECURITY:NOV:nasdaqtrader:N:NOV,,common_equity,eligible,N,,,20.69,21.6,,73345290.49507935,2.4764735017335227,-1.288167938931295,3.501750875437737,67.39482200647251,4.212962962962963,33.63022334978409,277.0,full,usable,2026-08-19,conditional,62.14,100.0,,,95.0,10.0,80.0,100.0,2.2.0,c8f1bf1665a8c5dfb834c0571e7dd5f6b6e5ccd00eab00295338bd42cfde549b
NOVT,Novanta Inc. - Common Shares,nasdaqtrader:Q:NOVT,SECURITY:NOVT:nasdaqtrader:Q:NOVT,,common_equity,eligible,Q,,,145.94,168.75,,78563184.4375397,0.06170723345904072,-1.0945071329334866,0.21286822770034686,21.384013973217986,13.517037037037039,52.94566346257468,277.0,full,usable,2026-08-19,conditional,85.57,100.0,,,87.0,82.0,80.0,100.0,2.2.0,c8f1bf1665a8c5dfb834c0571e7dd5f6b6e5ccd00eab00295338bd42cfde549b
NOW,"ServiceNow, Inc. Common Stock",nasdaqtrader:N:NOW,SECURITY:NOW:nasdaqtrader:N:NOW,,common_equity,eligible,N,,,127.2,192.23,,2833250891.025238,24.63256907701352,24.91407247373074,17.98534458770058,-28.703548007398684,33.82926702387764,60.147907564750625,277.0,full,usable,2026-08-19,conditional,81.43,100.0,,,45.0,92.0,100.0,100.0,2.2.0,c8f1bf1665a8c5dfb834c0571e7dd5f6b6e5ccd00eab00295338bd42cfde549b
NP,Neptune Insurance Holdings Inc. Class A Common Stock,nasdaqtrader:N:NP,NAMECLASS:NEPTUNE INSURANCE HOLDINGS INC,,common_equity,eligible,N,,,32.42,39.39,,24193535.644285712,6.85563612392881,21.423220973782776,78.81963596249312,-12.779122948614475,17.69484640771769,52.12154469134208,445.0,full,usable,2026-08-19,conditional,71.43,100.0,,,51.0,82.0,62.0,100.0,2.2.0,c8f1bf1665a8c5dfb834c0571e7dd5f6b6e5ccd00eab00295338bd42cfde549b
NPB,"Northpointe Bancshares, Inc. Common Stock",nasdaqtrader:N:NPB,SECURITY:NPB:nasdaqtrader:N:NPB,,common_equity,eligible,N,,,17.04,19.31,,3260156.2393650794,-8.925708177445223,0.7092198581560183,-4.269662921348328,4.92610837438423,11.755567063697569,35.60710684888676,277.0,full,usable,2026-08-19,conditional,75.79,100.0,,,79.0,82.0,45.0,100.0,2.2.0,c8f1bf1665a8c5dfb834c0571e7dd5f6b6e5ccd00eab00295338bd42cfde549b
NPCE,"Neuropace, Inc. - Common Stock",nasdaqtrader:Q:NPCE,SECURITY:NPCE:nasdaqtrader:Q:NPCE,,common_equity,eligible,Q,,,14.64,19.29,,2933712.47031746,-5.3040103492884905,-7.634069400630905,1.314878892733562,73.87173396674585,24.105754276827362,60.87344433205838,277.0,full,usable,2026-08-19,conditional,83.93,100.0,,,95.0,92.0,45.0,100.0,2.2.0,c8f1bf1665a8c5dfb834c0571e7dd5f6b6e5ccd00eab00295338bd42cfde549b
NPK,"National Presto Industries, Inc. Common Stock",nasdaqtrader:N:NPK,SECURITY:NPK:nasdaqtrader:N:NPK,,common_equity,eligible,N,,,148.01,148.01,,14928269.168412698,21.15085536547432,3.976115208991926,17.412343328573687,43.18467640514654,0.0,35.17339802167415,277.0,full,usable,2026-08-19,conditional,53.14,100.0,,,77.0,10.0,62.0,100.0,2.2.0,c8f1bf1665a8c5dfb834c0571e7dd5f6b6e5ccd00eab00295338bd42cfde549b
NPKI,NPK International Inc. Common Stock,nasdaqtrader:N:NPKI,SECURITY:NPKI:nasdaqtrader:N:NPKI,,common_equity,eligible,N,,,14.05,16.35,,14250175.604444446,-3.6351165980795574,-8.109875735775008,-3.6351165980795574,41.633064516129046,14.067278287461782,43.72883817165566,277.0,full,usable,2026-08-19,conditional,81.71,100.0,,,87.0,82.0,62.0,100.0,2.2.0,c8f1bf1665a8c5dfb834c0571e7dd5f6b6e5ccd00eab00295338bd42cfde549b
NPO,Enpro Inc. Common Stock,nasdaqtrader:N:NPO,SECURITY:NPO:nasdaqtrader:N:NPO,,common_equity,eligible,N,,,319.59,387.65,,84528401.9504762,-5.683930942895099,6.957831325301189,17.816854678168536,40.85680285600952,17.557074680768736,44.24090161710452,277.0,full,usable,2026-08-19,conditional,79.29,100.0,,,65.0,82.0,80.0,100.0,2.2.0,c8f1bf1665a8c5dfb834c0571e7dd5f6b6e5ccd00eab00295338bd42cfde549b
NPT,Texxon Holding Limited - Ordinary shares,nasdaqtrader:Q:NPT,SECURITY:NPT:nasdaqtrader:Q:NPT,,common_equity,eligible,Q,,,3.6,20.5,,11530326.861190476,39.53488372093024,176.9230769230769,-30.76923076923077,,82.4390243902439,76.135156008459,207.0,limited_but_usable,usable,2026-08-19,conditional,51.71,100.0,,,47.0,30.0,62.0,100.0,2.2.0,c8f1bf1665a8c5dfb834c0571e7dd5f6b6e5ccd00eab00295338bd42cfde549b
NPWR,NET Power Inc. Class A Common Stock,nasdaqtrader:N:NPWR,NAMECLASS:NET POWER INC,,common_equity,eligible,N,,,1.67,4.85,,1345644.5063492062,8.441558441558428,-8.241758241758246,-20.095693779904302,-31.557377049180324,65.56701030927834,85.75269673592128,277.0,full,usable,2026-08-19,rejected,44.14,100.0,,,67.0,30.0,0.0,100.0,2.2.0,c8f1bf1665a8c5dfb834c0571e7dd5f6b6e5ccd00eab00295338bd42cfde549b
NRC,NRC Health - Common Stock,nasdaqtrader:Q:NRC,SECURITY:NRC:nasdaqtrader:Q:NRC,,common_equity,eligible,Q,,,21.98,22.77,,2573827.243809524,2.3277467411545683,17.22666666666668,78.26439578264397,41.71502256608639,3.469477382520858,68.0197250907382,277.0,full,usable,2026-08-19,conditional,46.07,100.0,,,65.0,10.0,45.0,100.0,2.2.0,c8f1bf1665a8c5dfb834c0571e7dd5f6b6e5ccd00eab00295338bd42cfde549b
NRDS,"NerdWallet, Inc. - Class A Common Stock",nasdaqtrader:Q:NRDS,NAMECLASS:NERDWALLET INC,,common_equity,eligible,Q,,,10.12,15.93,,6808809.088095238,10.964912280701755,24.938271604938265,-0.19723865877713243,-0.5893909626719096,36.47206528562461,50.464197859141336,277.0,full,usable,2026-08-19,conditional,78.93,100.0,,,61.0,95.0,62.0,100.0,2.2.0,c8f1bf1665a8c5dfb834c0571e7dd5f6b6e5ccd00eab00295338bd42cfde549b
NRDY,Nerdy Inc. Class A Common Stock,nasdaqtrader:N:NRDY,NAMECLASS:NERDY INC,,common_equity,eligible,N,,,10.1,21.3,,593573.0427777778,-19.84126984126984,-12.020905923344948,-29.51849267271459,-46.56084656084656,52.58215962441315,43.39841161920436,277.0,full,usable,2026-08-19,rejected,58.43,100.0,,,67.0,70.0,0.0,100.0,2.2.0,c8f1bf1665a8c5dfb834c0571e7dd5f6b6e5ccd00eab00295338bd42cfde549b
NREF,"NexPoint Real Estate Finance, Inc. Common Stock",nasdaqtrader:N:NREF,SECURITY:NREF:nasdaqtrader:N:NREF,,common_equity,eligible,N,,,17.53,18.17,,1000120.7780952381,4.97005988023953,16.47840531561462,19.251700680272133,19.986310746064362,3.5222894881673072,30.654426795988183,277.0,full,usable,2026-08-19,rejected,36.43,100.0,,,65.0,10.0,0.0,100.0,2.2.0,c8f1bf1665a8c5dfb834c0571e7dd5f6b6e5ccd00eab00295338bd42cfde549b
NRG,"NRG Energy, Inc. Common Stock",nasdaqtrader:N:NRG,SECURITY:NRG:nasdaqtrader:N:NRG,,common_equity,eligible,N,,,120.58,184.03,,365051944.89634925,-8.373860182370818,-2.530110742866376,-29.51011341049924,-19.84844456261633,34.4780742270282,71.24628823428277,277.0,full,usable,2026-08-19,conditional,87.71,100.0,,,73.0,92.0,92.0,100.0,2.2.0,c8f1bf1665a8c5dfb834c0571e7dd5f6b6e5ccd00eab00295338bd42cfde549b
NRGV,"Energy Vault Holdings, Inc. Common Stock",nasdaqtrader:N:NRGV,SECURITY:NRGV:nasdaqtrader:N:NRGV,,common_equity,eligible,N,,,3.86,6.49,,22728947.161111113,10.919540229885062,-20.24793388429752,25.732899022801313,155.62913907284766,40.52388289676425,114.00619976752584,277.0,full,usable,2026-08-19,conditional,85.79,100.0,,,85.0,95.0,62.0,100.0,2.2.0,c8f1bf1665a8c5dfb834c0571e7dd5f6b6e5ccd00eab00295338bd42cfde549b
NRIM,Northrim BanCorp Inc - Common Stock,nasdaqtrader:Q:NRIM,SECURITY:NRIM:nasdaqtrader:Q:NRIM,,common_equity,eligible,Q,,,25.74,29.76,,4309911.257936508,-7.741935483870965,8.105837883242328,1.09976433621366,16.62890801993655,13.508064516129037,24.538489530521133,277.0,full,usable,2026-08-19,conditional,74.64,100.0,,,75.0,82.0,45.0,100.0,2.2.0,c8f1bf1665a8c5dfb834c0571e7dd5f6b6e5ccd00eab00295338bd42cfde549b
NRIX,"Nurix Therapeutics, Inc. - Common stock",nasdaqtrader:Q:NRIX,SECURITY:NRIX:nasdaqtrader:Q:NRIX,,common_equity,eligible,Q,,,27.79,27.79,,40215789.781111114,18.356047700170343,82.34908136482939,79.5219638242894,172.3174914257717,0.0,38.68722682365691,277.0,full,usable,2026-08-19,conditional,55.86,100.0,,,73.0,10.0,80.0,100.0,2.2.0,c8f1bf1665a8c5dfb834c0571e7dd5f6b6e5ccd00eab00295338bd42cfde549b
NRT,North European Oil Royality Trust Common Stock,nasdaqtrader:N:NRT,SECURITY:NRT:nasdaqtrader:N:NRT,,common_equity,eligible,N,,,8.73,9.76,,416791.0242857143,5.818181818181833,9.261576971214014,3.6817102137767233,72.52964426877473,10.553278688524582,47.765848589220425,277.0,full,usable,2026-08-19,rejected,67.29,100.0,,,83.0,82.0,0.0,100.0,2.2.0,c8f1bf1665a8c5dfb834c0571e7dd5f6b6e5ccd00eab00295338bd42cfde549b
NRXP,"NRX Pharmaceuticals, Inc. - Common Stock",nasdaqtrader:Q:NRXP,SECURITY:NRXP:nasdaqtrader:Q:NRXP,,common_equity,eligible,Q,,,3.33,4.62,,4820257.62,-25.336322869955154,9.90099009900991,87.60563380281693,20.65217391304348,27.922077922077925,80.10084343991633,277.0,full,usable,2026-08-19,conditional,75.36,100.0,,,65.0,92.0,45.0,100.0,2.2.0,c8f1bf1665a8c5dfb834c0571e7dd5f6b6e5ccd00eab00295338bd42cfde549b
NRXS,"Neuraxis, Inc. Common Stock",nasdaqtrader:A:NRXS,SECURITY:NRXS:nasdaqtrader:A:NRXS,,common_equity,eligible,A,,,6.38,8.81,,672978.2574603175,-8.987161198288163,-12.0,19.02985074626864,157.25806451612905,27.582292849035195,52.61806306160932,277.0,full,usable,2026-08-19,rejected,71.43,100.0,,,85.0,92.0,0.0,100.0,2.2.0,c8f1bf1665a8c5dfb834c0571e7dd5f6b6e5ccd00eab00295338bd42cfde549b
NSC,Norfolk Southern Corporation Common Stock,nasdaqtrader:N:NSC,SECURITY:NSC:nasdaqtrader:N:NSC,,common_equity,eligible,N,,,345.71,350.66,,385926043.13603175,4.349532146091151,8.645505971087374,9.139411541861353,23.56052753851101,1.411623795129202,23.982337658546683,277.0,full,usable,2026-08-19,conditional,59.0,100.0,,,75.0,10.0,92.0,100.0,2.2.0,c8f1bf1665a8c5dfb834c0571e7dd5f6b6e5ccd00eab00295338bd42cfde549b
NSIT,"Insight Enterprises, Inc. - Common Stock",nasdaqtrader:Q:NSIT,SECURITY:NSIT:nasdaqtrader:Q:NSIT,,common_equity,eligible,Q,,,147.26,156.6,,56159719.22349206,26.79524711555019,66.30152456239414,77.57144579766064,11.62825955124318,5.964240102171137,38.33108338593615,277.0,full,usable,2026-08-19,conditional,57.71,100.0,,,57.0,28.0,80.0,100.0,2.2.0,c8f1bf1665a8c5dfb834c0571e7dd5f6b6e5ccd00eab00295338bd42cfde549b
NSP,"Insperity, Inc. Common Stock",nasdaqtrader:N:NSP,SECURITY:NSP:nasdaqtrader:N:NSP,,common_equity,eligible,N,,,51.86,55.62,,29824428.824920636,1.4674232048522695,64.84424666242847,101.71139634383506,-1.9659735349716434,6.760158216468892,52.503961690886534,277.0,full,usable,2026-08-19,conditional,56.0,100.0,,,51.0,28.0,80.0,100.0,2.2.0,c8f1bf1665a8c5dfb834c0571e7dd5f6b6e5ccd00eab00295338bd42cfde549b
NSRX,Nasus Pharma Ltd. Ordinary Shares,nasdaqtrader:A:NSRX,SECURITY:NSRX:nasdaqtrader:A:NSRX,,common_equity,eligible,A,,,3.84,9.15,,84454.32977301588,26.732673267326735,42.22222222222221,-28.08988764044944,-55.29685681024448,58.03278688524591,66.44098867042707,256.0,full,usable,2026-08-19,rejected,55.0,100.0,,,55.0,70.0,0.0,100.0,2.2.0,c8f1bf1665a8c5dfb834c0571e7dd5f6b6e5ccd00eab00295338bd42cfde549b
NSSC,"NAPCO Security Technologies, Inc. - Common Stock",nasdaqtrader:Q:NSSC,SECURITY:NSSC:nasdaqtrader:Q:NSSC,,common_equity,eligible,Q,,,37.8,47.23,,14000011.268253967,4.477611940298498,5.5276381909547645,-13.083467463784793,23.32789559543229,19.966123226762654,32.677130158147364,277.0,full,usable,2026-08-19,conditional,78.29,100.0,,,75.0,82.0,62.0,100.0,2.2.0,c8f1bf1665a8c5dfb834c0571e7dd5f6b6e5ccd00eab00295338bd42cfde549b
NSTS,"NSTS Bancorp, Inc. - Common Stock",nasdaqtrader:Q:NSTS,SECURITY:NSTS:nasdaqtrader:Q:NSTS,,common_equity,eligible,Q,,,13.9,13.9,,134954.5551063492,0.7976794778825402,1.6081871345029253,14.027891714520102,15.833333333333343,0.0,1.779424230373013,277.0,full,usable,2026-08-19,rejected,42.71,100.0,,,87.0,10.0,0.0,100.0,2.2.0,c8f1bf1665a8c5dfb834c0571e7dd5f6b6e5ccd00eab00295338bd42cfde549b
NSYS,Nortech Systems Incorporated - Common Stock,nasdaqtrader:Q:NSYS,SECURITY:NSYS:nasdaqtrader:Q:NSYS,,common_equity,eligible,Q,,,12.05,17.66,,393648.6116015873,-13.309352517985607,-1.6326530612244872,25.91431556948798,37.950772753291375,31.766704416761037,73.59021798007711,277.0,full,usable,2026-08-19,rejected,69.14,100.0,,,77.0,92.0,0.0,100.0,2.2.0,c8f1bf1665a8c5dfb834c0571e7dd5f6b6e5ccd00eab00295338bd42cfde549b
NTAP,"NetApp, Inc. - Common Stock",nasdaqtrader:Q:NTAP,SECURITY:NTAP:nasdaqtrader:Q:NTAP,,common_equity,eligible,Q,,,194.48,207.08,,548439057.1637301,17.32625482625483,61.2737374575006,91.94630872483222,78.58585858585856,6.084604983581232,46.00168580785847,277.0,full,usable,2026-08-19,conditional,66.57,100.0,,,73.0,28.0,100.0,100.0,2.2.0,c8f1bf1665a8c5dfb834c0571e7dd5f6b6e5ccd00eab00295338bd42cfde549b
NTB,Bank of N.T. Butterfield & Son Limited (The) Voting Ordinary Shares,nasdaqtrader:N:NTB,SECURITY:NTB:nasdaqtrader:N:NTB,,common_equity,eligible,N,,,59.06,63.91,,12334443.02984127,-3.417825020441534,6.3760806916426604,12.025796661608501,33.49909584086799,7.5887967454232435,20.5006516349885,277.0,full,usable,2026-08-19,conditional,59.0,100.0,,,75.0,28.0,62.0,100.0,2.2.0,c8f1bf1665a8c5dfb834c0571e7dd5f6b6e5ccd00eab00295338bd42cfde549b
NTCL,NETCLASS TECHNOLOGY INC - Class A Ordinary Shares,nasdaqtrader:Q:NTCL,NAMECLASS:NETCLASS TECHNOLOGY INC,,common_equity,eligible,Q,,,2.53,145.5,,4541056.755977778,-21.18380062305296,-84.88649940262843,-84.1875,-97.26486486486486,98.26116838487972,123.1662528135313,277.0,full,usable,2026-08-19,conditional,34.64,100.0,,,0.0,30.0,45.0,100.0,2.2.0,c8f1bf1665a8c5dfb834c0571e7dd5f6b6e5ccd00eab00295338bd42cfde549b
NTCT,"NetScout Systems, Inc. - Common Stock",nasdaqtrader:Q:NTCT,SECURITY:NTCT:nasdaqtrader:Q:NTCT,,common_equity,eligible,Q,,,38.35,44.84,,26515776.217619047,-8.143712574850293,-1.6666666666666607,29.604596147347074,69.76538291279329,14.473684210526317,32.782425221447184,277.0,full,usable,2026-08-19,conditional,85.0,100.0,,,85.0,82.0,80.0,100.0,2.2.0,c8f1bf1665a8c5dfb834c0571e7dd5f6b6e5ccd00eab00295338bd42cfde549b
NTES,"NetEase, Inc. - American Depositary Shares, each representing 5 ordinary shares",nasdaqtrader:Q:NTES,SECURITY:NTES:nasdaqtrader:Q:NTES,,adr,eligible,Q,,,127.25,159.34,,128409080.03071429,-1.7753763025858849,11.145078172766176,6.316317152644335,-2.3407521105142104,20.139324714447092,38.67214640982928,277.0,full,usable,2026-08-19,conditional,84.29,100.0,,,61.0,92.0,92.0,100.0,2.2.0,c8f1bf1665a8c5dfb834c0571e7dd5f6b6e5ccd00eab00295338bd42cfde549b
NTGR,"NETGEAR, Inc. - Common Stock",nasdaqtrader:Q:NTGR,SECURITY:NTGR:nasdaqtrader:Q:NTGR,,common_equity,eligible,Q,,,21.6,36.01,,9053049.832857143,-10.872704765834529,-11.908646003262636,4.347826086956541,-12.337662337662337,40.01666203832268,46.88631069945476,277.0,full,usable,2026-08-19,conditional,82.36,100.0,,,73.0,95.0,62.0,100.0,2.2.0,c8f1bf1665a8c5dfb834c0571e7dd5f6b6e5ccd00eab00295338bd42cfde549b
NTHI,"NeOnc Technologies Holdings, Inc. - Common Stock",nasdaqtrader:Q:NTHI,SECURITY:NTHI:nasdaqtrader:Q:NTHI,,common_equity,eligible,Q,,,4.63,12.09,,599993.6522222222,37.38872403560831,-15.510948905109501,-48.44097995545658,-13.780260707635017,61.70388751033913,162.57108552522533,277.0,full,usable,2026-08-19,rejected,60.14,100.0,,,73.0,70.0,0.0,100.0,2.2.0,c8f1bf1665a8c5dfb834c0571e7dd5f6b6e5ccd00eab00295338bd42cfde549b
NTIC,Northern Technologies International Corporation - Common Stock,nasdaqtrader:Q:NTIC,SECURITY:NTIC:nasdaqtrader:Q:NTIC,,common_equity,eligible,Q,,,8.05,9.89,,76180.59928571428,0.4993757802746579,1.8987341772152,-10.45606229143492,9.673024523160766,18.6046511627907,27.18139072401506,277.0,full,usable,2026-08-19,rejected,66.14,100.0,,,79.0,82.0,0.0,100.0,2.2.0,c8f1bf1665a8c5dfb834c0571e7dd5f6b6e5ccd00eab00295338bd42cfde549b
NTIP,"Network-1 Technologies, Inc. Common Stock",nasdaqtrader:A:NTIP,SECURITY:NTIP:nasdaqtrader:A:NTIP,,common_equity,eligible,A,,,1.52,1.9,,51897.09357142857,0.0,3.401360544217691,2.7027027027026973,10.948905109489049,19.999999999999996,27.694881449172215,277.0,full,usable,2026-08-19,rejected,66.14,100.0,,,79.0,82.0,0.0,100.0,2.2.0,c8f1bf1665a8c5dfb834c0571e7dd5f6b6e5ccd00eab00295338bd42cfde549b
NTLA,"Intellia Therapeutics, Inc. - Common Stock",nasdaqtrader:Q:NTLA,SECURITY:NTLA:nasdaqtrader:Q:NTLA,,common_equity,eligible,Q,,,13.28,27.98,,67501240.8936508,15.780296425457706,11.222780569514246,6.41025641025641,23.765144454799625,52.53752680486061,77.52629996068347,277.0,full,usable,2026-08-19,conditional,77.86,100.0,,,75.0,70.0,80.0,100.0,2.2.0,c8f1bf1665a8c5dfb834c0571e7dd5f6b6e5ccd00eab00295338bd42cfde549b
NTNX,"Nutanix, Inc. - Class A Common Stock",nasdaqtrader:Q:NTNX,NAMECLASS:NUTANIX INC,,common_equity,eligible,Q,,,65.42,81.12,,193493926.03984126,20.72338069754569,35.52931427387611,58.7093643862203,-5.81629714943851,19.354043392504938,34.04016338359994,277.0,full,usable,2026-08-19,conditional,77.86,100.0,,,51.0,82.0,92.0,100.0,2.2.0,c8f1bf1665a8c5dfb834c0571e7dd5f6b6e5ccd00eab00295338bd42cfde549b
NTR,Nutrien Ltd. Common Shares,nasdaqtrader:N:NTR,SECURITY:NTR:nasdaqtrader:N:NTR,,common_equity,eligible,N,,,70.5,83.94,,182474916.8779365,5.475763016157975,-1.5225590166224379,0.3130335799658601,24.338624338624328,16.01143674052895,30.534191177654748,277.0,full,usable,2026-08-19,conditional,88.14,100.0,,,87.0,82.0,92.0,100.0,2.2.0,c8f1bf1665a8c5dfb834c0571e7dd5f6b6e5ccd00eab00295338bd42cfde549b
NTRA,"Natera, Inc. - Common Stock",nasdaqtrader:Q:NTRA,SECURITY:NTRA:nasdaqtrader:Q:NTRA,,common_equity,eligible,Q,,,325.07,325.07,,373236340.3965079,21.667040946178595,65.818200367272,50.823551245766254,101.71889543903197,0.0,66.50349611160726,277.0,full,usable,2026-08-19,conditional,58.43,100.0,,,73.0,10.0,92.0,100.0,2.2.0,c8f1bf1665a8c5dfb834c0571e7dd5f6b6e5ccd00eab00295338bd42cfde549b
NTRB,Nutriband Inc. - Common Stock,nasdaqtrader:Q:NTRB,SECURITY:NTRB:nasdaqtrader:Q:NTRB,,common_equity,eligible,Q,,,3.55,8.5,,35031.63388888889,15.259740259740262,2.898550724637672,-11.250000000000004,-44.182389937106926,58.235294117647065,42.09303445369769,277.0,full,usable,2026-08-19,rejected,58.43,100.0,,,67.0,70.0,0.0,100.0,2.2.0,c8f1bf1665a8c5dfb834c0571e7dd5f6b6e5ccd00eab00295338bd42cfde549b
NTRP,"NextTrip, Inc. - Common Stock",nasdaqtrader:Q:NTRP,SECURITY:NTRP:nasdaqtrader:Q:NTRP,,common_equity,eligible,Q,,,1.45,4.73,,330904.07371111115,-21.19565217391305,-38.81856540084389,-51.82724252491694,-60.70460704607046,69.34460887949261,92.59014850920089,277.0,full,usable,2026-08-19,rejected,41.29,100.0,,,57.0,30.0,0.0,100.0,2.2.0,c8f1bf1665a8c5dfb834c0571e7dd5f6b6e5ccd00eab00295338bd42cfde549b
NTRS,Northern Trust Corporation - Common Stock,nasdaqtrader:Q:NTRS,SECURITY:NTRS:nasdaqtrader:Q:NTRS,,common_equity,eligible,Q,,,185.4,191.47,,195498489.96579364,0.18372419755754432,12.424959068582876,25.677874186550966,45.92680047225504,3.170209432287041,23.032080863279823,277.0,full,usable,2026-08-19,conditional,56.14,100.0,,,65.0,10.0,92.0,100.0,2.2.0,c8f1bf1665a8c5dfb834c0571e7dd5f6b6e5ccd00eab00295338bd42cfde549b
NTSK,"Netskope, Inc. - Class A Common Stock",nasdaqtrader:Q:NTSK,NAMECLASS:NETSKOPE INC,,common_equity,eligible,Q,,,14.7,25.79,,67842573.92746031,10.277569392348074,28.608923884514436,27.49349522983522,,43.001163241566495,78.11412694260528,231.0,limited_but_usable,usable,2026-08-19,conditional,75.93,100.0,,,37.0,95.0,80.0,100.0,2.2.0,c8f1bf1665a8c5dfb834c0571e7dd5f6b6e5ccd00eab00295338bd42cfde549b
NTST,NetSTREIT Corp. Common Stock,nasdaqtrader:N:NTST,SECURITY:NTST:nasdaqtrader:N:NTST,,common_equity,eligible,N,,,20.53,22.26,,44393090.77952381,-6.341240875912413,0.244140625,3.165829145728649,10.554658050619281,7.771787960467202,23.875500788832095,277.0,full,usable,2026-08-19,conditional,64.0,100.0,,,79.0,28.0,80.0,100.0,2.2.0,c8f1bf1665a8c5dfb834c0571e7dd5f6b6e5ccd00eab00295338bd42cfde549b
NTWK,NETSOL Technologies Inc. - Common Stock,nasdaqtrader:Q:NTWK,SECURITY:NTWK:nasdaqtrader:Q:NTWK,,common_equity,eligible,Q,,,4.1,5.22,,106182.52206349206,-8.482142857142872,2.499999999999991,22.388059701492512,-3.301886792452846,21.45593869731801,24.530138156783707,277.0,full,usable,2026-08-19,rejected,65.14,100.0,,,63.0,92.0,0.0,100.0,2.2.0,c8f1bf1665a8c5dfb834c0571e7dd5f6b6e5ccd00eab00295338bd42cfde549b
NTZ,"Natuzzi, S.p.A.",qrgf-resolution-required:N:NTZ,SECURITY:NTZ:qrgf-resolution-required:N:NTZ,,common_equity,eligible,N,,,1.27,4.0,,4611.2965968253975,-18.06451612903226,-54.48028673835126,-60.3125,-55.43859649122807,68.25,61.01001767831322,277.0,full,usable,2026-08-19,rejected,37.86,100.0,,,45.0,30.0,0.0,100.0,2.2.0,c8f1bf1665a8c5dfb834c0571e7dd5f6b6e5ccd00eab00295338bd42cfde549b
NU,Nu Holdings Ltd. Class A Ordinary Shares,nasdaqtrader:N:NU,SECURITY:NU:nasdaqtrader:N:NU,,common_equity,eligible,N,,,14.61,18.76,,1036364526.6876191,1.5288394718554477,18.877135882831574,-14.90972626674434,9.60240060015003,22.121535181236684,41.59933396414989,277.0,full,usable,2026-08-19,conditional,87.71,100.0,,,67.0,92.0,100.0,100.0,2.2.0,c8f1bf1665a8c5dfb834c0571e7dd5f6b6e5ccd00eab00295338bd42cfde549b
NUAI,"New Era Energy & Digital, Inc. - Common Stock",nasdaqtrader:Q:NUAI,SECURITY:NUAI:nasdaqtrader:Q:NUAI,,common_equity,eligible,Q,,,5.4,8.06,,41572375.64325397,-8.629441624365475,34.663341645885296,14.164904862579286,1076.2143323894577,33.002481389578165,131.1698299542555,277.0,full,usable,2026-08-19,conditional,88.0,100.0,,,83.0,92.0,80.0,100.0,2.2.0,c8f1bf1665a8c5dfb834c0571e7dd5f6b6e5ccd00eab00295338bd42cfde549b
NUCL,Eagle Nuclear Energy Corp. - Common stock,nasdaqtrader:Q:NUCL,SECURITY:NUCL:nasdaqtrader:Q:NUCL,,common_equity,eligible,Q,,,7.59,13.21,,3813818.8016666668,29.081632653061227,-29.3953488372093,,,42.5435276305829,86.62303494196337,122.0,insufficient,usable,2026-08-19,recheck,,71.43,,,,95.0,45.0,88.0,2.2.0,c8f1bf1665a8c5dfb834c0571e7dd5f6b6e5ccd00eab00295338bd42cfde549b
NUE,Nucor Corporation Common Stock,nasdaqtrader:N:NUE,SECURITY:NUE:nasdaqtrader:N:NUE,,common_equity,eligible,N,,,248.74,274.74,,391634207.68714285,6.663807890222984,12.181481982591457,34.78920559228354,71.95990321465607,9.463492756788238,38.85336182653597,277.0,full,usable,2026-08-19,conditional,84.14,100.0,,,73.0,82.0,92.0,100.0,2.2.0,c8f1bf1665a8c5dfb834c0571e7dd5f6b6e5ccd00eab00295338bd42cfde549b
NUR,Nuran Wireless Inc. - Common Shares,nasdaqtrader:Q:NUR,SECURITY:NUR:nasdaqtrader:Q:NUR,,common_equity,eligible,Q,,,2.53,3.48,,167491.09,,,,,27.298850574712652,,3.0,insufficient,usable,2026-08-19,rejected,,71.43,,,,92.0,0.0,64.0,2.2.0,c8f1bf1665a8c5dfb834c0571e7dd5f6b6e5ccd00eab00295338bd42cfde549b
