ticker,company,contract_id,issuer_id,issuer_cik,security_type,instrument_status,exchange,sector,industry,current_price,reference_52w_high,market_cap,avg_dollar_volume,return_1m_pct,return_3m_pct,return_6m_pct,return_12m_pct,drawdown_pct,historical_volatility_pct,trading_history_days,momentum_history_status,data_integrity_status,as_of,l2_status,l2_setup_score,l2_confidence_pct,l2_quality_prior_score,l2_room_to_target_score,setup_prior_growth,setup_pullback_geometry,setup_liquidity,setup_data_completeness,setup_model_version,l2_rules_hash
A,"Agilent Technologies, Inc. Common Stock",nasdaqtrader:N:A,SECURITY:A:nasdaqtrader:N:A,,common_equity,eligible,N,,,148.45,157.2,,300625179.6961905,12.9240833713677,32.90062667860339,17.995389873618926,24.884327416505414,5.566157760814249,25.38095485953335,276.0,full,usable,2026-08-17,conditional,62.57,100.0,,,65.0,28.0,92.0,100.0,2.2.0,c8f1bf1665a8c5dfb834c0571e7dd5f6b6e5ccd00eab00295338bd42cfde549b
AA,Alcoa Corporation Common Stock,nasdaqtrader:N:AA,SECURITY:AA:nasdaqtrader:N:AA,,common_equity,eligible,N,,,51.71,83.79,,317961610.5174603,17.57617098681219,-17.30369422677115,-13.744787322768982,65.04947334822855,38.286191669650314,47.49439968419123,276.0,full,usable,2026-08-17,conditional,95.07,100.0,,,95.0,95.0,92.0,100.0,2.2.0,c8f1bf1665a8c5dfb834c0571e7dd5f6b6e5ccd00eab00295338bd42cfde549b
AACG,"ATA Creativity Global - American Depositary Shares, each representing two common shares",nasdaqtrader:Q:AACG,SECURITY:AACG:nasdaqtrader:Q:AACG,,adr,eligible,Q,,,1.01,2.55,,250967.01013650795,3.0717420144912744,-15.126050420168058,12.975391498881429,-50.85158150851582,60.3921568627451,88.23151501881969,276.0,full,usable,2026-08-17,rejected,58.43,100.0,,,67.0,70.0,0.0,100.0,2.2.0,c8f1bf1665a8c5dfb834c0571e7dd5f6b6e5ccd00eab00295338bd42cfde549b
AADX,"Applied Aerospace & Defense, Inc. Common Stock",nasdaqtrader:N:AADX,SECURITY:AADX:nasdaqtrader:N:AADX,,common_equity,eligible,N,,,18.12,23.85,,32494524.69519231,6.58823529411765,,,,24.02515723270441,84.11258867251844,52.0,insufficient,usable,2026-08-17,recheck,,71.43,,,,92.0,80.0,76.0,2.2.0,c8f1bf1665a8c5dfb834c0571e7dd5f6b6e5ccd00eab00295338bd42cfde549b
AAL,"American Airlines Group, Inc. - Common Stock",nasdaqtrader:Q:AAL,SECURITY:AAL:nasdaqtrader:Q:AAL,,common_equity,eligible,Q,,,14.43,18.15,,1689088076.321508,-3.6715620827770357,17.221770917952874,3.9625360230547413,12.558502340093591,20.495867768595033,55.20072447140573,276.0,full,usable,2026-08-17,conditional,87.71,100.0,,,67.0,92.0,100.0,100.0,2.2.0,c8f1bf1665a8c5dfb834c0571e7dd5f6b6e5ccd00eab00295338bd42cfde549b
AAMI,Acadian Asset Management Inc. Common Stock,nasdaqtrader:N:AAMI,SECURITY:AAMI:nasdaqtrader:N:AAMI,,common_equity,eligible,N,,,92.99,93.16,,38482139.77587302,12.320328542094439,35.12060447544319,79.34426229508196,97.26347051336444,0.18248175182481452,31.63027670043645,276.0,full,usable,2026-08-17,conditional,55.86,100.0,,,73.0,10.0,80.0,100.0,2.2.0,c8f1bf1665a8c5dfb834c0571e7dd5f6b6e5ccd00eab00295338bd42cfde549b
AAOI,"Applied Optoelectronics, Inc. - Common Stock",nasdaqtrader:Q:AAOI,SECURITY:AAOI:nasdaqtrader:Q:AAOI,,common_equity,eligible,Q,,,154.89,223.1,,1774767433.266349,51.244995605897856,-18.633116200882547,248.3805668016194,637.2203712517847,30.573733751680866,146.13622713936692,276.0,full,usable,2026-08-17,conditional,92.86,100.0,,,85.0,92.0,100.0,100.0,2.2.0,c8f1bf1665a8c5dfb834c0571e7dd5f6b6e5ccd00eab00295338bd42cfde549b
AAON,"AAON, Inc. - Common Stock",nasdaqtrader:Q:AAON,SECURITY:AAON:nasdaqtrader:Q:AAON,,common_equity,eligible,Q,,,88.09,148.25,,123787095.555873,-20.9387901633459,-34.984131670233964,-12.81670625494854,5.992058717362547,40.58010118043845,57.757484200518526,276.0,full,usable,2026-08-17,conditional,90.5,100.0,,,79.0,95.0,92.0,100.0,2.2.0,c8f1bf1665a8c5dfb834c0571e7dd5f6b6e5ccd00eab00295338bd42cfde549b
AAP,Advance Auto Parts Inc.,qrgf-resolution-required:N:AAP,SECURITY:AAP:qrgf-resolution-required:N:AAP,,common_equity,eligible,N,,,56.72,64.17,,108303176.9911111,6.69676448457488,20.24591901632393,-3.61937128292269,-0.22867194371152255,11.609786504597164,54.23705446630921,276.0,full,usable,2026-08-17,conditional,80.71,100.0,,,61.0,82.0,92.0,100.0,2.2.0,c8f1bf1665a8c5dfb834c0571e7dd5f6b6e5ccd00eab00295338bd42cfde549b
AAPG,Ascentage Pharma Group International - American Depository Shares,nasdaqtrader:Q:AAPG,SECURITY:AAPG:nasdaqtrader:Q:AAPG,,adr,eligible,Q,,,18.2,47.9,,197311.1570206349,-2.8815368196371316,-6.666188031733499,-23.593618807724603,-57.12603062426385,62.00417536534446,57.36161426817068,276.0,full,usable,2026-08-17,rejected,58.43,100.0,,,67.0,70.0,0.0,100.0,2.2.0,c8f1bf1665a8c5dfb834c0571e7dd5f6b6e5ccd00eab00295338bd42cfde549b
AAPL,Apple Inc. - Common Stock,nasdaqtrader:Q:AAPL,SECURITY:AAPL:nasdaqtrader:Q:AAPL,,common_equity,eligible,Q,,,305.59,340.08,,17218629997.14984,-8.434709654221862,1.7852979382473322,19.47376651810149,31.278460348827196,10.141731357327687,31.81005460109363,276.0,full,usable,2026-08-17,conditional,87.0,100.0,,,77.0,82.0,100.0,100.0,2.2.0,c8f1bf1665a8c5dfb834c0571e7dd5f6b6e5ccd00eab00295338bd42cfde549b
AARD,"Aardvark Therapeutics, Inc. - Common Stock",nasdaqtrader:Q:AARD,SECURITY:AARD:nasdaqtrader:Q:AARD,,common_equity,eligible,Q,,,6.74,17.41,,1503623.8241269842,15.017064846416384,47.4835886214442,-44.29752066115702,-40.14209591474245,61.286616886846645,182.3921754161251,276.0,full,usable,2026-08-17,rejected,55.0,100.0,,,55.0,70.0,0.0,100.0,2.2.0,c8f1bf1665a8c5dfb834c0571e7dd5f6b6e5ccd00eab00295338bd42cfde549b
AAT,"American Assets Trust, Inc. Common Stock",nasdaqtrader:N:AAT,SECURITY:AAT:nasdaqtrader:N:AAT,,common_equity,eligible,N,,,22.65,25.85,,10441871.88809524,-11.211289690317539,9.051516610495902,22.036637931034477,16.15384615384614,12.379110251450687,21.798059618700723,276.0,full,usable,2026-08-17,conditional,75.43,100.0,,,65.0,82.0,62.0,100.0,2.2.0,c8f1bf1665a8c5dfb834c0571e7dd5f6b6e5ccd00eab00295338bd42cfde549b
AAUC,Allied Gold Corporation Common Shares,nasdaqtrader:N:AAUC,SECURITY:AAUC:nasdaqtrader:N:AAUC,,common_equity,eligible,N,,,22.37,32.01,,16635193.257142859,7.4447646493756015,-20.7018787663949,-28.916428344455035,86.5721434528774,30.115588878475474,74.5397419101156,276.0,full,usable,2026-08-17,conditional,87.57,100.0,,,95.0,92.0,62.0,100.0,2.2.0,c8f1bf1665a8c5dfb834c0571e7dd5f6b6e5ccd00eab00295338bd42cfde549b
ABAT,American Battery Technology Company - Common Stock,nasdaqtrader:Q:ABAT,SECURITY:ABAT:nasdaqtrader:Q:ABAT,,common_equity,eligible,Q,,,2.43,11.33,,17537185.15730159,2.9661016949152685,-22.364217252396156,-36.052631578947356,-10.661764705882348,78.55251544571932,68.19200358020622,276.0,full,usable,2026-08-17,conditional,59.14,100.0,,,73.0,30.0,62.0,100.0,2.2.0,c8f1bf1665a8c5dfb834c0571e7dd5f6b6e5ccd00eab00295338bd42cfde549b
ABBV,AbbVie Inc. Common Stock,nasdaqtrader:N:ABBV,SECURITY:ABBV:nasdaqtrader:N:ABBV,,common_equity,eligible,N,,,250.33,263.3,,1608775679.7098413,-1.6346418326849799,18.98379200532345,8.133909287257035,22.303107289427395,4.925939992404105,22.072584544185915,276.0,full,usable,2026-08-17,conditional,60.71,100.0,,,75.0,10.0,100.0,100.0,2.2.0,c8f1bf1665a8c5dfb834c0571e7dd5f6b6e5ccd00eab00295338bd42cfde549b
ABCB,Ameris Bancorp Common Stock,nasdaqtrader:N:ABCB,SECURITY:ABCB:nasdaqtrader:N:ABCB,,common_equity,eligible,N,,,89.04,93.17,,43581992.480317466,-3.5424114397139994,7.8488372093023395,5.974767912401813,24.915824915824913,4.432757325319303,19.036157915400928,276.0,full,usable,2026-08-17,conditional,56.43,100.0,,,75.0,10.0,80.0,100.0,2.2.0,c8f1bf1665a8c5dfb834c0571e7dd5f6b6e5ccd00eab00295338bd42cfde549b
ABCL,AbCellera Biologics Inc. - Common Shares,nasdaqtrader:Q:ABCL,SECURITY:ABCL:nasdaqtrader:Q:ABCL,,common_equity,eligible,Q,,,11.2,11.38,,57606203.20333333,73.24052590873936,173.83863080684594,261.2903225806451,148.88888888888889,1.5817223198594133,117.73663352911885,276.0,full,usable,2026-08-17,conditional,55.86,100.0,,,73.0,10.0,80.0,100.0,2.2.0,c8f1bf1665a8c5dfb834c0571e7dd5f6b6e5ccd00eab00295338bd42cfde549b
ABEO,Abeona Therapeutics Inc. - Common Stock,nasdaqtrader:Q:ABEO,SECURITY:ABEO:nasdaqtrader:Q:ABEO,,common_equity,eligible,Q,,,5.94,7.46,,8481267.951428572,-15.142857142857135,8.196721311475418,18.562874251497007,-17.842323651452286,20.375335120643424,70.65377335943933,276.0,full,usable,2026-08-17,conditional,75.0,100.0,,,51.0,92.0,62.0,100.0,2.2.0,c8f1bf1665a8c5dfb834c0571e7dd5f6b6e5ccd00eab00295338bd42cfde549b
ABEV,Ambev S.A. American Depositary Shares (Each representing 1 Common Share),nasdaqtrader:N:ABEV,SECURITY:ABEV:nasdaqtrader:N:ABEV,,adr,eligible,N,,,2.78,3.43,,85533782.61428571,-8.25082508250825,-9.446254071661242,-10.61093247588425,27.522935779816503,18.950437317784264,20.242845463004283,276.0,full,usable,2026-08-17,conditional,85.57,100.0,,,87.0,82.0,80.0,100.0,2.2.0,c8f1bf1665a8c5dfb834c0571e7dd5f6b6e5ccd00eab00295338bd42cfde549b
ABG,Asbury Automotive Group Inc Common Stock,nasdaqtrader:N:ABG,SECURITY:ABG:nasdaqtrader:N:ABG,,common_equity,eligible,N,,,208.54,259.0,,52328226.81015873,-5.363949900163378,16.392253167382933,-9.109135285913528,-13.897605284888526,19.482625482625483,41.2091694441435,276.0,full,usable,2026-08-17,conditional,78.14,100.0,,,61.0,82.0,80.0,100.0,2.2.0,c8f1bf1665a8c5dfb834c0571e7dd5f6b6e5ccd00eab00295338bd42cfde549b
ABLV,Able View Global Inc. - Class B Ordinary Shares,nasdaqtrader:Q:ABLV,NAMECLASS:ABLE VIEW GLOBAL INC,,common_equity,eligible,Q,,,0.7301,1.23,,81759.83124285715,-27.712871287128714,-28.421568627450988,-10.96341463414634,-16.292134831460668,40.64227642276423,69.87451302605882,276.0,full,usable,2026-08-17,rejected,69.07,100.0,,,73.0,95.0,0.0,100.0,2.2.0,c8f1bf1665a8c5dfb834c0571e7dd5f6b6e5ccd00eab00295338bd42cfde549b
ABM,ABM Industries Incorporated Common Stock,nasdaqtrader:N:ABM,SECURITY:ABM:nasdaqtrader:N:ABM,,common_equity,eligible,N,,,47.72,49.66,,24631225.606190477,0.2942412778478287,21.178263077704408,7.211862502808364,-1.3845835916511673,3.906564639548926,22.171974879362203,276.0,full,usable,2026-08-17,conditional,48.57,100.0,,,61.0,10.0,62.0,100.0,2.2.0,c8f1bf1665a8c5dfb834c0571e7dd5f6b6e5ccd00eab00295338bd42cfde549b
ABNB,"Airbnb, Inc. - Class A Common Stock",nasdaqtrader:Q:ABNB,NAMECLASS:AIRBNB INC,,common_equity,eligible,Q,,,179.29,185.13,,628002910.2078571,22.81819427318812,34.95671810312382,47.746188710342,43.846277278562255,3.1545400529357726,56.57472999065342,276.0,full,usable,2026-08-17,conditional,57.86,100.0,,,65.0,10.0,100.0,100.0,2.2.0,c8f1bf1665a8c5dfb834c0571e7dd5f6b6e5ccd00eab00295338bd42cfde549b
ABOS,"Acumen Pharmaceuticals, Inc. - Common Stock",nasdaqtrader:Q:ABOS,SECURITY:ABOS:nasdaqtrader:Q:ABOS,,common_equity,eligible,Q,,,2.66,3.37,,1103505.2093650794,18.22222222222223,16.666666666666675,5.976095617529897,90.00000000000001,21.068249258160233,63.073350466785335,276.0,full,usable,2026-08-17,rejected,70.86,100.0,,,83.0,92.0,0.0,100.0,2.2.0,c8f1bf1665a8c5dfb834c0571e7dd5f6b6e5ccd00eab00295338bd42cfde549b
ABR,Arbor Realty Trust Common Stock,nasdaqtrader:N:ABR,SECURITY:ABR:nasdaqtrader:N:ABR,,common_equity,eligible,N,,,5.0,12.46,,22187154.566666666,-3.474903474903468,-13.644214162348877,-35.23316062176166,-58.053691275167786,59.871589085072245,35.054072932266855,276.0,full,usable,2026-08-17,conditional,71.71,100.0,,,67.0,70.0,62.0,100.0,2.2.0,c8f1bf1665a8c5dfb834c0571e7dd5f6b6e5ccd00eab00295338bd42cfde549b
ABSI,Absci Corporation - Common Stock,nasdaqtrader:Q:ABSI,SECURITY:ABSI:nasdaqtrader:Q:ABSI,,common_equity,eligible,Q,,,9.24,11.62,,43242789.20666666,11.392405063291132,80.1169590643275,262.3529411764706,208.0,20.48192771084336,79.79829135392606,276.0,full,usable,2026-08-17,conditional,85.14,100.0,,,73.0,92.0,80.0,100.0,2.2.0,c8f1bf1665a8c5dfb834c0571e7dd5f6b6e5ccd00eab00295338bd42cfde549b
ABT,Abbott Laboratories Common Stock,nasdaqtrader:N:ABT,SECURITY:ABT:nasdaqtrader:N:ABT,,common_equity,eligible,N,,,110.37,136.62,,1141686582.520635,9.62455303933254,30.66177341067835,-2.0500532481363187,-14.627165841584155,19.213877909530087,36.688382720628034,276.0,full,usable,2026-08-17,conditional,82.43,100.0,,,61.0,82.0,100.0,100.0,2.2.0,c8f1bf1665a8c5dfb834c0571e7dd5f6b6e5ccd00eab00295338bd42cfde549b
ABTC,American Bitcoin Corp. - Class A Common Stock,nasdaqtrader:Q:ABTC,NAMECLASS:AMERICAN BITCOIN CORP,,common_equity,eligible,Q,,,7.12,139.65,,11092945.460428571,30.88235294117647,-57.23723723723724,-57.99410029498524,-93.26713947990544,94.9015395631937,127.35122817952565,276.0,full,usable,2026-08-17,conditional,45.43,100.0,,,25.0,30.0,62.0,100.0,2.2.0,c8f1bf1665a8c5dfb834c0571e7dd5f6b6e5ccd00eab00295338bd42cfde549b
ABTS,Abits Group Inc - Ordinary Shares,nasdaqtrader:Q:ABTS,SECURITY:ABTS:nasdaqtrader:Q:ABTS,,common_equity,eligible,Q,,,1.21,10.27,,4482782.7212619055,1.680672268907557,28.750798042136626,-56.63082437275986,-70.61965811965813,88.21811100292113,112.39223830406506,276.0,full,usable,2026-08-17,conditional,41.79,100.0,,,25.0,30.0,45.0,100.0,2.2.0,c8f1bf1665a8c5dfb834c0571e7dd5f6b6e5ccd00eab00295338bd42cfde549b
ABUS,Arbutus Biopharma Corporation - Common Stock,nasdaqtrader:Q:ABUS,SECURITY:ABUS:nasdaqtrader:Q:ABUS,,common_equity,eligible,Q,,,4.71,5.22,,9088397.743095238,3.289473684210531,11.084905660377341,18.341708542713576,39.76261127596439,9.770114942528728,43.19889133902083,276.0,full,usable,2026-08-17,conditional,75.43,100.0,,,65.0,82.0,62.0,100.0,2.2.0,c8f1bf1665a8c5dfb834c0571e7dd5f6b6e5ccd00eab00295338bd42cfde549b
ABVC,"ABVC BioPharma, Inc. - Common Stock",nasdaqtrader:Q:ABVC,SECURITY:ABVC:nasdaqtrader:Q:ABVC,,common_equity,eligible,Q,,,0.8499,3.3,,199840.8606888889,-32.008,-22.02752293577982,-49.10778443113772,-72.04276315789474,74.24545454545455,119.88258379868691,276.0,full,usable,2026-08-17,rejected,38.43,100.0,,,47.0,30.0,0.0,100.0,2.2.0,c8f1bf1665a8c5dfb834c0571e7dd5f6b6e5ccd00eab00295338bd42cfde549b
ABVX,Abivax SA - American Depositary Shares,nasdaqtrader:Q:ABVX,SECURITY:ABVX:nasdaqtrader:Q:ABVX,,adr,eligible,Q,,,120.73,145.31,,229845031.48174605,-11.65020124405416,5.41342879594866,-3.408272661812939,73.56239217941345,16.9155598375886,36.51838556803758,276.0,full,usable,2026-08-17,conditional,87.0,100.0,,,83.0,82.0,92.0,100.0,2.2.0,c8f1bf1665a8c5dfb834c0571e7dd5f6b6e5ccd00eab00295338bd42cfde549b
ABX,"Abacus Global Management, Inc. Class A Common Stock",nasdaqtrader:N:ABX,NAMECLASS:ABACUS GLOBAL MANAGEMENT INC,,common_equity,eligible,N,,,9.12,12.0,,6234976.277936508,-11.969111969111967,0.3300330033003229,8.571428571428562,45.222929936305725,24.00000000000001,54.527454054991445,276.0,full,usable,2026-08-17,conditional,85.29,100.0,,,87.0,92.0,62.0,100.0,2.2.0,c8f1bf1665a8c5dfb834c0571e7dd5f6b6e5ccd00eab00295338bd42cfde549b
ACA,"Arcosa, Inc. Common Stock",nasdaqtrader:N:ACA,SECURITY:ACA:nasdaqtrader:N:ACA,,common_equity,eligible,N,,,145.01,145.4,,101627244.45825396,0.0,16.81166425004026,13.760100415784105,49.310131795716615,0.2682255845942283,3.1643651769785635,276.0,full,usable,2026-08-17,conditional,59.0,100.0,,,75.0,10.0,92.0,100.0,2.2.0,c8f1bf1665a8c5dfb834c0571e7dd5f6b6e5ccd00eab00295338bd42cfde549b
ACAD,ACADIA Pharmaceuticals Inc. - Common Stock,nasdaqtrader:Q:ACAD,SECURITY:ACAD:nasdaqtrader:Q:ACAD,,common_equity,eligible,Q,,,29.01,29.45,,40075362.1268254,13.320312500000009,35.56074766355142,31.68406718111665,18.263350998777007,1.4940577249575426,35.19993432465157,276.0,full,usable,2026-08-17,conditional,53.57,100.0,,,65.0,10.0,80.0,100.0,2.2.0,c8f1bf1665a8c5dfb834c0571e7dd5f6b6e5ccd00eab00295338bd42cfde549b
ACB,Aurora Cannabis Inc. - Common Shares,nasdaqtrader:Q:ACB,SECURITY:ACB:nasdaqtrader:Q:ACB,,common_equity,eligible,Q,,,3.6,6.23,,4036335.4516666667,36.882129277566555,8.433734939759052,1.4084507042253502,-33.20964749536177,42.21508828250402,66.64879775742736,276.0,full,usable,2026-08-17,conditional,73.57,100.0,,,55.0,95.0,45.0,100.0,2.2.0,c8f1bf1665a8c5dfb834c0571e7dd5f6b6e5ccd00eab00295338bd42cfde549b
ACCL,Acco Group Holdings Limited - Class A Ordinary Shares,nasdaqtrader:Q:ACCL,NAMECLASS:ACCO GROUP HOLDINGS LIMITED,,common_equity,eligible,Q,,,2.85,4.51,,662871.437920635,50.79365079365081,100.7042253521127,102.1276595744681,,36.80709534368071,63.2211440960344,208.0,limited_but_usable,usable,2026-08-17,rejected,58.79,100.0,,,37.0,95.0,0.0,100.0,2.2.0,c8f1bf1665a8c5dfb834c0571e7dd5f6b6e5ccd00eab00295338bd42cfde549b
ACCO,Acco Brands Corporation Common Stock,nasdaqtrader:N:ACCO,SECURITY:ACCO:nasdaqtrader:N:ACCO,,common_equity,eligible,N,,,4.23,4.41,,3271198.0342857144,3.6764705882353033,12.500000000000021,2.9197080291970767,8.184143222506401,4.081632653061218,36.80153104873673,276.0,full,usable,2026-08-17,conditional,46.64,100.0,,,67.0,10.0,45.0,100.0,2.2.0,c8f1bf1665a8c5dfb834c0571e7dd5f6b6e5ccd00eab00295338bd42cfde549b
ACCS,ACCESS Newswire Inc. Common Stock,nasdaqtrader:A:ACCS,SECURITY:ACCS:nasdaqtrader:A:ACCS,,common_equity,eligible,A,,,5.1,11.04,,123037.59840476191,-22.256097560975608,-23.76681614349777,-28.37078651685394,-53.67847411444142,53.80434782608696,81.96620832980537,276.0,full,usable,2026-08-17,rejected,58.43,100.0,,,67.0,70.0,0.0,100.0,2.2.0,c8f1bf1665a8c5dfb834c0571e7dd5f6b6e5ccd00eab00295338bd42cfde549b
ACDC,ProFrac Holding Corp. - Class A Common Stock,nasdaqtrader:Q:ACDC,NAMECLASS:PROFRAC HOLDING CORP,,common_equity,eligible,Q,,,5.28,8.06,,9167011.605238095,10.000000000000009,-27.472527472527474,-3.4734917733089454,50.42735042735045,34.49131513647643,88.00364305122086,276.0,full,usable,2026-08-17,conditional,87.57,100.0,,,95.0,92.0,62.0,100.0,2.2.0,c8f1bf1665a8c5dfb834c0571e7dd5f6b6e5ccd00eab00295338bd42cfde549b
ACEL,"Accel Entertainment, Inc.",qrgf-resolution-required:N:ACEL,SECURITY:ACEL:qrgf-resolution-required:N:ACEL,,common_equity,eligible,N,,,12.19,13.41,,3769384.0714285714,0.3292181069958877,4.995693367786402,12.557710064635263,9.327354260089681,9.097688292319173,22.316151288189882,276.0,full,usable,2026-08-17,conditional,75.79,100.0,,,79.0,82.0,45.0,100.0,2.2.0,c8f1bf1665a8c5dfb834c0571e7dd5f6b6e5ccd00eab00295338bd42cfde549b
ACET,"Adicet Bio, Inc. - Common Stock",nasdaqtrader:Q:ACET,SECURITY:ACET:nasdaqtrader:Q:ACET,,common_equity,eligible,Q,,,8.74,16.64,,780548.9857142858,7.635467980295574,13.802083333333348,26.483357452966704,-15.96153846153846,47.47596153846154,71.39900757289517,276.0,full,usable,2026-08-17,rejected,62.79,100.0,,,51.0,95.0,0.0,100.0,2.2.0,c8f1bf1665a8c5dfb834c0571e7dd5f6b6e5ccd00eab00295338bd42cfde549b
ACFN,"Acorn Energy, Inc. - Common Stock",nasdaqtrader:Q:ACFN,SECURITY:ACFN:nasdaqtrader:Q:ACFN,,common_equity,eligible,Q,,,19.48,30.58,,374224.93287460314,-3.468780971258667,17.34939759036145,7.09180868609125,-26.546003016591246,36.29823413996075,50.28236613992293,268.0,full,usable,2026-08-17,rejected,63.93,100.0,,,55.0,95.0,0.0,100.0,2.2.0,c8f1bf1665a8c5dfb834c0571e7dd5f6b6e5ccd00eab00295338bd42cfde549b
ACGL,Arch Capital Group Ltd. - Common Stock,nasdaqtrader:Q:ACGL,SECURITY:ACGL:nasdaqtrader:Q:ACGL,,common_equity,eligible,Q,,,97.81,106.48,,201615697.11126983,-3.492846571287611,4.075335177697381,-0.5793860540760254,6.942925869232464,8.142374154770849,24.027411609586753,276.0,full,usable,2026-08-17,conditional,85.86,100.0,,,79.0,82.0,92.0,100.0,2.2.0,c8f1bf1665a8c5dfb834c0571e7dd5f6b6e5ccd00eab00295338bd42cfde549b
ACH,"Accendra Health, Inc. Common Stock",nasdaqtrader:N:ACH,SECURITY:ACH:nasdaqtrader:N:ACH,,common_equity,eligible,N,,,1.07,5.68,,2380208.512150794,-69.16426512968299,-63.230240549828174,-52.23214285714286,-80.18518518518518,81.16197183098592,222.49835796536073,276.0,full,usable,2026-08-17,conditional,41.79,100.0,,,25.0,30.0,45.0,100.0,2.2.0,c8f1bf1665a8c5dfb834c0571e7dd5f6b6e5ccd00eab00295338bd42cfde549b
ACHC,"Acadia Healthcare Company, Inc. - Common Stock",nasdaqtrader:Q:ACHC,SECURITY:ACHC:nasdaqtrader:Q:ACHC,,common_equity,eligible,Q,,,30.0,35.61,,81398380.22142857,-13.043478260869568,16.234017822549408,78.89087656529516,45.208131655372696,15.75400168491996,71.04015689767353,276.0,full,usable,2026-08-17,conditional,79.29,100.0,,,65.0,82.0,80.0,100.0,2.2.0,c8f1bf1665a8c5dfb834c0571e7dd5f6b6e5ccd00eab00295338bd42cfde549b
ACHR,Archer Aviation Inc. Class A Common Stock,nasdaqtrader:N:ACHR,NAMECLASS:ARCHER AVIATION INC,,common_equity,eligible,N,,,6.39,13.64,,250459984.73984128,43.918918918918905,5.61983471074381,-5.612998522895129,-36.036036036036045,53.1524926686217,102.3297235412219,276.0,full,usable,2026-08-17,conditional,74.71,100.0,,,55.0,70.0,92.0,100.0,2.2.0,c8f1bf1665a8c5dfb834c0571e7dd5f6b6e5ccd00eab00295338bd42cfde549b
ACHV,"Achieve Life Sciences, Inc.  - Common Shares",nasdaqtrader:Q:ACHV,SECURITY:ACHV:nasdaqtrader:Q:ACHV,,common_equity,eligible,Q,,,7.5,7.59,,10493404.302063491,19.61722488038278,41.77693761814745,78.57142857142856,194.11764705882354,1.1857707509881354,48.88055833508835,276.0,full,usable,2026-08-17,conditional,52.0,100.0,,,73.0,10.0,62.0,100.0,2.2.0,c8f1bf1665a8c5dfb834c0571e7dd5f6b6e5ccd00eab00295338bd42cfde549b
ACI,"Albertsons Companies, Inc. Class A Common Stock",nasdaqtrader:N:ACI,NAMECLASS:ALBERTSONS COMPANIES INC,,common_equity,eligible,N,,,12.2,19.74,,116938840.04301587,-19.25876902713435,-25.609756097560975,-34.30263866451266,-35.9916054564533,38.19655521783181,79.51713006973989,276.0,full,usable,2026-08-17,conditional,87.07,100.0,,,67.0,95.0,92.0,100.0,2.2.0,c8f1bf1665a8c5dfb834c0571e7dd5f6b6e5ccd00eab00295338bd42cfde549b
ACIC,American Coastal Insurance Corporation - Common Stock,nasdaqtrader:Q:ACIC,SECURITY:ACIC:nasdaqtrader:Q:ACIC,,common_equity,eligible,Q,,,9.45,13.03,,3191604.905873016,-7.804878048780495,-12.903225806451612,-14.788097385031563,-14.634146341463428,27.475057559478135,43.19726894647737,276.0,full,usable,2026-08-17,conditional,77.64,100.0,,,73.0,92.0,45.0,100.0,2.2.0,c8f1bf1665a8c5dfb834c0571e7dd5f6b6e5ccd00eab00295338bd42cfde549b
ACIU,AC Immune SA - Common Stock,nasdaqtrader:Q:ACIU,SECURITY:ACIU:nasdaqtrader:Q:ACIU,,common_equity,eligible,Q,,,2.53,3.99,,622083.6276190476,14.999999999999991,-9.31899641577062,-15.384615384615397,18.7793427230047,36.591478696741866,61.54636438944882,276.0,full,usable,2026-08-17,rejected,73.07,100.0,,,87.0,95.0,0.0,100.0,2.2.0,c8f1bf1665a8c5dfb834c0571e7dd5f6b6e5ccd00eab00295338bd42cfde549b
ACIW,"ACI Worldwide, Inc. - Common Stock",nasdaqtrader:Q:ACIW,SECURITY:ACIW:nasdaqtrader:Q:ACIW,,common_equity,eligible,Q,,,52.13,60.18,,52841294.736190476,-10.229033924573782,25.132021123379754,31.77451971688574,11.842952156189668,13.37653705550016,34.38802516062992,276.0,full,usable,2026-08-17,conditional,77.0,100.0,,,57.0,82.0,80.0,100.0,2.2.0,c8f1bf1665a8c5dfb834c0571e7dd5f6b6e5ccd00eab00295338bd42cfde549b
ACLS,"Axcelis Technologies, Inc. - Common Stock",nasdaqtrader:Q:ACLS,SECURITY:ACLS:nasdaqtrader:Q:ACLS,,common_equity,eligible,Q,,,144.11,191.6,,82969103.72515872,5.6370033719396195,-7.133651243716965,52.416710735060825,72.0613694704794,24.786012526096023,73.78472400736572,276.0,full,usable,2026-08-17,conditional,88.57,100.0,,,85.0,92.0,80.0,100.0,2.2.0,c8f1bf1665a8c5dfb834c0571e7dd5f6b6e5ccd00eab00295338bd42cfde549b
ACM,AECOM Common Stock,nasdaqtrader:N:ACM,SECURITY:ACM:nasdaqtrader:N:ACM,,common_equity,eligible,N,,,62.22,134.35,,151540006.58380952,-8.888563479279554,-12.747160286074887,-29.543653040425777,-48.201798201798205,53.68812802381838,49.63317338972219,276.0,full,usable,2026-08-17,conditional,78.14,100.0,,,67.0,70.0,92.0,100.0,2.2.0,c8f1bf1665a8c5dfb834c0571e7dd5f6b6e5ccd00eab00295338bd42cfde549b
ACMR,"ACM Research, Inc. - Class A Common Stock",nasdaqtrader:Q:ACMR,NAMECLASS:ACM RESEARCH INC,,common_equity,eligible,Q,,,85.64,126.89,,135098676.74103174,2.0495710200190587,34.50604680383225,32.07896360271436,236.10675039246468,32.50847190479943,107.33312800013348,276.0,full,usable,2026-08-17,conditional,87.71,100.0,,,73.0,92.0,92.0,100.0,2.2.0,c8f1bf1665a8c5dfb834c0571e7dd5f6b6e5ccd00eab00295338bd42cfde549b
ACN,Accenture plc Class A Ordinary Shares (Ireland),nasdaqtrader:N:ACN,SECURITY:ACN:nasdaqtrader:N:ACN,,common_equity,eligible,N,,,169.98,288.54,,1263976597.5473015,18.395207912516543,0.6871223788650571,-24.193908040850907,-30.947351316217098,41.089623622374724,48.807940737701486,276.0,full,usable,2026-08-17,conditional,88.79,100.0,,,67.0,95.0,100.0,100.0,2.2.0,c8f1bf1665a8c5dfb834c0571e7dd5f6b6e5ccd00eab00295338bd42cfde549b
ACNB,ACNB Corporation - Common Stock,nasdaqtrader:Q:ACNB,SECURITY:ACNB:nasdaqtrader:Q:ACNB,,common_equity,eligible,Q,,,64.37,65.43,,4035885.3685714286,6.484698097601327,23.717086296367484,22.492863939105632,42.664007092198595,1.620051963930924,23.395355849955003,276.0,full,usable,2026-08-17,conditional,46.07,100.0,,,65.0,10.0,45.0,100.0,2.2.0,c8f1bf1665a8c5dfb834c0571e7dd5f6b6e5ccd00eab00295338bd42cfde549b
ACNT,Ascent Industries Co. - Common Stock,nasdaqtrader:Q:ACNT,SECURITY:ACNT:nasdaqtrader:Q:ACNT,,common_equity,eligible,Q,,,15.13,17.78,,1033229.3729365079,-1.046435578809668,8.84892086330935,-14.904386951631043,20.65390749601277,14.904386951631043,19.898616945139224,276.0,full,usable,2026-08-17,rejected,65.0,100.0,,,75.0,82.0,0.0,100.0,2.2.0,c8f1bf1665a8c5dfb834c0571e7dd5f6b6e5ccd00eab00295338bd42cfde549b
ACOG,Alpha Cognition Inc. - Common Stock,nasdaqtrader:Q:ACOG,SECURITY:ACOG:nasdaqtrader:Q:ACOG,,common_equity,eligible,Q,,,8.84,9.8,,585000.2243650793,4.0000000000000036,46.843853820598014,81.14754098360655,10.499999999999998,9.795918367346946,56.14454553087843,276.0,full,usable,2026-08-17,rejected,59.86,100.0,,,57.0,82.0,0.0,100.0,2.2.0,c8f1bf1665a8c5dfb834c0571e7dd5f6b6e5ccd00eab00295338bd42cfde549b
ACON,"Aclarion, Inc. - Common Stock",nasdaqtrader:Q:ACON,SECURITY:ACON:nasdaqtrader:Q:ACON,,common_equity,eligible,Q,,,2.77,9.69,,201662.05917460317,7.364341085271309,-12.341772151898734,7.364341085271309,-61.32743239281277,71.41382868937049,68.22240649080106,276.0,full,usable,2026-08-17,rejected,44.14,100.0,,,67.0,30.0,0.0,100.0,2.2.0,c8f1bf1665a8c5dfb834c0571e7dd5f6b6e5ccd00eab00295338bd42cfde549b
ACR,ACRES Commercial Realty Corp. Common Stock,nasdaqtrader:N:ACR,SECURITY:ACR:nasdaqtrader:N:ACR,,common_equity,eligible,N,,,14.52,24.04,,596795.4615873016,-18.42696629213484,-25.804803270311705,-21.893491124260358,-26.70368500757193,39.60066555740433,42.68476521154667,276.0,full,usable,2026-08-17,rejected,67.36,100.0,,,67.0,95.0,0.0,100.0,2.2.0,c8f1bf1665a8c5dfb834c0571e7dd5f6b6e5ccd00eab00295338bd42cfde549b
ACRE,Ares Commercial Real Estate Corporation Common Stock,nasdaqtrader:N:ACRE,SECURITY:ACRE:nasdaqtrader:N:ACRE,,common_equity,eligible,N,,,4.62,5.71,,2138760.1812698413,0.0,0.43478260869567187,-10.638297872340418,2.212389380530988,19.0893169877408,42.49839585285713,276.0,full,usable,2026-08-17,conditional,75.79,100.0,,,79.0,82.0,45.0,100.0,2.2.0,c8f1bf1665a8c5dfb834c0571e7dd5f6b6e5ccd00eab00295338bd42cfde549b
ACRS,"Aclaris Therapeutics, Inc. - Common Stock",nasdaqtrader:Q:ACRS,SECURITY:ACRS:nasdaqtrader:Q:ACRS,,common_equity,eligible,Q,,,5.92,6.36,,9176361.866349207,4.225352112676051,30.973451327433633,85.57993730407523,250.2958579881657,6.918238993710702,54.972176862162726,276.0,full,usable,2026-08-17,conditional,58.43,100.0,,,73.0,28.0,62.0,100.0,2.2.0,c8f1bf1665a8c5dfb834c0571e7dd5f6b6e5ccd00eab00295338bd42cfde549b
ACRV,"Acrivon Therapeutics, Inc. - Common Stock",nasdaqtrader:Q:ACRV,SECURITY:ACRV:nasdaqtrader:Q:ACRV,,common_equity,eligible,Q,,,2.05,3.01,,731444.4968253968,17.142857142857125,15.81920903954801,25.76687116564418,47.482014388489205,31.893687707641195,76.08357633219158,276.0,full,usable,2026-08-17,rejected,65.71,100.0,,,65.0,92.0,0.0,100.0,2.2.0,c8f1bf1665a8c5dfb834c0571e7dd5f6b6e5ccd00eab00295338bd42cfde549b
ACT,"Enact Holdings, Inc. - Common Stock",nasdaqtrader:Q:ACT,SECURITY:ACT:nasdaqtrader:Q:ACT,,common_equity,eligible,Q,,,49.78,49.94,,15496716.560793651,7.007738607050729,15.713621571362157,14.991914991914989,30.143790849673202,0.32038446135361776,19.12333604037543,276.0,full,usable,2026-08-17,conditional,52.57,100.0,,,75.0,10.0,62.0,100.0,2.2.0,c8f1bf1665a8c5dfb834c0571e7dd5f6b6e5ccd00eab00295338bd42cfde549b
ACTG,Acacia Research Corporation - Common Stock,nasdaqtrader:Q:ACTG,SECURITY:ACTG:nasdaqtrader:Q:ACTG,,common_equity,eligible,Q,,,4.68,5.16,,1198764.8212698412,3.083700440528636,2.183406113537112,16.708229426433906,38.87240356083084,9.302325581395355,27.298635760115392,276.0,full,usable,2026-08-17,rejected,65.57,100.0,,,77.0,82.0,0.0,100.0,2.2.0,c8f1bf1665a8c5dfb834c0571e7dd5f6b6e5ccd00eab00295338bd42cfde549b
ACU,Acme United Corporation. Common Stock,nasdaqtrader:A:ACU,SECURITY:ACU:nasdaqtrader:A:ACU,,common_equity,eligible,A,,,61.91,61.91,,1235751.5469841268,30.19978969505783,52.03831041257367,39.97286909337554,43.94326900720762,0.0,51.66195911643494,276.0,full,usable,2026-08-17,rejected,36.43,100.0,,,65.0,10.0,0.0,100.0,2.2.0,c8f1bf1665a8c5dfb834c0571e7dd5f6b6e5ccd00eab00295338bd42cfde549b
ACVA,ACV Auctions Inc. Class A Common Stock,nasdaqtrader:N:ACVA,NAMECLASS:ACV AUCTIONS INC,,common_equity,eligible,N,,,7.62,12.15,,25951347.497142855,2.281879194630876,28.716216216216228,15.279878971255666,-32.50664304694419,37.283950617283956,60.221899868979534,276.0,full,usable,2026-08-17,conditional,78.21,100.0,,,45.0,95.0,80.0,100.0,2.2.0,c8f1bf1665a8c5dfb834c0571e7dd5f6b6e5ccd00eab00295338bd42cfde549b
ACXP,"Acurx Pharmaceuticals, Inc. - Common Stock",nasdaqtrader:Q:ACXP,SECURITY:ACXP:nasdaqtrader:Q:ACXP,,common_equity,eligible,Q,,,1.65,8.1,,191087.50119047618,6.451612903225801,-14.0625,-16.24365482233503,-66.0493827160494,79.62962962962963,82.88761912358935,276.0,full,usable,2026-08-17,rejected,44.14,100.0,,,67.0,30.0,0.0,100.0,2.2.0,c8f1bf1665a8c5dfb834c0571e7dd5f6b6e5ccd00eab00295338bd42cfde549b
AD,"Array Digital Infrastructure, Inc. Common Shares",nasdaqtrader:N:AD,SECURITY:AD:nasdaqtrader:N:AD,,common_equity,eligible,N,,,35.36,76.03,,13877299.096349208,1.0285714285714231,-29.308276689324273,-30.503144654088054,-53.52871599421738,53.49204261475733,18.161790829102014,276.0,full,usable,2026-08-17,conditional,71.71,100.0,,,67.0,70.0,62.0,100.0,2.2.0,c8f1bf1665a8c5dfb834c0571e7dd5f6b6e5ccd00eab00295338bd42cfde549b
ADAG,"Adagene Inc. - ADS, each representing 1.25 ordinary shares",nasdaqtrader:Q:ADAG,SECURITY:ADAG:nasdaqtrader:Q:ADAG,,adr,eligible,Q,,,3.83,4.78,,1063088.2828571429,6.6852367688022385,9.42857142857143,17.846153846153847,90.54726368159207,19.874476987447697,69.33057459999873,276.0,full,usable,2026-08-17,rejected,64.43,100.0,,,73.0,82.0,0.0,100.0,2.2.0,c8f1bf1665a8c5dfb834c0571e7dd5f6b6e5ccd00eab00295338bd42cfde549b
ADAM,"Adamas Trust, Inc. - Common Stock",nasdaqtrader:Q:ADAM,SECURITY:ADAM:nasdaqtrader:Q:ADAM,,common_equity,eligible,Q,,,10.12,10.23,,7708439.405396826,12.694877505567925,16.055045871559614,24.019607843137237,48.16983894582722,1.0752688172043112,27.41481815352281,276.0,full,usable,2026-08-17,conditional,49.71,100.0,,,65.0,10.0,62.0,100.0,2.2.0,c8f1bf1665a8c5dfb834c0571e7dd5f6b6e5ccd00eab00295338bd42cfde549b
ADBE,Adobe Inc. - Common Stock,nasdaqtrader:Q:ADBE,SECURITY:ADBE:nasdaqtrader:Q:ADBE,,common_equity,eligible,Q,,,254.04,367.46,,1475014250.4457142,7.0769230769230695,2.60096930533118,-3.7617911126264447,-27.121464226289515,30.86594459260872,52.3490254414221,276.0,full,usable,2026-08-17,conditional,87.71,100.0,,,67.0,92.0,100.0,100.0,2.2.0,c8f1bf1665a8c5dfb834c0571e7dd5f6b6e5ccd00eab00295338bd42cfde549b
ADC,Agree Realty Corporation Common Stock,nasdaqtrader:N:ADC,SECURITY:ADC:nasdaqtrader:N:ADC,,common_equity,eligible,N,,,74.54,81.92,,93883610.28888889,-8.111439842209068,0.10744023636852784,-4.533811475409822,3.2982261640798427,9.00878906249999,18.898886409279996,276.0,full,usable,2026-08-17,conditional,83.29,100.0,,,79.0,82.0,80.0,100.0,2.2.0,c8f1bf1665a8c5dfb834c0571e7dd5f6b6e5ccd00eab00295338bd42cfde549b
ADCT,ADC Therapeutics SA Common Shares,nasdaqtrader:N:ADCT,SECURITY:ADCT:nasdaqtrader:N:ADCT,,common_equity,eligible,N,,,1.1,4.88,,2396366.7963809525,-18.518518518518512,-66.15384615384615,-72.4310776942356,-65.51724137931035,77.45901639344261,78.38621888790856,276.0,full,usable,2026-08-17,conditional,47.5,100.0,,,45.0,30.0,45.0,100.0,2.2.0,c8f1bf1665a8c5dfb834c0571e7dd5f6b6e5ccd00eab00295338bd42cfde549b
ADEA,Adeia Inc.  - Common Stock,nasdaqtrader:Q:ADEA,SECURITY:ADEA:nasdaqtrader:Q:ADEA,,common_equity,eligible,Q,,,29.67,33.63,,50970723.06269841,16.903073286052027,-0.7028112449799062,57.819148936170215,98.59437751004019,11.775200713648527,71.01140435699823,276.0,full,usable,2026-08-17,conditional,85.0,100.0,,,85.0,82.0,80.0,100.0,2.2.0,c8f1bf1665a8c5dfb834c0571e7dd5f6b6e5ccd00eab00295338bd42cfde549b
ADI,"Analog Devices, Inc. - Common Stock",nasdaqtrader:Q:ADI,SECURITY:ADI:nasdaqtrader:Q:ADI,,common_equity,eligible,Q,,,390.28,445.48,,1877353226.8373015,3.974850809889152,-6.5175213777575625,15.775734203500424,65.22585834638667,12.391128670198448,32.8271506707965,276.0,full,usable,2026-08-17,conditional,89.29,100.0,,,85.0,82.0,100.0,100.0,2.2.0,c8f1bf1665a8c5dfb834c0571e7dd5f6b6e5ccd00eab00295338bd42cfde549b
ADIG,ADI Global Distribution Inc. Common Stock,nasdaqtrader:N:ADIG,SECURITY:ADIG:nasdaqtrader:N:ADIG,,common_equity,eligible,N,,,21.43,28.27,,45267845.747,,,,,24.195259992925365,,10.0,insufficient,usable,2026-08-17,recheck,,71.43,,,,92.0,80.0,64.0,2.2.0,c8f1bf1665a8c5dfb834c0571e7dd5f6b6e5ccd00eab00295338bd42cfde549b
ADIL,"Adial Pharmaceuticals, Inc - Common Stock",nasdaqtrader:Q:ADIL,SECURITY:ADIL:nasdaqtrader:Q:ADIL,,common_equity,eligible,Q,,,4.99,10.48,,1313974.641111111,78.21428571428572,261.59420289855075,75.08771929824563,-49.40687417621413,52.385496183206115,114.26841685231241,276.0,full,usable,2026-08-17,rejected,52.14,100.0,,,45.0,70.0,0.0,100.0,2.2.0,c8f1bf1665a8c5dfb834c0571e7dd5f6b6e5ccd00eab00295338bd42cfde549b
ADM,Archer-Daniels-Midland Company Common Stock,nasdaqtrader:N:ADM,SECURITY:ADM:nasdaqtrader:N:ADM,,common_equity,eligible,N,,,81.29,87.32,,293074338.32301587,-5.366705471478461,1.1069651741293596,16.947201841461656,37.03641267700608,6.905634448007314,29.80119421921637,276.0,full,usable,2026-08-17,conditional,66.0,100.0,,,77.0,28.0,92.0,100.0,2.2.0,c8f1bf1665a8c5dfb834c0571e7dd5f6b6e5ccd00eab00295338bd42cfde549b
ADMA,ADMA Biologics Inc - Common Stock,nasdaqtrader:Q:ADMA,SECURITY:ADMA:nasdaqtrader:Q:ADMA,,common_equity,eligible,Q,,,9.34,20.38,,26848072.069444444,7.2330654420206475,12.938331318016939,-41.951522684897455,-44.961697112551555,54.170755642787036,39.39245628600269,276.0,full,usable,2026-08-17,conditional,72.14,100.0,,,55.0,70.0,80.0,100.0,2.2.0,c8f1bf1665a8c5dfb834c0571e7dd5f6b6e5ccd00eab00295338bd42cfde549b
ADNT,Adient plc Ordinary Shares,nasdaqtrader:N:ADNT,SECURITY:ADNT:nasdaqtrader:N:ADNT,,common_equity,eligible,N,,,20.1,27.09,,21330193.328571428,1.5664477008590305,-3.550863723608433,-25.80287929125138,-16.07515657620041,25.80287929125138,54.19414145014054,276.0,full,usable,2026-08-17,conditional,81.29,100.0,,,73.0,92.0,62.0,100.0,2.2.0,c8f1bf1665a8c5dfb834c0571e7dd5f6b6e5ccd00eab00295338bd42cfde549b
ADP,"Automatic Data Processing, Inc. - Common Stock",nasdaqtrader:Q:ADP,SECURITY:ADP:nasdaqtrader:Q:ADP,,common_equity,eligible,Q,,,266.06,309.03,,633384034.8792857,4.228938554051687,24.04886236478927,25.43491584555182,-11.807212940864497,13.904798886839453,32.463269745129885,276.0,full,usable,2026-08-17,conditional,79.57,100.0,,,51.0,82.0,100.0,100.0,2.2.0,c8f1bf1665a8c5dfb834c0571e7dd5f6b6e5ccd00eab00295338bd42cfde549b
ADPT,Adaptive Biotechnologies Corporation - Common Stock,nasdaqtrader:Q:ADPT,SECURITY:ADPT:nasdaqtrader:Q:ADPT,,common_equity,eligible,Q,,,24.77,25.45,,58916504.88698413,8.071553228621276,93.06313328137179,54.42643391521198,91.71826625386996,2.6719056974459754,59.46839827681018,276.0,full,usable,2026-08-17,conditional,55.86,100.0,,,73.0,10.0,80.0,100.0,2.2.0,c8f1bf1665a8c5dfb834c0571e7dd5f6b6e5ccd00eab00295338bd42cfde549b
ADSE,ADS-TEC ENERGY PLC - Ordinary Shares,nasdaqtrader:Q:ADSE,SECURITY:ADSE:nasdaqtrader:Q:ADSE,,adr,eligible,Q,,,12.0,12.98,,161649.58206349207,0.0,4.347826086956519,14.068441064638781,2.651839178785287,7.550077041602465,32.89463544921871,276.0,full,usable,2026-08-17,rejected,46.86,100.0,,,79.0,28.0,0.0,100.0,2.2.0,c8f1bf1665a8c5dfb834c0571e7dd5f6b6e5ccd00eab00295338bd42cfde549b
ADSK,"Autodesk, Inc. - Common Stock",nasdaqtrader:Q:ADSK,SECURITY:ADSK:nasdaqtrader:Q:ADSK,,common_equity,eligible,Q,,,241.64,326.79,,578051034.8022223,10.666361346462105,2.12154509339868,4.506530576939705,-14.840528634361238,26.056488876648622,44.79541100859338,276.0,full,usable,2026-08-17,conditional,89.43,100.0,,,73.0,92.0,100.0,100.0,2.2.0,c8f1bf1665a8c5dfb834c0571e7dd5f6b6e5ccd00eab00295338bd42cfde549b
ADT,ADT Inc. Common Stock,nasdaqtrader:N:ADT,SECURITY:ADT:nasdaqtrader:N:ADT,,common_equity,eligible,N,,,7.18,8.85,,61006920.05285714,2.571428571428558,5.1244509516837455,-7.235142118863058,-17.18569780853518,18.870056497175135,30.34126127721628,276.0,full,usable,2026-08-17,conditional,78.14,100.0,,,61.0,82.0,80.0,100.0,2.2.0,c8f1bf1665a8c5dfb834c0571e7dd5f6b6e5ccd00eab00295338bd42cfde549b
ADTN,"ADTRAN Holdings, Inc. - Common Stock",nasdaqtrader:Q:ADTN,SECURITY:ADTN:nasdaqtrader:Q:ADTN,,common_equity,eligible,Q,,,8.655,19.4,,31259792.330555554,-25.708154506437776,-41.95171026156942,-14.560710760118479,-3.187919463087252,55.386597938144334,75.86679102958333,276.0,full,usable,2026-08-17,conditional,77.29,100.0,,,73.0,70.0,80.0,100.0,2.2.0,c8f1bf1665a8c5dfb834c0571e7dd5f6b6e5ccd00eab00295338bd42cfde549b
ADUR,Aduro Clean Technologies Inc. - Common Stock,nasdaqtrader:Q:ADUR,SECURITY:ADUR:nasdaqtrader:Q:ADUR,,common_equity,eligible,Q,,,15.85,17.39,,8292637.439920635,20.349278663629455,15.188953488372082,45.54637281910008,35.35439795046966,8.855664174813116,83.23840377513886,276.0,full,usable,2026-08-17,conditional,75.43,100.0,,,65.0,82.0,62.0,100.0,2.2.0,c8f1bf1665a8c5dfb834c0571e7dd5f6b6e5ccd00eab00295338bd42cfde549b
ADUS,Addus HomeCare Corporation - Common Stock,nasdaqtrader:Q:ADUS,SECURITY:ADUS:nasdaqtrader:Q:ADUS,,common_equity,eligible,Q,,,114.9,122.75,,24435537.26857143,0.3318197694725855,26.291492635744127,0.9666080843585334,0.913402424029508,6.39511201629327,27.10790164323474,276.0,full,usable,2026-08-17,conditional,56.71,100.0,,,67.0,28.0,62.0,100.0,2.2.0,c8f1bf1665a8c5dfb834c0571e7dd5f6b6e5ccd00eab00295338bd42cfde549b
ADV,Advantage Solutions Inc.  - Class A Common Stock,nasdaqtrader:Q:ADV,NAMECLASS:ADVANTAGE SOLUTIONS INC,,common_equity,eligible,Q,,,31.34,49.0,,5495302.202857142,-18.001046572475143,-8.868857225937777,116.13793103448278,-31.12087912087912,36.04081632653061,127.27318005675691,276.0,full,usable,2026-08-17,conditional,77.79,100.0,,,57.0,95.0,62.0,100.0,2.2.0,c8f1bf1665a8c5dfb834c0571e7dd5f6b6e5ccd00eab00295338bd42cfde549b
ADVB,Advanced Biomed Inc. - Common Stock,nasdaqtrader:Q:ADVB,SECURITY:ADVB:nasdaqtrader:Q:ADVB,,common_equity,eligible,Q,,,8.23,18.98,,18879241.389207937,63.61829025844929,87.04545454545453,71.38692211578513,-6.071673133987677,56.63856691253951,311.9987094636953,276.0,full,usable,2026-08-17,conditional,67.14,100.0,,,51.0,70.0,62.0,100.0,2.2.0,c8f1bf1665a8c5dfb834c0571e7dd5f6b6e5ccd00eab00295338bd42cfde549b
ADXN,Addex Therapeutics Ltd - American Depositary Shares,nasdaqtrader:Q:ADXN,SECURITY:ADXN:nasdaqtrader:Q:ADXN,,adr,eligible,Q,,,5.7,10.95,,15374.187174603176,0.08603887552458556,-16.299559471365633,-24.40418562088036,-24.202127659574458,47.94520547945205,63.39316198207114,276.0,full,usable,2026-08-17,rejected,69.07,100.0,,,73.0,95.0,0.0,100.0,2.2.0,c8f1bf1665a8c5dfb834c0571e7dd5f6b6e5ccd00eab00295338bd42cfde549b
AEBI,Aebi Schmidt Holding AG - Common Stock,nasdaqtrader:Q:AEBI,SECURITY:AEBI:nasdaqtrader:Q:AEBI,,common_equity,eligible,Q,,,12.4,15.61,,3934809.887936508,-2.821316614420055,3.4195162635529686,-20.05157962604771,2.0576131687242816,20.563741191543873,46.92221317963842,276.0,full,usable,2026-08-17,conditional,79.36,100.0,,,79.0,92.0,45.0,100.0,2.2.0,c8f1bf1665a8c5dfb834c0571e7dd5f6b6e5ccd00eab00295338bd42cfde549b
AEC,Anfield Energy Inc. - Common Shares,nasdaqtrader:Q:AEC,SECURITY:AEC:nasdaqtrader:Q:AEC,,common_equity,eligible,Q,,,4.53,10.88,,210847.405,4.739884393063587,0.6666666666666821,-31.25948406676783,,58.36397058823529,70.51151753124817,229.0,limited_but_usable,usable,2026-08-17,rejected,56.14,100.0,,,59.0,70.0,0.0,100.0,2.2.0,c8f1bf1665a8c5dfb834c0571e7dd5f6b6e5ccd00eab00295338bd42cfde549b
AEE,Ameren Corporation Common Stock,nasdaqtrader:N:AEE,SECURITY:AEE:nasdaqtrader:N:AEE,,common_equity,eligible,N,,,109.47,118.32,,191836995.62333333,-1.8646346929627966,2.924031590823617,-1.3517166801838343,7.926648920437729,7.479716024340766,16.920513622228036,276.0,full,usable,2026-08-17,conditional,66.57,100.0,,,79.0,28.0,92.0,100.0,2.2.0,c8f1bf1665a8c5dfb834c0571e7dd5f6b6e5ccd00eab00295338bd42cfde549b
AEG,Aegon Ltd. New York Registry Shares,qrgf-resolution-required:N:AEG,SECURITY:AEG:qrgf-resolution-required:N:AEG,,common_equity,eligible,N,,,9.44,9.53,,42862248.40984127,4.772475027746936,12.514898688915356,24.53825857519789,25.699067909454065,0.9443861490031513,19.096681135048502,276.0,full,usable,2026-08-17,conditional,53.57,100.0,,,65.0,10.0,80.0,100.0,2.2.0,c8f1bf1665a8c5dfb834c0571e7dd5f6b6e5ccd00eab00295338bd42cfde549b
AEHL,Antelope Enterprise Holdings Limited - Class A Ordinary Shares,nasdaqtrader:Q:AEHL,NAMECLASS:ANTELOPE ENTERPRISE HOLDINGS LIMITED,,common_equity,eligible,Q,,,5.11,415.68,,3168662.6261904766,-61.55003762227238,-91.15304709141274,-90.64102564102564,-98.50898692810458,98.77068899153196,194.44072337453747,276.0,full,usable,2026-08-17,conditional,34.64,100.0,,,0.0,30.0,45.0,100.0,2.2.0,c8f1bf1665a8c5dfb834c0571e7dd5f6b6e5ccd00eab00295338bd42cfde549b
AEHR,Aehr Test Systems - Common Stock,nasdaqtrader:Q:AEHR,SECURITY:AEHR:nasdaqtrader:Q:AEHR,,common_equity,eligible,Q,,,145.61,145.61,,235717813.61761904,79.65453423812463,46.341708542713576,404.8890429958392,672.0572640509015,0.0,158.53273654869056,276.0,full,usable,2026-08-17,conditional,58.43,100.0,,,73.0,10.0,92.0,100.0,2.2.0,c8f1bf1665a8c5dfb834c0571e7dd5f6b6e5ccd00eab00295338bd42cfde549b
AEI,Alset Inc. - Common Stock,nasdaqtrader:Q:AEI,SECURITY:AEI:nasdaqtrader:Q:AEI,,common_equity,eligible,Q,,,1.5,4.27,,28115.3332952381,26.050420168067223,-15.254237288135597,-35.3448275862069,27.65957446808509,64.8711943793911,90.65332724800712,276.0,full,usable,2026-08-17,rejected,64.14,100.0,,,87.0,70.0,0.0,100.0,2.2.0,c8f1bf1665a8c5dfb834c0571e7dd5f6b6e5ccd00eab00295338bd42cfde549b
AEIS,"Advanced Energy Industries, Inc. - Common Stock",nasdaqtrader:Q:AEIS,SECURITY:AEIS:nasdaqtrader:Q:AEIS,,common_equity,eligible,Q,,,348.63,389.05,,287573861.67841274,22.73543390248196,7.78148766462623,10.933273936424094,115.34992896411147,10.389410101529373,80.27055713083601,276.0,full,usable,2026-08-17,conditional,87.0,100.0,,,83.0,82.0,92.0,100.0,2.2.0,c8f1bf1665a8c5dfb834c0571e7dd5f6b6e5ccd00eab00295338bd42cfde549b
AEM,Agnico Eagle Mines Limited Common Stock,nasdaqtrader:N:AEM,SECURITY:AEM:nasdaqtrader:N:AEM,,common_equity,eligible,N,,,188.78,252.19,,454211477.52174604,37.82580127035118,4.685853712637944,-12.839927974514065,42.228584344157326,25.143740830326344,48.315686023632,276.0,full,usable,2026-08-17,conditional,91.71,100.0,,,87.0,92.0,92.0,100.0,2.2.0,c8f1bf1665a8c5dfb834c0571e7dd5f6b6e5ccd00eab00295338bd42cfde549b
AEMD,"Aethlon Medical, Inc. - Common Stock",nasdaqtrader:Q:AEMD,SECURITY:AEMD:nasdaqtrader:Q:AEMD,,common_equity,eligible,Q,,,2.935,1095.0,,1603588.9401904761,-9.329626197096076,-72.04761904761905,-70.05102040816327,-99.4982905982906,99.73196347031964,81.81113232957456,276.0,full,usable,2026-08-17,rejected,27.0,100.0,,,7.0,30.0,0.0,100.0,2.2.0,c8f1bf1665a8c5dfb834c0571e7dd5f6b6e5ccd00eab00295338bd42cfde549b
AENT,Alliance Entertainment Holding Corporation - common stock,nasdaqtrader:Q:AENT,SECURITY:AENT:nasdaqtrader:Q:AENT,,common_equity,eligible,Q,,,5.46,8.43,,106760.5973015873,-5.5363321799308025,-18.507462686567166,-0.727272727272732,10.080645161290324,35.231316725978644,34.49776638963279,276.0,full,usable,2026-08-17,rejected,70.79,100.0,,,79.0,95.0,0.0,100.0,2.2.0,c8f1bf1665a8c5dfb834c0571e7dd5f6b6e5ccd00eab00295338bd42cfde549b
AEO,"American Eagle Outfitters, Inc. Common Stock",nasdaqtrader:N:AEO,SECURITY:AEO:nasdaqtrader:N:AEO,,common_equity,eligible,N,,,16.35,28.19,,88347464.68571429,-3.992953611274219,6.932635709614132,-35.8320251177394,29.35126582278482,42.00070947144378,48.11812323391986,276.0,full,usable,2026-08-17,conditional,86.79,100.0,,,75.0,95.0,80.0,100.0,2.2.0,c8f1bf1665a8c5dfb834c0571e7dd5f6b6e5ccd00eab00295338bd42cfde549b
AEON,"AEON Biopharma, Inc. Class A Common Stock",nasdaqtrader:A:AEON,NAMECLASS:AEON BIOPHARMA INC,,common_equity,eligible,A,,,0.2555,1.4,,449748.1270730159,-13.36046117327907,-64.59257206208426,-74.44999999999999,-67.24358974358975,81.75,167.39390399381574,276.0,full,usable,2026-08-17,rejected,37.86,100.0,,,45.0,30.0,0.0,100.0,2.2.0,c8f1bf1665a8c5dfb834c0571e7dd5f6b6e5ccd00eab00295338bd42cfde549b
AEP,"American Electric Power Company, Inc. - Common Stock",nasdaqtrader:Q:AEP,SECURITY:AEP:nasdaqtrader:Q:AEP,,common_equity,eligible,Q,,,126.53,138.69,,627346691.842381,-4.245497199939452,1.1026767878545618,-2.6242881329844536,12.112351586035807,8.767755425769696,18.220304151370996,276.0,full,usable,2026-08-17,conditional,87.57,100.0,,,79.0,82.0,100.0,100.0,2.2.0,c8f1bf1665a8c5dfb834c0571e7dd5f6b6e5ccd00eab00295338bd42cfde549b
AER,AerCap Holdings N.V. Ordinary Shares,nasdaqtrader:N:AER,SECURITY:AER:nasdaqtrader:N:AER,,common_equity,eligible,N,,,150.45,155.24,,169857826.52873015,2.3678301694223247,7.641124704872282,0.01329522036825903,33.448642895156986,3.085544962638509,24.097109394758938,276.0,full,usable,2026-08-17,conditional,59.0,100.0,,,75.0,10.0,92.0,100.0,2.2.0,c8f1bf1665a8c5dfb834c0571e7dd5f6b6e5ccd00eab00295338bd42cfde549b
AERO,"Grupo Aeromexico, S.A.B. de C.V. American Depositary Shares (each representing ten (10) Common Shares)",nasdaqtrader:N:AERO,SECURITY:AERO:nasdaqtrader:N:AERO,,adr,eligible,N,,,15.71,22.91,,3924545.543650794,1.8146467919637255,4.803202134756512,-12.722222222222213,,31.427324312527283,39.10546388838039,194.0,limited_but_usable,usable,2026-08-17,conditional,73.64,100.0,,,59.0,92.0,45.0,100.0,2.2.0,c8f1bf1665a8c5dfb834c0571e7dd5f6b6e5ccd00eab00295338bd42cfde549b
AERT,"Aeries Technology, Inc. - Class A Ordinary Share",nasdaqtrader:Q:AERT,NAMECLASS:AERIES TECHNOLOGY INC,,common_equity,eligible,Q,,,6.85,8.0,,225704.00871428574,5.384615384615388,24.116687805761906,77.27743271221532,-22.159090909090917,14.375000000000004,52.3638352736141,276.0,full,usable,2026-08-17,rejected,58.14,100.0,,,51.0,82.0,0.0,100.0,2.2.0,c8f1bf1665a8c5dfb834c0571e7dd5f6b6e5ccd00eab00295338bd42cfde549b
AES,The AES Corporation Common Stock,nasdaqtrader:N:AES,SECURITY:AES:nasdaqtrader:N:AES,,common_equity,eligible,N,,,14.76,17.28,,118723436.74412699,-0.06770480704130222,2.004146510020721,-9.336609336609348,14.064914992272026,14.583333333333337,4.674913114062871,276.0,full,usable,2026-08-17,conditional,85.86,100.0,,,79.0,82.0,92.0,100.0,2.2.0,c8f1bf1665a8c5dfb834c0571e7dd5f6b6e5ccd00eab00295338bd42cfde549b
AESI,Atlas Energy Solutions Inc. Common Stock,nasdaqtrader:N:AESI,SECURITY:AESI:nasdaqtrader:N:AESI,,common_equity,eligible,N,,,12.82,19.75,,45732673.09809524,-8.884150675195446,-32.06147323794383,8.920985556499584,13.250883392226154,35.088607594936704,63.31978678559669,276.0,full,usable,2026-08-17,conditional,87.93,100.0,,,79.0,95.0,80.0,100.0,2.2.0,c8f1bf1665a8c5dfb834c0571e7dd5f6b6e5ccd00eab00295338bd42cfde549b
AEVA,"Aeva Technologies, Inc. - Common Stock",nasdaqtrader:Q:AEVA,SECURITY:AEVA:nasdaqtrader:Q:AEVA,,common_equity,eligible,Q,,,23.75,29.29,,50434116.67928571,42.13046080191501,15.995115995115983,74.88954344624447,78.84036144578315,18.914305223625803,138.7453404271659,276.0,full,usable,2026-08-17,conditional,81.57,100.0,,,73.0,82.0,80.0,100.0,2.2.0,c8f1bf1665a8c5dfb834c0571e7dd5f6b6e5ccd00eab00295338bd42cfde549b
AEYE,"AudioEye, Inc. - Common Stock",nasdaqtrader:Q:AEYE,SECURITY:AEYE:nasdaqtrader:Q:AEYE,,common_equity,eligible,Q,,,8.26,15.37,,884615.2163492063,24.96217851739788,19.191919191919204,18.678160919540222,-26.118067978533098,46.25894599869876,104.67177853452343,276.0,full,usable,2026-08-17,rejected,61.07,100.0,,,45.0,95.0,0.0,100.0,2.2.0,c8f1bf1665a8c5dfb834c0571e7dd5f6b6e5ccd00eab00295338bd42cfde549b
AFCG,Advanced Flower Capital Inc. - Common Stock,nasdaqtrader:Q:AFCG,SECURITY:AFCG:nasdaqtrader:Q:AFCG,,common_equity,eligible,Q,,,3.47,5.03,,405886.9793650794,23.48754448398578,13.398692810457513,57.0135746606335,-20.956719817767645,31.013916500994032,48.07341002440036,276.0,full,usable,2026-08-17,rejected,61.71,100.0,,,51.0,92.0,0.0,100.0,2.2.0,c8f1bf1665a8c5dfb834c0571e7dd5f6b6e5ccd00eab00295338bd42cfde549b
AFG,"American Financial Group, Inc. Common Stock",nasdaqtrader:N:AFG,SECURITY:AFG:nasdaqtrader:N:AFG,,common_equity,eligible,N,,,146.6,148.71,,64431661.067301586,3.319472831066328,9.158600148920314,13.687475765800695,9.936257967754036,1.4188689395467802,19.907908537836526,276.0,full,usable,2026-08-17,conditional,54.14,100.0,,,67.0,10.0,80.0,100.0,2.2.0,c8f1bf1665a8c5dfb834c0571e7dd5f6b6e5ccd00eab00295338bd42cfde549b
AFJK,"Aimei Health Technology Co., Ltd - Ordinary Share",nasdaqtrader:Q:AFJK,SECURITY:AFJK:nasdaqtrader:Q:AFJK,,common_equity,eligible,Q,,,12.0,88.5,,297381.7402126984,0.0,-70.73170731707317,-75.0,7.0472792149866015,86.4406779661017,211.5016572651647,276.0,full,usable,2026-08-17,rejected,36.14,100.0,,,39.0,30.0,0.0,100.0,2.2.0,c8f1bf1665a8c5dfb834c0571e7dd5f6b6e5ccd00eab00295338bd42cfde549b
AFL,AFLAC Incorporated Common Stock,nasdaqtrader:N:AFL,SECURITY:AFL:nasdaqtrader:N:AFL,,common_equity,eligible,N,,,120.98,129.55,,285946769.90238094,-2.9987171263630485,3.569899837342705,5.2823949177617235,14.890788224121554,6.615206483983027,15.868384047520253,276.0,full,usable,2026-08-17,conditional,66.57,100.0,,,79.0,28.0,92.0,100.0,2.2.0,c8f1bf1665a8c5dfb834c0571e7dd5f6b6e5ccd00eab00295338bd42cfde549b
AFRI,Forafric Global PLC - Ordinary Shares,nasdaqtrader:Q:AFRI,SECURITY:AFRI:nasdaqtrader:Q:AFRI,,common_equity,eligible,Q,,,10.58,11.28,,200831.55904761906,-2.4884792626728047,5.800000000000005,7.520325203252032,33.924050632911396,6.205673758865238,29.96201648049005,276.0,full,usable,2026-08-17,rejected,45.71,100.0,,,75.0,28.0,0.0,100.0,2.2.0,c8f1bf1665a8c5dfb834c0571e7dd5f6b6e5ccd00eab00295338bd42cfde549b
AFRM,"Affirm Holdings, Inc. - Class A Common Stock",nasdaqtrader:Q:AFRM,NAMECLASS:AFFIRM HOLDINGS INC,,common_equity,eligible,Q,,,74.52,92.18,,299494401.4171428,-2.037596950177467,13.217866909753884,49.608512346918275,-3.2459101532069545,19.15816880017358,49.30779276782009,276.0,full,usable,2026-08-17,conditional,77.86,100.0,,,51.0,82.0,92.0,100.0,2.2.0,c8f1bf1665a8c5dfb834c0571e7dd5f6b6e5ccd00eab00295338bd42cfde549b
AFYA,Afya Limited - Class A Common Shares,nasdaqtrader:Q:AFYA,NAMECLASS:AFYA LIMITED,,common_equity,eligible,Q,,,13.79,16.32,,1498434.3547619046,-0.791366906474833,-1.2884753042233466,-1.9900497512437942,-10.570687418936453,15.502450980392169,26.39078278469685,276.0,full,usable,2026-08-17,rejected,64.43,100.0,,,73.0,82.0,0.0,100.0,2.2.0,c8f1bf1665a8c5dfb834c0571e7dd5f6b6e5ccd00eab00295338bd42cfde549b
AG,First Majestic Silver Corp. Ordinary Shares (Canada),nasdaqtrader:N:AG,SECURITY:AG:nasdaqtrader:N:AG,,common_equity,eligible,N,,,19.57,32.01,,196271912.1580952,23.782416192283364,-4.162585700293842,-14.764808362369342,120.8803611738149,38.86285535770071,61.337293110526005,276.0,full,usable,2026-08-17,conditional,95.07,100.0,,,95.0,95.0,92.0,100.0,2.2.0,c8f1bf1665a8c5dfb834c0571e7dd5f6b6e5ccd00eab00295338bd42cfde549b
AGBK,AGI Inc Class A Common Shares,nasdaqtrader:N:AGBK,NAMECLASS:AGI INC,,common_equity,eligible,N,,,6.08,12.0,,2300453.9376190477,-12.138728323699421,-16.137931034482754,-44.72727272727273,,49.33333333333333,42.215118758140676,129.0,limited_but_usable,usable,2026-08-17,conditional,74.71,100.0,,,59.0,95.0,45.0,100.0,2.2.0,c8f1bf1665a8c5dfb834c0571e7dd5f6b6e5ccd00eab00295338bd42cfde549b
AGCC,Agencia Comercial Spirits Ltd - Class A Ordinary Share,nasdaqtrader:Q:AGCC,NAMECLASS:AGENCIA COMERCIAL SPIRITS LTD,,common_equity,eligible,Q,,,14.33,23.96,,743860.8726984126,-7.5483870967741895,-18.114285714285717,24.825783972125425,,40.19198664440735,52.79615086327194,205.0,limited_but_usable,usable,2026-08-17,rejected,62.21,100.0,,,49.0,95.0,0.0,100.0,2.2.0,c8f1bf1665a8c5dfb834c0571e7dd5f6b6e5ccd00eab00295338bd42cfde549b
AGCO,AGCO Corporation Common Stock,nasdaqtrader:N:AGCO,SECURITY:AGCO:nasdaqtrader:N:AGCO,,common_equity,eligible,N,,,99.75,140.49,,85470073.43142858,-13.509060955518947,-11.943855932203395,-28.998505231689098,-10.441731010953493,28.998505231689098,44.52548220598963,276.0,full,usable,2026-08-17,conditional,85.14,100.0,,,73.0,92.0,80.0,100.0,2.2.0,c8f1bf1665a8c5dfb834c0571e7dd5f6b6e5ccd00eab00295338bd42cfde549b
AGEN,Agenus Inc. - Common Stock,nasdaqtrader:Q:AGEN,SECURITY:AGEN:nasdaqtrader:Q:AGEN,,common_equity,eligible,Q,,,7.15,8.3,,23932561.741428573,42.71457085828345,99.72067039106145,144.86301369863014,57.14285714285716,13.855421686746993,203.03293839914883,276.0,full,usable,2026-08-17,conditional,77.71,100.0,,,73.0,82.0,62.0,100.0,2.2.0,c8f1bf1665a8c5dfb834c0571e7dd5f6b6e5ccd00eab00295338bd42cfde549b
AGI,Alamos Gold Inc. Class A Common Shares,nasdaqtrader:N:AGI,NAMECLASS:ALAMOS GOLD INC,,common_equity,eligible,N,,,33.99,55.33,,148707821.2793651,20.27600849256901,-15.510812826249055,-24.88397790055248,33.81889763779529,38.56858846918488,46.31009652024907,276.0,full,usable,2026-08-17,conditional,92.79,100.0,,,87.0,95.0,92.0,100.0,2.2.0,c8f1bf1665a8c5dfb834c0571e7dd5f6b6e5ccd00eab00295338bd42cfde549b
AGIG,Abundia Global Impact Group Inc. Common stock,nasdaqtrader:A:AGIG,SECURITY:AGIG:nasdaqtrader:A:AGIG,,common_equity,eligible,A,,,0.927,9.82,,137684.99590317463,-8.217821782178214,-15.727272727272734,-69.20265780730897,-90.70210631895688,90.56008146639512,51.11858248765411,276.0,full,usable,2026-08-17,rejected,35.57,100.0,,,37.0,30.0,0.0,100.0,2.2.0,c8f1bf1665a8c5dfb834c0571e7dd5f6b6e5ccd00eab00295338bd42cfde549b
AGIO,"Agios Pharmaceuticals, Inc. - Common Stock",nasdaqtrader:Q:AGIO,SECURITY:AGIO:nasdaqtrader:Q:AGIO,,common_equity,eligible,Q,,,33.63,45.49,,38762358.81412698,-15.09719767735419,19.382321618743337,20.27896995708156,-8.315158124318422,26.071664102000437,68.94242629354693,276.0,full,usable,2026-08-17,conditional,78.86,100.0,,,51.0,92.0,80.0,100.0,2.2.0,c8f1bf1665a8c5dfb834c0571e7dd5f6b6e5ccd00eab00295338bd42cfde549b
AGL,"agilon health, inc. Common Stock",nasdaqtrader:N:AGL,SECURITY:AGL:nasdaqtrader:N:AGL,,common_equity,eligible,N,,,96.86,129.84,,34817068.54333334,-25.400492914356132,18.512174232228062,973.2409972299168,265.50943396226415,25.400492914356132,116.07605704564827,276.0,full,usable,2026-08-17,conditional,85.14,100.0,,,73.0,92.0,80.0,100.0,2.2.0,c8f1bf1665a8c5dfb834c0571e7dd5f6b6e5ccd00eab00295338bd42cfde549b
AGM,Federal Agricultural Mortgage Corporation Common Stock,nasdaqtrader:N:AGM,SECURITY:AGM:nasdaqtrader:N:AGM,,common_equity,eligible,N,,,231.72,241.74,,25895454.68857143,12.759124087591234,33.70261381339796,33.17241379310345,23.104712320034015,4.144949118888064,28.678306815009503,276.0,full,usable,2026-08-17,conditional,53.57,100.0,,,65.0,10.0,80.0,100.0,2.2.0,c8f1bf1665a8c5dfb834c0571e7dd5f6b6e5ccd00eab00295338bd42cfde549b
AGM.A,Federal Agricultural Mortgage Corporation Common Stock,nasdaqtrader:N:AGM.A,SECURITY:AGM.A:nasdaqtrader:N:AGM.A,,common_equity,eligible,N,,,165.0,170.99,,115694.73673015872,17.85714285714286,20.328167730173206,23.429084380610398,22.959982114911703,3.5031288379437475,37.4277222689343,275.0,full,usable,2026-08-14,rejected,36.43,100.0,,,65.0,10.0,0.0,100.0,2.2.0,c8f1bf1665a8c5dfb834c0571e7dd5f6b6e5ccd00eab00295338bd42cfde549b
AGMB,AgomAb Therapeutics NV - ADRs representing one common share.,nasdaqtrader:Q:AGMB,SECURITY:AGMB:nasdaqtrader:Q:AGMB,,common_equity,eligible,Q,,,13.68,17.82,,1211538.490952381,13.621262458471772,29.668246445497616,-10.821382007822688,,23.23232323232324,67.85549259560759,132.0,limited_but_usable,usable,2026-08-17,rejected,60.57,100.0,,,47.0,92.0,0.0,100.0,2.2.0,c8f1bf1665a8c5dfb834c0571e7dd5f6b6e5ccd00eab00295338bd42cfde549b
AGMH,AGM Group Holdings Inc. - Class A Ordinary Shares,nasdaqtrader:Q:AGMH,NAMECLASS:AGM GROUP HOLDINGS INC,,common_equity,eligible,Q,,,0.97,10.34,,184733.7937079365,-5.82524271844661,-17.09401709401709,-29.71014492753623,-57.826086956521735,90.61895551257253,110.40874212381244,276.0,full,usable,2026-08-17,rejected,44.14,100.0,,,67.0,30.0,0.0,100.0,2.2.0,c8f1bf1665a8c5dfb834c0571e7dd5f6b6e5ccd00eab00295338bd42cfde549b
AGNC,AGNC Investment Corp. - Common Stock,nasdaqtrader:Q:AGNC,SECURITY:AGNC:nasdaqtrader:Q:AGNC,,common_equity,eligible,Q,,,10.95,12.17,,182461002.78380954,-2.406417112299475,5.899419729206956,-3.6091549295774628,13.943808532778345,10.024650780608058,22.50338729630725,276.0,full,usable,2026-08-17,conditional,82.43,100.0,,,67.0,82.0,92.0,100.0,2.2.0,c8f1bf1665a8c5dfb834c0571e7dd5f6b6e5ccd00eab00295338bd42cfde549b
AGNT,"AGNT, Inc. - Common Stock",nasdaqtrader:Q:AGNT,SECURITY:AGNT:nasdaqtrader:Q:AGNT,,common_equity,eligible,Q,,,4.25,11.8,,6614934.8409523815,-7.20524017467249,-10.526315789473683,-43.70860927152318,-59.21305182341651,63.98305084745763,63.691930796713926,276.0,full,usable,2026-08-17,conditional,71.71,100.0,,,67.0,70.0,62.0,100.0,2.2.0,c8f1bf1665a8c5dfb834c0571e7dd5f6b6e5ccd00eab00295338bd42cfde549b
AGO,Assured Guaranty Ltd. Common Stock,nasdaqtrader:N:AGO,SECURITY:AGO:nasdaqtrader:N:AGO,,common_equity,eligible,N,,,76.22,92.18,,29087942.895079363,-10.287193973634645,1.7895299145299193,-11.721102617558499,-7.656893627332206,17.31395096550229,30.96745913005124,276.0,full,usable,2026-08-17,conditional,81.57,100.0,,,73.0,82.0,80.0,100.0,2.2.0,c8f1bf1665a8c5dfb834c0571e7dd5f6b6e5ccd00eab00295338bd42cfde549b
AGPU,Axe Compute Inc. - Common Stock,nasdaqtrader:Q:AGPU,SECURITY:AGPU:nasdaqtrader:Q:AGPU,,common_equity,eligible,Q,,,10.62,18.0,,3385652.8157142857,54.58515283842793,81.53846153846153,335.24590163934425,-18.620689655172427,41.0,163.62952975366989,276.0,full,usable,2026-08-17,conditional,72.43,100.0,,,51.0,95.0,45.0,100.0,2.2.0,c8f1bf1665a8c5dfb834c0571e7dd5f6b6e5ccd00eab00295338bd42cfde549b
AGRO,Adecoagro S.A. Common Shares,nasdaqtrader:N:AGRO,SECURITY:AGRO:nasdaqtrader:N:AGRO,,common_equity,eligible,N,,,9.26,15.25,,8445783.673968254,-8.043694141012914,-29.366895499618607,7.052023121387285,0.9814612868047856,39.278688524590166,48.49243046082683,276.0,full,usable,2026-08-17,conditional,84.07,100.0,,,79.0,95.0,62.0,100.0,2.2.0,c8f1bf1665a8c5dfb834c0571e7dd5f6b6e5ccd00eab00295338bd42cfde549b
AGX,"Argan, Inc. Common Stock",nasdaqtrader:N:AGX,SECURITY:AGX:nasdaqtrader:N:AGX,,common_equity,eligible,N,,,589.27,798.55,,217638602.52539682,6.895113013822884,-18.418684498345584,43.74191974631052,162.43431014518572,26.20750109573602,85.17155475831328,276.0,full,usable,2026-08-17,conditional,91.14,100.0,,,85.0,92.0,92.0,100.0,2.2.0,c8f1bf1665a8c5dfb834c0571e7dd5f6b6e5ccd00eab00295338bd42cfde549b
AGYS,"Agilysys, Inc. - Common Stock",nasdaqtrader:Q:AGYS,SECURITY:AGYS:nasdaqtrader:Q:AGYS,,common_equity,eligible,Q,,,111.33,141.12,,37996355.0281746,4.358830146231707,65.32521532521531,36.60122699386503,4.870007535795029,21.109693877551027,55.86654976117396,276.0,full,usable,2026-08-17,conditional,80.57,100.0,,,57.0,92.0,80.0,100.0,2.2.0,c8f1bf1665a8c5dfb834c0571e7dd5f6b6e5ccd00eab00295338bd42cfde549b
AHCO,AdaptHealth Corp.  - Common Stock,nasdaqtrader:Q:AHCO,SECURITY:AHCO:nasdaqtrader:Q:AHCO,,common_equity,eligible,Q,,,5.81,13.38,,18059549.67071429,-46.98905109489052,-45.49718574108819,-43.03921568627451,-38.77766069546892,56.57698056801197,148.06440790874098,276.0,full,usable,2026-08-17,conditional,68.29,100.0,,,55.0,70.0,62.0,100.0,2.2.0,c8f1bf1665a8c5dfb834c0571e7dd5f6b6e5ccd00eab00295338bd42cfde549b
AHG,Akso Health Group - American Depositary Shares,nasdaqtrader:Q:AHG,SECURITY:AHG:nasdaqtrader:Q:AHG,,adr,eligible,Q,,,1.21,2.5,,15388.319226984127,-19.867549668874172,-30.05780346820809,-12.32519382653432,-30.45977011494253,51.6,91.4452447413084,276.0,full,usable,2026-08-17,rejected,58.43,100.0,,,67.0,70.0,0.0,100.0,2.2.0,c8f1bf1665a8c5dfb834c0571e7dd5f6b6e5ccd00eab00295338bd42cfde549b
AHMA,Ambitions Enterprise Management Co. L.L.C - Class A Ordinary Shares,nasdaqtrader:Q:AHMA,NAMECLASS:AMBITIONS ENTERPRISE MANAGEMENT CO L L C,,common_equity,eligible,Q,,,1.57,37.11,,5785376.254444444,-8.720930232558132,31.93277310924372,-77.57142857142857,,95.76933441120991,86.99314374903405,206.0,limited_but_usable,usable,2026-08-17,conditional,44.57,100.0,,,22.0,30.0,62.0,100.0,2.2.0,c8f1bf1665a8c5dfb834c0571e7dd5f6b6e5ccd00eab00295338bd42cfde549b
AHR,"American Healthcare REIT, Inc. Common Stock",nasdaqtrader:N:AHR,SECURITY:AHR:nasdaqtrader:N:AHR,,common_equity,eligible,N,,,54.68,57.72,,176951014.4390476,-4.338698390482854,10.800405268490376,5.5598455598455665,35.380044565486514,5.266805266805264,30.646565803434157,276.0,full,usable,2026-08-17,conditional,65.43,100.0,,,75.0,28.0,92.0,100.0,2.2.0,c8f1bf1665a8c5dfb834c0571e7dd5f6b6e5ccd00eab00295338bd42cfde549b
AHRT,"AH Realty Trust, Inc. Common Stock",nasdaqtrader:N:AHRT,SECURITY:AHRT:nasdaqtrader:N:AHRT,,common_equity,eligible,N,,,6.66,7.56,,5851494.844920635,-5.531914893617018,2.6194144838212585,-3.338171262699563,-7.1129707112970735,11.904761904761896,17.95047449891347,276.0,full,usable,2026-08-17,conditional,77.71,100.0,,,73.0,82.0,62.0,100.0,2.2.0,c8f1bf1665a8c5dfb834c0571e7dd5f6b6e5ccd00eab00295338bd42cfde549b
AHT,Ashford Hospitality Trust Inc Common Stock,nasdaqtrader:N:AHT,SECURITY:AHT:nasdaqtrader:N:AHT,,common_equity,eligible,N,,,3.21,6.25,,115557.27698412699,-1.2307692307692353,11.072664359861584,-5.3097345132743445,-48.05825242718447,48.64000000000001,17.97186304855362,276.0,full,usable,2026-08-17,rejected,63.93,100.0,,,55.0,95.0,0.0,100.0,2.2.0,c8f1bf1665a8c5dfb834c0571e7dd5f6b6e5ccd00eab00295338bd42cfde549b
AI,"C3.ai, Inc. Class A Common Stock",nasdaqtrader:N:AI,NAMECLASS:C3 AI INC,,common_equity,eligible,N,,,9.7,19.66,,61010857.71301588,9.977324263038545,12.1387283236994,-10.018552875695729,-45.99109131403119,50.66124109867752,45.56545083995258,276.0,full,usable,2026-08-17,conditional,72.14,100.0,,,55.0,70.0,80.0,100.0,2.2.0,c8f1bf1665a8c5dfb834c0571e7dd5f6b6e5ccd00eab00295338bd42cfde549b
AIAI,AIAI Holdings Corporation - Class A common stock,nasdaqtrader:Q:AIAI,NAMECLASS:AIAI HOLDINGS CORPORATION,,common_equity,eligible,Q,,,5.01,18.21,,3740068.3219841267,-28.326180257510735,-66.51069518716578,,,72.48764415156508,150.29992181100437,65.0,insufficient,usable,2026-08-17,recheck,,71.43,,,,30.0,45.0,88.0,2.2.0,c8f1bf1665a8c5dfb834c0571e7dd5f6b6e5ccd00eab00295338bd42cfde549b
AIB,AIB Data Centers Inc. Common Stock,nasdaqtrader:A:AIB,SECURITY:AIB:nasdaqtrader:A:AIB,,common_equity,eligible,A,,,1.64,12.02,,2647380.4295238093,-7.344632768361592,13.888888888888884,-85.82541054451167,-85.46073511941701,86.35607321131448,109.8581783426438,794.0,full,usable,2026-08-17,conditional,37.5,100.0,,,10.0,30.0,45.0,100.0,2.2.0,c8f1bf1665a8c5dfb834c0571e7dd5f6b6e5ccd00eab00295338bd42cfde549b
AIBZ,Bitzero Holdings Inc. - Common Shares,nasdaqtrader:Q:AIBZ,SECURITY:AIBZ:nasdaqtrader:Q:AIBZ,,common_equity,eligible,Q,,,6.55,9.45,,4212710.963958333,-6.025824964131998,,,,30.687830687830687,123.73173530225954,48.0,insufficient,usable,2026-08-17,recheck,,71.43,,,,92.0,45.0,76.0,2.2.0,c8f1bf1665a8c5dfb834c0571e7dd5f6b6e5ccd00eab00295338bd42cfde549b
AIFA,"All In FutureTech Alliance, Inc. - Common Stock",nasdaqtrader:Q:AIFA,SECURITY:AIFA:nasdaqtrader:Q:AIFA,,common_equity,eligible,Q,,,3.025,8.88,,777338.781031746,47.5609756097561,25.2069536423841,90.37130270610447,-66.16331096196868,65.93468468468468,158.13889784995126,276.0,full,usable,2026-08-17,rejected,37.86,100.0,,,45.0,30.0,0.0,100.0,2.2.0,c8f1bf1665a8c5dfb834c0571e7dd5f6b6e5ccd00eab00295338bd42cfde549b
AIFF,"Firefly Neuroscience, Inc.  - Common Stock",nasdaqtrader:Q:AIFF,SECURITY:AIFF:nasdaqtrader:Q:AIFF,,common_equity,eligible,Q,,,1.13,3.05,,308583.17825396825,-1.7391304347826098,-33.529411764705884,44.87179487179485,-59.205776173285194,62.95081967213114,66.97042295122955,276.0,full,usable,2026-08-17,rejected,55.57,100.0,,,57.0,70.0,0.0,100.0,2.2.0,c8f1bf1665a8c5dfb834c0571e7dd5f6b6e5ccd00eab00295338bd42cfde549b
AIFU,AIFU Inc. - Class A Ordinary Share,nasdaqtrader:Q:AIFU,NAMECLASS:AIFU INC,,common_equity,eligible,Q,,,17.25,132.0,,461856.18355555553,-50.02896871378911,-62.66233766233766,-50.144508670520224,-84.23217550274224,86.93181818181819,223.30611374606457,276.0,full,usable,2026-08-17,rejected,32.14,100.0,,,25.0,30.0,0.0,100.0,2.2.0,c8f1bf1665a8c5dfb834c0571e7dd5f6b6e5ccd00eab00295338bd42cfde549b
AIG,"American International Group, Inc. New Common Stock",nasdaqtrader:N:AIG,SECURITY:AIG:nasdaqtrader:N:AIG,,common_equity,eligible,N,,,75.81,86.59,,292104125.4830159,-5.826086956521737,-0.3941663381947125,-3.1429666538903667,-5.60328726186029,12.449474535165727,21.24480793643281,276.0,full,usable,2026-08-17,conditional,84.14,100.0,,,73.0,82.0,92.0,100.0,2.2.0,c8f1bf1665a8c5dfb834c0571e7dd5f6b6e5ccd00eab00295338bd42cfde549b
AIHS,Senmiao Technology Limited - Common Stock,nasdaqtrader:Q:AIHS,SECURITY:AIHS:nasdaqtrader:Q:AIHS,,common_equity,eligible,Q,,,1.5,3.87,,1303788.010109524,14.50381679389312,26.050420168067223,20.967741935483875,-33.03571428571429,61.240310077519375,106.3653513590934,276.0,full,usable,2026-08-17,rejected,52.14,100.0,,,45.0,70.0,0.0,100.0,2.2.0,c8f1bf1665a8c5dfb834c0571e7dd5f6b6e5ccd00eab00295338bd42cfde549b
AII,"American Integrity Insurance Group, Inc. Common Stock",nasdaqtrader:N:AII,SECURITY:AII:nasdaqtrader:N:AII,,common_equity,eligible,N,,,25.01,26.19,,2617370.344603175,34.03001071811362,46.51435266549502,40.269209197980956,34.03001071811362,4.505536464299354,48.6472368837118,276.0,full,usable,2026-08-17,conditional,46.07,100.0,,,65.0,10.0,45.0,100.0,2.2.0,c8f1bf1665a8c5dfb834c0571e7dd5f6b6e5ccd00eab00295338bd42cfde549b
AIIO,Robo.ai Inc. - Class B Ordinary Shares,nasdaqtrader:Q:AIIO,NAMECLASS:ROBO AI INC,,common_equity,eligible,Q,,,2.88,524.0,,14939815.32611111,-27.088607594936718,-92.83582089552239,-88.94858019953953,-98.76923076923076,99.45038167938931,118.18532525025506,276.0,full,usable,2026-08-17,conditional,38.29,100.0,,,0.0,30.0,62.0,100.0,2.2.0,c8f1bf1665a8c5dfb834c0571e7dd5f6b6e5ccd00eab00295338bd42cfde549b
AIIR,Air Global PLC - Ordinary shares,nasdaqtrader:Q:AIIR,SECURITY:AIIR:nasdaqtrader:Q:AIIR,,common_equity,eligible,Q,,,7.7,10.44,,85789.1930952381,27.27272727272727,,,,26.245210727969347,75.92629936782808,63.0,insufficient,usable,2026-08-17,rejected,,71.43,,,,92.0,0.0,76.0,2.2.0,c8f1bf1665a8c5dfb834c0571e7dd5f6b6e5ccd00eab00295338bd42cfde549b
AIM,AIM ImmunoTech Inc. Common Stock,nasdaqtrader:A:AIM,SECURITY:AIM:nasdaqtrader:A:AIM,,common_equity,eligible,A,,,0.243,2.88,,14332532.134093652,-5.447470817120625,-3.9525691699604737,-80.56,-90.54474708171206,91.5625,84.30936852831442,276.0,full,usable,2026-08-17,conditional,44.57,100.0,,,22.0,30.0,62.0,100.0,2.2.0,c8f1bf1665a8c5dfb834c0571e7dd5f6b6e5ccd00eab00295338bd42cfde549b
AIMD,"Ainos, Inc. - Common Stock",nasdaqtrader:Q:AIMD,SECURITY:AIMD:nasdaqtrader:Q:AIMD,,common_equity,eligible,Q,,,1.42,4.25,,1142620.1012666668,-13.939393939393941,-16.470588235294116,-6.578947368421062,-62.82722513089005,66.58823529411765,66.331727977922,276.0,full,usable,2026-08-17,rejected,44.14,100.0,,,67.0,30.0,0.0,100.0,2.2.0,c8f1bf1665a8c5dfb834c0571e7dd5f6b6e5ccd00eab00295338bd42cfde549b
AIN,Albany International Corporation Common Stock,nasdaqtrader:N:AIN,SECURITY:AIN:nasdaqtrader:N:AIN,,common_equity,eligible,N,,,63.88,76.29,,18636873.567619048,-14.301046418030595,5.325638911788966,10.366275051831364,0.2668340919792733,16.266876392712028,57.48875237608574,276.0,full,usable,2026-08-17,conditional,76.0,100.0,,,67.0,82.0,62.0,100.0,2.2.0,c8f1bf1665a8c5dfb834c0571e7dd5f6b6e5ccd00eab00295338bd42cfde549b
AIOS,AIOS Tech Inc. - Class A Common Shares,nasdaqtrader:Q:AIOS,NAMECLASS:AIOS TECH INC,,common_equity,eligible,Q,,,14.26,85.8,,734582.1994444444,9.523809523809534,-1.8582243633860962,-30.098039215686267,-81.43229166666667,83.37995337995339,95.46318447523893,276.0,full,usable,2026-08-17,rejected,38.43,100.0,,,47.0,30.0,0.0,100.0,2.2.0,c8f1bf1665a8c5dfb834c0571e7dd5f6b6e5ccd00eab00295338bd42cfde549b
AIOT,"PowerFleet, Inc. - Common Stock",nasdaqtrader:Q:AIOT,SECURITY:AIOT:nasdaqtrader:Q:AIOT,,common_equity,eligible,Q,,,2.88,5.65,,7088473.216031746,-31.91489361702129,-10.835913312693501,-25.96401028277635,-35.135135135135144,49.02654867256637,121.75708312090802,276.0,full,usable,2026-08-17,conditional,80.64,100.0,,,67.0,95.0,62.0,100.0,2.2.0,c8f1bf1665a8c5dfb834c0571e7dd5f6b6e5ccd00eab00295338bd42cfde549b
AIP,"Arteris, Inc.  - Common Stock",nasdaqtrader:Q:AIP,SECURITY:AIP:nasdaqtrader:Q:AIP,,common_equity,eligible,Q,,,27.83,48.59,,33633358.734126985,-10.341494845360833,-17.442895283298732,90.35567715458276,193.5654008438818,42.724840502160944,86.44328197578714,276.0,full,usable,2026-08-17,conditional,89.64,100.0,,,85.0,95.0,80.0,100.0,2.2.0,c8f1bf1665a8c5dfb834c0571e7dd5f6b6e5ccd00eab00295338bd42cfde549b
AIR,AAR Corp. Common Stock,nasdaqtrader:N:AIR,SECURITY:AIR:nasdaqtrader:N:AIR,,common_equity,eligible,N,,,153.71,153.71,,60205668.61412699,13.573222993941192,47.020564323290294,36.050628429810594,99.23525599481529,0.0,54.09321527124179,276.0,full,usable,2026-08-17,conditional,55.86,100.0,,,73.0,10.0,80.0,100.0,2.2.0,c8f1bf1665a8c5dfb834c0571e7dd5f6b6e5ccd00eab00295338bd42cfde549b
AIRE,reAlpha Tech Corp. - Common Stock,nasdaqtrader:Q:AIRE,SECURITY:AIRE:nasdaqtrader:Q:AIRE,,common_equity,eligible,Q,,,1.47,36.25,,148410.72539682538,5.755395683453246,-31.944444444444454,-81.1175337186898,-83.86742756804215,95.9448275862069,108.64151387176872,276.0,full,usable,2026-08-17,rejected,31.29,100.0,,,22.0,30.0,0.0,100.0,2.2.0,c8f1bf1665a8c5dfb834c0571e7dd5f6b6e5ccd00eab00295338bd42cfde549b
AIRG,"Airgain, Inc. - Common Stock",nasdaqtrader:Q:AIRG,SECURITY:AIRG:nasdaqtrader:Q:AIRG,,common_equity,eligible,Q,,,5.41,7.39,,550640.6422222223,-9.682804674457435,-20.906432748538005,-3.046594982078854,16.09442060085837,26.79296346414073,36.47312134098823,276.0,full,usable,2026-08-17,rejected,72.0,100.0,,,87.0,92.0,0.0,100.0,2.2.0,c8f1bf1665a8c5dfb834c0571e7dd5f6b6e5ccd00eab00295338bd42cfde549b
AIRI,Air Industries Group Common Stock,nasdaqtrader:A:AIRI,SECURITY:AIRI:nasdaqtrader:A:AIRI,,common_equity,eligible,A,,,2.5,3.54,,116324.96471428571,-5.482041587901698,-7.749077490774903,-21.630094043887148,-13.793103448275856,29.378531073446325,30.16777641809419,276.0,full,usable,2026-08-17,rejected,68.0,100.0,,,73.0,92.0,0.0,100.0,2.2.0,c8f1bf1665a8c5dfb834c0571e7dd5f6b6e5ccd00eab00295338bd42cfde549b
AIRJ,AirJoule Technologies Corporation - Class A Common Stock,nasdaqtrader:Q:AIRJ,NAMECLASS:AIRJOULE TECHNOLOGIES CORPORATION,,common_equity,eligible,Q,,,5.81,6.59,,8909537.793412698,55.347593582887676,55.76407506702412,80.43478260869563,15.737051792828694,11.836115326251907,116.73814676154473,276.0,full,usable,2026-08-17,conditional,75.43,100.0,,,65.0,82.0,62.0,100.0,2.2.0,c8f1bf1665a8c5dfb834c0571e7dd5f6b6e5ccd00eab00295338bd42cfde549b
AIRO,"AIRO Group Holdings, Inc. - Common Stock",nasdaqtrader:Q:AIRO,SECURITY:AIRO:nasdaqtrader:Q:AIRO,,common_equity,eligible,Q,,,9.41,25.79,,4596181.127063492,44.104134762634,47.72370486656201,2.2826086956521774,-58.979947689625114,63.51298953082589,107.38302441549656,276.0,full,usable,2026-08-17,conditional,64.64,100.0,,,55.0,70.0,45.0,100.0,2.2.0,c8f1bf1665a8c5dfb834c0571e7dd5f6b6e5ccd00eab00295338bd42cfde549b
AIRS,"AirSculpt Technologies, Inc. - Common Stock",nasdaqtrader:Q:AIRS,SECURITY:AIRS:nasdaqtrader:Q:AIRS,,common_equity,eligible,Q,,,3.085,11.65,,3110898.488888889,-30.674157303370787,-35.729166666666664,63.227513227513235,-50.560897435897445,73.51931330472104,193.45228807434842,276.0,full,usable,2026-08-17,conditional,50.93,100.0,,,57.0,30.0,45.0,100.0,2.2.0,c8f1bf1665a8c5dfb834c0571e7dd5f6b6e5ccd00eab00295338bd42cfde549b
AIRT,"Air T, Inc. - Common Stock",nasdaqtrader:Q:AIRT,SECURITY:AIRT:nasdaqtrader:Q:AIRT,,common_equity,eligible,Q,,,27.81,34.26,,205887.65825238096,2.914238134887581,30.809031044214464,17.44087837837838,27.13142857142856,18.826619964973734,85.87363289465328,276.0,full,usable,2026-08-17,rejected,62.14,100.0,,,65.0,82.0,0.0,100.0,2.2.0,c8f1bf1665a8c5dfb834c0571e7dd5f6b6e5ccd00eab00295338bd42cfde549b
AISP,"Airship AI Holdings, Inc - Class A Common Stock",nasdaqtrader:Q:AISP,NAMECLASS:AIRSHIP AI HOLDINGS INC,,common_equity,eligible,Q,,,2.02,6.98,,1441460.493174603,1.0000000000000009,-15.833333333333332,-16.872427983539097,-59.760956175298794,71.06017191977078,60.38348858797664,276.0,full,usable,2026-08-17,rejected,44.14,100.0,,,67.0,30.0,0.0,100.0,2.2.0,c8f1bf1665a8c5dfb834c0571e7dd5f6b6e5ccd00eab00295338bd42cfde549b
AIT,"Applied Industrial Technologies, Inc. Common Stock",nasdaqtrader:N:AIT,SECURITY:AIT:nasdaqtrader:N:AIT,,common_equity,eligible,N,,,358.78,361.95,,90915553.29968254,6.649623970749952,16.80177100628315,28.20897655803316,31.401992382068535,0.8758115761845597,24.345700875839885,276.0,full,usable,2026-08-17,conditional,53.57,100.0,,,65.0,10.0,80.0,100.0,2.2.0,c8f1bf1665a8c5dfb834c0571e7dd5f6b6e5ccd00eab00295338bd42cfde549b
AIV,Apartment Investment and Management Company Common Stock,nasdaqtrader:N:AIV,SECURITY:AIV:nasdaqtrader:N:AIV,,common_equity,eligible,N,,,2.62,7.93,,3803500.413015873,-4.029304029304026,-37.47016706443914,-54.98281786941581,-66.41025641025641,66.9609079445145,19.47706457069296,276.0,full,usable,2026-08-17,conditional,50.93,100.0,,,57.0,30.0,45.0,100.0,2.2.0,c8f1bf1665a8c5dfb834c0571e7dd5f6b6e5ccd00eab00295338bd42cfde549b
AIXC,"AIxCrypto Holdings, Inc. - Common Stock",nasdaqtrader:Q:AIXC,SECURITY:AIXC:nasdaqtrader:Q:AIXC,,common_equity,eligible,Q,,,0.7102,6.01,,96620.90146666666,-8.373113146690747,-44.51562499999999,-45.36923076923076,-59.647727272727266,88.18302828618968,125.69857335165528,276.0,full,usable,2026-08-17,rejected,44.14,100.0,,,67.0,30.0,0.0,100.0,2.2.0,c8f1bf1665a8c5dfb834c0571e7dd5f6b6e5ccd00eab00295338bd42cfde549b
AIZ,"Assurant, Inc. Common Stock",nasdaqtrader:N:AIZ,SECURITY:AIZ:nasdaqtrader:N:AIZ,,common_equity,eligible,N,,,281.11,301.57,,107148038.92380951,1.5424071665944394,10.408075095243706,29.257862791980884,32.01991264734889,6.784494478893787,25.880612607100183,276.0,full,usable,2026-08-17,conditional,62.57,100.0,,,65.0,28.0,92.0,100.0,2.2.0,c8f1bf1665a8c5dfb834c0571e7dd5f6b6e5ccd00eab00295338bd42cfde549b
AJG,Arthur J. Gallagher & Co. Common Stock,nasdaqtrader:N:AJG,SECURITY:AJG:nasdaqtrader:N:AJG,,common_equity,eligible,N,,,247.97,310.48,,378708482.9312699,-2.3355651831429736,24.01600400100026,18.958982969537065,-15.486861388500738,20.13334192218501,33.00206443025815,276.0,full,usable,2026-08-17,conditional,81.43,100.0,,,51.0,92.0,92.0,100.0,2.2.0,c8f1bf1665a8c5dfb834c0571e7dd5f6b6e5ccd00eab00295338bd42cfde549b
AKA,a.k.a. Brands Holding Corp. Common Stock,nasdaqtrader:N:AKA,SECURITY:AKA:nasdaqtrader:N:AKA,,common_equity,eligible,N,,,10.51,14.9,,40776.90971269841,-4.541326067211626,5.5220883534136345,-5.400540054005399,-3.3118675252989838,29.46308724832215,33.546130076334116,276.0,full,usable,2026-08-17,rejected,64.57,100.0,,,61.0,92.0,0.0,100.0,2.2.0,c8f1bf1665a8c5dfb834c0571e7dd5f6b6e5ccd00eab00295338bd42cfde549b
AKAM,"Akamai Technologies, Inc. - Common Stock",nasdaqtrader:Q:AKAM,SECURITY:AKAM:nasdaqtrader:Q:AKAM,,common_equity,eligible,Q,,,122.97,161.14,,551433324.5540476,2.3130044096846714,-18.498144220572645,10.030422333571941,65.57156321529555,23.687476728310774,58.990123890234116,276.0,full,usable,2026-08-17,conditional,95.71,100.0,,,95.0,92.0,100.0,100.0,2.2.0,c8f1bf1665a8c5dfb834c0571e7dd5f6b6e5ccd00eab00295338bd42cfde549b
AKBA,"Akebia Therapeutics, Inc. - Common Stock",nasdaqtrader:Q:AKBA,SECURITY:AKBA:nasdaqtrader:Q:AKBA,,common_equity,eligible,Q,,,0.86,3.25,,5532504.534155555,-35.820895522388064,-18.867924528301895,-28.925619834710748,-73.86018237082067,73.53846153846155,100.15385533776072,276.0,full,usable,2026-08-17,conditional,51.71,100.0,,,47.0,30.0,62.0,100.0,2.2.0,c8f1bf1665a8c5dfb834c0571e7dd5f6b6e5ccd00eab00295338bd42cfde549b
AKO.A,Embotelladora Andina S.A. Common Stock,nasdaqtrader:N:AKO.A,SECURITY:AKO.A:nasdaqtrader:N:AKO.A,,common_equity,eligible,N,,,24.13,26.96,,18499.767484126984,6.769911504424764,6.346408109299251,-2.50505050505051,26.533822758259042,10.497032640949566,36.3283110517516,276.0,full,usable,2026-08-17,rejected,65.0,100.0,,,75.0,82.0,0.0,100.0,2.2.0,c8f1bf1665a8c5dfb834c0571e7dd5f6b6e5ccd00eab00295338bd42cfde549b
AKO.B,Embotelladora Andina S.A. Common Stock,nasdaqtrader:N:AKO.B,SECURITY:AKO.B:nasdaqtrader:N:AKO.B,,common_equity,eligible,N,,,30.93,33.335,,160915.6365857143,2.757475083056482,11.059245960502695,0.1294917449012667,27.36256948733786,7.2146392680366045,28.290779732931142,276.0,full,usable,2026-08-17,rejected,45.71,100.0,,,75.0,28.0,0.0,100.0,2.2.0,c8f1bf1665a8c5dfb834c0571e7dd5f6b6e5ccd00eab00295338bd42cfde549b
AKR,Acadia Realty Trust Common Stock,nasdaqtrader:N:AKR,SECURITY:AKR:nasdaqtrader:N:AKR,,common_equity,eligible,N,,,20.82,22.72,,33047722.24365079,-7.301869991095278,-0.43041606886656814,1.117047110247693,9.521304576538657,8.362676056338024,23.611224347916853,276.0,full,usable,2026-08-17,conditional,83.29,100.0,,,79.0,82.0,80.0,100.0,2.2.0,c8f1bf1665a8c5dfb834c0571e7dd5f6b6e5ccd00eab00295338bd42cfde549b
AKTS,"Aktis Oncology, Inc. - Common stock",nasdaqtrader:Q:AKTS,SECURITY:AKTS:nasdaqtrader:Q:AKTS,,common_equity,eligible,Q,,,24.72,32.23,,9196231.41857143,-0.6830052229811256,26.445012787723776,39.189189189189165,20145.700245700245,23.301272106732853,50.92817455696523,993.0,full,usable,2026-08-17,conditional,81.29,100.0,,,73.0,92.0,62.0,100.0,2.2.0,c8f1bf1665a8c5dfb834c0571e7dd5f6b6e5ccd00eab00295338bd42cfde549b
AKTX,Akari Therapeutics Plc - American Depositary Shares,nasdaqtrader:Q:AKTX,SECURITY:AKTX:nasdaqtrader:Q:AKTX,,adr,eligible,Q,,,7.52,44.8,,12668270.321349207,-31.69845594913715,115.47277936962747,-19.313304721030043,-80.61855670103093,83.21428571428571,143.36626263908343,276.0,full,usable,2026-08-17,conditional,48.29,100.0,,,35.0,30.0,62.0,100.0,2.2.0,c8f1bf1665a8c5dfb834c0571e7dd5f6b6e5ccd00eab00295338bd42cfde549b
ALAB,"Astera Labs, Inc. - Common Stock",nasdaqtrader:Q:ALAB,SECURITY:ALAB:nasdaqtrader:Q:ALAB,,common_equity,eligible,Q,,,320.17,483.02,,1966840666.3461113,5.450892563072274,37.600997077531375,147.5796473863285,67.90078137290891,33.71496004306239,111.29808714608245,276.0,full,usable,2026-08-17,conditional,89.43,100.0,,,73.0,92.0,100.0,100.0,2.2.0,c8f1bf1665a8c5dfb834c0571e7dd5f6b6e5ccd00eab00295338bd42cfde549b
ALAR,Alarum Technologies Ltd. - American Depositary Shares,nasdaqtrader:Q:ALAR,SECURITY:ALAR:nasdaqtrader:Q:ALAR,,adr,eligible,Q,,,1.74,17.02,,960486.726904762,-19.81566820276498,-77.34375,-76.70682730923694,-89.11138923654568,89.77673325499413,78.7244924862829,276.0,full,usable,2026-08-17,rejected,25.0,100.0,,,0.0,30.0,0.0,100.0,2.2.0,c8f1bf1665a8c5dfb834c0571e7dd5f6b6e5ccd00eab00295338bd42cfde549b
ALB,Albemarle Corporation Common Stock,nasdaqtrader:N:ALB,SECURITY:ALB:nasdaqtrader:N:ALB,,common_equity,eligible,N,,,133.99,215.62,,329143534.8411111,10.937241265110131,-25.717928816942003,-19.452960625187853,64.54623603094683,37.858269177256275,37.65519798507,276.0,full,usable,2026-08-17,conditional,95.07,100.0,,,95.0,95.0,92.0,100.0,2.2.0,c8f1bf1665a8c5dfb834c0571e7dd5f6b6e5ccd00eab00295338bd42cfde549b
ALC,Alcon Inc. Ordinary Shares,nasdaqtrader:N:ALC,SECURITY:ALC:nasdaqtrader:N:ALC,,common_equity,eligible,N,,,72.49,90.12,,147710971.3842857,3.1739254198690503,13.90634820867378,-8.472222222222236,-16.476552598225613,19.562805148690643,29.679312973065215,276.0,full,usable,2026-08-17,conditional,80.71,100.0,,,61.0,82.0,92.0,100.0,2.2.0,c8f1bf1665a8c5dfb834c0571e7dd5f6b6e5ccd00eab00295338bd42cfde549b
ALCO,"Alico, Inc. - Common Stock",nasdaqtrader:Q:ALCO,SECURITY:ALCO:nasdaqtrader:Q:ALCO,,common_equity,eligible,Q,,,39.07,44.46,,849308.3694444444,-4.544344001954559,-2.7383619616629384,-4.287114159725625,17.151424287856077,12.123256860098962,25.053846018410937,276.0,full,usable,2026-08-17,rejected,68.43,100.0,,,87.0,82.0,0.0,100.0,2.2.0,c8f1bf1665a8c5dfb834c0571e7dd5f6b6e5ccd00eab00295338bd42cfde549b
ALDF,Aldel Financial II Inc. - Class A Ordinary Shares,nasdaqtrader:Q:ALDF,NAMECLASS:ALDEL FINANCIAL II INC,,common_equity,eligible,Q,,,10.77,10.78,,195764.32834285713,0.6542056074766434,1.412429378531077,2.279202279202286,4.057971014492745,0.09276437847866026,2.6444193967433516,276.0,full,usable,2026-08-17,rejected,40.43,100.0,,,79.0,10.0,0.0,100.0,2.2.0,c8f1bf1665a8c5dfb834c0571e7dd5f6b6e5ccd00eab00295338bd42cfde549b
ALDX,"Aldeyra Therapeutics, Inc. - Common Stock",nasdaqtrader:Q:ALDX,SECURITY:ALDX:nasdaqtrader:Q:ALDX,,common_equity,eligible,Q,,,1.56,5.89,,2490651.316190476,-7.692307692307687,-7.14285714285714,-70.45454545454545,-70.56603773584905,73.51443123938878,71.20440243837733,276.0,full,usable,2026-08-17,conditional,45.21,100.0,,,37.0,30.0,45.0,100.0,2.2.0,c8f1bf1665a8c5dfb834c0571e7dd5f6b6e5ccd00eab00295338bd42cfde549b
ALEC,"Alector, Inc. - Common Stock",nasdaqtrader:Q:ALEC,SECURITY:ALEC:nasdaqtrader:Q:ALEC,,common_equity,eligible,Q,,,2.05,3.32,,1661162.294920635,36.66666666666665,-5.092592592592604,9.625668449197855,-16.666666666666675,38.25301204819277,114.46391963497604,276.0,full,usable,2026-08-17,rejected,69.07,100.0,,,73.0,95.0,0.0,100.0,2.2.0,c8f1bf1665a8c5dfb834c0571e7dd5f6b6e5ccd00eab00295338bd42cfde549b
ALG,"Alamo Group, Inc. Common Stock",nasdaqtrader:N:ALG,SECURITY:ALG:nasdaqtrader:N:ALG,,common_equity,eligible,N,,,161.87,225.01,,26233755.65031746,-0.34476389829465326,9.913763835132738,-23.22614304686018,-28.50896563907781,28.060975067774763,27.72917661299365,276.0,full,usable,2026-08-17,conditional,80.0,100.0,,,55.0,92.0,80.0,100.0,2.2.0,c8f1bf1665a8c5dfb834c0571e7dd5f6b6e5ccd00eab00295338bd42cfde549b
ALGM,"Allegro MicroSystems, Inc. - Common Stock",nasdaqtrader:Q:ALGM,SECURITY:ALGM:nasdaqtrader:Q:ALGM,,common_equity,eligible,Q,,,44.25,69.62,,143669716.54015875,-4.797762478485367,2.6682134570765736,4.412458706937228,42.2829581993569,36.440677966101696,69.18030334751637,276.0,full,usable,2026-08-17,conditional,92.79,100.0,,,87.0,95.0,92.0,100.0,2.2.0,c8f1bf1665a8c5dfb834c0571e7dd5f6b6e5ccd00eab00295338bd42cfde549b
ALGN,"Align Technology, Inc. - Common Stock",nasdaqtrader:Q:ALGN,SECURITY:ALGN:nasdaqtrader:Q:ALGN,,common_equity,eligible,Q,,,171.16,197.51,,177076045.08325398,-3.1681375876895235,8.84578696343401,-8.357873320126362,19.79283314669653,13.341096653334006,39.84128369721029,276.0,full,usable,2026-08-17,conditional,84.71,100.0,,,75.0,82.0,92.0,100.0,2.2.0,c8f1bf1665a8c5dfb834c0571e7dd5f6b6e5ccd00eab00295338bd42cfde549b
ALGS,"Aligos Therapeutics, Inc. - Common stock",nasdaqtrader:Q:ALGS,SECURITY:ALGS:nasdaqtrader:Q:ALGS,,common_equity,eligible,Q,,,6.575,13.295,,1055428.9685714284,14.54703832752613,15.148861646234678,-4.848046309696096,-13.315754779169408,50.54531778864235,130.68737814946786,276.0,full,usable,2026-08-17,rejected,56.71,100.0,,,61.0,70.0,0.0,100.0,2.2.0,c8f1bf1665a8c5dfb834c0571e7dd5f6b6e5ccd00eab00295338bd42cfde549b
ALGT,Allegiant Travel Company - Common Stock,nasdaqtrader:Q:ALGT,SECURITY:ALGT:nasdaqtrader:Q:ALGT,,common_equity,eligible,Q,,,84.3,119.16,,56617554.51531746,-16.451932606541142,12.550066755674226,-24.258760107816713,40.734557595993316,29.254783484390735,54.29303418641008,276.0,full,usable,2026-08-17,conditional,85.71,100.0,,,75.0,92.0,80.0,100.0,2.2.0,c8f1bf1665a8c5dfb834c0571e7dd5f6b6e5ccd00eab00295338bd42cfde549b
ALH,Alliance Laundry Holdings Inc. Common Stock,nasdaqtrader:N:ALH,SECURITY:ALH:nasdaqtrader:N:ALH,,common_equity,eligible,N,,,24.79,28.01,,15837317.23015873,-2.784313725490195,4.028535459504834,6.030795551753632,,11.495894323455913,34.45409508092156,214.0,limited_but_usable,usable,2026-08-17,conditional,73.71,100.0,,,59.0,82.0,62.0,100.0,2.2.0,c8f1bf1665a8c5dfb834c0571e7dd5f6b6e5ccd00eab00295338bd42cfde549b
ALHC,"Alignment Healthcare, Inc. - Common Stock",nasdaqtrader:Q:ALHC,SECURITY:ALHC:nasdaqtrader:Q:ALHC,,common_equity,eligible,Q,,,13.46,24.56,,102051177.23563492,-34.66019417475729,-14.431023521932607,-33.333333333333336,-9.176788124156543,45.19543973941368,97.21642960064707,276.0,full,usable,2026-08-17,conditional,88.79,100.0,,,73.0,95.0,92.0,100.0,2.2.0,c8f1bf1665a8c5dfb834c0571e7dd5f6b6e5ccd00eab00295338bd42cfde549b
ALIT,"Alight, Inc. Class A Common Stock",nasdaqtrader:N:ALIT,NAMECLASS:ALIGHT INC,,common_equity,eligible,N,,,13.44,78.6,,16988933.09904762,-38.17847286108555,-14.503816793893131,-48.30769230769231,-81.63934426229508,82.90076335877863,118.77190619083655,276.0,full,usable,2026-08-17,conditional,51.71,100.0,,,47.0,30.0,62.0,100.0,2.2.0,c8f1bf1665a8c5dfb834c0571e7dd5f6b6e5ccd00eab00295338bd42cfde549b
ALK,"Alaska Air Group, Inc. Common Stock",nasdaqtrader:N:ALK,SECURITY:ALK:nasdaqtrader:N:ALK,,common_equity,eligible,N,,,44.04,63.86,,147746148.93714288,-3.230059327620305,19.220357336220893,-20.31843676497196,-22.560225074731843,31.036642655809587,51.62549710369174,276.0,full,usable,2026-08-17,conditional,84.29,100.0,,,61.0,92.0,92.0,100.0,2.2.0,c8f1bf1665a8c5dfb834c0571e7dd5f6b6e5ccd00eab00295338bd42cfde549b
ALKS,Alkermes plc - Ordinary Shares,nasdaqtrader:Q:ALKS,SECURITY:ALKS:nasdaqtrader:Q:ALKS,,common_equity,eligible,Q,,,49.85,55.22,,99690880.49595238,-5.443854324734443,33.00426894343651,50.331724969843194,76.39773531493277,9.724737413980433,29.505171513595336,276.0,full,usable,2026-08-17,conditional,81.57,100.0,,,73.0,82.0,80.0,100.0,2.2.0,c8f1bf1665a8c5dfb834c0571e7dd5f6b6e5ccd00eab00295338bd42cfde549b
ALKT,"Alkami Technology, Inc. - Common Stock",nasdaqtrader:Q:ALKT,SECURITY:ALKT:nasdaqtrader:Q:ALKT,,common_equity,eligible,Q,,,20.21,26.53,,28516965.15111111,12.841987716359583,21.673690547862744,24.21634910878918,-10.77262693156732,23.82208820203543,43.729111364838786,276.0,full,usable,2026-08-17,conditional,78.86,100.0,,,51.0,92.0,80.0,100.0,2.2.0,c8f1bf1665a8c5dfb834c0571e7dd5f6b6e5ccd00eab00295338bd42cfde549b
ALL,Allstate Corporation (The) Common Stock,nasdaqtrader:N:ALL,SECURITY:ALL:nasdaqtrader:N:ALL,,common_equity,eligible,N,,,258.1,275.11,,430983392.4068254,3.281312525010005,18.737636288356274,24.379547973591652,23.670340201245832,6.182981352913375,33.26975129780708,276.0,full,usable,2026-08-17,conditional,62.57,100.0,,,65.0,28.0,92.0,100.0,2.2.0,c8f1bf1665a8c5dfb834c0571e7dd5f6b6e5ccd00eab00295338bd42cfde549b
ALLE,Allegion plc Ordinary Shares,nasdaqtrader:N:ALLE,SECURITY:ALLE:nasdaqtrader:N:ALLE,,common_equity,eligible,N,,,162.1,179.77,,174206445.04873016,18.11425240454676,29.009152407481096,-9.693593314763238,-3.8267576386828983,9.829226233520616,37.76533273620545,276.0,full,usable,2026-08-17,conditional,80.71,100.0,,,61.0,82.0,92.0,100.0,2.2.0,c8f1bf1665a8c5dfb834c0571e7dd5f6b6e5ccd00eab00295338bd42cfde549b
ALLO,"Allogene Therapeutics, Inc. - Common Stock",nasdaqtrader:Q:ALLO,SECURITY:ALLO:nasdaqtrader:Q:ALLO,,common_equity,eligible,Q,,,2.08,3.06,,15764024.845555555,16.201117318435763,4.0000000000000036,15.555555555555568,94.39252336448598,32.02614379084967,61.63264583300795,276.0,full,usable,2026-08-17,conditional,84.71,100.0,,,85.0,92.0,62.0,100.0,2.2.0,c8f1bf1665a8c5dfb834c0571e7dd5f6b6e5ccd00eab00295338bd42cfde549b
ALLR,"Allarity Therapeutics, Inc. - Common stock",nasdaqtrader:Q:ALLR,SECURITY:ALLR:nasdaqtrader:Q:ALLR,,common_equity,eligible,Q,,,1.34,1.97,,213269.95714285714,12.605042016806745,-0.7407407407407418,58.56111702757072,36.76260461318637,31.979695431472077,51.66453042158889,276.0,full,usable,2026-08-17,rejected,69.14,100.0,,,77.0,92.0,0.0,100.0,2.2.0,c8f1bf1665a8c5dfb834c0571e7dd5f6b6e5ccd00eab00295338bd42cfde549b
ALLT,Allot Ltd. - Ordinary Shares,nasdaqtrader:Q:ALLT,SECURITY:ALLT:nasdaqtrader:Q:ALLT,,common_equity,eligible,Q,,,7.68,11.5,,2844390.8007936506,-4.596273291925479,7.713884992987374,-25.14619883040936,6.224066390041494,33.217391304347835,46.29652883008944,276.0,full,usable,2026-08-17,conditional,75.93,100.0,,,67.0,92.0,45.0,100.0,2.2.0,c8f1bf1665a8c5dfb834c0571e7dd5f6b6e5ccd00eab00295338bd42cfde549b
ALLY,Ally Financial Inc. Common Stock,nasdaqtrader:N:ALLY,SECURITY:ALLY:nasdaqtrader:N:ALLY,,common_equity,eligible,N,,,43.61,47.25,,140191465.58301586,-4.447852760736204,3.8580614432007554,6.887254901960782,12.136796091540237,7.7037037037037015,24.801606691758426,276.0,full,usable,2026-08-17,conditional,66.57,100.0,,,79.0,28.0,92.0,100.0,2.2.0,c8f1bf1665a8c5dfb834c0571e7dd5f6b6e5ccd00eab00295338bd42cfde549b
ALM,Almonty Industries Inc. - Common Shares,nasdaqtrader:Q:ALM,SECURITY:ALM:nasdaqtrader:Q:ALM,,common_equity,eligible,Q,,,16.36,23.42,,95823524.81809524,18.809005083514883,-6.246418338108883,18.20809248554913,247.34607218683652,30.145175064047823,109.0326460277579,276.0,full,usable,2026-08-17,conditional,88.57,100.0,,,85.0,92.0,80.0,100.0,2.2.0,c8f1bf1665a8c5dfb834c0571e7dd5f6b6e5ccd00eab00295338bd42cfde549b
ALMR,"Alamar Biosciences, Inc. - Class A common stock",nasdaqtrader:Q:ALMR,NAMECLASS:ALAMAR BIOSCIENCES INC,,common_equity,eligible,Q,,,32.13,36.57,,8096068.631904762,23.815028901734124,49.16434540389973,,,12.141099261689902,100.42258691482044,84.0,insufficient,usable,2026-08-17,recheck,,71.43,,,,82.0,62.0,88.0,2.2.0,c8f1bf1665a8c5dfb834c0571e7dd5f6b6e5ccd00eab00295338bd42cfde549b
ALMS,Alumis Inc. - Common Stock,nasdaqtrader:Q:ALMS,SECURITY:ALMS:nasdaqtrader:Q:ALMS,,common_equity,eligible,Q,,,25.5,30.3,,33155284.85396825,-11.025819958129802,11.49978137297769,-3.918613413715144,480.86560364464697,15.841584158415845,70.3936417501936,276.0,full,usable,2026-08-17,conditional,84.43,100.0,,,83.0,82.0,80.0,100.0,2.2.0,c8f1bf1665a8c5dfb834c0571e7dd5f6b6e5ccd00eab00295338bd42cfde549b
ALMU,"Aeluma, Inc. - Common Stock",nasdaqtrader:Q:ALMU,SECURITY:ALMU:nasdaqtrader:Q:ALMU,,common_equity,eligible,Q,,,17.78,31.49,,17027336.947777778,21.780821917808236,-28.479485116653247,23.215523215523227,-1.76795580110497,43.53763099396634,91.15829827933463,276.0,full,usable,2026-08-17,conditional,79.5,100.0,,,63.0,95.0,62.0,100.0,2.2.0,c8f1bf1665a8c5dfb834c0571e7dd5f6b6e5ccd00eab00295338bd42cfde549b
ALNT,Allient Inc. - Common Stock,nasdaqtrader:Q:ALNT,SECURITY:ALNT:nasdaqtrader:Q:ALNT,,common_equity,eligible,Q,,,113.02,114.28,,25936419.80904762,28.91525037070832,84.28175444317625,69.54695469546954,156.86363636363635,1.1025551277563883,71.96446052204702,276.0,full,usable,2026-08-17,conditional,55.86,100.0,,,73.0,10.0,80.0,100.0,2.2.0,c8f1bf1665a8c5dfb834c0571e7dd5f6b6e5ccd00eab00295338bd42cfde549b
ALNY,"Alnylam Pharmaceuticals, Inc. - Common Stock",nasdaqtrader:Q:ALNY,SECURITY:ALNY:nasdaqtrader:Q:ALNY,,common_equity,eligible,Q,,,224.6,491.22,,432032134.5046032,-16.027965753168594,-21.736706390689253,-28.56234096692112,-49.2693063492422,54.27710598102684,106.51149984925581,276.0,full,usable,2026-08-17,conditional,78.14,100.0,,,67.0,70.0,92.0,100.0,2.2.0,c8f1bf1665a8c5dfb834c0571e7dd5f6b6e5ccd00eab00295338bd42cfde549b
ALOT,"AstroNova, Inc. - Common Stock",nasdaqtrader:Q:ALOT,SECURITY:ALOT:nasdaqtrader:Q:ALOT,,common_equity,eligible,Q,,,28.89,28.95,,4099143.652380952,0.943396226415083,102.87921348314609,210.3114930182599,153.19894829097285,0.2072538860103612,3.815566634830319,276.0,full,usable,2026-08-17,conditional,48.36,100.0,,,73.0,10.0,45.0,100.0,2.2.0,c8f1bf1665a8c5dfb834c0571e7dd5f6b6e5ccd00eab00295338bd42cfde549b
ALOV,"Aldabra 4 Liquidity Opportunity Vehicle, Inc. - Class A Ordinary Shares",nasdaqtrader:Q:ALOV,NAMECLASS:ALDABRA 4 LIQUIDITY OPPORTUNITY VEHICLE INC,,common_equity,eligible,Q,,,9.96,10.0,,70359.84253174604,0.201207243460777,0.7995142192085858,,,0.39999999999998925,2.7091498405476244,106.0,insufficient,usable,2026-08-14,rejected,,71.43,,,,10.0,0.0,88.0,2.2.0,c8f1bf1665a8c5dfb834c0571e7dd5f6b6e5ccd00eab00295338bd42cfde549b
ALOY,REalloys Inc. - Common Stock,nasdaqtrader:Q:ALOY,SECURITY:ALOY:nasdaqtrader:Q:ALOY,,common_equity,eligible,Q,,,13.855,25.88,,36339331.39960318,55.93697242543614,60.358796296296276,39.52668680765359,111.52671755725194,46.464451313755795,131.6052182585748,276.0,full,usable,2026-08-17,conditional,86.21,100.0,,,73.0,95.0,80.0,100.0,2.2.0,c8f1bf1665a8c5dfb834c0571e7dd5f6b6e5ccd00eab00295338bd42cfde549b
ALRM,"Alarm.com Holdings, Inc. - Common Stock",nasdaqtrader:Q:ALRM,SECURITY:ALRM:nasdaqtrader:Q:ALRM,,common_equity,eligible,Q,,,55.0,59.16,,24589239.771507937,3.383458646616533,29.350893697083723,18.585597240189735,-3.083700440528636,7.031778228532792,26.93709761758803,276.0,full,usable,2026-08-17,conditional,52.14,100.0,,,51.0,28.0,62.0,100.0,2.2.0,c8f1bf1665a8c5dfb834c0571e7dd5f6b6e5ccd00eab00295338bd42cfde549b
ALRS,Alerus Financial Corporation - Common Stock,nasdaqtrader:Q:ALRS,SECURITY:ALRS:nasdaqtrader:Q:ALRS,,common_equity,eligible,Q,,,33.49,34.12,,7166784.566507936,4.167962674961134,26.13935969868173,32.63366336633664,52.15810995002273,1.8464243845251915,19.108651047755146,276.0,full,usable,2026-08-17,conditional,52.0,100.0,,,73.0,10.0,62.0,100.0,2.2.0,c8f1bf1665a8c5dfb834c0571e7dd5f6b6e5ccd00eab00295338bd42cfde549b
ALSN,"Allison Transmission Holdings, Inc. Common Stock",nasdaqtrader:N:ALSN,SECURITY:ALSN:nasdaqtrader:N:ALSN,,common_equity,eligible,N,,,127.11,136.0,,130655563.85476191,11.892605633802834,8.650311992477988,7.912386450462683,43.02914369303477,6.536764705882359,35.65970200533386,276.0,full,usable,2026-08-17,conditional,65.43,100.0,,,75.0,28.0,92.0,100.0,2.2.0,c8f1bf1665a8c5dfb834c0571e7dd5f6b6e5ccd00eab00295338bd42cfde549b
ALT,"Altimmune, Inc. - Common Stock",nasdaqtrader:Q:ALT,SECURITY:ALT:nasdaqtrader:Q:ALT,,common_equity,eligible,Q,,,3.0,6.18,,12077745.899365079,4.529616724738683,5.263157894736836,-33.7748344370861,-18.478260869565222,51.45631067961165,41.9159059343607,276.0,full,usable,2026-08-17,conditional,70.0,100.0,,,61.0,70.0,62.0,100.0,2.2.0,c8f1bf1665a8c5dfb834c0571e7dd5f6b6e5ccd00eab00295338bd42cfde549b
ALTG,Alta Equipment Group Inc. Class A Common Stock,nasdaqtrader:N:ALTG,NAMECLASS:ALTA EQUIPMENT GROUP INC,,common_equity,eligible,N,,,7.02,8.57,,1501146.239047619,10.03134796238243,9.859154929577475,5.722891566265065,-16.3289630512515,18.086347724620776,62.1806614147655,276.0,full,usable,2026-08-17,rejected,61.0,100.0,,,61.0,82.0,0.0,100.0,2.2.0,c8f1bf1665a8c5dfb834c0571e7dd5f6b6e5ccd00eab00295338bd42cfde549b
ALTI,"AlTi Global, Inc. - Class A Common Stock",nasdaqtrader:Q:ALTI,NAMECLASS:ALTI GLOBAL INC,,common_equity,eligible,Q,,,3.99,5.19,,820055.3600793651,15.317919075144527,14.655172413793105,-8.904109589041088,-7.638888888888895,23.121387283236995,92.4106661557196,276.0,full,usable,2026-08-17,rejected,64.57,100.0,,,61.0,92.0,0.0,100.0,2.2.0,c8f1bf1665a8c5dfb834c0571e7dd5f6b6e5ccd00eab00295338bd42cfde549b
ALTO,"Alto Ingredients, Inc. - Common Stock",nasdaqtrader:Q:ALTO,SECURITY:ALTO:nasdaqtrader:Q:ALTO,,common_equity,eligible,Q,,,4.22,5.99,,12867480.206190476,-27.73972602739726,-9.63597430406853,57.462686567164155,305.7692307692308,29.549248747913193,81.12843851030645,276.0,full,usable,2026-08-17,conditional,84.71,100.0,,,85.0,92.0,62.0,100.0,2.2.0,c8f1bf1665a8c5dfb834c0571e7dd5f6b6e5ccd00eab00295338bd42cfde549b
ALV,"Autoliv, Inc. Common Stock",nasdaqtrader:N:ALV,SECURITY:ALV:nasdaqtrader:N:ALV,,common_equity,eligible,N,,,120.76,131.69,,86845847.14253968,0.41576584067852806,5.145842403134537,-3.37654024643943,1.5301832856902786,8.29979497304275,26.68817631203223,276.0,full,usable,2026-08-17,conditional,79.86,100.0,,,67.0,82.0,80.0,100.0,2.2.0,c8f1bf1665a8c5dfb834c0571e7dd5f6b6e5ccd00eab00295338bd42cfde549b
ALVO,Alvotech - Ordinary Shares,nasdaqtrader:Q:ALVO,SECURITY:ALVO:nasdaqtrader:Q:ALVO,,common_equity,eligible,Q,,,3.88,9.0,,3117389.294365079,12.138728323699421,17.220543806646525,-16.37931034482758,-54.21828908554572,56.888888888888886,76.29311907475753,276.0,full,usable,2026-08-17,conditional,64.64,100.0,,,55.0,70.0,45.0,100.0,2.2.0,c8f1bf1665a8c5dfb834c0571e7dd5f6b6e5ccd00eab00295338bd42cfde549b
ALX,"Alexander's, Inc. Common Stock",nasdaqtrader:N:ALX,SECURITY:ALX:nasdaqtrader:N:ALX,,common_equity,eligible,N,,,267.22,286.1,,9221855.988888888,-5.11664240315306,16.243257351661743,14.260059007140736,19.647174711202652,6.599091226843756,28.283654740747256,276.0,full,usable,2026-08-17,conditional,59.0,100.0,,,75.0,28.0,62.0,100.0,2.2.0,c8f1bf1665a8c5dfb834c0571e7dd5f6b6e5ccd00eab00295338bd42cfde549b
ALXO,ALX Oncology Holdings Inc. - Common Stock,nasdaqtrader:Q:ALXO,SECURITY:ALXO:nasdaqtrader:Q:ALXO,,common_equity,eligible,Q,,,1.97,2.6,,2697370.747777778,-6.190476190476191,-2.9556650246305383,-10.859728506787325,200.76335877862596,24.230769230769234,71.81291984192232,276.0,full,usable,2026-08-17,conditional,83.93,100.0,,,95.0,92.0,45.0,100.0,2.2.0,c8f1bf1665a8c5dfb834c0571e7dd5f6b6e5ccd00eab00295338bd42cfde549b
AM,Antero Midstream Corporation Common Stock,nasdaqtrader:N:AM,SECURITY:AM:nasdaqtrader:N:AM,,common_equity,eligible,N,,,22.15,23.6,,51956862.63380952,-1.9477644975652963,0.7734303912647844,3.263403263403264,21.703296703296694,6.144067796610186,25.47416341550376,276.0,full,usable,2026-08-17,conditional,66.29,100.0,,,87.0,28.0,80.0,100.0,2.2.0,c8f1bf1665a8c5dfb834c0571e7dd5f6b6e5ccd00eab00295338bd42cfde549b
AMAL,Amalgamated Financial Corp. - Common Stock,nasdaqtrader:Q:AMAL,SECURITY:AMAL:nasdaqtrader:Q:AMAL,,common_equity,eligible,Q,,,50.82,51.08,,7093537.408333334,6.607929515418509,28.07459677419355,22.783280985745357,72.56366723259762,0.5090054815974909,21.406980598383658,276.0,full,usable,2026-08-17,conditional,52.0,100.0,,,73.0,10.0,62.0,100.0,2.2.0,c8f1bf1665a8c5dfb834c0571e7dd5f6b6e5ccd00eab00295338bd42cfde549b
AMAT,"Applied Materials, Inc. - Common Stock",nasdaqtrader:Q:AMAT,SECURITY:AMAT:nasdaqtrader:Q:AMAT,,common_equity,eligible,Q,,,535.31,723.0,,5292536562.020475,1.0667220481063389,22.603178965690972,50.82978783353524,184.37632809179766,25.959889349930855,78.99442260689992,276.0,full,usable,2026-08-17,conditional,89.43,100.0,,,73.0,92.0,100.0,100.0,2.2.0,c8f1bf1665a8c5dfb834c0571e7dd5f6b6e5ccd00eab00295338bd42cfde549b
AMBA,"Ambarella, Inc. - Ordinary Shares",nasdaqtrader:Q:AMBA,SECURITY:AMBA:nasdaqtrader:Q:AMBA,,common_equity,eligible,Q,,,78.54,95.51,,140354116.4715873,27.005174644243212,-3.2281912272055124,18.622564567285927,14.523184601924765,17.767773008061983,83.48195628137339,276.0,full,usable,2026-08-17,conditional,83.0,100.0,,,69.0,82.0,92.0,100.0,2.2.0,c8f1bf1665a8c5dfb834c0571e7dd5f6b6e5ccd00eab00295338bd42cfde549b
AMBO,Ambow Education Holding Ltd. American Depository Shares (each representing twenty (20) Class A Ordinary Shares),nasdaqtrader:A:AMBO,SECURITY:AMBO:nasdaqtrader:A:AMBO,,adr,eligible,A,,,2.07,5.75,,246004.68746031748,-8.810572687224683,-15.85365853658537,-12.288135593220339,-43.90243902439025,64.0,56.72837867489494,276.0,full,usable,2026-08-17,rejected,58.43,100.0,,,67.0,70.0,0.0,100.0,2.2.0,c8f1bf1665a8c5dfb834c0571e7dd5f6b6e5ccd00eab00295338bd42cfde549b
AMBP,Ardagh Metal Packaging S.A. Ordinary Shares,nasdaqtrader:N:AMBP,SECURITY:AMBP:nasdaqtrader:N:AMBP,,common_equity,eligible,N,,,5.22,5.28,,11153634.606984127,11.300639658848599,32.15189873417721,7.407407407407396,35.23316062176165,1.1363636363636465,45.92899476463073,276.0,full,usable,2026-08-17,conditional,52.57,100.0,,,75.0,10.0,62.0,100.0,2.2.0,c8f1bf1665a8c5dfb834c0571e7dd5f6b6e5ccd00eab00295338bd42cfde549b
AMBQ,"Ambiq Micro, Inc. Common Stock",nasdaqtrader:N:AMBQ,SECURITY:AMBQ:nasdaqtrader:N:AMBQ,,common_equity,eligible,N,,,67.86,90.48,,50676864.61857143,-6.30954024575453,-3.8401587076661414,129.3342345386955,79.57131516274147,25.0,87.73053912036278,264.0,full,usable,2026-08-17,conditional,88.57,100.0,,,85.0,92.0,80.0,100.0,2.2.0,c8f1bf1665a8c5dfb834c0571e7dd5f6b6e5ccd00eab00295338bd42cfde549b
AMBR,Amber International Holding Limited - American Depositary Shares,nasdaqtrader:Q:AMBR,SECURITY:AMBR:nasdaqtrader:Q:AMBR,,adr,eligible,Q,,,1.25,5.59,,55234.119047619046,-11.347517730496449,-35.23316062176166,-48.559670781893004,-80.8282208588957,77.6386404293381,41.244977835670454,276.0,full,usable,2026-08-17,rejected,38.43,100.0,,,47.0,30.0,0.0,100.0,2.2.0,c8f1bf1665a8c5dfb834c0571e7dd5f6b6e5ccd00eab00295338bd42cfde549b
AMC,"AMC Entertainment Holdings, Inc. Class A Common Stock",nasdaqtrader:N:AMC,NAMECLASS:AMC ENTERTAINMENT HOLDINGS INC,,common_equity,eligible,N,,,2.44,3.15,,96078492.17825396,25.773195876288657,90.625,98.37398373983739,-19.736842105263165,22.539682539682538,101.7541166534023,276.0,full,usable,2026-08-17,conditional,78.86,100.0,,,51.0,92.0,80.0,100.0,2.2.0,c8f1bf1665a8c5dfb834c0571e7dd5f6b6e5ccd00eab00295338bd42cfde549b
AMCI,AMC Robotics Corporation - Common Stock,nasdaqtrader:Q:AMCI,SECURITY:AMCI:nasdaqtrader:Q:AMCI,,common_equity,eligible,Q,,,5.38,22.2,,683072.9918253968,6.5346534653465405,7.600000000000007,-13.919999999999998,-55.12927439532944,75.76576576576576,113.02981715237803,276.0,full,usable,2026-08-17,rejected,40.71,100.0,,,55.0,30.0,0.0,100.0,2.2.0,c8f1bf1665a8c5dfb834c0571e7dd5f6b6e5ccd00eab00295338bd42cfde549b
AMCR,Amcor plc Ordinary Shares,nasdaqtrader:N:AMCR,SECURITY:AMCR:nasdaqtrader:N:AMCR,,common_equity,eligible,N,,,45.53,50.58,,156408617.5395238,3.618570778334096,24.093758517307172,-9.10361349570773,3.9497716894977275,9.984183471727947,33.32324003977207,276.0,full,usable,2026-08-17,conditional,82.43,100.0,,,67.0,82.0,92.0,100.0,2.2.0,c8f1bf1665a8c5dfb834c0571e7dd5f6b6e5ccd00eab00295338bd42cfde549b
AMCX,AMC Global Media Inc. - Class A Common Stock,nasdaqtrader:Q:AMCX,NAMECLASS:AMC GLOBAL MEDIA INC,,common_equity,eligible,Q,,,12.09,12.36,,6461825.697936508,15.252621544327937,45.66265060240961,60.13245033112582,70.76271186440677,2.1844660194174748,60.54679227062921,276.0,full,usable,2026-08-17,conditional,52.0,100.0,,,73.0,10.0,62.0,100.0,2.2.0,c8f1bf1665a8c5dfb834c0571e7dd5f6b6e5ccd00eab00295338bd42cfde549b
AMD,"Advanced Micro Devices, Inc. - Common Stock",nasdaqtrader:Q:AMD,SECURITY:AMD:nasdaqtrader:Q:AMD,,common_equity,eligible,Q,,,506.0,580.91,,15029948403.936428,2.065515572050991,19.311483140768672,144.0671425815165,179.63525835866264,12.895284983904553,76.54525043445676,276.0,full,usable,2026-08-17,conditional,85.86,100.0,,,73.0,82.0,100.0,100.0,2.2.0,c8f1bf1665a8c5dfb834c0571e7dd5f6b6e5ccd00eab00295338bd42cfde549b
AME,"AMETEK, Inc.",qrgf-resolution-required:N:AME,SECURITY:AME:qrgf-resolution-required:N:AME,,common_equity,eligible,N,,,254.17,258.52,,280913291.9285714,7.244725738396629,11.526985519964894,10.62412952646239,37.55276545080635,1.682655113724274,20.725792949882848,276.0,full,usable,2026-08-17,conditional,59.0,100.0,,,75.0,10.0,92.0,100.0,2.2.0,c8f1bf1665a8c5dfb834c0571e7dd5f6b6e5ccd00eab00295338bd42cfde549b
AMG,"Affiliated Managers Group, Inc. Common Stock",nasdaqtrader:N:AMG,SECURITY:AMG:nasdaqtrader:N:AMG,,common_equity,eligible,N,,,371.4,383.42,,104950854.78428571,0.42451937376633,26.365213840971702,12.61711998544528,66.55455401587514,3.1349434040999546,35.255308868500315,276.0,full,usable,2026-08-17,conditional,61.29,100.0,,,83.0,10.0,92.0,100.0,2.2.0,c8f1bf1665a8c5dfb834c0571e7dd5f6b6e5ccd00eab00295338bd42cfde549b
AMGN,Amgen Inc. - Common Stock,nasdaqtrader:Q:AMGN,SECURITY:AMGN:nasdaqtrader:Q:AMGN,,common_equity,eligible,Q,,,419.38,419.38,,983942584.9608731,14.493980179639077,28.521957647635677,13.5946260732956,44.46932377966859,0.0,26.128321888074456,276.0,full,usable,2026-08-17,conditional,60.71,100.0,,,75.0,10.0,100.0,100.0,2.2.0,c8f1bf1665a8c5dfb834c0571e7dd5f6b6e5ccd00eab00295338bd42cfde549b
AMH,American Homes 4 Rent Common Shares of Beneficial Interest,nasdaqtrader:N:AMH,SECURITY:AMH:nasdaqtrader:N:AMH,,common_equity,eligible,N,,,33.63,35.82,,81275855.05285715,-1.2914587613736317,9.866056844168591,6.356736242884264,-2.7753686036426695,6.113902847571184,18.85749653380028,276.0,full,usable,2026-08-17,conditional,58.86,100.0,,,61.0,28.0,80.0,100.0,2.2.0,c8f1bf1665a8c5dfb834c0571e7dd5f6b6e5ccd00eab00295338bd42cfde549b
