ticker,company,contract_id,issuer_id,issuer_cik,security_type,instrument_status,exchange,sector,industry,current_price,reference_52w_high,market_cap,avg_dollar_volume,return_1m_pct,return_3m_pct,return_6m_pct,return_12m_pct,drawdown_pct,historical_volatility_pct,trading_history_days,momentum_history_status,data_integrity_status,as_of,l2_status,l2_setup_score,l2_confidence_pct,l2_quality_prior_score,l2_room_to_target_score,setup_prior_growth,setup_pullback_geometry,setup_liquidity,setup_data_completeness,setup_model_version,l2_rules_hash
BTCT,BTC Digital Ltd. - Ordinary Shares,nasdaqtrader:Q:BTCT,SECURITY:BTCT:nasdaqtrader:Q:BTCT,,common_equity,eligible,Q,,,0.4411,3.08,,1330633.4170015873,-49.322150735294116,-60.26126126126127,-64.712,-83.35471698113209,85.67857142857143,70.92707117155612,276.0,full,usable,2026-08-17,rejected,32.14,100.0,,,25.0,30.0,0.0,100.0,2.2.0,c8f1bf1665a8c5dfb834c0571e7dd5f6b6e5ccd00eab00295338bd42cfde549b
BTDR,Bitdeer Technologies Group - Ordinary Shares,nasdaqtrader:Q:BTDR,SECURITY:BTDR:nasdaqtrader:Q:BTDR,,common_equity,eligible,Q,,,9.39,25.9,,159837009.55515873,-12.569832402234638,-29.662921348314597,-6.845238095238093,-31.8577648766328,63.745173745173744,136.62378824161928,276.0,full,usable,2026-08-17,conditional,78.14,100.0,,,67.0,70.0,92.0,100.0,2.2.0,c8f1bf1665a8c5dfb834c0571e7dd5f6b6e5ccd00eab00295338bd42cfde549b
BTE,Baytex Energy Corp Common Shares,nasdaqtrader:N:BTE,SECURITY:BTE:nasdaqtrader:N:BTE,,common_equity,eligible,N,,,4.55,5.32,,80207858.79460318,8.851674641148332,-11.992263056092845,31.12391930835734,125.24752475247523,14.473684210526327,45.70180913913407,276.0,full,usable,2026-08-17,conditional,85.0,100.0,,,85.0,82.0,80.0,100.0,2.2.0,c8f1bf1665a8c5dfb834c0571e7dd5f6b6e5ccd00eab00295338bd42cfde549b
BTG,B2Gold Corp Common shares (Canada),nasdaqtrader:A:BTG,SECURITY:BTG:nasdaqtrader:A:BTG,,common_equity,eligible,A,,,5.2,6.21,,96869867.62269841,41.68937329700273,6.1224489795918435,-3.703703703703709,35.770234986945184,16.26409017713365,70.49556280939366,276.0,full,usable,2026-08-17,conditional,82.14,100.0,,,75.0,82.0,80.0,100.0,2.2.0,c8f1bf1665a8c5dfb834c0571e7dd5f6b6e5ccd00eab00295338bd42cfde549b
BTGO,"BitGo Holdings, Inc. Class A Common Stock",nasdaqtrader:N:BTGO,NAMECLASS:BITGO HOLDINGS INC,,common_equity,eligible,N,,,5.55,18.49,,8804347.994444445,16.84210526315788,-37.570303712036,-48.42007434944237,,69.98377501352083,75.549033910437,143.0,limited_but_usable,usable,2026-08-17,conditional,55.14,100.0,,,59.0,30.0,62.0,100.0,2.2.0,c8f1bf1665a8c5dfb834c0571e7dd5f6b6e5ccd00eab00295338bd42cfde549b
BTI,"British American Tobacco  Industries, p.l.c. Common Stock ADR",nasdaqtrader:N:BTI,SECURITY:BTI:nasdaqtrader:N:BTI,,adr,eligible,N,,,55.73,66.7,,254268426.4984127,-11.314449395289639,-14.380089107389782,-6.336134453781517,-2.943225357018464,16.44677661169416,33.933430947442154,276.0,full,usable,2026-08-17,conditional,84.14,100.0,,,73.0,82.0,92.0,100.0,2.2.0,c8f1bf1665a8c5dfb834c0571e7dd5f6b6e5ccd00eab00295338bd42cfde549b
BTMD,Biote Corp. - Class A common stock,nasdaqtrader:Q:BTMD,NAMECLASS:BIOTE CORP,,common_equity,eligible,Q,,,1.37,3.49,,561090.3512698413,-43.62139917695473,-30.456852791878163,-35.68075117370891,-54.02684563758389,60.74498567335244,118.79666756569584,276.0,full,usable,2026-08-17,rejected,58.43,100.0,,,67.0,70.0,0.0,100.0,2.2.0,c8f1bf1665a8c5dfb834c0571e7dd5f6b6e5ccd00eab00295338bd42cfde549b
BTOG,Bit Origin Limited - Class A Ordinary Shares,nasdaqtrader:Q:BTOG,NAMECLASS:BIT ORIGIN LIMITED,,common_equity,eligible,Q,,,0.8199,30.96,,1216862.847642857,-11.400475470067006,-54.701657458563545,-71.23157894736842,-97.32757496740547,97.3517441860465,75.015654705022,276.0,full,usable,2026-08-17,rejected,32.14,100.0,,,25.0,30.0,0.0,100.0,2.2.0,c8f1bf1665a8c5dfb834c0571e7dd5f6b6e5ccd00eab00295338bd42cfde549b
BTQ,BTQ Technologies Corp. - Common Stock,nasdaqtrader:Q:BTQ,SECURITY:BTQ:nasdaqtrader:Q:BTQ,,common_equity,eligible,Q,,,3.85,14.14,,15860395.523253968,16.666666666666675,31.399317406143346,38.48920863309353,,72.77227722772277,84.53271963366514,223.0,limited_but_usable,usable,2026-08-17,conditional,48.86,100.0,,,37.0,30.0,62.0,100.0,2.2.0,c8f1bf1665a8c5dfb834c0571e7dd5f6b6e5ccd00eab00295338bd42cfde549b
BTSG,"BrightSpring Health Services, Inc. - Common Stock",nasdaqtrader:Q:BTSG,SECURITY:BTSG:nasdaqtrader:Q:BTSG,,common_equity,eligible,Q,,,60.38,72.91,,246652854.09166667,-14.584806903380954,4.283246977547495,55.378281008749376,167.40478299379987,17.18557125222877,72.37657826672353,276.0,full,usable,2026-08-17,conditional,87.57,100.0,,,85.0,82.0,92.0,100.0,2.2.0,c8f1bf1665a8c5dfb834c0571e7dd5f6b6e5ccd00eab00295338bd42cfde549b
BTTC,Black Titan Corp - Ordinary Shares,nasdaqtrader:Q:BTTC,SECURITY:BTTC:nasdaqtrader:Q:BTTC,,common_equity,eligible,Q,,,0.599,23.98,,397887.0657285714,-34.63553033609777,-51.30081300813008,-65.17441860465117,-87.64948453608248,97.5020850708924,103.32317992140997,276.0,full,usable,2026-08-17,rejected,32.14,100.0,,,25.0,30.0,0.0,100.0,2.2.0,c8f1bf1665a8c5dfb834c0571e7dd5f6b6e5ccd00eab00295338bd42cfde549b
BTU,Peabody Energy Corporation Common Stock,nasdaqtrader:N:BTU,SECURITY:BTU:nasdaqtrader:N:BTU,,common_equity,eligible,N,,,25.91,39.5,,76344616.97190477,15.463458110516925,9.002944888514941,-24.789550072568943,44.18475236505288,34.405063291139236,48.72388450461126,276.0,full,usable,2026-08-17,conditional,85.71,100.0,,,75.0,92.0,80.0,100.0,2.2.0,c8f1bf1665a8c5dfb834c0571e7dd5f6b6e5ccd00eab00295338bd42cfde549b
BUD,Anheuser-Busch Inbev SA Sponsored ADR (Belgium),nasdaqtrader:N:BUD,SECURITY:BUD:nasdaqtrader:N:BUD,,adr,eligible,N,,,77.2,86.48,,161513615.0990476,-4.182698274792096,-4.597132970835394,-3.968155243189453,27.22478576137113,10.730804810360784,25.478829662336285,276.0,full,usable,2026-08-17,conditional,88.14,100.0,,,87.0,82.0,92.0,100.0,2.2.0,c8f1bf1665a8c5dfb834c0571e7dd5f6b6e5ccd00eab00295338bd42cfde549b
BUDA,"Buda Juice, Inc. Common Stock",nasdaqtrader:A:BUDA,SECURITY:BUDA:nasdaqtrader:A:BUDA,,common_equity,eligible,A,,,8.72,10.86,,159830.18866190477,-9.730848861283636,-6.236559139784948,-8.210526315789469,,19.70534069981583,84.57918534905828,152.0,limited_but_usable,usable,2026-08-17,rejected,60.43,100.0,,,59.0,82.0,0.0,100.0,2.2.0,c8f1bf1665a8c5dfb834c0571e7dd5f6b6e5ccd00eab00295338bd42cfde549b
BULL,Webull Corporation - Class A Ordinary Shares,nasdaqtrader:Q:BULL,NAMECLASS:WEBULL CORPORATION,,common_equity,eligible,Q,,,8.16,16.005,,78835876.39523809,12.863070539419086,15.580736543909346,35.77371048252913,-47.18446601941747,49.01593252108716,46.461627599917406,276.0,full,usable,2026-08-17,conditional,78.21,100.0,,,45.0,95.0,80.0,100.0,2.2.0,c8f1bf1665a8c5dfb834c0571e7dd5f6b6e5ccd00eab00295338bd42cfde549b
BUR,Burford Capital Limited Ordinary Shares,nasdaqtrader:N:BUR,SECURITY:BUR:nasdaqtrader:N:BUR,,common_equity,eligible,N,,,4.27,14.0,,9354858.144126985,8.92857142857142,-8.172043010752706,-54.526091586794465,-68.55670103092784,69.5,34.27355320943615,276.0,full,usable,2026-08-17,conditional,54.57,100.0,,,57.0,30.0,62.0,100.0,2.2.0,c8f1bf1665a8c5dfb834c0571e7dd5f6b6e5ccd00eab00295338bd42cfde549b
BURL,"Burlington Stores, Inc. Common Stock",nasdaqtrader:N:BURL,SECURITY:BURL:nasdaqtrader:N:BURL,,common_equity,eligible,N,,,336.85,372.19,,269253006.8784127,-2.4499724884885943,14.730926430517698,11.4032476766875,19.734830981409758,9.495150326446167,32.00457428432834,276.0,full,usable,2026-08-17,conditional,84.71,100.0,,,75.0,82.0,92.0,100.0,2.2.0,c8f1bf1665a8c5dfb834c0571e7dd5f6b6e5ccd00eab00295338bd42cfde549b
BUSE,First Busey Corporation - Common Stock,nasdaqtrader:Q:BUSE,SECURITY:BUSE:nasdaqtrader:Q:BUSE,,common_equity,eligible,Q,,,31.08,31.58,,24374460.883809526,3.6345448482827614,20.41844246416118,17.06214689265535,32.59385665529009,1.583280557314759,18.40829695347363,276.0,full,usable,2026-08-17,conditional,49.71,100.0,,,65.0,10.0,62.0,100.0,2.2.0,c8f1bf1665a8c5dfb834c0571e7dd5f6b6e5ccd00eab00295338bd42cfde549b
BUUU,BUUU Group Limited - Class A Ordinary Share,nasdaqtrader:Q:BUUU,NAMECLASS:BUUU GROUP LIMITED,,common_equity,eligible,Q,,,27.55,30.85,,1214650.0045920634,25.74167047010498,31.19047619047619,102.20331892344166,588.75,10.696920583468394,110.00384053044239,253.0,full,usable,2026-08-17,rejected,64.43,100.0,,,73.0,82.0,0.0,100.0,2.2.0,c8f1bf1665a8c5dfb834c0571e7dd5f6b6e5ccd00eab00295338bd42cfde549b
BV,"BrightView Holdings, Inc. Common Stock",nasdaqtrader:N:BV,SECURITY:BV:nasdaqtrader:N:BV,,common_equity,eligible,N,,,11.35,14.88,,12127858.899999999,-21.83195592286501,-9.705648369132858,-16.971470373079732,-23.258958755916158,23.7231182795699,69.96739747492714,276.0,full,usable,2026-08-17,conditional,81.29,100.0,,,73.0,92.0,62.0,100.0,2.2.0,c8f1bf1665a8c5dfb834c0571e7dd5f6b6e5ccd00eab00295338bd42cfde549b
BVC,BitVentures Limited - Ordinary Share,nasdaqtrader:Q:BVC,SECURITY:BVC:nasdaqtrader:Q:BVC,,common_equity,eligible,Q,,,14.6,30.3,,396289.0512095238,34.68634686346863,44.26877470355733,100.0,150.38586863316752,51.81518151815181,110.73009555994815,276.0,full,usable,2026-08-17,rejected,60.14,100.0,,,73.0,70.0,0.0,100.0,2.2.0,c8f1bf1665a8c5dfb834c0571e7dd5f6b6e5ccd00eab00295338bd42cfde549b
BVFL,"BV Financial, Inc. - Common Stock",nasdaqtrader:Q:BVFL,SECURITY:BVFL:nasdaqtrader:Q:BVFL,,common_equity,eligible,Q,,,21.36,21.83,,422674.6144444445,-0.6049325267566297,9.314227226202654,9.482316760635555,29.92700729927007,2.153000458085197,33.2328950886602,276.0,full,usable,2026-08-17,rejected,39.29,100.0,,,75.0,10.0,0.0,100.0,2.2.0,c8f1bf1665a8c5dfb834c0571e7dd5f6b6e5ccd00eab00295338bd42cfde549b
BVN,Buenaventura Mining Company Inc.,qrgf-resolution-required:N:BVN,SECURITY:BVN:qrgf-resolution-required:N:BVN,,common_equity,eligible,N,,,33.96,43.67,,33843455.85761905,12.301587301587302,-0.962379702537175,-10.537407797681775,86.08219178082193,22.234943897412407,45.01257985995537,276.0,full,usable,2026-08-17,conditional,91.43,100.0,,,95.0,92.0,80.0,100.0,2.2.0,c8f1bf1665a8c5dfb834c0571e7dd5f6b6e5ccd00eab00295338bd42cfde549b
BVS,Bioventus Inc. - Class A Common Stock,nasdaqtrader:Q:BVS,NAMECLASS:BIOVENTUS INC,,common_equity,eligible,Q,,,13.88,15.26,,8522016.318333333,15.091210613598683,31.190926275992446,67.8355501813785,89.10081743869212,9.043250327653995,62.96412192324786,276.0,full,usable,2026-08-17,conditional,77.71,100.0,,,73.0,82.0,62.0,100.0,2.2.0,c8f1bf1665a8c5dfb834c0571e7dd5f6b6e5ccd00eab00295338bd42cfde549b
BW,"Babcock & Wilcox Enterprises, Inc. Common Stock",nasdaqtrader:N:BW,SECURITY:BW:nasdaqtrader:N:BW,,common_equity,eligible,N,,,9.92,21.85,,53989506.11619048,0.30333670374114163,-54.59954233409612,1.7435897435897463,490.4761904761905,54.59954233409612,101.47881503342025,276.0,full,usable,2026-08-17,conditional,80.14,100.0,,,83.0,70.0,80.0,100.0,2.2.0,c8f1bf1665a8c5dfb834c0571e7dd5f6b6e5ccd00eab00295338bd42cfde549b
BWA,BorgWarner Inc. Common Stock,nasdaqtrader:N:BWA,SECURITY:BWA:nasdaqtrader:N:BWA,,common_equity,eligible,N,,,69.9,77.03,,194124114.35777777,11.94746957078796,10.583768391077374,11.305732484076447,68.6369119420989,9.256133973776448,30.707714935200165,276.0,full,usable,2026-08-17,conditional,87.0,100.0,,,83.0,82.0,92.0,100.0,2.2.0,c8f1bf1665a8c5dfb834c0571e7dd5f6b6e5ccd00eab00295338bd42cfde549b
BWAY,BrainsWay Ltd. - American Depositary Shares,nasdaqtrader:Q:BWAY,SECURITY:BWAY:nasdaqtrader:Q:BWAY,,adr,eligible,Q,,,15.49,17.17,,1970177.2425396827,-1.5257469802924306,3.0605455755156497,34.69565217391304,141.46531566640687,9.784507862550972,67.37046022336995,276.0,full,usable,2026-08-17,rejected,67.86,100.0,,,85.0,82.0,0.0,100.0,2.2.0,c8f1bf1665a8c5dfb834c0571e7dd5f6b6e5ccd00eab00295338bd42cfde549b
BWB,"Bridgewater Bancshares, Inc. - Common Stock",nasdaqtrader:Q:BWB,SECURITY:BWB:nasdaqtrader:Q:BWB,,common_equity,eligible,Q,,,22.33,22.49,,3947882.1020634924,1.2239347234814124,24.124513618677046,16.362688900468967,39.91228070175437,0.7114273010226824,25.300282991083655,276.0,full,usable,2026-08-17,conditional,46.07,100.0,,,65.0,10.0,45.0,100.0,2.2.0,c8f1bf1665a8c5dfb834c0571e7dd5f6b6e5ccd00eab00295338bd42cfde549b
BWEN,"Broadwind, Inc. - Common Stock",nasdaqtrader:Q:BWEN,SECURITY:BWEN:nasdaqtrader:Q:BWEN,,common_equity,eligible,Q,,,5.27,5.44,,2735941.6292857146,9.336099585062229,16.5929203539823,118.67219917012446,128.1385281385281,3.125000000000011,138.88591701387563,276.0,full,usable,2026-08-17,conditional,48.36,100.0,,,73.0,10.0,45.0,100.0,2.2.0,c8f1bf1665a8c5dfb834c0571e7dd5f6b6e5ccd00eab00295338bd42cfde549b
BWFG,"Bankwell Financial Group, Inc. - Common Stock",nasdaqtrader:Q:BWFG,SECURITY:BWFG:nasdaqtrader:Q:BWFG,,common_equity,eligible,Q,,,67.66,68.15,,4310831.450396826,12.579034941763712,33.83443774107406,38.81821912187113,65.42787286063569,0.7190022010271635,24.721382849978866,276.0,full,usable,2026-08-17,conditional,48.36,100.0,,,73.0,10.0,45.0,100.0,2.2.0,c8f1bf1665a8c5dfb834c0571e7dd5f6b6e5ccd00eab00295338bd42cfde549b
BWIN,"The Baldwin Insurance Group, Inc. - Class A Common Stock",nasdaqtrader:Q:BWIN,NAMECLASS:THE BALDWIN INSURANCE GROUP INC,,common_equity,eligible,Q,,,30.77,34.11,,38313933.36111111,12.917431192660555,53.696303696303694,86.48484848484847,-7.291352817113584,9.791849897390792,50.34269759087353,276.0,full,usable,2026-08-17,conditional,75.29,100.0,,,51.0,82.0,80.0,100.0,2.2.0,c8f1bf1665a8c5dfb834c0571e7dd5f6b6e5ccd00eab00295338bd42cfde549b
BWLP,BW LPG Limited Common Shares,nasdaqtrader:N:BWLP,SECURITY:BWLP:nasdaqtrader:N:BWLP,,common_equity,eligible,N,,,23.1,23.1,,8873223.636507938,13.4020618556701,9.686609686609703,38.075313807531394,58.544955387783126,0.0,39.839651903237694,276.0,full,usable,2026-08-17,conditional,52.0,100.0,,,73.0,10.0,62.0,100.0,2.2.0,c8f1bf1665a8c5dfb834c0571e7dd5f6b6e5ccd00eab00295338bd42cfde549b
BWMN,Bowman Consulting Group Ltd. - Common Stock,nasdaqtrader:Q:BWMN,SECURITY:BWMN:nasdaqtrader:Q:BWMN,,common_equity,eligible,Q,,,42.37,44.43,,8689570.671746032,67.40418806795734,35.97560975609755,25.503554502369674,7.34735241955915,4.636506864731038,132.5792790188051,276.0,full,usable,2026-08-17,conditional,47.43,100.0,,,57.0,10.0,62.0,100.0,2.2.0,c8f1bf1665a8c5dfb834c0571e7dd5f6b6e5ccd00eab00295338bd42cfde549b
BWMX,"Betterware de Mexico, S.A.P.I. de C.V. Ordinary Shares",nasdaqtrader:N:BWMX,SECURITY:BWMX:nasdaqtrader:N:BWMX,,common_equity,eligible,N,,,15.93,19.44,,1329418.787936508,-13.140676117775351,-0.6857855361595999,-12.472527472527473,23.58417377812256,18.055555555555557,29.11056560826658,276.0,full,usable,2026-08-17,rejected,68.43,100.0,,,87.0,82.0,0.0,100.0,2.2.0,c8f1bf1665a8c5dfb834c0571e7dd5f6b6e5ccd00eab00295338bd42cfde549b
BWXT,"BWX Technologies, Inc. Common Stock",nasdaqtrader:N:BWXT,SECURITY:BWXT:nasdaqtrader:N:BWXT,,common_equity,eligible,N,,,171.54,238.42,,178979912.89063492,0.2103049421661396,-16.207502930832362,-14.401197604790427,-1.8088151116199214,28.0513379750021,41.99640104236406,276.0,full,usable,2026-08-17,conditional,87.71,100.0,,,73.0,92.0,92.0,100.0,2.2.0,c8f1bf1665a8c5dfb834c0571e7dd5f6b6e5ccd00eab00295338bd42cfde549b
BX,Blackstone Inc. Common Stock,nasdaqtrader:N:BX,SECURITY:BX:nasdaqtrader:N:BX,,common_equity,eligible,N,,,140.57,188.68,,640017811.8930159,10.7635332125128,19.238272966324544,8.24734329277681,-19.527135333180677,25.49819800720797,37.64868532471173,276.0,full,usable,2026-08-17,conditional,86.0,100.0,,,61.0,92.0,100.0,100.0,2.2.0,c8f1bf1665a8c5dfb834c0571e7dd5f6b6e5ccd00eab00295338bd42cfde549b
BXBL,"BOXABL, Inc.  - Common stock",nasdaqtrader:Q:BXBL,SECURITY:BXBL:nasdaqtrader:Q:BXBL,,common_equity,eligible,Q,,,4.3,14.89,,2953856.7403650796,-48.19277108433736,-58.37366892545983,-57.341269841269835,-57.00000000000001,71.12155809267966,155.37154321866385,276.0,full,usable,2026-08-17,conditional,47.5,100.0,,,45.0,30.0,45.0,100.0,2.2.0,c8f1bf1665a8c5dfb834c0571e7dd5f6b6e5ccd00eab00295338bd42cfde549b
BXC,Bluelinx Holdings Inc. Common Stock,nasdaqtrader:N:BXC,SECURITY:BXC:nasdaqtrader:N:BXC,,common_equity,eligible,N,,,85.29,91.41,,9931998.201587303,41.06847502480979,68.75741986545312,14.6525070574002,9.909793814432998,6.695109944207411,88.48593333087835,276.0,full,usable,2026-08-17,conditional,56.71,100.0,,,67.0,28.0,62.0,100.0,2.2.0,c8f1bf1665a8c5dfb834c0571e7dd5f6b6e5ccd00eab00295338bd42cfde549b
BXDC,Blackstone Digital Infrastructure Trust Inc. Common Stock,nasdaqtrader:N:BXDC,SECURITY:BXDC:nasdaqtrader:N:BXDC,,common_equity,eligible,N,,,20.33,22.34,,21589961.459523812,3.513238289205689,1.1442786069651545,,,8.997314234556853,30.85481610493499,65.0,insufficient,usable,2026-08-17,recheck,,71.43,,,,82.0,62.0,88.0,2.2.0,c8f1bf1665a8c5dfb834c0571e7dd5f6b6e5ccd00eab00295338bd42cfde549b
BXMT,"Blackstone Mortgage Trust, Inc. Common Stock",nasdaqtrader:N:BXMT,SECURITY:BXMT:nasdaqtrader:N:BXMT,,common_equity,eligible,N,,,14.24,20.63,,31747824.861111112,-16.62763466042153,-21.151716500553707,-27.12384851586489,-25.249343832020998,30.97430925836161,35.44131698731675,276.0,full,usable,2026-08-17,conditional,83.43,100.0,,,67.0,92.0,80.0,100.0,2.2.0,c8f1bf1665a8c5dfb834c0571e7dd5f6b6e5ccd00eab00295338bd42cfde549b
BXP,"BXP, Inc. Common Stock",nasdaqtrader:N:BXP,SECURITY:BXP:nasdaqtrader:N:BXP,,common_equity,eligible,N,,,66.69,78.93,,94691753.51301587,-4.523979957050816,13.99999999999999,8.456659619450303,2.269590553596079,15.507411630558732,27.60714086983474,276.0,full,usable,2026-08-17,conditional,79.86,100.0,,,67.0,82.0,80.0,100.0,2.2.0,c8f1bf1665a8c5dfb834c0571e7dd5f6b6e5ccd00eab00295338bd42cfde549b
BY,"Byline Bancorp, Inc. Common Stock",nasdaqtrader:N:BY,SECURITY:BY:nasdaqtrader:N:BY,,common_equity,eligible,N,,,39.15,39.78,,10840474.636666667,2.863899106673662,22.804265997490592,19.06934306569341,42.36363636363636,1.5837104072398245,17.470596226034296,276.0,full,usable,2026-08-17,conditional,49.71,100.0,,,65.0,10.0,62.0,100.0,2.2.0,c8f1bf1665a8c5dfb834c0571e7dd5f6b6e5ccd00eab00295338bd42cfde549b
BYAH,"Park Ha Biological Technology Co., Ltd. - Class A Ordinary Shares",nasdaqtrader:Q:BYAH,NAMECLASS:PARK HA BIOLOGICAL TECHNOLOGY CO LTD,,common_equity,eligible,Q,,,2.96,228.0,,6821561.920142856,-18.815139879319798,-70.86614173228347,-87.90849673202614,-98.72567590838644,98.70175438596492,143.07651793030496,276.0,full,usable,2026-08-17,conditional,38.29,100.0,,,0.0,30.0,62.0,100.0,2.2.0,c8f1bf1665a8c5dfb834c0571e7dd5f6b6e5ccd00eab00295338bd42cfde549b
BYD,Boyd Gaming Corporation Common Stock,nasdaqtrader:N:BYD,SECURITY:BYD:nasdaqtrader:N:BYD,,common_equity,eligible,N,,,82.77,91.26,,85111416.80111112,-5.642954856361149,4.652927045138444,0.9513355287230185,-1.4055985705777374,9.303090072320852,25.879017099418306,276.0,full,usable,2026-08-17,conditional,81.57,100.0,,,73.0,82.0,80.0,100.0,2.2.0,c8f1bf1665a8c5dfb834c0571e7dd5f6b6e5ccd00eab00295338bd42cfde549b
BYFC,Broadway Financial Corporation - Class A Common Stock,nasdaqtrader:Q:BYFC,NAMECLASS:BROADWAY FINANCIAL CORPORATION,,common_equity,eligible,Q,,,11.56,11.9051,,59068.245712698415,20.2913631633715,11.177364442478211,39.951573849878955,50.26256954193313,2.8987576752820154,35.5327563008476,276.0,full,usable,2026-08-17,rejected,38.71,100.0,,,73.0,10.0,0.0,100.0,2.2.0,c8f1bf1665a8c5dfb834c0571e7dd5f6b6e5ccd00eab00295338bd42cfde549b
BYRN,"Byrna Technologies, Inc. - Common Stock",nasdaqtrader:Q:BYRN,SECURITY:BYRN:nasdaqtrader:Q:BYRN,,common_equity,eligible,Q,,,3.96,27.63,,3645843.8225396825,18.562874251497007,-20.161290322580648,-68.34532374100719,-80.0302571860817,85.66775244299674,153.1440704970554,276.0,full,usable,2026-08-17,conditional,45.21,100.0,,,37.0,30.0,45.0,100.0,2.2.0,c8f1bf1665a8c5dfb834c0571e7dd5f6b6e5ccd00eab00295338bd42cfde549b
BYSI,"BeyondSpring, Inc. - Ordinary Shares",nasdaqtrader:Q:BYSI,SECURITY:BYSI:nasdaqtrader:Q:BYSI,,common_equity,eligible,Q,,,0.7115,2.35,,670751.098336508,-44.84496124031008,-47.68382352941176,-43.97637795275591,-64.60199004975125,69.72340425531915,137.73422879397933,276.0,full,usable,2026-08-17,rejected,40.71,100.0,,,55.0,30.0,0.0,100.0,2.2.0,c8f1bf1665a8c5dfb834c0571e7dd5f6b6e5ccd00eab00295338bd42cfde549b
BZ,KANZHUN LIMITED - American Depository Shares,nasdaqtrader:Q:BZ,SECURITY:BZ:nasdaqtrader:Q:BZ,,adr,eligible,Q,,,15.55,24.91,,52835769.26174603,4.292421193829643,10.51883439943142,-10.219399538106233,-27.06378986866792,37.57527097551184,41.05778351296286,276.0,full,usable,2026-08-17,conditional,81.07,100.0,,,55.0,95.0,80.0,100.0,2.2.0,c8f1bf1665a8c5dfb834c0571e7dd5f6b6e5ccd00eab00295338bd42cfde549b
BZAI,"Blaize Holdings, Inc. - Common Stock",nasdaqtrader:Q:BZAI,SECURITY:BZAI:nasdaqtrader:Q:BZAI,,common_equity,eligible,Q,,,0.5206,6.29,,6519129.174304762,-51.117370892018776,-60.25954198473282,-55.88135593220339,-86.22751322751323,91.72337042925278,220.29817191714662,276.0,full,usable,2026-08-17,conditional,45.43,100.0,,,25.0,30.0,62.0,100.0,2.2.0,c8f1bf1665a8c5dfb834c0571e7dd5f6b6e5ccd00eab00295338bd42cfde549b
BZFD,"BuzzFeed, Inc. - Class A Common Stock",nasdaqtrader:Q:BZFD,NAMECLASS:BUZZFEED INC,,common_equity,eligible,Q,,,1.11,2.09,,1685160.4465079363,-16.541353383458645,-25.503355704697984,35.87954461990455,-45.32019704433496,46.88995215311004,68.2120907797853,276.0,full,usable,2026-08-17,rejected,64.5,100.0,,,57.0,95.0,0.0,100.0,2.2.0,c8f1bf1665a8c5dfb834c0571e7dd5f6b6e5ccd00eab00295338bd42cfde549b
BZH,"Beazer Homes USA, Inc. Common Stock",nasdaqtrader:N:BZH,SECURITY:BZH:nasdaqtrader:N:BZH,,common_equity,eligible,N,,,33.17,34.07,,18037172.395555556,0.7900334244910434,49.954792043399635,19.704077950198485,30.899763220205223,2.6416201937188077,41.384906263853175,276.0,full,usable,2026-08-17,conditional,49.71,100.0,,,65.0,10.0,62.0,100.0,2.2.0,c8f1bf1665a8c5dfb834c0571e7dd5f6b6e5ccd00eab00295338bd42cfde549b
BZUN,Baozun Inc. - American Depositary Shares,nasdaqtrader:Q:BZUN,SECURITY:BZUN:nasdaqtrader:Q:BZUN,,adr,eligible,Q,,,2.78,4.77,,703182.3963492063,10.756972111553797,13.008130081300816,3.731343283582067,1.0909090909090757,41.71907756813417,54.41554523391605,276.0,full,usable,2026-08-17,rejected,67.36,100.0,,,67.0,95.0,0.0,100.0,2.2.0,c8f1bf1665a8c5dfb834c0571e7dd5f6b6e5ccd00eab00295338bd42cfde549b
C,"Citigroup, Inc. Common Stock",nasdaqtrader:N:C,SECURITY:C:nasdaqtrader:N:C,,common_equity,eligible,N,,,138.51,145.67,,1624523386.7320635,7.073283858998125,12.226543509965971,24.941367490528577,45.09742300439974,4.915219331365417,31.787380568879474,276.0,full,usable,2026-08-17,conditional,57.86,100.0,,,65.0,10.0,100.0,100.0,2.2.0,c8f1bf1665a8c5dfb834c0571e7dd5f6b6e5ccd00eab00295338bd42cfde549b
CAAP,Corporacion America Airports SA Common Shares,nasdaqtrader:N:CAAP,SECURITY:CAAP:nasdaqtrader:N:CAAP,,common_equity,eligible,N,,,24.01,30.35,,4962308.752380952,-3.302456705598056,0.6286672254819825,-14.127324749642344,13.147973609802088,20.88962108731466,28.03096975348744,276.0,full,usable,2026-08-17,conditional,79.36,100.0,,,79.0,92.0,45.0,100.0,2.2.0,c8f1bf1665a8c5dfb834c0571e7dd5f6b6e5ccd00eab00295338bd42cfde549b
CAAS,"China Automotive Systems, Inc. - Ordinary Share",nasdaqtrader:Q:CAAS,SECURITY:CAAS:nasdaqtrader:Q:CAAS,,common_equity,eligible,Q,,,4.575,5.02,,117539.45301587302,4.214123006833725,-3.2769556025370017,2.3489932885906173,10.911779679507383,8.864541832669314,32.20178013908438,276.0,full,usable,2026-08-17,rejected,66.14,100.0,,,79.0,82.0,0.0,100.0,2.2.0,c8f1bf1665a8c5dfb834c0571e7dd5f6b6e5ccd00eab00295338bd42cfde549b
CABA,"Cabaletta Bio, Inc. - Common Stock",nasdaqtrader:Q:CABA,SECURITY:CABA:nasdaqtrader:Q:CABA,,common_equity,eligible,Q,,,2.89,4.15,,13319730.142539684,2.1201413427561766,-12.688821752265856,3.214285714285725,75.15151515151517,30.361445783132535,50.19467984065492,276.0,full,usable,2026-08-17,conditional,87.57,100.0,,,95.0,92.0,62.0,100.0,2.2.0,c8f1bf1665a8c5dfb834c0571e7dd5f6b6e5ccd00eab00295338bd42cfde549b
CABO,"Cable One, Inc. Common Stock",nasdaqtrader:N:CABO,SECURITY:CABO:nasdaqtrader:N:CABO,,common_equity,eligible,N,,,29.88,178.48,,10621112.346190475,-23.96946564885496,-38.73282755792496,-73.69255150554675,-80.33563672260613,83.25862841774989,118.18766161716512,276.0,full,usable,2026-08-17,conditional,48.86,100.0,,,37.0,30.0,62.0,100.0,2.2.0,c8f1bf1665a8c5dfb834c0571e7dd5f6b6e5ccd00eab00295338bd42cfde549b
CAC,Camden National Corporation - Common Stock,nasdaqtrader:Q:CAC,SECURITY:CAC:nasdaqtrader:Q:CAC,,common_equity,eligible,Q,,,58.38,59.77,,5584286.1637301585,7.712177121771213,23.32065906210392,16.55020962267917,48.02231237322516,2.3255813953488413,25.022832856567696,276.0,full,usable,2026-08-17,conditional,49.71,100.0,,,65.0,10.0,62.0,100.0,2.2.0,c8f1bf1665a8c5dfb834c0571e7dd5f6b6e5ccd00eab00295338bd42cfde549b
CACC,Credit Acceptance Corporation - Common Stock,nasdaqtrader:Q:CACC,SECURITY:CACC:nasdaqtrader:Q:CACC,,common_equity,eligible,Q,,,573.09,657.2,,91983694.77119048,-10.454687499999993,4.6147386867709805,18.41191784784495,19.97864589875644,12.798234936092513,28.933729540245363,276.0,full,usable,2026-08-17,conditional,82.71,100.0,,,77.0,82.0,80.0,100.0,2.2.0,c8f1bf1665a8c5dfb834c0571e7dd5f6b6e5ccd00eab00295338bd42cfde549b
CACI,"CACI International, Inc. Class A Common Stock",nasdaqtrader:N:CACI,NAMECLASS:CACI INTERNATIONAL INC,,common_equity,eligible,N,,,649.34,680.08,,149455312.85873017,40.68376809082244,33.34565467389521,13.263561834990423,32.33471916524009,4.520056463945421,67.72884166749516,276.0,full,usable,2026-08-17,conditional,59.0,100.0,,,75.0,10.0,92.0,100.0,2.2.0,c8f1bf1665a8c5dfb834c0571e7dd5f6b6e5ccd00eab00295338bd42cfde549b
CADL,"Candel Therapeutics, Inc. - Common Stock",nasdaqtrader:Q:CADL,SECURITY:CADL:nasdaqtrader:Q:CADL,,common_equity,eligible,Q,,,12.16,12.16,,15804780.946031746,19.449901768172893,38.654503990878,114.08450704225355,101.32450331125828,0.0,56.61861179463972,276.0,full,usable,2026-08-17,conditional,52.0,100.0,,,73.0,10.0,62.0,100.0,2.2.0,c8f1bf1665a8c5dfb834c0571e7dd5f6b6e5ccd00eab00295338bd42cfde549b
CAE,CAE Inc - Common Shares,nasdaqtrader:Q:CAE,SECURITY:CAE:nasdaqtrader:Q:CAE,,common_equity,eligible,Q,,,27.14,34.05,,19708846.752698414,9.923045767517213,6.473126716359356,-10.191925876902708,-3.1060335594430555,20.29368575624081,28.656302122707757,276.0,full,usable,2026-08-17,conditional,77.86,100.0,,,61.0,92.0,62.0,100.0,2.2.0,c8f1bf1665a8c5dfb834c0571e7dd5f6b6e5ccd00eab00295338bd42cfde549b
CAES,"Cantor Equity Partners VII, Inc. - Class A Ordinary Shares",nasdaqtrader:Q:CAES,NAMECLASS:CANTOR EQUITY PARTNERS VII INC,,common_equity,eligible,Q,,,10.07,10.11,,2378598.9455952384,-0.09920634920634885,,,,0.39564787339266827,1.5259000968358547,42.0,insufficient,usable,2026-08-17,recheck,,71.43,,,,10.0,45.0,76.0,2.2.0,c8f1bf1665a8c5dfb834c0571e7dd5f6b6e5ccd00eab00295338bd42cfde549b
CAG,"ConAgra Brands, Inc. Common Stock",nasdaqtrader:N:CAG,SECURITY:CAG:nasdaqtrader:N:CAG,,common_equity,eligible,N,,,15.54,20.02,,242561930.23809522,8.823529411764696,15.711094564408047,-21.356275303643734,-20.102827763496144,22.377622377622373,33.99765616382674,276.0,full,usable,2026-08-17,conditional,84.29,100.0,,,61.0,92.0,92.0,100.0,2.2.0,c8f1bf1665a8c5dfb834c0571e7dd5f6b6e5ccd00eab00295338bd42cfde549b
CAH,"Cardinal Health, Inc. Common Stock",nasdaqtrader:N:CAH,SECURITY:CAH:nasdaqtrader:N:CAH,,common_equity,eligible,N,,,235.66,240.26,,510421716.73222226,3.1244530019254313,20.727459016393457,6.73490647221342,56.87658101451205,1.9145925247648354,23.899951678659175,276.0,full,usable,2026-08-17,conditional,63.0,100.0,,,83.0,10.0,100.0,100.0,2.2.0,c8f1bf1665a8c5dfb834c0571e7dd5f6b6e5ccd00eab00295338bd42cfde549b
CAI,"Caris Life Sciences, Inc. - Common Stock",nasdaqtrader:Q:CAI,SECURITY:CAI:nasdaqtrader:Q:CAI,,common_equity,eligible,Q,,,21.63,39.3,,64364074.671428576,31.170406306852637,48.65979381443297,4.8981571290009684,-41.52473641524737,44.9618320610687,79.58865431024518,276.0,full,usable,2026-08-17,conditional,81.07,100.0,,,55.0,95.0,80.0,100.0,2.2.0,c8f1bf1665a8c5dfb834c0571e7dd5f6b6e5ccd00eab00295338bd42cfde549b
CAKE,The Cheesecake Factory Incorporated - Common Stock,nasdaqtrader:Q:CAKE,SECURITY:CAKE:nasdaqtrader:Q:CAKE,,common_equity,eligible,Q,,,109.07,117.29,,132097897.73317459,27.165675644164633,83.34173810724491,85.90420998806884,72.1161432854663,7.008270099752756,50.28947332609509,276.0,full,usable,2026-08-17,conditional,64.86,100.0,,,73.0,28.0,92.0,100.0,2.2.0,c8f1bf1665a8c5dfb834c0571e7dd5f6b6e5ccd00eab00295338bd42cfde549b
CAL,"Caleres, Inc. Common Stock",nasdaqtrader:N:CAL,SECURITY:CAL:nasdaqtrader:N:CAL,,common_equity,eligible,N,,,13.28,15.75,,7877608.261111111,12.067510548523197,19.963866305329713,12.447078746824713,-8.9787525702536,15.682539682539687,58.33411618246732,276.0,full,usable,2026-08-17,conditional,74.29,100.0,,,61.0,82.0,62.0,100.0,2.2.0,c8f1bf1665a8c5dfb834c0571e7dd5f6b6e5ccd00eab00295338bd42cfde549b
CALM,"Cal-Maine Foods, Inc. - Common Stock",nasdaqtrader:Q:CALM,SECURITY:CALM:nasdaqtrader:Q:CALM,,common_equity,eligible,Q,,,80.435,116.8,,69978561.31698413,-9.164313946922642,4.62408949011448,-3.6013902205177306,-25.51625150476895,31.134417808219172,39.366993282969844,276.0,full,usable,2026-08-17,conditional,83.43,100.0,,,67.0,92.0,80.0,100.0,2.2.0,c8f1bf1665a8c5dfb834c0571e7dd5f6b6e5ccd00eab00295338bd42cfde549b
CALX,"Calix, Inc Common Stock",nasdaqtrader:N:CALX,SECURITY:CALX:nasdaqtrader:N:CALX,,common_equity,eligible,N,,,39.52,68.42,,44702085.263015874,0.9708737864077666,-0.7284601858829398,-25.881470367591895,-30.39802747446283,42.23911137094416,39.4985464497312,276.0,full,usable,2026-08-17,conditional,84.5,100.0,,,67.0,95.0,80.0,100.0,2.2.0,c8f1bf1665a8c5dfb834c0571e7dd5f6b6e5ccd00eab00295338bd42cfde549b
CALY,Callaway Golf Company Common Stock,nasdaqtrader:N:CALY,SECURITY:CALY:nasdaqtrader:N:CALY,,common_equity,eligible,N,,,16.61,19.66,,40021161.44904762,-14.293085655314751,9.061063690085348,31.930103256552812,68.11740890688259,15.513733468972536,39.5268085539195,276.0,full,usable,2026-08-17,conditional,81.57,100.0,,,73.0,82.0,80.0,100.0,2.2.0,c8f1bf1665a8c5dfb834c0571e7dd5f6b6e5ccd00eab00295338bd42cfde549b
CAMP,CAMP4 Therapeutics Corporation - Common Stock,nasdaqtrader:Q:CAMP,SECURITY:CAMP:nasdaqtrader:Q:CAMP,,common_equity,eligible,Q,,,5.0,7.13,,930336.5965079365,34.77088948787062,16.009280742459396,29.87012987012987,222.5806451612903,29.873772791023846,115.89690422172268,276.0,full,usable,2026-08-17,rejected,68.0,100.0,,,73.0,92.0,0.0,100.0,2.2.0,c8f1bf1665a8c5dfb834c0571e7dd5f6b6e5ccd00eab00295338bd42cfde549b
CAMT,Camtek Ltd. - Ordinary Shares,nasdaqtrader:Q:CAMT,SECURITY:CAMT:nasdaqtrader:Q:CAMT,,common_equity,eligible,Q,,,171.8,207.46,,84453710.67380951,17.550461854259325,2.0493020493020486,6.049382716049401,97.35784032165424,17.18885568302323,76.98015715418934,276.0,full,usable,2026-08-17,conditional,87.86,100.0,,,95.0,82.0,80.0,100.0,2.2.0,c8f1bf1665a8c5dfb834c0571e7dd5f6b6e5ccd00eab00295338bd42cfde549b
CANF,"Can-Fite Biopharma Ltd American Depositary Shares, each representing two (2) Ordinary Shares",nasdaqtrader:A:CANF,SECURITY:CANF:nasdaqtrader:A:CANF,,adr,eligible,A,,,3.58,13.32,,5675849.645238096,5.294117647058827,6.547619047619047,-20.971302428256077,-73.36309523809523,73.12312312312312,59.7972337797845,276.0,full,usable,2026-08-17,conditional,48.29,100.0,,,35.0,30.0,62.0,100.0,2.2.0,c8f1bf1665a8c5dfb834c0571e7dd5f6b6e5ccd00eab00295338bd42cfde549b
CANG,Cango Inc. Class A Ordinary Shares,nasdaqtrader:N:CANG,SECURITY:CANG:nasdaqtrader:N:CANG,,common_equity,eligible,N,,,1.79,55.0,,340724.96784126986,0.901916572717032,-66.86412439837098,-79.6590909090909,-96.29399585921325,96.74545454545455,118.49490049743837,276.0,full,usable,2026-08-17,rejected,27.86,100.0,,,10.0,30.0,0.0,100.0,2.2.0,c8f1bf1665a8c5dfb834c0571e7dd5f6b6e5ccd00eab00295338bd42cfde549b
CAPL,CrossAmerica Partners LP Common Units representing limited partner interests,qrgf-resolution-required:N:CAPL,SECURITY:CAPL:qrgf-resolution-required:N:CAPL,,common_equity,eligible,N,,,24.07,24.07,,1004698.9715873016,7.2638146167557816,4.606692742285956,3.9291882556131252,15.609990393852069,0.0,27.8128082942552,276.0,full,usable,2026-08-17,rejected,42.71,100.0,,,87.0,10.0,0.0,100.0,2.2.0,c8f1bf1665a8c5dfb834c0571e7dd5f6b6e5ccd00eab00295338bd42cfde549b
CAPR,"Capricor Therapeutics, Inc. - Common Stock",nasdaqtrader:Q:CAPR,SECURITY:CAPR:nasdaqtrader:Q:CAPR,,common_equity,eligible,Q,,,7.45,35.34,,44635757.26880952,-61.67695473251029,-74.1229593608892,-66.81514476614699,-4.241645244215942,78.91907187323146,361.47073479959755,276.0,full,usable,2026-08-17,conditional,51.57,100.0,,,33.0,30.0,80.0,100.0,2.2.0,c8f1bf1665a8c5dfb834c0571e7dd5f6b6e5ccd00eab00295338bd42cfde549b
CAR,"Avis Budget Group, Inc. - Common Stock",nasdaqtrader:Q:CAR,SECURITY:CAR:nasdaqtrader:Q:CAR,,common_equity,eligible,Q,,,141.3,713.97,,113484358.52666667,-12.000996450146339,-5.875299760191844,19.391634980988613,-10.75037897928246,80.2092524896004,47.548753500945615,276.0,full,usable,2026-08-17,conditional,62.71,100.0,,,63.0,30.0,92.0,100.0,2.2.0,c8f1bf1665a8c5dfb834c0571e7dd5f6b6e5ccd00eab00295338bd42cfde549b
CARE,"Carter Bankshares, Inc. - Common Stock",nasdaqtrader:Q:CARE,SECURITY:CARE:nasdaqtrader:Q:CARE,,common_equity,eligible,Q,,,32.03,35.72,,12616630.571984127,-3.958020989505251,22.20526516596719,46.92660550458716,74.45533769063182,10.330347144456887,30.160740587020356,276.0,full,usable,2026-08-17,conditional,77.71,100.0,,,73.0,82.0,62.0,100.0,2.2.0,c8f1bf1665a8c5dfb834c0571e7dd5f6b6e5ccd00eab00295338bd42cfde549b
CARG,"CarGurus, Inc. - Class A Common Stock",nasdaqtrader:Q:CARG,NAMECLASS:CARGURUS INC,,common_equity,eligible,Q,,,35.77,39.03,,43035029.11976191,2.200000000000002,24.764562260202318,30.833942940746173,12.661417322834655,8.352549321035097,45.01588889029613,276.0,full,usable,2026-08-17,conditional,77.0,100.0,,,57.0,82.0,80.0,100.0,2.2.0,c8f1bf1665a8c5dfb834c0571e7dd5f6b6e5ccd00eab00295338bd42cfde549b
CARL,"Carlsmed, Inc. - Common Stock",nasdaqtrader:Q:CARL,SECURITY:CARL:nasdaqtrader:Q:CARL,,common_equity,eligible,Q,,,13.78,16.99,,1955324.0474603174,18.181818181818166,25.158946412352414,25.844748858447495,-1.2186379928315394,18.893466745144195,58.124962431414126,269.0,full,usable,2026-08-17,rejected,58.14,100.0,,,51.0,82.0,0.0,100.0,2.2.0,c8f1bf1665a8c5dfb834c0571e7dd5f6b6e5ccd00eab00295338bd42cfde549b
CARR,Carrier Global Corporation Common Stock,nasdaqtrader:N:CARR,SECURITY:CARR:nasdaqtrader:N:CARR,,common_equity,eligible,N,,,62.56,76.0,,435839264.1628571,-8.92415198718881,-3.26271841657646,-4.342507645259941,-4.866180048661805,17.68421052631579,40.218128663193994,276.0,full,usable,2026-08-17,conditional,84.14,100.0,,,73.0,82.0,92.0,100.0,2.2.0,c8f1bf1665a8c5dfb834c0571e7dd5f6b6e5ccd00eab00295338bd42cfde549b
CARS,Cars.com Inc. Common Stock,nasdaqtrader:N:CARS,SECURITY:CARS:nasdaqtrader:N:CARS,,common_equity,eligible,N,,,11.86,13.79,,8264932.174126985,-1.0842368640533895,20.40609137055838,7.039711191335729,-4.738955823293168,13.995649021029733,49.5789075055135,276.0,full,usable,2026-08-17,conditional,74.29,100.0,,,61.0,82.0,62.0,100.0,2.2.0,c8f1bf1665a8c5dfb834c0571e7dd5f6b6e5ccd00eab00295338bd42cfde549b
CART,Maplebear Inc. - Common Stock,nasdaqtrader:Q:CART,SECURITY:CART:nasdaqtrader:Q:CART,,common_equity,eligible,Q,,,48.86,50.56,,188075136.80071428,6.6346573548668575,23.042054898010566,34.60055096418733,11.361823361823365,3.3623417721519,45.44729372029096,276.0,full,usable,2026-08-17,conditional,53.86,100.0,,,57.0,10.0,92.0,100.0,2.2.0,c8f1bf1665a8c5dfb834c0571e7dd5f6b6e5ccd00eab00295338bd42cfde549b
CASH,"Pathward Financial, Inc. - Common Stock",nasdaqtrader:Q:CASH,SECURITY:CASH:nasdaqtrader:Q:CASH,,common_equity,eligible,Q,,,85.39,99.93,,17753349.364126984,-4.86853832442068,6.8710888610763465,-7.636560302866413,11.417014613778708,14.55018512959072,30.94609933686789,276.0,full,usable,2026-08-17,conditional,76.0,100.0,,,67.0,82.0,62.0,100.0,2.2.0,c8f1bf1665a8c5dfb834c0571e7dd5f6b6e5ccd00eab00295338bd42cfde549b
CASS,"Cass Information Systems, Inc - Common Stock",nasdaqtrader:Q:CASS,SECURITY:CASS:nasdaqtrader:Q:CASS,,common_equity,eligible,Q,,,57.26,58.54,,4241432.82484127,7.389347336834207,25.4876177953101,27.20204376319004,35.76763485477179,2.1865391185514227,21.286861875243183,276.0,full,usable,2026-08-17,conditional,46.07,100.0,,,65.0,10.0,45.0,100.0,2.2.0,c8f1bf1665a8c5dfb834c0571e7dd5f6b6e5ccd00eab00295338bd42cfde549b
CAST,"FreeCast, Inc. - Class A common stock",nasdaqtrader:Q:CAST,NAMECLASS:FREECAST INC,,common_equity,eligible,Q,,,0.8598,9.84,,35986858.729433335,-67.43181818181819,-40.29166666666666,,,91.26219512195122,159.02632443333263,111.0,insufficient,usable,2026-08-17,recheck,,71.43,,,,30.0,80.0,88.0,2.2.0,c8f1bf1665a8c5dfb834c0571e7dd5f6b6e5ccd00eab00295338bd42cfde549b
CASY,"Caseys General Stores, Inc. - Common Stock",nasdaqtrader:Q:CASY,SECURITY:CASY:nasdaqtrader:Q:CASY,,common_equity,eligible,Q,,,870.01,916.28,,412313373.2577778,1.2675761244063777,2.0240398710055674,30.65959811371759,71.20114919910267,5.04976644693762,35.17955392836203,276.0,full,usable,2026-08-17,conditional,68.29,100.0,,,85.0,28.0,92.0,100.0,2.2.0,c8f1bf1665a8c5dfb834c0571e7dd5f6b6e5ccd00eab00295338bd42cfde549b
CAT,"Caterpillar, Inc. Common Stock",nasdaqtrader:N:CAT,SECURITY:CAT:nasdaqtrader:N:CAT,,common_equity,eligible,N,,,881.65,1064.9,,2963490464.5149207,0.15563229881401242,-0.749738267046407,13.87884267631103,111.17365269461077,17.208188562306326,39.61919467888931,276.0,full,usable,2026-08-17,conditional,92.14,100.0,,,95.0,82.0,100.0,100.0,2.2.0,c8f1bf1665a8c5dfb834c0571e7dd5f6b6e5ccd00eab00295338bd42cfde549b
CATO,Cato Corporation (The) Class A Common Stock,nasdaqtrader:N:CATO,NAMECLASS:CATO CORPORATION THE,,common_equity,eligible,N,,,3.27,4.72,,298771.55619047617,1.869158878504673,11.22448979591837,6.514657980456029,15.140845070422548,30.720338983050844,51.85082105332061,276.0,full,usable,2026-08-17,rejected,68.57,100.0,,,75.0,92.0,0.0,100.0,2.2.0,c8f1bf1665a8c5dfb834c0571e7dd5f6b6e5ccd00eab00295338bd42cfde549b
CATX,"Perspective Therapeutics, Inc. Common Stock",nasdaqtrader:A:CATX,SECURITY:CATX:nasdaqtrader:A:CATX,,common_equity,eligible,A,,,3.22,5.65,,5346850.380476191,7.692307692307687,-16.36363636363636,-31.48936170212766,-17.43589743589743,43.00884955752212,55.685629201625055,276.0,full,usable,2026-08-17,conditional,82.36,100.0,,,73.0,95.0,62.0,100.0,2.2.0,c8f1bf1665a8c5dfb834c0571e7dd5f6b6e5ccd00eab00295338bd42cfde549b
CATY,Cathay General Bancorp - Common Stock,nasdaqtrader:Q:CATY,SECURITY:CATY:nasdaqtrader:Q:CATY,,common_equity,eligible,Q,,,64.4,64.93,,29683259.865555555,2.6949449848509,15.806509620571841,20.75754734670918,33.278145695364245,0.8162636685661528,17.536601124358054,276.0,full,usable,2026-08-17,conditional,53.57,100.0,,,65.0,10.0,80.0,100.0,2.2.0,c8f1bf1665a8c5dfb834c0571e7dd5f6b6e5ccd00eab00295338bd42cfde549b
CAVA,"CAVA Group, Inc. Common Stock",nasdaqtrader:N:CAVA,SECURITY:CAVA:nasdaqtrader:N:CAVA,,common_equity,eligible,N,,,71.02,97.39,,262596285.59555557,3.1517792302106162,-7.610251073240548,11.842519685039354,3.0320615116784966,27.07670192011501,62.954050112606396,276.0,full,usable,2026-08-17,conditional,89.43,100.0,,,79.0,92.0,92.0,100.0,2.2.0,c8f1bf1665a8c5dfb834c0571e7dd5f6b6e5ccd00eab00295338bd42cfde549b
CB,Chubb Limited  Common Stock,nasdaqtrader:N:CB,SECURITY:CB:nasdaqtrader:N:CB,,common_equity,eligible,N,,,340.86,363.5,,613903184.2693651,-3.2087687414811494,5.155020823692746,4.896137867364225,23.616450279248568,6.228335625859693,25.152617350535227,276.0,full,usable,2026-08-17,conditional,67.14,100.0,,,75.0,28.0,100.0,100.0,2.2.0,c8f1bf1665a8c5dfb834c0571e7dd5f6b6e5ccd00eab00295338bd42cfde549b
CBAN,"Colony Bankcorp, Inc. Common Stock",nasdaqtrader:N:CBAN,SECURITY:CBAN:nasdaqtrader:N:CBAN,,common_equity,eligible,N,,,22.09,22.27,,5954744.8101587305,5.2907530981887385,14.634146341463406,8.497053045186643,32.9121540312876,0.808262236192181,24.304399656740745,276.0,full,usable,2026-08-17,conditional,52.57,100.0,,,75.0,10.0,62.0,100.0,2.2.0,c8f1bf1665a8c5dfb834c0571e7dd5f6b6e5ccd00eab00295338bd42cfde549b
CBC,"Central Bancompany, Inc. - Class A Common Stock",nasdaqtrader:Q:CBC,NAMECLASS:CENTRAL BANCOMPANY INC,,common_equity,eligible,Q,,,32.55,33.51,,22914250.346190475,2.7462121212121104,22.36842105263157,32.77585151947786,,2.86481647269472,17.560967450414072,184.0,limited_but_usable,usable,2026-08-17,conditional,41.71,100.0,,,37.0,10.0,62.0,100.0,2.2.0,c8f1bf1665a8c5dfb834c0571e7dd5f6b6e5ccd00eab00295338bd42cfde549b
CBFV,"CB Financial Services, Inc. - Common Stock",nasdaqtrader:Q:CBFV,SECURITY:CBFV:nasdaqtrader:Q:CBFV,,common_equity,eligible,Q,,,37.32,38.31,,235821.17603174603,2.64026402640265,8.804664723032074,1.3304371436329232,17.027281279397922,2.584181675802666,25.60647996943533,276.0,full,usable,2026-08-17,rejected,39.29,100.0,,,75.0,10.0,0.0,100.0,2.2.0,c8f1bf1665a8c5dfb834c0571e7dd5f6b6e5ccd00eab00295338bd42cfde549b
CBIO,"Crescent Biopharma, Inc. - Common Stock",nasdaqtrader:Q:CBIO,SECURITY:CBIO:nasdaqtrader:Q:CBIO,,common_equity,eligible,Q,,,17.48,26.98,,5785533.383333333,18.508474576271183,-12.468703054581864,95.52572706935125,25.484565685570715,35.2112676056338,76.78174125735954,276.0,full,usable,2026-08-17,conditional,83.5,100.0,,,77.0,95.0,62.0,100.0,2.2.0,c8f1bf1665a8c5dfb834c0571e7dd5f6b6e5ccd00eab00295338bd42cfde549b
CBK,"Commercial Bancgroup, Inc. - Common Stock",nasdaqtrader:Q:CBK,SECURITY:CBK:nasdaqtrader:Q:CBK,,common_equity,eligible,Q,,,35.06,35.44,,2534633.676111111,2.9964747356051813,26.937002172338897,35.4190807261491,,1.0722347629796736,21.054986514067085,219.0,limited_but_usable,usable,2026-08-17,conditional,38.07,100.0,,,37.0,10.0,45.0,100.0,2.2.0,c8f1bf1665a8c5dfb834c0571e7dd5f6b6e5ccd00eab00295338bd42cfde549b
CBL,"CBL & Associates Properties, Inc. Common Stock",nasdaqtrader:N:CBL,SECURITY:CBL:nasdaqtrader:N:CBL,,common_equity,eligible,N,,,56.94,60.05,,15507688.842698414,3.0215306676316223,22.188841201716734,62.453637660485015,89.42115768463074,5.179017485428805,31.36905719895187,276.0,full,usable,2026-08-17,conditional,58.43,100.0,,,73.0,28.0,62.0,100.0,2.2.0,c8f1bf1665a8c5dfb834c0571e7dd5f6b6e5ccd00eab00295338bd42cfde549b
CBLL,"CeriBell, Inc. - Common Stock",nasdaqtrader:Q:CBLL,SECURITY:CBLL:nasdaqtrader:Q:CBLL,,common_equity,eligible,Q,,,24.4,24.4,,6997097.797619048,30.341880341880344,49.69325153374231,23.41932220536165,106.95504664970312,0.0,53.95960852028043,276.0,full,usable,2026-08-17,conditional,52.0,100.0,,,73.0,10.0,62.0,100.0,2.2.0,c8f1bf1665a8c5dfb834c0571e7dd5f6b6e5ccd00eab00295338bd42cfde549b
CBNA,"Chain Bridge Bancorp, Inc. Class A Common Stock",nasdaqtrader:N:CBNA,NAMECLASS:CHAIN BRIDGE BANCORP INC,,common_equity,eligible,N,,,47.08,48.5,,752498.3628571428,12.282375387550681,27.934782608695663,33.9402560455192,72.45421245421244,2.9278350515463902,33.84584437719621,276.0,full,usable,2026-08-17,rejected,38.71,100.0,,,73.0,10.0,0.0,100.0,2.2.0,c8f1bf1665a8c5dfb834c0571e7dd5f6b6e5ccd00eab00295338bd42cfde549b
CBNK,"Capital Bancorp, Inc. - Common Stock",nasdaqtrader:Q:CBNK,SECURITY:CBNK:nasdaqtrader:Q:CBNK,,common_equity,eligible,Q,,,37.66,37.94,,2306183.1019047615,5.078124999999978,25.533333333333317,18.464926077382813,14.121212121212112,0.7380073800738018,20.806869477781387,276.0,full,usable,2026-08-17,conditional,43.79,100.0,,,57.0,10.0,45.0,100.0,2.2.0,c8f1bf1665a8c5dfb834c0571e7dd5f6b6e5ccd00eab00295338bd42cfde549b
CBOE,"Cboe Global Markets, Inc. Common Stock",nasdaqtrader:Z:CBOE,SECURITY:CBOE:nasdaqtrader:Z:CBOE,,common_equity,eligible,Z,,,295.0,366.7,,400399380.05,7.8965655974543525,-18.737259655115412,7.229835338591828,21.045504903368762,19.552767930188164,36.331397810438474,276.0,full,usable,2026-08-17,conditional,88.14,100.0,,,87.0,82.0,92.0,100.0,2.2.0,c8f1bf1665a8c5dfb834c0571e7dd5f6b6e5ccd00eab00295338bd42cfde549b
CBRE,CBRE Group Inc Common Stock Class A,nasdaqtrader:N:CBRE,SECURITY:CBRE:nasdaqtrader:N:CBRE,,common_equity,eligible,N,,,147.96,171.61,,286141021.86396825,4.965947786606129,13.859176606387091,3.970205888553169,-6.673394726882798,13.781248179010552,35.75521818327731,276.0,full,usable,2026-08-17,conditional,80.71,100.0,,,61.0,82.0,92.0,100.0,2.2.0,c8f1bf1665a8c5dfb834c0571e7dd5f6b6e5ccd00eab00295338bd42cfde549b
CBRL,"Cracker Barrel Old Country Store, Inc. - Common Stock",nasdaqtrader:Q:CBRL,SECURITY:CBRL:nasdaqtrader:Q:CBRL,,common_equity,eligible,Q,,,59.04,62.33,,56571626.71309524,10.128707330721888,92.25008140670789,88.02547770700637,-5.611510791366903,5.278357131397405,39.028241656830524,276.0,full,usable,2026-08-17,conditional,56.0,100.0,,,51.0,28.0,80.0,100.0,2.2.0,c8f1bf1665a8c5dfb834c0571e7dd5f6b6e5ccd00eab00295338bd42cfde549b
CBRS,Cerebras Systems Inc. - Class A Common Stock,nasdaqtrader:Q:CBRS,NAMECLASS:CEREBRAS SYSTEMS INC,,common_equity,eligible,Q,,,251.98,311.07,,1556408567.3713493,45.771144278606954,-9.917059917059934,,,18.995724435014626,131.56827722596142,65.0,insufficient,usable,2026-08-17,recheck,,71.43,,,,82.0,100.0,88.0,2.2.0,c8f1bf1665a8c5dfb834c0571e7dd5f6b6e5ccd00eab00295338bd42cfde549b
CBSH,"Commerce Bancshares, Inc. - Common Stock",nasdaqtrader:Q:CBSH,SECURITY:CBSH:nasdaqtrader:Q:CBSH,,common_equity,eligible,Q,,,59.71,62.88,,67794187.01920635,0.9638146770375444,17.19332679097154,11.399253731343272,-3.5691214470284227,5.04134860050891,14.526121329029055,276.0,full,usable,2026-08-17,conditional,58.86,100.0,,,61.0,28.0,80.0,100.0,2.2.0,c8f1bf1665a8c5dfb834c0571e7dd5f6b6e5ccd00eab00295338bd42cfde549b
CBT,Cabot Corporation Common Stock,nasdaqtrader:N:CBT,SECURITY:CBT:nasdaqtrader:N:CBT,,common_equity,eligible,N,,,86.4,93.4,,47266902.15444444,-4.414205111184854,6.666666666666665,13.400708754429736,8.747640025173077,7.494646680942186,40.44783210485521,276.0,full,usable,2026-08-17,conditional,60.57,100.0,,,67.0,28.0,80.0,100.0,2.2.0,c8f1bf1665a8c5dfb834c0571e7dd5f6b6e5ccd00eab00295338bd42cfde549b
CBU,"Community Financial System, Inc. Common Stock",nasdaqtrader:N:CBU,SECURITY:CBU:nasdaqtrader:N:CBU,,common_equity,eligible,N,,,65.01,70.99,,19506511.253333334,-5.5773420479302676,5.330524951393389,-2.004823635815489,11.50943396226416,8.423721650936733,23.17590417306939,276.0,full,usable,2026-08-17,conditional,76.0,100.0,,,67.0,82.0,62.0,100.0,2.2.0,c8f1bf1665a8c5dfb834c0571e7dd5f6b6e5ccd00eab00295338bd42cfde549b
CBUS,"Cibus, Inc. - Class A Common Stock",nasdaqtrader:Q:CBUS,NAMECLASS:CIBUS INC,,common_equity,eligible,Q,,,1.67,4.05,,542660.2149206349,-6.703910614525144,27.48091603053433,-27.391304347826086,13.605442176870742,58.76543209876544,106.5224071778181,276.0,full,usable,2026-08-17,rejected,58.43,100.0,,,67.0,70.0,0.0,100.0,2.2.0,c8f1bf1665a8c5dfb834c0571e7dd5f6b6e5ccd00eab00295338bd42cfde549b
CBZ,"CBIZ, Inc. Common Stock",nasdaqtrader:N:CBZ,SECURITY:CBZ:nasdaqtrader:N:CBZ,,common_equity,eligible,N,,,54.67,66.56,,54097699.54190476,28.877887788778867,89.0387275242047,96.37212643678161,-12.667731629392975,17.86358173076923,59.25281519378265,276.0,full,usable,2026-08-17,conditional,75.29,100.0,,,51.0,82.0,80.0,100.0,2.2.0,c8f1bf1665a8c5dfb834c0571e7dd5f6b6e5ccd00eab00295338bd42cfde549b
CC,Chemours Company (The) Common Stock,nasdaqtrader:N:CC,SECURITY:CC:nasdaqtrader:N:CC,,common_equity,eligible,N,,,15.72,27.94,,51242635.30142857,-10.273972602739722,-32.03631647211414,-23.391812865497073,4.313205043132062,43.73657838224767,81.020702428701,276.0,full,usable,2026-08-17,conditional,87.93,100.0,,,79.0,95.0,80.0,100.0,2.2.0,c8f1bf1665a8c5dfb834c0571e7dd5f6b6e5ccd00eab00295338bd42cfde549b
CCB,Coastal Financial Corporation - Common Stock,nasdaqtrader:Q:CCB,SECURITY:CCB:nasdaqtrader:Q:CCB,,common_equity,eligible,Q,,,48.94,118.97,,12342395.064285714,-38.03494555583693,-28.4607513521415,-41.36815622379299,-54.626367513443356,58.863579053542914,175.3312899443906,276.0,full,usable,2026-08-17,conditional,71.71,100.0,,,67.0,70.0,62.0,100.0,2.2.0,c8f1bf1665a8c5dfb834c0571e7dd5f6b6e5ccd00eab00295338bd42cfde549b
CCBG,Capital City Bank Group - Common Stock,nasdaqtrader:Q:CCBG,SECURITY:CCBG:nasdaqtrader:Q:CCBG,,common_equity,eligible,Q,,,51.97,52.84,,4604150.033015872,3.196981731532955,14.320281566212056,21.368519383465667,26.694295465626517,1.6464799394398266,21.939492986426906,276.0,full,usable,2026-08-17,conditional,46.07,100.0,,,65.0,10.0,45.0,100.0,2.2.0,c8f1bf1665a8c5dfb834c0571e7dd5f6b6e5ccd00eab00295338bd42cfde549b
CCC,CCC Intelligent Solutions Holdings Inc. - Common Stock,nasdaqtrader:Q:CCC,SECURITY:CCC:nasdaqtrader:Q:CCC,,common_equity,eligible,Q,,,6.69,10.03,,54606018.48904762,10.57851239669423,54.861111111111114,35.425101214574894,-30.601659751037346,33.3000997008973,51.61698149711362,276.0,full,usable,2026-08-17,conditional,77.14,100.0,,,45.0,92.0,80.0,100.0,2.2.0,c8f1bf1665a8c5dfb834c0571e7dd5f6b6e5ccd00eab00295338bd42cfde549b
CCCC,"C4 Therapeutics, Inc. - Common Stock",nasdaqtrader:Q:CCCC,SECURITY:CCCC:nasdaqtrader:Q:CCCC,,common_equity,eligible,Q,,,4.265,4.67,,12068163.884285714,15.582655826558266,19.803370786516837,125.66137566137567,81.48936170212764,8.67237687366168,61.41911581776595,276.0,full,usable,2026-08-17,conditional,77.71,100.0,,,73.0,82.0,62.0,100.0,2.2.0,c8f1bf1665a8c5dfb834c0571e7dd5f6b6e5ccd00eab00295338bd42cfde549b
CCCT,Columbus Circle Capital Corp III - Class A Ordinary Shares,nasdaqtrader:Q:CCCT,NAMECLASS:COLUMBUS CIRCLE CAPITAL CORP III,,common_equity,eligible,Q,,,9.85,9.85,,1371123.6829166666,,,,,0.0,,12.0,insufficient,usable,2026-08-17,rejected,,71.43,,,,10.0,0.0,64.0,2.2.0,c8f1bf1665a8c5dfb834c0571e7dd5f6b6e5ccd00eab00295338bd42cfde549b
CCEC,Capital Clean Energy Carriers Corp. - Common Share,nasdaqtrader:Q:CCEC,SECURITY:CCEC:nasdaqtrader:Q:CCEC,,common_equity,eligible,Q,,,22.69,23.65,,299137.3354761905,2.253267237494372,8.35721107927412,-0.1759788825340891,8.38309051827084,4.059196617336136,22.745993553154022,276.0,full,usable,2026-08-17,rejected,37.0,100.0,,,67.0,10.0,0.0,100.0,2.2.0,c8f1bf1665a8c5dfb834c0571e7dd5f6b6e5ccd00eab00295338bd42cfde549b
CCEL,"Cryo-Cell International, Inc. Common Stock",nasdaqtrader:A:CCEL,SECURITY:CCEL:nasdaqtrader:A:CCEL,,common_equity,eligible,A,,,3.7,4.93,,74955.38154444445,6.936416184971095,2.20994475138121,7.966151152611611,-9.97566909975669,24.949290060851915,50.617283180099015,276.0,full,usable,2026-08-17,rejected,68.0,100.0,,,73.0,92.0,0.0,100.0,2.2.0,c8f1bf1665a8c5dfb834c0571e7dd5f6b6e5ccd00eab00295338bd42cfde549b
CCEP,Coca-Cola Europacific Partners plc - Ordinary Shares,nasdaqtrader:Q:CCEP,SECURITY:CCEP:nasdaqtrader:Q:CCEP,,common_equity,eligible,Q,,,105.57,111.71,,204776241.26126984,0.3707929264118448,18.140107430617714,6.089840217063602,16.458907887479302,5.496374541222815,22.03114922389017,276.0,full,usable,2026-08-17,conditional,65.43,100.0,,,75.0,28.0,92.0,100.0,2.2.0,c8f1bf1665a8c5dfb834c0571e7dd5f6b6e5ccd00eab00295338bd42cfde549b
CCG,Cheche Group Inc. - Class A Ordinary Shares,nasdaqtrader:Q:CCG,NAMECLASS:CHECHE GROUP INC,,common_equity,eligible,Q,,,16.99,52.5,,168183.44522222222,9.40115904700578,-24.15178571428571,-39.32142857142858,-37.60558207858979,67.63809523809525,133.88651077030462,276.0,full,usable,2026-08-17,rejected,44.14,100.0,,,67.0,30.0,0.0,100.0,2.2.0,c8f1bf1665a8c5dfb834c0571e7dd5f6b6e5ccd00eab00295338bd42cfde549b
CCHH,CCH Holdings Ltd - Class A Ordinary Shares,nasdaqtrader:Q:CCHH,NAMECLASS:CCH HOLDINGS LTD,,common_equity,eligible,Q,,,1.37,151.2,,2653131.9796190476,-12.73885350318471,-64.72708547888774,-82.87285910738842,,99.09391534391534,145.5674686383896,218.0,limited_but_usable,usable,2026-08-17,conditional,40.93,100.0,,,22.0,30.0,45.0,100.0,2.2.0,c8f1bf1665a8c5dfb834c0571e7dd5f6b6e5ccd00eab00295338bd42cfde549b
CCI,Crown Castle Inc. Common Stock,nasdaqtrader:N:CCI,SECURITY:CCI:nasdaqtrader:N:CCI,,common_equity,eligible,N,,,74.44,103.79,,350894993.5690476,-5.974485284830122,-14.101084698822985,-17.636645275503426,-26.333498268184062,28.278254167068127,34.26395800594026,276.0,full,usable,2026-08-17,conditional,86.0,100.0,,,67.0,92.0,92.0,100.0,2.2.0,c8f1bf1665a8c5dfb834c0571e7dd5f6b6e5ccd00eab00295338bd42cfde549b
CCJ,Cameco Corporation Common Stock,nasdaqtrader:N:CCJ,SECURITY:CCJ:nasdaqtrader:N:CCJ,,common_equity,eligible,N,,,98.58,134.09,,330253010.09809524,15.136650315346877,-8.306204074039625,-12.683790965456165,30.48312375909994,26.48221343873518,40.67310148642679,276.0,full,usable,2026-08-17,conditional,91.71,100.0,,,87.0,92.0,92.0,100.0,2.2.0,c8f1bf1665a8c5dfb834c0571e7dd5f6b6e5ccd00eab00295338bd42cfde549b
CCK,"Crown Holdings, Inc.",qrgf-resolution-required:N:CCK,SECURITY:CCK:qrgf-resolution-required:N:CCK,,common_equity,eligible,N,,,116.24,122.14,,120423099.41619048,-0.8275744390410344,20.98251457119067,4.919216535788418,14.99802136921251,4.830522351400035,28.2757407985182,276.0,full,usable,2026-08-17,conditional,56.71,100.0,,,67.0,10.0,92.0,100.0,2.2.0,c8f1bf1665a8c5dfb834c0571e7dd5f6b6e5ccd00eab00295338bd42cfde549b
CCL,Carnival Corporation Ltd. Common Shares,nasdaqtrader:N:CCL,SECURITY:CCL:nasdaqtrader:N:CCL,,common_equity,eligible,N,,,27.73,33.99,,619253817.7222222,4.998106777735711,12.54058441558441,-12.7163991186654,-8.330578512396691,18.417181523977643,37.54642221899903,276.0,full,usable,2026-08-17,conditional,82.43,100.0,,,61.0,82.0,100.0,100.0,2.2.0,c8f1bf1665a8c5dfb834c0571e7dd5f6b6e5ccd00eab00295338bd42cfde549b
CCLD,"CareCloud, Inc. - Common Stock",nasdaqtrader:Q:CCLD,SECURITY:CCLD:nasdaqtrader:Q:CCLD,,common_equity,eligible,Q,,,2.47,3.84,,787426.3626190476,6.465517241379337,17.061611374407605,6.465517241379337,-3.515624999999989,35.67708333333333,70.82892428582353,276.0,full,usable,2026-08-17,rejected,65.64,100.0,,,61.0,95.0,0.0,100.0,2.2.0,c8f1bf1665a8c5dfb834c0571e7dd5f6b6e5ccd00eab00295338bd42cfde549b
CCM,Concord Medical Services Holdings Limited American Depositary Shares (Each represents thirty (30) Class A ordinary shares),nasdaqtrader:N:CCM,SECURITY:CCM:nasdaqtrader:N:CCM,,adr,eligible,N,,,4.66,6.9,,309621.7303968254,9.133489461358323,-9.864603481624757,23.2804232804233,-11.909262759924388,32.463768115942024,88.18778290323648,276.0,full,usable,2026-08-17,rejected,65.14,100.0,,,63.0,92.0,0.0,100.0,2.2.0,c8f1bf1665a8c5dfb834c0571e7dd5f6b6e5ccd00eab00295338bd42cfde549b
CCNE,CNB Financial Corporation - Common Stock,nasdaqtrader:Q:CCNE,SECURITY:CCNE:nasdaqtrader:Q:CCNE,,common_equity,eligible,Q,,,34.85,35.72,,5664852.973333334,1.6924423694193225,18.57774753317456,17.419137466307276,38.23879412931377,2.4356103023516207,21.70817859491641,276.0,full,usable,2026-08-17,conditional,49.71,100.0,,,65.0,10.0,62.0,100.0,2.2.0,c8f1bf1665a8c5dfb834c0571e7dd5f6b6e5ccd00eab00295338bd42cfde549b
CCO,"Clear Channel Outdoor Holdings, Inc. Common Stock",nasdaqtrader:N:CCO,SECURITY:CCO:nasdaqtrader:N:CCO,,common_equity,eligible,N,,,2.32,2.43,,20362319.274126984,-4.132231404958686,-2.9288702928870425,-2.9288702928870425,101.7391304347826,4.526748971193428,12.440966070643299,276.0,full,usable,2026-08-17,conditional,58.29,100.0,,,95.0,10.0,62.0,100.0,2.2.0,c8f1bf1665a8c5dfb834c0571e7dd5f6b6e5ccd00eab00295338bd42cfde549b
CCOI,"Cogent Communications Holdings, Inc. - Common Stock",nasdaqtrader:Q:CCOI,SECURITY:CCOI:nasdaqtrader:Q:CCOI,,common_equity,eligible,Q,,,10.75,45.1,,19087395.4334127,-2.0054694621695623,-34.76941747572816,-59.37263794406651,-68.5120093731693,76.16407982261642,94.59576778360424,276.0,full,usable,2026-08-17,conditional,54.57,100.0,,,57.0,30.0,62.0,100.0,2.2.0,c8f1bf1665a8c5dfb834c0571e7dd5f6b6e5ccd00eab00295338bd42cfde549b
CCS,"Century Communities, Inc. Common Stock",nasdaqtrader:N:CCS,SECURITY:CCS:nasdaqtrader:N:CCS,,common_equity,eligible,N,,,70.24,74.84,,20386178.56904762,7.187547688081786,45.09398884527991,-6.146445750935337,7.482785003825554,6.146445750935337,39.88445748339425,276.0,full,usable,2026-08-17,conditional,56.71,100.0,,,67.0,28.0,62.0,100.0,2.2.0,c8f1bf1665a8c5dfb834c0571e7dd5f6b6e5ccd00eab00295338bd42cfde549b
CCSI,"Consensus Cloud Solutions, Inc. - Common Stock",nasdaqtrader:Q:CCSI,SECURITY:CCSI:nasdaqtrader:Q:CCSI,,common_equity,eligible,Q,,,36.84,39.1,,5425639.934920634,-1.6025641025640858,30.084745762711872,24.41742654508614,43.62573099415208,5.780051150895138,44.98521901027982,276.0,full,usable,2026-08-17,conditional,56.14,100.0,,,65.0,28.0,62.0,100.0,2.2.0,c8f1bf1665a8c5dfb834c0571e7dd5f6b6e5ccd00eab00295338bd42cfde549b
CCU,"Compania Cervecerias Unidas, S.A. Common Stock",nasdaqtrader:N:CCU,SECURITY:CCU:nasdaqtrader:N:CCU,,common_equity,eligible,N,,,11.66,15.25,,1839279.691904762,4.014272970561983,2.5505716798592815,-19.807427785419527,-6.794564348521181,23.540983606557376,25.59041924621901,276.0,full,usable,2026-08-17,rejected,68.0,100.0,,,73.0,92.0,0.0,100.0,2.2.0,c8f1bf1665a8c5dfb834c0571e7dd5f6b6e5ccd00eab00295338bd42cfde549b
CCXI,Churchill Capital Corp XI - Class A Ordinary Shares,nasdaqtrader:Q:CCXI,NAMECLASS:CHURCHILL CAPITAL CORP XI,,common_equity,eligible,Q,,,17.2,51.99,,40253104.31559841,18.866620594333085,67.31517509727627,68.79293424926398,-9.805977975878344,66.9167147528371,78.01595477662035,430.0,full,usable,2026-08-17,conditional,56.71,100.0,,,51.0,30.0,80.0,100.0,2.2.0,c8f1bf1665a8c5dfb834c0571e7dd5f6b6e5ccd00eab00295338bd42cfde549b
CCZ,Comcast Holdings ZONES,qrgf-resolution-required:N:CCZ,SECURITY:CCZ:qrgf-resolution-required:N:CCZ,,common_equity,eligible,N,,,63.3,66.5,,9323.68063968254,-4.076375208364902,-0.9389671361502372,-1.6775396085740857,4.026294165981925,4.8120300751879785,12.486743330465282,276.0,full,usable,2026-08-17,rejected,40.43,100.0,,,79.0,10.0,0.0,100.0,2.2.0,c8f1bf1665a8c5dfb834c0571e7dd5f6b6e5ccd00eab00295338bd42cfde549b
CD,Chaince Digital Holdings Inc. - American Ordinary Shares,nasdaqtrader:Q:CD,SECURITY:CD:nasdaqtrader:Q:CD,,common_equity,eligible,Q,,,3.52,35.79,,1388884.0509523808,13.548387096774196,-57.53920386007238,-29.31726907630523,-12.871287128712872,90.16485051690417,147.39941728543988,276.0,full,usable,2026-08-17,rejected,42.43,100.0,,,61.0,30.0,0.0,100.0,2.2.0,c8f1bf1665a8c5dfb834c0571e7dd5f6b6e5ccd00eab00295338bd42cfde549b
CDE,"Coeur Mining, Inc. Common Stock",nasdaqtrader:N:CDE,SECURITY:CDE:nasdaqtrader:N:CDE,,common_equity,eligible,N,,,19.31,27.15,,592493814.1209524,34.56445993031358,9.653605905735363,-13.871543264942032,66.60914581535806,28.876611418047883,75.10613135077668,276.0,full,usable,2026-08-17,conditional,92.29,100.0,,,83.0,92.0,100.0,100.0,2.2.0,c8f1bf1665a8c5dfb834c0571e7dd5f6b6e5ccd00eab00295338bd42cfde549b
CDIO,Cardio Diagnostics Holdings Inc. - Common stock,nasdaqtrader:Q:CDIO,SECURITY:CDIO:nasdaqtrader:Q:CDIO,,common_equity,eligible,Q,,,1.99,6.55,,125638.81317142857,15.697674418604656,28.387096774193555,56.692913385826756,-50.53442704449416,69.61832061068702,79.45439697935657,276.0,full,usable,2026-08-17,rejected,37.86,100.0,,,45.0,30.0,0.0,100.0,2.2.0,c8f1bf1665a8c5dfb834c0571e7dd5f6b6e5ccd00eab00295338bd42cfde549b
CDLR,Cadeler A/S American Depositary Share (each representing four (4) Ordinary Shares),nasdaqtrader:N:CDLR,SECURITY:CDLR:nasdaqtrader:N:CDLR,,adr,eligible,N,,,23.38,29.57,,2146084.6165079367,0.7324429125376897,-18.93203883495146,-9.72972972972973,17.42842792566548,20.933378424078462,38.6287537043317,276.0,full,usable,2026-08-17,conditional,81.64,100.0,,,87.0,92.0,45.0,100.0,2.2.0,c8f1bf1665a8c5dfb834c0571e7dd5f6b6e5ccd00eab00295338bd42cfde549b
CDLX,"Cardlytics, Inc. - Common Stock",nasdaqtrader:Q:CDLX,SECURITY:CDLX:nasdaqtrader:Q:CDLX,,common_equity,eligible,Q,,,4.05,28.2,,335275.12780952384,-3.1100478468899517,-35.91772151898734,-56.568364611260044,-66.52892561983471,85.63829787234043,78.41472834228598,276.0,full,usable,2026-08-17,rejected,41.29,100.0,,,57.0,30.0,0.0,100.0,2.2.0,c8f1bf1665a8c5dfb834c0571e7dd5f6b6e5ccd00eab00295338bd42cfde549b
CDNA,"CareDx, Inc. - Common Stock",nasdaqtrader:Q:CDNA,SECURITY:CDNA:nasdaqtrader:Q:CDNA,,common_equity,eligible,Q,,,46.38,47.85,,34262796.07539683,16.73798137427638,132.24837255883827,136.27101375445747,292.3857868020305,3.07210031347962,107.28857431793392,276.0,full,usable,2026-08-17,conditional,55.86,100.0,,,73.0,10.0,80.0,100.0,2.2.0,c8f1bf1665a8c5dfb834c0571e7dd5f6b6e5ccd00eab00295338bd42cfde549b
CDNL,Cardinal Infrastructure Group Inc. - Class A Common Stock,nasdaqtrader:Q:CDNL,NAMECLASS:CARDINAL INFRASTRUCTURE GROUP INC,,common_equity,eligible,Q,,,39.23,94.31,,48589935.964761905,-44.924891197529135,-24.767475309233877,56.919999999999995,,58.403138585515855,152.2910255561549,171.0,limited_but_usable,usable,2026-08-17,conditional,70.43,100.0,,,49.0,70.0,80.0,100.0,2.2.0,c8f1bf1665a8c5dfb834c0571e7dd5f6b6e5ccd00eab00295338bd42cfde549b
CDNS,"Cadence Design Systems, Inc. - Common Stock",nasdaqtrader:Q:CDNS,SECURITY:CDNS:nasdaqtrader:Q:CDNS,,common_equity,eligible,Q,,,323.47,416.39,,874652991.2161906,-2.011450728545028,-6.84540951503283,8.017765310892955,-7.293935572624088,22.315617570066514,40.49704420961982,276.0,full,usable,2026-08-17,conditional,89.43,100.0,,,73.0,92.0,100.0,100.0,2.2.0,c8f1bf1665a8c5dfb834c0571e7dd5f6b6e5ccd00eab00295338bd42cfde549b
CDP,COPT Defense Properties Common Shares of Beneficial Interest,nasdaqtrader:N:CDP,SECURITY:CDP:nasdaqtrader:N:CDP,,common_equity,eligible,N,,,36.81,38.35,,35262375.59603175,-2.0750199521149315,16.08325449385053,16.708941027266967,32.45771860381434,4.01564537157757,15.379449583713303,276.0,full,usable,2026-08-17,conditional,53.57,100.0,,,65.0,10.0,80.0,100.0,2.2.0,c8f1bf1665a8c5dfb834c0571e7dd5f6b6e5ccd00eab00295338bd42cfde549b
CDRE,"Cadre Holdings, Inc. Common Stock",nasdaqtrader:N:CDRE,SECURITY:CDRE:nasdaqtrader:N:CDRE,,common_equity,eligible,N,,,33.3,46.07,,11706812.388571428,14.590502408809346,11.82001343183343,-21.071343920360274,13.963039014373702,27.718688951595404,59.49790154535647,276.0,full,usable,2026-08-17,conditional,79.57,100.0,,,67.0,92.0,62.0,100.0,2.2.0,c8f1bf1665a8c5dfb834c0571e7dd5f6b6e5ccd00eab00295338bd42cfde549b
CDRO,"Codere Online Luxembourg, S.A. - Ordinary Shares",nasdaqtrader:Q:CDRO,SECURITY:CDRO:nasdaqtrader:Q:CDRO,,common_equity,eligible,Q,,,9.09,10.2,,306161.94230158726,-2.2580645161290436,-2.0474137931034475,14.483627204030224,11.124694376528122,10.882352941176466,22.15084511457856,276.0,full,usable,2026-08-17,rejected,66.14,100.0,,,79.0,82.0,0.0,100.0,2.2.0,c8f1bf1665a8c5dfb834c0571e7dd5f6b6e5ccd00eab00295338bd42cfde549b
CDT,CDT Equity Inc. - Common Stock,nasdaqtrader:Q:CDT,SECURITY:CDT:nasdaqtrader:Q:CDT,,common_equity,eligible,Q,,,2.8038,3460.6,,7962778.8498158725,-10.536056158264206,-83.74608695652174,-98.96155555555556,-99.91605389221557,99.9189793677397,121.12738868110384,276.0,full,usable,2026-08-17,conditional,38.29,100.0,,,0.0,30.0,62.0,100.0,2.2.0,c8f1bf1665a8c5dfb834c0571e7dd5f6b6e5ccd00eab00295338bd42cfde549b
CDTG,CDT Environmental Technology Investment Holdings Limited - ordinary shares,nasdaqtrader:Q:CDTG,SECURITY:CDTG:nasdaqtrader:Q:CDTG,,common_equity,eligible,Q,,,2.8,27.5,,1126915.0822412698,56.42458100558658,-66.28537025888019,-59.314152862539956,-82.19961856325493,89.81818181818181,248.11142325195527,276.0,full,usable,2026-08-17,rejected,32.14,100.0,,,25.0,30.0,0.0,100.0,2.2.0,c8f1bf1665a8c5dfb834c0571e7dd5f6b6e5ccd00eab00295338bd42cfde549b
CDW,CDW Corporation - Common Stock,nasdaqtrader:Q:CDW,SECURITY:CDW:nasdaqtrader:Q:CDW,,common_equity,eligible,Q,,,135.3,170.77,,268266163.79626983,1.5460822575803057,32.55608895855788,6.653003310736261,-18.538141971220412,20.770627159337117,50.82183908358442,276.0,full,usable,2026-08-17,conditional,84.29,100.0,,,61.0,92.0,92.0,100.0,2.2.0,c8f1bf1665a8c5dfb834c0571e7dd5f6b6e5ccd00eab00295338bd42cfde549b
CDXS,"Codexis, Inc. - Common Stock",nasdaqtrader:Q:CDXS,SECURITY:CDXS:nasdaqtrader:Q:CDXS,,common_equity,eligible,Q,,,1.59,3.01,,2224387.58952381,-29.01785714285715,-35.36585365853659,32.500000000000014,-48.70967741935483,47.176079734219265,100.69305690352188,276.0,full,usable,2026-08-17,conditional,74.14,100.0,,,57.0,95.0,45.0,100.0,2.2.0,c8f1bf1665a8c5dfb834c0571e7dd5f6b6e5ccd00eab00295338bd42cfde549b
CDZI,"Cadiz, Inc. - Common Stock",nasdaqtrader:Q:CDZI,SECURITY:CDZI:nasdaqtrader:Q:CDZI,,common_equity,eligible,Q,,,3.2,6.92,,3783282.3221428576,-5.88235294117646,-22.330097087378643,-34.82688391038696,-11.357340720221599,53.75722543352601,76.98474677175851,276.0,full,usable,2026-08-17,conditional,69.79,100.0,,,73.0,70.0,45.0,100.0,2.2.0,c8f1bf1665a8c5dfb834c0571e7dd5f6b6e5ccd00eab00295338bd42cfde549b
CDZIP,"Cadiz, Inc. - Depositary Shares",nasdaqtrader:Q:CDZIP,SECURITY:CDZIP:nasdaqtrader:Q:CDZIP,,adr,eligible,Q,,,22.5801,23.97,,149909.2468396825,1.1879901411606664,10.362170087976551,17.973354231974923,24.408264462809925,5.7984981226533066,12.608507400608799,276.0,full,usable,2026-08-17,rejected,42.86,100.0,,,65.0,28.0,0.0,100.0,2.2.0,c8f1bf1665a8c5dfb834c0571e7dd5f6b6e5ccd00eab00295338bd42cfde549b
CE,Celanese Corporation Common Stock,nasdaqtrader:N:CE,SECURITY:CE:nasdaqtrader:N:CE,,common_equity,eligible,N,,,44.99,69.24,,88341106.07126984,-1.5536105032822767,-20.792253521126757,-23.551401869158873,5.560769591740988,35.023108030040426,39.159033672234074,276.0,full,usable,2026-08-17,conditional,87.93,100.0,,,79.0,95.0,80.0,100.0,2.2.0,c8f1bf1665a8c5dfb834c0571e7dd5f6b6e5ccd00eab00295338bd42cfde549b
CECO,CECO Environmental Corp. - Common Stock,nasdaqtrader:Q:CECO,SECURITY:CECO:nasdaqtrader:Q:CECO,,common_equity,eligible,Q,,,84.15,99.67,,78639334.29619047,5.279619667208801,4.094507669470571,6.330553449583021,88.46584546472567,15.571385572388873,68.03000561340387,276.0,full,usable,2026-08-17,conditional,87.86,100.0,,,95.0,82.0,80.0,100.0,2.2.0,c8f1bf1665a8c5dfb834c0571e7dd5f6b6e5ccd00eab00295338bd42cfde549b
CEG,Constellation Energy Corporation - Common Stock When-Issued,nasdaqtrader:Q:CEG,SECURITY:CEG:nasdaqtrader:Q:CEG,,common_equity,eligible,Q,,,278.2,403.95,,925485847.7803175,10.22623717262967,4.116766467065869,-3.5467877821308558,-14.717513258330516,31.130090357717542,33.641335428111745,276.0,full,usable,2026-08-17,conditional,89.43,100.0,,,73.0,92.0,100.0,100.0,2.2.0,c8f1bf1665a8c5dfb834c0571e7dd5f6b6e5ccd00eab00295338bd42cfde549b
CELC,Celcuity Inc. - Common Stock,nasdaqtrader:Q:CELC,SECURITY:CELC:nasdaqtrader:Q:CELC,,common_equity,eligible,Q,,,92.44,144.98,,146380278.54158732,4.59379950214982,-32.85880302149914,-11.549134054157506,78.14607824243592,36.23948130776659,83.26417445110404,276.0,full,usable,2026-08-17,conditional,95.07,100.0,,,95.0,95.0,92.0,100.0,2.2.0,c8f1bf1665a8c5dfb834c0571e7dd5f6b6e5ccd00eab00295338bd42cfde549b
CELH,"Celsius Holdings, Inc. - Common Stock",nasdaqtrader:Q:CELH,SECURITY:CELH:nasdaqtrader:Q:CELH,,common_equity,eligible,Q,,,29.945,64.86,,297041016.78380954,3.294239392894105,-0.7128647214854067,-32.978961504028646,-47.15899064760897,53.83132901634289,87.42804297380138,276.0,full,usable,2026-08-17,conditional,78.14,100.0,,,67.0,70.0,92.0,100.0,2.2.0,c8f1bf1665a8c5dfb834c0571e7dd5f6b6e5ccd00eab00295338bd42cfde549b
CELZ,"Creative Medical Technology Holdings, Inc. - Common Stock",nasdaqtrader:Q:CELZ,SECURITY:CELZ:nasdaqtrader:Q:CELZ,,common_equity,eligible,Q,,,1.1,5.59,,11751948.64996349,25.142207053469857,-50.89285714285714,-40.86021505376344,-64.16938110749186,80.32200357781754,197.0225721470333,276.0,full,usable,2026-08-17,conditional,54.0,100.0,,,55.0,30.0,62.0,100.0,2.2.0,c8f1bf1665a8c5dfb834c0571e7dd5f6b6e5ccd00eab00295338bd42cfde549b
CENN,Cenntro Inc. - Common Stock,nasdaqtrader:Q:CENN,SECURITY:CENN:nasdaqtrader:Q:CENN,,common_equity,eligible,Q,,,3.47,38.66,,38851.16173650794,1.4619883040935644,-17.380952380952376,-54.46194225721784,-89.82703019642332,91.02431453698914,43.47472995045722,276.0,full,usable,2026-08-17,rejected,35.57,100.0,,,37.0,30.0,0.0,100.0,2.2.0,c8f1bf1665a8c5dfb834c0571e7dd5f6b6e5ccd00eab00295338bd42cfde549b
CENT,Central Garden & Pet Company - Common Stock,nasdaqtrader:Q:CENT,SECURITY:CENT:nasdaqtrader:Q:CENT,,common_equity,eligible,Q,,,43.35,46.54,,3839844.6307142857,-0.5961935335932034,15.971107544141239,14.229249011857693,19.520264681554988,6.854318865492049,29.64128042899148,276.0,full,usable,2026-08-17,conditional,55.36,100.0,,,75.0,28.0,45.0,100.0,2.2.0,c8f1bf1665a8c5dfb834c0571e7dd5f6b6e5ccd00eab00295338bd42cfde549b
CENTA,Central Garden & Pet Company - Class A Common Stock Nonvoting,nasdaqtrader:Q:CENTA,SECURITY:CENTA:nasdaqtrader:Q:CENTA,,common_equity,eligible,Q,,,37.64,40.6,,12882758.685555557,-1.6975711674066307,11.923877490336011,10.771041789287828,14.791094845989639,7.290640394088676,28.342734626838865,276.0,full,usable,2026-08-17,conditional,56.71,100.0,,,67.0,28.0,62.0,100.0,2.2.0,c8f1bf1665a8c5dfb834c0571e7dd5f6b6e5ccd00eab00295338bd42cfde549b
CENX,Century Aluminum Company - Common Stock,nasdaqtrader:Q:CENX,SECURITY:CENX:nasdaqtrader:Q:CENX,,common_equity,eligible,Q,,,47.12,68.77,,110844013.2168254,13.542168674698797,-17.071453713481176,2.3457862728062606,100.0,31.481750763414283,56.43575455458004,276.0,full,usable,2026-08-17,conditional,94.0,100.0,,,95.0,92.0,92.0,100.0,2.2.0,c8f1bf1665a8c5dfb834c0571e7dd5f6b6e5ccd00eab00295338bd42cfde549b
CEPF,"Cantor Equity Partners IV, Inc. - Class A Ordinary Shares",nasdaqtrader:Q:CEPF,NAMECLASS:CANTOR EQUITY PARTNERS IV INC,,common_equity,eligible,Q,,,10.35,10.62,,566735.1426380952,-0.8145663632007749,0.2421307506053294,-0.7670182166826467,,2.5423728813559254,3.629136705998522,248.0,limited_but_usable,usable,2026-08-17,rejected,34.71,100.0,,,59.0,10.0,0.0,100.0,2.2.0,c8f1bf1665a8c5dfb834c0571e7dd5f6b6e5ccd00eab00295338bd42cfde549b
CEPL,"Capstone Energy Plus, Inc. - Common Stock",nasdaqtrader:Q:CEPL,SECURITY:CEPL:nasdaqtrader:Q:CEPL,,common_equity,eligible,Q,,,6.67,11.88,,3548817.8415517244,-34.058329214038565,,,,43.85521885521886,,29.0,insufficient,usable,2026-08-17,recheck,,71.43,,,,95.0,45.0,64.0,2.2.0,c8f1bf1665a8c5dfb834c0571e7dd5f6b6e5ccd00eab00295338bd42cfde549b
CEPO,"Cantor Equity Partners I, Inc. - Class A Ordinary Shares",nasdaqtrader:Q:CEPO,NAMECLASS:CANTOR EQUITY PARTNERS I INC,,common_equity,eligible,Q,,,10.67,10.68,,1187924.5672269843,0.34986080806560516,0.8506616257088817,2.2520364159079875,0.1877934272300319,0.0936329588014928,5.14781435003787,276.0,full,usable,2026-08-17,rejected,40.43,100.0,,,79.0,10.0,0.0,100.0,2.2.0,c8f1bf1665a8c5dfb834c0571e7dd5f6b6e5ccd00eab00295338bd42cfde549b
CEPS,"Cantor Equity Partners VI, Inc. - Class A Ordinary Shares",nasdaqtrader:Q:CEPS,NAMECLASS:CANTOR EQUITY PARTNERS VI INC,,common_equity,eligible,Q,,,10.4,10.44,,95959.68785396827,0.3067070465461841,1.9607843137255054,2.6653504442250675,,0.3831417624520994,4.659115245749422,133.0,limited_but_usable,usable,2026-08-17,rejected,34.71,100.0,,,59.0,10.0,0.0,100.0,2.2.0,c8f1bf1665a8c5dfb834c0571e7dd5f6b6e5ccd00eab00295338bd42cfde549b
CEPU,Central Puerto S.A. American Depositary Shares (each represents ten Common Shares),nasdaqtrader:N:CEPU,SECURITY:CEPU:nasdaqtrader:N:CEPU,,adr,eligible,N,,,13.05,17.95,,4010448.8153968253,-8.549404344779255,-5.09090909090909,-16.077170418006425,9.571788413098247,27.298050139275766,42.310135349916436,276.0,full,usable,2026-08-17,conditional,79.36,100.0,,,79.0,92.0,45.0,100.0,2.2.0,c8f1bf1665a8c5dfb834c0571e7dd5f6b6e5ccd00eab00295338bd42cfde549b
CEPV,"Cantor Equity Partners V, Inc. - Class A Ordinary Shares",nasdaqtrader:Q:CEPV,NAMECLASS:CANTOR EQUITY PARTNERS V INC,,common_equity,eligible,Q,,,10.37,10.45,,515806.18801111105,-0.7655502392344471,1.0228933268387586,2.1674876847290525,,0.7655502392344471,2.845933733016511,196.0,limited_but_usable,usable,2026-08-17,rejected,34.71,100.0,,,59.0,10.0,0.0,100.0,2.2.0,c8f1bf1665a8c5dfb834c0571e7dd5f6b6e5ccd00eab00295338bd42cfde549b
CERS,Cerus Corporation - Common Stock,nasdaqtrader:Q:CERS,SECURITY:CERS:nasdaqtrader:Q:CERS,,common_equity,eligible,Q,,,2.97,3.28,,7619273.999444444,-5.111821086261969,26.923076923076938,32.58928571428572,133.85826771653547,9.451219512195108,99.78864943428044,276.0,full,usable,2026-08-17,conditional,77.71,100.0,,,73.0,82.0,62.0,100.0,2.2.0,c8f1bf1665a8c5dfb834c0571e7dd5f6b6e5ccd00eab00295338bd42cfde549b
CERT,"Certara, Inc. - Common Stock",nasdaqtrader:Q:CERT,SECURITY:CERT:nasdaqtrader:Q:CERT,,common_equity,eligible,Q,,,8.0,13.6,,27713968.32253968,15.440115440115454,78.57142857142856,20.84592145015105,-27.073837739288976,41.17647058823529,51.210668574321616,276.0,full,usable,2026-08-17,conditional,78.21,100.0,,,45.0,95.0,80.0,100.0,2.2.0,c8f1bf1665a8c5dfb834c0571e7dd5f6b6e5ccd00eab00295338bd42cfde549b
CET,Central Securities Corporation Common Stock,nasdaqtrader:A:CET,SECURITY:CET:nasdaqtrader:A:CET,,common_equity,eligible,A,,,54.9,55.68,,1896963.8008730158,4.711043295822992,4.095563139931735,6.581246359930115,10.24096385542168,1.4008620689655138,12.388332453886674,276.0,full,usable,2026-08-17,rejected,40.43,100.0,,,79.0,10.0,0.0,100.0,2.2.0,c8f1bf1665a8c5dfb834c0571e7dd5f6b6e5ccd00eab00295338bd42cfde549b
CETX,Cemtrex Inc. - Common Stock,nasdaqtrader:Q:CETX,SECURITY:CETX:nasdaqtrader:Q:CETX,,common_equity,eligible,Q,,,3.02,190.5,,1639224.005920635,11.851851851851848,-62.25000000000001,-78.42857142857143,-98.49751243781094,98.41469816272966,76.8705919977746,276.0,full,usable,2026-08-17,rejected,27.86,100.0,,,10.0,30.0,0.0,100.0,2.2.0,c8f1bf1665a8c5dfb834c0571e7dd5f6b6e5ccd00eab00295338bd42cfde549b
CETY,"Clean Energy Technologies, Inc. - Common Stock",nasdaqtrader:Q:CETY,SECURITY:CETY:nasdaqtrader:Q:CETY,,common_equity,eligible,Q,,,0.92,4.647,,42322.37075714286,4.640582347588729,25.443141532587955,57.48031496062991,-74.96598639455783,80.20228104153217,74.61823687264967,276.0,full,usable,2026-08-17,rejected,32.14,100.0,,,25.0,30.0,0.0,100.0,2.2.0,c8f1bf1665a8c5dfb834c0571e7dd5f6b6e5ccd00eab00295338bd42cfde549b
CEVA,"CEVA, Inc. - Common Stock",nasdaqtrader:Q:CEVA,SECURITY:CEVA:nasdaqtrader:Q:CEVA,,common_equity,eligible,Q,,,32.71,50.06,,35250807.17809524,-13.853041875164596,-10.408107367844421,44.28760476400528,35.72614107883818,34.658409908110265,102.63366487326695,276.0,full,usable,2026-08-17,conditional,86.29,100.0,,,77.0,92.0,80.0,100.0,2.2.0,c8f1bf1665a8c5dfb834c0571e7dd5f6b6e5ccd00eab00295338bd42cfde549b
CF,"CF Industries Holdings, Inc. Common Stock",nasdaqtrader:N:CF,SECURITY:CF:nasdaqtrader:N:CF,,common_equity,eligible,N,,,117.78,137.6,,299889702.9163492,-2.997858672376874,-5.956563398275305,24.4242552292415,38.12595285563505,14.404069767441852,40.702949298960114,276.0,full,usable,2026-08-17,conditional,85.29,100.0,,,77.0,82.0,92.0,100.0,2.2.0,c8f1bf1665a8c5dfb834c0571e7dd5f6b6e5ccd00eab00295338bd42cfde549b
CFBK,CF Bankshares Inc. - Common Stock,nasdaqtrader:Q:CFBK,SECURITY:CFBK:nasdaqtrader:Q:CFBK,,common_equity,eligible,Q,,,35.92,36.31,,2330502.154920635,8.454106280193251,31.998162609095093,12.920465262496084,44.02566158781074,1.0740842743045986,23.543685819857966,276.0,full,usable,2026-08-17,conditional,48.93,100.0,,,75.0,10.0,45.0,100.0,2.2.0,c8f1bf1665a8c5dfb834c0571e7dd5f6b6e5ccd00eab00295338bd42cfde549b
CFFI,C&F Financial Corporation - Common Stock,nasdaqtrader:Q:CFFI,SECURITY:CFFI:nasdaqtrader:Q:CFFI,,common_equity,eligible,Q,,,85.96,88.64,,1033811.7764285714,7.490308865824669,19.20676743863541,10.318275154004098,23.434807581849505,3.023465703971129,32.21019595894644,276.0,full,usable,2026-08-17,rejected,39.29,100.0,,,75.0,10.0,0.0,100.0,2.2.0,c8f1bf1665a8c5dfb834c0571e7dd5f6b6e5ccd00eab00295338bd42cfde549b
CFFN,"Capitol Federal Financial, Inc. - Common Stock",nasdaqtrader:Q:CFFN,SECURITY:CFFN:nasdaqtrader:Q:CFFN,,common_equity,eligible,Q,,,8.72,9.19,,6765611.99968254,1.1600928074246175,15.957446808510657,14.136125654450282,42.251223491027744,5.114254624591941,20.650604766864937,276.0,full,usable,2026-08-17,conditional,59.0,100.0,,,75.0,28.0,62.0,100.0,2.2.0,c8f1bf1665a8c5dfb834c0571e7dd5f6b6e5ccd00eab00295338bd42cfde549b
CFG,"Citizens Financial Group, Inc. Common Stock",nasdaqtrader:N:CFG,SECURITY:CFG:nasdaqtrader:N:CFG,,common_equity,eligible,N,,,74.31,74.73,,302876161.74253964,2.6523000414421904,22.099901413079202,14.147465437788043,51.00589311115626,0.5620232838217554,26.34976654258663,276.0,full,usable,2026-08-17,conditional,61.29,100.0,,,83.0,10.0,92.0,100.0,2.2.0,c8f1bf1665a8c5dfb834c0571e7dd5f6b6e5ccd00eab00295338bd42cfde549b
CFR,"Cullen/Frost Bankers, Inc. Common Stock",nasdaqtrader:N:CFR,SECURITY:CFR:nasdaqtrader:N:CFR,,common_equity,eligible,N,,,168.07,170.08,,92133390.07349207,3.9715434580884557,24.77357089829251,16.327519379844958,32.9772925073186,1.181796801505186,18.96359920888587,276.0,full,usable,2026-08-17,conditional,53.57,100.0,,,65.0,10.0,80.0,100.0,2.2.0,c8f1bf1665a8c5dfb834c0571e7dd5f6b6e5ccd00eab00295338bd42cfde549b
CG,The Carlyle Group Inc. - Common Stock,nasdaqtrader:Q:CG,SECURITY:CG:nasdaqtrader:Q:CG,,common_equity,eligible,Q,,,48.54,69.35,,166031179.36984125,5.361406555242021,1.0828821324448068,-10.91943475867132,-25.2195347404098,30.007209805335254,40.113649942488784,276.0,full,usable,2026-08-17,conditional,86.0,100.0,,,67.0,92.0,92.0,100.0,2.2.0,c8f1bf1665a8c5dfb834c0571e7dd5f6b6e5ccd00eab00295338bd42cfde549b
CGAU,Centerra Gold Inc. Common Shares,nasdaqtrader:N:CGAU,SECURITY:CGAU:nasdaqtrader:N:CGAU,,common_equity,eligible,N,,,21.92,21.92,,26662102.445079364,45.26176275679259,28.112215078901247,16.286472148541108,212.69614835948647,0.0,54.593514833377874,276.0,full,usable,2026-08-17,conditional,55.86,100.0,,,73.0,10.0,80.0,100.0,2.2.0,c8f1bf1665a8c5dfb834c0571e7dd5f6b6e5ccd00eab00295338bd42cfde549b
CGC,Canopy Growth Corporation - Common Shares,nasdaqtrader:Q:CGC,SECURITY:CGC:nasdaqtrader:Q:CGC,,common_equity,eligible,Q,,,1.0,1.92,,4953745.466147618,6.39429726566656,-3.8461538461538547,-7.407407407407418,-32.88590604026845,47.916666666666664,35.64916764095741,276.0,full,usable,2026-08-17,conditional,77.0,100.0,,,67.0,95.0,45.0,100.0,2.2.0,c8f1bf1665a8c5dfb834c0571e7dd5f6b6e5ccd00eab00295338bd42cfde549b
CGCF,Cartesian Growth Corporation IV - Class A Ordinary Shares,nasdaqtrader:Q:CGCF,NAMECLASS:CARTESIAN GROWTH CORPORATION IV,,common_equity,eligible,Q,,,9.97,9.97,,75253.56,,,,,0.0,,1.0,insufficient,usable,2026-08-17,rejected,,71.43,,,,10.0,0.0,64.0,2.2.0,c8f1bf1665a8c5dfb834c0571e7dd5f6b6e5ccd00eab00295338bd42cfde549b
CGEM,"Cullinan Therapeutics, Inc. - Common Stock",nasdaqtrader:Q:CGEM,SECURITY:CGEM:nasdaqtrader:Q:CGEM,,common_equity,eligible,Q,,,20.59,20.59,,16056201.850634921,16.393442622950815,30.896376350921795,77.65314926660916,171.6358839050132,0.0,54.07873341408775,276.0,full,usable,2026-08-17,conditional,52.0,100.0,,,73.0,10.0,62.0,100.0,2.2.0,c8f1bf1665a8c5dfb834c0571e7dd5f6b6e5ccd00eab00295338bd42cfde549b
CGEN,Compugen Ltd. - Ordinary Shares,nasdaqtrader:Q:CGEN,SECURITY:CGEN:nasdaqtrader:Q:CGEN,,common_equity,eligible,Q,,,2.35,3.1,,864271.6421428571,-0.8438818565400852,-14.54545454545454,42.42424242424243,62.068965517241395,24.193548387096776,48.37526925706075,276.0,full,usable,2026-08-17,rejected,71.43,100.0,,,85.0,92.0,0.0,100.0,2.2.0,c8f1bf1665a8c5dfb834c0571e7dd5f6b6e5ccd00eab00295338bd42cfde549b
CGNT,Cognyte Software Ltd. - Ordinary Shares,nasdaqtrader:Q:CGNT,SECURITY:CGNT:nasdaqtrader:Q:CGNT,,common_equity,eligible,Q,,,8.95,12.24,,6095180.61015873,2.168949771689488,-8.580183861082736,26.770538243626053,2.5200458190148822,26.879084967320267,32.77246932454843,276.0,full,usable,2026-08-17,conditional,80.14,100.0,,,69.0,92.0,62.0,100.0,2.2.0,c8f1bf1665a8c5dfb834c0571e7dd5f6b6e5ccd00eab00295338bd42cfde549b
CGNX,Cognex Corporation - Common Stock,nasdaqtrader:Q:CGNX,SECURITY:CGNX:nasdaqtrader:Q:CGNX,,common_equity,eligible,Q,,,66.6,72.42,,148804025.51563492,3.9488059934446706,3.6414565826330403,13.284572206157508,53.03308823529409,8.036454018227024,56.20391851722373,276.0,full,usable,2026-08-17,conditional,90.43,100.0,,,95.0,82.0,92.0,100.0,2.2.0,c8f1bf1665a8c5dfb834c0571e7dd5f6b6e5ccd00eab00295338bd42cfde549b
CGON,"CG Oncology, Inc. - Common stock",nasdaqtrader:Q:CGON,SECURITY:CGON:nasdaqtrader:Q:CGON,,common_equity,eligible,Q,,,77.11,77.11,,69068839.48301588,7.320807237299931,15.209920812789468,49.72815533980584,197.03389830508473,0.0,48.03205992366855,276.0,full,usable,2026-08-17,conditional,55.86,100.0,,,73.0,10.0,80.0,100.0,2.2.0,c8f1bf1665a8c5dfb834c0571e7dd5f6b6e5ccd00eab00295338bd42cfde549b
CGTL,Creative Global Technology Holdings Limited - Class A Ordinary Shares,nasdaqtrader:Q:CGTL,NAMECLASS:CREATIVE GLOBAL TECHNOLOGY HOLDINGS LIMITED,,common_equity,eligible,Q,,,4.79,78.0,,4675595.249228572,7.158836689038028,-36.12481664221896,-89.10125142207053,-63.32312404287902,93.85897435897435,81.24845024754322,276.0,full,usable,2026-08-17,conditional,46.64,100.0,,,42.0,30.0,45.0,100.0,2.2.0,c8f1bf1665a8c5dfb834c0571e7dd5f6b6e5ccd00eab00295338bd42cfde549b
CGTX,"Cognition Therapeutics, Inc. - Common Stock",nasdaqtrader:Q:CGTX,SECURITY:CGTX:nasdaqtrader:Q:CGTX,,common_equity,eligible,Q,,,1.02,3.18,,1611104.5698063492,6.16153205661949,-10.526315789473673,-8.92857142857143,-38.55421686746987,67.9245283018868,61.636353053956164,276.0,full,usable,2026-08-17,rejected,44.14,100.0,,,67.0,30.0,0.0,100.0,2.2.0,c8f1bf1665a8c5dfb834c0571e7dd5f6b6e5ccd00eab00295338bd42cfde549b
CHA,"Chagee Holdings Limited - American Depositary Shares, each representing 1 Class A ordinary share",nasdaqtrader:Q:CHA,SECURITY:CHA:nasdaqtrader:Q:CHA,,adr,eligible,Q,,,10.15,23.4,,7796289.372539683,-10.176991150442483,3.1504065040650397,-1.5518913676042745,-52.83457249070631,56.623931623931625,42.60556671999913,276.0,full,usable,2026-08-17,conditional,71.71,100.0,,,67.0,70.0,62.0,100.0,2.2.0,c8f1bf1665a8c5dfb834c0571e7dd5f6b6e5ccd00eab00295338bd42cfde549b
CHCI,"Comstock Holding Companies, Inc. - Class A Common Stock",nasdaqtrader:Q:CHCI,NAMECLASS:COMSTOCK HOLDING COMPANIES INC,,common_equity,eligible,Q,,,18.77,19.49,,479664.80968253966,19.174603174603178,15.153374233128837,65.22887323943662,25.551839464882953,3.694202154951254,58.59116378074424,276.0,full,usable,2026-08-17,rejected,36.43,100.0,,,65.0,10.0,0.0,100.0,2.2.0,c8f1bf1665a8c5dfb834c0571e7dd5f6b6e5ccd00eab00295338bd42cfde549b
CHCO,City Holding Company - Common Stock,nasdaqtrader:Q:CHCO,SECURITY:CHCO:nasdaqtrader:Q:CHCO,,common_equity,eligible,Q,,,145.69,147.98,,17374630.04563492,7.314378314672965,19.993411028291398,15.033557046979862,17.948510362694293,1.5475064197864485,18.55817339314692,276.0,full,usable,2026-08-17,conditional,49.71,100.0,,,65.0,10.0,62.0,100.0,2.2.0,c8f1bf1665a8c5dfb834c0571e7dd5f6b6e5ccd00eab00295338bd42cfde549b
CHCT,Community Healthcare Trust Incorporated Common Stock,nasdaqtrader:N:CHCT,SECURITY:CHCT:nasdaqtrader:N:CHCT,,common_equity,eligible,N,,,14.67,19.02,,4091194.73015873,-22.009569377990424,-13.040901007705996,-16.836734693877553,1.2422360248447228,22.870662460567825,48.754370181579255,276.0,full,usable,2026-08-17,conditional,79.36,100.0,,,79.0,92.0,45.0,100.0,2.2.0,c8f1bf1665a8c5dfb834c0571e7dd5f6b6e5ccd00eab00295338bd42cfde549b
CHD,"Church & Dwight Company, Inc. Common Stock",nasdaqtrader:N:CHD,SECURITY:CHD:nasdaqtrader:N:CHD,,common_equity,eligible,N,,,97.98,105.26,,188030430.1715873,-0.09177118384826599,4.178628389154704,-3.4204041399704233,5.809935205183603,6.91620748622459,24.050703486180804,276.0,full,usable,2026-08-17,conditional,66.57,100.0,,,79.0,28.0,92.0,100.0,2.2.0,c8f1bf1665a8c5dfb834c0571e7dd5f6b6e5ccd00eab00295338bd42cfde549b
CHDN,"Churchill Downs, Incorporated - Common Stock",nasdaqtrader:Q:CHDN,SECURITY:CHDN:nasdaqtrader:Q:CHDN,,common_equity,eligible,Q,,,89.7,117.59,,86141462.40619048,6.849315068493156,3.424420615703916,0.5154639175257714,-13.400270322456064,23.71800323156731,33.481603252007886,276.0,full,usable,2026-08-17,conditional,85.14,100.0,,,73.0,92.0,80.0,100.0,2.2.0,c8f1bf1665a8c5dfb834c0571e7dd5f6b6e5ccd00eab00295338bd42cfde549b
CHE,Chemed Corp,qrgf-resolution-required:N:CHE,SECURITY:CHE:qrgf-resolution-required:N:CHE,,common_equity,eligible,N,,,524.98,552.72,,91416753.27412698,2.9312001254828246,20.81559386003269,10.9378301846921,18.273368328564676,5.01881603705312,21.3890334726805,276.0,full,usable,2026-08-17,conditional,62.86,100.0,,,75.0,28.0,80.0,100.0,2.2.0,c8f1bf1665a8c5dfb834c0571e7dd5f6b6e5ccd00eab00295338bd42cfde549b
CHEF,"The Chefs' Warehouse, Inc. - Common Stock",nasdaqtrader:Q:CHEF,SECURITY:CHEF:nasdaqtrader:Q:CHEF,,common_equity,eligible,Q,,,110.57,115.35,,57551999.23555556,13.889890302312402,37.62758277321383,61.557568673290476,80.40463370859845,4.143909839618553,41.23863414488516,276.0,full,usable,2026-08-17,conditional,55.86,100.0,,,73.0,10.0,80.0,100.0,2.2.0,c8f1bf1665a8c5dfb834c0571e7dd5f6b6e5ccd00eab00295338bd42cfde549b
CHGG,"Chegg, Inc. Common Stock",nasdaqtrader:N:CHGG,SECURITY:CHGG:nasdaqtrader:N:CHGG,,common_equity,eligible,N,,,0.7652,1.84,,1603647.0791666666,-6.236980762161504,-24.980392156862752,35.745964165336176,-39.269841269841265,58.413043478260875,83.86365182849698,276.0,full,usable,2026-08-17,rejected,55.57,100.0,,,57.0,70.0,0.0,100.0,2.2.0,c8f1bf1665a8c5dfb834c0571e7dd5f6b6e5ccd00eab00295338bd42cfde549b
CHH,"Choice Hotels International, Inc. Common Stock",nasdaqtrader:N:CHH,SECURITY:CHH:nasdaqtrader:N:CHH,,common_equity,eligible,N,,,104.93,122.08,,68451069.52555555,-6.178469241773965,-1.879558631008038,-4.643765903307884,-14.489446662863648,14.048165137614676,32.63403901906074,276.0,full,usable,2026-08-17,conditional,81.57,100.0,,,73.0,82.0,80.0,100.0,2.2.0,c8f1bf1665a8c5dfb834c0571e7dd5f6b6e5ccd00eab00295338bd42cfde549b
CHKP,Check Point Software Technologies Ltd. - Ordinary Shares,nasdaqtrader:Q:CHKP,SECURITY:CHKP:nasdaqtrader:Q:CHKP,,common_equity,eligible,Q,,,127.01,206.91,,172505918.03666666,-7.3595915390226025,2.40264452148673,-25.933053417308138,-31.464493848478302,38.61582330481852,45.326066096254785,276.0,full,usable,2026-08-17,conditional,87.07,100.0,,,67.0,95.0,92.0,100.0,2.2.0,c8f1bf1665a8c5dfb834c0571e7dd5f6b6e5ccd00eab00295338bd42cfde549b
CHMG,Chemung Financial Corp  - Common Stock,nasdaqtrader:Q:CHMG,SECURITY:CHMG:nasdaqtrader:Q:CHMG,,common_equity,eligible,Q,,,82.79,83.92,,4306101.858968254,9.00592495062542,26.377652266829486,39.28331090174968,60.259388308168816,1.3465204957101906,31.063692767898775,276.0,full,usable,2026-08-17,conditional,48.36,100.0,,,73.0,10.0,45.0,100.0,2.2.0,c8f1bf1665a8c5dfb834c0571e7dd5f6b6e5ccd00eab00295338bd42cfde549b
CHMI,Cherry Hill Mortgage Investment Corporation Common Stock,nasdaqtrader:N:CHMI,SECURITY:CHMI:nasdaqtrader:N:CHMI,,common_equity,eligible,N,,,2.92,3.02,,839142.6325396826,24.255319148936174,21.66666666666668,12.741312741312738,-0.6802721088435382,3.311258278145701,49.859950575660804,276.0,full,usable,2026-08-17,rejected,35.29,100.0,,,61.0,10.0,0.0,100.0,2.2.0,c8f1bf1665a8c5dfb834c0571e7dd5f6b6e5ccd00eab00295338bd42cfde549b
CHNR,"China Natural Resources, Inc. - Common Shares",nasdaqtrader:Q:CHNR,SECURITY:CHNR:nasdaqtrader:Q:CHNR,,common_equity,eligible,Q,,,4.1,7.17,,358324.41715079366,13.888888888888884,-1.4423076923077094,19.883040935672504,17.07595659623071,42.81729428172943,58.97127194514971,276.0,full,usable,2026-08-17,rejected,70.21,100.0,,,77.0,95.0,0.0,100.0,2.2.0,c8f1bf1665a8c5dfb834c0571e7dd5f6b6e5ccd00eab00295338bd42cfde549b
CHOW,ChowChow Cloud International Holdings Limited Ordinary Shares,nasdaqtrader:A:CHOW,SECURITY:CHOW:nasdaqtrader:A:CHOW,,common_equity,eligible,A,,,0.4056,12.61,,5463142.47081746,19.29411764705882,-4.788732394366191,-34.790996784565905,,96.78350515463917,121.01623850641869,231.0,limited_but_usable,usable,2026-08-17,conditional,55.14,100.0,,,59.0,30.0,62.0,100.0,2.2.0,c8f1bf1665a8c5dfb834c0571e7dd5f6b6e5ccd00eab00295338bd42cfde549b
CHPT,"ChargePoint Holdings, Inc. Common Stock",nasdaqtrader:N:CHPT,SECURITY:CHPT:nasdaqtrader:N:CHPT,,common_equity,eligible,N,,,5.88,12.45,,4137825.790793651,4.440497335701599,-11.31221719457014,-0.3389830508474634,-50.12722646310432,52.77108433734939,63.34928677576064,276.0,full,usable,2026-08-17,conditional,68.07,100.0,,,67.0,70.0,45.0,100.0,2.2.0,c8f1bf1665a8c5dfb834c0571e7dd5f6b6e5ccd00eab00295338bd42cfde549b
CHR,"Cheer Holding, Inc.  - Class A Ordinary Share",nasdaqtrader:Q:CHR,NAMECLASS:CHEER HOLDING INC,,common_equity,eligible,Q,,,1.85,180.0,,368299.62952380953,1.6483516483516425,6.321839080459779,-57.47126436781609,-98.91336270190895,98.97222222222221,73.59123904590825,276.0,full,usable,2026-08-17,rejected,32.14,100.0,,,25.0,30.0,0.0,100.0,2.2.0,c8f1bf1665a8c5dfb834c0571e7dd5f6b6e5ccd00eab00295338bd42cfde549b
CHRD,Chord Energy Corporation - Common Stock,nasdaqtrader:Q:CHRD,SECURITY:CHRD:nasdaqtrader:Q:CHRD,,common_equity,eligible,Q,,,142.88,149.65,,106430041.91492064,11.537861046057763,-3.713188220230468,40.050970397961194,38.97480789806438,4.523889074507192,45.72715662586251,276.0,full,usable,2026-08-17,conditional,59.57,100.0,,,77.0,10.0,92.0,100.0,2.2.0,c8f1bf1665a8c5dfb834c0571e7dd5f6b6e5ccd00eab00295338bd42cfde549b
CHRN,ChronoScale Holdings Corporation - Common Stock,nasdaqtrader:Q:CHRN,SECURITY:CHRN:nasdaqtrader:Q:CHRN,,common_equity,eligible,Q,,,22.19,29.63,,6905533.422301588,-16.042376087779033,29.011627906976756,124.82269503546104,595.6112852664577,25.109686128923382,146.56121289422074,276.0,full,usable,2026-08-17,conditional,81.29,100.0,,,73.0,92.0,62.0,100.0,2.2.0,c8f1bf1665a8c5dfb834c0571e7dd5f6b6e5ccd00eab00295338bd42cfde549b
CHRS,"Coherus Oncology, Inc. - Common Stock",nasdaqtrader:Q:CHRS,SECURITY:CHRS:nasdaqtrader:Q:CHRS,,common_equity,eligible,Q,,,1.15,2.51,,1380064.739126984,-17.85714285714286,-26.751592356687905,-28.57142857142858,12.745098039215685,54.18326693227091,61.91808766632919,276.0,full,usable,2026-08-17,rejected,61.86,100.0,,,79.0,70.0,0.0,100.0,2.2.0,c8f1bf1665a8c5dfb834c0571e7dd5f6b6e5ccd00eab00295338bd42cfde549b
CHRW,"C.H. Robinson Worldwide, Inc. - Common Stock",nasdaqtrader:Q:CHRW,SECURITY:CHRW:nasdaqtrader:Q:CHRW,,common_equity,eligible,Q,,,144.78,209.42,,321206843.99515873,-30.561151079136696,-11.49825783972126,-17.74331003920231,19.140882159315353,30.86620189093687,66.97302522285993,276.0,full,usable,2026-08-17,conditional,91.71,100.0,,,87.0,92.0,92.0,100.0,2.2.0,c8f1bf1665a8c5dfb834c0571e7dd5f6b6e5ccd00eab00295338bd42cfde549b
CHSN,Chanson International Holding - Class A Ordinary Shares,nasdaqtrader:Q:CHSN,NAMECLASS:CHANSON INTERNATIONAL HOLDING,,common_equity,eligible,Q,,,1.1,328.0,,1395240.114161905,3.7735849056603765,-14.0625,-99.41792782305005,-99.73659003831418,99.66463414634147,77.9927437410923,276.0,full,usable,2026-08-17,rejected,31.29,100.0,,,22.0,30.0,0.0,100.0,2.2.0,c8f1bf1665a8c5dfb834c0571e7dd5f6b6e5ccd00eab00295338bd42cfde549b
CHT,"Chunghwa Telecom Co., Ltd.",qrgf-resolution-required:N:CHT,SECURITY:CHT:qrgf-resolution-required:N:CHT,,common_equity,eligible,N,,,42.49,46.27,,7023348.76968254,0.11781338360039584,-1.8480018480018456,-0.5383895131086058,-5.766245287203375,8.16944024205749,17.516189159728253,276.0,full,usable,2026-08-17,conditional,77.71,100.0,,,73.0,82.0,62.0,100.0,2.2.0,c8f1bf1665a8c5dfb834c0571e7dd5f6b6e5ccd00eab00295338bd42cfde549b
CHTR,"Charter Communications, Inc. - Class A Common Stock",nasdaqtrader:Q:CHTR,NAMECLASS:CHARTER COMMUNICATIONS INC,,common_equity,eligible,Q,,,144.1,282.74,,439219307.37095237,9.690188018573487,2.6865246205372895,-39.729808858588825,-45.25075987841946,49.034448610030424,51.957342415968185,276.0,full,usable,2026-08-17,conditional,87.07,100.0,,,67.0,95.0,92.0,100.0,2.2.0,c8f1bf1665a8c5dfb834c0571e7dd5f6b6e5ccd00eab00295338bd42cfde549b
CHWY,"Chewy, Inc. Class A Common Stock",nasdaqtrader:N:CHWY,NAMECLASS:CHEWY INC,,common_equity,eligible,N,,,22.13,42.33,,188813454.2626984,5.7333970377448695,3.9943609022556226,-8.666941807676443,-43.16897791474062,47.72029293645169,42.302099216661674,276.0,full,usable,2026-08-17,conditional,87.07,100.0,,,67.0,95.0,92.0,100.0,2.2.0,c8f1bf1665a8c5dfb834c0571e7dd5f6b6e5ccd00eab00295338bd42cfde549b
CHYM,"Chime Financial, Inc. - Class A Common Stock",nasdaqtrader:Q:CHYM,NAMECLASS:CHIME FINANCIAL INC,,common_equity,eligible,Q,,,31.45,32.18,,147079341.34349206,40.84191670398567,77.78405879027697,59.72574911122395,7.521367521367517,2.268489745183344,69.4235909296117,276.0,full,usable,2026-08-17,conditional,53.86,100.0,,,57.0,10.0,92.0,100.0,2.2.0,c8f1bf1665a8c5dfb834c0571e7dd5f6b6e5ccd00eab00295338bd42cfde549b
CI,The Cigna Group Common Stock,nasdaqtrader:N:CI,SECURITY:CI:nasdaqtrader:N:CI,,common_equity,eligible,N,,,275.33,311.0,,482873392.0790476,-2.174453721797831,-3.484418270410483,-5.527724402964596,-5.173066988117803,11.469453376205795,33.10665036041998,276.0,full,usable,2026-08-17,conditional,84.14,100.0,,,73.0,82.0,92.0,100.0,2.2.0,c8f1bf1665a8c5dfb834c0571e7dd5f6b6e5ccd00eab00295338bd42cfde549b
CIA,"Citizens, Inc. Class A Common Stock ($1.00 Par)",nasdaqtrader:N:CIA,SECURITY:CIA:nasdaqtrader:N:CIA,,common_equity,eligible,N,,,3.82,6.38,,674508.6631746033,-28.864059590316582,-26.819923371647512,-36.12040133779265,-24.803149606299215,40.12539184952978,61.615338453057625,276.0,full,usable,2026-08-17,rejected,69.07,100.0,,,73.0,95.0,0.0,100.0,2.2.0,c8f1bf1665a8c5dfb834c0571e7dd5f6b6e5ccd00eab00295338bd42cfde549b
CIBR,First Trust NASDAQ Cybersecurity ETF,US:CIBR,SECURITY:CIBR:US:CIBR,,etf,eligible,Q,,,97.79,102.2,,146567115.66269842,5.8791684711996695,23.706514864010142,46.326500074816714,36.33068451136205,4.315068493150687,28.263880842980083,276.0,full,usable,2026-08-17,conditional,56.14,100.0,,,65.0,10.0,92.0,100.0,2.2.0,c8f1bf1665a8c5dfb834c0571e7dd5f6b6e5ccd00eab00295338bd42cfde549b
CIEN,Ciena Corporation Common Stock,nasdaqtrader:N:CIEN,SECURITY:CIEN:nasdaqtrader:N:CIEN,,common_equity,eligible,N,,,445.18,627.0,,1278216492.4930158,18.901738735610696,-19.709266673880897,46.47933666754409,386.9612776197768,28.998405103668258,80.84032167700624,276.0,full,usable,2026-08-17,conditional,92.86,100.0,,,85.0,92.0,100.0,100.0,2.2.0,c8f1bf1665a8c5dfb834c0571e7dd5f6b6e5ccd00eab00295338bd42cfde549b
CIFR,Cipher Digital Inc. - Common Stock,nasdaqtrader:Q:CIFR,SECURITY:CIFR:nasdaqtrader:Q:CIFR,,common_equity,eligible,Q,,,18.5,29.18,,607699670.7499207,5.353075170842825,-9.001475651746183,12.66747868453104,247.7443609022556,36.60041124057574,146.35997839975437,276.0,full,usable,2026-08-17,conditional,96.79,100.0,,,95.0,95.0,100.0,100.0,2.2.0,c8f1bf1665a8c5dfb834c0571e7dd5f6b6e5ccd00eab00295338bd42cfde549b
CIG,Comp En De Mn Cemig ADS American Depositary Shares,nasdaqtrader:N:CIG,SECURITY:CIG:nasdaqtrader:N:CIG,,adr,eligible,N,,,1.92,2.73,,13370366.54095238,-10.280373831775712,-12.328767123287676,-13.51351351351352,-1.538461538461544,29.670329670329675,27.960431240446415,276.0,full,usable,2026-08-17,conditional,81.29,100.0,,,73.0,92.0,62.0,100.0,2.2.0,c8f1bf1665a8c5dfb834c0571e7dd5f6b6e5ccd00eab00295338bd42cfde549b
CIG.C,Comp En De Mn Cemig ADS American Depositary Receipts,nasdaqtrader:N:CIG.C,SECURITY:CIG.C:nasdaqtrader:N:CIG.C,,adr,eligible,N,,,2.8588,3.92,,9877.937598412698,-12.036923076923078,-10.241758241758248,-1.2504317789291841,7.071161048689145,27.07142857142857,33.47255524563752,276.0,full,usable,2026-08-17,rejected,69.71,100.0,,,79.0,92.0,0.0,100.0,2.2.0,c8f1bf1665a8c5dfb834c0571e7dd5f6b6e5ccd00eab00295338bd42cfde549b
CIGI,Colliers International Group Inc.  - Subordinate Voting Shares,qrgf-resolution-required:Q:CIGI,SECURITY:CIGI:qrgf-resolution-required:Q:CIGI,,common_equity,eligible,Q,,,103.43,169.29,,21586826.484761905,1.4815541601255866,12.423913043478274,-8.783843372431422,-36.205514093628565,38.90365644751609,40.507961642777616,276.0,full,usable,2026-08-17,conditional,77.21,100.0,,,55.0,95.0,62.0,100.0,2.2.0,c8f1bf1665a8c5dfb834c0571e7dd5f6b6e5ccd00eab00295338bd42cfde549b
CIIT,"Tianci International, Inc. - Common Stock",nasdaqtrader:Q:CIIT,SECURITY:CIIT:nasdaqtrader:Q:CIIT,,common_equity,eligible,Q,,,3.5,71.4,,7268213.219952382,18.764845605700707,-72.86821705426357,-91.72185430463577,-94.23963133640552,95.09803921568627,126.66479443034137,276.0,full,usable,2026-08-17,conditional,38.29,100.0,,,0.0,30.0,62.0,100.0,2.2.0,c8f1bf1665a8c5dfb834c0571e7dd5f6b6e5ccd00eab00295338bd42cfde549b
CIM,Chimera Investment Corporation Common Stock,nasdaqtrader:N:CIM,SECURITY:CIM:nasdaqtrader:N:CIM,,common_equity,eligible,N,,,11.74,14.74,,9333674.558571428,-8.992248062015506,-10.31321619556913,-16.619318181818176,-14.30656934306569,20.352781546811393,25.547133847705332,276.0,full,usable,2026-08-17,conditional,81.29,100.0,,,73.0,92.0,62.0,100.0,2.2.0,c8f1bf1665a8c5dfb834c0571e7dd5f6b6e5ccd00eab00295338bd42cfde549b
CINF,Cincinnati Financial Corporation - Common Stock,nasdaqtrader:Q:CINF,SECURITY:CINF:nasdaqtrader:Q:CINF,,common_equity,eligible,Q,,,171.06,192.03,,139452517.0079365,-5.381934841528835,2.7881264271121253,5.093076119678064,10.96983457671099,10.920168723636936,28.857480973529103,276.0,full,usable,2026-08-17,conditional,85.86,100.0,,,79.0,82.0,92.0,100.0,2.2.0,c8f1bf1665a8c5dfb834c0571e7dd5f6b6e5ccd00eab00295338bd42cfde549b
CING,Cingulate Inc. - Common Stock,nasdaqtrader:Q:CING,SECURITY:CING:nasdaqtrader:Q:CING,,common_equity,eligible,Q,,,5.21,11.66,,1962244.361031746,14.757709251101314,14.004376367614867,-13.166666666666671,26.15012106537531,55.31732418524871,45.790548334389605,276.0,full,usable,2026-08-17,rejected,60.71,100.0,,,75.0,70.0,0.0,100.0,2.2.0,c8f1bf1665a8c5dfb834c0571e7dd5f6b6e5ccd00eab00295338bd42cfde549b
CINT,CI&T Inc Class A Common Shares,nasdaqtrader:N:CINT,NAMECLASS:CI T INC,,common_equity,eligible,N,,,3.54,5.66,,601860.5434920635,9.597523219814242,-4.838709677419361,-28.1947261663286,-34.32282003710575,37.455830388692576,32.44597670896437,276.0,full,usable,2026-08-17,rejected,67.36,100.0,,,67.0,95.0,0.0,100.0,2.2.0,c8f1bf1665a8c5dfb834c0571e7dd5f6b6e5ccd00eab00295338bd42cfde549b
CION,CION Investment Corporation Common Stock,nasdaqtrader:N:CION,SECURITY:CION:nasdaqtrader:N:CION,,common_equity,eligible,N,,,7.21,10.86,,3739542.9825396826,18.003273322422242,7.1322436849925674,-16.55092592592593,-32.10922787193973,33.60957642725598,57.35306131162835,276.0,full,usable,2026-08-17,conditional,72.5,100.0,,,55.0,92.0,45.0,100.0,2.2.0,c8f1bf1665a8c5dfb834c0571e7dd5f6b6e5ccd00eab00295338bd42cfde549b
CIRC,"Circle8 Group, Inc. - Common Stock",nasdaqtrader:Q:CIRC,SECURITY:CIRC:nasdaqtrader:Q:CIRC,,common_equity,eligible,Q,,,0.6422,5.05,,13918902.17319365,-16.845785316586813,-54.77464788732394,-78.30405405405405,-82.6900269541779,87.28316831683168,173.35321030173284,276.0,full,usable,2026-08-17,conditional,41.14,100.0,,,10.0,30.0,62.0,100.0,2.2.0,c8f1bf1665a8c5dfb834c0571e7dd5f6b6e5ccd00eab00295338bd42cfde549b
CISS,C3is Inc. - Common Stock,nasdaqtrader:Q:CISS,SECURITY:CISS:nasdaqtrader:Q:CISS,,common_equity,eligible,Q,,,0.0594,569.8,,4816837.733377778,-96.52631578947368,-98.05245901639344,-99.43803216650899,-99.986782376502,99.9895752895753,547.7745658821158,276.0,full,usable,2026-08-17,conditional,34.64,100.0,,,0.0,30.0,45.0,100.0,2.2.0,c8f1bf1665a8c5dfb834c0571e7dd5f6b6e5ccd00eab00295338bd42cfde549b
CITR,CitroTech Inc. Common Stock,nasdaqtrader:A:CITR,SECURITY:CITR:nasdaqtrader:A:CITR,,common_equity,eligible,A,,,5.73,10.09,,229217.16932698412,21.141649048625787,-15.859030837004395,-21.828103683492493,,43.21110009910802,70.09798464267183,175.0,limited_but_usable,usable,2026-08-17,rejected,65.07,100.0,,,59.0,95.0,0.0,100.0,2.2.0,c8f1bf1665a8c5dfb834c0571e7dd5f6b6e5ccd00eab00295338bd42cfde549b
CIVB,"Civista Bancshares, Inc.  - Common Stock",nasdaqtrader:Q:CIVB,SECURITY:CIVB:nasdaqtrader:Q:CIVB,,common_equity,eligible,Q,,,28.36,29.3,,3565557.618174603,-0.5261311820414005,17.0933113129645,18.909853249475873,39.56692913385827,3.208191126279869,17.387496862025795,276.0,full,usable,2026-08-17,conditional,46.07,100.0,,,65.0,10.0,45.0,100.0,2.2.0,c8f1bf1665a8c5dfb834c0571e7dd5f6b6e5ccd00eab00295338bd42cfde549b
CIX,CompX International Inc. Common Stock,nasdaqtrader:A:CIX,SECURITY:CIX:nasdaqtrader:A:CIX,,common_equity,eligible,A,,,30.77,31.6,,175241.9130952381,22.58964143426294,36.75555555555556,25.183075671277464,-1.5989766549408424,2.6265822784810156,42.23664108797342,276.0,full,usable,2026-08-17,rejected,32.43,100.0,,,51.0,10.0,0.0,100.0,2.2.0,c8f1bf1665a8c5dfb834c0571e7dd5f6b6e5ccd00eab00295338bd42cfde549b
CKX,"CKX Lands, Inc. Common Stock",nasdaqtrader:A:CKX,SECURITY:CKX:nasdaqtrader:A:CKX,,common_equity,eligible,A,,,10.61,12.34,,69777.15293015873,-3.80779691749773,-0.8411214953271018,-1.6435994178339408,-10.630053908355796,14.0194489465154,44.698755119818216,276.0,full,usable,2026-08-17,rejected,64.43,100.0,,,73.0,82.0,0.0,100.0,2.2.0,c8f1bf1665a8c5dfb834c0571e7dd5f6b6e5ccd00eab00295338bd42cfde549b
CL,Colgate-Palmolive Company Common Stock,nasdaqtrader:N:CL,SECURITY:CL:nasdaqtrader:N:CL,,common_equity,eligible,N,,,90.21,99.14,,451863410.8409524,-2.9791352979135377,2.3601497787359538,-6.682528188683157,6.568222090962772,9.00746419205165,23.555873358171358,276.0,full,usable,2026-08-17,conditional,85.86,100.0,,,79.0,82.0,92.0,100.0,2.2.0,c8f1bf1665a8c5dfb834c0571e7dd5f6b6e5ccd00eab00295338bd42cfde549b
CLAR,Clarus Corporation - Common Stock,nasdaqtrader:Q:CLAR,SECURITY:CLAR:nasdaqtrader:Q:CLAR,,common_equity,eligible,Q,,,3.63,4.0,,745583.1432539682,5.8309037900874605,32.967032967032964,8.03571428571428,7.079646017699104,9.250000000000004,41.17570637906617,276.0,full,usable,2026-08-17,rejected,62.71,100.0,,,67.0,82.0,0.0,100.0,2.2.0,c8f1bf1665a8c5dfb834c0571e7dd5f6b6e5ccd00eab00295338bd42cfde549b
CLB,Core Laboratories Inc. Common Stock,nasdaqtrader:N:CLB,SECURITY:CLB:nasdaqtrader:N:CLB,,common_equity,eligible,N,,,12.62,19.67,,10059894.906031746,11.28747795414462,-3.442999234889066,-32.004310344827594,19.05660377358491,35.84138281647179,49.38365262326995,276.0,full,usable,2026-08-17,conditional,86.36,100.0,,,87.0,95.0,62.0,100.0,2.2.0,c8f1bf1665a8c5dfb834c0571e7dd5f6b6e5ccd00eab00295338bd42cfde549b
CLBK,"Columbia Financial, Inc. - Common Stock",nasdaqtrader:Q:CLBK,SECURITY:CLBK:nasdaqtrader:Q:CLBK,,common_equity,eligible,Q,,,11.68,24.5,,48054777.356587306,-50.128095644748086,-40.31681144609096,-36.55621944595329,-21.18758434547908,52.3265306122449,233.66481767517305,276.0,full,usable,2026-08-17,conditional,77.29,100.0,,,73.0,70.0,80.0,100.0,2.2.0,c8f1bf1665a8c5dfb834c0571e7dd5f6b6e5ccd00eab00295338bd42cfde549b
CLBT,Cellebrite DI Ltd. - Ordinary Shares,nasdaqtrader:Q:CLBT,SECURITY:CLBT:nasdaqtrader:Q:CLBT,,common_equity,eligible,Q,,,10.44,19.56,,34296379.3584127,-32.38341968911917,-19.56856702619415,-28.688524590163944,-31.720078482668413,46.62576687116564,106.95370195826027,276.0,full,usable,2026-08-17,conditional,84.5,100.0,,,67.0,95.0,80.0,100.0,2.2.0,c8f1bf1665a8c5dfb834c0571e7dd5f6b6e5ccd00eab00295338bd42cfde549b
CLDI,"Calidi Biotherapeutics, Inc. Common Stock",nasdaqtrader:A:CLDI,SECURITY:CLDI:nasdaqtrader:A:CLDI,,common_equity,eligible,A,,,1.36,84.8,,683008.7031904762,-28.496319663512082,-54.20875420875421,-89.1373801916933,-98.31349206349206,98.39622641509433,109.39601873143785,276.0,full,usable,2026-08-17,rejected,27.86,100.0,,,10.0,30.0,0.0,100.0,2.2.0,c8f1bf1665a8c5dfb834c0571e7dd5f6b6e5ccd00eab00295338bd42cfde549b
CLDT,Chatham Lodging Trust (REIT) Common Shares of Beneficial Interest,nasdaqtrader:N:CLDT,SECURITY:CLDT:nasdaqtrader:N:CLDT,,common_equity,eligible,N,,,12.98,13.78,,5057484.4366666665,-2.9169783096484547,31.24368048533872,73.2977303070761,81.53846153846153,5.805515239477499,25.664531857804267,276.0,full,usable,2026-08-17,conditional,58.43,100.0,,,73.0,28.0,62.0,100.0,2.2.0,c8f1bf1665a8c5dfb834c0571e7dd5f6b6e5ccd00eab00295338bd42cfde549b
CLDX,"Celldex Therapeutics, Inc. - Common Stock",nasdaqtrader:Q:CLDX,SECURITY:CLDX:nasdaqtrader:Q:CLDX,,common_equity,eligible,Q,,,41.92,44.87,,36297411.555396825,18.585572842998577,33.75877472878113,82.2608695652174,68.08340016038493,6.574548696233551,44.82365880002118,276.0,full,usable,2026-08-17,conditional,62.29,100.0,,,73.0,28.0,80.0,100.0,2.2.0,c8f1bf1665a8c5dfb834c0571e7dd5f6b6e5ccd00eab00295338bd42cfde549b
CLF,Cleveland-Cliffs Inc. Common Stock,nasdaqtrader:N:CLF,SECURITY:CLF:nasdaqtrader:N:CLF,,common_equity,eligible,N,,,12.31,16.18,,245363059.48920634,32.65086206896552,19.398642095053354,18.593448940269752,16.571969696969703,23.918417799752778,66.73487468750638,276.0,full,usable,2026-08-17,conditional,85.43,100.0,,,65.0,92.0,92.0,100.0,2.2.0,c8f1bf1665a8c5dfb834c0571e7dd5f6b6e5ccd00eab00295338bd42cfde549b
CLFD,"Clearfield, Inc. - Common Stock",nasdaqtrader:Q:CLFD,SECURITY:CLFD:nasdaqtrader:Q:CLFD,,common_equity,eligible,Q,,,29.46,51.26,,10291657.468888888,-3.851174934725843,-32.27586206896551,-9.8531211750306,-6.476190476190469,42.52828716348029,87.8200587486027,276.0,full,usable,2026-08-17,conditional,82.36,100.0,,,73.0,95.0,62.0,100.0,2.2.0,c8f1bf1665a8c5dfb834c0571e7dd5f6b6e5ccd00eab00295338bd42cfde549b
CLH,"Clean Harbors, Inc. Common Stock",nasdaqtrader:N:CLH,SECURITY:CLH:nasdaqtrader:N:CLH,,common_equity,eligible,N,,,326.05,326.34,,146901915.29301587,4.981003284178009,7.338030023702924,19.074574538017686,31.97733252378061,0.08886437457864549,26.23722950887747,276.0,full,usable,2026-08-17,conditional,56.14,100.0,,,65.0,10.0,92.0,100.0,2.2.0,c8f1bf1665a8c5dfb834c0571e7dd5f6b6e5ccd00eab00295338bd42cfde549b
