ticker,company,contract_id,issuer_id,issuer_cik,security_type,instrument_status,exchange,sector,industry,current_price,reference_52w_high,market_cap,avg_dollar_volume,return_1m_pct,return_3m_pct,return_6m_pct,return_12m_pct,drawdown_pct,historical_volatility_pct,trading_history_days,momentum_history_status,data_integrity_status,as_of,l2_status,l2_setup_score,l2_confidence_pct,l2_quality_prior_score,l2_room_to_target_score,setup_prior_growth,setup_pullback_geometry,setup_liquidity,setup_data_completeness,setup_model_version,l2_rules_hash
PEB,Pebblebrook Hotel Trust Common Shares of Beneficial Interest,nasdaqtrader:N:PEB,SECURITY:PEB:nasdaqtrader:N:PEB,,common_equity,eligible,N,,,18.3,19.75,,45592647.543015875,-5.2304505437597015,26.73130193905817,44.66403162055337,83.91959798994976,7.341772151898729,27.484913398644732,277.0,full,usable,2026-08-18,conditional,62.29,100.0,,,73.0,28.0,80.0,100.0,2.2.0,c8f1bf1665a8c5dfb834c0571e7dd5f6b6e5ccd00eab00295338bd42cfde549b
PEBK,"Peoples Bancorp of North Carolina, Inc. - Common Stock",nasdaqtrader:Q:PEBK,SECURITY:PEBK:nasdaqtrader:Q:PEBK,,common_equity,eligible,Q,,,45.25,45.25,,1667241.3632539683,5.872718764623297,12.394436164927969,13.181590795397714,56.84575389948006,0.0,19.041232553548063,277.0,full,usable,2026-08-18,rejected,41.57,100.0,,,83.0,10.0,0.0,100.0,2.2.0,c8f1bf1665a8c5dfb834c0571e7dd5f6b6e5ccd00eab00295338bd42cfde549b
PEBO,Peoples Bancorp Inc. - Common Stock,nasdaqtrader:Q:PEBO,SECURITY:PEBO:nasdaqtrader:Q:PEBO,,common_equity,eligible,Q,,,40.99,42.23,,10618289.479047619,4.061944656004068,21.559905100830367,21.308079313406346,40.28062970568105,2.936301207672254,18.92619705691779,277.0,full,usable,2026-08-18,conditional,49.71,100.0,,,65.0,10.0,62.0,100.0,2.2.0,c8f1bf1665a8c5dfb834c0571e7dd5f6b6e5ccd00eab00295338bd42cfde549b
PECO,"Phillips Edison & Company, Inc. - Common Stock",nasdaqtrader:Q:PECO,SECURITY:PECO:nasdaqtrader:Q:PECO,,common_equity,eligible,Q,,,39.74,44.01,,41477519.55301587,-9.20721955677405,-0.649999999999995,3.543512245961433,17.469701448418572,9.70234037718699,18.135764518750292,277.0,full,usable,2026-08-18,conditional,85.57,100.0,,,87.0,82.0,80.0,100.0,2.2.0,c8f1bf1665a8c5dfb834c0571e7dd5f6b6e5ccd00eab00295338bd42cfde549b
PED,Pedevco Corp. Common Stock,nasdaqtrader:A:PED,SECURITY:PED:nasdaqtrader:A:PED,,common_equity,eligible,A,,,12.12,18.18,,542714.8523809524,2.624894157493629,-20.52459016393443,3.236797274275971,1.1686143572620988,33.333333333333336,66.42528670037996,277.0,full,usable,2026-08-18,rejected,69.71,100.0,,,79.0,92.0,0.0,100.0,2.2.0,c8f1bf1665a8c5dfb834c0571e7dd5f6b6e5ccd00eab00295338bd42cfde549b
PEG,Public Service Enterprise Group Incorporated Common Stock,nasdaqtrader:N:PEG,SECURITY:PEG:nasdaqtrader:N:PEG,,common_equity,eligible,N,,,75.6,86.95,,231014187.39253968,-2.865219067197744,-1.613742842269661,-13.053479010925829,-11.392405063291132,13.053479010925829,13.95280457755175,277.0,full,usable,2026-08-18,conditional,84.14,100.0,,,73.0,82.0,92.0,100.0,2.2.0,c8f1bf1665a8c5dfb834c0571e7dd5f6b6e5ccd00eab00295338bd42cfde549b
PEGA,Pegasystems Inc. - Common Stock,nasdaqtrader:Q:PEGA,SECURITY:PEGA:nasdaqtrader:Q:PEGA,,common_equity,eligible,Q,,,32.5,66.64,,79663607.715,2.556011360050481,-4.831625183016097,-26.96629213483146,-38.28332700341816,51.23049219687875,71.47745286170301,277.0,full,usable,2026-08-18,conditional,75.57,100.0,,,67.0,70.0,80.0,100.0,2.2.0,c8f1bf1665a8c5dfb834c0571e7dd5f6b6e5ccd00eab00295338bd42cfde549b
PEN,"Penumbra, Inc. Common Stock",nasdaqtrader:N:PEN,SECURITY:PEN:nasdaqtrader:N:PEN,,common_equity,eligible,N,,,324.75,359.4,,122194538.96984126,2.1194302065972837,-0.5481717400624753,-4.773773568307771,28.34953758596157,9.641068447412348,5.912329583022321,277.0,full,usable,2026-08-18,conditional,88.14,100.0,,,87.0,82.0,92.0,100.0,2.2.0,c8f1bf1665a8c5dfb834c0571e7dd5f6b6e5ccd00eab00295338bd42cfde549b
PENG,"Penguin Solutions, Inc. - Common Stock",nasdaqtrader:Q:PENG,SECURITY:PENG:nasdaqtrader:Q:PENG,,common_equity,eligible,Q,,,58.36,81.39,,223542851.32444444,9.637422506105576,27.674469481513885,201.6020671834625,145.51956247370637,28.29585944219192,124.14090948435852,277.0,full,usable,2026-08-18,conditional,87.71,100.0,,,73.0,92.0,92.0,100.0,2.2.0,c8f1bf1665a8c5dfb834c0571e7dd5f6b6e5ccd00eab00295338bd42cfde549b
PENN,"PENN Entertainment, Inc. - Common Stock",nasdaqtrader:Q:PENN,SECURITY:PENN:nasdaqtrader:Q:PENN,,common_equity,eligible,Q,,,18.29,22.06,,68694307.65571427,-13.848327837965147,10.983009708737846,51.78423236514522,0.27412280701755165,17.0897552130553,38.53461010683108,277.0,full,usable,2026-08-18,conditional,77.0,100.0,,,57.0,82.0,80.0,100.0,2.2.0,c8f1bf1665a8c5dfb834c0571e7dd5f6b6e5ccd00eab00295338bd42cfde549b
PEP,"PepsiCo, Inc. - Common Stock",nasdaqtrader:Q:PEP,SECURITY:PEP:nasdaqtrader:Q:PEP,,common_equity,eligible,Q,,,140.13,170.49,,1229243244.7614286,3.447512180717549,-5.9908761572521225,-13.457262845849794,-6.828457446808523,17.807496040823512,22.58962400368346,277.0,full,usable,2026-08-18,conditional,85.86,100.0,,,73.0,82.0,100.0,100.0,2.2.0,c8f1bf1665a8c5dfb834c0571e7dd5f6b6e5ccd00eab00295338bd42cfde549b
PEPG,PepGen Inc. - Common Stock,nasdaqtrader:Q:PEPG,SECURITY:PEPG:nasdaqtrader:Q:PEPG,,common_equity,eligible,Q,,,2.91,7.17,,1959600.6965079363,32.27272727272727,97.95918367346941,-57.14285714285714,125.5813953488372,59.41422594142259,109.38429536010561,277.0,full,usable,2026-08-18,rejected,60.14,100.0,,,73.0,70.0,0.0,100.0,2.2.0,c8f1bf1665a8c5dfb834c0571e7dd5f6b6e5ccd00eab00295338bd42cfde549b
PERF,Perfect Corp. Class A Ordinary Share,nasdaqtrader:N:PERF,SECURITY:PERF:nasdaqtrader:N:PERF,,common_equity,eligible,N,,,1.88,2.12,,492227.8671428571,-2.590673575129532,11.904761904761907,34.2857142857143,-1.5706806282722474,11.32075471698114,31.046214703324747,277.0,full,usable,2026-08-18,rejected,58.14,100.0,,,51.0,82.0,0.0,100.0,2.2.0,c8f1bf1665a8c5dfb834c0571e7dd5f6b6e5ccd00eab00295338bd42cfde549b
PERI,Perion Network Ltd - Ordinary Shares,nasdaqtrader:Q:PERI,SECURITY:PERI:nasdaqtrader:Q:PERI,,common_equity,eligible,Q,,,9.64,11.06,,4361201.6095238095,0.10384215991692258,-11.47842056932966,12.48541423570595,5.355191256830594,12.839059674502707,22.853013904684705,277.0,full,usable,2026-08-18,conditional,75.79,100.0,,,79.0,82.0,45.0,100.0,2.2.0,c8f1bf1665a8c5dfb834c0571e7dd5f6b6e5ccd00eab00295338bd42cfde549b
PESI,"Perma-Fix Environmental Services, Inc. - Common Stock",nasdaqtrader:Q:PESI,SECURITY:PESI:nasdaqtrader:Q:PESI,,common_equity,eligible,Q,,,17.34,19.43,,6343469.963809524,5.282331511839722,85.45454545454545,19.58620689655173,49.09716251074805,10.756562017498716,71.1852640493652,277.0,full,usable,2026-08-18,conditional,75.43,100.0,,,65.0,82.0,62.0,100.0,2.2.0,c8f1bf1665a8c5dfb834c0571e7dd5f6b6e5ccd00eab00295338bd42cfde549b
PETS,"PetMed Express, Inc. - Common Stock",nasdaqtrader:Q:PETS,SECURITY:PETS:nasdaqtrader:Q:PETS,,common_equity,eligible,Q,,,1.8,3.9,,1251925.252857143,-8.163265306122447,-19.999999999999996,-40.98360655737704,-39.189189189189186,53.84615384615385,44.548892051330206,277.0,full,usable,2026-08-18,rejected,58.43,100.0,,,67.0,70.0,0.0,100.0,2.2.0,c8f1bf1665a8c5dfb834c0571e7dd5f6b6e5ccd00eab00295338bd42cfde549b
PETZ,"TDH Holdings, Inc. - Common Shares",nasdaqtrader:Q:PETZ,SECURITY:PETZ:nasdaqtrader:Q:PETZ,,common_equity,eligible,Q,,,1.15,1.7,,554800.8447349207,4.545454545454519,19.79166666666665,3.603603603603589,16.07953971939031,32.352941176470594,124.99520592812708,277.0,full,usable,2026-08-18,rejected,68.57,100.0,,,75.0,92.0,0.0,100.0,2.2.0,c8f1bf1665a8c5dfb834c0571e7dd5f6b6e5ccd00eab00295338bd42cfde549b
PEW,GrabAGun Digital Holdings Inc. Common Stock,nasdaqtrader:N:PEW,SECURITY:PEW:nasdaqtrader:N:PEW,,common_equity,eligible,N,,,2.52,6.65,,1592752.0730158729,3.2786885245901676,-9.677419354838712,-9.999999999999998,-52.89719626168223,62.10526315789474,59.718782486547504,277.0,full,usable,2026-08-18,rejected,58.43,100.0,,,67.0,70.0,0.0,100.0,2.2.0,c8f1bf1665a8c5dfb834c0571e7dd5f6b6e5ccd00eab00295338bd42cfde549b
PFAI,Pinnacle Food Group Limited - Class A Common Shares,nasdaqtrader:Q:PFAI,NAMECLASS:PINNACLE FOOD GROUP LIMITED,,common_equity,eligible,Q,,,3.02,4.57,,18507.77337031746,-9.30930930930931,-23.54430379746836,30.17241379310345,115.71428571428575,33.91684901531728,113.8401322027921,277.0,full,usable,2026-08-18,rejected,71.43,100.0,,,85.0,92.0,0.0,100.0,2.2.0,c8f1bf1665a8c5dfb834c0571e7dd5f6b6e5ccd00eab00295338bd42cfde549b
PFE,"Pfizer, Inc. Common Stock",nasdaqtrader:N:PFE,SECURITY:PFE:nasdaqtrader:N:PFE,,common_equity,eligible,N,,,27.25,28.55,,1055711165.2163491,10.1010101010101,7.579944729569688,-0.4384362440628453,8.392999204455043,4.553415061295974,18.81209710732806,277.0,full,usable,2026-08-18,conditional,58.43,100.0,,,67.0,10.0,100.0,100.0,2.2.0,c8f1bf1665a8c5dfb834c0571e7dd5f6b6e5ccd00eab00295338bd42cfde549b
PFG,Principal Financial Group Inc - Common Stock,nasdaqtrader:Q:PFG,SECURITY:PFG:nasdaqtrader:Q:PFG,,common_equity,eligible,Q,,,113.14,115.41,,151330190.79095238,0.9637694092450522,10.488281249999986,23.005001087192856,45.7238536836682,1.9669006151979862,18.55337485920817,277.0,full,usable,2026-08-18,conditional,56.14,100.0,,,65.0,10.0,92.0,100.0,2.2.0,c8f1bf1665a8c5dfb834c0571e7dd5f6b6e5ccd00eab00295338bd42cfde549b
PFGC,Performance Food Group Company Common Stock,nasdaqtrader:N:PFGC,SECURITY:PFGC:nasdaqtrader:N:PFGC,,common_equity,eligible,N,,,104.54,116.65,,178028630.80825397,-4.3724844493230774,8.737258165175788,6.131979695431489,6.6190719020907895,10.381483069009857,30.642784340675654,277.0,full,usable,2026-08-18,conditional,82.43,100.0,,,67.0,82.0,92.0,100.0,2.2.0,c8f1bf1665a8c5dfb834c0571e7dd5f6b6e5ccd00eab00295338bd42cfde549b
PFIS,Peoples Financial Services Corp.  - Common Stock,nasdaqtrader:Q:PFIS,SECURITY:PFIS:nasdaqtrader:Q:PFIS,,common_equity,eligible,Q,,,71.28,71.98,,4257376.590634921,4.073587385019728,23.32179930795848,24.680776631100223,42.04862495017936,0.9724923589886081,22.599084352036154,277.0,full,usable,2026-08-18,conditional,46.07,100.0,,,65.0,10.0,45.0,100.0,2.2.0,c8f1bf1665a8c5dfb834c0571e7dd5f6b6e5ccd00eab00295338bd42cfde549b
PFLT,PennantPark Floating Rate Capital Ltd. Common Stock,nasdaqtrader:N:PFLT,SECURITY:PFLT:nasdaqtrader:N:PFLT,,common_equity,eligible,N,,,7.32,10.29,,8756183.17142857,3.682719546742219,-12.335329341317358,-13.983548766157462,-28.445747800586506,28.86297376093293,26.231585003242508,277.0,full,usable,2026-08-18,conditional,79.57,100.0,,,67.0,92.0,62.0,100.0,2.2.0,c8f1bf1665a8c5dfb834c0571e7dd5f6b6e5ccd00eab00295338bd42cfde549b
PFS,"Provident Financial Services, Inc Common Stock",nasdaqtrader:N:PFS,SECURITY:PFS:nasdaqtrader:N:PFS,,common_equity,eligible,N,,,24.46,25.28,,23699641.20222222,2.3002927645336735,12.563276576161986,5.979202772963621,30.383795309168438,3.2436708860759556,22.15766053766745,277.0,full,usable,2026-08-18,conditional,52.57,100.0,,,75.0,10.0,62.0,100.0,2.2.0,c8f1bf1665a8c5dfb834c0571e7dd5f6b6e5ccd00eab00295338bd42cfde549b
PFSI,"PennyMac Financial Services, Inc. Common Stock",nasdaqtrader:N:PFSI,SECURITY:PFSI:nasdaqtrader:N:PFSI,,common_equity,eligible,N,,,75.3,159.46,,48295472.13206349,-9.906676238334533,-12.917774950850003,-19.791222837665103,-29.632744603308105,52.778126175843475,44.40784445372009,277.0,full,usable,2026-08-18,conditional,75.57,100.0,,,67.0,70.0,80.0,100.0,2.2.0,c8f1bf1665a8c5dfb834c0571e7dd5f6b6e5ccd00eab00295338bd42cfde549b
PFX,PhenixFIN Corporation  - Common Stock,nasdaqtrader:Q:PFX,SECURITY:PFX:nasdaqtrader:Q:PFX,,common_equity,eligible,Q,,,46.895,49.525,,361342.26665714284,8.077898133210425,15.761254600704522,9.61155040915882,-4.7817258883248615,5.310449268046435,55.1212425904861,277.0,full,usable,2026-08-18,rejected,41.71,100.0,,,61.0,28.0,0.0,100.0,2.2.0,c8f1bf1665a8c5dfb834c0571e7dd5f6b6e5ccd00eab00295338bd42cfde549b
PG,Procter & Gamble Company (The) Common Stock,nasdaqtrader:N:PG,SECURITY:PG:nasdaqtrader:N:PG,,common_equity,eligible,N,,,143.45,167.2,,1317070043.892381,-3.8087574599342866,0.7444343001615339,-10.090880601692277,-7.067893236589806,14.204545454545459,18.15832284841861,277.0,full,usable,2026-08-18,conditional,85.86,100.0,,,73.0,82.0,100.0,100.0,2.2.0,c8f1bf1665a8c5dfb834c0571e7dd5f6b6e5ccd00eab00295338bd42cfde549b
PGC,Peapack-Gladstone Financial Corporation - Common Stock,nasdaqtrader:Q:PGC,SECURITY:PGC:nasdaqtrader:Q:PGC,,common_equity,eligible,Q,,,46.36,48.33,,8713758.341904761,0.45503791982666186,9.49456778460085,34.33787308026659,74.67972871137904,4.076143182288428,23.878826591268318,277.0,full,usable,2026-08-18,conditional,52.0,100.0,,,73.0,10.0,62.0,100.0,2.2.0,c8f1bf1665a8c5dfb834c0571e7dd5f6b6e5ccd00eab00295338bd42cfde549b
PGEN,"Precigen, Inc. - Common Stock",nasdaqtrader:Q:PGEN,SECURITY:PGEN:nasdaqtrader:Q:PGEN,,common_equity,eligible,Q,,,6.75,7.23,,28177672.290476188,33.136094674556205,65.84766584766584,29.558541266794624,129.5918367346939,6.6390041493776035,62.8821879769126,277.0,full,usable,2026-08-18,conditional,62.29,100.0,,,73.0,28.0,80.0,100.0,2.2.0,c8f1bf1665a8c5dfb834c0571e7dd5f6b6e5ccd00eab00295338bd42cfde549b
PGNY,"Progyny, Inc. - Common Stock",nasdaqtrader:Q:PGNY,SECURITY:PGNY:nasdaqtrader:Q:PGNY,,common_equity,eligible,Q,,,25.71,32.36,,37063994.70619048,-19.07459867799811,6.902286902286914,26.33906633906633,9.871794871794881,20.55006180469715,39.24554937812337,277.0,full,usable,2026-08-18,conditional,80.57,100.0,,,57.0,92.0,80.0,100.0,2.2.0,c8f1bf1665a8c5dfb834c0571e7dd5f6b6e5ccd00eab00295338bd42cfde549b
PGR,Progressive Corporation (The) Common Stock,nasdaqtrader:N:PGR,SECURITY:PGR:nasdaqtrader:N:PGR,,common_equity,eligible,N,,,207.23,252.68,,677206853.3138095,-2.355934599255527,1.5833333333333366,-0.3222703222703349,-16.15213433137771,17.987177457653956,38.59581490632772,277.0,full,usable,2026-08-18,conditional,85.86,100.0,,,73.0,82.0,100.0,100.0,2.2.0,c8f1bf1665a8c5dfb834c0571e7dd5f6b6e5ccd00eab00295338bd42cfde549b
PGY,Pagaya Technologies Ltd. - Class A Ordinary Shares,nasdaqtrader:Q:PGY,NAMECLASS:PAGAYA TECHNOLOGIES LTD,,common_equity,eligible,Q,,,20.32,43.81,,60440971.2365873,18.899941486249272,57.886557886557895,65.20325203252031,-38.97897897897897,53.61789545765807,73.36785075529114,277.0,full,usable,2026-08-18,conditional,69.29,100.0,,,45.0,70.0,80.0,100.0,2.2.0,c8f1bf1665a8c5dfb834c0571e7dd5f6b6e5ccd00eab00295338bd42cfde549b
PH,Parker-Hannifin Corporation Common Stock,nasdaqtrader:N:PH,SECURITY:PH:nasdaqtrader:N:PH,,common_equity,eligible,N,,,1041.85,1073.87,,650048098.9565079,9.57729887777532,21.366914017450455,3.1606150921350995,42.72699873965695,2.9817389441925024,28.545945490455114,277.0,full,usable,2026-08-18,conditional,60.71,100.0,,,75.0,10.0,100.0,100.0,2.2.0,c8f1bf1665a8c5dfb834c0571e7dd5f6b6e5ccd00eab00295338bd42cfde549b
PHAR,"Pharming Group N.V. - ADS, each representing 10 ordinary shares",nasdaqtrader:Q:PHAR,SECURITY:PHAR:nasdaqtrader:Q:PHAR,,adr,eligible,Q,,,11.91,21.18,,155933.21265238096,-9.153318077803196,-5.625990491283672,-26.93251533742331,2.2317596566523656,43.76770538243626,60.974284907468956,277.0,full,usable,2026-08-18,rejected,70.79,100.0,,,79.0,95.0,0.0,100.0,2.2.0,c8f1bf1665a8c5dfb834c0571e7dd5f6b6e5ccd00eab00295338bd42cfde549b
PHAT,"Phathom Pharmaceuticals, Inc. - Common Stock",nasdaqtrader:Q:PHAT,SECURITY:PHAT:nasdaqtrader:Q:PHAT,,common_equity,eligible,Q,,,9.25,18.08,,13337348.85484127,-13.145539906103288,-18.788410886742756,-27.507836990595614,-9.66796875,48.83849557522123,97.94582037145591,277.0,full,usable,2026-08-18,conditional,82.36,100.0,,,73.0,95.0,62.0,100.0,2.2.0,c8f1bf1665a8c5dfb834c0571e7dd5f6b6e5ccd00eab00295338bd42cfde549b
PHG,Koninklijke Philips N.V. NY Registry Shares,qrgf-resolution-required:N:PHG,SECURITY:PHG:qrgf-resolution-required:N:PHG,,common_equity,eligible,N,,,27.1,32.91,,30474359.067301586,1.3084112149532867,4.0307101727447225,-13.19666880204996,-1.3469239170003533,17.65420844728045,28.65673732008836,277.0,full,usable,2026-08-18,conditional,81.57,100.0,,,73.0,82.0,80.0,100.0,2.2.0,c8f1bf1665a8c5dfb834c0571e7dd5f6b6e5ccd00eab00295338bd42cfde549b
PHGE,BiomX Inc. COmmon Stock,nasdaqtrader:A:PHGE,SECURITY:PHGE:nasdaqtrader:A:PHGE,,common_equity,eligible,A,,,0.136,11.97,,5538056.149407936,-31.999999999999996,-70.47329570125922,-97.69491525423729,-98.71698113207547,98.86382623224729,86.23799443897586,277.0,full,usable,2026-08-18,conditional,38.29,100.0,,,0.0,30.0,62.0,100.0,2.2.0,c8f1bf1665a8c5dfb834c0571e7dd5f6b6e5ccd00eab00295338bd42cfde549b
PHI,PLDT Inc. Sponsored ADR,nasdaqtrader:N:PHI,SECURITY:PHI:nasdaqtrader:N:PHI,,adr,eligible,N,,,18.87,24.49,,3399008.5822222224,-5.697151424287861,-3.8716250636780303,-20.34613761080625,-17.309377738825592,22.948142098815836,21.63892495945735,277.0,full,usable,2026-08-18,conditional,77.64,100.0,,,73.0,92.0,45.0,100.0,2.2.0,c8f1bf1665a8c5dfb834c0571e7dd5f6b6e5ccd00eab00295338bd42cfde549b
PHIN,PHINIA Inc. Common Stock,nasdaqtrader:N:PHIN,SECURITY:PHIN:nasdaqtrader:N:PHIN,,common_equity,eligible,N,,,73.7,85.16,,30422814.255873017,-4.521311050654219,-1.7857142857142905,-2.39703350549596,33.321273516642556,13.457022076092052,47.74847314728085,277.0,full,usable,2026-08-18,conditional,85.57,100.0,,,87.0,82.0,80.0,100.0,2.2.0,c8f1bf1665a8c5dfb834c0571e7dd5f6b6e5ccd00eab00295338bd42cfde549b
PHIO,Phio Pharmaceuticals Corp. - Common Stock,nasdaqtrader:Q:PHIO,SECURITY:PHIO:nasdaqtrader:Q:PHIO,,common_equity,eligible,Q,,,1.05,2.48,,561450.3848873016,-2.777777777777779,-2.777777777777779,-28.57142857142857,-51.8348623853211,57.66129032258065,72.47038449616639,277.0,full,usable,2026-08-18,rejected,58.43,100.0,,,67.0,70.0,0.0,100.0,2.2.0,c8f1bf1665a8c5dfb834c0571e7dd5f6b6e5ccd00eab00295338bd42cfde549b
PHM,"PulteGroup, Inc. Common Stock",nasdaqtrader:N:PHM,SECURITY:PHM:nasdaqtrader:N:PHM,,common_equity,eligible,N,,,126.05,142.56,,218764473.62650794,2.32992368891054,12.766147790302384,-10.969063427037728,-2.051441448441993,11.581088664422001,34.72695685313819,277.0,full,usable,2026-08-18,conditional,80.71,100.0,,,61.0,82.0,92.0,100.0,2.2.0,c8f1bf1665a8c5dfb834c0571e7dd5f6b6e5ccd00eab00295338bd42cfde549b
PHOE,Phoenix Asia Holdings Limited - Ordinary Shares,nasdaqtrader:Q:PHOE,SECURITY:PHOE:nasdaqtrader:Q:PHOE,,common_equity,eligible,Q,,,23.3,133.12,,998709.443620635,-36.16438356164383,86.4,70.44623262618875,211.0814419225634,82.4969951923077,196.56369363751915,277.0,full,usable,2026-08-18,rejected,45.86,100.0,,,73.0,30.0,0.0,100.0,2.2.0,c8f1bf1665a8c5dfb834c0571e7dd5f6b6e5ccd00eab00295338bd42cfde549b
PHOS,First Phosphate Corp. - American Depositary Shares,nasdaqtrader:Q:PHOS,SECURITY:PHOS:nasdaqtrader:Q:PHOS,,adr,eligible,Q,,,16.49,17.71,,987168.7671428572,,,,,6.888763410502552,,7.0,insufficient,usable,2026-08-18,rejected,,71.43,,,,28.0,0.0,64.0,2.2.0,c8f1bf1665a8c5dfb834c0571e7dd5f6b6e5ccd00eab00295338bd42cfde549b
PHR,"Phreesia, Inc. Common Stock",nasdaqtrader:N:PHR,SECURITY:PHR:nasdaqtrader:N:PHR,,common_equity,eligible,N,,,11.44,32.55,,11606710.47079365,7.116104868913853,25.991189427312776,-3.296703296703296,-60.139372822299656,64.85407066052227,51.24351105031275,277.0,full,usable,2026-08-18,conditional,68.29,100.0,,,55.0,70.0,62.0,100.0,2.2.0,c8f1bf1665a8c5dfb834c0571e7dd5f6b6e5ccd00eab00295338bd42cfde549b
PHUN,"Phunware, Inc. - Common Stock",nasdaqtrader:Q:PHUN,SECURITY:PHUN:nasdaqtrader:Q:PHUN,,common_equity,eligible,Q,,,2.06,3.06,,227403.7784126984,-4.629629629629628,1.4778325123152802,15.083798882681565,-22.846441947565545,32.6797385620915,36.12423984815628,277.0,full,usable,2026-08-18,rejected,65.14,100.0,,,63.0,92.0,0.0,100.0,2.2.0,c8f1bf1665a8c5dfb834c0571e7dd5f6b6e5ccd00eab00295338bd42cfde549b
PHVS,Pharvaris N.V. - Ordinary Shares,nasdaqtrader:Q:PHVS,SECURITY:PHVS:nasdaqtrader:Q:PHVS,,common_equity,eligible,Q,,,36.1,36.46,,15545697.323650794,7.60059612518631,25.303713988198552,35.663284479518985,61.88340807174888,0.9873834339001575,49.06562536453367,277.0,full,usable,2026-08-18,conditional,52.0,100.0,,,73.0,10.0,62.0,100.0,2.2.0,c8f1bf1665a8c5dfb834c0571e7dd5f6b6e5ccd00eab00295338bd42cfde549b
PI,"Impinj, Inc. - Common Stock",nasdaqtrader:Q:PI,SECURITY:PI:nasdaqtrader:Q:PI,,common_equity,eligible,Q,,,168.07,241.91,,63803124.9484127,22.037467325007263,20.653266331658273,33.251407278205036,3.8944180008654072,30.52374850150883,53.72922035332961,277.0,full,usable,2026-08-18,conditional,80.57,100.0,,,57.0,92.0,80.0,100.0,2.2.0,c8f1bf1665a8c5dfb834c0571e7dd5f6b6e5ccd00eab00295338bd42cfde549b
PICS,PicS N.V. - Class A Common Shares,nasdaqtrader:Q:PICS,NAMECLASS:PICS N V,,common_equity,eligible,Q,,,10.27,19.0,,4202211.672142857,-12.222222222222223,-4.907407407407415,-22.137983320697497,,45.94736842105264,67.82431977408788,139.0,limited_but_usable,usable,2026-08-18,conditional,74.71,100.0,,,59.0,95.0,45.0,100.0,2.2.0,c8f1bf1665a8c5dfb834c0571e7dd5f6b6e5ccd00eab00295338bd42cfde549b
PII,Polaris Inc. Common Stock,nasdaqtrader:N:PII,SECURITY:PII:nasdaqtrader:N:PII,,common_equity,eligible,N,,,67.61,74.7,,58629254.682698414,-7.129120879120876,5.673648015004695,2.4549174117290518,18.137340555652635,9.491298527443115,43.17478009714436,277.0,full,usable,2026-08-18,conditional,82.14,100.0,,,75.0,82.0,80.0,100.0,2.2.0,c8f1bf1665a8c5dfb834c0571e7dd5f6b6e5ccd00eab00295338bd42cfde549b
PIII,P3 Health Partners Inc. - Class A Common Stock,nasdaqtrader:Q:PIII,NAMECLASS:P3 HEALTH PARTNERS INC,,common_equity,eligible,Q,,,10.77,16.47,,2185062.243333333,1.5080113100848225,17.44820065430752,405.6338028169014,58.966789667896656,34.60837887067395,74.22414236516971,277.0,full,usable,2026-08-18,conditional,77.64,100.0,,,73.0,92.0,45.0,100.0,2.2.0,c8f1bf1665a8c5dfb834c0571e7dd5f6b6e5ccd00eab00295338bd42cfde549b
PIM,Franklin Master Intermediate Income Trust Shares of Beneficial Interest,nasdaqtrader:N:PIM,SECURITY:PIM:nasdaqtrader:N:PIM,,common_equity,eligible,N,,,3.17,3.5,,169501.44673015873,0.31645569620253333,0.9554140127388422,-4.947526236881561,-5.654761904761907,9.42857142857143,10.496230540809954,277.0,full,usable,2026-08-18,rejected,64.43,100.0,,,73.0,82.0,0.0,100.0,2.2.0,c8f1bf1665a8c5dfb834c0571e7dd5f6b6e5ccd00eab00295338bd42cfde549b
PINE,"Alpine Income Property Trust, Inc. Common Stock",nasdaqtrader:N:PINE,SECURITY:PINE:nasdaqtrader:N:PINE,,common_equity,eligible,N,,,19.6,21.75,,3304619.8717460316,-6.888361045130642,3.157894736842115,-3.874448258950458,34.24657534246576,9.885057471264357,22.672285164596893,277.0,full,usable,2026-08-18,conditional,78.07,100.0,,,87.0,82.0,45.0,100.0,2.2.0,c8f1bf1665a8c5dfb834c0571e7dd5f6b6e5ccd00eab00295338bd42cfde549b
PINS,"Pinterest, Inc. Class A Common Stock",nasdaqtrader:N:PINS,NAMECLASS:PINTEREST INC,,common_equity,eligible,N,,,23.06,37.95,,336292637.2501587,1.0960105217010074,15.704967385850477,48.6782720825274,-35.55058692006708,39.23583662714098,48.63535868692945,277.0,full,usable,2026-08-18,conditional,80.79,100.0,,,45.0,95.0,92.0,100.0,2.2.0,c8f1bf1665a8c5dfb834c0571e7dd5f6b6e5ccd00eab00295338bd42cfde549b
PIPR,Piper Sandler Companies Common Stock,nasdaqtrader:N:PIPR,SECURITY:PIPR:nasdaqtrader:N:PIPR,,common_equity,eligible,N,,,74.92,94.52,,44697069.862539686,-1.615233092580437,-5.427922241858118,-6.35,-8.028480235698499,20.736352094794753,36.41870094706457,277.0,full,usable,2026-08-18,conditional,85.14,100.0,,,73.0,92.0,80.0,100.0,2.2.0,c8f1bf1665a8c5dfb834c0571e7dd5f6b6e5ccd00eab00295338bd42cfde549b
PJT,PJT Partners Inc. Class A Common Stock,nasdaqtrader:N:PJT,NAMECLASS:PJT PARTNERS INC,,common_equity,eligible,N,,,169.72,191.42,,72539811.10746032,3.2485703856916848,8.184599694033668,11.569813305285304,-5.600978919850929,11.336328492320547,41.6272253895271,277.0,full,usable,2026-08-18,conditional,78.14,100.0,,,61.0,82.0,80.0,100.0,2.2.0,c8f1bf1665a8c5dfb834c0571e7dd5f6b6e5ccd00eab00295338bd42cfde549b
PK,Park Hotels & Resorts Inc. Common Stock,nasdaqtrader:N:PK,SECURITY:PK:nasdaqtrader:N:PK,,common_equity,eligible,N,,,15.37,15.37,,70714752.84857143,3.5714285714285587,38.59332732191163,34.00174367916302,40.879926672777266,0.0,28.5667483409212,277.0,full,usable,2026-08-18,conditional,53.57,100.0,,,65.0,10.0,80.0,100.0,2.2.0,c8f1bf1665a8c5dfb834c0571e7dd5f6b6e5ccd00eab00295338bd42cfde549b
PKBK,"Parke Bancorp, Inc. - Common Stock",nasdaqtrader:Q:PKBK,SECURITY:PKBK:nasdaqtrader:Q:PKBK,,common_equity,eligible,Q,,,35.07,35.13,,2117002.3934920635,7.609696225836138,15.059055118110232,22.57951765117092,63.87850467289722,0.1707941929974477,21.551573176554033,277.0,full,usable,2026-08-18,conditional,48.36,100.0,,,73.0,10.0,45.0,100.0,2.2.0,c8f1bf1665a8c5dfb834c0571e7dd5f6b6e5ccd00eab00295338bd42cfde549b
PKE,Park Aerospace Corp. Common Stock,nasdaqtrader:N:PKE,SECURITY:PKE:nasdaqtrader:N:PKE,,common_equity,eligible,N,,,36.9,38.23,,11810479.757142859,12.982241273729333,10.017889087656528,54.71698113207546,108.71040723981902,3.4789432382945296,50.94078270999115,277.0,full,usable,2026-08-18,conditional,52.0,100.0,,,73.0,10.0,62.0,100.0,2.2.0,c8f1bf1665a8c5dfb834c0571e7dd5f6b6e5ccd00eab00295338bd42cfde549b
PKG,Packaging Corporation of America Common Stock,nasdaqtrader:N:PKG,SECURITY:PKG:nasdaqtrader:N:PKG,,common_equity,eligible,N,,,250.3,257.43,,155240753.06714284,9.574048942783353,18.80013289667284,4.131131172775304,29.407506979629837,2.76968496290253,32.78352267886082,277.0,full,usable,2026-08-18,conditional,59.0,100.0,,,75.0,10.0,92.0,100.0,2.2.0,c8f1bf1665a8c5dfb834c0571e7dd5f6b6e5ccd00eab00295338bd42cfde549b
PKOH,Park-Ohio Holdings Corp. - Common Stock,nasdaqtrader:Q:PKOH,SECURITY:PKOH:nasdaqtrader:Q:PKOH,,common_equity,eligible,Q,,,47.36,52.51,,3585339.432936508,26.25966408957612,59.40760686637496,68.96182661434176,144.5018069179143,9.8076556846315,60.65009201497394,277.0,full,usable,2026-08-18,conditional,74.07,100.0,,,73.0,82.0,45.0,100.0,2.2.0,c8f1bf1665a8c5dfb834c0571e7dd5f6b6e5ccd00eab00295338bd42cfde549b
PKX,POSCO HOLDINGS INC. American Depositary Shares (Each representing 1/4th of a share of Common Stock),nasdaqtrader:N:PKX,SECURITY:PKX:nasdaqtrader:N:PKX,,adr,eligible,N,,,57.02,91.72,,22853427.88031746,12.6209757061031,-27.483148925346555,-12.033323048441824,3.184943901556281,37.83253379851722,49.0724733479709,277.0,full,usable,2026-08-18,conditional,84.07,100.0,,,79.0,95.0,62.0,100.0,2.2.0,c8f1bf1665a8c5dfb834c0571e7dd5f6b6e5ccd00eab00295338bd42cfde549b
PL,Planet Labs PBC Class A Common Stock,nasdaqtrader:N:PL,NAMECLASS:PLANET LABS PBC,,common_equity,eligible,N,,,23.36,51.4,,363025778.3220635,5.462753950338595,-43.85964912280702,5.177847816298953,244.5427728613569,54.55252918287938,64.30929945096797,277.0,full,usable,2026-08-18,conditional,86.14,100.0,,,95.0,70.0,92.0,100.0,2.2.0,c8f1bf1665a8c5dfb834c0571e7dd5f6b6e5ccd00eab00295338bd42cfde549b
PLAB,"Photronics, Inc. - Common Stock",nasdaqtrader:Q:PLAB,SECURITY:PLAB:nasdaqtrader:Q:PLAB,,common_equity,eligible,Q,,,31.88,54.96,,49278088.793015875,10.158949550794748,-32.92657269093204,-17.452097358881403,53.935296957991305,41.99417758369724,48.11259786106747,277.0,full,usable,2026-08-18,conditional,92.5,100.0,,,95.0,95.0,80.0,100.0,2.2.0,c8f1bf1665a8c5dfb834c0571e7dd5f6b6e5ccd00eab00295338bd42cfde549b
PLAG,Planet Green Holdings Corp. Common Stock,nasdaqtrader:A:PLAG,SECURITY:PLAG:nasdaqtrader:A:PLAG,,common_equity,eligible,A,,,0.8146,5.81,,21166660.75438254,48.1090909090909,-50.329268292682926,-69.31826741996232,-53.9774011299435,85.97934595524957,867.1913187731615,277.0,full,usable,2026-08-18,conditional,51.14,100.0,,,45.0,30.0,62.0,100.0,2.2.0,c8f1bf1665a8c5dfb834c0571e7dd5f6b6e5ccd00eab00295338bd42cfde549b
PLAY,"Dave & Buster's Entertainment, Inc. - Common Stock",nasdaqtrader:Q:PLAY,SECURITY:PLAY:nasdaqtrader:Q:PLAY,,common_equity,eligible,Q,,,9.93,25.89,,19226914.83952381,-1.7804154302670572,-4.519230769230775,-37.27100442198358,-61.18060985144644,61.64542294322133,65.46635165088323,277.0,full,usable,2026-08-18,conditional,71.71,100.0,,,67.0,70.0,62.0,100.0,2.2.0,c8f1bf1665a8c5dfb834c0571e7dd5f6b6e5ccd00eab00295338bd42cfde549b
PLBC,Plumas Bancorp - Common Stock,nasdaqtrader:Q:PLBC,SECURITY:PLBC:nasdaqtrader:Q:PLBC,,common_equity,eligible,Q,,,61.94,63.57,,3853580.3820634917,1.2091503267973813,19.344894026974945,17.566669830122407,49.57739676406665,2.564102564102566,17.711304798665825,277.0,full,usable,2026-08-18,conditional,46.07,100.0,,,65.0,10.0,45.0,100.0,2.2.0,c8f1bf1665a8c5dfb834c0571e7dd5f6b6e5ccd00eab00295338bd42cfde549b
PLBL,Polibeli Group Ltd - Class A Ordinary Shares,nasdaqtrader:Q:PLBL,NAMECLASS:POLIBELI GROUP LTD,,common_equity,eligible,Q,,,5.95,11.75,,1846665.1692095238,-21.55570204350692,-10.526315789473683,-25.624999999999996,-43.867924528301884,49.36170212765957,160.95808461724604,277.0,full,usable,2026-08-18,rejected,67.36,100.0,,,67.0,95.0,0.0,100.0,2.2.0,c8f1bf1665a8c5dfb834c0571e7dd5f6b6e5ccd00eab00295338bd42cfde549b
PLBY,"Playboy, Inc. - Common Stock",nasdaqtrader:Q:PLBY,SECURITY:PLBY:nasdaqtrader:Q:PLBY,,common_equity,eligible,Q,,,1.18,2.71,,1177501.610238095,-2.4793388429752095,-5.600000000000005,-39.795918367346935,-30.99415204678363,56.457564575645755,73.64995404396757,277.0,full,usable,2026-08-18,rejected,58.43,100.0,,,67.0,70.0,0.0,100.0,2.2.0,c8f1bf1665a8c5dfb834c0571e7dd5f6b6e5ccd00eab00295338bd42cfde549b
PLCE,"Children's Place, Inc. (The) - Common Stock",nasdaqtrader:Q:PLCE,SECURITY:PLCE:nasdaqtrader:Q:PLCE,,common_equity,eligible,Q,,,2.24,9.17,,1637800.9489682538,-15.151515151515149,-33.33333333333333,-48.50574712643677,-50.0,75.57251908396947,60.96132215436173,277.0,full,usable,2026-08-18,rejected,44.14,100.0,,,67.0,30.0,0.0,100.0,2.2.0,c8f1bf1665a8c5dfb834c0571e7dd5f6b6e5ccd00eab00295338bd42cfde549b
PLD,"Prologis, Inc. Common Stock",nasdaqtrader:N:PLD,SECURITY:PLD:nasdaqtrader:N:PLD,,common_equity,eligible,N,,,140.02,150.06,,621118260.1749206,-5.058312991592063,-1.6091630946525104,-1.2343937363334945,31.363167276479984,6.690657070505123,24.24816207640322,277.0,full,usable,2026-08-18,conditional,70.57,100.0,,,87.0,28.0,100.0,100.0,2.2.0,c8f1bf1665a8c5dfb834c0571e7dd5f6b6e5ccd00eab00295338bd42cfde549b
PLG,Platinum Group Metals Ltd. Ordinary Shares (Canada),nasdaqtrader:A:PLG,SECURITY:PLG:nasdaqtrader:A:PLG,,common_equity,eligible,A,,,1.42,3.48,,1691989.598095238,14.516129032258052,-12.34567901234569,-35.74660633484164,-4.054054054054057,59.195402298850574,56.046646263202305,277.0,full,usable,2026-08-18,rejected,60.14,100.0,,,73.0,70.0,0.0,100.0,2.2.0,c8f1bf1665a8c5dfb834c0571e7dd5f6b6e5ccd00eab00295338bd42cfde549b
PLGO,Pelagos Insurance Capital Limited Common Shares,nasdaqtrader:N:PLGO,SECURITY:PLGO:nasdaqtrader:N:PLGO,,common_equity,eligible,N,,,23.59,25.98,,10519535.35047619,-7.7795152462861505,-0.2536997885835057,18.245614035087733,44.90171990171989,9.199384141647426,30.905480524485185,277.0,full,usable,2026-08-18,conditional,78.86,100.0,,,77.0,82.0,62.0,100.0,2.2.0,c8f1bf1665a8c5dfb834c0571e7dd5f6b6e5ccd00eab00295338bd42cfde549b
PLMR,"Palomar Holdings, Inc. - Common stock",nasdaqtrader:Q:PLMR,SECURITY:PLMR:nasdaqtrader:Q:PLMR,,common_equity,eligible,Q,,,129.69,145.29,,36527964.939682536,-7.443619754496156,13.256484149855897,-0.23078698361412853,7.841343755197072,10.73714639686144,44.633867853097684,277.0,full,usable,2026-08-18,conditional,79.86,100.0,,,67.0,82.0,80.0,100.0,2.2.0,c8f1bf1665a8c5dfb834c0571e7dd5f6b6e5ccd00eab00295338bd42cfde549b
PLNT,"Planet Fitness, Inc. Common Stock",nasdaqtrader:N:PLNT,SECURITY:PLNT:nasdaqtrader:N:PLNT,,common_equity,eligible,N,,,53.36,111.97,,105930359.81920634,-3.4208144796380124,-1.4225013855532986,-42.36336141715273,-50.37202380952381,52.34437795838171,43.19565540691335,277.0,full,usable,2026-08-18,conditional,78.14,100.0,,,67.0,70.0,92.0,100.0,2.2.0,c8f1bf1665a8c5dfb834c0571e7dd5f6b6e5ccd00eab00295338bd42cfde549b
PLOW,"Douglas Dynamics, Inc. Common Stock",nasdaqtrader:N:PLOW,SECURITY:PLOW:nasdaqtrader:N:PLOW,,common_equity,eligible,N,,,41.47,54.2,,12446259.833174603,-10.354517942066577,-6.282485875706212,-2.3316062176165886,30.000000000000004,23.48708487084872,37.468101502808054,277.0,full,usable,2026-08-18,conditional,85.29,100.0,,,87.0,92.0,62.0,100.0,2.2.0,c8f1bf1665a8c5dfb834c0571e7dd5f6b6e5ccd00eab00295338bd42cfde549b
PLPC,Preformed Line Products Company - Common Stock,nasdaqtrader:Q:PLPC,SECURITY:PLPC:nasdaqtrader:Q:PLPC,,common_equity,eligible,Q,,,444.76,480.77,,38911158.072222225,38.154257136644596,32.593983841636096,62.7726540770019,150.14623172103484,7.490068015891172,106.53336659511127,277.0,full,usable,2026-08-18,conditional,62.29,100.0,,,73.0,28.0,80.0,100.0,2.2.0,c8f1bf1665a8c5dfb834c0571e7dd5f6b6e5ccd00eab00295338bd42cfde549b
PLRX,"Pliant Therapeutics, Inc. - Common Stock",nasdaqtrader:Q:PLRX,SECURITY:PLRX:nasdaqtrader:Q:PLRX,,common_equity,eligible,Q,,,1.15,1.87,,606974.4726984127,7.47663551401867,-2.5423728813559365,1.7699115044247815,-25.806451612903235,38.502673796791456,38.30582413536668,277.0,full,usable,2026-08-18,rejected,67.36,100.0,,,67.0,95.0,0.0,100.0,2.2.0,c8f1bf1665a8c5dfb834c0571e7dd5f6b6e5ccd00eab00295338bd42cfde549b
PLRZ,Polyrizon Ltd. - Ordinary Shares,nasdaqtrader:Q:PLRZ,SECURITY:PLRZ:nasdaqtrader:Q:PLRZ,,common_equity,eligible,Q,,,10.36,17.17,,649016.9088095238,-21.87028657616893,-24.43471918307806,-25.467625899280577,56.96969696969696,39.66220151426908,98.18258032488566,277.0,full,usable,2026-08-18,rejected,75.36,100.0,,,95.0,95.0,0.0,100.0,2.2.0,c8f1bf1665a8c5dfb834c0571e7dd5f6b6e5ccd00eab00295338bd42cfde549b
PLSE,"Pulse Biosciences, Inc - Common Stock",nasdaqtrader:Q:PLSE,SECURITY:PLSE:nasdaqtrader:Q:PLSE,,common_equity,eligible,Q,,,46.0,46.79,,11777433.219047619,58.83977900552486,79.61733697774307,94.33882551753273,184.65346534653463,1.6883949561872225,67.04119479867083,277.0,full,usable,2026-08-18,conditional,52.0,100.0,,,73.0,10.0,62.0,100.0,2.2.0,c8f1bf1665a8c5dfb834c0571e7dd5f6b6e5ccd00eab00295338bd42cfde549b
PLSM,Pulsenmore Ltd. - Ordinary Shares,nasdaqtrader:Q:PLSM,SECURITY:PLSM:nasdaqtrader:Q:PLSM,,common_equity,eligible,Q,,,2.87,7.36,,7947418.536958731,-18.23361823361822,-41.30879345603271,-43.72549019607842,,61.00543478260869,66.85295976764384,145.0,limited_but_usable,usable,2026-08-18,conditional,69.43,100.0,,,59.0,70.0,62.0,100.0,2.2.0,c8f1bf1665a8c5dfb834c0571e7dd5f6b6e5ccd00eab00295338bd42cfde549b
PLTK,Playtika Holding Corp. - Common Stock,nasdaqtrader:Q:PLTK,SECURITY:PLTK:nasdaqtrader:Q:PLTK,,common_equity,eligible,Q,,,2.23,4.37,,5680655.53968254,-41.005291005291,-40.21447721179625,-34.60410557184751,-38.56749311294766,48.970251716247134,96.25328088734952,277.0,full,usable,2026-08-18,conditional,80.64,100.0,,,67.0,95.0,62.0,100.0,2.2.0,c8f1bf1665a8c5dfb834c0571e7dd5f6b6e5ccd00eab00295338bd42cfde549b
PLTR,Palantir Technologies Inc. - Class A Common Stock,nasdaqtrader:Q:PLTR,NAMECLASS:PALANTIR TECHNOLOGIES INC,,common_equity,eligible,Q,,,171.54,207.18,,5976715902.522619,27.208008898776413,26.935030338907808,28.95805142083896,-3.17773889484676,17.20243266724588,91.1723921480548,277.0,full,usable,2026-08-18,conditional,79.57,100.0,,,51.0,82.0,100.0,100.0,2.2.0,c8f1bf1665a8c5dfb834c0571e7dd5f6b6e5ccd00eab00295338bd42cfde549b
PLUG,"Plug Power, Inc. - Common Stock",nasdaqtrader:Q:PLUG,SECURITY:PLUG:nasdaqtrader:Q:PLUG,,common_equity,eligible,Q,,,2.16,4.14,,167291002.90079364,1.4084507042253724,-37.39130434782608,18.681318681318682,27.05882352941178,47.82608695652173,60.696944052221724,277.0,full,usable,2026-08-18,conditional,89.93,100.0,,,77.0,95.0,92.0,100.0,2.2.0,c8f1bf1665a8c5dfb834c0571e7dd5f6b6e5ccd00eab00295338bd42cfde549b
PLUS,ePlus inc. - Common Stock,nasdaqtrader:Q:PLUS,SECURITY:PLUS:nasdaqtrader:Q:PLUS,,common_equity,eligible,Q,,,86.14,97.05,,22701365.92047619,-4.712389380530979,4.475439660400249,4.526149739109342,17.822459307892213,11.241628026790307,31.815798665916343,277.0,full,usable,2026-08-18,conditional,81.71,100.0,,,87.0,82.0,62.0,100.0,2.2.0,c8f1bf1665a8c5dfb834c0571e7dd5f6b6e5ccd00eab00295338bd42cfde549b
PLUT,Plutus Financial Group Limited - Ordinary Shares,nasdaqtrader:Q:PLUT,SECURITY:PLUT:nasdaqtrader:Q:PLUT,,common_equity,eligible,Q,,,2.725,3.95,,5868.096558730159,-7.6271186440677985,-12.096774193548388,-11.525974025974028,-9.166666666666668,31.0126582278481,41.10621058654933,276.0,full,usable,2026-08-17,rejected,68.0,100.0,,,73.0,92.0,0.0,100.0,2.2.0,c8f1bf1665a8c5dfb834c0571e7dd5f6b6e5ccd00eab00295338bd42cfde549b
PLX,"Protalix BioTherapeutics, Inc. (DE) Common Stock",nasdaqtrader:A:PLX,SECURITY:PLX:nasdaqtrader:A:PLX,,common_equity,eligible,A,,,2.34,3.15,,1559170.0493650793,-2.904564315352709,22.51308900523561,-21.476510067114095,58.10810810810809,25.71428571428571,52.57835649110921,277.0,full,usable,2026-08-18,rejected,70.86,100.0,,,83.0,92.0,0.0,100.0,2.2.0,c8f1bf1665a8c5dfb834c0571e7dd5f6b6e5ccd00eab00295338bd42cfde549b
PLXS,Plexus Corp. - Common Stock,nasdaqtrader:Q:PLXS,SECURITY:PLXS:nasdaqtrader:Q:PLXS,,common_equity,eligible,Q,,,253.15,303.82,,84589997.96428572,0.22170315531098161,-2.2096032757754847,29.191120183720344,93.28853936015882,16.677638075176084,44.66933714313263,277.0,full,usable,2026-08-18,conditional,85.0,100.0,,,85.0,82.0,80.0,100.0,2.2.0,c8f1bf1665a8c5dfb834c0571e7dd5f6b6e5ccd00eab00295338bd42cfde549b
PLYX,"Polaryx Therapeutics, Inc. - Common Stock",nasdaqtrader:Q:PLYX,SECURITY:PLYX:nasdaqtrader:Q:PLYX,,common_equity,eligible,Q,,,2.09,35.0,,519612.7773015873,-7.52212389380531,-24.27536231884058,-47.22222222222222,,94.02857142857142,94.28758564461393,137.0,limited_but_usable,usable,2026-08-18,rejected,41.86,100.0,,,59.0,30.0,0.0,100.0,2.2.0,c8f1bf1665a8c5dfb834c0571e7dd5f6b6e5ccd00eab00295338bd42cfde549b
PM,Philip Morris International Inc Common Stock,nasdaqtrader:N:PM,SECURITY:PM:nasdaqtrader:N:PM,,common_equity,eligible,N,,,187.62,200.17,,927722426.5280951,-2.6463262764632622,-2.0261096605744155,2.1617206643071096,12.894879354955169,6.269670779837133,31.51520189910209,277.0,full,usable,2026-08-18,conditional,68.29,100.0,,,79.0,28.0,100.0,100.0,2.2.0,c8f1bf1665a8c5dfb834c0571e7dd5f6b6e5ccd00eab00295338bd42cfde549b
PMA,Ming Shing Group Holdings Limited - Ordinary Shares,nasdaqtrader:Q:PMA,SECURITY:PMA:nasdaqtrader:Q:PMA,,common_equity,eligible,Q,,,1.55,2.97,,2948489.529153968,8.391608391608397,-7.738095238095233,46.22641509433962,4.729729729729737,47.81144781144781,140.78601892601947,277.0,full,usable,2026-08-18,conditional,77.57,100.0,,,69.0,95.0,45.0,100.0,2.2.0,c8f1bf1665a8c5dfb834c0571e7dd5f6b6e5ccd00eab00295338bd42cfde549b
PMAX,Powell Max Limited - Class A Ordinary Shares,nasdaqtrader:Q:PMAX,NAMECLASS:POWELL MAX LIMITED,,common_equity,eligible,Q,,,1.17,37.5,,1167726.2557015873,-34.6368715083799,-53.2,-95.16528925619835,-95.49132947976878,96.88,112.4516884867041,277.0,full,usable,2026-08-18,rejected,27.86,100.0,,,10.0,30.0,0.0,100.0,2.2.0,c8f1bf1665a8c5dfb834c0571e7dd5f6b6e5ccd00eab00295338bd42cfde549b
PMI,"Picard Medical, Inc. Common Stock",nasdaqtrader:A:PMI,SECURITY:PMI:nasdaqtrader:A:PMI,,common_equity,eligible,A,,,3.24,660.0,,7339416.038412699,-48.448687350835314,-62.17162872154115,-95.53103448275863,,99.50909090909092,147.59423678834418,243.0,limited_but_usable,usable,2026-08-18,conditional,44.57,100.0,,,22.0,30.0,62.0,100.0,2.2.0,c8f1bf1665a8c5dfb834c0571e7dd5f6b6e5ccd00eab00295338bd42cfde549b
PMM,Franklin Managed Municipal Income Trust Shares of Beneficial Interest,nasdaqtrader:N:PMM,SECURITY:PMM:nasdaqtrader:N:PMM,,common_equity,eligible,N,,,6.31,6.6,,617402.1419047619,-3.6641221374045796,1.7741935483870819,-0.3159557661927437,6.587837837837829,4.3939393939393945,10.741379873257733,277.0,full,usable,2026-08-18,rejected,40.43,100.0,,,79.0,10.0,0.0,100.0,2.2.0,c8f1bf1665a8c5dfb834c0571e7dd5f6b6e5ccd00eab00295338bd42cfde549b
PMN,ProMIS Neurosciences Inc. - Common Shares,nasdaqtrader:Q:PMN,SECURITY:PMN:nasdaqtrader:Q:PMN,,common_equity,eligible,Q,,,14.98,24.79,,1127401.2992238095,-0.6301824212271878,43.555342597029224,-7.3593073593073655,-2.9163966299416644,39.57240822912465,104.85794076577552,277.0,full,usable,2026-08-18,rejected,65.64,100.0,,,61.0,95.0,0.0,100.0,2.2.0,c8f1bf1665a8c5dfb834c0571e7dd5f6b6e5ccd00eab00295338bd42cfde549b
PMO,Franklin Municipal Opportunities Trust Shares of Beneficial Interest,nasdaqtrader:N:PMO,SECURITY:PMO:nasdaqtrader:N:PMO,,common_equity,eligible,N,,,10.44,10.87,,637366.2857142857,-2.4299065420560706,1.0648596321394033,-2.6119402985074758,5.3481331987890846,3.955841766329349,10.099908723411685,277.0,full,usable,2026-08-18,rejected,40.43,100.0,,,79.0,10.0,0.0,100.0,2.2.0,c8f1bf1665a8c5dfb834c0571e7dd5f6b6e5ccd00eab00295338bd42cfde549b
PMT,PennyMac Mortgage Investment Trust Common Shares of Beneficial Interest,nasdaqtrader:N:PMT,SECURITY:PMT:nasdaqtrader:N:PMT,,common_equity,eligible,N,,,9.43,13.81,,14303426.37904762,-3.1827515400410733,-9.50095969289827,-24.62030375699441,-22.450657894736846,31.716147719044173,29.204626602871503,277.0,full,usable,2026-08-18,conditional,81.29,100.0,,,73.0,92.0,62.0,100.0,2.2.0,c8f1bf1665a8c5dfb834c0571e7dd5f6b6e5ccd00eab00295338bd42cfde549b
PMTS,CPI Card Group Inc. - Common Stock,nasdaqtrader:Q:PMTS,SECURITY:PMTS:nasdaqtrader:Q:PMTS,,common_equity,eligible,Q,,,27.77,30.5,,1399213.0196825396,43.886010362694286,72.05700123915737,139.19035314384152,77.89878283151825,8.95081967213115,58.0382812380503,277.0,full,usable,2026-08-18,rejected,64.43,100.0,,,73.0,82.0,0.0,100.0,2.2.0,c8f1bf1665a8c5dfb834c0571e7dd5f6b6e5ccd00eab00295338bd42cfde549b
PMVP,"PMV Pharmaceuticals, Inc. - Common Stock",nasdaqtrader:Q:PMVP,SECURITY:PMVP:nasdaqtrader:Q:PMVP,,common_equity,eligible,Q,,,1.24,1.8,,378416.34865079366,-3.125,-0.8000000000000007,16.981132075471695,-18.42105263157895,31.11111111111111,64.4377523801366,277.0,full,usable,2026-08-18,rejected,65.14,100.0,,,63.0,92.0,0.0,100.0,2.2.0,c8f1bf1665a8c5dfb834c0571e7dd5f6b6e5ccd00eab00295338bd42cfde549b
PN,PN Smart Energy Limited - Class A Ordinary Shares,nasdaqtrader:Q:PN,NAMECLASS:PN SMART ENERGY LIMITED,,common_equity,eligible,Q,,,2.71,23.67,,8586495.926111111,-37.268518518518526,-31.909547738693465,-68.48837209302326,-89.0725806451613,88.55090832277143,516.1738648549283,277.0,full,usable,2026-08-18,conditional,48.86,100.0,,,37.0,30.0,62.0,100.0,2.2.0,c8f1bf1665a8c5dfb834c0571e7dd5f6b6e5ccd00eab00295338bd42cfde549b
PNBK,Patriot National Bancorp Inc. - Common Stock,nasdaqtrader:Q:PNBK,SECURITY:PNBK:nasdaqtrader:Q:PNBK,,common_equity,eligible,Q,,,1.05,1.92,,544624.1317349207,-9.482758620689646,-6.25,-24.99999999999999,-33.54430379746836,45.3125,47.424698096137384,277.0,full,usable,2026-08-18,rejected,67.36,100.0,,,67.0,95.0,0.0,100.0,2.2.0,c8f1bf1665a8c5dfb834c0571e7dd5f6b6e5ccd00eab00295338bd42cfde549b
PNC,"PNC Financial Services Group, Inc. (The) Common Stock",nasdaqtrader:N:PNC,SECURITY:PNC:nasdaqtrader:N:PNC,,common_equity,eligible,N,,,254.28,256.97,,472262618.5315873,1.6550731590309509,18.97810218978102,9.963674104826147,32.942960213311025,1.0468148032844349,15.165059874886754,277.0,full,usable,2026-08-18,conditional,59.0,100.0,,,75.0,10.0,92.0,100.0,2.2.0,c8f1bf1665a8c5dfb834c0571e7dd5f6b6e5ccd00eab00295338bd42cfde549b
PNFP,"Pinnacle Financial Partners, Inc. Common stock",nasdaqtrader:N:PNFP,SECURITY:PNFP:nasdaqtrader:N:PNFP,,common_equity,eligible,N,,,104.53,109.03,,124203626.95666668,5.160965794768613,10.26371308016878,8.388635420987157,13.336224655751927,4.1273044116298285,27.1164913367243,277.0,full,usable,2026-08-18,conditional,56.71,100.0,,,67.0,10.0,92.0,100.0,2.2.0,c8f1bf1665a8c5dfb834c0571e7dd5f6b6e5ccd00eab00295338bd42cfde549b
PNNT,PennantPark Investment Corporation Common Stock,nasdaqtrader:N:PNNT,SECURITY:PNNT:nasdaqtrader:N:PNNT,,common_equity,eligible,N,,,3.67,7.24,,2787290.336190476,13.622291021671828,-9.828009828009831,-27.89783889980354,-48.527349228611506,49.309392265193374,31.902759406200442,277.0,full,usable,2026-08-18,conditional,77.0,100.0,,,67.0,95.0,45.0,100.0,2.2.0,c8f1bf1665a8c5dfb834c0571e7dd5f6b6e5ccd00eab00295338bd42cfde549b
PNR,Pentair plc. Ordinary Share,nasdaqtrader:N:PNR,SECURITY:PNR:nasdaqtrader:N:PNR,,common_equity,eligible,N,,,63.55,112.59,,196835399.67285714,2.3019961365099872,-13.43141261408527,-36.2971130713713,-39.46465993522577,43.556266098232534,58.1362240495489,277.0,full,usable,2026-08-18,conditional,87.07,100.0,,,67.0,95.0,92.0,100.0,2.2.0,c8f1bf1665a8c5dfb834c0571e7dd5f6b6e5ccd00eab00295338bd42cfde549b
PNRG,PrimeEnergy Resources Corporation - Common Stock,nasdaqtrader:Q:PNRG,SECURITY:PNRG:nasdaqtrader:Q:PNRG,,common_equity,eligible,Q,,,212.71,272.59,,13171876.381746031,13.602862636188839,-21.96705675189845,26.9910447761194,42.385701854207134,21.96705675189845,36.99739997157111,277.0,full,usable,2026-08-18,conditional,82.43,100.0,,,77.0,92.0,62.0,100.0,2.2.0,c8f1bf1665a8c5dfb834c0571e7dd5f6b6e5ccd00eab00295338bd42cfde549b
PNTG,"The Pennant Group, Inc. - Common Stock",nasdaqtrader:Q:PNTG,SECURITY:PNTG:nasdaqtrader:Q:PNTG,,common_equity,eligible,Q,,,39.4,42.02,,10701178.296031745,-4.252733900364525,11.48839841539331,23.704866562009407,55.9778305621536,6.235126130414104,30.238715562706464,277.0,full,usable,2026-08-18,conditional,58.43,100.0,,,73.0,28.0,62.0,100.0,2.2.0,c8f1bf1665a8c5dfb834c0571e7dd5f6b6e5ccd00eab00295338bd42cfde549b
PNW,Pinnacle West Capital Corporation Common Stock,nasdaqtrader:N:PNW,SECURITY:PNW:nasdaqtrader:N:PNW,,common_equity,eligible,N,,,100.15,109.37,,125902634.17920634,-5.785512699905915,0.3909382518043403,1.274142987157445,9.645281366323633,8.43009966169882,16.46353066109882,277.0,full,usable,2026-08-18,conditional,85.86,100.0,,,79.0,82.0,92.0,100.0,2.2.0,c8f1bf1665a8c5dfb834c0571e7dd5f6b6e5ccd00eab00295338bd42cfde549b
POAS,Phaos Technology Holdings (Cayman) Limited Class A Ordinary Shares,nasdaqtrader:A:POAS,SECURITY:POAS:nasdaqtrader:A:POAS,,common_equity,eligible,A,,,0.1691,6.6,,985874.0132396824,-23.82882882882883,-93.18145161290322,-81.0,,97.43787878787879,96.9447355264531,190.0,limited_but_usable,usable,2026-08-18,rejected,26.14,100.0,,,4.0,30.0,0.0,100.0,2.2.0,c8f1bf1665a8c5dfb834c0571e7dd5f6b6e5ccd00eab00295338bd42cfde549b
POCI,"Precision Optics Corporation, Inc. - Common stock",nasdaqtrader:Q:POCI,SECURITY:POCI:nasdaqtrader:Q:POCI,,common_equity,eligible,Q,,,4.335,5.955,,235281.98087301588,0.8139534883720989,-14.665354330708668,-6.974248927038628,-7.119748034195361,27.204030226700247,46.863824480322414,277.0,full,usable,2026-08-18,rejected,68.0,100.0,,,73.0,92.0,0.0,100.0,2.2.0,c8f1bf1665a8c5dfb834c0571e7dd5f6b6e5ccd00eab00295338bd42cfde549b
PODC,"PodcastOne, Inc. - Common Stock",nasdaqtrader:Q:PODC,SECURITY:PODC:nasdaqtrader:Q:PODC,,common_equity,eligible,Q,,,2.74,4.98,,454966.8458730159,-31.499999999999993,-30.982367758186392,-3.8596491228070184,82.66666666666669,44.979919678714865,67.793925668795,277.0,full,usable,2026-08-18,rejected,75.36,100.0,,,95.0,95.0,0.0,100.0,2.2.0,c8f1bf1665a8c5dfb834c0571e7dd5f6b6e5ccd00eab00295338bd42cfde549b
PODD,Insulet Corporation - Common Stock,nasdaqtrader:Q:PODD,SECURITY:PODD:nasdaqtrader:Q:PODD,,common_equity,eligible,Q,,,148.03,352.82,,241211872.70158732,-11.555236900280818,-2.9247819529149455,-39.90825688073395,-53.92349114452018,58.043761691514085,75.06350629061785,277.0,full,usable,2026-08-18,conditional,78.14,100.0,,,67.0,70.0,92.0,100.0,2.2.0,c8f1bf1665a8c5dfb834c0571e7dd5f6b6e5ccd00eab00295338bd42cfde549b
POET,POET Technologies Inc. - Common Shares,nasdaqtrader:Q:POET,SECURITY:POET:nasdaqtrader:Q:POET,,common_equity,eligible,Q,,,8.48,20.57,,255765154.3113492,13.52074966532799,-40.323715693173824,53.623188405797116,68.25396825396825,58.77491492464755,108.25128802974544,277.0,full,usable,2026-08-18,conditional,83.29,100.0,,,85.0,70.0,92.0,100.0,2.2.0,c8f1bf1665a8c5dfb834c0571e7dd5f6b6e5ccd00eab00295338bd42cfde549b
POM,POMDOCTOR LIMITED - American Depositary Shares,nasdaqtrader:Q:POM,SECURITY:POM:nasdaqtrader:Q:POM,,adr,eligible,Q,,,0.944,109.62,,114715.99422222222,9.729164245030809,-55.47169811320756,-76.1736496718829,,99.13884327677431,181.14730426323655,216.0,limited_but_usable,usable,2026-08-18,rejected,31.29,100.0,,,22.0,30.0,0.0,100.0,2.2.0,c8f1bf1665a8c5dfb834c0571e7dd5f6b6e5ccd00eab00295338bd42cfde549b
PONO,"Pono Capital Four, Inc. - Class A Ordinary Shares",nasdaqtrader:Q:PONO,NAMECLASS:PONO CAPITAL FOUR INC,,common_equity,eligible,Q,,,10.02,15.75,,103011.64243650793,0.5015045135406071,1.6227180527383478,-2.052785923753675,-0.3183446080382013,36.38095238095238,1.190488129329481,403.0,full,usable,2026-08-17,rejected,69.07,100.0,,,73.0,95.0,0.0,100.0,2.2.0,c8f1bf1665a8c5dfb834c0571e7dd5f6b6e5ccd00eab00295338bd42cfde549b
PONY,Pony AI Inc. - American Depositary Shares,nasdaqtrader:Q:PONY,SECURITY:PONY:nasdaqtrader:Q:PONY,,adr,eligible,Q,,,7.745,24.06,,34693258.343650796,15.424739195230996,-5.893074119076558,-43.754538852578065,-51.16645649432534,67.809642560266,45.46719646665824,277.0,full,usable,2026-08-18,conditional,61.29,100.0,,,67.0,30.0,80.0,100.0,2.2.0,c8f1bf1665a8c5dfb834c0571e7dd5f6b6e5ccd00eab00295338bd42cfde549b
POOL,Pool Corporation - Common Stock,nasdaqtrader:Q:POOL,SECURITY:POOL:nasdaqtrader:Q:POOL,,common_equity,eligible,Q,,,187.5,333.62,,185184284.65746033,-6.730338755409637,3.3684326589117353,-26.60299068347295,-41.72494172494172,43.79833343324741,42.06202492054372,277.0,full,usable,2026-08-18,conditional,87.07,100.0,,,67.0,95.0,92.0,100.0,2.2.0,c8f1bf1665a8c5dfb834c0571e7dd5f6b6e5ccd00eab00295338bd42cfde549b
POR,Portland General Electric Co Common Stock,nasdaqtrader:N:POR,SECURITY:POR:nasdaqtrader:N:POR,,common_equity,eligible,N,,,50.55,54.22,,61348624.5152381,-3.732622357646165,4.680057983019248,-3.824200913242015,19.053226566179916,6.768720029509412,19.07487545596542,277.0,full,usable,2026-08-18,conditional,66.29,100.0,,,87.0,28.0,80.0,100.0,2.2.0,c8f1bf1665a8c5dfb834c0571e7dd5f6b6e5ccd00eab00295338bd42cfde549b
POST,"Post Holdings, Inc. Common Stock",nasdaqtrader:N:POST,SECURITY:POST:nasdaqtrader:N:POST,,common_equity,eligible,N,,,79.82,114.61,,82526970.74253967,-8.61002976871995,-19.867483184419243,-26.43317972350231,-26.453515157099428,30.35511735450659,51.82973462509894,277.0,full,usable,2026-08-18,conditional,83.43,100.0,,,67.0,92.0,80.0,100.0,2.2.0,c8f1bf1665a8c5dfb834c0571e7dd5f6b6e5ccd00eab00295338bd42cfde549b
POWI,"Power Integrations, Inc. - Common Stock",nasdaqtrader:Q:POWI,SECURITY:POWI:nasdaqtrader:Q:POWI,,common_equity,eligible,Q,,,58.59,87.35,,73987849.85571428,-17.652846099789176,-13.354037267080743,28.121583205773028,26.544276457883377,32.92501431024613,70.22995346676694,277.0,full,usable,2026-08-18,conditional,86.29,100.0,,,77.0,92.0,80.0,100.0,2.2.0,c8f1bf1665a8c5dfb834c0571e7dd5f6b6e5ccd00eab00295338bd42cfde549b
POWL,"Powell Industries, Inc. - Common Stock",nasdaqtrader:Q:POWL,SECURITY:POWL:nasdaqtrader:Q:POWL,,common_equity,eligible,Q,,,203.55,322.05,,185784198.56698412,-10.833187313825121,-23.70689655172413,8.728166230436418,139.8091423185674,36.795528644620404,71.08778412827725,277.0,full,usable,2026-08-18,conditional,95.07,100.0,,,95.0,95.0,92.0,100.0,2.2.0,c8f1bf1665a8c5dfb834c0571e7dd5f6b6e5ccd00eab00295338bd42cfde549b
POWW,Outdoor Holding Company - Common Stock,nasdaqtrader:Q:POWW,SECURITY:POWW:nasdaqtrader:Q:POWW,,common_equity,eligible,Q,,,2.26,2.56,,1770492.4112698413,0.0,13.56783919597988,14.14141414141412,72.51908396946563,11.71875000000001,70.87448892075395,277.0,full,usable,2026-08-18,rejected,67.29,100.0,,,83.0,82.0,0.0,100.0,2.2.0,c8f1bf1665a8c5dfb834c0571e7dd5f6b6e5ccd00eab00295338bd42cfde549b
PPBT,Purple Biotech Ltd. - American Depositary Shares,nasdaqtrader:Q:PPBT,SECURITY:PPBT:nasdaqtrader:Q:PPBT,,adr,eligible,Q,,,1.56,22.95,,658387.3109412699,7.586206896551739,-58.73015873015872,-73.33333333333333,-93.24675324675324,93.20261437908496,54.62747439666135,277.0,full,usable,2026-08-18,rejected,32.14,100.0,,,25.0,30.0,0.0,100.0,2.2.0,c8f1bf1665a8c5dfb834c0571e7dd5f6b6e5ccd00eab00295338bd42cfde549b
PPC,Pilgrim's Pride Corporation - Common Stock,nasdaqtrader:Q:PPC,SECURITY:PPC:nasdaqtrader:Q:PPC,,common_equity,eligible,Q,,,28.49,47.87,,44777151.89388889,-2.2976680384087844,0.4583921015514747,-34.47562097516099,-40.608713779445495,40.484645916022565,39.50222627985438,277.0,full,usable,2026-08-18,conditional,84.5,100.0,,,67.0,95.0,80.0,100.0,2.2.0,c8f1bf1665a8c5dfb834c0571e7dd5f6b6e5ccd00eab00295338bd42cfde549b
PPCB,"Propanc Biopharma, Inc. - Common Stock",nasdaqtrader:Q:PPCB,SECURITY:PPCB:nasdaqtrader:Q:PPCB,,common_equity,eligible,Q,,,1.16,146.25,,8677731.431349207,-15.94202898550725,-43.414634146341456,-78.90141869770827,-98.38327526132404,99.20683760683761,109.7145950746202,253.0,full,usable,2026-08-18,conditional,44.57,100.0,,,22.0,30.0,62.0,100.0,2.2.0,c8f1bf1665a8c5dfb834c0571e7dd5f6b6e5ccd00eab00295338bd42cfde549b
PPG,"PPG Industries, Inc. Common Stock",nasdaqtrader:N:PPG,SECURITY:PPG:nasdaqtrader:N:PPG,,common_equity,eligible,N,,,112.81,131.56,,224080925.4125397,-2.4978392394122695,8.826934207987659,-12.672240284873826,0.9033989266547415,14.252052295530559,36.34881553878969,277.0,full,usable,2026-08-18,conditional,82.43,100.0,,,67.0,82.0,92.0,100.0,2.2.0,c8f1bf1665a8c5dfb834c0571e7dd5f6b6e5ccd00eab00295338bd42cfde549b
PPHC,"Public Policy Holding Company, Inc. - Common Stock",nasdaqtrader:Q:PPHC,SECURITY:PPHC:nasdaqtrader:Q:PPHC,,common_equity,eligible,Q,,,10.24,14.61,,1112952.2487301587,9.98925886143931,-8.161434977578475,-16.40816326530612,,29.911019849418206,66.90431025092214,140.0,limited_but_usable,usable,2026-08-18,rejected,64.0,100.0,,,59.0,92.0,0.0,100.0,2.2.0,c8f1bf1665a8c5dfb834c0571e7dd5f6b6e5ccd00eab00295338bd42cfde549b
PPIH,"Perma-Pipe International Holdings, Inc. - Common Stock",nasdaqtrader:Q:PPIH,SECURITY:PPIH:nasdaqtrader:Q:PPIH,,common_equity,eligible,Q,,,26.33,35.29,,3160936.228253968,5.446535843011602,-15.60897435897436,-18.229813664596286,-3.447011367803454,25.389628790025508,39.2209100104132,277.0,full,usable,2026-08-18,conditional,77.64,100.0,,,73.0,92.0,45.0,100.0,2.2.0,c8f1bf1665a8c5dfb834c0571e7dd5f6b6e5ccd00eab00295338bd42cfde549b
PPL,PPL Corporation Common Stock,nasdaqtrader:N:PPL,SECURITY:PPL:nasdaqtrader:N:PPL,,common_equity,eligible,N,,,35.62,39.81,,327741168.67206347,0.536268698842779,1.9753793300887335,-5.190311418685134,-2.5444596443228495,10.524993720170828,16.68412460531769,277.0,full,usable,2026-08-18,conditional,84.14,100.0,,,73.0,82.0,92.0,100.0,2.2.0,c8f1bf1665a8c5dfb834c0571e7dd5f6b6e5ccd00eab00295338bd42cfde549b
PPLI,People Incorporated - Common Stock,nasdaqtrader:Q:PPLI,SECURITY:PPLI:nasdaqtrader:Q:PPLI,,common_equity,eligible,Q,,,39.17,47.62,,43004117.74460317,-12.410554561717346,-3.7828543355440947,14.298220017508022,10.462492949802593,17.744645107097845,39.68098741278758,277.0,full,usable,2026-08-18,conditional,83.29,100.0,,,79.0,82.0,80.0,100.0,2.2.0,c8f1bf1665a8c5dfb834c0571e7dd5f6b6e5ccd00eab00295338bd42cfde549b
PPSI,"Pioneer Power Solutions, Inc. - Common Stock",nasdaqtrader:Q:PPSI,SECURITY:PPSI:nasdaqtrader:Q:PPSI,,common_equity,eligible,Q,,,2.81,6.08,,649244.5710317461,-10.793650793650789,-30.09950248756218,-27.577319587628867,-35.40229885057471,53.7828947368421,50.53339909557521,277.0,full,usable,2026-08-18,rejected,58.43,100.0,,,67.0,70.0,0.0,100.0,2.2.0,c8f1bf1665a8c5dfb834c0571e7dd5f6b6e5ccd00eab00295338bd42cfde549b
PPT,Franklin Premier Income Trust Shares of Beneficial Interest,nasdaqtrader:N:PPT,SECURITY:PPT:nasdaqtrader:N:PPT,,common_equity,eligible,N,,,3.45,3.75,,358663.14650793653,0.7299270072992803,0.29069767441860517,-4.958677685950407,-6.5040650406503975,7.9999999999999964,6.604014757333054,277.0,full,usable,2026-08-18,rejected,45.14,100.0,,,73.0,28.0,0.0,100.0,2.2.0,c8f1bf1665a8c5dfb834c0571e7dd5f6b6e5ccd00eab00295338bd42cfde549b
PPTA,Perpetua Resources Corp. - Common Shares,nasdaqtrader:Q:PPTA,SECURITY:PPTA:nasdaqtrader:Q:PPTA,,common_equity,eligible,Q,,,23.79,37.22,,35575473.86095238,39.77673325499411,-10.698198198198206,-15.277777777777779,37.43500866551126,36.08275120902741,72.78043683904946,277.0,full,usable,2026-08-18,conditional,90.21,100.0,,,87.0,95.0,80.0,100.0,2.2.0,c8f1bf1665a8c5dfb834c0571e7dd5f6b6e5ccd00eab00295338bd42cfde549b
PR,Permian Resources Corporation Class A Common Stock,nasdaqtrader:N:PR,NAMECLASS:PERMIAN RESOURCES CORPORATION,,common_equity,eligible,N,,,22.35,22.52,,191122050.66492063,10.207100591715967,6.835564053537291,31.547969393761054,66.29464285714289,0.7548845470692678,37.20630985880818,277.0,full,usable,2026-08-18,conditional,58.43,100.0,,,73.0,10.0,92.0,100.0,2.2.0,c8f1bf1665a8c5dfb834c0571e7dd5f6b6e5ccd00eab00295338bd42cfde549b
PRAA,"PRA Group, Inc. - Common Stock",nasdaqtrader:Q:PRAA,SECURITY:PRAA:nasdaqtrader:Q:PRAA,,common_equity,eligible,Q,,,19.65,22.23,,10072337.074920636,13.126079447322958,32.234185733512774,78.63636363636361,21.2962962962963,11.605937921727405,53.18808145319443,277.0,full,usable,2026-08-18,conditional,75.43,100.0,,,65.0,82.0,62.0,100.0,2.2.0,c8f1bf1665a8c5dfb834c0571e7dd5f6b6e5ccd00eab00295338bd42cfde549b
PRAX,"Praxis Precision Medicines, Inc. - Common Stock",nasdaqtrader:Q:PRAX,SECURITY:PRAX:nasdaqtrader:Q:PRAX,,common_equity,eligible,Q,,,369.84,386.33,,155420702.814127,21.486055907762047,15.383895423205306,12.742348494086064,685.5564995751911,4.2683715994098375,64.41582578183461,277.0,full,usable,2026-08-18,conditional,61.29,100.0,,,83.0,10.0,92.0,100.0,2.2.0,c8f1bf1665a8c5dfb834c0571e7dd5f6b6e5ccd00eab00295338bd42cfde549b
PRCH,"Porch Group, Inc. - Common Stock",nasdaqtrader:Q:PRCH,SECURITY:PRCH:nasdaqtrader:Q:PRCH,,common_equity,eligible,Q,,,16.68,19.04,,24676693.668650795,29.302325581395337,67.30190571715144,93.27925840092696,8.735332464146017,12.394957983193278,79.41932094420757,277.0,full,usable,2026-08-18,conditional,73.14,100.0,,,57.0,82.0,62.0,100.0,2.2.0,c8f1bf1665a8c5dfb834c0571e7dd5f6b6e5ccd00eab00295338bd42cfde549b
PRCT,PROCEPT BioRobotics Corporation - Common Stock,nasdaqtrader:Q:PRCT,SECURITY:PRCT:nasdaqtrader:Q:PRCT,,common_equity,eligible,Q,,,21.32,41.23,,35695257.59373016,10.926118626430803,-18.031526336024605,-24.182076813655762,-48.73767732628036,48.29008003880669,63.48015488893677,277.0,full,usable,2026-08-18,conditional,84.5,100.0,,,67.0,95.0,80.0,100.0,2.2.0,c8f1bf1665a8c5dfb834c0571e7dd5f6b6e5ccd00eab00295338bd42cfde549b
PRDO,Perdoceo Education Corporation - Common Stock,nasdaqtrader:Q:PRDO,SECURITY:PRDO:nasdaqtrader:Q:PRDO,,common_equity,eligible,Q,,,32.66,37.95,,24024976.59777778,7.504937458854499,-5.797519469281809,2.7367096571248695,2.7367096571248695,13.939393939393952,58.48006830428785,277.0,full,usable,2026-08-18,conditional,79.43,100.0,,,79.0,82.0,62.0,100.0,2.2.0,c8f1bf1665a8c5dfb834c0571e7dd5f6b6e5ccd00eab00295338bd42cfde549b
PRE,Prenetics Global Limited - Class A Ordinary Share,nasdaqtrader:Q:PRE,NAMECLASS:PRENETICS GLOBAL LIMITED,,common_equity,eligible,Q,,,19.4,22.15,,4255719.576825397,-6.865098415746518,33.42503438789546,-10.763569457221712,155.26315789473682,12.415349887133187,83.85957547130405,277.0,full,usable,2026-08-18,conditional,76.93,100.0,,,83.0,82.0,45.0,100.0,2.2.0,c8f1bf1665a8c5dfb834c0571e7dd5f6b6e5ccd00eab00295338bd42cfde549b
PRFX,PRF Technologies Ltd. - Ordinary Shares,nasdaqtrader:Q:PRFX,SECURITY:PRFX:nasdaqtrader:Q:PRFX,,common_equity,eligible,Q,,,0.9417,11.85,,6055837.379709524,-18.11304347826086,-38.450980392156865,-71.80538922155688,-86.04888888888888,92.05316455696202,101.79726441133442,277.0,full,usable,2026-08-18,conditional,48.86,100.0,,,37.0,30.0,62.0,100.0,2.2.0,c8f1bf1665a8c5dfb834c0571e7dd5f6b6e5ccd00eab00295338bd42cfde549b
PRG,"PROG Holdings, Inc. Common Stock",nasdaqtrader:N:PRG,SECURITY:PRG:nasdaqtrader:N:PRG,,common_equity,eligible,N,,,41.53,47.53,,22724724.07984127,-7.731615196622965,23.051851851851858,22.61588426335992,24.415817855003,12.62360614348832,38.01813040762333,277.0,full,usable,2026-08-18,conditional,75.43,100.0,,,65.0,82.0,62.0,100.0,2.2.0,c8f1bf1665a8c5dfb834c0571e7dd5f6b6e5ccd00eab00295338bd42cfde549b
PRGO,Perrigo Company plc Ordinary Shares,nasdaqtrader:N:PRGO,SECURITY:PRGO:nasdaqtrader:N:PRGO,,common_equity,eligible,N,,,12.97,24.49,,36968121.385714285,22.474032105760156,21.441947565543074,-10.180055401662047,-42.86343612334801,47.03960800326663,77.7503669649017,277.0,full,usable,2026-08-18,conditional,81.07,100.0,,,55.0,95.0,80.0,100.0,2.2.0,c8f1bf1665a8c5dfb834c0571e7dd5f6b6e5ccd00eab00295338bd42cfde549b
PRGS,Progress Software Corporation - Common Stock,nasdaqtrader:Q:PRGS,SECURITY:PRGS:nasdaqtrader:Q:PRGS,,common_equity,eligible,Q,,,43.22,46.87,,25150649.736349206,9.417721518987342,48.06440561836245,23.309557774607704,-5.488738246227854,7.787497333048854,42.351745485532156,277.0,full,usable,2026-08-18,conditional,56.0,100.0,,,51.0,28.0,80.0,100.0,2.2.0,c8f1bf1665a8c5dfb834c0571e7dd5f6b6e5ccd00eab00295338bd42cfde549b
PRHI,"Presurance Holdings, Inc. - Common Stock",nasdaqtrader:Q:PRHI,SECURITY:PRHI:nasdaqtrader:Q:PRHI,,common_equity,eligible,Q,,,6.23,14.21,,80585.99895555555,16.666666666666675,43.317230273752,20.830100853374734,15.135834411384241,56.15763546798029,116.93010245529416,277.0,full,usable,2026-08-18,rejected,57.86,100.0,,,65.0,70.0,0.0,100.0,2.2.0,c8f1bf1665a8c5dfb834c0571e7dd5f6b6e5ccd00eab00295338bd42cfde549b
PRI,"Primerica, Inc. Common Stock",nasdaqtrader:N:PRI,SECURITY:PRI:nasdaqtrader:N:PRI,,common_equity,eligible,N,,,308.21,326.41,,56919493.286031745,-0.3878349116059776,9.820060573668265,18.899004706426958,17.785760690946596,5.575809564657963,20.135607768845382,277.0,full,usable,2026-08-18,conditional,60.0,100.0,,,65.0,28.0,80.0,100.0,2.2.0,c8f1bf1665a8c5dfb834c0571e7dd5f6b6e5ccd00eab00295338bd42cfde549b
PRIM,Primoris Services Corporation Common Stock,nasdaqtrader:N:PRIM,SECURITY:PRIM:nasdaqtrader:N:PRIM,,common_equity,eligible,N,,,79.8,202.92,,191250904.02920637,-7.8947368421052655,-26.539629936481635,-50.85601675083138,-28.705440900562863,60.67415730337078,67.48753428724437,277.0,full,usable,2026-08-18,conditional,75.29,100.0,,,57.0,70.0,92.0,100.0,2.2.0,c8f1bf1665a8c5dfb834c0571e7dd5f6b6e5ccd00eab00295338bd42cfde549b
PRK,Park National Corporation Common Stock,nasdaqtrader:A:PRK,SECURITY:PRK:nasdaqtrader:A:PRK,,common_equity,eligible,A,,,204.4,212.56,,19990607.213492066,9.088968351390303,21.891585664022895,16.189176898590276,23.147367152669005,3.838916070756493,33.75782417177993,277.0,full,usable,2026-08-18,conditional,49.71,100.0,,,65.0,10.0,62.0,100.0,2.2.0,c8f1bf1665a8c5dfb834c0571e7dd5f6b6e5ccd00eab00295338bd42cfde549b
PRKS,United Parks & Resorts Inc. Common Stock,nasdaqtrader:N:PRKS,SECURITY:PRKS:nasdaqtrader:N:PRKS,,common_equity,eligible,N,,,45.03,55.21,,35179583.682222225,1.0094212651413192,24.52986725663717,29.433745329117578,-12.985507246376804,18.43868864336171,33.03319222661385,277.0,full,usable,2026-08-18,conditional,75.29,100.0,,,51.0,82.0,80.0,100.0,2.2.0,c8f1bf1665a8c5dfb834c0571e7dd5f6b6e5ccd00eab00295338bd42cfde549b
PRLB,"Proto Labs, Inc. Common stock",nasdaqtrader:N:PRLB,SECURITY:PRLB:nasdaqtrader:N:PRLB,,common_equity,eligible,N,,,84.88,92.32,,17440244.989206348,10.07651407080794,17.49723145071982,27.027835977252334,76.28245067497403,8.058925476603118,52.044324648418396,277.0,full,usable,2026-08-18,conditional,77.71,100.0,,,73.0,82.0,62.0,100.0,2.2.0,c8f1bf1665a8c5dfb834c0571e7dd5f6b6e5ccd00eab00295338bd42cfde549b
PRLD,Prelude Therapeutics Incorporated - Common Stock,nasdaqtrader:Q:PRLD,SECURITY:PRLD:nasdaqtrader:Q:PRLD,,common_equity,eligible,Q,,,5.75,5.75,,1915224.9457142856,41.62561576354682,32.48847926267282,172.51184834123222,560.9195402298851,0.0,87.69325400542554,277.0,full,usable,2026-08-18,rejected,38.71,100.0,,,73.0,10.0,0.0,100.0,2.2.0,c8f1bf1665a8c5dfb834c0571e7dd5f6b6e5ccd00eab00295338bd42cfde549b
PRM,"Perimeter Solutions, SA Common Stock",nasdaqtrader:N:PRM,SECURITY:PRM:nasdaqtrader:N:PRM,,common_equity,eligible,N,,,31.8,37.78,,56287158.073492065,-8.278050187481977,-4.904306220095689,20.18140589569162,71.33620689655173,15.828480677607203,79.56986353266015,277.0,full,usable,2026-08-18,conditional,85.0,100.0,,,85.0,82.0,80.0,100.0,2.2.0,c8f1bf1665a8c5dfb834c0571e7dd5f6b6e5ccd00eab00295338bd42cfde549b
PRMB,Primo Brands Corporation Class A Common Stock,nasdaqtrader:N:PRMB,NAMECLASS:PRIMO BRANDS CORPORATION,,common_equity,eligible,N,,,23.44,25.48,,85340165.8826984,-3.5787741670094464,-0.2553191489361617,28.22757111597374,-4.482477587612054,8.00627943485086,46.4330380030478,277.0,full,usable,2026-08-18,conditional,78.71,100.0,,,63.0,82.0,80.0,100.0,2.2.0,c8f1bf1665a8c5dfb834c0571e7dd5f6b6e5ccd00eab00295338bd42cfde549b
PRME,"Prime Medicine, Inc. - Common Stock",nasdaqtrader:Q:PRME,SECURITY:PRME:nasdaqtrader:Q:PRME,,common_equity,eligible,Q,,,3.05,6.67,,10861456.992619047,0.0,8.540925266903908,-7.854984894259831,-14.565826330532216,54.272863568215904,79.34392743571973,277.0,full,usable,2026-08-18,conditional,70.0,100.0,,,61.0,70.0,62.0,100.0,2.2.0,c8f1bf1665a8c5dfb834c0571e7dd5f6b6e5ccd00eab00295338bd42cfde549b
PROF,Profound Medical Corp. - common stock,nasdaqtrader:Q:PROF,SECURITY:PROF:nasdaqtrader:Q:PROF,,common_equity,eligible,Q,,,7.0,8.65,,639595.4242063492,2.7900146842878115,1.59651669085632,4.790419161676662,64.70588235294117,19.075144508670526,56.49178650705454,277.0,full,usable,2026-08-18,rejected,70.71,100.0,,,95.0,82.0,0.0,100.0,2.2.0,c8f1bf1665a8c5dfb834c0571e7dd5f6b6e5ccd00eab00295338bd42cfde549b
PROK,ProKidney Corp. - Class A Ordinary Shares,nasdaqtrader:Q:PROK,NAMECLASS:PROKIDNEY CORP,,common_equity,eligible,Q,,,1.38,3.3,,2078768.3692063494,-11.538461538461553,-14.285714285714302,-31.68316831683169,-41.52542372881356,58.18181818181818,57.9266570588016,277.0,full,usable,2026-08-18,conditional,68.07,100.0,,,67.0,70.0,45.0,100.0,2.2.0,c8f1bf1665a8c5dfb834c0571e7dd5f6b6e5ccd00eab00295338bd42cfde549b
PROV,"Provident Financial Holdings, Inc. - Common Stock",nasdaqtrader:Q:PROV,SECURITY:PROV:nasdaqtrader:Q:PROV,,common_equity,eligible,Q,,,17.91,18.06,,132148.36285714287,5.414949970570926,5.539186800235707,11.79775280898876,17.08943514644352,0.8305647840531449,9.528017082948924,277.0,full,usable,2026-08-18,rejected,39.29,100.0,,,75.0,10.0,0.0,100.0,2.2.0,c8f1bf1665a8c5dfb834c0571e7dd5f6b6e5ccd00eab00295338bd42cfde549b
PRPL,"Purple Innovation, Inc. - Common Stock",nasdaqtrader:Q:PRPL,SECURITY:PRPL:nasdaqtrader:Q:PRPL,,common_equity,eligible,Q,,,5.79,31.25,,162934.55215873016,-5.392156862745101,-44.32692307692307,-66.8384879725086,-79.32142857142857,81.472,125.86179698648674,277.0,full,usable,2026-08-18,rejected,35.57,100.0,,,37.0,30.0,0.0,100.0,2.2.0,c8f1bf1665a8c5dfb834c0571e7dd5f6b6e5ccd00eab00295338bd42cfde549b
PRPO,"Precipio, Inc. - Common Stock",nasdaqtrader:Q:PRPO,SECURITY:PRPO:nasdaqtrader:Q:PRPO,,common_equity,eligible,Q,,,24.69,32.37,,1777071.7540857145,5.512820512820515,-1.0222489476849006,5.063829787234053,67.9591836734694,23.72567191844299,61.0605734133776,277.0,full,usable,2026-08-18,rejected,74.29,100.0,,,95.0,92.0,0.0,100.0,2.2.0,c8f1bf1665a8c5dfb834c0571e7dd5f6b6e5ccd00eab00295338bd42cfde549b
PRQR,ProQR Therapeutics N.V. - Ordinary Shares,nasdaqtrader:Q:PRQR,SECURITY:PRQR:nasdaqtrader:Q:PRQR,,common_equity,eligible,Q,,,2.15,3.05,,1732685.0332539682,22.159090909090896,42.3841059602649,48.27586206896552,4.878048780487809,29.508196721311474,64.38222722978465,277.0,full,usable,2026-08-18,rejected,63.43,100.0,,,57.0,92.0,0.0,100.0,2.2.0,c8f1bf1665a8c5dfb834c0571e7dd5f6b6e5ccd00eab00295338bd42cfde549b
PRSU,"Pursuit Attractions and Hospitality, Inc. Common Stock",nasdaqtrader:N:PRSU,SECURITY:PRSU:nasdaqtrader:N:PRSU,,common_equity,eligible,N,,,48.06,55.97,,13655064.342857143,-7.434514637904465,12.158693115519249,29.786659465298413,40.03496503496504,14.132571020189378,30.20729734352062,277.0,full,usable,2026-08-18,conditional,75.43,100.0,,,65.0,82.0,62.0,100.0,2.2.0,c8f1bf1665a8c5dfb834c0571e7dd5f6b6e5ccd00eab00295338bd42cfde549b
PRT,PermRock Royalty Trust Units of Beneficial Interest,qrgf-resolution-required:N:PRT,SECURITY:PRT:qrgf-resolution-required:N:PRT,,common_equity,eligible,N,,,2.19,4.115,,110168.34999999999,-9.876543209876553,-14.453125,-33.231707317073166,-44.9748743718593,46.78007290400973,43.67588967052961,277.0,full,usable,2026-08-18,rejected,67.36,100.0,,,67.0,95.0,0.0,100.0,2.2.0,c8f1bf1665a8c5dfb834c0571e7dd5f6b6e5ccd00eab00295338bd42cfde549b
PRTA,Prothena Corporation plc - Ordinary Shares,nasdaqtrader:Q:PRTA,SECURITY:PRTA:nasdaqtrader:Q:PRTA,,common_equity,eligible,Q,,,8.71,11.51,,5002458.652063492,0.46136101499423265,-9.176225234619384,-2.79017857142857,5.5757575757575895,24.326672458731522,35.513873000832504,277.0,full,usable,2026-08-18,conditional,83.0,100.0,,,79.0,92.0,62.0,100.0,2.2.0,c8f1bf1665a8c5dfb834c0571e7dd5f6b6e5ccd00eab00295338bd42cfde549b
PRTH,"Priority Technology Holdings, Inc. - Common Stock",nasdaqtrader:Q:PRTH,SECURITY:PRTH:nasdaqtrader:Q:PRTH,,common_equity,eligible,Q,,,5.61,8.43,,2917114.7892063493,-11.792452830188683,-5.714285714285716,2.0000000000000018,-26.37795275590551,33.45195729537366,78.73972801400424,277.0,full,usable,2026-08-18,conditional,75.93,100.0,,,67.0,92.0,45.0,100.0,2.2.0,c8f1bf1665a8c5dfb834c0571e7dd5f6b6e5ccd00eab00295338bd42cfde549b
PRTS,"CarParts.com, Inc. - Common Stock",nasdaqtrader:Q:PRTS,SECURITY:PRTS:nasdaqtrader:Q:PRTS,,common_equity,eligible,Q,,,5.955,11.4,,221018.2325873016,19.57831325301205,-9.922855846316736,-16.713286713286713,-19.155579690469725,47.76315789473684,86.8166367611674,277.0,full,usable,2026-08-18,rejected,69.07,100.0,,,73.0,95.0,0.0,100.0,2.2.0,c8f1bf1665a8c5dfb834c0571e7dd5f6b6e5ccd00eab00295338bd42cfde549b
PRU,"Prudential Financial, Inc. Common Stock",nasdaqtrader:N:PRU,SECURITY:PRU:nasdaqtrader:N:PRU,,common_equity,eligible,N,,,124.54,125.13,,209341763.71222225,5.569212511655519,20.93610409788309,20.59649462573836,17.57930513595167,0.47150962998481205,19.444538442557725,277.0,full,usable,2026-08-18,conditional,56.14,100.0,,,65.0,10.0,92.0,100.0,2.2.0,c8f1bf1665a8c5dfb834c0571e7dd5f6b6e5ccd00eab00295338bd42cfde549b
PRVA,"Privia Health Group, Inc. - Common Stock",nasdaqtrader:Q:PRVA,SECURITY:PRVA:nasdaqtrader:Q:PRVA,,common_equity,eligible,Q,,,21.52,28.1,,28388421.535079367,-18.050266565118058,-9.159983115238502,-2.53623188405796,1.1753643629525135,23.416370106761576,34.976848896186254,277.0,full,usable,2026-08-18,conditional,86.86,100.0,,,79.0,92.0,80.0,100.0,2.2.0,c8f1bf1665a8c5dfb834c0571e7dd5f6b6e5ccd00eab00295338bd42cfde549b
PS,Pershing Square Inc. Common Stock,nasdaqtrader:N:PS,SECURITY:PS:nasdaqtrader:N:PS,,common_equity,eligible,N,,,39.91,52.09,,7785797.693650793,20.792978208232448,3.20662011895525,,,23.38260702630065,51.3820894166298,77.0,insufficient,usable,2026-08-18,recheck,,71.43,,,,92.0,62.0,88.0,2.2.0,c8f1bf1665a8c5dfb834c0571e7dd5f6b6e5ccd00eab00295338bd42cfde549b
PSA,Public Storage Common Stock,nasdaqtrader:N:PSA,SECURITY:PSA:nasdaqtrader:N:PSA,,common_equity,eligible,N,,,323.1,330.47,,329433939.9315873,2.3991379583558015,9.100118183353057,6.986754966887432,14.193822011733936,2.230157049051351,23.01837479406792,277.0,full,usable,2026-08-18,conditional,56.71,100.0,,,67.0,10.0,92.0,100.0,2.2.0,c8f1bf1665a8c5dfb834c0571e7dd5f6b6e5ccd00eab00295338bd42cfde549b
PSFE,Paysafe Limited Common Shares,nasdaqtrader:N:PSFE,SECURITY:PSFE:nasdaqtrader:N:PSFE,,common_equity,eligible,N,,,6.52,14.68,,2505229.100476191,-20.195838433292536,-12.834224598930488,4.487179487179471,-52.40875912408759,55.5858310626703,83.34274618129685,277.0,full,usable,2026-08-18,conditional,68.07,100.0,,,67.0,70.0,45.0,100.0,2.2.0,c8f1bf1665a8c5dfb834c0571e7dd5f6b6e5ccd00eab00295338bd42cfde549b
PSHG,Performance Shipping Inc. - Common Shares,nasdaqtrader:Q:PSHG,SECURITY:PSHG:nasdaqtrader:Q:PSHG,,common_equity,eligible,Q,,,1.75,2.55,,82092.09476190475,4.790419161676662,1.1560693641618602,-17.84037558685445,-5.913978494623661,31.372549019607842,32.941847996222286,277.0,full,usable,2026-08-18,rejected,68.0,100.0,,,73.0,92.0,0.0,100.0,2.2.0,c8f1bf1665a8c5dfb834c0571e7dd5f6b6e5ccd00eab00295338bd42cfde549b
PSIG,PS International Group Ltd. - Ordinary Shares,nasdaqtrader:Q:PSIG,SECURITY:PSIG:nasdaqtrader:Q:PSIG,,common_equity,eligible,Q,,,1.59,11.85,,7918017.572619047,32.500000000000014,-78.51351351351352,-70.50092764378478,-47.69736842105263,86.58227848101265,125.19620552637667,277.0,full,usable,2026-08-18,conditional,46.0,100.0,,,27.0,30.0,62.0,100.0,2.2.0,c8f1bf1665a8c5dfb834c0571e7dd5f6b6e5ccd00eab00295338bd42cfde549b
PSIX,"Power Solutions International, Inc. - Common Stock",nasdaqtrader:Q:PSIX,SECURITY:PSIX:nasdaqtrader:Q:PSIX,,common_equity,eligible,Q,,,37.23,115.78,,19161140.372539684,24.515050167224082,-4.366812227074246,-60.32185868059257,-56.542546982607675,67.84418725168423,110.07790414023198,277.0,full,usable,2026-08-18,conditional,54.57,100.0,,,57.0,30.0,62.0,100.0,2.2.0,c8f1bf1665a8c5dfb834c0571e7dd5f6b6e5ccd00eab00295338bd42cfde549b
PSKY,Paramount Skydance Corporation - Class B Common Stock,nasdaqtrader:Q:PSKY,NAMECLASS:PARAMOUNT SKYDANCE CORPORATION,,common_equity,eligible,Q,,,10.43,19.73,,93761993.63111112,21.703617269544907,6.211812627291247,-3.693444136657431,-23.979591836734706,47.136340598074,41.638168678920394,259.0,full,usable,2026-08-18,conditional,82.79,100.0,,,61.0,95.0,80.0,100.0,2.2.0,c8f1bf1665a8c5dfb834c0571e7dd5f6b6e5ccd00eab00295338bd42cfde549b
PSMT,"PriceSmart, Inc. - Common Stock",nasdaqtrader:Q:PSMT,SECURITY:PSMT:nasdaqtrader:Q:PSMT,,common_equity,eligible,Q,,,176.7,197.9,,53631888.81722222,-2.0618556701030966,8.471454880294637,15.808100668501757,62.1844882973841,10.712481051035883,35.84802906071796,277.0,full,usable,2026-08-18,conditional,81.57,100.0,,,73.0,82.0,80.0,100.0,2.2.0,c8f1bf1665a8c5dfb834c0571e7dd5f6b6e5ccd00eab00295338bd42cfde549b
PSN,Parsons Corporation Common Stock,nasdaqtrader:N:PSN,SECURITY:PSN:nasdaqtrader:N:PSN,,common_equity,eligible,N,,,46.45,89.29,,72101887.03095238,-16.2761355443403,-9.770784770784758,-24.36085328122455,-41.609050911376485,47.97849703214246,135.00282640962467,277.0,full,usable,2026-08-18,conditional,84.5,100.0,,,67.0,95.0,80.0,100.0,2.2.0,c8f1bf1665a8c5dfb834c0571e7dd5f6b6e5ccd00eab00295338bd42cfde549b
PSNL,"Personalis, Inc. - Common Stock",nasdaqtrader:Q:PSNL,SECURITY:PSNL:nasdaqtrader:Q:PSNL,,common_equity,eligible,Q,,,13.91,15.79,,48073604.33031746,4.272863568215901,106.99404761904762,62.31038506417737,202.39130434782612,11.906269791006963,69.2940357542314,277.0,full,usable,2026-08-18,conditional,81.57,100.0,,,73.0,82.0,80.0,100.0,2.2.0,c8f1bf1665a8c5dfb834c0571e7dd5f6b6e5ccd00eab00295338bd42cfde549b
PSNY,Polestar Automotive Holding UK Limited - Class A ADS,nasdaqtrader:Q:PSNY,SECURITY:PSNY:nasdaqtrader:Q:PSNY,,adr,eligible,Q,,,14.59,41.1,,2751759.114206349,-6.113256113256105,-33.378995433789946,-13.206424747174294,-54.96913580246914,64.50121654501217,72.05646590471805,277.0,full,usable,2026-08-18,conditional,68.07,100.0,,,67.0,70.0,45.0,100.0,2.2.0,c8f1bf1665a8c5dfb834c0571e7dd5f6b6e5ccd00eab00295338bd42cfde549b
PSNYW,Polestar Automotive Holding UK Limited - Class C-1 ADS (ADW),nasdaqtrader:Q:PSNYW,SECURITY:PSNYW:nasdaqtrader:Q:PSNYW,,adr,eligible,Q,,,2.88,14.1,,326969.2151936508,-18.644067796610177,-9.859154929577462,2.857142857142869,-39.924906132665825,79.57446808510639,294.6527763242857,277.0,full,usable,2026-08-18,rejected,44.14,100.0,,,67.0,30.0,0.0,100.0,2.2.0,c8f1bf1665a8c5dfb834c0571e7dd5f6b6e5ccd00eab00295338bd42cfde549b
PSO,"Pearson, Plc Common Stock",nasdaqtrader:N:PSO,SECURITY:PSO:nasdaqtrader:N:PSO,,common_equity,eligible,N,,,15.97,17.64,,13133175.253968254,-3.853100541842258,4.447351209941153,26.54516640253568,10.519031141868517,9.467120181405896,31.398519386402207,277.0,full,usable,2026-08-18,conditional,76.57,100.0,,,69.0,82.0,62.0,100.0,2.2.0,c8f1bf1665a8c5dfb834c0571e7dd5f6b6e5ccd00eab00295338bd42cfde549b
PSQH,"PSQ Holdings, Inc. Class A Common Stock",nasdaqtrader:N:PSQH,NAMECLASS:PSQ HOLDINGS INC,,common_equity,eligible,N,,,4.19,42.45,,847023.3486666667,25.825825825825845,-50.994152046783626,-63.972484952708506,-82.09401709401709,90.12956419316843,173.38877145934123,277.0,full,usable,2026-08-18,rejected,32.14,100.0,,,25.0,30.0,0.0,100.0,2.2.0,c8f1bf1665a8c5dfb834c0571e7dd5f6b6e5ccd00eab00295338bd42cfde549b
PSTL,"Postal Realty Trust, Inc. Class A Common Stock",nasdaqtrader:N:PSTL,NAMECLASS:POSTAL REALTY TRUST INC,,common_equity,eligible,N,,,22.69,24.98,,7841967.164126984,-4.503367003367009,-2.366609294320121,17.44306418219461,55.83791208791209,9.167333867093674,21.327344302187132,277.0,full,usable,2026-08-18,conditional,81.14,100.0,,,85.0,82.0,62.0,100.0,2.2.0,c8f1bf1665a8c5dfb834c0571e7dd5f6b6e5ccd00eab00295338bd42cfde549b
PSUS,"Pershing Square USA, Ltd. Common Shares",nasdaqtrader:N:PSUS,SECURITY:PSUS:nasdaqtrader:N:PSUS,,common_equity,eligible,N,,,39.15,42.98,,17550727.96888889,6.530612244897949,-4.998786702256741,,,8.911121451838056,24.23106938104152,77.0,insufficient,usable,2026-08-18,recheck,,71.43,,,,82.0,62.0,88.0,2.2.0,c8f1bf1665a8c5dfb834c0571e7dd5f6b6e5ccd00eab00295338bd42cfde549b
PSX,Phillips 66 Common Stock,nasdaqtrader:N:PSX,SECURITY:PSX:nasdaqtrader:N:PSX,,common_equity,eligible,N,,,243.49,243.49,,506418523.5371429,16.613984674329508,35.422691879866505,53.95169448659587,96.98244478602057,0.0,34.41715154177863,277.0,full,usable,2026-08-18,conditional,60.14,100.0,,,73.0,10.0,100.0,100.0,2.2.0,c8f1bf1665a8c5dfb834c0571e7dd5f6b6e5ccd00eab00295338bd42cfde549b
PTC,PTC Inc. - Common Stock,nasdaqtrader:Q:PTC,SECURITY:PTC:nasdaqtrader:Q:PTC,,common_equity,eligible,Q,,,146.48,216.53,,230094821.8284127,17.343587278699026,1.679855615715664,-4.305219834062846,-28.837932374659935,32.351175356763505,44.60817942394883,277.0,full,usable,2026-08-18,conditional,86.0,100.0,,,67.0,92.0,92.0,100.0,2.2.0,c8f1bf1665a8c5dfb834c0571e7dd5f6b6e5ccd00eab00295338bd42cfde549b
PTCT,"PTC Therapeutics, Inc. - Common Stock",nasdaqtrader:Q:PTCT,SECURITY:PTCT:nasdaqtrader:Q:PTCT,,common_equity,eligible,Q,,,72.63,89.55,,131420235.46650793,-6.896551724137945,3.535281539558066,5.00216857018938,48.77099549365014,18.894472361809044,42.002960654631316,277.0,full,usable,2026-08-18,conditional,88.14,100.0,,,87.0,82.0,92.0,100.0,2.2.0,c8f1bf1665a8c5dfb834c0571e7dd5f6b6e5ccd00eab00295338bd42cfde549b
PTEN,"Patterson-UTI Energy, Inc. - Common Stock",nasdaqtrader:Q:PTEN,SECURITY:PTEN:nasdaqtrader:Q:PTEN,,common_equity,eligible,Q,,,12.125,12.85,,95598316.18817459,20.049504950495045,-5.642023346303504,53.09343434343434,125.3717472118959,5.642023346303504,64.8551822671365,277.0,full,usable,2026-08-18,conditional,65.71,100.0,,,85.0,28.0,80.0,100.0,2.2.0,c8f1bf1665a8c5dfb834c0571e7dd5f6b6e5ccd00eab00295338bd42cfde549b
PTGX,"Protagonist Therapeutics, Inc. - Common Stock",nasdaqtrader:Q:PTGX,SECURITY:PTGX:nasdaqtrader:Q:PTGX,,common_equity,eligible,Q,,,157.34,158.62,,84160700.93539684,17.1817978699635,56.1842366487989,90.80766432209558,180.61351881576599,0.8069600302610058,44.90284008229185,277.0,full,usable,2026-08-18,conditional,55.86,100.0,,,73.0,10.0,80.0,100.0,2.2.0,c8f1bf1665a8c5dfb834c0571e7dd5f6b6e5ccd00eab00295338bd42cfde549b
PTHS,Pelthos Therapeutics Inc. Common Stock,nasdaqtrader:A:PTHS,SECURITY:PTHS:nasdaqtrader:A:PTHS,,common_equity,eligible,A,,,26.11,37.42,,1365551.8866666667,-4.218635363169487,-0.1529636711281035,43.54040681693236,24.570610687022885,30.224478888295035,80.35215582964705,277.0,full,usable,2026-08-18,rejected,69.14,100.0,,,77.0,92.0,0.0,100.0,2.2.0,c8f1bf1665a8c5dfb834c0571e7dd5f6b6e5ccd00eab00295338bd42cfde549b
PTLE,PTL LTD - Class A Ordinary Shares,nasdaqtrader:Q:PTLE,NAMECLASS:PTL LTD,,common_equity,eligible,Q,,,7.95,22.56,,240425.28092698412,-20.65868263473053,64.93775933609957,-7.472067039106145,-47.35099337748344,64.76063829787233,106.48105464533928,277.0,full,usable,2026-08-18,rejected,55.0,100.0,,,55.0,70.0,0.0,100.0,2.2.0,c8f1bf1665a8c5dfb834c0571e7dd5f6b6e5ccd00eab00295338bd42cfde549b
PTLO,Portillo's Inc. - Class A Common Stock,nasdaqtrader:Q:PTLO,NAMECLASS:PORTILLO S INC,,common_equity,eligible,Q,,,4.73,7.47,,6172631.224523809,3.7280701754386136,20.356234096692116,-13.843351548269577,-38.00786369593708,36.680053547523414,51.73337079493303,277.0,full,usable,2026-08-18,conditional,77.21,100.0,,,55.0,95.0,62.0,100.0,2.2.0,c8f1bf1665a8c5dfb834c0571e7dd5f6b6e5ccd00eab00295338bd42cfde549b
PTN,"Palatin Technologies, Inc. - Common Stock",nasdaqtrader:Q:PTN,SECURITY:PTN:nasdaqtrader:Q:PTN,,common_equity,eligible,Q,,,10.51,28.0,,190956.7470111111,23.938679245283012,-31.036745406824153,-40.250142126208075,,62.464285714285715,101.96533817213817,191.0,limited_but_usable,usable,2026-08-18,rejected,56.14,100.0,,,59.0,70.0,0.0,100.0,2.2.0,c8f1bf1665a8c5dfb834c0571e7dd5f6b6e5ccd00eab00295338bd42cfde549b
PTON,"Peloton Interactive, Inc. - Common Stock",nasdaqtrader:Q:PTON,SECURITY:PTON:nasdaqtrader:Q:PTON,,common_equity,eligible,Q,,,5.31,9.0,,65736348.8465873,-18.55828220858896,0.18867924528300772,26.730310262529812,-37.676056338028175,41.0,66.92184778677178,277.0,full,usable,2026-08-18,conditional,81.64,100.0,,,57.0,95.0,80.0,100.0,2.2.0,c8f1bf1665a8c5dfb834c0571e7dd5f6b6e5ccd00eab00295338bd42cfde549b
PTRN,Pattern Group Inc. - Series A Common Stock,nasdaqtrader:Q:PTRN,SECURITY:PTRN:nasdaqtrader:Q:PTRN,,common_equity,eligible,Q,,,20.65,29.4,,47961104.489206344,-26.276329882184946,17.529880478087634,96.29277566539925,,29.761904761904766,60.58234858480014,229.0,limited_but_usable,usable,2026-08-18,conditional,74.86,100.0,,,37.0,92.0,80.0,100.0,2.2.0,c8f1bf1665a8c5dfb834c0571e7dd5f6b6e5ccd00eab00295338bd42cfde549b
PUBM,"PubMatic, Inc. - Class A Common Stock",nasdaqtrader:Q:PUBM,NAMECLASS:PUBMATIC INC,,common_equity,eligible,Q,,,17.36,17.78,,8815490.494285714,32.62032085561497,75.17658930373359,175.99364069952307,107.40740740740745,2.3622047244094557,88.20605807647648,277.0,full,usable,2026-08-18,conditional,52.0,100.0,,,73.0,10.0,62.0,100.0,2.2.0,c8f1bf1665a8c5dfb834c0571e7dd5f6b6e5ccd00eab00295338bd42cfde549b
PUK,Prudential Public Limited Company Common Stock,nasdaqtrader:N:PUK,SECURITY:PUK:nasdaqtrader:N:PUK,,common_equity,eligible,N,,,28.08,33.61,,33397222.205555554,-0.6720905553590395,-9.037900874635573,-7.357307819201586,5.326331582895727,16.453436477238924,31.218784951268365,277.0,full,usable,2026-08-18,conditional,83.29,100.0,,,79.0,82.0,80.0,100.0,2.2.0,c8f1bf1665a8c5dfb834c0571e7dd5f6b6e5ccd00eab00295338bd42cfde549b
PULM,"Pulmatrix, Inc. - Common Stock",nasdaqtrader:Q:PULM,SECURITY:PULM:nasdaqtrader:Q:PULM,,common_equity,eligible,Q,,,1.55,5.19,,72036.57015873016,-7.738095238095233,23.015873015873023,-35.95041322314049,-67.09129511677283,70.13487475915221,56.859187060535945,277.0,full,usable,2026-08-18,rejected,40.71,100.0,,,55.0,30.0,0.0,100.0,2.2.0,c8f1bf1665a8c5dfb834c0571e7dd5f6b6e5ccd00eab00295338bd42cfde549b
PUMP,ProPetro Holding Corp. Common Stock,nasdaqtrader:N:PUMP,SECURITY:PUMP:nasdaqtrader:N:PUMP,,common_equity,eligible,N,,,12.38,18.2,,64203339.22238096,-4.031007751937976,-31.336661120354968,3.080766028309756,158.455114822547,31.978021978021975,63.90891274934657,277.0,full,usable,2026-08-18,conditional,91.43,100.0,,,95.0,92.0,80.0,100.0,2.2.0,c8f1bf1665a8c5dfb834c0571e7dd5f6b6e5ccd00eab00295338bd42cfde549b
PURR,Hyperliquid Strategies Inc - Common Stock,nasdaqtrader:Q:PURR,SECURITY:PURR:nasdaqtrader:Q:PURR,,common_equity,eligible,Q,,,7.2,10.97,,115531683.79571429,2.1276595744680993,3.8961038961039085,70.61611374407583,,34.36645396536008,64.64604368580058,177.0,limited_but_usable,usable,2026-08-18,conditional,80.86,100.0,,,49.0,92.0,92.0,100.0,2.2.0,c8f1bf1665a8c5dfb834c0571e7dd5f6b6e5ccd00eab00295338bd42cfde549b
PUSA,Aureus Greenway Holdings Inc. - Common Stock,nasdaqtrader:Q:PUSA,SECURITY:PUSA:nasdaqtrader:Q:PUSA,,common_equity,eligible,Q,,,3.51,7.815,,6112656.964365079,0.5730659025787732,-18.937644341801395,-17.41176470588236,-3.03867403314918,55.08637236084453,86.865057323779,277.0,full,usable,2026-08-18,conditional,73.43,100.0,,,73.0,70.0,62.0,100.0,2.2.0,c8f1bf1665a8c5dfb834c0571e7dd5f6b6e5ccd00eab00295338bd42cfde549b
PVH,PVH Corp. Common Stock,nasdaqtrader:N:PVH,SECURITY:PVH:nasdaqtrader:N:PVH,,common_equity,eligible,N,,,78.73,98.81,,88333830.7279365,1.9158576051780063,-1.9917838914477737,13.558344151161128,2.39302900247107,20.321829774314338,36.89222556394579,277.0,full,usable,2026-08-18,conditional,86.86,100.0,,,79.0,92.0,80.0,100.0,2.2.0,c8f1bf1665a8c5dfb834c0571e7dd5f6b6e5ccd00eab00295338bd42cfde549b
PVL,Permianville Royalty Trust Units of Beneficial Interest,qrgf-resolution-required:N:PVL,SECURITY:PVL:qrgf-resolution-required:N:PVL,,common_equity,eligible,N,,,1.79,2.025,,104875.62047619048,3.4682080924855585,-9.595959595959592,4.678362573099415,-1.6483516483516536,11.604938271604937,20.91272387804322,277.0,full,usable,2026-08-18,rejected,64.43,100.0,,,73.0,82.0,0.0,100.0,2.2.0,c8f1bf1665a8c5dfb834c0571e7dd5f6b6e5ccd00eab00295338bd42cfde549b
PVLA,"Palvella Therapeutics, Inc. - Common Stock",nasdaqtrader:Q:PVLA,SECURITY:PVLA:nasdaqtrader:Q:PVLA,,common_equity,eligible,Q,,,150.42,157.77,,33079646.858492065,21.15988723318565,43.18895763921942,87.81370957672617,218.01268498942918,4.658680357482425,96.24728558004078,277.0,full,usable,2026-08-18,conditional,55.86,100.0,,,73.0,10.0,80.0,100.0,2.2.0,c8f1bf1665a8c5dfb834c0571e7dd5f6b6e5ccd00eab00295338bd42cfde549b
PW,Power REIT (MD) Common Stock,nasdaqtrader:A:PW,SECURITY:PW:nasdaqtrader:A:PW,,common_equity,eligible,A,,,7.66,16.3,,151216.78995238093,-18.09939269523565,35.96024139155129,-1.0719359421412888,-36.16666666666667,53.00613496932516,51.17074094389591,277.0,full,usable,2026-08-18,rejected,55.0,100.0,,,55.0,70.0,0.0,100.0,2.2.0,c8f1bf1665a8c5dfb834c0571e7dd5f6b6e5ccd00eab00295338bd42cfde549b
PWCM,"PowerCompute, Inc. - Common Stock",nasdaqtrader:Q:PWCM,SECURITY:PWCM:nasdaqtrader:Q:PWCM,,common_equity,eligible,Q,,,1.36,61.75,,790803.1422698413,-44.48979591836735,-76.1529019814133,-85.21739130434783,-97.77049180327869,97.79757085020243,132.39360538983107,277.0,full,usable,2026-08-18,rejected,25.0,100.0,,,0.0,30.0,0.0,100.0,2.2.0,c8f1bf1665a8c5dfb834c0571e7dd5f6b6e5ccd00eab00295338bd42cfde549b
PWP,Perella Weinberg Partners - Class A Common Stock,nasdaqtrader:Q:PWP,NAMECLASS:PERELLA WEINBERG PARTNERS,,common_equity,eligible,Q,,,16.17,24.34,,21272778.216031745,2.8625954198473247,-10.016694490818011,-22.22222222222221,-25.85969738651993,33.56614626129827,75.67667325446268,277.0,full,usable,2026-08-18,conditional,79.57,100.0,,,67.0,92.0,62.0,100.0,2.2.0,c8f1bf1665a8c5dfb834c0571e7dd5f6b6e5ccd00eab00295338bd42cfde549b
PWR,"Quanta Services, Inc. Common Stock",nasdaqtrader:N:PWR,SECURITY:PWR:nasdaqtrader:N:PWR,,common_equity,eligible,N,,,696.15,785.24,,840655275.2974603,10.05280131529025,-3.717688062735991,32.567173842667515,82.80769937764238,11.345575874891756,60.28898013408798,277.0,full,usable,2026-08-18,conditional,89.29,100.0,,,85.0,82.0,100.0,100.0,2.2.0,c8f1bf1665a8c5dfb834c0571e7dd5f6b6e5ccd00eab00295338bd42cfde549b
PWRL,Powerlaw Corp. - Common Stock,nasdaqtrader:Q:PWRL,SECURITY:PWRL:nasdaqtrader:Q:PWRL,,common_equity,eligible,Q,,,11.67,28.85,,4406222.359482759,-5.582524271844658,,,,59.54939341421144,60.534368389922555,58.0,insufficient,usable,2026-08-18,recheck,,71.43,,,,70.0,45.0,76.0,2.2.0,c8f1bf1665a8c5dfb834c0571e7dd5f6b6e5ccd00eab00295338bd42cfde549b
PXED,"Phoenix Education Partners, Inc. Common Stock",nasdaqtrader:N:PXED,SECURITY:PXED:nasdaqtrader:N:PXED,,common_equity,eligible,N,,,27.18,38.15,,3683246.65,-9.127382146439322,-6.308169596690805,-4.564606741573041,,28.754914809960674,53.35825139086465,215.0,limited_but_usable,usable,2026-08-18,conditional,73.64,100.0,,,59.0,92.0,45.0,100.0,2.2.0,c8f1bf1665a8c5dfb834c0571e7dd5f6b6e5ccd00eab00295338bd42cfde549b
PXLW,"Pixelworks, Inc. - Common Stock",nasdaqtrader:Q:PXLW,SECURITY:PXLW:nasdaqtrader:Q:PXLW,,common_equity,eligible,Q,,,6.53,15.23,,454101.1320634921,16.607142857142865,7.2249589490968935,13.565217391304362,-31.551362683438143,57.12409717662508,59.432297825123484,277.0,full,usable,2026-08-18,rejected,55.0,100.0,,,55.0,70.0,0.0,100.0,2.2.0,c8f1bf1665a8c5dfb834c0571e7dd5f6b6e5ccd00eab00295338bd42cfde549b
PXS,Pyxis Tankers Inc. - Common Stock,nasdaqtrader:Q:PXS,SECURITY:PXS:nasdaqtrader:Q:PXS,,common_equity,eligible,Q,,,5.01,5.16,,213490.02936507936,12.331838565022423,15.437788018433185,51.359516616314195,97.24409448818896,2.9069767441860517,22.200803767689116,277.0,full,usable,2026-08-18,rejected,38.71,100.0,,,73.0,10.0,0.0,100.0,2.2.0,c8f1bf1665a8c5dfb834c0571e7dd5f6b6e5ccd00eab00295338bd42cfde549b
PYPD,PolyPid Ltd. - Ordinary Shares,nasdaqtrader:Q:PYPD,SECURITY:PYPD:nasdaqtrader:Q:PYPD,,common_equity,eligible,Q,,,4.73,5.58,,1050891.2907936508,-8.155339805825246,0.0,7.2562358276644146,37.10144927536232,15.232974910394258,114.07984879443522,277.0,full,usable,2026-08-18,rejected,68.43,100.0,,,87.0,82.0,0.0,100.0,2.2.0,c8f1bf1665a8c5dfb834c0571e7dd5f6b6e5ccd00eab00295338bd42cfde549b
PYPL,"PayPal Holdings, Inc. - Common Stock",nasdaqtrader:Q:PYPL,SECURITY:PYPL:nasdaqtrader:Q:PYPL,,common_equity,eligible,Q,,,60.43,76.13,,786588350.7330159,6.353396691305879,36.149600090120536,48.07645185003675,-12.711252347248303,20.622619203993164,51.25303523558322,277.0,full,usable,2026-08-18,conditional,83.14,100.0,,,51.0,92.0,100.0,100.0,2.2.0,c8f1bf1665a8c5dfb834c0571e7dd5f6b6e5ccd00eab00295338bd42cfde549b
PYT,PPlus Tr GSC-2 Tr Ctf Fltg Rate,qrgf-resolution-required:N:PYT,SECURITY:PYT:qrgf-resolution-required:N:PYT,,common_equity,eligible,N,,,23.65,24.465,,18296.295131746032,1.3716245177882502,1.1548331907613285,0.2968617472434376,2.0157272448851904,3.331289597384024,9.083025253331583,276.0,full,usable,2026-08-17,rejected,40.43,100.0,,,79.0,10.0,0.0,100.0,2.2.0,c8f1bf1665a8c5dfb834c0571e7dd5f6b6e5ccd00eab00295338bd42cfde549b
PYXS,"Pyxis Oncology, Inc. - Common Stock",nasdaqtrader:Q:PYXS,SECURITY:PYXS:nasdaqtrader:Q:PYXS,,common_equity,eligible,Q,,,2.99,5.34,,3183736.8974603172,32.8888888888889,48.01980198019802,124.81203007518795,143.08943089430898,44.00749063670412,146.5324286288181,277.0,full,usable,2026-08-18,conditional,78.71,100.0,,,73.0,95.0,45.0,100.0,2.2.0,c8f1bf1665a8c5dfb834c0571e7dd5f6b6e5ccd00eab00295338bd42cfde549b
PZG,Paramount Gold Nevada Corp. Common Stock,nasdaqtrader:A:PZG,SECURITY:PZG:nasdaqtrader:A:PZG,,common_equity,eligible,A,,,1.44,2.67,,637228.9242857143,27.43362831858407,5.88235294117645,-34.841628959276015,102.64565156206022,46.06741573033708,71.94608190915642,277.0,full,usable,2026-08-18,rejected,71.93,100.0,,,83.0,95.0,0.0,100.0,2.2.0,c8f1bf1665a8c5dfb834c0571e7dd5f6b6e5ccd00eab00295338bd42cfde549b
PZZA,"Papa John's International, Inc. - Common Stock",nasdaqtrader:Q:PZZA,SECURITY:PZZA:nasdaqtrader:Q:PZZA,,common_equity,eligible,Q,,,23.35,55.31,,37544036.895555556,-30.04793289394847,-29.220976053349503,-25.470794765400562,-50.91444187513139,57.78340263966732,63.39657686125195,277.0,full,usable,2026-08-18,conditional,75.57,100.0,,,67.0,70.0,80.0,100.0,2.2.0,c8f1bf1665a8c5dfb834c0571e7dd5f6b6e5ccd00eab00295338bd42cfde549b
Q,"Qnity Electronics, Inc. Common Stock",nasdaqtrader:N:Q,SECURITY:Q:nasdaqtrader:N:Q,,common_equity,eligible,N,,,133.58,175.64,,284303164.2725397,-0.7430524595036458,-10.367040193249677,19.331784884759706,,23.946709177863802,44.091924943733154,198.0,limited_but_usable,usable,2026-08-18,conditional,80.86,100.0,,,49.0,92.0,92.0,100.0,2.2.0,c8f1bf1665a8c5dfb834c0571e7dd5f6b6e5ccd00eab00295338bd42cfde549b
QBTS,D-Wave Quantum Inc. - Common Stock,nasdaqtrader:Q:QBTS,SECURITY:QBTS:nasdaqtrader:Q:QBTS,,common_equity,eligible,Q,,,19.53,44.78,,674946123.0243652,16.806220095693792,2.4658971668415575,5.911062906724518,14.814814814814813,56.38677981241626,104.57318129831765,277.0,full,usable,2026-08-18,conditional,83.29,100.0,,,79.0,70.0,100.0,100.0,2.2.0,c8f1bf1665a8c5dfb834c0571e7dd5f6b6e5ccd00eab00295338bd42cfde549b
QCLS,"Q/C Technologies, Inc. - Common Stock",nasdaqtrader:Q:QCLS,SECURITY:QCLS:nasdaqtrader:Q:QCLS,,common_equity,eligible,Q,,,2.69,10.18,,1009523.9658730159,-22.02898550724638,-30.848329048843194,-28.07486631016043,-73.36633663366337,73.57563850687623,73.63582533407231,277.0,full,usable,2026-08-18,rejected,38.43,100.0,,,47.0,30.0,0.0,100.0,2.2.0,c8f1bf1665a8c5dfb834c0571e7dd5f6b6e5ccd00eab00295338bd42cfde549b
QCOM,QUALCOMM Incorporated - Common Stock,nasdaqtrader:Q:QCOM,SECURITY:QCOM:nasdaqtrader:Q:QCOM,,common_equity,eligible,Q,,,160.19,251.02,,3469788010.478095,-5.947627994363547,-21.33667255941858,12.311575404893782,1.4824200190053816,36.184367779459805,44.44690455323356,277.0,full,usable,2026-08-18,conditional,92.21,100.0,,,79.0,95.0,100.0,100.0,2.2.0,c8f1bf1665a8c5dfb834c0571e7dd5f6b6e5ccd00eab00295338bd42cfde549b
QCRH,"QCR Holdings, Inc. - Common Stock",nasdaqtrader:Q:QCRH,SECURITY:QCRH:nasdaqtrader:Q:QCRH,,common_equity,eligible,Q,,,103.91,106.59,,11367958.75936508,6.301790281329911,17.05531147910331,11.479454994099347,38.954265846483004,2.5143071582700127,20.160307595108183,277.0,full,usable,2026-08-18,conditional,52.57,100.0,,,75.0,10.0,62.0,100.0,2.2.0,c8f1bf1665a8c5dfb834c0571e7dd5f6b6e5ccd00eab00295338bd42cfde549b
QDEL,QuidelOrtho Corporation - Common Stock,nasdaqtrader:Q:QDEL,SECURITY:QDEL:nasdaqtrader:Q:QDEL,,common_equity,eligible,Q,,,13.43,35.38,,24258544.1684127,-18.998793727382377,23.89298892988929,-41.93687851275399,-48.206710374084075,62.04070096099492,104.67341259540555,277.0,full,usable,2026-08-18,conditional,68.29,100.0,,,55.0,70.0,62.0,100.0,2.2.0,c8f1bf1665a8c5dfb834c0571e7dd5f6b6e5ccd00eab00295338bd42cfde549b
QFIN,"Qfin Holdings, Inc.  - American Depositary Shares",nasdaqtrader:Q:QFIN,SECURITY:QFIN:nasdaqtrader:Q:QFIN,,adr,eligible,Q,,,12.06,31.5,,21454842.318730157,-7.7276205049732205,-4.814522494080498,-23.331214240305155,-62.25352112676057,61.71428571428571,46.342838368973005,277.0,full,usable,2026-08-18,conditional,71.71,100.0,,,67.0,70.0,62.0,100.0,2.2.0,c8f1bf1665a8c5dfb834c0571e7dd5f6b6e5ccd00eab00295338bd42cfde549b
QGEN,Qiagen N.V. Common Shares,nasdaqtrader:N:QGEN,SECURITY:QGEN:nasdaqtrader:N:QGEN,,common_equity,eligible,N,,,42.32,55.66,,107208232.09936509,4.545454545454564,25.28123149792776,-13.207547169811317,-14.245187436676797,23.966942148760328,36.45651065372593,277.0,full,usable,2026-08-18,conditional,84.29,100.0,,,61.0,92.0,92.0,100.0,2.2.0,c8f1bf1665a8c5dfb834c0571e7dd5f6b6e5ccd00eab00295338bd42cfde549b
QH,Quhuo Limited - Class A Ordinary Shares,nasdaqtrader:Q:QH,NAMECLASS:QUHUO LIMITED,,common_equity,eligible,Q,,,4.4,11.31,,3967299.197246032,-23.344947735191635,4580.851063829788,371.7486866087703,-56.65024630541872,61.09637488947834,137.44176625695675,277.0,full,usable,2026-08-18,conditional,61.79,100.0,,,45.0,70.0,45.0,100.0,2.2.0,c8f1bf1665a8c5dfb834c0571e7dd5f6b6e5ccd00eab00295338bd42cfde549b
QLYS,"Qualys, Inc. - Common Stock",nasdaqtrader:Q:QLYS,SECURITY:QLYS:nasdaqtrader:Q:QLYS,,common_equity,eligible,Q,,,187.98,195.88,,109428955.42277779,20.214874976018415,91.85548071034904,80.90655374843614,45.55168408826944,4.033081478456202,68.20521488737305,277.0,full,usable,2026-08-18,conditional,56.14,100.0,,,65.0,10.0,92.0,100.0,2.2.0,c8f1bf1665a8c5dfb834c0571e7dd5f6b6e5ccd00eab00295338bd42cfde549b
QMCO,Quantum Corporation - Common Stock,nasdaqtrader:Q:QMCO,SECURITY:QMCO:nasdaqtrader:Q:QMCO,,common_equity,eligible,Q,,,23.52,26.11,,25005103.971507937,114.01273885350318,194.73684210526315,319.2513368983957,211.52317880794703,9.919571045576403,165.06168349467632,277.0,full,usable,2026-08-18,conditional,81.57,100.0,,,73.0,82.0,80.0,100.0,2.2.0,c8f1bf1665a8c5dfb834c0571e7dd5f6b6e5ccd00eab00295338bd42cfde549b
QMLS,"QumulusAI, Inc. - Common Stock",nasdaqtrader:Q:QMLS,SECURITY:QMLS:nasdaqtrader:Q:QMLS,,common_equity,eligible,Q,,,6.74,21.43,,4226541.110833333,-28.97787144362487,,,,68.54876341577227,,24.0,insufficient,usable,2026-08-18,recheck,,71.43,,,,30.0,45.0,64.0,2.2.0,c8f1bf1665a8c5dfb834c0571e7dd5f6b6e5ccd00eab00295338bd42cfde549b
QNC,Quantum eMotion Corp. Common Shares,nasdaqtrader:A:QNC,SECURITY:QNC:nasdaqtrader:A:QNC,,common_equity,eligible,A,,,2.2,3.79,,5280220.633968254,5.769230769230771,-17.602996254681635,,,41.95250659630606,75.5396669478694,122.0,insufficient,usable,2026-08-18,recheck,,71.43,,,,95.0,62.0,88.0,2.2.0,c8f1bf1665a8c5dfb834c0571e7dd5f6b6e5ccd00eab00295338bd42cfde549b
QNCX,"Quince Therapeutics, Inc. - Common Stock",nasdaqtrader:Q:QNCX,SECURITY:QNCX:nasdaqtrader:Q:QNCX,,common_equity,eligible,Q,,,32.91,880.0,,820959.2558730158,74.86716259298616,65.37688442211054,-11.054054054054063,-90.26331360946746,96.26022727272728,69.7330314872047,277.0,full,usable,2026-08-18,rejected,35.0,100.0,,,35.0,30.0,0.0,100.0,2.2.0,c8f1bf1665a8c5dfb834c0571e7dd5f6b6e5ccd00eab00295338bd42cfde549b
QNRX,"Quoin Pharmaceuticals, Ltd. - American Depositary Shares",nasdaqtrader:Q:QNRX,SECURITY:QNRX:nasdaqtrader:Q:QNRX,,adr,eligible,Q,,,4.97,22.3,,915434.254057143,18.0522565320665,-10.126582278481022,-44.531250000000014,-33.556149732620334,77.71300448430493,78.07089567691477,277.0,full,usable,2026-08-18,rejected,44.14,100.0,,,67.0,30.0,0.0,100.0,2.2.0,c8f1bf1665a8c5dfb834c0571e7dd5f6b6e5ccd00eab00295338bd42cfde549b
QNST,"QuinStreet, Inc. - Common Stock",nasdaqtrader:Q:QNST,SECURITY:QNST:nasdaqtrader:Q:QNST,,common_equity,eligible,Q,,,20.76,22.02,,13304290.162777778,21.261682242990652,82.42530755711775,87.02702702702705,40.841248303934876,5.722070844686645,104.01455310351433,277.0,full,usable,2026-08-18,conditional,56.14,100.0,,,65.0,28.0,62.0,100.0,2.2.0,c8f1bf1665a8c5dfb834c0571e7dd5f6b6e5ccd00eab00295338bd42cfde549b
QNT,Quantinuum Inc. - Class A Common Stock,nasdaqtrader:Q:QNT,NAMECLASS:QUANTINUUM INC,,common_equity,eligible,Q,,,59.5,83.17,,203090379.15471154,3.7489102005231034,,,,28.459781171095344,111.34673043895593,52.0,insufficient,usable,2026-08-18,recheck,,71.43,,,,92.0,92.0,76.0,2.2.0,c8f1bf1665a8c5dfb834c0571e7dd5f6b6e5ccd00eab00295338bd42cfde549b
QNTM,Quantum Biopharma Ltd. - Class B Subordinate Voting Shares,qrgf-resolution-required:Q:QNTM,SECURITY:QNTM:qrgf-resolution-required:Q:QNTM,,common_equity,eligible,Q,,,3.34,20.615,,1391022.3590476192,9.868421052631572,-46.7304625199362,-9.973045822102433,-85.12249443207128,83.79820519039534,88.22310822683048,277.0,full,usable,2026-08-18,rejected,35.0,100.0,,,35.0,30.0,0.0,100.0,2.2.0,c8f1bf1665a8c5dfb834c0571e7dd5f6b6e5ccd00eab00295338bd42cfde549b
QQQ,"Invesco QQQ Trust, Series 1",US:QQQ,SECURITY:QQQ:US:QQQ,,etf,eligible,Q,,,717.51,746.16,,30801492671.84476,3.081630893888465,1.6475888252960758,19.326459338100797,24.27858800706688,3.839659054358313,22.68480972926245,277.0,full,usable,2026-08-18,conditional,61.29,100.0,,,77.0,10.0,100.0,100.0,2.2.0,c8f1bf1665a8c5dfb834c0571e7dd5f6b6e5ccd00eab00295338bd42cfde549b
QRHC,Quest Resource Holding Corporation - Common Stock,nasdaqtrader:Q:QRHC,SECURITY:QRHC:nasdaqtrader:Q:QRHC,,common_equity,eligible,Q,,,1.56,2.41,,51801.29531746032,19.083969465648853,44.44444444444444,-18.324607329842923,-6.586826347305386,35.26970954356846,71.09293201548891,277.0,full,usable,2026-08-18,rejected,65.64,100.0,,,61.0,95.0,0.0,100.0,2.2.0,c8f1bf1665a8c5dfb834c0571e7dd5f6b6e5ccd00eab00295338bd42cfde549b
QRVO,"Qorvo, Inc. - Common Stock",nasdaqtrader:Q:QRVO,SECURITY:QRVO:nasdaqtrader:Q:QRVO,,common_equity,eligible,Q,,,95.7,108.23,,122529676.99547619,11.642557162855805,1.5815730814138673,13.536599833906738,7.10688304420819,11.577196710708682,33.73562191164839,277.0,full,usable,2026-08-18,conditional,85.86,100.0,,,79.0,82.0,92.0,100.0,2.2.0,c8f1bf1665a8c5dfb834c0571e7dd5f6b6e5ccd00eab00295338bd42cfde549b
QS,QuantumScape Corporation - Common Stock,nasdaqtrader:Q:QS,SECURITY:QS:nasdaqtrader:Q:QS,,common_equity,eligible,Q,,,5.76,18.44,,163684996.60071427,-2.2071307300509324,-23.910171730515195,-20.000000000000007,-36.2126245847176,68.76355748373102,75.10250665617764,277.0,full,usable,2026-08-18,conditional,63.86,100.0,,,67.0,30.0,92.0,100.0,2.2.0,c8f1bf1665a8c5dfb834c0571e7dd5f6b6e5ccd00eab00295338bd42cfde549b
QSR,Restaurant Brands International Inc. Common Shares,nasdaqtrader:N:QSR,SECURITY:QSR:nasdaqtrader:N:QSR,,common_equity,eligible,N,,,76.56,81.67,,218919166.30253968,3.5154137371552263,1.1494252873563315,12.373403786878034,17.26144892020216,6.256887473980655,24.01782545617567,277.0,full,usable,2026-08-18,conditional,68.86,100.0,,,87.0,28.0,92.0,100.0,2.2.0,c8f1bf1665a8c5dfb834c0571e7dd5f6b6e5ccd00eab00295338bd42cfde549b
QTEX,QTREX Quantum Ltd. - Ordinary Shares,nasdaqtrader:Q:QTEX,SECURITY:QTEX:nasdaqtrader:Q:QTEX,,common_equity,eligible,Q,,,0.8975,3.08,,44136408.17484762,-24.57983193277311,141.06903035186673,51.119717124094954,-29.330708661417326,70.8603896103896,104.30202253095126,277.0,full,usable,2026-08-18,conditional,55.0,100.0,,,45.0,30.0,80.0,100.0,2.2.0,c8f1bf1665a8c5dfb834c0571e7dd5f6b6e5ccd00eab00295338bd42cfde549b
QTI,"QT Imaging Holdings, Inc. - Common Stock",nasdaqtrader:Q:QTI,SECURITY:QTI:nasdaqtrader:Q:QTI,,common_equity,eligible,Q,,,2.91,7.59,,159596.7611111111,-11.009174311926607,-46.99453551912568,-48.72246696035242,481.883623275345,61.6600790513834,60.13377438313623,365.0,full,usable,2026-08-18,rejected,63.0,100.0,,,83.0,70.0,0.0,100.0,2.2.0,c8f1bf1665a8c5dfb834c0571e7dd5f6b6e5ccd00eab00295338bd42cfde549b
QTRX,Quanterix Corporation - Common Stock,nasdaqtrader:Q:QTRX,SECURITY:QTRX:nasdaqtrader:Q:QTRX,,common_equity,eligible,Q,,,2.68,8.06,,3240859.223095238,-31.28205128205128,6.349206349206349,-53.47222222222221,-41.35667396061269,66.74937965260546,170.92398369371827,277.0,full,usable,2026-08-18,conditional,47.5,100.0,,,45.0,30.0,45.0,100.0,2.2.0,c8f1bf1665a8c5dfb834c0571e7dd5f6b6e5ccd00eab00295338bd42cfde549b
QTTB,Q32 Bio Inc. - Common Stock,nasdaqtrader:Q:QTTB,SECURITY:QTTB:nasdaqtrader:Q:QTTB,,common_equity,eligible,Q,,,15.29,21.38,,24086097.56246032,1.66223404255319,165.91304347826085,257.2429906542056,676.1421319796954,28.484565014031805,211.77755878067015,277.0,full,usable,2026-08-18,conditional,81.29,100.0,,,73.0,92.0,62.0,100.0,2.2.0,c8f1bf1665a8c5dfb834c0571e7dd5f6b6e5ccd00eab00295338bd42cfde549b
QTWO,"Q2 Holdings, Inc. Common Stock",nasdaqtrader:N:QTWO,SECURITY:QTWO:nasdaqtrader:N:QTWO,,common_equity,eligible,N,,,62.84,84.24,,44655994.70761905,13.06225260885212,34.04436860068258,19.490397413957016,-15.718884120171673,25.40360873694206,42.105870569364114,277.0,full,usable,2026-08-18,conditional,78.86,100.0,,,51.0,92.0,80.0,100.0,2.2.0,c8f1bf1665a8c5dfb834c0571e7dd5f6b6e5ccd00eab00295338bd42cfde549b
QUAD,"Quad Graphics, Inc Class A Common Stock",nasdaqtrader:N:QUAD,NAMECLASS:QUAD GRAPHICS INC,,common_equity,eligible,N,,,10.05,10.85,,2373424.4253968257,16.724738675958207,37.10777626193724,52.272727272727295,61.575562700964646,7.373271889400912,46.70101797206565,277.0,full,usable,2026-08-18,conditional,54.79,100.0,,,73.0,28.0,45.0,100.0,2.2.0,c8f1bf1665a8c5dfb834c0571e7dd5f6b6e5ccd00eab00295338bd42cfde549b
QUBT,Quantum Computing Inc. - Common Stock,nasdaqtrader:Q:QUBT,SECURITY:QUBT:nasdaqtrader:Q:QUBT,,common_equity,eligible,Q,,,8.52,24.62,,152605901.4984127,7.575757575757569,-12.300566134843027,5.8385093167701685,-44.38642297650131,65.39398862713242,71.06677570037508,277.0,full,usable,2026-08-18,conditional,63.86,100.0,,,67.0,30.0,92.0,100.0,2.2.0,c8f1bf1665a8c5dfb834c0571e7dd5f6b6e5ccd00eab00295338bd42cfde549b
QUCY,Quantum Cyber N.V. - Ordinary Shares,nasdaqtrader:Q:QUCY,SECURITY:QUCY:nasdaqtrader:Q:QUCY,,common_equity,eligible,Q,,,1.43,3.56,,11237871.226349207,23.275862068965523,-56.666666666666664,111.72638436482086,-19.2090395480226,59.8314606741573,84.70822948202769,277.0,full,usable,2026-08-18,conditional,67.14,100.0,,,51.0,70.0,62.0,100.0,2.2.0,c8f1bf1665a8c5dfb834c0571e7dd5f6b6e5ccd00eab00295338bd42cfde549b
QUIK,QuickLogic Corporation - Common Stock,nasdaqtrader:Q:QUIK,SECURITY:QUIK:nasdaqtrader:Q:QUIK,,common_equity,eligible,Q,,,12.07,23.74,,7511368.036825397,-4.8107255520504655,-34.61538461538461,62.01342281879194,114.76868327402134,49.1575400168492,78.41084178422506,277.0,full,usable,2026-08-18,conditional,85.79,100.0,,,85.0,95.0,62.0,100.0,2.2.0,c8f1bf1665a8c5dfb834c0571e7dd5f6b6e5ccd00eab00295338bd42cfde549b
QURE,uniQure N.V. - Ordinary Shares,nasdaqtrader:Q:QURE,SECURITY:QURE:nasdaqtrader:Q:QURE,,common_equity,eligible,Q,,,47.38,70.59,,77181445.49253967,19.345088161209055,90.05214600882472,117.83908045977012,192.8306551297899,32.88001133305001,49.29718425548284,277.0,full,usable,2026-08-18,conditional,85.14,100.0,,,73.0,92.0,80.0,100.0,2.2.0,c8f1bf1665a8c5dfb834c0571e7dd5f6b6e5ccd00eab00295338bd42cfde549b
