ticker,company,contract_id,issuer_id,issuer_cik,security_type,instrument_status,exchange,sector,industry,current_price,reference_52w_high,market_cap,avg_dollar_volume,return_1m_pct,return_3m_pct,return_6m_pct,return_12m_pct,drawdown_pct,historical_volatility_pct,trading_history_days,momentum_history_status,data_integrity_status,as_of,l2_status,l2_setup_score,l2_confidence_pct,l2_quality_prior_score,l2_room_to_target_score,setup_prior_growth,setup_pullback_geometry,setup_liquidity,setup_data_completeness,setup_model_version,l2_rules_hash
NUWE,"Nuwellis, Inc. - Common Stock",nasdaqtrader:Q:NUWE,SECURITY:NUWE:nasdaqtrader:Q:NUWE,,common_equity,eligible,Q,,,1.16,185.15,,10615057.087253967,-47.27272727272728,-96.67431192660551,-98.20849420849422,-99.39630497007546,99.37348096138267,391.74639238676,277.0,full,usable,2026-08-21,conditional,38.29,100.0,,,0.0,30.0,62.0,100.0,2.2.0,c8f1bf1665a8c5dfb834c0571e7dd5f6b6e5ccd00eab00295338bd42cfde549b
NVA,Nova Minerals Corp Common Stock,nasdaqtrader:A:NVA,SECURITY:NVA:nasdaqtrader:A:NVA,,common_equity,eligible,A,,,5.36,14.37,,1619157.9934920636,13.319238900634245,-10.815307820299491,-16.899224806201552,170.16129032258064,62.700069589422405,77.75763728519489,277.0,full,usable,2026-08-21,rejected,66.43,100.0,,,95.0,70.0,0.0,100.0,2.2.0,c8f1bf1665a8c5dfb834c0571e7dd5f6b6e5ccd00eab00295338bd42cfde549b
NVAX,"Novavax, Inc. - Common Stock",nasdaqtrader:Q:NVAX,SECURITY:NVAX:nasdaqtrader:Q:NVAX,,common_equity,eligible,Q,,,8.94,11.19,,38727023.83126984,14.249201277955258,-0.44543429844099425,-2.826086956521734,2.2883295194507935,20.107238605898125,51.69730707907168,277.0,full,usable,2026-08-21,conditional,86.86,100.0,,,79.0,92.0,80.0,100.0,2.2.0,c8f1bf1665a8c5dfb834c0571e7dd5f6b6e5ccd00eab00295338bd42cfde549b
NVCR,NovoCure Limited - Ordinary Shares,nasdaqtrader:Q:NVCR,SECURITY:NVCR:nasdaqtrader:Q:NVCR,,common_equity,eligible,Q,,,17.1,19.99,,28196050.29888889,-14.457228614307137,-4.469273743016744,50.528169014084526,45.16129032258067,14.457228614307137,97.32713482211354,277.0,full,usable,2026-08-21,conditional,82.71,100.0,,,77.0,82.0,80.0,100.0,2.2.0,c8f1bf1665a8c5dfb834c0571e7dd5f6b6e5ccd00eab00295338bd42cfde549b
NVCT,"Nuvectis Pharma, Inc. - Common Stock",nasdaqtrader:Q:NVCT,SECURITY:NVCT:nasdaqtrader:Q:NVCT,,common_equity,eligible,Q,,,23.56,28.53,,6222401.096111111,16.92307692307693,115.35648994515539,178.48699763593373,260.2446483180428,17.42025937609535,72.58604127497237,277.0,full,usable,2026-08-21,conditional,77.71,100.0,,,73.0,82.0,62.0,100.0,2.2.0,c8f1bf1665a8c5dfb834c0571e7dd5f6b6e5ccd00eab00295338bd42cfde549b
NVDA,NVIDIA Corporation - Common Stock,nasdaqtrader:Q:NVDA,SECURITY:NVDA:nasdaqtrader:Q:NVDA,,common_equity,eligible,Q,,,214.72,235.74,,29491256173.13317,2.8549530561410297,-2.182132932440428,13.117690443578134,22.417331812998853,8.91660303724443,37.64781219763875,277.0,full,usable,2026-08-21,conditional,89.86,100.0,,,87.0,82.0,100.0,100.0,2.2.0,c8f1bf1665a8c5dfb834c0571e7dd5f6b6e5ccd00eab00295338bd42cfde549b
NVEC,NVE Corporation - Common Stock,nasdaqtrader:Q:NVEC,SECURITY:NVEC:nasdaqtrader:Q:NVEC,,common_equity,eligible,Q,,,109.89,134.21,,25511861.47857143,-18.120855375903446,25.50251256281406,66.72735548475195,75.23520969542336,18.120855375903446,142.5724307354204,277.0,full,usable,2026-08-21,conditional,81.57,100.0,,,73.0,82.0,80.0,100.0,2.2.0,c8f1bf1665a8c5dfb834c0571e7dd5f6b6e5ccd00eab00295338bd42cfde549b
NVGS,Navigator Holdings Ltd. Ordinary Shares (Marshall Islands),nasdaqtrader:N:NVGS,SECURITY:NVGS:nasdaqtrader:N:NVGS,,common_equity,eligible,N,,,22.15,24.29,,9519513.097619047,2.167896678966774,-5.341880341880345,9.70777612679543,42.078255291853736,8.810209962947713,27.761164748202344,277.0,full,usable,2026-08-21,conditional,81.71,100.0,,,87.0,82.0,62.0,100.0,2.2.0,c8f1bf1665a8c5dfb834c0571e7dd5f6b6e5ccd00eab00295338bd42cfde549b
NVMI,Nova Ltd. - Ordinary Shares,nasdaqtrader:Q:NVMI,SECURITY:NVMI:nasdaqtrader:Q:NVMI,,common_equity,eligible,Q,,,376.99,605.65,,246840652.18349206,-17.212376748578073,-24.070493454179253,-14.561236515275134,52.96194108577457,37.75447865929167,61.09261896126007,277.0,full,usable,2026-08-21,conditional,95.07,100.0,,,95.0,95.0,92.0,100.0,2.2.0,c8f1bf1665a8c5dfb834c0571e7dd5f6b6e5ccd00eab00295338bd42cfde549b
NVNO,enVVeno Medical Corporation - Common Stock,nasdaqtrader:Q:NVNO,SECURITY:NVNO:nasdaqtrader:Q:NVNO,,common_equity,eligible,Q,,,10.29,35.0,,167343.1500888889,1.7804154302670572,-5.596330275229366,-13.164556962025319,-74.87179487179488,70.6,66.17053827760493,277.0,full,usable,2026-08-21,rejected,38.43,100.0,,,47.0,30.0,0.0,100.0,2.2.0,c8f1bf1665a8c5dfb834c0571e7dd5f6b6e5ccd00eab00295338bd42cfde549b
NVO,Novo Nordisk A/S Common Stock,nasdaqtrader:N:NVO,SECURITY:NVO:nasdaqtrader:N:NVO,,common_equity,eligible,N,,,46.74,63.98,,572716076.9160317,-2.988792029887921,5.2939851317864495,-1.433994095318425,-13.922651933701646,26.945920600187556,41.71402808316085,277.0,full,usable,2026-08-21,conditional,86.0,100.0,,,61.0,92.0,100.0,100.0,2.2.0,c8f1bf1665a8c5dfb834c0571e7dd5f6b6e5ccd00eab00295338bd42cfde549b
NVR,"NVR, Inc. Common Stock",nasdaqtrader:N:NVR,SECURITY:NVR:nasdaqtrader:N:NVR,,common_equity,eligible,N,,,6358.51,8543.0,,206283971.2420635,3.3060818648842805,5.136353790673409,-16.121283275730157,-20.8349881784917,25.570525576495374,30.50718446168298,277.0,full,usable,2026-08-21,conditional,84.29,100.0,,,61.0,92.0,92.0,100.0,2.2.0,c8f1bf1665a8c5dfb834c0571e7dd5f6b6e5ccd00eab00295338bd42cfde549b
NVRI,Enviri Corporation Common Stock,nasdaqtrader:N:NVRI,SECURITY:NVRI:nasdaqtrader:N:NVRI,,common_equity,eligible,N,,,20.65,23.86,,22265785.623015873,-8.344429649356421,4.082661290322576,7.7766179540709635,99.7098646034816,13.453478625314341,47.0474867385718,277.0,full,usable,2026-08-21,conditional,84.0,100.0,,,95.0,82.0,62.0,100.0,2.2.0,c8f1bf1665a8c5dfb834c0571e7dd5f6b6e5ccd00eab00295338bd42cfde549b
NVS,Novartis AG Common Stock,nasdaqtrader:N:NVS,SECURITY:NVS:nasdaqtrader:N:NVS,,common_equity,eligible,N,,,158.86,168.62,,287691650.46682537,1.7420263865761676,4.678439641539289,-2.3421651195672077,24.840864440078605,5.788162732771907,24.850014425517124,277.0,full,usable,2026-08-21,conditional,68.86,100.0,,,87.0,28.0,92.0,100.0,2.2.0,c8f1bf1665a8c5dfb834c0571e7dd5f6b6e5ccd00eab00295338bd42cfde549b
NVST,Envista Holdings Corporation Common Stock,nasdaqtrader:N:NVST,SECURITY:NVST:nasdaqtrader:N:NVST,,common_equity,eligible,N,,,27.2,30.26,,75309562.17333333,3.935804356132966,15.107913669064743,-6.593406593406604,31.27413127413128,10.1123595505618,30.31646940404857,277.0,full,usable,2026-08-21,conditional,82.14,100.0,,,75.0,82.0,80.0,100.0,2.2.0,c8f1bf1665a8c5dfb834c0571e7dd5f6b6e5ccd00eab00295338bd42cfde549b
NVT,nVent Electric plc Ordinary Shares,nasdaqtrader:N:NVT,SECURITY:NVT:nasdaqtrader:N:NVT,,common_equity,eligible,N,,,151.98,184.34,,335856870.8522222,-4.282655246252687,-7.0856514030690265,30.041926927355167,72.62607905497498,17.554518823912346,55.4768225141968,277.0,full,usable,2026-08-21,conditional,87.57,100.0,,,85.0,82.0,92.0,100.0,2.2.0,c8f1bf1665a8c5dfb834c0571e7dd5f6b6e5ccd00eab00295338bd42cfde549b
NVTS,Navitas Semiconductor Corporation - Common Stock,nasdaqtrader:Q:NVTS,SECURITY:NVTS:nasdaqtrader:Q:NVTS,,common_equity,eligible,Q,,,12.97,31.79,,448890523.055,7.813798836242736,-46.80065627563577,64.59390862944163,107.52000000000001,59.20100660585089,102.998209008731,277.0,full,usable,2026-08-21,conditional,79.86,100.0,,,73.0,70.0,92.0,100.0,2.2.0,c8f1bf1665a8c5dfb834c0571e7dd5f6b6e5ccd00eab00295338bd42cfde549b
NWBI,"Northwest Bancshares, Inc. - Common Stock",nasdaqtrader:Q:NWBI,SECURITY:NWBI:nasdaqtrader:Q:NWBI,,common_equity,eligible,Q,,,15.42,16.01,,16778161.32888889,0.8502289077828795,10.37938439513242,18.706697459584287,27.54342431761787,3.6851967520299955,18.0490285839497,277.0,full,usable,2026-08-21,conditional,49.71,100.0,,,65.0,10.0,62.0,100.0,2.2.0,c8f1bf1665a8c5dfb834c0571e7dd5f6b6e5ccd00eab00295338bd42cfde549b
NWE,"NorthWestern Energy Group, Inc.  - Common Stock",nasdaqtrader:Q:NWE,SECURITY:NWE:nasdaqtrader:Q:NWE,,common_equity,eligible,Q,,,69.45,73.42,,33583452.21253969,-4.272915230875252,-3.259506895110742,0.754388510082693,20.782608695652183,5.407245982021247,19.430956419095182,277.0,full,usable,2026-08-21,conditional,66.29,100.0,,,87.0,28.0,80.0,100.0,2.2.0,c8f1bf1665a8c5dfb834c0571e7dd5f6b6e5ccd00eab00295338bd42cfde549b
NWFL,Norwood Financial Corp. - Common Stock,nasdaqtrader:Q:NWFL,SECURITY:NWFL:nasdaqtrader:Q:NWFL,,common_equity,eligible,Q,,,33.77,34.5,,1291464.8223015873,4.9083566324945815,12.304622547389442,9.376518218623486,34.48825169255279,2.1159420289854958,25.92430606960545,277.0,full,usable,2026-08-21,rejected,39.29,100.0,,,75.0,10.0,0.0,100.0,2.2.0,c8f1bf1665a8c5dfb834c0571e7dd5f6b6e5ccd00eab00295338bd42cfde549b
NWG,"NatWest Group plc American Depositary Shares, (each representing two (2) Ordinary Shares)",nasdaqtrader:N:NWG,SECURITY:NWG:nasdaqtrader:N:NWG,,adr,eligible,N,,,18.62,19.42,,76709693.07222222,4.255319148936176,17.922735908803045,10.504451038575668,23.474801061007966,4.11946446961895,29.987630361036132,277.0,full,usable,2026-08-21,conditional,56.43,100.0,,,75.0,10.0,80.0,100.0,2.2.0,c8f1bf1665a8c5dfb834c0571e7dd5f6b6e5ccd00eab00295338bd42cfde549b
NWL,Newell Brands Inc. - Common Stock,nasdaqtrader:Q:NWL,SECURITY:NWL:nasdaqtrader:Q:NWL,,common_equity,eligible,Q,,,6.09,6.39,,59501912.08412699,21.073558648111312,70.11173184357543,24.795081967213118,9.335727109515247,4.694835680751175,65.28326073853155,277.0,full,usable,2026-08-21,conditional,51.29,100.0,,,57.0,10.0,80.0,100.0,2.2.0,c8f1bf1665a8c5dfb834c0571e7dd5f6b6e5ccd00eab00295338bd42cfde549b
NWN,Northwest Natural Holding Company Common Stock,nasdaqtrader:N:NWN,SECURITY:NWN:nasdaqtrader:N:NWN,,common_equity,eligible,N,,,49.42,55.8,,13227347.342380954,-3.7210208455094373,-0.8028904054596553,-1.376970664538013,21.335624846550473,11.43369175627239,21.512018018848117,277.0,full,usable,2026-08-21,conditional,81.71,100.0,,,87.0,82.0,62.0,100.0,2.2.0,c8f1bf1665a8c5dfb834c0571e7dd5f6b6e5ccd00eab00295338bd42cfde549b
NWPX,"NWPX Infrastructure, Inc. - Common Stock",nasdaqtrader:Q:NWPX,SECURITY:NWPX:nasdaqtrader:Q:NWPX,,common_equity,eligible,Q,,,110.08,149.94,,25238989.843650796,-17.083458873154555,0.9722986607961781,47.244515783841614,115.54728803602896,26.583966920101375,34.89165273831743,277.0,full,usable,2026-08-21,conditional,88.57,100.0,,,85.0,92.0,80.0,100.0,2.2.0,c8f1bf1665a8c5dfb834c0571e7dd5f6b6e5ccd00eab00295338bd42cfde549b
NWS,News Corporation - Class B Common Stock,nasdaqtrader:Q:NWS,NAMECLASS:NEWS CORPORATION,,common_equity,eligible,Q,,,34.55,35.17,,45633891.37404762,16.13445378151259,14.86037234042552,30.131826741996214,0.9643483343074077,1.762866079044656,32.186365616010306,277.0,full,usable,2026-08-21,conditional,51.29,100.0,,,57.0,10.0,80.0,100.0,2.2.0,c8f1bf1665a8c5dfb834c0571e7dd5f6b6e5ccd00eab00295338bd42cfde549b
NWSA,News Corporation - Class A Common Stock,nasdaqtrader:Q:NWSA,NAMECLASS:NEWS CORPORATION,,common_equity,eligible,Q,,,30.38,31.03,,129000899.28626984,15.38169388530195,15.689261233815689,28.45665961945032,2.6004728132387633,2.094747019013865,30.583768239794228,277.0,full,usable,2026-08-21,conditional,53.86,100.0,,,57.0,10.0,92.0,100.0,2.2.0,c8f1bf1665a8c5dfb834c0571e7dd5f6b6e5ccd00eab00295338bd42cfde549b
NX,Quanex Building Products Corporation Common Stock,nasdaqtrader:N:NX,SECURITY:NX:nasdaqtrader:N:NX,,common_equity,eligible,N,,,20.28,22.55,,6810040.986507936,11.062431544359242,18.04423748544821,-10.066518847006645,-3.244274809160308,10.066518847006645,58.019664433608185,277.0,full,usable,2026-08-21,conditional,74.29,100.0,,,61.0,82.0,62.0,100.0,2.2.0,c8f1bf1665a8c5dfb834c0571e7dd5f6b6e5ccd00eab00295338bd42cfde549b
NXB,NextBoat Inc. Common Stcok,qrgf-resolution-required:A:NXB,SECURITY:NXB:qrgf-resolution-required:A:NXB,,common_equity,eligible,A,,,1.94,3.8,,90936.69162698412,-1.5228426395939132,-24.21875,-22.4,,48.94736842105263,50.30931253637144,193.0,limited_but_usable,usable,2026-08-21,rejected,65.07,100.0,,,59.0,95.0,0.0,100.0,2.2.0,c8f1bf1665a8c5dfb834c0571e7dd5f6b6e5ccd00eab00295338bd42cfde549b
NXDR,"Nextdoor Holdings, Inc. Class A Common Stock",nasdaqtrader:N:NXDR,NAMECLASS:NEXTDOOR HOLDINGS INC,,common_equity,eligible,N,,,2.39,2.77,,5851320.4830158735,7.657657657657646,18.31683168316831,43.11377245508983,25.78947368421054,13.718411552346566,43.962770141264684,277.0,full,usable,2026-08-21,conditional,75.43,100.0,,,65.0,82.0,62.0,100.0,2.2.0,c8f1bf1665a8c5dfb834c0571e7dd5f6b6e5ccd00eab00295338bd42cfde549b
NXDT,NexPoint Diversified Real Estate Trust Common Stock,nasdaqtrader:N:NXDT,SECURITY:NXDT:nasdaqtrader:N:NXDT,,common_equity,eligible,N,,,5.55,5.78,,905501.9982539683,2.398523985239853,10.77844311377245,18.58974358974359,48.0,3.979238754325265,69.50672754296842,277.0,full,usable,2026-08-21,rejected,36.43,100.0,,,65.0,10.0,0.0,100.0,2.2.0,c8f1bf1665a8c5dfb834c0571e7dd5f6b6e5ccd00eab00295338bd42cfde549b
NXE,Nexgen Energy Ltd. Common Shares,nasdaqtrader:N:NXE,SECURITY:NXE:nasdaqtrader:N:NXE,,common_equity,eligible,N,,,10.86,13.92,,56925822.55380952,15.901814300960515,3.1339031339031376,-12.277867528271413,68.11145510835912,21.98275862068966,50.583357003253916,277.0,full,usable,2026-08-21,conditional,91.43,100.0,,,95.0,92.0,80.0,100.0,2.2.0,c8f1bf1665a8c5dfb834c0571e7dd5f6b6e5ccd00eab00295338bd42cfde549b
NXH,"Neighborhood Intelligence, Inc.  - Common Stock",nasdaqtrader:Q:NXH,SECURITY:NXH:nasdaqtrader:Q:NXH,,common_equity,eligible,Q,,,4.15,4.28,,7131899.364,,,,,3.0373831775700855,,5.0,insufficient,usable,2026-08-21,recheck,,71.43,,,,10.0,62.0,64.0,2.2.0,c8f1bf1665a8c5dfb834c0571e7dd5f6b6e5ccd00eab00295338bd42cfde549b
NXP,Nuveen Select Tax Free Income Portfolio Common Stock,nasdaqtrader:N:NXP,SECURITY:NXP:nasdaqtrader:N:NXP,,common_equity,eligible,N,,,14.19,14.6,,1973780.5136507936,-0.4908835904628317,0.21186440677964935,-1.8672199170124526,1.7934002869440357,2.808219178082194,5.959701449366809,277.0,full,usable,2026-08-21,rejected,40.43,100.0,,,79.0,10.0,0.0,100.0,2.2.0,c8f1bf1665a8c5dfb834c0571e7dd5f6b6e5ccd00eab00295338bd42cfde549b
NXPI,NXP Semiconductors N.V. - Common Stock,nasdaqtrader:Q:NXPI,SECURITY:NXPI:nasdaqtrader:Q:NXPI,,common_equity,eligible,Q,,,225.56,332.67,,1157945997.2285714,-18.65555916188828,-24.6576257599038,-2.8888793214793207,-1.4031560082178651,32.19707217362552,44.488963208253516,277.0,full,usable,2026-08-21,conditional,89.43,100.0,,,73.0,92.0,100.0,100.0,2.2.0,c8f1bf1665a8c5dfb834c0571e7dd5f6b6e5ccd00eab00295338bd42cfde549b
NXPL,NextPlat Corp - Common Stock,nasdaqtrader:Q:NXPL,SECURITY:NXPL:nasdaqtrader:Q:NXPL,,common_equity,eligible,Q,,,9.15,9.8,,267469.1546047619,54.953429297205744,57.487091222031,75.25378280022986,31.63573586534312,6.632653061224492,80.22825344012864,277.0,full,usable,2026-08-21,rejected,42.86,100.0,,,65.0,28.0,0.0,100.0,2.2.0,c8f1bf1665a8c5dfb834c0571e7dd5f6b6e5ccd00eab00295338bd42cfde549b
NXRT,"NexPoint Residential Trust, Inc. Common Stock",nasdaqtrader:N:NXRT,SECURITY:NXRT:nasdaqtrader:N:NXRT,,common_equity,eligible,N,,,24.5,34.67,,7091451.678571428,-5.478395061728403,-16.977295831921392,-17.59165825765221,-23.794712286158624,29.333717911739253,30.575352751269335,277.0,full,usable,2026-08-21,conditional,81.29,100.0,,,73.0,92.0,62.0,100.0,2.2.0,c8f1bf1665a8c5dfb834c0571e7dd5f6b6e5ccd00eab00295338bd42cfde549b
NXST,"Nexstar Media Group, Inc. - Common Stock",nasdaqtrader:Q:NXST,SECURITY:NXST:nasdaqtrader:Q:NXST,,common_equity,eligible,Q,,,186.14,253.64,,70293637.45698413,2.7489512033561425,-1.7316017316017285,-19.57310750086416,-8.069932832872384,26.612521684276924,31.01177595137896,277.0,full,usable,2026-08-21,conditional,85.14,100.0,,,73.0,92.0,80.0,100.0,2.2.0,c8f1bf1665a8c5dfb834c0571e7dd5f6b6e5ccd00eab00295338bd42cfde549b
NXT,Nextpower Inc. - Class A Common Stock,nasdaqtrader:Q:NXT,NAMECLASS:NEXTPOWER INC,,common_equity,eligible,Q,,,86.18,156.4,,339077441.81666666,-17.523207962484435,-28.788629978515946,-27.786157197921902,30.319068501436576,44.89769820971867,72.1663751494254,277.0,full,usable,2026-08-21,conditional,92.79,100.0,,,87.0,95.0,92.0,100.0,2.2.0,c8f1bf1665a8c5dfb834c0571e7dd5f6b6e5ccd00eab00295338bd42cfde549b
NXTC,"NextCure, Inc. - Common Stock",nasdaqtrader:Q:NXTC,SECURITY:NXTC:nasdaqtrader:Q:NXTC,,common_equity,eligible,Q,,,6.29,14.27,,13799434.402222224,50.478468899521545,-38.33333333333333,-54.18790968681719,22.612085769980506,55.92151366503153,361.27530846721913,277.0,full,usable,2026-08-21,conditional,74.57,100.0,,,77.0,70.0,62.0,100.0,2.2.0,c8f1bf1665a8c5dfb834c0571e7dd5f6b6e5ccd00eab00295338bd42cfde549b
NXTS,Nexentis Technologies Inc. - Common Stock,nasdaqtrader:Q:NXTS,SECURITY:NXTS:nasdaqtrader:Q:NXTS,,common_equity,eligible,Q,,,1.77,56.84,,14420025.925317459,-7.329842931937169,-59.95475113122172,-72.81105990783409,-96.44149577804583,96.88599577762139,110.48743164845926,277.0,full,usable,2026-08-21,conditional,45.43,100.0,,,25.0,30.0,62.0,100.0,2.2.0,c8f1bf1665a8c5dfb834c0571e7dd5f6b6e5ccd00eab00295338bd42cfde549b
NXTT,Next Technology Holding Inc. - Ordinary Shares,nasdaqtrader:Q:NXTT,SECURITY:NXTT:nasdaqtrader:Q:NXTT,,common_equity,eligible,Q,,,7.66,24800.0,,1196415.1804761905,-89.3180867382513,-94.4087591240876,-97.55271565495207,-99.96698275862069,99.9691129032258,403.34916246268745,277.0,full,usable,2026-08-21,rejected,25.0,100.0,,,0.0,30.0,0.0,100.0,2.2.0,c8f1bf1665a8c5dfb834c0571e7dd5f6b6e5ccd00eab00295338bd42cfde549b
NYAX,Nayax Ltd. - Ordinary Shares,nasdaqtrader:Q:NYAX,SECURITY:NYAX:nasdaqtrader:Q:NYAX,,common_equity,eligible,Q,,,46.52,75.81,,1035149.6156968254,-31.477389895419062,-30.59823959421154,-16.600932233775545,0.5837837837837867,38.63606384382008,70.34643975556271,277.0,full,usable,2026-08-21,rejected,70.79,100.0,,,79.0,95.0,0.0,100.0,2.2.0,c8f1bf1665a8c5dfb834c0571e7dd5f6b6e5ccd00eab00295338bd42cfde549b
NYC,American Strategic Investment Co. Class A Common Stock,nasdaqtrader:N:NYC,NAMECLASS:AMERICAN STRATEGIC INVESTMENT CO,,common_equity,eligible,N,,,6.94,11.8,,398112.54357460316,-14.637146371463716,-23.73626373626373,-21.22587968217934,-41.78682570438779,41.186440677966104,59.28765754462025,277.0,full,usable,2026-08-21,rejected,67.36,100.0,,,67.0,95.0,0.0,100.0,2.2.0,c8f1bf1665a8c5dfb834c0571e7dd5f6b6e5ccd00eab00295338bd42cfde549b
NYT,New York Times Company (The) Common Stock,nasdaqtrader:N:NYT,SECURITY:NYT:nasdaqtrader:N:NYT,,common_equity,eligible,N,,,65.69,85.86,,135850126.13,-6.384494798346873,-11.540533261513609,-15.771252724708296,9.647805040894685,23.491730724435133,51.08598257955285,277.0,full,usable,2026-08-21,conditional,89.43,100.0,,,79.0,92.0,92.0,100.0,2.2.0,c8f1bf1665a8c5dfb834c0571e7dd5f6b6e5ccd00eab00295338bd42cfde549b
NYXH,Nyxoah SA - Ordinary Shares,nasdaqtrader:Q:NYXH,SECURITY:NYXH:nasdaqtrader:Q:NYXH,,common_equity,eligible,Q,,,1.6,6.52,,493402.8442857143,8.843537414965997,-44.250871080139376,-64.83516483516483,-74.7832939322301,75.4601226993865,58.24840281552365,277.0,full,usable,2026-08-21,rejected,35.57,100.0,,,37.0,30.0,0.0,100.0,2.2.0,c8f1bf1665a8c5dfb834c0571e7dd5f6b6e5ccd00eab00295338bd42cfde549b
O,Realty Income Corporation Common Stock,nasdaqtrader:N:O,SECURITY:O:nasdaqtrader:N:O,,common_equity,eligible,N,,,62.6,67.56,,368571085.3193651,-3.2756489493201424,0.5945685360758457,-5.352283035984273,4.507512520868118,7.341622261693315,16.552593944878097,277.0,full,usable,2026-08-21,conditional,66.57,100.0,,,79.0,28.0,92.0,100.0,2.2.0,c8f1bf1665a8c5dfb834c0571e7dd5f6b6e5ccd00eab00295338bd42cfde549b
OABI,"OmniAb, Inc. - Common Stock",nasdaqtrader:Q:OABI,SECURITY:OABI:nasdaqtrader:Q:OABI,,common_equity,eligible,Q,,,4.33,4.33,,3220964.100793651,112.25490196078431,69.80392156862747,154.70588235294122,136.61202185792348,0.0,110.76595591415095,277.0,full,usable,2026-08-21,conditional,48.36,100.0,,,73.0,10.0,45.0,100.0,2.2.0,c8f1bf1665a8c5dfb834c0571e7dd5f6b6e5ccd00eab00295338bd42cfde549b
OBDC,Blue Owl Capital Corporation Common Stock,nasdaqtrader:N:OBDC,SECURITY:OBDC:nasdaqtrader:N:OBDC,,common_equity,eligible,N,,,11.3,14.36,,42559353.78984127,5.6074766355140415,1.073345259391778,-1.482127288578905,-20.141342756183743,21.309192200557092,23.34694179931578,277.0,full,usable,2026-08-21,conditional,85.14,100.0,,,73.0,92.0,80.0,100.0,2.2.0,c8f1bf1665a8c5dfb834c0571e7dd5f6b6e5ccd00eab00295338bd42cfde549b
OBE,Obsidian Energy Ltd. Common Shares,nasdaqtrader:A:OBE,SECURITY:OBE:nasdaqtrader:A:OBE,,common_equity,eligible,A,,,11.95,14.46,,7810214.102698413,11.369990680335507,-3.0032467532467577,50.88383838383839,112.63345195729535,17.358229598893505,69.36876603969866,277.0,full,usable,2026-08-21,conditional,81.14,100.0,,,85.0,82.0,62.0,100.0,2.2.0,c8f1bf1665a8c5dfb834c0571e7dd5f6b6e5ccd00eab00295338bd42cfde549b
OBIO,"Orchestra BioMed Holdings, Inc. - Ordinary Shares",nasdaqtrader:Q:OBIO,SECURITY:OBIO:nasdaqtrader:Q:OBIO,,common_equity,eligible,Q,,,5.36,5.66,,1468549.194047619,47.25274725274726,30.731707317073198,36.73469387755104,120.57613168724282,5.300353356890453,65.88565549931683,277.0,full,usable,2026-08-21,rejected,45.14,100.0,,,73.0,28.0,0.0,100.0,2.2.0,c8f1bf1665a8c5dfb834c0571e7dd5f6b6e5ccd00eab00295338bd42cfde549b
OBK,"Origin Bancorp, Inc. Common Stock",nasdaqtrader:N:OBK,SECURITY:OBK:nasdaqtrader:N:OBK,,common_equity,eligible,N,,,52.89,55.21,,8302434.0203174595,0.6661591168633407,11.136793444000826,20.28655901751195,43.333333333333336,4.202137293968489,19.681168039650615,277.0,full,usable,2026-08-21,conditional,49.71,100.0,,,65.0,10.0,62.0,100.0,2.2.0,c8f1bf1665a8c5dfb834c0571e7dd5f6b6e5ccd00eab00295338bd42cfde549b
OBT,"Orange County Bancorp, Inc. - Common Stock",nasdaqtrader:Q:OBT,SECURITY:OBT:nasdaqtrader:Q:OBT,,common_equity,eligible,Q,,,37.99,39.19,,2588538.89952381,2.0139634801288997,11.768167107972927,8.542857142857141,51.11376292760541,3.0620056136769436,21.873938855291662,277.0,full,usable,2026-08-21,conditional,51.21,100.0,,,83.0,10.0,45.0,100.0,2.2.0,c8f1bf1665a8c5dfb834c0571e7dd5f6b6e5ccd00eab00295338bd42cfde549b
OBX,"Obsidian Therapeutics, Inc. - Common Stock",nasdaqtrader:Q:OBX,SECURITY:OBX:nasdaqtrader:Q:OBX,,common_equity,eligible,Q,,,19.9,35.0,,3226296.3589285715,,,,,43.14285714285715,,14.0,insufficient,usable,2026-08-21,recheck,,71.43,,,,95.0,45.0,64.0,2.2.0,c8f1bf1665a8c5dfb834c0571e7dd5f6b6e5ccd00eab00295338bd42cfde549b
OC,Owens Corning Inc Common Stock New,nasdaqtrader:N:OC,SECURITY:OC:nasdaqtrader:N:OC,,common_equity,eligible,N,,,148.06,158.96,,150910068.43619046,6.556315221302644,27.571945545407537,11.566573732198027,-0.3969054826774343,6.857070961248112,33.48908403225756,277.0,full,usable,2026-08-21,conditional,61.43,100.0,,,61.0,28.0,92.0,100.0,2.2.0,c8f1bf1665a8c5dfb834c0571e7dd5f6b6e5ccd00eab00295338bd42cfde549b
OCC,Optical Cable Corporation - Common Stock,nasdaqtrader:Q:OCC,SECURITY:OCC:nasdaqtrader:Q:OCC,,common_equity,eligible,Q,,,13.85,26.92,,13723249.675079364,-12.17501585288523,27.76752767527675,135.94548551959113,163.30798479087454,48.55126300148589,105.6068269850341,277.0,full,usable,2026-08-21,conditional,82.36,100.0,,,73.0,95.0,62.0,100.0,2.2.0,c8f1bf1665a8c5dfb834c0571e7dd5f6b6e5ccd00eab00295338bd42cfde549b
OCFC,OceanFirst Financial Corp. - Common Stock,nasdaqtrader:Q:OCFC,SECURITY:OCFC:nasdaqtrader:Q:OCFC,,common_equity,eligible,Q,,,19.06,20.4,,20020746.38777778,-2.1560574948665368,1.382978723404249,-1.4477766287487093,9.982688978649733,6.568627450980391,21.286789834565987,277.0,full,usable,2026-08-21,conditional,60.14,100.0,,,79.0,28.0,62.0,100.0,2.2.0,c8f1bf1665a8c5dfb834c0571e7dd5f6b6e5ccd00eab00295338bd42cfde549b
OCG,Oriental Culture Holding LTD - Ordinary Shares,nasdaqtrader:Q:OCG,SECURITY:OCG:nasdaqtrader:Q:OCG,,common_equity,eligible,Q,,,1.85,6778.2,,597838.5458730159,14.906832298136653,4.519774011299438,-18.966272448532628,-99.90928704520937,99.97270661827625,62.50101319326345,277.0,full,usable,2026-08-21,rejected,38.43,100.0,,,47.0,30.0,0.0,100.0,2.2.0,c8f1bf1665a8c5dfb834c0571e7dd5f6b6e5ccd00eab00295338bd42cfde549b
OCGN,"Ocugen, Inc. - Common Stock",nasdaqtrader:Q:OCGN,SECURITY:OCGN:nasdaqtrader:Q:OCGN,,common_equity,eligible,Q,,,1.39,2.48,,8806399.068968255,9.448818897637778,2.962962962962945,-13.125000000000009,37.623762376237615,43.951612903225815,58.20025031658771,277.0,full,usable,2026-08-21,conditional,86.36,100.0,,,87.0,95.0,62.0,100.0,2.2.0,c8f1bf1665a8c5dfb834c0571e7dd5f6b6e5ccd00eab00295338bd42cfde549b
OCS,Oculis Holding AG - Ordinary shares,nasdaqtrader:Q:OCS,SECURITY:OCS:nasdaqtrader:Q:OCS,,common_equity,eligible,Q,,,13.085,32.65,,8846026.080873016,14.379370629370648,-57.79032258064516,-55.142269454919436,-25.441595441595442,59.92343032159264,38.545771660484746,277.0,full,usable,2026-08-21,conditional,65.43,100.0,,,45.0,70.0,62.0,100.0,2.2.0,c8f1bf1665a8c5dfb834c0571e7dd5f6b6e5ccd00eab00295338bd42cfde549b
OCTV,Octave Intelligence plc - Class B Ordinary Shares,nasdaqtrader:Q:OCTV,NAMECLASS:OCTAVE INTELLIGENCE PLC,,common_equity,eligible,Q,,,18.14,25.11,,30421414.18492063,17.032258064516135,-17.395264116575593,,,27.757865392273995,38.72458852038477,64.0,insufficient,usable,2026-08-21,recheck,,71.43,,,,92.0,80.0,88.0,2.2.0,c8f1bf1665a8c5dfb834c0571e7dd5f6b6e5ccd00eab00295338bd42cfde549b
OCUL,"Ocular Therapeutix, Inc. - Common Stock",nasdaqtrader:Q:OCUL,SECURITY:OCUL:nasdaqtrader:Q:OCUL,,common_equity,eligible,Q,,,11.08,16.11,,25875142.863809526,28.538283062645032,34.79318734793186,42.41645244215937,-7.357859531772581,31.222842954686524,56.421704612944254,277.0,full,usable,2026-08-21,conditional,78.86,100.0,,,51.0,92.0,80.0,100.0,2.2.0,c8f1bf1665a8c5dfb834c0571e7dd5f6b6e5ccd00eab00295338bd42cfde549b
ODC,Oil-Dri Corporation Of America Common Stock,nasdaqtrader:N:ODC,SECURITY:ODC:nasdaqtrader:N:ODC,,common_equity,eligible,N,,,89.94,106.44,,12032599.73095238,-6.710922103516237,19.553369666356502,41.215261422515304,52.492370295015256,15.501691093573843,35.53798699521412,277.0,full,usable,2026-08-21,conditional,77.71,100.0,,,73.0,82.0,62.0,100.0,2.2.0,c8f1bf1665a8c5dfb834c0571e7dd5f6b6e5ccd00eab00295338bd42cfde549b
ODD,ODDITY Tech Ltd. - Class A Ordinary Shares,nasdaqtrader:Q:ODD,NAMECLASS:ODDITY TECH LTD,,common_equity,eligible,Q,,,13.22,63.68,,17826836.67174603,-14.874436574372174,6.69895076674738,-58.6875,-77.90775401069519,79.23994974874373,85.97106456118073,277.0,full,usable,2026-08-21,conditional,45.43,100.0,,,25.0,30.0,62.0,100.0,2.2.0,c8f1bf1665a8c5dfb834c0571e7dd5f6b6e5ccd00eab00295338bd42cfde549b
ODFL,"Old Dominion Freight Line, Inc. - Common Stock",nasdaqtrader:Q:ODFL,SECURITY:ODFL:nasdaqtrader:Q:ODFL,,common_equity,eligible,Q,,,206.47,248.73,,403644165.45349205,-10.506696718824504,-0.5874139342288975,2.5224688415512286,37.42678381256654,16.99031077875608,32.35700992917598,277.0,full,usable,2026-08-21,conditional,88.14,100.0,,,87.0,82.0,92.0,100.0,2.2.0,c8f1bf1665a8c5dfb834c0571e7dd5f6b6e5ccd00eab00295338bd42cfde549b
ODTX,"Odyssey Therapeutics, Inc. - Common Stock",nasdaqtrader:Q:ODTX,SECURITY:ODTX:nasdaqtrader:Q:ODTX,,common_equity,eligible,Q,,,26.39,26.39,,5089869.903015872,49.34917940011319,48.7598647125141,,,0.0,68.59397039768868,73.0,insufficient,usable,2026-08-21,recheck,,71.43,,,,10.0,62.0,88.0,2.2.0,c8f1bf1665a8c5dfb834c0571e7dd5f6b6e5ccd00eab00295338bd42cfde549b
ODYS,Odysight.ai Inc. - Common Stock,nasdaqtrader:Q:ODYS,SECURITY:ODYS:nasdaqtrader:Q:ODYS,,common_equity,eligible,Q,,,3.4,7.3,,155203.5084920635,-27.038626609442062,-33.85214007782101,-33.46379647749511,-12.82051282051282,53.42465753424658,53.78336183921674,277.0,full,usable,2026-08-21,rejected,60.14,100.0,,,73.0,70.0,0.0,100.0,2.2.0,c8f1bf1665a8c5dfb834c0571e7dd5f6b6e5ccd00eab00295338bd42cfde549b
OEC,Orion S.A. Common Shares,nasdaqtrader:N:OEC,SECURITY:OEC:nasdaqtrader:N:OEC,,common_equity,eligible,N,,,6.12,10.79,,3930142.3115873015,-10.787172011661806,-9.467455621301768,0.6578947368421018,-40.52478134110786,43.280815569972184,72.28646541175802,277.0,full,usable,2026-08-21,conditional,77.0,100.0,,,67.0,95.0,45.0,100.0,2.2.0,c8f1bf1665a8c5dfb834c0571e7dd5f6b6e5ccd00eab00295338bd42cfde549b
OESX,"Orion Energy Systems, Inc. - Common Stock",nasdaqtrader:Q:OESX,SECURITY:OESX:nasdaqtrader:Q:OESX,,common_equity,eligible,Q,,,19.83,20.59,,928767.6761111111,89.57934990439766,118.63285556780592,63.884297520661136,229.62101063829783,3.691112190383694,140.2187250125828,277.0,full,usable,2026-08-21,rejected,38.71,100.0,,,73.0,10.0,0.0,100.0,2.2.0,c8f1bf1665a8c5dfb834c0571e7dd5f6b6e5ccd00eab00295338bd42cfde549b
OFG,OFG Bancorp Common Stock,nasdaqtrader:N:OFG,SECURITY:OFG:nasdaqtrader:N:OFG,,common_equity,eligible,N,,,52.23,53.95,,16907156.049523808,-0.3814609956132031,15.553097345132727,22.433192686357238,21.578212290502783,3.188137164040794,23.675525475426422,277.0,full,usable,2026-08-21,conditional,49.71,100.0,,,65.0,10.0,62.0,100.0,2.2.0,c8f1bf1665a8c5dfb834c0571e7dd5f6b6e5ccd00eab00295338bd42cfde549b
OFIX,Orthofix Medical Inc.  - Common Stock,nasdaqtrader:Q:OFIX,SECURITY:OFIX:nasdaqtrader:Q:OFIX,,common_equity,eligible,Q,,,10.01,16.23,,4320600.002063492,-8.66788321167884,-3.842459173871282,-27.82984859408796,-31.108052305574674,38.32409118915589,66.2248374097798,277.0,full,usable,2026-08-21,conditional,77.0,100.0,,,67.0,95.0,45.0,100.0,2.2.0,c8f1bf1665a8c5dfb834c0571e7dd5f6b6e5ccd00eab00295338bd42cfde549b
OFLX,"Omega Flex, Inc. - Common Stock",nasdaqtrader:Q:OFLX,SECURITY:OFLX:nasdaqtrader:Q:OFLX,,common_equity,eligible,Q,,,27.36,37.55,,1360240.4515079365,-7.096774193548383,-4.635761589403975,-27.137150466045266,-18.352730528200535,27.137150466045266,33.51008662372609,277.0,full,usable,2026-08-21,rejected,68.0,100.0,,,73.0,92.0,0.0,100.0,2.2.0,c8f1bf1665a8c5dfb834c0571e7dd5f6b6e5ccd00eab00295338bd42cfde549b
OFRM,"Once Upon a Farm, PBC Common Stock",nasdaqtrader:N:OFRM,SECURITY:OFRM:nasdaqtrader:N:OFRM,,common_equity,eligible,N,,,17.34,25.92,,9386491.631904762,14.379947229551448,10.516252390057357,-28.019925280199253,,33.10185185185186,62.56185929643395,136.0,limited_but_usable,usable,2026-08-21,conditional,73.86,100.0,,,47.0,92.0,62.0,100.0,2.2.0,c8f1bf1665a8c5dfb834c0571e7dd5f6b6e5ccd00eab00295338bd42cfde549b
OGC,OceanaGold Corporation Common Shares,nasdaqtrader:N:OGC,SECURITY:OGC:nasdaqtrader:N:OGC,,common_equity,eligible,N,,,31.01,34.42,,11696541.082380952,31.733220050977074,5.54799183117769,,,9.90703079604881,57.24764059624066,96.0,insufficient,usable,2026-08-21,recheck,,71.43,,,,82.0,62.0,88.0,2.2.0,c8f1bf1665a8c5dfb834c0571e7dd5f6b6e5ccd00eab00295338bd42cfde549b
OGE,OGE Energy Corp Common Stock,nasdaqtrader:N:OGE,SECURITY:OGE:nasdaqtrader:N:OGE,,common_equity,eligible,N,,,45.62,49.95,,66095344.63269842,-8.04273331989519,-5.155925155925168,-3.653643083421343,0.7731389441130831,8.668668668668678,17.913287209838465,277.0,full,usable,2026-08-21,conditional,83.29,100.0,,,79.0,82.0,80.0,100.0,2.2.0,c8f1bf1665a8c5dfb834c0571e7dd5f6b6e5ccd00eab00295338bd42cfde549b
OGEN,Oragenics Inc. Common Stock,nasdaqtrader:A:OGEN,SECURITY:OGEN:nasdaqtrader:A:OGEN,,common_equity,eligible,A,,,0.525,1.42,,21906.437222222223,3.939813898237987,-11.016949152542367,-23.824724318049917,-51.388888888888886,63.0281690140845,33.871918810826266,277.0,full,usable,2026-08-21,rejected,58.43,100.0,,,67.0,70.0,0.0,100.0,2.2.0,c8f1bf1665a8c5dfb834c0571e7dd5f6b6e5ccd00eab00295338bd42cfde549b
OGG,Osisko Gold Group Inc. Common Shares,nasdaqtrader:N:OGG,SECURITY:OGG:nasdaqtrader:N:OGG,,common_equity,eligible,N,,,3.07,4.78,,5977569.421587301,34.64912280701755,12.454212454212454,-17.914438502673804,27.916666666666657,35.77405857740587,73.25217906130558,277.0,full,usable,2026-08-21,conditional,82.93,100.0,,,75.0,95.0,62.0,100.0,2.2.0,c8f1bf1665a8c5dfb834c0571e7dd5f6b6e5ccd00eab00295338bd42cfde549b
OGI,Organigram Global Inc. - Common Shares,nasdaqtrader:Q:OGI,SECURITY:OGI:nasdaqtrader:Q:OGI,,common_equity,eligible,Q,,,1.25,2.11,,1008242.8090571429,35.9286646367986,10.619469026548689,-13.194444444444443,-16.666666666666664,40.758293838862556,64.59905433079534,277.0,full,usable,2026-08-21,rejected,65.64,100.0,,,61.0,95.0,0.0,100.0,2.2.0,c8f1bf1665a8c5dfb834c0571e7dd5f6b6e5ccd00eab00295338bd42cfde549b
OGN,Organon & Co. Common Stock,nasdaqtrader:N:OGN,SECURITY:OGN:nasdaqtrader:N:OGN,,common_equity,eligible,N,,,13.75,13.75,,35300920.35111111,1.4011799410029502,2.4590163934426146,69.75308641975309,46.74493062966918,0.0,2.8370958435312947,277.0,full,usable,2026-08-21,conditional,57.0,100.0,,,77.0,10.0,80.0,100.0,2.2.0,c8f1bf1665a8c5dfb834c0571e7dd5f6b6e5ccd00eab00295338bd42cfde549b
OGS,"ONE Gas, Inc. Common Stock",nasdaqtrader:N:OGS,SECURITY:OGS:nasdaqtrader:N:OGS,,common_equity,eligible,N,,,78.83,90.64,,50098845.197460316,-1.4378594648662202,-4.274438372799027,-7.822731524789517,4.98068983886002,13.029567519858787,21.648507457823772,277.0,full,usable,2026-08-21,conditional,83.29,100.0,,,79.0,82.0,80.0,100.0,2.2.0,c8f1bf1665a8c5dfb834c0571e7dd5f6b6e5ccd00eab00295338bd42cfde549b
OHI,"Omega Healthcare Investors, Inc. Common Stock",nasdaqtrader:N:OHI,SECURITY:OHI:nasdaqtrader:N:OHI,,common_equity,eligible,N,,,46.61,51.72,,101896375.02920635,-8.554051402785955,-3.4189805221715663,0.0858922052823674,11.400573613766717,9.880123743232794,23.545264554978555,277.0,full,usable,2026-08-21,conditional,85.86,100.0,,,79.0,82.0,92.0,100.0,2.2.0,c8f1bf1665a8c5dfb834c0571e7dd5f6b6e5ccd00eab00295338bd42cfde549b
OI,"O-I Glass, Inc. Common Stock",nasdaqtrader:N:OI,SECURITY:OI:nasdaqtrader:N:OI,,common_equity,eligible,N,,,7.18,16.63,,28069864.09126984,-19.686800894854585,-20.310765815760266,-53.31599479843953,-44.513137557959816,56.82501503307276,86.42008641737708,277.0,full,usable,2026-08-21,conditional,72.71,100.0,,,57.0,70.0,80.0,100.0,2.2.0,c8f1bf1665a8c5dfb834c0571e7dd5f6b6e5ccd00eab00295338bd42cfde549b
OIA,Invesco Municipal Income Opportunities Trust Common Stock,nasdaqtrader:N:OIA,SECURITY:OIA:nasdaqtrader:N:OIA,,common_equity,eligible,N,,,5.99,6.4,,762767.2794444443,-2.917341977309562,-0.33277870216305017,-4.663377367499599,8.122743682310475,6.406250000000002,10.237073780351858,277.0,full,usable,2026-08-21,rejected,46.86,100.0,,,79.0,28.0,0.0,100.0,2.2.0,c8f1bf1665a8c5dfb834c0571e7dd5f6b6e5ccd00eab00295338bd42cfde549b
OII,"Oceaneering International, Inc. Common Stock",nasdaqtrader:N:OII,SECURITY:OII:nasdaqtrader:N:OII,,common_equity,eligible,N,,,53.0,54.11,,47804621.2504762,10.370678883798412,37.73388773388775,52.34262719172176,135.13753327417925,2.0513768249861397,54.524462071315824,277.0,full,usable,2026-08-21,conditional,55.86,100.0,,,73.0,10.0,80.0,100.0,2.2.0,c8f1bf1665a8c5dfb834c0571e7dd5f6b6e5ccd00eab00295338bd42cfde549b
OIO,OIO Group - Ordinary Shares,nasdaqtrader:Q:OIO,SECURITY:OIO:nasdaqtrader:Q:OIO,,common_equity,eligible,Q,,,1.94,12.96,,162496.62547619047,-6.730769230769241,3.743315508021383,-79.47089947089947,-76.03458925262507,85.03086419753086,88.38859822602537,277.0,full,usable,2026-08-21,rejected,31.29,100.0,,,22.0,30.0,0.0,100.0,2.2.0,c8f1bf1665a8c5dfb834c0571e7dd5f6b6e5ccd00eab00295338bd42cfde549b
OIS,"Oil States International, Inc. Common Stock",nasdaqtrader:N:OIS,SECURITY:OIS:nasdaqtrader:N:OIS,,common_equity,eligible,N,,,8.65,14.39,,5933904.555555556,-0.3456221198156584,-2.5900900900900914,-30.965682362330405,71.62698412698414,39.888811674774146,45.16899391213373,277.0,full,usable,2026-08-21,conditional,88.64,100.0,,,95.0,95.0,62.0,100.0,2.2.0,c8f1bf1665a8c5dfb834c0571e7dd5f6b6e5ccd00eab00295338bd42cfde549b
OKE,"ONEOK, Inc. Common Stock",nasdaqtrader:N:OKE,SECURITY:OKE:nasdaqtrader:N:OKE,,common_equity,eligible,N,,,93.33,97.07,,335972606.0012698,0.10726161106939802,0.7665730943640536,6.870491240123666,26.66938110749184,3.8528896672504365,28.15616366757479,277.0,full,usable,2026-08-21,conditional,62.43,100.0,,,87.0,10.0,92.0,100.0,2.2.0,c8f1bf1665a8c5dfb834c0571e7dd5f6b6e5ccd00eab00295338bd42cfde549b
OKLO,Oklo Inc. Class A common stock,nasdaqtrader:N:OKLO,NAMECLASS:OKLO INC,,common_equity,eligible,N,,,42.09,174.14,,573704111.2384126,-4.340909090909085,-35.33568904593639,-34.05921980260065,-36.773321315908056,75.82979212128173,90.92290582904424,277.0,full,usable,2026-08-21,conditional,65.57,100.0,,,67.0,30.0,100.0,100.0,2.2.0,c8f1bf1665a8c5dfb834c0571e7dd5f6b6e5ccd00eab00295338bd42cfde549b
OKTA,"Okta, Inc. - Class A Common Stock",nasdaqtrader:Q:OKTA,NAMECLASS:OKTA INC,,common_equity,eligible,Q,,,135.14,154.95,,472068931.9760318,-0.7053637031594451,51.09570661896241,81.90873603445952,48.456552784796216,12.784769280413045,50.75498983873879,277.0,full,usable,2026-08-21,conditional,81.86,100.0,,,65.0,82.0,92.0,100.0,2.2.0,c8f1bf1665a8c5dfb834c0571e7dd5f6b6e5ccd00eab00295338bd42cfde549b
OKUR,"OnKure Therapeutics, Inc. - Class A Common Stock",nasdaqtrader:Q:OKUR,NAMECLASS:ONKURE THERAPEUTICS INC,,common_equity,eligible,Q,,,3.94,5.27,,1255810.6826984128,-6.635071090047385,-3.194103194103204,51.53846153846153,44.32234432234432,25.237191650853884,40.798470017813045,277.0,full,usable,2026-08-21,rejected,69.14,100.0,,,77.0,92.0,0.0,100.0,2.2.0,c8f1bf1665a8c5dfb834c0571e7dd5f6b6e5ccd00eab00295338bd42cfde549b
OKYO,OKYO Pharma Limited - Ordinary Shares,nasdaqtrader:Q:OKYO,SECURITY:OKYO:nasdaqtrader:Q:OKYO,,common_equity,eligible,Q,,,1.54,3.11,,156847.2785714286,4.054054054054057,-8.333333333333325,-9.411764705882353,-37.39837398373983,50.482315112540185,59.02168467924254,277.0,full,usable,2026-08-21,rejected,58.43,100.0,,,67.0,70.0,0.0,100.0,2.2.0,c8f1bf1665a8c5dfb834c0571e7dd5f6b6e5ccd00eab00295338bd42cfde549b
OLED,Universal Display Corporation - Common Stock,nasdaqtrader:Q:OLED,SECURITY:OLED:nasdaqtrader:Q:OLED,,common_equity,eligible,Q,,,85.84,151.38,,63758641.592380956,8.083606144547971,-6.257507917440197,-17.517055827808193,-38.81245990448357,43.29501915708812,38.6886464619713,277.0,full,usable,2026-08-21,conditional,84.5,100.0,,,67.0,95.0,80.0,100.0,2.2.0,c8f1bf1665a8c5dfb834c0571e7dd5f6b6e5ccd00eab00295338bd42cfde549b
OLLI,"Ollie's Bargain Outlet Holdings, Inc. - Common Stock",nasdaqtrader:Q:OLLI,SECURITY:OLLI:nasdaqtrader:Q:OLLI,,common_equity,eligible,Q,,,76.07,138.31,,149455371.60968253,16.600245248313918,-8.42662814493801,-30.02483672155276,-43.60172004744959,45.00036150676018,36.27829096031589,277.0,full,usable,2026-08-21,conditional,87.07,100.0,,,67.0,95.0,92.0,100.0,2.2.0,c8f1bf1665a8c5dfb834c0571e7dd5f6b6e5ccd00eab00295338bd42cfde549b
OLMA,"Olema Pharmaceuticals, Inc. - Common Stock",nasdaqtrader:Q:OLMA,SECURITY:OLMA:nasdaqtrader:Q:OLMA,,common_equity,eligible,Q,,,10.69,35.83,,16034167.135396825,-8.943781942078367,-23.968705547652924,-55.606312292358794,96.14678899082567,70.16466648060285,59.46358080225886,277.0,full,usable,2026-08-21,conditional,62.57,100.0,,,85.0,30.0,62.0,100.0,2.2.0,c8f1bf1665a8c5dfb834c0571e7dd5f6b6e5ccd00eab00295338bd42cfde549b
OLN,Olin Corporation Common Stock,nasdaqtrader:N:OLN,SECURITY:OLN:nasdaqtrader:N:OLN,,common_equity,eligible,N,,,18.4,30.14,,66366319.38809524,-22.165820642978005,-29.28516525749424,-24.40427280197207,-13.533834586466176,38.9515593895156,63.773453912602754,277.0,full,usable,2026-08-21,conditional,86.21,100.0,,,73.0,95.0,80.0,100.0,2.2.0,c8f1bf1665a8c5dfb834c0571e7dd5f6b6e5ccd00eab00295338bd42cfde549b
OLOX,Olenox Industries Inc. - Common Stock,nasdaqtrader:Q:OLOX,SECURITY:OLOX:nasdaqtrader:Q:OLOX,,common_equity,eligible,Q,,,2.09,123.14,,4764640.886714285,-62.000000000000014,-57.947686116700204,-76.2796504369538,-98.4902116593224,98.30274484326782,119.10268158811577,277.0,full,usable,2026-08-21,conditional,37.5,100.0,,,10.0,30.0,45.0,100.0,2.2.0,c8f1bf1665a8c5dfb834c0571e7dd5f6b6e5ccd00eab00295338bd42cfde549b
OLP,"One Liberty Properties, Inc. Common Stock",nasdaqtrader:N:OLP,SECURITY:OLP:nasdaqtrader:N:OLP,,common_equity,eligible,N,,,24.17,25.44,,1996609.3052380953,-2.814636107760349,3.378956372968367,3.733905579399144,5.453752181500882,4.9921383647798745,24.035299799241663,277.0,full,usable,2026-08-21,rejected,40.43,100.0,,,79.0,10.0,0.0,100.0,2.2.0,c8f1bf1665a8c5dfb834c0571e7dd5f6b6e5ccd00eab00295338bd42cfde549b
OM,"Outset Medical, Inc. - Common Stock",nasdaqtrader:Q:OM,SECURITY:OM:nasdaqtrader:Q:OM,,common_equity,eligible,Q,,,4.21,15.81,,963295.1067460318,-0.47281323877069736,-1.1737089201877882,19.263456090651566,-68.44077961019491,73.37128399746994,69.72245797255819,277.0,full,usable,2026-08-21,rejected,41.29,100.0,,,57.0,30.0,0.0,100.0,2.2.0,c8f1bf1665a8c5dfb834c0571e7dd5f6b6e5ccd00eab00295338bd42cfde549b
OMAB,Grupo Aeroportuario del Centro Norte S.A.B. de C.V. - American Depositary Shares each representing 8 Series B shares,nasdaqtrader:Q:OMAB,SECURITY:OMAB:nasdaqtrader:Q:OMAB,,adr,eligible,Q,,,102.87,134.98,,8862976.651746033,-1.2195121951219523,-1.7009077878643142,-23.78870943843532,-4.6882238487908845,23.78870943843532,26.22808717293681,277.0,full,usable,2026-08-21,conditional,81.29,100.0,,,73.0,92.0,62.0,100.0,2.2.0,c8f1bf1665a8c5dfb834c0571e7dd5f6b6e5ccd00eab00295338bd42cfde549b
OMC,Omnicom Group Inc. Common Stock,nasdaqtrader:N:OMC,SECURITY:OMC:nasdaqtrader:N:OMC,,common_equity,eligible,N,,,87.54,88.36,,283632368.8968254,12.374839537869065,18.666124440829623,5.140523660821517,12.649594646763628,0.9280217292892634,37.700044579688566,277.0,full,usable,2026-08-21,conditional,56.71,100.0,,,67.0,10.0,92.0,100.0,2.2.0,c8f1bf1665a8c5dfb834c0571e7dd5f6b6e5ccd00eab00295338bd42cfde549b
OMCL,"Omnicell, Inc. - Common Stock",nasdaqtrader:Q:OMCL,SECURITY:OMCL:nasdaqtrader:Q:OMCL,,common_equity,eligible,Q,,,35.58,51.39,,29755221.450793654,-10.737581535373808,-18.692870201096888,-11.624441132637852,12.062992125984252,30.764740221833044,54.57441509422851,277.0,full,usable,2026-08-21,conditional,86.86,100.0,,,79.0,92.0,80.0,100.0,2.2.0,c8f1bf1665a8c5dfb834c0571e7dd5f6b6e5ccd00eab00295338bd42cfde549b
OMDA,"Omada Health, Inc. - Common Stock",nasdaqtrader:Q:OMDA,SECURITY:OMDA:nasdaqtrader:Q:OMDA,,common_equity,eligible,Q,,,23.89,26.78,,26950342.2515873,12.68867924528303,45.316301703163006,105.59380378657491,10.961449140733848,10.7916355489171,70.40988509403977,277.0,full,usable,2026-08-21,conditional,77.0,100.0,,,57.0,82.0,80.0,100.0,2.2.0,c8f1bf1665a8c5dfb834c0571e7dd5f6b6e5ccd00eab00295338bd42cfde549b
OMER,Omeros Corporation - Common Stock,nasdaqtrader:Q:OMER,SECURITY:OMER:nasdaqtrader:Q:OMER,,common_equity,eligible,Q,,,19.27,19.27,,25620745.34984127,87.45136186770428,61.120401337792615,60.04983388704319,359.90453460620523,0.0,95.0339539519918,277.0,full,usable,2026-08-21,conditional,55.86,100.0,,,73.0,10.0,80.0,100.0,2.2.0,c8f1bf1665a8c5dfb834c0571e7dd5f6b6e5ccd00eab00295338bd42cfde549b
OMF,"OneMain Holdings, Inc. Common Stock",nasdaqtrader:N:OMF,SECURITY:OMF:nasdaqtrader:N:OMF,,common_equity,eligible,N,,,63.19,71.37,,62891962.20777778,7.502551888397413,17.562790697674412,10.510668065757244,8.798209366391173,11.461398346644259,24.890696087473575,277.0,full,usable,2026-08-21,conditional,79.86,100.0,,,67.0,82.0,80.0,100.0,2.2.0,c8f1bf1665a8c5dfb834c0571e7dd5f6b6e5ccd00eab00295338bd42cfde549b
OMSE,OMS Energy Technologies Inc. - Ordinary Shares,nasdaqtrader:Q:OMSE,SECURITY:OMSE:nasdaqtrader:Q:OMSE,,common_equity,eligible,Q,,,4.48,6.78,,89784.98327460318,3.8238702201622177,-4.680851063829783,-0.4444444444444362,-33.53115727002967,33.92330383480826,31.961239720800076,277.0,full,usable,2026-08-21,rejected,66.29,100.0,,,67.0,92.0,0.0,100.0,2.2.0,c8f1bf1665a8c5dfb834c0571e7dd5f6b6e5ccd00eab00295338bd42cfde549b
ON,ON Semiconductor Corporation - Common Stock,nasdaqtrader:Q:ON,SECURITY:ON:nasdaqtrader:Q:ON,,common_equity,eligible,Q,,,74.21,133.93,,1159385654.0182538,-17.6633751248197,-32.29632332816349,7.379539863984941,50.01010713563776,44.59045770178452,53.55717290508145,277.0,full,usable,2026-08-21,conditional,96.79,100.0,,,95.0,95.0,100.0,100.0,2.2.0,c8f1bf1665a8c5dfb834c0571e7dd5f6b6e5ccd00eab00295338bd42cfde549b
ONB,Old National Bancorp - Common Stock,nasdaqtrader:Q:ONB,SECURITY:ONB:nasdaqtrader:Q:ONB,,common_equity,eligible,Q,,,25.81,27.29,,106400259.4854762,-1.1489850631941856,8.354324097397136,2.420634920634912,19.159741458910418,5.423231953096375,19.74183688618522,277.0,full,usable,2026-08-21,conditional,65.43,100.0,,,75.0,28.0,92.0,100.0,2.2.0,c8f1bf1665a8c5dfb834c0571e7dd5f6b6e5ccd00eab00295338bd42cfde549b
ONC,BeOne Medicines Ltd. - American Depositary Shares,nasdaqtrader:Q:ONC,SECURITY:ONC:nasdaqtrader:Q:ONC,,adr,eligible,Q,,,374.47,377.47,,110580644.21690476,14.597423264069542,20.94502939086622,3.4047605898271494,21.05841657776486,0.7947651468990902,30.311293999156845,277.0,full,usable,2026-08-21,conditional,59.0,100.0,,,75.0,10.0,92.0,100.0,2.2.0,c8f1bf1665a8c5dfb834c0571e7dd5f6b6e5ccd00eab00295338bd42cfde549b
ONCO,"Onconetix, Inc.  - Common Stock",nasdaqtrader:Q:ONCO,SECURITY:ONCO:nasdaqtrader:Q:ONCO,,common_equity,eligible,Q,,,0.6505,206.0,,623608.8496650794,-17.616514690982775,-46.68032786885246,-98.28364116094987,-99.52344322344322,99.68422330097087,135.76137347677943,277.0,full,usable,2026-08-21,rejected,27.86,100.0,,,10.0,30.0,0.0,100.0,2.2.0,c8f1bf1665a8c5dfb834c0571e7dd5f6b6e5ccd00eab00295338bd42cfde549b
ONDS,Ondas Inc - Common Stock,nasdaqtrader:Q:ONDS,SECURITY:ONDS:nasdaqtrader:Q:ONDS,,common_equity,eligible,Q,,,8.71,14.01,,776478962.1976985,9.836065573770503,-5.119825708060988,-13.160518444665993,141.27423822714684,37.83012134189864,91.19592648475225,277.0,full,usable,2026-08-21,conditional,96.79,100.0,,,95.0,95.0,100.0,100.0,2.2.0,c8f1bf1665a8c5dfb834c0571e7dd5f6b6e5ccd00eab00295338bd42cfde549b
ONEG,OneConstruction Group Limited - Ordinary Shares,nasdaqtrader:Q:ONEG,SECURITY:ONEG:nasdaqtrader:Q:ONEG,,common_equity,eligible,Q,,,1.04,12.99,,545734.4429063492,0.9708737864077666,15.555555555555568,-39.534883720930225,-89.28939237899073,91.99384141647421,34.2814865029743,277.0,full,usable,2026-08-21,rejected,35.0,100.0,,,35.0,30.0,0.0,100.0,2.2.0,c8f1bf1665a8c5dfb834c0571e7dd5f6b6e5ccd00eab00295338bd42cfde549b
ONEQ,Fidelity Nasdaq Composite Index ETF,US:ONEQ,SECURITY:ONEQ:US:ONEQ,,etf,eligible,Q,,,103.14,106.7,,37103765.82768254,4.223928860145532,-0.2128482972136192,14.510935938714354,23.71356603094639,3.336457357075917,19.716023519485905,277.0,full,usable,2026-08-21,conditional,59.86,100.0,,,87.0,10.0,80.0,100.0,2.2.0,c8f1bf1665a8c5dfb834c0571e7dd5f6b6e5ccd00eab00295338bd42cfde549b
ONEW,OneWater Marine Inc. - Class A Common Stock,nasdaqtrader:Q:ONEW,NAMECLASS:ONEWATER MARINE INC,,common_equity,eligible,Q,,,11.91,17.46,,1253563.6442857143,-5.849802371541502,11.830985915492963,-2.055921052631582,-27.90556900726392,31.78694158075601,52.50425803211316,277.0,full,usable,2026-08-21,rejected,62.86,100.0,,,55.0,92.0,0.0,100.0,2.2.0,c8f1bf1665a8c5dfb834c0571e7dd5f6b6e5ccd00eab00295338bd42cfde549b
ONIT,Onity Group Inc. Common Stock,nasdaqtrader:N:ONIT,SECURITY:ONIT:nasdaqtrader:N:ONIT,,common_equity,eligible,N,,,36.03,53.35,,2628538.9523809524,-7.1152358855375075,2.708095781071851,-14.519572953736649,-10.32852165256346,32.464854732895965,44.8436972271163,277.0,full,usable,2026-08-21,conditional,77.64,100.0,,,73.0,92.0,45.0,100.0,2.2.0,c8f1bf1665a8c5dfb834c0571e7dd5f6b6e5ccd00eab00295338bd42cfde549b
ONL,Orion Properties Inc. Common Stock,nasdaqtrader:N:ONL,SECURITY:ONL:nasdaqtrader:N:ONL,,common_equity,eligible,N,,,2.84,3.04,,1114705.0263492062,10.077519379844958,-4.697986577181212,10.9375,4.797047970479706,6.578947368421062,33.839159915844775,277.0,full,usable,2026-08-21,rejected,46.86,100.0,,,79.0,28.0,0.0,100.0,2.2.0,c8f1bf1665a8c5dfb834c0571e7dd5f6b6e5ccd00eab00295338bd42cfde549b
ONON,On Holding AG Class A Ordinary Shares,nasdaqtrader:N:ONON,SECURITY:ONON:nasdaqtrader:N:ONON,,common_equity,eligible,N,,,30.02,50.63,,212434665.16777778,-13.834672789896684,-23.398826231181424,-39.25536220153785,-33.64279398762158,40.70709065771282,75.1714727596896,277.0,full,usable,2026-08-21,conditional,87.07,100.0,,,67.0,95.0,92.0,100.0,2.2.0,c8f1bf1665a8c5dfb834c0571e7dd5f6b6e5ccd00eab00295338bd42cfde549b
ONT,"Onterris, Inc. Common Stock",nasdaqtrader:N:ONT,SECURITY:ONT:nasdaqtrader:N:ONT,,common_equity,eligible,N,,,15.87,31.06,,13003706.06888889,-14.677419354838717,0.6979695431472033,-31.26894759636206,-42.122538293216635,48.90534449452672,143.9780390776099,277.0,full,usable,2026-08-21,conditional,80.64,100.0,,,67.0,95.0,62.0,100.0,2.2.0,c8f1bf1665a8c5dfb834c0571e7dd5f6b6e5ccd00eab00295338bd42cfde549b
ONTO,Onto Innovation Inc. Common Stock,nasdaqtrader:N:ONTO,SECURITY:ONTO:nasdaqtrader:N:ONTO,,common_equity,eligible,N,,,293.33,378.45,,381352817.2588889,0.7072475709822612,12.193536048957743,35.54364400905688,176.909279713018,22.49174263442991,103.04756066086598,277.0,full,usable,2026-08-21,conditional,87.71,100.0,,,73.0,92.0,92.0,100.0,2.2.0,c8f1bf1665a8c5dfb834c0571e7dd5f6b6e5ccd00eab00295338bd42cfde549b
OOMA,"Ooma, Inc. Common Stock",nasdaqtrader:N:OOMA,SECURITY:OOMA:nasdaqtrader:N:OOMA,,common_equity,eligible,N,,,22.02,22.14,,7293193.398253968,13.73966942148761,16.693163751987285,86.45215918712954,91.14583333333333,0.5420054200542035,46.236841686723984,277.0,full,usable,2026-08-21,conditional,52.0,100.0,,,73.0,10.0,62.0,100.0,2.2.0,c8f1bf1665a8c5dfb834c0571e7dd5f6b6e5ccd00eab00295338bd42cfde549b
OPAD,Offerpad Solutions Inc. Class A Common Stock,nasdaqtrader:N:OPAD,NAMECLASS:OFFERPAD SOLUTIONS INC,,common_equity,eligible,N,,,4.12,62.3,,369665.7824603175,-7.415730337078652,-39.39393939393939,-49.749969508476646,-68.54961832061068,93.3868378812199,119.54759182297525,277.0,full,usable,2026-08-21,rejected,44.14,100.0,,,67.0,30.0,0.0,100.0,2.2.0,c8f1bf1665a8c5dfb834c0571e7dd5f6b6e5ccd00eab00295338bd42cfde549b
OPAL,OPAL Fuels Inc. - Class A Common Stock,nasdaqtrader:Q:OPAL,NAMECLASS:OPAL FUELS INC,,common_equity,eligible,Q,,,2.12,2.78,,589627.0919047619,-5.777777777777771,5.472636815920406,0.952380952380949,-7.423580786026196,23.741007194244588,78.5079372587161,277.0,full,usable,2026-08-21,rejected,64.57,100.0,,,61.0,92.0,0.0,100.0,2.2.0,c8f1bf1665a8c5dfb834c0571e7dd5f6b6e5ccd00eab00295338bd42cfde549b
OPBK,OP Bancorp - Common Stock,nasdaqtrader:Q:OPBK,SECURITY:OPBK:nasdaqtrader:Q:OPBK,,common_equity,eligible,Q,,,15.3,16.16,,784611.3973015873,3.4482758620689724,7.898448519040913,8.587650816181691,10.949963741841916,5.321782178217815,27.105305072888907,277.0,full,usable,2026-08-21,rejected,43.43,100.0,,,67.0,28.0,0.0,100.0,2.2.0,c8f1bf1665a8c5dfb834c0571e7dd5f6b6e5ccd00eab00295338bd42cfde549b
OPCH,"Option Care Health, Inc. - Common Stock",nasdaqtrader:Q:OPCH,SECURITY:OPCH:nasdaqtrader:Q:OPCH,,common_equity,eligible,Q,,,23.7,36.59,,56452714.537301585,12.42884250474383,10.130111524163565,-33.594844494256094,-12.931667891256426,35.2282044274392,36.43934745274742,277.0,full,usable,2026-08-21,conditional,82.79,100.0,,,61.0,95.0,80.0,100.0,2.2.0,c8f1bf1665a8c5dfb834c0571e7dd5f6b6e5ccd00eab00295338bd42cfde549b
OPEN,Opendoor Technologies Inc  - Common Stock,nasdaqtrader:Q:OPEN,SECURITY:OPEN:nasdaqtrader:Q:OPEN,,common_equity,eligible,Q,,,3.53,10.52,,258279306.87849206,-8.192457737321202,-22.75711159737419,-29.400000000000006,9.627329192546563,66.4448669201521,73.32460481598446,277.0,full,usable,2026-08-21,conditional,67.29,100.0,,,79.0,30.0,92.0,100.0,2.2.0,c8f1bf1665a8c5dfb834c0571e7dd5f6b6e5ccd00eab00295338bd42cfde549b
OPFI,OppFi Inc. Class A Common Stock,nasdaqtrader:N:OPFI,NAMECLASS:OPPFI INC,,common_equity,eligible,N,,,6.98,12.24,,7004280.732380952,-21.218961625282162,-15.393939393939393,-23.965141612200426,-27.13987473903966,42.97385620915033,93.10110802332986,277.0,full,usable,2026-08-21,conditional,80.64,100.0,,,67.0,95.0,62.0,100.0,2.2.0,c8f1bf1665a8c5dfb834c0571e7dd5f6b6e5ccd00eab00295338bd42cfde549b
OPHC,"OptimumBank Holdings, Inc. Common Stock",nasdaqtrader:A:OPHC,SECURITY:OPHC:nasdaqtrader:A:OPHC,,common_equity,eligible,A,,,9.3,10.1,,734851.5716666667,55.51839464882944,68.47826086956523,73.8317757009346,119.33962264150946,7.920792079207906,75.45979519712407,277.0,full,usable,2026-08-21,rejected,45.14,100.0,,,73.0,28.0,0.0,100.0,2.2.0,c8f1bf1665a8c5dfb834c0571e7dd5f6b6e5ccd00eab00295338bd42cfde549b
OPI,Office Properties Income Trust - Common shares of beneficial interest,nasdaqtrader:Q:OPI,SECURITY:OPI:nasdaqtrader:Q:OPI,,common_equity,eligible,Q,,,18.17,19.27,,6052051.341190476,0.6090808416389981,8985.0,8985.0,8140.362811791384,5.7083549558899715,44.195745151275176,277.0,full,usable,2026-08-21,conditional,58.43,100.0,,,73.0,28.0,62.0,100.0,2.2.0,c8f1bf1665a8c5dfb834c0571e7dd5f6b6e5ccd00eab00295338bd42cfde549b
OPK,"Opko Health, Inc. - Common Stock",nasdaqtrader:Q:OPK,SECURITY:OPK:nasdaqtrader:Q:OPK,,common_equity,eligible,Q,,,1.48,1.65,,5041609.81547619,26.49572649572651,15.625,23.33333333333334,6.474820143884896,10.303030303030303,109.73792664112271,277.0,full,usable,2026-08-21,conditional,73.14,100.0,,,57.0,82.0,62.0,100.0,2.2.0,c8f1bf1665a8c5dfb834c0571e7dd5f6b6e5ccd00eab00295338bd42cfde549b
OPLN,"OPENLANE, Inc. Common Stock",nasdaqtrader:N:OPLN,SECURITY:OPLN:nasdaqtrader:N:OPLN,,common_equity,eligible,N,,,33.4,42.9,,45687663.45904762,-14.358974358974363,-4.707560627674745,16.66084526720224,19.456366237482104,22.14452214452215,34.38529074422287,277.0,full,usable,2026-08-21,conditional,86.29,100.0,,,77.0,92.0,80.0,100.0,2.2.0,c8f1bf1665a8c5dfb834c0571e7dd5f6b6e5ccd00eab00295338bd42cfde549b
OPRA,Opera Limited - American Depositary Shares,nasdaqtrader:Q:OPRA,SECURITY:OPRA:nasdaqtrader:Q:OPRA,,adr,eligible,Q,,,18.96,20.64,,6844648.86984127,4.92529053680133,8.15744438106103,54.27176566314078,20.152091254752857,8.139534883720934,47.083090657287855,277.0,full,usable,2026-08-21,conditional,75.43,100.0,,,65.0,82.0,62.0,100.0,2.2.0,c8f1bf1665a8c5dfb834c0571e7dd5f6b6e5ccd00eab00295338bd42cfde549b
OPRT,Oportun Financial Corporation - common stock,nasdaqtrader:Q:OPRT,SECURITY:OPRT:nasdaqtrader:Q:OPRT,,common_equity,eligible,Q,,,7.5,8.09,,3374234.2707936508,41.50943396226416,38.37638376383763,44.230769230769226,33.214920071047956,7.292954264524099,102.67421757735316,277.0,full,usable,2026-08-21,conditional,52.5,100.0,,,65.0,28.0,45.0,100.0,2.2.0,c8f1bf1665a8c5dfb834c0571e7dd5f6b6e5ccd00eab00295338bd42cfde549b
OPRX,OptimizeRx Corporation - Common Stock,nasdaqtrader:Q:OPRX,SECURITY:OPRX:nasdaqtrader:Q:OPRX,,common_equity,eligible,Q,,,7.71,21.68,,2023070.473015873,24.154589371980673,56.0728744939271,-5.975609756097555,-50.225952227243376,64.43726937269373,78.38104886216159,277.0,full,usable,2026-08-21,conditional,64.64,100.0,,,55.0,70.0,45.0,100.0,2.2.0,c8f1bf1665a8c5dfb834c0571e7dd5f6b6e5ccd00eab00295338bd42cfde549b
OPTH,Optimi Health Corp. - Common Shares,nasdaqtrader:Q:OPTH,SECURITY:OPTH:nasdaqtrader:Q:OPTH,,common_equity,eligible,Q,,,5.0,6.08,,504439.0449206349,5.263157894736836,-12.28070175438597,,,17.763157894736846,70.33401636679369,65.0,insufficient,usable,2026-08-21,rejected,,71.43,,,,82.0,0.0,88.0,2.2.0,c8f1bf1665a8c5dfb834c0571e7dd5f6b6e5ccd00eab00295338bd42cfde549b
OPTT,"Ocean Power Technologies, Inc. Common Stock",nasdaqtrader:A:OPTT,SECURITY:OPTT:nasdaqtrader:A:OPTT,,common_equity,eligible,A,,,0.1843,0.6982,,1280488.9441460317,0.3266194882961315,-44.68787515006003,-56.11904761904762,-61.97648029709099,73.60355199083357,91.43714808993694,277.0,full,usable,2026-08-21,rejected,41.29,100.0,,,57.0,30.0,0.0,100.0,2.2.0,c8f1bf1665a8c5dfb834c0571e7dd5f6b6e5ccd00eab00295338bd42cfde549b
OPTU,"Optimum Communications, Inc. Class A common stock",nasdaqtrader:N:OPTU,NAMECLASS:OPTIMUM COMMUNICATIONS INC,,common_equity,eligible,N,,,0.848,2.71,,12517052.368693652,-2.2365690569518093,18.817430292840132,-44.57516339869281,-61.45454545454545,68.70848708487085,82.24076184302776,277.0,full,usable,2026-08-21,conditional,54.0,100.0,,,55.0,30.0,62.0,100.0,2.2.0,c8f1bf1665a8c5dfb834c0571e7dd5f6b6e5ccd00eab00295338bd42cfde549b
OPTX,"Syntec Optics Holdings, Inc. - Class A Common Stock",nasdaqtrader:Q:OPTX,NAMECLASS:SYNTEC OPTICS HOLDINGS INC,,common_equity,eligible,Q,,,8.51,14.11,,7766871.942380953,12.715231788079473,-22.212065813528337,37.7022653721683,490.97222222222223,39.68816442239547,107.68641851158382,277.0,full,usable,2026-08-21,conditional,85.79,100.0,,,85.0,95.0,62.0,100.0,2.2.0,c8f1bf1665a8c5dfb834c0571e7dd5f6b6e5ccd00eab00295338bd42cfde549b
OPXS,"Optex Systems Holdings, Inc. - Common Stock",nasdaqtrader:Q:OPXS,SECURITY:OPXS:nasdaqtrader:Q:OPXS,,common_equity,eligible,Q,,,11.17,17.32,,433233.65582539677,-4.12017167381975,4.686035613870665,-5.658783783783782,1.8231540565177617,35.5080831408776,47.662296750170405,277.0,full,usable,2026-08-21,rejected,70.79,100.0,,,79.0,95.0,0.0,100.0,2.2.0,c8f1bf1665a8c5dfb834c0571e7dd5f6b6e5ccd00eab00295338bd42cfde549b
OPY,"Oppenheimer Holdings, Inc. Class A Common Stock (DE)",nasdaqtrader:N:OPY,SECURITY:OPY:nasdaqtrader:N:OPY,,common_equity,eligible,N,,,115.99,119.03,,13344844.543333333,5.589440145653168,20.0600351930442,31.254950775149926,66.48485718386678,2.5539779887423397,37.41555076626494,277.0,full,usable,2026-08-21,conditional,52.0,100.0,,,73.0,10.0,62.0,100.0,2.2.0,c8f1bf1665a8c5dfb834c0571e7dd5f6b6e5ccd00eab00295338bd42cfde549b
OR,OR Royalties Inc. Common Shares,nasdaqtrader:N:OR,SECURITY:OR:nasdaqtrader:N:OR,,common_equity,eligible,N,,,36.09,47.73,,33122193.141111113,24.234079173838218,1.461906100646626,-17.37637362637362,19.463753723932477,24.38717787554996,38.48252639642675,277.0,full,usable,2026-08-21,conditional,89.14,100.0,,,87.0,92.0,80.0,100.0,2.2.0,c8f1bf1665a8c5dfb834c0571e7dd5f6b6e5ccd00eab00295338bd42cfde549b
ORA,"Ormat Technologies, Inc. Common Stock",nasdaqtrader:N:ORA,SECURITY:ORA:nasdaqtrader:N:ORA,,common_equity,eligible,N,,,108.38,145.1,,100940770.81888889,4.3721109399075475,-19.046907678518078,-6.504485852311948,17.446900736887727,25.306685044796694,44.99305045747793,277.0,full,usable,2026-08-21,conditional,91.71,100.0,,,87.0,92.0,92.0,100.0,2.2.0,c8f1bf1665a8c5dfb834c0571e7dd5f6b6e5ccd00eab00295338bd42cfde549b
ORC,"Orchid Island Capital, Inc. Common Stock",nasdaqtrader:N:ORC,SECURITY:ORC:nasdaqtrader:N:ORC,,common_equity,eligible,N,,,6.7,8.35,,33096642.319365077,1.3615733736762392,-1.9033674963396807,-11.609498680738783,-5.633802816901401,19.760479041916156,19.019698906133513,277.0,full,usable,2026-08-21,conditional,81.57,100.0,,,73.0,82.0,80.0,100.0,2.2.0,c8f1bf1665a8c5dfb834c0571e7dd5f6b6e5ccd00eab00295338bd42cfde549b
ORCL,Oracle Corporation Common Stock,nasdaqtrader:N:ORCL,SECURITY:ORCL:nasdaqtrader:N:ORCL,,common_equity,eligible,N,,,146.47,328.33,,5046641902.447778,22.017660779740076,-22.817094377404235,-1.0872501350621344,-37.68824980855952,55.38939481619103,63.21945791165249,277.0,full,usable,2026-08-21,conditional,79.86,100.0,,,67.0,70.0,100.0,100.0,2.2.0,c8f1bf1665a8c5dfb834c0571e7dd5f6b6e5ccd00eab00295338bd42cfde549b
ORGO,Organogenesis Holdings Inc.  - Class A,qrgf-resolution-required:Q:ORGO,SECURITY:ORGO:qrgf-resolution-required:Q:ORGO,,common_equity,eligible,Q,,,1.8,6.54,,1968779.4233333333,-25.92592592592593,-32.330827067669176,-54.88721804511278,-60.698689956331876,72.47706422018348,95.19003962455913,277.0,full,usable,2026-08-21,rejected,41.29,100.0,,,57.0,30.0,0.0,100.0,2.2.0,c8f1bf1665a8c5dfb834c0571e7dd5f6b6e5ccd00eab00295338bd42cfde549b
ORI,Old Republic International Corporation Common Stock,nasdaqtrader:N:ORI,SECURITY:ORI:nasdaqtrader:N:ORI,,common_equity,eligible,N,,,41.58,46.62,,57802623.22825397,0.6292352371732868,4.867591424968465,0.8733624454148492,5.801526717557248,10.81081081081081,22.13469918242613,277.0,full,usable,2026-08-21,conditional,83.29,100.0,,,79.0,82.0,80.0,100.0,2.2.0,c8f1bf1665a8c5dfb834c0571e7dd5f6b6e5ccd00eab00295338bd42cfde549b
ORIC,"Oric Pharmaceuticals, Inc. - Common Stock",nasdaqtrader:Q:ORIC,SECURITY:ORIC:nasdaqtrader:Q:ORIC,,common_equity,eligible,Q,,,14.2,14.65,,17864655.824047618,30.39485766758492,67.84869976359336,27.812781278127808,49.316508937960045,3.071672354948818,91.21416247606531,277.0,full,usable,2026-08-21,conditional,49.71,100.0,,,65.0,10.0,62.0,100.0,2.2.0,c8f1bf1665a8c5dfb834c0571e7dd5f6b6e5ccd00eab00295338bd42cfde549b
ORIQ,Origin Investment Corp I - Ordinary Shares,nasdaqtrader:Q:ORIQ,SECURITY:ORIQ:nasdaqtrader:Q:ORIQ,,common_equity,eligible,Q,,,10.38,10.38,,103306.41357142858,0.4840271055179146,1.1695906432748648,1.7647058823529571,,0.0,2.1484650038860273,239.0,limited_but_usable,usable,2026-08-20,rejected,34.71,100.0,,,59.0,10.0,0.0,100.0,2.2.0,c8f1bf1665a8c5dfb834c0571e7dd5f6b6e5ccd00eab00295338bd42cfde549b
ORKA,"Oruka Therapeutics, Inc. - Common Stock",nasdaqtrader:Q:ORKA,SECURITY:ORKA:nasdaqtrader:Q:ORKA,,common_equity,eligible,Q,,,107.96,113.08,,102653440.08595239,17.411636759108195,83.94956551371612,233.8280766852195,649.7222222222222,4.52776795189247,58.317325678487606,277.0,full,usable,2026-08-21,conditional,58.43,100.0,,,73.0,10.0,92.0,100.0,2.2.0,c8f1bf1665a8c5dfb834c0571e7dd5f6b6e5ccd00eab00295338bd42cfde549b
ORKT,Orangekloud Technology Inc. - Class A Ordinary Shares,nasdaqtrader:Q:ORKT,NAMECLASS:ORANGEKLOUD TECHNOLOGY INC,,common_equity,eligible,Q,,,1.01,2.948,,202521.50326984128,-3.809523809523818,-1.9417475728155331,-12.93103448275862,-64.8817802503477,65.73948439620081,68.04239452998863,277.0,full,usable,2026-08-21,rejected,44.14,100.0,,,67.0,30.0,0.0,100.0,2.2.0,c8f1bf1665a8c5dfb834c0571e7dd5f6b6e5ccd00eab00295338bd42cfde549b
ORLY,"O'Reilly Automotive, Inc. - Common Stock",nasdaqtrader:Q:ORLY,SECURITY:ORLY:nasdaqtrader:Q:ORLY,,common_equity,eligible,Q,,,89.11,107.82,,681090753.1625396,3.4839159214957505,-3.4979423868312765,-4.695187165775405,-14.31730769230769,17.352995733630117,31.167805882149423,277.0,full,usable,2026-08-21,conditional,85.86,100.0,,,73.0,82.0,100.0,100.0,2.2.0,c8f1bf1665a8c5dfb834c0571e7dd5f6b6e5ccd00eab00295338bd42cfde549b
ORMP,Oramed Pharmaceuticals Inc. - Common Stock,nasdaqtrader:Q:ORMP,SECURITY:ORMP:nasdaqtrader:Q:ORMP,,common_equity,eligible,Q,,,4.81,5.0,,1286777.6424603174,15.624999999999979,9.817351598173518,49.37888198757763,132.3671497584541,3.8000000000000034,40.592491624747666,277.0,full,usable,2026-08-21,rejected,38.71,100.0,,,73.0,10.0,0.0,100.0,2.2.0,c8f1bf1665a8c5dfb834c0571e7dd5f6b6e5ccd00eab00295338bd42cfde549b
ORN,"Orion Group Holdings, Inc. Common",qrgf-resolution-required:N:ORN,SECURITY:ORN:qrgf-resolution-required:N:ORN,,common_equity,eligible,N,,,9.27,17.14,,6651386.442222223,-28.250773993808053,-32.43440233236152,-33.261339092872575,40.030211480362524,45.91598599766628,90.21129531748146,277.0,full,usable,2026-08-21,conditional,86.36,100.0,,,87.0,95.0,62.0,100.0,2.2.0,c8f1bf1665a8c5dfb834c0571e7dd5f6b6e5ccd00eab00295338bd42cfde549b
ORRF,"Orrstown Financial Services, Inc. - Common Stock",nasdaqtrader:Q:ORRF,SECURITY:ORRF:nasdaqtrader:Q:ORRF,,common_equity,eligible,Q,,,42.02,43.7,,5488093.648730159,0.1429933269780692,14.309031556039198,10.346638655462193,26.795413397706703,3.844393592677342,20.24100043595727,277.0,full,usable,2026-08-21,conditional,52.57,100.0,,,75.0,10.0,62.0,100.0,2.2.0,c8f1bf1665a8c5dfb834c0571e7dd5f6b6e5ccd00eab00295338bd42cfde549b
OSBC,"Old Second Bancorp, Inc. - Common Stock",nasdaqtrader:Q:OSBC,SECURITY:OSBC:nasdaqtrader:Q:OSBC,,common_equity,eligible,Q,,,25.335,25.91,,9683986.954444444,7.762654189706497,20.18500948766604,23.16480311132718,44.27676537585423,2.219220378232345,19.067077986860255,277.0,full,usable,2026-08-21,conditional,49.71,100.0,,,65.0,10.0,62.0,100.0,2.2.0,c8f1bf1665a8c5dfb834c0571e7dd5f6b6e5ccd00eab00295338bd42cfde549b
OSCR,"Oscar Health, Inc. Class A Common Stock",nasdaqtrader:N:OSCR,NAMECLASS:OSCAR HEALTH INC,,common_equity,eligible,N,,,32.04,32.76,,174199450.97031745,10.788381742738572,44.71544715447153,142.17687074829934,109.82318271119844,2.19780219780219,67.49643790448185,277.0,full,usable,2026-08-21,conditional,58.43,100.0,,,73.0,10.0,92.0,100.0,2.2.0,c8f1bf1665a8c5dfb834c0571e7dd5f6b6e5ccd00eab00295338bd42cfde549b
OSG,"Octave Specialty Group, Inc. Common Stock",nasdaqtrader:N:OSG,SECURITY:OSG:nasdaqtrader:N:OSG,,common_equity,eligible,N,,,4.55,10.08,,2627694.502063492,-17.87003610108303,-20.731707317073177,-21.280276816609,-46.40753828032981,54.861111111111114,59.799305604240374,277.0,full,usable,2026-08-21,conditional,68.07,100.0,,,67.0,70.0,45.0,100.0,2.2.0,c8f1bf1665a8c5dfb834c0571e7dd5f6b6e5ccd00eab00295338bd42cfde549b
OSIS,"OSI Systems, Inc. - Common Stock",nasdaqtrader:Q:OSIS,SECURITY:OSIS:nasdaqtrader:Q:OSIS,,common_equity,eligible,Q,,,206.73,309.68,,51234942.09984127,-3.5729278417836685,-0.5436351390359029,-29.417187339956985,-7.4578092125878515,33.243993800051676,33.976153976819376,277.0,full,usable,2026-08-21,conditional,85.14,100.0,,,73.0,92.0,80.0,100.0,2.2.0,c8f1bf1665a8c5dfb834c0571e7dd5f6b6e5ccd00eab00295338bd42cfde549b
OSK,Oshkosh Corporation (Holding Company)Common Stock,nasdaqtrader:N:OSK,SECURITY:OSK:nasdaqtrader:N:OSK,,common_equity,eligible,N,,,157.09,177.94,,109029172.14126983,3.369086003816535,23.57614852108243,-10.500227894257064,14.238964438949896,11.717432842531183,37.57081241314251,277.0,full,usable,2026-08-21,conditional,82.43,100.0,,,67.0,82.0,92.0,100.0,2.2.0,c8f1bf1665a8c5dfb834c0571e7dd5f6b6e5ccd00eab00295338bd42cfde549b
OSPN,OneSpan Inc. - Common Stock,nasdaqtrader:Q:OSPN,SECURITY:OSPN:nasdaqtrader:Q:OSPN,,common_equity,eligible,Q,,,15.73,16.92,,6831492.300317461,6.644067796610176,22.69890795631826,38.22495606326888,13.985507246376816,7.033096926713956,28.72818136277835,277.0,full,usable,2026-08-21,conditional,53.86,100.0,,,57.0,28.0,62.0,100.0,2.2.0,c8f1bf1665a8c5dfb834c0571e7dd5f6b6e5ccd00eab00295338bd42cfde549b
OSS,"One Stop Systems, Inc. - Common Stock",nasdaqtrader:Q:OSS,SECURITY:OSS:nasdaqtrader:Q:OSS,,common_equity,eligible,Q,,,11.4,19.95,,18642106.85857143,-14.35011269722014,-30.950938824954576,17.28395061728394,119.23076923076925,42.85714285714285,89.43776624545484,277.0,full,usable,2026-08-21,conditional,85.79,100.0,,,85.0,95.0,62.0,100.0,2.2.0,c8f1bf1665a8c5dfb834c0571e7dd5f6b6e5ccd00eab00295338bd42cfde549b
OST,"Ostin Technology Group Co., Ltd. - Class A Ordinary Shares",nasdaqtrader:Q:OST,NAMECLASS:OSTIN TECHNOLOGY GROUP CO LTD,,common_equity,eligible,Q,,,1.695,2.1,,0.0,0.0,0.0,0.0,-12.628865979381443,19.285714285714285,0.0,276.0,full,usable,2026-08-20,rejected,64.43,100.0,,,73.0,82.0,0.0,100.0,2.2.0,c8f1bf1665a8c5dfb834c0571e7dd5f6b6e5ccd00eab00295338bd42cfde549b
OSTX,OS Therapies Incorporated Common Stock,nasdaqtrader:A:OSTX,SECURITY:OSTX:nasdaqtrader:A:OSTX,,common_equity,eligible,A,,,1.59,2.5,,1089327.8812698412,1.9230769230769162,-12.637362637362637,34.74576271186442,-27.397260273972602,36.4,55.341382821406704,277.0,full,usable,2026-08-21,rejected,64.5,100.0,,,57.0,95.0,0.0,100.0,2.2.0,c8f1bf1665a8c5dfb834c0571e7dd5f6b6e5ccd00eab00295338bd42cfde549b
OSUR,"OraSure Technologies, Inc. - Common Stock",nasdaqtrader:Q:OSUR,SECURITY:OSUR:nasdaqtrader:Q:OSUR,,common_equity,eligible,Q,,,3.88,4.5,,2427179.3557142857,-3.7220843672456705,17.933130699088153,41.090909090909086,33.793103448275865,13.777777777777779,45.335777582987184,277.0,full,usable,2026-08-21,conditional,71.79,100.0,,,65.0,82.0,45.0,100.0,2.2.0,c8f1bf1665a8c5dfb834c0571e7dd5f6b6e5ccd00eab00295338bd42cfde549b
OSW,OneSpaWorld Holdings Limited - Common Shares,nasdaqtrader:Q:OSW,SECURITY:OSW:nasdaqtrader:Q:OSW,,common_equity,eligible,Q,,,26.68,28.68,,22545012.57253968,3.4509499806126387,10.613598673300162,18.683274021352304,22.949308755760377,6.973500697350065,30.14860075721148,277.0,full,usable,2026-08-21,conditional,56.14,100.0,,,65.0,28.0,62.0,100.0,2.2.0,c8f1bf1665a8c5dfb834c0571e7dd5f6b6e5ccd00eab00295338bd42cfde549b
OTEX,Open Text Corporation - Common Shares,nasdaqtrader:Q:OTEX,SECURITY:OTEX:nasdaqtrader:Q:OTEX,,common_equity,eligible,Q,,,24.665,39.69,,49168976.365079366,14.614312267657992,6.223083548664943,-0.38368336025849104,-22.970018738288577,37.85588309397833,43.04618611955119,277.0,full,usable,2026-08-21,conditional,82.79,100.0,,,61.0,95.0,80.0,100.0,2.2.0,c8f1bf1665a8c5dfb834c0571e7dd5f6b6e5ccd00eab00295338bd42cfde549b
OTF,Blue Owl Technology Finance Corp. Common Stock,nasdaqtrader:N:OTF,SECURITY:OTF:nasdaqtrader:N:OTF,,common_equity,eligible,N,,,10.96,15.52,,27380964.628253967,10.37260825780464,1.9534883720930374,-5.679862306368322,-25.085440874914553,29.381443298969067,37.302190770491016,277.0,full,usable,2026-08-21,conditional,83.43,100.0,,,67.0,92.0,80.0,100.0,2.2.0,c8f1bf1665a8c5dfb834c0571e7dd5f6b6e5ccd00eab00295338bd42cfde549b
OTIS,Otis Worldwide Corporation Common Stock,nasdaqtrader:N:OTIS,SECURITY:OTIS:nasdaqtrader:N:OTIS,,common_equity,eligible,N,,,71.49,93.62,,261677118.61492065,1.0173802458668835,-0.19544883428731508,-22.85529297507285,-19.782315978456023,23.638111514633632,24.0752947084597,277.0,full,usable,2026-08-21,conditional,87.71,100.0,,,73.0,92.0,92.0,100.0,2.2.0,c8f1bf1665a8c5dfb834c0571e7dd5f6b6e5ccd00eab00295338bd42cfde549b
OTLK,"Outlook Therapeutics, Inc. - Common Stock",nasdaqtrader:Q:OTLK,SECURITY:OTLK:nasdaqtrader:Q:OTLK,,common_equity,eligible,Q,,,0.6472,2.97,,24146849.36744603,-50.969696969696976,94.35435435435436,56.66908738804162,-72.92050209205021,78.20875420875421,148.50696025932982,277.0,full,usable,2026-08-21,conditional,45.43,100.0,,,25.0,30.0,62.0,100.0,2.2.0,c8f1bf1665a8c5dfb834c0571e7dd5f6b6e5ccd00eab00295338bd42cfde549b
OTLY,Oatly Group AB - American Depositary Shares,nasdaqtrader:Q:OTLY,SECURITY:OTLY:nasdaqtrader:Q:OTLY,,adr,eligible,Q,,,14.5,18.54,,1630013.0426190477,15.445859872611468,42.85714285714286,23.351765206295184,-17.472965281730225,21.790722761596548,83.52997003082824,277.0,full,usable,2026-08-21,rejected,61.71,100.0,,,51.0,92.0,0.0,100.0,2.2.0,c8f1bf1665a8c5dfb834c0571e7dd5f6b6e5ccd00eab00295338bd42cfde549b
OTTR,Otter Tail Corporation - Common Stock,nasdaqtrader:Q:OTTR,SECURITY:OTTR:nasdaqtrader:Q:OTTR,,common_equity,eligible,Q,,,90.86,94.28,,22674336.86333333,-1.4640494523370462,4.834429445021349,6.957033549146563,9.246122399903811,3.6274925753076004,24.450659164761987,277.0,full,usable,2026-08-21,conditional,53.71,100.0,,,79.0,10.0,62.0,100.0,2.2.0,c8f1bf1665a8c5dfb834c0571e7dd5f6b6e5ccd00eab00295338bd42cfde549b
OUST,"Ouster, Inc. - Common Stock",nasdaqtrader:Q:OUST,SECURITY:OUST:nasdaqtrader:Q:OUST,,common_equity,eligible,Q,,,38.42,62.52,,190580901.15857142,1.9368532767312319,9.489883157594758,106.33727175080558,29.972936400541283,38.547664747280876,118.97235444074828,277.0,full,usable,2026-08-21,conditional,86.5,100.0,,,65.0,95.0,92.0,100.0,2.2.0,c8f1bf1665a8c5dfb834c0571e7dd5f6b6e5ccd00eab00295338bd42cfde549b
OUT,OUTFRONT Media Inc. Common Stock,nasdaqtrader:N:OUT,SECURITY:OUT:nasdaqtrader:N:OUT,,common_equity,eligible,N,,,29.83,33.9,,58591913.25650793,-6.459705236751345,-10.501050105010501,14.029051987767582,56.999999999999986,12.005899705014755,19.508663734350897,277.0,full,usable,2026-08-21,conditional,87.86,100.0,,,95.0,82.0,80.0,100.0,2.2.0,c8f1bf1665a8c5dfb834c0571e7dd5f6b6e5ccd00eab00295338bd42cfde549b
OVBC,Ohio Valley Banc Corp. - Common Stock,nasdaqtrader:Q:OVBC,SECURITY:OVBC:nasdaqtrader:Q:OVBC,,common_equity,eligible,Q,,,44.59,50.13,,2058261.8360857142,5.788849347568226,-5.469578121687513,1.2029051293690474,23.96441479010287,11.051266706562934,24.27018886669155,277.0,full,usable,2026-08-21,conditional,78.07,100.0,,,87.0,82.0,45.0,100.0,2.2.0,c8f1bf1665a8c5dfb834c0571e7dd5f6b6e5ccd00eab00295338bd42cfde549b
OVID,Ovid Therapeutics Inc. - Common Stock,nasdaqtrader:Q:OVID,SECURITY:OVID:nasdaqtrader:Q:OVID,,common_equity,eligible,Q,,,2.8,2.96,,5721015.29468254,16.666666666666675,14.754098360655732,90.47619047619047,194.73684210526315,5.405405405405405,57.17280627190448,277.0,full,usable,2026-08-21,conditional,58.43,100.0,,,73.0,28.0,62.0,100.0,2.2.0,c8f1bf1665a8c5dfb834c0571e7dd5f6b6e5ccd00eab00295338bd42cfde549b
OVLY,Oak Valley Bancorp (CA) - Common Stock,nasdaqtrader:Q:OVLY,SECURITY:OVLY:nasdaqtrader:Q:OVLY,,common_equity,eligible,Q,,,34.59,35.07,,1595967.017936508,7.222566646001249,2.458530805687209,2.3070097604259043,24.156496769562107,1.3686911890504638,22.611054011696254,277.0,full,usable,2026-08-21,rejected,42.71,100.0,,,87.0,10.0,0.0,100.0,2.2.0,c8f1bf1665a8c5dfb834c0571e7dd5f6b6e5ccd00eab00295338bd42cfde549b
OVV,Ovintiv Inc. (DE),qrgf-resolution-required:N:OVV,SECURITY:OVV:qrgf-resolution-required:N:OVV,,common_equity,eligible,N,,,66.82,66.82,,195057505.29666668,8.845088776673716,13.50433157805333,32.10755239224989,71.24551512045103,0.0,36.932860329234046,277.0,full,usable,2026-08-21,conditional,58.43,100.0,,,73.0,10.0,92.0,100.0,2.2.0,c8f1bf1665a8c5dfb834c0571e7dd5f6b6e5ccd00eab00295338bd42cfde549b
OWL,Blue Owl Capital Inc. Class A Common Stock,nasdaqtrader:N:OWL,NAMECLASS:BLUE OWL CAPITAL INC,,common_equity,eligible,N,,,11.67,19.09,,212312356.22555554,26.710097719869697,14.41176470588237,7.955596669750231,-37.15670436187399,38.86851754845468,47.65625890336416,277.0,full,usable,2026-08-21,conditional,83.64,100.0,,,55.0,95.0,92.0,100.0,2.2.0,c8f1bf1665a8c5dfb834c0571e7dd5f6b6e5ccd00eab00295338bd42cfde549b
OWLS,OBOOK Holdings Inc. - Class A Common Shares,nasdaqtrader:Q:OWLS,NAMECLASS:OBOOK HOLDINGS INC,,common_equity,eligible,Q,,,5.63,55.55,,148798.35714285713,3.874538745387457,-2.763385146804842,-7.704918032786878,,89.86498649864987,20.284426719239846,213.0,limited_but_usable,usable,2026-08-21,rejected,41.86,100.0,,,59.0,30.0,0.0,100.0,2.2.0,c8f1bf1665a8c5dfb834c0571e7dd5f6b6e5ccd00eab00295338bd42cfde549b
OWLT,"Owlet, Inc. Class A Common Stock",nasdaqtrader:N:OWLT,NAMECLASS:OWLET INC,,common_equity,eligible,N,,,5.2,16.52,,1184595.381904762,-1.8867924528301772,-9.40766550522648,-54.06360424028269,-27.27272727272727,68.52300242130751,63.75365501311527,277.0,full,usable,2026-08-21,rejected,41.29,100.0,,,57.0,30.0,0.0,100.0,2.2.0,c8f1bf1665a8c5dfb834c0571e7dd5f6b6e5ccd00eab00295338bd42cfde549b
OXBR,Oxbridge Re Holdings Limited - Ordinary Shares,nasdaqtrader:Q:OXBR,SECURITY:OXBR:nasdaqtrader:Q:OXBR,,common_equity,eligible,Q,,,1.33,2.75,,112519.0296888889,-12.5,35.75584362559967,14.655172413793128,-16.874999999999996,51.63636363636363,96.28191015207793,277.0,full,usable,2026-08-21,rejected,56.71,100.0,,,61.0,70.0,0.0,100.0,2.2.0,c8f1bf1665a8c5dfb834c0571e7dd5f6b6e5ccd00eab00295338bd42cfde549b
OXM,"Oxford Industries, Inc. Common Stock",nasdaqtrader:N:OXM,SECURITY:OXM:nasdaqtrader:N:OXM,,common_equity,eligible,N,,,36.2,51.58,,17019280.844761904,-5.161121299449823,-7.250832692800402,-12.433478471214322,-19.430224794124186,29.817758821248542,45.24176464177437,277.0,full,usable,2026-08-21,conditional,81.29,100.0,,,73.0,92.0,62.0,100.0,2.2.0,c8f1bf1665a8c5dfb834c0571e7dd5f6b6e5ccd00eab00295338bd42cfde549b
OXY,Occidental Petroleum Corporation Common Stock,nasdaqtrader:N:OXY,SECURITY:OXY:nasdaqtrader:N:OXY,,common_equity,eligible,N,,,61.3,66.24,,517142490.02238095,6.423611111111094,4.198538160802312,18.248456790123434,38.46848881861305,7.4577294685990285,33.47026118383959,277.0,full,usable,2026-08-21,conditional,67.71,100.0,,,77.0,28.0,100.0,100.0,2.2.0,c8f1bf1665a8c5dfb834c0571e7dd5f6b6e5ccd00eab00295338bd42cfde549b
OZK,Bank OZK - Common Stock,nasdaqtrader:Q:OZK,SECURITY:OZK:nasdaqtrader:Q:OZK,,common_equity,eligible,Q,,,49.42,53.14,,59034932.31333333,-1.3966480446927276,2.594976126219639,-0.8028904054596553,-1.2784658409908167,7.00037636432066,20.36160128345164,277.0,full,usable,2026-08-21,conditional,62.29,100.0,,,73.0,28.0,80.0,100.0,2.2.0,c8f1bf1665a8c5dfb834c0571e7dd5f6b6e5ccd00eab00295338bd42cfde549b
P,"Everpure, Inc. Class A common stock",nasdaqtrader:N:P,NAMECLASS:EVERPURE INC,,common_equity,eligible,N,,,108.55,118.16,,277267298.8015873,44.36760207474397,37.40506329113924,46.82808061679966,95.47992076355123,8.13303994583615,68.38706069271534,277.0,full,usable,2026-08-21,conditional,84.14,100.0,,,73.0,82.0,92.0,100.0,2.2.0,c8f1bf1665a8c5dfb834c0571e7dd5f6b6e5ccd00eab00295338bd42cfde549b
PAA,"Plains All American Pipeline, L.P. - Common Units representing Limited Partner Interests",qrgf-resolution-required:Q:PAA,SECURITY:PAA:qrgf-resolution-required:Q:PAA,,common_equity,eligible,Q,,,24.61,24.89,,56334499.79603175,-0.3240178209801603,3.9273648648648685,17.80756342747725,40.22792022792021,1.1249497790277285,23.808877554938253,277.0,full,usable,2026-08-21,conditional,57.0,100.0,,,77.0,10.0,80.0,100.0,2.2.0,c8f1bf1665a8c5dfb834c0571e7dd5f6b6e5ccd00eab00295338bd42cfde549b
PAAS,Pan American Silver Corp. Common Stock,nasdaqtrader:N:PAAS,SECURITY:PAAS:nasdaqtrader:N:PAAS,,common_equity,eligible,N,,,53.07,68.7,,220567230.38968253,20.0950441276307,-3.1569343065693367,-17.975270479134476,69.71538215542053,22.75109170305677,56.24117977642613,277.0,full,usable,2026-08-21,conditional,94.0,100.0,,,95.0,92.0,92.0,100.0,2.2.0,c8f1bf1665a8c5dfb834c0571e7dd5f6b6e5ccd00eab00295338bd42cfde549b
PAC,"Grupo Aeroportuario Del Pacifico, S.A. B. de C.V. Grupo Aeroportuario Del Pacifico, S.A. de C.V. (each representing 10 Series B shares)",qrgf-resolution-required:N:PAC,SECURITY:PAC:qrgf-resolution-required:N:PAC,,common_equity,eligible,N,,,212.18,300.41,,27916460.556349207,-1.517753539104194,-13.080168776371314,-29.369861189707404,-15.192453735161271,29.369861189707404,21.26738191935577,277.0,full,usable,2026-08-21,conditional,85.14,100.0,,,73.0,92.0,80.0,100.0,2.2.0,c8f1bf1665a8c5dfb834c0571e7dd5f6b6e5ccd00eab00295338bd42cfde549b
PACB,"Pacific Biosciences of California, Inc. - Common Stock",nasdaqtrader:Q:PACB,SECURITY:PACB:nasdaqtrader:Q:PACB,,common_equity,eligible,Q,,,1.35,2.67,,9183015.242142858,-3.5714285714285587,8.000000000000007,-16.149068322981364,6.299212598425208,49.43820224719101,77.64473830451998,277.0,full,usable,2026-08-21,conditional,80.64,100.0,,,67.0,95.0,62.0,100.0,2.2.0,c8f1bf1665a8c5dfb834c0571e7dd5f6b6e5ccd00eab00295338bd42cfde549b
PACK,Ranpak Holdings Corp Class A Common Stock,nasdaqtrader:N:PACK,NAMECLASS:RANPAK HOLDINGS CORP,,common_equity,eligible,N,,,5.08,7.64,,3473249.563174603,-19.492868462757517,-17.79935275080906,-7.4681238615664896,15.454545454545453,33.507853403141354,69.44039453312276,277.0,full,usable,2026-08-21,conditional,81.64,100.0,,,87.0,92.0,45.0,100.0,2.2.0,c8f1bf1665a8c5dfb834c0571e7dd5f6b6e5ccd00eab00295338bd42cfde549b
PACS,"PACS Group, Inc. Common Stock",nasdaqtrader:N:PACS,SECURITY:PACS:nasdaqtrader:N:PACS,,common_equity,eligible,N,,,44.25,48.45,,38020537.87174603,-1.2717536813922403,17.15647339158062,14.400206825232686,271.2248322147651,8.6687306501548,37.26982247029572,277.0,full,usable,2026-08-21,conditional,84.43,100.0,,,83.0,82.0,80.0,100.0,2.2.0,c8f1bf1665a8c5dfb834c0571e7dd5f6b6e5ccd00eab00295338bd42cfde549b
PAG,"Penske Automotive Group, Inc. Common Stock",nasdaqtrader:N:PAG,SECURITY:PAG:nasdaqtrader:N:PAG,,common_equity,eligible,N,,,216.87,223.44,,75651066.42238095,0.6170548390090014,34.09386013726583,29.629408248655096,19.015475798485348,2.940386680988183,34.16490965765954,277.0,full,usable,2026-08-21,conditional,53.57,100.0,,,65.0,10.0,80.0,100.0,2.2.0,c8f1bf1665a8c5dfb834c0571e7dd5f6b6e5ccd00eab00295338bd42cfde549b
PAGP,"Plains GP Holdings, L.P. - Class A Shares representing limited partner interests",nasdaqtrader:Q:PAGP,SECURITY:PAGP:nasdaqtrader:Q:PAGP,,common_equity,eligible,Q,,,26.84,26.84,,36619690.131825395,1.2448132780082943,5.213641709133676,20.520880107768292,42.31177094379639,0.0,20.517776001378927,277.0,full,usable,2026-08-21,conditional,53.57,100.0,,,65.0,10.0,80.0,100.0,2.2.0,c8f1bf1665a8c5dfb834c0571e7dd5f6b6e5ccd00eab00295338bd42cfde549b
PAGS,PagSeguro Digital Ltd. Class A Common Shares,nasdaqtrader:N:PAGS,NAMECLASS:PAGSEGURO DIGITAL LTD,,common_equity,eligible,N,,,8.62,12.0,,27357835.343650796,-8.879492600422845,-7.510729613733913,-23.649247121346328,2.741358760429069,28.16666666666667,28.342505604014868,277.0,full,usable,2026-08-21,conditional,86.86,100.0,,,79.0,92.0,80.0,100.0,2.2.0,c8f1bf1665a8c5dfb834c0571e7dd5f6b6e5ccd00eab00295338bd42cfde549b
PAHC,Phibro Animal Health Corporation - Class A Common Stock,nasdaqtrader:Q:PAHC,NAMECLASS:PHIBRO ANIMAL HEALTH CORPORATION,,common_equity,eligible,Q,,,36.32,59.58,,8880397.391507937,6.698002350176258,8.547519426180505,-31.212121212121215,16.634553628773286,39.03994629070158,29.687862990331315,277.0,full,usable,2026-08-21,conditional,82.93,100.0,,,75.0,95.0,62.0,100.0,2.2.0,c8f1bf1665a8c5dfb834c0571e7dd5f6b6e5ccd00eab00295338bd42cfde549b
PAL,"Proficient Auto Logistics, Inc. - Common Stock",nasdaqtrader:Q:PAL,SECURITY:PAL:nasdaqtrader:Q:PAL,,common_equity,eligible,Q,,,5.33,10.54,,2809342.8252380956,-23.309352517985616,4.509803921568634,-28.55227882037533,-30.235602094240832,49.43074003795066,114.71273060806357,277.0,full,usable,2026-08-21,conditional,77.0,100.0,,,67.0,95.0,45.0,100.0,2.2.0,c8f1bf1665a8c5dfb834c0571e7dd5f6b6e5ccd00eab00295338bd42cfde549b
PALI,"Palisade Bio, Inc. - Common Stock",nasdaqtrader:Q:PALI,SECURITY:PALI:nasdaqtrader:Q:PALI,,common_equity,eligible,Q,,,2.1,2.8,,5918668.808730159,3.960396039603964,4.47761194029852,31.25,191.70718155299352,24.99999999999999,67.03992386238794,277.0,full,usable,2026-08-21,conditional,84.71,100.0,,,85.0,92.0,62.0,100.0,2.2.0,c8f1bf1665a8c5dfb834c0571e7dd5f6b6e5ccd00eab00295338bd42cfde549b
PAM,Pampa Energia S.A.,qrgf-resolution-required:N:PAM,SECURITY:PAM:qrgf-resolution-required:N:PAM,,common_equity,eligible,N,,,79.52,92.27,,15658155.676666666,-10.581356122793217,-2.680210500550728,-4.238921001926799,12.063134160090193,13.818142408149992,27.808945550095643,277.0,full,usable,2026-08-21,conditional,79.43,100.0,,,79.0,82.0,62.0,100.0,2.2.0,c8f1bf1665a8c5dfb834c0571e7dd5f6b6e5ccd00eab00295338bd42cfde549b
PAMT,PAMT CORP - Common Stock,nasdaqtrader:Q:PAMT,SECURITY:PAMT:nasdaqtrader:Q:PAMT,,common_equity,eligible,Q,,,11.47,17.56,,304683.431815873,-27.405063291139243,-6.214227309893705,-3.572929802437985,-8.750994431185354,34.68109339407744,86.35990384753666,277.0,full,usable,2026-08-21,rejected,68.0,100.0,,,73.0,92.0,0.0,100.0,2.2.0,c8f1bf1665a8c5dfb834c0571e7dd5f6b6e5ccd00eab00295338bd42cfde549b
PANL,Pangaea Logistics Solutions Ltd. - Common Stock,nasdaqtrader:Q:PANL,SECURITY:PANL:nasdaqtrader:Q:PANL,,common_equity,eligible,Q,,,8.14,9.35,,3653772.6476984126,6.684141546526878,-1.6908212560386326,-12.473118279569896,62.47504990019961,12.941176470588223,39.14378222072154,277.0,full,usable,2026-08-21,conditional,80.36,100.0,,,95.0,82.0,45.0,100.0,2.2.0,c8f1bf1665a8c5dfb834c0571e7dd5f6b6e5ccd00eab00295338bd42cfde549b
PANW,"Palo Alto Networks, Inc. - Common Stock",nasdaqtrader:Q:PANW,SECURITY:PANW:nasdaqtrader:Q:PANW,,common_equity,eligible,Q,,,357.87,396.0,,2318326790.7015877,9.900807665141432,41.495334493120374,140.66577000672496,94.04109960418587,9.62878787878788,44.37714706590364,277.0,full,usable,2026-08-21,conditional,85.86,100.0,,,73.0,82.0,100.0,100.0,2.2.0,c8f1bf1665a8c5dfb834c0571e7dd5f6b6e5ccd00eab00295338bd42cfde549b
PAPL,Pineapple Financial Inc. Common Stock,nasdaqtrader:A:PAPL,SECURITY:PAPL:nasdaqtrader:A:PAPL,,common_equity,eligible,A,,,1.15,7.09,,290766.5120507936,7.47663551401867,4.545454545454519,61.562236583309904,-77.49510763209393,83.77997179125529,113.7197470017679,274.0,full,usable,2026-08-21,rejected,35.57,100.0,,,37.0,30.0,0.0,100.0,2.2.0,c8f1bf1665a8c5dfb834c0571e7dd5f6b6e5ccd00eab00295338bd42cfde549b
PAR,PAR Technology Corporation Common Stock,nasdaqtrader:N:PAR,SECURITY:PAR:nasdaqtrader:N:PAR,,common_equity,eligible,N,,,19.53,54.61,,18420591.41476191,25.67567567567568,37.63213530655391,-10.699588477366252,-62.04819277108433,64.23731917231277,50.21498707600994,277.0,full,usable,2026-08-21,conditional,68.29,100.0,,,55.0,70.0,62.0,100.0,2.2.0,c8f1bf1665a8c5dfb834c0571e7dd5f6b6e5ccd00eab00295338bd42cfde549b
PARA,"Banzai International, Inc. - Class A Common Stock",nasdaqtrader:Q:PARA,NAMECLASS:BANZAI INTERNATIONAL INC,,common_equity,eligible,Q,,,1.3,75.8,,807851.8433333334,-41.70403587443946,-62.643678160919535,-94.39655172413794,-97.78911564625851,98.28496042216359,131.39503608190236,277.0,full,usable,2026-08-21,rejected,27.86,100.0,,,10.0,30.0,0.0,100.0,2.2.0,c8f1bf1665a8c5dfb834c0571e7dd5f6b6e5ccd00eab00295338bd42cfde549b
PARK,"Park Dental Partners, Inc. - Common Stock",nasdaqtrader:Q:PARK,SECURITY:PARK:nasdaqtrader:Q:PARK,,common_equity,eligible,Q,,,20.61,23.05,,568612.9975396825,4.354430379746832,12.071778140293631,11.64680390032502,,10.585683297180049,65.25410185788526,180.0,limited_but_usable,usable,2026-08-21,rejected,57.0,100.0,,,47.0,82.0,0.0,100.0,2.2.0,c8f1bf1665a8c5dfb834c0571e7dd5f6b6e5ccd00eab00295338bd42cfde549b
PARR,"Par Pacific Holdings, Inc.  Common Stock",nasdaqtrader:N:PARR,SECURITY:PARR:nasdaqtrader:N:PARR,,common_equity,eligible,N,,,79.03,86.03,,65383626.545555554,1.8296611261435336,36.730103806228385,84.8654970760234,148.91338582677167,8.13669650122051,79.56795380848449,277.0,full,usable,2026-08-21,conditional,81.57,100.0,,,73.0,82.0,80.0,100.0,2.2.0,c8f1bf1665a8c5dfb834c0571e7dd5f6b6e5ccd00eab00295338bd42cfde549b
PASG,"Passage Bio, Inc. - Common Stock",nasdaqtrader:Q:PASG,SECURITY:PASG:nasdaqtrader:Q:PASG,,common_equity,eligible,Q,,,4.44,19.85,,351806.89999999997,-9.387755102040817,-13.953488372093014,-48.432055749128914,-42.26267880364109,77.63224181360202,43.859837646618104,277.0,full,usable,2026-08-21,rejected,44.14,100.0,,,67.0,30.0,0.0,100.0,2.2.0,c8f1bf1665a8c5dfb834c0571e7dd5f6b6e5ccd00eab00295338bd42cfde549b
PATH,"UiPath, Inc. Class A Common Stock",nasdaqtrader:N:PATH,NAMECLASS:UIPATH INC,,common_equity,eligible,N,,,16.39,19.29,,830239147.0207936,60.68627450980393,55.06149479659415,51.75925925925926,49.54379562043796,15.033696215655779,67.1460960522633,277.0,full,usable,2026-08-21,conditional,83.57,100.0,,,65.0,82.0,100.0,100.0,2.2.0,c8f1bf1665a8c5dfb834c0571e7dd5f6b6e5ccd00eab00295338bd42cfde549b
PATK,"Patrick Industries, Inc. - Common Stock",nasdaqtrader:Q:PATK,SECURITY:PATK:nasdaqtrader:Q:PATK,,common_equity,eligible,Q,,,83.41,145.75,,53299660.43888889,-2.3873610298420167,-7.53796696596829,-39.05005480453051,-24.96401583303347,42.77186963979417,34.75275333481759,277.0,full,usable,2026-08-21,conditional,86.21,100.0,,,73.0,95.0,80.0,100.0,2.2.0,c8f1bf1665a8c5dfb834c0571e7dd5f6b6e5ccd00eab00295338bd42cfde549b
PAVM,PAVmed Inc. - Common Stock,nasdaqtrader:Q:PAVM,SECURITY:PAVM:nasdaqtrader:Q:PAVM,,common_equity,eligible,Q,,,5.175,16.66,,140041.12586666667,13.986784140969167,-18.503937007874015,-45.35374868004225,-58.89594916600477,68.93757503001201,98.23817296285426,277.0,full,usable,2026-08-21,rejected,44.14,100.0,,,67.0,30.0,0.0,100.0,2.2.0,c8f1bf1665a8c5dfb834c0571e7dd5f6b6e5ccd00eab00295338bd42cfde549b
PAVS,Paranovus Entertainment Technology Ltd. - Class A Ordinary Shares,nasdaqtrader:Q:PAVS,NAMECLASS:PARANOVUS ENTERTAINMENT TECHNOLOGY LTD,,common_equity,eligible,Q,,,5.03,136800.0000001,,14631681.727460317,-14.89001692047377,-95.25471698113208,-99.65921409214093,-99.99412273322116,99.9963230994152,197.60840892745094,277.0,full,usable,2026-08-21,conditional,38.29,100.0,,,0.0,30.0,62.0,100.0,2.2.0,c8f1bf1665a8c5dfb834c0571e7dd5f6b6e5ccd00eab00295338bd42cfde549b
PAX,Patria Investments Limited - Class A Common Shares,nasdaqtrader:Q:PAX,NAMECLASS:PATRIA INVESTMENTS LIMITED,,common_equity,eligible,Q,,,11.46,17.59,,11070351.66984127,6.209453197405024,2.5962399283796067,-18.14285714285714,-12.519083969465639,34.84934621944286,30.244417625667424,277.0,full,usable,2026-08-21,conditional,81.29,100.0,,,73.0,92.0,62.0,100.0,2.2.0,c8f1bf1665a8c5dfb834c0571e7dd5f6b6e5ccd00eab00295338bd42cfde549b
PAY,"Paymentus Holdings, Inc. Class A Common Stock",nasdaqtrader:N:PAY,NAMECLASS:PAYMENTUS HOLDINGS INC,,common_equity,eligible,N,,,40.0,44.6,,36206338.96333333,39.08205841446453,70.35775127768314,54.32098765432099,7.469102632993008,10.313901345291487,98.68640009281853,277.0,full,usable,2026-08-21,conditional,77.0,100.0,,,57.0,82.0,80.0,100.0,2.2.0,c8f1bf1665a8c5dfb834c0571e7dd5f6b6e5ccd00eab00295338bd42cfde549b
PAYC,"Paycom Software, Inc. Common Stock",nasdaqtrader:N:PAYC,SECURITY:PAYC:nasdaqtrader:N:PAYC,,common_equity,eligible,N,,,229.07,233.89,,147793633.41079363,65.155010814708,70.50241905470787,99.6948827477988,0.934126459572604,2.0607978109367653,74.88816347135779,277.0,full,usable,2026-08-21,conditional,53.86,100.0,,,57.0,10.0,92.0,100.0,2.2.0,c8f1bf1665a8c5dfb834c0571e7dd5f6b6e5ccd00eab00295338bd42cfde549b
PAYO,Payoneer Global Inc. - Common Stock,nasdaqtrader:Q:PAYO,SECURITY:PAYO:nasdaqtrader:Q:PAYO,,common_equity,eligible,Q,,,7.11,7.17,,48872468.772301584,-0.1404494382022392,42.20000000000002,31.42329020332717,6.9172932330827,0.8368200836819994,4.511068720981542,277.0,full,usable,2026-08-21,conditional,51.29,100.0,,,57.0,10.0,80.0,100.0,2.2.0,c8f1bf1665a8c5dfb834c0571e7dd5f6b6e5ccd00eab00295338bd42cfde549b
PAYP,PayPay Corporation - American Depository Shares,nasdaqtrader:Q:PAYP,SECURITY:PAYP:nasdaqtrader:Q:PAYP,,adr,eligible,Q,,,15.41,24.56,,16360522.362619048,-1.5335463258785986,-20.60793405461102,,,37.255700325732896,59.40601213701214,113.0,insufficient,usable,2026-08-21,recheck,,71.43,,,,95.0,62.0,88.0,2.2.0,c8f1bf1665a8c5dfb834c0571e7dd5f6b6e5ccd00eab00295338bd42cfde549b
PAYS,"Paysign, Inc. - Common Stock",nasdaqtrader:Q:PAYS,SECURITY:PAYS:nasdaqtrader:Q:PAYS,,common_equity,eligible,Q,,,14.09,14.09,,6049814.297301588,67.93802145411203,122.2397476340694,329.5731707317073,172.00772200772204,0.0,82.33501324363931,277.0,full,usable,2026-08-21,conditional,52.0,100.0,,,73.0,10.0,62.0,100.0,2.2.0,c8f1bf1665a8c5dfb834c0571e7dd5f6b6e5ccd00eab00295338bd42cfde549b
PAYX,"Paychex, Inc. - Common Stock",nasdaqtrader:Q:PAYX,SECURITY:PAYX:nasdaqtrader:Q:PAYX,,common_equity,eligible,Q,,,124.475,140.81,,347657897.4404762,12.484185794324954,32.06896551724137,36.42590968873301,-10.372263824884797,11.6007385839074,32.93607943933485,277.0,full,usable,2026-08-21,conditional,77.86,100.0,,,51.0,82.0,92.0,100.0,2.2.0,c8f1bf1665a8c5dfb834c0571e7dd5f6b6e5ccd00eab00295338bd42cfde549b
PB,"Prosperity Bancshares, Inc. Common Stock",nasdaqtrader:N:PB,SECURITY:PB:nasdaqtrader:N:PB,,common_equity,eligible,N,,,72.77,76.03,,81846142.56317459,0.1238304898183662,5.28067129629628,-1.033591731266159,7.473046817309115,4.287781139024071,15.207988686633778,277.0,full,usable,2026-08-21,conditional,54.14,100.0,,,67.0,10.0,80.0,100.0,2.2.0,c8f1bf1665a8c5dfb834c0571e7dd5f6b6e5ccd00eab00295338bd42cfde549b
PBA,Pembina Pipeline Corp. Ordinary Shares (Canada),nasdaqtrader:N:PBA,SECURITY:PBA:nasdaqtrader:N:PBA,,common_equity,eligible,N,,,48.73,51.37,,55004826.198253974,-4.842804139816447,-1.1962692619627013,11.586901763224166,29.601063829787222,5.139186295503217,24.842697257542053,277.0,full,usable,2026-08-21,conditional,66.29,100.0,,,87.0,28.0,80.0,100.0,2.2.0,c8f1bf1665a8c5dfb834c0571e7dd5f6b6e5ccd00eab00295338bd42cfde549b
PBAM,"Private Bancorp of America, Inc. - Common Stock",nasdaqtrader:Q:PBAM,SECURITY:PBAM:nasdaqtrader:Q:PBAM,,common_equity,eligible,Q,,,87.71,87.71,,1756209.1105882353,,,,,0.0,,17.0,insufficient,usable,2026-08-21,rejected,,71.43,,,,10.0,0.0,64.0,2.2.0,c8f1bf1665a8c5dfb834c0571e7dd5f6b6e5ccd00eab00295338bd42cfde549b
PBF,PBF Energy Inc. Class A Common Stock,nasdaqtrader:N:PBF,NAMECLASS:PBF ENERGY INC,,common_equity,eligible,N,,,73.53,75.2,,162059963.6236508,18.692493946731226,88.20066547222933,113.8743455497382,211.43583227445995,2.220744680851061,76.34547638541784,277.0,full,usable,2026-08-21,conditional,58.43,100.0,,,73.0,10.0,92.0,100.0,2.2.0,c8f1bf1665a8c5dfb834c0571e7dd5f6b6e5ccd00eab00295338bd42cfde549b
PBFS,"Pioneer Bancorp, Inc. - Common Stock",nasdaqtrader:Q:PBFS,SECURITY:PBFS:nasdaqtrader:Q:PBFS,,common_equity,eligible,Q,,,17.365,18.02,,276376.69325396826,0.4918981481481399,15.99866399465597,20.173010380622824,35.55815768930521,3.6348501664816957,20.846549505356315,277.0,full,usable,2026-08-21,rejected,36.43,100.0,,,65.0,10.0,0.0,100.0,2.2.0,c8f1bf1665a8c5dfb834c0571e7dd5f6b6e5ccd00eab00295338bd42cfde549b
PBH,Prestige Consumer Healthcare Inc. Common Stock,nasdaqtrader:N:PBH,SECURITY:PBH:nasdaqtrader:N:PBH,,common_equity,eligible,N,,,51.31,70.21,,30481769.187142856,4.842664487127113,6.386066763425258,-26.25754527162978,-21.122213681783244,26.919242273180444,35.48025675613205,277.0,full,usable,2026-08-21,conditional,81.71,100.0,,,61.0,92.0,80.0,100.0,2.2.0,c8f1bf1665a8c5dfb834c0571e7dd5f6b6e5ccd00eab00295338bd42cfde549b
PBHC,"Pathfinder Bancorp, Inc. - Common Stock",nasdaqtrader:Q:PBHC,SECURITY:PBHC:nasdaqtrader:Q:PBHC,,common_equity,eligible,Q,,,16.3901,16.87,,195803.4685857143,2.630557294927982,20.870943952802357,23.233834586466152,12.107387140902892,2.844694724362773,20.197010970458106,277.0,full,usable,2026-08-21,rejected,34.14,100.0,,,57.0,10.0,0.0,100.0,2.2.0,c8f1bf1665a8c5dfb834c0571e7dd5f6b6e5ccd00eab00295338bd42cfde549b
PBI,Pitney Bowes Inc. Common Stock,nasdaqtrader:N:PBI,SECURITY:PBI:nasdaqtrader:N:PBI,,common_equity,eligible,N,,,16.48,18.51,,39867895.49380953,-7.675070028011211,6.322580645161291,56.80304471931494,45.32627865961201,10.967044840626695,28.643325773527806,277.0,full,usable,2026-08-21,conditional,79.29,100.0,,,65.0,82.0,80.0,100.0,2.2.0,c8f1bf1665a8c5dfb834c0571e7dd5f6b6e5ccd00eab00295338bd42cfde549b
PBLS,"Parabilis Medicines, Inc. - Common Stock",nasdaqtrader:Q:PBLS,SECURITY:PBLS:nasdaqtrader:Q:PBLS,,common_equity,eligible,Q,,,39.36,41.32,,20902956.210196078,19.963425784821688,,,,4.7434656340755055,63.700850693714564,51.0,insufficient,usable,2026-08-21,recheck,,71.43,,,,10.0,62.0,76.0,2.2.0,c8f1bf1665a8c5dfb834c0571e7dd5f6b6e5ccd00eab00295338bd42cfde549b
PBM,Psyence Biomedical Ltd. - Common Shares,nasdaqtrader:Q:PBM,SECURITY:PBM:nasdaqtrader:Q:PBM,,common_equity,eligible,Q,,,4.33,33.13,,323037.1738095238,53.546099290780155,6.650246305418728,73.2,-79.01114881240912,86.93027467552068,95.96880950935743,277.0,full,usable,2026-08-21,rejected,32.14,100.0,,,25.0,30.0,0.0,100.0,2.2.0,c8f1bf1665a8c5dfb834c0571e7dd5f6b6e5ccd00eab00295338bd42cfde549b
PBR,Petroleo Brasileiro S.A. Petrobras ADS,nasdaqtrader:N:PBR,SECURITY:PBR:nasdaqtrader:N:PBR,,adr,eligible,N,,,19.15,22.03,,273570443.5553968,0.7894736842105177,-4.39340988517225,21.279290690310315,60.654362416107375,13.073082160689975,31.15990139789224,277.0,full,usable,2026-08-21,conditional,87.57,100.0,,,85.0,82.0,92.0,100.0,2.2.0,c8f1bf1665a8c5dfb834c0571e7dd5f6b6e5ccd00eab00295338bd42cfde549b
PBT,Permian Basin Royalty Trust Common Stock,nasdaqtrader:N:PBT,SECURITY:PBT:nasdaqtrader:N:PBT,,common_equity,eligible,N,,,34.27,34.53,,3787073.8777777776,17.162393162393165,14.309539693128759,77.3809523809524,112.59305210918113,0.7529684332464481,50.579760430640555,277.0,full,usable,2026-08-21,conditional,48.36,100.0,,,73.0,10.0,45.0,100.0,2.2.0,c8f1bf1665a8c5dfb834c0571e7dd5f6b6e5ccd00eab00295338bd42cfde549b
PBYI,Puma Biotechnology Inc - Common Stock,nasdaqtrader:Q:PBYI,SECURITY:PBYI:nasdaqtrader:Q:PBYI,,common_equity,eligible,Q,,,9.24,9.49,,2544989.8457142855,15.355805243445708,31.063829787234056,35.28550512445094,80.82191780821917,2.6343519494204437,48.97308779791229,277.0,full,usable,2026-08-21,conditional,48.36,100.0,,,73.0,10.0,45.0,100.0,2.2.0,c8f1bf1665a8c5dfb834c0571e7dd5f6b6e5ccd00eab00295338bd42cfde549b
PC,Premium Catering (Holdings) Limited - Ordinary Shares,nasdaqtrader:Q:PC,SECURITY:PC:nasdaqtrader:Q:PC,,common_equity,eligible,Q,,,9.4,12.69,,0.0,0.0,0.0,0.0,50.159744408945706,25.92592592592592,0.0,276.0,full,usable,2026-08-20,rejected,74.29,100.0,,,95.0,92.0,0.0,100.0,2.2.0,c8f1bf1665a8c5dfb834c0571e7dd5f6b6e5ccd00eab00295338bd42cfde549b
PCAR,PACCAR Inc. - Common Stock,nasdaqtrader:Q:PCAR,SECURITY:PCAR:nasdaqtrader:Q:PCAR,,common_equity,eligible,Q,,,131.03,138.21,,422502067.42722225,0.214149139579356,19.83720504847266,2.0006227619492334,33.45895294357302,5.194993126401859,26.218505921921135,277.0,full,usable,2026-08-21,conditional,65.43,100.0,,,75.0,28.0,92.0,100.0,2.2.0,c8f1bf1665a8c5dfb834c0571e7dd5f6b6e5ccd00eab00295338bd42cfde549b
PCB,PCB Bancorp - Common Stock,nasdaqtrader:Q:PCB,SECURITY:PCB:nasdaqtrader:Q:PCB,,common_equity,eligible,Q,,,27.76,30.62,,1115299.8772222223,-3.944636678200686,13.075356415478613,20.329432162982243,27.985246657445817,9.340300457217499,24.33225272372516,277.0,full,usable,2026-08-21,rejected,62.14,100.0,,,65.0,82.0,0.0,100.0,2.2.0,c8f1bf1665a8c5dfb834c0571e7dd5f6b6e5ccd00eab00295338bd42cfde549b
PCG,Pacific Gas & Electric Co. Common Stock,nasdaqtrader:N:PCG,SECURITY:PCG:nasdaqtrader:N:PCG,,common_equity,eligible,N,,,17.6,19.11,,355784249.6079365,0.3420752565564511,7.055961070559613,-4.1394335511982465,14.583333333333348,7.901622187336466,25.76284497127301,277.0,full,usable,2026-08-21,conditional,63.14,100.0,,,67.0,28.0,92.0,100.0,2.2.0,c8f1bf1665a8c5dfb834c0571e7dd5f6b6e5ccd00eab00295338bd42cfde549b
PCLA,PicoCELA Inc. - American Depositary Shares,nasdaqtrader:Q:PCLA,SECURITY:PCLA:nasdaqtrader:Q:PCLA,,adr,eligible,Q,,,7.57,16.14,,8033188.240007937,45.85741811175337,236.44444444444446,53.8617886178862,-45.02541757443718,53.09789343246592,180.00672605357803,277.0,full,usable,2026-08-21,conditional,65.43,100.0,,,45.0,70.0,62.0,100.0,2.2.0,c8f1bf1665a8c5dfb834c0571e7dd5f6b6e5ccd00eab00295338bd42cfde549b
PCOR,"Procore Technologies, Inc. Common Stock",nasdaqtrader:N:PCOR,SECURITY:PCOR:nasdaqtrader:N:PCOR,,common_equity,eligible,N,,,63.49,79.6,,158052040.19126981,54.552093476144115,36.890901250539024,21.303018723729462,-1.2597200622083915,20.238693467336677,52.75973464617345,277.0,full,usable,2026-08-21,conditional,81.43,100.0,,,51.0,92.0,92.0,100.0,2.2.0,c8f1bf1665a8c5dfb834c0571e7dd5f6b6e5ccd00eab00295338bd42cfde549b
PCRX,"Pacira BioSciences, Inc. - Common Stock",nasdaqtrader:Q:PCRX,SECURITY:PCRX:nasdaqtrader:Q:PCRX,,common_equity,eligible,Q,,,24.67,27.62,,13687180.746666666,-4.859236405707668,5.068143100511069,6.244616709732997,-1.280512204881945,10.680666183924693,43.067004151875054,277.0,full,usable,2026-08-21,conditional,74.29,100.0,,,61.0,82.0,62.0,100.0,2.2.0,c8f1bf1665a8c5dfb834c0571e7dd5f6b6e5ccd00eab00295338bd42cfde549b
PCSA,"Processa Pharmaceuticals, Inc. - Common Stock",nasdaqtrader:Q:PCSA,SECURITY:PCSA:nasdaqtrader:Q:PCSA,,common_equity,eligible,Q,,,2.08,11.97,,524218.5252380952,-27.52613240418118,-18.908382066276797,-0.952380952380949,-59.80676328502415,82.62322472848788,160.14210627095957,277.0,full,usable,2026-08-21,rejected,44.14,100.0,,,67.0,30.0,0.0,100.0,2.2.0,c8f1bf1665a8c5dfb834c0571e7dd5f6b6e5ccd00eab00295338bd42cfde549b
PCT,"PureCycle Technologies, Inc. - Common stock",nasdaqtrader:Q:PCT,SECURITY:PCT:nasdaqtrader:Q:PCT,,common_equity,eligible,Q,,,6.8,15.13,,44306836.30222222,13.144758735440941,-39.98234774933805,-24.360400444938822,-45.988880063542496,55.0561797752809,81.90483276949459,277.0,full,usable,2026-08-21,conditional,75.57,100.0,,,67.0,70.0,80.0,100.0,2.2.0,c8f1bf1665a8c5dfb834c0571e7dd5f6b6e5ccd00eab00295338bd42cfde549b
PCTY,Paylocity Holding Corporation - Common Stock,nasdaqtrader:Q:PCTY,SECURITY:PCTY:nasdaqtrader:Q:PCTY,,common_equity,eligible,Q,,,153.34,182.31,,95165969.20142856,27.147595356550582,37.25384890798424,45.125875449555174,-15.407954984277605,15.890516153803958,44.42713524879719,277.0,full,usable,2026-08-21,conditional,75.29,100.0,,,51.0,82.0,80.0,100.0,2.2.0,c8f1bf1665a8c5dfb834c0571e7dd5f6b6e5ccd00eab00295338bd42cfde549b
PCVX,"Vaxcyte, Inc. - Common Stock",nasdaqtrader:Q:PCVX,SECURITY:PCVX:nasdaqtrader:Q:PCVX,,common_equity,eligible,Q,,,62.62,63.3,,73753205.38777778,12.544931703810214,32.137581768305544,7.024440266621079,100.3198976327575,1.0742496050552885,42.43482303253129,277.0,full,usable,2026-08-21,conditional,58.71,100.0,,,83.0,10.0,80.0,100.0,2.2.0,c8f1bf1665a8c5dfb834c0571e7dd5f6b6e5ccd00eab00295338bd42cfde549b
PCYO,Pure Cycle Corporation - Common Stock,nasdaqtrader:Q:PCYO,SECURITY:PCYO:nasdaqtrader:Q:PCYO,,common_equity,eligible,Q,,,11.32,11.94,,779656.9846031746,6.792452830188678,12.07920792079209,5.400372439478596,10.439024390243912,5.192629815745386,24.5217135073468,277.0,full,usable,2026-08-21,rejected,43.43,100.0,,,67.0,28.0,0.0,100.0,2.2.0,c8f1bf1665a8c5dfb834c0571e7dd5f6b6e5ccd00eab00295338bd42cfde549b
PD,"PagerDuty, Inc. Common Stock",nasdaqtrader:N:PD,SECURITY:PD:nasdaqtrader:N:PD,,common_equity,eligible,N,,,12.32,17.17,,18015174.99,42.75782155272305,74.7517730496454,87.51902587519025,-23.14410480349345,28.246942341292957,62.13517700382686,277.0,full,usable,2026-08-21,conditional,75.0,100.0,,,51.0,92.0,62.0,100.0,2.2.0,c8f1bf1665a8c5dfb834c0571e7dd5f6b6e5ccd00eab00295338bd42cfde549b
PDC,Perpetuals.com Ltd - American Depositary Shares,nasdaqtrader:Q:PDC,SECURITY:PDC:nasdaqtrader:Q:PDC,,adr,eligible,Q,,,3.1,8.325,,391180.2985714286,-16.216216216216218,-55.266955266955264,-35.416666666666664,8.92480674631062,62.76276276276276,131.28884732928253,277.0,full,usable,2026-08-21,rejected,58.43,100.0,,,67.0,70.0,0.0,100.0,2.2.0,c8f1bf1665a8c5dfb834c0571e7dd5f6b6e5ccd00eab00295338bd42cfde549b
PDCC,Pearl Diver Credit Company Inc. Common Stock,nasdaqtrader:N:PDCC,SECURITY:PDCC:nasdaqtrader:N:PDCC,,common_equity,eligible,N,,,8.78,17.6815,,89066.09492857142,-5.081081081081084,-18.325581395348845,-28.326530612244905,-45.92597154646795,50.34357944744507,27.03811952387411,277.0,full,usable,2026-08-21,rejected,58.43,100.0,,,67.0,70.0,0.0,100.0,2.2.0,c8f1bf1665a8c5dfb834c0571e7dd5f6b6e5ccd00eab00295338bd42cfde549b
PDD,PDD Holdings Inc. - American Depositary Shares,nasdaqtrader:Q:PDD,SECURITY:PDD:nasdaqtrader:Q:PDD,,adr,eligible,Q,,,88.38,138.13,,730611664.6625396,6.0984393757502975,-9.622660803763171,-15.780445969125212,-25.101694915254235,36.01679577209875,31.37917393330251,277.0,full,usable,2026-08-21,conditional,88.79,100.0,,,67.0,95.0,100.0,100.0,2.2.0,c8f1bf1665a8c5dfb834c0571e7dd5f6b6e5ccd00eab00295338bd42cfde549b
PDEX,"Pro-Dex, Inc. - Common Stock",nasdaqtrader:Q:PDEX,SECURITY:PDEX:nasdaqtrader:Q:PDEX,,common_equity,eligible,Q,,,65.67,68.44,,5105119.934126984,20.120724346076457,4.887398179204605,66.16902834008096,46.7814036656236,4.047340736411453,52.44373002273696,277.0,full,usable,2026-08-21,conditional,53.14,100.0,,,77.0,10.0,62.0,100.0,2.2.0,c8f1bf1665a8c5dfb834c0571e7dd5f6b6e5ccd00eab00295338bd42cfde549b
PDFS,"PDF Solutions, Inc. - Common Stock",nasdaqtrader:Q:PDFS,SECURITY:PDFS:nasdaqtrader:Q:PDFS,,common_equity,eligible,Q,,,45.65,70.79,,37112581.896031745,-12.798471824259794,2.4001794526693487,40.764724020968245,137.0197300103842,35.513490606017804,86.26715841141927,277.0,full,usable,2026-08-21,conditional,89.64,100.0,,,85.0,95.0,80.0,100.0,2.2.0,c8f1bf1665a8c5dfb834c0571e7dd5f6b6e5ccd00eab00295338bd42cfde549b
PDLB,"Ponce Financial Group, Inc. - Common Stock",nasdaqtrader:Q:PDLB,SECURITY:PDLB:nasdaqtrader:Q:PDLB,,common_equity,eligible,Q,,,20.42,20.76,,1622631.2030952382,2.5615268709191508,9.72595378828589,22.27544910179642,41.510741510741525,1.6377649325626242,20.362941085755285,277.0,full,usable,2026-08-21,rejected,36.43,100.0,,,65.0,10.0,0.0,100.0,2.2.0,c8f1bf1665a8c5dfb834c0571e7dd5f6b6e5ccd00eab00295338bd42cfde549b
PDM,"Piedmont Realty Trust, Inc. Class A Common Stock",nasdaqtrader:N:PDM,NAMECLASS:PIEDMONT REALTY TRUST INC,,common_equity,eligible,N,,,9.65,9.96,,9887290.295079365,0.8359456635318674,19.430693069306937,20.92731829573935,22.306717363751606,3.1124497991967925,24.908595836074166,277.0,full,usable,2026-08-21,conditional,49.71,100.0,,,65.0,10.0,62.0,100.0,2.2.0,c8f1bf1665a8c5dfb834c0571e7dd5f6b6e5ccd00eab00295338bd42cfde549b
PDS,Precision Drilling Corporation Common Stock,nasdaqtrader:N:PDS,SECURITY:PDS:nasdaqtrader:N:PDS,,common_equity,eligible,N,,,91.69,101.96,,9203607.306984128,7.0144724556489235,-4.787123572170304,3.8627095604893524,71.47933420609687,10.072577481365242,45.488260774599034,277.0,full,usable,2026-08-21,conditional,84.0,100.0,,,95.0,82.0,62.0,100.0,2.2.0,c8f1bf1665a8c5dfb834c0571e7dd5f6b6e5ccd00eab00295338bd42cfde549b
PDYN,Palladyne AI Corp. - Common stock,nasdaqtrader:Q:PDYN,SECURITY:PDYN:nasdaqtrader:Q:PDYN,,common_equity,eligible,Q,,,6.13,10.3,,11582358.459603176,17.208413001912028,-1.2882447665056418,-10.771470160116447,-15.096952908587259,40.48543689320388,59.38301754399616,277.0,full,usable,2026-08-21,conditional,82.36,100.0,,,73.0,95.0,62.0,100.0,2.2.0,c8f1bf1665a8c5dfb834c0571e7dd5f6b6e5ccd00eab00295338bd42cfde549b
