ticker,company,contract_id,issuer_id,issuer_cik,security_type,instrument_status,exchange,sector,industry,current_price,reference_52w_high,market_cap,avg_dollar_volume,return_1m_pct,return_3m_pct,return_6m_pct,return_12m_pct,drawdown_pct,historical_volatility_pct,trading_history_days,momentum_history_status,data_integrity_status,as_of,l2_status,l2_setup_score,l2_confidence_pct,l2_quality_prior_score,l2_room_to_target_score,setup_prior_growth,setup_pullback_geometry,setup_liquidity,setup_data_completeness,setup_model_version,l2_rules_hash
CXM,"Sprinklr, Inc. Class A Common Stock",nasdaqtrader:N:CXM,NAMECLASS:SPRINKLR INC,,common_equity,eligible,N,,,7.4,8.75,,19062321.71793651,34.54545454545455,40.15151515151516,32.379248658318424,-10.62801932367149,15.428571428571425,42.62542265482433,277.0,full,usable,2026-08-21,conditional,71.43,100.0,,,51.0,82.0,62.0,100.0,2.2.0,c8f1bf1665a8c5dfb834c0571e7dd5f6b6e5ccd00eab00295338bd42cfde549b
CXT,"Crane NXT, Co. Common Stock",nasdaqtrader:N:CXT,SECURITY:CXT:nasdaqtrader:N:CXT,,common_equity,eligible,N,,,50.2,68.91,,42070710.41174603,-3.55427473583092,25.3120319520719,-3.646833013435702,-16.61129568106312,27.15135684225801,35.73959501949292,277.0,full,usable,2026-08-21,conditional,81.71,100.0,,,61.0,92.0,80.0,100.0,2.2.0,c8f1bf1665a8c5dfb834c0571e7dd5f6b6e5ccd00eab00295338bd42cfde549b
CXW,"CoreCivic, Inc. Common Stock",nasdaqtrader:N:CXW,SECURITY:CXW:nasdaqtrader:N:CXW,,common_equity,eligible,N,,,34.01,34.01,,40840072.06761905,7.456556082148502,61.03219696969695,103.16606929510156,62.106768350810285,0.0,38.24897722104082,277.0,full,usable,2026-08-21,conditional,55.86,100.0,,,73.0,10.0,80.0,100.0,2.2.0,c8f1bf1665a8c5dfb834c0571e7dd5f6b6e5ccd00eab00295338bd42cfde549b
CYCN,"Cyclerion Therapeutics, Inc. - Common Stock",nasdaqtrader:Q:CYCN,SECURITY:CYCN:nasdaqtrader:Q:CYCN,,common_equity,eligible,Q,,,3.89,6.38,,95687.1957936508,7.458563535911611,23.1012658227848,190.2985074626866,63.44537815126052,39.0282131661442,41.48854185028187,277.0,full,usable,2026-08-21,rejected,69.07,100.0,,,73.0,95.0,0.0,100.0,2.2.0,c8f1bf1665a8c5dfb834c0571e7dd5f6b6e5ccd00eab00295338bd42cfde549b
CYD,China Yuchai International Limited Common Stock,nasdaqtrader:N:CYD,SECURITY:CYD:nasdaqtrader:N:CYD,,common_equity,eligible,N,,,39.88,59.71,,9088904.962380953,-13.001745200698078,-28.35070068271648,-28.72207327971403,30.454694144586192,33.210517501256064,53.749837207910275,277.0,full,usable,2026-08-21,conditional,85.29,100.0,,,87.0,92.0,62.0,100.0,2.2.0,c8f1bf1665a8c5dfb834c0571e7dd5f6b6e5ccd00eab00295338bd42cfde549b
CYH,"Community Health Systems, Inc. Common Stock",nasdaqtrader:N:CYH,SECURITY:CYH:nasdaqtrader:N:CYH,,common_equity,eligible,N,,,3.01,4.41,,5243160.3163492065,8.273381294964022,8.664259927797824,-15.449438202247201,11.070110701106994,31.746031746031754,62.3703621620604,277.0,full,usable,2026-08-21,conditional,79.57,100.0,,,67.0,92.0,62.0,100.0,2.2.0,c8f1bf1665a8c5dfb834c0571e7dd5f6b6e5ccd00eab00295338bd42cfde549b
CYN,Cyngn Inc. - Common stock,nasdaqtrader:Q:CYN,SECURITY:CYN:nasdaqtrader:Q:CYN,,common_equity,eligible,Q,,,1.09,6.36,,247945.3495238095,-2.67857142857143,-22.14285714285713,-23.77622377622377,-79.7773654916512,82.86163522012579,69.56583617919138,277.0,full,usable,2026-08-21,rejected,38.43,100.0,,,47.0,30.0,0.0,100.0,2.2.0,c8f1bf1665a8c5dfb834c0571e7dd5f6b6e5ccd00eab00295338bd42cfde549b
CYRX,"CryoPort, Inc. - Common Stock",nasdaqtrader:Q:CYRX,SECURITY:CYRX:nasdaqtrader:Q:CYRX,,common_equity,eligible,Q,,,17.13,17.13,,12045979.406031746,6.862133499688072,20.46413502109703,102.96208530805688,97.80600461893762,0.0,43.04709940287335,277.0,full,usable,2026-08-21,conditional,52.0,100.0,,,73.0,10.0,62.0,100.0,2.2.0,c8f1bf1665a8c5dfb834c0571e7dd5f6b6e5ccd00eab00295338bd42cfde549b
CYTK,"Cytokinetics, Incorporated - Common Stock",nasdaqtrader:Q:CYTK,SECURITY:CYTK:nasdaqtrader:Q:CYTK,,common_equity,eligible,Q,,,76.84,87.26,,159567688.87261906,-6.201171875,-1.5629003330771218,13.099793935825744,105.89496248660235,11.941324776529916,33.84633562554746,277.0,full,usable,2026-08-21,conditional,90.43,100.0,,,95.0,82.0,92.0,100.0,2.2.0,c8f1bf1665a8c5dfb834c0571e7dd5f6b6e5ccd00eab00295338bd42cfde549b
CZFS,"Citizens Financial Services, Inc. - Common Stock",nasdaqtrader:Q:CZFS,SECURITY:CZFS:nasdaqtrader:Q:CZFS,,common_equity,eligible,Q,,,81.7,83.67,,1624971.3795238095,14.265734265734276,26.1191725841309,29.744322693346035,43.28305857593826,2.354487869009203,37.64930683651238,277.0,full,usable,2026-08-21,rejected,36.43,100.0,,,65.0,10.0,0.0,100.0,2.2.0,c8f1bf1665a8c5dfb834c0571e7dd5f6b6e5ccd00eab00295338bd42cfde549b
CZNC,Citizens & Northern Corp - Common Stock,nasdaqtrader:Q:CZNC,SECURITY:CZNC:nasdaqtrader:Q:CZNC,,common_equity,eligible,Q,,,25.8,26.09,,1608426.024047619,10.920034393809107,21.755545068428496,8.221476510067127,32.17213114754098,1.111536987351469,20.660627962029334,277.0,full,usable,2026-08-21,rejected,39.29,100.0,,,75.0,10.0,0.0,100.0,2.2.0,c8f1bf1665a8c5dfb834c0571e7dd5f6b6e5ccd00eab00295338bd42cfde549b
CZR,"Caesars Entertainment, Inc. - Common Stock",nasdaqtrader:Q:CZR,SECURITY:CZR:nasdaqtrader:Q:CZR,,common_equity,eligible,Q,,,29.76,30.41,,191469989.23396826,-0.4682274247491569,6.666666666666687,40.17899199246351,18.00158604282316,2.1374547846103154,8.095292051909981,277.0,full,usable,2026-08-21,conditional,56.14,100.0,,,65.0,10.0,92.0,100.0,2.2.0,c8f1bf1665a8c5dfb834c0571e7dd5f6b6e5ccd00eab00295338bd42cfde549b
CZWI,"Citizens Community Bancorp, Inc. - Common Stock",nasdaqtrader:Q:CZWI,SECURITY:CZWI:nasdaqtrader:Q:CZWI,,common_equity,eligible,Q,,,21.07,23.95,,1780957.479920635,-8.311575282854655,3.2337089661930385,14.448669201520904,32.515723270440255,12.025052192066799,35.10981294578545,277.0,full,usable,2026-08-21,rejected,68.43,100.0,,,87.0,82.0,0.0,100.0,2.2.0,c8f1bf1665a8c5dfb834c0571e7dd5f6b6e5ccd00eab00295338bd42cfde549b
D,"Dominion Energy, Inc. Common Stock",nasdaqtrader:N:D,SECURITY:D:nasdaqtrader:N:D,,common_equity,eligible,N,,,66.6,71.69,,378949777.9873016,-6.801007556675065,-2.4747400790745555,0.9702850212249814,8.25747724317294,7.100013948946859,15.001083073390136,277.0,full,usable,2026-08-21,conditional,66.57,100.0,,,79.0,28.0,92.0,100.0,2.2.0,c8f1bf1665a8c5dfb834c0571e7dd5f6b6e5ccd00eab00295338bd42cfde549b
DAC,Danaos Corporation Common Stock,nasdaqtrader:N:DAC,SECURITY:DAC:nasdaqtrader:N:DAC,,common_equity,eligible,N,,,149.75,149.75,,13572059.590952381,8.956635622817233,12.865541151643045,36.16112020367339,62.54206013242158,0.0,29.30344628092788,277.0,full,usable,2026-08-21,conditional,52.0,100.0,,,73.0,10.0,62.0,100.0,2.2.0,c8f1bf1665a8c5dfb834c0571e7dd5f6b6e5ccd00eab00295338bd42cfde549b
DAIO,Data I/O Corporation - Common Stock,nasdaqtrader:Q:DAIO,SECURITY:DAIO:nasdaqtrader:Q:DAIO,,common_equity,eligible,Q,,,2.97,4.26,,292007.9573015873,-5.414012738853502,-2.6229508196721207,6.071428571428594,-9.174311926605494,30.281690140845065,43.679076553198435,277.0,full,usable,2026-08-21,rejected,68.0,100.0,,,73.0,92.0,0.0,100.0,2.2.0,c8f1bf1665a8c5dfb834c0571e7dd5f6b6e5ccd00eab00295338bd42cfde549b
DAKT,"Daktronics, Inc. - Common Stock",nasdaqtrader:Q:DAKT,SECURITY:DAKT:nasdaqtrader:Q:DAKT,,common_equity,eligible,Q,,,19.2,27.73,,9483831.326507937,-3.0792529025744586,-2.6862645717182,-30.760908763072493,21.212121212121215,30.760908763072493,29.180258424224064,277.0,full,usable,2026-08-21,conditional,85.29,100.0,,,87.0,92.0,62.0,100.0,2.2.0,c8f1bf1665a8c5dfb834c0571e7dd5f6b6e5ccd00eab00295338bd42cfde549b
DAL,"Delta Air Lines, Inc. Common Stock",nasdaqtrader:N:DAL,SECURITY:DAL:nasdaqtrader:N:DAL,,common_equity,eligible,N,,,82.41,93.66,,586016804.1131746,0.5367817494205118,8.935888962326487,18.67799539170507,39.55969517358171,12.011531069827031,33.83130232860008,277.0,full,usable,2026-08-21,conditional,83.57,100.0,,,65.0,82.0,100.0,100.0,2.2.0,c8f1bf1665a8c5dfb834c0571e7dd5f6b6e5ccd00eab00295338bd42cfde549b
DAN,Dana Incorporated Common Stock,nasdaqtrader:N:DAN,SECURITY:DAN:nasdaqtrader:N:DAN,,common_equity,eligible,N,,,31.72,38.93,,48589763.56809524,14.802750633369532,-6.3201417601890135,-7.440910417274593,69.80728051391863,18.520421268944265,35.50033223933338,277.0,full,usable,2026-08-21,conditional,87.86,100.0,,,95.0,82.0,80.0,100.0,2.2.0,c8f1bf1665a8c5dfb834c0571e7dd5f6b6e5ccd00eab00295338bd42cfde549b
DAO,"Youdao, Inc. American Depositary Shares, each representing one Class A Ordinary Share",nasdaqtrader:N:DAO,SECURITY:DAO:nasdaqtrader:N:DAO,,adr,eligible,N,,,18.34,18.45,,1088775.5833333333,25.187713310580207,58.9254766031196,80.15717092337917,100.43715846994536,0.596205962059615,57.02985536184032,277.0,full,usable,2026-08-21,rejected,38.71,100.0,,,73.0,10.0,0.0,100.0,2.2.0,c8f1bf1665a8c5dfb834c0571e7dd5f6b6e5ccd00eab00295338bd42cfde549b
DAR,Darling Ingredients Inc. Common Stock,nasdaqtrader:N:DAR,SECURITY:DAR:nasdaqtrader:N:DAR,,common_equity,eligible,N,,,65.74,68.34,,138749676.7136508,3.6908517350157766,13.61908053923262,27.40310077519379,113.44155844155841,3.8045068773778334,39.18556094026862,277.0,full,usable,2026-08-21,conditional,58.43,100.0,,,73.0,10.0,92.0,100.0,2.2.0,c8f1bf1665a8c5dfb834c0571e7dd5f6b6e5ccd00eab00295338bd42cfde549b
DASH,"DoorDash, Inc. - Common Stock",nasdaqtrader:Q:DASH,SECURITY:DASH:nasdaqtrader:Q:DASH,,common_equity,eligible,Q,,,223.49,281.74,,839120853.6822222,31.642810861754135,40.32146669178125,26.774065460321083,-8.338118283979979,20.67509050897991,40.865747632466544,277.0,full,usable,2026-08-21,conditional,83.14,100.0,,,51.0,92.0,100.0,100.0,2.2.0,c8f1bf1665a8c5dfb834c0571e7dd5f6b6e5ccd00eab00295338bd42cfde549b
DAVA,Endava plc American Depositary Shares (each representing one Class A Ordinary Share),nasdaqtrader:N:DAVA,SECURITY:DAVA:nasdaqtrader:N:DAVA,,adr,eligible,N,,,3.19,14.68,,931663.1828571429,15.579710144927539,-4.491017964071853,-35.42510121457491,-74.90165224232888,78.26975476839237,52.385029516205165,277.0,full,usable,2026-08-21,rejected,38.43,100.0,,,47.0,30.0,0.0,100.0,2.2.0,c8f1bf1665a8c5dfb834c0571e7dd5f6b6e5ccd00eab00295338bd42cfde549b
DAVE,Dave Inc.  - Class A Common Stock,nasdaqtrader:Q:DAVE,NAMECLASS:DAVE INC,,common_equity,eligible,Q,,,354.72,442.53,,194777894.85492066,-13.184365745612947,47.24782067247821,100.9631182369271,88.43027888446218,19.84272252728627,84.42215368486391,277.0,full,usable,2026-08-21,conditional,84.14,100.0,,,73.0,82.0,92.0,100.0,2.2.0,c8f1bf1665a8c5dfb834c0571e7dd5f6b6e5ccd00eab00295338bd42cfde549b
DB,Deutsche Bank AG Common Stock,nasdaqtrader:N:DB,SECURITY:DB:nasdaqtrader:N:DB,,common_equity,eligible,N,,,37.82,40.33,,81067578.8352381,10.779144698301103,14.954407294832839,2.9956427015250586,3.4463894967177167,6.223654847508053,26.271795212754974,277.0,full,usable,2026-08-21,conditional,60.57,100.0,,,67.0,28.0,80.0,100.0,2.2.0,c8f1bf1665a8c5dfb834c0571e7dd5f6b6e5ccd00eab00295338bd42cfde549b
DBD,Diebold Nixdorf Incorporated Common stock,nasdaqtrader:N:DBD,SECURITY:DBD:nasdaqtrader:N:DBD,,common_equity,eligible,N,,,69.94,90.75,,24221697.0331746,-19.5907105081628,-3.3977900552486284,-13.909404234367306,15.260382333553068,22.931129476584022,67.67660815973541,277.0,full,usable,2026-08-21,conditional,85.29,100.0,,,87.0,92.0,62.0,100.0,2.2.0,c8f1bf1665a8c5dfb834c0571e7dd5f6b6e5ccd00eab00295338bd42cfde549b
DBGI,"Digital Brands Group, Inc. - Common Stock",nasdaqtrader:Q:DBGI,SECURITY:DBGI:nasdaqtrader:Q:DBGI,,common_equity,eligible,Q,,,8.71,711.2,,4561443.556666667,-56.53692614770458,-51.28635346756152,-95.82053742802303,-98.03190527838032,98.77530933633297,243.7289167806315,277.0,full,usable,2026-08-21,conditional,37.5,100.0,,,10.0,30.0,45.0,100.0,2.2.0,c8f1bf1665a8c5dfb834c0571e7dd5f6b6e5ccd00eab00295338bd42cfde549b
DBI,Designer Brands Inc. Class A Common Stock,nasdaqtrader:N:DBI,NAMECLASS:DESIGNER BRANDS INC,,common_equity,eligible,N,,,5.75,9.11,,4106366.7115873015,7.276119402985071,-16.30276564774381,-23.941798941798943,81.38801261829653,36.88254665203073,62.94937842721462,277.0,full,usable,2026-08-21,conditional,85.0,100.0,,,95.0,95.0,45.0,100.0,2.2.0,c8f1bf1665a8c5dfb834c0571e7dd5f6b6e5ccd00eab00295338bd42cfde549b
DBRG,"DigitalBridge Group, Inc.",qrgf-resolution-required:N:DBRG,SECURITY:DBRG:qrgf-resolution-required:N:DBRG,,common_equity,eligible,N,,,15.93,15.94,,46009365.947936505,0.5681818181818121,1.4649681528662528,3.4415584415584455,41.09831709477414,0.06273525721455231,3.0252545868132064,277.0,full,usable,2026-08-21,conditional,59.86,100.0,,,87.0,10.0,80.0,100.0,2.2.0,c8f1bf1665a8c5dfb834c0571e7dd5f6b6e5ccd00eab00295338bd42cfde549b
DBVT,DBV Technologies S.A. - American Depositary Shares,nasdaqtrader:Q:DBVT,SECURITY:DBVT:nasdaqtrader:Q:DBVT,,adr,eligible,Q,,,14.55,24.54,,4928138.151031746,4.978354978354993,-21.647819063004846,-32.19944082013048,48.469387755102034,40.709046454767716,41.638816547479394,277.0,full,usable,2026-08-21,conditional,82.71,100.0,,,87.0,95.0,45.0,100.0,2.2.0,c8f1bf1665a8c5dfb834c0571e7dd5f6b6e5ccd00eab00295338bd42cfde549b
DBX,"Dropbox, Inc. - Class A Common Stock",nasdaqtrader:Q:DBX,NAMECLASS:DROPBOX INC,,common_equity,eligible,Q,,,34.47,35.93,,119458101.5184127,21.245163559620117,26.495412844036693,35.28257456828885,21.287825475017573,4.063456721402725,42.15719416037433,277.0,full,usable,2026-08-21,conditional,56.14,100.0,,,65.0,10.0,92.0,100.0,2.2.0,c8f1bf1665a8c5dfb834c0571e7dd5f6b6e5ccd00eab00295338bd42cfde549b
DC,Dakota Gold Corp. Common Stock,nasdaqtrader:A:DC,SECURITY:DC:nasdaqtrader:A:DC,,common_equity,eligible,A,,,6.15,7.0,,7613748.565238096,31.41025641025643,14.525139664804465,0.819672131147553,60.15625000000002,12.142857142857133,59.0943709363216,277.0,full,usable,2026-08-21,conditional,80.57,100.0,,,83.0,82.0,62.0,100.0,2.2.0,c8f1bf1665a8c5dfb834c0571e7dd5f6b6e5ccd00eab00295338bd42cfde549b
DCBO,Docebo Inc. - Common Shares,nasdaqtrader:Q:DCBO,SECURITY:DCBO:nasdaqtrader:Q:DCBO,,common_equity,eligible,Q,,,24.69,31.79,,1909525.1313492064,30.01579778830965,43.63001745200699,43.965014577259495,-17.008403361344538,22.33406731676627,62.57090471589626,277.0,full,usable,2026-08-21,rejected,61.71,100.0,,,51.0,92.0,0.0,100.0,2.2.0,c8f1bf1665a8c5dfb834c0571e7dd5f6b6e5ccd00eab00295338bd42cfde549b
DCH,Dauch Corporation Common Stock,nasdaqtrader:N:DCH,SECURITY:DCH:nasdaqtrader:N:DCH,,common_equity,eligible,N,,,6.88,9.0,,21555227.34952381,23.076923076923084,11.869918699186988,-1.854493580599148,22.638146167557927,23.55555555555555,59.08620816409018,277.0,full,usable,2026-08-21,conditional,81.86,100.0,,,75.0,92.0,62.0,100.0,2.2.0,c8f1bf1665a8c5dfb834c0571e7dd5f6b6e5ccd00eab00295338bd42cfde549b
DCI,"Donaldson Company, Inc. Common Stock",nasdaqtrader:N:DCI,SECURITY:DCI:nasdaqtrader:N:DCI,,common_equity,eligible,N,,,93.25,110.57,,68796729.80920635,2.31511959622559,12.866134107964179,-13.465107646622132,25.47093649085039,15.664285068282535,20.241032892813692,277.0,full,usable,2026-08-21,conditional,82.14,100.0,,,75.0,82.0,80.0,100.0,2.2.0,c8f1bf1665a8c5dfb834c0571e7dd5f6b6e5ccd00eab00295338bd42cfde549b
DCO,Ducommun Incorporated Common Stock,nasdaqtrader:N:DCO,SECURITY:DCO:nasdaqtrader:N:DCO,,common_equity,eligible,N,,,191.65,206.98,,47775147.67126984,9.196057204717679,34.09599776098518,51.40622531205563,118.28018223234626,7.40651270654169,48.76297228494797,277.0,full,usable,2026-08-21,conditional,62.29,100.0,,,73.0,28.0,80.0,100.0,2.2.0,c8f1bf1665a8c5dfb834c0571e7dd5f6b6e5ccd00eab00295338bd42cfde549b
DCOM,"Dime Commercial Bancshares, Inc. Common Stock",nasdaqtrader:N:DCOM,SECURITY:DCOM:nasdaqtrader:N:DCOM,,common_equity,eligible,N,,,40.43,41.74,,12767249.908412699,3.058883507519772,9.625813449023845,17.974905164867216,41.31422579517652,3.1384762817441403,17.69812709541902,277.0,full,usable,2026-08-21,conditional,49.71,100.0,,,65.0,10.0,62.0,100.0,2.2.0,c8f1bf1665a8c5dfb834c0571e7dd5f6b6e5ccd00eab00295338bd42cfde549b
DCOY,Decoy Therapeutics Inc. - Common Stock,nasdaqtrader:Q:DCOY,SECURITY:DCOY:nasdaqtrader:Q:DCOY,,common_equity,eligible,Q,,,3.2,71.4,,2187685.8892285717,-35.22267206477733,-50.23328149300155,-64.06916685380642,-95.09803921568627,95.51820728291317,105.66236841523933,277.0,full,usable,2026-08-21,conditional,41.79,100.0,,,25.0,30.0,45.0,100.0,2.2.0,c8f1bf1665a8c5dfb834c0571e7dd5f6b6e5ccd00eab00295338bd42cfde549b
DCTH,"Delcath Systems, Inc. - Common Stock",nasdaqtrader:Q:DCTH,SECURITY:DCTH:nasdaqtrader:Q:DCTH,,common_equity,eligible,Q,,,17.14,17.36,,7644287.253333333,37.89219629927596,49.69432314410482,75.25562372188142,65.92449177153921,1.2672811059907807,75.28716421630607,277.0,full,usable,2026-08-21,conditional,52.0,100.0,,,73.0,10.0,62.0,100.0,2.2.0,c8f1bf1665a8c5dfb834c0571e7dd5f6b6e5ccd00eab00295338bd42cfde549b
DCX,Digital Currency X Technology Inc. - Class A Ordinary Shares,nasdaqtrader:Q:DCX,NAMECLASS:DIGITAL CURRENCY X TECHNOLOGY INC,,common_equity,eligible,Q,,,1.03,2112.0,,947877.8367126985,44.66292134831462,-54.82456140350877,-55.21739130434782,-99.95177902621722,99.95123106060606,138.63151520388803,277.0,full,usable,2026-08-21,rejected,32.14,100.0,,,25.0,30.0,0.0,100.0,2.2.0,c8f1bf1665a8c5dfb834c0571e7dd5f6b6e5ccd00eab00295338bd42cfde549b
DD,"DuPont de Nemours, Inc. Common Stock",nasdaqtrader:N:DD,SECURITY:DD:nasdaqtrader:N:DD,,common_equity,eligible,N,,,138.33,246.48,,203577204.4379365,0.6768558951965042,-2.205726405090125,-8.53005356080141,-38.0907626208378,43.877799415774085,24.61727197268768,277.0,full,usable,2026-08-21,conditional,87.07,100.0,,,67.0,95.0,92.0,100.0,2.2.0,c8f1bf1665a8c5dfb834c0571e7dd5f6b6e5ccd00eab00295338bd42cfde549b
DDC,DDC Enterprise Limited Class A Ordinary Shares,nasdaqtrader:A:DDC,SECURITY:DDC:nasdaqtrader:A:DDC,,common_equity,eligible,A,,,0.6024,13.92,,133371.71381507936,32.74570295284267,-50.17781821189315,-76.65116279069768,-94.22988505747126,95.67241379310344,154.04523006803203,277.0,full,usable,2026-08-21,rejected,27.86,100.0,,,10.0,30.0,0.0,100.0,2.2.0,c8f1bf1665a8c5dfb834c0571e7dd5f6b6e5ccd00eab00295338bd42cfde549b
DDD,3D Systems Corporation Common Stock,nasdaqtrader:N:DDD,SECURITY:DDD:nasdaqtrader:N:DDD,,common_equity,eligible,N,,,3.19,3.88,,13606894.272222223,23.166023166023166,6.688963210702337,52.63157894736843,61.92893401015229,17.78350515463918,90.77695792772425,277.0,full,usable,2026-08-21,conditional,77.71,100.0,,,73.0,82.0,62.0,100.0,2.2.0,c8f1bf1665a8c5dfb834c0571e7dd5f6b6e5ccd00eab00295338bd42cfde549b
DDI,"DoubleDown Interactive Co., Ltd. - American Depository Shares",nasdaqtrader:Q:DDI,SECURITY:DDI:nasdaqtrader:Q:DDI,,adr,eligible,Q,,,12.89,12.92,,1197179.0124603175,13.468309859154948,6.440957886044596,46.1451247165533,38.90086206896552,0.23219814241485226,22.402677846159484,277.0,full,usable,2026-08-21,rejected,36.43,100.0,,,65.0,10.0,0.0,100.0,2.2.0,c8f1bf1665a8c5dfb834c0571e7dd5f6b6e5ccd00eab00295338bd42cfde549b
DDL,Dingdong (Cayman) Limited American Depositary Shares (each two representing three Ordinary Shares),nasdaqtrader:N:DDL,SECURITY:DDL:nasdaqtrader:N:DDL,,adr,eligible,N,,,2.47,3.2,,1047959.2496825396,3.7815126050420256,-4.263565891472865,-10.83032490974729,6.465517241379337,22.812500000000004,45.810217349872694,277.0,full,usable,2026-08-21,rejected,69.71,100.0,,,79.0,92.0,0.0,100.0,2.2.0,c8f1bf1665a8c5dfb834c0571e7dd5f6b6e5ccd00eab00295338bd42cfde549b
DDOG,"Datadog, Inc. - Class A Common Stock",nasdaqtrader:Q:DDOG,NAMECLASS:DATADOG INC,,common_equity,eligible,Q,,,235.62,288.15,,1279342740.7384129,-3.588526535455616,8.062740781507994,103.71779353276848,83.4189631013545,18.230088495575213,82.54772879105943,277.0,full,usable,2026-08-21,conditional,85.86,100.0,,,73.0,82.0,100.0,100.0,2.2.0,c8f1bf1665a8c5dfb834c0571e7dd5f6b6e5ccd00eab00295338bd42cfde549b
DDS,"Dillard's, Inc. Common Stock",nasdaqtrader:N:DDS,SECURITY:DDS:nasdaqtrader:N:DDS,,common_equity,eligible,N,,,621.63,730.73,,76891058.34809524,10.813412481950891,12.644740418592004,-7.21940298507463,24.985925687630694,14.930275204247812,46.870320963099005,277.0,full,usable,2026-08-21,conditional,82.14,100.0,,,75.0,82.0,80.0,100.0,2.2.0,c8f1bf1665a8c5dfb834c0571e7dd5f6b6e5ccd00eab00295338bd42cfde549b
DDT,Dillard's Capital Trust I,qrgf-resolution-required:N:DDT,SECURITY:DDT:qrgf-resolution-required:N:DDT,,common_equity,eligible,N,,,26.36,26.72,,207155.1029809524,0.783788950487474,0.49561570720548787,0.49561570720548787,1.0736196319018454,1.3473053892215536,6.253501950470384,277.0,full,usable,2026-08-21,rejected,40.43,100.0,,,79.0,10.0,0.0,100.0,2.2.0,c8f1bf1665a8c5dfb834c0571e7dd5f6b6e5ccd00eab00295338bd42cfde549b
DE,Deere & Company Common Stock,nasdaqtrader:N:DE,SECURITY:DE:nasdaqtrader:N:DE,,common_equity,eligible,N,,,647.47,662.49,,774840725.4546032,6.139142978918732,21.853768702361908,-2.267204033268422,31.407290144503985,2.267204033268422,35.402189522505985,277.0,full,usable,2026-08-21,conditional,60.71,100.0,,,75.0,10.0,100.0,100.0,2.2.0,c8f1bf1665a8c5dfb834c0571e7dd5f6b6e5ccd00eab00295338bd42cfde549b
DEA,"Easterly Government Properties, Inc. Common Stock",nasdaqtrader:N:DEA,SECURITY:DEA:nasdaqtrader:N:DEA,,common_equity,eligible,N,,,24.6,25.63,,9710864.328412697,-1.9529693104822554,3.015075376884435,1.9477828429341093,11.615245009074426,4.018728053062803,23.540062923310952,277.0,full,usable,2026-08-21,conditional,53.71,100.0,,,79.0,10.0,62.0,100.0,2.2.0,c8f1bf1665a8c5dfb834c0571e7dd5f6b6e5ccd00eab00295338bd42cfde549b
DEC,Diversified Energy Company Common Stock,nasdaqtrader:N:DEC,SECURITY:DEC:nasdaqtrader:N:DEC,,common_equity,eligible,N,,,14.66,18.3,,14198218.398095239,10.7250755287009,-6.979695431472077,7.085463842220596,-6.564690885914592,19.890710382513667,31.860498445933143,277.0,full,usable,2026-08-21,conditional,77.71,100.0,,,73.0,82.0,62.0,100.0,2.2.0,c8f1bf1665a8c5dfb834c0571e7dd5f6b6e5ccd00eab00295338bd42cfde549b
DECK,Deckers Outdoor Corporation Common Stock,nasdaqtrader:N:DECK,SECURITY:DECK:nasdaqtrader:N:DECK,,common_equity,eligible,N,,,91.68,123.91,,235513134.34714288,-4.728255221864275,-10.660689923991418,-22.75676131097817,-11.888515136953382,26.010814300702112,40.63262847988425,277.0,full,usable,2026-08-21,conditional,87.71,100.0,,,73.0,92.0,92.0,100.0,2.2.0,c8f1bf1665a8c5dfb834c0571e7dd5f6b6e5ccd00eab00295338bd42cfde549b
DEI,"Douglas Emmett, Inc. Common Stock",nasdaqtrader:N:DEI,SECURITY:DEI:nasdaqtrader:N:DEI,,common_equity,eligible,N,,,11.79,16.91,,25834183.233015873,-2.8029678483099896,2.8795811518324443,12.715105162523876,-20.925553319919523,30.27794204612656,25.364829513096137,277.0,full,usable,2026-08-21,conditional,85.14,100.0,,,73.0,92.0,80.0,100.0,2.2.0,c8f1bf1665a8c5dfb834c0571e7dd5f6b6e5ccd00eab00295338bd42cfde549b
DELL,Dell Technologies Inc. Class C Common Stock,nasdaqtrader:N:DELL,NAMECLASS:DELL TECHNOLOGIES INC,,common_equity,eligible,N,,,442.08,494.51,,3563087375.091746,0.6236627668775974,74.87341772151896,261.5604809029198,244.08468244084682,10.602414511334457,84.81112364362927,277.0,full,usable,2026-08-21,conditional,85.86,100.0,,,73.0,82.0,100.0,100.0,2.2.0,c8f1bf1665a8c5dfb834c0571e7dd5f6b6e5ccd00eab00295338bd42cfde549b
DEO,Diageo plc Common Stock,nasdaqtrader:N:DEO,SECURITY:DEO:nasdaqtrader:N:DEO,,common_equity,eligible,N,,,94.62,115.33,,101085443.18238094,15.025528811086787,10.048848569434753,-5.728803427318918,-17.900216919739698,17.95716639209225,32.82084913442513,277.0,full,usable,2026-08-21,conditional,80.71,100.0,,,61.0,82.0,92.0,100.0,2.2.0,c8f1bf1665a8c5dfb834c0571e7dd5f6b6e5ccd00eab00295338bd42cfde549b
DERM,Journey Medical Corporation - Common Stock,nasdaqtrader:Q:DERM,SECURITY:DERM:nasdaqtrader:Q:DERM,,common_equity,eligible,Q,,,7.75,9.26,,1666545.1715873017,17.78115501519757,24.798711755233494,-8.823529411764708,9.618104667609618,16.306695464362853,54.15865167440095,277.0,full,usable,2026-08-21,rejected,62.71,100.0,,,67.0,82.0,0.0,100.0,2.2.0,c8f1bf1665a8c5dfb834c0571e7dd5f6b6e5ccd00eab00295338bd42cfde549b
DETX,"Liberty Defense Holdings, Ltd. - Common Shares",nasdaqtrader:Q:DETX,SECURITY:DETX:nasdaqtrader:Q:DETX,,common_equity,eligible,Q,,,3.6736,4.73,,91313.25005079365,8.686390532544387,-9.96078431372549,,,22.334038054968296,83.78450098983093,85.0,insufficient,usable,2026-08-21,rejected,,71.43,,,,92.0,0.0,88.0,2.2.0,c8f1bf1665a8c5dfb834c0571e7dd5f6b6e5ccd00eab00295338bd42cfde549b
DFDV,DeFi Development Corp. - Common Stock,nasdaqtrader:Q:DFDV,SECURITY:DFDV:nasdaqtrader:Q:DFDV,,common_equity,eligible,Q,,,3.94,20.21,,2895320.222936508,37.28222996515677,-11.261261261261268,5.913978494623651,-77.59454080181973,80.50470064324593,77.68301697628526,277.0,full,usable,2026-08-21,conditional,48.07,100.0,,,47.0,30.0,45.0,100.0,2.2.0,c8f1bf1665a8c5dfb834c0571e7dd5f6b6e5ccd00eab00295338bd42cfde549b
DFH,"Dream Finders Homes, Inc. Class A Common Stock",nasdaqtrader:N:DFH,NAMECLASS:DREAM FINDERS HOMES INC,,common_equity,eligible,N,,,14.92,30.99,,9997893.33857143,1.9822282980177741,1.9822282980177741,-27.183992191312832,-46.67619728377412,51.85543723781865,83.62797252523822,277.0,full,usable,2026-08-21,conditional,71.71,100.0,,,67.0,70.0,62.0,100.0,2.2.0,c8f1bf1665a8c5dfb834c0571e7dd5f6b6e5ccd00eab00295338bd42cfde549b
DFIN,"Donnelley Financial Solutions, Inc. Common Stock",nasdaqtrader:N:DFIN,SECURITY:DFIN:nasdaqtrader:N:DFIN,,common_equity,eligible,N,,,48.23,56.94,,13163398.822222222,4.145972792053532,22.03947368421051,1.6866961838498673,-11.096774193548399,15.296803652968038,46.31710495225369,277.0,full,usable,2026-08-21,conditional,74.29,100.0,,,61.0,82.0,62.0,100.0,2.2.0,c8f1bf1665a8c5dfb834c0571e7dd5f6b6e5ccd00eab00295338bd42cfde549b
DFLI,Dragonfly Energy Holdings Corp - Common Stock,nasdaqtrader:Q:DFLI,SECURITY:DFLI:nasdaqtrader:Q:DFLI,,common_equity,eligible,Q,,,1.2,19.7,,635495.9065873016,-16.083916083916083,-40.29850746268656,-51.61290322580645,-58.173579644475424,93.90862944162437,74.86542946312072,277.0,full,usable,2026-08-21,rejected,41.29,100.0,,,57.0,30.0,0.0,100.0,2.2.0,c8f1bf1665a8c5dfb834c0571e7dd5f6b6e5ccd00eab00295338bd42cfde549b
DFNS,T3 Defense Inc. - Common Stock,nasdaqtrader:Q:DFNS,SECURITY:DFNS:nasdaqtrader:Q:DFNS,,common_equity,eligible,Q,,,20.61,1652.5,,86300645.20469841,428.46153846153845,-53.902929993290094,-92.83130434782608,-95.31590909090909,98.75279878971256,667.3613971890676,277.0,full,usable,2026-08-21,conditional,45.0,100.0,,,10.0,30.0,80.0,100.0,2.2.0,c8f1bf1665a8c5dfb834c0571e7dd5f6b6e5ccd00eab00295338bd42cfde549b
DFSC,"DEFSEC Technologies Inc. - common stock, no R/S concurrent with offering",nasdaqtrader:Q:DFSC,SECURITY:DFSC:nasdaqtrader:Q:DFSC,,common_equity,eligible,Q,,,1.55,5.25,,6040124.3952,0.0,-63.52941176470588,-17.553191489361698,-52.1604938271605,70.47619047619047,240.15171848147045,277.0,full,usable,2026-08-21,conditional,54.0,100.0,,,55.0,30.0,62.0,100.0,2.2.0,c8f1bf1665a8c5dfb834c0571e7dd5f6b6e5ccd00eab00295338bd42cfde549b
DFTX,"Definium Therapeutics, Inc.  - Common Shares",nasdaqtrader:Q:DFTX,SECURITY:DFTX:nasdaqtrader:Q:DFTX,,common_equity,eligible,Q,,,44.91,48.45,,115969691.64333333,4.612159329140453,98.27814569536424,162.17162872154117,375.23809523809524,7.306501547987631,60.5370899737845,277.0,full,usable,2026-08-21,conditional,64.86,100.0,,,73.0,28.0,92.0,100.0,2.2.0,c8f1bf1665a8c5dfb834c0571e7dd5f6b6e5ccd00eab00295338bd42cfde549b
DG,Dollar General Corporation Common Stock,nasdaqtrader:N:DG,SECURITY:DG:nasdaqtrader:N:DG,,common_equity,eligible,N,,,123.41,156.24,,333630053.5961905,7.163945814518935,17.410332033108176,-18.07620817843866,7.453199825859813,21.012544802867396,35.86915604118225,277.0,full,usable,2026-08-21,conditional,86.0,100.0,,,67.0,92.0,92.0,100.0,2.2.0,c8f1bf1665a8c5dfb834c0571e7dd5f6b6e5ccd00eab00295338bd42cfde549b
DGICA,"Donegal Group, Inc. - Class A Common Stock",nasdaqtrader:Q:DGICA,NAMECLASS:DONEGAL GROUP INC,,common_equity,eligible,Q,,,18.67,20.95,,2582628.2447619047,1.2472885032537961,6.321184510250588,7.360552041403112,6.381766381766396,10.883054892601418,24.872109690134124,277.0,full,usable,2026-08-21,conditional,72.36,100.0,,,67.0,82.0,45.0,100.0,2.2.0,c8f1bf1665a8c5dfb834c0571e7dd5f6b6e5ccd00eab00295338bd42cfde549b
DGICB,"Donegal Group, Inc. - Class B Common Stock",nasdaqtrader:Q:DGICB,NAMECLASS:DONEGAL GROUP INC,,common_equity,eligible,Q,,,24.69,26.7,,114156.27463015873,21.68555938886152,30.29023746701849,54.119850187265925,64.7098065376918,7.528089887640443,94.66232132106953,277.0,full,usable,2026-08-21,rejected,45.14,100.0,,,73.0,28.0,0.0,100.0,2.2.0,c8f1bf1665a8c5dfb834c0571e7dd5f6b6e5ccd00eab00295338bd42cfde549b
DGII,Digi International Inc. - Common Stock,nasdaqtrader:Q:DGII,SECURITY:DGII:nasdaqtrader:Q:DGII,,common_equity,eligible,Q,,,74.91,85.24,,28007799.468492065,13.844984802431615,16.955503512880554,49.2231075697211,124.34860736747528,12.118723603941806,54.4877688261724,277.0,full,usable,2026-08-21,conditional,81.57,100.0,,,73.0,82.0,80.0,100.0,2.2.0,c8f1bf1665a8c5dfb834c0571e7dd5f6b6e5ccd00eab00295338bd42cfde549b
DGNX,Diginex Limited - Ordinary Shares,nasdaqtrader:Q:DGNX,SECURITY:DGNX:nasdaqtrader:Q:DGNX,,common_equity,eligible,Q,,,1.28,251.12,,3223972.1873031748,-4.477611940298509,16.36363636363636,-80.53823931883838,-97.7019748653501,99.49028352978657,116.04941000100143,277.0,full,usable,2026-08-21,conditional,37.5,100.0,,,10.0,30.0,45.0,100.0,2.2.0,c8f1bf1665a8c5dfb834c0571e7dd5f6b6e5ccd00eab00295338bd42cfde549b
DGX,Quest Diagnostics Incorporated Common Stock,nasdaqtrader:N:DGX,SECURITY:DGX:nasdaqtrader:N:DGX,,common_equity,eligible,N,,,244.39,244.39,,201548221.4138095,7.2356296621325145,26.091218656485403,20.740082011758297,32.532537960954436,0.0,29.537964421122215,277.0,full,usable,2026-08-21,conditional,56.14,100.0,,,65.0,10.0,92.0,100.0,2.2.0,c8f1bf1665a8c5dfb834c0571e7dd5f6b6e5ccd00eab00295338bd42cfde549b
DGXX,Digi Power X Inc. - Common Subordinate Voting Shares,qrgf-resolution-required:Q:DGXX,SECURITY:DGXX:qrgf-resolution-required:Q:DGXX,,common_equity,eligible,Q,,,4.07,8.46,,35187394.965,-6.004618937644334,-47.14285714285714,66.8032786885246,72.4576271186441,51.89125295508275,94.21687225127462,277.0,full,usable,2026-08-21,conditional,77.29,100.0,,,73.0,70.0,80.0,100.0,2.2.0,c8f1bf1665a8c5dfb834c0571e7dd5f6b6e5ccd00eab00295338bd42cfde549b
DHC,Diversified Healthcare Trust  - Common Shares of Beneficial Interest,nasdaqtrader:Q:DHC,SECURITY:DHC:nasdaqtrader:Q:DHC,,common_equity,eligible,Q,,,8.02,9.64,,16099400.263253968,-13.203463203463206,-9.887640449438207,28.525641025641015,125.28089887640448,16.80497925311204,39.32980618334816,277.0,full,usable,2026-08-21,conditional,81.14,100.0,,,85.0,82.0,62.0,100.0,2.2.0,c8f1bf1665a8c5dfb834c0571e7dd5f6b6e5ccd00eab00295338bd42cfde549b
DHI,"D.R. Horton, Inc. Common Stock",nasdaqtrader:N:DHI,SECURITY:DHI:nasdaqtrader:N:DHI,,common_equity,eligible,N,,,148.35,184.04,,354800205.8784127,4.3836194764987235,2.9207714721798395,-9.608822812576168,-9.193854440839822,19.39252336448598,37.52483335871292,277.0,full,usable,2026-08-21,conditional,84.14,100.0,,,73.0,82.0,92.0,100.0,2.2.0,c8f1bf1665a8c5dfb834c0571e7dd5f6b6e5ccd00eab00295338bd42cfde549b
DHR,Danaher Corporation Common Stock,nasdaqtrader:N:DHR,SECURITY:DHR:nasdaqtrader:N:DHR,,common_equity,eligible,N,,,218.85,242.05,,931811508.3311111,13.688311688311682,26.26204350083654,4.463007159904531,3.5241248817407644,9.584796529642647,48.24995141531686,277.0,full,usable,2026-08-21,conditional,84.14,100.0,,,67.0,82.0,100.0,100.0,2.2.0,c8f1bf1665a8c5dfb834c0571e7dd5f6b6e5ccd00eab00295338bd42cfde549b
DHT,"DHT Holdings, Inc.",qrgf-resolution-required:N:DHT,SECURITY:DHT:qrgf-resolution-required:N:DHT,,common_equity,eligible,N,,,19.82,19.99,,59406814.50698413,7.658881042911458,11.599099099099085,13.581661891117491,80.67456700091158,0.8504252126062983,33.72095147221606,277.0,full,usable,2026-08-21,conditional,58.71,100.0,,,83.0,10.0,80.0,100.0,2.2.0,c8f1bf1665a8c5dfb834c0571e7dd5f6b6e5ccd00eab00295338bd42cfde549b
DHX,"DHI Group, Inc. Common Stock",nasdaqtrader:N:DHX,SECURITY:DHX:nasdaqtrader:N:DHX,,common_equity,eligible,N,,,4.19,4.27,,698339.6517460318,11.14058355437666,19.71428571428573,67.60000000000002,55.76208178438664,1.8735362997657878,61.42025004068652,277.0,full,usable,2026-08-21,rejected,38.71,100.0,,,73.0,10.0,0.0,100.0,2.2.0,c8f1bf1665a8c5dfb834c0571e7dd5f6b6e5ccd00eab00295338bd42cfde549b
DIBS,"1stdibs.com, Inc. - Common Stock",nasdaqtrader:Q:DIBS,SECURITY:DIBS:nasdaqtrader:Q:DIBS,,common_equity,eligible,Q,,,4.77,6.43,,921301.1057142857,15.496368038740904,7.191011235955047,-11.992619926199266,84.16988416988416,25.81648522550545,69.81295834415089,277.0,full,usable,2026-08-21,rejected,70.86,100.0,,,83.0,92.0,0.0,100.0,2.2.0,c8f1bf1665a8c5dfb834c0571e7dd5f6b6e5ccd00eab00295338bd42cfde549b
DIN,"Dine Brands Global, Inc. Common Stock",nasdaqtrader:N:DIN,SECURITY:DIN:nasdaqtrader:N:DIN,,common_equity,eligible,N,,,35.83,38.81,,10563353.063174604,6.2574139976275145,18.172823218997358,10.82585833591092,67.74344569288388,7.678433393455308,37.34942702610769,277.0,full,usable,2026-08-21,conditional,61.29,100.0,,,83.0,28.0,62.0,100.0,2.2.0,c8f1bf1665a8c5dfb834c0571e7dd5f6b6e5ccd00eab00295338bd42cfde549b
DINO,HF Sinclair Corporation Common Stock,nasdaqtrader:N:DINO,SECURITY:DINO:nasdaqtrader:N:DINO,,common_equity,eligible,N,,,97.32,97.32,,209179026.22111112,9.237849365809847,42.30150606813861,91.27358490566036,108.88602704443011,0.0,40.531573252202044,277.0,full,usable,2026-08-21,conditional,58.43,100.0,,,73.0,10.0,92.0,100.0,2.2.0,c8f1bf1665a8c5dfb834c0571e7dd5f6b6e5ccd00eab00295338bd42cfde549b
DIOD,Diodes Incorporated - Common Stock,nasdaqtrader:Q:DIOD,SECURITY:DIOD:nasdaqtrader:Q:DIOD,,common_equity,eligible,Q,,,94.04,122.76,,67117253.31079365,1.4017683847315165,-2.3468328141225236,37.384952520087666,78.7492872077552,23.395242750081458,90.59535917238928,277.0,full,usable,2026-08-21,conditional,88.57,100.0,,,85.0,92.0,80.0,100.0,2.2.0,c8f1bf1665a8c5dfb834c0571e7dd5f6b6e5ccd00eab00295338bd42cfde549b
DIS,Walt Disney Company (The) Common Stock,nasdaqtrader:N:DIS,SECURITY:DIS:nasdaqtrader:N:DIS,,common_equity,eligible,N,,,107.78,118.86,,1044929574.9309524,16.104707529893346,4.054836841089027,2.083727978783867,-7.911825017088181,9.321891300689888,28.31688020873545,277.0,full,usable,2026-08-21,conditional,85.86,100.0,,,73.0,82.0,100.0,100.0,2.2.0,c8f1bf1665a8c5dfb834c0571e7dd5f6b6e5ccd00eab00295338bd42cfde549b
DIT,AMCON Distributing Company Common Stock,nasdaqtrader:A:DIT,SECURITY:DIT:nasdaqtrader:A:DIT,,common_equity,eligible,A,,,70.76,95.59,,88319.8934920635,12.192801648961481,-15.013211626231083,-5.134736559860564,-6.894736842105253,25.975520451930112,43.338260928115254,277.0,full,usable,2026-08-21,rejected,68.0,100.0,,,73.0,92.0,0.0,100.0,2.2.0,c8f1bf1665a8c5dfb834c0571e7dd5f6b6e5ccd00eab00295338bd42cfde549b
DJCO,Daily Journal Corp. (S.C.) - Common Stock,nasdaqtrader:Q:DJCO,SECURITY:DJCO:nasdaqtrader:Q:DJCO,,common_equity,eligible,Q,,,599.83,664.72,,26606042.84095238,3.9999306470629215,28.882060978492085,14.795605909821653,29.558512246749324,9.762005054759893,34.27151067901252,277.0,full,usable,2026-08-21,conditional,82.14,100.0,,,75.0,82.0,80.0,100.0,2.2.0,c8f1bf1665a8c5dfb834c0571e7dd5f6b6e5ccd00eab00295338bd42cfde549b
DJT,Trump Media & Technology Group Corp. - Common Stock,nasdaqtrader:Q:DJT,SECURITY:DJT:nasdaqtrader:Q:DJT,,common_equity,eligible,Q,,,9.1,18.12,,42393000.29142857,2.3622047244094446,14.465408805031444,-9.990108803165176,-46.658851113716295,49.77924944812363,70.88603331816947,277.0,full,usable,2026-08-21,conditional,81.07,100.0,,,55.0,95.0,80.0,100.0,2.2.0,c8f1bf1665a8c5dfb834c0571e7dd5f6b6e5ccd00eab00295338bd42cfde549b
DK,"Delek US Holdings, Inc. Common Stock",nasdaqtrader:N:DK,SECURITY:DK:nasdaqtrader:N:DK,,common_equity,eligible,N,,,71.47,71.47,,70991375.42793651,10.327261500463102,69.7624703087886,107.94297352342159,188.3017345703913,0.0,63.85263498287795,277.0,full,usable,2026-08-21,conditional,55.86,100.0,,,73.0,10.0,80.0,100.0,2.2.0,c8f1bf1665a8c5dfb834c0571e7dd5f6b6e5ccd00eab00295338bd42cfde549b
DKI,DarkIris Inc. - Class A Ordinary Shares,nasdaqtrader:Q:DKI,NAMECLASS:DARKIRIS INC,,common_equity,eligible,Q,,,3.91,185.6,,1154123.2464619046,-11.051458210109654,-38.13291139240506,-42.41531664212076,-93.25862068965517,97.89331896551724,78.30767011276605,261.0,full,usable,2026-08-21,rejected,38.43,100.0,,,47.0,30.0,0.0,100.0,2.2.0,c8f1bf1665a8c5dfb834c0571e7dd5f6b6e5ccd00eab00295338bd42cfde549b
DKL,"Delek Logistics Partners, L.P. Common Units representing Limited Partner Interests",qrgf-resolution-required:N:DKL,SECURITY:DKL:qrgf-resolution-required:N:DKL,,common_equity,eligible,N,,,54.13,60.31,,6902974.558412698,-6.284626038781161,4.518246765784917,-0.7881231671554301,25.504289357755617,10.247056872823745,51.72456546149785,277.0,full,usable,2026-08-21,conditional,81.71,100.0,,,87.0,82.0,62.0,100.0,2.2.0,c8f1bf1665a8c5dfb834c0571e7dd5f6b6e5ccd00eab00295338bd42cfde549b
DKNG,DraftKings Inc. - Class A Common Stock,nasdaqtrader:Q:DKNG,NAMECLASS:DRAFTKINGS INC,,common_equity,eligible,Q,,,26.17,48.23,,321705746.2261111,14.730381411661565,3.031496062992134,17.301658449125966,-42.67250821467689,45.73916649388347,54.55850375233127,277.0,full,usable,2026-08-21,conditional,84.21,100.0,,,57.0,95.0,92.0,100.0,2.2.0,c8f1bf1665a8c5dfb834c0571e7dd5f6b6e5ccd00eab00295338bd42cfde549b
DKS,Dick's Sporting Goods Inc Common Stock,nasdaqtrader:N:DKS,SECURITY:DKS:nasdaqtrader:N:DKS,,common_equity,eligible,N,,,183.23,239.17,,293527373.40571433,-10.339596789978478,-17.36346006404186,-11.152596615429378,-17.793530441024718,23.389221056152532,39.140161470320955,277.0,full,usable,2026-08-21,conditional,87.71,100.0,,,73.0,92.0,92.0,100.0,2.2.0,c8f1bf1665a8c5dfb834c0571e7dd5f6b6e5ccd00eab00295338bd42cfde549b
DLB,Dolby Laboratories Common Stock,nasdaqtrader:N:DLB,SECURITY:DLB:nasdaqtrader:N:DLB,,common_equity,eligible,N,,,65.27,75.62,,49218861.09428571,32.77054515866558,20.73621901590823,2.0162550797124146,-11.076294277929167,13.68685532927798,43.206773890625385,277.0,full,usable,2026-08-21,conditional,78.14,100.0,,,61.0,82.0,80.0,100.0,2.2.0,c8f1bf1665a8c5dfb834c0571e7dd5f6b6e5ccd00eab00295338bd42cfde549b
DLHC,DLH Holdings Corp. - Common Stock,nasdaqtrader:Q:DLHC,SECURITY:DLHC:nasdaqtrader:Q:DLHC,,common_equity,eligible,Q,,,4.53,6.57,,292468.3454761905,-10.650887573964496,-18.37837837837837,-22.030981067125634,-17.636363636363626,31.05022831050228,44.56113733726448,277.0,full,usable,2026-08-21,rejected,68.0,100.0,,,73.0,92.0,0.0,100.0,2.2.0,c8f1bf1665a8c5dfb834c0571e7dd5f6b6e5ccd00eab00295338bd42cfde549b
DLO,DLocal Limited - Class A Common Shares,nasdaqtrader:Q:DLO,NAMECLASS:DLOCAL LIMITED,,common_equity,eligible,Q,,,15.17,15.83,,35792405.52666666,7.741477272727271,23.937908496732028,13.29350261389095,6.680731364275672,4.169298799747311,37.976302352847,277.0,full,usable,2026-08-21,conditional,54.14,100.0,,,67.0,10.0,80.0,100.0,2.2.0,c8f1bf1665a8c5dfb834c0571e7dd5f6b6e5ccd00eab00295338bd42cfde549b
DLPN,"Dolphin Entertainment, Inc. - Common Stock",nasdaqtrader:Q:DLPN,SECURITY:DLPN:nasdaqtrader:Q:DLPN,,common_equity,eligible,Q,,,1.1,1.82,,23036.945501587303,3.7735849056603765,-9.83606557377048,-31.677018633540367,4.761904761904767,39.560439560439555,54.412129752904406,277.0,full,usable,2026-08-21,rejected,70.79,100.0,,,79.0,95.0,0.0,100.0,2.2.0,c8f1bf1665a8c5dfb834c0571e7dd5f6b6e5ccd00eab00295338bd42cfde549b
DLR,"Digital Realty Trust, Inc. Common Stock",nasdaqtrader:N:DLR,SECURITY:DLR:nasdaqtrader:N:DLR,,common_equity,eligible,N,,,190.62,203.91,,549944523.878254,6.289729006356648,-1.8788284346528017,8.504098360655732,15.29667936853565,6.517581285861407,39.7766543433966,277.0,full,usable,2026-08-21,conditional,70.57,100.0,,,87.0,28.0,100.0,100.0,2.2.0,c8f1bf1665a8c5dfb834c0571e7dd5f6b6e5ccd00eab00295338bd42cfde549b
DLTH,Duluth Holdings Inc. - Class B Common Stock,nasdaqtrader:Q:DLTH,NAMECLASS:DULUTH HOLDINGS INC,,common_equity,eligible,Q,,,3.81,4.77,,545795.1372222222,-9.285714285714286,9.798270893371752,57.438016528925615,75.57603686635946,20.125786163522008,39.693421467080846,277.0,full,usable,2026-08-21,rejected,68.0,100.0,,,73.0,92.0,0.0,100.0,2.2.0,c8f1bf1665a8c5dfb834c0571e7dd5f6b6e5ccd00eab00295338bd42cfde549b
DLTR,"Dollar Tree, Inc. - Common Stock",nasdaqtrader:Q:DLTR,SECURITY:DLTR:nasdaqtrader:Q:DLTR,,common_equity,eligible,Q,,,131.48,141.21,,379822527.8426984,11.755206119846996,37.37331522306968,-2.2526206230020107,15.994706660785173,6.890446852205945,27.442830012158176,277.0,full,usable,2026-08-21,conditional,65.43,100.0,,,75.0,28.0,92.0,100.0,2.2.0,c8f1bf1665a8c5dfb834c0571e7dd5f6b6e5ccd00eab00295338bd42cfde549b
DLX,Deluxe Corporation Common Stock,nasdaqtrader:N:DLX,SECURITY:DLX:nasdaqtrader:N:DLX,,common_equity,eligible,N,,,23.61,31.9,,10545118.340634922,-7.665232694563951,0.08478168715557732,-13.294160852001468,23.547880690737834,25.987460815047026,37.10095834977568,277.0,full,usable,2026-08-21,conditional,85.29,100.0,,,87.0,92.0,62.0,100.0,2.2.0,c8f1bf1665a8c5dfb834c0571e7dd5f6b6e5ccd00eab00295338bd42cfde549b
DMAC,DiaMedica Therapeutics Inc. - Common Stock,nasdaqtrader:Q:DMAC,SECURITY:DMAC:nasdaqtrader:Q:DMAC,,common_equity,eligible,Q,,,6.52,9.39,,1300780.3855555556,-4.3988269794721475,12.99826689774697,-22.565320665083142,8.666666666666668,30.56443024494143,40.15785983566714,277.0,full,usable,2026-08-21,rejected,66.29,100.0,,,67.0,92.0,0.0,100.0,2.2.0,c8f1bf1665a8c5dfb834c0571e7dd5f6b6e5ccd00eab00295338bd42cfde549b
DMC,Del Monte Corporation Ordinary Shares,nasdaqtrader:N:DMC,SECURITY:DMC:nasdaqtrader:N:DMC,,common_equity,eligible,N,,,31.43,43.02,,14231524.847142857,10.903316866619628,-4.786428355043926,-24.173703256936076,-12.936288088642666,26.94095769409578,23.403362745840266,277.0,full,usable,2026-08-21,conditional,81.29,100.0,,,73.0,92.0,62.0,100.0,2.2.0,c8f1bf1665a8c5dfb834c0571e7dd5f6b6e5ccd00eab00295338bd42cfde549b
DMRA,"Damora Therapeutics, Inc. - Ordinary Shares",nasdaqtrader:Q:DMRA,SECURITY:DMRA:nasdaqtrader:Q:DMRA,,common_equity,eligible,Q,,,30.82,34.14,,15316237.495396826,5.6564964004113705,23.974255832662926,2.733333333333343,811.8612976715287,9.724663151728175,58.511377418183706,277.0,full,usable,2026-08-21,conditional,80.57,100.0,,,83.0,82.0,62.0,100.0,2.2.0,c8f1bf1665a8c5dfb834c0571e7dd5f6b6e5ccd00eab00295338bd42cfde549b
DMRC,Digimarc Corporation - Common Stock,nasdaqtrader:Q:DMRC,SECURITY:DMRC:nasdaqtrader:Q:DMRC,,common_equity,eligible,Q,,,6.15,16.43,,1899344.4868253968,4.414261460101887,-54.4781643227239,26.80412371134022,-24.447174447174447,62.56847230675593,77.40096873011596,277.0,full,usable,2026-08-21,rejected,53.86,100.0,,,51.0,70.0,0.0,100.0,2.2.0,c8f1bf1665a8c5dfb834c0571e7dd5f6b6e5ccd00eab00295338bd42cfde549b
DNA,"Ginkgo Bioworks Holdings, Inc. Class A Common Stock",nasdaqtrader:N:DNA,NAMECLASS:GINKGO BIOWORKS HOLDINGS INC,,common_equity,eligible,N,,,7.4,16.14,,10192493.602222223,-6.683480453972246,-8.415841584158413,-19.73969631236443,-36.151855047454696,54.15117719950433,93.96178768190366,277.0,full,usable,2026-08-21,conditional,71.71,100.0,,,67.0,70.0,62.0,100.0,2.2.0,c8f1bf1665a8c5dfb834c0571e7dd5f6b6e5ccd00eab00295338bd42cfde549b
DNLI,Denali Therapeutics Inc. - Common Stock,nasdaqtrader:Q:DNLI,SECURITY:DNLI:nasdaqtrader:Q:DNLI,,common_equity,eligible,Q,,,24.92,27.21,,40817422.13126984,6.404782237403928,29.119170984455955,23.427439326399213,71.74362508614749,8.416023520764426,59.2834891726958,277.0,full,usable,2026-08-21,conditional,81.57,100.0,,,73.0,82.0,80.0,100.0,2.2.0,c8f1bf1665a8c5dfb834c0571e7dd5f6b6e5ccd00eab00295338bd42cfde549b
DNMX,Dynamix Corporation III - Class A Ordinary Shares,nasdaqtrader:Q:DNMX,NAMECLASS:DYNAMIX CORPORATION III,,common_equity,eligible,Q,,,10.06,10.06,,159059.25190476188,0.4995004995005159,0.4995004995005159,1.1563599798893875,,0.0,1.0375903265741457,189.0,limited_but_usable,usable,2026-08-21,rejected,34.71,100.0,,,59.0,10.0,0.0,100.0,2.2.0,c8f1bf1665a8c5dfb834c0571e7dd5f6b6e5ccd00eab00295338bd42cfde549b
DNN,Denison Mines Corp Ordinary Shares (Canada),nasdaqtrader:A:DNN,SECURITY:DNN:nasdaqtrader:A:DNN,,common_equity,eligible,A,,,3.5,4.37,,77936532.14825398,13.268608414239491,9.375,-13.793103448275856,82.29166666666667,19.90846681922197,66.2927688654877,277.0,full,usable,2026-08-21,conditional,84.43,100.0,,,83.0,82.0,80.0,100.0,2.2.0,c8f1bf1665a8c5dfb834c0571e7dd5f6b6e5ccd00eab00295338bd42cfde549b
DNOW,DNOW Inc. Common Stock,nasdaqtrader:N:DNOW,SECURITY:DNOW:nasdaqtrader:N:DNOW,,common_equity,eligible,N,,,15.68,16.87,,40144837.725555554,8.888888888888879,21.644685802948004,18.518518518518512,4.8128342245989275,7.053941908713702,40.52183654317748,277.0,full,usable,2026-08-21,conditional,57.71,100.0,,,57.0,28.0,80.0,100.0,2.2.0,c8f1bf1665a8c5dfb834c0571e7dd5f6b6e5ccd00eab00295338bd42cfde549b
DNTH,"Dianthus Therapeutics, Inc. - Common Stock",nasdaqtrader:Q:DNTH,SECURITY:DNTH:nasdaqtrader:Q:DNTH,,common_equity,eligible,Q,,,111.1,115.96,,100626819.02571428,6.021566943410628,23.954033247796502,124.1727199354318,374.3808710503842,4.191100379441181,59.01610068148365,277.0,full,usable,2026-08-21,conditional,58.43,100.0,,,73.0,10.0,92.0,100.0,2.2.0,c8f1bf1665a8c5dfb834c0571e7dd5f6b6e5ccd00eab00295338bd42cfde549b
DNUT,"Krispy Kreme, Inc. - Common Stock",nasdaqtrader:Q:DNUT,SECURITY:DNUT:nasdaqtrader:Q:DNUT,,common_equity,eligible,Q,,,3.59,4.7,,10089453.179047618,15.434083601286176,7.8078078078078095,18.48184818481848,2.571428571428558,23.61702127659575,48.98691101322725,277.0,full,usable,2026-08-21,conditional,76.71,100.0,,,57.0,92.0,62.0,100.0,2.2.0,c8f1bf1665a8c5dfb834c0571e7dd5f6b6e5ccd00eab00295338bd42cfde549b
DOC,"Healthpeak Properties, Inc. Common Stock",nasdaqtrader:N:DOC,SECURITY:DOC:nasdaqtrader:N:DOC,,common_equity,eligible,N,,,21.4,22.82,,151277142.36285716,-3.079710144927539,8.96130346232178,25.956444967628013,24.274099883855982,6.222611744084139,22.592612471752037,277.0,full,usable,2026-08-21,conditional,62.57,100.0,,,65.0,28.0,92.0,100.0,2.2.0,c8f1bf1665a8c5dfb834c0571e7dd5f6b6e5ccd00eab00295338bd42cfde549b
DOCN,"DigitalOcean Holdings, Inc. Common Stock",nasdaqtrader:N:DOCN,SECURITY:DOCN:nasdaqtrader:N:DOCN,,common_equity,eligible,N,,,115.64,181.29,,471403892.65619045,-11.826153259626382,-26.971897694979475,81.73817381738174,282.787156570672,36.212697887362786,92.78592711346965,277.0,full,usable,2026-08-21,conditional,92.21,100.0,,,85.0,95.0,92.0,100.0,2.2.0,c8f1bf1665a8c5dfb834c0571e7dd5f6b6e5ccd00eab00295338bd42cfde549b
DOCS,"Doximity, Inc. Class A Common Stock",nasdaqtrader:N:DOCS,NAMECLASS:DOXIMITY INC,,common_equity,eligible,N,,,25.33,75.12,,111605891.79253967,23.86308068459657,30.634347601856614,-0.8610567514677148,-60.64325668116843,66.28061767838126,96.07609331903325,277.0,full,usable,2026-08-21,conditional,60.43,100.0,,,55.0,30.0,92.0,100.0,2.2.0,c8f1bf1665a8c5dfb834c0571e7dd5f6b6e5ccd00eab00295338bd42cfde549b
DOCU,"DocuSign, Inc. - Common Stock",nasdaqtrader:Q:DOCU,SECURITY:DOCU:nasdaqtrader:Q:DOCU,,common_equity,eligible,Q,,,62.0,85.01,,187274418.3888889,31.802721088435383,26.608127424954063,39.38848920863309,-12.786608524405684,27.067403834842963,60.479954761431586,277.0,full,usable,2026-08-21,conditional,81.43,100.0,,,51.0,92.0,92.0,100.0,2.2.0,c8f1bf1665a8c5dfb834c0571e7dd5f6b6e5ccd00eab00295338bd42cfde549b
DOGZ,Dogness (International) Corporation - Class A Common Stock,nasdaqtrader:Q:DOGZ,NAMECLASS:DOGNESS INTERNATIONAL CORPORATION,,common_equity,eligible,Q,,,1.05,15.82,,1247034.285042857,10.236220472440948,0.0,-32.258064516129025,-93.17295188556567,93.36283185840708,112.36834733300421,277.0,full,usable,2026-08-21,rejected,38.43,100.0,,,47.0,30.0,0.0,100.0,2.2.0,c8f1bf1665a8c5dfb834c0571e7dd5f6b6e5ccd00eab00295338bd42cfde549b
DOLE,Dole plc Ordinary Shares,nasdaqtrader:N:DOLE,SECURITY:DOLE:nasdaqtrader:N:DOLE,,common_equity,eligible,N,,,13.31,16.37,,15748983.992539681,-5.266903914590748,-8.459422283356254,-16.812499999999996,-7.117934403349613,18.69273060476482,30.20807470445054,277.0,full,usable,2026-08-21,conditional,77.71,100.0,,,73.0,82.0,62.0,100.0,2.2.0,c8f1bf1665a8c5dfb834c0571e7dd5f6b6e5ccd00eab00295338bd42cfde549b
DOMH,Dominari Holdings Inc. - Common Stock,nasdaqtrader:Q:DOMH,SECURITY:DOMH:nasdaqtrader:Q:DOMH,,common_equity,eligible,Q,,,2.58,7.42,,507687.6504761905,-5.147058823529416,-20.123839009287924,-25.43352601156069,-53.597122302158276,65.22911051212938,81.13201886797997,277.0,full,usable,2026-08-21,rejected,44.14,100.0,,,67.0,30.0,0.0,100.0,2.2.0,c8f1bf1665a8c5dfb834c0571e7dd5f6b6e5ccd00eab00295338bd42cfde549b
DOMO,"Domo, Inc. - Class B Common Stock",nasdaqtrader:Q:DOMO,NAMECLASS:DOMO INC,,common_equity,eligible,Q,,,3.8,18.2,,7144443.745079365,-3.797468354430389,6.145251396648033,-2.564102564102566,-72.12032281731476,79.12087912087912,82.99796425636471,277.0,full,usable,2026-08-21,conditional,48.29,100.0,,,35.0,30.0,62.0,100.0,2.2.0,c8f1bf1665a8c5dfb834c0571e7dd5f6b6e5ccd00eab00295338bd42cfde549b
DOO,BRP Inc. - Common Subordinate Voting Shares,qrgf-resolution-required:Q:DOO,SECURITY:DOO:qrgf-resolution-required:Q:DOO,,common_equity,eligible,Q,,,68.04,81.64,,14681908.735158728,13.14542279870292,24.18324511772223,-16.658500734933845,20.574162679425847,16.658500734933845,33.539457749414865,277.0,full,usable,2026-08-21,conditional,78.29,100.0,,,75.0,82.0,62.0,100.0,2.2.0,c8f1bf1665a8c5dfb834c0571e7dd5f6b6e5ccd00eab00295338bd42cfde549b
DORM,"Dorman Products, Inc. - Common Stock",nasdaqtrader:Q:DORM,SECURITY:DORM:nasdaqtrader:Q:DORM,,common_equity,eligible,Q,,,132.12,166.34,,40586589.179841265,-0.17378163959198556,11.305812973883732,1.873698820263714,-14.235637779941579,20.57232175063124,60.19941720548101,277.0,full,usable,2026-08-21,conditional,81.71,100.0,,,61.0,92.0,80.0,100.0,2.2.0,c8f1bf1665a8c5dfb834c0571e7dd5f6b6e5ccd00eab00295338bd42cfde549b
DOUG,Douglas Elliman Inc. Common Stock,nasdaqtrader:N:DOUG,SECURITY:DOUG:nasdaqtrader:N:DOUG,,common_equity,eligible,N,,,1.93,3.11,,738690.7912698413,12.86549707602338,4.891304347826075,-15.720524017467252,-22.17741935483871,37.942122186495176,47.54087192065251,277.0,full,usable,2026-08-21,rejected,69.07,100.0,,,73.0,95.0,0.0,100.0,2.2.0,c8f1bf1665a8c5dfb834c0571e7dd5f6b6e5ccd00eab00295338bd42cfde549b
DOV,Dover Corporation Common Stock,nasdaqtrader:N:DOV,SECURITY:DOV:nasdaqtrader:N:DOV,,common_equity,eligible,N,,,201.92,233.31,,228484143.37460318,2.0829120323559103,-2.8156134186841375,-13.45420256311346,12.96855768154861,13.45420256311346,32.06945501433998,277.0,full,usable,2026-08-21,conditional,85.86,100.0,,,79.0,82.0,92.0,100.0,2.2.0,c8f1bf1665a8c5dfb834c0571e7dd5f6b6e5ccd00eab00295338bd42cfde549b
DOW,Dow Inc. Common Stock,nasdaqtrader:N:DOW,SECURITY:DOW:nasdaqtrader:N:DOW,,common_equity,eligible,N,,,32.35,41.87,,347105697.16238093,4.692556634304212,-9.913673071567796,5.996068152031464,34.343853820598014,22.737043229042264,38.42676365564856,277.0,full,usable,2026-08-21,conditional,91.71,100.0,,,87.0,92.0,92.0,100.0,2.2.0,c8f1bf1665a8c5dfb834c0571e7dd5f6b6e5ccd00eab00295338bd42cfde549b
DOX,Amdocs Limited - Ordinary Shares,nasdaqtrader:Q:DOX,SECURITY:DOX:nasdaqtrader:Q:DOX,,common_equity,eligible,Q,,,61.4,88.27,,77941731.1404762,20.747295968534907,-1.5394483643361156,-12.498218611942423,-29.36033133916245,30.440693327291267,35.51285590254002,277.0,full,usable,2026-08-21,conditional,83.43,100.0,,,67.0,92.0,80.0,100.0,2.2.0,c8f1bf1665a8c5dfb834c0571e7dd5f6b6e5ccd00eab00295338bd42cfde549b
DOYU,DouYu International Holdings Limited - American Depositary Shares,nasdaqtrader:Q:DOYU,SECURITY:DOYU:nasdaqtrader:Q:DOYU,,adr,eligible,Q,,,4.36,8.57,,116454.72315873016,-1.5801354401805745,-7.234042553191489,-17.267552182163172,-47.18352513628105,49.12485414235705,42.62309088740792,277.0,full,usable,2026-08-21,rejected,67.36,100.0,,,67.0,95.0,0.0,100.0,2.2.0,c8f1bf1665a8c5dfb834c0571e7dd5f6b6e5ccd00eab00295338bd42cfde549b
DPC,DPC Holdings PLC Ordinary Shares,nasdaqtrader:N:DPC,SECURITY:DPC:nasdaqtrader:N:DPC,,common_equity,eligible,N,,,45.45,56.84,,82297030.6507317,-7.074217951339179,,,,20.038705137227307,67.43619949978512,41.0,insufficient,usable,2026-08-21,recheck,,71.43,,,,92.0,80.0,76.0,2.2.0,c8f1bf1665a8c5dfb834c0571e7dd5f6b6e5ccd00eab00295338bd42cfde549b
DPRO,Draganfly Inc. - Common Shares,nasdaqtrader:Q:DPRO,SECURITY:DPRO:nasdaqtrader:Q:DPRO,,common_equity,eligible,Q,,,4.49,13.77,,7928975.841031746,2.511415525114158,-28.044871794871796,-43.092522179974644,7.67386091127098,67.39288307915758,74.39782490730487,277.0,full,usable,2026-08-21,conditional,60.86,100.0,,,79.0,30.0,62.0,100.0,2.2.0,c8f1bf1665a8c5dfb834c0571e7dd5f6b6e5ccd00eab00295338bd42cfde549b
DPU,Top KingWin Ltd - Class A Ordinary Shares,nasdaqtrader:Q:DPU,NAMECLASS:TOP KINGWIN LTD,,common_equity,eligible,Q,,,2.3,4.713,,220924.47767301588,7.9812206572769995,22.994652406417092,-5.3497942386831365,-47.64397905759162,51.19881179715681,111.07862002928744,277.0,full,usable,2026-08-21,rejected,55.0,100.0,,,55.0,70.0,0.0,100.0,2.2.0,c8f1bf1665a8c5dfb834c0571e7dd5f6b6e5ccd00eab00295338bd42cfde549b
DPZ,Domino's Pizza Inc - Common Stock,nasdaqtrader:Q:DPZ,SECURITY:DPZ:nasdaqtrader:Q:DPZ,,common_equity,eligible,Q,,,341.85,467.3,,287475768.34333336,5.754060324825994,8.019717508768597,-11.117755648579076,-22.808562525403065,26.845709394393324,36.37916368815613,277.0,full,usable,2026-08-21,conditional,84.29,100.0,,,61.0,92.0,92.0,100.0,2.2.0,c8f1bf1665a8c5dfb834c0571e7dd5f6b6e5ccd00eab00295338bd42cfde549b
DQ,"DAQO New Energy Corp. American Depositary Shares, each representing five ordinary shares",nasdaqtrader:N:DQ,SECURITY:DQ:nasdaqtrader:N:DQ,,adr,eligible,N,,,13.58,35.69,,13767524.583650794,14.021830394626367,-24.387527839643653,-44.2299794661191,-40.51686377573368,61.9501260857383,64.47798722385204,277.0,full,usable,2026-08-21,conditional,71.71,100.0,,,67.0,70.0,62.0,100.0,2.2.0,c8f1bf1665a8c5dfb834c0571e7dd5f6b6e5ccd00eab00295338bd42cfde549b
DRD,DRDGOLD Limited American Depositary Shares,nasdaqtrader:N:DRD,SECURITY:DRD:nasdaqtrader:N:DRD,,adr,eligible,N,,,30.7,39.18,,7523148.142539683,50.12224938875305,17.354740061162065,-14.341517857142872,98.96305897602073,21.643695763144464,60.52074345475151,277.0,full,usable,2026-08-21,conditional,84.14,100.0,,,83.0,92.0,62.0,100.0,2.2.0,c8f1bf1665a8c5dfb834c0571e7dd5f6b6e5ccd00eab00295338bd42cfde549b
DRH,Diamondrock Hospitality Company - Common Stock,nasdaqtrader:Q:DRH,SECURITY:DRH:nasdaqtrader:Q:DRH,,common_equity,eligible,Q,,,12.82,13.38,,29596755.38793651,1.1838989739542338,18.923933209647515,29.103726082578053,59.65130759651309,4.185351270553072,25.891483055962155,277.0,full,usable,2026-08-21,conditional,55.86,100.0,,,73.0,10.0,80.0,100.0,2.2.0,c8f1bf1665a8c5dfb834c0571e7dd5f6b6e5ccd00eab00295338bd42cfde549b
DRI,"Darden Restaurants, Inc. Common Stock",nasdaqtrader:N:DRI,SECURITY:DRI:nasdaqtrader:N:DRI,,common_equity,eligible,N,,,221.6,227.68,,275912955.0330159,14.156192046157013,12.447353732176381,1.992912044921069,6.800327726637412,2.6704146170063336,30.682640331538625,277.0,full,usable,2026-08-21,conditional,56.71,100.0,,,67.0,10.0,92.0,100.0,2.2.0,c8f1bf1665a8c5dfb834c0571e7dd5f6b6e5ccd00eab00295338bd42cfde549b
DRIO,DarioHealth Corp. - Common Stock,nasdaqtrader:Q:DRIO,SECURITY:DRIO:nasdaqtrader:Q:DRIO,,common_equity,eligible,Q,,,7.49,17.35,,127013.8229031746,0.2677376171352108,-0.7947019867549643,-33.569844789356985,-13.390379278445874,56.829971181556196,71.0886976051908,277.0,full,usable,2026-08-21,rejected,60.14,100.0,,,73.0,70.0,0.0,100.0,2.2.0,c8f1bf1665a8c5dfb834c0571e7dd5f6b6e5ccd00eab00295338bd42cfde549b
DRMA,"Dermata Therapeutics, Inc. - Common Stock",nasdaqtrader:Q:DRMA,SECURITY:DRMA:nasdaqtrader:Q:DRMA,,common_equity,eligible,Q,,,1.42,5.905,,904895.9859523809,12.698412698412698,14.516129032258052,5.185185185185182,-73.75231053604436,75.95258255715495,100.21571454518686,277.0,full,usable,2026-08-21,rejected,35.0,100.0,,,35.0,30.0,0.0,100.0,2.2.0,c8f1bf1665a8c5dfb834c0571e7dd5f6b6e5ccd00eab00295338bd42cfde549b
DRS,"Leonardo DRS, Inc. - Common Stock",nasdaqtrader:Q:DRS,SECURITY:DRS:nasdaqtrader:Q:DRS,,common_equity,eligible,Q,,,40.7,49.69,,44505875.961666666,-15.490033222591348,-8.641975308641959,1.6737446914813825,-0.8767657087189518,18.092171463071026,34.21941567869896,277.0,full,usable,2026-08-21,conditional,81.57,100.0,,,73.0,82.0,80.0,100.0,2.2.0,c8f1bf1665a8c5dfb834c0571e7dd5f6b6e5ccd00eab00295338bd42cfde549b
DRTS,Alpha Tau Medical Ltd. - Ordinary Shares,nasdaqtrader:Q:DRTS,SECURITY:DRTS:nasdaqtrader:Q:DRTS,,common_equity,eligible,Q,,,14.92,14.92,,9086798.857301587,12.688821752265866,36.13138686131385,103.82513661202184,387.5816993464052,0.0,66.95981724924597,277.0,full,usable,2026-08-21,conditional,52.0,100.0,,,73.0,10.0,62.0,100.0,2.2.0,c8f1bf1665a8c5dfb834c0571e7dd5f6b6e5ccd00eab00295338bd42cfde549b
DRUG,Bright Minds Biosciences Inc. - common stock,nasdaqtrader:Q:DRUG,SECURITY:DRUG:nasdaqtrader:Q:DRUG,,common_equity,eligible,Q,,,77.42,95.985,,21433438.383809526,8.598681441997469,-6.991830850552616,-9.429106223678051,79.96280799628079,19.34156378600823,48.59026895341106,277.0,full,usable,2026-08-21,conditional,84.0,100.0,,,95.0,82.0,62.0,100.0,2.2.0,c8f1bf1665a8c5dfb834c0571e7dd5f6b6e5ccd00eab00295338bd42cfde549b
DRVN,Driven Brands Holdings Inc. - Common Stock,nasdaqtrader:Q:DRVN,SECURITY:DRVN:nasdaqtrader:Q:DRVN,,common_equity,eligible,Q,,,13.17,19.21,,12745254.253253968,-3.7280701754385914,-2.2997032640949544,-22.892271662763463,-22.438162544169614,31.441957313899017,54.62050999655177,277.0,full,usable,2026-08-21,conditional,81.29,100.0,,,73.0,92.0,62.0,100.0,2.2.0,c8f1bf1665a8c5dfb834c0571e7dd5f6b6e5ccd00eab00295338bd42cfde549b
DSC,DSC Holdings Ltd. - American Depositary Shares,nasdaqtrader:Q:DSC,SECURITY:DSC:nasdaqtrader:Q:DSC,,adr,eligible,Q,,,8.53,9.06,,801330.1157317073,29.43854324734445,,,,5.849889624724069,116.75073223751676,41.0,insufficient,usable,2026-08-21,rejected,,71.43,,,,28.0,0.0,76.0,2.2.0,c8f1bf1665a8c5dfb834c0571e7dd5f6b6e5ccd00eab00295338bd42cfde549b
DSGN,"Design Therapeutics, Inc. - Common Stock",nasdaqtrader:Q:DSGN,SECURITY:DSGN:nasdaqtrader:Q:DSGN,,common_equity,eligible,Q,,,14.99,15.94,,9595739.713095237,28.890799656061894,36.14895549500454,48.26904055390704,212.94363256784968,5.95984943538268,53.511594466327196,277.0,full,usable,2026-08-21,conditional,58.43,100.0,,,73.0,28.0,62.0,100.0,2.2.0,c8f1bf1665a8c5dfb834c0571e7dd5f6b6e5ccd00eab00295338bd42cfde549b
DSGR,"Distribution Solutions Group, Inc. - Common Stock",nasdaqtrader:Q:DSGR,SECURITY:DSGR:nasdaqtrader:Q:DSGR,,common_equity,eligible,Q,,,34.8,34.96,,5890311.543650794,0.8695652173912993,28.271286398820482,13.318137414522946,9.193598995920915,0.4576659038901698,65.4034448497248,277.0,full,usable,2026-08-21,conditional,50.29,100.0,,,67.0,10.0,62.0,100.0,2.2.0,c8f1bf1665a8c5dfb834c0571e7dd5f6b6e5ccd00eab00295338bd42cfde549b
DSGX,The Descartes Systems Group Inc. - Common Stock,nasdaqtrader:Q:DSGX,SECURITY:DSGX:nasdaqtrader:Q:DSGX,,common_equity,eligible,Q,,,78.21,107.89,,39313714.447460316,18.986764034687333,10.559796437659031,16.592128801431127,-20.2427085457883,27.50950041709149,44.35636082390258,277.0,full,usable,2026-08-21,conditional,78.86,100.0,,,51.0,92.0,80.0,100.0,2.2.0,c8f1bf1665a8c5dfb834c0571e7dd5f6b6e5ccd00eab00295338bd42cfde549b
DSP,Viant Technology Inc. - common stock,nasdaqtrader:Q:DSP,SECURITY:DSP:nasdaqtrader:Q:DSP,,common_equity,eligible,Q,,,12.45,14.09,,3547189.888412698,19.596541786743504,13.181818181818183,31.052631578947356,34.01506996770722,11.639460610361962,64.44393160766913,277.0,full,usable,2026-08-21,conditional,71.79,100.0,,,65.0,82.0,45.0,100.0,2.2.0,c8f1bf1665a8c5dfb834c0571e7dd5f6b6e5ccd00eab00295338bd42cfde549b
DSS,"DSS, Inc. Common Stock",nasdaqtrader:A:DSS,SECURITY:DSS:nasdaqtrader:A:DSS,,common_equity,eligible,A,,,0.54,1.73,,752973.2756666667,-3.9145907473309594,6.529887551785363,-41.30434782608695,-35.018050541516246,68.78612716763006,71.40835638941122,277.0,full,usable,2026-08-21,rejected,40.71,100.0,,,55.0,30.0,0.0,100.0,2.2.0,c8f1bf1665a8c5dfb834c0571e7dd5f6b6e5ccd00eab00295338bd42cfde549b
DSWL,"Deswell Industries, Inc. - Common Shares",nasdaqtrader:Q:DSWL,SECURITY:DSWL:nasdaqtrader:Q:DSWL,,common_equity,eligible,Q,,,3.19,4.33,,44372.854739682545,-12.121212121212121,-1.5432098765432167,-11.388888888888893,-8.595988538681954,26.327944572748272,34.255680520476155,277.0,full,usable,2026-08-21,rejected,68.0,100.0,,,73.0,92.0,0.0,100.0,2.2.0,c8f1bf1665a8c5dfb834c0571e7dd5f6b6e5ccd00eab00295338bd42cfde549b
DSX,Diana Shipping inc. common stock,nasdaqtrader:N:DSX,SECURITY:DSX:nasdaqtrader:N:DSX,,common_equity,eligible,N,,,2.71,2.9,,2050028.2736507936,22.072072072072068,0.37037037037035425,5.038759689922467,73.7179487179487,6.5517241379310365,43.49216698426234,277.0,full,usable,2026-08-21,conditional,61.07,100.0,,,95.0,28.0,45.0,100.0,2.2.0,c8f1bf1665a8c5dfb834c0571e7dd5f6b6e5ccd00eab00295338bd42cfde549b
DSY,Big Tree Cloud Holdings Limited - Class A Ordinary Shares,nasdaqtrader:Q:DSY,NAMECLASS:BIG TREE CLOUD HOLDINGS LIMITED,,common_equity,eligible,Q,,,4.05,55.0,,19822957.462550797,17.391304347826075,113.15789473684212,13.381858902575573,-81.25,92.63636363636364,128.62788573876577,277.0,full,usable,2026-08-21,conditional,48.29,100.0,,,35.0,30.0,62.0,100.0,2.2.0,c8f1bf1665a8c5dfb834c0571e7dd5f6b6e5ccd00eab00295338bd42cfde549b
DT,"Dynatrace, Inc. Common Stock",nasdaqtrader:N:DT,SECURITY:DT:nasdaqtrader:N:DT,,common_equity,eligible,N,,,49.3,50.95,,255779528.20761904,21.27921279212792,25.92592592592593,39.26553672316384,1.3152486642005856,3.2384690873405453,47.15524035316786,277.0,full,usable,2026-08-21,conditional,53.86,100.0,,,57.0,10.0,92.0,100.0,2.2.0,c8f1bf1665a8c5dfb834c0571e7dd5f6b6e5ccd00eab00295338bd42cfde549b
DTCX,"Datacentrex, Inc. - Common Stock",nasdaqtrader:Q:DTCX,SECURITY:DTCX:nasdaqtrader:Q:DTCX,,common_equity,eligible,Q,,,2.62,6.0,,473746.1132539683,36.45833333333335,22.429906542056077,45.55555555555555,-50.19011406844106,56.33333333333332,92.35061971466169,277.0,full,usable,2026-08-21,rejected,52.14,100.0,,,45.0,70.0,0.0,100.0,2.2.0,c8f1bf1665a8c5dfb834c0571e7dd5f6b6e5ccd00eab00295338bd42cfde549b
DTE,DTE Energy Company Common Stock,nasdaqtrader:N:DTE,SECURITY:DTE:nasdaqtrader:N:DTE,,common_equity,eligible,N,,,135.22,154.43,,199119740.9647619,-8.715317626409236,-5.933913043478267,-6.744827586206892,-3.75115666595488,12.439292883507092,17.20713014770376,277.0,full,usable,2026-08-21,conditional,84.14,100.0,,,73.0,82.0,92.0,100.0,2.2.0,c8f1bf1665a8c5dfb834c0571e7dd5f6b6e5ccd00eab00295338bd42cfde549b
DTI,Drilling Tools International Corporation  - Common Stock,nasdaqtrader:Q:DTI,SECURITY:DTI:nasdaqtrader:Q:DTI,,common_equity,eligible,Q,,,2.61,4.49,,634212.865,14.977973568281922,-11.525423728813566,-34.75,37.36842105263158,41.87082405345212,37.11146283443547,277.0,full,usable,2026-08-21,rejected,73.07,100.0,,,87.0,95.0,0.0,100.0,2.2.0,c8f1bf1665a8c5dfb834c0571e7dd5f6b6e5ccd00eab00295338bd42cfde549b
DTIL,"Precision BioSciences, Inc. - Common Stock",nasdaqtrader:Q:DTIL,SECURITY:DTIL:nasdaqtrader:Q:DTIL,,common_equity,eligible,Q,,,8.85,9.28,,3347507.357936508,20.736698499317875,23.77622377622377,133.50923482849603,89.91416309012874,4.633620689655171,53.25143472762777,277.0,full,usable,2026-08-21,conditional,48.36,100.0,,,73.0,10.0,45.0,100.0,2.2.0,c8f1bf1665a8c5dfb834c0571e7dd5f6b6e5ccd00eab00295338bd42cfde549b
DTM,"DT Midstream, Inc. Common Stock",nasdaqtrader:N:DTM,SECURITY:DTM:nasdaqtrader:N:DTM,,common_equity,eligible,N,,,126.77,151.12,,111632771.33761905,-13.284082358574455,-15.044900147433326,-6.827870057327656,23.61774744027303,16.113022763366867,23.54393385653886,277.0,full,usable,2026-08-21,conditional,88.14,100.0,,,87.0,82.0,92.0,100.0,2.2.0,c8f1bf1665a8c5dfb834c0571e7dd5f6b6e5ccd00eab00295338bd42cfde549b
DTST,Data Storage Corporation - Common Stock,nasdaqtrader:Q:DTST,SECURITY:DTST:nasdaqtrader:Q:DTST,,common_equity,eligible,Q,,,3.0524,5.12,,82731.9865873016,-6.368098159509195,-21.733333333333327,-28.848484848484844,-32.31929046563192,40.3828125,69.41683587734569,277.0,full,usable,2026-08-21,rejected,67.36,100.0,,,67.0,95.0,0.0,100.0,2.2.0,c8f1bf1665a8c5dfb834c0571e7dd5f6b6e5ccd00eab00295338bd42cfde549b
DUK,Duke Energy Corporation (Holding Company) Common Stock,nasdaqtrader:N:DUK,SECURITY:DUK:nasdaqtrader:N:DUK,,common_equity,eligible,N,,,119.85,133.46,,501075595.87333333,-7.279900974779507,-3.8584951066901962,-5.4661618551822055,-3.719473007712093,10.197812078525414,18.436940514064908,277.0,full,usable,2026-08-21,conditional,85.86,100.0,,,73.0,82.0,100.0,100.0,2.2.0,c8f1bf1665a8c5dfb834c0571e7dd5f6b6e5ccd00eab00295338bd42cfde549b
DUKR,DUKE Robotics Corp. - Common Stock,nasdaqtrader:Q:DUKR,SECURITY:DUKR:nasdaqtrader:Q:DUKR,,common_equity,eligible,Q,,,5.55,7.5,,207895.72205396823,0.5434782608695787,-22.59414225941423,,,26.0,44.73216684679688,68.0,insufficient,usable,2026-08-21,rejected,,71.43,,,,92.0,0.0,88.0,2.2.0,c8f1bf1665a8c5dfb834c0571e7dd5f6b6e5ccd00eab00295338bd42cfde549b
DUOL,"Duolingo, Inc. - Class A Common Stock",nasdaqtrader:Q:DUOL,NAMECLASS:DUOLINGO INC,,common_equity,eligible,Q,,,146.13,347.27,,169014774.74095237,21.09886467224662,38.32828474062855,29.38728528422172,-56.87854107648725,57.920350159818,72.97433053963842,277.0,full,usable,2026-08-21,conditional,71.86,100.0,,,45.0,70.0,92.0,100.0,2.2.0,c8f1bf1665a8c5dfb834c0571e7dd5f6b6e5ccd00eab00295338bd42cfde549b
DUOT,"Duos Technologies Group, Inc. - Common Stock",nasdaqtrader:Q:DUOT,SECURITY:DUOT:nasdaqtrader:Q:DUOT,,common_equity,eligible,Q,,,10.32,14.64,,10590494.471031746,23.150357995226713,-4.797047970479706,17.94285714285715,72.0,29.508196721311474,79.33355096819889,277.0,full,usable,2026-08-21,conditional,84.71,100.0,,,85.0,92.0,62.0,100.0,2.2.0,c8f1bf1665a8c5dfb834c0571e7dd5f6b6e5ccd00eab00295338bd42cfde549b
DV,"DoubleVerify Holdings, Inc. Common Stock",nasdaqtrader:N:DV,SECURITY:DV:nasdaqtrader:N:DV,,common_equity,eligible,N,,,13.31,16.27,,44130249.44650794,28.227360308285164,39.810924369747916,38.79040667361835,-14.239690721649477,18.19299323909035,49.89546554038745,277.0,full,usable,2026-08-21,conditional,75.29,100.0,,,51.0,82.0,80.0,100.0,2.2.0,c8f1bf1665a8c5dfb834c0571e7dd5f6b6e5ccd00eab00295338bd42cfde549b
DVA,DaVita Inc. Common Stock,nasdaqtrader:N:DVA,SECURITY:DVA:nasdaqtrader:N:DVA,,common_equity,eligible,N,,,173.82,240.96,,176508477.34174603,-25.803559994877713,-12.503775294472973,15.318781927950642,26.488138553340136,27.863545816733073,59.19110786098843,277.0,full,usable,2026-08-21,conditional,88.86,100.0,,,77.0,92.0,92.0,100.0,2.2.0,c8f1bf1665a8c5dfb834c0571e7dd5f6b6e5ccd00eab00295338bd42cfde549b
DVN,Devon Energy Corporation Common Stock,nasdaqtrader:N:DVN,SECURITY:DVN:nasdaqtrader:N:DVN,,common_equity,eligible,N,,,49.1,52.07,,565865734.1966666,8.41245308015015,4.224156230099774,10.610497859878354,45.352279455298984,5.703860188208177,35.80777018329199,277.0,full,usable,2026-08-21,conditional,70.57,100.0,,,87.0,28.0,100.0,100.0,2.2.0,c8f1bf1665a8c5dfb834c0571e7dd5f6b6e5ccd00eab00295338bd42cfde549b
DWSN,Dawson Geophysical Company - Common Stock,nasdaqtrader:Q:DWSN,SECURITY:DWSN:nasdaqtrader:Q:DWSN,,common_equity,eligible,Q,,,3.41,7.57,,890056.0377777779,-28.361344537815125,-18.421052631578938,15.20270270270272,132.76450511945393,54.95376486129459,208.0906513686876,277.0,full,usable,2026-08-21,rejected,63.57,100.0,,,85.0,70.0,0.0,100.0,2.2.0,c8f1bf1665a8c5dfb834c0571e7dd5f6b6e5ccd00eab00295338bd42cfde549b
DWTX,"Dogwood Therapeutics, Inc.  - Common Stock",nasdaqtrader:Q:DWTX,SECURITY:DWTX:nasdaqtrader:Q:DWTX,,common_equity,eligible,Q,,,2.49,7.91,,118947.44888888889,61.6883116883117,37.56906077348068,-15.017064846416384,-48.76543209876543,68.52085967130215,53.57974895094525,277.0,full,usable,2026-08-21,rejected,40.71,100.0,,,55.0,30.0,0.0,100.0,2.2.0,c8f1bf1665a8c5dfb834c0571e7dd5f6b6e5ccd00eab00295338bd42cfde549b
DX,"Dynex Capital, Inc. Common Stock",nasdaqtrader:N:DX,SECURITY:DX:nasdaqtrader:N:DX,,common_equity,eligible,N,,,13.03,14.74,,67538433.44460317,3.4126984126984006,1.4007782101167265,-7.7848549186128935,4.073482428115005,11.601085481682505,18.024804607613262,277.0,full,usable,2026-08-21,conditional,83.29,100.0,,,79.0,82.0,80.0,100.0,2.2.0,c8f1bf1665a8c5dfb834c0571e7dd5f6b6e5ccd00eab00295338bd42cfde549b
DXC,DXC Technology Company Common Stock,nasdaqtrader:N:DXC,SECURITY:DXC:nasdaqtrader:N:DXC,,common_equity,eligible,N,,,10.8,15.43,,45285996.20460317,16.504854368932055,17.009750812567724,-19.10112359550561,-21.167883211678816,30.006480881399867,52.3717494187672,277.0,full,usable,2026-08-21,conditional,81.71,100.0,,,61.0,92.0,80.0,100.0,2.2.0,c8f1bf1665a8c5dfb834c0571e7dd5f6b6e5ccd00eab00295338bd42cfde549b
DXCM,"DexCom, Inc. - Common Stock",nasdaqtrader:Q:DXCM,SECURITY:DXCM:nasdaqtrader:Q:DXCM,,common_equity,eligible,Q,,,92.34,92.34,,406359691.3179365,31.015891032917132,28.42837273991654,26.354679802955673,13.064772866413609,0.0,51.02108717129254,277.0,full,usable,2026-08-21,conditional,53.86,100.0,,,57.0,10.0,92.0,100.0,2.2.0,c8f1bf1665a8c5dfb834c0571e7dd5f6b6e5ccd00eab00295338bd42cfde549b
DXF,"Eason Technology Limited American Depositary Shares (each representing sixty-thousand (60,000) Ordinary Shares)",nasdaqtrader:A:DXF,SECURITY:DXF:nasdaqtrader:A:DXF,,adr,eligible,A,,,0.4958,6.15,,4231272.41241746,-4.322655345426474,-54.51376146788991,-46.68817204301076,-87.90731707317073,91.93821138211382,77.33591348352337,277.0,full,usable,2026-08-21,conditional,44.64,100.0,,,35.0,30.0,45.0,100.0,2.2.0,c8f1bf1665a8c5dfb834c0571e7dd5f6b6e5ccd00eab00295338bd42cfde549b
DXPE,"DXP Enterprises, Inc. - Common Stock",nasdaqtrader:Q:DXPE,SECURITY:DXPE:nasdaqtrader:Q:DXPE,,common_equity,eligible,Q,,,190.28,200.84,,26270100.62968254,8.849608145987077,32.01054530317749,27.593374907798562,65.6192880146227,5.25791674965147,64.3821069105335,277.0,full,usable,2026-08-21,conditional,62.29,100.0,,,73.0,28.0,80.0,100.0,2.2.0,c8f1bf1665a8c5dfb834c0571e7dd5f6b6e5ccd00eab00295338bd42cfde549b
DXST,Decent Holding Inc. - Class A Ordinary Shares,nasdaqtrader:Q:DXST,NAMECLASS:DECENT HOLDING INC,,common_equity,eligible,Q,,,2.52,51.75,,9306587.824811112,12.5,36.95652173913042,-39.85680190930788,-92.125,95.1304347826087,137.87485774626703,277.0,full,usable,2026-08-21,conditional,48.29,100.0,,,35.0,30.0,62.0,100.0,2.2.0,c8f1bf1665a8c5dfb834c0571e7dd5f6b6e5ccd00eab00295338bd42cfde549b
DXYZ,Destiny Tech100 Inc. Common Stock,nasdaqtrader:N:DXYZ,SECURITY:DXYZ:nasdaqtrader:N:DXYZ,,common_equity,eligible,N,,,34.43,71.24,,114288098.76253968,42.80381584404811,-44.161530976321764,22.52669039145907,27.707715133531142,51.670409882088705,69.75714839188731,277.0,full,usable,2026-08-21,conditional,81.0,100.0,,,77.0,70.0,92.0,100.0,2.2.0,c8f1bf1665a8c5dfb834c0571e7dd5f6b6e5ccd00eab00295338bd42cfde549b
DY,"Dycom Industries, Inc. Common Stock",nasdaqtrader:N:DY,SECURITY:DY:nasdaqtrader:N:DY,,common_equity,eligible,N,,,392.95,535.2,,253078611.46888888,-10.772270033379506,-5.183022464589926,-8.558862541595891,52.744305371997214,26.578849028400608,57.28241448814626,277.0,full,usable,2026-08-21,conditional,94.0,100.0,,,95.0,92.0,92.0,100.0,2.2.0,c8f1bf1665a8c5dfb834c0571e7dd5f6b6e5ccd00eab00295338bd42cfde549b
DYAI,"Dyadic International, Inc. - Common Stock",nasdaqtrader:Q:DYAI,SECURITY:DYAI:nasdaqtrader:Q:DYAI,,common_equity,eligible,Q,,,0.69,1.47,,309328.8168095238,-42.97520661157025,-6.756756756756765,-13.20754716981133,-14.814814814814826,53.06122448979592,120.63200385821263,277.0,full,usable,2026-08-21,rejected,60.14,100.0,,,73.0,70.0,0.0,100.0,2.2.0,c8f1bf1665a8c5dfb834c0571e7dd5f6b6e5ccd00eab00295338bd42cfde549b
DYN,"Dyne Therapeutics, Inc. - Common Stock",nasdaqtrader:Q:DYN,SECURITY:DYN:nasdaqtrader:Q:DYN,,common_equity,eligible,Q,,,26.1,26.78,,49958470.7752381,9.250732524068649,50.259067357512954,75.40322580645163,118.04511278195488,2.5392083644510843,36.90721799756955,277.0,full,usable,2026-08-21,conditional,55.86,100.0,,,73.0,10.0,80.0,100.0,2.2.0,c8f1bf1665a8c5dfb834c0571e7dd5f6b6e5ccd00eab00295338bd42cfde549b
DYNC,Dynamix Corporation - Class A Ordinary Share,nasdaqtrader:Q:DYNC,NAMECLASS:DYNAMIX CORPORATION,,common_equity,eligible,Q,,,10.875,11.16,,671098.3937301587,0.9749303621169991,0.694444444444442,4.667949951876804,2.497643732327992,2.553763440860213,2.544644190756688,277.0,full,usable,2026-08-21,rejected,40.43,100.0,,,79.0,10.0,0.0,100.0,2.2.0,c8f1bf1665a8c5dfb834c0571e7dd5f6b6e5ccd00eab00295338bd42cfde549b
DYOR,Insight Digital Partners II - Class A Ordinary Shares,nasdaqtrader:Q:DYOR,NAMECLASS:INSIGHT DIGITAL PARTNERS II,,common_equity,eligible,Q,,,10.105,10.105,,385088.42871111113,0.2659205016768862,0.6474103585657476,1.4558232931726867,,0.0,1.1462055290429494,190.0,limited_but_usable,usable,2026-08-21,rejected,34.71,100.0,,,59.0,10.0,0.0,100.0,2.2.0,c8f1bf1665a8c5dfb834c0571e7dd5f6b6e5ccd00eab00295338bd42cfde549b
E,ENI S.p.A. Common Stock,nasdaqtrader:N:E,SECURITY:E:nasdaqtrader:N:E,,common_equity,eligible,N,,,56.47,57.61,,21307162.72904762,8.617041738795916,2.412042074718901,27.760180995475103,60.33503691084612,1.9788231209859397,34.33277743352776,277.0,full,usable,2026-08-21,conditional,55.43,100.0,,,85.0,10.0,62.0,100.0,2.2.0,c8f1bf1665a8c5dfb834c0571e7dd5f6b6e5ccd00eab00295338bd42cfde549b
EAF,GrafTech International Ltd. Common Stock,nasdaqtrader:N:EAF,SECURITY:EAF:nasdaqtrader:N:EAF,,common_equity,eligible,N,,,6.83,19.82,,2506416.921746032,-3.8028169014084456,-20.673635307781645,10.517799352750812,-32.37623762376237,65.53985872855701,89.5532889364857,277.0,full,usable,2026-08-21,conditional,53.79,100.0,,,67.0,30.0,45.0,100.0,2.2.0,c8f1bf1665a8c5dfb834c0571e7dd5f6b6e5ccd00eab00295338bd42cfde549b
EARN,Ellington Credit Company Common Shares of Beneficial Interest,nasdaqtrader:N:EARN,SECURITY:EARN:nasdaqtrader:N:EARN,,common_equity,eligible,N,,,4.41,5.88,,1800746.2652380953,0.2272727272727204,-7.547169811320742,-12.151394422310746,-23.304347826086957,25.0,18.736026374777616,277.0,full,usable,2026-08-21,rejected,68.0,100.0,,,73.0,92.0,0.0,100.0,2.2.0,c8f1bf1665a8c5dfb834c0571e7dd5f6b6e5ccd00eab00295338bd42cfde549b
EAT,"Brinker International, Inc. Common Stock",nasdaqtrader:N:EAT,SECURITY:EAT:nasdaqtrader:N:EAT,,common_equity,eligible,N,,,246.06,246.06,,190897190.0257143,33.0054054054054,80.17134070440068,67.93611793611794,61.245085190039326,0.0,50.85707563677626,277.0,full,usable,2026-08-21,conditional,58.43,100.0,,,73.0,10.0,92.0,100.0,2.2.0,c8f1bf1665a8c5dfb834c0571e7dd5f6b6e5ccd00eab00295338bd42cfde549b
EBAY,eBay Inc. - Common Stock,nasdaqtrader:Q:EBAY,SECURITY:EBAY:nasdaqtrader:Q:EBAY,,common_equity,eligible,Q,,,104.13,118.96,,442717913.2329365,-4.747530186608118,-11.098779134295222,18.235494493016912,5.022692889561253,12.466375252185614,35.595317078566595,277.0,full,usable,2026-08-21,conditional,83.0,100.0,,,69.0,82.0,92.0,100.0,2.2.0,c8f1bf1665a8c5dfb834c0571e7dd5f6b6e5ccd00eab00295338bd42cfde549b
EBC,"Eastern Bankshares, Inc. - Common Stock",nasdaqtrader:Q:EBC,SECURITY:EBC:nasdaqtrader:Q:EBC,,common_equity,eligible,Q,,,22.74,23.65,,70573240.96920636,0.5305039787798282,14.559193954659943,6.162464985994376,42.928975487115004,3.847780126849898,20.711533139863718,277.0,full,usable,2026-08-21,conditional,56.43,100.0,,,75.0,10.0,80.0,100.0,2.2.0,c8f1bf1665a8c5dfb834c0571e7dd5f6b6e5ccd00eab00295338bd42cfde549b
EBF,"Ennis, Inc. Common Stock",nasdaqtrader:N:EBF,SECURITY:EBF:nasdaqtrader:N:EBF,,common_equity,eligible,N,,,21.57,22.53,,3243142.4403174603,1.1251758087201136,7.634730538922163,5.425219941348969,19.700332963374034,4.260985352862856,17.476459844845202,277.0,full,usable,2026-08-21,conditional,48.93,100.0,,,75.0,10.0,45.0,100.0,2.2.0,c8f1bf1665a8c5dfb834c0571e7dd5f6b6e5ccd00eab00295338bd42cfde549b
EBMT,"Eagle Bancorp Montana, Inc. - Common Stock",nasdaqtrader:Q:EBMT,SECURITY:EBMT:nasdaqtrader:Q:EBMT,,common_equity,eligible,Q,,,22.85,24.43,,1530372.9983333333,0.21929824561404132,2.9279279279279313,1.510439804531316,34.88783943329399,6.467458043389273,22.205071884138903,277.0,full,usable,2026-08-21,rejected,49.14,100.0,,,87.0,28.0,0.0,100.0,2.2.0,c8f1bf1665a8c5dfb834c0571e7dd5f6b6e5ccd00eab00295338bd42cfde549b
EBON,Ebang International Holdings Inc. - Class A Ordinary Shares,nasdaqtrader:Q:EBON,NAMECLASS:EBANG INTERNATIONAL HOLDINGS INC,,common_equity,eligible,Q,,,2.32,5.42,,25142.55506825397,14.794656110836213,13.719915690407337,-11.787072243346008,-39.89793010543769,57.19557195571956,51.10788238770112,277.0,full,usable,2026-08-21,rejected,55.0,100.0,,,55.0,70.0,0.0,100.0,2.2.0,c8f1bf1665a8c5dfb834c0571e7dd5f6b6e5ccd00eab00295338bd42cfde549b
EBS,Emergent BioSolutions Inc. Common Stock,nasdaqtrader:N:EBS,SECURITY:EBS:nasdaqtrader:N:EBS,,common_equity,eligible,N,,,5.08,13.9,,7253746.144761905,-32.266666666666666,-39.30704898446833,-53.52241537053979,-45.081081081081074,63.453237410071935,113.90694656553559,277.0,full,usable,2026-08-21,conditional,68.86,100.0,,,57.0,70.0,62.0,100.0,2.2.0,c8f1bf1665a8c5dfb834c0571e7dd5f6b6e5ccd00eab00295338bd42cfde549b
EC,Ecopetrol S.A. American Depositary Shares,nasdaqtrader:N:EC,SECURITY:EC:nasdaqtrader:N:EC,,adr,eligible,N,,,17.53,17.89,,42719866.47904762,7.348438456827933,26.479076479076504,40.24000000000001,96.52466367713006,2.012297372833982,33.44108153466499,277.0,full,usable,2026-08-21,conditional,55.86,100.0,,,73.0,10.0,80.0,100.0,2.2.0,c8f1bf1665a8c5dfb834c0571e7dd5f6b6e5ccd00eab00295338bd42cfde549b
ECBK,"ECB Bancorp, Inc. - Common Stock",nasdaqtrader:Q:ECBK,SECURITY:ECBK:nasdaqtrader:Q:ECBK,,common_equity,eligible,Q,,,20.62,20.85,,234949.20452380952,1.9278299555116174,11.640498105035203,16.038266741699502,24.291742013261008,1.1031175059952103,19.70060085658261,277.0,full,usable,2026-08-21,rejected,36.43,100.0,,,65.0,10.0,0.0,100.0,2.2.0,c8f1bf1665a8c5dfb834c0571e7dd5f6b6e5ccd00eab00295338bd42cfde549b
ECC,Eagle Point Credit Company Common Share of Beneficial Interest,nasdaqtrader:N:ECC,SECURITY:ECC:nasdaqtrader:N:ECC,,common_equity,eligible,N,,,3.81,7.7,,3654354.3544444446,5.540166204986163,-5.693069306930698,-5.925925925925924,-43.55555555555556,50.51948051948052,20.763822066045577,277.0,full,usable,2026-08-21,conditional,68.07,100.0,,,67.0,70.0,45.0,100.0,2.2.0,c8f1bf1665a8c5dfb834c0571e7dd5f6b6e5ccd00eab00295338bd42cfde549b
ECG,"Everus Construction Group, Inc. Common Stock",nasdaqtrader:N:ECG,SECURITY:ECG:nasdaqtrader:N:ECG,,common_equity,eligible,N,,,125.96,169.16,,86334703.3631746,-8.704790896571723,-16.422267931789534,16.457100591715967,68.44075956138002,25.537952234570827,70.21365089470378,277.0,full,usable,2026-08-21,conditional,88.57,100.0,,,85.0,92.0,80.0,100.0,2.2.0,c8f1bf1665a8c5dfb834c0571e7dd5f6b6e5ccd00eab00295338bd42cfde549b
ECHO,EchoStar Corporation - Common stock,nasdaqtrader:Q:ECHO,SECURITY:ECHO:nasdaqtrader:Q:ECHO,,common_equity,eligible,Q,,,86.81,141.8,,858170217.4001588,-5.136050704841,-32.412021177203364,-21.339253352664013,213.9602169981917,38.7799717912553,45.44765195089312,277.0,full,usable,2026-08-21,conditional,96.79,100.0,,,95.0,95.0,100.0,100.0,2.2.0,c8f1bf1665a8c5dfb834c0571e7dd5f6b6e5ccd00eab00295338bd42cfde549b
ECL,Ecolab Inc. Common Stock,nasdaqtrader:N:ECL,SECURITY:ECL:nasdaqtrader:N:ECL,,common_equity,eligible,N,,,281.63,308.35,,418825523.268254,7.026677814091364,12.570948916779923,-7.4072856391373065,-1.3451501033383662,8.665477541754507,22.37437469276962,277.0,full,usable,2026-08-21,conditional,80.71,100.0,,,61.0,82.0,92.0,100.0,2.2.0,c8f1bf1665a8c5dfb834c0571e7dd5f6b6e5ccd00eab00295338bd42cfde549b
ECO,Okeanis Eco Tankers Corp. Common Stock,nasdaqtrader:N:ECO,SECURITY:ECO:nasdaqtrader:N:ECO,,common_equity,eligible,N,,,64.71,64.71,,27520920.42174603,12.617473024712833,15.594855305466226,31.52439024390241,148.88461538461536,0.0,43.95495540787507,277.0,full,usable,2026-08-21,conditional,55.86,100.0,,,73.0,10.0,80.0,100.0,2.2.0,c8f1bf1665a8c5dfb834c0571e7dd5f6b6e5ccd00eab00295338bd42cfde549b
ECOR,"electroCore, Inc. - Common Stock",nasdaqtrader:Q:ECOR,SECURITY:ECOR:nasdaqtrader:Q:ECOR,,common_equity,eligible,Q,,,10.52,10.81,,1034330.8196031746,65.27886881382558,75.62604340567611,68.32000000000001,101.91938579654511,2.6827012025901986,76.70485359137064,277.0,full,usable,2026-08-21,rejected,38.71,100.0,,,73.0,10.0,0.0,100.0,2.2.0,c8f1bf1665a8c5dfb834c0571e7dd5f6b6e5ccd00eab00295338bd42cfde549b
ECPG,Encore Capital Group Inc - Common Stock,nasdaqtrader:Q:ECPG,SECURITY:ECPG:nasdaqtrader:Q:ECPG,,common_equity,eligible,Q,,,101.21,103.74,,30840418.871507935,18.19455798201566,24.07747946548977,73.27512412258174,144.64587865603096,2.438789280894549,44.49855841052547,277.0,full,usable,2026-08-21,conditional,55.86,100.0,,,73.0,10.0,80.0,100.0,2.2.0,c8f1bf1665a8c5dfb834c0571e7dd5f6b6e5ccd00eab00295338bd42cfde549b
ECVT,Ecovyst Inc. Common Stock,nasdaqtrader:N:ECVT,SECURITY:ECVT:nasdaqtrader:N:ECVT,,common_equity,eligible,N,,,10.44,14.97,,20278981.81142857,-19.006982156710638,-21.680420105026265,-9.9223468507334,19.72477064220182,30.260521042084175,39.43773958060543,277.0,full,usable,2026-08-21,conditional,85.29,100.0,,,87.0,92.0,62.0,100.0,2.2.0,c8f1bf1665a8c5dfb834c0571e7dd5f6b6e5ccd00eab00295338bd42cfde549b
ECX,ECARX Holdings Inc. - Class A Ordinary shares,nasdaqtrader:Q:ECX,NAMECLASS:ECARX HOLDINGS INC,,common_equity,eligible,Q,,,1.09,2.64,,1738925.5896873015,7.920792079207928,7.920792079207928,-30.573248407643305,-32.71604938271605,58.71212121212122,54.814591331173034,277.0,full,usable,2026-08-21,rejected,55.0,100.0,,,55.0,70.0,0.0,100.0,2.2.0,c8f1bf1665a8c5dfb834c0571e7dd5f6b6e5ccd00eab00295338bd42cfde549b
ED,"Consolidated Edison, Inc. Common Stock",nasdaqtrader:N:ED,SECURITY:ED:nasdaqtrader:N:ED,,common_equity,eligible,N,,,106.35,115.46,,263379392.4357143,-5.709726039542518,-0.9776536312849249,-3.1508970039158646,4.510613207547154,7.8901784167677125,16.595388553632876,277.0,full,usable,2026-08-21,conditional,66.57,100.0,,,79.0,28.0,92.0,100.0,2.2.0,c8f1bf1665a8c5dfb834c0571e7dd5f6b6e5ccd00eab00295338bd42cfde549b
EDHL,Everbright Digital Holding Limited - Ordinary Shares,nasdaqtrader:Q:EDHL,SECURITY:EDHL:nasdaqtrader:Q:EDHL,,common_equity,eligible,Q,,,4.16,19.2,,12709848.422674606,13.043478260869556,42.46575342465755,46.47887323943662,-40.0921658986175,78.33333333333333,99.7470683306332,277.0,full,usable,2026-08-21,conditional,51.14,100.0,,,45.0,30.0,62.0,100.0,2.2.0,c8f1bf1665a8c5dfb834c0571e7dd5f6b6e5ccd00eab00295338bd42cfde549b
EDIT,"Editas Medicine, Inc. - Common Stock",nasdaqtrader:Q:EDIT,SECURITY:EDIT:nasdaqtrader:Q:EDIT,,common_equity,eligible,Q,,,3.11,4.15,,8494167.778095238,13.919413919413914,16.479400749063664,73.74301675977652,16.479400749063664,25.060240963855428,68.79777082242701,277.0,full,usable,2026-08-21,conditional,79.0,100.0,,,65.0,92.0,62.0,100.0,2.2.0,c8f1bf1665a8c5dfb834c0571e7dd5f6b6e5ccd00eab00295338bd42cfde549b
EDN,Empresa Distribuidora Y Comercializadora Norte S.A. (Edenor) American Depositary Shares,nasdaqtrader:N:EDN,SECURITY:EDN:nasdaqtrader:N:EDN,,adr,eligible,N,,,22.3,35.71,,2686178.8517460315,-16.133884919142528,-10.799999999999999,-19.784172661870503,-8.905228758169937,37.55250630075609,45.74448043575058,277.0,full,usable,2026-08-21,conditional,78.71,100.0,,,73.0,95.0,45.0,100.0,2.2.0,c8f1bf1665a8c5dfb834c0571e7dd5f6b6e5ccd00eab00295338bd42cfde549b
EDRY,EuroDry Ltd. - Common Shares,nasdaqtrader:Q:EDRY,SECURITY:EDRY:nasdaqtrader:Q:EDRY,,common_equity,eligible,Q,,,46.85,46.85,,2127499.578888889,88.15261044176708,100.12815036309269,153.24324324324326,344.49715370018976,0.0,73.28978230375355,277.0,full,usable,2026-08-21,conditional,48.36,100.0,,,73.0,10.0,45.0,100.0,2.2.0,c8f1bf1665a8c5dfb834c0571e7dd5f6b6e5ccd00eab00295338bd42cfde549b
EDSA,"Edesa Biotech, Inc. - Common Shares",nasdaqtrader:Q:EDSA,SECURITY:EDSA:nasdaqtrader:Q:EDSA,,common_equity,eligible,Q,,,4.43,18.275,,905804.7701587302,-21.731448763250892,-59.24563017479301,453.74999999999994,88.06248938699271,75.75923392612859,87.49101726787646,277.0,full,usable,2026-08-21,rejected,45.86,100.0,,,73.0,30.0,0.0,100.0,2.2.0,c8f1bf1665a8c5dfb834c0571e7dd5f6b6e5ccd00eab00295338bd42cfde549b
EDTK,Skillful Craftsman Education Technology Limited - Ordinary Share,nasdaqtrader:Q:EDTK,SECURITY:EDTK:nasdaqtrader:Q:EDTK,,common_equity,eligible,Q,,,0.98,1.14,,5973.926095238095,3.3755274261603407,0.0,13.755078351712125,-2.970297029702973,14.035087719298245,70.10999295072567,277.0,full,usable,2026-08-21,rejected,64.43,100.0,,,73.0,82.0,0.0,100.0,2.2.0,c8f1bf1665a8c5dfb834c0571e7dd5f6b6e5ccd00eab00295338bd42cfde549b
EDU,"New Oriental Education & Technology Group, Inc. Sponsored ADR representing 10 Ordinary Share (Cayman Islands)",nasdaqtrader:N:EDU,SECURITY:EDU:nasdaqtrader:N:EDU,,adr,eligible,N,,,55.8,63.51,,35520205.84841269,13.069908814589649,17.32548359966357,-7.38589211618258,18.875159778440565,12.139820500708554,55.30533275291265,277.0,full,usable,2026-08-21,conditional,82.14,100.0,,,75.0,82.0,80.0,100.0,2.2.0,c8f1bf1665a8c5dfb834c0571e7dd5f6b6e5ccd00eab00295338bd42cfde549b
EDUC,Educational Development Corporation - Common Stock,nasdaqtrader:Q:EDUC,SECURITY:EDUC:nasdaqtrader:Q:EDUC,,common_equity,eligible,Q,,,1.37,1.8,,252720.62404761903,-5.517241379310334,-2.8368794326240954,-1.4388489208632893,30.476190476190478,23.888888888888882,18.495978081104386,277.0,full,usable,2026-08-21,rejected,72.0,100.0,,,87.0,92.0,0.0,100.0,2.2.0,c8f1bf1665a8c5dfb834c0571e7dd5f6b6e5ccd00eab00295338bd42cfde549b
EE,"Excelerate Energy, Inc. Class A Common Stock",nasdaqtrader:N:EE,NAMECLASS:EXCELERATE ENERGY INC,,common_equity,eligible,N,,,39.35,42.89,,12969604.964285715,-0.8316532258064502,11.504675545480314,-6.6429418742585895,66.10384128324188,8.253672184658424,36.686279613048406,277.0,full,usable,2026-08-21,conditional,80.57,100.0,,,83.0,82.0,62.0,100.0,2.2.0,c8f1bf1665a8c5dfb834c0571e7dd5f6b6e5ccd00eab00295338bd42cfde549b
EEFT,"Euronet Worldwide, Inc. - Common Stock",nasdaqtrader:Q:EEFT,SECURITY:EEFT:nasdaqtrader:Q:EEFT,,common_equity,eligible,Q,,,70.07,98.32,,51420480.48793651,-9.34144132488034,5.368421052631578,-3.3517241379310447,-26.31191502786835,28.732709519934907,48.6385529284133,277.0,full,usable,2026-08-21,conditional,80.0,100.0,,,55.0,92.0,80.0,100.0,2.2.0,c8f1bf1665a8c5dfb834c0571e7dd5f6b6e5ccd00eab00295338bd42cfde549b
EEIQ,EpicQuest Education Group International Limited - Common Stock,nasdaqtrader:Q:EEIQ,SECURITY:EEIQ:nasdaqtrader:Q:EEIQ,,common_equity,eligible,Q,,,2.765,19.84,,422759.3284793651,21.378402107111505,-6.587837837837829,-11.378205128205131,-67.4629324546952,86.06350806451613,75.79051457870098,277.0,full,usable,2026-08-21,rejected,44.14,100.0,,,67.0,30.0,0.0,100.0,2.2.0,c8f1bf1665a8c5dfb834c0571e7dd5f6b6e5ccd00eab00295338bd42cfde549b
EFC,Ellington Financial Inc. Common Stock,nasdaqtrader:N:EFC,SECURITY:EFC:nasdaqtrader:N:EFC,,common_equity,eligible,N,,,13.63,14.02,,16726125.338253967,2.6355421686747205,0.442151805453217,10.185933710590156,-1.5173410404624166,2.781740370898711,15.86866328026571,277.0,full,usable,2026-08-21,conditional,52.0,100.0,,,73.0,10.0,62.0,100.0,2.2.0,c8f1bf1665a8c5dfb834c0571e7dd5f6b6e5ccd00eab00295338bd42cfde549b
EFOI,"Energy Focus, Inc. - Common Stock",nasdaqtrader:Q:EFOI,SECURITY:EFOI:nasdaqtrader:Q:EFOI,,common_equity,eligible,Q,,,2.92,6.49,,79861.27859999999,2.8169014084507005,-22.546419098143232,64.04494382022472,18.699186991869922,55.00770416024654,57.710094000190814,277.0,full,usable,2026-08-21,rejected,61.29,100.0,,,77.0,70.0,0.0,100.0,2.2.0,c8f1bf1665a8c5dfb834c0571e7dd5f6b6e5ccd00eab00295338bd42cfde549b
EFOR,"Everforth, Inc. Common Stock",nasdaqtrader:N:EFOR,SECURITY:EFOR:nasdaqtrader:N:EFOR,,common_equity,eligible,N,,,32.7,54.25,,23038550.67253968,66.49694501018331,71.02510460251045,-27.734806629834253,-36.59104130308318,39.72350230414746,72.80071221486651,277.0,full,usable,2026-08-21,conditional,77.21,100.0,,,55.0,95.0,62.0,100.0,2.2.0,c8f1bf1665a8c5dfb834c0571e7dd5f6b6e5ccd00eab00295338bd42cfde549b
EFSC,Enterprise Financial Services Corporation - Common Stock,nasdaqtrader:Q:EFSC,SECURITY:EFSC:nasdaqtrader:Q:EFSC,,common_equity,eligible,Q,,,63.67,68.52,,15630979.96873016,-2.106396063960647,4.910199373867208,3.629557291666674,11.21397379912663,7.078225335668408,18.89741314322079,277.0,full,usable,2026-08-21,conditional,60.14,100.0,,,79.0,28.0,62.0,100.0,2.2.0,c8f1bf1665a8c5dfb834c0571e7dd5f6b6e5ccd00eab00295338bd42cfde549b
EFSI,Eagle Financial Services Inc - Common Stock,nasdaqtrader:Q:EFSI,SECURITY:EFSI:nasdaqtrader:Q:EFSI,,common_equity,eligible,Q,,,42.31,43.69,,2592240.132857143,2.074788902291913,7.168186423505585,9.56882040657776,20.851185375606974,3.158617532616148,26.162537451838965,277.0,full,usable,2026-08-21,conditional,48.93,100.0,,,75.0,10.0,45.0,100.0,2.2.0,c8f1bf1665a8c5dfb834c0571e7dd5f6b6e5ccd00eab00295338bd42cfde549b
EFTY,"Etoiles Capital Group Co., Ltd. - Class A Ordinary Shares",nasdaqtrader:Q:EFTY,NAMECLASS:ETOILES CAPITAL GROUP CO LTD,,common_equity,eligible,Q,,,15.02,16.98,,0.0,0.0,0.0,0.0,127.57575757575759,11.542991755005893,0.0,260.0,full,usable,2026-08-20,rejected,70.71,100.0,,,95.0,82.0,0.0,100.0,2.2.0,c8f1bf1665a8c5dfb834c0571e7dd5f6b6e5ccd00eab00295338bd42cfde549b
EFX,"Equifax, Inc. Common Stock",nasdaqtrader:N:EFX,SECURITY:EFX:nasdaqtrader:N:EFX,,common_equity,eligible,N,,,192.62,262.33,,282705981.413492,15.535028790786942,18.099325567136738,-2.451129342651681,-22.44010469096034,26.573399916136154,45.64917470433844,277.0,full,usable,2026-08-21,conditional,84.29,100.0,,,61.0,92.0,92.0,100.0,2.2.0,c8f1bf1665a8c5dfb834c0571e7dd5f6b6e5ccd00eab00295338bd42cfde549b
EFXT,Enerflex Ltd Common Shares,nasdaqtrader:N:EFXT,SECURITY:EFXT:nasdaqtrader:N:EFXT,,common_equity,eligible,N,,,20.34,28.39,,13228334.57984127,-14.824120603015068,-25.19308569326959,4.575835475578405,114.10526315789475,28.355054596688976,44.8861246888084,277.0,full,usable,2026-08-21,conditional,87.57,100.0,,,95.0,92.0,62.0,100.0,2.2.0,c8f1bf1665a8c5dfb834c0571e7dd5f6b6e5ccd00eab00295338bd42cfde549b
EG,"Everest Group, Ltd. Common Stock",nasdaqtrader:N:EG,SECURITY:EG:nasdaqtrader:N:EG,,common_equity,eligible,N,,,370.06,398.7,,141149552.4295238,-1.4644797102992824,3.8182073222050805,8.053024994160229,7.725896599906856,7.183345874090796,26.001956731835623,277.0,full,usable,2026-08-21,conditional,66.57,100.0,,,79.0,28.0,92.0,100.0,2.2.0,c8f1bf1665a8c5dfb834c0571e7dd5f6b6e5ccd00eab00295338bd42cfde549b
EGAN,eGain Corporation - Common Stock,nasdaqtrader:Q:EGAN,SECURITY:EGAN:nasdaqtrader:Q:EGAN,,common_equity,eligible,Q,,,7.3,15.46,,1413573.7146031745,15.506329113924044,6.104651162790686,-22.3404255319149,20.86092715231789,52.78137128072446,35.025197099283034,277.0,full,usable,2026-08-21,rejected,60.71,100.0,,,75.0,70.0,0.0,100.0,2.2.0,c8f1bf1665a8c5dfb834c0571e7dd5f6b6e5ccd00eab00295338bd42cfde549b
EGBN,"Eagle Bancorp, Inc. - Common Stock",nasdaqtrader:Q:EGBN,SECURITY:EGBN:nasdaqtrader:Q:EGBN,,common_equity,eligible,Q,,,28.24,29.13,,8033191.9058730155,2.318840579710124,8.282208588957051,6.525839305922276,54.824561403508774,3.0552694816340598,23.38203871714597,277.0,full,usable,2026-08-21,conditional,54.86,100.0,,,83.0,10.0,62.0,100.0,2.2.0,c8f1bf1665a8c5dfb834c0571e7dd5f6b6e5ccd00eab00295338bd42cfde549b
EGG,Enigmatig Limited Class A Ordinary Shares,nasdaqtrader:A:EGG,SECURITY:EGG:nasdaqtrader:A:EGG,,common_equity,eligible,A,,,3.05,10.85,,2024727.0894238094,-52.34375,-67.48400852878464,-46.645674801014614,-52.34375,71.88940092165899,335.4934812014481,277.0,full,usable,2026-08-21,conditional,50.36,100.0,,,55.0,30.0,45.0,100.0,2.2.0,c8f1bf1665a8c5dfb834c0571e7dd5f6b6e5ccd00eab00295338bd42cfde549b
EGHT,8x8 Inc - Common stock,nasdaqtrader:Q:EGHT,SECURITY:EGHT:nasdaqtrader:Q:EGHT,,common_equity,eligible,Q,,,2.01,2.76,,3440114.9483333332,24.45820433436532,-5.633802816901412,-12.227074235807866,10.439560439560424,27.173913043478258,82.83388651725956,277.0,full,usable,2026-08-21,conditional,79.36,100.0,,,79.0,92.0,45.0,100.0,2.2.0,c8f1bf1665a8c5dfb834c0571e7dd5f6b6e5ccd00eab00295338bd42cfde549b
EGO,Eldorado Gold Corporation Ordinary Shares,nasdaqtrader:N:EGO,SECURITY:EGO:nasdaqtrader:N:EGO,,common_equity,eligible,N,,,45.72,49.71,,88240997.0647619,42.91966239449829,44.27264121173871,6.325581395348845,102.48007085916741,8.02655401327701,69.63454659573036,277.0,full,usable,2026-08-21,conditional,84.43,100.0,,,83.0,82.0,80.0,100.0,2.2.0,c8f1bf1665a8c5dfb834c0571e7dd5f6b6e5ccd00eab00295338bd42cfde549b
EGP,"EastGroup Properties, Inc. Common Stock",nasdaqtrader:N:EGP,SECURITY:EGP:nasdaqtrader:N:EGP,,common_equity,eligible,N,,,201.0,223.38,,89241583.94603175,-6.096706377014716,-2.037235598011511,4.188264565623068,21.89205579138871,10.018802041364495,19.26210314900943,277.0,full,usable,2026-08-21,conditional,85.57,100.0,,,87.0,82.0,80.0,100.0,2.2.0,c8f1bf1665a8c5dfb834c0571e7dd5f6b6e5ccd00eab00295338bd42cfde549b
EGY,"VAALCO Energy, Inc.  Common Stock",nasdaqtrader:N:EGY,SECURITY:EGY:nasdaqtrader:N:EGY,,common_equity,eligible,N,,,5.94,6.67,,7148727.551746031,4.028021015761829,1.192504258943794,15.339805825242724,59.24932975871315,10.944527736131926,44.293862122051166,277.0,full,usable,2026-08-21,conditional,81.14,100.0,,,85.0,82.0,62.0,100.0,2.2.0,c8f1bf1665a8c5dfb834c0571e7dd5f6b6e5ccd00eab00295338bd42cfde549b
EH,EHang Holdings Limited - ADS,nasdaqtrader:Q:EH,SECURITY:EH:nasdaqtrader:Q:EH,,adr,eligible,Q,,,5.51,19.44,,7385274.186031746,8.251473477406668,-41.6931216931217,-54.8360655737705,-68.07647740440325,71.65637860082306,52.5493157607115,277.0,full,usable,2026-08-21,conditional,54.57,100.0,,,57.0,30.0,62.0,100.0,2.2.0,c8f1bf1665a8c5dfb834c0571e7dd5f6b6e5ccd00eab00295338bd42cfde549b
EHC,Encompass Health Corporation Common Stock,nasdaqtrader:N:EHC,SECURITY:EHC:nasdaqtrader:N:EHC,,common_equity,eligible,N,,,120.31,127.18,,107534743.86333334,8.328831262380687,15.184298707515564,12.914124824026274,-2.614537801521777,5.4017927347067225,38.76594702258784,277.0,full,usable,2026-08-21,conditional,61.43,100.0,,,61.0,28.0,92.0,100.0,2.2.0,c8f1bf1665a8c5dfb834c0571e7dd5f6b6e5ccd00eab00295338bd42cfde549b
EHGO,Eshallgo Inc. - Class A Ordinary Shares,nasdaqtrader:Q:EHGO,NAMECLASS:ESHALLGO INC,,common_equity,eligible,Q,,,1.38,11.96,,24594419.52703016,-49.07749077490775,-17.365269461077848,-55.26742301458671,-87.58992805755396,88.46153846153845,223.75475446212764,277.0,full,usable,2026-08-21,conditional,48.86,100.0,,,37.0,30.0,62.0,100.0,2.2.0,c8f1bf1665a8c5dfb834c0571e7dd5f6b6e5ccd00eab00295338bd42cfde549b
EHLD,Euroholdings Ltd. - Common Stock,nasdaqtrader:Q:EHLD,SECURITY:EHLD:nasdaqtrader:Q:EHLD,,common_equity,eligible,Q,,,10.025,10.68,,43118.12294444445,16.70683011443672,16.56976744186047,47.426470588235304,38.65836791147994,6.132958801498123,65.83800425462779,277.0,full,usable,2026-08-21,rejected,42.86,100.0,,,65.0,28.0,0.0,100.0,2.2.0,c8f1bf1665a8c5dfb834c0571e7dd5f6b6e5ccd00eab00295338bd42cfde549b
EHTH,"eHealth, Inc. - Common Stock",nasdaqtrader:Q:EHTH,SECURITY:EHTH:nasdaqtrader:Q:EHTH,,common_equity,eligible,Q,,,1.23,5.65,,552917.9991269842,-8.888888888888902,-24.07407407407408,-16.8918918918919,-64.24418604651163,78.23008849557522,59.66841407577269,277.0,full,usable,2026-08-21,rejected,44.14,100.0,,,67.0,30.0,0.0,100.0,2.2.0,c8f1bf1665a8c5dfb834c0571e7dd5f6b6e5ccd00eab00295338bd42cfde549b
EIC,Eagle Point Income Company Inc. Common Stock,nasdaqtrader:N:EIC,SECURITY:EIC:nasdaqtrader:N:EIC,,common_equity,eligible,N,,,10.0,13.91,,933750.4731746032,0.8064516129032251,-5.926622765757294,0.10010010010010895,-24.299772899318704,28.10927390366643,15.623400103853852,277.0,full,usable,2026-08-21,rejected,68.0,100.0,,,73.0,92.0,0.0,100.0,2.2.0,c8f1bf1665a8c5dfb834c0571e7dd5f6b6e5ccd00eab00295338bd42cfde549b
EIG,Employers Holdings Inc Common Stock,nasdaqtrader:N:EIG,SECURITY:EIG:nasdaqtrader:N:EIG,,common_equity,eligible,N,,,48.17,51.93,,11336374.61015873,-2.66720549605981,10.077696526508229,22.94538029606943,12.599345488546042,7.240516079337567,22.26838926728525,277.0,full,usable,2026-08-21,conditional,53.86,100.0,,,57.0,28.0,62.0,100.0,2.2.0,c8f1bf1665a8c5dfb834c0571e7dd5f6b6e5ccd00eab00295338bd42cfde549b
EIKN,"Eikon Therapeutics, Inc. - Common Stock",nasdaqtrader:Q:EIKN,SECURITY:EIKN:nasdaqtrader:Q:EIKN,,common_equity,eligible,Q,,,11.39,16.26,,4275276.188412699,18.39916839916842,2.0609318996415826,-23.454301075268813,,29.950799507995086,80.92427031964652,137.0,limited_but_usable,usable,2026-08-21,conditional,73.64,100.0,,,59.0,92.0,45.0,100.0,2.2.0,c8f1bf1665a8c5dfb834c0571e7dd5f6b6e5ccd00eab00295338bd42cfde549b
EIX,Edison International Common Stock,nasdaqtrader:N:EIX,SECURITY:EIX:nasdaqtrader:N:EIX,,common_equity,eligible,N,,,71.59,80.38,,202175492.23809522,-10.107985936715213,1.8060295790671255,-2.915649579604007,27.930664760543245,10.93555610848469,35.32786283748558,277.0,full,usable,2026-08-21,conditional,88.14,100.0,,,87.0,82.0,92.0,100.0,2.2.0,c8f1bf1665a8c5dfb834c0571e7dd5f6b6e5ccd00eab00295338bd42cfde549b
EL,"Estee Lauder Companies, Inc. (The) Common Stock",nasdaqtrader:N:EL,SECURITY:EL:nasdaqtrader:N:EL,,common_equity,eligible,N,,,101.94,119.61,,290403393.9174603,27.552552552552555,29.18514763654796,-10.758995010067418,17.754418389742412,14.773012289942312,53.174707137478215,277.0,full,usable,2026-08-21,conditional,84.71,100.0,,,75.0,82.0,92.0,100.0,2.2.0,c8f1bf1665a8c5dfb834c0571e7dd5f6b6e5ccd00eab00295338bd42cfde549b
ELA,Envela Corporation Common Stock,nasdaqtrader:A:ELA,SECURITY:ELA:nasdaqtrader:A:ELA,,common_equity,eligible,A,,,14.13,28.88,,2974542.4885714287,-32.32758620689654,-41.05131414267834,6.722054380664666,97.62237762237763,51.07340720221607,59.11895517909266,277.0,full,usable,2026-08-21,conditional,76.07,100.0,,,95.0,70.0,45.0,100.0,2.2.0,c8f1bf1665a8c5dfb834c0571e7dd5f6b6e5ccd00eab00295338bd42cfde549b
ELAB,PMGC Holdings Inc. - Common Stock,nasdaqtrader:Q:ELAB,SECURITY:ELAB:nasdaqtrader:Q:ELAB,,common_equity,eligible,Q,,,6.66,2167.2,,3776235.4383809525,-29.81346822636738,-59.87951807228916,-91.3953488372093,-99.5827067669173,99.69269102990033,131.52691630668122,277.0,full,usable,2026-08-21,conditional,37.5,100.0,,,10.0,30.0,45.0,100.0,2.2.0,c8f1bf1665a8c5dfb834c0571e7dd5f6b6e5ccd00eab00295338bd42cfde549b
ELAN,Elanco Animal Health Incorporated Common Stock,nasdaqtrader:N:ELAN,SECURITY:ELAN:nasdaqtrader:N:ELAN,,common_equity,eligible,N,,,23.97,26.84,,152113335.05761907,-3.2687651331719247,12.429643527204504,-4.043234587670142,37.285223367697576,10.692995529061111,47.99073552498411,277.0,full,usable,2026-08-21,conditional,84.71,100.0,,,75.0,82.0,92.0,100.0,2.2.0,c8f1bf1665a8c5dfb834c0571e7dd5f6b6e5ccd00eab00295338bd42cfde549b
ELDN,"Eledon Pharmaceuticals, Inc. - Common Stock",nasdaqtrader:Q:ELDN,SECURITY:ELDN:nasdaqtrader:Q:ELDN,,common_equity,eligible,Q,,,3.45,4.36,,4732284.415555555,-7.754010695187164,-11.311053984575835,57.53424657534247,33.72093023255813,20.871559633027527,50.28945306259469,277.0,full,usable,2026-08-21,conditional,78.79,100.0,,,77.0,92.0,45.0,100.0,2.2.0,c8f1bf1665a8c5dfb834c0571e7dd5f6b6e5ccd00eab00295338bd42cfde549b
ELE,Elemental Royalty Corporation - Common Stock,nasdaqtrader:Q:ELE,SECURITY:ELE:nasdaqtrader:Q:ELE,,common_equity,eligible,Q,,,22.25,24.25,,6476574.99984127,42.263427109974415,30.651790957134462,0.8612873980054392,,8.247422680412376,61.93544609163584,185.0,limited_but_usable,usable,2026-08-21,conditional,70.29,100.0,,,47.0,82.0,62.0,100.0,2.2.0,c8f1bf1665a8c5dfb834c0571e7dd5f6b6e5ccd00eab00295338bd42cfde549b
ELF,"e.l.f. Beauty, Inc. Common Stock",nasdaqtrader:N:ELF,SECURITY:ELF:nasdaqtrader:N:ELF,,common_equity,eligible,N,,,101.94,146.67,,227624417.2636508,33.86736703873932,91.90512048192771,8.423739629865977,-15.360345400199272,30.497034158314584,57.980124828517255,277.0,full,usable,2026-08-21,conditional,84.29,100.0,,,61.0,92.0,92.0,100.0,2.2.0,c8f1bf1665a8c5dfb834c0571e7dd5f6b6e5ccd00eab00295338bd42cfde549b
ELLO,Ellomay Capital Ltd Ordinary Shares (Israel),nasdaqtrader:A:ELLO,SECURITY:ELLO:nasdaqtrader:A:ELLO,,common_equity,eligible,A,,,20.18,29.79,,197069.25285714286,6.210526315789466,-11.218653761548614,-21.171875000000007,17.736289381563598,32.25914736488754,48.63127972973519,277.0,full,usable,2026-08-21,rejected,72.0,100.0,,,87.0,92.0,0.0,100.0,2.2.0,c8f1bf1665a8c5dfb834c0571e7dd5f6b6e5ccd00eab00295338bd42cfde549b
ELMD,"Electromed, Inc. Common Stock",nasdaqtrader:A:ELMD,SECURITY:ELMD:nasdaqtrader:A:ELMD,,common_equity,eligible,A,,,39.45,46.31,,3698582.2074603173,3.326348873755891,2.255054432348369,62.61335531739489,101.17287098419175,14.813215288274673,32.42159302560788,277.0,full,usable,2026-08-21,conditional,77.5,100.0,,,85.0,82.0,45.0,100.0,2.2.0,c8f1bf1665a8c5dfb834c0571e7dd5f6b6e5ccd00eab00295338bd42cfde549b
ELME,Elme Communities Common Stock,nasdaqtrader:N:ELME,SECURITY:ELME:nasdaqtrader:N:ELME,,common_equity,eligible,N,,,1.66,17.55,,2268309.4982539685,12.925170068027203,-17.821782178217827,-23.853211009174323,-90.15421115065243,90.54131054131054,30.32310520661799,277.0,full,usable,2026-08-21,conditional,48.07,100.0,,,47.0,30.0,45.0,100.0,2.2.0,c8f1bf1665a8c5dfb834c0571e7dd5f6b6e5ccd00eab00295338bd42cfde549b
ELMT,The Elmet Group Co. - Common Stock,nasdaqtrader:Q:ELMT,SECURITY:ELMT:nasdaqtrader:Q:ELMT,,common_equity,eligible,Q,,,19.885,22.09,,10613077.881904762,33.366867873910145,35.64120054570261,,,9.981892258940695,92.91429562862797,84.0,insufficient,usable,2026-08-21,recheck,,71.43,,,,82.0,62.0,88.0,2.2.0,c8f1bf1665a8c5dfb834c0571e7dd5f6b6e5ccd00eab00295338bd42cfde549b
ELOG,Eastern International Ltd. - Ordinary Shares,nasdaqtrader:Q:ELOG,SECURITY:ELOG:nasdaqtrader:Q:ELOG,,common_equity,eligible,Q,,,0.8239,2.97,,244898.6426396825,-5.2988505747126435,0.4756097560975725,-21.53333333333334,,72.25925925925927,97.86637850367093,247.0,limited_but_usable,usable,2026-08-21,rejected,41.86,100.0,,,59.0,30.0,0.0,100.0,2.2.0,c8f1bf1665a8c5dfb834c0571e7dd5f6b6e5ccd00eab00295338bd42cfde549b
ELOX,"Eloxx Pharmaceuticals, Inc. - Common Stock",nasdaqtrader:Q:ELOX,SECURITY:ELOX:nasdaqtrader:Q:ELOX,,common_equity,eligible,Q,,,20.975,20.975,,826748.6523961538,74.79166666666669,,,,0.0,111.50995006005817,52.0,insufficient,usable,2026-08-21,rejected,,71.43,,,,10.0,0.0,76.0,2.2.0,c8f1bf1665a8c5dfb834c0571e7dd5f6b6e5ccd00eab00295338bd42cfde549b
ELPC,Companhia Paranaense de Energia (COPEL) American Depositary Shares (each representing four (4) Common Shares),nasdaqtrader:N:ELPC,SECURITY:ELPC:nasdaqtrader:N:ELPC,,adr,eligible,N,,,11.01,13.59,,4494875.46984127,-6.218057921635434,-7.3232323232323315,-2.2202486678507993,37.11083437110836,18.98454746136865,28.219394247695472,277.0,full,usable,2026-08-21,conditional,78.07,100.0,,,87.0,82.0,45.0,100.0,2.2.0,c8f1bf1665a8c5dfb834c0571e7dd5f6b6e5ccd00eab00295338bd42cfde549b
ELPW,Elong Power Holding Limited - Class A Ordinary Shares,nasdaqtrader:Q:ELPW,NAMECLASS:ELONG POWER HOLDING LIMITED,,common_equity,eligible,Q,,,3.99,50183.99999998,,7262171.156936508,-61.186770428015556,-90.36231884057972,-99.7412854030501,-99.9828791810842,99.99204925872787,257.04718610424356,277.0,full,usable,2026-08-21,conditional,38.29,100.0,,,0.0,30.0,62.0,100.0,2.2.0,c8f1bf1665a8c5dfb834c0571e7dd5f6b6e5ccd00eab00295338bd42cfde549b
ELS,"Equity Lifestyle Properties, Inc. Common Stock",nasdaqtrader:N:ELS,SECURITY:ELS:nasdaqtrader:N:ELS,,common_equity,eligible,N,,,65.46,68.37,,99771259.6463492,-0.8632439800090985,3.8058991436726863,-3.0940044411547074,7.984163642362252,4.2562527424309105,21.984395260413166,277.0,full,usable,2026-08-21,conditional,57.57,100.0,,,79.0,10.0,80.0,100.0,2.2.0,c8f1bf1665a8c5dfb834c0571e7dd5f6b6e5ccd00eab00295338bd42cfde549b
ELTK,Eltek Ltd. - Ordinary Shares,nasdaqtrader:Q:ELTK,SECURITY:ELTK:nasdaqtrader:Q:ELTK,,common_equity,eligible,Q,,,8.05,11.55,,82068.75845714286,-12.769277447878292,1.9632678910703083,-8.52272727272727,-20.767716535433067,30.303030303030297,64.62983333650337,277.0,full,usable,2026-08-21,rejected,68.0,100.0,,,73.0,92.0,0.0,100.0,2.2.0,c8f1bf1665a8c5dfb834c0571e7dd5f6b6e5ccd00eab00295338bd42cfde549b
ELTX,"Elicio Therapeutics, Inc. - Common Stock",nasdaqtrader:Q:ELTX,SECURITY:ELTX:nasdaqtrader:Q:ELTX,,common_equity,eligible,Q,,,3.04,14.85,,7336501.292301587,-3.4920634920634908,-69.2929292929293,-65.25714285714285,-72.97777777777777,79.52861952861953,51.68923759662204,277.0,full,usable,2026-08-21,conditional,45.43,100.0,,,25.0,30.0,62.0,100.0,2.2.0,c8f1bf1665a8c5dfb834c0571e7dd5f6b6e5ccd00eab00295338bd42cfde549b
