ticker,company,contract_id,issuer_id,issuer_cik,security_type,instrument_status,exchange,sector,industry,current_price,reference_52w_high,market_cap,avg_dollar_volume,return_1m_pct,return_3m_pct,return_6m_pct,return_12m_pct,drawdown_pct,historical_volatility_pct,trading_history_days,momentum_history_status,data_integrity_status,as_of,l2_status,l2_setup_score,l2_confidence_pct,l2_quality_prior_score,l2_room_to_target_score,setup_prior_growth,setup_pullback_geometry,setup_liquidity,setup_data_completeness,setup_model_version,l2_rules_hash
AZZ,AZZ Inc.,qrgf-resolution-required:N:AZZ,SECURITY:AZZ:qrgf-resolution-required:N:AZZ,,common_equity,eligible,N,,,143.51,160.17,,44007161.58142857,-4.5938040154234745,5.872371818517141,7.675570228091222,27.056219566179717,10.401448461010176,30.858776434208302,277.0,full,usable,2026-08-19,conditional,82.14,100.0,,,75.0,82.0,80.0,100.0,2.2.0,c8f1bf1665a8c5dfb834c0571e7dd5f6b6e5ccd00eab00295338bd42cfde549b
B,Barrick Mining Corporation Common Shares,nasdaqtrader:N:B,SECURITY:B:nasdaqtrader:N:B,,common_equity,eligible,N,,,45.13,52.98,,432515589.7833333,24.08578498762719,14.253164556962039,-6.408129406885099,86.02638087386644,14.816912042280094,47.86572721148743,277.0,full,usable,2026-08-19,conditional,87.0,100.0,,,83.0,82.0,92.0,100.0,2.2.0,c8f1bf1665a8c5dfb834c0571e7dd5f6b6e5ccd00eab00295338bd42cfde549b
BA,Boeing Company (The) Common Stock,nasdaqtrader:N:BA,SECURITY:BA:nasdaqtrader:N:BA,,common_equity,eligible,N,,,222.2,252.15,,1314332971.4919047,8.496093749999979,3.3440305102088175,-7.002050809860638,-4.393098403683149,11.87785048582194,37.591740305126194,277.0,full,usable,2026-08-19,conditional,85.86,100.0,,,73.0,82.0,100.0,100.0,2.2.0,c8f1bf1665a8c5dfb834c0571e7dd5f6b6e5ccd00eab00295338bd42cfde549b
BABA,Alibaba Group Holding Limited American Depositary Shares each representing eight Ordinary share,nasdaqtrader:N:BABA,SECURITY:BABA:nasdaqtrader:N:BABA,,adr,eligible,N,,,128.9,189.34,,1343442806.3069842,9.265067390014426,-4.96903568268946,-17.249791359055024,6.177924217462927,31.921411217914862,36.25600916136288,277.0,full,usable,2026-08-19,conditional,91.14,100.0,,,79.0,92.0,100.0,100.0,2.2.0,c8f1bf1665a8c5dfb834c0571e7dd5f6b6e5ccd00eab00295338bd42cfde549b
BAC,Bank of America Corporation Common Stock,nasdaqtrader:N:BAC,SECURITY:BAC:nasdaqtrader:N:BAC,,common_equity,eligible,N,,,63.17,64.81,,1993405127.692381,3.185233583796143,24.595660749506898,18.384557721139426,31.823873121869784,2.5304736923314364,16.53171688252027,277.0,full,usable,2026-08-19,conditional,57.86,100.0,,,65.0,10.0,100.0,100.0,2.2.0,c8f1bf1665a8c5dfb834c0571e7dd5f6b6e5ccd00eab00295338bd42cfde549b
BAER,"Bridger Aerospace Group Holdings, Inc. - Common Stock",nasdaqtrader:Q:BAER,SECURITY:BAER:nasdaqtrader:Q:BAER,,common_equity,eligible,Q,,,1.16,3.27,,1615973.5174603174,-38.62433862433863,-30.53892215568862,-55.038759689922486,-43.414634146341456,64.52599388379205,107.82936775644228,277.0,full,usable,2026-08-19,rejected,55.57,100.0,,,57.0,70.0,0.0,100.0,2.2.0,c8f1bf1665a8c5dfb834c0571e7dd5f6b6e5ccd00eab00295338bd42cfde549b
BAFN,BayFirst Financial Corp. - Common Stock,nasdaqtrader:Q:BAFN,SECURITY:BAFN:nasdaqtrader:Q:BAFN,,common_equity,eligible,Q,,,6.83,10.46,,118958.21076349205,20.884955752212385,12.520593080724861,-3.1205673758865182,-19.8356807511737,34.70363288718929,56.942912384900794,277.0,full,usable,2026-08-19,rejected,64.57,100.0,,,61.0,92.0,0.0,100.0,2.2.0,c8f1bf1665a8c5dfb834c0571e7dd5f6b6e5ccd00eab00295338bd42cfde549b
BAH,Booz Allen Hamilton Holding Corporation Common Stock,nasdaqtrader:N:BAH,SECURITY:BAH:nasdaqtrader:N:BAH,,common_equity,eligible,N,,,78.84,110.77,,160543479.97174603,23.476898981989038,2.389610389610386,0.702516285604804,-27.68962670824543,28.82549426740092,43.406077867954814,277.0,full,usable,2026-08-19,conditional,86.0,100.0,,,67.0,92.0,92.0,100.0,2.2.0,c8f1bf1665a8c5dfb834c0571e7dd5f6b6e5ccd00eab00295338bd42cfde549b
BAK,Braskem SA ADR,nasdaqtrader:N:BAK,SECURITY:BAK:nasdaqtrader:N:BAK,,adr,eligible,N,,,2.01,5.02,,6302932.083174603,-13.362068965517249,-58.55670103092784,-44.93150684931507,-31.864406779661024,59.9601593625498,55.61359707678485,277.0,full,usable,2026-08-19,conditional,68.29,100.0,,,55.0,70.0,62.0,100.0,2.2.0,c8f1bf1665a8c5dfb834c0571e7dd5f6b6e5ccd00eab00295338bd42cfde549b
BALL,Ball Corporation Common Stock,nasdaqtrader:N:BALL,SECURITY:BALL:nasdaqtrader:N:BALL,,common_equity,eligible,N,,,62.62,67.76,,152116378.3404762,0.1119104716227115,13.627290872799858,-5.564771527673063,18.486281929990533,7.585596221959867,22.286362612086307,277.0,full,usable,2026-08-19,conditional,65.43,100.0,,,75.0,28.0,92.0,100.0,2.2.0,c8f1bf1665a8c5dfb834c0571e7dd5f6b6e5ccd00eab00295338bd42cfde549b
BALY,Bally's Corporation Common Stock,nasdaqtrader:N:BALY,SECURITY:BALY:nasdaqtrader:N:BALY,,common_equity,eligible,N,,,8.84,19.46,,935323.7506349207,-38.61111111111112,-17.228464419475653,-38.35425383542539,-8.108108108108103,54.57348406988696,111.43865040847957,277.0,full,usable,2026-08-19,rejected,60.14,100.0,,,73.0,70.0,0.0,100.0,2.2.0,c8f1bf1665a8c5dfb834c0571e7dd5f6b6e5ccd00eab00295338bd42cfde549b
BAM,Brookfield Asset Management Inc Class A Limited Voting Shares,qrgf-resolution-required:N:BAM,SECURITY:BAM:qrgf-resolution-required:N:BAM,,common_equity,eligible,N,,,52.65,61.46,,134608707.51365077,13.128491620111738,12.045115982123855,0.6115039174469761,-14.012738853503182,14.334526521314682,33.830871145998806,277.0,full,usable,2026-08-19,conditional,80.71,100.0,,,61.0,82.0,92.0,100.0,2.2.0,c8f1bf1665a8c5dfb834c0571e7dd5f6b6e5ccd00eab00295338bd42cfde549b
BANC,"Banc of California, Inc. Common Stock",nasdaqtrader:N:BANC,SECURITY:BANC:nasdaqtrader:N:BANC,,common_equity,eligible,N,,,18.94,21.83,,61557862.45888889,-13.238662391204748,2.600216684723722,-5.205205205205199,21.254801536491684,13.238662391204748,47.15503106848595,277.0,full,usable,2026-08-19,conditional,85.57,100.0,,,87.0,82.0,80.0,100.0,2.2.0,c8f1bf1665a8c5dfb834c0571e7dd5f6b6e5ccd00eab00295338bd42cfde549b
BAND,Bandwidth Inc. - Class A Common Stock,nasdaqtrader:Q:BAND,NAMECLASS:BANDWIDTH INC,,common_equity,eligible,Q,,,52.3,78.44,,76107411.41706349,-25.667993177942016,-2.932442464736462,302.6173979984604,263.95267919276273,33.3248342682305,132.81283990455185,277.0,full,usable,2026-08-19,conditional,88.57,100.0,,,85.0,92.0,80.0,100.0,2.2.0,c8f1bf1665a8c5dfb834c0571e7dd5f6b6e5ccd00eab00295338bd42cfde549b
BANF,BancFirst Corporation - Common Stock,nasdaqtrader:Q:BANF,SECURITY:BANF:nasdaqtrader:Q:BANF,,common_equity,eligible,Q,,,112.92,136.48,,18836384.51642857,-2.352127291594608,4.32372505543237,-3.0479951918949033,-9.656772541803338,17.26260257913247,18.803888790565708,277.0,full,usable,2026-08-19,conditional,77.71,100.0,,,73.0,82.0,62.0,100.0,2.2.0,c8f1bf1665a8c5dfb834c0571e7dd5f6b6e5ccd00eab00295338bd42cfde549b
BANL,CBL International Limited - Class B Ordinary Shares,nasdaqtrader:Q:BANL,NAMECLASS:CBL INTERNATIONAL LIMITED,,common_equity,eligible,Q,,,12.1,13.55,,649133.4132761904,134.49612403100772,112.24346605858622,149.48453608247422,37.17265616143295,10.701107011070121,225.88132078395952,277.0,full,usable,2026-08-19,rejected,62.14,100.0,,,65.0,82.0,0.0,100.0,2.2.0,c8f1bf1665a8c5dfb834c0571e7dd5f6b6e5ccd00eab00295338bd42cfde549b
BANR,Banner Corporation - Common Stock,nasdaqtrader:Q:BANR,SECURITY:BANR:nasdaqtrader:Q:BANR,,common_equity,eligible,Q,,,71.14,74.01,,23018155.903412696,0.5654509471303415,12.049141597101908,10.75821267320567,10.965527998752144,3.8778543440075697,20.687062521313496,277.0,full,usable,2026-08-19,conditional,50.29,100.0,,,67.0,10.0,62.0,100.0,2.2.0,c8f1bf1665a8c5dfb834c0571e7dd5f6b6e5ccd00eab00295338bd42cfde549b
BAOS,Baosheng Media Group Holdings Limited - Ordinary shares,nasdaqtrader:Q:BAOS,SECURITY:BAOS:nasdaqtrader:Q:BAOS,,common_equity,eligible,Q,,,0.521,4.86,,1803946.3686142857,-70.22857142857143,-80.93530444964871,-80.55970149253731,-81.39285714285714,89.2798353909465,218.73104254427415,277.0,full,usable,2026-08-19,rejected,25.0,100.0,,,0.0,30.0,0.0,100.0,2.2.0,c8f1bf1665a8c5dfb834c0571e7dd5f6b6e5ccd00eab00295338bd42cfde549b
BAP,Credicorp Ltd. Common Stock,nasdaqtrader:N:BAP,SECURITY:BAP:nasdaqtrader:N:BAP,,common_equity,eligible,N,,,368.98,402.27,,155878129.1542857,-5.655842495525443,16.843471927546783,6.641618497109825,45.71518837374615,8.275536331319755,28.262292595962098,277.0,full,usable,2026-08-19,conditional,84.71,100.0,,,75.0,82.0,92.0,100.0,2.2.0,c8f1bf1665a8c5dfb834c0571e7dd5f6b6e5ccd00eab00295338bd42cfde549b
BARK,"BARK, Inc. Class A Common Stock",nasdaqtrader:N:BARK,NAMECLASS:BARK INC,,common_equity,eligible,N,,,10.41,18.8,,782059.832063492,14.52145214521452,11.69527896995708,-31.7824377457405,-37.66467065868263,44.62765957446808,75.2489915243399,277.0,full,usable,2026-08-19,rejected,63.93,100.0,,,55.0,95.0,0.0,100.0,2.2.0,c8f1bf1665a8c5dfb834c0571e7dd5f6b6e5ccd00eab00295338bd42cfde549b
BATL,Battalion Oil Corporation Common Stock,nasdaqtrader:A:BATL,SECURITY:BATL:nasdaqtrader:A:BATL,,common_equity,eligible,A,,,1.36,27.68,,25780853.5384127,-13.375796178343947,-37.899543378995425,-55.40983606557377,27.10280373831775,95.08670520231213,125.76503155438733,277.0,full,usable,2026-08-19,conditional,64.14,100.0,,,77.0,30.0,80.0,100.0,2.2.0,c8f1bf1665a8c5dfb834c0571e7dd5f6b6e5ccd00eab00295338bd42cfde549b
BATRA,"Atlanta Braves Holdings, Inc. - Series A Common Stock",nasdaqtrader:Q:BATRA,SECURITY:BATRA:nasdaqtrader:Q:BATRA,,common_equity,eligible,Q,,,57.24,57.75,,3393019.012698413,3.1165555755719776,6.137585759317643,19.399249061326664,23.68193604148661,0.8831168831168745,25.255153145604087,277.0,full,usable,2026-08-19,conditional,46.07,100.0,,,65.0,10.0,45.0,100.0,2.2.0,c8f1bf1665a8c5dfb834c0571e7dd5f6b6e5ccd00eab00295338bd42cfde549b
BATRK,"Atlanta Braves Holdings, Inc. - Series C Common Stock",nasdaqtrader:Q:BATRK,SECURITY:BATRK:nasdaqtrader:Q:BATRK,,common_equity,eligible,Q,,,53.56,53.58,,28003653.667142857,6.502286736925833,6.059405940594065,23.296500920810324,22.366917980351843,0.03732736095557465,24.906268227257062,277.0,full,usable,2026-08-19,conditional,53.57,100.0,,,65.0,10.0,80.0,100.0,2.2.0,c8f1bf1665a8c5dfb834c0571e7dd5f6b6e5ccd00eab00295338bd42cfde549b
BAX,Baxter International Inc. Common Stock,nasdaqtrader:N:BAX,SECURITY:BAX:nasdaqtrader:N:BAX,,common_equity,eligible,N,,,26.64,28.35,,159318647.36412698,19.94597028365601,45.33551554828152,21.810699588477366,12.833545108005096,6.0317460317460325,48.06653585402725,277.0,full,usable,2026-08-19,conditional,60.29,100.0,,,57.0,28.0,92.0,100.0,2.2.0,c8f1bf1665a8c5dfb834c0571e7dd5f6b6e5ccd00eab00295338bd42cfde549b
BB,BlackBerry Limited Common Stock,nasdaqtrader:N:BB,SECURITY:BB:nasdaqtrader:N:BB,,common_equity,eligible,N,,,8.34,12.81,,287311505.7490476,-7.23025583982203,34.29951690821256,143.1486880466472,122.39999999999998,34.89461358313818,60.356483281261085,277.0,full,usable,2026-08-19,conditional,87.71,100.0,,,73.0,92.0,92.0,100.0,2.2.0,c8f1bf1665a8c5dfb834c0571e7dd5f6b6e5ccd00eab00295338bd42cfde549b
BBAI,"BigBear.ai, Inc. Common Stock",nasdaqtrader:N:BBAI,SECURITY:BBAI:nasdaqtrader:N:BBAI,,common_equity,eligible,N,,,3.17,8.91,,126046022.90428571,7.823129251700678,-17.447916666666664,-22.49388753056235,-45.811965811965806,64.42199775533109,65.01305037769102,277.0,full,usable,2026-08-19,conditional,78.14,100.0,,,67.0,70.0,92.0,100.0,2.2.0,c8f1bf1665a8c5dfb834c0571e7dd5f6b6e5ccd00eab00295338bd42cfde549b
BBAR,Banco BBVA Argentina S.A. ADS,nasdaqtrader:N:BBAR,SECURITY:BBAR:nasdaqtrader:N:BBAR,,adr,eligible,N,,,14.48,21.9,,12603565.442857143,-27.81655034895313,3.65068002863278,-8.585858585858585,-10.672424429364591,33.88127853881278,58.52340619093916,277.0,full,usable,2026-08-19,conditional,81.29,100.0,,,73.0,92.0,62.0,100.0,2.2.0,c8f1bf1665a8c5dfb834c0571e7dd5f6b6e5ccd00eab00295338bd42cfde549b
BBCP,"Concrete Pumping Holdings, Inc.  - Common Stock",nasdaqtrader:Q:BBCP,SECURITY:BBCP:nasdaqtrader:Q:BBCP,,common_equity,eligible,Q,,,9.03,12.05,,3185741.5974603174,-13.671128107074582,24.551724137931032,35.58558558558558,30.869565217391283,25.062240663900425,34.207830015316695,277.0,full,usable,2026-08-19,conditional,75.36,100.0,,,65.0,92.0,45.0,100.0,2.2.0,c8f1bf1665a8c5dfb834c0571e7dd5f6b6e5ccd00eab00295338bd42cfde549b
BBD,Banco Bradesco Sa American Depositary Shares,nasdaqtrader:N:BBD,SECURITY:BBD:nasdaqtrader:N:BBD,,adr,eligible,N,,,3.05,4.21,,106483544.74190477,-16.666666666666675,-11.078717201166189,-23.36683417085428,0.9933774834437026,27.55344418052257,28.468592925446917,277.0,full,usable,2026-08-19,conditional,89.43,100.0,,,79.0,92.0,92.0,100.0,2.2.0,c8f1bf1665a8c5dfb834c0571e7dd5f6b6e5ccd00eab00295338bd42cfde549b
BBDO,Banco Bradesco Sa American Depositary Shares (each representing one Common Share),nasdaqtrader:N:BBDO,SECURITY:BBDO:nasdaqtrader:N:BBDO,,adr,eligible,N,,,2.96,3.77,,261381.6680952381,-7.210031347962387,-2.950819672131144,-17.31843575418994,10.03717472118959,21.485411140583555,38.03462992363941,277.0,full,usable,2026-08-19,rejected,69.71,100.0,,,79.0,92.0,0.0,100.0,2.2.0,c8f1bf1665a8c5dfb834c0571e7dd5f6b6e5ccd00eab00295338bd42cfde549b
BBGI,"Beasley Broadcast Group, Inc. - Class A Common Stock",nasdaqtrader:Q:BBGI,NAMECLASS:BEASLEY BROADCAST GROUP INC,,common_equity,eligible,Q,,,20.18,26.51,,934211.9581746032,-5.302674800563112,46.23188405797101,369.30232558139534,324.1366989638285,23.87778196906828,92.98420717281617,277.0,full,usable,2026-08-19,rejected,68.0,100.0,,,73.0,92.0,0.0,100.0,2.2.0,c8f1bf1665a8c5dfb834c0571e7dd5f6b6e5ccd00eab00295338bd42cfde549b
BBIO,"BridgeBio Pharma, Inc. - Common Stock",nasdaqtrader:Q:BBIO,SECURITY:BBIO:nasdaqtrader:Q:BBIO,,common_equity,eligible,Q,,,83.95,90.17,,251614574.80420634,1.81928441479684,27.196969696969695,13.553361287704568,71.25662994696043,6.898081401796608,52.093258174168525,277.0,full,usable,2026-08-19,conditional,67.71,100.0,,,83.0,28.0,92.0,100.0,2.2.0,c8f1bf1665a8c5dfb834c0571e7dd5f6b6e5ccd00eab00295338bd42cfde549b
BBLG,Bone Biologics Corp - Common Stock,nasdaqtrader:Q:BBLG,SECURITY:BBLG:nasdaqtrader:Q:BBLG,,common_equity,eligible,Q,,,0.6402,2.85,,259191.81487619047,-42.32432432432432,-49.1904761904762,-46.42677824267783,-69.22115384615385,77.53684210526316,105.43582328139482,277.0,full,usable,2026-08-19,rejected,40.71,100.0,,,55.0,30.0,0.0,100.0,2.2.0,c8f1bf1665a8c5dfb834c0571e7dd5f6b6e5ccd00eab00295338bd42cfde549b
BBNX,"Beta Bionics, Inc. - Common Stock",nasdaqtrader:Q:BBNX,SECURITY:BBNX:nasdaqtrader:Q:BBNX,,common_equity,eligible,Q,,,20.01,31.99,,17538152.733968254,13.564131668558455,112.42038216560513,47.024246877296115,15.93279258400926,37.44920287589871,77.29596387775676,277.0,full,usable,2026-08-19,conditional,80.07,100.0,,,65.0,95.0,62.0,100.0,2.2.0,c8f1bf1665a8c5dfb834c0571e7dd5f6b6e5ccd00eab00295338bd42cfde549b
BBOT,"BridgeBio Oncology Therapeutics, Inc. - Common Stock",nasdaqtrader:Q:BBOT,SECURITY:BBOT:nasdaqtrader:Q:BBOT,,common_equity,eligible,Q,,,9.6,13.73,,3226390.328809524,10.091743119266038,10.091743119266038,-10.364145658263313,-20.529801324503318,30.080116533139112,56.84956789339422,277.0,full,usable,2026-08-19,conditional,74.21,100.0,,,61.0,92.0,45.0,100.0,2.2.0,c8f1bf1665a8c5dfb834c0571e7dd5f6b6e5ccd00eab00295338bd42cfde549b
BBSI,"Barrett Business Services, Inc. - Common Stock",nasdaqtrader:Q:BBSI,SECURITY:BBSI:nasdaqtrader:Q:BBSI,,common_equity,eligible,Q,,,33.09,49.17,,9074247.375555554,-16.79658033693738,7.087378640776709,1.192660550458724,-28.700711053652217,32.70286760219646,66.370278125948,277.0,full,usable,2026-08-19,conditional,76.14,100.0,,,55.0,92.0,62.0,100.0,2.2.0,c8f1bf1665a8c5dfb834c0571e7dd5f6b6e5ccd00eab00295338bd42cfde549b
BBT,Beacon Financial Corporation Common stock,nasdaqtrader:N:BBT,SECURITY:BBT:nasdaqtrader:N:BBT,,common_equity,eligible,N,,,31.94,32.61,,25244399.154761903,4.618408123157547,14.112182922472316,3.4326424870466443,26.796347757046448,2.054584483287325,19.731921730385274,277.0,full,usable,2026-08-19,conditional,56.43,100.0,,,75.0,10.0,80.0,100.0,2.2.0,c8f1bf1665a8c5dfb834c0571e7dd5f6b6e5ccd00eab00295338bd42cfde549b
BBUC,Brookfield Business Corporation Class A Subordinate Voting Shares,qrgf-resolution-required:N:BBUC,SECURITY:BBUC:qrgf-resolution-required:N:BBUC,,common_equity,eligible,N,,,28.92,37.64,,14070915.809682539,-6.61930900871811,-10.381158971180671,-18.62689926842993,-12.390184792487114,23.166843783209345,36.94693307714388,277.0,full,usable,2026-08-19,conditional,81.29,100.0,,,73.0,92.0,62.0,100.0,2.2.0,c8f1bf1665a8c5dfb834c0571e7dd5f6b6e5ccd00eab00295338bd42cfde549b
BBVA,Banco Bilbao Vizcaya Argentaria S.A. Common Stock,nasdaqtrader:N:BBVA,SECURITY:BBVA:nasdaqtrader:N:BBVA,,common_equity,eligible,N,,,28.53,28.8,,40777813.386507936,11.184723304754485,31.90013869625521,21.45593869731801,49.6067121132669,0.9375000000000022,30.912889195661684,277.0,full,usable,2026-08-19,conditional,53.57,100.0,,,65.0,10.0,80.0,100.0,2.2.0,c8f1bf1665a8c5dfb834c0571e7dd5f6b6e5ccd00eab00295338bd42cfde549b
BBW,"Build-A-Bear Workshop, Inc. Common Stock",nasdaqtrader:N:BBW,SECURITY:BBW:nasdaqtrader:N:BBW,,common_equity,eligible,N,,,39.58,75.85,,12774829.284126984,16.514571680894896,5.60298826040555,-25.306661634270622,-30.731536576828844,47.81806196440343,45.480449872136305,277.0,full,usable,2026-08-19,conditional,77.21,100.0,,,55.0,95.0,62.0,100.0,2.2.0,c8f1bf1665a8c5dfb834c0571e7dd5f6b6e5ccd00eab00295338bd42cfde549b
BBWI,"Bath & Body Works, Inc.",qrgf-resolution-required:N:BBWI,SECURITY:BBWI:qrgf-resolution-required:N:BBWI,,common_equity,eligible,N,,,19.67,31.87,,114053509.71555555,-2.9600394671928876,22.098075729360666,-17.733166039314085,-34.78116710875331,38.28051459052399,45.81443709426555,277.0,full,usable,2026-08-19,conditional,83.64,100.0,,,55.0,95.0,92.0,100.0,2.2.0,c8f1bf1665a8c5dfb834c0571e7dd5f6b6e5ccd00eab00295338bd42cfde549b
BBY,"Best Buy Co., Inc. Common Stock",nasdaqtrader:N:BBY,SECURITY:BBY:nasdaqtrader:N:BBY,,common_equity,eligible,N,,,89.21,90.17,,318482310.1098412,4.681999530626602,50.46382189239331,33.328351516963075,24.24791086350975,1.0646556504380733,33.54973984089322,277.0,full,usable,2026-08-19,conditional,56.14,100.0,,,65.0,10.0,92.0,100.0,2.2.0,c8f1bf1665a8c5dfb834c0571e7dd5f6b6e5ccd00eab00295338bd42cfde549b
BC,Brunswick Corporation Common Stock,nasdaqtrader:N:BC,SECURITY:BC:nasdaqtrader:N:BC,,common_equity,eligible,N,,,81.61,89.22,,55970115.28634921,1.2656657153492956,11.04912232956865,-8.529477695583953,29.334389857369246,8.529477695583953,30.23764436276733,277.0,full,usable,2026-08-19,conditional,82.14,100.0,,,75.0,82.0,80.0,100.0,2.2.0,c8f1bf1665a8c5dfb834c0571e7dd5f6b6e5ccd00eab00295338bd42cfde549b
BCAL,California BanCorp - Common Stock,nasdaqtrader:Q:BCAL,SECURITY:BCAL:nasdaqtrader:Q:BCAL,,common_equity,eligible,Q,,,21.06,21.8,,4460740.593095238,-0.7540056550424112,12.740899357601698,11.664899257688234,31.624999999999993,3.394495412844045,19.97016503294068,277.0,full,usable,2026-08-19,conditional,48.93,100.0,,,75.0,10.0,45.0,100.0,2.2.0,c8f1bf1665a8c5dfb834c0571e7dd5f6b6e5ccd00eab00295338bd42cfde549b
BCAX,Bicara Therapeutics Inc. - Common Stock,nasdaqtrader:Q:BCAX,SECURITY:BCAX:nasdaqtrader:Q:BCAX,,common_equity,eligible,Q,,,25.86,30.4,,18514562.871349204,-8.134991119005331,29.10634048926608,78.4679089026915,125.45771578029638,14.934210526315784,63.15399929482556,277.0,full,usable,2026-08-19,conditional,77.71,100.0,,,73.0,82.0,62.0,100.0,2.2.0,c8f1bf1665a8c5dfb834c0571e7dd5f6b6e5ccd00eab00295338bd42cfde549b
BCBP,"BCB Bancorp, Inc. (NJ) - Common Stock",nasdaqtrader:Q:BCBP,SECURITY:BCBP:nasdaqtrader:Q:BCBP,,common_equity,eligible,Q,,,8.67,11.47,,1857964.6961904762,-15.579357351509248,-9.687499999999993,2.8469750889679846,1.1668611435239118,24.411508282476024,39.197878185404036,277.0,full,usable,2026-08-19,rejected,69.71,100.0,,,79.0,92.0,0.0,100.0,2.2.0,c8f1bf1665a8c5dfb834c0571e7dd5f6b6e5ccd00eab00295338bd42cfde549b
BCC,"Boise Cascade, L.L.C. Common Stock",nasdaqtrader:N:BCC,SECURITY:BCC:nasdaqtrader:N:BCC,,common_equity,eligible,N,,,83.13,91.22,,31075572.307142857,11.733870967741922,26.97418665037421,-2.885514018691593,-1.7840264650283655,8.868669151501862,47.71031812758102,277.0,full,usable,2026-08-19,conditional,78.14,100.0,,,61.0,82.0,80.0,100.0,2.2.0,c8f1bf1665a8c5dfb834c0571e7dd5f6b6e5ccd00eab00295338bd42cfde549b
BCE,"BCE, Inc. Common Stock",nasdaqtrader:N:BCE,SECURITY:BCE:nasdaqtrader:N:BCE,,common_equity,eligible,N,,,23.7,26.45,,91942695.66603175,9.468822170900705,-1.1676396997498006,-7.8179696616102685,-7.313257723895195,10.396975425330812,23.491136858076185,277.0,full,usable,2026-08-19,conditional,81.57,100.0,,,73.0,82.0,80.0,100.0,2.2.0,c8f1bf1665a8c5dfb834c0571e7dd5f6b6e5ccd00eab00295338bd42cfde549b
BCG,"Binah Capital Group, Inc. - Common Stock",nasdaqtrader:Q:BCG,SECURITY:BCG:nasdaqtrader:Q:BCG,,common_equity,eligible,Q,,,1.39,3.11,,62241.825317460316,-3.472222222222221,-17.261904761904766,-39.03508771929825,-30.500000000000004,55.30546623794213,64.25165583081414,277.0,full,usable,2026-08-19,rejected,58.43,100.0,,,67.0,70.0,0.0,100.0,2.2.0,c8f1bf1665a8c5dfb834c0571e7dd5f6b6e5ccd00eab00295338bd42cfde549b
BCH,Banco De Chile ADS,nasdaqtrader:N:BCH,SECURITY:BCH:nasdaqtrader:N:BCH,,adr,eligible,N,,,41.76,46.36,,12496961.574444445,2.4785276073619578,14.977973568281922,-1.8104867152598292,41.46341463414633,9.9223468507334,26.036644130607527,277.0,full,usable,2026-08-19,conditional,78.29,100.0,,,75.0,82.0,62.0,100.0,2.2.0,c8f1bf1665a8c5dfb834c0571e7dd5f6b6e5ccd00eab00295338bd42cfde549b
BCHT,Birchtech Corp. Common Stock,nasdaqtrader:A:BCHT,SECURITY:BCHT:nasdaqtrader:A:BCHT,,common_equity,eligible,A,,,1.38,2.4,,219616.1796825397,-10.389610389610393,2.2222222222222143,,,42.50000000000001,70.20019635507592,121.0,insufficient,usable,2026-08-19,rejected,,71.43,,,,95.0,0.0,88.0,2.2.0,c8f1bf1665a8c5dfb834c0571e7dd5f6b6e5ccd00eab00295338bd42cfde549b
BCML,BayCom Corp - Common Stock,nasdaqtrader:Q:BCML,SECURITY:BCML:nasdaqtrader:Q:BCML,,common_equity,eligible,Q,,,30.43,34.79,,2346291.546269841,-10.341779611078373,-0.3601833660772713,-0.03285151116951823,7.869549805033671,12.53233687841333,25.68357251598441,277.0,full,usable,2026-08-19,conditional,75.79,100.0,,,79.0,82.0,45.0,100.0,2.2.0,c8f1bf1665a8c5dfb834c0571e7dd5f6b6e5ccd00eab00295338bd42cfde549b
BCO,Brinks Company (The) Common Stock,nasdaqtrader:N:BCO,SECURITY:BCO:nasdaqtrader:N:BCO,,common_equity,eligible,N,,,109.18,135.58,,54744905.815238096,-11.37267635360012,6.72531769305964,-15.898936989678003,-1.3463449896087387,19.471898510104737,34.32874223460765,277.0,full,usable,2026-08-19,conditional,78.14,100.0,,,61.0,82.0,80.0,100.0,2.2.0,c8f1bf1665a8c5dfb834c0571e7dd5f6b6e5ccd00eab00295338bd42cfde549b
BCPC,Balchem Corporation - Common Stock,nasdaqtrader:Q:BCPC,SECURITY:BCPC:nasdaqtrader:Q:BCPC,,common_equity,eligible,Q,,,180.19,183.26,,36916726.57055556,11.83589870903674,13.177564223352789,1.515492957746467,12.660997874202828,1.6752155407617542,21.725942429098374,277.0,full,usable,2026-08-19,conditional,54.14,100.0,,,67.0,10.0,80.0,100.0,2.2.0,c8f1bf1665a8c5dfb834c0571e7dd5f6b6e5ccd00eab00295338bd42cfde549b
BCRX,"BioCryst Pharmaceuticals, Inc. - Common Stock",nasdaqtrader:Q:BCRX,SECURITY:BCRX:nasdaqtrader:Q:BCRX,,common_equity,eligible,Q,,,10.07,11.11,,42720577.76166667,6.900212314225063,14.823261117445853,38.70523415977962,20.167064439140802,9.36093609360935,49.01659200957976,277.0,full,usable,2026-08-19,conditional,79.29,100.0,,,65.0,82.0,80.0,100.0,2.2.0,c8f1bf1665a8c5dfb834c0571e7dd5f6b6e5ccd00eab00295338bd42cfde549b
BCS,Barclays PLC Common Stock,nasdaqtrader:N:BCS,SECURITY:BCS:nasdaqtrader:N:BCS,,common_equity,eligible,N,,,26.87,28.56,,126384337.81555556,-3.7952022914428896,18.73619089703933,1.7032551097653226,32.42976835879745,5.917366946778701,34.00443113850477,277.0,full,usable,2026-08-19,conditional,65.43,100.0,,,75.0,28.0,92.0,100.0,2.2.0,c8f1bf1665a8c5dfb834c0571e7dd5f6b6e5ccd00eab00295338bd42cfde549b
BCSF,"Bain Capital Specialty Finance, Inc. Common Stock",nasdaqtrader:N:BCSF,SECURITY:BCSF:nasdaqtrader:N:BCSF,,common_equity,eligible,N,,,12.08,15.82,,4485968.983174603,-5.7722308892355745,-7.85659801678108,-11.760409057706356,-20.68286277084701,23.640960809102406,25.29498819242694,277.0,full,usable,2026-08-19,conditional,77.64,100.0,,,73.0,92.0,45.0,100.0,2.2.0,c8f1bf1665a8c5dfb834c0571e7dd5f6b6e5ccd00eab00295338bd42cfde549b
BCSS,Bain Capital GSS Investment Corp. Class A Ordinary Shares,nasdaqtrader:N:BCSS,SECURITY:BCSS:nasdaqtrader:N:BCSS,,common_equity,eligible,N,,,10.3,10.3,,442183.36855238094,1.0299166257969672,1.2782694198623545,1.3779527559055094,,0.0,3.542837029334901,186.0,limited_but_usable,usable,2026-08-19,rejected,34.71,100.0,,,59.0,10.0,0.0,100.0,2.2.0,c8f1bf1665a8c5dfb834c0571e7dd5f6b6e5ccd00eab00295338bd42cfde549b
BCTX,BriaCell Therapeutics Corp. - Common Shares,nasdaqtrader:Q:BCTX,SECURITY:BCTX:nasdaqtrader:Q:BCTX,,common_equity,eligible,Q,,,3.96,13.79,,575118.3896031746,5.600000000000005,12.82051282051282,-0.7518796992481258,-48.099606815203146,71.28353879622915,68.47014424105242,277.0,full,usable,2026-08-19,rejected,40.71,100.0,,,55.0,30.0,0.0,100.0,2.2.0,c8f1bf1665a8c5dfb834c0571e7dd5f6b6e5ccd00eab00295338bd42cfde549b
BCYC,Bicycle Therapeutics plc - American Depositary Shares,nasdaqtrader:Q:BCYC,SECURITY:BCYC:nasdaqtrader:Q:BCYC,,adr,eligible,Q,,,4.14,8.87,,1758555.0912698412,-0.48076923076924016,-4.82758620689655,-23.048327137546476,-45.09283819628648,53.325817361894025,41.94722877971199,277.0,full,usable,2026-08-19,rejected,58.43,100.0,,,67.0,70.0,0.0,100.0,2.2.0,c8f1bf1665a8c5dfb834c0571e7dd5f6b6e5ccd00eab00295338bd42cfde549b
BDC,Belden Inc Common Stock,nasdaqtrader:N:BDC,SECURITY:BDC:nasdaqtrader:N:BDC,,common_equity,eligible,N,,,128.43,150.91,,62708381.46539683,25.850073493385594,25.96116123970187,-12.471887139644233,3.389148285300281,14.896295805446947,56.702980862691746,277.0,full,usable,2026-08-19,conditional,79.86,100.0,,,67.0,82.0,80.0,100.0,2.2.0,c8f1bf1665a8c5dfb834c0571e7dd5f6b6e5ccd00eab00295338bd42cfde549b
BDCI,BTC Development Corp. - Class A Ordinary Shares,nasdaqtrader:Q:BDCI,NAMECLASS:BTC DEVELOPMENT CORP,,common_equity,eligible,Q,,,10.09,10.2,,428323.3178571429,0.09920634920634885,0.4980079681274896,0.19860973187686426,,1.0784313725490158,1.1643049701174673,211.0,limited_but_usable,usable,2026-08-19,rejected,34.71,100.0,,,59.0,10.0,0.0,100.0,2.2.0,c8f1bf1665a8c5dfb834c0571e7dd5f6b6e5ccd00eab00295338bd42cfde549b
BDL,"Flanigan's Enterprises, Inc. Common Stock",nasdaqtrader:A:BDL,SECURITY:BDL:nasdaqtrader:A:BDL,,common_equity,eligible,A,,,46.43,49.47,,1200797.5085873015,20.97446586763938,39.38757129990993,36.75994108983798,50.73256089524038,6.145138467758238,88.05483498763648,277.0,full,usable,2026-08-19,rejected,45.14,100.0,,,73.0,28.0,0.0,100.0,2.2.0,c8f1bf1665a8c5dfb834c0571e7dd5f6b6e5ccd00eab00295338bd42cfde549b
BDMD,Baird Medical Investment Holdings Ltd - Ordinary Share,nasdaqtrader:Q:BDMD,SECURITY:BDMD:nasdaqtrader:Q:BDMD,,common_equity,eligible,Q,,,1.19,3.44,,109617.8273015873,9.174311926605494,-27.439024390243905,-13.768115942028981,-44.13145539906104,65.40697674418605,56.11055211873419,277.0,full,usable,2026-08-19,rejected,44.14,100.0,,,67.0,30.0,0.0,100.0,2.2.0,c8f1bf1665a8c5dfb834c0571e7dd5f6b6e5ccd00eab00295338bd42cfde549b
BDN,Brandywine Realty Trust Common Stock,nasdaqtrader:N:BDN,SECURITY:BDN:nasdaqtrader:N:BDN,,common_equity,eligible,N,,,3.07,4.58,,6095065.376031746,-2.5396825396825418,4.421768707482987,-2.5396825396825418,-23.0576441102757,32.96943231441048,33.819751117303326,277.0,full,usable,2026-08-19,conditional,81.29,100.0,,,73.0,92.0,62.0,100.0,2.2.0,c8f1bf1665a8c5dfb834c0571e7dd5f6b6e5ccd00eab00295338bd42cfde549b
BDRX,Biodexa Pharmaceuticals plc - American Depositary Shares,nasdaqtrader:Q:BDRX,SECURITY:BDRX:nasdaqtrader:Q:BDRX,,adr,eligible,Q,,,1.26,54.5,,399926.62960634916,-28.8135593220339,-59.7444089456869,-79.84,-96.51933701657458,97.6880733944954,90.3264868942896,277.0,full,usable,2026-08-19,rejected,27.86,100.0,,,10.0,30.0,0.0,100.0,2.2.0,c8f1bf1665a8c5dfb834c0571e7dd5f6b6e5ccd00eab00295338bd42cfde549b
BDSX,"Biodesix, Inc. - Common Stock",nasdaqtrader:Q:BDSX,SECURITY:BDSX:nasdaqtrader:Q:BDSX,,common_equity,eligible,Q,,,25.54,25.54,,1608108.3511904762,20.81362346263007,83.21377331420372,103.1821797931583,200.4705882352941,0.0,69.7268717786035,277.0,full,usable,2026-08-19,rejected,38.71,100.0,,,73.0,10.0,0.0,100.0,2.2.0,c8f1bf1665a8c5dfb834c0571e7dd5f6b6e5ccd00eab00295338bd42cfde549b
BDTX,"Black Diamond Therapeutics, Inc. - Common Stock",nasdaqtrader:Q:BDTX,SECURITY:BDTX:nasdaqtrader:Q:BDTX,,common_equity,eligible,Q,,,2.19,4.87,,3454890.657222222,17.11229946524062,-27.0,-3.0973451327433565,-20.36363636363636,55.03080082135523,46.79011329883637,277.0,full,usable,2026-08-19,conditional,69.79,100.0,,,73.0,70.0,45.0,100.0,2.2.0,c8f1bf1665a8c5dfb834c0571e7dd5f6b6e5ccd00eab00295338bd42cfde549b
BDX,"Becton, Dickinson and Company Common Stock",nasdaqtrader:N:BDX,SECURITY:BDX:nasdaqtrader:N:BDX,,common_equity,eligible,N,,,187.6,210.02,,354564167.85841274,21.944877795111807,27.662470227968704,2.69323407050579,-3.7948717948718014,10.675173792972103,28.051179119394497,277.0,full,usable,2026-08-19,conditional,80.71,100.0,,,61.0,82.0,92.0,100.0,2.2.0,c8f1bf1665a8c5dfb834c0571e7dd5f6b6e5ccd00eab00295338bd42cfde549b
BE,Bloom Energy Corporation Class A Common Stock,nasdaqtrader:N:BE,NAMECLASS:BLOOM ENERGY CORPORATION,,common_equity,eligible,N,,,206.63,345.85,,3545810709.5807934,-8.675859630513571,-20.93441493839442,31.385515355757597,344.3655913978494,40.25444556888825,127.94087484013022,277.0,full,usable,2026-08-19,conditional,93.93,100.0,,,85.0,95.0,100.0,100.0,2.2.0,c8f1bf1665a8c5dfb834c0571e7dd5f6b6e5ccd00eab00295338bd42cfde549b
BEAM,Beam Therapeutics Inc. - Common Stock,nasdaqtrader:Q:BEAM,SECURITY:BEAM:nasdaqtrader:Q:BEAM,,common_equity,eligible,Q,,,29.07,37.92,,66259159.09539683,6.522535727372669,10.406380554500583,5.478955007256903,70.0,23.33860759493671,64.16635986531868,277.0,full,usable,2026-08-19,conditional,88.0,100.0,,,83.0,92.0,80.0,100.0,2.2.0,c8f1bf1665a8c5dfb834c0571e7dd5f6b6e5ccd00eab00295338bd42cfde549b
BEBE,TGE Value Creative Solutions Corp Class A Ordinary Shares,nasdaqtrader:N:BEBE,SECURITY:BEBE:nasdaqtrader:N:BEBE,,common_equity,eligible,N,,,10.0,10.0,,169130.48428571428,0.30090270812437314,0.908173562058523,0.8064516129032251,,0.0,1.2770674931064305,134.0,limited_but_usable,usable,2026-08-19,rejected,34.71,100.0,,,59.0,10.0,0.0,100.0,2.2.0,c8f1bf1665a8c5dfb834c0571e7dd5f6b6e5ccd00eab00295338bd42cfde549b
BEEM,Beam Global - Common Stock,nasdaqtrader:Q:BEEM,SECURITY:BEEM:nasdaqtrader:Q:BEEM,,common_equity,eligible,Q,,,1.21,3.88,,2011151.6451555556,12.037037037037024,-13.571428571428568,-20.394736842105267,-52.362204724409445,68.81443298969072,54.271988687352255,277.0,full,usable,2026-08-19,conditional,53.79,100.0,,,67.0,30.0,45.0,100.0,2.2.0,c8f1bf1665a8c5dfb834c0571e7dd5f6b6e5ccd00eab00295338bd42cfde549b
BEEP,Mobile Infrastructure Corporation - Common Stock,nasdaqtrader:Q:BEEP,SECURITY:BEEP:nasdaqtrader:Q:BEEP,,common_equity,eligible,Q,,,2.63,4.06,,136633.23063492062,42.162162162162154,16.888888888888886,-14.886731391585762,-26.740947075208908,35.22167487684729,97.53040980580512,277.0,full,usable,2026-08-19,rejected,63.93,100.0,,,55.0,95.0,0.0,100.0,2.2.0,c8f1bf1665a8c5dfb834c0571e7dd5f6b6e5ccd00eab00295338bd42cfde549b
BEKE,KE Holdings Inc American Depositary Shares (each representing three Class A Ordinary Shares),nasdaqtrader:N:BEKE,SECURITY:BEKE:nasdaqtrader:N:BEKE,,adr,eligible,N,,,17.38,20.36,,65387308.33444445,4.888352444176225,-7.158119658119655,0.9291521486643362,-3.7119113573407247,14.636542239685657,35.52446687869186,277.0,full,usable,2026-08-19,conditional,81.57,100.0,,,73.0,82.0,80.0,100.0,2.2.0,c8f1bf1665a8c5dfb834c0571e7dd5f6b6e5ccd00eab00295338bd42cfde549b
BELFA,Bel Fuse Inc. - Class A Common Stock,nasdaqtrader:Q:BELFA,NAMECLASS:BEL FUSE INC,,common_equity,eligible,Q,,,220.42,291.23,,45715745.798888884,-6.980081026333562,-1.7122982252742336,6.570613547357729,96.78600124988839,24.314115990797657,62.42833246874283,277.0,full,usable,2026-08-19,conditional,91.43,100.0,,,95.0,92.0,80.0,100.0,2.2.0,c8f1bf1665a8c5dfb834c0571e7dd5f6b6e5ccd00eab00295338bd42cfde549b
BELFB,Bel Fuse Inc. - Class B Common Stock,nasdaqtrader:Q:BELFB,NAMECLASS:BEL FUSE INC,,common_equity,eligible,Q,,,263.87,333.04,,80713195.48079365,-6.266207239529676,5.670577870329585,19.295628192956293,100.55483772896557,20.76927696372809,63.940504013665645,277.0,full,usable,2026-08-19,conditional,85.14,100.0,,,73.0,92.0,80.0,100.0,2.2.0,c8f1bf1665a8c5dfb834c0571e7dd5f6b6e5ccd00eab00295338bd42cfde549b
BEN,"Franklin Templeton, Inc. Common Stock",nasdaqtrader:N:BEN,SECURITY:BEN:nasdaqtrader:N:BEN,,common_equity,eligible,N,,,33.98,35.77,,144960566.93555558,4.137296965982218,10.36050665800583,21.748477248298094,35.594573024740626,5.004193458205219,25.51164432718871,277.0,full,usable,2026-08-19,conditional,62.57,100.0,,,65.0,28.0,92.0,100.0,2.2.0,c8f1bf1665a8c5dfb834c0571e7dd5f6b6e5ccd00eab00295338bd42cfde549b
BENF,Beneficient - Class A Common Stock,nasdaqtrader:Q:BENF,NAMECLASS:BENEFICIENT,,common_equity,eligible,Q,,,2.27,11.92,,59610.598015873016,-33.62573099415205,-29.721362229102166,-45.30120481927711,-7.948094079480949,80.95637583892618,87.0219481948159,277.0,full,usable,2026-08-19,rejected,45.86,100.0,,,73.0,30.0,0.0,100.0,2.2.0,c8f1bf1665a8c5dfb834c0571e7dd5f6b6e5ccd00eab00295338bd42cfde549b
BEPC,Brookfield Renewable Corporation Brookfield Renewable Corporation Class A Subordinate Voting Shares,qrgf-resolution-required:N:BEPC,SECURITY:BEPC:qrgf-resolution-required:N:BEPC,,common_equity,eligible,N,,,34.06,44.43,,58941781.88174603,-0.32191981270119907,-5.755395683453235,-20.66154204518984,0.978357545211983,23.34008552779653,33.623453267153934,277.0,full,usable,2026-08-19,conditional,86.86,100.0,,,79.0,92.0,80.0,100.0,2.2.0,c8f1bf1665a8c5dfb834c0571e7dd5f6b6e5ccd00eab00295338bd42cfde549b
BESS,Bimergen Energy Corporation Common Stock,nasdaqtrader:A:BESS,SECURITY:BESS:nasdaqtrader:A:BESS,,common_equity,eligible,A,,,3.46,5.88,,2219578.961984127,6.134969325153383,-1.1428571428571455,,,41.156462585034014,106.89787643461904,125.0,insufficient,usable,2026-08-19,recheck,,71.43,,,,95.0,45.0,88.0,2.2.0,c8f1bf1665a8c5dfb834c0571e7dd5f6b6e5ccd00eab00295338bd42cfde549b
BETA,"Beta Technologies, Inc. Class A Common Stock",nasdaqtrader:N:BETA,NAMECLASS:BETA TECHNOLOGIES INC,,common_equity,eligible,N,,,26.4,36.8,,31071617.160158727,35.03836317135549,80.82191780821917,41.78302900107409,,28.260869565217394,75.69719634207244,198.0,limited_but_usable,usable,2026-08-19,conditional,74.86,100.0,,,37.0,92.0,80.0,100.0,2.2.0,c8f1bf1665a8c5dfb834c0571e7dd5f6b6e5ccd00eab00295338bd42cfde549b
BETR,Better Home & Finance Holding Company - Class A Common Stock,nasdaqtrader:Q:BETR,NAMECLASS:BETTER HOME FINANCE HOLDING COMPANY,,common_equity,eligible,Q,,,13.03,86.07,,10007022.690952381,-44.83488569009315,-48.41646872525733,-59.15360501567398,-25.157955198161986,84.86115952131985,168.67949646747914,277.0,full,usable,2026-08-19,conditional,51.14,100.0,,,45.0,30.0,62.0,100.0,2.2.0,c8f1bf1665a8c5dfb834c0571e7dd5f6b6e5ccd00eab00295338bd42cfde549b
BF.A,Brown Forman Inc Class A Common Stock,nasdaqtrader:N:BF.A,NAMECLASS:BROWN FORMAN INC,,common_equity,eligible,N,,,29.2,31.35,,4405286.52047619,9.158878504672895,9.404271262645182,-2.0791415157612403,-4.855001629195188,6.858054226475286,39.41445875694965,277.0,full,usable,2026-08-19,conditional,51.36,100.0,,,61.0,28.0,45.0,100.0,2.2.0,c8f1bf1665a8c5dfb834c0571e7dd5f6b6e5ccd00eab00295338bd42cfde549b
BF.B,Brown Forman Inc Class B Common Stock,nasdaqtrader:N:BF.B,NAMECLASS:BROWN FORMAN INC,,common_equity,eligible,N,,,28.43,31.26,,70388772.06,8.139977177634083,9.683641975308642,-3.3650577838205353,-6.786885245901642,9.053103007037755,40.28208625727462,277.0,full,usable,2026-08-19,conditional,78.14,100.0,,,61.0,82.0,80.0,100.0,2.2.0,c8f1bf1665a8c5dfb834c0571e7dd5f6b6e5ccd00eab00295338bd42cfde549b
BFAM,Bright Horizons Family Solutions Inc. Common Stock,nasdaqtrader:N:BFAM,SECURITY:BFAM:nasdaqtrader:N:BFAM,,common_equity,eligible,N,,,73.11,123.33,,66525131.8168254,-1.9578919136381878,8.504007123775615,3.160716805418362,-38.68668232136867,40.7200194599854,39.9661919329884,277.0,full,usable,2026-08-19,conditional,81.07,100.0,,,55.0,95.0,80.0,100.0,2.2.0,c8f1bf1665a8c5dfb834c0571e7dd5f6b6e5ccd00eab00295338bd42cfde549b
BFC,Bank First Corporation - Common Stock,nasdaqtrader:Q:BFC,SECURITY:BFC:nasdaqtrader:Q:BFC,,common_equity,eligible,Q,,,151.04,158.42,,14323958.21047619,3.736263736263745,5.349794238683114,4.656319290465638,23.107017686853037,4.658502714303747,24.909907966099762,277.0,full,usable,2026-08-19,conditional,52.57,100.0,,,75.0,10.0,62.0,100.0,2.2.0,c8f1bf1665a8c5dfb834c0571e7dd5f6b6e5ccd00eab00295338bd42cfde549b
BFH,"Bread Financial Holdings, Inc. Common Stock",nasdaqtrader:N:BFH,SECURITY:BFH:nasdaqtrader:N:BFH,,common_equity,eligible,N,,,108.51,113.4,,66500205.75111111,6.717151848937841,27.884502062463177,45.787988714228135,79.92041120875477,4.312169312169312,24.01603694684555,277.0,full,usable,2026-08-19,conditional,55.86,100.0,,,73.0,10.0,80.0,100.0,2.2.0,c8f1bf1665a8c5dfb834c0571e7dd5f6b6e5ccd00eab00295338bd42cfde549b
BFLY,"Butterfly Network, Inc. Class A Common Stock",nasdaqtrader:N:BFLY,NAMECLASS:BUTTERFLY NETWORK INC,,common_equity,eligible,N,,,9.17,9.7,,61588738.753015876,34.45747800586509,123.65853658536588,199.67320261437908,536.8055555555555,5.463917525773187,97.68963956022453,277.0,full,usable,2026-08-19,conditional,62.29,100.0,,,73.0,28.0,80.0,100.0,2.2.0,c8f1bf1665a8c5dfb834c0571e7dd5f6b6e5ccd00eab00295338bd42cfde549b
BFRI,Biofrontera Inc. - Common Stock,nasdaqtrader:Q:BFRI,SECURITY:BFRI:nasdaqtrader:Q:BFRI,,common_equity,eligible,Q,,,1.42,1.44,,401337.54872063495,31.481481481481467,76.17866004962777,52.68817204301073,52.68817204301073,1.388888888888895,50.34088881512411,277.0,full,usable,2026-08-19,rejected,38.71,100.0,,,73.0,10.0,0.0,100.0,2.2.0,c8f1bf1665a8c5dfb834c0571e7dd5f6b6e5ccd00eab00295338bd42cfde549b
BFS,"Saul Centers, Inc. Common Stock",nasdaqtrader:N:BFS,SECURITY:BFS:nasdaqtrader:N:BFS,,common_equity,eligible,N,,,34.22,37.88,,3438257.7553968253,-5.652054039150823,1.9970193740685538,-1.5818234109864937,5.066011667178372,9.662090813093993,18.94397008141385,277.0,full,usable,2026-08-19,conditional,75.79,100.0,,,79.0,82.0,45.0,100.0,2.2.0,c8f1bf1665a8c5dfb834c0571e7dd5f6b6e5ccd00eab00295338bd42cfde549b
BFST,"Business First Bancshares, Inc. - Common Stock",nasdaqtrader:Q:BFST,SECURITY:BFST:nasdaqtrader:Q:BFST,,common_equity,eligible,Q,,,31.05,32.28,,7637533.091904762,0.6482982171799101,14.702622829700784,8.225862669919826,30.626840555321834,3.810408921933084,18.415998572424915,277.0,full,usable,2026-08-19,conditional,52.57,100.0,,,75.0,10.0,62.0,100.0,2.2.0,c8f1bf1665a8c5dfb834c0571e7dd5f6b6e5ccd00eab00295338bd42cfde549b
BG,Bunge Limited Common Shares,nasdaqtrader:N:BG,SECURITY:BG:nasdaqtrader:N:BG,,common_equity,eligible,N,,,114.0,131.41,,182975191.72190475,-6.211435623200323,-6.756093571078036,-6.380881990638088,41.49187042323446,13.248611216802376,35.37449971455451,277.0,full,usable,2026-08-19,conditional,88.14,100.0,,,87.0,82.0,92.0,100.0,2.2.0,c8f1bf1665a8c5dfb834c0571e7dd5f6b6e5ccd00eab00295338bd42cfde549b
BGC,"BGC Group, Inc. - Class A Common Stock",nasdaqtrader:Q:BGC,NAMECLASS:BGC GROUP INC,,common_equity,eligible,Q,,,10.8,12.65,,35774646.23007936,-4.8458149779735615,-4.50928381962864,12.266112266112273,5.675146771037176,14.624505928853749,32.384342312606044,277.0,full,usable,2026-08-19,conditional,83.29,100.0,,,79.0,82.0,80.0,100.0,2.2.0,c8f1bf1665a8c5dfb834c0571e7dd5f6b6e5ccd00eab00295338bd42cfde549b
BGDE,"Big Digital Energy, Inc. - Common Stock",nasdaqtrader:Q:BGDE,SECURITY:BGDE:nasdaqtrader:Q:BGDE,,common_equity,eligible,Q,,,7.01,33.6,,864365.9248412699,17.61744966442953,27.686703096539155,129.83606557377047,-21.64095685222446,79.13690476190476,118.01426150642004,277.0,full,usable,2026-08-19,rejected,39.57,100.0,,,51.0,30.0,0.0,100.0,2.2.0,c8f1bf1665a8c5dfb834c0571e7dd5f6b6e5ccd00eab00295338bd42cfde549b
BGI,Birks Group Inc. Common Stock,nasdaqtrader:A:BGI,SECURITY:BGI:nasdaqtrader:A:BGI,,common_equity,eligible,A,,,0.376,1.32,,240050.39657460316,-34.03508771929824,-42.207193359975406,-55.22743510359609,-46.89265536723164,71.51515151515152,147.9502765552461,277.0,full,usable,2026-08-19,rejected,41.29,100.0,,,57.0,30.0,0.0,100.0,2.2.0,c8f1bf1665a8c5dfb834c0571e7dd5f6b6e5ccd00eab00295338bd42cfde549b
BGIN,Bgin Blockchain Limited - Class A Ordinary Shares,nasdaqtrader:Q:BGIN,NAMECLASS:BGIN BLOCKCHAIN LIMITED,,common_equity,eligible,Q,,,1.99,4.96,,85070.23270634921,3.1088082901554515,-46.216216216216225,-30.419580419580416,,59.87903225806453,94.19628566877995,208.0,limited_but_usable,usable,2026-08-19,rejected,52.71,100.0,,,47.0,70.0,0.0,100.0,2.2.0,c8f1bf1665a8c5dfb834c0571e7dd5f6b6e5ccd00eab00295338bd42cfde549b
BGLC,BioNexus Gene Lab Corp - Common stock,nasdaqtrader:Q:BGLC,SECURITY:BGLC:nasdaqtrader:Q:BGLC,,common_equity,eligible,Q,,,1.57,6.0,,204904.26141269843,-3.6809815950920144,-25.238095238095237,-31.14035087719298,-70.48872180451127,73.83333333333333,70.77684937853844,277.0,full,usable,2026-08-19,rejected,38.43,100.0,,,47.0,30.0,0.0,100.0,2.2.0,c8f1bf1665a8c5dfb834c0571e7dd5f6b6e5ccd00eab00295338bd42cfde549b
BGMS,"Bio Green Med Solution, Inc. - Common Stock",nasdaqtrader:Q:BGMS,SECURITY:BGMS:nasdaqtrader:Q:BGMS,,common_equity,eligible,Q,,,0.9053,8.235,,3140592.1145063494,2.293785310734453,-5.786242064730985,-15.392523364485989,-87.96143617021276,89.00667880995749,58.468483488722775,277.0,full,usable,2026-08-19,conditional,48.07,100.0,,,47.0,30.0,45.0,100.0,2.2.0,c8f1bf1665a8c5dfb834c0571e7dd5f6b6e5ccd00eab00295338bd42cfde549b
BGS,"B&G Foods, Inc. Common Stock",nasdaqtrader:N:BGS,SECURITY:BGS:nasdaqtrader:N:BGS,,common_equity,eligible,N,,,3.55,5.87,,8222926.616349206,-2.73972602739726,-12.128712871287128,-28.282828282828287,-16.470588235294127,39.52299829642249,37.49930849896682,277.0,full,usable,2026-08-19,conditional,82.36,100.0,,,73.0,95.0,62.0,100.0,2.2.0,c8f1bf1665a8c5dfb834c0571e7dd5f6b6e5ccd00eab00295338bd42cfde549b
BGSF,"BGSF, Inc. Common Stock",nasdaqtrader:N:BGSF,SECURITY:BGSF:nasdaqtrader:N:BGSF,,common_equity,eligible,N,,,5.53,7.93,,51656.69,-1.4260249554367221,7.797270955165692,-9.934853420195433,-1.4260249554367221,30.26481715006305,34.46426230772583,277.0,full,usable,2026-08-19,rejected,64.57,100.0,,,61.0,92.0,0.0,100.0,2.2.0,c8f1bf1665a8c5dfb834c0571e7dd5f6b6e5ccd00eab00295338bd42cfde549b
BGSI,Boyd Group Services Inc. Common Shares,nasdaqtrader:N:BGSI,SECURITY:BGSI:nasdaqtrader:N:BGSI,,common_equity,eligible,N,,,94.36,182.26,,5141053.195238096,-8.129685522344465,-9.841391171412194,-44.82194023741302,,48.22780643037419,55.76366111311467,200.0,limited_but_usable,usable,2026-08-19,conditional,78.36,100.0,,,59.0,95.0,62.0,100.0,2.2.0,c8f1bf1665a8c5dfb834c0571e7dd5f6b6e5ccd00eab00295338bd42cfde549b
BH,Biglari Holdings Inc. Class B Common Stock,nasdaqtrader:N:BH,NAMECLASS:BIGLARI HOLDINGS INC,,common_equity,eligible,N,,,390.2,476.92,,46077315.63253968,-0.8562644510506368,43.124381029233746,-1.7425463336019353,28.73639063015505,18.183343118342698,37.45426624193951,277.0,full,usable,2026-08-19,conditional,82.14,100.0,,,75.0,82.0,80.0,100.0,2.2.0,c8f1bf1665a8c5dfb834c0571e7dd5f6b6e5ccd00eab00295338bd42cfde549b
BH.A,Biglari Holdings Inc. Class A Common Stock,nasdaqtrader:N:BH.A,NAMECLASS:BIGLARI HOLDINGS INC,,common_equity,eligible,N,,,1972.63,2462.99,,40455904.99888889,1.3127417093376392,38.667613316837254,-4.842693268757648,30.464947089947092,19.90913483205371,42.581839896369594,277.0,full,usable,2026-08-19,conditional,82.14,100.0,,,75.0,82.0,80.0,100.0,2.2.0,c8f1bf1665a8c5dfb834c0571e7dd5f6b6e5ccd00eab00295338bd42cfde549b
BHB,"Bar Harbor Bankshares, Inc. Common Stock",nasdaqtrader:A:BHB,SECURITY:BHB:nasdaqtrader:A:BHB,,common_equity,eligible,A,,,39.48,40.73,,4395757.884444444,3.8127793846962854,16.254416961130723,12.79999999999999,28.098637248539895,3.0689909157868844,19.803810491063842,277.0,full,usable,2026-08-19,conditional,48.93,100.0,,,75.0,10.0,45.0,100.0,2.2.0,c8f1bf1665a8c5dfb834c0571e7dd5f6b6e5ccd00eab00295338bd42cfde549b
BHC,Bausch Health Companies Inc. Common Stock,nasdaqtrader:N:BHC,SECURITY:BHC:nasdaqtrader:N:BHC,,common_equity,eligible,N,,,6.89,7.9,,19314393.844761904,52.43362831858407,29.51127819548871,11.308562197092066,-14.089775561097252,12.784810126582292,95.1422372058365,277.0,full,usable,2026-08-19,conditional,74.29,100.0,,,61.0,82.0,62.0,100.0,2.2.0,c8f1bf1665a8c5dfb834c0571e7dd5f6b6e5ccd00eab00295338bd42cfde549b
BHE,"Benchmark Electronics, Inc. Common Stock",nasdaqtrader:N:BHE,SECURITY:BHE:nasdaqtrader:N:BHE,,common_equity,eligible,N,,,73.52,98.67,,39668630.9515873,-13.148257531010055,-9.580617390234913,28.24001395429967,85.51602321473628,25.48900374987332,54.58534355663255,277.0,full,usable,2026-08-19,conditional,88.57,100.0,,,85.0,92.0,80.0,100.0,2.2.0,c8f1bf1665a8c5dfb834c0571e7dd5f6b6e5ccd00eab00295338bd42cfde549b
BHF,"Brighthouse Financial, Inc. - Common Stock",nasdaqtrader:Q:BHF,SECURITY:BHF:nasdaqtrader:Q:BHF,,common_equity,eligible,Q,,,53.28,66.61,,41168310.76238096,-16.265912305516274,-14.560615779345731,-16.7239762425758,16.867734152226355,20.012010208677378,24.418003147448793,277.0,full,usable,2026-08-19,conditional,89.14,100.0,,,87.0,92.0,80.0,100.0,2.2.0,c8f1bf1665a8c5dfb834c0571e7dd5f6b6e5ccd00eab00295338bd42cfde549b
BHM,"Bluerock Homes Trust, Inc. Class A Common Stock",nasdaqtrader:A:BHM,NAMECLASS:BLUEROCK HOMES TRUST INC,,common_equity,eligible,A,,,8.85,13.45,,68032.28716507937,4.857819905213279,-17.712691771269185,-24.616695059625215,-30.642633228840122,34.20074349442379,30.635294947544896,277.0,full,usable,2026-08-19,rejected,66.29,100.0,,,67.0,92.0,0.0,100.0,2.2.0,c8f1bf1665a8c5dfb834c0571e7dd5f6b6e5ccd00eab00295338bd42cfde549b
BHP,BHP Group Limited American Depositary Shares (Each representing two Ordinary Shares),nasdaqtrader:N:BHP,SECURITY:BHP:nasdaqtrader:N:BHP,,adr,eligible,N,,,92.29,93.15,,231358206.99095237,10.593169562612337,12.727494808843298,23.829330470951305,72.73067565038369,0.9232420826623677,35.389323657067365,277.0,full,usable,2026-08-19,conditional,58.43,100.0,,,73.0,10.0,92.0,100.0,2.2.0,c8f1bf1665a8c5dfb834c0571e7dd5f6b6e5ccd00eab00295338bd42cfde549b
BHR,Braemar Hotels & Resorts Inc. Common Stock,nasdaqtrader:N:BHR,SECURITY:BHR:nasdaqtrader:N:BHR,,common_equity,eligible,N,,,2.05,3.14,,1233615.9147619046,-3.301886792452846,-16.666666666666675,-31.208053691275172,-3.7558685446009377,34.71337579617835,36.872200461552275,277.0,full,usable,2026-08-19,rejected,68.0,100.0,,,73.0,92.0,0.0,100.0,2.2.0,c8f1bf1665a8c5dfb834c0571e7dd5f6b6e5ccd00eab00295338bd42cfde549b
BHRB,Burke & Herbert Financial Services Corp. - Common Stock,nasdaqtrader:Q:BHRB,SECURITY:BHRB:nasdaqtrader:Q:BHRB,,common_equity,eligible,Q,,,70.9,74.64,,11868832.692222223,-0.5051922537187781,14.521078985624314,4.788649127992928,18.04861804861806,5.0107181136120005,19.128664670234585,277.0,full,usable,2026-08-19,conditional,59.0,100.0,,,75.0,28.0,62.0,100.0,2.2.0,c8f1bf1665a8c5dfb834c0571e7dd5f6b6e5ccd00eab00295338bd42cfde549b
BHST,BioHarvest Sciences Inc. - Common Stock,nasdaqtrader:Q:BHST,SECURITY:BHST:nasdaqtrader:Q:BHST,,common_equity,eligible,Q,,,2.03,12.65,,123469.92547619047,-10.964912280701755,-48.21428571428572,-54.33070866141734,-78.85416666666667,83.95256916996048,97.94373023730564,277.0,full,usable,2026-08-19,rejected,32.14,100.0,,,25.0,30.0,0.0,100.0,2.2.0,c8f1bf1665a8c5dfb834c0571e7dd5f6b6e5ccd00eab00295338bd42cfde549b
BHVN,Biohaven Ltd. Common Shares,nasdaqtrader:N:BHVN,SECURITY:BHVN:nasdaqtrader:N:BHVN,,common_equity,eligible,N,,,14.14,18.11,,38329950.90015873,-8.833010960670528,68.53396901072706,22.530329289428085,-11.68019987507808,21.921590281612367,57.830132426960425,277.0,full,usable,2026-08-19,conditional,78.86,100.0,,,51.0,92.0,80.0,100.0,2.2.0,c8f1bf1665a8c5dfb834c0571e7dd5f6b6e5ccd00eab00295338bd42cfde549b
BIDU,"Baidu, Inc. - American Depositary Shares, each representing 8 ordinary share",nasdaqtrader:Q:BIDU,SECURITY:BIDU:nasdaqtrader:Q:BIDU,,adr,eligible,Q,,,92.87,162.52,,289916437.21936506,-14.184069488079832,-32.5464846019756,-32.63944295350692,3.0400532564074156,42.85626384444991,48.70932390551436,277.0,full,usable,2026-08-19,conditional,90.5,100.0,,,79.0,95.0,92.0,100.0,2.2.0,c8f1bf1665a8c5dfb834c0571e7dd5f6b6e5ccd00eab00295338bd42cfde549b
BIIB,Biogen Inc. - Common Stock,nasdaqtrader:Q:BIIB,SECURITY:BIIB:nasdaqtrader:Q:BIIB,,common_equity,eligible,Q,,,221.56,221.56,,238488509.0666667,9.056900964756842,16.267842149454246,14.129706897439863,63.019645353542785,0.0,43.350015283022756,277.0,full,usable,2026-08-19,conditional,61.29,100.0,,,83.0,10.0,92.0,100.0,2.2.0,c8f1bf1665a8c5dfb834c0571e7dd5f6b6e5ccd00eab00295338bd42cfde549b
BILI,Bilibili Inc. - American Depositary Shares,nasdaqtrader:Q:BILI,SECURITY:BILI:nasdaqtrader:Q:BILI,,adr,eligible,Q,,,17.31,35.92,,46976997.14333334,-5.150684931506855,-13.450000000000006,-44.430176565008026,-31.715976331360952,51.80957683741649,39.14266687998371,277.0,full,usable,2026-08-19,conditional,75.57,100.0,,,67.0,70.0,80.0,100.0,2.2.0,c8f1bf1665a8c5dfb834c0571e7dd5f6b6e5ccd00eab00295338bd42cfde549b
BILL,"BILL Holdings, Inc. Common Stock",nasdaqtrader:N:BILL,SECURITY:BILL:nasdaqtrader:N:BILL,,common_equity,eligible,N,,,47.71,56.31,,106358028.96904762,7.7948486217803925,26.384105960264904,6.234691605433107,14.549819927971196,15.272598117563485,50.95220778306546,277.0,full,usable,2026-08-19,conditional,82.43,100.0,,,67.0,82.0,92.0,100.0,2.2.0,c8f1bf1665a8c5dfb834c0571e7dd5f6b6e5ccd00eab00295338bd42cfde549b
BIO,"Bio-Rad Laboratories, Inc. Class A Common Stock",nasdaqtrader:N:BIO,NAMECLASS:BIO RAD LABORATORIES INC,,common_equity,eligible,N,,,364.26,364.26,,101805620.27063492,20.73583029499504,29.606831524639745,34.57716037979828,27.967679606534347,0.0,29.043924972734875,277.0,full,usable,2026-08-19,conditional,56.14,100.0,,,65.0,10.0,92.0,100.0,2.2.0,c8f1bf1665a8c5dfb834c0571e7dd5f6b6e5ccd00eab00295338bd42cfde549b
BIO.B,"Bio-Rad Laboratories, Inc. Class B  Common Stock",nasdaqtrader:N:BIO.B,NAMECLASS:BIO RAD LABORATORIES INC,,common_equity,eligible,N,,,337.0,337.0,,7461.2974920634915,8.929645025115217,26.01428411173017,28.709467975403903,36.40963367739323,0.0,26.78423765719735,277.0,full,usable,2026-08-19,rejected,36.43,100.0,,,65.0,10.0,0.0,100.0,2.2.0,c8f1bf1665a8c5dfb834c0571e7dd5f6b6e5ccd00eab00295338bd42cfde549b
BIOA,"BioAge Labs, Inc. - Common Stock",nasdaqtrader:Q:BIOA,SECURITY:BIOA:nasdaqtrader:Q:BIOA,,common_equity,eligible,Q,,,10.75,25.1,,13673916.06968254,-52.53863134657837,-34.331093463653026,-45.125063808065335,137.83185840707966,57.171314741035864,306.616502410197,277.0,full,usable,2026-08-19,conditional,79.71,100.0,,,95.0,70.0,62.0,100.0,2.2.0,c8f1bf1665a8c5dfb834c0571e7dd5f6b6e5ccd00eab00295338bd42cfde549b
BIOT,Instinct Bio Technical Company Holdings Inc. - Common stock,nasdaqtrader:Q:BIOT,SECURITY:BIOT:nasdaqtrader:Q:BIOT,,common_equity,eligible,Q,,,0.38,15.5,,1024462.0452,,,,,97.54838709677419,,19.0,insufficient,usable,2026-08-19,rejected,,71.43,,,,30.0,0.0,64.0,2.2.0,c8f1bf1665a8c5dfb834c0571e7dd5f6b6e5ccd00eab00295338bd42cfde549b
BIPC,Brookfield Infrastructure Corporation Brookfield Infrastructure Corporation,qrgf-resolution-required:N:BIPC,SECURITY:BIPC:qrgf-resolution-required:N:BIPC,,common_equity,eligible,N,,,40.07,51.0,,41988202.24428571,-2.244449865820941,-2.077223851417398,-17.19363504856375,3.1668383110195597,21.431372549019613,29.874264990007717,277.0,full,usable,2026-08-19,conditional,86.86,100.0,,,79.0,92.0,80.0,100.0,2.2.0,c8f1bf1665a8c5dfb834c0571e7dd5f6b6e5ccd00eab00295338bd42cfde549b
BIRD,"Smartbird, Inc. - Class A Common Stock",nasdaqtrader:Q:BIRD,NAMECLASS:SMARTBIRD INC,,common_equity,eligible,Q,,,2.4,16.99,,7955700.688253968,-12.408759124087599,-40.14962593516209,-21.311475409836067,-64.75770925110132,85.87404355503236,60.25545776480279,277.0,full,usable,2026-08-19,conditional,57.43,100.0,,,67.0,30.0,62.0,100.0,2.2.0,c8f1bf1665a8c5dfb834c0571e7dd5f6b6e5ccd00eab00295338bd42cfde549b
BIRK,Birkenstock Holding plc Ordinary Shares,nasdaqtrader:N:BIRK,SECURITY:BIRK:nasdaqtrader:N:BIRK,,common_equity,eligible,N,,,36.13,53.4,,103134744.76888889,-14.424443391757457,11.169230769230776,-13.54391002632208,-28.46960997822212,32.34082397003745,53.85497978592404,277.0,full,usable,2026-08-19,conditional,82.57,100.0,,,55.0,92.0,92.0,100.0,2.2.0,c8f1bf1665a8c5dfb834c0571e7dd5f6b6e5ccd00eab00295338bd42cfde549b
BIVI,BioVie Inc. - Common stock,nasdaqtrader:Q:BIVI,SECURITY:BIVI:nasdaqtrader:Q:BIVI,,common_equity,eligible,Q,,,1.34,2.27,,5003585.070866667,3.875968992248069,2.2900763358778553,6.349206349206349,-23.42857142857142,40.96916299559471,258.04352417701847,277.0,full,usable,2026-08-19,conditional,82.36,100.0,,,73.0,95.0,62.0,100.0,2.2.0,c8f1bf1665a8c5dfb834c0571e7dd5f6b6e5ccd00eab00295338bd42cfde549b
BIYA,Baiya International Group Inc.  - Ordinary Shares,nasdaqtrader:Q:BIYA,SECURITY:BIYA:nasdaqtrader:Q:BIYA,,common_equity,eligible,Q,,,2.41,168.58,,25285507.44395238,-22.006472491909378,-69.49367088607595,-89.09502262443438,-98.32836235000347,98.57041167398268,341.87043881681063,277.0,full,usable,2026-08-19,conditional,45.0,100.0,,,10.0,30.0,80.0,100.0,2.2.0,c8f1bf1665a8c5dfb834c0571e7dd5f6b6e5ccd00eab00295338bd42cfde549b
BJ,"BJ's Wholesale Club Holdings, Inc. Common Stock",nasdaqtrader:N:BJ,SECURITY:BJ:nasdaqtrader:N:BJ,,common_equity,eligible,N,,,91.79,107.34,,185926814.99063492,-0.5956248646307061,-6.01064919107105,-7.254723653632411,-12.547637195121942,14.486677846096507,24.194603265742288,277.0,full,usable,2026-08-19,conditional,84.14,100.0,,,73.0,82.0,92.0,100.0,2.2.0,c8f1bf1665a8c5dfb834c0571e7dd5f6b6e5ccd00eab00295338bd42cfde549b
BJDX,"Bluejay Diagnostics, Inc. - Common Stock",nasdaqtrader:Q:BJDX,SECURITY:BJDX:nasdaqtrader:Q:BJDX,,common_equity,eligible,Q,,,0.9601,14.0,,11521300.244003175,-17.23275862068966,-43.853801169590646,-62.051383399209485,-82.7320143884892,93.14214285714286,138.08400951811728,277.0,full,usable,2026-08-19,conditional,48.86,100.0,,,37.0,30.0,62.0,100.0,2.2.0,c8f1bf1665a8c5dfb834c0571e7dd5f6b6e5ccd00eab00295338bd42cfde549b
BJRI,"BJ's Restaurants, Inc. - Common Stock",nasdaqtrader:Q:BJRI,SECURITY:BJRI:nasdaqtrader:Q:BJRI,,common_equity,eligible,Q,,,64.74,74.26,,29970269.761349205,-4.653902798232712,53.703703703703695,51.58042612971199,85.8742463393626,12.819822246162149,51.22386094513619,277.0,full,usable,2026-08-19,conditional,81.57,100.0,,,73.0,82.0,80.0,100.0,2.2.0,c8f1bf1665a8c5dfb834c0571e7dd5f6b6e5ccd00eab00295338bd42cfde549b
BKD,Brookdale Senior Living Inc. Common Stock,nasdaqtrader:N:BKD,SECURITY:BKD:nasdaqtrader:N:BKD,,common_equity,eligible,N,,,12.12,16.77,,69888637.52269842,-20.210664911125743,-8.528301886792455,-26.811594202898547,65.12261580381471,27.728085867620756,47.302291018361366,277.0,full,usable,2026-08-19,conditional,91.43,100.0,,,95.0,92.0,80.0,100.0,2.2.0,c8f1bf1665a8c5dfb834c0571e7dd5f6b6e5ccd00eab00295338bd42cfde549b
BKE,"Buckle, Inc. (The) Common Stock",nasdaqtrader:N:BKE,SECURITY:BKE:nasdaqtrader:N:BKE,,common_equity,eligible,N,,,43.23,61.58,,22334698.15253968,1.3836772983114365,-9.73063269993737,-18.832144198272626,-22.15018908698002,29.79863592075349,29.88526555457669,277.0,full,usable,2026-08-19,conditional,81.29,100.0,,,73.0,92.0,62.0,100.0,2.2.0,c8f1bf1665a8c5dfb834c0571e7dd5f6b6e5ccd00eab00295338bd42cfde549b
BKH,Black Hills Corporation Common Stock,nasdaqtrader:N:BKH,SECURITY:BKH:nasdaqtrader:N:BKH,,common_equity,eligible,N,,,73.19,76.83,,66675871.32460318,-1.4939434724091538,-0.13644426251877562,0.1642260845764465,21.275890637945306,4.737732656514382,19.822786196533475,277.0,full,usable,2026-08-19,conditional,59.86,100.0,,,87.0,10.0,80.0,100.0,2.2.0,c8f1bf1665a8c5dfb834c0571e7dd5f6b6e5ccd00eab00295338bd42cfde549b
BKKT,"Bakkt, Inc. Class A Common Stock",nasdaqtrader:N:BKKT,NAMECLASS:BAKKT INC,,common_equity,eligible,N,,,7.74,45.04,,13206641.426825397,-6.971153846153843,-20.04132231404958,-25.289575289575282,-16.233766233766232,82.8152753108348,77.22343295875041,277.0,full,usable,2026-08-19,conditional,59.14,100.0,,,73.0,30.0,62.0,100.0,2.2.0,c8f1bf1665a8c5dfb834c0571e7dd5f6b6e5ccd00eab00295338bd42cfde549b
BKNG,Booking Holdings Inc. - Common Stock,nasdaqtrader:Q:BKNG,SECURITY:BKNG:nasdaqtrader:Q:BKNG,,common_equity,eligible,Q,,,213.0,228.83,,1287725924.5447621,18.729096989966543,37.82839394331565,24.707259953161586,-3.7418655097613884,6.917799239610201,40.914821485558384,277.0,full,usable,2026-08-19,conditional,60.29,100.0,,,51.0,28.0,100.0,100.0,2.2.0,c8f1bf1665a8c5dfb834c0571e7dd5f6b6e5ccd00eab00295338bd42cfde549b
BKR,Baker Hughes Company - Common Stock,nasdaqtrader:Q:BKR,SECURITY:BKR:nasdaqtrader:Q:BKR,,common_equity,eligible,Q,,,64.48,69.67,,512369467.1294444,14.366796736431354,-1.5121429662440788,4.777380565485867,50.408210870072324,7.449404334720821,28.967344045396214,277.0,full,usable,2026-08-19,conditional,72.86,100.0,,,95.0,28.0,100.0,100.0,2.2.0,c8f1bf1665a8c5dfb834c0571e7dd5f6b6e5ccd00eab00295338bd42cfde549b
BKSY,BlackSky Technology Inc. Class A Common Stock,nasdaqtrader:N:BKSY,NAMECLASS:BLACKSKY TECHNOLOGY INC,,common_equity,eligible,N,,,27.9,51.63,,53235889.27079365,18.1702668360864,-38.23334071286253,26.64548343168405,60.16073478760045,45.96165020337014,81.08257886131163,277.0,full,usable,2026-08-19,conditional,89.64,100.0,,,85.0,95.0,80.0,100.0,2.2.0,c8f1bf1665a8c5dfb834c0571e7dd5f6b6e5ccd00eab00295338bd42cfde549b
BKTI,BK Technologies Corporation Common Stock,nasdaqtrader:A:BKTI,SECURITY:BKTI:nasdaqtrader:A:BKTI,,common_equity,eligible,A,,,77.66,96.95,,3459618.7976190476,-2.289884247609475,-5.866666666666676,-5.061124694376529,20.068027210884342,19.89685404847861,39.549473103893526,277.0,full,usable,2026-08-19,conditional,78.07,100.0,,,87.0,82.0,45.0,100.0,2.2.0,c8f1bf1665a8c5dfb834c0571e7dd5f6b6e5ccd00eab00295338bd42cfde549b
BKU,"BankUnited, Inc. Common Stock",nasdaqtrader:N:BKU,SECURITY:BKU:nasdaqtrader:N:BKU,,common_equity,eligible,N,,,46.83,50.93,,42241523.04603175,-2.5795714582899976,3.6979627989371266,-4.4870487456659225,25.31442333422531,8.05026506970352,23.300878854556576,277.0,full,usable,2026-08-19,conditional,85.57,100.0,,,87.0,82.0,80.0,100.0,2.2.0,c8f1bf1665a8c5dfb834c0571e7dd5f6b6e5ccd00eab00295338bd42cfde549b
BKV,BKV Corporation Common Stock,nasdaqtrader:N:BKV,SECURITY:BKV:nasdaqtrader:N:BKV,,common_equity,eligible,N,,,26.37,32.16,,21713258.4615873,0.6488549618320683,-10.610169491525422,-12.041360907271514,23.051796546896885,18.00373134328357,41.131581963033454,277.0,full,usable,2026-08-19,conditional,81.71,100.0,,,87.0,82.0,62.0,100.0,2.2.0,c8f1bf1665a8c5dfb834c0571e7dd5f6b6e5ccd00eab00295338bd42cfde549b
BKYI,"BIO-key International, Inc. - Common Stock",nasdaqtrader:Q:BKYI,SECURITY:BKYI:nasdaqtrader:Q:BKYI,,common_equity,eligible,Q,,,3.02,5.3114,,610808.7947129032,-34.06113537117904,,,,43.14116805362052,90.35585620725095,31.0,insufficient,usable,2026-08-19,rejected,,71.43,,,,95.0,0.0,76.0,2.2.0,c8f1bf1665a8c5dfb834c0571e7dd5f6b6e5ccd00eab00295338bd42cfde549b
BL,"BlackLine, Inc. - Common Stock",nasdaqtrader:Q:BL,SECURITY:BL:nasdaqtrader:Q:BL,,common_equity,eligible,Q,,,31.43,58.83,,35935105.29777778,7.050408719346057,4.66200466200466,-15.351467815782394,-38.94716394716394,46.574876763556006,62.251500722854345,277.0,full,usable,2026-08-19,conditional,84.5,100.0,,,67.0,95.0,80.0,100.0,2.2.0,c8f1bf1665a8c5dfb834c0571e7dd5f6b6e5ccd00eab00295338bd42cfde549b
BLBD,Blue Bird Corporation - Common Stock,nasdaqtrader:Q:BLBD,SECURITY:BLBD:nasdaqtrader:Q:BLBD,,common_equity,eligible,Q,,,62.52,81.5,,35749717.49484127,-23.080708661417315,-3.2946635730858542,2.090137165251482,6.8717948717948785,23.28834355828221,56.771205606055744,277.0,full,usable,2026-08-19,conditional,86.86,100.0,,,79.0,92.0,80.0,100.0,2.2.0,c8f1bf1665a8c5dfb834c0571e7dd5f6b6e5ccd00eab00295338bd42cfde549b
BLCO,Bausch + Lomb Corporation Common Shares,nasdaqtrader:N:BLCO,SECURITY:BLCO:nasdaqtrader:N:BLCO,,common_equity,eligible,N,,,17.45,18.6,,6813009.239365079,9.130706691682299,7.716049382716039,-1.2450481041313077,20.67773167358229,6.182795698924737,29.007484785584463,277.0,full,usable,2026-08-19,conditional,59.0,100.0,,,75.0,28.0,62.0,100.0,2.2.0,c8f1bf1665a8c5dfb834c0571e7dd5f6b6e5ccd00eab00295338bd42cfde549b
BLDP,"Ballard Power Systems, Inc. - Common Shares",nasdaqtrader:Q:BLDP,SECURITY:BLDP:nasdaqtrader:Q:BLDP,,common_equity,eligible,Q,,,2.5,6.38,,31572061.019285712,-15.540540540540537,-40.19138755980861,17.37089201877935,25.628140703517598,60.81504702194358,67.84610965972473,277.0,full,usable,2026-08-19,conditional,78.43,100.0,,,77.0,70.0,80.0,100.0,2.2.0,c8f1bf1665a8c5dfb834c0571e7dd5f6b6e5ccd00eab00295338bd42cfde549b
BLDR,"Builders FirstSource, Inc. Common Stock",nasdaqtrader:N:BLDR,SECURITY:BLDR:nasdaqtrader:N:BLDR,,common_equity,eligible,N,,,72.55,149.21,,183064303.73904762,4.029251505592213,9.278505799066128,-36.303775241439865,-46.85760328157047,51.37725353528584,59.76538967354311,277.0,full,usable,2026-08-19,conditional,74.71,100.0,,,55.0,70.0,92.0,100.0,2.2.0,c8f1bf1665a8c5dfb834c0571e7dd5f6b6e5ccd00eab00295338bd42cfde549b
BLFS,"BioLife Solutions, Inc. - Common Stock",nasdaqtrader:Q:BLFS,SECURITY:BLFS:nasdaqtrader:Q:BLFS,,common_equity,eligible,Q,,,36.47,36.47,,32193042.06634921,24.940047961630697,58.22125813449024,59.67600700525393,48.85714285714285,0.0,39.17268062526883,277.0,full,usable,2026-08-19,conditional,53.57,100.0,,,65.0,10.0,80.0,100.0,2.2.0,c8f1bf1665a8c5dfb834c0571e7dd5f6b6e5ccd00eab00295338bd42cfde549b
BLIN,"Bridgeline Digital, Inc. - Common Stock",nasdaqtrader:Q:BLIN,SECURITY:BLIN:nasdaqtrader:Q:BLIN,,common_equity,eligible,Q,,,0.9667,1.57,,114627.31342857143,-20.76229508196721,4.8140518269543575,12.472367655613725,-25.06201550387597,38.42675159235669,53.850400765999254,277.0,full,usable,2026-08-19,rejected,67.36,100.0,,,67.0,95.0,0.0,100.0,2.2.0,c8f1bf1665a8c5dfb834c0571e7dd5f6b6e5ccd00eab00295338bd42cfde549b
BLIV,BeLive Holdings - ordinary shares,nasdaqtrader:Q:BLIV,SECURITY:BLIV:nasdaqtrader:Q:BLIV,,common_equity,eligible,Q,,,2.2,4.0829,,3349.4420634920634,-7.563025210084017,-15.384615384615385,-35.29411764705882,-23.235283854984466,46.11673075510054,73.1161038120129,277.0,full,usable,2026-08-19,rejected,69.07,100.0,,,73.0,95.0,0.0,100.0,2.2.0,c8f1bf1665a8c5dfb834c0571e7dd5f6b6e5ccd00eab00295338bd42cfde549b
BLK,"BlackRock, Inc. Common Stock",nasdaqtrader:N:BLK,SECURITY:BLK:nasdaqtrader:N:BLK,,common_equity,eligible,N,,,1158.92,1202.59,,800362101.7068254,11.62351672060411,11.832480941812218,6.102942522842558,2.00683026440871,3.6313290481377547,30.097740524348204,277.0,full,usable,2026-08-19,conditional,58.43,100.0,,,67.0,10.0,100.0,100.0,2.2.0,c8f1bf1665a8c5dfb834c0571e7dd5f6b6e5ccd00eab00295338bd42cfde549b
BLKB,"Blackbaud, Inc. - Common Stock",nasdaqtrader:Q:BLKB,SECURITY:BLKB:nasdaqtrader:Q:BLKB,,common_equity,eligible,Q,,,46.16,70.17,,26110357.815873016,46.40025372660956,46.81933842239183,-6.7663098363966885,-28.22267143523558,34.216901809890274,66.66731479086563,277.0,full,usable,2026-08-19,conditional,80.0,100.0,,,55.0,92.0,80.0,100.0,2.2.0,c8f1bf1665a8c5dfb834c0571e7dd5f6b6e5ccd00eab00295338bd42cfde549b
BLLN,"BillionToOne, Inc. - Class A common stock",nasdaqtrader:Q:BLLN,NAMECLASS:BILLIONTOONE INC,,common_equity,eligible,Q,,,91.67,149.97,,83244750.3536508,-30.83075530068664,11.398711872645517,2.2874358402142247,,38.87444155497766,153.8529741554748,196.0,limited_but_usable,usable,2026-08-19,conditional,78.79,100.0,,,47.0,95.0,80.0,100.0,2.2.0,c8f1bf1665a8c5dfb834c0571e7dd5f6b6e5ccd00eab00295338bd42cfde549b
BLMN,"Bloomin' Brands, Inc. - Common Stock",nasdaqtrader:Q:BLMN,SECURITY:BLMN:nasdaqtrader:Q:BLMN,,common_equity,eligible,Q,,,10.61,11.85,,19169005.283095237,25.710900473933652,39.42181340341655,55.34407027818447,47.3611111111111,10.464135021097054,94.81276018267094,277.0,full,usable,2026-08-19,conditional,75.43,100.0,,,65.0,82.0,62.0,100.0,2.2.0,c8f1bf1665a8c5dfb834c0571e7dd5f6b6e5ccd00eab00295338bd42cfde549b
BLND,"Blend Labs, Inc. Class A Common Stock",nasdaqtrader:N:BLND,NAMECLASS:BLEND LABS INC,,common_equity,eligible,N,,,1.5,4.37,,4806988.44,-20.2127659574468,1.3513513513513598,-14.28571428571429,-50.81967213114753,65.67505720823799,83.86633776026741,277.0,full,usable,2026-08-19,conditional,53.79,100.0,,,67.0,30.0,45.0,100.0,2.2.0,c8f1bf1665a8c5dfb834c0571e7dd5f6b6e5ccd00eab00295338bd42cfde549b
BLNE,"Beeline Holdings, Inc. - Common Stock",nasdaqtrader:Q:BLNE,SECURITY:BLNE:nasdaqtrader:Q:BLNE,,common_equity,eligible,Q,,,1.02,4.35,,525089.7832809524,4.841196423065064,0.0,-64.08450704225352,-37.42331288343558,76.55172413793103,79.27082446067224,277.0,full,usable,2026-08-19,rejected,41.29,100.0,,,57.0,30.0,0.0,100.0,2.2.0,c8f1bf1665a8c5dfb834c0571e7dd5f6b6e5ccd00eab00295338bd42cfde549b
BLRX,BioLineRx Ltd. - American Depositary Shares,nasdaqtrader:Q:BLRX,SECURITY:BLRX:nasdaqtrader:Q:BLRX,,adr,eligible,Q,,,2.93,4.44,,73070.48539047618,0.34246575342467,11.406844106463886,3.169014084507049,-23.498694516971273,34.009009009009006,48.010045790421856,277.0,full,usable,2026-08-19,rejected,64.57,100.0,,,61.0,92.0,0.0,100.0,2.2.0,c8f1bf1665a8c5dfb834c0571e7dd5f6b6e5ccd00eab00295338bd42cfde549b
BLSH,Bullish Ordinary Shares,nasdaqtrader:N:BLSH,SECURITY:BLSH:nasdaqtrader:N:BLSH,,common_equity,eligible,N,,,26.92,70.82,,42472732.26936508,8.679854662898666,-25.696936240684508,-15.47880690737834,-57.51933091368156,61.988138943801175,82.26699719879176,256.0,full,usable,2026-08-19,conditional,75.57,100.0,,,67.0,70.0,80.0,100.0,2.2.0,c8f1bf1665a8c5dfb834c0571e7dd5f6b6e5ccd00eab00295338bd42cfde549b
BLSM,"BlossomHill Therapeutics, Inc. - Common Stock",nasdaqtrader:Q:BLSM,SECURITY:BLSM:nasdaqtrader:Q:BLSM,,common_equity,eligible,Q,,,16.17,16.52,,7836093.003333334,,,,,2.1186440677965934,,9.0,insufficient,usable,2026-08-19,recheck,,71.43,,,,10.0,62.0,64.0,2.2.0,c8f1bf1665a8c5dfb834c0571e7dd5f6b6e5ccd00eab00295338bd42cfde549b
BLTE,"Belite Bio, Inc - American Depositary Shares",nasdaqtrader:Q:BLTE,SECURITY:BLTE:nasdaqtrader:Q:BLTE,,adr,eligible,Q,,,168.55,190.3,,31838565.553333335,4.637447231189462,20.651395848246267,-3.0820539359438737,159.50731331793685,11.429322122963736,43.80254011221613,277.0,full,usable,2026-08-19,conditional,84.43,100.0,,,83.0,82.0,80.0,100.0,2.2.0,c8f1bf1665a8c5dfb834c0571e7dd5f6b6e5ccd00eab00295338bd42cfde549b
BLX,"Bladex, Inc. Class E Common Stock",nasdaqtrader:N:BLX,NAMECLASS:BLADEX INC,,common_equity,eligible,N,,,54.25,62.78,,11067103.761587301,-8.376963350785338,1.8205705705705677,9.551696284329548,20.475238729735736,13.587129659127118,25.50481147554637,277.0,full,usable,2026-08-19,conditional,81.71,100.0,,,87.0,82.0,62.0,100.0,2.2.0,c8f1bf1665a8c5dfb834c0571e7dd5f6b6e5ccd00eab00295338bd42cfde549b
BLZE,"Backblaze, Inc. - Common Stock",nasdaqtrader:Q:BLZE,SECURITY:BLZE:nasdaqtrader:Q:BLZE,,common_equity,eligible,Q,,,16.88,20.43,,46690692.58619048,25.222551928783375,124.7669773635153,291.64733178654296,123.57615894039733,17.37640724424866,124.12901254417363,277.0,full,usable,2026-08-19,conditional,81.57,100.0,,,73.0,82.0,80.0,100.0,2.2.0,c8f1bf1665a8c5dfb834c0571e7dd5f6b6e5ccd00eab00295338bd42cfde549b
BMA,Banco Macro S.A.  ADR (representing Ten Class B Common Shares),nasdaqtrader:N:BMA,SECURITY:BMA:nasdaqtrader:N:BMA,,adr,eligible,N,,,75.22,104.7,,25272826.49301587,-18.9177535841328,8.967115746776756,-11.672146547674966,6.123024830699775,28.156638013371538,50.896737471426945,277.0,full,usable,2026-08-19,conditional,83.43,100.0,,,67.0,92.0,80.0,100.0,2.2.0,c8f1bf1665a8c5dfb834c0571e7dd5f6b6e5ccd00eab00295338bd42cfde549b
BMBL,Bumble Inc. - common stock,nasdaqtrader:Q:BMBL,SECURITY:BMBL:nasdaqtrader:Q:BMBL,,common_equity,eligible,Q,,,2.79,7.17,,9697988.926746031,-2.7874564459930307,-11.708860759493678,3.3333333333333215,-56.20094191522763,61.087866108786606,59.95841075000325,277.0,full,usable,2026-08-19,conditional,71.71,100.0,,,67.0,70.0,62.0,100.0,2.2.0,c8f1bf1665a8c5dfb834c0571e7dd5f6b6e5ccd00eab00295338bd42cfde549b
BMEA,"Biomea Fusion, Inc. - Common Stock",nasdaqtrader:Q:BMEA,SECURITY:BMEA:nasdaqtrader:Q:BMEA,,common_equity,eligible,Q,,,1.39,2.67,,1054493.9628571428,4.5112781954887105,13.934426229508201,8.59375,-20.114942528735636,47.940074906367045,31.1587733133401,277.0,full,usable,2026-08-19,rejected,65.64,100.0,,,61.0,95.0,0.0,100.0,2.2.0,c8f1bf1665a8c5dfb834c0571e7dd5f6b6e5ccd00eab00295338bd42cfde549b
BMGL,Basel Medical Group Ltd - ordinary shares,nasdaqtrader:Q:BMGL,SECURITY:BMGL:nasdaqtrader:Q:BMGL,,common_equity,eligible,Q,,,4.93,24.84,,467835.2569952381,-17.00336700336701,-37.5,-41.80830972615676,-80.34290271132376,80.15297906602254,150.63316819462787,277.0,full,usable,2026-08-19,rejected,38.43,100.0,,,47.0,30.0,0.0,100.0,2.2.0,c8f1bf1665a8c5dfb834c0571e7dd5f6b6e5ccd00eab00295338bd42cfde549b
BMHL,Bluemount Holdings Limited - Class B Ordinary Shares,nasdaqtrader:Q:BMHL,NAMECLASS:BLUEMOUNT HOLDINGS LIMITED,,common_equity,eligible,Q,,,5.8399,6.16,,39469.1429984127,1.740418118466902,42.090024330900235,62.21944444444445,45.9975,5.1964285714285685,22.911917789015497,277.0,full,usable,2026-08-19,rejected,42.86,100.0,,,65.0,28.0,0.0,100.0,2.2.0,c8f1bf1665a8c5dfb834c0571e7dd5f6b6e5ccd00eab00295338bd42cfde549b
BMI,"Badger Meter, Inc. Common Stock",nasdaqtrader:N:BMI,SECURITY:BMI:nasdaqtrader:N:BMI,,common_equity,eligible,N,,,130.94,189.29,,63715644.64301587,-10.235140878864746,9.885867740852628,-17.231352718078373,-29.866095340117838,30.825717153573883,54.65647925383188,277.0,full,usable,2026-08-19,conditional,80.0,100.0,,,55.0,92.0,80.0,100.0,2.2.0,c8f1bf1665a8c5dfb834c0571e7dd5f6b6e5ccd00eab00295338bd42cfde549b
BMM,Blue Moon Metals Inc. - Common Shares,nasdaqtrader:Q:BMM,SECURITY:BMM:nasdaqtrader:Q:BMM,,common_equity,eligible,Q,,,5.19,8.46,,877670.9520634922,-4.595588235294112,-19.347319347319335,43.37016574585637,,38.65248226950355,72.98378455401455,143.0,limited_but_usable,usable,2026-08-19,rejected,62.21,100.0,,,49.0,95.0,0.0,100.0,2.2.0,c8f1bf1665a8c5dfb834c0571e7dd5f6b6e5ccd00eab00295338bd42cfde549b
BMNR,"BitMine Immersion Technologies, Inc. Common Stock",nasdaqtrader:N:BMNR,SECURITY:BMNR:nasdaqtrader:N:BMNR,,common_equity,eligible,N,,,20.24,63.22,,601694984.1909524,17.46952988972721,8.64197530864197,2.1190716448032276,-63.11281210133042,67.98481493198355,78.14735060254415,277.0,full,usable,2026-08-19,conditional,62.14,100.0,,,55.0,30.0,100.0,100.0,2.2.0,c8f1bf1665a8c5dfb834c0571e7dd5f6b6e5ccd00eab00295338bd42cfde549b
BMO,Bank Of Montreal Common Stock,nasdaqtrader:N:BMO,SECURITY:BMO:nasdaqtrader:N:BMO,,common_equity,eligible,N,,,175.73,185.81,,131986529.2468254,-1.6950100693667536,14.036340038935746,23.31929824561403,55.40325433321542,5.424896399547929,20.713463327866037,277.0,full,usable,2026-08-19,conditional,64.86,100.0,,,73.0,28.0,92.0,100.0,2.2.0,c8f1bf1665a8c5dfb834c0571e7dd5f6b6e5ccd00eab00295338bd42cfde549b
BMR,Beamr Imaging Ltd. - Ordinary Share,nasdaqtrader:Q:BMR,SECURITY:BMR:nasdaqtrader:Q:BMR,,common_equity,eligible,Q,,,1.28,3.17,,121766.7311111111,6.666666666666665,-30.05464480874317,-26.011560693641613,-61.212121212121204,59.62145110410094,68.42250268725694,277.0,full,usable,2026-08-19,rejected,58.43,100.0,,,67.0,70.0,0.0,100.0,2.2.0,c8f1bf1665a8c5dfb834c0571e7dd5f6b6e5ccd00eab00295338bd42cfde549b
BMRA,"Biomerica, Inc. - Common Stock",nasdaqtrader:Q:BMRA,SECURITY:BMRA:nasdaqtrader:Q:BMRA,,common_equity,eligible,Q,,,1.52,3.47,,23155.958357142856,-7.4243254765820055,-36.1344537815126,-31.838565022421527,-50.4885993485342,56.19596541786744,43.219581497204665,277.0,full,usable,2026-08-19,rejected,58.43,100.0,,,67.0,70.0,0.0,100.0,2.2.0,c8f1bf1665a8c5dfb834c0571e7dd5f6b6e5ccd00eab00295338bd42cfde549b
BMRC,Bank of Marin Bancorp - Common Stock,nasdaqtrader:Q:BMRC,SECURITY:BMRC:nasdaqtrader:Q:BMRC,,common_equity,eligible,Q,,,27.13,30.3,,4080294.815,-5.9618717504332785,5.400155400155393,0.8925251022684932,18.886941279579304,10.462046204620467,29.23739567830499,277.0,full,usable,2026-08-19,conditional,74.64,100.0,,,75.0,82.0,45.0,100.0,2.2.0,c8f1bf1665a8c5dfb834c0571e7dd5f6b6e5ccd00eab00295338bd42cfde549b
BMRN,BioMarin Pharmaceutical Inc. - Common Stock,nasdaqtrader:Q:BMRN,SECURITY:BMRN:nasdaqtrader:Q:BMRN,,common_equity,eligible,Q,,,69.33,70.24,,128167753.20309524,17.091707481844274,39.1889178879743,12.13003396409511,20.699860724233975,1.2955580865603555,32.938173509351934,277.0,full,usable,2026-08-19,conditional,59.0,100.0,,,75.0,10.0,92.0,100.0,2.2.0,c8f1bf1665a8c5dfb834c0571e7dd5f6b6e5ccd00eab00295338bd42cfde549b
BMY,Bristol-Myers Squibb Company Common Stock,nasdaqtrader:N:BMY,SECURITY:BMY:nasdaqtrader:N:BMY,,common_equity,eligible,N,,,67.61,67.61,,734358298.0657142,10.963400623666498,15.949236837592174,13.192700485518172,40.29881718198798,0.0,27.49749204197784,277.0,full,usable,2026-08-19,conditional,60.71,100.0,,,75.0,10.0,100.0,100.0,2.2.0,c8f1bf1665a8c5dfb834c0571e7dd5f6b6e5ccd00eab00295338bd42cfde549b
BN,Brookfield Corporation Class A Limited Voting Shares,qrgf-resolution-required:N:BN,SECURITY:BN:qrgf-resolution-required:N:BN,,common_equity,eligible,N,,,42.15,49.17,,179262189.68460315,0.0,-4.8102981029810365,-11.169652265542684,-2.7457314259344834,14.276998169615629,22.888372899421892,277.0,full,usable,2026-08-19,conditional,84.14,100.0,,,73.0,82.0,92.0,100.0,2.2.0,c8f1bf1665a8c5dfb834c0571e7dd5f6b6e5ccd00eab00295338bd42cfde549b
BNAI,Brand Engagement Network Inc. - Common Stock,nasdaqtrader:Q:BNAI,SECURITY:BNAI:nasdaqtrader:Q:BNAI,,common_equity,eligible,Q,,,16.01,63.0,,8157887.253888889,44.10441044104412,-19.54773869346732,-14.476495726495708,412.976610060878,74.58730158730158,87.3742500276661,277.0,full,usable,2026-08-19,conditional,65.43,100.0,,,95.0,30.0,62.0,100.0,2.2.0,c8f1bf1665a8c5dfb834c0571e7dd5f6b6e5ccd00eab00295338bd42cfde549b
BNC,CEA Industries Inc. - Common Stock,nasdaqtrader:Q:BNC,SECURITY:BNC:nasdaqtrader:Q:BNC,,common_equity,eligible,Q,,,2.65,27.32,,967886.3778571428,-12.25165562913908,-2.573529411764719,-38.228438228438236,-88.04151624548736,90.30014641288433,62.098703467132175,277.0,full,usable,2026-08-19,rejected,38.43,100.0,,,47.0,30.0,0.0,100.0,2.2.0,c8f1bf1665a8c5dfb834c0571e7dd5f6b6e5ccd00eab00295338bd42cfde549b
BNED,"Barnes & Noble Education, Inc Common Stock",nasdaqtrader:N:BNED,SECURITY:BNED:nasdaqtrader:N:BNED,,common_equity,eligible,N,,,11.96,13.74,,3933135.9204761907,-3.157894736842093,32.74139844617095,49.31335830212235,42.89127837514937,12.954876273653559,52.493538351442716,277.0,full,usable,2026-08-19,conditional,71.79,100.0,,,65.0,82.0,45.0,100.0,2.2.0,c8f1bf1665a8c5dfb834c0571e7dd5f6b6e5ccd00eab00295338bd42cfde549b
BNGO,"Bionano Genomics, Inc. - Common Stock",nasdaqtrader:Q:BNGO,SECURITY:BNGO:nasdaqtrader:Q:BNGO,,common_equity,eligible,Q,,,1.23,4.92,,160700.3026190476,9.821428571428559,5.128205128205132,7.8947368421052655,-60.952380952380956,75.0,39.22280860841706,277.0,full,usable,2026-08-19,rejected,40.71,100.0,,,55.0,30.0,0.0,100.0,2.2.0,c8f1bf1665a8c5dfb834c0571e7dd5f6b6e5ccd00eab00295338bd42cfde549b
BNKK,"Bonk, Inc. - Common Stock",nasdaqtrader:Q:BNKK,SECURITY:BNKK:nasdaqtrader:Q:BNKK,,common_equity,eligible,Q,,,1.06,17.27,,375202.0064730159,-12.396694214876025,-48.0392156862745,-75.4060324825986,-95.00471253534401,93.86218876664736,92.9348288123864,277.0,full,usable,2026-08-19,rejected,27.86,100.0,,,10.0,30.0,0.0,100.0,2.2.0,c8f1bf1665a8c5dfb834c0571e7dd5f6b6e5ccd00eab00295338bd42cfde549b
BNL,"Broadstone Net Lease, Inc. Common Stock",nasdaqtrader:N:BNL,SECURITY:BNL:nasdaqtrader:N:BNL,,common_equity,eligible,N,,,21.15,22.84,,44101658.10095238,-7.399299474605958,4.341391218549573,8.405945668887727,27.409638554216855,7.399299474605958,22.03189985544234,277.0,full,usable,2026-08-19,conditional,66.29,100.0,,,87.0,28.0,80.0,100.0,2.2.0,c8f1bf1665a8c5dfb834c0571e7dd5f6b6e5ccd00eab00295338bd42cfde549b
BNR,Burning Rock Biotech Limited - American Depositary Shares,nasdaqtrader:Q:BNR,SECURITY:BNR:nasdaqtrader:Q:BNR,,adr,eligible,Q,,,9.79,41.06,,179309.9230904762,3.5978835978836,-41.37724550898204,-67.35578526175392,-3.736479842674545,76.15684364344861,85.77065999778377,277.0,full,usable,2026-08-19,rejected,43.0,100.0,,,63.0,30.0,0.0,100.0,2.2.0,c8f1bf1665a8c5dfb834c0571e7dd5f6b6e5ccd00eab00295338bd42cfde549b
BNS,Bank Nova Scotia Halifax Pfd 3 Ordinary Shares,nasdaqtrader:N:BNS,SECURITY:BNS:nasdaqtrader:N:BNS,,common_equity,eligible,N,,,87.69,91.54,,222494815.66063493,0.36625844111251027,13.485181829946935,15.4575378538512,54.22089342244107,4.205811667030812,20.872265070746522,277.0,full,usable,2026-08-19,conditional,58.43,100.0,,,73.0,10.0,92.0,100.0,2.2.0,c8f1bf1665a8c5dfb834c0571e7dd5f6b6e5ccd00eab00295338bd42cfde549b
BNT,Brookfield Wealth Solutions Ltd. Class A Exchangeable Limited Voting Shares,qrgf-resolution-required:N:BNT,SECURITY:BNT:qrgf-resolution-required:N:BNT,,common_equity,eligible,N,,,42.19,49.6,,959608.3971428572,-1.0321369927281387,-4.891794409377825,-11.402771944561108,-2.944559466298602,14.93951612903226,21.626745500277046,277.0,full,usable,2026-08-19,rejected,64.43,100.0,,,73.0,82.0,0.0,100.0,2.2.0,c8f1bf1665a8c5dfb834c0571e7dd5f6b6e5ccd00eab00295338bd42cfde549b
BNTC,Benitec Biopharma Inc. - Common Stock,nasdaqtrader:Q:BNTC,SECURITY:BNTC:nasdaqtrader:Q:BNTC,,common_equity,eligible,Q,,,13.38,16.52,,1588864.6185714286,12.531539108494538,24.81343283582089,26.584673604541152,5.271439811172307,19.00726392251816,47.66754301074418,277.0,full,usable,2026-08-19,rejected,59.86,100.0,,,57.0,82.0,0.0,100.0,2.2.0,c8f1bf1665a8c5dfb834c0571e7dd5f6b6e5ccd00eab00295338bd42cfde549b
BNTX,BioNTech SE - American Depositary Shares,nasdaqtrader:Q:BNTX,SECURITY:BNTX:nasdaqtrader:Q:BNTX,,adr,eligible,Q,,,113.12,119.34,,100814214.49880953,22.517058377558776,28.852944526711475,4.78925428439092,0.5064415815193346,5.211999329646389,61.37114849715124,277.0,full,usable,2026-08-19,conditional,63.14,100.0,,,67.0,28.0,92.0,100.0,2.2.0,c8f1bf1665a8c5dfb834c0571e7dd5f6b6e5ccd00eab00295338bd42cfde549b
BNY,The Bank of New York Mellon Corporation Common Stock,nasdaqtrader:N:BNY,SECURITY:BNY:nasdaqtrader:N:BNY,,common_equity,eligible,N,,,159.76,164.27,,546385111.4352381,0.5475486185411382,17.194835680751176,33.70156498451753,57.02771771181443,2.74548000243503,24.072034500121063,277.0,full,usable,2026-08-19,conditional,60.14,100.0,,,73.0,10.0,100.0,100.0,2.2.0,c8f1bf1665a8c5dfb834c0571e7dd5f6b6e5ccd00eab00295338bd42cfde549b
BOBS,"Bob's Discount Furniture, Inc. Common Stock",nasdaqtrader:N:BOBS,SECURITY:BOBS:nasdaqtrader:N:BOBS,,common_equity,eligible,N,,,18.45,22.53,,16192760.34111111,18.878865979381445,59.464131374243735,-7.1931589537223335,,18.10918774966712,52.55938303160487,135.0,limited_but_usable,usable,2026-08-19,conditional,70.29,100.0,,,47.0,82.0,62.0,100.0,2.2.0,c8f1bf1665a8c5dfb834c0571e7dd5f6b6e5ccd00eab00295338bd42cfde549b
BOC,Boston Omaha Corporation Class A Common Stock,nasdaqtrader:N:BOC,NAMECLASS:BOSTON OMAHA CORPORATION,,common_equity,eligible,N,,,13.75,15.09,,2241049.7623809525,-2.551381998582558,12.704918032786882,12.336601307189543,9.736632083000796,8.880053015241884,30.758250117511228,277.0,full,usable,2026-08-19,conditional,72.36,100.0,,,67.0,82.0,45.0,100.0,2.2.0,c8f1bf1665a8c5dfb834c0571e7dd5f6b6e5ccd00eab00295338bd42cfde549b
BODI,"The Beachbody Company, Inc. - Class A Common Stock",nasdaqtrader:Q:BODI,NAMECLASS:THE BEACHBODY COMPANY INC,,common_equity,eligible,Q,,,6.41,16.05,,387654.88746031746,-41.78019981834695,-38.42459173871278,-27.40656851642129,13.451327433628313,60.06230529595016,157.38612315611647,277.0,full,usable,2026-08-19,rejected,61.86,100.0,,,79.0,70.0,0.0,100.0,2.2.0,c8f1bf1665a8c5dfb834c0571e7dd5f6b6e5ccd00eab00295338bd42cfde549b
BOF,BranchOut Food Inc. - Common Stock,nasdaqtrader:Q:BOF,SECURITY:BOF:nasdaqtrader:Q:BOF,,common_equity,eligible,Q,,,3.89,5.09,,281288.2279365079,-4.187192118226591,19.692307692307697,5.7065217391304435,77.62557077625571,23.575638506876228,42.982953755521514,277.0,full,usable,2026-08-19,rejected,70.86,100.0,,,83.0,92.0,0.0,100.0,2.2.0,c8f1bf1665a8c5dfb834c0571e7dd5f6b6e5ccd00eab00295338bd42cfde549b
BOH,Bank of Hawaii Corporation Common Stock,nasdaqtrader:N:BOH,SECURITY:BOH:nasdaqtrader:N:BOH,,common_equity,eligible,N,,,77.81,85.85,,30921464.905555554,-7.808056872037916,1.7257157798405087,-1.58107766253478,19.96608078939255,9.365171811298767,21.621940991300384,277.0,full,usable,2026-08-19,conditional,85.57,100.0,,,87.0,82.0,80.0,100.0,2.2.0,c8f1bf1665a8c5dfb834c0571e7dd5f6b6e5ccd00eab00295338bd42cfde549b
BOKF,BOK Financial Corporation - Common Stock,nasdaqtrader:Q:BOKF,SECURITY:BOKF:nasdaqtrader:Q:BOKF,,common_equity,eligible,Q,,,140.35,146.07,,35831520.570158735,0.26432347478211327,10.529217199558971,5.202008844914174,32.9575596816976,3.91593071814883,17.0596623444146,277.0,full,usable,2026-08-19,conditional,56.43,100.0,,,75.0,10.0,80.0,100.0,2.2.0,c8f1bf1665a8c5dfb834c0571e7dd5f6b6e5ccd00eab00295338bd42cfde549b
BOLD,"Boundless Bio, Inc. - Common Stock",nasdaqtrader:Q:BOLD,SECURITY:BOLD:nasdaqtrader:Q:BOLD,,common_equity,eligible,Q,,,2.86,2.89,,3275650.4215079364,15.322580645161278,104.28571428571428,146.55172413793105,144.44444444444446,1.038062283737029,31.2351735440779,277.0,full,usable,2026-08-19,conditional,48.36,100.0,,,73.0,10.0,45.0,100.0,2.2.0,c8f1bf1665a8c5dfb834c0571e7dd5f6b6e5ccd00eab00295338bd42cfde549b
BOLT,"Bolt Biotherapeutics, Inc. - Common Stock",nasdaqtrader:Q:BOLT,SECURITY:BOLT:nasdaqtrader:Q:BOLT,,common_equity,eligible,Q,,,3.26,7.09,,107515.66044285714,-18.90547263681591,-30.932203389830516,-30.192719486081376,-35.70019723865878,54.01974612129761,74.94558497415993,277.0,full,usable,2026-08-19,rejected,58.43,100.0,,,67.0,70.0,0.0,100.0,2.2.0,c8f1bf1665a8c5dfb834c0571e7dd5f6b6e5ccd00eab00295338bd42cfde549b
BON,Bon Natural Life Limited - Class A Ordinary Shares,nasdaqtrader:Q:BON,NAMECLASS:BON NATURAL LIFE LIMITED,,common_equity,eligible,Q,,,1.14,2.28,,18409.506677777776,-1.7241379310344862,-11.627906976744196,-30.909090909090907,-16.788321167883225,50.0,52.152759042221895,277.0,full,usable,2026-08-19,rejected,69.07,100.0,,,73.0,95.0,0.0,100.0,2.2.0,c8f1bf1665a8c5dfb834c0571e7dd5f6b6e5ccd00eab00295338bd42cfde549b
BOOM,DMC Global Inc. - Common Stock,nasdaqtrader:Q:BOOM,SECURITY:BOOM:nasdaqtrader:Q:BOOM,,common_equity,eligible,Q,,,7.22,8.97,,1914888.749047619,12.812499999999982,4.18470418470418,-15.555555555555568,13.166144200626961,19.50947603121517,65.28638262912405,277.0,full,usable,2026-08-19,rejected,66.14,100.0,,,79.0,82.0,0.0,100.0,2.2.0,c8f1bf1665a8c5dfb834c0571e7dd5f6b6e5ccd00eab00295338bd42cfde549b
BOOT,"Boot Barn Holdings, Inc. Common Stock",nasdaqtrader:N:BOOT,SECURITY:BOOT:nasdaqtrader:N:BOOT,,common_equity,eligible,N,,,169.17,207.98,,116429094.56,13.498825897349874,19.520983467571007,-14.013418725221117,1.1298421807747427,18.66044812001154,45.66582392514646,277.0,full,usable,2026-08-19,conditional,82.43,100.0,,,67.0,82.0,92.0,100.0,2.2.0,c8f1bf1665a8c5dfb834c0571e7dd5f6b6e5ccd00eab00295338bd42cfde549b
BORR,Borr Drilling Limited Common Shares,nasdaqtrader:N:BORR,SECURITY:BORR:nasdaqtrader:N:BORR,,common_equity,eligible,N,,,4.4,6.61,,32078394.303015873,5.2631578947368585,-28.57142857142857,-23.875432525951556,84.10041841004185,33.43419062027231,51.68255804649628,277.0,full,usable,2026-08-19,conditional,91.43,100.0,,,95.0,92.0,80.0,100.0,2.2.0,c8f1bf1665a8c5dfb834c0571e7dd5f6b6e5ccd00eab00295338bd42cfde549b
BOSC,B.O.S. Better Online Solutions - Ordinary Shares,nasdaqtrader:Q:BOSC,SECURITY:BOSC:nasdaqtrader:Q:BOSC,,common_equity,eligible,Q,,,4.53,6.6,,181824.56857142856,6.839622641509435,1.3422818791946511,-2.580645161290329,-7.926829268292678,31.36363636363636,25.714895180385383,277.0,full,usable,2026-08-19,rejected,68.0,100.0,,,73.0,92.0,0.0,100.0,2.2.0,c8f1bf1665a8c5dfb834c0571e7dd5f6b6e5ccd00eab00295338bd42cfde549b
BOT,"RoboStrategy, Inc. - Common Stock",nasdaqtrader:Q:BOT,SECURITY:BOT:nasdaqtrader:Q:BOT,,common_equity,eligible,Q,,,29.05,41.74,,21019155.942857143,1.9656019656019819,19.99173895084676,,,30.40249161475803,120.67776521041851,70.0,insufficient,usable,2026-08-19,recheck,,71.43,,,,92.0,62.0,88.0,2.2.0,c8f1bf1665a8c5dfb834c0571e7dd5f6b6e5ccd00eab00295338bd42cfde549b
BOTJ,"Bank of the James Financial Group, Inc. - Common Stock",nasdaqtrader:Q:BOTJ,SECURITY:BOTJ:nasdaqtrader:Q:BOTJ,,common_equity,eligible,Q,,,27.15,27.79,,739584.8907936508,2.0676691729323293,19.34065934065934,30.717380837746756,94.06719085060757,2.3029866858582215,16.57234078616968,277.0,full,usable,2026-08-19,rejected,38.71,100.0,,,73.0,10.0,0.0,100.0,2.2.0,c8f1bf1665a8c5dfb834c0571e7dd5f6b6e5ccd00eab00295338bd42cfde549b
BOW,Bowhead Specialty Holdings Inc. Common Stock,nasdaqtrader:N:BOW,SECURITY:BOW:nasdaqtrader:N:BOW,,common_equity,eligible,N,,,33.65,33.87,,8258687.543174603,10.472751149047932,17.084203201113436,38.76288659793814,11.239669421487598,0.6495423678771761,42.220365894216776,277.0,full,usable,2026-08-19,conditional,47.43,100.0,,,57.0,10.0,62.0,100.0,2.2.0,c8f1bf1665a8c5dfb834c0571e7dd5f6b6e5ccd00eab00295338bd42cfde549b
BOX,"Box, Inc. Class A Common Stock",nasdaqtrader:N:BOX,NAMECLASS:BOX INC,,common_equity,eligible,N,,,33.12,33.64,,76456133.76539683,10.621242484969917,28.871595330739286,45.390693590869155,4.710717673095166,1.5457788347205792,40.539328908415314,277.0,full,usable,2026-08-19,conditional,51.29,100.0,,,57.0,10.0,80.0,100.0,2.2.0,c8f1bf1665a8c5dfb834c0571e7dd5f6b6e5ccd00eab00295338bd42cfde549b
BP,BP p.l.c. Common Stock,nasdaqtrader:N:BP,SECURITY:BP:nasdaqtrader:N:BP,,common_equity,eligible,N,,,43.73,47.63,,375591722.8357143,2.2684752104770833,-5.223233636757707,13.495977160654027,28.42878120411161,8.188116733151386,32.58035425624872,277.0,full,usable,2026-08-19,conditional,88.14,100.0,,,87.0,82.0,92.0,100.0,2.2.0,c8f1bf1665a8c5dfb834c0571e7dd5f6b6e5ccd00eab00295338bd42cfde549b
BPOP,"Popular, Inc. - Common Stock",nasdaqtrader:Q:BPOP,SECURITY:BPOP:nasdaqtrader:Q:BPOP,,common_equity,eligible,Q,,,170.57,177.87,,83899409.6179365,-0.9868230103906805,16.91685516485024,16.92486975596381,44.29405295660265,4.104120987237881,18.00436903906114,277.0,full,usable,2026-08-19,conditional,53.57,100.0,,,65.0,10.0,80.0,100.0,2.2.0,c8f1bf1665a8c5dfb834c0571e7dd5f6b6e5ccd00eab00295338bd42cfde549b
BPRN,"Princeton Bancorp, Inc. - Common Stock",nasdaqtrader:Q:BPRN,SECURITY:BPRN:nasdaqtrader:Q:BPRN,,common_equity,eligible,Q,,,42.08,43.47,,779378.8365873016,9.611878093253456,21.971014492753625,17.541899441340792,29.437096278068296,3.197607545433634,29.708632264058636,277.0,full,usable,2026-08-19,rejected,36.43,100.0,,,65.0,10.0,0.0,100.0,2.2.0,c8f1bf1665a8c5dfb834c0571e7dd5f6b6e5ccd00eab00295338bd42cfde549b
BQ,Boqii Holding Limited Class A Ordinary Shares,nasdaqtrader:A:BQ,SECURITY:BQ:nasdaqtrader:A:BQ,,common_equity,eligible,A,,,0.97,16.97,,3487312.600838095,9.977324263038545,41.070389761489245,-19.834710743801654,-61.190685764583506,94.28403064230996,139.6135961900693,277.0,full,usable,2026-08-19,conditional,50.36,100.0,,,55.0,30.0,45.0,100.0,2.2.0,c8f1bf1665a8c5dfb834c0571e7dd5f6b6e5ccd00eab00295338bd42cfde549b
BR,"Broadridge Financial Solutions, Inc. Common Stock",nasdaqtrader:N:BR,SECURITY:BR:nasdaqtrader:N:BR,,common_equity,eligible,N,,,176.03,262.92,,212147009.62809524,21.39162816357494,17.800977046108546,-1.173366269930387,-32.31177420595247,33.04807546021604,39.24815390790105,277.0,full,usable,2026-08-19,conditional,82.57,100.0,,,55.0,92.0,92.0,100.0,2.2.0,c8f1bf1665a8c5dfb834c0571e7dd5f6b6e5ccd00eab00295338bd42cfde549b
BRAG,Bragg Gaming Group Inc. - Common Shares,nasdaqtrader:Q:BRAG,SECURITY:BRAG:nasdaqtrader:Q:BRAG,,common_equity,eligible,Q,,,1.47,3.15,,61618.511473015875,-3.289473684210531,-10.365853658536583,-19.23076923076924,-49.48453608247423,53.333333333333336,87.16359314896839,277.0,full,usable,2026-08-19,rejected,58.43,100.0,,,67.0,70.0,0.0,100.0,2.2.0,c8f1bf1665a8c5dfb834c0571e7dd5f6b6e5ccd00eab00295338bd42cfde549b
BRAI,Braiin Limited - Common Stock,nasdaqtrader:Q:BRAI,SECURITY:BRAI:nasdaqtrader:Q:BRAI,,common_equity,eligible,Q,,,5.53,14.84,,3851148.1903174603,-1.073345259391767,-21.11269614835948,-17.54882958103473,,62.73584905660377,80.79923700408774,130.0,limited_but_usable,usable,2026-08-19,conditional,65.79,100.0,,,59.0,70.0,45.0,100.0,2.2.0,c8f1bf1665a8c5dfb834c0571e7dd5f6b6e5ccd00eab00295338bd42cfde549b
BRBI,BRBI BR Partners S.A. - ADSs,qrgf-resolution-required:Q:BRBI,SECURITY:BRBI:qrgf-resolution-required:Q:BRBI,,common_equity,eligible,Q,,,9.53,24.0,,9303.804568253967,-16.768558951965062,-29.03946388682055,-35.38983050847458,,60.29166666666668,41.1456734826937,230.0,limited_but_usable,usable,2026-08-19,rejected,56.14,100.0,,,59.0,70.0,0.0,100.0,2.2.0,c8f1bf1665a8c5dfb834c0571e7dd5f6b6e5ccd00eab00295338bd42cfde549b
BRBR,"BellRing Brands, Inc. Common Stock",nasdaqtrader:N:BRBR,SECURITY:BRBR:nasdaqtrader:N:BRBR,,common_equity,eligible,N,,,10.73,42.68,,57063535.31095238,-15.24486571879936,20.697412823397077,-42.062634989200866,-72.12262925435178,74.85941893158387,53.73903613470553,277.0,full,usable,2026-08-19,conditional,52.14,100.0,,,35.0,30.0,80.0,100.0,2.2.0,c8f1bf1665a8c5dfb834c0571e7dd5f6b6e5ccd00eab00295338bd42cfde549b
BRBS,"Blue Ridge Bankshares, Inc. Common Stock",nasdaqtrader:A:BRBS,SECURITY:BRBS:nasdaqtrader:A:BRBS,,common_equity,eligible,A,,,3.94,4.69,,1815455.128095238,14.534883720930235,21.23076923076923,-8.158508158508159,7.650273224043702,15.991471215351815,31.99867739146574,277.0,full,usable,2026-08-19,rejected,62.71,100.0,,,67.0,82.0,0.0,100.0,2.2.0,c8f1bf1665a8c5dfb834c0571e7dd5f6b6e5ccd00eab00295338bd42cfde549b
BRC,Brady Corporation Common Stock,nasdaqtrader:N:BRC,SECURITY:BRC:nasdaqtrader:N:BRC,,common_equity,eligible,N,,,92.01,98.24,,24758379.548571426,-1.9292261777872355,7.563712882861817,-3.4117153054797345,26.265953067105798,6.341612377850147,19.91318373826045,277.0,full,usable,2026-08-19,conditional,59.0,100.0,,,75.0,28.0,62.0,100.0,2.2.0,c8f1bf1665a8c5dfb834c0571e7dd5f6b6e5ccd00eab00295338bd42cfde549b
BRCB,"Black Rock Coffee Bar, Inc. - Class A Common Stock",nasdaqtrader:Q:BRCB,NAMECLASS:BLACK ROCK COFFEE BAR INC,,common_equity,eligible,Q,,,8.81,27.84,,3945548.486984127,11.097099621689788,31.886227544910195,-33.80916604057099,,68.35488505747126,84.89518370200499,235.0,limited_but_usable,usable,2026-08-19,conditional,48.07,100.0,,,47.0,30.0,45.0,100.0,2.2.0,c8f1bf1665a8c5dfb834c0571e7dd5f6b6e5ccd00eab00295338bd42cfde549b
BRCC,BRC Inc. Class A Common Stock,nasdaqtrader:N:BRCC,NAMECLASS:BRC INC,,common_equity,eligible,N,,,0.81,1.78,,1456232.057842857,-32.49999999999999,-51.49700598802395,15.417497862638928,-45.27027027027026,54.49438202247191,69.27405469281011,277.0,full,usable,2026-08-19,rejected,52.14,100.0,,,45.0,70.0,0.0,100.0,2.2.0,c8f1bf1665a8c5dfb834c0571e7dd5f6b6e5ccd00eab00295338bd42cfde549b
BRIA,BrilliA Inc Class A Ordinary Shares,nasdaqtrader:A:BRIA,SECURITY:BRIA:nasdaqtrader:A:BRIA,,common_equity,eligible,A,,,1.34,4.15,,97993.92193809524,-6.293706293706281,-18.29268292682926,-39.090909090909086,-41.484716157205234,67.71084337349397,102.1538462276187,277.0,full,usable,2026-08-19,rejected,44.14,100.0,,,67.0,30.0,0.0,100.0,2.2.0,c8f1bf1665a8c5dfb834c0571e7dd5f6b6e5ccd00eab00295338bd42cfde549b
BRID,Bridgford Foods Corporation - Common Stock,nasdaqtrader:Q:BRID,SECURITY:BRID:nasdaqtrader:Q:BRID,,common_equity,eligible,Q,,,6.11,8.5,,34165.643939682544,-7.213363705391041,-22.165605095541395,-20.130718954248362,-18.74999999999999,28.117647058823525,28.303199007846768,277.0,full,usable,2026-08-19,rejected,68.0,100.0,,,73.0,92.0,0.0,100.0,2.2.0,c8f1bf1665a8c5dfb834c0571e7dd5f6b6e5ccd00eab00295338bd42cfde549b
BRK.B,Berkshire Hathaway Inc. New Common Stock,nasdaqtrader:N:BRK.B,SECURITY:BRK.B:nasdaqtrader:N:BRK.B,,common_equity,eligible,N,,,499.62,529.42,,2376474422.799524,2.036148269171867,3.9878449818923523,0.11020498126514955,4.409429072975013,5.628801329757083,16.03472223870515,277.0,full,usable,2026-08-19,conditional,68.29,100.0,,,79.0,28.0,100.0,100.0,2.2.0,c8f1bf1665a8c5dfb834c0571e7dd5f6b6e5ccd00eab00295338bd42cfde549b
BRKR,Bruker Corporation - Common Stock,nasdaqtrader:Q:BRKR,SECURITY:BRKR:nasdaqtrader:Q:BRKR,,common_equity,eligible,Q,,,58.65,64.34,,141433691.32095236,-2.945556842627839,37.70838224935429,47.51006036217304,71.29088785046727,8.843643145788004,88.2657308306234,277.0,full,usable,2026-08-19,conditional,84.14,100.0,,,73.0,82.0,92.0,100.0,2.2.0,c8f1bf1665a8c5dfb834c0571e7dd5f6b6e5ccd00eab00295338bd42cfde549b
BRLT,"Brilliant Earth Group, Inc. - Class A Common Stock",nasdaqtrader:Q:BRLT,NAMECLASS:BRILLIANT EARTH GROUP INC,,common_equity,eligible,Q,,,1.28,2.92,,116166.35968253968,6.666666666666665,4.918032786885251,-10.48951048951048,-40.46511627906977,56.16438356164384,66.50781018447175,277.0,full,usable,2026-08-19,rejected,58.43,100.0,,,67.0,70.0,0.0,100.0,2.2.0,c8f1bf1665a8c5dfb834c0571e7dd5f6b6e5ccd00eab00295338bd42cfde549b
BRN,"Barnwell Industries, Inc. Common Stock",nasdaqtrader:A:BRN,SECURITY:BRN:nasdaqtrader:A:BRN,,common_equity,eligible,A,,,0.9676,1.385,,67519.53895238096,-6.058252427184463,-15.493449781659386,-3.1431431431431456,-14.371681415929194,30.137184115523464,42.410899108540775,277.0,full,usable,2026-08-19,rejected,68.0,100.0,,,73.0,92.0,0.0,100.0,2.2.0,c8f1bf1665a8c5dfb834c0571e7dd5f6b6e5ccd00eab00295338bd42cfde549b
BRNX,BrenX Ltd. - Ordinary Shares,nasdaqtrader:Q:BRNX,SECURITY:BRNX:nasdaqtrader:Q:BRNX,,common_equity,eligible,Q,,,2.97,491.4,,2700609.4451428573,-44.56886898096304,-68.47133757961782,-92.38461538461539,-99.29637526652452,99.3956043956044,162.73067561477416,277.0,full,usable,2026-08-19,conditional,37.5,100.0,,,10.0,30.0,45.0,100.0,2.2.0,c8f1bf1665a8c5dfb834c0571e7dd5f6b6e5ccd00eab00295338bd42cfde549b
BRO,"Brown & Brown, Inc. Common Stock",nasdaqtrader:N:BRO,SECURITY:BRO:nasdaqtrader:N:BRO,,common_equity,eligible,N,,,71.49,96.95,,181217142.50079367,7.277911164465767,23.06765364090204,2.582866982350396,-24.707740916271725,26.26095925734916,35.68610574029016,277.0,full,usable,2026-08-19,conditional,84.29,100.0,,,61.0,92.0,92.0,100.0,2.2.0,c8f1bf1665a8c5dfb834c0571e7dd5f6b6e5ccd00eab00295338bd42cfde549b
BROS,Dutch Bros Inc. Class A Common Stock,nasdaqtrader:N:BROS,NAMECLASS:DUTCH BROS INC,,common_equity,eligible,N,,,50.27,74.24,,219800666.0357143,-23.983063662482973,-4.737540269092289,-5.896667914638709,-23.134556574923547,32.28717672413792,70.54156821979505,277.0,full,usable,2026-08-19,conditional,87.71,100.0,,,73.0,92.0,92.0,100.0,2.2.0,c8f1bf1665a8c5dfb834c0571e7dd5f6b6e5ccd00eab00295338bd42cfde549b
BRR,"ProCap Financial, Inc. - Common Stock",nasdaqtrader:Q:BRR,SECURITY:BRR:nasdaqtrader:Q:BRR,,common_equity,eligible,Q,,,2.1,10.3,,2057143.0997619047,5.000000000000004,15.384615384615397,-7.894736842105255,-79.20792079207921,79.6116504854369,89.80470892706938,277.0,full,usable,2026-08-19,conditional,44.64,100.0,,,35.0,30.0,45.0,100.0,2.2.0,c8f1bf1665a8c5dfb834c0571e7dd5f6b6e5ccd00eab00295338bd42cfde549b
BRSL,"Brightstar Lottery PLC Trading under the Legal Name to begin at the market open on July 21, 2025. Ordinary Shares",nasdaqtrader:N:BRSL,SECURITY:BRSL:nasdaqtrader:N:BRSL,,common_equity,eligible,N,,,11.38,18.31,,18970701.17746032,6.954887218045114,7.257304429783229,-16.200294550810014,-26.103896103896098,37.84817039868923,43.052156341089855,277.0,full,usable,2026-08-19,conditional,77.21,100.0,,,55.0,95.0,62.0,100.0,2.2.0,c8f1bf1665a8c5dfb834c0571e7dd5f6b6e5ccd00eab00295338bd42cfde549b
BRSP,"BrightSpire Capital, Inc. Class A Common Stock",nasdaqtrader:N:BRSP,NAMECLASS:BRIGHTSPIRE CAPITAL INC,,common_equity,eligible,N,,,4.91,6.14,,8256425.7885714285,-9.242144177449163,-13.250883392226143,-15.780445969125212,-11.371841155234652,20.032573289902277,29.647620865013202,277.0,full,usable,2026-08-19,conditional,81.29,100.0,,,73.0,92.0,62.0,100.0,2.2.0,c8f1bf1665a8c5dfb834c0571e7dd5f6b6e5ccd00eab00295338bd42cfde549b
BRT,BRT Apartments Corp. (MD) Common Stock,nasdaqtrader:N:BRT,SECURITY:BRT:nasdaqtrader:N:BRT,,common_equity,eligible,N,,,14.52,16.55,,586289.829047619,-3.200000000000003,1.3966480446927276,-1.224489795918371,-3.585657370517936,12.26586102719034,23.130560741173134,277.0,full,usable,2026-08-19,rejected,64.43,100.0,,,73.0,82.0,0.0,100.0,2.2.0,c8f1bf1665a8c5dfb834c0571e7dd5f6b6e5ccd00eab00295338bd42cfde549b
BRUN,Boost Run Inc. - Class A Common Stock,nasdaqtrader:Q:BRUN,NAMECLASS:BOOST RUN INC,,common_equity,eligible,Q,,,19.01,39.2,,54731690.211428575,-25.53858206032119,-23.65461847389557,74.24381301558205,85.09142601211227,51.50510204081633,141.554449742271,277.0,full,usable,2026-08-19,conditional,80.71,100.0,,,85.0,70.0,80.0,100.0,2.2.0,c8f1bf1665a8c5dfb834c0571e7dd5f6b6e5ccd00eab00295338bd42cfde549b
BRVE,"Braveheart Bio, Inc. - Common Stock",nasdaqtrader:Q:BRVE,SECURITY:BRVE:nasdaqtrader:Q:BRVE,,common_equity,eligible,Q,,,28.97,30.0,,21409627.947,,,,,3.4333333333333327,,10.0,insufficient,usable,2026-08-19,recheck,,71.43,,,,10.0,62.0,64.0,2.2.0,c8f1bf1665a8c5dfb834c0571e7dd5f6b6e5ccd00eab00295338bd42cfde549b
BRX,Brixmor Property Group Inc. Common Stock,nasdaqtrader:N:BRX,SECURITY:BRX:nasdaqtrader:N:BRX,,common_equity,eligible,N,,,29.74,32.69,,75572583.43682541,-9.024166411746714,-0.40187541862023446,1.6752136752136604,12.608860280196899,9.024166411746714,17.899052776972553,277.0,full,usable,2026-08-19,conditional,83.29,100.0,,,79.0,82.0,80.0,100.0,2.2.0,c8f1bf1665a8c5dfb834c0571e7dd5f6b6e5ccd00eab00295338bd42cfde549b
BRZE,"Braze, Inc. - Class A Common Stock",nasdaqtrader:Q:BRZE,NAMECLASS:BRAZE INC,,common_equity,eligible,Q,,,30.65,36.19,,64310442.69396825,26.235584843492575,40.854779411764696,78.40512223515714,15.442561205273053,15.30809615915999,72.8782121981768,277.0,full,usable,2026-08-19,conditional,79.29,100.0,,,65.0,82.0,80.0,100.0,2.2.0,c8f1bf1665a8c5dfb834c0571e7dd5f6b6e5ccd00eab00295338bd42cfde549b
BSAC,Banco Santander - Chile ADS,nasdaqtrader:N:BSAC,SECURITY:BSAC:nasdaqtrader:N:BSAC,,adr,eligible,N,,,34.88,37.46,,11488059.51873016,2.4977960622979856,15.382070790605361,-2.269543289436804,43.42105263157896,6.887346502936465,23.168738541478795,277.0,full,usable,2026-08-19,conditional,59.0,100.0,,,75.0,28.0,62.0,100.0,2.2.0,c8f1bf1665a8c5dfb834c0571e7dd5f6b6e5ccd00eab00295338bd42cfde549b
BSBK,Bogota Financial Corp. - Common Stock,nasdaqtrader:Q:BSBK,SECURITY:BSBK:nasdaqtrader:Q:BSBK,,common_equity,eligible,Q,,,9.25,9.49,,121818.31177301587,3.8159371492704874,10.119047619047606,8.313817330210792,2.5498891352550013,2.5289778714436273,14.645488898439163,277.0,full,usable,2026-08-19,rejected,37.0,100.0,,,67.0,10.0,0.0,100.0,2.2.0,c8f1bf1665a8c5dfb834c0571e7dd5f6b6e5ccd00eab00295338bd42cfde549b
BSBR,"Banco Santander Brasil SA American Depositary Shares, each representing one unit",nasdaqtrader:N:BSBR,SECURITY:BSBR:nasdaqtrader:N:BSBR,,adr,eligible,N,,,5.57,7.2,,14560586.883650793,2.957486136783727,5.293005671077511,-15.861027190332322,10.515873015873023,22.638888888888886,46.10109291072598,277.0,full,usable,2026-08-19,conditional,79.57,100.0,,,67.0,92.0,62.0,100.0,2.2.0,c8f1bf1665a8c5dfb834c0571e7dd5f6b6e5ccd00eab00295338bd42cfde549b
BSEM,"BioStem Technologies, Inc. - Common Stock",nasdaqtrader:Q:BSEM,SECURITY:BSEM:nasdaqtrader:Q:BSEM,,common_equity,eligible,Q,,,3.345,4.0928,,577228.7272666667,,,,,18.271110242376864,,9.0,insufficient,usable,2026-08-19,rejected,,71.43,,,,82.0,0.0,64.0,2.2.0,c8f1bf1665a8c5dfb834c0571e7dd5f6b6e5ccd00eab00295338bd42cfde549b
BSET,"Bassett Furniture Industries, Incorporated - Common Stock",nasdaqtrader:Q:BSET,SECURITY:BSET:nasdaqtrader:Q:BSET,,common_equity,eligible,Q,,,18.86,21.78,,1158345.7616666667,-9.50095969289827,33.28621908127207,26.069518716577523,15.990159901599,13.406795224977053,34.73833384888723,277.0,full,usable,2026-08-19,rejected,62.14,100.0,,,65.0,82.0,0.0,100.0,2.2.0,c8f1bf1665a8c5dfb834c0571e7dd5f6b6e5ccd00eab00295338bd42cfde549b
BSIN,Big Sky Industrial Inc. - Common Stock,nasdaqtrader:Q:BSIN,SECURITY:BSIN:nasdaqtrader:Q:BSIN,,common_equity,eligible,Q,,,1.4,1.43,,2073805.1612333334,2.1897810218977964,54.67904098994585,34.615384615384606,16.666666666666675,2.0979020979021046,72.84801612216866,277.0,full,usable,2026-08-19,conditional,46.07,100.0,,,65.0,10.0,45.0,100.0,2.2.0,c8f1bf1665a8c5dfb834c0571e7dd5f6b6e5ccd00eab00295338bd42cfde549b
BSM,"Black Stone Minerals, L.P. Common units representing limited partner interests",qrgf-resolution-required:N:BSM,SECURITY:BSM:qrgf-resolution-required:N:BSM,,common_equity,eligible,N,,,14.59,15.44,,5239307.4398412695,1.5309672929714635,3.0367231638418035,-1.6846361185983816,22.092050209205016,5.505181347150256,21.174396434393376,277.0,full,usable,2026-08-19,conditional,62.43,100.0,,,87.0,28.0,62.0,100.0,2.2.0,c8f1bf1665a8c5dfb834c0571e7dd5f6b6e5ccd00eab00295338bd42cfde549b
BSP,Bending Spoons S.p.A. - Ordinary Shares,nasdaqtrader:Q:BSP,SECURITY:BSP:nasdaqtrader:Q:BSP,,common_equity,eligible,Q,,,41.46,53.44,,123499690.13628572,22.37308146399055,,,,22.417664670658677,96.67166804825442,35.0,insufficient,usable,2026-08-19,recheck,,71.43,,,,92.0,92.0,76.0,2.2.0,c8f1bf1665a8c5dfb834c0571e7dd5f6b6e5ccd00eab00295338bd42cfde549b
BSRR,Sierra Bancorp - Common Stock,nasdaqtrader:Q:BSRR,SECURITY:BSRR:nasdaqtrader:Q:BSRR,,common_equity,eligible,Q,,,39.72,42.85,,2690051.298174603,-5.112279025322508,4.802110817941951,7.264380232244116,36.58872077028885,7.304550758459749,18.325958705686357,277.0,full,usable,2026-08-19,conditional,58.79,100.0,,,87.0,28.0,45.0,100.0,2.2.0,c8f1bf1665a8c5dfb834c0571e7dd5f6b6e5ccd00eab00295338bd42cfde549b
BSVN,Bank7 Corp. - Common stock,nasdaqtrader:Q:BSVN,SECURITY:BSVN:nasdaqtrader:Q:BSVN,,common_equity,eligible,Q,,,51.4,52.34,,1389705.5435714286,3.796445880452337,22.090261282660318,17.08428246013667,13.578610098331655,1.7959495605655462,24.479068555713386,277.0,full,usable,2026-08-19,rejected,34.14,100.0,,,57.0,10.0,0.0,100.0,2.2.0,c8f1bf1665a8c5dfb834c0571e7dd5f6b6e5ccd00eab00295338bd42cfde549b
BSX,Boston Scientific Corporation Common Stock,nasdaqtrader:N:BSX,SECURITY:BSX:nasdaqtrader:N:BSX,,common_equity,eligible,N,,,52.01,108.14,,977533157.3228571,20.421393841166946,-8.449216687202965,-31.816990036706873,-49.5293546821931,51.90493804327724,29.850115762914896,277.0,full,usable,2026-08-19,conditional,79.86,100.0,,,67.0,70.0,100.0,100.0,2.2.0,c8f1bf1665a8c5dfb834c0571e7dd5f6b6e5ccd00eab00295338bd42cfde549b
BSY,"Bentley Systems, Incorporated - Class B Common Stock",nasdaqtrader:Q:BSY,NAMECLASS:BENTLEY SYSTEMS INCORPORATED,,common_equity,eligible,Q,,,35.92,56.79,,98509808.71126984,14.907229686500312,8.815510451378383,4.90654205607477,-33.03504847129008,36.74942771614721,47.340670951545114,277.0,full,usable,2026-08-19,conditional,81.07,100.0,,,55.0,95.0,80.0,100.0,2.2.0,c8f1bf1665a8c5dfb834c0571e7dd5f6b6e5ccd00eab00295338bd42cfde549b
BTAI,"BioXcel Therapeutics, Inc. - Common Stock",nasdaqtrader:Q:BTAI,SECURITY:BTAI:nasdaqtrader:Q:BTAI,,common_equity,eligible,Q,,,0.8274,5.24,,1016700.1956015873,-7.820855614973254,-23.388888888888893,-47.63291139240506,-85.4074074074074,84.20992366412214,127.92667715696327,277.0,full,usable,2026-08-19,rejected,38.43,100.0,,,47.0,30.0,0.0,100.0,2.2.0,c8f1bf1665a8c5dfb834c0571e7dd5f6b6e5ccd00eab00295338bd42cfde549b
BTBD,"BT Brands, Inc. - Common Stock",nasdaqtrader:Q:BTBD,SECURITY:BTBD:nasdaqtrader:Q:BTBD,,common_equity,eligible,Q,,,1.28,3.03,,49502.98611111111,14.28571428571428,18.518518518518512,-3.759398496240607,-18.9873417721519,57.755775577557756,61.557784003022796,277.0,full,usable,2026-08-19,rejected,56.71,100.0,,,61.0,70.0,0.0,100.0,2.2.0,c8f1bf1665a8c5dfb834c0571e7dd5f6b6e5ccd00eab00295338bd42cfde549b
BTBT,"Bit Digital, Inc. - Ordinary Share",nasdaqtrader:Q:BTBT,SECURITY:BTBT:nasdaqtrader:Q:BTBT,,common_equity,eligible,Q,,,1.4,4.22,,44978307.709841266,-11.392405063291145,-19.075144508670526,-14.110429447852757,-52.38095238095239,66.82464454976304,92.01297752896055,277.0,full,usable,2026-08-19,conditional,61.29,100.0,,,67.0,30.0,80.0,100.0,2.2.0,c8f1bf1665a8c5dfb834c0571e7dd5f6b6e5ccd00eab00295338bd42cfde549b
