ticker,company,contract_id,issuer_id,issuer_cik,security_type,instrument_status,exchange,sector,industry,current_price,reference_52w_high,market_cap,avg_dollar_volume,return_1m_pct,return_3m_pct,return_6m_pct,return_12m_pct,drawdown_pct,historical_volatility_pct,trading_history_days,momentum_history_status,data_integrity_status,as_of,l2_status,l2_setup_score,l2_confidence_pct,l2_quality_prior_score,l2_room_to_target_score,setup_prior_growth,setup_pullback_geometry,setup_liquidity,setup_data_completeness,setup_model_version,l2_rules_hash
CLIK,Click Holdings Limited - Ordinary Share,nasdaqtrader:Q:CLIK,SECURITY:CLIK:nasdaqtrader:Q:CLIK,,common_equity,eligible,Q,,,1.39,10.77,,1881068.7914285713,-13.125000000000009,-1.4184397163120588,-56.012658227848114,-86.67305848513902,87.09377901578459,77.5650867240044,277.0,full,usable,2026-08-21,rejected,35.57,100.0,,,37.0,30.0,0.0,100.0,2.2.0,c8f1bf1665a8c5dfb834c0571e7dd5f6b6e5ccd00eab00295338bd42cfde549b
CLIR,ClearSign Technologies Corporation - Common Stock,nasdaqtrader:Q:CLIR,SECURITY:CLIR:nasdaqtrader:Q:CLIR,,common_equity,eligible,Q,,,4.4787,10.6,,65211.908369841265,33.69253731343282,-10.60479041916167,-24.715078164397376,-17.488946204863677,57.74811320754717,69.42656484916381,277.0,full,usable,2026-08-21,rejected,60.14,100.0,,,73.0,70.0,0.0,100.0,2.2.0,c8f1bf1665a8c5dfb834c0571e7dd5f6b6e5ccd00eab00295338bd42cfde549b
CLLS,Cellectis S.A. - American Depositary Shares,nasdaqtrader:Q:CLLS,SECURITY:CLLS:nasdaqtrader:Q:CLLS,,adr,eligible,Q,,,3.405,5.35,,92839.72849206348,22.92418772563176,-3.2670454545454586,-12.692307692307692,20.744680851063823,36.35514018691589,55.774823323516976,277.0,full,usable,2026-08-21,rejected,73.07,100.0,,,87.0,95.0,0.0,100.0,2.2.0,c8f1bf1665a8c5dfb834c0571e7dd5f6b6e5ccd00eab00295338bd42cfde549b
CLMB,"Climb Global Solutions, Inc. - Common Stock",nasdaqtrader:Q:CLMB,SECURITY:CLMB:nasdaqtrader:Q:CLMB,,common_equity,eligible,Q,,,28.28,35.85,,3898038.550952381,12.669322709163344,36.42064640617464,-4.556193047586898,-2.6841018582243525,21.11576011157601,35.97860062472828,277.0,full,usable,2026-08-21,conditional,74.21,100.0,,,61.0,92.0,45.0,100.0,2.2.0,c8f1bf1665a8c5dfb834c0571e7dd5f6b6e5ccd00eab00295338bd42cfde549b
CLMT,"Calumet, Inc - Common Stock",nasdaqtrader:Q:CLMT,SECURITY:CLMT:nasdaqtrader:Q:CLMT,,common_equity,eligible,Q,,,49.01,50.81,,42948054.11587302,14.455861746847255,49.10252509887436,74.16488983653163,254.11849710982656,3.542609722495582,58.632310260954604,277.0,full,usable,2026-08-21,conditional,55.86,100.0,,,73.0,10.0,80.0,100.0,2.2.0,c8f1bf1665a8c5dfb834c0571e7dd5f6b6e5ccd00eab00295338bd42cfde549b
CLNE,Clean Energy Fuels Corp. - Common Stock,nasdaqtrader:Q:CLNE,SECURITY:CLNE:nasdaqtrader:Q:CLNE,,common_equity,eligible,Q,,,1.62,3.06,,3389655.6273809527,-22.488038277511947,-20.197044334975356,-37.93103448275862,-33.333333333333336,47.05882352941176,72.50290954369005,277.0,full,usable,2026-08-21,conditional,77.0,100.0,,,67.0,95.0,45.0,100.0,2.2.0,c8f1bf1665a8c5dfb834c0571e7dd5f6b6e5ccd00eab00295338bd42cfde549b
CLNN,Clene Inc. - Common Stock,nasdaqtrader:Q:CLNN,SECURITY:CLNN:nasdaqtrader:Q:CLNN,,common_equity,eligible,Q,,,4.32,12.5,,467347.413015873,-21.167883211678827,-36.563876651982376,-6.796116504854355,-23.13167259786476,65.44,73.59365650154285,277.0,full,usable,2026-08-21,rejected,45.86,100.0,,,73.0,30.0,0.0,100.0,2.2.0,c8f1bf1665a8c5dfb834c0571e7dd5f6b6e5ccd00eab00295338bd42cfde549b
CLOU,Global X Cloud Computing ETF,US:CLOU,SECURITY:CLOU:US:CLOU,,etf,eligible,Q,,,28.05,29.11,,9668537.765238095,24.55595026642985,24.666666666666657,48.177496038034874,28.55178735105408,3.641360357265544,32.53741052747779,277.0,full,usable,2026-08-21,conditional,49.71,100.0,,,65.0,10.0,62.0,100.0,2.2.0,c8f1bf1665a8c5dfb834c0571e7dd5f6b6e5ccd00eab00295338bd42cfde549b
CLOV,"Clover Health Investments, Corp.  - Class A Common stock",nasdaqtrader:Q:CLOV,NAMECLASS:CLOVER HEALTH INVESTMENTS CORP,,common_equity,eligible,Q,,,4.15,5.41,,30371283.50452381,-8.791208791208781,15.27777777777779,105.44554455445545,63.38582677165356,23.2902033271719,66.66481515433559,277.0,full,usable,2026-08-21,conditional,85.14,100.0,,,73.0,92.0,80.0,100.0,2.2.0,c8f1bf1665a8c5dfb834c0571e7dd5f6b6e5ccd00eab00295338bd42cfde549b
CLPR,Clipper Realty Inc. Common Stock,nasdaqtrader:N:CLPR,SECURITY:CLPR:nasdaqtrader:N:CLPR,,common_equity,eligible,N,,,3.28,4.48,,314928.1580952381,13.888888888888884,6.148867313915862,-4.9275362318840665,-19.80440097799511,26.785714285714302,37.10127346531567,277.0,full,usable,2026-08-21,rejected,64.57,100.0,,,61.0,92.0,0.0,100.0,2.2.0,c8f1bf1665a8c5dfb834c0571e7dd5f6b6e5ccd00eab00295338bd42cfde549b
CLPT,ClearPoint Neuro Inc. - Common Stock,nasdaqtrader:Q:CLPT,SECURITY:CLPT:nasdaqtrader:Q:CLPT,,common_equity,eligible,Q,,,15.39,29.6,,11404542.382380953,6.211180124223614,31.53846153846156,8.763250883392226,48.4088717454195,48.00675675675675,70.23236419974683,277.0,full,usable,2026-08-21,conditional,82.93,100.0,,,75.0,95.0,62.0,100.0,2.2.0,c8f1bf1665a8c5dfb834c0571e7dd5f6b6e5ccd00eab00295338bd42cfde549b
CLRB,"Cellectar Biosciences, Inc. - Common Stock",nasdaqtrader:Q:CLRB,SECURITY:CLRB:nasdaqtrader:Q:CLRB,,common_equity,eligible,Q,,,2.59,6.17,,277562.6673015873,4.85829959514168,-18.296529968454255,-23.372781065088756,-41.26984126984128,58.0226904376013,41.084198937214936,277.0,full,usable,2026-08-21,rejected,58.43,100.0,,,67.0,70.0,0.0,100.0,2.2.0,c8f1bf1665a8c5dfb834c0571e7dd5f6b6e5ccd00eab00295338bd42cfde549b
CLS,"Celestica, Inc. Common Stock",nasdaqtrader:N:CLS,SECURITY:CLS:nasdaqtrader:N:CLS,,common_equity,eligible,N,,,296.55,472.4,,874809646.6819048,-11.411501120238976,-16.41063224060658,1.3188014622979916,62.13778020776382,37.22480948348856,94.38765181217872,277.0,full,usable,2026-08-21,conditional,96.79,100.0,,,95.0,95.0,100.0,100.0,2.2.0,c8f1bf1665a8c5dfb834c0571e7dd5f6b6e5ccd00eab00295338bd42cfde549b
CLSK,"CleanSpark, Inc. - Common Stock",nasdaqtrader:Q:CLSK,SECURITY:CLSK:nasdaqtrader:Q:CLSK,,common_equity,eligible,Q,,,11.98,23.2,,332285102.64182544,-23.254324151185134,-23.984771573604057,24.145077720207265,26.23814541622762,48.36206896551724,106.79900298525588,277.0,full,usable,2026-08-21,conditional,89.93,100.0,,,77.0,95.0,92.0,100.0,2.2.0,c8f1bf1665a8c5dfb834c0571e7dd5f6b6e5ccd00eab00295338bd42cfde549b
CLST,"Catalyst Bancorp, Inc. - common stock",nasdaqtrader:Q:CLST,SECURITY:CLST:nasdaqtrader:Q:CLST,,common_equity,eligible,Q,,,17.36,17.61,,43173.12031587302,3.5799522673030992,9.113764927718403,7.558859975216836,36.747827867883956,1.4196479273140272,24.6915499187642,277.0,full,usable,2026-08-21,rejected,39.29,100.0,,,75.0,10.0,0.0,100.0,2.2.0,c8f1bf1665a8c5dfb834c0571e7dd5f6b6e5ccd00eab00295338bd42cfde549b
CLVT,Clarivate Plc Ordinary Shares,nasdaqtrader:N:CLVT,SECURITY:CLVT:nasdaqtrader:N:CLVT,,common_equity,eligible,N,,,2.08,4.5,,14785574.616349205,7.216494845360821,-14.049586776859503,17.514124293785315,-53.153153153153156,53.77777777777777,77.8080920829072,277.0,full,usable,2026-08-21,conditional,68.86,100.0,,,57.0,70.0,62.0,100.0,2.2.0,c8f1bf1665a8c5dfb834c0571e7dd5f6b6e5ccd00eab00295338bd42cfde549b
CLW,Clearwater Paper Corporation Common Stock,nasdaqtrader:N:CLW,SECURITY:CLW:nasdaqtrader:N:CLW,,common_equity,eligible,N,,,21.75,23.31,,3772992.4644444445,32.62195121951221,52.84609978917778,42.436149312377225,2.594339622641506,6.692406692406683,71.50745104631646,277.0,full,usable,2026-08-21,conditional,50.21,100.0,,,57.0,28.0,45.0,100.0,2.2.0,c8f1bf1665a8c5dfb834c0571e7dd5f6b6e5ccd00eab00295338bd42cfde549b
CLWT,Euro Tech Holdings Company Limited - Ordinary Shares,nasdaqtrader:Q:CLWT,SECURITY:CLWT:nasdaqtrader:Q:CLWT,,common_equity,eligible,Q,,,1.6,1.91,,2621471.6880444447,-3.0303030303030165,32.231404958677686,37.93103448275863,29.03225806451615,16.230366492146587,46.26259933232144,277.0,full,usable,2026-08-21,conditional,71.79,100.0,,,65.0,82.0,45.0,100.0,2.2.0,c8f1bf1665a8c5dfb834c0571e7dd5f6b6e5ccd00eab00295338bd42cfde549b
CLX,Clorox Company (The) Common Stock,nasdaqtrader:N:CLX,SECURITY:CLX:nasdaqtrader:N:CLX,,common_equity,eligible,N,,,106.69,127.16,,250197416.41809523,13.742004264392316,12.104654828202154,-13.681229773462778,-12.008247422680418,16.09782950613401,31.66329474336819,277.0,full,usable,2026-08-21,conditional,80.71,100.0,,,61.0,82.0,92.0,100.0,2.2.0,c8f1bf1665a8c5dfb834c0571e7dd5f6b6e5ccd00eab00295338bd42cfde549b
CLYM,"Climb Bio, Inc. - Common Stock",nasdaqtrader:Q:CLYM,SECURITY:CLYM:nasdaqtrader:Q:CLYM,,common_equity,eligible,Q,,,17.28,17.44,,17028461.21420635,35.42319749216303,58.38680109990835,206.92717584369453,668.0000000000001,0.9174311926605561,72.48371156604001,277.0,full,usable,2026-08-21,conditional,52.0,100.0,,,73.0,10.0,62.0,100.0,2.2.0,c8f1bf1665a8c5dfb834c0571e7dd5f6b6e5ccd00eab00295338bd42cfde549b
CM,Canadian Imperial Bank of Commerce Common Stock,nasdaqtrader:N:CM,SECURITY:CM:nasdaqtrader:N:CM,,common_equity,eligible,N,,,116.49,123.74,,154149943.84555557,-0.03432592465459905,1.419118927389862,17.016574585635347,59.31345733041573,5.859059317924686,21.51523706786422,277.0,full,usable,2026-08-21,conditional,68.29,100.0,,,85.0,28.0,92.0,100.0,2.2.0,c8f1bf1665a8c5dfb834c0571e7dd5f6b6e5ccd00eab00295338bd42cfde549b
CMBT,CMB.TECH NV Ordinary Shares,nasdaqtrader:N:CMBT,SECURITY:CMBT:nasdaqtrader:N:CMBT,,common_equity,eligible,N,,,18.05,18.05,,17172489.595873017,15.631005765534933,5.18648018648018,29.113018597997133,124.50248756218909,0.0,27.551699248042706,277.0,full,usable,2026-08-21,conditional,52.0,100.0,,,73.0,10.0,62.0,100.0,2.2.0,c8f1bf1665a8c5dfb834c0571e7dd5f6b6e5ccd00eab00295338bd42cfde549b
CMC,Commercial Metals Company Common Stock,nasdaqtrader:N:CMC,SECURITY:CMC:nasdaqtrader:N:CMC,,common_equity,eligible,N,,,66.31,83.21,,89237460.8420635,-2.54262198706644,-6.209335219236212,-13.658854166666657,17.529244948599796,20.310058887152984,37.59560519920582,277.0,full,usable,2026-08-21,conditional,89.14,100.0,,,87.0,92.0,80.0,100.0,2.2.0,c8f1bf1665a8c5dfb834c0571e7dd5f6b6e5ccd00eab00295338bd42cfde549b
CMCL,Caledonia Mining Corporation Plc Common Shares,nasdaqtrader:A:CMCL,SECURITY:CMCL:nasdaqtrader:A:CMCL,,common_equity,eligible,A,,,24.77,37.72,,4916227.079682539,33.67512142471667,7.275877003031606,-18.034414295168766,0.8550488599348594,34.33191940615058,48.20975176846452,277.0,full,usable,2026-08-21,conditional,75.93,100.0,,,67.0,92.0,45.0,100.0,2.2.0,c8f1bf1665a8c5dfb834c0571e7dd5f6b6e5ccd00eab00295338bd42cfde549b
CMCM,"Cheetah Mobile Inc. American Depositary Shares, each representing fifty (50) Class A Ordinary Shares",nasdaqtrader:N:CMCM,SECURITY:CMCM:nasdaqtrader:N:CMCM,,adr,eligible,N,,,2.96,9.25,,58361.94632698413,2.77777777777779,-38.46153846153846,-50.58430717863105,-45.68807339449541,68.0,56.64742892511321,277.0,full,usable,2026-08-21,rejected,41.29,100.0,,,57.0,30.0,0.0,100.0,2.2.0,c8f1bf1665a8c5dfb834c0571e7dd5f6b6e5ccd00eab00295338bd42cfde549b
CMCO,Columbus McKinnon Corporation - Common Stock,nasdaqtrader:Q:CMCO,SECURITY:CMCO:nasdaqtrader:Q:CMCO,,common_equity,eligible,Q,,,17.62,23.27,,10815337.050793651,13.457823567289129,20.19099590723057,-7.748691099476446,24.611032531824616,24.280189084658353,120.03735737485168,277.0,full,usable,2026-08-21,conditional,81.86,100.0,,,75.0,92.0,62.0,100.0,2.2.0,c8f1bf1665a8c5dfb834c0571e7dd5f6b6e5ccd00eab00295338bd42cfde549b
CMCSA,Comcast Corporation - Class A Common Stock,nasdaqtrader:Q:CMCSA,NAMECLASS:COMCAST CORPORATION,,common_equity,eligible,Q,,,26.85,34.15,,819422220.2330159,22.490875912408747,7.057416267942607,-14.326738991703891,-19.345148693301283,21.376281112737917,38.688175068901124,277.0,full,usable,2026-08-21,conditional,86.0,100.0,,,61.0,92.0,100.0,100.0,2.2.0,c8f1bf1665a8c5dfb834c0571e7dd5f6b6e5ccd00eab00295338bd42cfde549b
CMCT,Creative Media  - Common Stock,nasdaqtrader:Q:CMCT,SECURITY:CMCT:nasdaqtrader:Q:CMCT,,common_equity,eligible,Q,,,5.25,1288.0,,127791.1915873016,105.88235294117649,10.526315789473696,-97.99618320610686,-99.1885625965997,99.59239130434783,106.18888089641973,277.0,full,usable,2026-08-21,rejected,27.86,100.0,,,10.0,30.0,0.0,100.0,2.2.0,c8f1bf1665a8c5dfb834c0571e7dd5f6b6e5ccd00eab00295338bd42cfde549b
CMDB,Costamare Bulkers Holdings Limited Common Stock,nasdaqtrader:N:CMDB,SECURITY:CMDB:nasdaqtrader:N:CMDB,,common_equity,eligible,N,,,20.25,20.25,,1240123.934920635,7.484076433121012,11.263736263736268,8.754027926960251,121.06986899563319,0.0,42.63914504182491,277.0,full,usable,2026-08-21,rejected,41.57,100.0,,,83.0,10.0,0.0,100.0,2.2.0,c8f1bf1665a8c5dfb834c0571e7dd5f6b6e5ccd00eab00295338bd42cfde549b
CME,CME Group Inc. - Class A Common Stock,nasdaqtrader:Q:CME,NAMECLASS:CME GROUP INC,,common_equity,eligible,Q,,,274.98,326.46,,810798595.6880952,8.123623781063237,-4.946593383801723,-10.7468596838586,0.13473653545028608,15.769160080867472,24.036994740952316,277.0,full,usable,2026-08-21,conditional,87.57,100.0,,,79.0,82.0,100.0,100.0,2.2.0,c8f1bf1665a8c5dfb834c0571e7dd5f6b6e5ccd00eab00295338bd42cfde549b
CMG,"Chipotle Mexican Grill, Inc. Common Stock",nasdaqtrader:N:CMG,SECURITY:CMG:nasdaqtrader:N:CMG,,common_equity,eligible,N,,,36.9,43.64,,663933857.6363493,15.27647610121836,12.5,-1.7048481619605815,-14.325516600882294,15.444546287809358,60.54639006812371,277.0,full,usable,2026-08-21,conditional,82.43,100.0,,,61.0,82.0,100.0,100.0,2.2.0,c8f1bf1665a8c5dfb834c0571e7dd5f6b6e5ccd00eab00295338bd42cfde549b
CMI,Cummins Inc. Common Stock,nasdaqtrader:N:CMI,SECURITY:CMI:nasdaqtrader:N:CMI,,common_equity,eligible,N,,,587.68,727.59,,673578795.5028571,-11.63105423815467,-7.999624283790984,-0.9439050701186669,48.27299104326981,19.22923624568783,33.13383361288525,277.0,full,usable,2026-08-21,conditional,89.86,100.0,,,87.0,82.0,100.0,100.0,2.2.0,c8f1bf1665a8c5dfb834c0571e7dd5f6b6e5ccd00eab00295338bd42cfde549b
CMII,Columbus Circle Capital Corp II - Class A Ordinary Shares,nasdaqtrader:Q:CMII,NAMECLASS:COLUMBUS CIRCLE CAPITAL CORP II,,common_equity,eligible,Q,,,10.04,11.3,,1646304.3157253969,0.1996007984031989,1.3629480060575405,1.0060362173038184,,11.15044247787612,2.0901425815283274,134.0,limited_but_usable,usable,2026-08-21,rejected,60.43,100.0,,,59.0,82.0,0.0,100.0,2.2.0,c8f1bf1665a8c5dfb834c0571e7dd5f6b6e5ccd00eab00295338bd42cfde549b
CMMB,Chemomab Therapeutics Ltd.  - American Depositary Shares,nasdaqtrader:Q:CMMB,SECURITY:CMMB:nasdaqtrader:Q:CMMB,,adr,eligible,Q,,,2.16,3.56,,257882.31566349207,54.28571428571431,18.681318681318682,37.57961783439492,-41.17647058823529,39.32584269662921,57.284696392175015,277.0,full,usable,2026-08-21,rejected,61.07,100.0,,,45.0,95.0,0.0,100.0,2.2.0,c8f1bf1665a8c5dfb834c0571e7dd5f6b6e5ccd00eab00295338bd42cfde549b
CMND,Clearmind Medicine Inc. - Common Shares,nasdaqtrader:Q:CMND,SECURITY:CMND:nasdaqtrader:Q:CMND,,common_equity,eligible,Q,,,1.74,476.0,,6380988.678730158,4.8192771084337505,-29.268292682926834,-85.12820512820512,-99.56060606060606,99.6344537815126,89.23229705093182,277.0,full,usable,2026-08-21,conditional,44.57,100.0,,,22.0,30.0,62.0,100.0,2.2.0,c8f1bf1665a8c5dfb834c0571e7dd5f6b6e5ccd00eab00295338bd42cfde549b
CMP,Compass Minerals Intl Inc Common Stock,nasdaqtrader:N:CMP,SECURITY:CMP:nasdaqtrader:N:CMP,,common_equity,eligible,N,,,26.0,33.51,,15123397.996349206,-12.868632707774797,-12.868632707774797,11.731843575418988,38.22434875066454,22.411220531184718,59.83802509857059,277.0,full,usable,2026-08-21,conditional,85.29,100.0,,,87.0,92.0,62.0,100.0,2.2.0,c8f1bf1665a8c5dfb834c0571e7dd5f6b6e5ccd00eab00295338bd42cfde549b
CMPR,Cimpress plc - Ordinary Shares,nasdaqtrader:Q:CMPR,SECURITY:CMPR:nasdaqtrader:Q:CMPR,,common_equity,eligible,Q,,,87.67,105.31,,20418226.837301586,-9.943502824858752,-7.880634653777452,21.359357696567006,46.58083932452768,16.750546007026877,36.43348686839249,277.0,full,usable,2026-08-21,conditional,78.86,100.0,,,77.0,82.0,62.0,100.0,2.2.0,c8f1bf1665a8c5dfb834c0571e7dd5f6b6e5ccd00eab00295338bd42cfde549b
CMPS,COMPASS Pathways Plc - American Depository Shares,nasdaqtrader:Q:CMPS,SECURITY:CMPS:nasdaqtrader:Q:CMPS,,adr,eligible,Q,,,13.33,15.07,,47159035.60865079,13.834329632792475,15.012942191544433,65.59006211180123,226.7156862745098,11.54611811546118,67.52095095507138,277.0,full,usable,2026-08-21,conditional,81.57,100.0,,,73.0,82.0,80.0,100.0,2.2.0,c8f1bf1665a8c5dfb834c0571e7dd5f6b6e5ccd00eab00295338bd42cfde549b
CMPX,"Compass Therapeutics, Inc. - Common Stock",nasdaqtrader:Q:CMPX,SECURITY:CMPX:nasdaqtrader:Q:CMPX,,common_equity,eligible,Q,,,2.4,6.69,,7334302.033015872,13.207547169811317,24.352331606217614,-61.102106969205835,-13.669064748201432,64.1255605381166,58.53304487450116,277.0,full,usable,2026-08-21,conditional,67.14,100.0,,,51.0,70.0,62.0,100.0,2.2.0,c8f1bf1665a8c5dfb834c0571e7dd5f6b6e5ccd00eab00295338bd42cfde549b
CMRC,"Commerce.com, Inc. - Series 1 Common Stock",nasdaqtrader:Q:CMRC,SECURITY:CMRC:nasdaqtrader:Q:CMRC,,common_equity,eligible,Q,,,2.22,5.51,,2260832.6504761903,-14.779270633397301,-24.99999999999999,-26.490066225165553,-50.44642857142857,59.70961887477313,131.3312954527085,277.0,full,usable,2026-08-21,conditional,68.07,100.0,,,67.0,70.0,45.0,100.0,2.2.0,c8f1bf1665a8c5dfb834c0571e7dd5f6b6e5ccd00eab00295338bd42cfde549b
CMRE,Costamare Inc. Common Stock $0.0001 par value,nasdaqtrader:N:CMRE,SECURITY:CMRE:nasdaqtrader:N:CMRE,,common_equity,eligible,N,,,15.62,17.91,,6502747.6988888895,-0.319081046585834,-8.86814469078181,-9.133216986620141,40.46762589928057,12.786152987158017,29.951754291564697,277.0,full,usable,2026-08-21,conditional,81.71,100.0,,,87.0,82.0,62.0,100.0,2.2.0,c8f1bf1665a8c5dfb834c0571e7dd5f6b6e5ccd00eab00295338bd42cfde549b
CMS,CMS Energy Corporation Common Stock,nasdaqtrader:N:CMS,SECURITY:CMS:nasdaqtrader:N:CMS,,common_equity,eligible,N,,,68.27,79.94,,268716597.2874603,-7.9298718813216595,-7.292232482346561,-10.005272871078308,-6.492261334063842,14.598448836627476,17.05908178965656,277.0,full,usable,2026-08-21,conditional,84.14,100.0,,,73.0,82.0,92.0,100.0,2.2.0,c8f1bf1665a8c5dfb834c0571e7dd5f6b6e5ccd00eab00295338bd42cfde549b
CMT,Core Molding Technologies Inc Common Stock,nasdaqtrader:A:CMT,SECURITY:CMT:nasdaqtrader:A:CMT,,common_equity,eligible,A,,,26.15,28.35,,658674.7287301588,7.128226136829152,8.057851239669422,36.19791666666667,44.395361678630586,7.760141093474438,47.34344694643294,277.0,full,usable,2026-08-21,rejected,42.86,100.0,,,65.0,28.0,0.0,100.0,2.2.0,c8f1bf1665a8c5dfb834c0571e7dd5f6b6e5ccd00eab00295338bd42cfde549b
CMTG,"Claros Mortgage Trust, Inc. Common Stock",nasdaqtrader:N:CMTG,SECURITY:CMTG:nasdaqtrader:N:CMTG,,common_equity,eligible,N,,,1.79,3.95,,1513360.1119047618,-18.63636363636364,-17.889908256880737,-23.829787234042556,-46.88427299703264,54.68354430379747,66.18963376205427,277.0,full,usable,2026-08-21,rejected,58.43,100.0,,,67.0,70.0,0.0,100.0,2.2.0,c8f1bf1665a8c5dfb834c0571e7dd5f6b6e5ccd00eab00295338bd42cfde549b
CMTL,Comtech Telecommunications Corp. - Common Stock,nasdaqtrader:Q:CMTL,SECURITY:CMTL:nasdaqtrader:Q:CMTL,,common_equity,eligible,Q,,,1.77,5.98,,1700171.0392857143,0.5681818181818121,-57.95724465558194,-68.22262118491922,-8.762886597938135,70.40133779264215,47.31686923649377,277.0,full,usable,2026-08-21,rejected,39.57,100.0,,,51.0,30.0,0.0,100.0,2.2.0,c8f1bf1665a8c5dfb834c0571e7dd5f6b6e5ccd00eab00295338bd42cfde549b
CMTV,Community Bancorp.  - Common stock,nasdaqtrader:Q:CMTV,SECURITY:CMTV:nasdaqtrader:Q:CMTV,,common_equity,eligible,Q,,,41.22,42.39,,1587501.4643650793,4.992358634742744,7.037133212152691,28.451230913057014,,2.7600849256900206,35.794961092946856,140.0,limited_but_usable,usable,2026-08-21,rejected,28.43,100.0,,,37.0,10.0,0.0,100.0,2.2.0,c8f1bf1665a8c5dfb834c0571e7dd5f6b6e5ccd00eab00295338bd42cfde549b
CNA,CNA Financial Corporation Common Stock,nasdaqtrader:N:CNA,SECURITY:CNA:nasdaqtrader:N:CNA,,common_equity,eligible,N,,,48.98,55.31,,24883756.13761905,-6.204519341248571,10.48951048951048,-1.9811887132279438,0.12264922322158256,11.444585065991697,24.63428702627241,277.0,full,usable,2026-08-21,conditional,76.0,100.0,,,67.0,82.0,62.0,100.0,2.2.0,c8f1bf1665a8c5dfb834c0571e7dd5f6b6e5ccd00eab00295338bd42cfde549b
CNC,Centene Corporation Common Stock,nasdaqtrader:N:CNC,SECURITY:CNC:nasdaqtrader:N:CNC,,common_equity,eligible,N,,,65.02,68.72,,314289629.34492064,2.00815814245372,12.549766314696198,50.37002775208139,121.156462585034,5.384167636786962,40.85205479406548,277.0,full,usable,2026-08-21,conditional,64.86,100.0,,,73.0,28.0,92.0,100.0,2.2.0,c8f1bf1665a8c5dfb834c0571e7dd5f6b6e5ccd00eab00295338bd42cfde549b
CNCK,Coincheck Group N.V. - Ordinary Shares,nasdaqtrader:Q:CNCK,SECURITY:CNCK:nasdaqtrader:Q:CNCK,,common_equity,eligible,Q,,,2.08,7.88,,243330.60476190475,-25.179856115107903,6.666666666666665,-17.131474103585642,-54.58515283842795,73.60406091370558,119.12495576370404,277.0,full,usable,2026-08-21,rejected,40.71,100.0,,,55.0,30.0,0.0,100.0,2.2.0,c8f1bf1665a8c5dfb834c0571e7dd5f6b6e5ccd00eab00295338bd42cfde549b
CNDT,Conduent Incorporated - Common Stock,nasdaqtrader:Q:CNDT,SECURITY:CNDT:nasdaqtrader:Q:CNDT,,common_equity,eligible,Q,,,1.61,2.96,,1833514.0971587303,10.273972602739745,0.6250000000000089,1.2578616352201255,-37.109375,45.608108108108105,62.9622843633942,277.0,full,usable,2026-08-21,rejected,67.36,100.0,,,67.0,95.0,0.0,100.0,2.2.0,c8f1bf1665a8c5dfb834c0571e7dd5f6b6e5ccd00eab00295338bd42cfde549b
CNET,ZW Data Action Technologies Inc. - Common Stock,nasdaqtrader:Q:CNET,SECURITY:CNET:nasdaqtrader:Q:CNET,,common_equity,eligible,Q,,,1.35,2.55,,457151.7357888889,48.35164835164836,88.0222841225627,59.19811320754717,-2.1739130434782483,47.058823529411754,160.3121615230123,277.0,full,usable,2026-08-21,rejected,62.79,100.0,,,51.0,95.0,0.0,100.0,2.2.0,c8f1bf1665a8c5dfb834c0571e7dd5f6b6e5ccd00eab00295338bd42cfde549b
CNF,"CNFinance Holdings Limited American Depositary Shares, each representing two hundred (200) Ordinary Shares",nasdaqtrader:N:CNF,SECURITY:CNF:nasdaqtrader:N:CNF,,adr,eligible,N,,,2.2201,6.4147,,44261.240246031746,-3.8917748917748907,-27.44771241830065,-60.28443649373882,-53.98756476683938,65.39043135298611,102.65498995449175,277.0,full,usable,2026-08-21,rejected,41.29,100.0,,,57.0,30.0,0.0,100.0,2.2.0,c8f1bf1665a8c5dfb834c0571e7dd5f6b6e5ccd00eab00295338bd42cfde549b
CNH,CNH Industrial N.V. Common Shares,nasdaqtrader:N:CNH,SECURITY:CNH:nasdaqtrader:N:CNH,,common_equity,eligible,N,,,11.87,13.09,,135374361.8390476,11.77024482109228,16.945812807881765,-9.111791730474739,-2.545155993431858,9.32009167303286,52.1917143384582,277.0,full,usable,2026-08-21,conditional,80.71,100.0,,,61.0,82.0,92.0,100.0,2.2.0,c8f1bf1665a8c5dfb834c0571e7dd5f6b6e5ccd00eab00295338bd42cfde549b
CNI,Canadian National Railway Company Common Stock,nasdaqtrader:N:CNI,SECURITY:CNI:nasdaqtrader:N:CNI,,common_equity,eligible,N,,,129.84,130.58,,193717154.33158728,-0.5667024046561608,13.725146711044944,17.544812601846836,38.40741925167892,0.5667024046561608,17.62240061994506,277.0,full,usable,2026-08-21,conditional,56.14,100.0,,,65.0,10.0,92.0,100.0,2.2.0,c8f1bf1665a8c5dfb834c0571e7dd5f6b6e5ccd00eab00295338bd42cfde549b
CNK,"Cinemark Holdings Inc Cinemark Holdings, Inc. Common Stock",nasdaqtrader:N:CNK,SECURITY:CNK:nasdaqtrader:N:CNK,,common_equity,eligible,N,,,36.6,38.07,,82582588.54968254,11.960844294891416,37.593984962406026,38.16534541336354,37.69751693002259,3.86130811662726,29.884361049767072,277.0,full,usable,2026-08-21,conditional,53.57,100.0,,,65.0,10.0,80.0,100.0,2.2.0,c8f1bf1665a8c5dfb834c0571e7dd5f6b6e5ccd00eab00295338bd42cfde549b
CNL,Collective Mining Ltd. - Common Stock,nasdaqtrader:Q:CNL,SECURITY:CNL:nasdaqtrader:Q:CNL,,common_equity,eligible,Q,,,15.685,20.79,,895867.9104761905,24.09018987341771,0.03188775510205577,-9.959816303099888,47.97169811320756,24.55507455507455,54.44945127656834,277.0,full,usable,2026-08-21,rejected,72.0,100.0,,,87.0,92.0,0.0,100.0,2.2.0,c8f1bf1665a8c5dfb834c0571e7dd5f6b6e5ccd00eab00295338bd42cfde549b
CNM,"Core & Main, Inc. Class A Common Stock",nasdaqtrader:N:CNM,NAMECLASS:CORE MAIN INC,,common_equity,eligible,N,,,44.88,66.98,,108991808.43571429,4.081632653061229,-4.834605597964359,-20.411420464621386,-29.842113490698765,32.99492385786802,28.139792127908674,277.0,full,usable,2026-08-21,conditional,86.0,100.0,,,67.0,92.0,92.0,100.0,2.2.0,c8f1bf1665a8c5dfb834c0571e7dd5f6b6e5ccd00eab00295338bd42cfde549b
CNMD,CONMED Corporation Common Stock,nasdaqtrader:N:CNMD,SECURITY:CNMD:nasdaqtrader:N:CNMD,,common_equity,eligible,N,,,51.07,55.81,,24655757.767142855,23.746062515144175,37.952458130740126,13.13690739920248,-4.4706322484100225,8.493101594696295,58.93129862816766,277.0,full,usable,2026-08-21,conditional,74.29,100.0,,,61.0,82.0,62.0,100.0,2.2.0,c8f1bf1665a8c5dfb834c0571e7dd5f6b6e5ccd00eab00295338bd42cfde549b
CNNE,"Cannae Holdings, Inc. Common Stock",nasdaqtrader:N:CNNE,SECURITY:CNNE:nasdaqtrader:N:CNNE,,common_equity,eligible,N,,,15.5,19.54,,6917755.863968254,7.93871866295266,14.475627769571652,17.42424242424243,-14.788345244639922,20.675537359263053,32.086321703682344,277.0,full,usable,2026-08-21,conditional,75.0,100.0,,,51.0,92.0,62.0,100.0,2.2.0,c8f1bf1665a8c5dfb834c0571e7dd5f6b6e5ccd00eab00295338bd42cfde549b
CNO,"CNO Financial Group, Inc. Common Stock",nasdaqtrader:N:CNO,SECURITY:CNO:nasdaqtrader:N:CNO,,common_equity,eligible,N,,,53.52,55.68,,40198216.73809524,1.7490494296577896,12.959054453355856,23.831559463211494,38.29457364341084,3.87931034482758,15.943583911952727,277.0,full,usable,2026-08-21,conditional,53.57,100.0,,,65.0,10.0,80.0,100.0,2.2.0,c8f1bf1665a8c5dfb834c0571e7dd5f6b6e5ccd00eab00295338bd42cfde549b
CNOB,"ConnectOne Bancorp, Inc. - Common Stock",nasdaqtrader:Q:CNOB,SECURITY:CNOB:nasdaqtrader:Q:CNOB,,common_equity,eligible,Q,,,32.27,34.11,,14532502.845873015,2.770700636942691,8.397715821296625,15.414878397711028,32.634607480476795,5.394312518323064,25.16119786176517,277.0,full,usable,2026-08-21,conditional,56.14,100.0,,,65.0,28.0,62.0,100.0,2.2.0,c8f1bf1665a8c5dfb834c0571e7dd5f6b6e5ccd00eab00295338bd42cfde549b
CNP,"CenterPoint Energy, Inc (Holding Co) Common Stock",nasdaqtrader:N:CNP,SECURITY:CNP:nasdaqtrader:N:CNP,,common_equity,eligible,N,,,38.77,45.04,,272026381.3831746,-12.344562514130663,-8.712032022604177,-9.837209302325578,0.7012987012987137,13.920959147424504,20.806212119652137,277.0,full,usable,2026-08-21,conditional,85.86,100.0,,,79.0,82.0,92.0,100.0,2.2.0,c8f1bf1665a8c5dfb834c0571e7dd5f6b6e5ccd00eab00295338bd42cfde549b
CNQ,Canadian Natural Resources Limited Common Stock,nasdaqtrader:N:CNQ,SECURITY:CNQ:nasdaqtrader:N:CNQ,,common_equity,eligible,N,,,51.4,51.4,,353040045.6468254,9.338438630078706,5.5658246046416116,21.22641509433962,73.47283158960514,0.0,31.552166165312734,277.0,full,usable,2026-08-21,conditional,58.43,100.0,,,73.0,10.0,92.0,100.0,2.2.0,c8f1bf1665a8c5dfb834c0571e7dd5f6b6e5ccd00eab00295338bd42cfde549b
CNR,"Core Natural Resources, Inc. Common Stock",nasdaqtrader:N:CNR,SECURITY:CNR:nasdaqtrader:N:CNR,,common_equity,eligible,N,,,95.13,113.23,,54896423.71587302,9.938749566624283,13.249999999999984,8.176029110757321,37.15397923875432,15.98516294268304,42.36730161347343,277.0,full,usable,2026-08-21,conditional,82.14,100.0,,,75.0,82.0,80.0,100.0,2.2.0,c8f1bf1665a8c5dfb834c0571e7dd5f6b6e5ccd00eab00295338bd42cfde549b
CNS,Cohen & Steers Inc Common Stock,nasdaqtrader:N:CNS,SECURITY:CNS:nasdaqtrader:N:CNS,,common_equity,eligible,N,,,81.42,85.65,,21840528.314285714,1.800450112528118,12.848232848232843,21.305125148986882,11.04746317512275,4.938704028021023,26.54901031881478,277.0,full,usable,2026-08-21,conditional,47.43,100.0,,,57.0,10.0,62.0,100.0,2.2.0,c8f1bf1665a8c5dfb834c0571e7dd5f6b6e5ccd00eab00295338bd42cfde549b
CNSP,"CNS Pharmaceuticals, Inc. - Common Stock",nasdaqtrader:Q:CNSP,SECURITY:CNSP:nasdaqtrader:Q:CNSP,,common_equity,eligible,Q,,,5.83,10.57,,147298.30070634923,7.763401109057311,15.44554455445546,81.61993769470406,-16.355810616929702,44.84389782403028,93.114384102891,277.0,full,usable,2026-08-21,rejected,62.79,100.0,,,51.0,95.0,0.0,100.0,2.2.0,c8f1bf1665a8c5dfb834c0571e7dd5f6b6e5ccd00eab00295338bd42cfde549b
CNSY,"Cerenome, Inc. - Common Stock",nasdaqtrader:Q:CNSY,SECURITY:CNSY:nasdaqtrader:Q:CNSY,,common_equity,eligible,Q,,,3.07,22.24,,639030.9738095239,-18.783068783068778,-55.44267053701015,-55.345454545454544,-74.60711331679073,86.19604316546763,74.97089206928042,277.0,full,usable,2026-08-21,rejected,32.14,100.0,,,25.0,30.0,0.0,100.0,2.2.0,c8f1bf1665a8c5dfb834c0571e7dd5f6b6e5ccd00eab00295338bd42cfde549b
CNTB,Connect Biopharma Holdings Limited - Ordinary Shares,nasdaqtrader:Q:CNTB,SECURITY:CNTB:nasdaqtrader:Q:CNTB,,common_equity,eligible,Q,,,2.36,3.69,,1009671.1407936508,7.272727272727253,0.0,-10.943396226415093,41.31736526946108,36.04336043360434,66.00429472927283,277.0,full,usable,2026-08-21,rejected,73.07,100.0,,,87.0,95.0,0.0,100.0,2.2.0,c8f1bf1665a8c5dfb834c0571e7dd5f6b6e5ccd00eab00295338bd42cfde549b
CNTN,"Canton Strategic Holdings, Inc. - Common Stock",nasdaqtrader:Q:CNTN,SECURITY:CNTN:nasdaqtrader:Q:CNTN,,common_equity,eligible,Q,,,2.19,7.71,,2508521.322857143,6.310679611650483,-34.626865671641795,-53.205128205128204,-38.99721448467967,71.59533073929961,62.4482001305483,277.0,full,usable,2026-08-21,conditional,50.93,100.0,,,57.0,30.0,45.0,100.0,2.2.0,c8f1bf1665a8c5dfb834c0571e7dd5f6b6e5ccd00eab00295338bd42cfde549b
CNTY,"Century Casinos, Inc. - Common Stock",nasdaqtrader:Q:CNTY,SECURITY:CNTY:nasdaqtrader:Q:CNTY,,common_equity,eligible,Q,,,1.27,2.78,,94112.28388888888,7.6271186440677985,-0.78125,-20.625000000000004,-49.40239043824701,54.31654676258992,39.65497712370473,277.0,full,usable,2026-08-21,rejected,58.43,100.0,,,67.0,70.0,0.0,100.0,2.2.0,c8f1bf1665a8c5dfb834c0571e7dd5f6b6e5ccd00eab00295338bd42cfde549b
CNVS,Cineverse Corp. - Class A Common Stock,nasdaqtrader:Q:CNVS,NAMECLASS:CINEVERSE CORP,,common_equity,eligible,Q,,,2.53,5.37,,853800.3145238095,2.8455284552845406,1.200000000000001,-17.589576547231268,-47.61904761904763,52.88640595903167,53.143484571556854,277.0,full,usable,2026-08-21,rejected,58.43,100.0,,,67.0,70.0,0.0,100.0,2.2.0,c8f1bf1665a8c5dfb834c0571e7dd5f6b6e5ccd00eab00295338bd42cfde549b
CNX,CNX Resources Corporation Common Stock,nasdaqtrader:N:CNX,SECURITY:CNX:nasdaqtrader:N:CNX,,common_equity,eligible,N,,,36.36,42.61,,59554076.31698413,5.513639001741155,2.27848101265824,-10.15567086730912,28.253968253968242,14.66791832903075,24.994410987617723,277.0,full,usable,2026-08-21,conditional,85.57,100.0,,,87.0,82.0,80.0,100.0,2.2.0,c8f1bf1665a8c5dfb834c0571e7dd5f6b6e5ccd00eab00295338bd42cfde549b
CNXC,Concentrix Corporation - Common Stock,nasdaqtrader:Q:CNXC,SECURITY:CNXC:nasdaqtrader:Q:CNXC,,common_equity,eligible,Q,,,25.4,57.1,,41862695.549206346,15.770282588878736,-1.8547140649149974,-22.678843226788437,-48.551752076159616,55.51663747810858,72.76063235942921,277.0,full,usable,2026-08-21,conditional,75.57,100.0,,,67.0,70.0,80.0,100.0,2.2.0,c8f1bf1665a8c5dfb834c0571e7dd5f6b6e5ccd00eab00295338bd42cfde549b
CNXN,"PC Connection, Inc. - Common Stock",nasdaqtrader:Q:CNXN,SECURITY:CNXN:nasdaqtrader:Q:CNXN,,common_equity,eligible,Q,,,77.93,86.79,,11992223.05920635,-2.624015994002238,21.42411966344655,25.470938657221076,25.551796358949574,10.208549372047472,24.682300507223072,277.0,full,usable,2026-08-21,conditional,75.43,100.0,,,65.0,82.0,62.0,100.0,2.2.0,c8f1bf1665a8c5dfb834c0571e7dd5f6b6e5ccd00eab00295338bd42cfde549b
CNXU,Conexeu Sciences Inc. - Common Stock,nasdaqtrader:Q:CNXU,SECURITY:CNXU:nasdaqtrader:Q:CNXU,,common_equity,eligible,Q,,,8.89,16.85,,1405709.7693968255,-2.841530054644803,-31.981637337413925,,,47.240356083086056,127.58760313972321,64.0,insufficient,usable,2026-08-21,rejected,,71.43,,,,95.0,0.0,88.0,2.2.0,c8f1bf1665a8c5dfb834c0571e7dd5f6b6e5ccd00eab00295338bd42cfde549b
COAG,"Hemab Therapeutics Holdings, Inc. - Common Stock",nasdaqtrader:Q:COAG,SECURITY:COAG:nasdaqtrader:Q:COAG,,common_equity,eligible,Q,,,49.16,54.94,,13206101.927539682,7.26598298058041,86.92015209125475,,,10.520567892246092,74.22196909704792,78.0,insufficient,usable,2026-08-21,recheck,,71.43,,,,82.0,62.0,88.0,2.2.0,c8f1bf1665a8c5dfb834c0571e7dd5f6b6e5ccd00eab00295338bd42cfde549b
COCO,"The Vita Coco Company, Inc. - Common Stock",nasdaqtrader:Q:COCO,SECURITY:COCO:nasdaqtrader:Q:COCO,,common_equity,eligible,Q,,,63.35,84.02,,78110737.83547619,-8.67810292633704,-19.637193961689714,17.40177909562639,76.3641425389755,24.60128540823613,46.77162404650962,277.0,full,usable,2026-08-21,conditional,88.57,100.0,,,85.0,92.0,80.0,100.0,2.2.0,c8f1bf1665a8c5dfb834c0571e7dd5f6b6e5ccd00eab00295338bd42cfde549b
COCP,"Cocrystal Pharma, Inc. - Common Stock",nasdaqtrader:Q:COCP,SECURITY:COCP:nasdaqtrader:Q:COCP,,common_equity,eligible,Q,,,1.15,1.58,,81784.54562063492,24.98641452016084,1.7699115044247815,14.05335713577307,-24.342105263157897,27.215189873417735,61.0441609498833,277.0,full,usable,2026-08-21,rejected,68.0,100.0,,,73.0,92.0,0.0,100.0,2.2.0,c8f1bf1665a8c5dfb834c0571e7dd5f6b6e5ccd00eab00295338bd42cfde549b
CODA,"Coda Octopus Group, Inc. - Common stock",nasdaqtrader:Q:CODA,SECURITY:CODA:nasdaqtrader:Q:CODA,,common_equity,eligible,Q,,,10.095,16.76,,1358846.7277777777,-0.5418719211822687,-11.524978089395265,-24.972129319955407,43.19148936170214,39.7673031026253,27.3024449067973,277.0,full,usable,2026-08-21,rejected,73.07,100.0,,,87.0,95.0,0.0,100.0,2.2.0,c8f1bf1665a8c5dfb834c0571e7dd5f6b6e5ccd00eab00295338bd42cfde549b
CODI,D/B/A Compass Diversified Holdings Shares of Beneficial Interest,nasdaqtrader:N:CODI,SECURITY:CODI:nasdaqtrader:N:CODI,,common_equity,eligible,N,,,11.68,12.71,,9158354.92968254,17.860746720484343,-0.17094017094017033,54.29326287978864,63.12849162011172,8.10385523210072,52.362421754518174,277.0,full,usable,2026-08-21,conditional,81.14,100.0,,,85.0,82.0,62.0,100.0,2.2.0,c8f1bf1665a8c5dfb834c0571e7dd5f6b6e5ccd00eab00295338bd42cfde549b
CODX,"Co-Diagnostics, Inc. - Common Stock",nasdaqtrader:Q:CODX,SECURITY:CODX:nasdaqtrader:Q:CODX,,common_equity,eligible,Q,,,1.21,37.8,,15000787.133809524,-45.248868778280546,-67.38544474393531,-48.728813559322035,-85.68724863969719,96.7989417989418,124.88802710328896,277.0,full,usable,2026-08-21,conditional,48.29,100.0,,,35.0,30.0,62.0,100.0,2.2.0,c8f1bf1665a8c5dfb834c0571e7dd5f6b6e5ccd00eab00295338bd42cfde549b
COE,"51Talk Online Education Group American depositary shares, each representing 60 Class A ordinary shares",nasdaqtrader:A:COE,SECURITY:COE:nasdaqtrader:A:COE,,adr,eligible,A,,,16.43,55.56,,291579.7382063492,5.320512820512824,-39.14814814814815,-38.256294626080425,-53.23751245197097,70.42836573074153,63.9553132022378,277.0,full,usable,2026-08-21,rejected,44.14,100.0,,,67.0,30.0,0.0,100.0,2.2.0,c8f1bf1665a8c5dfb834c0571e7dd5f6b6e5ccd00eab00295338bd42cfde549b
COF,Capital One Financial Corporation Common Stock,nasdaqtrader:N:COF,SECURITY:COF:nasdaqtrader:N:COF,,common_equity,eligible,N,,,217.91,257.94,,884004901.1630158,8.97679535907181,16.741669345333765,4.553305824776888,1.4903823762284052,15.519112972008998,27.435333587277498,277.0,full,usable,2026-08-21,conditional,84.14,100.0,,,67.0,82.0,100.0,100.0,2.2.0,c8f1bf1665a8c5dfb834c0571e7dd5f6b6e5ccd00eab00295338bd42cfde549b
COFS,"ChoiceOne Financial Services, Inc. - Common Stock",nasdaqtrader:Q:COFS,SECURITY:COFS:nasdaqtrader:Q:COFS,,common_equity,eligible,Q,,,33.14,34.62,,3192606.4176190477,-1.574101574101583,4.840240430243603,11.507402422611035,10.83612040133779,4.274985557481214,24.633882379806288,277.0,full,usable,2026-08-21,conditional,50.07,100.0,,,79.0,10.0,45.0,100.0,2.2.0,c8f1bf1665a8c5dfb834c0571e7dd5f6b6e5ccd00eab00295338bd42cfde549b
COGT,"Cogent Biosciences, Inc. - Common Stock",nasdaqtrader:Q:COGT,SECURITY:COGT:nasdaqtrader:Q:COGT,,common_equity,eligible,Q,,,36.73,42.84,,93027069.44857143,-8.72266401590458,12.737875997544501,-1.6336368505624144,209.56595027391484,14.262371615312809,54.914161231640165,277.0,full,usable,2026-08-21,conditional,84.43,100.0,,,83.0,82.0,80.0,100.0,2.2.0,c8f1bf1665a8c5dfb834c0571e7dd5f6b6e5ccd00eab00295338bd42cfde549b
COHN,Cohen & Company Inc.,qrgf-resolution-required:A:COHN,SECURITY:COHN:qrgf-resolution-required:A:COHN,,common_equity,eligible,A,,,11.34,32.39,,220051.33412698415,-15.812917594654795,4.612546125461248,-24.4,-8.17813765182186,64.98919419573943,70.00801107209934,277.0,full,usable,2026-08-21,rejected,60.14,100.0,,,73.0,70.0,0.0,100.0,2.2.0,c8f1bf1665a8c5dfb834c0571e7dd5f6b6e5ccd00eab00295338bd42cfde549b
COHR,Coherent Corp. Common Stock,nasdaqtrader:N:COHR,SECURITY:COHR:nasdaqtrader:N:COHR,,common_equity,eligible,N,,,289.52,426.89,,2109752675.1074605,-7.5665666304833845,-23.407407407407412,16.65726488838746,234.5118428653957,32.17924992386798,123.19428530796077,277.0,full,usable,2026-08-21,conditional,92.86,100.0,,,85.0,92.0,100.0,100.0,2.2.0,c8f1bf1665a8c5dfb834c0571e7dd5f6b6e5ccd00eab00295338bd42cfde549b
COHU,"Cohu, Inc. - Common Stock",nasdaqtrader:Q:COHU,SECURITY:COHU:nasdaqtrader:Q:COHU,,common_equity,eligible,Q,,,54.37,73.91,,76652759.51047619,-0.25683360851219694,19.101861993428248,72.27503168567809,178.3922171018945,26.437559193613858,97.66218170309038,277.0,full,usable,2026-08-21,conditional,85.14,100.0,,,73.0,92.0,80.0,100.0,2.2.0,c8f1bf1665a8c5dfb834c0571e7dd5f6b6e5ccd00eab00295338bd42cfde549b
COIN,"Coinbase Global, Inc. - Class A Common Stock",nasdaqtrader:Q:COIN,NAMECLASS:COINBASE GLOBAL INC,,common_equity,eligible,Q,,,186.49,387.27,,1373629958.5996826,15.717299578059073,-3.652614176482738,8.835716370002933,-38.73320411314432,51.84496604436182,74.66719549733781,277.0,full,usable,2026-08-21,conditional,79.86,100.0,,,67.0,70.0,100.0,100.0,2.2.0,c8f1bf1665a8c5dfb834c0571e7dd5f6b6e5ccd00eab00295338bd42cfde549b
COKE,"Coca-Cola Consolidated, Inc. - Common Stock",nasdaqtrader:Q:COKE,SECURITY:COKE:nasdaqtrader:Q:COKE,,common_equity,eligible,Q,,,189.1,216.91,,95670508.99492064,5.973996861690201,7.236021322445274,3.7756558006804886,59.14829153341188,12.820985662256234,33.60663255313913,277.0,full,usable,2026-08-21,conditional,84.43,100.0,,,83.0,82.0,80.0,100.0,2.2.0,c8f1bf1665a8c5dfb834c0571e7dd5f6b6e5ccd00eab00295338bd42cfde549b
COLB,"Columbia Banking System, Inc. - Common Stock",nasdaqtrader:Q:COLB,SECURITY:COLB:nasdaqtrader:Q:COLB,,common_equity,eligible,Q,,,30.81,33.61,,92545092.05325396,-4.494730316181029,4.017555705604314,-2.9911838790932066,20.304568527918775,8.330853912526038,22.656652164364772,277.0,full,usable,2026-08-21,conditional,85.57,100.0,,,87.0,82.0,80.0,100.0,2.2.0,c8f1bf1665a8c5dfb834c0571e7dd5f6b6e5ccd00eab00295338bd42cfde549b
COLD,"Americold Realty Trust, Inc. Common Stock",nasdaqtrader:N:COLD,SECURITY:COLD:nasdaqtrader:N:COLD,,common_equity,eligible,N,,,15.25,16.25,,65175663.845714286,8.15602836879432,5.609418282548484,13.721103653989552,4.739010989010994,6.153846153846154,37.53082488476129,277.0,full,usable,2026-08-21,conditional,60.57,100.0,,,67.0,28.0,80.0,100.0,2.2.0,c8f1bf1665a8c5dfb834c0571e7dd5f6b6e5ccd00eab00295338bd42cfde549b
COLL,"Collegium Pharmaceutical, Inc. - Common Stock",nasdaqtrader:Q:COLL,SECURITY:COLL:nasdaqtrader:Q:COLL,,common_equity,eligible,Q,,,27.11,49.84,,17009617.82063492,-23.8269176735038,-21.237652527600236,-39.75555555555555,-29.345843106593694,45.60593900481541,74.96846875840268,277.0,full,usable,2026-08-21,conditional,80.64,100.0,,,67.0,95.0,62.0,100.0,2.2.0,c8f1bf1665a8c5dfb834c0571e7dd5f6b6e5ccd00eab00295338bd42cfde549b
COLM,Columbia Sportswear Company - Common Stock,nasdaqtrader:Q:COLM,SECURITY:COLM:nasdaqtrader:Q:COLM,,common_equity,eligible,Q,,,60.33,67.79,,37554694.333809525,-2.2679410335331274,-1.694639074466353,-6.071929005137799,11.701536752453245,11.004572945862234,31.722601601952654,277.0,full,usable,2026-08-21,conditional,83.29,100.0,,,79.0,82.0,80.0,100.0,2.2.0,c8f1bf1665a8c5dfb834c0571e7dd5f6b6e5ccd00eab00295338bd42cfde549b
COMP,"Compass, Inc. Class A Common Stock",nasdaqtrader:N:COMP,NAMECLASS:COMPASS INC,,common_equity,eligible,N,,,11.75,13.58,,141658194.8620635,8.998144712430435,38.72491145218417,14.077669902912614,41.90821256038648,13.475699558173782,56.56149138354949,277.0,full,usable,2026-08-21,conditional,84.71,100.0,,,75.0,82.0,92.0,100.0,2.2.0,c8f1bf1665a8c5dfb834c0571e7dd5f6b6e5ccd00eab00295338bd42cfde549b
CON,"Concentra Group Holdings Parent, Inc. Common Stock",nasdaqtrader:N:CON,SECURITY:CON:nasdaqtrader:N:CON,,common_equity,eligible,N,,,35.0,35.53,,29542179.86920635,11.005391690453536,36.77217663149668,47.8664976763836,51.25324114088159,1.4916971573318394,41.483658566780406,277.0,full,usable,2026-08-21,conditional,55.86,100.0,,,73.0,10.0,80.0,100.0,2.2.0,c8f1bf1665a8c5dfb834c0571e7dd5f6b6e5ccd00eab00295338bd42cfde549b
COO,"The Cooper Companies, Inc.  - Common Stock",nasdaqtrader:Q:COO,SECURITY:COO:nasdaqtrader:Q:COO,,common_equity,eligible,Q,,,76.22,84.32,,186784454.02761903,8.529118610280495,21.272871917263323,-9.337456881170446,3.700680272108836,9.606261859582531,25.737828024886817,277.0,full,usable,2026-08-21,conditional,82.43,100.0,,,67.0,82.0,92.0,100.0,2.2.0,c8f1bf1665a8c5dfb834c0571e7dd5f6b6e5ccd00eab00295338bd42cfde549b
COOK,"Traeger, Inc. Common Stock",nasdaqtrader:N:COOK,SECURITY:COOK:nasdaqtrader:N:COOK,,common_equity,eligible,N,,,55.45,82.0,,4132818.6736507937,-18.371853378477855,-3.531663187195533,23.222222222222232,-13.359374999999996,32.3780487804878,67.18629318475153,277.0,full,usable,2026-08-21,conditional,74.79,100.0,,,63.0,92.0,45.0,100.0,2.2.0,c8f1bf1665a8c5dfb834c0571e7dd5f6b6e5ccd00eab00295338bd42cfde549b
COP,ConocoPhillips Common Stock,nasdaqtrader:N:COP,SECURITY:COP:nasdaqtrader:N:COP,,common_equity,eligible,N,,,134.87,134.89,,830699763.6222222,12.204658901830289,11.87888842803817,22.02117072288068,42.13299610074823,0.014826895989306088,29.350025587486638,277.0,full,usable,2026-08-21,conditional,57.86,100.0,,,65.0,10.0,100.0,100.0,2.2.0,c8f1bf1665a8c5dfb834c0571e7dd5f6b6e5ccd00eab00295338bd42cfde549b
COPR,Idaho Copper Corporation Common Stock,nasdaqtrader:A:COPR,SECURITY:COPR:nasdaqtrader:A:COPR,,common_equity,eligible,A,,,2.67,4.15,,205863.05029722222,-0.3731343283582156,,,,35.66265060240965,85.74026701492231,36.0,insufficient,usable,2026-08-21,rejected,,71.43,,,,95.0,0.0,76.0,2.2.0,c8f1bf1665a8c5dfb834c0571e7dd5f6b6e5ccd00eab00295338bd42cfde549b
COR,"Cencora, Inc. Common Stock",nasdaqtrader:N:COR,SECURITY:COR:nasdaqtrader:N:COR,,common_equity,eligible,N,,,318.04,374.75,,454667570.3980952,4.254900675277007,19.816154309825194,-11.919796167054386,4.725213210840007,15.132755170113398,31.27242978574633,277.0,full,usable,2026-08-21,conditional,82.43,100.0,,,67.0,82.0,92.0,100.0,2.2.0,c8f1bf1665a8c5dfb834c0571e7dd5f6b6e5ccd00eab00295338bd42cfde549b
CORT,Corcept Therapeutics Incorporated - Common Stock,nasdaqtrader:Q:CORT,SECURITY:CORT:nasdaqtrader:Q:CORT,,common_equity,eligible,Q,,,122.25,122.25,,101350563.24587302,26.47423960273123,104.80817557379795,251.0913268236646,73.65056818181816,0.0,84.51266647895888,277.0,full,usable,2026-08-21,conditional,58.43,100.0,,,73.0,10.0,92.0,100.0,2.2.0,c8f1bf1665a8c5dfb834c0571e7dd5f6b6e5ccd00eab00295338bd42cfde549b
CORZ,"Core Scientific, Inc. - Common Stock",nasdaqtrader:Q:CORZ,SECURITY:CORZ:nasdaqtrader:Q:CORZ,,common_equity,eligible,Q,,,17.81,29.16,,304845908.46873015,-25.66777963272121,-28.2433521353747,2.9479768786127014,26.49147727272727,38.923182441700966,99.33889356620053,277.0,full,usable,2026-08-21,conditional,92.79,100.0,,,87.0,95.0,92.0,100.0,2.2.0,c8f1bf1665a8c5dfb834c0571e7dd5f6b6e5ccd00eab00295338bd42cfde549b
COSO,"CoastalSouth Bancshares, Inc. Common Stock",nasdaqtrader:N:COSO,SECURITY:COSO:nasdaqtrader:N:COSO,,common_equity,eligible,N,,,27.39,28.04,,3101034.858412699,2.892561983471076,7.3275862068965525,8.820023837902259,27.51396648044693,2.3181169757489295,17.319424007152882,277.0,full,usable,2026-08-21,conditional,48.93,100.0,,,75.0,10.0,45.0,100.0,2.2.0,c8f1bf1665a8c5dfb834c0571e7dd5f6b6e5ccd00eab00295338bd42cfde549b
COST,Costco Wholesale Corporation - Common Stock,nasdaqtrader:Q:COST,SECURITY:COST:nasdaqtrader:Q:COST,,common_equity,eligible,Q,,,947.74,1094.32,,2240196325.708016,2.3411010085739647,-9.77771431291352,-3.80910816324459,-4.708567521642526,13.394619489728775,18.237700201756898,277.0,full,usable,2026-08-21,conditional,85.86,100.0,,,73.0,82.0,100.0,100.0,2.2.0,c8f1bf1665a8c5dfb834c0571e7dd5f6b6e5ccd00eab00295338bd42cfde549b
COTY,Coty Inc. Class A Common Stock,nasdaqtrader:N:COTY,NAMECLASS:COTY INC,,common_equity,eligible,N,,,2.74,4.45,,26836283.05904762,5.384615384615388,38.38383838383839,1.858736059479571,-43.62139917695473,38.426966292134836,62.23030345959803,277.0,full,usable,2026-08-21,conditional,81.07,100.0,,,55.0,95.0,80.0,100.0,2.2.0,c8f1bf1665a8c5dfb834c0571e7dd5f6b6e5ccd00eab00295338bd42cfde549b
COUR,"Coursera, Inc. Common Stock",nasdaqtrader:N:COUR,SECURITY:COUR:nasdaqtrader:N:COUR,,common_equity,eligible,N,,,6.0,12.07,,38428387.42761905,11.524163568773238,14.50381679389312,-0.4975124378109541,-47.18309859154929,50.28997514498757,71.30600406365049,277.0,full,usable,2026-08-21,conditional,72.14,100.0,,,55.0,70.0,80.0,100.0,2.2.0,c8f1bf1665a8c5dfb834c0571e7dd5f6b6e5ccd00eab00295338bd42cfde549b
COYA,"Coya Therapeutics, Inc. - Common Stock",nasdaqtrader:Q:COYA,SECURITY:COYA:nasdaqtrader:Q:COYA,,common_equity,eligible,Q,,,4.87,7.36,,941989.3026190476,11.187214611872154,0.6198347107438051,5.63991323210411,-20.8130081300813,33.83152173913043,55.56667458919191,277.0,full,usable,2026-08-21,rejected,68.0,100.0,,,73.0,92.0,0.0,100.0,2.2.0,c8f1bf1665a8c5dfb834c0571e7dd5f6b6e5ccd00eab00295338bd42cfde549b
CP,Canadian Pacific Kansas City Limited Common Shares,nasdaqtrader:N:CP,SECURITY:CP:nasdaqtrader:N:CP,,common_equity,eligible,N,,,96.69,96.69,,245376210.95206347,4.733535528596189,11.509629800484378,13.619271445358416,30.152106609234064,0.0,20.77034992607053,277.0,full,usable,2026-08-21,conditional,59.0,100.0,,,75.0,10.0,92.0,100.0,2.2.0,c8f1bf1665a8c5dfb834c0571e7dd5f6b6e5ccd00eab00295338bd42cfde549b
CPA,"Copa Holdings, S.A. Class A Common Stock",nasdaqtrader:N:CPA,NAMECLASS:COPA HOLDINGS S A,,common_equity,eligible,N,,,129.95,157.19,,44548007.758888885,-4.251399941055123,-5.194426205588387,-8.698095974144614,13.523193849917003,17.329346650550292,37.85105498255765,277.0,full,usable,2026-08-21,conditional,83.29,100.0,,,79.0,82.0,80.0,100.0,2.2.0,c8f1bf1665a8c5dfb834c0571e7dd5f6b6e5ccd00eab00295338bd42cfde549b
CPAC,Cementos Pacasmayo S.A.A. American Depositary Shares (Each representing five Common Shares),nasdaqtrader:N:CPAC,SECURITY:CPAC:nasdaqtrader:N:CPAC,,adr,eligible,N,,,11.71,12.7,,784959.7007666667,-1.6792611251049472,9.644194756554313,8.425925925925926,88.86792148513736,7.7952755905511655,17.874211459583563,277.0,full,usable,2026-08-21,rejected,48.0,100.0,,,83.0,28.0,0.0,100.0,2.2.0,c8f1bf1665a8c5dfb834c0571e7dd5f6b6e5ccd00eab00295338bd42cfde549b
CPAY,"Corpay, Inc. Common Stock",nasdaqtrader:N:CPAY,SECURITY:CPAY:nasdaqtrader:N:CPAY,,common_equity,eligible,N,,,417.13,425.24,,222887277.6509524,14.344846491228068,20.05122891843667,18.267649560533037,31.827950192781728,1.9071583106010759,26.794426712426134,277.0,full,usable,2026-08-21,conditional,56.14,100.0,,,65.0,10.0,92.0,100.0,2.2.0,c8f1bf1665a8c5dfb834c0571e7dd5f6b6e5ccd00eab00295338bd42cfde549b
CPB,The Campbell's Company - Common Stock,nasdaqtrader:Q:CPB,SECURITY:CPB:nasdaqtrader:Q:CPB,,common_equity,eligible,Q,,,23.95,34.03,,182257341.94285715,11.863615133115356,19.451371571072308,-10.734252702199033,-26.057425131213343,29.620922715251254,31.578469447480867,277.0,full,usable,2026-08-21,conditional,82.57,100.0,,,55.0,92.0,92.0,100.0,2.2.0,c8f1bf1665a8c5dfb834c0571e7dd5f6b6e5ccd00eab00295338bd42cfde549b
CPBI,"Central Plains Bancshares, Inc. - Common Stock",nasdaqtrader:Q:CPBI,SECURITY:CPBI:nasdaqtrader:Q:CPBI,,common_equity,eligible,Q,,,20.9717,21.0,,60563.93743333333,4.284932869219293,13.360540540540523,17.88476672287802,36.35695708712612,0.1347619047619153,15.806807406642932,277.0,full,usable,2026-08-21,rejected,36.43,100.0,,,65.0,10.0,0.0,100.0,2.2.0,c8f1bf1665a8c5dfb834c0571e7dd5f6b6e5ccd00eab00295338bd42cfde549b
CPF,Central Pacific Financial Corp New,qrgf-resolution-required:N:CPF,SECURITY:CPF:qrgf-resolution-required:N:CPF,,common_equity,eligible,N,,,37.43,39.99,,5886878.4798412705,-3.2316442605997975,7.5265728239011676,9.316588785046731,30.87412587412586,6.401600400100027,18.42895038925224,277.0,full,usable,2026-08-21,conditional,59.0,100.0,,,75.0,28.0,62.0,100.0,2.2.0,c8f1bf1665a8c5dfb834c0571e7dd5f6b6e5ccd00eab00295338bd42cfde549b
CPHC,Canterbury Park Holding Corporation - Common Stock,nasdaqtrader:Q:CPHC,SECURITY:CPHC:nasdaqtrader:Q:CPHC,,common_equity,eligible,Q,,,15.99,16.965,,33953.1594063492,3.7637897469175785,0.2501551714409356,2.43433696348494,-5.774896876841473,5.747126436781603,18.991752392428708,277.0,full,usable,2026-08-21,rejected,45.14,100.0,,,73.0,28.0,0.0,100.0,2.2.0,c8f1bf1665a8c5dfb834c0571e7dd5f6b6e5ccd00eab00295338bd42cfde549b
CPHI,"China Pharma Holdings, Inc. Common Stock",nasdaqtrader:A:CPHI,SECURITY:CPHI:nasdaqtrader:A:CPHI,,common_equity,eligible,A,,,0.98,8.1,,15298673.935060317,-47.02702702702703,28.62580391127445,60.13071895424837,-31.46853146853147,87.90123456790123,820.7997338046805,277.0,full,usable,2026-08-21,conditional,51.14,100.0,,,45.0,30.0,62.0,100.0,2.2.0,c8f1bf1665a8c5dfb834c0571e7dd5f6b6e5ccd00eab00295338bd42cfde549b
CPIX,Cumberland Pharmaceuticals Inc. - Common Stock,nasdaqtrader:Q:CPIX,SECURITY:CPIX:nasdaqtrader:Q:CPIX,,common_equity,eligible,Q,,,7.65,7.96,,685975.205,9.520400858983535,38.83847549909256,96.15384615384616,135.3846153846154,3.8944723618090427,83.19916318376957,277.0,full,usable,2026-08-21,rejected,38.71,100.0,,,73.0,10.0,0.0,100.0,2.2.0,c8f1bf1665a8c5dfb834c0571e7dd5f6b6e5ccd00eab00295338bd42cfde549b
CPK,Chesapeake Utilities Corporation Common Stock,nasdaqtrader:N:CPK,SECURITY:CPK:nasdaqtrader:N:CPK,,common_equity,eligible,N,,,134.13,139.06,,24707911.85047619,-0.3565856919991228,5.5975436939064815,-0.19346677580176497,7.71763572116928,3.545232273838639,22.409655072016985,277.0,full,usable,2026-08-21,conditional,50.29,100.0,,,67.0,10.0,62.0,100.0,2.2.0,c8f1bf1665a8c5dfb834c0571e7dd5f6b6e5ccd00eab00295338bd42cfde549b
CPNG,"Coupang, Inc. Class A Common Stock",nasdaqtrader:N:CPNG,NAMECLASS:COUPANG INC,,common_equity,eligible,N,,,16.45,33.53,,361188744.39285713,5.246321177223279,4.577240940877303,-12.26666666666667,-42.96116504854369,50.939457202505224,42.83839924720746,277.0,full,usable,2026-08-21,conditional,78.14,100.0,,,67.0,70.0,92.0,100.0,2.2.0,c8f1bf1665a8c5dfb834c0571e7dd5f6b6e5ccd00eab00295338bd42cfde549b
CPRI,Capri Holdings Limited Ordinary Shares,nasdaqtrader:N:CPRI,SECURITY:CPRI:nasdaqtrader:N:CPRI,,common_equity,eligible,N,,,13.65,27.66,,66546452.51936508,-12.16216216216216,-25.734494015233945,-38.3747178329571,-32.258064516129025,50.65075921908894,41.07835563104821,277.0,full,usable,2026-08-21,conditional,75.57,100.0,,,67.0,70.0,80.0,100.0,2.2.0,c8f1bf1665a8c5dfb834c0571e7dd5f6b6e5ccd00eab00295338bd42cfde549b
CPRT,"Copart, Inc. - Common Stock",nasdaqtrader:Q:CPRT,SECURITY:CPRT:nasdaqtrader:Q:CPRT,,common_equity,eligible,Q,,,33.8,49.97,,374606193.44555557,24.264705882352942,-1.744186046511631,-7.346491228070173,-29.006511237135058,32.35941564938963,42.35514575980673,277.0,full,usable,2026-08-21,conditional,86.0,100.0,,,67.0,92.0,92.0,100.0,2.2.0,c8f1bf1665a8c5dfb834c0571e7dd5f6b6e5ccd00eab00295338bd42cfde549b
CPS,Cooper-Standard Holdings Inc. Common Stock,nasdaqtrader:N:CPS,SECURITY:CPS:nasdaqtrader:N:CPS,,common_equity,eligible,N,,,28.03,45.2,,4874795.622857143,-4.138166894664829,0.0714030703320212,-29.10976226605968,-4.918588873812757,37.98672566371681,71.088891390956,277.0,full,usable,2026-08-21,conditional,78.71,100.0,,,73.0,95.0,45.0,100.0,2.2.0,c8f1bf1665a8c5dfb834c0571e7dd5f6b6e5ccd00eab00295338bd42cfde549b
CPSH,CPS Technologies Corp. - Common Stock,nasdaqtrader:Q:CPSH,SECURITY:CPSH:nasdaqtrader:Q:CPSH,,common_equity,eligible,Q,,,3.93,11.59,,15389947.18563492,-16.73728813559321,-15.8458244111349,-13.245033112582782,26.774193548387103,66.09145815358067,75.35554143953263,277.0,full,usable,2026-08-21,conditional,63.14,100.0,,,87.0,30.0,62.0,100.0,2.2.0,c8f1bf1665a8c5dfb834c0571e7dd5f6b6e5ccd00eab00295338bd42cfde549b
CPSS,"Consumer Portfolio Services, Inc. - Common Stock",nasdaqtrader:Q:CPSS,SECURITY:CPSS:nasdaqtrader:Q:CPSS,,common_equity,eligible,Q,,,9.3,10.3,,198634.01198412696,-1.3785790031813239,-5.58375634517766,11.846061334936886,10.846245530393329,9.708737864077666,36.67572193381502,277.0,full,usable,2026-08-21,rejected,66.14,100.0,,,79.0,82.0,0.0,100.0,2.2.0,c8f1bf1665a8c5dfb834c0571e7dd5f6b6e5ccd00eab00295338bd42cfde549b
CPT,Camden Property Trust Common Stock,nasdaqtrader:N:CPT,SECURITY:CPT:nasdaqtrader:N:CPT,,common_equity,eligible,N,,,107.59,117.58,,119834344.44301587,-4.652605459057069,1.3374776302156999,0.36380597014924465,-0.7746933505487497,8.496342915461808,20.687757323466645,277.0,full,usable,2026-08-21,conditional,84.14,100.0,,,73.0,82.0,92.0,100.0,2.2.0,c8f1bf1665a8c5dfb834c0571e7dd5f6b6e5ccd00eab00295338bd42cfde549b
CR,Crane Company Common Stock,nasdaqtrader:N:CR,SECURITY:CR:nasdaqtrader:N:CR,,common_equity,eligible,N,,,208.41,226.44,,99757230.79206349,-4.442916093535077,18.81984036488027,2.538745387453867,9.689473684210515,7.96237413884473,35.80178486329915,277.0,full,usable,2026-08-21,conditional,60.57,100.0,,,67.0,28.0,80.0,100.0,2.2.0,c8f1bf1665a8c5dfb834c0571e7dd5f6b6e5ccd00eab00295338bd42cfde549b
CRAI,"CRA International,Inc. - Common Stock",nasdaqtrader:Q:CRAI,SECURITY:CRAI:nasdaqtrader:Q:CRAI,,common_equity,eligible,Q,,,176.9,223.33,,24935137.3484127,5.725555821180972,20.02171110658797,6.182472989195675,-6.791717161072752,20.789862535261726,41.35040698981204,277.0,full,usable,2026-08-21,conditional,77.86,100.0,,,61.0,92.0,62.0,100.0,2.2.0,c8f1bf1665a8c5dfb834c0571e7dd5f6b6e5ccd00eab00295338bd42cfde549b
CRBG,Corebridge Financial Inc. Common Stock,nasdaqtrader:N:CRBG,SECURITY:CRBG:nasdaqtrader:N:CRBG,,common_equity,eligible,N,,,31.95,34.98,,144673428.134127,3.5992217898832557,15.551537070524413,7.720836142953469,-6.578947368421062,8.662092624356765,33.35771511673891,277.0,full,usable,2026-08-21,conditional,80.71,100.0,,,61.0,82.0,92.0,100.0,2.2.0,c8f1bf1665a8c5dfb834c0571e7dd5f6b6e5ccd00eab00295338bd42cfde549b
CRBP,"Corbus Pharmaceuticals Holdings, Inc. - Common Stock",nasdaqtrader:Q:CRBP,SECURITY:CRBP:nasdaqtrader:Q:CRBP,,common_equity,eligible,Q,,,10.38,19.36,,4407243.354285714,11.37339055793991,-9.817549956559501,39.89218328840971,12.581344902386116,46.38429752066116,49.73422033519231,277.0,full,usable,2026-08-21,conditional,77.57,100.0,,,69.0,95.0,45.0,100.0,2.2.0,c8f1bf1665a8c5dfb834c0571e7dd5f6b6e5ccd00eab00295338bd42cfde549b
CRBU,"Caribou Biosciences, Inc. - Common Stock",nasdaqtrader:Q:CRBU,SECURITY:CRBU:nasdaqtrader:Q:CRBU,,common_equity,eligible,Q,,,1.66,2.84,,3290983.426111111,1.8404907975460238,-16.582914572864325,-7.777777777777784,-7.777777777777784,41.54929577464789,48.163720158430145,277.0,full,usable,2026-08-21,conditional,78.71,100.0,,,73.0,95.0,45.0,100.0,2.2.0,c8f1bf1665a8c5dfb834c0571e7dd5f6b6e5ccd00eab00295338bd42cfde549b
CRC,California Resources Corporation Common Stock,nasdaqtrader:N:CRC,SECURITY:CRC:nasdaqtrader:N:CRC,,common_equity,eligible,N,,,53.24,70.13,,44560545.59444444,-1.8617511520737318,-14.487632508833915,-10.097939885173924,11.567476948868416,24.083844289177236,29.343010439709133,277.0,full,usable,2026-08-21,conditional,86.86,100.0,,,79.0,92.0,80.0,100.0,2.2.0,c8f1bf1665a8c5dfb834c0571e7dd5f6b6e5ccd00eab00295338bd42cfde549b
CRCL,"Circle Internet Group, Inc. Class A Common Stock",nasdaqtrader:N:CRCL,NAMECLASS:CIRCLE INTERNET GROUP INC,,common_equity,eligible,N,,,87.98,150.48,,1029652962.6231747,41.4924412994532,-23.415738161559887,39.60647413519518,-36.158479065379865,41.53375863902179,78.7388361650667,277.0,full,usable,2026-08-21,conditional,85.93,100.0,,,57.0,95.0,100.0,100.0,2.2.0,c8f1bf1665a8c5dfb834c0571e7dd5f6b6e5ccd00eab00295338bd42cfde549b
CRCT,"Cricut, Inc. - Class A common stock",nasdaqtrader:Q:CRCT,NAMECLASS:CRICUT INC,,common_equity,eligible,Q,,,5.59,6.84,,3266414.0385714285,31.529411764705873,39.40149625935163,20.99567099567099,-1.9298245614035148,18.274853801169588,72.66830620484708,277.0,full,usable,2026-08-21,conditional,67.79,100.0,,,51.0,82.0,45.0,100.0,2.2.0,c8f1bf1665a8c5dfb834c0571e7dd5f6b6e5ccd00eab00295338bd42cfde549b
CRD.A,Crawford & Company Common Stock,nasdaqtrader:N:CRD.A,SECURITY:CRD.A:nasdaqtrader:N:CRD.A,,common_equity,eligible,N,,,13.26,13.77,,799216.4157142857,22.89156626506026,27.499999999999993,22.437673130193915,25.568181818181813,3.703703703703698,44.30365831149736,277.0,full,usable,2026-08-21,rejected,36.43,100.0,,,65.0,10.0,0.0,100.0,2.2.0,c8f1bf1665a8c5dfb834c0571e7dd5f6b6e5ccd00eab00295338bd42cfde549b
CRD.B,Crawford & Company Common Stock,nasdaqtrader:N:CRD.B,SECURITY:CRD.B:nasdaqtrader:N:CRD.B,,common_equity,eligible,N,,,12.24,12.66,,81218.38063492064,21.188118811881186,18.48983543078413,17.017208413001896,17.18525610339876,3.3175355450236976,46.85986281222023,277.0,full,usable,2026-08-21,rejected,36.43,100.0,,,65.0,10.0,0.0,100.0,2.2.0,c8f1bf1665a8c5dfb834c0571e7dd5f6b6e5ccd00eab00295338bd42cfde549b
CRDF,"Cardiff Oncology, Inc. - Common Stock",nasdaqtrader:Q:CRDF,SECURITY:CRDF:nasdaqtrader:Q:CRDF,,common_equity,eligible,Q,,,0.8801,3.21,,1756262.287015873,5.011335162868402,-50.832402234636874,-45.33540372670808,-61.399122807017534,72.58255451713396,122.85256722214142,277.0,full,usable,2026-08-21,rejected,40.71,100.0,,,55.0,30.0,0.0,100.0,2.2.0,c8f1bf1665a8c5dfb834c0571e7dd5f6b6e5ccd00eab00295338bd42cfde549b
CRDL,Cardiol Therapeutics Inc. - Class A Common Shares,nasdaqtrader:Q:CRDL,NAMECLASS:CARDIOL THERAPEUTICS INC,,common_equity,eligible,Q,,,1.86,1.96,,1047726.0925396825,51.21951219512195,41.984732824427475,86.00000000000001,60.34482758620692,5.102040816326525,66.2143152957977,277.0,full,usable,2026-08-21,rejected,45.14,100.0,,,73.0,28.0,0.0,100.0,2.2.0,c8f1bf1665a8c5dfb834c0571e7dd5f6b6e5ccd00eab00295338bd42cfde549b
CRDO,Credo Technology Group Holding Ltd - Ordinary Shares,nasdaqtrader:Q:CRDO,SECURITY:CRDO:nasdaqtrader:Q:CRDO,,common_equity,eligible,Q,,,230.57,302.52,,1844293526.2294445,-2.5073995771670243,19.225399451884794,85.85361921650814,117.53939050853855,23.783551500727217,103.40989000754826,277.0,full,usable,2026-08-21,conditional,89.43,100.0,,,73.0,92.0,100.0,100.0,2.2.0,c8f1bf1665a8c5dfb834c0571e7dd5f6b6e5ccd00eab00295338bd42cfde549b
CRE,Cre8 Enterprise Limited - Class A Ordinary Shares,nasdaqtrader:Q:CRE,NAMECLASS:CRE8 ENTERPRISE LIMITED,,common_equity,eligible,Q,,,2.6,12.0,,2940191.6621380956,-1.9238023387400882,18.181818181818166,11.587982832618016,-72.77771961051198,78.33333333333333,89.86316781826731,273.0,full,usable,2026-08-21,conditional,44.64,100.0,,,35.0,30.0,45.0,100.0,2.2.0,c8f1bf1665a8c5dfb834c0571e7dd5f6b6e5ccd00eab00295338bd42cfde549b
CRESY,"Cresud S.A.C.I.F. y A. - American Depositary Shares, each representing ten shares of Common Stock",nasdaqtrader:Q:CRESY,SECURITY:CRESY:nasdaqtrader:Q:CRESY,,adr,eligible,Q,,,11.17,14.11,,3107705.8035714286,-0.4456327985739805,0.5400540054005365,-7.225913621262448,4.784240150093799,20.836286321757612,36.7034343707991,277.0,full,usable,2026-08-21,conditional,79.36,100.0,,,79.0,92.0,45.0,100.0,2.2.0,c8f1bf1665a8c5dfb834c0571e7dd5f6b6e5ccd00eab00295338bd42cfde549b
CREX,"Creative Realities, Inc. - Common Stock",nasdaqtrader:Q:CREX,SECURITY:CREX:nasdaqtrader:Q:CREX,,common_equity,eligible,Q,,,2.85,4.15,,136597.1807936508,-15.17857142857142,-23.38709677419355,-18.571428571428573,25.55066079295154,31.32530120481928,65.76691056147574,277.0,full,usable,2026-08-21,rejected,72.0,100.0,,,87.0,92.0,0.0,100.0,2.2.0,c8f1bf1665a8c5dfb834c0571e7dd5f6b6e5ccd00eab00295338bd42cfde549b
CRGO,Freightos Limited - Ordinary shares,nasdaqtrader:Q:CRGO,SECURITY:CRGO:nasdaqtrader:Q:CRGO,,common_equity,eligible,Q,,,1.36,4.1,,298741.552936508,2.2556390977443552,-33.65853658536584,-38.738738738738746,-58.409785932721704,66.82926829268293,99.78591719966212,277.0,full,usable,2026-08-21,rejected,44.14,100.0,,,67.0,30.0,0.0,100.0,2.2.0,c8f1bf1665a8c5dfb834c0571e7dd5f6b6e5ccd00eab00295338bd42cfde549b
CRGY,Crescent Energy Company Class A Common Stock,nasdaqtrader:N:CRGY,NAMECLASS:CRESCENT ENERGY COMPANY,,common_equity,eligible,N,,,14.06,14.06,,67322047.49111111,23.441615452150998,7.328244274809159,31.279178338001866,51.50862068965518,0.0,46.83986796858682,277.0,full,usable,2026-08-21,conditional,55.86,100.0,,,73.0,10.0,80.0,100.0,2.2.0,c8f1bf1665a8c5dfb834c0571e7dd5f6b6e5ccd00eab00295338bd42cfde549b
CRH,CRH PLC Ordinary Shares,nasdaqtrader:N:CRH,SECURITY:CRH:nasdaqtrader:N:CRH,,common_equity,eligible,N,,,95.07,131.38,,464587234.3504762,-3.0095898796164033,-5.899237850143535,-23.355369235730418,-14.173512683939693,27.637387730248143,33.061549323265154,277.0,full,usable,2026-08-21,conditional,87.71,100.0,,,73.0,92.0,92.0,100.0,2.2.0,c8f1bf1665a8c5dfb834c0571e7dd5f6b6e5ccd00eab00295338bd42cfde549b
CRI,"Carter's, Inc. Common Stock",nasdaqtrader:N:CRI,SECURITY:CRI:nasdaqtrader:N:CRI,,common_equity,eligible,N,,,35.77,44.37,,38300231.97396825,-4.460470085470069,-4.765708200212993,-19.382465629930124,40.605345911949684,19.382465629930124,33.14152489360505,277.0,full,usable,2026-08-21,conditional,85.57,100.0,,,87.0,82.0,80.0,100.0,2.2.0,c8f1bf1665a8c5dfb834c0571e7dd5f6b6e5ccd00eab00295338bd42cfde549b
CRIS,"Curis, Inc. - Common Stock",nasdaqtrader:Q:CRIS,SECURITY:CRIS:nasdaqtrader:Q:CRIS,,common_equity,eligible,Q,,,1.58,36.4,,1398114.734968254,-66.16702355460386,-83.87755102040816,-92.88288288288288,-94.9032258064516,95.65934065934066,173.87436291648143,277.0,full,usable,2026-08-21,rejected,25.0,100.0,,,0.0,30.0,0.0,100.0,2.2.0,c8f1bf1665a8c5dfb834c0571e7dd5f6b6e5ccd00eab00295338bd42cfde549b
CRK,"Comstock Resources, Inc. Common Stock",nasdaqtrader:N:CRK,SECURITY:CRK:nasdaqtrader:N:CRK,,common_equity,eligible,N,,,14.22,27.37,,33367241.415079366,3.6443148688046545,0.7795889440113557,-28.793189784677008,-7.722258273848148,48.045305078553156,46.36888684641982,277.0,full,usable,2026-08-21,conditional,86.21,100.0,,,73.0,95.0,80.0,100.0,2.2.0,c8f1bf1665a8c5dfb834c0571e7dd5f6b6e5ccd00eab00295338bd42cfde549b
CRL,"Charles River Laboratories International, Inc. Common Stock",nasdaqtrader:N:CRL,SECURITY:CRL:nasdaqtrader:N:CRL,,common_equity,eligible,N,,,295.19,295.19,,202300034.5147619,28.74089580880108,85.81770112048343,74.75136159128584,84.97932071688179,0.0,45.96354278091144,277.0,full,usable,2026-08-21,conditional,58.43,100.0,,,73.0,10.0,92.0,100.0,2.2.0,c8f1bf1665a8c5dfb834c0571e7dd5f6b6e5ccd00eab00295338bd42cfde549b
CRM,"Salesforce, Inc. Common Stock",nasdaqtrader:N:CRM,SECURITY:CRM:nasdaqtrader:N:CRM,,common_equity,eligible,N,,,209.17,266.23,,2617494273.957143,33.288727458102315,18.63762690715216,12.967163534240655,-15.126800568066546,21.43259587574654,48.6151774787125,277.0,full,usable,2026-08-21,conditional,86.0,100.0,,,61.0,92.0,100.0,100.0,2.2.0,c8f1bf1665a8c5dfb834c0571e7dd5f6b6e5ccd00eab00295338bd42cfde549b
CRMD,CorMedix Inc. - Common Stock,nasdaqtrader:Q:CRMD,SECURITY:CRMD:nasdaqtrader:Q:CRMD,,common_equity,eligible,Q,,,8.2,14.83,,10729439.797301587,1.8633540372670732,1.7369727047146233,16.64295874822188,-39.349112426035504,44.70667565745112,66.02909407954927,277.0,full,usable,2026-08-21,conditional,77.79,100.0,,,57.0,95.0,62.0,100.0,2.2.0,c8f1bf1665a8c5dfb834c0571e7dd5f6b6e5ccd00eab00295338bd42cfde549b
CRML,Critical Metals Corp. - Ordinary Shares,nasdaqtrader:Q:CRML,SECURITY:CRML:nasdaqtrader:Q:CRML,,common_equity,eligible,Q,,,7.11,29.97,,53921835.87492064,16.366612111292955,-36.175942549371634,-21.52317880794702,22.58620689655173,76.27627627627628,112.72106593230387,277.0,full,usable,2026-08-21,conditional,67.0,100.0,,,87.0,30.0,80.0,100.0,2.2.0,c8f1bf1665a8c5dfb834c0571e7dd5f6b6e5ccd00eab00295338bd42cfde549b
CRMT,"America's Car-Mart, Inc. - Common Stock",nasdaqtrader:Q:CRMT,SECURITY:CRMT:nasdaqtrader:Q:CRMT,,common_equity,eligible,Q,,,2.38,47.44,,5521869.917936508,-34.61538461538463,-80.33057851239668,-89.41751889728768,-94.63661971830986,94.98313659359191,151.02735465689835,277.0,full,usable,2026-08-21,conditional,38.29,100.0,,,0.0,30.0,62.0,100.0,2.2.0,c8f1bf1665a8c5dfb834c0571e7dd5f6b6e5ccd00eab00295338bd42cfde549b
CRNC,Cerence Inc. - Common Stock,nasdaqtrader:Q:CRNC,SECURITY:CRNC:nasdaqtrader:Q:CRNC,,common_equity,eligible,Q,,,8.06,13.3,,9518080.638253968,-8.513053348467647,-16.82146542827656,1.7676767676767735,-23.456790123456784,39.3984962406015,64.98953461154632,277.0,full,usable,2026-08-21,conditional,82.36,100.0,,,73.0,95.0,62.0,100.0,2.2.0,c8f1bf1665a8c5dfb834c0571e7dd5f6b6e5ccd00eab00295338bd42cfde549b
CRNT,Ceragon Networks Ltd. - Ordinary Shares,nasdaqtrader:Q:CRNT,SECURITY:CRNT:nasdaqtrader:Q:CRNT,,common_equity,eligible,Q,,,2.09,3.2,,1767176.983888889,-5.855855855855873,-17.391304347826086,-9.130434782608699,11.170212765957444,34.68750000000001,46.567221962954314,277.0,full,usable,2026-08-21,rejected,69.71,100.0,,,79.0,92.0,0.0,100.0,2.2.0,c8f1bf1665a8c5dfb834c0571e7dd5f6b6e5ccd00eab00295338bd42cfde549b
CRNX,"Crinetics Pharmaceuticals, Inc. - Common Stock",nasdaqtrader:Q:CRNX,SECURITY:CRNX:nasdaqtrader:Q:CRNX,,common_equity,eligible,Q,,,84.69,84.75,,303829201.34761906,1.2432755528989814,128.33647883526552,94.95856353591161,191.13097284290131,0.0707964601769917,2.1984023762108333,277.0,full,usable,2026-08-21,conditional,58.43,100.0,,,73.0,10.0,92.0,100.0,2.2.0,c8f1bf1665a8c5dfb834c0571e7dd5f6b6e5ccd00eab00295338bd42cfde549b
CRON,Cronos Group Inc. - Common Share,nasdaqtrader:Q:CRON,SECURITY:CRON:nasdaqtrader:Q:CRON,,common_equity,eligible,Q,,,3.31,3.31,,3325272.546825397,20.802919708029187,21.24542124542126,22.592592592592588,36.77685950413223,0.0,43.30789961219029,277.0,full,usable,2026-08-21,conditional,46.07,100.0,,,65.0,10.0,45.0,100.0,2.2.0,c8f1bf1665a8c5dfb834c0571e7dd5f6b6e5ccd00eab00295338bd42cfde549b
CROX,"Crocs, Inc. - Common Stock",nasdaqtrader:Q:CROX,SECURITY:CROX:nasdaqtrader:Q:CROX,,common_equity,eligible,Q,,,122.11,141.19,,141946962.58920637,-7.82063863516268,12.099513449003929,22.06117552978808,45.85523172479695,13.513704936610239,43.25636740186216,277.0,full,usable,2026-08-21,conditional,81.86,100.0,,,65.0,82.0,92.0,100.0,2.2.0,c8f1bf1665a8c5dfb834c0571e7dd5f6b6e5ccd00eab00295338bd42cfde549b
CRS,Carpenter Technology Corporation Common Stock,nasdaqtrader:N:CRS,SECURITY:CRS:nasdaqtrader:N:CRS,,common_equity,eligible,N,,,492.38,619.25,,411275925.6084127,-18.146756657911357,12.33345501003833,26.338747337900582,105.08142779790913,20.4876867178038,48.59661857542656,277.0,full,usable,2026-08-21,conditional,87.71,100.0,,,73.0,92.0,92.0,100.0,2.2.0,c8f1bf1665a8c5dfb834c0571e7dd5f6b6e5ccd00eab00295338bd42cfde549b
CRSP,CRISPR Therapeutics AG - Common Shares,nasdaqtrader:Q:CRSP,SECURITY:CRSP:nasdaqtrader:Q:CRSP,,common_equity,eligible,Q,,,59.5,76.78,,89971289.9157143,25.184094256259204,19.238476953907814,11.298166853722403,12.116073110985482,22.505860901276375,53.4927667456352,277.0,full,usable,2026-08-21,conditional,83.43,100.0,,,67.0,92.0,80.0,100.0,2.2.0,c8f1bf1665a8c5dfb834c0571e7dd5f6b6e5ccd00eab00295338bd42cfde549b
CRSR,"Corsair Gaming, Inc. - Common Stock",nasdaqtrader:Q:CRSR,SECURITY:CRSR:nasdaqtrader:Q:CRSR,,common_equity,eligible,Q,,,10.93,14.35,,30523158.65968254,8.432539682539675,57.720057720057724,94.48398576512456,33.29268292682927,23.832752613240416,108.82555941235188,277.0,full,usable,2026-08-21,conditional,82.86,100.0,,,65.0,92.0,80.0,100.0,2.2.0,c8f1bf1665a8c5dfb834c0571e7dd5f6b6e5ccd00eab00295338bd42cfde549b
CRT,Cross Timbers Royalty Trust Common Stock,nasdaqtrader:N:CRT,SECURITY:CRT:nasdaqtrader:N:CRT,,common_equity,eligible,N,,,10.81,11.0,,199913.17412698414,9.02672718103885,0.4646840148698983,20.917225950783003,24.395857307249734,1.7272727272727217,29.288875442048635,277.0,full,usable,2026-08-21,rejected,39.86,100.0,,,77.0,10.0,0.0,100.0,2.2.0,c8f1bf1665a8c5dfb834c0571e7dd5f6b6e5ccd00eab00295338bd42cfde549b
CRTO,Criteo S.A. - Ordinary Shares,nasdaqtrader:Q:CRTO,SECURITY:CRTO:nasdaqtrader:Q:CRTO,,common_equity,eligible,Q,,,17.44,24.83,,9173459.742301587,-16.274603936629852,1.5725101921956863,-0.45662100456620447,-27.66486934881791,29.762384212645987,92.73187166770722,277.0,full,usable,2026-08-21,conditional,79.57,100.0,,,67.0,92.0,62.0,100.0,2.2.0,c8f1bf1665a8c5dfb834c0571e7dd5f6b6e5ccd00eab00295338bd42cfde549b
CRUS,"Cirrus Logic, Inc. - Common Stock",nasdaqtrader:Q:CRUS,SECURITY:CRUS:nasdaqtrader:Q:CRUS,,common_equity,eligible,Q,,,115.33,178.9,,94732375.16420636,-13.629895903542277,-30.782619133357347,-18.861685662023355,2.2247828399220015,35.533817775293464,35.06884622761631,277.0,full,usable,2026-08-21,conditional,87.93,100.0,,,79.0,95.0,80.0,100.0,2.2.0,c8f1bf1665a8c5dfb834c0571e7dd5f6b6e5ccd00eab00295338bd42cfde549b
CRVL,CorVel Corp. - Common Stock,nasdaqtrader:Q:CRVL,SECURITY:CRVL:nasdaqtrader:Q:CRVL,,common_equity,eligible,Q,,,70.15,92.64,,12768614.892063493,18.878156244704304,13.990900227494318,42.00404858299596,-21.11773304846508,24.276770293609662,33.4040873139748,277.0,full,usable,2026-08-21,conditional,75.0,100.0,,,51.0,92.0,62.0,100.0,2.2.0,c8f1bf1665a8c5dfb834c0571e7dd5f6b6e5ccd00eab00295338bd42cfde549b
CRVO,CervoMed Inc. - Common Stock,nasdaqtrader:Q:CRVO,SECURITY:CRVO:nasdaqtrader:Q:CRVO,,common_equity,eligible,Q,,,2.62,10.69,,23950100.6531746,-1.872659176029956,-15.210355987055014,-43.412526997840175,-71.61430119176599,75.49111318989709,68.43875860254283,277.0,full,usable,2026-08-21,conditional,51.71,100.0,,,47.0,30.0,62.0,100.0,2.2.0,c8f1bf1665a8c5dfb834c0571e7dd5f6b6e5ccd00eab00295338bd42cfde549b
CRVS,"Corvus Pharmaceuticals, Inc. - Common Stock",nasdaqtrader:Q:CRVS,SECURITY:CRVS:nasdaqtrader:Q:CRVS,,common_equity,eligible,Q,,,14.46,25.52,,15843295.187936509,5.701754385964919,10.550458715596346,-12.733856366928176,178.61271676300578,43.3385579937304,52.09174057522489,277.0,full,usable,2026-08-21,conditional,85.21,100.0,,,83.0,95.0,62.0,100.0,2.2.0,c8f1bf1665a8c5dfb834c0571e7dd5f6b6e5ccd00eab00295338bd42cfde549b
CRWD,"CrowdStrike Holdings, Inc. - Class A Common Stock",nasdaqtrader:Q:CRWD,NAMECLASS:CROWDSTRIKE HOLDINGS INC,,common_equity,eligible,Q,,,191.95,225.53,,1992507770.1936507,4.650528840911572,18.443786252005424,97.58106021616055,83.17587556064507,14.889371702212573,56.424245284215345,277.0,full,usable,2026-08-21,conditional,85.86,100.0,,,73.0,82.0,100.0,100.0,2.2.0,c8f1bf1665a8c5dfb834c0571e7dd5f6b6e5ccd00eab00295338bd42cfde549b
CRWS,"Crown Crafts, Inc. - Common Stock",nasdaqtrader:Q:CRWS,SECURITY:CRWS:nasdaqtrader:Q:CRWS,,common_equity,eligible,Q,,,2.96,3.13,,198407.47412698413,-0.33670033670034627,8.226691042047541,0.0,-1.661129568106301,5.4313099041533475,43.75097782738521,277.0,full,usable,2026-08-21,rejected,41.71,100.0,,,61.0,28.0,0.0,100.0,2.2.0,c8f1bf1665a8c5dfb834c0571e7dd5f6b6e5ccd00eab00295338bd42cfde549b
CRWV,"CoreWeave, Inc. - Class A Common Stock",nasdaqtrader:Q:CRWV,NAMECLASS:COREWEAVE INC,,common_equity,eligible,Q,,,87.85,143.08,,2835910880.9133334,8.323057953144275,-18.339840118981233,-1.5686274509803977,-4.010052447552448,38.60078277886498,125.00907959565733,277.0,full,usable,2026-08-21,conditional,90.5,100.0,,,73.0,95.0,100.0,100.0,2.2.0,c8f1bf1665a8c5dfb834c0571e7dd5f6b6e5ccd00eab00295338bd42cfde549b
CSAI,"Cloudastructure, Inc. - Class A Common Stock",nasdaqtrader:Q:CSAI,NAMECLASS:CLOUDASTRUCTURE INC,,common_equity,eligible,Q,,,5.29,57.9,,350316.678015873,-31.011997913406365,-65.2431011826544,-75.52059231837113,-87.75462962962963,90.86355785837651,231.39749201918644,277.0,full,usable,2026-08-21,rejected,27.86,100.0,,,10.0,30.0,0.0,100.0,2.2.0,c8f1bf1665a8c5dfb834c0571e7dd5f6b6e5ccd00eab00295338bd42cfde549b
CSAN,Cosan S.A. ADS,nasdaqtrader:N:CSAN,SECURITY:CSAN:nasdaqtrader:N:CSAN,,adr,eligible,N,,,2.75,5.95,,5384165.623650794,-11.575562700964625,-20.749279538904908,-45.65217391304347,-28.9405684754522,53.781512605042025,50.74772670482487,277.0,full,usable,2026-08-21,conditional,71.71,100.0,,,67.0,70.0,62.0,100.0,2.2.0,c8f1bf1665a8c5dfb834c0571e7dd5f6b6e5ccd00eab00295338bd42cfde549b
CSBR,"Champions Oncology, Inc. - Common Stock",nasdaqtrader:Q:CSBR,SECURITY:CSBR:nasdaqtrader:Q:CSBR,,common_equity,eligible,Q,,,4.9601,8.3,,51576.2097047619,-17.331666666666667,-16.63697478991597,-14.77491408934709,-32.239071038251375,40.239759036144584,51.4875495282061,277.0,full,usable,2026-08-21,rejected,67.36,100.0,,,67.0,95.0,0.0,100.0,2.2.0,c8f1bf1665a8c5dfb834c0571e7dd5f6b6e5ccd00eab00295338bd42cfde549b
CSCO,"Cisco Systems, Inc. - Common Stock",nasdaqtrader:Q:CSCO,SECURITY:CSCO:nasdaqtrader:Q:CSCO,,common_equity,eligible,Q,,,111.04,130.0,,2817561223.671111,-1.5253636041149377,-6.057529610829104,40.20202020202019,65.45969304127553,14.584615384615384,38.89307859055357,277.0,full,usable,2026-08-21,conditional,89.29,100.0,,,85.0,82.0,100.0,100.0,2.2.0,c8f1bf1665a8c5dfb834c0571e7dd5f6b6e5ccd00eab00295338bd42cfde549b
CSGP,"CoStar Group, Inc. - Common Stock",nasdaqtrader:Q:CSGP,SECURITY:CSGP:nasdaqtrader:Q:CSGP,,common_equity,eligible,Q,,,32.26,91.22,,219050338.52658728,18.865143699336762,-4.921898025346305,-35.31181070784039,-63.444759206798864,64.63494847621136,55.40101013461275,277.0,full,usable,2026-08-21,conditional,78.14,100.0,,,67.0,70.0,92.0,100.0,2.2.0,c8f1bf1665a8c5dfb834c0571e7dd5f6b6e5ccd00eab00295338bd42cfde549b
CSHR,CoinShares PLC - Ordinary Shares,nasdaqtrader:Q:CSHR,SECURITY:CSHR:nasdaqtrader:Q:CSHR,,common_equity,eligible,Q,,,5.815,11.99,,1018781.408968254,39.11483253588519,7.486136783733821,-45.244821092278706,-44.19385796545106,51.50125104253544,73.7026249128874,277.0,full,usable,2026-08-21,rejected,55.0,100.0,,,55.0,70.0,0.0,100.0,2.2.0,c8f1bf1665a8c5dfb834c0571e7dd5f6b6e5ccd00eab00295338bd42cfde549b
CSIQ,Canadian Solar Inc. - Common Shares,nasdaqtrader:Q:CSIQ,SECURITY:CSIQ:nasdaqtrader:Q:CSIQ,,common_equity,eligible,Q,,,14.55,33.58,,38355253.18650793,-0.9530292716133371,-19.613259668508288,-27.431421446384043,14.117647058823547,56.670637284097666,64.17626502387448,277.0,full,usable,2026-08-21,conditional,79.0,100.0,,,79.0,70.0,80.0,100.0,2.2.0,c8f1bf1665a8c5dfb834c0571e7dd5f6b6e5ccd00eab00295338bd42cfde549b
CSL,Carlisle Companies Incorporated Common Stock,nasdaqtrader:N:CSL,SECURITY:CSL:nasdaqtrader:N:CSL,,common_equity,eligible,N,,,367.68,418.74,,165974924.82936507,10.897300557985211,10.627030930316517,-10.107085228106193,-4.165146223218475,12.193724029230546,46.10346165837297,277.0,full,usable,2026-08-21,conditional,80.71,100.0,,,61.0,82.0,92.0,100.0,2.2.0,c8f1bf1665a8c5dfb834c0571e7dd5f6b6e5ccd00eab00295338bd42cfde549b
CSPI,CSP Inc. - Common Stock,nasdaqtrader:Q:CSPI,SECURITY:CSPI:nasdaqtrader:Q:CSPI,,common_equity,eligible,Q,,,7.56,14.96,,287793.7596825397,-3.9390088945362223,-19.74522292993631,-17.014270032930845,-34.08892763731474,49.46524064171124,41.181715911965924,277.0,full,usable,2026-08-21,rejected,67.36,100.0,,,67.0,95.0,0.0,100.0,2.2.0,c8f1bf1665a8c5dfb834c0571e7dd5f6b6e5ccd00eab00295338bd42cfde549b
CSQR,"Csquare, Inc. Common Stock",nasdaqtrader:N:CSQR,SECURITY:CSQR:nasdaqtrader:N:CSQR,,common_equity,eligible,N,,,20.33,22.98,,37040014.50037037,-5.4858205485820655,,,,11.53176675369888,,27.0,insufficient,usable,2026-08-21,recheck,,71.43,,,,82.0,80.0,64.0,2.2.0,c8f1bf1665a8c5dfb834c0571e7dd5f6b6e5ccd00eab00295338bd42cfde549b
CSR,D/B/A Centerspace Common Stock,nasdaqtrader:N:CSR,SECURITY:CSR:nasdaqtrader:N:CSR,,common_equity,eligible,N,,,53.96,68.89,,9319198.237619048,-3.12387791741473,-19.9406528189911,-13.163823624074666,-4.495575221238934,21.67223109304689,24.513695982200655,277.0,full,usable,2026-08-21,conditional,81.29,100.0,,,73.0,92.0,62.0,100.0,2.2.0,c8f1bf1665a8c5dfb834c0571e7dd5f6b6e5ccd00eab00295338bd42cfde549b
CSTE,Caesarstone Ltd. - Ordinary Shares,nasdaqtrader:Q:CSTE,SECURITY:CSTE:nasdaqtrader:Q:CSTE,,common_equity,eligible,Q,,,3.53,3.58,,329357.80325396825,60.454545454545425,100.56818181818178,116.56441717791411,135.33333333333331,1.3966480446927498,89.35331418843074,277.0,full,usable,2026-08-21,rejected,38.71,100.0,,,73.0,10.0,0.0,100.0,2.2.0,c8f1bf1665a8c5dfb834c0571e7dd5f6b6e5ccd00eab00295338bd42cfde549b
CSTL,"Castle Biosciences, Inc. - Common stock",nasdaqtrader:Q:CSTL,SECURITY:CSTL:nasdaqtrader:Q:CSTL,,common_equity,eligible,Q,,,34.2,43.04,,10255220.540714286,34.22291993720565,66.50438169425514,17.08319068812052,72.90192113245703,20.53903345724907,58.65091168182045,277.0,full,usable,2026-08-21,conditional,81.29,100.0,,,73.0,92.0,62.0,100.0,2.2.0,c8f1bf1665a8c5dfb834c0571e7dd5f6b6e5ccd00eab00295338bd42cfde549b
CSTM,Constellium SE Ordinary Shares (France),nasdaqtrader:N:CSTM,SECURITY:CSTM:nasdaqtrader:N:CSTM,,common_equity,eligible,N,,,27.04,36.15,,59552337.34650794,-9.866666666666667,-15.605493133583026,6.2893081761006275,87.77777777777777,25.20055325034578,43.999532751915844,277.0,full,usable,2026-08-21,conditional,91.43,100.0,,,95.0,92.0,80.0,100.0,2.2.0,c8f1bf1665a8c5dfb834c0571e7dd5f6b6e5ccd00eab00295338bd42cfde549b
CSV,"Carriage Services, Inc. Common Stock",nasdaqtrader:N:CSV,SECURITY:CSV:nasdaqtrader:N:CSV,,common_equity,eligible,N,,,34.45,51.65,,6114159.945555556,-8.790045009266612,-21.508316245158344,-23.205528310298696,-23.664967870596055,33.301064859632135,50.24330442093255,277.0,full,usable,2026-08-21,conditional,81.29,100.0,,,73.0,92.0,62.0,100.0,2.2.0,c8f1bf1665a8c5dfb834c0571e7dd5f6b6e5ccd00eab00295338bd42cfde549b
CSW,"CSW Industrials, Inc. Common Stock",nasdaqtrader:N:CSW,SECURITY:CSW:nasdaqtrader:N:CSW,,common_equity,eligible,N,,,330.09,351.29,,44609641.64730159,13.71042750353093,25.643270401948826,6.001926782273603,25.868446139180158,6.03489994022034,62.61802080717504,277.0,full,usable,2026-08-21,conditional,62.86,100.0,,,75.0,28.0,80.0,100.0,2.2.0,c8f1bf1665a8c5dfb834c0571e7dd5f6b6e5ccd00eab00295338bd42cfde549b
CSWC,Capital Southwest Corporation - Common Stock,nasdaqtrader:Q:CSWC,SECURITY:CSWC:nasdaqtrader:Q:CSWC,,common_equity,eligible,Q,,,24.96,25.25,,15725485.807936508,6.439232409381668,8.145580589254786,9.666080843585224,11.47833854399285,1.1485148514851495,17.53439135191474,277.0,full,usable,2026-08-21,conditional,50.29,100.0,,,67.0,10.0,62.0,100.0,2.2.0,c8f1bf1665a8c5dfb834c0571e7dd5f6b6e5ccd00eab00295338bd42cfde549b
CSX,CSX Corporation - Common Stock,nasdaqtrader:Q:CSX,SECURITY:CSX:nasdaqtrader:Q:CSX,,common_equity,eligible,Q,,,51.59,53.23,,608022383.5138888,-2.3101685286877505,12.39651416122005,21.933349090049624,43.34537371492082,3.0809693781701952,24.317742046907505,277.0,full,usable,2026-08-21,conditional,57.86,100.0,,,65.0,10.0,100.0,100.0,2.2.0,c8f1bf1665a8c5dfb834c0571e7dd5f6b6e5ccd00eab00295338bd42cfde549b
CTAS,Cintas Corporation - Common Stock,nasdaqtrader:Q:CTAS,SECURITY:CTAS:nasdaqtrader:Q:CTAS,,common_equity,eligible,Q,,,203.79,216.53,,430055937.2444445,0.2656826568265602,18.23508934787652,1.8848115188480952,-5.970562450975869,5.883711264028079,31.699317109556535,277.0,full,usable,2026-08-21,conditional,61.43,100.0,,,61.0,28.0,92.0,100.0,2.2.0,c8f1bf1665a8c5dfb834c0571e7dd5f6b6e5ccd00eab00295338bd42cfde549b
CTBI,"Community Trust Bancorp, Inc. - Common Stock",nasdaqtrader:Q:CTBI,SECURITY:CTBI:nasdaqtrader:Q:CTBI,,common_equity,eligible,Q,,,76.52,79.46,,8697019.458888888,2.4089935760171377,14.208955223880594,20.37124429762467,36.25356125356125,3.699974830103192,20.719738184518963,277.0,full,usable,2026-08-21,conditional,49.71,100.0,,,65.0,10.0,62.0,100.0,2.2.0,c8f1bf1665a8c5dfb834c0571e7dd5f6b6e5ccd00eab00295338bd42cfde549b
CTEV,Claritev Corporation Class A Common Stock,nasdaqtrader:N:CTEV,NAMECLASS:CLARITEV CORPORATION,,common_equity,eligible,N,,,37.27,72.58,,3655439.992857143,60.16330038676409,58.25902335456477,60.16330038676409,-43.590131678522766,48.649765775695776,115.48058424167844,277.0,full,usable,2026-08-21,conditional,70.71,100.0,,,45.0,95.0,45.0,100.0,2.2.0,c8f1bf1665a8c5dfb834c0571e7dd5f6b6e5ccd00eab00295338bd42cfde549b
CTGO,Contango Silver & Gold Inc. Common Stock,nasdaqtrader:A:CTGO,SECURITY:CTGO:nasdaqtrader:A:CTGO,,common_equity,eligible,A,,,20.01,33.1,,8802011.455396825,25.76995600251415,-6.495327102803728,-28.07332854061826,-3.193033381712629,39.546827794561935,63.51433335460903,277.0,full,usable,2026-08-21,conditional,82.36,100.0,,,73.0,95.0,62.0,100.0,2.2.0,c8f1bf1665a8c5dfb834c0571e7dd5f6b6e5ccd00eab00295338bd42cfde549b
CTKB,"Cytek Biosciences, Inc. - Common Stock",nasdaqtrader:Q:CTKB,SECURITY:CTKB:nasdaqtrader:Q:CTKB,,common_equity,eligible,Q,,,4.81,5.88,,5588087.432698413,5.482456140350878,21.464646464646453,8.577878103837477,20.24999999999999,18.19727891156463,40.77876811702315,277.0,full,usable,2026-08-21,conditional,78.29,100.0,,,75.0,82.0,62.0,100.0,2.2.0,c8f1bf1665a8c5dfb834c0571e7dd5f6b6e5ccd00eab00295338bd42cfde549b
CTM,"Castellum, Inc. Common Stock",nasdaqtrader:A:CTM,SECURITY:CTM:nasdaqtrader:A:CTM,,common_equity,eligible,A,,,0.6106,1.31,,3045277.520339682,-12.771428571428567,-10.153031194820471,-33.96063162448626,-39.54455445544555,53.38931297709924,101.52666675017426,277.0,full,usable,2026-08-21,conditional,68.07,100.0,,,67.0,70.0,45.0,100.0,2.2.0,c8f1bf1665a8c5dfb834c0571e7dd5f6b6e5ccd00eab00295338bd42cfde549b
CTMX,"CytomX Therapeutics, Inc. - Common Stock",nasdaqtrader:Q:CTMX,SECURITY:CTMX:nasdaqtrader:Q:CTMX,,common_equity,eligible,Q,,,3.28,6.75,,13385097.997301588,-1.501501501501512,-12.765957446808507,-39.59484346224678,66.497461928934,51.40740740740741,45.0851245194643,277.0,full,usable,2026-08-21,conditional,79.71,100.0,,,95.0,70.0,62.0,100.0,2.2.0,c8f1bf1665a8c5dfb834c0571e7dd5f6b6e5ccd00eab00295338bd42cfde549b
CTNM,"Contineum Therapeutics, Inc. - Common stock",nasdaqtrader:Q:CTNM,SECURITY:CTNM:nasdaqtrader:Q:CTNM,,common_equity,eligible,Q,,,17.19,17.19,,5834760.83063492,19.624217118997933,19.624217118997933,10.33376123234917,93.7993235625705,0.0,63.73747575625096,277.0,full,usable,2026-08-21,conditional,54.86,100.0,,,83.0,10.0,62.0,100.0,2.2.0,c8f1bf1665a8c5dfb834c0571e7dd5f6b6e5ccd00eab00295338bd42cfde549b
CTNT,Cheetah Net Supply Chain Service Inc. - Class A Common Stock,nasdaqtrader:Q:CTNT,NAMECLASS:CHEETAH NET SUPPLY CHAIN SERVICE INC,,common_equity,eligible,Q,,,1.59,418.0,,2532519.8765873015,6.711409395973167,-11.66666666666667,-99.42805755395683,-99.5,99.61961722488039,77.68890742404486,277.0,full,usable,2026-08-21,conditional,40.93,100.0,,,22.0,30.0,45.0,100.0,2.2.0,c8f1bf1665a8c5dfb834c0571e7dd5f6b6e5ccd00eab00295338bd42cfde549b
CTO,"CTO Realty Growth, Inc. Common Stock",nasdaqtrader:N:CTO,SECURITY:CTO:nasdaqtrader:N:CTO,,common_equity,eligible,N,,,21.8,22.53,,8355619.617619048,-0.04585052728105499,6.4453125,9.492717227523851,31.08839446782923,3.2401242787394646,18.600708992550658,277.0,full,usable,2026-08-21,conditional,52.57,100.0,,,75.0,10.0,62.0,100.0,2.2.0,c8f1bf1665a8c5dfb834c0571e7dd5f6b6e5ccd00eab00295338bd42cfde549b
CTOS,"Custom Truck One Source, Inc. Common Stock",nasdaqtrader:N:CTOS,SECURITY:CTOS:nasdaqtrader:N:CTOS,,common_equity,eligible,N,,,9.77,11.97,,11023959.693333333,-10.202205882352954,5.735930735930728,29.575596816976123,71.10332749562171,18.379281537176283,44.14372118733189,277.0,full,usable,2026-08-21,conditional,77.71,100.0,,,73.0,82.0,62.0,100.0,2.2.0,c8f1bf1665a8c5dfb834c0571e7dd5f6b6e5ccd00eab00295338bd42cfde549b
CTRE,"CareTrust REIT, Inc. Common Stock",nasdaqtrader:N:CTRE,SECURITY:CTRE:nasdaqtrader:N:CTRE,,common_equity,eligible,N,,,39.58,43.4,,108592745.94142857,-6.54073199527746,-3.4869544013655163,-1.1735330836454394,15.359953366365486,8.801843317972347,26.49439045768542,277.0,full,usable,2026-08-21,conditional,88.14,100.0,,,87.0,82.0,92.0,100.0,2.2.0,c8f1bf1665a8c5dfb834c0571e7dd5f6b6e5ccd00eab00295338bd42cfde549b
CTRI,"Centuri Holdings, Inc. Common Stock",nasdaqtrader:N:CTRI,SECURITY:CTRI:nasdaqtrader:N:CTRI,,common_equity,eligible,N,,,21.36,41.8,,45316048.46761905,-22.860238353196106,-29.224652087475157,-32.93563579277865,7.228915662650581,48.899521531100476,88.67508278549323,277.0,full,usable,2026-08-21,conditional,87.93,100.0,,,79.0,95.0,80.0,100.0,2.2.0,c8f1bf1665a8c5dfb834c0571e7dd5f6b6e5ccd00eab00295338bd42cfde549b
CTRM,Castor Maritime Inc. - Common Shares,nasdaqtrader:Q:CTRM,SECURITY:CTRM:nasdaqtrader:Q:CTRM,,common_equity,eligible,Q,,,2.47,2.64,,117012.19507936508,32.79569892473118,20.4878048780488,5.55555555555558,14.314805387143071,6.439393939393934,50.774801197620064,277.0,full,usable,2026-08-21,rejected,43.43,100.0,,,67.0,28.0,0.0,100.0,2.2.0,c8f1bf1665a8c5dfb834c0571e7dd5f6b6e5ccd00eab00295338bd42cfde549b
CTRN,"Citi Trends, Inc. - Common Stock",nasdaqtrader:Q:CTRN,SECURITY:CTRN:nasdaqtrader:Q:CTRN,,common_equity,eligible,Q,,,71.71,76.18,,10282054.290238095,16.204829039053624,87.57520272037667,57.91675842325479,128.9591315453384,5.86768180624837,39.19503862936208,277.0,full,usable,2026-08-21,conditional,58.43,100.0,,,73.0,28.0,62.0,100.0,2.2.0,c8f1bf1665a8c5dfb834c0571e7dd5f6b6e5ccd00eab00295338bd42cfde549b
CTS,CTS Corporation Common Stock,nasdaqtrader:N:CTS,SECURITY:CTS:nasdaqtrader:N:CTS,,common_equity,eligible,N,,,57.74,68.31,,18434651.72936508,-5.219960604070916,-3.6220998163912443,7.423255813953489,38.96510228640193,15.47357634314156,39.54212733475014,277.0,full,usable,2026-08-21,conditional,81.71,100.0,,,87.0,82.0,62.0,100.0,2.2.0,c8f1bf1665a8c5dfb834c0571e7dd5f6b6e5ccd00eab00295338bd42cfde549b
CTSH,Cognizant Technology Solutions Corporation - Class A Common Stock,nasdaqtrader:Q:CTSH,NAMECLASS:COGNIZANT TECHNOLOGY SOLUTIONS CORPORATION,,common_equity,eligible,Q,,,61.87,86.7,,532136820.11301583,43.85026737967914,18.253058103975526,-4.8592957096724625,-12.228684919846788,28.638985005767015,49.06407095685638,277.0,full,usable,2026-08-21,conditional,86.0,100.0,,,61.0,92.0,100.0,100.0,2.2.0,c8f1bf1665a8c5dfb834c0571e7dd5f6b6e5ccd00eab00295338bd42cfde549b
CTVA,"Corteva, Inc. Common Stock",nasdaqtrader:N:CTVA,SECURITY:CTVA:nasdaqtrader:N:CTVA,,common_equity,eligible,N,,,81.79,90.51,,341082400.1238095,-7.873394908763231,3.4792510121457454,7.1812344384746485,12.102521929824572,9.634294553088052,44.70835872411875,277.0,full,usable,2026-08-21,conditional,85.86,100.0,,,79.0,82.0,92.0,100.0,2.2.0,c8f1bf1665a8c5dfb834c0571e7dd5f6b6e5ccd00eab00295338bd42cfde549b
CTW,CTW - Class A Ordinary Shares,nasdaqtrader:Q:CTW,NAMECLASS:CTW,,common_equity,eligible,Q,,,2.77,3.01,,49881.29756507937,20.960698689956338,17.3728813559322,84.66666666666667,33.81642512077296,7.973421926910296,59.133016767890766,263.0,full,usable,2026-08-21,rejected,42.86,100.0,,,65.0,28.0,0.0,100.0,2.2.0,c8f1bf1665a8c5dfb834c0571e7dd5f6b6e5ccd00eab00295338bd42cfde549b
CUB,Lionheart Holdings - Class A Ordinary Shares,nasdaqtrader:Q:CUB,NAMECLASS:LIONHEART HOLDINGS,,common_equity,eligible,Q,,,10.86,10.91,,4315911.264277778,0.46253469010175685,0.46253469010175685,1.495327102803734,3.5271687321258183,0.45829514207149646,2.1136055040083,277.0,full,usable,2026-08-21,conditional,50.07,100.0,,,79.0,10.0,45.0,100.0,2.2.0,c8f1bf1665a8c5dfb834c0571e7dd5f6b6e5ccd00eab00295338bd42cfde549b
CUBE,CubeSmart Common Shares,nasdaqtrader:N:CUBE,SECURITY:CUBE:nasdaqtrader:N:CUBE,,common_equity,eligible,N,,,40.89,42.5,,85503477.75968254,-0.2926115581565414,1.944652206432318,1.464019851116638,2.3017262947210515,3.788235294117648,20.09743689161265,277.0,full,usable,2026-08-21,conditional,57.57,100.0,,,79.0,10.0,80.0,100.0,2.2.0,c8f1bf1665a8c5dfb834c0571e7dd5f6b6e5ccd00eab00295338bd42cfde549b
CUBI,"Customers Bancorp, Inc Common Stock",nasdaqtrader:N:CUBI,SECURITY:CUBI:nasdaqtrader:N:CUBI,,common_equity,eligible,N,,,79.79,83.65,,24392486.386031743,4.862662636351689,5.416831813978074,9.361293859649145,21.279829761361913,4.614465032875071,24.431779127148523,277.0,full,usable,2026-08-21,conditional,52.57,100.0,,,75.0,10.0,62.0,100.0,2.2.0,c8f1bf1665a8c5dfb834c0571e7dd5f6b6e5ccd00eab00295338bd42cfde549b
CUE,"Cue Biopharma, Inc. - Common Stock",nasdaqtrader:Q:CUE,SECURITY:CUE:nasdaqtrader:Q:CUE,,common_equity,eligible,Q,,,23.98,36.78,,4164300.5992063493,-27.530976125717743,19.303482587064668,180.66479400749063,-1.1134020618556728,34.801522566612284,120.90609503014088,277.0,full,usable,2026-08-21,conditional,71.36,100.0,,,51.0,92.0,45.0,100.0,2.2.0,c8f1bf1665a8c5dfb834c0571e7dd5f6b6e5ccd00eab00295338bd42cfde549b
CULP,"Culp, Inc. - Common Shares",nasdaqtrader:Q:CULP,SECURITY:CULP:nasdaqtrader:Q:CULP,,common_equity,eligible,Q,,,3.42,4.72,,85179.3346031746,-2.564102564102555,12.5,1.7857142857142794,-15.136476426799018,27.542372881355924,45.0711644804565,277.0,full,usable,2026-08-21,rejected,64.57,100.0,,,61.0,92.0,0.0,100.0,2.2.0,c8f1bf1665a8c5dfb834c0571e7dd5f6b6e5ccd00eab00295338bd42cfde549b
CUPR,Cuprina Holdings (Cayman) Limited - Class A Ordinary shares,nasdaqtrader:Q:CUPR,NAMECLASS:CUPRINA HOLDINGS CAYMAN LIMITED,,common_equity,eligible,Q,,,2.875,12.96,,17467071.247126985,-13.141993957703924,28.80824372759856,-13.45574954846478,-57.210894478345,77.81635802469135,114.45937023702781,277.0,full,usable,2026-08-21,conditional,54.0,100.0,,,55.0,30.0,62.0,100.0,2.2.0,c8f1bf1665a8c5dfb834c0571e7dd5f6b6e5ccd00eab00295338bd42cfde549b
CURB,Curbline Properties Corp. Common Stock,nasdaqtrader:N:CURB,SECURITY:CURB:nasdaqtrader:N:CURB,,common_equity,eligible,N,,,29.39,31.75,,40815857.48396825,-5.9820857325655785,2.439874520738927,7.85321100917431,31.55774395702775,7.433070866141733,20.25766387263248,277.0,full,usable,2026-08-21,conditional,66.29,100.0,,,87.0,28.0,80.0,100.0,2.2.0,c8f1bf1665a8c5dfb834c0571e7dd5f6b6e5ccd00eab00295338bd42cfde549b
CURI,CuriosityStream Inc.  - Class A Common Stock,nasdaqtrader:Q:CURI,NAMECLASS:CURIOSITYSTREAM INC,,common_equity,eligible,Q,,,2.76,5.41,,2943363.868095238,15.966386554621836,6.976744186046502,-15.076923076923087,-35.2112676056338,48.9833641404806,129.72661468716035,277.0,full,usable,2026-08-21,conditional,73.57,100.0,,,55.0,95.0,45.0,100.0,2.2.0,c8f1bf1665a8c5dfb834c0571e7dd5f6b6e5ccd00eab00295338bd42cfde549b
CURR,Currenc Group Inc. - Ordinary Shares,nasdaqtrader:Q:CURR,SECURITY:CURR:nasdaqtrader:Q:CURR,,common_equity,eligible,Q,,,3.51,4.49,,476444.75476190477,5.089820359281427,5.405405405405395,72.9064039408867,88.70967741935483,21.826280623608028,93.06346822972009,277.0,full,usable,2026-08-21,rejected,68.0,100.0,,,73.0,92.0,0.0,100.0,2.2.0,c8f1bf1665a8c5dfb834c0571e7dd5f6b6e5ccd00eab00295338bd42cfde549b
CURV,Torrid Holdings Inc. Common Stock,nasdaqtrader:N:CURV,SECURITY:CURV:nasdaqtrader:N:CURV,,common_equity,eligible,N,,,2.21,2.75,,831489.6901587301,-6.7510548523206815,63.70370370370368,100.90909090909088,-0.45045045045045695,19.63636363636364,60.71904123540441,277.0,full,usable,2026-08-21,rejected,58.14,100.0,,,51.0,82.0,0.0,100.0,2.2.0,c8f1bf1665a8c5dfb834c0571e7dd5f6b6e5ccd00eab00295338bd42cfde549b
CUVL,Clinuvel Pharmaceuticals Limited - American Depositary Shares,nasdaqtrader:Q:CUVL,SECURITY:CUVL:nasdaqtrader:Q:CUVL,,adr,eligible,Q,,,7.8,7.8,,38315.668288,12.230215827338121,,,,0.0,,25.0,insufficient,usable,2026-08-21,rejected,,71.43,,,,10.0,0.0,64.0,2.2.0,c8f1bf1665a8c5dfb834c0571e7dd5f6b6e5ccd00eab00295338bd42cfde549b
CUZ,Cousins Properties Incorporated Common Stock,nasdaqtrader:N:CUZ,SECURITY:CUZ:nasdaqtrader:N:CUZ,,common_equity,eligible,N,,,29.68,32.3,,48758200.42746031,-5.8972733037412794,12.339137017411051,23.873121869782963,7.032095203750455,8.111455108359122,20.873887332144385,277.0,full,usable,2026-08-21,conditional,77.0,100.0,,,57.0,82.0,80.0,100.0,2.2.0,c8f1bf1665a8c5dfb834c0571e7dd5f6b6e5ccd00eab00295338bd42cfde549b
CV,"CapsoVision, Inc. - Common Stock",nasdaqtrader:Q:CV,SECURITY:CV:nasdaqtrader:Q:CV,,common_equity,eligible,Q,,,6.02,14.42,,1010830.3405555555,-8.787878787878789,-11.07828655834564,28.63247863247864,52.79187817258881,58.252427184466015,52.20249794510854,277.0,full,usable,2026-08-21,rejected,63.57,100.0,,,85.0,70.0,0.0,100.0,2.2.0,c8f1bf1665a8c5dfb834c0571e7dd5f6b6e5ccd00eab00295338bd42cfde549b
CVBF,CVB Financial Corporation - Common Stock,nasdaqtrader:Q:CVBF,SECURITY:CVBF:nasdaqtrader:Q:CVBF,,common_equity,eligible,Q,,,22.57,23.3,,33413579.133015875,0.939177101967803,11.072834645669282,10.205078125,17.00362882322448,3.1330472103004325,17.57114810321561,277.0,full,usable,2026-08-21,conditional,56.43,100.0,,,75.0,10.0,80.0,100.0,2.2.0,c8f1bf1665a8c5dfb834c0571e7dd5f6b6e5ccd00eab00295338bd42cfde549b
CVCO,"Cavco Industries, Inc. - Common Stock",nasdaqtrader:Q:CVCO,SECURITY:CVCO:nasdaqtrader:Q:CVCO,,common_equity,eligible,Q,,,582.55,697.76,,72101053.94063492,3.638142679238565,18.527335245884945,-2.2239006377979154,20.08616602420068,16.511407933960108,33.971623638132264,277.0,full,usable,2026-08-21,conditional,82.14,100.0,,,75.0,82.0,80.0,100.0,2.2.0,c8f1bf1665a8c5dfb834c0571e7dd5f6b6e5ccd00eab00295338bd42cfde549b
CVE,Cenovus Energy Inc Common Stock,nasdaqtrader:N:CVE,SECURITY:CVE:nasdaqtrader:N:CVE,,common_equity,eligible,N,,,32.93,32.93,,213349848.69460317,10.800807537012114,8.679867986798673,45.9016393442623,119.82643524699598,0.0,37.173899683549536,277.0,full,usable,2026-08-21,conditional,58.43,100.0,,,73.0,10.0,92.0,100.0,2.2.0,c8f1bf1665a8c5dfb834c0571e7dd5f6b6e5ccd00eab00295338bd42cfde549b
CVEO,Civeo Corporation (Canada) Common Shares,nasdaqtrader:N:CVEO,SECURITY:CVEO:nasdaqtrader:N:CVEO,,common_equity,eligible,N,,,34.53,35.56,,4961438.518571429,-1.2299771167048057,0.9649122807017463,21.328179901616306,54.843049327354265,2.896512935883022,41.08283709618245,277.0,full,usable,2026-08-21,conditional,51.79,100.0,,,85.0,10.0,45.0,100.0,2.2.0,c8f1bf1665a8c5dfb834c0571e7dd5f6b6e5ccd00eab00295338bd42cfde549b
CVGI,"Commercial Vehicle Group, Inc. - Common Stock",nasdaqtrader:Q:CVGI,SECURITY:CVGI:nasdaqtrader:Q:CVGI,,common_equity,eligible,Q,,,3.21,5.78,,2338345.503809524,-30.967741935483872,-33.26403326403325,85.54913294797689,79.32960893854748,44.463667820069205,70.44486390042822,277.0,full,usable,2026-08-21,conditional,82.14,100.0,,,85.0,95.0,45.0,100.0,2.2.0,c8f1bf1665a8c5dfb834c0571e7dd5f6b6e5ccd00eab00295338bd42cfde549b
CVI,CVR Energy Inc. Common Stock,nasdaqtrader:N:CVI,SECURITY:CVI:nasdaqtrader:N:CVI,,common_equity,eligible,N,,,39.51,40.01,,30789313.739841267,16.411314083677087,24.089195979899493,90.68532818532819,36.76012461059188,1.249687578105474,67.17020633890674,277.0,full,usable,2026-08-21,conditional,53.57,100.0,,,65.0,10.0,80.0,100.0,2.2.0,c8f1bf1665a8c5dfb834c0571e7dd5f6b6e5ccd00eab00295338bd42cfde549b
CVKD,"Cadrenal Therapeutics, Inc. - Common Stock",nasdaqtrader:Q:CVKD,SECURITY:CVKD:nasdaqtrader:Q:CVKD,,common_equity,eligible,Q,,,1.61,14.2,,216742.05142857143,-20.68965517241378,-68.8588007736944,-76.47918188458729,-87.45128604832423,88.66197183098592,69.1566045917701,277.0,full,usable,2026-08-21,rejected,27.86,100.0,,,10.0,30.0,0.0,100.0,2.2.0,c8f1bf1665a8c5dfb834c0571e7dd5f6b6e5ccd00eab00295338bd42cfde549b
CVLG,"Covenant Logistics Group, Inc. Class A Common Stock",nasdaqtrader:N:CVLG,NAMECLASS:COVENANT LOGISTICS GROUP INC,,common_equity,eligible,N,,,35.2,49.88,,8435770.931587301,-27.016379846568515,-5.806796895905797,19.281599457810916,49.40577249575553,29.430633520449078,50.602574030231494,277.0,full,usable,2026-08-21,conditional,82.43,100.0,,,77.0,92.0,62.0,100.0,2.2.0,c8f1bf1665a8c5dfb834c0571e7dd5f6b6e5ccd00eab00295338bd42cfde549b
CVLT,"Commvault Systems, Inc. - Common Stock",nasdaqtrader:Q:CVLT,SECURITY:CVLT:nasdaqtrader:Q:CVLT,,common_equity,eligible,Q,,,133.81,195.41,,99494973.7634127,-5.193424968116755,26.235849056603765,47.04395604395604,-24.13108805352384,31.52346348702727,78.81951786578442,277.0,full,usable,2026-08-21,conditional,78.86,100.0,,,51.0,92.0,80.0,100.0,2.2.0,c8f1bf1665a8c5dfb834c0571e7dd5f6b6e5ccd00eab00295338bd42cfde549b
CVM,Cel-Sci Corporation Common Stock,nasdaqtrader:A:CVM,SECURITY:CVM:nasdaqtrader:A:CVM,,common_equity,eligible,A,,,1.42,13.04,,400931.75880952383,19.327731092436974,-2.0689655172413834,-70.41666666666666,-84.04494382022472,89.11042944785275,97.29567423404477,277.0,full,usable,2026-08-21,rejected,35.57,100.0,,,37.0,30.0,0.0,100.0,2.2.0,c8f1bf1665a8c5dfb834c0571e7dd5f6b6e5ccd00eab00295338bd42cfde549b
CVNA,Carvana Co. Class A Common Stock,nasdaqtrader:N:CVNA,NAMECLASS:CARVANA CO,,common_equity,eligible,N,,,69.91,95.69,,723266358.394127,16.148861937198866,8.57275974530205,3.8472964943553123,3.2339043118724042,26.941164175984955,68.77546745120726,277.0,full,usable,2026-08-21,conditional,87.71,100.0,,,67.0,92.0,100.0,100.0,2.2.0,c8f1bf1665a8c5dfb834c0571e7dd5f6b6e5ccd00eab00295338bd42cfde549b
CVR,Chicago Rivet & Machine Co. Common Stock,nasdaqtrader:A:CVR,SECURITY:CVR:nasdaqtrader:A:CVR,,common_equity,eligible,A,,,10.35,14.66,,29821.678428571428,1.9714479945615038,7.8125,-25.965665236051507,-4.82758620689655,29.39972714870396,39.04515567781643,277.0,full,usable,2026-08-21,rejected,64.57,100.0,,,61.0,92.0,0.0,100.0,2.2.0,c8f1bf1665a8c5dfb834c0571e7dd5f6b6e5ccd00eab00295338bd42cfde549b
CVRX,"CVRx, Inc. - Common Stock",nasdaqtrader:Q:CVRX,SECURITY:CVRX:nasdaqtrader:Q:CVRX,,common_equity,eligible,Q,,,2.84,10.81,,2333403.3126190477,-41.922290388548056,-53.212520593080725,-53.51882160392799,-60.555555555555564,73.72802960222018,276.9028734482117,277.0,full,usable,2026-08-21,conditional,47.5,100.0,,,45.0,30.0,45.0,100.0,2.2.0,c8f1bf1665a8c5dfb834c0571e7dd5f6b6e5ccd00eab00295338bd42cfde549b
CVS,CVS Health Corporation Common Stock,nasdaqtrader:N:CVS,SECURITY:CVS:nasdaqtrader:N:CVS,,common_equity,eligible,N,,,93.02,110.6,,802141096.6895238,-12.975956590887838,-0.32147449635662184,21.29351936367192,31.347077096865306,15.895117540687165,28.63829811962025,277.0,full,usable,2026-08-21,conditional,87.0,100.0,,,77.0,82.0,100.0,100.0,2.2.0,c8f1bf1665a8c5dfb834c0571e7dd5f6b6e5ccd00eab00295338bd42cfde549b
CVSA,Covista Inc. Common Shares,nasdaqtrader:N:CVSA,SECURITY:CVSA:nasdaqtrader:N:CVSA,,common_equity,eligible,N,,,132.35,154.45,,43455543.16142857,14.957005124641709,6.665054803352666,36.951572847682115,1.4409442783781756,14.308837811589504,72.67226129421694,277.0,full,usable,2026-08-21,conditional,77.0,100.0,,,57.0,82.0,80.0,100.0,2.2.0,c8f1bf1665a8c5dfb834c0571e7dd5f6b6e5ccd00eab00295338bd42cfde549b
CVU,"CPI Aerostructures, Inc. Common Stock",nasdaqtrader:A:CVU,SECURITY:CVU:nasdaqtrader:A:CVU,,common_equity,eligible,A,,,5.39,5.86,,428711.85206349206,17.94310722100656,23.059360730593603,32.432432432432414,92.5,8.020477815699667,55.36957907107303,277.0,full,usable,2026-08-21,rejected,64.43,100.0,,,73.0,82.0,0.0,100.0,2.2.0,c8f1bf1665a8c5dfb834c0571e7dd5f6b6e5ccd00eab00295338bd42cfde549b
CVV,CVD Equipment Corporation - Common Stock,nasdaqtrader:Q:CVV,SECURITY:CVV:nasdaqtrader:Q:CVV,,common_equity,eligible,Q,,,7.61,8.34,,862333.224047619,4.461221688400818,23.941368078175906,95.12820512820514,162.4137931034483,8.752997601918455,79.53751066588976,277.0,full,usable,2026-08-21,rejected,64.43,100.0,,,73.0,82.0,0.0,100.0,2.2.0,c8f1bf1665a8c5dfb834c0571e7dd5f6b6e5ccd00eab00295338bd42cfde549b
CVX,Chevron Corporation Common Stock,nasdaqtrader:N:CVX,SECURITY:CVX:nasdaqtrader:N:CVX,,common_equity,eligible,N,,,205.27,211.15,,1603280740.1080952,5.58070157391215,7.465577718444072,11.60223998260208,33.97076099725884,2.7847501775988603,24.673354593927936,277.0,full,usable,2026-08-21,conditional,60.71,100.0,,,75.0,10.0,100.0,100.0,2.2.0,c8f1bf1665a8c5dfb834c0571e7dd5f6b6e5ccd00eab00295338bd42cfde549b
CW,Curtiss-Wright Corporation Common Stock,nasdaqtrader:N:CW,SECURITY:CW:nasdaqtrader:N:CW,,common_equity,eligible,N,,,634.99,792.77,,216840388.02,-15.338053144540876,-12.64170151882016,-10.242419959007709,32.151925078043696,19.902367647615314,44.47046653063948,277.0,full,usable,2026-08-21,conditional,88.14,100.0,,,87.0,82.0,92.0,100.0,2.2.0,c8f1bf1665a8c5dfb834c0571e7dd5f6b6e5ccd00eab00295338bd42cfde549b
CWBC,Community West Bancshares - Common Stock,nasdaqtrader:Q:CWBC,SECURITY:CWBC:nasdaqtrader:Q:CWBC,,common_equity,eligible,Q,,,25.92,28.02,,9683784.46873016,-2.6296018031555235,9.182813816343739,5.968928863450529,28.348601138895766,7.494646680942174,27.528992541940323,277.0,full,usable,2026-08-21,conditional,59.0,100.0,,,75.0,28.0,62.0,100.0,2.2.0,c8f1bf1665a8c5dfb834c0571e7dd5f6b6e5ccd00eab00295338bd42cfde549b
CWCO,Consolidated Water Co. Ltd. - Ordinary Shares,nasdaqtrader:Q:CWCO,SECURITY:CWCO:nasdaqtrader:Q:CWCO,,common_equity,eligible,Q,,,29.46,38.43,,2963347.285238095,0.5460750853242269,1.446280991735538,-20.571582636829344,-9.32594644506002,23.34113973458235,29.40618339918155,277.0,full,usable,2026-08-21,conditional,77.64,100.0,,,73.0,92.0,45.0,100.0,2.2.0,c8f1bf1665a8c5dfb834c0571e7dd5f6b6e5ccd00eab00295338bd42cfde549b
CWD,CaliberCos Inc. - Class A Common Stock,nasdaqtrader:Q:CWD,NAMECLASS:CALIBERCOS INC,,common_equity,eligible,Q,,,0.5229,9.11,,6934584.702639683,-24.3817787418655,-48.73529411764706,-57.139344262295076,-69.94827586206897,94.26015367727771,123.28407554643637,277.0,full,usable,2026-08-21,conditional,51.14,100.0,,,45.0,30.0,62.0,100.0,2.2.0,c8f1bf1665a8c5dfb834c0571e7dd5f6b6e5ccd00eab00295338bd42cfde549b
CWEN,"Clearway Energy, Inc. Class C Common Stock",nasdaqtrader:N:CWEN,NAMECLASS:CLEARWAY ENERGY INC,,common_equity,eligible,N,,,32.56,41.26,,46673112.1552381,-3.0086386654751163,-14.675052410901458,-17.798535723302187,7.423292642692192,21.085797382452732,34.25544241240116,277.0,full,usable,2026-08-21,conditional,86.86,100.0,,,79.0,92.0,80.0,100.0,2.2.0,c8f1bf1665a8c5dfb834c0571e7dd5f6b6e5ccd00eab00295338bd42cfde549b
CWH,"Camping World Holdings, Inc. Class A Common Stock",nasdaqtrader:N:CWH,NAMECLASS:CAMPING WORLD HOLDINGS INC,,common_equity,eligible,N,,,6.54,17.91,,15735505.817460317,16.163410301953828,-11.382113821138207,-46.74267100977198,-62.15277777777778,63.484087102177554,67.23488625100511,277.0,full,usable,2026-08-21,conditional,71.71,100.0,,,67.0,70.0,62.0,100.0,2.2.0,c8f1bf1665a8c5dfb834c0571e7dd5f6b6e5ccd00eab00295338bd42cfde549b
CWK,Cushman & Wakefield Ltd. Common Shares,nasdaqtrader:N:CWK,SECURITY:CWK:nasdaqtrader:N:CWK,,common_equity,eligible,N,,,14.82,17.2,,28186240.428253967,18.845228548516445,15.600624024961007,11.177794448612154,-0.40322580645161255,13.837209302325581,52.53009903341849,277.0,full,usable,2026-08-21,conditional,78.14,100.0,,,61.0,82.0,80.0,100.0,2.2.0,c8f1bf1665a8c5dfb834c0571e7dd5f6b6e5ccd00eab00295338bd42cfde549b
CWST,"Casella Waste Systems, Inc. - Class A Common Stock",nasdaqtrader:Q:CWST,NAMECLASS:CASELLA WASTE SYSTEMS INC,,common_equity,eligible,Q,,,92.01,107.34,,59352731.69555556,2.1992669110296514,5.491859665214416,-3.614079195474529,-8.991097922848656,14.281721632196753,28.939665023978833,277.0,full,usable,2026-08-21,conditional,78.14,100.0,,,61.0,82.0,80.0,100.0,2.2.0,c8f1bf1665a8c5dfb834c0571e7dd5f6b6e5ccd00eab00295338bd42cfde549b
CWT,California Water Service Group Common Stock,nasdaqtrader:N:CWT,SECURITY:CWT:nasdaqtrader:N:CWT,,common_equity,eligible,N,,,49.55,52.44,,26333173.254444443,-2.7668759811616983,14.672529507058552,8.306010928961749,6.1255086742343146,5.5110602593440134,21.972209785440068,277.0,full,usable,2026-08-21,conditional,60.57,100.0,,,67.0,28.0,80.0,100.0,2.2.0,c8f1bf1665a8c5dfb834c0571e7dd5f6b6e5ccd00eab00295338bd42cfde549b
CX,"Cemex, S.A.B. de C.V. Sponsored ADR",nasdaqtrader:N:CX,SECURITY:CX:nasdaqtrader:N:CX,,adr,eligible,N,,,11.11,13.55,,69806487.70269842,-9.380097879282223,-11.755361397934871,-13.875968992248067,28.4393063583815,18.00738007380075,30.787532397292093,277.0,full,usable,2026-08-21,conditional,85.57,100.0,,,87.0,82.0,80.0,100.0,2.2.0,c8f1bf1665a8c5dfb834c0571e7dd5f6b6e5ccd00eab00295338bd42cfde549b
CXDO,"Crexendo, Inc. - Common Stock",nasdaqtrader:Q:CXDO,SECURITY:CXDO:nasdaqtrader:Q:CXDO,,common_equity,eligible,Q,,,6.39,10.47,,4874401.237142857,-4.484304932735439,-33.4375,8.488964346349736,7.939189189189189,38.96848137535818,60.82180863530456,277.0,full,usable,2026-08-21,conditional,80.43,100.0,,,79.0,95.0,45.0,100.0,2.2.0,c8f1bf1665a8c5dfb834c0571e7dd5f6b6e5ccd00eab00295338bd42cfde549b
CXII,Churchill Capital Corp XII - Class A Ordinary Shares,nasdaqtrader:Q:CXII,NAMECLASS:CHURCHILL CAPITAL CORP XII,,common_equity,eligible,Q,,,10.72,10.85,,874530.4844021739,-0.5565862708719727,,,,1.1981566820276401,8.9846341255834,46.0,insufficient,usable,2026-08-21,rejected,,71.43,,,,10.0,0.0,76.0,2.2.0,c8f1bf1665a8c5dfb834c0571e7dd5f6b6e5ccd00eab00295338bd42cfde549b
