ticker,company,contract_id,security_type,instrument_status,exchange,sector,price,market_cap,avg_dollar_volume,return_1m,return_3m,return_6m,return_12m,drawdown_52w,historical_volatility,profitable,fcf_positive,quality_seed,quality_prior_score,trading_history_days,listing_date,as_of,retrieved_at,momentum_history_status,history_evidence,sources,source_conflicts,l1_score,l1_status,history_sufficiency,opportunity_coverage_pct,rankable,selected_for_next_stage,limited_history_recheck
SPOT,Spotify Technology S.A. Ordinary Shares,nasdaqtrader:N:SPOT,common_equity,eligible,N,Technology Services,488.14,100499408208.0,1005779102.9191111,,14.54383330204617,15.1735365594696,-26.9251497005988,34.76680475745022,4.368404461842729,,,False,,,,2026-08-08T08:41:23Z,2026-08-08T08:41:23Z,full,"{""as_of"": ""2026-08-08T08:41:23Z"", ""listing_date"": null, ""reason_code"": ""twelve_month_return_available"", ""status"": ""full"", ""valid_trading_sessions"": null}","[""l1-snapshot.csv""]",[],74.9689,ranked,full,100.0,True,True,False
KLAC,KLA Corporation  - Common Stock,nasdaqtrader:Q:KLAC,common_equity,eligible,Q,Electronic Technology,198.11,258839978020.0,2350119849.1955557,,9.053577228164238,43.854018414708534,117.1306444541868,35.5476368713975,6.174659535305329,,,False,,,,2026-08-08T08:41:23Z,2026-08-08T08:41:23Z,full,"{""as_of"": ""2026-08-08T08:41:23Z"", ""listing_date"": null, ""reason_code"": ""twelve_month_return_available"", ""status"": ""full"", ""valid_trading_sessions"": null}","[""l1-snapshot.csv""]",[],74.9635,ranked,full,100.0,True,True,False
LRCX,Lam Research Corporation - Common Stock,nasdaqtrader:Q:LRCX,common_equity,eligible,Q,Producer Manufacturing,311.35,389365302469.0,3419929099.4122205,,5.287185296653889,41.0930348484162,215.78680460469602,28.99657924743443,6.9039789336275765,,,False,,,,2026-08-08T08:41:23Z,2026-08-08T08:41:23Z,full,"{""as_of"": ""2026-08-08T08:41:23Z"", ""listing_date"": null, ""reason_code"": ""twelve_month_return_available"", ""status"": ""full"", ""valid_trading_sessions"": null}","[""l1-snapshot.csv""]",[],74.1995,ranked,full,100.0,True,True,False
ASTS,"AST SpaceMobile, Inc. - Class A Common Stock",nasdaqtrader:Q:ASTS,common_equity,eligible,Q,Communications,71.94,27921681608.0,1462674418.458,,7.823741007194243,-26.404092071611252,38.26638477801268,46.257243580788575,9.099577553456978,,,False,,,,2026-08-08T08:41:23Z,2026-08-08T08:41:23Z,full,"{""as_of"": ""2026-08-08T08:41:23Z"", ""listing_date"": null, ""reason_code"": ""twelve_month_return_available"", ""status"": ""full"", ""valid_trading_sessions"": null}","[""l1-snapshot.csv""]",[],73.7495,ranked,full,100.0,True,True,False
QCOM,QUALCOMM Incorporated - Common Stock,nasdaqtrader:Q:QCOM,common_equity,eligible,Q,Electronic Technology,167.86,176292260865.99997,3311216140.642667,,-21.19248826291079,22.641922992620742,13.17421790722763,35.41859033548784,4.537543601113321,,,False,,,,2026-08-08T08:41:23Z,2026-08-08T08:41:23Z,full,"{""as_of"": ""2026-08-08T08:41:23Z"", ""listing_date"": null, ""reason_code"": ""twelve_month_return_available"", ""status"": ""full"", ""valid_trading_sessions"": null}","[""l1-snapshot.csv""]",[],73.4721,ranked,full,100.0,True,True,False
NOW,"ServiceNow, Inc. Common Stock",nasdaqtrader:N:NOW,common_equity,eligible,N,Technology Services,124.88,129125917159.99998,3433319089.542222,,37.03500493800066,22.816679779701012,-32.27765726681128,35.868861887986206,6.088595951999526,,,False,,,,2026-08-08T08:41:23Z,2026-08-08T08:41:23Z,full,"{""as_of"": ""2026-08-08T08:41:23Z"", ""listing_date"": null, ""reason_code"": ""twelve_month_return_available"", ""status"": ""full"", ""valid_trading_sessions"": null}","[""l1-snapshot.csv""]",[],73.4421,ranked,full,100.0,True,True,False
CRM,"Salesforce, Inc. Common Stock",nasdaqtrader:N:CRM,common_equity,eligible,N,Technology Services,192.74,157854064499.0,2773050786.8322225,,7.268477292965272,0.5792412461514448,-23.11619928995971,28.37872988740664,4.3783371590905125,,,False,,,,2026-08-08T08:41:23Z,2026-08-08T08:41:23Z,full,"{""as_of"": ""2026-08-08T08:41:23Z"", ""listing_date"": null, ""reason_code"": ""twelve_month_return_available"", ""status"": ""full"", ""valid_trading_sessions"": null}","[""l1-snapshot.csv""]",[],73.3672,ranked,full,100.0,True,True,False
RKLB,Rocket Lab Corporation - Common Stock,nasdaqtrader:Q:RKLB,common_equity,eligible,Q,Electronic Technology,82.83,49547265055.0,2096287514.2513332,,-3.7252281048410514,20.043478260869563,87.46180830598618,45.14565903686029,8.091486152379757,,,False,,,,2026-08-08T08:41:23Z,2026-08-08T08:41:23Z,full,"{""as_of"": ""2026-08-08T08:41:23Z"", ""listing_date"": null, ""reason_code"": ""twelve_month_return_available"", ""status"": ""full"", ""valid_trading_sessions"": null}","[""l1-snapshot.csv""]",[],73.3236,ranked,full,100.0,True,True,False
PINS,"Pinterest, Inc. Class A Common Stock",nasdaqtrader:N:PINS,common_equity,eligible,N,Technology Services,23.68,13426157567.000002,393747818.99377775,,10.809546092653246,21.24935995903737,-40.547326136078325,38.60513352346383,4.196345868714585,,,False,,,,2026-08-08T08:41:23Z,2026-08-08T08:41:23Z,full,"{""as_of"": ""2026-08-08T08:41:23Z"", ""listing_date"": null, ""reason_code"": ""twelve_month_return_available"", ""status"": ""full"", ""valid_trading_sessions"": null}","[""l1-snapshot.csv""]",[],73.2597,ranked,full,100.0,True,True,False
HOOD,"Robinhood Markets, Inc. - Class A Common Stock",nasdaqtrader:Q:HOOD,common_equity,eligible,Q,Finance,93.29,83875387472.99998,2656962078.496556,,22.36358866736623,19.81762137169279,-13.532301418111034,39.366917565915486,6.068596796201731,,,False,,,,2026-08-08T08:41:23Z,2026-08-08T08:41:23Z,full,"{""as_of"": ""2026-08-08T08:41:23Z"", ""listing_date"": null, ""reason_code"": ""twelve_month_return_available"", ""status"": ""full"", ""valid_trading_sessions"": null}","[""l1-snapshot.csv""]",[],73.2089,ranked,full,100.0,True,True,False
SOFI,"SoFi Technologies, Inc.  - Common Stock",nasdaqtrader:Q:SOFI,common_equity,eligible,Q,Finance,18.38,23739063502.999996,1362383031.3733335,,14.660012476606347,-9.413504189255791,-15.649380449747591,43.84356859150627,5.159026581670401,,,False,,,,2026-08-08T08:41:23Z,2026-08-08T08:41:23Z,full,"{""as_of"": ""2026-08-08T08:41:23Z"", ""listing_date"": null, ""reason_code"": ""twelve_month_return_available"", ""status"": ""full"", ""valid_trading_sessions"": null}","[""l1-snapshot.csv""]",[],73.1604,ranked,full,100.0,True,True,False
CDE,"Coeur Mining, Inc. Common Stock",nasdaqtrader:N:CDE,common_equity,eligible,N,Non-Energy Minerals,17.39,17875790042.0,516565786.06111115,,-5.54046713742531,-14.377154111275226,73.03482587064676,37.37846597047173,5.150027127341129,,,False,,,,2026-08-08T08:41:23Z,2026-08-08T08:41:23Z,full,"{""as_of"": ""2026-08-08T08:41:23Z"", ""listing_date"": null, ""reason_code"": ""twelve_month_return_available"", ""status"": ""full"", ""valid_trading_sessions"": null}","[""l1-snapshot.csv""]",[],73.0914,ranked,full,100.0,True,True,False
FPS,"Forgent Power Solutions, Inc. Class A Common Stock",nasdaqtrader:N:FPS,common_equity,eligible,N,Producer Manufacturing,38.71,11784442231.999998,278455256.78522223,,-4.77244772447724,29.140950792326937,48.88461538461539,41.348484848484844,8.456210599963102,,,False,,,,2026-08-08T08:41:23Z,2026-08-08T08:41:23Z,full,"{""as_of"": ""2026-08-08T08:41:23Z"", ""listing_date"": null, ""reason_code"": ""twelve_month_return_available"", ""status"": ""full"", ""valid_trading_sessions"": null}","[""l1-snapshot.csv""]",[],73.0768,ranked,full,100.0,True,True,False
AEM,Agnico Eagle Mines Limited Common Stock,nasdaqtrader:N:AEM,common_equity,eligible,N,Non-Energy Minerals,178.82,91104689894.11043,461076173.8811111,,-5.640863278982638,-8.104219127396068,30.458889618443134,29.940448205610416,3.3506817210419855,,,False,,,,2026-08-08T08:41:23Z,2026-08-08T08:41:23Z,full,"{""as_of"": ""2026-08-08T08:41:23Z"", ""listing_date"": null, ""reason_code"": ""twelve_month_return_available"", ""status"": ""full"", ""valid_trading_sessions"": null}","[""l1-snapshot.csv""]",[],73.0754,ranked,full,100.0,True,True,False
INSM,Insmed Incorporated - Common Stock,nasdaqtrader:Q:INSM,common_equity,eligible,Q,Health Technology,131.1,28629816015.0,459823938.9866666,,21.377650217572437,-14.347314778518234,23.040825903331765,38.378378378378386,4.19978236374993,,,False,,,,2026-08-08T08:41:23Z,2026-08-08T08:41:23Z,full,"{""as_of"": ""2026-08-08T08:41:23Z"", ""listing_date"": null, ""reason_code"": ""twelve_month_return_available"", ""status"": ""full"", ""valid_trading_sessions"": null}","[""l1-snapshot.csv""]",[],73.0248,ranked,full,100.0,True,True,False
IT,"Gartner, Inc. Common Stock",nasdaqtrader:N:IT,common_equity,eligible,N,Technology Services,185.6,11720450215.0,288605368.60444444,,19.081226741947887,22.22588080342443,-24.83395431718775,30.185354873558758,5.864323538462661,,,False,,,,2026-08-08T08:41:23Z,2026-08-08T08:41:23Z,full,"{""as_of"": ""2026-08-08T08:41:23Z"", ""listing_date"": null, ""reason_code"": ""twelve_month_return_available"", ""status"": ""full"", ""valid_trading_sessions"": null}","[""l1-snapshot.csv""]",[],72.858,ranked,full,100.0,True,True,False
TER,"Teradyne, Inc. - Common Stock",nasdaqtrader:Q:TER,common_equity,eligible,Q,Electronic Technology,379.31,59301607232.00001,1564762911.2034445,,3.3542234332425074,34.66467852451449,254.379408604662,22.25820335717653,7.7601319417377885,,,False,,,,2026-08-08T08:41:23Z,2026-08-08T08:41:23Z,full,"{""as_of"": ""2026-08-08T08:41:23Z"", ""listing_date"": null, ""reason_code"": ""twelve_month_return_available"", ""status"": ""full"", ""valid_trading_sessions"": null}","[""l1-snapshot.csv""]",[],72.8011,ranked,full,100.0,True,True,False
RIVN,"Rivian Automotive, Inc. - Class A Common Stock",nasdaqtrader:Q:RIVN,common_equity,eligible,Q,Consumer Durables,16.0,23165769922.0,506169961.6,,12.123335669236164,15.64871702204553,35.93882752761258,29.484354341119445,5.93836404438424,,,False,,,,2026-08-08T08:41:23Z,2026-08-08T08:41:23Z,full,"{""as_of"": ""2026-08-08T08:41:23Z"", ""listing_date"": null, ""reason_code"": ""twelve_month_return_available"", ""status"": ""full"", ""valid_trading_sessions"": null}","[""l1-snapshot.csv""]",[],72.7646,ranked,full,100.0,True,True,False
DDOG,"Datadog, Inc. - Class A Common Stock",nasdaqtrader:Q:DDOG,common_equity,eligible,Q,Technology Services,233.93,84223926146.0,1286998663.3945556,,26.107816711590303,114.61467889908256,58.32825719120135,20.084039355015037,5.70640061929857,,,False,,,,2026-08-08T08:41:23Z,2026-08-08T08:41:23Z,full,"{""as_of"": ""2026-08-08T08:41:23Z"", ""listing_date"": null, ""reason_code"": ""twelve_month_return_available"", ""status"": ""full"", ""valid_trading_sessions"": null}","[""l1-snapshot.csv""]",[],72.7612,ranked,full,100.0,True,True,False
AKAM,"Akamai Technologies, Inc. - Common Stock",nasdaqtrader:Q:AKAM,common_equity,eligible,Q,Technology Services,110.54,16070908026.999998,542950857.1477778,,-24.001375042970082,19.418786798465952,46.488205671879165,33.188274403142934,5.264277162311182,,,False,,,,2026-08-08T08:41:23Z,2026-08-08T08:41:23Z,full,"{""as_of"": ""2026-08-08T08:41:23Z"", ""listing_date"": null, ""reason_code"": ""twelve_month_return_available"", ""status"": ""full"", ""valid_trading_sessions"": null}","[""l1-snapshot.csv""]",[],72.7584,ranked,full,100.0,True,True,False
CAT,"Caterpillar, Inc. Common Stock",nasdaqtrader:N:CAT,common_equity,eligible,N,Producer Manufacturing,842.19,387133576285.00006,2512778895.450667,,-7.553238199780455,21.603592416651022,97.30812482429016,21.544351908780946,4.447847141798134,,,False,,,,2026-08-08T08:41:23Z,2026-08-08T08:41:23Z,full,"{""as_of"": ""2026-08-08T08:41:23Z"", ""listing_date"": null, ""reason_code"": ""twelve_month_return_available"", ""status"": ""full"", ""valid_trading_sessions"": null}","[""l1-snapshot.csv""]",[],72.7059,ranked,full,100.0,True,True,False
ON,ON Semiconductor Corporation - Common Stock,nasdaqtrader:Q:ON,common_equity,eligible,Q,Electronic Technology,81.17,31600430507.0,983009376.9926666,,-20.41376605549563,26.413331256813596,69.20992286845946,39.83842276904832,5.196595089964645,,,False,,,,2026-08-08T08:41:23Z,2026-08-08T08:41:23Z,full,"{""as_of"": ""2026-08-08T08:41:23Z"", ""listing_date"": null, ""reason_code"": ""twelve_month_return_available"", ""status"": ""full"", ""valid_trading_sessions"": null}","[""l1-snapshot.csv""]",[],72.6774,ranked,full,100.0,True,True,False
MKSI,MKS Inc. - Common Stock,nasdaqtrader:Q:MKSI,common_equity,eligible,Q,Producer Manufacturing,304.99,20622677046.0,408424969.4116667,,-4.3018512707875685,31.51222456987625,213.93721049922797,31.864081140252885,6.84914349468217,,,False,,,,2026-08-08T08:41:23Z,2026-08-08T08:41:23Z,full,"{""as_of"": ""2026-08-08T08:41:23Z"", ""listing_date"": null, ""reason_code"": ""twelve_month_return_available"", ""status"": ""full"", ""valid_trading_sessions"": null}","[""l1-snapshot.csv""]",[],72.5819,ranked,full,100.0,True,True,False
MPWR,"Monolithic Power Systems, Inc. - Common Stock",nasdaqtrader:Q:MPWR,common_equity,eligible,Q,Electronic Technology,1401.54,68875884321.0,1188235002.3179998,,-12.874229162522388,12.123199999999997,71.69423006247703,18.23416029695992,5.746940209977586,,,False,,,,2026-08-08T08:41:23Z,2026-08-08T08:41:23Z,full,"{""as_of"": ""2026-08-08T08:41:23Z"", ""listing_date"": null, ""reason_code"": ""twelve_month_return_available"", ""status"": ""full"", ""valid_trading_sessions"": null}","[""l1-snapshot.csv""]",[],72.5585,ranked,full,100.0,True,True,False
SAP,SAP  SE ADS,nasdaqtrader:N:SAP,adr,eligible,N,Technology Services,206.16,239365333582.66306,692456669.9706666,,18.27204405943434,2.863985630176634,-31.098559540122316,29.032702237521512,3.4297642151048637,,,False,,,,2026-08-08T08:41:23Z,2026-08-08T08:41:23Z,full,"{""as_of"": ""2026-08-08T08:41:23Z"", ""listing_date"": null, ""reason_code"": ""twelve_month_return_available"", ""status"": ""full"", ""valid_trading_sessions"": null}","[""l1-snapshot.csv""]",[],72.4544,ranked,full,100.0,True,True,False
MELI,"MercadoLibre, Inc. - Common Stock",nasdaqtrader:Q:MELI,common_equity,eligible,Q,Retail Trade,1820.69,92303154244.00002,916421552.875,,8.052818991097926,-10.85645739745645,-22.149151875622678,28.558364863973495,2.923147722558532,,,False,,,,2026-08-08T08:41:23Z,2026-08-08T08:41:23Z,full,"{""as_of"": ""2026-08-08T08:41:23Z"", ""listing_date"": null, ""reason_code"": ""twelve_month_return_available"", ""status"": ""full"", ""valid_trading_sessions"": null}","[""l1-snapshot.csv""]",[],72.3911,ranked,full,100.0,True,True,False
AMD,"Advanced Micro Devices, Inc. - Common Stock",nasdaqtrader:Q:AMD,common_equity,eligible,Q,Electronic Technology,483.36,789073080286.0,16856041912.768002,,15.473374901454894,145.1985999086897,189.7233793868193,17.33620645426094,6.877743188719881,,,False,,,,2026-08-08T08:41:23Z,2026-08-08T08:41:23Z,full,"{""as_of"": ""2026-08-08T08:41:23Z"", ""listing_date"": null, ""reason_code"": ""twelve_month_return_available"", ""status"": ""full"", ""valid_trading_sessions"": null}","[""l1-snapshot.csv""]",[],72.3341,ranked,full,100.0,True,True,False
ROP,"Roper Technologies, Inc. - Common Stock",nasdaqtrader:Q:ROP,common_equity,eligible,Q,Technology Services,402.25,39782875471.0,446931536.6888889,,14.961417547870827,13.803542126407521,-26.33188652638133,26.184534077146115,3.3238552373456165,,,False,,,,2026-08-08T08:41:23Z,2026-08-08T08:41:23Z,full,"{""as_of"": ""2026-08-08T08:41:23Z"", ""listing_date"": null, ""reason_code"": ""twelve_month_return_available"", ""status"": ""full"", ""valid_trading_sessions"": null}","[""l1-snapshot.csv""]",[],72.3246,ranked,full,100.0,True,True,False
GEV,GE Vernova Inc. Common Stock,nasdaqtrader:N:GEV,common_equity,eligible,N,Producer Manufacturing,990.32,263755480469.0,2719334696.849778,,-7.2160698559034495,30.63701241310169,48.74806614897038,17.193170225931066,5.625347640183616,,,False,,,,2026-08-08T08:41:23Z,2026-08-08T08:41:23Z,full,"{""as_of"": ""2026-08-08T08:41:23Z"", ""listing_date"": null, ""reason_code"": ""twelve_month_return_available"", ""status"": ""full"", ""valid_trading_sessions"": null}","[""l1-snapshot.csv""]",[],72.2983,ranked,full,100.0,True,True,False
BX,Blackstone Inc. Common Stock,nasdaqtrader:N:BX,common_equity,eligible,N,Finance,137.13,170564091315.0,753809651.3383334,,11.851549755301795,5.965535893671277,-20.342724368283477,27.85858957834654,3.621199289761771,,,False,,,,2026-08-08T08:41:23Z,2026-08-08T08:41:23Z,full,"{""as_of"": ""2026-08-08T08:41:23Z"", ""listing_date"": null, ""reason_code"": ""twelve_month_return_available"", ""status"": ""full"", ""valid_trading_sessions"": null}","[""l1-snapshot.csv""]",[],72.2978,ranked,full,100.0,True,True,False
SOXX,iShares PHLX SOX Semiconductor Sector Index Fund,US:SOXX,etf,eligible,Q,Miscellaneous,543.27,43477033924.6,5116303022.891667,,7.740361732508323,61.01898368381274,124.45463559742191,17.178138577635504,4.6860737411717475,,,False,,,,2026-08-08T08:41:23Z,2026-08-08T08:41:23Z,full,"{""as_of"": ""2026-08-08T08:41:23Z"", ""listing_date"": null, ""reason_code"": ""twelve_month_return_available"", ""status"": ""full"", ""valid_trading_sessions"": null}","[""l1-snapshot.csv""]",[],72.2945,ranked,full,100.0,True,True,False
OWL,Blue Owl Capital Inc. Class A Common Stock,nasdaqtrader:N:OWL,common_equity,eligible,N,Finance,11.87,18506424917.0,301262389.996,,14.134615384615373,-2.983244789538212,-40.11099899091827,42.3226433430515,4.1688787977068555,,,False,,,,2026-08-08T08:41:23Z,2026-08-08T08:41:23Z,full,"{""as_of"": ""2026-08-08T08:41:23Z"", ""listing_date"": null, ""reason_code"": ""twelve_month_return_available"", ""status"": ""full"", ""valid_trading_sessions"": null}","[""l1-snapshot.csv""]",[],72.2618,ranked,full,100.0,True,True,False
F,Ford Motor Company Common Stock,nasdaqtrader:N:F,common_equity,eligible,N,Consumer Durables,13.98,55748651021.0,797533383.2033334,,13.751017087062662,1.4513788098693836,23.716814159292035,21.372328458942636,3.48043728907187,,,False,,,,2026-08-08T08:41:23Z,2026-08-08T08:41:23Z,full,"{""as_of"": ""2026-08-08T08:41:23Z"", ""listing_date"": null, ""reason_code"": ""twelve_month_return_available"", ""status"": ""full"", ""valid_trading_sessions"": null}","[""l1-snapshot.csv""]",[],72.183,ranked,full,100.0,True,True,False
HD,"Home Depot, Inc. (The) Common Stock",nasdaqtrader:N:HD,common_equity,eligible,N,Retail Trade,355.62,354594635707.0,1603911717.058,,10.208255857195983,-6.744637331515176,-8.491585610622202,16.66783831282952,2.4774621756813024,,,False,,,,2026-08-08T08:41:23Z,2026-08-08T08:41:23Z,full,"{""as_of"": ""2026-08-08T08:41:23Z"", ""listing_date"": null, ""reason_code"": ""twelve_month_return_available"", ""status"": ""full"", ""valid_trading_sessions"": null}","[""l1-snapshot.csv""]",[],72.167,ranked,full,100.0,True,True,False
VRSK,"Verisk Analytics, Inc. - Common Stock",nasdaqtrader:Q:VRSK,common_equity,eligible,Q,Technology Services,191.82,24966528924.0,423939082.29133326,,10.61645810506891,4.699525135090871,-27.862810725433427,30.547811289329807,3.7565133064518808,,,False,,,,2026-08-08T08:41:23Z,2026-08-08T08:41:23Z,full,"{""as_of"": ""2026-08-08T08:41:23Z"", ""listing_date"": null, ""reason_code"": ""twelve_month_return_available"", ""status"": ""full"", ""valid_trading_sessions"": null}","[""l1-snapshot.csv""]",[],72.1564,ranked,full,100.0,True,True,False
FN,Fabrinet Ordinary Shares,nasdaqtrader:N:FN,common_equity,eligible,N,Electronic Technology,562.38,20149928578.0,508987367.85866666,,-12.558501127264243,22.256521739130434,68.30669779134494,24.904859191603567,6.846025668904191,,,False,,,,2026-08-08T08:41:23Z,2026-08-08T08:41:23Z,full,"{""as_of"": ""2026-08-08T08:41:23Z"", ""listing_date"": null, ""reason_code"": ""twelve_month_return_available"", ""status"": ""full"", ""valid_trading_sessions"": null}","[""l1-snapshot.csv""]",[],72.154,ranked,full,100.0,True,True,False
AFRM,"Affirm Holdings, Inc. - Class A Common Stock",nasdaqtrader:Q:AFRM,common_equity,eligible,Q,Finance,75.25,25201118341.0,344086894.99722224,,10.078993563487419,24.02142562834776,-3.9811152226617383,24.750000000000007,4.5830401840825274,,,False,,,,2026-08-08T08:41:23Z,2026-08-08T08:41:23Z,full,"{""as_of"": ""2026-08-08T08:41:23Z"", ""listing_date"": null, ""reason_code"": ""twelve_month_return_available"", ""status"": ""full"", ""valid_trading_sessions"": null}","[""l1-snapshot.csv""]",[],72.1333,ranked,full,100.0,True,True,False
ARM,Arm Holdings plc - American Depositary Shares,nasdaqtrader:Q:ARM,adr,eligible,Q,Electronic Technology,282.57,301784767822.0,2713824741.1753335,,30.240597345132734,150.6942288071685,105.10270741090221,37.58117958913188,8.714667509878101,,,False,,,,2026-08-08T08:41:23Z,2026-08-08T08:41:23Z,full,"{""as_of"": ""2026-08-08T08:41:23Z"", ""listing_date"": null, ""reason_code"": ""twelve_month_return_available"", ""status"": ""full"", ""valid_trading_sessions"": null}","[""l1-snapshot.csv""]",[],72.0779,ranked,full,100.0,True,True,False
MRVL,"Marvell Technology, Inc. - Common Stock",nasdaqtrader:Q:MRVL,common_equity,eligible,Q,Electronic Technology,218.72,191547632114.0,8208945613.994667,,32.81112426754106,184.66193791891718,185.90849673202615,33.6971019764763,7.590299693317736,,,False,,,,2026-08-08T08:41:23Z,2026-08-08T08:41:23Z,full,"{""as_of"": ""2026-08-08T08:41:23Z"", ""listing_date"": null, ""reason_code"": ""twelve_month_return_available"", ""status"": ""full"", ""valid_trading_sessions"": null}","[""l1-snapshot.csv""]",[],72.0763,ranked,full,100.0,True,True,False
ARES,Ares Management Corporation Class A Common Stock,nasdaqtrader:N:ARES,common_equity,eligible,N,Finance,136.85,30384591606.999996,375085892.7083333,,10.755908060861113,5.61043370890568,-28.537859007832903,29.913960872682576,4.169117462257417,,,False,,,,2026-08-08T08:41:23Z,2026-08-08T08:41:23Z,full,"{""as_of"": ""2026-08-08T08:41:23Z"", ""listing_date"": null, ""reason_code"": ""twelve_month_return_available"", ""status"": ""full"", ""valid_trading_sessions"": null}","[""l1-snapshot.csv""]",[],72.0719,ranked,full,100.0,True,True,False
DASH,"DoorDash, Inc. - Common Stock",nasdaqtrader:Q:DASH,common_equity,eligible,Q,Transportation,216.26,93710628542.0,1001656634.6428889,,27.39911634756995,16.075358273844664,-20.679284037558688,24.252189141856395,4.377546103215938,,,False,,,,2026-08-08T08:41:23Z,2026-08-08T08:41:23Z,full,"{""as_of"": ""2026-08-08T08:41:23Z"", ""listing_date"": null, ""reason_code"": ""twelve_month_return_available"", ""status"": ""full"", ""valid_trading_sessions"": null}","[""l1-snapshot.csv""]",[],72.067,ranked,full,100.0,True,True,False
MTZ,"MasTec, Inc. Common Stock",nasdaqtrader:N:MTZ,common_equity,eligible,N,Industrial Services,272.46,21879885146.0,317600355.41999996,,-34.56615192487812,8.286634076547022,47.31549067315491,38.277869650907284,5.84653072322878,,,False,,,,2026-08-08T08:41:23Z,2026-08-08T08:41:23Z,full,"{""as_of"": ""2026-08-08T08:41:23Z"", ""listing_date"": null, ""reason_code"": ""twelve_month_return_available"", ""status"": ""full"", ""valid_trading_sessions"": null}","[""l1-snapshot.csv""]",[],72.0315,ranked,full,100.0,True,True,False
ALAB,"Astera Labs, Inc. - Common Stock",nasdaqtrader:Q:ALAB,common_equity,eligible,Q,Electronic Technology,334.17,57973520677.00001,1947294226.632,,65.43069306930694,119.23568968345087,90.95428571428573,33.095911276653425,10.081431368822244,,,False,,,,2026-08-08T08:41:23Z,2026-08-08T08:41:23Z,full,"{""as_of"": ""2026-08-08T08:41:23Z"", ""listing_date"": null, ""reason_code"": ""twelve_month_return_available"", ""status"": ""full"", ""valid_trading_sessions"": null}","[""l1-snapshot.csv""]",[],71.9961,ranked,full,100.0,True,True,False
AU,AngloGold Ashanti PLC Ordinary Shares,nasdaqtrader:N:AU,common_equity,eligible,N,Non-Energy Minerals,96.22,48591820035.0,275740232.69599915,,-6.236601052426433,-6.181747269890799,63.86239782016349,25.491714418460575,3.6857547592807003,,,False,,,,2026-08-08T08:41:23Z,2026-08-08T08:41:23Z,full,"{""as_of"": ""2026-08-08T08:41:23Z"", ""listing_date"": null, ""reason_code"": ""twelve_month_return_available"", ""status"": ""full"", ""valid_trading_sessions"": null}","[""l1-snapshot.csv""]",[],71.9822,ranked,full,100.0,True,True,False
GLW,Corning Incorporated Common Stock,nasdaqtrader:N:GLW,common_equity,eligible,N,Electronic Technology,165.68,142714808173.0,2357645548.9262223,,-11.500454035575022,44.19495213228895,149.1803278688525,39.0389285451468,7.338702192036653,,,False,,,,2026-08-08T08:41:23Z,2026-08-08T08:41:23Z,full,"{""as_of"": ""2026-08-08T08:41:23Z"", ""listing_date"": null, ""reason_code"": ""twelve_month_return_available"", ""status"": ""full"", ""valid_trading_sessions"": null}","[""l1-snapshot.csv""]",[],71.9807,ranked,full,100.0,True,True,False
CLS,"Celestica, Inc. Common Stock",nasdaqtrader:N:CLS,common_equity,eligible,N,Electronic Technology,317.83,36544757255.57924,762929719.2704444,,-18.371173207314573,4.163867267513309,57.96719681908549,32.95079373450768,8.037665556199961,,,False,,,,2026-08-08T08:41:23Z,2026-08-08T08:41:23Z,full,"{""as_of"": ""2026-08-08T08:41:23Z"", ""listing_date"": null, ""reason_code"": ""twelve_month_return_available"", ""status"": ""full"", ""valid_trading_sessions"": null}","[""l1-snapshot.csv""]",[],71.9768,ranked,full,100.0,True,True,False
CORZ,"Core Scientific, Inc. - Common Stock",nasdaqtrader:Q:CORZ,common_equity,eligible,Q,Technology Services,21.01,6751362373.0,287971633.7141111,,-8.909603295035767,34.6794871794872,45.599445599445616,31.024294156270514,8.3964963570553,,,False,,,,2026-08-08T08:41:23Z,2026-08-08T08:41:23Z,full,"{""as_of"": ""2026-08-08T08:41:23Z"", ""listing_date"": null, ""reason_code"": ""twelve_month_return_available"", ""status"": ""full"", ""valid_trading_sessions"": null}","[""l1-snapshot.csv""]",[],71.9699,ranked,full,100.0,True,True,False
ELF,"e.l.f. Beauty, Inc. Common Stock",nasdaqtrader:N:ELF,common_equity,eligible,N,Consumer Non-Durables,98.49,5811697361.0,326823907.389,,58.19145518792161,27.72662430294384,0.829238329238317,34.77051460361614,6.060311559779569,,,False,,,,2026-08-08T08:41:23Z,2026-08-08T08:41:23Z,full,"{""as_of"": ""2026-08-08T08:41:23Z"", ""listing_date"": null, ""reason_code"": ""twelve_month_return_available"", ""status"": ""full"", ""valid_trading_sessions"": null}","[""l1-snapshot.csv""]",[],71.9694,ranked,full,100.0,True,True,False
ENPH,"Enphase Energy, Inc. - Common Stock",nasdaqtrader:Q:ENPH,common_equity,eligible,Q,Producer Manufacturing,41.87,5532895854.000001,299437499.44355553,,16.678277831963218,-13.883175647881531,34.500481850305164,43.21941958231624,6.478748517129841,,,False,,,,2026-08-08T08:41:23Z,2026-08-08T08:41:23Z,full,"{""as_of"": ""2026-08-08T08:41:23Z"", ""listing_date"": null, ""reason_code"": ""twelve_month_return_available"", ""status"": ""full"", ""valid_trading_sessions"": null}","[""l1-snapshot.csv""]",[],71.952,ranked,full,100.0,True,True,False
MOD,Modine Manufacturing Company Common Stock,nasdaqtrader:N:MOD,common_equity,eligible,N,Producer Manufacturing,195.6,10388845466.999998,271289888.90666664,,-29.500810956929175,-6.857142857142859,42.130504287167554,39.48955916473318,7.407875034599583,,,False,,,,2026-08-08T08:41:23Z,2026-08-08T08:41:23Z,full,"{""as_of"": ""2026-08-08T08:41:23Z"", ""listing_date"": null, ""reason_code"": ""twelve_month_return_available"", ""status"": ""full"", ""valid_trading_sessions"": null}","[""l1-snapshot.csv""]",[],71.9507,ranked,full,100.0,True,True,False
DHR,Danaher Corporation Common Stock,nasdaqtrader:N:DHR,common_equity,eligible,N,Health Technology,204.76,143943426695.0,1023726959.8328834,,17.025775847288102,-5.6188061765383726,3.886352105530186,15.667215815486003,3.420977897409015,,,False,,,,2026-08-08T08:41:23Z,2026-08-08T08:41:23Z,full,"{""as_of"": ""2026-08-08T08:41:23Z"", ""listing_date"": null, ""reason_code"": ""twelve_month_return_available"", ""status"": ""full"", ""valid_trading_sessions"": null}","[""l1-snapshot.csv""]",[],71.9168,ranked,full,100.0,True,True,False
AA,Alcoa Corporation Common Stock,nasdaqtrader:N:AA,common_equity,eligible,N,Non-Energy Minerals,50.17,13240335310.0,268186708.40866527,,-21.46211646837821,-13.529817304377803,66.84403059527769,40.542782649917044,3.886591656443623,,,False,,,,2026-08-08T08:41:23Z,2026-08-08T08:41:23Z,full,"{""as_of"": ""2026-08-08T08:41:23Z"", ""listing_date"": null, ""reason_code"": ""twelve_month_return_available"", ""status"": ""full"", ""valid_trading_sessions"": null}","[""l1-snapshot.csv""]",[],71.8805,ranked,full,100.0,True,True,False
GWRE,"Guidewire Software, Inc. Common Stock",nasdaqtrader:N:GWRE,common_equity,eligible,N,Technology Services,170.53,14197708766.999998,265954489.59566665,,24.510806074766347,34.022320025149334,-24.61096374889478,37.443140132061636,5.686057806425019,,,False,,,,2026-08-08T08:41:23Z,2026-08-08T08:41:23Z,full,"{""as_of"": ""2026-08-08T08:41:23Z"", ""listing_date"": null, ""reason_code"": ""twelve_month_return_available"", ""status"": ""full"", ""valid_trading_sessions"": null}","[""l1-snapshot.csv""]",[],71.8371,ranked,full,100.0,True,True,False
PBR,Petroleo Brasileiro S.A. Petrobras ADS,nasdaqtrader:N:PBR,adr,eligible,N,Energy Minerals,17.96,108524437172.96361,329898574.89866674,,-12.815533980582526,19.97327989311957,37.94162826420892,19.244604316546756,2.424018878135323,,,False,,,,2026-08-08T08:41:23Z,2026-08-08T08:41:23Z,full,"{""as_of"": ""2026-08-08T08:41:23Z"", ""listing_date"": null, ""reason_code"": ""twelve_month_return_available"", ""status"": ""full"", ""valid_trading_sessions"": null}","[""l1-snapshot.csv""]",[],71.8112,ranked,full,100.0,True,True,False
SWKS,"Skyworks Solutions, Inc. - Common Stock",nasdaqtrader:Q:SWKS,common_equity,eligible,Q,Electronic Technology,70.62,10626388018.0,355452766.504,,5.261588910418841,15.581014729950905,3.457368883680046,22.31023102310231,4.978764449830532,,,False,,,,2026-08-08T08:41:23Z,2026-08-08T08:41:23Z,full,"{""as_of"": ""2026-08-08T08:41:23Z"", ""listing_date"": null, ""reason_code"": ""twelve_month_return_available"", ""status"": ""full"", ""valid_trading_sessions"": null}","[""l1-snapshot.csv""]",[],71.808,ranked,full,100.0,True,True,False
RMBS,"Rambus, Inc. - Common Stock",nasdaqtrader:Q:RMBS,common_equity,eligible,Q,Electronic Technology,101.52,11011021396.0,292736648.03999996,,-21.27791563275435,1.5758667266996877,38.68852459016392,41.68868466398622,7.138485159701001,,,False,,,,2026-08-08T08:41:23Z,2026-08-08T08:41:23Z,full,"{""as_of"": ""2026-08-08T08:41:23Z"", ""listing_date"": null, ""reason_code"": ""twelve_month_return_available"", ""status"": ""full"", ""valid_trading_sessions"": null}","[""l1-snapshot.csv""]",[],71.8041,ranked,full,100.0,True,True,False
FSLR,"First Solar, Inc. - Common Stock",nasdaqtrader:Q:FSLR,common_equity,eligible,Q,Electronic Technology,250.05,26872820716.999996,609453149.59,,15.272911672506005,6.863541176973376,33.31023084715041,22.090668328400053,5.5722471050146325,,,False,,,,2026-08-08T08:41:23Z,2026-08-08T08:41:23Z,full,"{""as_of"": ""2026-08-08T08:41:23Z"", ""listing_date"": null, ""reason_code"": ""twelve_month_return_available"", ""status"": ""full"", ""valid_trading_sessions"": null}","[""l1-snapshot.csv""]",[],71.7788,ranked,full,100.0,True,True,False
PLTR,Palantir Technologies Inc. - Class A Common Stock,nasdaqtrader:Q:PLTR,common_equity,eligible,Q,Technology Services,172.01,413356036910.0,7782230949.9615555,,26.6036138814264,27.10411586492276,-4.972100988895641,17.11160370084812,5.495558027020614,,,False,,,,2026-08-08T08:41:23Z,2026-08-08T08:41:23Z,full,"{""as_of"": ""2026-08-08T08:41:23Z"", ""listing_date"": null, ""reason_code"": ""twelve_month_return_available"", ""status"": ""full"", ""valid_trading_sessions"": null}","[""l1-snapshot.csv""]",[],71.7779,ranked,full,100.0,True,True,False
MTSI,"MACOM Technology Solutions Holdings, Inc. - Common Stock",nasdaqtrader:Q:MTSI,common_equity,eligible,Q,Electronic Technology,310.82,23737611749.0,480586913.94222224,,-12.918499425657696,32.26382978723404,134.91799561635554,25.800907137741703,6.482824332491376,,,False,,,,2026-08-08T08:41:23Z,2026-08-08T08:41:23Z,full,"{""as_of"": ""2026-08-08T08:41:23Z"", ""listing_date"": null, ""reason_code"": ""twelve_month_return_available"", ""status"": ""full"", ""valid_trading_sessions"": null}","[""l1-snapshot.csv""]",[],71.7735,ranked,full,100.0,True,True,False
DOW,Dow Inc. Common Stock,nasdaqtrader:N:DOW,common_equity,eligible,N,Process Industries,29.34,21193476197.0,363910525.65599996,,-21.780858437749927,-5.354838709677419,34.89655172413793,31.352363125877403,3.8155324125408723,,,False,,,,2026-08-08T08:41:23Z,2026-08-08T08:41:23Z,full,"{""as_of"": ""2026-08-08T08:41:23Z"", ""listing_date"": null, ""reason_code"": ""twelve_month_return_available"", ""status"": ""full"", ""valid_trading_sessions"": null}","[""l1-snapshot.csv""]",[],71.7636,ranked,full,100.0,True,True,False
ZS,"Zscaler, Inc. - Common Stock",nasdaqtrader:Q:ZS,common_equity,eligible,Q,Technology Services,168.68,27277162959.000004,662158151.1284444,,12.950314718092946,-1.7016317016316944,-42.04830453155598,49.94510222855277,5.531273586571289,,,False,,,,2026-08-08T08:41:23Z,2026-08-08T08:41:23Z,full,"{""as_of"": ""2026-08-08T08:41:23Z"", ""listing_date"": null, ""reason_code"": ""twelve_month_return_available"", ""status"": ""full"", ""valid_trading_sessions"": null}","[""l1-snapshot.csv""]",[],71.7537,ranked,full,100.0,True,True,False
NOK,Nokia Corporation Sponsored American Depositary Shares,nasdaqtrader:N:NOK,adr,eligible,N,Electronic Technology,9.36,52443210912.66914,989414451.0639999,,-24.210526315789476,34.482758620689644,124.99999999999997,46.36103151862464,5.572235028373559,,,False,,,,2026-08-08T08:41:23Z,2026-08-08T08:41:23Z,full,"{""as_of"": ""2026-08-08T08:41:23Z"", ""listing_date"": null, ""reason_code"": ""twelve_month_return_available"", ""status"": ""full"", ""valid_trading_sessions"": null}","[""l1-snapshot.csv""]",[],71.7426,ranked,full,100.0,True,True,False
SMTC,Semtech Corporation - Common Stock,nasdaqtrader:Q:SMTC,common_equity,eligible,Q,Electronic Technology,139.42,12987135787.0,446171851.4686666,,12.498991366093748,63.29351136097446,168.0123029603998,21.387087679729355,7.6367777506504755,,,False,,,,2026-08-08T08:41:23Z,2026-08-08T08:41:23Z,full,"{""as_of"": ""2026-08-08T08:41:23Z"", ""listing_date"": null, ""reason_code"": ""twelve_month_return_available"", ""status"": ""full"", ""valid_trading_sessions"": null}","[""l1-snapshot.csv""]",[],71.6849,ranked,full,100.0,True,True,False
TSEM,Tower Semiconductor Ltd. - Ordinary Shares,nasdaqtrader:Q:TSEM,common_equity,eligible,Q,Electronic Technology,252.49,28487170615.0,571085352.3347777,,17.377155873739014,91.03427404100782,411.52755267423015,21.0820778896043,10.367797031661937,,,False,,,,2026-08-08T08:41:23Z,2026-08-08T08:41:23Z,full,"{""as_of"": ""2026-08-08T08:41:23Z"", ""listing_date"": null, ""reason_code"": ""twelve_month_return_available"", ""status"": ""full"", ""valid_trading_sessions"": null}","[""l1-snapshot.csv""]",[],71.6443,ranked,full,100.0,True,True,False
CRWV,"CoreWeave, Inc. - Class A Common Stock",nasdaqtrader:Q:CRWV,common_equity,eligible,Q,Technology Services,90.67,49466862735.00001,2700511189.7755556,,-23.459395576565925,16.39281129653401,-21.484239695185313,40.81588826102367,9.062301439989215,,,False,,,,2026-08-08T08:41:23Z,2026-08-08T08:41:23Z,full,"{""as_of"": ""2026-08-08T08:41:23Z"", ""listing_date"": null, ""reason_code"": ""twelve_month_return_available"", ""status"": ""full"", ""valid_trading_sessions"": null}","[""l1-snapshot.csv""]",[],71.6123,ranked,full,100.0,True,True,False
NBIS,Nebius Group N.V. - Class A Ordinary Shares,nasdaqtrader:Q:NBIS,common_equity,eligible,Q,Technology Services,187.97,47302732965.00001,3551136284.6978893,,2.3244420250408333,137.26096560429158,192.01491377971104,37.314079903955175,12.58322483791712,,,False,,,,2026-08-08T08:41:23Z,2026-08-08T08:41:23Z,full,"{""as_of"": ""2026-08-08T08:41:23Z"", ""listing_date"": null, ""reason_code"": ""twelve_month_return_available"", ""status"": ""full"", ""valid_trading_sessions"": null}","[""l1-snapshot.csv""]",[],71.5957,ranked,full,100.0,True,True,False
MU,"Micron Technology, Inc. - Common Stock",nasdaqtrader:Q:MU,common_equity,eligible,Q,Electronic Technology,877.57,991121481558.0,43869908560.44767,,29.73168748614088,132.18287407564196,668.854038899597,30.07410358565736,8.237656008119815,,,False,,,,2026-08-08T08:41:23Z,2026-08-08T08:41:23Z,full,"{""as_of"": ""2026-08-08T08:41:23Z"", ""listing_date"": null, ""reason_code"": ""twelve_month_return_available"", ""status"": ""full"", ""valid_trading_sessions"": null}","[""l1-snapshot.csv""]",[],71.5932,ranked,full,100.0,True,True,False
TXN,Texas Instruments Incorporated - Common Stock,nasdaqtrader:Q:TXN,common_equity,eligible,Q,Electronic Technology,286.08,261261884222.0,2414833390.8906665,,-2.1915279154842984,26.79165004653636,49.9685468651709,14.354998054067003,3.7470665242210304,,,False,,,,2026-08-08T08:41:23Z,2026-08-08T08:41:23Z,full,"{""as_of"": ""2026-08-08T08:41:23Z"", ""listing_date"": null, ""reason_code"": ""twelve_month_return_available"", ""status"": ""full"", ""valid_trading_sessions"": null}","[""l1-snapshot.csv""]",[],71.5887,ranked,full,100.0,True,True,False
CTSH,Cognizant Technology Solutions Corporation - Class A Common Stock,nasdaqtrader:Q:CTSH,common_equity,eligible,Q,Technology Services,57.67,25977116988.999996,554404697.261998,,11.418083462132929,-25.36560113886372,-19.127752068433598,33.73549350798575,5.152511146265772,,,False,,,,2026-08-08T08:41:23Z,2026-08-08T08:41:23Z,full,"{""as_of"": ""2026-08-08T08:41:23Z"", ""listing_date"": null, ""reason_code"": ""twelve_month_return_available"", ""status"": ""full"", ""valid_trading_sessions"": null}","[""l1-snapshot.csv""]",[],71.5814,ranked,full,100.0,True,True,False
WDC,Western Digital Corporation - Common Stock,nasdaqtrader:Q:WDC,common_equity,eligible,Q,Electronic Technology,434.3,149695444376.0,3615677539.071117,,-8.579968846040499,60.56046434248955,489.2009225342559,45.70367684748772,8.964302756799004,,,False,,,,2026-08-08T08:41:23Z,2026-08-08T08:41:23Z,full,"{""as_of"": ""2026-08-08T08:41:23Z"", ""listing_date"": null, ""reason_code"": ""twelve_month_return_available"", ""status"": ""full"", ""valid_trading_sessions"": null}","[""l1-snapshot.csv""]",[],71.5364,ranked,full,100.0,True,True,False
ONTO,Onto Innovation Inc. Common Stock,nasdaqtrader:N:ONTO,common_equity,eligible,N,Electronic Technology,308.3,15129589274.0,370887482.8688889,,9.171388101983016,58.10256410256411,230.36862408915562,20.224602804947466,7.811766087141146,,,False,,,,2026-08-08T08:41:23Z,2026-08-08T08:41:23Z,full,"{""as_of"": ""2026-08-08T08:41:23Z"", ""listing_date"": null, ""reason_code"": ""twelve_month_return_available"", ""status"": ""full"", ""valid_trading_sessions"": null}","[""l1-snapshot.csv""]",[],71.5299,ranked,full,100.0,True,True,False
WPM,Wheaton Precious Metals Corp Common Shares (Canada),nasdaqtrader:N:WPM,common_equity,eligible,N,Non-Energy Minerals,134.2,60943589669.438385,278985985.27555555,,2.0532319391634895,0.11936735302894405,34.63081861958264,19.039575289575296,3.4276288547316227,,,False,,,,2026-08-08T08:41:23Z,2026-08-08T08:41:23Z,full,"{""as_of"": ""2026-08-08T08:41:23Z"", ""listing_date"": null, ""reason_code"": ""twelve_month_return_available"", ""status"": ""full"", ""valid_trading_sessions"": null}","[""l1-snapshot.csv""]",[],71.5099,ranked,full,100.0,True,True,False
GEHC,GE HealthCare Technologies Inc. - Common Stock,nasdaqtrader:Q:GEHC,common_equity,eligible,Q,Health Technology,71.77,32417520559.0,372070078.6568889,,14.804446932736136,-12.984966052376343,1.2985179957657047,20.05124206305001,3.372859140515147,,,False,,,,2026-08-08T08:41:23Z,2026-08-08T08:41:23Z,full,"{""as_of"": ""2026-08-08T08:41:23Z"", ""listing_date"": null, ""reason_code"": ""twelve_month_return_available"", ""status"": ""full"", ""valid_trading_sessions"": null}","[""l1-snapshot.csv""]",[],71.5068,ranked,full,100.0,True,True,False
DG,Dollar General Corporation Common Stock,nasdaqtrader:N:DG,common_equity,eligible,N,Retail Trade,126.59,27924061874.0,398692081.0401111,,8.159603554340395,-13.608134852931139,11.89781667108637,19.9962080515705,3.3693043936191267,,,False,,,,2026-08-08T08:41:23Z,2026-08-08T08:41:23Z,full,"{""as_of"": ""2026-08-08T08:41:23Z"", ""listing_date"": null, ""reason_code"": ""twelve_month_return_available"", ""status"": ""full"", ""valid_trading_sessions"": null}","[""l1-snapshot.csv""]",[],71.4991,ranked,full,100.0,True,True,False
AMKR,"Amkor Technology, Inc. - Common Stock",nasdaqtrader:Q:AMKR,common_equity,eligible,Q,Electronic Technology,55.27,13731968068.000002,301210817.5372222,,-25.692390427534274,21.579410470743515,136.8037703513282,42.83202316921803,8.021424652488351,,,False,,,,2026-08-08T08:41:23Z,2026-08-08T08:41:23Z,full,"{""as_of"": ""2026-08-08T08:41:23Z"", ""listing_date"": null, ""reason_code"": ""twelve_month_return_available"", ""status"": ""full"", ""valid_trading_sessions"": null}","[""l1-snapshot.csv""]",[],71.4779,ranked,full,100.0,True,True,False
ASX,"ASE Technology Holding Co., Ltd. American Depositary Shares (each representing Two Common Shares)",nasdaqtrader:N:ASX,adr,eligible,N,Electronic Technology,37.39,79673866059.59763,365449961.7838889,,12.349759615384613,85.83499005964214,273.5264735264736,17.851257827089974,5.726324035312092,,,False,,,,2026-08-08T08:41:23Z,2026-08-08T08:41:23Z,full,"{""as_of"": ""2026-08-08T08:41:23Z"", ""listing_date"": null, ""reason_code"": ""twelve_month_return_available"", ""status"": ""full"", ""valid_trading_sessions"": null}","[""l1-snapshot.csv""]",[],71.4628,ranked,full,100.0,True,True,False
COHR,Coherent Corp. Common Stock,nasdaqtrader:N:COHR,common_equity,eligible,N,Electronic Technology,379.13,74172739381.00002,2224765937.085111,,16.32430773951062,75.09352052833326,238.6404541049425,13.834090909090913,9.092505119041531,,,False,,,,2026-08-08T08:41:23Z,2026-08-08T08:41:23Z,full,"{""as_of"": ""2026-08-08T08:41:23Z"", ""listing_date"": null, ""reason_code"": ""twelve_month_return_available"", ""status"": ""full"", ""valid_trading_sessions"": null}","[""l1-snapshot.csv""]",[],71.4585,ranked,full,100.0,True,True,False
STX,Seagate Technology Holdings PLC - Ordinary Shares (Ireland),nasdaqtrader:Q:STX,common_equity,eligible,Q,Electronic Technology,812.76,184207599030.0,3745451209.586666,,4.199999999999998,90.67459619242003,460.60146227065803,29.016593886462882,8.95319886992156,,,False,,,,2026-08-08T08:41:23Z,2026-08-08T08:41:23Z,full,"{""as_of"": ""2026-08-08T08:41:23Z"", ""listing_date"": null, ""reason_code"": ""twelve_month_return_available"", ""status"": ""full"", ""valid_trading_sessions"": null}","[""l1-snapshot.csv""]",[],71.4522,ranked,full,100.0,True,True,False
CHRW,"C.H. Robinson Worldwide, Inc. - Common Stock",nasdaqtrader:Q:CHRW,common_equity,eligible,Q,Transportation,149.345,17451151168.000004,287273678.2436111,,-12.85230787185622,-24.831387155224487,26.125327252765814,28.99491275614511,4.168102254483199,,,False,,,,2026-08-08T08:41:23Z,2026-08-08T08:41:23Z,full,"{""as_of"": ""2026-08-08T08:41:23Z"", ""listing_date"": null, ""reason_code"": ""twelve_month_return_available"", ""status"": ""full"", ""valid_trading_sessions"": null}","[""l1-snapshot.csv""]",[],71.4493,ranked,full,100.0,True,True,False
AVGO,Broadcom Inc. - Common Stock,nasdaqtrader:Q:AVGO,common_equity,eligible,Q,Electronic Technology,427.76,2035102500679.0,10499156565.25689,,1.896141019533106,33.63323961262104,39.71323121141849,13.583838383838387,3.9279545234995794,,,False,,,,2026-08-08T08:41:23Z,2026-08-08T08:41:23Z,full,"{""as_of"": ""2026-08-08T08:41:23Z"", ""listing_date"": null, ""reason_code"": ""twelve_month_return_available"", ""status"": ""full"", ""valid_trading_sessions"": null}","[""l1-snapshot.csv""]",[],71.396,ranked,full,100.0,True,True,False
INTC,Intel Corporation - Common Stock,nasdaqtrader:Q:INTC,common_equity,eligible,Q,Electronic Technology,101.65,512722607697.0,13110197577.653889,,-9.086843752794916,107.0264765784114,408.25000000000006,28.59149982437653,7.237519112298813,,,False,,,,2026-08-08T08:41:23Z,2026-08-08T08:41:23Z,full,"{""as_of"": ""2026-08-08T08:41:23Z"", ""listing_date"": null, ""reason_code"": ""twelve_month_return_available"", ""status"": ""full"", ""valid_trading_sessions"": null}","[""l1-snapshot.csv""]",[],71.3955,ranked,full,100.0,True,True,False
CF,"CF Industries Holdings, Inc. Common Stock",nasdaqtrader:N:CF,common_equity,eligible,N,Process Industries,114.35,17305513735.0,346356596.6927804,,-3.428764462460943,23.970078057241977,35.807600950118754,19.44914060298677,3.418517544321837,,,False,,,,2026-08-08T08:41:23Z,2026-08-08T08:41:23Z,full,"{""as_of"": ""2026-08-08T08:41:23Z"", ""listing_date"": null, ""reason_code"": ""twelve_month_return_available"", ""status"": ""full"", ""valid_trading_sessions"": null}","[""l1-snapshot.csv""]",[],71.3623,ranked,full,100.0,True,True,False
SNDK,Sandisk Corporation - Common Stock When-Issued,nasdaqtrader:Q:SNDK,common_equity,eligible,Q,Electronic Technology,1212.21,179515891223.00003,17615370110.139,,-13.063964371006252,97.26769731489016,2786.214285714286,48.512776069927924,12.13580317558467,,,False,,,,2026-08-08T08:41:23Z,2026-08-08T08:41:23Z,full,"{""as_of"": ""2026-08-08T08:41:23Z"", ""listing_date"": null, ""reason_code"": ""twelve_month_return_available"", ""status"": ""full"", ""valid_trading_sessions"": null}","[""l1-snapshot.csv""]",[],71.3491,ranked,full,100.0,True,True,False
RDW,Redwire Corporation Common Stock,nasdaqtrader:N:RDW,common_equity,eligible,N,Electronic Technology,13.59,3397399673.0,449711151.29499996,,44.42082890541977,47.55700325732897,23.65787079162875,48.98648648648649,8.823034404844652,,,False,,,,2026-08-08T08:41:23Z,2026-08-08T08:41:23Z,full,"{""as_of"": ""2026-08-08T08:41:23Z"", ""listing_date"": null, ""reason_code"": ""twelve_month_return_available"", ""status"": ""full"", ""valid_trading_sessions"": null}","[""l1-snapshot.csv""]",[],71.3176,ranked,full,100.0,True,True,False
SMH,VanEck Semiconductor ETF,US:SMH,etf,eligible,Q,Miscellaneous,582.7,70214984461.7414,6326191650.863334,,5.641973965698539,49.7173689619733,98.98917460642697,13.266749028772162,3.93613980771744,,,False,,,,2026-08-08T08:41:23Z,2026-08-08T08:41:23Z,full,"{""as_of"": ""2026-08-08T08:41:23Z"", ""listing_date"": null, ""reason_code"": ""twelve_month_return_available"", ""status"": ""full"", ""valid_trading_sessions"": null}","[""l1-snapshot.csv""]",[],71.3167,ranked,full,100.0,True,True,False
CCJ,Cameco Corporation Common Stock,nasdaqtrader:N:CCJ,common_equity,eligible,N,Non-Energy Minerals,97.39,42416555065.72552,324993969.58544445,,-19.017129552635957,-13.307815559907425,26.67793964620188,27.987281869269452,4.00626694932508,,,False,,,,2026-08-08T08:41:23Z,2026-08-08T08:41:23Z,full,"{""as_of"": ""2026-08-08T08:41:23Z"", ""listing_date"": null, ""reason_code"": ""twelve_month_return_available"", ""status"": ""full"", ""valid_trading_sessions"": null}","[""l1-snapshot.csv""]",[],71.315,ranked,full,100.0,True,True,False
JBL,Jabil Inc. Common Stock,nasdaqtrader:N:JBL,common_equity,eligible,N,Producer Manufacturing,341.22,35755449779.00001,426575292.03666675,,-4.105893263637118,35.91714797849035,53.33662876915473,20.448966060370378,4.428190265018896,,,False,,,,2026-08-08T08:41:23Z,2026-08-08T08:41:23Z,full,"{""as_of"": ""2026-08-08T08:41:23Z"", ""listing_date"": null, ""reason_code"": ""twelve_month_return_available"", ""status"": ""full"", ""valid_trading_sessions"": null}","[""l1-snapshot.csv""]",[],71.3099,ranked,full,100.0,True,True,False
AAL,"American Airlines Group, Inc. - Common Stock",nasdaqtrader:Q:AAL,common_equity,eligible,Q,Transportation,15.94,10551800081.999998,1480672587.595333,,20.03012048192771,11.312849162011167,35.19932145886345,15.167642362959022,4.231578388247861,,,False,,,,2026-08-08T08:41:23Z,2026-08-08T08:41:23Z,full,"{""as_of"": ""2026-08-08T08:41:23Z"", ""listing_date"": null, ""reason_code"": ""twelve_month_return_available"", ""status"": ""full"", ""valid_trading_sessions"": null}","[""l1-snapshot.csv""]",[],71.2919,ranked,full,100.0,True,True,False
OXY,Occidental Petroleum Corporation Common Stock,nasdaqtrader:N:OXY,common_equity,eligible,N,Energy Minerals,55.91,55889726330.0,649805247.449,,3.7098868484511223,24.576648841354707,27.357630979498857,17.108969607116386,2.648599456402889,,,False,,,,2026-08-08T08:41:23Z,2026-08-08T08:41:23Z,full,"{""as_of"": ""2026-08-08T08:41:23Z"", ""listing_date"": null, ""reason_code"": ""twelve_month_return_available"", ""status"": ""full"", ""valid_trading_sessions"": null}","[""l1-snapshot.csv""]",[],71.2772,ranked,full,100.0,True,True,False
VALE,VALE S.A.  American Depositary Shares Each Representing one common share,nasdaqtrader:N:VALE,adr,eligible,N,Non-Energy Minerals,14.71,60883722068.704,348972762.7995559,,-10.631834750911299,-11.545399879735408,47.69076305220883,18.004459308807142,2.148940165360732,,,False,,,,2026-08-08T08:41:23Z,2026-08-08T08:41:23Z,full,"{""as_of"": ""2026-08-08T08:41:23Z"", ""listing_date"": null, ""reason_code"": ""twelve_month_return_available"", ""status"": ""full"", ""valid_trading_sessions"": null}","[""l1-snapshot.csv""]",[],71.2511,ranked,full,100.0,True,True,False
IGV,iShares Expanded Tech-Software Sector ETF,US:IGV,etf,eligible,Z,Miscellaneous,102.69,13959891837.85,2032633979.908,,14.315930090170323,25.891872011769042,-8.598130841121492,12.967200610221209,2.8798198527066585,,,False,,,,2026-08-08T08:41:23Z,2026-08-08T08:41:23Z,full,"{""as_of"": ""2026-08-08T08:41:23Z"", ""listing_date"": null, ""reason_code"": ""twelve_month_return_available"", ""status"": ""full"", ""valid_trading_sessions"": null}","[""l1-snapshot.csv""]",[],71.2418,ranked,full,100.0,True,True,False
AMAT,"Applied Materials, Inc. - Common Stock",nasdaqtrader:Q:AMAT,common_equity,eligible,Q,Producer Manufacturing,539.14,428055288812.00006,4581143488.890889,,27.423128737207808,74.24776186936425,192.46250237326748,27.110738572606696,6.4281896976938615,,,False,,,,2026-08-08T08:41:23Z,2026-08-08T08:41:23Z,full,"{""as_of"": ""2026-08-08T08:41:23Z"", ""listing_date"": null, ""reason_code"": ""twelve_month_return_available"", ""status"": ""full"", ""valid_trading_sessions"": null}","[""l1-snapshot.csv""]",[],71.1981,ranked,full,100.0,True,True,False
HAL,Halliburton Company Common Stock,nasdaqtrader:N:HAL,common_equity,eligible,N,Industrial Services,31.89,26568527026.0,398739147.06600004,,-18.55051068753177,-5.929203539823003,48.05013927576603,26.841018582243635,3.0418907284069223,,,False,,,,2026-08-08T08:41:23Z,2026-08-08T08:41:23Z,full,"{""as_of"": ""2026-08-08T08:41:23Z"", ""listing_date"": null, ""reason_code"": ""twelve_month_return_available"", ""status"": ""full"", ""valid_trading_sessions"": null}","[""l1-snapshot.csv""]",[],71.1621,ranked,full,100.0,True,True,False
CDNS,"Cadence Design Systems, Inc. - Common Stock",nasdaqtrader:Q:CDNS,common_equity,eligible,Q,Technology Services,339.24,93424320452.99998,816410159.2533334,,-4.727936530225368,22.832935042363676,-6.549316143960987,18.586959130288705,4.145961990538536,,,False,,,,2026-08-08T08:41:23Z,2026-08-08T08:41:23Z,full,"{""as_of"": ""2026-08-08T08:41:23Z"", ""listing_date"": null, ""reason_code"": ""twelve_month_return_available"", ""status"": ""full"", ""valid_trading_sessions"": null}","[""l1-snapshot.csv""]",[],71.1467,ranked,full,100.0,True,True,False
ADI,"Analog Devices, Inc. - Common Stock",nasdaqtrader:Q:ADI,common_equity,eligible,Q,Electronic Technology,389.93,189929844432.0,1691369925.6175556,,-6.715311004784687,20.73631409462473,74.77812640071717,12.554102845865756,3.2467805282499067,,,False,,,,2026-08-08T08:41:23Z,2026-08-08T08:41:23Z,full,"{""as_of"": ""2026-08-08T08:41:23Z"", ""listing_date"": null, ""reason_code"": ""twelve_month_return_available"", ""status"": ""full"", ""valid_trading_sessions"": null}","[""l1-snapshot.csv""]",[],71.1385,ranked,full,100.0,True,True,False
WWD,"Woodward, Inc. - Common Stock",nasdaqtrader:Q:WWD,common_equity,eligible,Q,Producer Manufacturing,362.89,21427139263.0,282348358.78944445,,-3.6558169171135875,-5.1466359976998275,43.502847200253086,19.52230994411426,3.8288013904108413,,,False,,,,2026-08-08T08:41:23Z,2026-08-08T08:41:23Z,full,"{""as_of"": ""2026-08-08T08:41:23Z"", ""listing_date"": null, ""reason_code"": ""twelve_month_return_available"", ""status"": ""full"", ""valid_trading_sessions"": null}","[""l1-snapshot.csv""]",[],71.1306,ranked,full,100.0,True,True,False
TAN,Invesco Solar ETF,US:TAN,etf,eligible,P,Miscellaneous,52.75,1310479880.0,73720373.32222222,,-13.354139290407362,-7.407407407407406,43.22563127884877,30.22486772486772,3.201719558795346,,,False,,,,2026-08-08T08:41:23Z,2026-08-08T08:41:23Z,full,"{""as_of"": ""2026-08-08T08:41:23Z"", ""listing_date"": null, ""reason_code"": ""twelve_month_return_available"", ""status"": ""full"", ""valid_trading_sessions"": null}","[""l1-snapshot.csv""]",[],71.1133,ranked,full,100.0,True,True,False
TSCO,Tractor Supply Company - Common Stock,nasdaqtrader:Q:TSCO,common_equity,eligible,Q,Retail Trade,34.56,18007146575.0,408507970.17600006,,9.783989834815761,-35.92880978865405,-42.87603305785124,45.04690729845762,3.5592719286621075,,,False,,,,2026-08-08T08:41:23Z,2026-08-08T08:41:23Z,full,"{""as_of"": ""2026-08-08T08:41:23Z"", ""listing_date"": null, ""reason_code"": ""twelve_month_return_available"", ""status"": ""full"", ""valid_trading_sessions"": null}","[""l1-snapshot.csv""]",[],71.0802,ranked,full,100.0,True,True,False
WDAY,"Workday, Inc. - Class A Common Stock",nasdaqtrader:Q:WDAY,common_equity,eligible,Q,Technology Services,179.64,44371079849.0,900092289.8359998,,42.91169451073984,11.53607351297652,-22.37490277417682,28.10086051630979,6.045035657623094,,,False,,,,2026-08-08T08:41:23Z,2026-08-08T08:41:23Z,full,"{""as_of"": ""2026-08-08T08:41:23Z"", ""listing_date"": null, ""reason_code"": ""twelve_month_return_available"", ""status"": ""full"", ""valid_trading_sessions"": null}","[""l1-snapshot.csv""]",[],71.0801,ranked,full,100.0,True,True,False
GOOGL,Alphabet Inc. - Class A Common Stock,nasdaqtrader:Q:GOOGL,common_equity,eligible,Q,Technology Services,354.3,4328501514922.9995,11113910584.946667,,-10.755667506297227,8.289015220979278,79.79295645996143,13.291402559898192,3.2361424732131487,,,False,,,,2026-08-08T08:41:23Z,2026-08-08T08:41:23Z,full,"{""as_of"": ""2026-08-08T08:41:23Z"", ""listing_date"": null, ""reason_code"": ""twelve_month_return_available"", ""status"": ""full"", ""valid_trading_sessions"": null}","[""l1-snapshot.csv""]",[],71.0729,ranked,full,100.0,True,True,False
BIDU,"Baidu, Inc. - American Depositary Shares, each representing 8 ordinary share",nasdaqtrader:Q:BIDU,adr,eligible,Q,Technology Services,109.71,37621379453.63544,257196488.184,,-25.52440431742584,-22.983502983502984,24.91176135716725,33.62976406533576,2.8343823604537315,,,False,,,,2026-08-08T08:41:23Z,2026-08-08T08:41:23Z,full,"{""as_of"": ""2026-08-08T08:41:23Z"", ""listing_date"": null, ""reason_code"": ""twelve_month_return_available"", ""status"": ""full"", ""valid_trading_sessions"": null}","[""l1-snapshot.csv""]",[],71.0673,ranked,full,100.0,True,True,False
XOM,ExxonMobil Holdings Corporation Common Stock,nasdaqtrader:N:XOM,common_equity,eligible,N,Energy Minerals,153.04,629287001612.0,2678684898.7377777,,4.929722317449433,4.3786659391624525,42.84114243046481,13.247548324924896,2.242461438590771,,,False,,,,2026-08-08T08:41:23Z,2026-08-08T08:41:23Z,full,"{""as_of"": ""2026-08-08T08:41:23Z"", ""listing_date"": null, ""reason_code"": ""twelve_month_return_available"", ""status"": ""full"", ""valid_trading_sessions"": null}","[""l1-snapshot.csv""]",[],71.0619,ranked,full,100.0,True,True,False
PATH,"UiPath, Inc. Class A Common Stock",nasdaqtrader:N:PATH,common_equity,eligible,N,Technology Services,15.05,7797714608.999998,756361354.0855556,,39.094269870609985,22.70688952303302,32.77459197176886,24.143145161290313,7.138326127242587,,,False,,,,2026-08-08T08:41:23Z,2026-08-08T08:41:23Z,full,"{""as_of"": ""2026-08-08T08:41:23Z"", ""listing_date"": null, ""reason_code"": ""twelve_month_return_available"", ""status"": ""full"", ""valid_trading_sessions"": null}","[""l1-snapshot.csv""]",[],71.0524,ranked,full,100.0,True,True,False
COF,Capital One Financial Corporation Common Stock,nasdaqtrader:N:COF,common_equity,eligible,N,Finance,217.76,133592447166.99998,990529608.3573332,,12.8641028298953,-1.2605423052507487,1.552954344074982,16.128411038573386,2.6588954854276574,,,False,,,,2026-08-08T08:41:23Z,2026-08-08T08:41:23Z,full,"{""as_of"": ""2026-08-08T08:41:23Z"", ""listing_date"": null, ""reason_code"": ""twelve_month_return_available"", ""status"": ""full"", ""valid_trading_sessions"": null}","[""l1-snapshot.csv""]",[],71.0321,ranked,full,100.0,True,True,False
BABA,Alibaba Group Holding Limited American Depositary Shares each representing eight Ordinary share,nasdaqtrader:N:BABA,adr,eligible,N,Retail Trade,128.41,302525178169.8758,1500441135.9259999,,-9.602252727912715,-19.973825252399358,5.8266029339047245,33.35236414594903,2.5714975246992804,,,False,,,,2026-08-08T08:41:23Z,2026-08-08T08:41:23Z,full,"{""as_of"": ""2026-08-08T08:41:23Z"", ""listing_date"": null, ""reason_code"": ""twelve_month_return_available"", ""status"": ""full"", ""valid_trading_sessions"": null}","[""l1-snapshot.csv""]",[],71.0303,ranked,full,100.0,True,True,False
CVX,Chevron Corporation Common Stock,nasdaqtrader:N:CVX,common_equity,eligible,N,Energy Minerals,186.56,368599877754.0,1807565727.7724442,,2.4829707756537083,3.4719911259012703,21.30433369095225,13.11070746588422,1.9544844449982608,,,False,,,,2026-08-08T08:41:23Z,2026-08-08T08:41:23Z,full,"{""as_of"": ""2026-08-08T08:41:23Z"", ""listing_date"": null, ""reason_code"": ""twelve_month_return_available"", ""status"": ""full"", ""valid_trading_sessions"": null}","[""l1-snapshot.csv""]",[],71.0277,ranked,full,100.0,True,True,False
UL,Unilever PLC American Depositary Shares (each representing One Ordinary Share),nasdaqtrader:N:UL,adr,eligible,N,Consumer Non-Durables,62.96,135336643311.11519,290237345.94399995,,7.587149692412846,-11.925578792753724,-8.644393659085143,16.02534178059353,1.5543666456983043,,,False,,,,2026-08-08T08:41:23Z,2026-08-08T08:41:23Z,full,"{""as_of"": ""2026-08-08T08:41:23Z"", ""listing_date"": null, ""reason_code"": ""twelve_month_return_available"", ""status"": ""full"", ""valid_trading_sessions"": null}","[""l1-snapshot.csv""]",[],71.0063,ranked,full,100.0,True,True,False
AXP,American Express Company Common Stock,nasdaqtrader:N:AXP,common_equity,eligible,N,Finance,340.91,230219871317.99997,1059262729.9961113,,6.838196120216883,-4.826912339475143,14.514612025529068,12.020955379493659,2.1021619668203777,,,False,,,,2026-08-08T08:41:23Z,2026-08-08T08:41:23Z,full,"{""as_of"": ""2026-08-08T08:41:23Z"", ""listing_date"": null, ""reason_code"": ""twelve_month_return_available"", ""status"": ""full"", ""valid_trading_sessions"": null}","[""l1-snapshot.csv""]",[],71.0052,ranked,full,100.0,True,True,False
MCHP,Microchip Technology Incorporated - Common Stock,nasdaqtrader:Q:MCHP,common_equity,eligible,Q,Electronic Technology,84.69,45987405333.0,974487337.829,,-19.381247025226084,13.815347399543073,24.893083615985834,20.035879520347464,4.8171877946812325,,,False,,,,2026-08-08T08:41:23Z,2026-08-08T08:41:23Z,full,"{""as_of"": ""2026-08-08T08:41:23Z"", ""listing_date"": null, ""reason_code"": ""twelve_month_return_available"", ""status"": ""full"", ""valid_trading_sessions"": null}","[""l1-snapshot.csv""]",[],71.0048,ranked,full,100.0,True,True,False
FTAI,FTAI Aviation Ltd. - Common Stock,nasdaqtrader:Q:FTAI,common_equity,eligible,Q,Electronic Technology,216.24,22209382200.0,294514216.4239999,,-24.641398441529468,-19.099105840098773,56.9572475865573,33.15817130846032,7.180040911338203,,,False,,,,2026-08-08T08:41:23Z,2026-08-08T08:41:23Z,full,"{""as_of"": ""2026-08-08T08:41:23Z"", ""listing_date"": null, ""reason_code"": ""twelve_month_return_available"", ""status"": ""full"", ""valid_trading_sessions"": null}","[""l1-snapshot.csv""]",[],71.0044,ranked,full,100.0,True,True,False
RELX,RELX PLC PLC American Depositary Shares (Each representing One Ordinary Share),nasdaqtrader:N:RELX,adr,eligible,N,Commercial Services,35.52,61653437498.633995,97559784.92800002,,5.05767524401065,20.816326530612262,-28.097165991902827,27.473200612557424,2.556056190592289,,,False,,,,2026-08-08T08:41:23Z,2026-08-08T08:41:23Z,full,"{""as_of"": ""2026-08-08T08:41:23Z"", ""listing_date"": null, ""reason_code"": ""twelve_month_return_available"", ""status"": ""full"", ""valid_trading_sessions"": null}","[""l1-snapshot.csv""]",[],70.9964,ranked,full,100.0,True,True,False
NCLH,Norwegian Cruise Line Holdings Ltd. Ordinary Shares,nasdaqtrader:N:NCLH,common_equity,eligible,N,Consumer Services,19.25,8839365837.0,386454952.8583333,,11.400462962962955,-11.616161616161621,-23.33731581043409,29.17560403091991,4.1753111356042805,,,False,,,,2026-08-08T08:41:23Z,2026-08-08T08:41:23Z,full,"{""as_of"": ""2026-08-08T08:41:23Z"", ""listing_date"": null, ""reason_code"": ""twelve_month_return_available"", ""status"": ""full"", ""valid_trading_sessions"": null}","[""l1-snapshot.csv""]",[],70.9734,ranked,full,100.0,True,True,False
UNH,UnitedHealth Group Incorporated Common Stock (DE),nasdaqtrader:N:UNH,common_equity,eligible,N,Health Services,407.08,369687389048.0,2843371877.4115553,,9.433049275518151,52.43016550587882,65.19763006249494,11.814912698756553,3.2191673895430135,,,False,,,,2026-08-08T08:41:23Z,2026-08-08T08:41:23Z,full,"{""as_of"": ""2026-08-08T08:41:23Z"", ""listing_date"": null, ""reason_code"": ""twelve_month_return_available"", ""status"": ""full"", ""valid_trading_sessions"": null}","[""l1-snapshot.csv""]",[],70.9537,ranked,full,100.0,True,True,False
IONQ,"IonQ, Inc. Common Stock",nasdaqtrader:N:IONQ,common_equity,eligible,N,Electronic Technology,44.43,17651886719.0,1266619935.6783333,,-8.739858272568558,39.278996865203766,13.98152898922525,47.507088846880904,7.513803683568311,,,False,,,,2026-08-08T08:41:23Z,2026-08-08T08:41:23Z,full,"{""as_of"": ""2026-08-08T08:41:23Z"", ""listing_date"": null, ""reason_code"": ""twelve_month_return_available"", ""status"": ""full"", ""valid_trading_sessions"": null}","[""l1-snapshot.csv""]",[],70.9162,ranked,full,100.0,True,True,False
GOOG,Alphabet Inc. - Class C Capital Stock,nasdaqtrader:Q:GOOG,common_equity,eligible,Q,Technology Services,353.47,4328501514923.0,7498409331.413,,-10.348238516752469,7.9792271269283646,78.78205452430328,12.609093381462156,3.174711665942147,,,False,,,,2026-08-08T08:41:23Z,2026-08-08T08:41:23Z,full,"{""as_of"": ""2026-08-08T08:41:23Z"", ""listing_date"": null, ""reason_code"": ""twelve_month_return_available"", ""status"": ""full"", ""valid_trading_sessions"": null}","[""l1-snapshot.csv""]",[],70.9023,ranked,full,100.0,True,True,False
RIOT,"Riot Platforms, Inc. - Common Stock",nasdaqtrader:Q:RIOT,common_equity,eligible,Q,Technology Services,20.52,7759663097.0,365007672.65999997,,-15.93609176566981,57.72482705611068,72.14765100671141,32.32189973614776,10.008150825445034,,,False,,,,2026-08-08T08:41:23Z,2026-08-08T08:41:23Z,full,"{""as_of"": ""2026-08-08T08:41:23Z"", ""listing_date"": null, ""reason_code"": ""twelve_month_return_available"", ""status"": ""full"", ""valid_trading_sessions"": null}","[""l1-snapshot.csv""]",[],70.8929,ranked,full,100.0,True,True,False
TMUS,"T-Mobile US, Inc. - Common Stock",nasdaqtrader:Q:TMUS,common_equity,eligible,Q,Communications,177.19,190066688891.0,1001384077.5827779,,-8.712004121586808,-12.064516129032258,-26.050665665039027,32.25646123260437,3.3910373249106462,,,False,,,,2026-08-08T08:41:23Z,2026-08-08T08:41:23Z,full,"{""as_of"": ""2026-08-08T08:41:23Z"", ""listing_date"": null, ""reason_code"": ""twelve_month_return_available"", ""status"": ""full"", ""valid_trading_sessions"": null}","[""l1-snapshot.csv""]",[],70.8842,ranked,full,100.0,True,True,False
TRI,Thomson Reuters Corp - Common Shares,nasdaqtrader:Q:TRI,common_equity,eligible,Q,Technology Services,101.83,44452750599.004364,215191123.39553753,,10.205627705627698,12.220458743596529,-44.67927062763938,44.301245643594925,5.93623260122077,,,False,,,,2026-08-08T08:41:23Z,2026-08-08T08:41:23Z,full,"{""as_of"": ""2026-08-08T08:41:23Z"", ""listing_date"": null, ""reason_code"": ""twelve_month_return_available"", ""status"": ""full"", ""valid_trading_sessions"": null}","[""l1-snapshot.csv""]",[],70.8799,ranked,full,100.0,True,True,False
ULTA,"Ulta Beauty, Inc. - Common Stock",nasdaqtrader:Q:ULTA,common_equity,eligible,Q,Retail Trade,565.15,24295410285.0,404089622.06777775,,6.722689075630257,-17.04463722165955,9.472154963680383,20.954714317344003,3.0925280763195087,,,False,,,,2026-08-08T08:41:23Z,2026-08-08T08:41:23Z,full,"{""as_of"": ""2026-08-08T08:41:23Z"", ""listing_date"": null, ""reason_code"": ""twelve_month_return_available"", ""status"": ""full"", ""valid_trading_sessions"": null}","[""l1-snapshot.csv""]",[],70.8773,ranked,full,100.0,True,True,False
DVN,Devon Energy Corporation Common Stock,nasdaqtrader:N:DVN,common_equity,eligible,N,Energy Minerals,42.98,47277999495.99999,586616551.9728888,,-6.565217391304356,-0.7619487416301209,29.88818374131155,18.459495351925636,2.5991329586388434,,,False,,,,2026-08-08T08:41:23Z,2026-08-08T08:41:23Z,full,"{""as_of"": ""2026-08-08T08:41:23Z"", ""listing_date"": null, ""reason_code"": ""twelve_month_return_available"", ""status"": ""full"", ""valid_trading_sessions"": null}","[""l1-snapshot.csv""]",[],70.8649,ranked,full,100.0,True,True,False
FDS,FactSet Research Systems Inc. Common Stock,nasdaqtrader:N:FDS,common_equity,eligible,N,Commercial Services,285.57,10156452697.000002,276776395.395,,29.141229141229143,34.14599774520857,-27.580960109552915,26.352030947775628,4.4403287274078265,,,False,,,,2026-08-08T08:41:23Z,2026-08-08T08:41:23Z,full,"{""as_of"": ""2026-08-08T08:41:23Z"", ""listing_date"": null, ""reason_code"": ""twelve_month_return_available"", ""status"": ""full"", ""valid_trading_sessions"": null}","[""l1-snapshot.csv""]",[],70.8469,ranked,full,100.0,True,True,False
ANET,"Arista Networks, Inc. Common Stock",nasdaqtrader:N:ANET,common_equity,eligible,N,Electronic Technology,188.67,237955244741.00003,1719969348.3993332,,32.260778128286,43.584474885844735,35.65573770491801,12.20159151193634,6.035695941613774,,,False,,,,2026-08-08T08:41:23Z,2026-08-08T08:41:23Z,full,"{""as_of"": ""2026-08-08T08:41:23Z"", ""listing_date"": null, ""reason_code"": ""twelve_month_return_available"", ""status"": ""full"", ""valid_trading_sessions"": null}","[""l1-snapshot.csv""]",[],70.8004,ranked,full,100.0,True,True,False
LSCC,Lattice Semiconductor Corporation - Common Stock,nasdaqtrader:Q:LSCC,common_equity,eligible,Q,Electronic Technology,130.03,18468194297.999996,271777228.6853334,,6.146938775510205,56.004799040191976,120.65162056677413,17.183618877778486,6.560831597191347,,,False,,,,2026-08-08T08:41:23Z,2026-08-08T08:41:23Z,full,"{""as_of"": ""2026-08-08T08:41:23Z"", ""listing_date"": null, ""reason_code"": ""twelve_month_return_available"", ""status"": ""full"", ""valid_trading_sessions"": null}","[""l1-snapshot.csv""]",[],70.7959,ranked,full,100.0,True,True,False
VEEV,Veeva Systems Inc. Class A Common Stock,nasdaqtrader:N:VEEV,common_equity,eligible,N,Technology Services,230.47,37438307167.0,636022860.6211112,,39.61109764962441,25.891735401758897,-18.995483542168248,25.774557165861513,3.9310293430865038,,,False,,,,2026-08-08T08:41:23Z,2026-08-08T08:41:23Z,full,"{""as_of"": ""2026-08-08T08:41:23Z"", ""listing_date"": null, ""reason_code"": ""twelve_month_return_available"", ""status"": ""full"", ""valid_trading_sessions"": null}","[""l1-snapshot.csv""]",[],70.7699,ranked,full,100.0,True,True,False
LMT,Lockheed Martin Corporation Common Stock,nasdaqtrader:N:LMT,common_equity,eligible,N,Electronic Technology,587.95,135693427940.0,777210726.098889,,15.603924575787978,-4.334597048438794,36.595962177357535,15.036127167630053,2.70908259633559,,,False,,,,2026-08-08T08:41:23Z,2026-08-08T08:41:23Z,full,"{""as_of"": ""2026-08-08T08:41:23Z"", ""listing_date"": null, ""reason_code"": ""twelve_month_return_available"", ""status"": ""full"", ""valid_trading_sessions"": null}","[""l1-snapshot.csv""]",[],70.759,ranked,full,100.0,True,True,False
MDT,Medtronic plc. Ordinary Shares,nasdaqtrader:N:MDT,common_equity,eligible,N,Health Technology,87.16,111568751997.0,814113836.9946667,,11.258616287975482,-15.3704243130401,-3.1447938659851076,18.02877833160914,2.5119425213552775,,,False,,,,2026-08-08T08:41:23Z,2026-08-08T08:41:23Z,full,"{""as_of"": ""2026-08-08T08:41:23Z"", ""listing_date"": null, ""reason_code"": ""twelve_month_return_available"", ""status"": ""full"", ""valid_trading_sessions"": null}","[""l1-snapshot.csv""]",[],70.7572,ranked,full,100.0,True,True,False
UMC,United Microelectronics Corporation (NEW) Common Stock,nasdaqtrader:N:UMC,common_equity,eligible,N,Electronic Technology,18.72,45183071415.18758,304050651.42399997,,28.92561983471074,86.0834990059642,177.33333333333334,35.35911602209946,5.61065137860614,,,False,,,,2026-08-08T08:41:23Z,2026-08-08T08:41:23Z,full,"{""as_of"": ""2026-08-08T08:41:23Z"", ""listing_date"": null, ""reason_code"": ""twelve_month_return_available"", ""status"": ""full"", ""valid_trading_sessions"": null}","[""l1-snapshot.csv""]",[],70.7261,ranked,full,100.0,True,True,False
WFC,Wells Fargo & Company Common Stock,nasdaqtrader:N:WFC,common_equity,eligible,N,Finance,87.25,263843936096.0,1411900208.3027778,,10.443037974683545,-5.929919137466308,11.45886561062851,10.750818330605572,2.473798117168131,,,False,,,,2026-08-08T08:41:23Z,2026-08-08T08:41:23Z,full,"{""as_of"": ""2026-08-08T08:41:23Z"", ""listing_date"": null, ""reason_code"": ""twelve_month_return_available"", ""status"": ""full"", ""valid_trading_sessions"": null}","[""l1-snapshot.csv""]",[],70.6877,ranked,full,100.0,True,True,False
ENTG,"Entegris, Inc. - Common Stock",nasdaqtrader:Q:ENTG,common_equity,eligible,Q,Producer Manufacturing,152.08,23237824744.0,477690287.5084445,,0.36958817317845977,34.97825508121062,103.64220674879486,18.647694447416274,6.797129346030279,,,False,,,,2026-08-08T08:41:23Z,2026-08-08T08:41:23Z,full,"{""as_of"": ""2026-08-08T08:41:23Z"", ""listing_date"": null, ""reason_code"": ""twelve_month_return_available"", ""status"": ""full"", ""valid_trading_sessions"": null}","[""l1-snapshot.csv""]",[],70.6619,ranked,full,100.0,True,True,False
KMB,Kimberly-Clark Corporation - Common Stock,nasdaqtrader:Q:KMB,common_equity,eligible,Q,Consumer Non-Durables,109.68,36477269267.00001,500247779.4346664,,9.888788698527206,5.461538461538468,-20.005834731237698,19.565855089469053,3.0388398914402943,,,False,,,,2026-08-08T08:41:23Z,2026-08-08T08:41:23Z,full,"{""as_of"": ""2026-08-08T08:41:23Z"", ""listing_date"": null, ""reason_code"": ""twelve_month_return_available"", ""status"": ""full"", ""valid_trading_sessions"": null}","[""l1-snapshot.csv""]",[],70.6415,ranked,full,100.0,True,True,False
U,Unity Software Inc. Common Stock,nasdaqtrader:N:U,common_equity,eligible,N,Technology Services,43.0,18923823914.0,446425937.8888889,,62.29477259860351,78.42323651452281,31.17754728492983,17.54554170661553,6.708539689519801,,,False,,,,2026-08-08T08:41:23Z,2026-08-08T08:41:23Z,full,"{""as_of"": ""2026-08-08T08:41:23Z"", ""listing_date"": null, ""reason_code"": ""twelve_month_return_available"", ""status"": ""full"", ""valid_trading_sessions"": null}","[""l1-snapshot.csv""]",[],70.6364,ranked,full,100.0,True,True,False
SU,Suncor Energy  Inc. Common Stock,nasdaqtrader:N:SU,common_equity,eligible,N,Energy Minerals,60.1,70962790429.40356,258976546.7288889,,-5.38413098236776,13.289349670122535,52.46067985794013,14.497083511168018,2.3618379099477917,,,False,,,,2026-08-08T08:41:23Z,2026-08-08T08:41:23Z,full,"{""as_of"": ""2026-08-08T08:41:23Z"", ""listing_date"": null, ""reason_code"": ""twelve_month_return_available"", ""status"": ""full"", ""valid_trading_sessions"": null}","[""l1-snapshot.csv""]",[],70.6243,ranked,full,100.0,True,True,False
TOST,"Toast, Inc. Class A Common Stock",nasdaqtrader:N:TOST,common_equity,eligible,N,Technology Services,34.48,20032879734.0,406677761.6435555,,36.825396825396815,24.521487901769575,-25.448648648648653,24.452234881682745,4.2890473309057215,,,False,,,,2026-08-08T08:41:23Z,2026-08-08T08:41:23Z,full,"{""as_of"": ""2026-08-08T08:41:23Z"", ""listing_date"": null, ""reason_code"": ""twelve_month_return_available"", ""status"": ""full"", ""valid_trading_sessions"": null}","[""l1-snapshot.csv""]",[],70.5936,ranked,full,100.0,True,True,False
BR,"Broadridge Financial Solutions, Inc. Common Stock",nasdaqtrader:N:BR,common_equity,eligible,N,Technology Services,166.5,18984629229.999996,239236708.99999997,,9.21613643817646,-14.082253986273797,-37.847624024786285,37.49296091902241,3.251110517923232,,,False,,,,2026-08-08T08:41:23Z,2026-08-08T08:41:23Z,full,"{""as_of"": ""2026-08-08T08:41:23Z"", ""listing_date"": null, ""reason_code"": ""twelve_month_return_available"", ""status"": ""full"", ""valid_trading_sessions"": null}","[""l1-snapshot.csv""]",[],70.5838,ranked,full,100.0,True,True,False
GILD,"Gilead Sciences, Inc. - Common Stock",nasdaqtrader:Q:GILD,common_equity,eligible,Q,Health Technology,133.21,165174424282.0,949838606.5715556,,2.4692307692307756,-11.009419466898251,20.46482184843553,15.309301290609689,3.123682224678664,,,False,,,,2026-08-08T08:41:23Z,2026-08-08T08:41:23Z,full,"{""as_of"": ""2026-08-08T08:41:23Z"", ""listing_date"": null, ""reason_code"": ""twelve_month_return_available"", ""status"": ""full"", ""valid_trading_sessions"": null}","[""l1-snapshot.csv""]",[],70.5773,ranked,full,100.0,True,True,False
AEIS,"Advanced Energy Industries, Inc. - Common Stock",nasdaqtrader:Q:AEIS,common_equity,eligible,Q,Electronic Technology,325.02,13017194134.999998,280696730.08199996,,-9.260448365392675,22.565804359303105,127.22315436241611,18.221618357487923,6.350279989525857,,,False,,,,2026-08-08T08:41:23Z,2026-08-08T08:41:23Z,full,"{""as_of"": ""2026-08-08T08:41:23Z"", ""listing_date"": null, ""reason_code"": ""twelve_month_return_available"", ""status"": ""full"", ""valid_trading_sessions"": null}","[""l1-snapshot.csv""]",[],70.5554,ranked,full,100.0,True,True,False
GFS,GlobalFoundries Inc. - Ordinary Share,nasdaqtrader:Q:GFS,common_equity,eligible,Q,Electronic Technology,53.93,29591434617.0,242595783.601,,-25.086817613557432,31.312393474555638,51.40370578326784,41.728795245813075,6.191974960010633,,,False,,,,2026-08-08T08:41:23Z,2026-08-08T08:41:23Z,full,"{""as_of"": ""2026-08-08T08:41:23Z"", ""listing_date"": null, ""reason_code"": ""twelve_month_return_available"", ""status"": ""full"", ""valid_trading_sessions"": null}","[""l1-snapshot.csv""]",[],70.5514,ranked,full,100.0,True,True,False
HII,"Huntington Ingalls Industries, Inc. Common Stock",nasdaqtrader:N:HII,common_equity,eligible,N,Electronic Technology,324.48,12786004468.999998,169453677.12,,2.227403043382374,-13.446611005895054,20.887431775422385,29.460869565217386,3.5819972550783876,,,False,,,,2026-08-08T08:41:23Z,2026-08-08T08:41:23Z,full,"{""as_of"": ""2026-08-08T08:41:23Z"", ""listing_date"": null, ""reason_code"": ""twelve_month_return_available"", ""status"": ""full"", ""valid_trading_sessions"": null}","[""l1-snapshot.csv""]",[],70.5114,ranked,full,100.0,True,True,False
TTMI,"TTM Technologies, Inc. - Common Stock",nasdaqtrader:Q:TTMI,common_equity,eligible,Q,Electronic Technology,137.21,14454919067.0,366409305.44011116,,-13.15273118551807,41.56306422491618,210.640706361784,38.6990126435241,9.052507102988244,,,False,,,,2026-08-08T08:41:23Z,2026-08-08T08:41:23Z,full,"{""as_of"": ""2026-08-08T08:41:23Z"", ""listing_date"": null, ""reason_code"": ""twelve_month_return_available"", ""status"": ""full"", ""valid_trading_sessions"": null}","[""l1-snapshot.csv""]",[],70.5034,ranked,full,100.0,True,True,False
KGC,Kinross Gold Corporation Common Stock,nasdaqtrader:N:KGC,common_equity,eligible,N,Non-Energy Minerals,27.64,32787693964.04984,228493269.12622222,,-10.143042912873865,-14.174817574910723,46.011621764395144,29.327537714139606,3.5077367104432646,,,False,,,,2026-08-08T08:41:23Z,2026-08-08T08:41:23Z,full,"{""as_of"": ""2026-08-08T08:41:23Z"", ""listing_date"": null, ""reason_code"": ""twelve_month_return_available"", ""status"": ""full"", ""valid_trading_sessions"": null}","[""l1-snapshot.csv""]",[],70.4937,ranked,full,100.0,True,True,False
SKM,"SK Telecom Co., Ltd. Common Stock",nasdaqtrader:N:SKM,common_equity,eligible,N,Communications,34.26,13013373628.097769,87304926.63533333,,-5.515719801434088,25.036496350364963,52.87817938420347,27.38356146962446,3.6909317406925948,,,False,,,,2026-08-08T08:41:23Z,2026-08-08T08:41:23Z,full,"{""as_of"": ""2026-08-08T08:41:23Z"", ""listing_date"": null, ""reason_code"": ""twelve_month_return_available"", ""status"": ""full"", ""valid_trading_sessions"": null}","[""l1-snapshot.csv""]",[],70.4845,ranked,full,100.0,True,True,False
WULF,TeraWulf Inc. - Common Stock,nasdaqtrader:Q:WULF,common_equity,eligible,Q,Technology Services,17.08,8522385168.999999,549668872.1844443,,-33.019607843137265,34.22396856581532,230.3675048355899,42.76139410187668,9.387237684438988,,,False,,,,2026-08-08T08:41:23Z,2026-08-08T08:41:23Z,full,"{""as_of"": ""2026-08-08T08:41:23Z"", ""listing_date"": null, ""reason_code"": ""twelve_month_return_available"", ""status"": ""full"", ""valid_trading_sessions"": null}","[""l1-snapshot.csv""]",[],70.4826,ranked,full,100.0,True,True,False
CIEN,Ciena Corporation Common Stock,nasdaqtrader:N:CIEN,common_equity,eligible,N,Electronic Technology,412.39,58375009713.0,1082097031.7385557,,-24.883424408014577,57.01123167713688,333.77511307457667,35.31238725667048,6.797389813965882,,,False,,,,2026-08-08T08:41:23Z,2026-08-08T08:41:23Z,full,"{""as_of"": ""2026-08-08T08:41:23Z"", ""listing_date"": null, ""reason_code"": ""twelve_month_return_available"", ""status"": ""full"", ""valid_trading_sessions"": null}","[""l1-snapshot.csv""]",[],70.4792,ranked,full,100.0,True,True,False
GS,"Goldman Sachs Group, Inc. (The) Common Stock",nasdaqtrader:N:GS,common_equity,eligible,N,Finance,1039.61,302704712808.0,2191017441.5653334,,11.069444444444432,14.51088812274884,42.291478470340245,9.91169767502319,3.3717123790328305,,,False,,,,2026-08-08T08:41:23Z,2026-08-08T08:41:23Z,full,"{""as_of"": ""2026-08-08T08:41:23Z"", ""listing_date"": null, ""reason_code"": ""twelve_month_return_available"", ""status"": ""full"", ""valid_trading_sessions"": null}","[""l1-snapshot.csv""]",[],70.4779,ranked,full,100.0,True,True,False
CIFR,Cipher Digital Inc. - Common Stock,nasdaqtrader:Q:CIFR,common_equity,eligible,Q,Technology Services,17.18,7130228088.999999,459983693.97088885,,-19.508995502248883,25.768667642752558,231.66023166023166,42.99933642999336,13.290609702841717,,,False,,,,2026-08-08T08:41:23Z,2026-08-08T08:41:23Z,full,"{""as_of"": ""2026-08-08T08:41:23Z"", ""listing_date"": null, ""reason_code"": ""twelve_month_return_available"", ""status"": ""full"", ""valid_trading_sessions"": null}","[""l1-snapshot.csv""]",[],70.4667,ranked,full,100.0,True,True,False
PWR,"Quanta Services, Inc. Common Stock",nasdaqtrader:N:PWR,common_equity,eligible,N,Industrial Services,671.86,101009703630.00002,806975360.8342222,,-11.791195662163398,37.30483119431048,72.35134164486175,14.819651347068142,4.230888688543693,,,False,,,,2026-08-08T08:41:23Z,2026-08-08T08:41:23Z,full,"{""as_of"": ""2026-08-08T08:41:23Z"", ""listing_date"": null, ""reason_code"": ""twelve_month_return_available"", ""status"": ""full"", ""valid_trading_sessions"": null}","[""l1-snapshot.csv""]",[],70.4549,ranked,full,100.0,True,True,False
MSFT,Microsoft Corporation - Common Stock,nasdaqtrader:Q:MSFT,common_equity,eligible,Q,Technology Services,499.99,3712698377109.0,19498744672.862442,,19.791080177773523,25.258978116818852,-5.089217919514037,9.70346023260854,3.1689317148676523,,,False,,,,2026-08-08T08:41:23Z,2026-08-08T08:41:23Z,full,"{""as_of"": ""2026-08-08T08:41:23Z"", ""listing_date"": null, ""reason_code"": ""twelve_month_return_available"", ""status"": ""full"", ""valid_trading_sessions"": null}","[""l1-snapshot.csv""]",[],70.4259,ranked,full,100.0,True,True,False
UPS,"United Parcel Service, Inc. Common Stock",nasdaqtrader:N:UPS,common_equity,eligible,N,Transportation,104.5,88966008667.00002,579923587.1611111,,3.7426784473344545,-10.142310503461028,20.357040023034838,14.631157585164612,2.9194082630838594,,,False,,,,2026-08-08T08:41:23Z,2026-08-08T08:41:23Z,full,"{""as_of"": ""2026-08-08T08:41:23Z"", ""listing_date"": null, ""reason_code"": ""twelve_month_return_available"", ""status"": ""full"", ""valid_trading_sessions"": null}","[""l1-snapshot.csv""]",[],70.4078,ranked,full,100.0,True,True,False
IBM,International Business Machines Corporation Common Stock,nasdaqtrader:N:IBM,common_equity,eligible,N,Technology Services,237.28,223549649143.0,2301910166.561778,,3.286466721803862,-18.87863247863248,-6.142953205964954,28.629008000962518,4.192121214647021,,,False,,,,2026-08-08T08:41:23Z,2026-08-08T08:41:23Z,full,"{""as_of"": ""2026-08-08T08:41:23Z"", ""listing_date"": null, ""reason_code"": ""twelve_month_return_available"", ""status"": ""full"", ""valid_trading_sessions"": null}","[""l1-snapshot.csv""]",[],70.4005,ranked,full,100.0,True,True,False
CVS,CVS Health Corporation Common Stock,nasdaqtrader:N:CVS,common_equity,eligible,N,Retail Trade,95.7,122397457339.99998,788526871.33,,8.750000000000002,25.310985989262797,50.4007543611504,13.534513913986268,2.813866126684819,,,False,,,,2026-08-08T08:41:23Z,2026-08-08T08:41:23Z,full,"{""as_of"": ""2026-08-08T08:41:23Z"", ""listing_date"": null, ""reason_code"": ""twelve_month_return_available"", ""status"": ""full"", ""valid_trading_sessions"": null}","[""l1-snapshot.csv""]",[],70.3836,ranked,full,100.0,True,True,False
ADBE,Adobe Inc. - Common Stock,nasdaqtrader:Q:ADBE,common_equity,eligible,Q,Technology Services,265.21,105420971603.0,1599800934.8175554,,4.867536575721618,-2.3796816048587583,-22.913033368213007,28.487839076740563,4.650590879906834,,,False,,,,2026-08-08T08:41:23Z,2026-08-08T08:41:23Z,full,"{""as_of"": ""2026-08-08T08:41:23Z"", ""listing_date"": null, ""reason_code"": ""twelve_month_return_available"", ""status"": ""full"", ""valid_trading_sessions"": null}","[""l1-snapshot.csv""]",[],70.3817,ranked,full,100.0,True,True,False
AEO,"American Eagle Outfitters, Inc. Common Stock",nasdaqtrader:N:AEO,common_equity,eligible,N,Retail Trade,17.97,3011292691.9999995,89454357.30533333,,7.669263031755527,-24.400504838031136,42.05533596837944,36.85874912157414,4.125431598005722,,,False,,,,2026-08-08T08:41:23Z,2026-08-08T08:41:23Z,full,"{""as_of"": ""2026-08-08T08:41:23Z"", ""listing_date"": null, ""reason_code"": ""twelve_month_return_available"", ""status"": ""full"", ""valid_trading_sessions"": null}","[""l1-snapshot.csv""]",[],70.3761,ranked,full,100.0,True,True,False
FSLY,"Fastly, Inc. - Class A Common Stock",nasdaqtrader:Q:FSLY,common_equity,eligible,Q,Technology Services,22.96,3657527923.9999995,201560101.02044442,,12.770137524557963,185.2173913043478,204.9136786188579,34.0608845491097,8.203181219011658,,,False,,,,2026-08-08T08:41:23Z,2026-08-08T08:41:23Z,full,"{""as_of"": ""2026-08-08T08:41:23Z"", ""listing_date"": null, ""reason_code"": ""twelve_month_return_available"", ""status"": ""full"", ""valid_trading_sessions"": null}","[""l1-snapshot.csv""]",[],70.3748,ranked,full,100.0,True,True,False
COP,ConocoPhillips Common Stock,nasdaqtrader:N:COP,common_equity,eligible,N,Energy Minerals,117.61,141289306980.0,905829230.0924423,,2.590718771807396,11.743467933491686,27.781399391568872,13.439316994185624,2.531187058015372,,,False,,,,2026-08-08T08:41:23Z,2026-08-08T08:41:23Z,full,"{""as_of"": ""2026-08-08T08:41:23Z"", ""listing_date"": null, ""reason_code"": ""twelve_month_return_available"", ""status"": ""full"", ""valid_trading_sessions"": null}","[""l1-snapshot.csv""]",[],70.3598,ranked,full,100.0,True,True,False
CLX,Clorox Company (The) Common Stock,nasdaqtrader:N:CLX,common_equity,eligible,N,Consumer Non-Durables,105.15,12714879987.0,291481579.745,,14.082673321037218,-9.982022087150069,-16.308500477554915,18.425135764158263,3.332639664383341,,,False,,,,2026-08-08T08:41:23Z,2026-08-08T08:41:23Z,full,"{""as_of"": ""2026-08-08T08:41:23Z"", ""listing_date"": null, ""reason_code"": ""twelve_month_return_available"", ""status"": ""full"", ""valid_trading_sessions"": null}","[""l1-snapshot.csv""]",[],70.3563,ranked,full,100.0,True,True,False
ERIE,Erie Indemnity Company - Class A Common Stock,nasdaqtrader:Q:ERIE,common_equity,eligible,Q,Finance,252.58,11762743594.0,60378118.002888896,,16.70825247204511,-12.106343738038065,-29.965340357687502,32.00161529142549,5.142877363969193,,,False,,,,2026-08-08T08:41:23Z,2026-08-08T08:41:23Z,full,"{""as_of"": ""2026-08-08T08:41:23Z"", ""listing_date"": null, ""reason_code"": ""twelve_month_return_available"", ""status"": ""full"", ""valid_trading_sessions"": null}","[""l1-snapshot.csv""]",[],70.3502,ranked,full,100.0,True,True,False
RRX,Regal Rexnord Corporation Common Stock,nasdaqtrader:N:RRX,common_equity,eligible,N,Producer Manufacturing,178.0,11853352066.0,203403016.84444445,,-14.865123397742497,-11.959639924819472,20.035066423899124,28.1678773204197,5.030361197976081,,,False,,,,2026-08-08T08:41:23Z,2026-08-08T08:41:23Z,full,"{""as_of"": ""2026-08-08T08:41:23Z"", ""listing_date"": null, ""reason_code"": ""twelve_month_return_available"", ""status"": ""full"", ""valid_trading_sessions"": null}","[""l1-snapshot.csv""]",[],70.3391,ranked,full,100.0,True,True,False
BE,Bloom Energy Corporation Class A Common Stock,nasdaqtrader:N:BE,common_equity,eligible,N,Electronic Technology,219.34,64601626500.0,2883565320.0835557,,-19.128382862620757,43.106935473347676,457.4078780177891,37.5597813709861,12.657279280248689,,,False,,,,2026-08-08T08:41:23Z,2026-08-08T08:41:23Z,full,"{""as_of"": ""2026-08-08T08:41:23Z"", ""listing_date"": null, ""reason_code"": ""twelve_month_return_available"", ""status"": ""full"", ""valid_trading_sessions"": null}","[""l1-snapshot.csv""]",[],70.3293,ranked,full,100.0,True,True,False
DY,"Dycom Industries, Inc. Common Stock",nasdaqtrader:N:DY,common_equity,eligible,N,Industrial Services,407.99,12252533438.0,210919329.21522224,,-5.956250144065642,5.94391067255258,49.04288741141229,27.976132682513487,5.144205674062817,,,False,,,,2026-08-08T08:41:23Z,2026-08-08T08:41:23Z,full,"{""as_of"": ""2026-08-08T08:41:23Z"", ""listing_date"": null, ""reason_code"": ""twelve_month_return_available"", ""status"": ""full"", ""valid_trading_sessions"": null}","[""l1-snapshot.csv""]",[],70.3135,ranked,full,100.0,True,True,False
SLB,SLB Limited Common Shares,nasdaqtrader:N:SLB,common_equity,eligible,N,Industrial Services,50.53,74993759670.0,719721213.5296668,,-4.983076344490408,2.080808080808083,51.787323520576756,14.093699581264163,3.1488888135983024,,,False,,,,2026-08-08T08:41:23Z,2026-08-08T08:41:23Z,full,"{""as_of"": ""2026-08-08T08:41:23Z"", ""listing_date"": null, ""reason_code"": ""twelve_month_return_available"", ""status"": ""full"", ""valid_trading_sessions"": null}","[""l1-snapshot.csv""]",[],70.2734,ranked,full,100.0,True,True,False
AAPL,Apple Inc. - Common Stock,nasdaqtrader:Q:AAPL,common_equity,eligible,Q,Electronic Technology,313.33,4572794125518.0,16752171383.959291,,8.041102030964447,13.066541570438792,43.15476870359794,9.066346189844221,2.4632098610494833,,,False,,,,2026-08-08T08:41:23Z,2026-08-08T08:41:23Z,full,"{""as_of"": ""2026-08-08T08:41:23Z"", ""listing_date"": null, ""reason_code"": ""twelve_month_return_available"", ""status"": ""full"", ""valid_trading_sessions"": null}","[""l1-snapshot.csv""]",[],70.2666,ranked,full,100.0,True,True,False
DVA,DaVita Inc. Common Stock,nasdaqtrader:N:DVA,common_equity,eligible,N,Health Services,183.77,11724526132.0,162186911.826,,-6.523563671507408,23.335570469798665,42.44632199054339,25.746494807871024,3.643159005498269,,,False,,,,2026-08-08T08:41:23Z,2026-08-08T08:41:23Z,full,"{""as_of"": ""2026-08-08T08:41:23Z"", ""listing_date"": null, ""reason_code"": ""twelve_month_return_available"", ""status"": ""full"", ""valid_trading_sessions"": null}","[""l1-snapshot.csv""]",[],70.2662,ranked,full,100.0,True,True,False
MCK,McKesson Corporation Common Stock,nasdaqtrader:N:MCK,common_equity,eligible,N,Distribution Services,869.58,101384649458.0,947076283.598,,17.550523825616768,-8.944502617801044,27.224579370885156,12.954954954954957,3.21939102436262,,,False,,,,2026-08-08T08:41:23Z,2026-08-08T08:41:23Z,full,"{""as_of"": ""2026-08-08T08:41:23Z"", ""listing_date"": null, ""reason_code"": ""twelve_month_return_available"", ""status"": ""full"", ""valid_trading_sessions"": null}","[""l1-snapshot.csv""]",[],70.2387,ranked,full,100.0,True,True,False
ALGM,"Allegro MicroSystems, Inc. - Common Stock",nasdaqtrader:Q:ALGM,common_equity,eligible,Q,Electronic Technology,43.77,8158817981.999999,118068400.01866667,,-10.982306284319705,11.60122386537482,39.12905276541641,39.013515396405175,7.46264318764484,,,False,,,,2026-08-08T08:41:23Z,2026-08-08T08:41:23Z,full,"{""as_of"": ""2026-08-08T08:41:23Z"", ""listing_date"": null, ""reason_code"": ""twelve_month_return_available"", ""status"": ""full"", ""valid_trading_sessions"": null}","[""l1-snapshot.csv""]",[],70.2324,ranked,full,100.0,True,True,False
STM,STMicroelectronics N.V. Common Stock,nasdaqtrader:N:STM,common_equity,eligible,N,Electronic Technology,56.1,49584618701.001724,685030061.32,,-1.0930888575458346,95.40229885057471,125.6637168141593,31.098010316875456,4.708126752596613,,,False,,,,2026-08-08T08:41:23Z,2026-08-08T08:41:23Z,full,"{""as_of"": ""2026-08-08T08:41:23Z"", ""listing_date"": null, ""reason_code"": ""twelve_month_return_available"", ""status"": ""full"", ""valid_trading_sessions"": null}","[""l1-snapshot.csv""]",[],70.2297,ranked,full,100.0,True,True,False
MAR,Marriott International - Class A Common Stock,nasdaqtrader:Q:MAR,common_equity,eligible,Q,Consumer Services,353.91,92287800909.0,546863572.332,,0.12164761796990121,8.428308823529425,33.399924613644934,13.886320502214222,2.5490470317259257,,,False,,,,2026-08-08T08:41:23Z,2026-08-08T08:41:23Z,full,"{""as_of"": ""2026-08-08T08:41:23Z"", ""listing_date"": null, ""reason_code"": ""twelve_month_return_available"", ""status"": ""full"", ""valid_trading_sessions"": null}","[""l1-snapshot.csv""]",[],70.2216,ranked,full,100.0,True,True,False
LNG,"Cheniere Energy, Inc. Common Stock",nasdaqtrader:N:LNG,common_equity,eligible,N,Industrial Services,256.14,52901659994.0,587472688.926,,4.971107741486003,21.988855550792966,10.082516761217114,14.872544783808038,2.842888206581373,,,False,,,,2026-08-08T08:41:23Z,2026-08-08T08:41:23Z,full,"{""as_of"": ""2026-08-08T08:41:23Z"", ""listing_date"": null, ""reason_code"": ""twelve_month_return_available"", ""status"": ""full"", ""valid_trading_sessions"": null}","[""l1-snapshot.csv""]",[],70.2181,ranked,full,100.0,True,True,False
CVNA,Carvana Co. Class A Common Stock,nasdaqtrader:N:CVNA,common_equity,eligible,N,Retail Trade,70.85,77967858399.99998,828289861.8583332,,-12.563248179686545,-9.482318070318902,-2.367434681953483,27.24229292037217,5.652212656370109,,,False,,,,2026-08-08T08:41:23Z,2026-08-08T08:41:23Z,full,"{""as_of"": ""2026-08-08T08:41:23Z"", ""listing_date"": null, ""reason_code"": ""twelve_month_return_available"", ""status"": ""full"", ""valid_trading_sessions"": null}","[""l1-snapshot.csv""]",[],70.2156,ranked,full,100.0,True,True,False
CCL,Carnival Corporation Ltd. Common Shares,nasdaqtrader:N:CCL,common_equity,eligible,N,Consumer Services,28.99,39706129123.00001,725181884.323,,6.580882352941173,-8.865136749449858,-2.0938872002701823,14.810461357625638,3.3937478621333654,,,False,,,,2026-08-08T08:41:23Z,2026-08-08T08:41:23Z,full,"{""as_of"": ""2026-08-08T08:41:23Z"", ""listing_date"": null, ""reason_code"": ""twelve_month_return_available"", ""status"": ""full"", ""valid_trading_sessions"": null}","[""l1-snapshot.csv""]",[],70.2026,ranked,full,100.0,True,True,False
MRNA,"Moderna, Inc. - Common Stock",nasdaqtrader:Q:MRNA,common_equity,eligible,Q,Health Technology,59.17,23622785718.0,418591280.89922225,,20.755102040816332,43.686255463817396,120.08554956295329,30.87616822429906,6.5227202385427,,,False,,,,2026-08-08T08:41:23Z,2026-08-08T08:41:23Z,full,"{""as_of"": ""2026-08-08T08:41:23Z"", ""listing_date"": null, ""reason_code"": ""twelve_month_return_available"", ""status"": ""full"", ""valid_trading_sessions"": null}","[""l1-snapshot.csv""]",[],70.2002,ranked,full,100.0,True,True,False
UCTT,"Ultra Clean Holdings, Inc. - Common Stock",nasdaqtrader:Q:UCTT,common_equity,eligible,Q,Producer Manufacturing,87.25,3950420617.0,113225177.14166667,,5.514572499697669,92.56234826749062,291.6068222621185,39.502149493828874,11.416630968313,,,False,,,,2026-08-08T08:41:23Z,2026-08-08T08:41:23Z,full,"{""as_of"": ""2026-08-08T08:41:23Z"", ""listing_date"": null, ""reason_code"": ""twelve_month_return_available"", ""status"": ""full"", ""valid_trading_sessions"": null}","[""l1-snapshot.csv""]",[],70.1999,ranked,full,100.0,True,True,False
CEG,Constellation Energy Corporation - Common Stock When-Issued,nasdaqtrader:Q:CEG,common_equity,eligible,Q,Utilities,269.89,95624022102.00002,931408697.5383333,,-14.285260583732974,6.195282220779467,-19.49829982699994,34.603828446813665,3.7954383406815086,,,False,,,,2026-08-08T08:41:23Z,2026-08-08T08:41:23Z,full,"{""as_of"": ""2026-08-08T08:41:23Z"", ""listing_date"": null, ""reason_code"": ""twelve_month_return_available"", ""status"": ""full"", ""valid_trading_sessions"": null}","[""l1-snapshot.csv""]",[],70.1972,ranked,full,100.0,True,True,False
C,"Citigroup, Inc. Common Stock",nasdaqtrader:N:C,common_equity,eligible,N,Finance,135.0,226453963623.0,1648834191.0,,3.6946001997081206,15.030674846625766,44.7876447876448,8.75912408759124,2.9555076132455467,,,False,,,,2026-08-08T08:41:23Z,2026-08-08T08:41:23Z,full,"{""as_of"": ""2026-08-08T08:41:23Z"", ""listing_date"": null, ""reason_code"": ""twelve_month_return_available"", ""status"": ""full"", ""valid_trading_sessions"": null}","[""l1-snapshot.csv""]",[],70.1898,ranked,full,100.0,True,True,False
BP,BP p.l.c. Common Stock,nasdaqtrader:N:BP,common_equity,eligible,N,Energy Minerals,41.63,107505463304.4504,422601124.20088893,,-5.257168866636311,8.609444299504316,21.68956445483777,13.755956080381193,2.0060395349415616,,,False,,,,2026-08-08T08:41:23Z,2026-08-08T08:41:23Z,full,"{""as_of"": ""2026-08-08T08:41:23Z"", ""listing_date"": null, ""reason_code"": ""twelve_month_return_available"", ""status"": ""full"", ""valid_trading_sessions"": null}","[""l1-snapshot.csv""]",[],70.189,ranked,full,100.0,True,True,False
TDC,Teradata Corporation Common Stock,nasdaqtrader:N:TDC,common_equity,eligible,N,Technology Services,27.39,2547269943.0,76635347.437,,-7.777777777777774,1.406886338393184,24.5,34.44215998602198,5.685564859471828,,,False,,,,2026-08-08T08:41:23Z,2026-08-08T08:41:23Z,full,"{""as_of"": ""2026-08-08T08:41:23Z"", ""listing_date"": null, ""reason_code"": ""twelve_month_return_available"", ""status"": ""full"", ""valid_trading_sessions"": null}","[""l1-snapshot.csv""]",[],70.1756,ranked,full,100.0,True,True,False
RCL,Royal Caribbean Cruises Ltd. Common Stock,nasdaqtrader:N:RCL,common_equity,eligible,N,Consumer Services,320.0,85822392578.0,850690432.0,,13.939825529642148,-2.818270165208933,1.3845325222570746,12.68758526603001,3.744892360413381,,,False,,,,2026-08-08T08:41:23Z,2026-08-08T08:41:23Z,full,"{""as_of"": ""2026-08-08T08:41:23Z"", ""listing_date"": null, ""reason_code"": ""twelve_month_return_available"", ""status"": ""full"", ""valid_trading_sessions"": null}","[""l1-snapshot.csv""]",[],70.1719,ranked,full,100.0,True,True,False
NVMI,Nova Ltd. - Ordinary Shares,nasdaqtrader:Q:NVMI,common_equity,eligible,Q,Electronic Technology,393.02,12491343438.0,183904023.24044442,,-23.735786082974357,-8.782435129740525,48.309433962264144,36.19701618532769,6.107418179671611,,,False,,,,2026-08-08T08:41:23Z,2026-08-08T08:41:23Z,full,"{""as_of"": ""2026-08-08T08:41:23Z"", ""listing_date"": null, ""reason_code"": ""twelve_month_return_available"", ""status"": ""full"", ""valid_trading_sessions"": null}","[""l1-snapshot.csv""]",[],70.1702,ranked,full,100.0,True,True,False
CMI,Cummins Inc. Common Stock,nasdaqtrader:N:CMI,common_equity,eligible,N,Producer Manufacturing,644.26,88691725508.0,632511267.4815556,,-6.589726116773723,17.17653050089119,66.93268383686583,12.673498156582086,3.915425554382959,,,False,,,,2026-08-08T08:41:23Z,2026-08-08T08:41:23Z,full,"{""as_of"": ""2026-08-08T08:41:23Z"", ""listing_date"": null, ""reason_code"": ""twelve_month_return_available"", ""status"": ""full"", ""valid_trading_sessions"": null}","[""l1-snapshot.csv""]",[],70.1684,ranked,full,100.0,True,True,False
PAAS,Pan American Silver Corp. Common Stock,nasdaqtrader:N:PAAS,common_equity,eligible,N,Non-Energy Minerals,51.22,21581546390.6648,239079685.0577778,,-13.098065829657276,-4.2616822429906565,69.09871244635194,26.818116873839116,3.4778202596465504,,,False,,,,2026-08-08T08:41:23Z,2026-08-08T08:41:23Z,full,"{""as_of"": ""2026-08-08T08:41:23Z"", ""listing_date"": null, ""reason_code"": ""twelve_month_return_available"", ""status"": ""full"", ""valid_trading_sessions"": null}","[""l1-snapshot.csv""]",[],70.1591,ranked,full,100.0,True,True,False
LUV,Southwest Airlines Company Common Stock,nasdaqtrader:N:LUV,common_equity,eligible,N,Transportation,47.05,23017245009.0,312634126.1866666,,12.505978000956471,-10.974456007568598,57.20013364517206,14.62529486481583,3.340205835685458,,,False,,,,2026-08-08T08:41:23Z,2026-08-08T08:41:23Z,full,"{""as_of"": ""2026-08-08T08:41:23Z"", ""listing_date"": null, ""reason_code"": ""twelve_month_return_available"", ""status"": ""full"", ""valid_trading_sessions"": null}","[""l1-snapshot.csv""]",[],70.1563,ranked,full,100.0,True,True,False
ICLN,iShares Global Clean Energy ETF,US:ICLN,etf,eligible,Q,Miscellaneous,18.3,2074941440.0,114980737.72666667,,-13.187855787476272,-1.3477088948787062,33.47921225382932,23.044575273338943,2.826988341125617,,,False,,,,2026-08-08T08:41:23Z,2026-08-08T08:41:23Z,full,"{""as_of"": ""2026-08-08T08:41:23Z"", ""listing_date"": null, ""reason_code"": ""twelve_month_return_available"", ""status"": ""full"", ""valid_trading_sessions"": null}","[""l1-snapshot.csv""]",[],70.1559,ranked,full,100.0,True,True,False
AEHR,Aehr Test Systems - Common Stock,nasdaqtrader:Q:AEHR,common_equity,eligible,Q,Electronic Technology,103.07,3362189675.0,310396095.2033333,,9.648936170212759,329.63734889537307,446.21091679915196,18.59895751066183,13.84187550343707,,,False,,,,2026-08-08T08:41:23Z,2026-08-08T08:41:23Z,full,"{""as_of"": ""2026-08-08T08:41:23Z"", ""listing_date"": null, ""reason_code"": ""twelve_month_return_available"", ""status"": ""full"", ""valid_trading_sessions"": null}","[""l1-snapshot.csv""]",[],70.1497,ranked,full,100.0,True,True,False
XOP,State Street SPDR S&P Oil & Gas Exploration & Production ETF,US:XOP,etf,eligible,P,Miscellaneous,166.4,3401967759.6,630015032.7466667,,0.562035414274495,16.83752281982869,32.98169903300568,12.586677873502838,2.5336083433584453,,,False,,,,2026-08-08T08:41:23Z,2026-08-08T08:41:23Z,full,"{""as_of"": ""2026-08-08T08:41:23Z"", ""listing_date"": null, ""reason_code"": ""twelve_month_return_available"", ""status"": ""full"", ""valid_trading_sessions"": null}","[""l1-snapshot.csv""]",[],70.1467,ranked,full,100.0,True,True,False
PDD,PDD Holdings Inc. - American Depositary Shares,nasdaqtrader:Q:PDD,adr,eligible,Q,Retail Trade,91.76,130610862394.0,744345625.5306667,,-8.981798343500465,-10.451839562798861,-19.818245368752176,34.17975754967362,2.370477567037539,,,False,,,,2026-08-08T08:41:23Z,2026-08-08T08:41:23Z,full,"{""as_of"": ""2026-08-08T08:41:23Z"", ""listing_date"": null, ""reason_code"": ""twelve_month_return_available"", ""status"": ""full"", ""valid_trading_sessions"": null}","[""l1-snapshot.csv""]",[],70.1406,ranked,full,100.0,True,True,False
TPG,TPG Inc. - Class A Common Stock,nasdaqtrader:Q:TPG,common_equity,eligible,Q,Finance,48.99,18837867698.0,124627335.91366667,,10.188933873144402,-8.13800862553909,-19.70168824782822,30.39215686274509,3.865670515139263,,,False,,,,2026-08-08T08:41:23Z,2026-08-08T08:41:23Z,full,"{""as_of"": ""2026-08-08T08:41:23Z"", ""listing_date"": null, ""reason_code"": ""twelve_month_return_available"", ""status"": ""full"", ""valid_trading_sessions"": null}","[""l1-snapshot.csv""]",[],70.1356,ranked,full,100.0,True,True,False
PGR,Progressive Corporation (The) Common Stock,nasdaqtrader:N:PGR,common_equity,eligible,N,Finance,215.33,125186783251.0,657984000.6277778,,10.041905151267377,3.1372736852188963,-12.906487623361913,15.533675911034395,2.4654959278973485,,,False,,,,2026-08-08T08:41:23Z,2026-08-08T08:41:23Z,full,"{""as_of"": ""2026-08-08T08:41:23Z"", ""listing_date"": null, ""reason_code"": ""twelve_month_return_available"", ""status"": ""full"", ""valid_trading_sessions"": null}","[""l1-snapshot.csv""]",[],70.1334,ranked,full,100.0,True,True,False
VG,"Venture Global, Inc. Class A common stock",nasdaqtrader:N:VG,common_equity,eligible,N,Industrial Services,13.26,32942587622.999992,240833743.41866663,,13.430282292557745,40.91392136025504,-9.178082191780822,24.744608399545974,5.812929870231719,,,False,,,,2026-08-08T08:41:23Z,2026-08-08T08:41:23Z,full,"{""as_of"": ""2026-08-08T08:41:23Z"", ""listing_date"": null, ""reason_code"": ""twelve_month_return_available"", ""status"": ""full"", ""valid_trading_sessions"": null}","[""l1-snapshot.csv""]",[],70.1326,ranked,full,100.0,True,True,False
EXK,Endeavour Silver Corporation Ordinary Shares (Canada),nasdaqtrader:N:EXK,common_equity,eligible,N,Non-Energy Minerals,9.54,2825218237.841986,68683691.41799998,,-8.092485549132963,-11.338289962825284,76.3401109057301,37.02970297029704,5.400525282424644,,,False,,,,2026-08-08T08:41:23Z,2026-08-08T08:41:23Z,full,"{""as_of"": ""2026-08-08T08:41:23Z"", ""listing_date"": null, ""reason_code"": ""twelve_month_return_available"", ""status"": ""full"", ""valid_trading_sessions"": null}","[""l1-snapshot.csv""]",[],70.1147,ranked,full,100.0,True,True,False
UBER,"Uber Technologies, Inc. Common Stock",nasdaqtrader:N:UBER,common_equity,eligible,N,Transportation,75.02,153232857897.0,1426079475.6437778,,-2.6346528228423116,-0.6225990197377121,-17.305996472663143,26.443768996960483,3.4437373346532825,,,False,,,,2026-08-08T08:41:23Z,2026-08-08T08:41:23Z,full,"{""as_of"": ""2026-08-08T08:41:23Z"", ""listing_date"": null, ""reason_code"": ""twelve_month_return_available"", ""status"": ""full"", ""valid_trading_sessions"": null}","[""l1-snapshot.csv""]",[],70.1092,ranked,full,100.0,True,True,False
XLE,State Street Energy Select Sector SPDR ETF,US:XLE,etf,eligible,P,Miscellaneous,57.5,37452876502.7928,2191098089.0277777,,2.9543419874664254,9.523809523809524,34.94484862708285,9.391742830129212,1.9579808971402979,,,False,,,,2026-08-08T08:41:23Z,2026-08-08T08:41:23Z,full,"{""as_of"": ""2026-08-08T08:41:23Z"", ""listing_date"": null, ""reason_code"": ""twelve_month_return_available"", ""status"": ""full"", ""valid_trading_sessions"": null}","[""l1-snapshot.csv""]",[],70.0979,ranked,full,100.0,True,True,False
NVO,Novo Nordisk A/S Common Stock,nasdaqtrader:N:NVO,common_equity,eligible,N,Health Technology,47.26,207873542865.08762,671229718.2655555,,2.806177942136174,1.9193444037092962,-2.4963895192902843,26.340399002493765,2.8578287652223473,,,False,,,,2026-08-08T08:41:23Z,2026-08-08T08:41:23Z,full,"{""as_of"": ""2026-08-08T08:41:23Z"", ""listing_date"": null, ""reason_code"": ""twelve_month_return_available"", ""status"": ""full"", ""valid_trading_sessions"": null}","[""l1-snapshot.csv""]",[],70.0954,ranked,full,100.0,True,True,False
ERIC,Ericsson - American Depositary Shares each representing 1 underlying Class B share,nasdaqtrader:Q:ERIC,adr,eligible,Q,Electronic Technology,10.15,33780714380.259598,120783643.28333335,,-13.469735720375105,-8.476104598737596,35.60454241816967,26.289034132171384,2.55022994805278,,,False,,,,2026-08-08T08:41:23Z,2026-08-08T08:41:23Z,full,"{""as_of"": ""2026-08-08T08:41:23Z"", ""listing_date"": null, ""reason_code"": ""twelve_month_return_available"", ""status"": ""full"", ""valid_trading_sessions"": null}","[""l1-snapshot.csv""]",[],70.0885,ranked,full,100.0,True,True,False
GFI,Gold Fields Limited American Depositary Shares,nasdaqtrader:N:GFI,adr,eligible,N,Non-Energy Minerals,40.82,36108168999.4144,142902304.94799998,,-7.584333257867333,-23.486410496719774,29.36143241958485,33.776768332251784,3.1939621287956474,,,False,,,,2026-08-08T08:41:23Z,2026-08-08T08:41:23Z,full,"{""as_of"": ""2026-08-08T08:41:23Z"", ""listing_date"": null, ""reason_code"": ""twelve_month_return_available"", ""status"": ""full"", ""valid_trading_sessions"": null}","[""l1-snapshot.csv""]",[],70.0869,ranked,full,100.0,True,True,False
FANG,"Diamondback Energy, Inc. - Common Stock",nasdaqtrader:Q:FANG,common_equity,eligible,Q,Energy Minerals,188.04,52655777463.0,476809641.1906667,,-0.9325114588272537,14.205891284542961,29.12174689281055,12.339751060556614,2.790201515574791,,,False,,,,2026-08-08T08:41:23Z,2026-08-08T08:41:23Z,full,"{""as_of"": ""2026-08-08T08:41:23Z"", ""listing_date"": null, ""reason_code"": ""twelve_month_return_available"", ""status"": ""full"", ""valid_trading_sessions"": null}","[""l1-snapshot.csv""]",[],70.0849,ranked,full,100.0,True,True,False
LYFT,"Lyft, Inc. - Class A Common Stock",nasdaqtrader:Q:LYFT,common_equity,eligible,Q,Transportation,17.46,6629256550.000001,238462168.196,,23.74202693125444,10.227272727272734,25.16129032258066,31.636648394675014,4.699058962521116,,,False,,,,2026-08-08T08:41:23Z,2026-08-08T08:41:23Z,full,"{""as_of"": ""2026-08-08T08:41:23Z"", ""listing_date"": null, ""reason_code"": ""twelve_month_return_available"", ""status"": ""full"", ""valid_trading_sessions"": null}","[""l1-snapshot.csv""]",[],70.0516,ranked,full,100.0,True,True,False
EME,"EMCOR Group, Inc. Common Stock",nasdaqtrader:N:EME,common_equity,eligible,N,Industrial Services,816.9,36033379554.0,341131213.40666664,,-13.00504781580797,11.115645148126994,31.61583450142588,14.187570906340607,3.8947272927674685,,,False,,,,2026-08-08T08:41:23Z,2026-08-08T08:41:23Z,full,"{""as_of"": ""2026-08-08T08:41:23Z"", ""listing_date"": null, ""reason_code"": ""twelve_month_return_available"", ""status"": ""full"", ""valid_trading_sessions"": null}","[""l1-snapshot.csv""]",[],70.0469,ranked,full,100.0,True,True,False
APPF,"AppFolio, Inc. - Class A Common Stock",nasdaqtrader:Q:APPF,common_equity,eligible,Q,Technology Services,198.74,7038847912.999999,75265085.97022223,,17.91859499228671,10.398844572825242,-36.47231811788773,31.597515014885825,5.01651781859416,,,False,,,,2026-08-08T08:41:23Z,2026-08-08T08:41:23Z,full,"{""as_of"": ""2026-08-08T08:41:23Z"", ""listing_date"": null, ""reason_code"": ""twelve_month_return_available"", ""status"": ""full"", ""valid_trading_sessions"": null}","[""l1-snapshot.csv""]",[],70.0463,ranked,full,100.0,True,True,False
ODFL,"Old Dominion Freight Line, Inc. - Common Stock",nasdaqtrader:Q:ODFL,common_equity,eligible,Q,Transportation,216.36,44863680250.99999,414067989.04,,9.405339805825255,9.099160426594063,43.72259864487845,14.153077014641113,3.663538293524648,,,False,,,,2026-08-08T08:41:23Z,2026-08-08T08:41:23Z,full,"{""as_of"": ""2026-08-08T08:41:23Z"", ""listing_date"": null, ""reason_code"": ""twelve_month_return_available"", ""status"": ""full"", ""valid_trading_sessions"": null}","[""l1-snapshot.csv""]",[],70.0383,ranked,full,100.0,True,True,False
ABBV,AbbVie Inc. Common Stock,nasdaqtrader:N:ABBV,common_equity,eligible,N,Health Technology,246.04,434781530982.0,1665188911.2053335,,21.850237717908083,12.475428571428568,24.861710225830997,8.012113508056995,2.5723474525282515,,,False,,,,2026-08-08T08:41:23Z,2026-08-08T08:41:23Z,full,"{""as_of"": ""2026-08-08T08:41:23Z"", ""listing_date"": null, ""reason_code"": ""twelve_month_return_available"", ""status"": ""full"", ""valid_trading_sessions"": null}","[""l1-snapshot.csv""]",[],70.003,ranked,full,100.0,True,True,False
META,"Meta Platforms, Inc. - Class A Common Stock",nasdaqtrader:Q:META,common_equity,eligible,Q,Technology Services,592.1,1508378319728.0,10520317833.916666,,-3.754876462938885,-11.027964357090262,-23.450852628993264,25.638932496075352,3.722221893920924,,,False,,,,2026-08-08T08:41:23Z,2026-08-08T08:41:23Z,full,"{""as_of"": ""2026-08-08T08:41:23Z"", ""listing_date"": null, ""reason_code"": ""twelve_month_return_available"", ""status"": ""full"", ""valid_trading_sessions"": null}","[""l1-snapshot.csv""]",[],70.0019,ranked,full,100.0,True,True,False
IR,Ingersoll Rand Inc. Common Stock,nasdaqtrader:N:IR,common_equity,eligible,N,Producer Manufacturing,86.97,33744312700.000004,356470304.23766667,,11.41429669485011,-10.717585463504772,12.335313872384393,13.85697305863708,3.49341287609917,,,False,,,,2026-08-08T08:41:23Z,2026-08-08T08:41:23Z,full,"{""as_of"": ""2026-08-08T08:41:23Z"", ""listing_date"": null, ""reason_code"": ""twelve_month_return_available"", ""status"": ""full"", ""valid_trading_sessions"": null}","[""l1-snapshot.csv""]",[],69.9642,ranked,full,100.0,True,True,False
SMCI,"Super Micro Computer, Inc. - Common Stock",nasdaqtrader:Q:SMCI,common_equity,eligible,Q,Electronic Technology,31.13,20137155506.0,1482127444.287111,,-6.6006600660066,-2.21454374116539,-33.97667020148462,47.039809458999656,6.90214997288727,,,False,,,,2026-08-08T08:41:23Z,2026-08-08T08:41:23Z,full,"{""as_of"": ""2026-08-08T08:41:23Z"", ""listing_date"": null, ""reason_code"": ""twelve_month_return_available"", ""status"": ""full"", ""valid_trading_sessions"": null}","[""l1-snapshot.csv""]",[],69.9473,ranked,full,100.0,True,True,False
ACN,Accenture plc Class A Ordinary Shares (Ireland),nasdaqtrader:N:ACN,common_equity,eligible,N,Technology Services,175.72,107530473353.99998,1338550214.1488888,,-1.297534123462339,-24.35643564356436,-29.202256244963735,39.633790236696555,5.350857763797914,,,False,,,,2026-08-08T08:41:23Z,2026-08-08T08:41:23Z,full,"{""as_of"": ""2026-08-08T08:41:23Z"", ""listing_date"": null, ""reason_code"": ""twelve_month_return_available"", ""status"": ""full"", ""valid_trading_sessions"": null}","[""l1-snapshot.csv""]",[],69.9411,ranked,full,100.0,True,True,False
TRGP,"Targa Resources, Inc. Common Stock",nasdaqtrader:N:TRGP,common_equity,eligible,N,Utilities,256.87,55080893779.99999,322212796.096,,1.8678616751269068,24.097782501570123,54.42467235782133,11.739137904375774,2.7126227286352744,,,False,,,,2026-08-08T08:41:23Z,2026-08-08T08:41:23Z,full,"{""as_of"": ""2026-08-08T08:41:23Z"", ""listing_date"": null, ""reason_code"": ""twelve_month_return_available"", ""status"": ""full"", ""valid_trading_sessions"": null}","[""l1-snapshot.csv""]",[],69.9348,ranked,full,100.0,True,True,False
SFM,"Sprouts Farmers Market, Inc. - Common Stock",nasdaqtrader:Q:SFM,common_equity,eligible,Q,Retail Trade,85.86,8006241333.000001,184996133.02800003,,5.543945912722809,29.424178474525164,-43.24056323130826,43.60591133004926,4.681070008574818,,,False,,,,2026-08-08T08:41:23Z,2026-08-08T08:41:23Z,full,"{""as_of"": ""2026-08-08T08:41:23Z"", ""listing_date"": null, ""reason_code"": ""twelve_month_return_available"", ""status"": ""full"", ""valid_trading_sessions"": null}","[""l1-snapshot.csv""]",[],69.9263,ranked,full,100.0,True,True,False
RGLD,"Royal Gold, Inc. - Common Stock",nasdaqtrader:Q:RGLD,common_equity,eligible,Q,Non-Energy Minerals,229.92,19480629300.000004,173398850.704,,-2.8151153943697795,-12.284449870288425,41.219826791966085,24.924057118059473,2.735481479107938,,,False,,,,2026-08-08T08:41:23Z,2026-08-08T08:41:23Z,full,"{""as_of"": ""2026-08-08T08:41:23Z"", ""listing_date"": null, ""reason_code"": ""twelve_month_return_available"", ""status"": ""full"", ""valid_trading_sessions"": null}","[""l1-snapshot.csv""]",[],69.9065,ranked,full,100.0,True,True,False
KKR,KKR & Co. Inc. Common Stock,nasdaqtrader:N:KKR,common_equity,eligible,N,Finance,102.81,92285915913.0,480441957.03533334,,2.7791662501249634,0.2437597503900156,-29.89430617115581,32.404089549294845,3.682475599503126,,,False,,,,2026-08-08T08:41:23Z,2026-08-08T08:41:23Z,full,"{""as_of"": ""2026-08-08T08:41:23Z"", ""listing_date"": null, ""reason_code"": ""twelve_month_return_available"", ""status"": ""full"", ""valid_trading_sessions"": null}","[""l1-snapshot.csv""]",[],69.9039,ranked,full,100.0,True,True,False
BKR,Baker Hughes Company - Common Stock,nasdaqtrader:Q:BKR,common_equity,eligible,Q,Industrial Services,61.55,61099088390.99999,530058681.55944437,,-3.2384845150133663,6.506315971621384,40.01364877161054,12.58343985229371,2.987262793924882,,,False,,,,2026-08-08T08:41:23Z,2026-08-08T08:41:23Z,full,"{""as_of"": ""2026-08-08T08:41:23Z"", ""listing_date"": null, ""reason_code"": ""twelve_month_return_available"", ""status"": ""full"", ""valid_trading_sessions"": null}","[""l1-snapshot.csv""]",[],69.8959,ranked,full,100.0,True,True,False
SYK,Stryker Corporation Common Stock,nasdaqtrader:N:SYK,common_equity,eligible,N,Health Technology,339.03,130042763405.99998,866068743.703,,15.316326530612235,-6.267625103677085,-10.071618037135286,14.57188933125032,2.9927351994287905,,,False,,,,2026-08-08T08:41:23Z,2026-08-08T08:41:23Z,full,"{""as_of"": ""2026-08-08T08:41:23Z"", ""listing_date"": null, ""reason_code"": ""twelve_month_return_available"", ""status"": ""full"", ""valid_trading_sessions"": null}","[""l1-snapshot.csv""]",[],69.893,ranked,full,100.0,True,True,False
KDP,Keurig Dr Pepper Inc. - Common Stock,nasdaqtrader:Q:KDP,common_equity,eligible,Q,Consumer Non-Durables,30.01,40830389353.0,393563704.85355526,,5.224403927068731,7.216863165416232,-10.631328171530663,16.48810352024489,3.0429698625083494,,,False,,,,2026-08-08T08:41:23Z,2026-08-08T08:41:23Z,full,"{""as_of"": ""2026-08-08T08:41:23Z"", ""listing_date"": null, ""reason_code"": ""twelve_month_return_available"", ""status"": ""full"", ""valid_trading_sessions"": null}","[""l1-snapshot.csv""]",[],69.872,ranked,full,100.0,True,True,False
ADM,Archer-Daniels-Midland Company Common Stock,nasdaqtrader:N:ADM,common_equity,eligible,N,Process Industries,76.59,36913283595.0,283242990.076,,-1.2570102494681807,17.16383662230381,33.40881379550602,13.418494234682331,2.7675812794441295,,,False,,,,2026-08-08T08:41:23Z,2026-08-08T08:41:23Z,full,"{""as_of"": ""2026-08-08T08:41:23Z"", ""listing_date"": null, ""reason_code"": ""twelve_month_return_available"", ""status"": ""full"", ""valid_trading_sessions"": null}","[""l1-snapshot.csv""]",[],69.8546,ranked,full,100.0,True,True,False
CNQ,Canadian Natural Resources Limited Common Stock,nasdaqtrader:N:CNQ,common_equity,eligible,N,Energy Minerals,45.51,94678411819.86336,422979382.31366664,,1.7893088794453078,19.542947202521663,43.06821754165357,11.355668095052597,2.3155021851566935,,,False,,,,2026-08-08T08:41:23Z,2026-08-08T08:41:23Z,full,"{""as_of"": ""2026-08-08T08:41:23Z"", ""listing_date"": null, ""reason_code"": ""twelve_month_return_available"", ""status"": ""full"", ""valid_trading_sessions"": null}","[""l1-snapshot.csv""]",[],69.8389,ranked,full,100.0,True,True,False
ONON,On Holding AG Class A Ordinary Shares,nasdaqtrader:N:ONON,common_equity,eligible,N,Consumer Non-Durables,37.55,12428956625.000002,207219299.08277774,,5.329593267882184,-13.259413259413265,-20.61310782241015,28.065134099616873,3.742364313756402,,,False,,,,2026-08-08T08:41:23Z,2026-08-08T08:41:23Z,full,"{""as_of"": ""2026-08-08T08:41:23Z"", ""listing_date"": null, ""reason_code"": ""twelve_month_return_available"", ""status"": ""full"", ""valid_trading_sessions"": null}","[""l1-snapshot.csv""]",[],69.8254,ranked,full,100.0,True,True,False
IBRX,"ImmunityBio, Inc. - Common Stock",nasdaqtrader:Q:IBRX,common_equity,eligible,Q,Health Technology,7.64,8097149219.000001,99391369.73911111,,-3.04568527918782,34.03508771929823,221.00840336134453,38.535800482703145,6.414178378376991,,,False,,,,2026-08-08T08:41:23Z,2026-08-08T08:41:23Z,full,"{""as_of"": ""2026-08-08T08:41:23Z"", ""listing_date"": null, ""reason_code"": ""twelve_month_return_available"", ""status"": ""full"", ""valid_trading_sessions"": null}","[""l1-snapshot.csv""]",[],69.7643,ranked,full,100.0,True,True,False
LITE,Lumentum Holdings Inc. - Common Stock,nasdaqtrader:Q:LITE,common_equity,eligible,Q,Producer Manufacturing,890.17,69255227387.0,4940272142.275,,-2.9258451472191975,64.84629629629629,701.9549549549549,18.00806867585293,9.598331208534484,,,False,,,,2026-08-08T08:41:23Z,2026-08-08T08:41:23Z,full,"{""as_of"": ""2026-08-08T08:41:23Z"", ""listing_date"": null, ""reason_code"": ""twelve_month_return_available"", ""status"": ""full"", ""valid_trading_sessions"": null}","[""l1-snapshot.csv""]",[],69.752,ranked,full,100.0,True,True,False
MYRG,"MYR Group, Inc. - Common Stock",nasdaqtrader:Q:MYRG,common_equity,eligible,Q,Industrial Services,337.42,5253376580.0,102552386.77266668,,-22.597664762691256,30.8235111662531,79.37377066609962,32.99375453019967,5.64457546383353,,,False,,,,2026-08-08T08:41:23Z,2026-08-08T08:41:23Z,full,"{""as_of"": ""2026-08-08T08:41:23Z"", ""listing_date"": null, ""reason_code"": ""twelve_month_return_available"", ""status"": ""full"", ""valid_trading_sessions"": null}","[""l1-snapshot.csv""]",[],69.7325,ranked,full,100.0,True,True,False
EL,"Estee Lauder Companies, Inc. (The) Common Stock",nasdaqtrader:N:EL,common_equity,eligible,N,Consumer Non-Durables,88.35,31964581195.0,306509013.99833333,,3.0681287914139004,-9.597871687301758,-2.901417738212991,27.364656554445688,3.2152011697761105,,,False,,,,2026-08-08T08:41:23Z,2026-08-08T08:41:23Z,full,"{""as_of"": ""2026-08-08T08:41:23Z"", ""listing_date"": null, ""reason_code"": ""twelve_month_return_available"", ""status"": ""full"", ""valid_trading_sessions"": null}","[""l1-snapshot.csv""]",[],69.732,ranked,full,100.0,True,True,False
BZ,KANZHUN LIMITED - American Depository Shares,nasdaqtrader:Q:BZ,adr,eligible,Q,Commercial Services,16.47,7591175113.95216,59570783.114999995,,14.853556485355641,-6.420454545454559,-18.344075359444734,34.798099762470315,3.5946092932579075,,,False,,,,2026-08-08T08:41:23Z,2026-08-08T08:41:23Z,full,"{""as_of"": ""2026-08-08T08:41:23Z"", ""listing_date"": null, ""reason_code"": ""twelve_month_return_available"", ""status"": ""full"", ""valid_trading_sessions"": null}","[""l1-snapshot.csv""]",[],69.7231,ranked,full,100.0,True,True,False
FLEX,Flex Ltd. - Ordinary Shares,nasdaqtrader:Q:FLEX,common_equity,eligible,Q,Electronic Technology,121.35,44827047917.00001,756451040.9500003,,-11.880037760511229,95.8521626856036,140.8693926161175,27.27436174038117,6.9316981778302305,,,False,,,,2026-08-08T08:41:23Z,2026-08-08T08:41:23Z,full,"{""as_of"": ""2026-08-08T08:41:23Z"", ""listing_date"": null, ""reason_code"": ""twelve_month_return_available"", ""status"": ""full"", ""valid_trading_sessions"": null}","[""l1-snapshot.csv""]",[],69.7199,ranked,full,100.0,True,True,False
COHU,"Cohu, Inc. - Common Stock",nasdaqtrader:Q:COHU,common_equity,eligible,Q,Electronic Technology,52.88,2503256351.0,71918040.91733333,,8.896210873146622,79.19349373093866,172.71789582258896,29.115281501340473,8.691835002599381,,,False,,,,2026-08-08T08:41:23Z,2026-08-08T08:41:23Z,full,"{""as_of"": ""2026-08-08T08:41:23Z"", ""listing_date"": null, ""reason_code"": ""twelve_month_return_available"", ""status"": ""full"", ""valid_trading_sessions"": null}","[""l1-snapshot.csv""]",[],69.7154,ranked,full,100.0,True,True,False
VAL,Valaris Limited Common Shares,nasdaqtrader:N:VAL,common_equity,eligible,N,Industrial Services,78.78,5470152734.0,73422806.81666666,,-14.573845152895249,35.1982152050798,62.098765432098766,30.967402733964246,4.034070448514345,,,False,,,,2026-08-08T08:41:23Z,2026-08-08T08:41:23Z,full,"{""as_of"": ""2026-08-08T08:41:23Z"", ""listing_date"": null, ""reason_code"": ""twelve_month_return_available"", ""status"": ""full"", ""valid_trading_sessions"": null}","[""l1-snapshot.csv""]",[],69.7123,ranked,full,100.0,True,True,False
SE,"Sea Limited American Depositary Shares, each representing one Class A Ordinary Share",nasdaqtrader:N:SE,adr,eligible,N,Retail Trade,113.43,69474119517.0,478876514.2223334,,32.202797202797214,3.061966200254411,-24.379999999999995,43.08580030105369,3.941890261610987,,,False,,,,2026-08-08T08:41:23Z,2026-08-08T08:41:23Z,full,"{""as_of"": ""2026-08-08T08:41:23Z"", ""listing_date"": null, ""reason_code"": ""twelve_month_return_available"", ""status"": ""full"", ""valid_trading_sessions"": null}","[""l1-snapshot.csv""]",[],69.7109,ranked,full,100.0,True,True,False
AUGO,Aura Minerals Inc. - Common Shares,nasdaqtrader:Q:AUGO,common_equity,eligible,Q,Non-Energy Minerals,74.13,6211295414.999999,73439307.72733329,,-11.613210921664491,14.87680148768014,191.8503937007874,32.8051776180419,6.19313091193996,,,False,,,,2026-08-08T08:41:23Z,2026-08-08T08:41:23Z,full,"{""as_of"": ""2026-08-08T08:41:23Z"", ""listing_date"": null, ""reason_code"": ""twelve_month_return_available"", ""status"": ""full"", ""valid_trading_sessions"": null}","[""l1-snapshot.csv""]",[],69.7074,ranked,full,100.0,True,True,False
VST,Vistra Corp. Common Stock,nasdaqtrader:N:VST,common_equity,eligible,N,Utilities,140.59,47404481463.0,650983902.6291112,,-9.296774193548384,-6.273333333333331,-26.08695652173913,36.04312619415886,4.934636174055354,,,False,,,,2026-08-08T08:41:23Z,2026-08-08T08:41:23Z,full,"{""as_of"": ""2026-08-08T08:41:23Z"", ""listing_date"": null, ""reason_code"": ""twelve_month_return_available"", ""status"": ""full"", ""valid_trading_sessions"": null}","[""l1-snapshot.csv""]",[],69.6805,ranked,full,100.0,True,True,False
SYNA,Synaptics Incorporated - Common Stock,nasdaqtrader:Q:SYNA,common_equity,eligible,Q,Electronic Technology,106.19,4148065604.0,105407218.05522223,,-1.9120635507112573,18.159563814398567,73.20176153971619,28.784119106699755,5.126409088744246,,,False,,,,2026-08-08T08:41:23Z,2026-08-08T08:41:23Z,full,"{""as_of"": ""2026-08-08T08:41:23Z"", ""listing_date"": null, ""reason_code"": ""twelve_month_return_available"", ""status"": ""full"", ""valid_trading_sessions"": null}","[""l1-snapshot.csv""]",[],69.6712,ranked,full,100.0,True,True,False
DAVE,Dave Inc.  - Class A Common Stock,nasdaqtrader:Q:DAVE,common_equity,eligible,Q,Finance,317.93,4055358047.0000005,181997011.4107778,,25.92783300986256,80.91959255676323,57.461245109207084,30.620840152755047,7.1582997958710015,,,False,,,,2026-08-08T08:41:23Z,2026-08-08T08:41:23Z,full,"{""as_of"": ""2026-08-08T08:41:23Z"", ""listing_date"": null, ""reason_code"": ""twelve_month_return_available"", ""status"": ""full"", ""valid_trading_sessions"": null}","[""l1-snapshot.csv""]",[],69.6661,ranked,full,100.0,True,True,False
VRT,"Vertiv Holdings, LLC Class A Common Stock",nasdaqtrader:N:VRT,common_equity,eligible,N,Electronic Technology,272.4,104870780523.99998,1672553651.5199997,,-22.123590205411908,50.56378509838602,93.19148936170211,28.303525603063683,6.446206434868161,,,False,,,,2026-08-08T08:41:23Z,2026-08-08T08:41:23Z,full,"{""as_of"": ""2026-08-08T08:41:23Z"", ""listing_date"": null, ""reason_code"": ""twelve_month_return_available"", ""status"": ""full"", ""valid_trading_sessions"": null}","[""l1-snapshot.csv""]",[],69.6071,ranked,full,100.0,True,True,False
SONY,Sony Group Corporation American Depositary Shares,nasdaqtrader:N:SONY,adr,eligible,N,Electronic Technology,23.46,139084529740.98068,143066827.01333332,,15.737543167242237,2.7370264944164657,-10.080490609428896,22.676334871456817,1.8965612676006034,,,False,,,,2026-08-08T08:41:23Z,2026-08-08T08:41:23Z,full,"{""as_of"": ""2026-08-08T08:41:23Z"", ""listing_date"": null, ""reason_code"": ""twelve_month_return_available"", ""status"": ""full"", ""valid_trading_sessions"": null}","[""l1-snapshot.csv""]",[],69.6068,ranked,full,100.0,True,True,False
BB,BlackBerry Limited Common Stock,nasdaqtrader:N:BB,common_equity,eligible,N,Technology Services,8.98,5263182053.5419,252746577.22844476,,43.68000000000001,160.28985507246375,142.04851752021563,33.922001471670335,6.663667941483244,,,False,,,,2026-08-08T08:41:23Z,2026-08-08T08:41:23Z,full,"{""as_of"": ""2026-08-08T08:41:23Z"", ""listing_date"": null, ""reason_code"": ""twelve_month_return_available"", ""status"": ""full"", ""valid_trading_sessions"": null}","[""l1-snapshot.csv""]",[],69.6063,ranked,full,100.0,True,True,False
MRSH,Marsh Common Stock,nasdaqtrader:N:MRSH,common_equity,eligible,N,Finance,191.65,91457537595.0,534503951.89055556,,15.772622931013661,1.7898874017420887,-6.521314993659157,10.360149672591213,2.4133680253156684,,,False,,,,2026-08-08T08:41:23Z,2026-08-08T08:41:23Z,full,"{""as_of"": ""2026-08-08T08:41:23Z"", ""listing_date"": null, ""reason_code"": ""twelve_month_return_available"", ""status"": ""full"", ""valid_trading_sessions"": null}","[""l1-snapshot.csv""]",[],69.59,ranked,full,100.0,True,True,False
OTEX,Open Text Corporation - Common Shares,nasdaqtrader:Q:OTEX,common_equity,eligible,Q,Technology Services,24.94,6038641175.151986,55125848.28644444,,7.592752372735124,2.8877887788778995,-14.764183185235815,37.49373433583959,4.339237412559945,,,False,,,,2026-08-08T08:41:23Z,2026-08-08T08:41:23Z,full,"{""as_of"": ""2026-08-08T08:41:23Z"", ""listing_date"": null, ""reason_code"": ""twelve_month_return_available"", ""status"": ""full"", ""valid_trading_sessions"": null}","[""l1-snapshot.csv""]",[],69.5838,ranked,full,100.0,True,True,False
NICE,NICE Ltd - American Depositary Shares each representing one Ordinary Share,nasdaqtrader:Q:NICE,adr,eligible,Q,Technology Services,101.85,5666949008.19626,69072161.095,,7.436708860759492,-7.0542069720752005,-34.209676377495,33.72592399791776,4.621013578356884,,,False,,,,2026-08-08T08:41:23Z,2026-08-08T08:41:23Z,full,"{""as_of"": ""2026-08-08T08:41:23Z"", ""listing_date"": null, ""reason_code"": ""twelve_month_return_available"", ""status"": ""full"", ""valid_trading_sessions"": null}","[""l1-snapshot.csv""]",[],69.5801,ranked,full,100.0,True,True,False
CECO,CECO Environmental Corp. - Common Stock,nasdaqtrader:Q:CECO,common_equity,eligible,Q,Producer Manufacturing,70.92,4141942809.0000005,60274015.984,,-14.25462459194776,2.52999855428654,55.28793518721261,29.948567708976405,6.2964769259519136,,,False,,,,2026-08-08T08:41:23Z,2026-08-08T08:41:23Z,full,"{""as_of"": ""2026-08-08T08:41:23Z"", ""listing_date"": null, ""reason_code"": ""twelve_month_return_available"", ""status"": ""full"", ""valid_trading_sessions"": null}","[""l1-snapshot.csv""]",[],69.5765,ranked,full,100.0,True,True,False
CRSP,CRISPR Therapeutics AG - Common Shares,nasdaqtrader:Q:CRSP,common_equity,eligible,Q,Health Technology,53.52,5174991072.0,91452461.15466668,,0.8859566446748464,13.341804320203314,-5.022182786157939,31.804281345565744,4.610864018898135,,,False,,,,2026-08-08T08:41:23Z,2026-08-08T08:41:23Z,full,"{""as_of"": ""2026-08-08T08:41:23Z"", ""listing_date"": null, ""reason_code"": ""twelve_month_return_available"", ""status"": ""full"", ""valid_trading_sessions"": null}","[""l1-snapshot.csv""]",[],69.5739,ranked,full,100.0,True,True,False
HLT,Hilton Worldwide Holdings Inc. Common Stock,nasdaqtrader:N:HLT,common_equity,eligible,N,Consumer Services,317.6,71480617072.0,609036983.6355556,,-1.2775481023281705,2.763217498220417,20.11194312079268,11.284916201117312,2.618038567565694,,,False,,,,2026-08-08T08:41:23Z,2026-08-08T08:41:23Z,full,"{""as_of"": ""2026-08-08T08:41:23Z"", ""listing_date"": null, ""reason_code"": ""twelve_month_return_available"", ""status"": ""full"", ""valid_trading_sessions"": null}","[""l1-snapshot.csv""]",[],69.5712,ranked,full,100.0,True,True,False
VSH,"Vishay Intertechnology, Inc. Common Stock",nasdaqtrader:N:VSH,common_equity,eligible,N,Electronic Technology,35.41,5431120461.000001,220838166.13188887,,5.764635603345281,78.38790931989922,149.0154711673699,49.028357564416304,9.016714084329942,,,False,,,,2026-08-08T08:41:23Z,2026-08-08T08:41:23Z,full,"{""as_of"": ""2026-08-08T08:41:23Z"", ""listing_date"": null, ""reason_code"": ""twelve_month_return_available"", ""status"": ""full"", ""valid_trading_sessions"": null}","[""l1-snapshot.csv""]",[],69.5648,ranked,full,100.0,True,True,False
WMT,Walmart Inc. - Common Stock,nasdaqtrader:Q:WMT,common_equity,eligible,Q,Retail Trade,111.85,890111135367.0,2387908870.0599995,,-14.169512335494767,-12.129782386676101,8.109414266383144,17.24316525470756,2.2521387955533134,,,False,,,,2026-08-08T08:41:23Z,2026-08-08T08:41:23Z,full,"{""as_of"": ""2026-08-08T08:41:23Z"", ""listing_date"": null, ""reason_code"": ""twelve_month_return_available"", ""status"": ""full"", ""valid_trading_sessions"": null}","[""l1-snapshot.csv""]",[],69.5608,ranked,full,100.0,True,True,False
IBKR,"Interactive Brokers Group, Inc. - Class A Common Stock",nasdaqtrader:Q:IBKR,common_equity,eligible,Q,Finance,87.83,149425986948.16998,428122960.0901111,,3.8425159612201467,22.17276394491584,36.60471265261683,10.230989370400657,3.7212072477565266,,,False,,,,2026-08-08T08:41:23Z,2026-08-08T08:41:23Z,full,"{""as_of"": ""2026-08-08T08:41:23Z"", ""listing_date"": null, ""reason_code"": ""twelve_month_return_available"", ""status"": ""full"", ""valid_trading_sessions"": null}","[""l1-snapshot.csv""]",[],69.5577,ranked,full,100.0,True,True,False
SANM,Sanmina Corporation - Common Stock,nasdaqtrader:Q:SANM,common_equity,eligible,Q,Electronic Technology,202.73,10865791528.0,210460757.15133333,,-15.704781704781709,37.883425151329654,72.24299065420558,29.773451572675636,6.6980825796369885,,,False,,,,2026-08-08T08:41:23Z,2026-08-08T08:41:23Z,full,"{""as_of"": ""2026-08-08T08:41:23Z"", ""listing_date"": null, ""reason_code"": ""twelve_month_return_available"", ""status"": ""full"", ""valid_trading_sessions"": null}","[""l1-snapshot.csv""]",[],69.5531,ranked,full,100.0,True,True,False
SCCO,Southern Copper Corporation Common Stock,nasdaqtrader:N:SCCO,common_equity,eligible,N,Non-Energy Minerals,199.06,166082059205.99997,265080896.87555316,,9.516615105406927,5.603884754838979,113.37615154331445,10.199163853777126,3.8903329704722034,,,False,,,,2026-08-08T08:41:23Z,2026-08-08T08:41:23Z,full,"{""as_of"": ""2026-08-08T08:41:23Z"", ""listing_date"": null, ""reason_code"": ""twelve_month_return_available"", ""status"": ""full"", ""valid_trading_sessions"": null}","[""l1-snapshot.csv""]",[],69.5498,ranked,full,100.0,True,True,False
HPE,Hewlett Packard Enterprise Company Common Stock,nasdaqtrader:N:HPE,common_equity,eligible,N,Electronic Technology,53.22,70474111418.99998,1207606604.1439986,,77.4,130.58925476603122,160.11730205278593,17.167315175097276,6.302007498900793,,,False,,,,2026-08-08T08:41:23Z,2026-08-08T08:41:23Z,full,"{""as_of"": ""2026-08-08T08:41:23Z"", ""listing_date"": null, ""reason_code"": ""twelve_month_return_available"", ""status"": ""full"", ""valid_trading_sessions"": null}","[""l1-snapshot.csv""]",[],69.5418,ranked,full,100.0,True,True,False
JEF,Jefferies Financial Group Inc. Common Stock,nasdaqtrader:N:JEF,common_equity,eligible,N,Finance,56.62,13053869397.0,121237858.1,,9.199614271938275,-2.295081967213124,-3.2467532467532565,20.29842342342344,3.7715043101362054,,,False,,,,2026-08-08T08:41:23Z,2026-08-08T08:41:23Z,full,"{""as_of"": ""2026-08-08T08:41:23Z"", ""listing_date"": null, ""reason_code"": ""twelve_month_return_available"", ""status"": ""full"", ""valid_trading_sessions"": null}","[""l1-snapshot.csv""]",[],69.5398,ranked,full,100.0,True,True,False
AAOI,"Applied Optoelectronics, Inc. - Common Stock",nasdaqtrader:Q:AAOI,common_equity,eligible,Q,Electronic Technology,135.63,11470125993.999998,1645652591.407,,-21.982225545744775,237.80821917808217,475.679117147708,41.95660546925151,12.568444880488382,,,False,,,,2026-08-08T08:41:23Z,2026-08-08T08:41:23Z,full,"{""as_of"": ""2026-08-08T08:41:23Z"", ""listing_date"": null, ""reason_code"": ""twelve_month_return_available"", ""status"": ""full"", ""valid_trading_sessions"": null}","[""l1-snapshot.csv""]",[],69.5362,ranked,full,100.0,True,True,False
CRDO,Credo Technology Group Holding Ltd - Ordinary Shares,nasdaqtrader:Q:CRDO,common_equity,eligible,Q,Technology Services,249.89,46598959822.0,1936269541.375,,29.34265010351967,142.35282707787795,108.58931552587644,19.042964668728636,9.410250614462734,,,False,,,,2026-08-08T08:41:23Z,2026-08-08T08:41:23Z,full,"{""as_of"": ""2026-08-08T08:41:23Z"", ""listing_date"": null, ""reason_code"": ""twelve_month_return_available"", ""status"": ""full"", ""valid_trading_sessions"": null}","[""l1-snapshot.csv""]",[],69.5107,ranked,full,100.0,True,True,False
CAG,"ConAgra Brands, Inc. Common Stock",nasdaqtrader:N:CAG,common_equity,eligible,N,Consumer Non-Durables,15.11,7231126706.0,255259996.42588887,,5.222841225626741,-22.829417773237996,-20.64075630252101,25.62548914407785,3.6761831821982813,,,False,,,,2026-08-08T08:41:23Z,2026-08-08T08:41:23Z,full,"{""as_of"": ""2026-08-08T08:41:23Z"", ""listing_date"": null, ""reason_code"": ""twelve_month_return_available"", ""status"": ""full"", ""valid_trading_sessions"": null}","[""l1-snapshot.csv""]",[],69.5001,ranked,full,100.0,True,True,False
MNST,Monster Beverage Corporation - Common Stock,nasdaqtrader:Q:MNST,common_equity,eligible,Q,Consumer Non-Durables,90.36,88372814110.00002,503449037.05600053,,6.941239126575531,10.275811569441057,50.70046697798532,9.946182977875228,2.370698621750484,,,False,,,,2026-08-08T08:41:23Z,2026-08-08T08:41:23Z,full,"{""as_of"": ""2026-08-08T08:41:23Z"", ""listing_date"": null, ""reason_code"": ""twelve_month_return_available"", ""status"": ""full"", ""valid_trading_sessions"": null}","[""l1-snapshot.csv""]",[],69.4865,ranked,full,100.0,True,True,False
EFX,"Equifax, Inc. Common Stock",nasdaqtrader:N:EFX,common_equity,eligible,N,Commercial Services,182.56,21448043318.0,322077621.8986667,,4.082098061573544,-4.233331584745315,-24.958895100295955,32.842848734549726,4.422670034757956,,,False,,,,2026-08-08T08:41:23Z,2026-08-08T08:41:23Z,full,"{""as_of"": ""2026-08-08T08:41:23Z"", ""listing_date"": null, ""reason_code"": ""twelve_month_return_available"", ""status"": ""full"", ""valid_trading_sessions"": null}","[""l1-snapshot.csv""]",[],69.4624,ranked,full,100.0,True,True,False
CHKP,Check Point Software Technologies Ltd. - Ordinary Shares,nasdaqtrader:Q:CHKP,common_equity,eligible,Q,Technology Services,127.82,13050502715.0,190518060.4677778,,12.825492099920545,-28.275629874866738,-32.495378927911275,39.32402924143169,4.18091718201227,,,False,,,,2026-08-08T08:41:23Z,2026-08-08T08:41:23Z,full,"{""as_of"": ""2026-08-08T08:41:23Z"", ""listing_date"": null, ""reason_code"": ""twelve_month_return_available"", ""status"": ""full"", ""valid_trading_sessions"": null}","[""l1-snapshot.csv""]",[],69.4617,ranked,full,100.0,True,True,False
ABT,Abbott Laboratories Common Stock,nasdaqtrader:N:ABT,common_equity,eligible,N,Health Technology,107.81,186552619433.00003,1368113432.8115535,,23.699156674889565,-2.0799273387829174,-17.802683745044217,21.58702451087352,2.6770627420214876,,,False,,,,2026-08-08T08:41:23Z,2026-08-08T08:41:23Z,full,"{""as_of"": ""2026-08-08T08:41:23Z"", ""listing_date"": null, ""reason_code"": ""twelve_month_return_available"", ""status"": ""full"", ""valid_trading_sessions"": null}","[""l1-snapshot.csv""]",[],69.4616,ranked,full,100.0,True,True,False
SEZL,Sezzle Inc. - Common Stock,nasdaqtrader:Q:SEZL,common_equity,eligible,Q,Technology Services,118.02,3968660548.9999995,85345995.14933333,,15.400410677618071,91.28038897893029,-18.81406067276605,39.69648970415412,8.16219124166285,,,False,,,,2026-08-08T08:41:23Z,2026-08-08T08:41:23Z,full,"{""as_of"": ""2026-08-08T08:41:23Z"", ""listing_date"": null, ""reason_code"": ""twelve_month_return_available"", ""status"": ""full"", ""valid_trading_sessions"": null}","[""l1-snapshot.csv""]",[],69.4369,ranked,full,100.0,True,True,False
XPO,"XPO, Inc. Common Stock",nasdaqtrader:N:XPO,common_equity,eligible,N,Transportation,202.58,23719377623.0,278598478.13155395,,-2.830007674597073,8.424320274031261,62.871844347965926,12.699849170437405,3.708469306218695,,,False,,,,2026-08-08T08:41:23Z,2026-08-08T08:41:23Z,full,"{""as_of"": ""2026-08-08T08:41:23Z"", ""listing_date"": null, ""reason_code"": ""twelve_month_return_available"", ""status"": ""full"", ""valid_trading_sessions"": null}","[""l1-snapshot.csv""]",[],69.425,ranked,full,100.0,True,True,False
AZO,"AutoZone, Inc. Common Stock",nasdaqtrader:N:AZO,common_equity,eligible,N,Retail Trade,3127.29,51054121732.00001,958735901.3749999,,-12.01736419801713,-12.660900456064997,-23.215232763700655,28.732643438746976,3.109587993218071,,,False,,,,2026-08-08T08:41:23Z,2026-08-08T08:41:23Z,full,"{""as_of"": ""2026-08-08T08:41:23Z"", ""listing_date"": null, ""reason_code"": ""twelve_month_return_available"", ""status"": ""full"", ""valid_trading_sessions"": null}","[""l1-snapshot.csv""]",[],69.4144,ranked,full,100.0,True,True,False
ELV,"Elevance Health, Inc. Common Stock",nasdaqtrader:N:ELV,common_equity,eligible,N,Health Services,394.2,85489878032.0,654385687.5,,4.773548798639161,19.454545454545453,41.33084755485442,9.636897120850907,3.421638812412162,,,False,,,,2026-08-08T08:41:23Z,2026-08-08T08:41:23Z,full,"{""as_of"": ""2026-08-08T08:41:23Z"", ""listing_date"": null, ""reason_code"": ""twelve_month_return_available"", ""status"": ""full"", ""valid_trading_sessions"": null}","[""l1-snapshot.csv""]",[],69.4092,ranked,full,100.0,True,True,False
AXON,"Axon Enterprise, Inc. - Common Stock",nasdaqtrader:Q:AXON,common_equity,eligible,Q,Electronic Technology,571.01,46387375133.00001,648794257.4556667,,32.334468933231356,39.270731707317076,-34.157028700575395,32.35680862405971,6.145566127098621,,,False,,,,2026-08-08T08:41:23Z,2026-08-08T08:41:23Z,full,"{""as_of"": ""2026-08-08T08:41:23Z"", ""listing_date"": null, ""reason_code"": ""twelve_month_return_available"", ""status"": ""full"", ""valid_trading_sessions"": null}","[""l1-snapshot.csv""]",[],69.3976,ranked,full,100.0,True,True,False
DOCU,"DocuSign, Inc. - Common Stock",nasdaqtrader:Q:DOCU,common_equity,eligible,Q,Technology Services,60.26,11506321914.000002,221439953.58955553,,27.615417196103348,30.489389346037242,-20.24353120243532,30.455856895556842,5.234363855215172,,,False,,,,2026-08-08T08:41:23Z,2026-08-08T08:41:23Z,full,"{""as_of"": ""2026-08-08T08:41:23Z"", ""listing_date"": null, ""reason_code"": ""twelve_month_return_available"", ""status"": ""full"", ""valid_trading_sessions"": null}","[""l1-snapshot.csv""]",[],69.3941,ranked,full,100.0,True,True,False
UTHR,United Therapeutics Corporation - Common Stock,nasdaqtrader:Q:UTHR,common_equity,eligible,Q,Health Technology,538.84,23111220471.0,275436298.2777778,,-5.328812129943589,11.374299828445057,78.29395804380914,11.571346516780178,2.663359693176558,,,False,,,,2026-08-08T08:41:23Z,2026-08-08T08:41:23Z,full,"{""as_of"": ""2026-08-08T08:41:23Z"", ""listing_date"": null, ""reason_code"": ""twelve_month_return_available"", ""status"": ""full"", ""valid_trading_sessions"": null}","[""l1-snapshot.csv""]",[],69.3928,ranked,full,100.0,True,True,False
SNEX,StoneX Group Inc. - Common Stock,nasdaqtrader:Q:SNEX,common_equity,eligible,Q,Finance,65.84,7941405546.0,79757208.30000155,,-18.72277950783911,26.908186353154314,78.48183848605201,30.44584081975865,5.210500130186126,,,False,,,,2026-08-08T08:41:23Z,2026-08-08T08:41:23Z,full,"{""as_of"": ""2026-08-08T08:41:23Z"", ""listing_date"": null, ""reason_code"": ""twelve_month_return_available"", ""status"": ""full"", ""valid_trading_sessions"": null}","[""l1-snapshot.csv""]",[],69.3928,ranked,full,100.0,True,True,False
ONDS,Ondas Inc - Common Stock,nasdaqtrader:Q:ONDS,common_equity,eligible,Q,Electronic Technology,9.11,5191413150.000001,703815354.8227777,,1.2222222222222159,1.6174010039040667,167.9411764705882,40.37958115183247,9.309456427258787,,,False,,,,2026-08-08T08:41:23Z,2026-08-08T08:41:23Z,full,"{""as_of"": ""2026-08-08T08:41:23Z"", ""listing_date"": null, ""reason_code"": ""twelve_month_return_available"", ""status"": ""full"", ""valid_trading_sessions"": null}","[""l1-snapshot.csv""]",[],69.3914,ranked,full,100.0,True,True,False
CLF,Cleveland-Cliffs Inc. Common Stock,nasdaqtrader:N:CLF,common_equity,eligible,N,Non-Energy Minerals,12.26,6994821009.0,246325523.3062222,,12.995391705069125,-13.418079096045199,27.44282744282745,26.586826347305394,5.625568665261643,,,False,,,,2026-08-08T08:41:23Z,2026-08-08T08:41:23Z,full,"{""as_of"": ""2026-08-08T08:41:23Z"", ""listing_date"": null, ""reason_code"": ""twelve_month_return_available"", ""status"": ""full"", ""valid_trading_sessions"": null}","[""l1-snapshot.csv""]",[],69.3782,ranked,full,100.0,True,True,False
ELAN,Elanco Animal Health Incorporated Common Stock,nasdaqtrader:N:ELAN,common_equity,eligible,N,Health Technology,22.12,11051635888.999998,131000581.92355557,,-8.44370860927152,-10.117838277123115,40.57832856688911,20.943531093638313,4.4519827276486055,,,False,,,,2026-08-08T08:41:23Z,2026-08-08T08:41:23Z,full,"{""as_of"": ""2026-08-08T08:41:23Z"", ""listing_date"": null, ""reason_code"": ""twelve_month_return_available"", ""status"": ""full"", ""valid_trading_sessions"": null}","[""l1-snapshot.csv""]",[],69.3758,ranked,full,100.0,True,True,False
SYF,Synchrony Financial Common Stock,nasdaqtrader:N:SYF,common_equity,eligible,N,Finance,78.59,25570893879.0,297124469.0146667,,5.589144162300142,5.024722704797548,12.01539338654505,11.467838233637483,2.8109697515170025,,,False,,,,2026-08-08T08:41:23Z,2026-08-08T08:41:23Z,full,"{""as_of"": ""2026-08-08T08:41:23Z"", ""listing_date"": null, ""reason_code"": ""twelve_month_return_available"", ""status"": ""full"", ""valid_trading_sessions"": null}","[""l1-snapshot.csv""]",[],69.367,ranked,full,100.0,True,True,False
UI,Ubiquiti Inc. Common Stock,nasdaqtrader:N:UI,common_equity,eligible,N,Electronic Technology,566.27,34271843443.0,65022204.42555555,,-34.91149425287356,-6.401652892561986,22.431462423246565,48.52044109491904,3.5566680329885423,,,False,,,,2026-08-08T08:41:23Z,2026-08-08T08:41:23Z,full,"{""as_of"": ""2026-08-08T08:41:23Z"", ""listing_date"": null, ""reason_code"": ""twelve_month_return_available"", ""status"": ""full"", ""valid_trading_sessions"": null}","[""l1-snapshot.csv""]",[],69.3486,ranked,full,100.0,True,True,False
BMI,"Badger Meter, Inc. Common Stock",nasdaqtrader:N:BMI,common_equity,eligible,N,Producer Manufacturing,138.86,4025113581.9999995,80652867.31844445,,13.392128041809588,-6.18201472873453,-26.831067551902198,31.9313725490196,4.6790951488621095,,,False,,,,2026-08-08T08:41:23Z,2026-08-08T08:41:23Z,full,"{""as_of"": ""2026-08-08T08:41:23Z"", ""listing_date"": null, ""reason_code"": ""twelve_month_return_available"", ""status"": ""full"", ""valid_trading_sessions"": null}","[""l1-snapshot.csv""]",[],69.3408,ranked,full,100.0,True,True,False
BEAM,Beam Therapeutics Inc. - Common Stock,nasdaqtrader:Q:BEAM,common_equity,eligible,Q,Health Technology,27.48,2838345023.0,60166564.151999995,,-13.339640491958374,7.218103784627395,49.510337323177374,28.175640355462615,6.408554901725033,,,False,,,,2026-08-08T08:41:23Z,2026-08-08T08:41:23Z,full,"{""as_of"": ""2026-08-08T08:41:23Z"", ""listing_date"": null, ""reason_code"": ""twelve_month_return_available"", ""status"": ""full"", ""valid_trading_sessions"": null}","[""l1-snapshot.csv""]",[],69.3401,ranked,full,100.0,True,True,False
JKHY,"Jack Henry & Associates, Inc. - Common Stock",nasdaqtrader:Q:JKHY,common_equity,eligible,Q,Technology Services,155.95,11080369119.000002,209548746.60666665,,7.6333770446545675,-11.723083889958117,-6.812070510905292,19.35984280469517,3.301813042645207,,,False,,,,2026-08-08T08:41:23Z,2026-08-08T08:41:23Z,full,"{""as_of"": ""2026-08-08T08:41:23Z"", ""listing_date"": null, ""reason_code"": ""twelve_month_return_available"", ""status"": ""full"", ""valid_trading_sessions"": null}","[""l1-snapshot.csv""]",[],69.34,ranked,full,100.0,True,True,False
ARGX,argenx SE - American Depositary Shares,nasdaqtrader:Q:ARGX,adr,eligible,Q,Health Technology,865.04,55004981418.055405,283290882.7173333,,9.90496518778268,6.184826705783429,28.239567118819956,9.28501017219322,3.0597844629309927,,,False,,,,2026-08-08T08:41:23Z,2026-08-08T08:41:23Z,full,"{""as_of"": ""2026-08-08T08:41:23Z"", ""listing_date"": null, ""reason_code"": ""twelve_month_return_available"", ""status"": ""full"", ""valid_trading_sessions"": null}","[""l1-snapshot.csv""]",[],69.3213,ranked,full,100.0,True,True,False
EOG,"EOG Resources, Inc. Common Stock",nasdaqtrader:N:EOG,common_equity,eligible,N,Energy Minerals,134.74,70675063895.0,501845396.9071111,,3.2253121887688714,19.471537506650122,15.005121201775362,11.279383683413446,2.630742826899846,,,False,,,,2026-08-08T08:41:23Z,2026-08-08T08:41:23Z,full,"{""as_of"": ""2026-08-08T08:41:23Z"", ""listing_date"": null, ""reason_code"": ""twelve_month_return_available"", ""status"": ""full"", ""valid_trading_sessions"": null}","[""l1-snapshot.csv""]",[],69.3198,ranked,full,100.0,True,True,False
EQT,EQT Corporation Common Stock,nasdaqtrader:N:EQT,common_equity,eligible,N,Energy Minerals,51.69,32332920727.0,384288889.75699997,,-8.318552678254708,-7.03237410071943,0.42743345638235647,24.252637749120755,2.8811734899221983,,,False,,,,2026-08-08T08:41:23Z,2026-08-08T08:41:23Z,full,"{""as_of"": ""2026-08-08T08:41:23Z"", ""listing_date"": null, ""reason_code"": ""twelve_month_return_available"", ""status"": ""full"", ""valid_trading_sessions"": null}","[""l1-snapshot.csv""]",[],69.317,ranked,full,100.0,True,True,False
MXL,"MaxLinear, Inc - Common Stock",nasdaqtrader:Q:MXL,common_equity,eligible,Q,Electronic Technology,74.98,6800175233.000001,347699123.00200003,,-14.54296785958513,327.23646723646726,386.88311688311694,41.55884645362432,11.920441659622455,,,False,,,,2026-08-08T08:41:23Z,2026-08-08T08:41:23Z,full,"{""as_of"": ""2026-08-08T08:41:23Z"", ""listing_date"": null, ""reason_code"": ""twelve_month_return_available"", ""status"": ""full"", ""valid_trading_sessions"": null}","[""l1-snapshot.csv""]",[],69.3127,ranked,full,100.0,True,True,False
WAY,Waystar Holding Corp. - Common Stock,nasdaqtrader:Q:WAY,common_equity,eligible,Q,Technology Services,24.23,4646064330.999999,66316143.69722222,,16.602502406159765,0.35203975978463803,-29.110590988882386,41.5722208825657,5.02254680576357,,,False,,,,2026-08-08T08:41:23Z,2026-08-08T08:41:23Z,full,"{""as_of"": ""2026-08-08T08:41:23Z"", ""listing_date"": null, ""reason_code"": ""twelve_month_return_available"", ""status"": ""full"", ""valid_trading_sessions"": null}","[""l1-snapshot.csv""]",[],69.3119,ranked,full,100.0,True,True,False
RSI,"Rush Street Interactive, Inc. Class A Common Stock",nasdaqtrader:N:RSI,common_equity,eligible,N,Consumer Services,24.88,5766520847.0,63434788.87111112,,-10.535778496943546,47.044917257683196,25.720060636685197,27.946713003185643,5.350669028108236,,,False,,,,2026-08-08T08:41:23Z,2026-08-08T08:41:23Z,full,"{""as_of"": ""2026-08-08T08:41:23Z"", ""listing_date"": null, ""reason_code"": ""twelve_month_return_available"", ""status"": ""full"", ""valid_trading_sessions"": null}","[""l1-snapshot.csv""]",[],69.3096,ranked,full,100.0,True,True,False
DEO,Diageo plc Common Stock,nasdaqtrader:N:DEO,common_equity,eligible,N,Consumer Non-Durables,96.35,53542237620.156,127982598.91388887,,15.168539325842694,0.1663374571161208,-9.92801720108442,17.232196546688428,2.1365145740915956,,,False,,,,2026-08-08T08:41:23Z,2026-08-08T08:41:23Z,full,"{""as_of"": ""2026-08-08T08:41:23Z"", ""listing_date"": null, ""reason_code"": ""twelve_month_return_available"", ""status"": ""full"", ""valid_trading_sessions"": null}","[""l1-snapshot.csv""]",[],69.308,ranked,full,100.0,True,True,False
SAIL,"SailPoint, Inc. - Common Stock",nasdaqtrader:Q:SAIL,common_equity,eligible,Q,Technology Services,18.66,10583634384.0,75226892.03933333,,55.5,27.895819054146678,-7.988165680473378,22.250000000000004,6.334868931159183,,,False,,,,2026-08-08T08:41:23Z,2026-08-08T08:41:23Z,full,"{""as_of"": ""2026-08-08T08:41:23Z"", ""listing_date"": null, ""reason_code"": ""twelve_month_return_available"", ""status"": ""full"", ""valid_trading_sessions"": null}","[""l1-snapshot.csv""]",[],69.3,ranked,full,100.0,True,True,False
RIO,Rio Tinto Plc Common Stock,nasdaqtrader:N:RIO,common_equity,eligible,N,Non-Energy Minerals,101.1,173566078815.6756,268501876.5133333,,-3.57653791130186,8.488035196909536,66.39236339697169,10.197193107123825,1.6408833443747874,,,False,,,,2026-08-08T08:41:23Z,2026-08-08T08:41:23Z,full,"{""as_of"": ""2026-08-08T08:41:23Z"", ""listing_date"": null, ""reason_code"": ""twelve_month_return_available"", ""status"": ""full"", ""valid_trading_sessions"": null}","[""l1-snapshot.csv""]",[],69.2993,ranked,full,100.0,True,True,False
YMM,Full Truck Alliance Co. Ltd. American Depositary Shares (each representing 20 Class A Ordinary Shares),nasdaqtrader:N:YMM,adr,eligible,N,Technology Services,9.63,9991552009.0,75036137.812,,7.838745800671905,-1.7346938775510194,-15.526315789473678,31.556503198294237,3.140416964082139,,,False,,,,2026-08-08T08:41:23Z,2026-08-08T08:41:23Z,full,"{""as_of"": ""2026-08-08T08:41:23Z"", ""listing_date"": null, ""reason_code"": ""twelve_month_return_available"", ""status"": ""full"", ""valid_trading_sessions"": null}","[""l1-snapshot.csv""]",[],69.2909,ranked,full,100.0,True,True,False
W,Wayfair Inc. Class A Common Stock,nasdaqtrader:N:W,common_equity,eligible,N,Retail Trade,106.6,14600805616.0,420139100.1022222,,60.46966731898236,19.466547125406244,36.666666666666664,11.151858643107193,5.781133717099114,,,False,,,,2026-08-08T08:41:23Z,2026-08-08T08:41:23Z,full,"{""as_of"": ""2026-08-08T08:41:23Z"", ""listing_date"": null, ""reason_code"": ""twelve_month_return_available"", ""status"": ""full"", ""valid_trading_sessions"": null}","[""l1-snapshot.csv""]",[],69.288,ranked,full,100.0,True,True,False
EGO,Eldorado Gold Corporation Ordinary Shares,nasdaqtrader:N:EGO,common_equity,eligible,N,Non-Energy Minerals,37.92,9909249234.898354,114273789.03466667,,12.82356441535258,-0.9404388714733527,61.36170212765958,25.87959343236903,5.057619340093473,,,False,,,,2026-08-08T08:41:23Z,2026-08-08T08:41:23Z,full,"{""as_of"": ""2026-08-08T08:41:23Z"", ""listing_date"": null, ""reason_code"": ""twelve_month_return_available"", ""status"": ""full"", ""valid_trading_sessions"": null}","[""l1-snapshot.csv""]",[],69.2839,ranked,full,100.0,True,True,False
NTES,"NetEase, Inc. - American Depositary Shares, each representing 5 ordinary shares",nasdaqtrader:Q:NTES,adr,eligible,Q,Technology Services,132.22,83279539780.00056,119751756.83777778,,12.642698926563304,8.252824627476665,0.1666666666666658,17.129426512065194,1.8656051598366312,,,False,,,,2026-08-08T08:41:23Z,2026-08-08T08:41:23Z,full,"{""as_of"": ""2026-08-08T08:41:23Z"", ""listing_date"": null, ""reason_code"": ""twelve_month_return_available"", ""status"": ""full"", ""valid_trading_sessions"": null}","[""l1-snapshot.csv""]",[],69.2824,ranked,full,100.0,True,True,False
PI,"Impinj, Inc. - Common Stock",nasdaqtrader:Q:PI,common_equity,eligible,Q,Electronic Technology,183.36,5602457157.0,84249692.53333333,,19.343920853944304,46.911305183879506,13.185185185185194,25.784261940756114,6.656948528482156,,,False,,,,2026-08-08T08:41:23Z,2026-08-08T08:41:23Z,full,"{""as_of"": ""2026-08-08T08:41:23Z"", ""listing_date"": null, ""reason_code"": ""twelve_month_return_available"", ""status"": ""full"", ""valid_trading_sessions"": null}","[""l1-snapshot.csv""]",[],69.2712,ranked,full,100.0,True,True,False
HWM,Howmet Aerospace Inc. Common Stock,nasdaqtrader:N:HWM,common_equity,eligible,N,Electronic Technology,281.88,112414138212.0,728837180.82,,3.0941408821593077,31.738094125344674,55.186082360713506,9.070967741935487,3.448017754832243,,,False,,,,2026-08-08T08:41:23Z,2026-08-08T08:41:23Z,full,"{""as_of"": ""2026-08-08T08:41:23Z"", ""listing_date"": null, ""reason_code"": ""twelve_month_return_available"", ""status"": ""full"", ""valid_trading_sessions"": null}","[""l1-snapshot.csv""]",[],69.2677,ranked,full,100.0,True,True,False
B,Barrick Mining Corporation Common Shares,nasdaqtrader:N:B,common_equity,eligible,N,Non-Energy Minerals,43.68,73186206810.9685,486647708.6986667,,3.091810243096536,-2.6954778347070634,89.91304347826087,20.131651124520022,2.9908502107968484,,,False,,,,2026-08-08T08:41:23Z,2026-08-08T08:41:23Z,full,"{""as_of"": ""2026-08-08T08:41:23Z"", ""listing_date"": null, ""reason_code"": ""twelve_month_return_available"", ""status"": ""full"", ""valid_trading_sessions"": null}","[""l1-snapshot.csv""]",[],69.2676,ranked,full,100.0,True,True,False
IDXX,"IDEXX Laboratories, Inc. - Common Stock",nasdaqtrader:Q:IDXX,common_equity,eligible,Q,Health Technology,586.67,46218518500.0,375927510.7544444,,2.528836071303725,-8.673858559442088,-6.839330517356378,23.80711187303567,3.3615069429760993,,,False,,,,2026-08-08T08:41:23Z,2026-08-08T08:41:23Z,full,"{""as_of"": ""2026-08-08T08:41:23Z"", ""listing_date"": null, ""reason_code"": ""twelve_month_return_available"", ""status"": ""full"", ""valid_trading_sessions"": null}","[""l1-snapshot.csv""]",[],69.2576,ranked,full,100.0,True,True,False
GWW,"W.W. Grainger, Inc. Common Stock",nasdaqtrader:N:GWW,common_equity,eligible,N,Distribution Services,1277.55,60173809096.99999,378713685.54,,3.0639657300515517,6.920476039033867,32.33786009509307,10.02598756259201,2.6202751288638457,,,False,,,,2026-08-08T08:41:23Z,2026-08-08T08:41:23Z,full,"{""as_of"": ""2026-08-08T08:41:23Z"", ""listing_date"": null, ""reason_code"": ""twelve_month_return_available"", ""status"": ""full"", ""valid_trading_sessions"": null}","[""l1-snapshot.csv""]",[],69.2565,ranked,full,100.0,True,True,False
RDDT,"Reddit, Inc. Class A Common Stock",nasdaqtrader:N:RDDT,common_equity,eligible,N,Technology Services,161.7,31110516768.999996,823640766.9233333,,-0.5657360718238936,0.10524360799850646,-25.050406730167566,42.85209400954232,6.90170312519771,,,False,,,,2026-08-08T08:41:23Z,2026-08-08T08:41:23Z,full,"{""as_of"": ""2026-08-08T08:41:23Z"", ""listing_date"": null, ""reason_code"": ""twelve_month_return_available"", ""status"": ""full"", ""valid_trading_sessions"": null}","[""l1-snapshot.csv""]",[],69.2265,ranked,full,100.0,True,True,False
DNN,Denison Mines Corp Ordinary Shares (Canada),nasdaqtrader:A:DNN,common_equity,eligible,A,Non-Energy Minerals,3.22,2914154487.563474,79666040.85844445,,-14.588859416445619,-9.295774647887315,43.111111111111114,27.313769751692995,5.729613775272357,,,False,,,,2026-08-08T08:41:23Z,2026-08-08T08:41:23Z,full,"{""as_of"": ""2026-08-08T08:41:23Z"", ""listing_date"": null, ""reason_code"": ""twelve_month_return_available"", ""status"": ""full"", ""valid_trading_sessions"": null}","[""l1-snapshot.csv""]",[],69.2252,ranked,full,100.0,True,True,False
CME,CME Group Inc. - Class A Common Stock,nasdaqtrader:Q:CME,common_equity,eligible,Q,Finance,263.66,94806666066.00002,798370193.5197779,,-7.943158409273418,-11.954852067054016,-6.304193319118676,19.8991371977154,2.5165768692199024,,,False,,,,2026-08-08T08:41:23Z,2026-08-08T08:41:23Z,full,"{""as_of"": ""2026-08-08T08:41:23Z"", ""listing_date"": null, ""reason_code"": ""twelve_month_return_available"", ""status"": ""full"", ""valid_trading_sessions"": null}","[""l1-snapshot.csv""]",[],69.2248,ranked,full,100.0,True,True,False
MOH,Molina Healthcare Inc Common Stock,nasdaqtrader:N:MOH,common_equity,eligible,N,Health Services,196.45,10254689990.999998,239542643.35999998,,1.7770179256035532,55.94982932444232,26.74193548387096,19.78030952672628,4.773733215338599,,,False,,,,2026-08-08T08:41:23Z,2026-08-08T08:41:23Z,full,"{""as_of"": ""2026-08-08T08:41:23Z"", ""listing_date"": null, ""reason_code"": ""twelve_month_return_available"", ""status"": ""full"", ""valid_trading_sessions"": null}","[""l1-snapshot.csv""]",[],69.1951,ranked,full,100.0,True,True,False
NU,Nu Holdings Ltd. Class A Ordinary Shares,nasdaqtrader:N:NU,common_equity,eligible,N,Finance,13.84,66853906037.99999,884094582.2071111,,-3.2167832167832224,-19.39429237041352,12.703583061889256,27.081138040042152,3.54719267864731,,,False,,,,2026-08-08T08:41:23Z,2026-08-08T08:41:23Z,full,"{""as_of"": ""2026-08-08T08:41:23Z"", ""listing_date"": null, ""reason_code"": ""twelve_month_return_available"", ""status"": ""full"", ""valid_trading_sessions"": null}","[""l1-snapshot.csv""]",[],69.1942,ranked,full,100.0,True,True,False
PM,Philip Morris International Inc Common Stock,nasdaqtrader:N:PM,common_equity,eligible,N,Consumer Non-Durables,189.57,295466377424.00006,953994094.2926667,,10.324157597625549,5.4162264360785075,13.55576853959506,8.755294570658457,3.02828164066042,,,False,,,,2026-08-08T08:41:23Z,2026-08-08T08:41:23Z,full,"{""as_of"": ""2026-08-08T08:41:23Z"", ""listing_date"": null, ""reason_code"": ""twelve_month_return_available"", ""status"": ""full"", ""valid_trading_sessions"": null}","[""l1-snapshot.csv""]",[],69.1888,ranked,full,100.0,True,True,False
NCNO,"nCino, Inc. - Common Stock",nasdaqtrader:Q:NCNO,common_equity,eligible,Q,Technology Services,19.17,2100130168.0,66408381.08100001,,9.355390758699375,4.411764705882366,-29.340213785477324,43.48466981132076,4.52811663112916,,,False,,,,2026-08-08T08:41:23Z,2026-08-08T08:41:23Z,full,"{""as_of"": ""2026-08-08T08:41:23Z"", ""listing_date"": null, ""reason_code"": ""twelve_month_return_available"", ""status"": ""full"", ""valid_trading_sessions"": null}","[""l1-snapshot.csv""]",[],69.1844,ranked,full,100.0,True,True,False
ARE,"Alexandria Real Estate Equities, Inc. Common Stock",nasdaqtrader:N:ARE,common_equity,eligible,N,Finance,49.74,8667073857.0,105646280.51133335,,8.531529565786611,-9.563636363636359,-33.360128617363344,43.628450972392216,3.724673306826099,,,False,,,,2026-08-08T08:41:23Z,2026-08-08T08:41:23Z,full,"{""as_of"": ""2026-08-08T08:41:23Z"", ""listing_date"": null, ""reason_code"": ""twelve_month_return_available"", ""status"": ""full"", ""valid_trading_sessions"": null}","[""l1-snapshot.csv""]",[],69.1748,ranked,full,100.0,True,True,False
PCOR,"Procore Technologies, Inc. Common Stock",nasdaqtrader:N:PCOR,common_equity,eligible,N,Technology Services,57.06,8670571768.0,170524996.21400002,,8.706420270527719,8.334915511676478,-11.753789050417561,30.68092085282147,5.870901625883573,,,False,,,,2026-08-08T08:41:23Z,2026-08-08T08:41:23Z,full,"{""as_of"": ""2026-08-08T08:41:23Z"", ""listing_date"": null, ""reason_code"": ""twelve_month_return_available"", ""status"": ""full"", ""valid_trading_sessions"": null}","[""l1-snapshot.csv""]",[],69.1741,ranked,full,100.0,True,True,False
MCD,McDonald's Corporation Common Stock,nasdaqtrader:N:MCD,common_equity,eligible,N,Consumer Services,274.48,195019656087.00003,1172938022.057778,,-3.6912280701754323,-14.995354598947031,-11.217492560486482,19.68397951719092,2.1688834449282064,,,False,,,,2026-08-08T08:41:23Z,2026-08-08T08:41:23Z,full,"{""as_of"": ""2026-08-08T08:41:23Z"", ""listing_date"": null, ""reason_code"": ""twelve_month_return_available"", ""status"": ""full"", ""valid_trading_sessions"": null}","[""l1-snapshot.csv""]",[],69.171,ranked,full,100.0,True,True,False
BG,Bunge Limited Common Shares,nasdaqtrader:N:BG,common_equity,eligible,N,Process Industries,108.38,20821870280.0,175081260.75666666,,-13.04557124518614,-4.779476366192232,32.31595653766329,19.63815667519372,3.1543841200717555,,,False,,,,2026-08-08T08:41:23Z,2026-08-08T08:41:23Z,full,"{""as_of"": ""2026-08-08T08:41:23Z"", ""listing_date"": null, ""reason_code"": ""twelve_month_return_available"", ""status"": ""full"", ""valid_trading_sessions"": null}","[""l1-snapshot.csv""]",[],69.1595,ranked,full,100.0,True,True,False
TLN,Talen Energy Corporation - Common Stock,nasdaqtrader:Q:TLN,common_equity,eligible,Q,Utilities,347.71,16660265909.000004,270603932.11377776,,-12.613722040713748,4.57600866178438,-7.036868700371626,22.950274773976243,5.608681844735177,,,False,,,,2026-08-08T08:41:23Z,2026-08-08T08:41:23Z,full,"{""as_of"": ""2026-08-08T08:41:23Z"", ""listing_date"": null, ""reason_code"": ""twelve_month_return_available"", ""status"": ""full"", ""valid_trading_sessions"": null}","[""l1-snapshot.csv""]",[],69.1434,ranked,full,100.0,True,True,False
JD,"JD.com, Inc. - American Depositary Shares",nasdaqtrader:Q:JD,adr,eligible,Q,Retail Trade,32.97,39424752527.35968,293589742.677,,9.06384386371154,19.456521739130427,4.137713202779529,10.553445469343458,1.8074405651971883,,,False,,,,2026-08-08T08:41:23Z,2026-08-08T08:41:23Z,full,"{""as_of"": ""2026-08-08T08:41:23Z"", ""listing_date"": null, ""reason_code"": ""twelve_month_return_available"", ""status"": ""full"", ""valid_trading_sessions"": null}","[""l1-snapshot.csv""]",[],69.1384,ranked,full,100.0,True,True,False
GNRC,Generac Holdlings Inc. Common Stock,nasdaqtrader:N:GNRC,common_equity,eligible,N,Producer Manufacturing,212.22,12522329600.0,201633443.028,,-21.4,20.66181487377758,8.203742415744662,28.410470921603025,5.313792185525637,,,False,,,,2026-08-08T08:41:23Z,2026-08-08T08:41:23Z,full,"{""as_of"": ""2026-08-08T08:41:23Z"", ""listing_date"": null, ""reason_code"": ""twelve_month_return_available"", ""status"": ""full"", ""valid_trading_sessions"": null}","[""l1-snapshot.csv""]",[],69.1214,ranked,full,100.0,True,True,False
P,"Everpure, Inc. Class A common stock",nasdaqtrader:N:P,common_equity,eligible,N,Electronic Technology,90.05,29933065657.999996,276055542.035,,15.71575430480597,35.760590984471584,55.25862068965517,10.478089748573172,5.916721623131778,,,False,,,,2026-08-08T08:41:23Z,2026-08-08T08:41:23Z,full,"{""as_of"": ""2026-08-08T08:41:23Z"", ""listing_date"": null, ""reason_code"": ""twelve_month_return_available"", ""status"": ""full"", ""valid_trading_sessions"": null}","[""l1-snapshot.csv""]",[],69.1195,ranked,full,100.0,True,True,False
MORN,"Morningstar, Inc. - Common Stock",nasdaqtrader:Q:MORN,common_equity,eligible,Q,Commercial Services,200.66,7527472868.000001,97707755.054,,13.617575448728827,17.91737674090616,-23.71792434898309,24.57879553847455,4.299122327991733,,,False,,,,2026-08-08T08:41:23Z,2026-08-08T08:41:23Z,full,"{""as_of"": ""2026-08-08T08:41:23Z"", ""listing_date"": null, ""reason_code"": ""twelve_month_return_available"", ""status"": ""full"", ""valid_trading_sessions"": null}","[""l1-snapshot.csv""]",[],69.1105,ranked,full,100.0,True,True,False
PTEN,"Patterson-UTI Energy, Inc. - Common Stock",nasdaqtrader:Q:PTEN,common_equity,eligible,Q,Energy Minerals,9.87,3764268798.0000005,94031614.47166666,,-13.421052631578958,20.660146699266498,79.78142076502729,24.541284403669728,4.76372820434132,,,False,,,,2026-08-08T08:41:23Z,2026-08-08T08:41:23Z,full,"{""as_of"": ""2026-08-08T08:41:23Z"", ""listing_date"": null, ""reason_code"": ""twelve_month_return_available"", ""status"": ""full"", ""valid_trading_sessions"": null}","[""l1-snapshot.csv""]",[],69.1055,ranked,full,100.0,True,True,False
JBHT,"J.B. Hunt Transport Services, Inc. - Common Stock",nasdaqtrader:Q:JBHT,common_equity,eligible,Q,Transportation,268.52,25218038625.000004,265925133.11155552,,10.871629712209415,20.00357525920629,86.00720421169295,10.421670669869233,3.100475294016628,,,False,,,,2026-08-08T08:41:23Z,2026-08-08T08:41:23Z,full,"{""as_of"": ""2026-08-08T08:41:23Z"", ""listing_date"": null, ""reason_code"": ""twelve_month_return_available"", ""status"": ""full"", ""valid_trading_sessions"": null}","[""l1-snapshot.csv""]",[],69.1054,ranked,full,100.0,True,True,False
IBP,"Installed Building Products, Inc. Common Stock",nasdaqtrader:N:IBP,common_equity,eligible,N,Industrial Services,244.05,6486648437.0,108611263.58000001,,10.87134290387062,-24.70149023479683,5.683663527119195,30.071633237822347,4.973941042356688,,,False,,,,2026-08-08T08:41:23Z,2026-08-08T08:41:23Z,full,"{""as_of"": ""2026-08-08T08:41:23Z"", ""listing_date"": null, ""reason_code"": ""twelve_month_return_available"", ""status"": ""full"", ""valid_trading_sessions"": null}","[""l1-snapshot.csv""]",[],69.0929,ranked,full,100.0,True,True,False
MDB,"MongoDB, Inc. - Class A Common Stock",nasdaqtrader:Q:MDB,common_equity,eligible,Q,Technology Services,398.8,32076252918.0,746528001.4711112,,37.683411013291916,17.34934086629003,65.3125518156193,10.325598129159918,6.3082090146047305,,,False,,,,2026-08-08T08:41:23Z,2026-08-08T08:41:23Z,full,"{""as_of"": ""2026-08-08T08:41:23Z"", ""listing_date"": null, ""reason_code"": ""twelve_month_return_available"", ""status"": ""full"", ""valid_trading_sessions"": null}","[""l1-snapshot.csv""]",[],69.0814,ranked,full,100.0,True,True,False
ROK,"Rockwell Automation, Inc. Common Stock",nasdaqtrader:N:ROK,common_equity,eligible,N,Producer Manufacturing,441.04,48976912173.0,359212775.6026667,,-2.303739145844404,8.360973931844434,32.10723378762917,11.323789609136236,3.1563921854978645,,,False,,,,2026-08-08T08:41:23Z,2026-08-08T08:41:23Z,full,"{""as_of"": ""2026-08-08T08:41:23Z"", ""listing_date"": null, ""reason_code"": ""twelve_month_return_available"", ""status"": ""full"", ""valid_trading_sessions"": null}","[""l1-snapshot.csv""]",[],69.0809,ranked,full,100.0,True,True,False
NVS,Novartis AG Common Stock,nasdaqtrader:N:NVS,common_equity,eligible,N,Health Technology,156.33,283791876667.39557,268974693.18,,6.74632980539435,1.493215607349225,36.508906741180596,8.289334741288279,1.797414197842081,,,False,,,,2026-08-08T08:41:23Z,2026-08-08T08:41:23Z,full,"{""as_of"": ""2026-08-08T08:41:23Z"", ""listing_date"": null, ""reason_code"": ""twelve_month_return_available"", ""status"": ""full"", ""valid_trading_sessions"": null}","[""l1-snapshot.csv""]",[],69.0723,ranked,full,100.0,True,True,False
ORA,"Ormat Technologies, Inc. Common Stock",nasdaqtrader:N:ORA,common_equity,eligible,N,Utilities,108.09,6647204085.999999,98331113.566,,-11.899910343141247,-12.021813446198921,27.14974708857781,26.162989275223715,3.305892143931487,,,False,,,,2026-08-08T08:41:23Z,2026-08-08T08:41:23Z,full,"{""as_of"": ""2026-08-08T08:41:23Z"", ""listing_date"": null, ""reason_code"": ""twelve_month_return_available"", ""status"": ""full"", ""valid_trading_sessions"": null}","[""l1-snapshot.csv""]",[],69.0717,ranked,full,100.0,True,True,False
RACE,Ferrari N.V. Common Shares,nasdaqtrader:N:RACE,common_equity,eligible,N,Consumer Durables,412.26,90604948044.84149,247556065.19733334,,20.202933201154607,24.148522901797815,-6.867573306826918,18.28182917401733,1.989271466715959,,,False,,,,2026-08-08T08:41:23Z,2026-08-08T08:41:23Z,full,"{""as_of"": ""2026-08-08T08:41:23Z"", ""listing_date"": null, ""reason_code"": ""twelve_month_return_available"", ""status"": ""full"", ""valid_trading_sessions"": null}","[""l1-snapshot.csv""]",[],69.0705,ranked,full,100.0,True,True,False
NOC,Northrop Grumman Corporation Common Stock,nasdaqtrader:N:NOC,common_equity,eligible,N,Electronic Technology,571.58,81200391434.0,520612852.8397778,,2.992954574121126,-18.57834757834757,-1.9941359030194947,26.152454780361754,2.9136082342583824,,,False,,,,2026-08-08T08:41:23Z,2026-08-08T08:41:23Z,full,"{""as_of"": ""2026-08-08T08:41:23Z"", ""listing_date"": null, ""reason_code"": ""twelve_month_return_available"", ""status"": ""full"", ""valid_trading_sessions"": null}","[""l1-snapshot.csv""]",[],69.0703,ranked,full,100.0,True,True,False
NFLX,"Netflix, Inc. - Common Stock",nasdaqtrader:Q:NFLX,common_equity,eligible,Q,Technology Services,74.14,308714504713.99994,3162702184.2997775,,-15.471439972637093,-8.491730436929148,-37.26306525859735,41.48843816589062,3.177814935484555,,,False,,,,2026-08-08T08:41:23Z,2026-08-08T08:41:23Z,full,"{""as_of"": ""2026-08-08T08:41:23Z"", ""listing_date"": null, ""reason_code"": ""twelve_month_return_available"", ""status"": ""full"", ""valid_trading_sessions"": null}","[""l1-snapshot.csv""]",[],69.0674,ranked,full,100.0,True,True,False
Q,"Qnity Electronics, Inc. Common Stock",nasdaqtrader:N:Q,common_equity,eligible,N,Electronic Technology,138.0,28870778778.0,263777565.4,,-6.6179455948030865,45.286097804916565,95.74468085106383,22.15699580155449,5.212881395757403,,,False,,,,2026-08-08T08:41:23Z,2026-08-08T08:41:23Z,full,"{""as_of"": ""2026-08-08T08:41:23Z"", ""listing_date"": null, ""reason_code"": ""twelve_month_return_available"", ""status"": ""full"", ""valid_trading_sessions"": null}","[""l1-snapshot.csv""]",[],69.0376,ranked,full,100.0,True,True,False
CASY,"Caseys General Stores, Inc. - Common Stock",nasdaqtrader:Q:CASY,common_equity,eligible,Q,Retail Trade,833.95,30860247923.000004,481100130.4705556,,-3.070771877215612,27.947651851056335,59.455066921606125,10.120170286145392,3.392564754573627,,,False,,,,2026-08-08T08:41:23Z,2026-08-08T08:41:23Z,full,"{""as_of"": ""2026-08-08T08:41:23Z"", ""listing_date"": null, ""reason_code"": ""twelve_month_return_available"", ""status"": ""full"", ""valid_trading_sessions"": null}","[""l1-snapshot.csv""]",[],69.03,ranked,full,100.0,True,True,False
YOU,"Clear Secure, Inc. Class A Common Stock",nasdaqtrader:N:YOU,common_equity,eligible,N,Technology Services,51.29,6959533500.000001,76269975.56966667,,-12.189693545625746,55.048367593712214,56.61068702290076,25.742000868683935,6.252720836675712,,,False,,,,2026-08-08T08:41:23Z,2026-08-08T08:41:23Z,full,"{""as_of"": ""2026-08-08T08:41:23Z"", ""listing_date"": null, ""reason_code"": ""twelve_month_return_available"", ""status"": ""full"", ""valid_trading_sessions"": null}","[""l1-snapshot.csv""]",[],69.0156,ranked,full,100.0,True,True,False
HCA,"HCA Healthcare, Inc. Common Stock",nasdaqtrader:N:HCA,common_equity,eligible,N,Health Services,413.36,89493054951.0,618659823.1102222,,-4.634905986849689,-19.57976653696498,12.770426954030828,25.72414288794652,3.758559431736528,,,False,,,,2026-08-08T08:41:23Z,2026-08-08T08:41:23Z,full,"{""as_of"": ""2026-08-08T08:41:23Z"", ""listing_date"": null, ""reason_code"": ""twelve_month_return_available"", ""status"": ""full"", ""valid_trading_sessions"": null}","[""l1-snapshot.csv""]",[],69.0132,ranked,full,100.0,True,True,False
PARR,"Par Pacific Holdings, Inc.  Common Stock",nasdaqtrader:N:PARR,common_equity,eligible,N,Energy Minerals,66.29,3321104416.0,76509194.95411111,,6.489959839357439,61.682926829268304,142.55396999634107,23.830862920831887,5.868111638577975,,,False,,,,2026-08-08T08:41:23Z,2026-08-08T08:41:23Z,full,"{""as_of"": ""2026-08-08T08:41:23Z"", ""listing_date"": null, ""reason_code"": ""twelve_month_return_available"", ""status"": ""full"", ""valid_trading_sessions"": null}","[""l1-snapshot.csv""]",[],69.0108,ranked,full,100.0,True,True,False
EQX,Equinox Gold Corp. Common Shares,nasdaqtrader:A:EQX,common_equity,eligible,A,Non-Energy Minerals,11.58,13519184806.46287,142050478.892,,-21.063394683026583,-18.335684062059233,72.83582089552239,38.9240506329114,4.775772425314977,,,False,,,,2026-08-08T08:41:23Z,2026-08-08T08:41:23Z,full,"{""as_of"": ""2026-08-08T08:41:23Z"", ""listing_date"": null, ""reason_code"": ""twelve_month_return_available"", ""status"": ""full"", ""valid_trading_sessions"": null}","[""l1-snapshot.csv""]",[],68.9884,ranked,full,100.0,True,True,False
PEP,"PepsiCo, Inc. - Common Stock",nasdaqtrader:Q:PEP,common_equity,eligible,Q,Consumer Non-Durables,139.02,189747219309.99997,1094962138.5546668,,-11.31100478468899,-16.978202448492073,-1.5717926932880195,18.929321203638892,2.194314869273027,,,False,,,,2026-08-08T08:41:23Z,2026-08-08T08:41:23Z,full,"{""as_of"": ""2026-08-08T08:41:23Z"", ""listing_date"": null, ""reason_code"": ""twelve_month_return_available"", ""status"": ""full"", ""valid_trading_sessions"": null}","[""l1-snapshot.csv""]",[],68.9823,ranked,full,100.0,True,True,False
SPGI,S&P Global Inc. Common Stock,nasdaqtrader:N:SPGI,common_equity,eligible,N,Commercial Services,408.19,120334407737.0,899603978.1054288,,1.425263261795209,-4.5571583836225145,-23.753647941234554,25.472005413589084,2.867580256125503,,,False,,,,2026-08-08T08:41:23Z,2026-08-08T08:41:23Z,full,"{""as_of"": ""2026-08-08T08:41:23Z"", ""listing_date"": null, ""reason_code"": ""twelve_month_return_available"", ""status"": ""full"", ""valid_trading_sessions"": null}","[""l1-snapshot.csv""]",[],68.9796,ranked,full,100.0,True,True,False
PYPL,"PayPal Holdings, Inc. - Common Stock",nasdaqtrader:Q:PYPL,common_equity,eligible,Q,Commercial Services,59.07,50532073712.0,934781294.2526666,,29.48268303375713,46.75776397515528,-15.614285714285714,25.43078962317743,2.950644847050966,,,False,,,,2026-08-08T08:41:23Z,2026-08-08T08:41:23Z,full,"{""as_of"": ""2026-08-08T08:41:23Z"", ""listing_date"": null, ""reason_code"": ""twelve_month_return_available"", ""status"": ""full"", ""valid_trading_sessions"": null}","[""l1-snapshot.csv""]",[],68.9741,ranked,full,100.0,True,True,False
KHC,The Kraft Heinz Company - Common Stock,nasdaqtrader:Q:KHC,common_equity,eligible,Q,Consumer Non-Durables,25.32,30025056494.0,359469695.084,,7.197290431837423,3.770491803278696,-7.422303473491777,9.89323843416371,3.048815916551164,,,False,,,,2026-08-08T08:41:23Z,2026-08-08T08:41:23Z,full,"{""as_of"": ""2026-08-08T08:41:23Z"", ""listing_date"": null, ""reason_code"": ""twelve_month_return_available"", ""status"": ""full"", ""valid_trading_sessions"": null}","[""l1-snapshot.csv""]",[],68.9733,ranked,full,100.0,True,True,False
LASR,"nLIGHT, Inc. - Common Stock",nasdaqtrader:Q:LASR,common_equity,eligible,Q,Electronic Technology,56.155,3167631068.0,71957715.19383334,,-27.0335239085239,17.99747846186173,176.21741269060504,35.41690626797009,10.03800656922198,,,False,,,,2026-08-08T08:41:23Z,2026-08-08T08:41:23Z,full,"{""as_of"": ""2026-08-08T08:41:23Z"", ""listing_date"": null, ""reason_code"": ""twelve_month_return_available"", ""status"": ""full"", ""valid_trading_sessions"": null}","[""l1-snapshot.csv""]",[],68.9722,ranked,full,100.0,True,True,False
TS,Tenaris S.A. American Depositary Shares,nasdaqtrader:N:TS,adr,eligible,N,Non-Energy Minerals,53.04,28576962854.83016,81655681.70933333,,-10.827168796234025,15.379595388296716,48.488241881299,17.888381453672885,2.3096386884570532,,,False,,,,2026-08-08T08:41:23Z,2026-08-08T08:41:23Z,full,"{""as_of"": ""2026-08-08T08:41:23Z"", ""listing_date"": null, ""reason_code"": ""twelve_month_return_available"", ""status"": ""full"", ""valid_trading_sessions"": null}","[""l1-snapshot.csv""]",[],68.9721,ranked,full,100.0,True,True,False
ULS,UL Solutions Inc. Class A Common Stock,nasdaqtrader:N:ULS,common_equity,eligible,N,Commercial Services,78.21,15790455943.0,72356084.911,,-22.410714285714292,11.426129078216263,18.39237057220707,27.273572624139863,3.9495315766340235,,,False,,,,2026-08-08T08:41:23Z,2026-08-08T08:41:23Z,full,"{""as_of"": ""2026-08-08T08:41:23Z"", ""listing_date"": null, ""reason_code"": ""twelve_month_return_available"", ""status"": ""full"", ""valid_trading_sessions"": null}","[""l1-snapshot.csv""]",[],68.9698,ranked,full,100.0,True,True,False
POWL,"Powell Industries, Inc. - Common Stock",nasdaqtrader:Q:POWL,common_equity,eligible,Q,Producer Manufacturing,211.56,7707673105.0,157195754.17104986,,-32.19230769230769,15.396479032842677,175.94810203505858,35.5,6.733647448402643,,,False,,,,2026-08-08T08:41:23Z,2026-08-08T08:41:23Z,full,"{""as_of"": ""2026-08-08T08:41:23Z"", ""listing_date"": null, ""reason_code"": ""twelve_month_return_available"", ""status"": ""full"", ""valid_trading_sessions"": null}","[""l1-snapshot.csv""]",[],68.9667,ranked,full,100.0,True,True,False
HBAN,Huntington Bancshares Incorporated - Common Stock,nasdaqtrader:Q:HBAN,common_equity,eligible,Q,Finance,17.55,35458280251.99999,406197990.90000004,,8.066502463054203,-8.783783783783774,8.066502463054203,9.791827293754807,2.1349905152015825,,,False,,,,2026-08-08T08:41:23Z,2026-08-08T08:41:23Z,full,"{""as_of"": ""2026-08-08T08:41:23Z"", ""listing_date"": null, ""reason_code"": ""twelve_month_return_available"", ""status"": ""full"", ""valid_trading_sessions"": null}","[""l1-snapshot.csv""]",[],68.948,ranked,full,100.0,True,True,False
GMED,"Globus Medical, Inc. Class A Common Stock",nasdaqtrader:N:GMED,common_equity,eligible,N,Health Technology,82.35,11121797084.0,135963632.60999998,,-3.740502630040915,-6.078923357664247,53.4090909090909,18.784979905816222,3.72512701201961,,,False,,,,2026-08-08T08:41:23Z,2026-08-08T08:41:23Z,full,"{""as_of"": ""2026-08-08T08:41:23Z"", ""listing_date"": null, ""reason_code"": ""twelve_month_return_available"", ""status"": ""full"", ""valid_trading_sessions"": null}","[""l1-snapshot.csv""]",[],68.9462,ranked,full,100.0,True,True,False
HTHT,H World Group Limited - American Depositary Shares,nasdaqtrader:Q:HTHT,adr,eligible,Q,Consumer Services,42.37,12798443281.87224,83443744.46022221,,-11.894364732792692,-16.840039254170765,33.448818897637786,25.1876048379977,2.6233891142524404,,,False,,,,2026-08-08T08:41:23Z,2026-08-08T08:41:23Z,full,"{""as_of"": ""2026-08-08T08:41:23Z"", ""listing_date"": null, ""reason_code"": ""twelve_month_return_available"", ""status"": ""full"", ""valid_trading_sessions"": null}","[""l1-snapshot.csv""]",[],68.9417,ranked,full,100.0,True,True,False
WCN,"Waste Connections, Inc. Common Shares",nasdaqtrader:N:WCN,common_equity,eligible,N,Industrial Services,166.71,42019176708.94308,269745411.87333333,,8.33766571354303,-1.355029585798812,-11.807649579431832,12.717277486910994,2.334245867836806,,,False,,,,2026-08-08T08:41:23Z,2026-08-08T08:41:23Z,full,"{""as_of"": ""2026-08-08T08:41:23Z"", ""listing_date"": null, ""reason_code"": ""twelve_month_return_available"", ""status"": ""full"", ""valid_trading_sessions"": null}","[""l1-snapshot.csv""]",[],68.9293,ranked,full,100.0,True,True,False
VSNT,"Versant Media Group, Inc. - Class A Common Stock",nasdaqtrader:Q:VSNT,common_equity,eligible,Q,Consumer Services,38.67,5457119394.0,76398668.65033333,,-4.518518518518515,31.084745762711872,-29.690909090909088,34.45762711864406,3.2681503852208436,,,False,,,,2026-08-08T08:41:23Z,2026-08-08T08:41:23Z,full,"{""as_of"": ""2026-08-08T08:41:23Z"", ""listing_date"": null, ""reason_code"": ""twelve_month_return_available"", ""status"": ""full"", ""valid_trading_sessions"": null}","[""l1-snapshot.csv""]",[],68.9277,ranked,full,100.0,True,True,False
FSM,Fortuna Mining Corp. Common Shares,nasdaqtrader:N:FSM,common_equity,eligible,N,Non-Energy Minerals,10.39,3074997139.1301656,57314857.336222224,,-2.4413145539906083,3.3830845771144262,52.56975036710722,24.981949458483744,3.796436085313295,,,False,,,,2026-08-08T08:41:23Z,2026-08-08T08:41:23Z,full,"{""as_of"": ""2026-08-08T08:41:23Z"", ""listing_date"": null, ""reason_code"": ""twelve_month_return_available"", ""status"": ""full"", ""valid_trading_sessions"": null}","[""l1-snapshot.csv""]",[],68.9143,ranked,full,100.0,True,True,False
ESI,Element Solutions Inc. Common Stock,nasdaqtrader:N:ESI,common_equity,eligible,N,Process Industries,37.88,9231011655.0,158496215.65600002,,-11.804423748544819,33.14586994727593,60.50847457627118,23.086294416243646,4.47373163402303,,,False,,,,2026-08-08T08:41:23Z,2026-08-08T08:41:23Z,full,"{""as_of"": ""2026-08-08T08:41:23Z"", ""listing_date"": null, ""reason_code"": ""twelve_month_return_available"", ""status"": ""full"", ""valid_trading_sessions"": null}","[""l1-snapshot.csv""]",[],68.9115,ranked,full,100.0,True,True,False
AGI,Alamos Gold Inc. Class A Common Shares,nasdaqtrader:N:AGI,common_equity,eligible,N,Non-Energy Minerals,33.15,13876737400.693907,136914930.33833334,,-22.781271837875614,-15.304036791006649,24.717832957110613,40.17325392528425,3.5747041129941612,,,False,,,,2026-08-08T08:41:23Z,2026-08-08T08:41:23Z,full,"{""as_of"": ""2026-08-08T08:41:23Z"", ""listing_date"": null, ""reason_code"": ""twelve_month_return_available"", ""status"": ""full"", ""valid_trading_sessions"": null}","[""l1-snapshot.csv""]",[],68.9051,ranked,full,100.0,True,True,False
PLD,"Prologis, Inc. Common Stock",nasdaqtrader:N:PLD,common_equity,eligible,N,Finance,140.16,133435843706.00002,575697916.736,,-1.9723038187158997,2.299102255309836,31.039640987284972,8.601238995761328,2.349067334063591,,,False,,,,2026-08-08T08:41:23Z,2026-08-08T08:41:23Z,full,"{""as_of"": ""2026-08-08T08:41:23Z"", ""listing_date"": null, ""reason_code"": ""twelve_month_return_available"", ""status"": ""full"", ""valid_trading_sessions"": null}","[""l1-snapshot.csv""]",[],68.9003,ranked,full,100.0,True,True,False
CLSK,"CleanSpark, Inc. - Common Stock",nasdaqtrader:Q:CLSK,common_equity,eligible,Q,Technology Services,12.3,3158850104.0,273857270.83,,-12.142857142857139,38.51351351351351,10.215053763440865,47.90343074968233,10.275090639707434,,,False,,,,2026-08-08T08:41:23Z,2026-08-08T08:41:23Z,full,"{""as_of"": ""2026-08-08T08:41:23Z"", ""listing_date"": null, ""reason_code"": ""twelve_month_return_available"", ""status"": ""full"", ""valid_trading_sessions"": null}","[""l1-snapshot.csv""]",[],68.8898,ranked,full,100.0,True,True,False
NXT,Nextpower Inc. - Class A Common Stock,nasdaqtrader:Q:NXT,common_equity,eligible,Q,Electronic Technology,103.26,15667590839.0,290817748.9346667,,-16.598013084565057,-12.79452748923232,85.1533082302313,36.70079078035921,6.929696282427991,,,False,,,,2026-08-08T08:41:23Z,2026-08-08T08:41:23Z,full,"{""as_of"": ""2026-08-08T08:41:23Z"", ""listing_date"": null, ""reason_code"": ""twelve_month_return_available"", ""status"": ""full"", ""valid_trading_sessions"": null}","[""l1-snapshot.csv""]",[],68.8866,ranked,full,100.0,True,True,False
HUT,Hut 8 Corp. - Common Stock,nasdaqtrader:Q:HUT,common_equity,eligible,Q,Technology Services,88.59,10919555826.0,418586761.7293336,,-16.242790961520274,80.83282302510716,318.66729678638944,37.080965909090914,10.971560671351295,,,False,,,,2026-08-08T08:41:23Z,2026-08-08T08:41:23Z,full,"{""as_of"": ""2026-08-08T08:41:23Z"", ""listing_date"": null, ""reason_code"": ""twelve_month_return_available"", ""status"": ""full"", ""valid_trading_sessions"": null}","[""l1-snapshot.csv""]",[],68.8613,ranked,full,100.0,True,True,False
ALGT,Allegiant Travel Company - Common Stock,nasdaqtrader:Q:ALGT,common_equity,eligible,Q,Transportation,95.61,2569583505.0,55336496.091,,16.342175711852022,-5.923447800846203,89.58953004164188,22.664401844212566,5.140769811884627,,,False,,,,2026-08-08T08:41:23Z,2026-08-08T08:41:23Z,full,"{""as_of"": ""2026-08-08T08:41:23Z"", ""listing_date"": null, ""reason_code"": ""twelve_month_return_available"", ""status"": ""full"", ""valid_trading_sessions"": null}","[""l1-snapshot.csv""]",[],68.8553,ranked,full,100.0,True,True,False
CTAS,Cintas Corporation - Common Stock,nasdaqtrader:Q:CTAS,common_equity,eligible,Q,Commercial Services,203.05,81254429499.0,457237808.5955556,,19.413079275464607,4.514103355981064,-10.138962648256326,10.420434993603022,2.7195847862199445,,,False,,,,2026-08-08T08:41:23Z,2026-08-08T08:41:23Z,full,"{""as_of"": ""2026-08-08T08:41:23Z"", ""listing_date"": null, ""reason_code"": ""twelve_month_return_available"", ""status"": ""full"", ""valid_trading_sessions"": null}","[""l1-snapshot.csv""]",[],68.8551,ranked,full,100.0,True,True,False
KVUE,Kenvue Inc. Common Stock,nasdaqtrader:N:KVUE,common_equity,eligible,N,Consumer Non-Durables,19.23,36936474671.0,388414601.6833334,,7.7914798206278055,6.714761376248617,-10.05612722170252,12.411751309496688,2.6475294495303543,,,False,,,,2026-08-08T08:41:23Z,2026-08-08T08:41:23Z,full,"{""as_of"": ""2026-08-08T08:41:23Z"", ""listing_date"": null, ""reason_code"": ""twelve_month_return_available"", ""status"": ""full"", ""valid_trading_sessions"": null}","[""l1-snapshot.csv""]",[],68.8529,ranked,full,100.0,True,True,False
EXLS,"ExlService Holdings, Inc. - Common Stock",nasdaqtrader:Q:EXLS,common_equity,eligible,Q,Technology Services,34.89,5289760139.000001,91126755.678,,11.398467432950191,10.586370839936608,-19.011142061281333,22.59567387687188,4.662674263000734,,,False,,,,2026-08-08T08:41:23Z,2026-08-08T08:41:23Z,full,"{""as_of"": ""2026-08-08T08:41:23Z"", ""listing_date"": null, ""reason_code"": ""twelve_month_return_available"", ""status"": ""full"", ""valid_trading_sessions"": null}","[""l1-snapshot.csv""]",[],68.8461,ranked,full,100.0,True,True,False
LPLA,LPL Financial Holdings Inc. - Common Stock,nasdaqtrader:Q:LPLA,common_equity,eligible,Q,Finance,362.63,28554315804.000004,336800884.4932222,,16.246193300208372,-1.6089646190579572,-4.623760553378392,9.378748500599766,2.9386104777492292,,,False,,,,2026-08-08T08:41:23Z,2026-08-08T08:41:23Z,full,"{""as_of"": ""2026-08-08T08:41:23Z"", ""listing_date"": null, ""reason_code"": ""twelve_month_return_available"", ""status"": ""full"", ""valid_trading_sessions"": null}","[""l1-snapshot.csv""]",[],68.8447,ranked,full,100.0,True,True,False
DOCN,"DigitalOcean Holdings, Inc. Common Stock",nasdaqtrader:N:DOCN,common_equity,eligible,N,Technology Services,124.15,14597500575.0,497499967.48833334,,-17.917355371900822,108.34032555797953,232.84182305630029,33.78666666666666,9.631049343176521,,,False,,,,2026-08-08T08:41:23Z,2026-08-08T08:41:23Z,full,"{""as_of"": ""2026-08-08T08:41:23Z"", ""listing_date"": null, ""reason_code"": ""twelve_month_return_available"", ""status"": ""full"", ""valid_trading_sessions"": null}","[""l1-snapshot.csv""]",[],68.8382,ranked,full,100.0,True,True,False
LHX,"L3Harris Technologies, Inc. Common Stock",nasdaqtrader:N:LHX,common_equity,eligible,N,Electronic Technology,286.67,53382146145.0,407527692.639,,-4.710144927536219,-17.36235226289996,4.5020414114902385,24.407351739050178,2.9122269096654043,,,False,,,,2026-08-08T08:41:23Z,2026-08-08T08:41:23Z,full,"{""as_of"": ""2026-08-08T08:41:23Z"", ""listing_date"": null, ""reason_code"": ""twelve_month_return_available"", ""status"": ""full"", ""valid_trading_sessions"": null}","[""l1-snapshot.csv""]",[],68.8376,ranked,full,100.0,True,True,False
ICLR,ICON plc - Ordinary Shares,nasdaqtrader:Q:ICLR,common_equity,eligible,Q,Commercial Services,164.51,12692639149.0,178203315.2142222,,31.63959350244058,13.275494043930319,4.910401122377392,19.322250012260312,4.492401340590193,,,False,,,,2026-08-08T08:41:23Z,2026-08-08T08:41:23Z,full,"{""as_of"": ""2026-08-08T08:41:23Z"", ""listing_date"": null, ""reason_code"": ""twelve_month_return_available"", ""status"": ""full"", ""valid_trading_sessions"": null}","[""l1-snapshot.csv""]",[],68.8306,ranked,full,100.0,True,True,False
VCYT,"Veracyte, Inc. - Common Stock",nasdaqtrader:Q:VCYT,common_equity,eligible,Q,Health Technology,47.22,3796050454.0000005,55718586.868666664,,15.848871442590779,32.380151387720765,81.61538461538461,22.475783943523233,5.699461078424256,,,False,,,,2026-08-08T08:41:23Z,2026-08-08T08:41:23Z,full,"{""as_of"": ""2026-08-08T08:41:23Z"", ""listing_date"": null, ""reason_code"": ""twelve_month_return_available"", ""status"": ""full"", ""valid_trading_sessions"": null}","[""l1-snapshot.csv""]",[],68.8301,ranked,full,100.0,True,True,False
VERA,"Vera Therapeutics, Inc. - Class A Common Stock",nasdaqtrader:Q:VERA,common_equity,eligible,Q,Health Technology,32.89,2360939721.0,53942868.535111114,,-8.205414457158799,-21.503579952267298,71.21290994273815,41.32024977698483,5.77073473780613,,,False,,,,2026-08-08T08:41:23Z,2026-08-08T08:41:23Z,full,"{""as_of"": ""2026-08-08T08:41:23Z"", ""listing_date"": null, ""reason_code"": ""twelve_month_return_available"", ""status"": ""full"", ""valid_trading_sessions"": null}","[""l1-snapshot.csv""]",[],68.8287,ranked,full,100.0,True,True,False
ALC,Alcon Inc. Ordinary Shares,nasdaqtrader:N:ALC,common_equity,eligible,N,Health Technology,71.81,35883457971.826996,147759959.00233334,,11.471592673082894,-7.2701446280991675,-15.467922307239553,20.572945470633776,1.9337351738640711,,,False,,,,2026-08-08T08:41:23Z,2026-08-08T08:41:23Z,full,"{""as_of"": ""2026-08-08T08:41:23Z"", ""listing_date"": null, ""reason_code"": ""twelve_month_return_available"", ""status"": ""full"", ""valid_trading_sessions"": null}","[""l1-snapshot.csv""]",[],68.8264,ranked,full,100.0,True,True,False
ADSK,"Autodesk, Inc. - Common Stock",nasdaqtrader:Q:ADSK,common_equity,eligible,Q,Technology Services,249.08,52555880386.0,604135112.7933333,,0.5774278215223124,3.9349050698935977,-18.534750613246114,24.312498100823476,4.0689065691196955,,,False,,,,2026-08-08T08:41:23Z,2026-08-08T08:41:23Z,full,"{""as_of"": ""2026-08-08T08:41:23Z"", ""listing_date"": null, ""reason_code"": ""twelve_month_return_available"", ""status"": ""full"", ""valid_trading_sessions"": null}","[""l1-snapshot.csv""]",[],68.825,ranked,full,100.0,True,True,False
FIX,"Comfort Systems USA, Inc. Common Stock",nasdaqtrader:N:FIX,common_equity,eligible,N,Industrial Services,1694.55,59638550753.0,792141121.1999999,,-14.416666666666668,44.21702127659574,142.8522292445935,18.29510320766998,5.953861605134953,,,False,,,,2026-08-08T08:41:23Z,2026-08-08T08:41:23Z,full,"{""as_of"": ""2026-08-08T08:41:23Z"", ""listing_date"": null, ""reason_code"": ""twelve_month_return_available"", ""status"": ""full"", ""valid_trading_sessions"": null}","[""l1-snapshot.csv""]",[],68.8238,ranked,full,100.0,True,True,False
HUM,Humana Inc. Common Stock,nasdaqtrader:N:HUM,common_equity,eligible,N,Health Services,385.0,46230918198.0,632609109.611111,,54.0,103.4561116102098,49.497145963577076,10.231676886265628,4.497800107346608,,,False,,,,2026-08-08T08:41:23Z,2026-08-08T08:41:23Z,full,"{""as_of"": ""2026-08-08T08:41:23Z"", ""listing_date"": null, ""reason_code"": ""twelve_month_return_available"", ""status"": ""full"", ""valid_trading_sessions"": null}","[""l1-snapshot.csv""]",[],68.8079,ranked,full,100.0,True,True,False
PAYX,"Paychex, Inc. - Common Stock",nasdaqtrader:Q:PAYX,common_equity,eligible,Q,Technology Services,120.04,42696170999.0,408005185.74311113,,28.124666453196724,21.892770105605198,-14.28775437343806,15.217007451354315,3.1380464017201812,,,False,,,,2026-08-08T08:41:23Z,2026-08-08T08:41:23Z,full,"{""as_of"": ""2026-08-08T08:41:23Z"", ""listing_date"": null, ""reason_code"": ""twelve_month_return_available"", ""status"": ""full"", ""valid_trading_sessions"": null}","[""l1-snapshot.csv""]",[],68.8043,ranked,full,100.0,True,True,False
AZN,AstraZeneca PLC Ordinary Shares,nasdaqtrader:N:AZN,common_equity,eligible,N,Health Technology,161.42,250343994281.51178,403702850.39155555,,-11.652345246565606,-15.247296020161723,12.705755031506914,24.112641624747322,2.319241581711176,,,False,,,,2026-08-08T08:41:23Z,2026-08-08T08:41:23Z,full,"{""as_of"": ""2026-08-08T08:41:23Z"", ""listing_date"": null, ""reason_code"": ""twelve_month_return_available"", ""status"": ""full"", ""valid_trading_sessions"": null}","[""l1-snapshot.csv""]",[],68.7984,ranked,full,100.0,True,True,False
SIMO,"Silicon Motion Technology Corporation - American Depositary Shares, each representing four ordinary shares",nasdaqtrader:Q:SIMO,adr,eligible,Q,Electronic Technology,256.12,8595696941.0,253994443.04533336,,1.9679349621979767,99.89073597127917,232.7097947518836,27.853521126760562,9.978155080267207,,,False,,,,2026-08-08T08:41:23Z,2026-08-08T08:41:23Z,full,"{""as_of"": ""2026-08-08T08:41:23Z"", ""listing_date"": null, ""reason_code"": ""twelve_month_return_available"", ""status"": ""full"", ""valid_trading_sessions"": null}","[""l1-snapshot.csv""]",[],68.7971,ranked,full,100.0,True,True,False
FRPT,"Freshpet, Inc. - Common Stock",nasdaqtrader:Q:FRPT,common_equity,eligible,Q,Consumer Non-Durables,66.91,3215565971.0,102489666.08755556,,19.931887435024194,-0.059746079163564225,4.269908056724318,22.197674418604652,5.349942738268261,,,False,,,,2026-08-08T08:41:23Z,2026-08-08T08:41:23Z,full,"{""as_of"": ""2026-08-08T08:41:23Z"", ""listing_date"": null, ""reason_code"": ""twelve_month_return_available"", ""status"": ""full"", ""valid_trading_sessions"": null}","[""l1-snapshot.csv""]",[],68.793,ranked,full,100.0,True,True,False
AXTI,AXT Inc - Common Stock,nasdaqtrader:Q:AXTI,common_equity,eligible,Q,Electronic Technology,88.58,5795186047.0,1002909833.605111,,-23.214285714285715,313.73190098085007,4118.095238095238,38.12517462978485,16.18266129818551,,,False,,,,2026-08-08T08:41:23Z,2026-08-08T08:41:23Z,full,"{""as_of"": ""2026-08-08T08:41:23Z"", ""listing_date"": null, ""reason_code"": ""twelve_month_return_available"", ""status"": ""full"", ""valid_trading_sessions"": null}","[""l1-snapshot.csv""]",[],68.7917,ranked,full,100.0,True,True,False
TARS,"Tarsus Pharmaceuticals, Inc. - Common Stock",nasdaqtrader:Q:TARS,common_equity,eligible,Q,Health Technology,64.79,2843179325.0000005,55361775.75744445,,1.2976860537836232,3.5811350919264737,44.07382699577498,23.99999999999999,6.23789778458329,,,False,,,,2026-08-08T08:41:23Z,2026-08-08T08:41:23Z,full,"{""as_of"": ""2026-08-08T08:41:23Z"", ""listing_date"": null, ""reason_code"": ""twelve_month_return_available"", ""status"": ""full"", ""valid_trading_sessions"": null}","[""l1-snapshot.csv""]",[],68.7833,ranked,full,100.0,True,True,False
PTON,"Peloton Interactive, Inc. - Common Stock",nasdaqtrader:Q:PTON,common_equity,eligible,Q,Consumer Services,5.68,2492791683.9999995,69854783.50577778,,0.9777777777777727,27.92792792792791,-23.45013477088949,38.26086956521739,4.3423412892607605,,,False,,,,2026-08-08T08:41:23Z,2026-08-08T08:41:23Z,full,"{""as_of"": ""2026-08-08T08:41:23Z"", ""listing_date"": null, ""reason_code"": ""twelve_month_return_available"", ""status"": ""full"", ""valid_trading_sessions"": null}","[""l1-snapshot.csv""]",[],68.7826,ranked,full,100.0,True,True,False
STLD,"Steel Dynamics, Inc. - Common Stock",nasdaqtrader:Q:STLD,common_equity,eligible,Q,Non-Energy Minerals,262.45,37616460147.0,313813092.19,,11.895118311660616,34.07407407407407,111.03204277730872,9.105077232111947,3.636084397649624,,,False,,,,2026-08-08T08:41:23Z,2026-08-08T08:41:23Z,full,"{""as_of"": ""2026-08-08T08:41:23Z"", ""listing_date"": null, ""reason_code"": ""twelve_month_return_available"", ""status"": ""full"", ""valid_trading_sessions"": null}","[""l1-snapshot.csv""]",[],68.7763,ranked,full,100.0,True,True,False
BTU,Peabody Energy Corporation Common Stock,nasdaqtrader:N:BTU,common_equity,eligible,N,Energy Minerals,23.81,2902438971.0,75956561.42888889,,-0.20955574182732906,-31.38328530259367,41.47355912061795,42.12431240717649,4.5558818175189595,,,False,,,,2026-08-08T08:41:23Z,2026-08-08T08:41:23Z,full,"{""as_of"": ""2026-08-08T08:41:23Z"", ""listing_date"": null, ""reason_code"": ""twelve_month_return_available"", ""status"": ""full"", ""valid_trading_sessions"": null}","[""l1-snapshot.csv""]",[],68.775,ranked,full,100.0,True,True,False
ARCB,ArcBest Corporation - Common Stock,nasdaqtrader:Q:ARCB,common_equity,eligible,Q,Transportation,137.76,3079122224.0,52537774.576,,13.233601841196775,27.484730705163788,83.70449393252434,22.03104156137141,4.935662763003023,,,False,,,,2026-08-08T08:41:23Z,2026-08-08T08:41:23Z,full,"{""as_of"": ""2026-08-08T08:41:23Z"", ""listing_date"": null, ""reason_code"": ""twelve_month_return_available"", ""status"": ""full"", ""valid_trading_sessions"": null}","[""l1-snapshot.csv""]",[],68.7708,ranked,full,100.0,True,True,False
NXPI,NXP Semiconductors N.V. - Common Stock,nasdaqtrader:Q:NXPI,common_equity,eligible,Q,Electronic Technology,239.71,60446274719.0,987825962.2562222,,-18.852403520649958,6.646794501045512,14.82563709522898,29.48668921900279,4.4199141613437725,,,False,,,,2026-08-08T08:41:23Z,2026-08-08T08:41:23Z,full,"{""as_of"": ""2026-08-08T08:41:23Z"", ""listing_date"": null, ""reason_code"": ""twelve_month_return_available"", ""status"": ""full"", ""valid_trading_sessions"": null}","[""l1-snapshot.csv""]",[],68.7649,ranked,full,100.0,True,True,False
RIG,Transocean Ltd (Switzerland) Common Stock,nasdaqtrader:N:RIG,common_equity,eligible,N,Industrial Services,5.26,5873432345.0,188430984.586,,-15.97444089456869,5.622489959839344,69.6774193548387,31.33159268929504,4.298112206894143,,,False,,,,2026-08-08T08:41:23Z,2026-08-08T08:41:23Z,full,"{""as_of"": ""2026-08-08T08:41:23Z"", ""listing_date"": null, ""reason_code"": ""twelve_month_return_available"", ""status"": ""full"", ""valid_trading_sessions"": null}","[""l1-snapshot.csv""]",[],68.7609,ranked,full,100.0,True,True,False
CALM,"Cal-Maine Foods, Inc. - Common Stock",nasdaqtrader:Q:CALM,common_equity,eligible,Q,Process Industries,85.08,3991705246.0,74097722.34666666,,12.883109990712475,0.8056872037914604,-18.341491505902678,27.560664112388256,4.161894402701078,,,False,,,,2026-08-08T08:41:23Z,2026-08-08T08:41:23Z,full,"{""as_of"": ""2026-08-08T08:41:23Z"", ""listing_date"": null, ""reason_code"": ""twelve_month_return_available"", ""status"": ""full"", ""valid_trading_sessions"": null}","[""l1-snapshot.csv""]",[],68.7581,ranked,full,100.0,True,True,False
LOW,"Lowe's Companies, Inc. Common Stock",nasdaqtrader:N:LOW,common_equity,eligible,N,Retail Trade,223.35,125233932484.00002,648558458.9399999,,-4.125171703296709,-19.245787837153806,-6.937500000000002,23.786937828431043,2.6487270669136533,,,False,,,,2026-08-08T08:41:23Z,2026-08-08T08:41:23Z,full,"{""as_of"": ""2026-08-08T08:41:23Z"", ""listing_date"": null, ""reason_code"": ""twelve_month_return_available"", ""status"": ""full"", ""valid_trading_sessions"": null}","[""l1-snapshot.csv""]",[],68.7549,ranked,full,100.0,True,True,False
VRDN,"Viridian Therapeutics, Inc.  - Common Stock",nasdaqtrader:Q:VRDN,common_equity,eligible,Q,Health Technology,23.59,2672564592.0000005,61597051.04155555,,38.76470588235294,-21.73191771731918,36.991869918699194,31.204432779235923,4.906525970892426,,,False,,,,2026-08-08T08:41:23Z,2026-08-08T08:41:23Z,full,"{""as_of"": ""2026-08-08T08:41:23Z"", ""listing_date"": null, ""reason_code"": ""twelve_month_return_available"", ""status"": ""full"", ""valid_trading_sessions"": null}","[""l1-snapshot.csv""]",[],68.7439,ranked,full,100.0,True,True,False
CRH,CRH PLC Ordinary Shares,nasdaqtrader:N:CRH,common_equity,eligible,N,Non-Energy Minerals,100.48,66847787272.0,471505348.52977777,,-11.665934065934062,-18.895794656550162,-5.32365966267784,23.618396047130375,3.2362489555481044,,,False,,,,2026-08-08T08:41:23Z,2026-08-08T08:41:23Z,full,"{""as_of"": ""2026-08-08T08:41:23Z"", ""listing_date"": null, ""reason_code"": ""twelve_month_return_available"", ""status"": ""full"", ""valid_trading_sessions"": null}","[""l1-snapshot.csv""]",[],68.7325,ranked,full,100.0,True,True,False
ZM,"Zoom Communications, Inc. - Class A Common Stock",nasdaqtrader:Q:ZM,common_equity,eligible,Q,Technology Services,104.5,30642768495.0,444815055.3,,-3.464203233256351,16.292009793011353,42.02228866539821,8.924525013073026,3.6913944719990206,,,False,,,,2026-08-08T08:41:23Z,2026-08-08T08:41:23Z,full,"{""as_of"": ""2026-08-08T08:41:23Z"", ""listing_date"": null, ""reason_code"": ""twelve_month_return_available"", ""status"": ""full"", ""valid_trading_sessions"": null}","[""l1-snapshot.csv""]",[],68.7311,ranked,full,100.0,True,True,False
A,"Agilent Technologies, Inc. Common Stock",nasdaqtrader:N:A,common_equity,eligible,N,Health Technology,145.97,41226591473.0,323613462.6388889,,23.588180509694354,12.008901166359735,27.48471615720524,8.92244337680166,2.964031701000234,,,False,,,,2026-08-08T08:41:23Z,2026-08-08T08:41:23Z,full,"{""as_of"": ""2026-08-08T08:41:23Z"", ""listing_date"": null, ""reason_code"": ""twelve_month_return_available"", ""status"": ""full"", ""valid_trading_sessions"": null}","[""l1-snapshot.csv""]",[],68.7306,ranked,full,100.0,True,True,False
OPCH,"Option Care Health, Inc. - Common Stock",nasdaqtrader:Q:OPCH,common_equity,eligible,Q,Health Services,23.79,3563391182.0,72795064.87933333,,13.124108416547777,-30.519859813084118,-15.638297872340425,35.35326086956522,3.5820965447518684,,,False,,,,2026-08-08T08:41:23Z,2026-08-08T08:41:23Z,full,"{""as_of"": ""2026-08-08T08:41:23Z"", ""listing_date"": null, ""reason_code"": ""twelve_month_return_available"", ""status"": ""full"", ""valid_trading_sessions"": null}","[""l1-snapshot.csv""]",[],68.7264,ranked,full,100.0,True,True,False
KSS,Kohl's Corporation Common Stock,nasdaqtrader:N:KSS,common_equity,eligible,N,Retail Trade,19.3,2188619796.0,89089817.75333335,,32.73727647867952,8.002238388360379,62.8691983122363,23.473433782712128,5.516034143863693,,,False,,,,2026-08-08T08:41:23Z,2026-08-08T08:41:23Z,full,"{""as_of"": ""2026-08-08T08:41:23Z"", ""listing_date"": null, ""reason_code"": ""twelve_month_return_available"", ""status"": ""full"", ""valid_trading_sessions"": null}","[""l1-snapshot.csv""]",[],68.7131,ranked,full,100.0,True,True,False
PCG,Pacific Gas & Electric Co. Common Stock,nasdaqtrader:N:PCG,common_equity,eligible,N,Utilities,17.46,38453324814.99999,361242097.20400006,,7.512315270935976,6.204379562043792,15.171503957783644,8.848864526233358,2.774704316157377,,,False,,,,2026-08-08T08:41:23Z,2026-08-08T08:41:23Z,full,"{""as_of"": ""2026-08-08T08:41:23Z"", ""listing_date"": null, ""reason_code"": ""twelve_month_return_available"", ""status"": ""full"", ""valid_trading_sessions"": null}","[""l1-snapshot.csv""]",[],68.7122,ranked,full,100.0,True,True,False
VNT,Vontier Corporation Common Stock,nasdaqtrader:N:VNT,common_equity,eligible,N,Transportation,35.09,4744167914.0,59459620.56955556,,13.633419689119187,-12.121212121212112,-14.058290472691638,27.19917012448132,3.3180207071338415,,,False,,,,2026-08-08T08:41:23Z,2026-08-08T08:41:23Z,full,"{""as_of"": ""2026-08-08T08:41:23Z"", ""listing_date"": null, ""reason_code"": ""twelve_month_return_available"", ""status"": ""full"", ""valid_trading_sessions"": null}","[""l1-snapshot.csv""]",[],68.7099,ranked,full,100.0,True,True,False
KBR,"KBR, Inc. Common Stock",nasdaqtrader:N:KBR,common_equity,eligible,N,Technology Services,38.04,4795617578.0,68521338.72533333,,15.27272727272727,-10.2618542108988,-23.96562062762343,27.168294083859845,3.7228943521827156,,,False,,,,2026-08-08T08:41:23Z,2026-08-08T08:41:23Z,full,"{""as_of"": ""2026-08-08T08:41:23Z"", ""listing_date"": null, ""reason_code"": ""twelve_month_return_available"", ""status"": ""full"", ""valid_trading_sessions"": null}","[""l1-snapshot.csv""]",[],68.7058,ranked,full,100.0,True,True,False
SEI,"Solaris Energy Infrastructure, Inc. Class A Common Stock",nasdaqtrader:N:SEI,common_equity,eligible,N,Industrial Services,57.96,4262493727.0,159241362.22399998,,-21.495327102803735,19.063270336894004,82.55118110236221,32.75321963104768,8.94081353732383,,,False,,,,2026-08-08T08:41:23Z,2026-08-08T08:41:23Z,full,"{""as_of"": ""2026-08-08T08:41:23Z"", ""listing_date"": null, ""reason_code"": ""twelve_month_return_available"", ""status"": ""full"", ""valid_trading_sessions"": null}","[""l1-snapshot.csv""]",[],68.7004,ranked,full,100.0,True,True,False
MKC,"McCormick & Company, Incorporated Common Stock",nasdaqtrader:N:MKC,common_equity,eligible,N,Consumer Non-Durables,52.96,14236455012.000002,229793242.87111112,,10.058187863674156,-20.682941440766808,-24.017216642754665,27.032240286580322,3.1840528589542414,,,False,,,,2026-08-08T08:41:23Z,2026-08-08T08:41:23Z,full,"{""as_of"": ""2026-08-08T08:41:23Z"", ""listing_date"": null, ""reason_code"": ""twelve_month_return_available"", ""status"": ""full"", ""valid_trading_sessions"": null}","[""l1-snapshot.csv""]",[],68.6876,ranked,full,100.0,True,True,False
CRUS,"Cirrus Logic, Inc. - Common Stock",nasdaqtrader:Q:CRUS,common_equity,eligible,Q,Electronic Technology,124.92,6260685671.0,81890269.16399999,,-28.727106749586355,-10.77780158560102,24.98249124562281,30.761556368473553,3.896646514049222,,,False,,,,2026-08-08T08:41:23Z,2026-08-08T08:41:23Z,full,"{""as_of"": ""2026-08-08T08:41:23Z"", ""listing_date"": null, ""reason_code"": ""twelve_month_return_available"", ""status"": ""full"", ""valid_trading_sessions"": null}","[""l1-snapshot.csv""]",[],68.6849,ranked,full,100.0,True,True,False
TNGX,"Tango Therapeutics, Inc. - Common Stock",nasdaqtrader:Q:TNGX,common_equity,eligible,Q,Health Technology,27.07,4407392566.000001,98817262.21577777,,14.171235765499786,117.08099438652766,308.9123867069486,21.285257342250652,6.901933441681784,,,False,,,,2026-08-08T08:41:23Z,2026-08-08T08:41:23Z,full,"{""as_of"": ""2026-08-08T08:41:23Z"", ""listing_date"": null, ""reason_code"": ""twelve_month_return_available"", ""status"": ""full"", ""valid_trading_sessions"": null}","[""l1-snapshot.csv""]",[],68.6714,ranked,full,100.0,True,True,False
FTI,TechnipFMC plc Ordinary Share,nasdaqtrader:N:FTI,common_equity,eligible,N,Industrial Services,69.62,27302484355.000004,306267541.2184426,,-2.819653824678945,22.570422535211282,93.92757660167132,10.651950718685832,3.4083074365073682,,,False,,,,2026-08-08T08:41:23Z,2026-08-08T08:41:23Z,full,"{""as_of"": ""2026-08-08T08:41:23Z"", ""listing_date"": null, ""reason_code"": ""twelve_month_return_available"", ""status"": ""full"", ""valid_trading_sessions"": null}","[""l1-snapshot.csv""]",[],68.663,ranked,full,100.0,True,True,False
MUR,Murphy Oil Corporation Common Stock,nasdaqtrader:N:MUR,common_equity,eligible,N,Energy Minerals,33.37,4784627780.0,61961218.74622222,,-12.689691261119837,7.78423772609818,35.320356853203556,23.004153207198907,3.788339155503337,,,False,,,,2026-08-08T08:41:23Z,2026-08-08T08:41:23Z,full,"{""as_of"": ""2026-08-08T08:41:23Z"", ""listing_date"": null, ""reason_code"": ""twelve_month_return_available"", ""status"": ""full"", ""valid_trading_sessions"": null}","[""l1-snapshot.csv""]",[],68.6506,ranked,full,100.0,True,True,False
SITM,SiTime Corporation - Common Stock,nasdaqtrader:Q:SITM,common_equity,eligible,Q,Electronic Technology,725.28,21809921425.0,391473304.93333334,,-9.678704856787052,70.71035164524784,235.7933237649891,19.575076790011202,7.130054727557334,,,False,,,,2026-08-08T08:41:23Z,2026-08-08T08:41:23Z,full,"{""as_of"": ""2026-08-08T08:41:23Z"", ""listing_date"": null, ""reason_code"": ""twelve_month_return_available"", ""status"": ""full"", ""valid_trading_sessions"": null}","[""l1-snapshot.csv""]",[],68.6438,ranked,full,100.0,True,True,False
EXE,Expand Energy Corporation - Common Stock,nasdaqtrader:Q:EXE,common_equity,eligible,Q,Energy Minerals,92.84,21492810475.0,327651743.96044445,,-4.9549549549549585,-15.569297926518727,-8.666994589276932,26.67853941502364,2.9413572326496955,,,False,,,,2026-08-08T08:41:23Z,2026-08-08T08:41:23Z,full,"{""as_of"": ""2026-08-08T08:41:23Z"", ""listing_date"": null, ""reason_code"": ""twelve_month_return_available"", ""status"": ""full"", ""valid_trading_sessions"": null}","[""l1-snapshot.csv""]",[],68.6405,ranked,full,100.0,True,True,False
COST,Costco Wholesale Corporation - Common Stock,nasdaqtrader:Q:COST,common_equity,eligible,Q,Retail Trade,947.82,420338099180.0,2111480392.7973335,,-6.317828691165711,-4.081364165359503,-2.7557762547707862,13.559507523939807,1.9322680122379672,,,False,,,,2026-08-08T08:41:23Z,2026-08-08T08:41:23Z,full,"{""as_of"": ""2026-08-08T08:41:23Z"", ""listing_date"": null, ""reason_code"": ""twelve_month_return_available"", ""status"": ""full"", ""valid_trading_sessions"": null}","[""l1-snapshot.csv""]",[],68.6399,ranked,full,100.0,True,True,False
TSLA,"Tesla, Inc.  - Common Stock",nasdaqtrader:Q:TSLA,common_equity,eligible,Q,Consumer Durables,328.58,1297742299813.0,16961310669.495079,,-21.104508073713916,-18.03327762117395,2.748678820475926,34.12986388148267,3.887534120381115,,,False,,,,2026-08-08T08:41:23Z,2026-08-08T08:41:23Z,full,"{""as_of"": ""2026-08-08T08:41:23Z"", ""listing_date"": null, ""reason_code"": ""twelve_month_return_available"", ""status"": ""full"", ""valid_trading_sessions"": null}","[""l1-snapshot.csv""]",[],68.634,ranked,full,100.0,True,True,False
SHLS,"Shoals Technologies Group, Inc. - Class A Common Stock",nasdaqtrader:Q:SHLS,common_equity,eligible,Q,Electronic Technology,8.93,1502918670.0,52073115.58388888,,11.485642946317103,-10.967098703888333,78.2435129740519,32.24531293864141,8.406850880191136,,,False,,,,2026-08-08T08:41:23Z,2026-08-08T08:41:23Z,full,"{""as_of"": ""2026-08-08T08:41:23Z"", ""listing_date"": null, ""reason_code"": ""twelve_month_return_available"", ""status"": ""full"", ""valid_trading_sessions"": null}","[""l1-snapshot.csv""]",[],68.6327,ranked,full,100.0,True,True,False
ADP,"Automatic Data Processing, Inc. - Common Stock",nasdaqtrader:Q:ADP,common_equity,eligible,Q,Technology Services,271.32,107785333962.0,763953110.284,,27.56594104095162,15.85959518319241,-10.655953635405695,12.5,3.0865271913747936,,,False,,,,2026-08-08T08:41:23Z,2026-08-08T08:41:23Z,full,"{""as_of"": ""2026-08-08T08:41:23Z"", ""listing_date"": null, ""reason_code"": ""twelve_month_return_available"", ""status"": ""full"", ""valid_trading_sessions"": null}","[""l1-snapshot.csv""]",[],68.625,ranked,full,100.0,True,True,False
AWK,"American Water Works Company, Inc. Common Stock",nasdaqtrader:N:AWK,common_equity,eligible,N,Utilities,135.31,26890018969.0,288216468.63255554,,7.006722024515619,6.998260319468614,-4.13744243712363,8.4908531430697,2.6210135562639816,,,False,,,,2026-08-08T08:41:23Z,2026-08-08T08:41:23Z,full,"{""as_of"": ""2026-08-08T08:41:23Z"", ""listing_date"": null, ""reason_code"": ""twelve_month_return_available"", ""status"": ""full"", ""valid_trading_sessions"": null}","[""l1-snapshot.csv""]",[],68.6227,ranked,full,100.0,True,True,False
HLNE,Hamilton Lane Incorporated - Class A Common Stock,nasdaqtrader:Q:HLNE,common_equity,eligible,Q,Finance,101.03,5575402805.0,92735674.98177777,,13.657329283383957,-24.728058411563104,-36.12568755136877,37.29907528082914,4.252298310045795,,,False,,,,2026-08-08T08:41:23Z,2026-08-08T08:41:23Z,full,"{""as_of"": ""2026-08-08T08:41:23Z"", ""listing_date"": null, ""reason_code"": ""twelve_month_return_available"", ""status"": ""full"", ""valid_trading_sessions"": null}","[""l1-snapshot.csv""]",[],68.5967,ranked,full,100.0,True,True,False
MIAX,"Miami International Holdings, Inc. Common Stock",nasdaqtrader:N:MIAX,common_equity,eligible,N,Finance,44.23,4280961629.9999995,74926700.68633333,,-11.451451451451462,4.835269021095044,39.747235387045805,22.593629681484085,4.459592563187776,,,False,,,,2026-08-08T08:41:23Z,2026-08-08T08:41:23Z,full,"{""as_of"": ""2026-08-08T08:41:23Z"", ""listing_date"": null, ""reason_code"": ""twelve_month_return_available"", ""status"": ""full"", ""valid_trading_sessions"": null}","[""l1-snapshot.csv""]",[],68.5958,ranked,full,100.0,True,True,False
VKTX,"Viking Therapeutics, Inc. - Common Stock",nasdaqtrader:Q:VKTX,common_equity,eligible,Q,Health Technology,34.26,3996529489.0,79095463.97266667,,8.314890926335753,24.536532170119944,-0.14573010784029222,20.60254924681344,5.1770466739775305,,,False,,,,2026-08-08T08:41:23Z,2026-08-08T08:41:23Z,full,"{""as_of"": ""2026-08-08T08:41:23Z"", ""listing_date"": null, ""reason_code"": ""twelve_month_return_available"", ""status"": ""full"", ""valid_trading_sessions"": null}","[""l1-snapshot.csv""]",[],68.5803,ranked,full,100.0,True,True,False
SW,Smurfit WestRock plc Ordinary Shares,nasdaqtrader:N:SW,common_equity,eligible,N,Process Industries,48.28,25245088014.0,259778739.016889,,15.226730310262536,9.827115559599635,10.810190498049119,8.300094966761629,4.099946774716006,,,False,,,,2026-08-08T08:41:23Z,2026-08-08T08:41:23Z,full,"{""as_of"": ""2026-08-08T08:41:23Z"", ""listing_date"": null, ""reason_code"": ""twelve_month_return_available"", ""status"": ""full"", ""valid_trading_sessions"": null}","[""l1-snapshot.csv""]",[],68.575,ranked,full,100.0,True,True,False
WST,"West Pharmaceutical Services, Inc. Common Stock",nasdaqtrader:N:WST,common_equity,eligible,N,Health Technology,354.07,24917946898.999996,295225222.2607778,,9.449768160741883,50.43123592641372,44.512468878821274,8.272020725388607,3.0278061004915586,,,False,,,,2026-08-08T08:41:23Z,2026-08-08T08:41:23Z,full,"{""as_of"": ""2026-08-08T08:41:23Z"", ""listing_date"": null, ""reason_code"": ""twelve_month_return_available"", ""status"": ""full"", ""valid_trading_sessions"": null}","[""l1-snapshot.csv""]",[],68.568,ranked,full,100.0,True,True,False
GGAL,"Grupo Financiero Galicia S.A. - American Depositary Shares, Class B Shares underlying",nasdaqtrader:Q:GGAL,adr,eligible,Q,Finance,46.18,7825330978.59726,51300786.80244444,,5.771873568483746,-6.58440376251644,-13.71449925261585,26.129728865072387,4.535437831927439,,,False,,,,2026-08-08T08:41:23Z,2026-08-08T08:41:23Z,full,"{""as_of"": ""2026-08-08T08:41:23Z"", ""listing_date"": null, ""reason_code"": ""twelve_month_return_available"", ""status"": ""full"", ""valid_trading_sessions"": null}","[""l1-snapshot.csv""]",[],68.5673,ranked,full,100.0,True,True,False
TPL,Texas Pacific Land Corporation Common Stock,nasdaqtrader:N:TPL,common_equity,eligible,N,Miscellaneous,340.65,23496223653.0,143678986.06999996,,-13.885939632944034,-2.799178222907037,6.638738425283771,37.746710526315795,4.717157379579619,,,False,,,,2026-08-08T08:41:23Z,2026-08-08T08:41:23Z,full,"{""as_of"": ""2026-08-08T08:41:23Z"", ""listing_date"": null, ""reason_code"": ""twelve_month_return_available"", ""status"": ""full"", ""valid_trading_sessions"": null}","[""l1-snapshot.csv""]",[],68.5669,ranked,full,100.0,True,True,False
CCC,CCC Intelligent Solutions Holdings Inc. - Common Stock,nasdaqtrader:Q:CCC,common_equity,eligible,Q,Technology Services,6.92,4075843299.0000005,75095167.376,,34.630350194552534,19.104991394148026,-29.170931422722617,31.721756290083867,5.685161465048176,,,False,,,,2026-08-08T08:41:23Z,2026-08-08T08:41:23Z,full,"{""as_of"": ""2026-08-08T08:41:23Z"", ""listing_date"": null, ""reason_code"": ""twelve_month_return_available"", ""status"": ""full"", ""valid_trading_sessions"": null}","[""l1-snapshot.csv""]",[],68.5629,ranked,full,100.0,True,True,False
TFII,TFI International Inc. Common Shares,nasdaqtrader:N:TFII,common_equity,eligible,N,Transportation,140.46,11544833141.893852,53851324.596,,2.458239112991469,16.903870162297128,55.72062084257207,16.2382968572962,3.650656873078109,,,False,,,,2026-08-08T08:41:23Z,2026-08-08T08:41:23Z,full,"{""as_of"": ""2026-08-08T08:41:23Z"", ""listing_date"": null, ""reason_code"": ""twelve_month_return_available"", ""status"": ""full"", ""valid_trading_sessions"": null}","[""l1-snapshot.csv""]",[],68.5596,ranked,full,100.0,True,True,False
AXSM,"Axsome Therapeutics, Inc. - Common Stock",nasdaqtrader:Q:AXSM,common_equity,eligible,Q,Health Technology,212.74,10947550984.0,179066042.53022224,,-3.545520493289805,17.01870187018702,105.4863324640201,18.236673200353582,4.433789066608074,,,False,,,,2026-08-08T08:41:23Z,2026-08-08T08:41:23Z,full,"{""as_of"": ""2026-08-08T08:41:23Z"", ""listing_date"": null, ""reason_code"": ""twelve_month_return_available"", ""status"": ""full"", ""valid_trading_sessions"": null}","[""l1-snapshot.csv""]",[],68.5592,ranked,full,100.0,True,True,False
SYY,Sysco Corporation Common Stock,nasdaqtrader:N:SYY,common_equity,eligible,N,Distribution Services,84.29,40306010668.0,357247917.8755556,,15.040262044492984,-0.5779665015333745,3.0944227005870855,8.225815232184653,2.594485915656483,,,False,,,,2026-08-08T08:41:23Z,2026-08-08T08:41:23Z,full,"{""as_of"": ""2026-08-08T08:41:23Z"", ""listing_date"": null, ""reason_code"": ""twelve_month_return_available"", ""status"": ""full"", ""valid_trading_sessions"": null}","[""l1-snapshot.csv""]",[],68.5565,ranked,full,100.0,True,True,False
TRU,TransUnion Common Stock,nasdaqtrader:N:TRU,common_equity,eligible,N,Commercial Services,80.02,15331831845.0,187804022.82644445,,10.023374123470358,11.775387623969818,-12.632383447974677,16.21381079524632,4.333578673598171,,,False,,,,2026-08-08T08:41:23Z,2026-08-08T08:41:23Z,full,"{""as_of"": ""2026-08-08T08:41:23Z"", ""listing_date"": null, ""reason_code"": ""twelve_month_return_available"", ""status"": ""full"", ""valid_trading_sessions"": null}","[""l1-snapshot.csv""]",[],68.5535,ranked,full,100.0,True,True,False
KR,Kroger Company (The) Common Stock,nasdaqtrader:N:KR,common_equity,eligible,N,Retail Trade,56.73,34755483253.0,392076560.783,,-14.318078840054369,-14.832607716559078,-22.616287000409226,25.92060590232437,2.73499379701131,,,False,,,,2026-08-08T08:41:23Z,2026-08-08T08:41:23Z,full,"{""as_of"": ""2026-08-08T08:41:23Z"", ""listing_date"": null, ""reason_code"": ""twelve_month_return_available"", ""status"": ""full"", ""valid_trading_sessions"": null}","[""l1-snapshot.csv""]",[],68.5394,ranked,full,100.0,True,True,False
BBY,"Best Buy Co., Inc. Common Stock",nasdaqtrader:N:BBY,common_equity,eligible,N,Retail Trade,82.0,17282903870.0,318029850.51111114,,39.432069375956466,19.970738844184353,19.988293824992677,10.15175587574645,3.4057981054346667,,,False,,,,2026-08-08T08:41:23Z,2026-08-08T08:41:23Z,full,"{""as_of"": ""2026-08-08T08:41:23Z"", ""listing_date"": null, ""reason_code"": ""twelve_month_return_available"", ""status"": ""full"", ""valid_trading_sessions"": null}","[""l1-snapshot.csv""]",[],68.5379,ranked,full,100.0,True,True,False
NVR,"NVR, Inc. Common Stock",nasdaqtrader:N:NVR,common_equity,eligible,N,Consumer Durables,6390.14,17028828910.0,183103284.56466666,,5.933294983778814,-20.739500384510425,-19.472385556258455,25.853650612419187,3.273561687947697,,,False,,,,2026-08-08T08:41:23Z,2026-08-08T08:41:23Z,full,"{""as_of"": ""2026-08-08T08:41:23Z"", ""listing_date"": null, ""reason_code"": ""twelve_month_return_available"", ""status"": ""full"", ""valid_trading_sessions"": null}","[""l1-snapshot.csv""]",[],68.5305,ranked,full,100.0,True,True,False
CX,"Cemex, S.A.B. de C.V. Sponsored ADR",nasdaqtrader:N:CX,adr,eligible,N,Non-Energy Minerals,11.33,17173333325.304,62844692.228999525,,-14.812030075187973,-5.5045871559633035,32.66978922716629,17.117776152158005,3.0384437000045548,,,False,,,,2026-08-08T08:41:23Z,2026-08-08T08:41:23Z,full,"{""as_of"": ""2026-08-08T08:41:23Z"", ""listing_date"": null, ""reason_code"": ""twelve_month_return_available"", ""status"": ""full"", ""valid_trading_sessions"": null}","[""l1-snapshot.csv""]",[],68.5294,ranked,full,100.0,True,True,False
VTR,"Ventas, Inc. Common Stock",nasdaqtrader:N:VTR,common_equity,eligible,N,Finance,93.36,48952975565.0,381676848.8613333,,7.743796884016149,15.515961395694145,36.29197080291971,8.110236220472434,2.7040750499025337,,,False,,,,2026-08-08T08:41:23Z,2026-08-08T08:41:23Z,full,"{""as_of"": ""2026-08-08T08:41:23Z"", ""listing_date"": null, ""reason_code"": ""twelve_month_return_available"", ""status"": ""full"", ""valid_trading_sessions"": null}","[""l1-snapshot.csv""]",[],68.5276,ranked,full,100.0,True,True,False
HUBB,Hubbell Inc Common Stock,nasdaqtrader:N:HUBB,common_equity,eligible,N,Producer Manufacturing,513.99,27155411686.999996,320645928.231,,3.1445657408893917,3.7734706238643243,20.07989907485281,9.10873724292436,3.6788845868357245,,,False,,,,2026-08-08T08:41:23Z,2026-08-08T08:41:23Z,full,"{""as_of"": ""2026-08-08T08:41:23Z"", ""listing_date"": null, ""reason_code"": ""twelve_month_return_available"", ""status"": ""full"", ""valid_trading_sessions"": null}","[""l1-snapshot.csv""]",[],68.5272,ranked,full,100.0,True,True,False
MEOH,Methanex Corporation - Common Stock,nasdaqtrader:Q:MEOH,common_equity,eligible,Q,Process Industries,53.27,4121194250.8113203,59148702.59277778,,-13.99741685502098,12.383966244725748,58.400237882842696,20.194756554307112,3.827004592386572,,,False,,,,2026-08-08T08:41:23Z,2026-08-08T08:41:23Z,full,"{""as_of"": ""2026-08-08T08:41:23Z"", ""listing_date"": null, ""reason_code"": ""twelve_month_return_available"", ""status"": ""full"", ""valid_trading_sessions"": null}","[""l1-snapshot.csv""]",[],68.526,ranked,full,100.0,True,True,False
MDGL,"Madrigal Pharmaceuticals, Inc. - Common Stock",nasdaqtrader:Q:MDGL,common_equity,eligible,Q,Health Technology,510.04,11784029583.000002,174840533.2408889,,-4.66542056074766,7.2210893649225385,50.85923866426101,17.066666666666663,4.665465513623894,,,False,,,,2026-08-08T08:41:23Z,2026-08-08T08:41:23Z,full,"{""as_of"": ""2026-08-08T08:41:23Z"", ""listing_date"": null, ""reason_code"": ""twelve_month_return_available"", ""status"": ""full"", ""valid_trading_sessions"": null}","[""l1-snapshot.csv""]",[],68.5167,ranked,full,100.0,True,True,False
POOL,Pool Corporation - Common Stock,nasdaqtrader:Q:POOL,common_equity,eligible,Q,Distribution Services,206.31,7497459597.000001,193251562.70333332,,8.333333333333336,-19.770561928835303,-33.86652134889088,38.625613565372596,4.381680837949678,,,False,,,,2026-08-08T08:41:23Z,2026-08-08T08:41:23Z,full,"{""as_of"": ""2026-08-08T08:41:23Z"", ""listing_date"": null, ""reason_code"": ""twelve_month_return_available"", ""status"": ""full"", ""valid_trading_sessions"": null}","[""l1-snapshot.csv""]",[],68.5083,ranked,full,100.0,True,True,False
SRE,DBA Sempra Common Stock,nasdaqtrader:N:SRE,common_equity,eligible,N,Utilities,83.88,54832974704.00001,303496296.39599997,,-9.269875608437,-4.191890348372361,2.9328751994109714,16.982551292075343,2.278727501458028,,,False,,,,2026-08-08T08:41:23Z,2026-08-08T08:41:23Z,full,"{""as_of"": ""2026-08-08T08:41:23Z"", ""listing_date"": null, ""reason_code"": ""twelve_month_return_available"", ""status"": ""full"", ""valid_trading_sessions"": null}","[""l1-snapshot.csv""]",[],68.4956,ranked,full,100.0,True,True,False
LSTR,"Landstar System, Inc. - Common Stock",nasdaqtrader:Q:LSTR,common_equity,eligible,Q,Transportation,182.99,6210117906.000001,90508584.27211112,,0.5771133340661819,14.304453744768571,37.82480982149582,19.902827628468877,3.4902806420772423,,,False,,,,2026-08-08T08:41:23Z,2026-08-08T08:41:23Z,full,"{""as_of"": ""2026-08-08T08:41:23Z"", ""listing_date"": null, ""reason_code"": ""twelve_month_return_available"", ""status"": ""full"", ""valid_trading_sessions"": null}","[""l1-snapshot.csv""]",[],68.4757,ranked,full,100.0,True,True,False
AROC,"Archrock, Inc. Common Stock",nasdaqtrader:N:AROC,common_equity,eligible,N,Industrial Services,33.08,5800187332.999999,60452140.46177778,,-13.244164699711524,6.537842190016096,42.52477380439465,21.66706133080748,4.0475481213813636,,,False,,,,2026-08-08T08:41:23Z,2026-08-08T08:41:23Z,full,"{""as_of"": ""2026-08-08T08:41:23Z"", ""listing_date"": null, ""reason_code"": ""twelve_month_return_available"", ""status"": ""full"", ""valid_trading_sessions"": null}","[""l1-snapshot.csv""]",[],68.4723,ranked,full,100.0,True,True,False
POWI,"Power Integrations, Inc. - Common Stock",nasdaqtrader:Q:POWI,common_equity,eligible,Q,Electronic Technology,64.59,3608856155.0,69436932.63800001,,-16.35586635586635,40.903141361256544,59.757605738313146,29.161009271912487,5.907042444726717,,,False,,,,2026-08-08T08:41:23Z,2026-08-08T08:41:23Z,full,"{""as_of"": ""2026-08-08T08:41:23Z"", ""listing_date"": null, ""reason_code"": ""twelve_month_return_available"", ""status"": ""full"", ""valid_trading_sessions"": null}","[""l1-snapshot.csv""]",[],68.4715,ranked,full,100.0,True,True,False
PG,Procter & Gamble Company (The) Common Stock,nasdaqtrader:N:PG,common_equity,eligible,N,Consumer Non-Durables,145.79,338879086840.0,1283696269.289222,,-0.5185943364039708,-7.867795753286159,-4.7870950888192345,12.831091180866972,2.211992919003146,,,False,,,,2026-08-08T08:41:23Z,2026-08-08T08:41:23Z,full,"{""as_of"": ""2026-08-08T08:41:23Z"", ""listing_date"": null, ""reason_code"": ""twelve_month_return_available"", ""status"": ""full"", ""valid_trading_sessions"": null}","[""l1-snapshot.csv""]",[],68.4578,ranked,full,100.0,True,True,False
DPZ,Domino's Pizza Inc - Common Stock,nasdaqtrader:Q:DPZ,common_equity,eligible,Q,Consumer Services,350.95,11611156834.0,333088563.5266665,,4.90455314755508,-10.015127817235456,-21.380407267187884,25.17057569296376,3.9528481886778386,,,False,,,,2026-08-08T08:41:23Z,2026-08-08T08:41:23Z,full,"{""as_of"": ""2026-08-08T08:41:23Z"", ""listing_date"": null, ""reason_code"": ""twelve_month_return_available"", ""status"": ""full"", ""valid_trading_sessions"": null}","[""l1-snapshot.csv""]",[],68.4394,ranked,full,100.0,True,True,False
CPB,The Campbell's Company - Common Stock,nasdaqtrader:Q:CPB,common_equity,eligible,Q,Consumer Non-Durables,23.05,6873653554.0,190629876.14222223,,8.8804912612187,-19.40559440559441,-29.40275650842266,32.55303584491587,3.3045922301908575,,,False,,,,2026-08-08T08:41:23Z,2026-08-08T08:41:23Z,full,"{""as_of"": ""2026-08-08T08:41:23Z"", ""listing_date"": null, ""reason_code"": ""twelve_month_return_available"", ""status"": ""full"", ""valid_trading_sessions"": null}","[""l1-snapshot.csv""]",[],68.4237,ranked,full,100.0,True,True,False
CARR,Carrier Global Corporation Common Stock,nasdaqtrader:N:CARR,common_equity,eligible,N,Producer Manufacturing,64.01,52765049699.0,425227026.54300004,,-5.310650887573949,1.6515801175162876,-4.334180242116263,16.61021365294424,3.470797190580113,,,False,,,,2026-08-08T08:41:23Z,2026-08-08T08:41:23Z,full,"{""as_of"": ""2026-08-08T08:41:23Z"", ""listing_date"": null, ""reason_code"": ""twelve_month_return_available"", ""status"": ""full"", ""valid_trading_sessions"": null}","[""l1-snapshot.csv""]",[],68.4026,ranked,full,100.0,True,True,False
LUMN,"Lumen Technologies, Inc. Common Stock",nasdaqtrader:N:LUMN,common_equity,eligible,N,Communications,6.24,6436219276.0,88495377.01333334,,-27.017543859649127,-5.454545454545446,65.51724137931035,47.78242677824267,5.262312008958173,,,False,,,,2026-08-08T08:41:23Z,2026-08-08T08:41:23Z,full,"{""as_of"": ""2026-08-08T08:41:23Z"", ""listing_date"": null, ""reason_code"": ""twelve_month_return_available"", ""status"": ""full"", ""valid_trading_sessions"": null}","[""l1-snapshot.csv""]",[],68.3978,ranked,full,100.0,True,True,False
BBIO,"BridgeBio Pharma, Inc. - Common Stock",nasdaqtrader:Q:BBIO,common_equity,eligible,Q,Health Technology,84.48,16561187298.999998,260923854.16533336,,26.980309634751244,20.556546557260077,89.88536749831422,9.564845046298775,3.986391551135784,,,False,,,,2026-08-08T08:41:23Z,2026-08-08T08:41:23Z,full,"{""as_of"": ""2026-08-08T08:41:23Z"", ""listing_date"": null, ""reason_code"": ""twelve_month_return_available"", ""status"": ""full"", ""valid_trading_sessions"": null}","[""l1-snapshot.csv""]",[],68.3912,ranked,full,100.0,True,True,False
NKE,"Nike, Inc. Common Stock",nasdaqtrader:N:NKE,common_equity,eligible,N,Consumer Non-Durables,41.7,61861897502.0,1021925525.3366671,,-5.7840036150022485,-33.82002856689414,-45.36163522012578,47.98228653402358,2.9730405594685725,,,False,,,,2026-08-08T08:41:23Z,2026-08-08T08:41:23Z,full,"{""as_of"": ""2026-08-08T08:41:23Z"", ""listing_date"": null, ""reason_code"": ""twelve_month_return_available"", ""status"": ""full"", ""valid_trading_sessions"": null}","[""l1-snapshot.csv""]",[],68.3845,ranked,full,100.0,True,True,False
AJG,Arthur J. Gallagher & Co. Common Stock,nasdaqtrader:N:AJG,common_equity,eligible,N,Finance,248.12,63593151720.00001,440048324.25155556,,23.510378814276482,1.5802833046753515,-13.408250157046142,20.86748524956148,3.2639370379261834,,,False,,,,2026-08-08T08:41:23Z,2026-08-08T08:41:23Z,full,"{""as_of"": ""2026-08-08T08:41:23Z"", ""listing_date"": null, ""reason_code"": ""twelve_month_return_available"", ""status"": ""full"", ""valid_trading_sessions"": null}","[""l1-snapshot.csv""]",[],68.3657,ranked,full,100.0,True,True,False
CPRT,"Copart, Inc. - Common Stock",nasdaqtrader:Q:CPRT,common_equity,eligible,Q,Retail Trade,29.66,27459569644.0,314690879.7199993,,-11.988130563798228,-25.58956347215253,-37.505267593763165,40.810217521452806,3.344227789129955,,,False,,,,2026-08-08T08:41:23Z,2026-08-08T08:41:23Z,full,"{""as_of"": ""2026-08-08T08:41:23Z"", ""listing_date"": null, ""reason_code"": ""twelve_month_return_available"", ""status"": ""full"", ""valid_trading_sessions"": null}","[""l1-snapshot.csv""]",[],68.3627,ranked,full,100.0,True,True,False
ESLT,Elbit Systems Ltd. - Ordinary Shares,nasdaqtrader:Q:ESLT,common_equity,eligible,Q,Electronic Technology,859.14,40255348429.398964,89180144.808,,8.059769074032154,27.952937672201937,77.6734567262951,15.44396984430053,2.5870680056738244,,,False,,,,2026-08-08T08:41:23Z,2026-08-08T08:41:23Z,full,"{""as_of"": ""2026-08-08T08:41:23Z"", ""listing_date"": null, ""reason_code"": ""twelve_month_return_available"", ""status"": ""full"", ""valid_trading_sessions"": null}","[""l1-snapshot.csv""]",[],68.361,ranked,full,100.0,True,True,False
GVA,Granite Construction Incorporated Common Stock,nasdaqtrader:N:GVA,common_equity,eligible,N,Industrial Services,128.32,5615862386.0,108153625.16622223,,-10.334707567605351,0.5485033693778315,35.57316428948757,20.829220138203365,4.665547044786939,,,False,,,,2026-08-08T08:41:23Z,2026-08-08T08:41:23Z,full,"{""as_of"": ""2026-08-08T08:41:23Z"", ""listing_date"": null, ""reason_code"": ""twelve_month_return_available"", ""status"": ""full"", ""valid_trading_sessions"": null}","[""l1-snapshot.csv""]",[],68.3606,ranked,full,100.0,True,True,False
DIS,Walt Disney Company (The) Common Stock,nasdaqtrader:N:DIS,common_equity,eligible,N,Consumer Services,104.91,181146727916.00003,1052537407.623,,-3.7787764835366455,-1.1495335908791096,-9.365010799136073,12.414426448488902,2.2050111612530516,,,False,,,,2026-08-08T08:41:23Z,2026-08-08T08:41:23Z,full,"{""as_of"": ""2026-08-08T08:41:23Z"", ""listing_date"": null, ""reason_code"": ""twelve_month_return_available"", ""status"": ""full"", ""valid_trading_sessions"": null}","[""l1-snapshot.csv""]",[],68.3536,ranked,full,100.0,True,True,False
SNPS,"Synopsys, Inc. - Common Stock",nasdaqtrader:Q:SNPS,common_equity,eligible,Q,Technology Services,415.99,79653482262.99998,783956926.5174445,,-17.522850288478697,-2.117696886985576,-34.265126495267296,33.853297078980425,3.798170801734782,,,False,,,,2026-08-08T08:41:23Z,2026-08-08T08:41:23Z,full,"{""as_of"": ""2026-08-08T08:41:23Z"", ""listing_date"": null, ""reason_code"": ""twelve_month_return_available"", ""status"": ""full"", ""valid_trading_sessions"": null}","[""l1-snapshot.csv""]",[],68.3471,ranked,full,100.0,True,True,False
BKSY,BlackSky Technology Inc. Class A Common Stock,nasdaqtrader:N:BKSY,common_equity,eligible,N,Technology Services,29.16,1193368521.9999998,58467816.576000005,,-11.529126213592235,33.21151210598447,72.13695395513577,44.85627836611196,8.522286495228943,,,False,,,,2026-08-08T08:41:23Z,2026-08-08T08:41:23Z,full,"{""as_of"": ""2026-08-08T08:41:23Z"", ""listing_date"": null, ""reason_code"": ""twelve_month_return_available"", ""status"": ""full"", ""valid_trading_sessions"": null}","[""l1-snapshot.csv""]",[],68.3429,ranked,full,100.0,True,True,False
BTSG,"BrightSpring Health Services, Inc. - Common Stock",nasdaqtrader:Q:BTSG,common_equity,eligible,Q,Health Services,62.43,12352663770.0,213427254.56266665,,17.15143554137737,61.98754540736897,202.91120815138282,15.349037761407136,5.2212696728441195,,,False,,,,2026-08-08T08:41:23Z,2026-08-08T08:41:23Z,full,"{""as_of"": ""2026-08-08T08:41:23Z"", ""listing_date"": null, ""reason_code"": ""twelve_month_return_available"", ""status"": ""full"", ""valid_trading_sessions"": null}","[""l1-snapshot.csv""]",[],68.3373,ranked,full,100.0,True,True,False
FIS,"Fidelity National Information Services, Inc. Common Stock",nasdaqtrader:N:FIS,common_equity,eligible,N,Technology Services,42.77,22056742974.000004,283832844.9522222,,-3.8876404494381953,-15.989000196425051,-39.039338654503986,41.33863667535317,3.9881146568028036,,,False,,,,2026-08-08T08:41:23Z,2026-08-08T08:41:23Z,full,"{""as_of"": ""2026-08-08T08:41:23Z"", ""listing_date"": null, ""reason_code"": ""twelve_month_return_available"", ""status"": ""full"", ""valid_trading_sessions"": null}","[""l1-snapshot.csv""]",[],68.3274,ranked,full,100.0,True,True,False
PURR,Hyperliquid Strategies Inc - Common Stock,nasdaqtrader:Q:PURR,common_equity,eligible,Q,Finance,6.81,1365838719.0,78391432.41333333,,2.4060150375939737,35.928143712574844,60.23529411764705,41.39414802065404,6.953319866554246,,,False,,,,2026-08-08T08:41:23Z,2026-08-08T08:41:23Z,full,"{""as_of"": ""2026-08-08T08:41:23Z"", ""listing_date"": null, ""reason_code"": ""twelve_month_return_available"", ""status"": ""full"", ""valid_trading_sessions"": null}","[""l1-snapshot.csv""]",[],68.3237,ranked,full,100.0,True,True,False
GSK,GSK plc American Depositary Shares (Each representing two Ordinary Shares),nasdaqtrader:N:GSK,adr,eligible,N,Health Technology,52.96,105675486231.6228,215259654.26844445,,4.850524648584445,-10.676336650362622,42.59558427571351,14.158359672582865,2.073705605436538,,,False,,,,2026-08-08T08:41:23Z,2026-08-08T08:41:23Z,full,"{""as_of"": ""2026-08-08T08:41:23Z"", ""listing_date"": null, ""reason_code"": ""twelve_month_return_available"", ""status"": ""full"", ""valid_trading_sessions"": null}","[""l1-snapshot.csv""]",[],68.2896,ranked,full,100.0,True,True,False
DHI,"D.R. Horton, Inc. Common Stock",nasdaqtrader:N:DHI,common_equity,eligible,N,Consumer Durables,151.08,42257272001.0,373565104.90933335,,2.7964890794039694,-4.0335387156196365,-2.3526370217166406,18.133788506868232,3.3731723746508364,,,False,,,,2026-08-08T08:41:23Z,2026-08-08T08:41:23Z,full,"{""as_of"": ""2026-08-08T08:41:23Z"", ""listing_date"": null, ""reason_code"": ""twelve_month_return_available"", ""status"": ""full"", ""valid_trading_sessions"": null}","[""l1-snapshot.csv""]",[],68.2834,ranked,full,100.0,True,True,False
BTE,Baytex Energy Corp Common Shares,nasdaqtrader:N:BTE,common_equity,eligible,N,Energy Minerals,4.18,2922656012.90566,84928951.76577778,,-13.814432989690722,22.222222222222214,95.3271028037383,22.014925373134343,3.595502783176602,,,False,,,,2026-08-08T08:41:23Z,2026-08-08T08:41:23Z,full,"{""as_of"": ""2026-08-08T08:41:23Z"", ""listing_date"": null, ""reason_code"": ""twelve_month_return_available"", ""status"": ""full"", ""valid_trading_sessions"": null}","[""l1-snapshot.csv""]",[],68.2687,ranked,full,100.0,True,True,False
HSY,The Hershey Company Common Stock,nasdaqtrader:N:HSY,common_equity,eligible,N,Consumer Non-Durables,182.35,36638841059.0,366196250.6377778,,-2.4866310160427836,-19.169307830404044,-3.1547081629401443,23.85585435109404,2.619145440115005,,,False,,,,2026-08-08T08:41:23Z,2026-08-08T08:41:23Z,full,"{""as_of"": ""2026-08-08T08:41:23Z"", ""listing_date"": null, ""reason_code"": ""twelve_month_return_available"", ""status"": ""full"", ""valid_trading_sessions"": null}","[""l1-snapshot.csv""]",[],68.2641,ranked,full,100.0,True,True,False
CRGY,Crescent Energy Company Class A Common Stock,nasdaqtrader:N:CRGY,common_equity,eligible,N,Energy Minerals,11.57,3822770551.9999995,78225085.08966666,,-6.768734891216759,19.27835051546393,22.823779193205947,19.03428971308607,3.846895723123518,,,False,,,,2026-08-08T08:41:23Z,2026-08-08T08:41:23Z,full,"{""as_of"": ""2026-08-08T08:41:23Z"", ""listing_date"": null, ""reason_code"": ""twelve_month_return_available"", ""status"": ""full"", ""valid_trading_sessions"": null}","[""l1-snapshot.csv""]",[],68.2586,ranked,full,100.0,True,True,False
VIST,"Vista Energy S.A.B. de C.V. American Depositary Shares, each representing one series A share, with no par value",nasdaqtrader:N:VIST,adr,eligible,N,Energy Minerals,65.96,7264720889.80252,72976870.2391111,,1.3989239046886959,20.419899589228656,43.453675511091774,19.00736129273879,3.8546440218444142,,,False,,,,2026-08-08T08:41:23Z,2026-08-08T08:41:23Z,full,"{""as_of"": ""2026-08-08T08:41:23Z"", ""listing_date"": null, ""reason_code"": ""twelve_month_return_available"", ""status"": ""full"", ""valid_trading_sessions"": null}","[""l1-snapshot.csv""]",[],68.2518,ranked,full,100.0,True,True,False
SNAP,Snap Inc. Class A Common Stock,nasdaqtrader:N:SNAP,common_equity,eligible,N,Technology Services,5.33,9014084014.0,253245796.31722224,,-9.81387478849408,2.009569377990439,-31.754161331626115,42.564655172413794,4.865075013043511,,,False,,,,2026-08-08T08:41:23Z,2026-08-08T08:41:23Z,full,"{""as_of"": ""2026-08-08T08:41:23Z"", ""listing_date"": null, ""reason_code"": ""twelve_month_return_available"", ""status"": ""full"", ""valid_trading_sessions"": null}","[""l1-snapshot.csv""]",[],68.2457,ranked,full,100.0,True,True,False
IREN,IREN Limited - Ordinary Shares,nasdaqtrader:Q:IREN,common_equity,eligible,Q,Technology Services,41.23,14713233939.0,1856035223.359333,,-35.42172448899679,3.191089976223248,120.48128342245987,46.3639911538962,10.734162551531323,,,False,,,,2026-08-08T08:41:23Z,2026-08-08T08:41:23Z,full,"{""as_of"": ""2026-08-08T08:41:23Z"", ""listing_date"": null, ""reason_code"": ""twelve_month_return_available"", ""status"": ""full"", ""valid_trading_sessions"": null}","[""l1-snapshot.csv""]",[],68.2424,ranked,full,100.0,True,True,False
BTG,B2Gold Corp Common shares (Canada),nasdaqtrader:A:BTG,common_equity,eligible,A,Non-Energy Minerals,5.03,6702060740.504979,129184170.29566666,,-0.19841269841269418,3.4979423868312742,32.36842105263159,19.968178202068408,4.177659476312972,,,False,,,,2026-08-08T08:41:23Z,2026-08-08T08:41:23Z,full,"{""as_of"": ""2026-08-08T08:41:23Z"", ""listing_date"": null, ""reason_code"": ""twelve_month_return_available"", ""status"": ""full"", ""valid_trading_sessions"": null}","[""l1-snapshot.csv""]",[],68.242,ranked,full,100.0,True,True,False
ESTC,Elastic N.V. Ordinary Shares,nasdaqtrader:N:ESTC,common_equity,eligible,N,Technology Services,75.11,7807806966.000001,146454833.343,,48.029168309026396,28.613013698630137,-8.402439024390244,21.813355540519442,5.253063694056549,,,False,,,,2026-08-08T08:41:23Z,2026-08-08T08:41:23Z,full,"{""as_of"": ""2026-08-08T08:41:23Z"", ""listing_date"": null, ""reason_code"": ""twelve_month_return_available"", ""status"": ""full"", ""valid_trading_sessions"": null}","[""l1-snapshot.csv""]",[],68.2418,ranked,full,100.0,True,True,False
EIX,Edison International Common Stock,nasdaqtrader:N:EIX,common_equity,eligible,N,Utilities,68.62,26405935324.999996,187912444.33711112,,-1.0526315789473537,6.851448146994715,24.763636363636373,15.927468757657437,2.94735075634431,,,False,,,,2026-08-08T08:41:23Z,2026-08-08T08:41:23Z,full,"{""as_of"": ""2026-08-08T08:41:23Z"", ""listing_date"": null, ""reason_code"": ""twelve_month_return_available"", ""status"": ""full"", ""valid_trading_sessions"": null}","[""l1-snapshot.csv""]",[],68.2319,ranked,full,100.0,True,True,False
IONS,"Ionis Pharmaceuticals, Inc. - Common Stock",nasdaqtrader:Q:IONS,common_equity,eligible,Q,Health Technology,56.56,9399385717.0,141203339.6231111,,-26.017004578155657,-33.34119033588685,40.20823004462072,34.79363615402351,4.645353422096969,,,False,,,,2026-08-08T08:41:23Z,2026-08-08T08:41:23Z,full,"{""as_of"": ""2026-08-08T08:41:23Z"", ""listing_date"": null, ""reason_code"": ""twelve_month_return_available"", ""status"": ""full"", ""valid_trading_sessions"": null}","[""l1-snapshot.csv""]",[],68.2225,ranked,full,100.0,True,True,False
SNX,TD SYNNEX Corporation Common Stock,nasdaqtrader:N:SNX,common_equity,eligible,N,Distribution Services,252.42,20183186989.0,218970978.79066667,,7.257584770969654,51.603603603603595,76.69046619067616,14.858164401119856,3.5852963404412894,,,False,,,,2026-08-08T08:41:23Z,2026-08-08T08:41:23Z,full,"{""as_of"": ""2026-08-08T08:41:23Z"", ""listing_date"": null, ""reason_code"": ""twelve_month_return_available"", ""status"": ""full"", ""valid_trading_sessions"": null}","[""l1-snapshot.csv""]",[],68.2145,ranked,full,100.0,True,True,False
LULU,lululemon athletica inc. - Common Stock,nasdaqtrader:Q:LULU,common_equity,eligible,Q,Consumer Non-Durables,128.58,15258582406.0,420242444.2953333,,-3.4068286819667177,-24.364705882352936,-34.96206373292867,43.10115939463669,3.4575455695779707,,,False,,,,2026-08-08T08:41:23Z,2026-08-08T08:41:23Z,full,"{""as_of"": ""2026-08-08T08:41:23Z"", ""listing_date"": null, ""reason_code"": ""twelve_month_return_available"", ""status"": ""full"", ""valid_trading_sessions"": null}","[""l1-snapshot.csv""]",[],68.2099,ranked,full,100.0,True,True,False
NTSK,"Netskope, Inc. - Class A Common Stock",nasdaqtrader:Q:NTSK,common_equity,eligible,Q,Technology Services,14.87,6006344667.000001,78304438.91044444,,32.767857142857146,25.910245554614722,-35.34782608695652,46.873883529832085,8.00142910275569,,,False,,,,2026-08-08T08:41:23Z,2026-08-08T08:41:23Z,full,"{""as_of"": ""2026-08-08T08:41:23Z"", ""listing_date"": null, ""reason_code"": ""twelve_month_return_available"", ""status"": ""full"", ""valid_trading_sessions"": null}","[""l1-snapshot.csv""]",[],68.2084,ranked,full,100.0,True,True,False
LYB,LyondellBasell Industries NV Ordinary Shares Class A (Netherlands),nasdaqtrader:N:LYB,common_equity,eligible,N,Process Industries,59.59,19249830498.0,345038727.7831111,,-16.8782256939601,9.843317972350237,17.72026866851048,29.008815820824395,3.60644200657159,,,False,,,,2026-08-08T08:41:23Z,2026-08-08T08:41:23Z,full,"{""as_of"": ""2026-08-08T08:41:23Z"", ""listing_date"": null, ""reason_code"": ""twelve_month_return_available"", ""status"": ""full"", ""valid_trading_sessions"": null}","[""l1-snapshot.csv""]",[],68.2012,ranked,full,100.0,True,True,False
TKO,"TKO Group Holdings, Inc. Class A Common Stock",nasdaqtrader:N:TKO,common_equity,eligible,N,Consumer Services,186.56,35310157427.0,265970744.04266667,,-1.6759776536312885,-11.22953939855348,18.263074484944532,17.793249317000082,2.9876007816696144,,,False,,,,2026-08-08T08:41:23Z,2026-08-08T08:41:23Z,full,"{""as_of"": ""2026-08-08T08:41:23Z"", ""listing_date"": null, ""reason_code"": ""twelve_month_return_available"", ""status"": ""full"", ""valid_trading_sessions"": null}","[""l1-snapshot.csv""]",[],68.1983,ranked,full,100.0,True,True,False
RKT,"Rocket Companies, Inc. Class A Common Stock",nasdaqtrader:N:RKT,common_equity,eligible,N,Finance,13.72,38819776060.0,388974924.24,,-6.091718001368918,-30.355329949238573,-25.313010342950463,43.67816091954022,5.0958751737189045,,,False,,,,2026-08-08T08:41:23Z,2026-08-08T08:41:23Z,full,"{""as_of"": ""2026-08-08T08:41:23Z"", ""listing_date"": null, ""reason_code"": ""twelve_month_return_available"", ""status"": ""full"", ""valid_trading_sessions"": null}","[""l1-snapshot.csv""]",[],68.1715,ranked,full,100.0,True,True,False
AMT,American Tower Corporation (REIT) Common Stock,nasdaqtrader:N:AMT,common_equity,eligible,N,Finance,172.54,80396744328.0,557816873.8533334,,-4.053828615915042,-0.13312496382474862,-17.413363967068733,19.670375715815446,2.770754689900893,,,False,,,,2026-08-08T08:41:23Z,2026-08-08T08:41:23Z,full,"{""as_of"": ""2026-08-08T08:41:23Z"", ""listing_date"": null, ""reason_code"": ""twelve_month_return_available"", ""status"": ""full"", ""valid_trading_sessions"": null}","[""l1-snapshot.csv""]",[],68.1676,ranked,full,100.0,True,True,False
ICE,Intercontinental Exchange Inc. Common Stock,nasdaqtrader:N:ICE,common_equity,eligible,N,Finance,150.3,84377590586.99998,618962165.09,,-3.7032291132752437,-11.510156020017652,-20.24409657734146,19.66433267411406,2.7860240169572736,,,False,,,,2026-08-08T08:41:23Z,2026-08-08T08:41:23Z,full,"{""as_of"": ""2026-08-08T08:41:23Z"", ""listing_date"": null, ""reason_code"": ""twelve_month_return_available"", ""status"": ""full"", ""valid_trading_sessions"": null}","[""l1-snapshot.csv""]",[],68.1661,ranked,full,100.0,True,True,False
ABG,Asbury Automotive Group Inc Common Stock,nasdaqtrader:N:ABG,common_equity,eligible,N,Retail Trade,214.32,3847455122.0,57439298.34133333,,6.542056074766353,-2.7497958072420374,-7.548960400310586,18.625997383973147,4.221171128381313,,,False,,,,2026-08-08T08:41:23Z,2026-08-08T08:41:23Z,full,"{""as_of"": ""2026-08-08T08:41:23Z"", ""listing_date"": null, ""reason_code"": ""twelve_month_return_available"", ""status"": ""full"", ""valid_trading_sessions"": null}","[""l1-snapshot.csv""]",[],68.1565,ranked,full,100.0,True,True,False
CTVA,"Corteva, Inc. Common Stock",nasdaqtrader:N:CTVA,common_equity,eligible,N,Process Industries,76.83,51260668664.0,309392641.20266664,,-3.126970117261384,5.01640240568617,8.963267621613944,15.543585797515668,2.798227249579241,,,False,,,,2026-08-08T08:41:23Z,2026-08-08T08:41:23Z,full,"{""as_of"": ""2026-08-08T08:41:23Z"", ""listing_date"": null, ""reason_code"": ""twelve_month_return_available"", ""status"": ""full"", ""valid_trading_sessions"": null}","[""l1-snapshot.csv""]",[],68.1359,ranked,full,100.0,True,True,False
MLM,"Martin Marietta Materials, Inc. Common Stock",nasdaqtrader:N:MLM,common_equity,eligible,N,Non-Energy Minerals,548.57,32950319207.000004,306290219.51000005,,-9.006916914094242,-18.989603638726436,-8.908704460164056,22.842032715867056,3.0150631887292354,,,False,,,,2026-08-08T08:41:23Z,2026-08-08T08:41:23Z,full,"{""as_of"": ""2026-08-08T08:41:23Z"", ""listing_date"": null, ""reason_code"": ""twelve_month_return_available"", ""status"": ""full"", ""valid_trading_sessions"": null}","[""l1-snapshot.csv""]",[],68.1289,ranked,full,100.0,True,True,False
YPF,YPF Sociedad Anonima American Depositary Shares,nasdaqtrader:N:YPF,adr,eligible,N,Energy Minerals,49.16,20363912043.50149,91270822.5151111,,14.725787631271867,28.99501443190763,36.17728531855954,14.4894764306836,3.1579790597076083,,,False,,,,2026-08-08T08:41:23Z,2026-08-08T08:41:23Z,full,"{""as_of"": ""2026-08-08T08:41:23Z"", ""listing_date"": null, ""reason_code"": ""twelve_month_return_available"", ""status"": ""full"", ""valid_trading_sessions"": null}","[""l1-snapshot.csv""]",[],68.1224,ranked,full,100.0,True,True,False
CNX,CNX Resources Corporation Common Stock,nasdaqtrader:N:CNX,common_equity,eligible,N,Energy Minerals,35.14,5198739210.0,66255788.674444444,,-2.1442495126705543,-10.265577119509695,20.466232430579357,19.440623567171013,2.977897389211617,,,False,,,,2026-08-08T08:41:23Z,2026-08-08T08:41:23Z,full,"{""as_of"": ""2026-08-08T08:41:23Z"", ""listing_date"": null, ""reason_code"": ""twelve_month_return_available"", ""status"": ""full"", ""valid_trading_sessions"": null}","[""l1-snapshot.csv""]",[],68.1102,ranked,full,100.0,True,True,False
SAIA,"Saia, Inc. - Common Stock",nasdaqtrader:Q:SAIA,common_equity,eligible,Q,Transportation,364.21,9715174119.0,164085649.54833332,,-19.02485659655832,-9.47930905927676,22.107486505515137,26.379090780457236,4.343115776663798,,,False,,,,2026-08-08T08:41:23Z,2026-08-08T08:41:23Z,full,"{""as_of"": ""2026-08-08T08:41:23Z"", ""listing_date"": null, ""reason_code"": ""twelve_month_return_available"", ""status"": ""full"", ""valid_trading_sessions"": null}","[""l1-snapshot.csv""]",[],68.1005,ranked,full,100.0,True,True,False
PTCT,"PTC Therapeutics, Inc. - Common Stock",nasdaqtrader:Q:PTCT,common_equity,eligible,Q,Health Technology,73.31,6118511616.0,117841883.36566667,,-1.0260564331038085,-0.623559712620298,41.1979969183359,19.324309453064814,4.5613081965480795,,,False,,,,2026-08-08T08:41:23Z,2026-08-08T08:41:23Z,full,"{""as_of"": ""2026-08-08T08:41:23Z"", ""listing_date"": null, ""reason_code"": ""twelve_month_return_available"", ""status"": ""full"", ""valid_trading_sessions"": null}","[""l1-snapshot.csv""]",[],68.0811,ranked,full,100.0,True,True,False
ARW,"Arrow Electronics, Inc. Common Stock",nasdaqtrader:N:ARW,common_equity,eligible,N,Distribution Services,203.51,10359762194.0,134396923.13577777,,6.050026055237096,40.22600427203197,73.52489768076397,14.25121180047596,3.9410882479219778,,,False,,,,2026-08-08T08:41:23Z,2026-08-08T08:41:23Z,full,"{""as_of"": ""2026-08-08T08:41:23Z"", ""listing_date"": null, ""reason_code"": ""twelve_month_return_available"", ""status"": ""full"", ""valid_trading_sessions"": null}","[""l1-snapshot.csv""]",[],68.0628,ranked,full,100.0,True,True,False
MUSA,Murphy USA Inc. Common Stock,nasdaqtrader:N:MUSA,common_equity,eligible,N,Retail Trade,520.07,9559067826.000002,168646652.71166667,,-10.840048002743,32.23911716842964,38.68533333333335,18.23377276765007,3.528192718791351,,,False,,,,2026-08-08T08:41:23Z,2026-08-08T08:41:23Z,full,"{""as_of"": ""2026-08-08T08:41:23Z"", ""listing_date"": null, ""reason_code"": ""twelve_month_return_available"", ""status"": ""full"", ""valid_trading_sessions"": null}","[""l1-snapshot.csv""]",[],68.0584,ranked,full,100.0,True,True,False
CSTM,Constellium SE Ordinary Shares (France),nasdaqtrader:N:CSTM,common_equity,eligible,N,Non-Energy Minerals,29.44,3989936751.9999995,62288625.024000004,,-11.750599520383687,23.386420787929598,112.10374639769452,20.410921870775887,4.208710839223574,,,False,,,,2026-08-08T08:41:23Z,2026-08-08T08:41:23Z,full,"{""as_of"": ""2026-08-08T08:41:23Z"", ""listing_date"": null, ""reason_code"": ""twelve_month_return_available"", ""status"": ""full"", ""valid_trading_sessions"": null}","[""l1-snapshot.csv""]",[],68.0548,ranked,full,100.0,True,True,False
BRKR,Bruker Corporation - Common Stock,nasdaqtrader:Q:BRKR,common_equity,eligible,Q,Health Technology,53.41,8137510936.0,128723683.12533332,,22.514049776350493,30.14132553606237,71.1310477411086,18.208269525267994,5.541656503405436,,,False,,,,2026-08-08T08:41:23Z,2026-08-08T08:41:23Z,full,"{""as_of"": ""2026-08-08T08:41:23Z"", ""listing_date"": null, ""reason_code"": ""twelve_month_return_available"", ""status"": ""full"", ""valid_trading_sessions"": null}","[""l1-snapshot.csv""]",[],68.0521,ranked,full,100.0,True,True,False
HBM,Hudbay Minerals Inc. Ordinary Shares (Canada),nasdaqtrader:N:HBM,common_equity,eligible,N,Non-Energy Minerals,27.61,12262149792.395786,149489074.251,,12.008113590263697,12.785947712418295,198.80952380952377,14.12130637636081,4.970717212027073,,,False,,,,2026-08-08T08:41:23Z,2026-08-08T08:41:23Z,full,"{""as_of"": ""2026-08-08T08:41:23Z"", ""listing_date"": null, ""reason_code"": ""twelve_month_return_available"", ""status"": ""full"", ""valid_trading_sessions"": null}","[""l1-snapshot.csv""]",[],68.0303,ranked,full,100.0,True,True,False
COR,"Cencora, Inc. Common Stock",nasdaqtrader:N:COR,common_equity,eligible,N,Distribution Services,320.46,61152476137.00001,541778406.7546667,,26.115702479338836,-9.62520093629262,13.96564600448095,15.118927795730263,2.567348593294804,,,False,,,,2026-08-08T08:41:23Z,2026-08-08T08:41:23Z,full,"{""as_of"": ""2026-08-08T08:41:23Z"", ""listing_date"": null, ""reason_code"": ""twelve_month_return_available"", ""status"": ""full"", ""valid_trading_sessions"": null}","[""l1-snapshot.csv""]",[],68.0297,ranked,full,100.0,True,True,False
NE,Noble Corporation plc A Ordinary Shares,nasdaqtrader:N:NE,common_equity,eligible,N,Industrial Services,40.77,6508613053.0,64655711.06700001,,-16.024716786817702,9.361587982832624,47.29046242774568,25.84576209530738,3.620366912369245,,,False,,,,2026-08-08T08:41:23Z,2026-08-08T08:41:23Z,full,"{""as_of"": ""2026-08-08T08:41:23Z"", ""listing_date"": null, ""reason_code"": ""twelve_month_return_available"", ""status"": ""full"", ""valid_trading_sessions"": null}","[""l1-snapshot.csv""]",[],68.0294,ranked,full,100.0,True,True,False
H,Hyatt Hotels Corporation Class A Common Stock,nasdaqtrader:N:H,common_equity,eligible,N,Consumer Services,177.71,16768136234.0,153957660.51466668,,4.228739002932556,12.389324563622568,24.32489156289353,14.091656192594026,3.3456857461968217,,,False,,,,2026-08-08T08:41:23Z,2026-08-08T08:41:23Z,full,"{""as_of"": ""2026-08-08T08:41:23Z"", ""listing_date"": null, ""reason_code"": ""twelve_month_return_available"", ""status"": ""full"", ""valid_trading_sessions"": null}","[""l1-snapshot.csv""]",[],68.0229,ranked,full,100.0,True,True,False
XYL,Xylem Inc. Common Stock New,nasdaqtrader:N:XYL,common_equity,eligible,N,Producer Manufacturing,120.32,28093133678.999996,254419796.39466667,,4.047042545831886,-14.442153167887366,-16.814159292035395,22.006871070201605,2.745443850704865,,,False,,,,2026-08-08T08:41:23Z,2026-08-08T08:41:23Z,full,"{""as_of"": ""2026-08-08T08:41:23Z"", ""listing_date"": null, ""reason_code"": ""twelve_month_return_available"", ""status"": ""full"", ""valid_trading_sessions"": null}","[""l1-snapshot.csv""]",[],68.0176,ranked,full,100.0,True,True,False
RBC,RBC Bearings Incorporated Common Stock,nasdaqtrader:N:RBC,common_equity,eligible,N,Producer Manufacturing,567.25,17958706464.0,138068007.11666667,,-7.6861736753026975,4.483247683778164,39.716748768472904,15.042412894322643,3.37979472595975,,,False,,,,2026-08-08T08:41:23Z,2026-08-08T08:41:23Z,full,"{""as_of"": ""2026-08-08T08:41:23Z"", ""listing_date"": null, ""reason_code"": ""twelve_month_return_available"", ""status"": ""full"", ""valid_trading_sessions"": null}","[""l1-snapshot.csv""]",[],68.0106,ranked,full,100.0,True,True,False
TMDX,"TransMedics Group, Inc. - Common Stock",nasdaqtrader:Q:TMDX,common_equity,eligible,Q,Health Technology,83.89,2908897825.0,102604546.58755556,,15.64653984008822,-35.97649393268717,-30.193467859371747,46.22435897435897,5.5598252866664115,,,False,,,,2026-08-08T08:41:23Z,2026-08-08T08:41:23Z,full,"{""as_of"": ""2026-08-08T08:41:23Z"", ""listing_date"": null, ""reason_code"": ""twelve_month_return_available"", ""status"": ""full"", ""valid_trading_sessions"": null}","[""l1-snapshot.csv""]",[],68.0017,ranked,full,100.0,True,True,False
VIAV,Viavi Solutions Inc. - Common Stock,nasdaqtrader:Q:VIAV,common_equity,eligible,Q,Technology Services,39.14,9655275737.0,269817789.3411116,,-25.00479018969151,51.52922957801008,286.37709772951627,35.23084560648684,7.899285497314672,,,False,,,,2026-08-08T08:41:23Z,2026-08-08T08:41:23Z,full,"{""as_of"": ""2026-08-08T08:41:23Z"", ""listing_date"": null, ""reason_code"": ""twelve_month_return_available"", ""status"": ""full"", ""valid_trading_sessions"": null}","[""l1-snapshot.csv""]",[],67.9846,ranked,full,100.0,True,True,False
CHTR,"Charter Communications, Inc. - Class A Common Stock",nasdaqtrader:Q:CHTR,common_equity,eligible,Q,Consumer Services,152.57,20410997704.000004,509363834.7453333,,-4.643750000000004,-31.745179617948377,-41.90244088191616,46.6202505073123,5.325595521397372,,,False,,,,2026-08-08T08:41:23Z,2026-08-08T08:41:23Z,full,"{""as_of"": ""2026-08-08T08:41:23Z"", ""listing_date"": null, ""reason_code"": ""twelve_month_return_available"", ""status"": ""full"", ""valid_trading_sessions"": null}","[""l1-snapshot.csv""]",[],67.9753,ranked,full,100.0,True,True,False
VIRT,"Virtu Financial, Inc. Class A Common Stock",nasdaqtrader:N:VIRT,common_equity,eligible,N,Finance,55.85,8667932668.0,73196975.2488889,,12.238745980707403,46.127681841967565,31.011025099695047,17.891796530432213,4.484501062940149,,,False,,,,2026-08-08T08:41:23Z,2026-08-08T08:41:23Z,full,"{""as_of"": ""2026-08-08T08:41:23Z"", ""listing_date"": null, ""reason_code"": ""twelve_month_return_available"", ""status"": ""full"", ""valid_trading_sessions"": null}","[""l1-snapshot.csv""]",[],67.9729,ranked,full,100.0,True,True,False
J,Jacobs Solutions Inc. Common Stock,nasdaqtrader:N:J,common_equity,eligible,N,Technology Services,145.07,16978792353.000002,165833100.22899997,,17.98145738451529,-0.22696011004127406,-2.578738835538247,13.874376632628838,3.0090245239206457,,,False,,,,2026-08-08T08:41:23Z,2026-08-08T08:41:23Z,full,"{""as_of"": ""2026-08-08T08:41:23Z"", ""listing_date"": null, ""reason_code"": ""twelve_month_return_available"", ""status"": ""full"", ""valid_trading_sessions"": null}","[""l1-snapshot.csv""]",[],67.9686,ranked,full,100.0,True,True,False
TTEK,"Tetra Tech, Inc. - Common Stock",nasdaqtrader:Q:TTEK,common_equity,eligible,Q,Industrial Services,35.44,9074214375.0,117375808.05866666,,15.477354187031594,-13.243574051407597,-5.493333333333339,17.848864163189624,3.482264340812285,,,False,,,,2026-08-08T08:41:23Z,2026-08-08T08:41:23Z,full,"{""as_of"": ""2026-08-08T08:41:23Z"", ""listing_date"": null, ""reason_code"": ""twelve_month_return_available"", ""status"": ""full"", ""valid_trading_sessions"": null}","[""l1-snapshot.csv""]",[],67.9622,ranked,full,100.0,True,True,False
NXE,Nexgen Energy Ltd. Common Shares,nasdaqtrader:N:NXE,common_equity,eligible,N,Non-Energy Minerals,10.43,6993378880.158402,58435326.71588889,,-16.49319455564452,-7.617360496014167,46.488764044943814,25.28653295128941,4.593147779214374,,,False,,,,2026-08-08T08:41:23Z,2026-08-08T08:41:23Z,full,"{""as_of"": ""2026-08-08T08:41:23Z"", ""listing_date"": null, ""reason_code"": ""twelve_month_return_available"", ""status"": ""full"", ""valid_trading_sessions"": null}","[""l1-snapshot.csv""]",[],67.9549,ranked,full,100.0,True,True,False
MGM,MGM Resorts International Common Stock,nasdaqtrader:N:MGM,common_equity,eligible,N,Consumer Services,44.47,11188329584.999998,185906113.10366666,,15.837457671268554,22.743582666298657,25.338218714768892,13.801124248885454,2.3432384835709,,,False,,,,2026-08-08T08:41:23Z,2026-08-08T08:41:23Z,full,"{""as_of"": ""2026-08-08T08:41:23Z"", ""listing_date"": null, ""reason_code"": ""twelve_month_return_available"", ""status"": ""full"", ""valid_trading_sessions"": null}","[""l1-snapshot.csv""]",[],67.9503,ranked,full,100.0,True,True,False
VFC,V.F. Corporation Common Stock,nasdaqtrader:N:VFC,common_equity,eligible,N,Consumer Non-Durables,14.99,5893086845.0,115074811.44722222,,-22.2106901920083,-25.902125556104796,20.69243156199678,32.689414860416974,4.15758033377101,,,False,,,,2026-08-08T08:41:23Z,2026-08-08T08:41:23Z,full,"{""as_of"": ""2026-08-08T08:41:23Z"", ""listing_date"": null, ""reason_code"": ""twelve_month_return_available"", ""status"": ""full"", ""valid_trading_sessions"": null}","[""l1-snapshot.csv""]",[],67.9419,ranked,full,100.0,True,True,False
GTX,Garrett Motion Inc. - Common Stock,nasdaqtrader:Q:GTX,common_equity,eligible,Q,Producer Manufacturing,29.85,5566828306.000001,79329109.26,,8.94160583941607,62.40478781284006,136.3420427553444,17.655172413793096,3.9521801252191793,,,False,,,,2026-08-08T08:41:23Z,2026-08-08T08:41:23Z,full,"{""as_of"": ""2026-08-08T08:41:23Z"", ""listing_date"": null, ""reason_code"": ""twelve_month_return_available"", ""status"": ""full"", ""valid_trading_sessions"": null}","[""l1-snapshot.csv""]",[],67.9138,ranked,full,100.0,True,True,False
LIN,Linde plc - Ordinary Shares,nasdaqtrader:Q:LIN,common_equity,eligible,Q,Process Industries,489.98,225871065613.0,1087938406.0937777,,-0.8137651821862312,7.476502264775888,3.5176304058479357,10.620211601605256,2.0213234256434,,,False,,,,2026-08-08T08:41:23Z,2026-08-08T08:41:23Z,full,"{""as_of"": ""2026-08-08T08:41:23Z"", ""listing_date"": null, ""reason_code"": ""twelve_month_return_available"", ""status"": ""full"", ""valid_trading_sessions"": null}","[""l1-snapshot.csv""]",[],67.9051,ranked,full,100.0,True,True,False
VSAT,"ViaSat, Inc. - Common Stock",nasdaqtrader:Q:VSAT,common_equity,eligible,Q,Electronic Technology,80.38,11072811919.0,192399304.208,,19.346696362286565,94.67183337369822,205.3023397143725,13.597671286328373,8.148977813457497,,,False,,,,2026-08-08T08:41:23Z,2026-08-08T08:41:23Z,full,"{""as_of"": ""2026-08-08T08:41:23Z"", ""listing_date"": null, ""reason_code"": ""twelve_month_return_available"", ""status"": ""full"", ""valid_trading_sessions"": null}","[""l1-snapshot.csv""]",[],67.8994,ranked,full,100.0,True,True,False
DINO,HF Sinclair Corporation Common Stock,nasdaqtrader:N:DINO,common_equity,eligible,N,Energy Minerals,81.41,14473383391.0,203318046.73444444,,15.968660968660958,43.75772558714461,85.57100524276271,13.595839524517094,4.350871849100858,,,False,,,,2026-08-08T08:41:23Z,2026-08-08T08:41:23Z,full,"{""as_of"": ""2026-08-08T08:41:23Z"", ""listing_date"": null, ""reason_code"": ""twelve_month_return_available"", ""status"": ""full"", ""valid_trading_sessions"": null}","[""l1-snapshot.csv""]",[],67.899,ranked,full,100.0,True,True,False
FICO,Fair Isaac Corporation Common Stock,nasdaqtrader:N:FICO,common_equity,eligible,N,Commercial Services,1041.4,22491777897.0,367218525.8555556,,-7.18360071301247,-23.728751492247635,-25.26731252242554,47.87813874805431,5.231844829683103,,,False,,,,2026-08-08T08:41:23Z,2026-08-08T08:41:23Z,full,"{""as_of"": ""2026-08-08T08:41:23Z"", ""listing_date"": null, ""reason_code"": ""twelve_month_return_available"", ""status"": ""full"", ""valid_trading_sessions"": null}","[""l1-snapshot.csv""]",[],67.8915,ranked,full,100.0,True,True,False
DDS,"Dillard's, Inc. Common Stock",nasdaqtrader:N:DDS,common_equity,eligible,N,Retail Trade,612.14,9561303108.0,69590584.974,,9.702508960573473,-4.625835501612585,29.72090953400157,17.498568011051585,3.939573192633768,,,False,,,,2026-08-08T08:41:23Z,2026-08-08T08:41:23Z,full,"{""as_of"": ""2026-08-08T08:41:23Z"", ""listing_date"": null, ""reason_code"": ""twelve_month_return_available"", ""status"": ""full"", ""valid_trading_sessions"": null}","[""l1-snapshot.csv""]",[],67.8746,ranked,full,100.0,True,True,False
FLS,Flowserve Corporation Common Stock,nasdaqtrader:N:FLS,common_equity,eligible,N,Producer Manufacturing,79.95,10162666190.0,181621857.12666667,,10.64212565734846,3.7907308840711433,46.885908506338424,13.48338924358835,3.955955090493677,,,False,,,,2026-08-08T08:41:23Z,2026-08-08T08:41:23Z,full,"{""as_of"": ""2026-08-08T08:41:23Z"", ""listing_date"": null, ""reason_code"": ""twelve_month_return_available"", ""status"": ""full"", ""valid_trading_sessions"": null}","[""l1-snapshot.csv""]",[],67.8708,ranked,full,100.0,True,True,False
CDW,CDW Corporation - Common Stock,nasdaqtrader:Q:CDW,common_equity,eligible,Q,Technology Services,135.81,16978617293.0,278072308.956,,23.869025902955126,-3.3724653148345847,-18.632796117668203,20.833576216846406,5.273679491169064,,,False,,,,2026-08-08T08:41:23Z,2026-08-08T08:41:23Z,full,"{""as_of"": ""2026-08-08T08:41:23Z"", ""listing_date"": null, ""reason_code"": ""twelve_month_return_available"", ""status"": ""full"", ""valid_trading_sessions"": null}","[""l1-snapshot.csv""]",[],67.8611,ranked,full,100.0,True,True,False
FMX,Fomento Economico Mexicano S.A.B. de C.V. Common Stock,nasdaqtrader:N:FMX,common_equity,eligible,N,Consumer Non-Durables,122.46,24528224040.204002,62988471.17333333,,1.2066115702479288,13.388888888888882,37.73478798785288,13.437477910511063,3.2907258107697794,,,False,,,,2026-08-08T08:41:23Z,2026-08-08T08:41:23Z,full,"{""as_of"": ""2026-08-08T08:41:23Z"", ""listing_date"": null, ""reason_code"": ""twelve_month_return_available"", ""status"": ""full"", ""valid_trading_sessions"": null}","[""l1-snapshot.csv""]",[],67.8594,ranked,full,100.0,True,True,False
CW,Curtiss-Wright Corporation Common Stock,nasdaqtrader:N:CW,common_equity,eligible,N,Electronic Technology,691.52,25540907732.0,186816602.1048889,,-5.954032367741055,8.762051556282543,35.895924222772464,14.432785587012475,4.401476519620016,,,False,,,,2026-08-08T08:41:23Z,2026-08-08T08:41:23Z,full,"{""as_of"": ""2026-08-08T08:41:23Z"", ""listing_date"": null, ""reason_code"": ""twelve_month_return_available"", ""status"": ""full"", ""valid_trading_sessions"": null}","[""l1-snapshot.csv""]",[],67.8582,ranked,full,100.0,True,True,False
TEL,TE Connectivity plc Ordinary Shares,nasdaqtrader:N:TEL,common_equity,eligible,N,Electronic Technology,216.33,62630394139.00001,573585801.2736666,,1.8502824858757094,1.3302730807063579,7.1789536266349625,14.345106113398787,3.578128333504623,,,False,,,,2026-08-08T08:41:23Z,2026-08-08T08:41:23Z,full,"{""as_of"": ""2026-08-08T08:41:23Z"", ""listing_date"": null, ""reason_code"": ""twelve_month_return_available"", ""status"": ""full"", ""valid_trading_sessions"": null}","[""l1-snapshot.csv""]",[],67.8363,ranked,full,100.0,True,True,False
QTWO,"Q2 Holdings, Inc. Common Stock",nasdaqtrader:N:QTWO,common_equity,eligible,N,Technology Services,62.81,3916498439.0,54645572.36111111,,25.54467319608235,12.361359570661902,-18.428571428571427,26.270689048010322,5.0227808720096645,,,False,,,,2026-08-08T08:41:23Z,2026-08-08T08:41:23Z,full,"{""as_of"": ""2026-08-08T08:41:23Z"", ""listing_date"": null, ""reason_code"": ""twelve_month_return_available"", ""status"": ""full"", ""valid_trading_sessions"": null}","[""l1-snapshot.csv""]",[],67.8361,ranked,full,100.0,True,True,False
GIS,"General Mills, Inc. Common Stock",nasdaqtrader:N:GIS,common_equity,eligible,N,Consumer Non-Durables,36.89,19688501592.0,361739300.545,,3.5072951739618405,-23.65480132450331,-25.39939332659252,28.131696863432687,3.187459133866713,,,False,,,,2026-08-08T08:41:23Z,2026-08-08T08:41:23Z,full,"{""as_of"": ""2026-08-08T08:41:23Z"", ""listing_date"": null, ""reason_code"": ""twelve_month_return_available"", ""status"": ""full"", ""valid_trading_sessions"": null}","[""l1-snapshot.csv""]",[],67.8342,ranked,full,100.0,True,True,False
UGI,UGI Corporation Common Stock,nasdaqtrader:N:UGI,common_equity,eligible,N,Distribution Services,34.18,7331437955.0,57182805.036,,5.039950829748005,-10.45323552528164,-0.625090856229113,17.319787131107887,2.025519151307131,,,False,,,,2026-08-08T08:41:23Z,2026-08-08T08:41:23Z,full,"{""as_of"": ""2026-08-08T08:41:23Z"", ""listing_date"": null, ""reason_code"": ""twelve_month_return_available"", ""status"": ""full"", ""valid_trading_sessions"": null}","[""l1-snapshot.csv""]",[],67.8299,ranked,full,100.0,True,True,False
SHAZ,"SharonAI Holdings, Inc. - Class A Common Stock",nasdaqtrader:Q:SHAZ,common_equity,eligible,Q,Technology Services,49.79,1751809394.0,60518209.80833334,,-6.6028887638341835,64.6494708994709,64.6494708994709,48.92285597045548,14.849025019950648,,,False,,,,2026-08-08T08:41:23Z,2026-08-08T08:41:23Z,full,"{""as_of"": ""2026-08-08T08:41:23Z"", ""listing_date"": null, ""reason_code"": ""twelve_month_return_available"", ""status"": ""full"", ""valid_trading_sessions"": null}","[""l1-snapshot.csv""]",[],67.8218,ranked,full,100.0,True,True,False
LEA,Lear Corporation Common Stock,nasdaqtrader:N:LEA,common_equity,eligible,N,Producer Manufacturing,122.84,6059053860.000001,78250855.72044444,,-9.775982372383401,-9.329790374963085,27.69230769230769,18.2864365063527,3.534097365445614,,,False,,,,2026-08-08T08:41:23Z,2026-08-08T08:41:23Z,full,"{""as_of"": ""2026-08-08T08:41:23Z"", ""listing_date"": null, ""reason_code"": ""twelve_month_return_available"", ""status"": ""full"", ""valid_trading_sessions"": null}","[""l1-snapshot.csv""]",[],67.8216,ranked,full,100.0,True,True,False
NEE,"NextEra Energy, Inc. Common Stock",nasdaqtrader:N:NEE,common_equity,eligible,N,Utilities,84.65,176578063864.0,934772091.6716667,,-9.831700042607574,-6.495084502374898,19.782085750672145,14.278481012658217,2.093966485737691,,,False,,,,2026-08-08T08:41:23Z,2026-08-08T08:41:23Z,full,"{""as_of"": ""2026-08-08T08:41:23Z"", ""listing_date"": null, ""reason_code"": ""twelve_month_return_available"", ""status"": ""full"", ""valid_trading_sessions"": null}","[""l1-snapshot.csv""]",[],67.8196,ranked,full,100.0,True,True,False
RMD,ResMed Inc. Common Stock,nasdaqtrader:N:RMD,common_equity,eligible,N,Health Technology,211.94,30743253025.0,306300166.99866664,,2.4904492480294045,-20.63658490919304,-25.06452639394689,27.864946734284057,3.233067751977599,,,False,,,,2026-08-08T08:41:23Z,2026-08-08T08:41:23Z,full,"{""as_of"": ""2026-08-08T08:41:23Z"", ""listing_date"": null, ""reason_code"": ""twelve_month_return_available"", ""status"": ""full"", ""valid_trading_sessions"": null}","[""l1-snapshot.csv""]",[],67.7987,ranked,full,100.0,True,True,False
BWA,BorgWarner Inc. Common Stock,nasdaqtrader:N:BWA,common_equity,eligible,N,Producer Manufacturing,68.42,13934852428.0,188382823.3955556,,15.946449754278943,35.43151227236737,79.20377160817182,13.194620654656164,3.6140702879018556,,,False,,,,2026-08-08T08:41:23Z,2026-08-08T08:41:23Z,full,"{""as_of"": ""2026-08-08T08:41:23Z"", ""listing_date"": null, ""reason_code"": ""twelve_month_return_available"", ""status"": ""full"", ""valid_trading_sessions"": null}","[""l1-snapshot.csv""]",[],67.7987,ranked,full,100.0,True,True,False
FOXA,Fox Corporation - Class A Common Stock,nasdaqtrader:Q:FOXA,common_equity,eligible,Q,Consumer Services,64.03,25328457996.000004,334797489.994,,2.186402808809455,-3.0142381096637307,17.443140132061625,16.180128289043072,2.9856963130144507,,,False,,,,2026-08-08T08:41:23Z,2026-08-08T08:41:23Z,full,"{""as_of"": ""2026-08-08T08:41:23Z"", ""listing_date"": null, ""reason_code"": ""twelve_month_return_available"", ""status"": ""full"", ""valid_trading_sessions"": null}","[""l1-snapshot.csv""]",[],67.795,ranked,full,100.0,True,True,False
RYN,Rayonier Inc. REIT Common Stock,nasdaqtrader:N:RYN,common_equity,eligible,N,Finance,21.79,6588890457.999999,54704586.21911111,,6.292682926829264,-3.7969094922737283,-13.668779714738509,20.28534845436254,2.7322836002103514,,,False,,,,2026-08-08T08:41:23Z,2026-08-08T08:41:23Z,full,"{""as_of"": ""2026-08-08T08:41:23Z"", ""listing_date"": null, ""reason_code"": ""twelve_month_return_available"", ""status"": ""full"", ""valid_trading_sessions"": null}","[""l1-snapshot.csv""]",[],67.788,ranked,full,100.0,True,True,False
DTM,"DT Midstream, Inc. Common Stock",nasdaqtrader:N:DTM,common_equity,eligible,N,Industrial Services,131.44,13408890878.000002,100399299.01155555,,-9.226519337016583,2.3357209592027406,25.743805606046106,14.024071166928309,2.6233658226691383,,,False,,,,2026-08-08T08:41:23Z,2026-08-08T08:41:23Z,full,"{""as_of"": ""2026-08-08T08:41:23Z"", ""listing_date"": null, ""reason_code"": ""twelve_month_return_available"", ""status"": ""full"", ""valid_trading_sessions"": null}","[""l1-snapshot.csv""]",[],67.756,ranked,full,100.0,True,True,False
SSNC,"SS&C Technologies Holdings, Inc. - Common Stock",nasdaqtrader:Q:SSNC,common_equity,eligible,Q,Technology Services,79.23,18591716341.0,185416841.05833337,,13.185714285714292,3.150631428199455,-8.404624277456643,13.000988250796075,2.926442760661561,,,False,,,,2026-08-08T08:41:23Z,2026-08-08T08:41:23Z,full,"{""as_of"": ""2026-08-08T08:41:23Z"", ""listing_date"": null, ""reason_code"": ""twelve_month_return_available"", ""status"": ""full"", ""valid_trading_sessions"": null}","[""l1-snapshot.csv""]",[],67.7502,ranked,full,100.0,True,True,False
PENG,"Penguin Solutions, Inc. - Common Stock",nasdaqtrader:Q:PENG,common_equity,eligible,Q,Electronic Technology,58.43,2994110899.0,195118476.94277778,,46.11152788197048,225.1530328324986,149.80761008978195,34.9766303138215,11.0334742046273,,,False,,,,2026-08-08T08:41:23Z,2026-08-08T08:41:23Z,full,"{""as_of"": ""2026-08-08T08:41:23Z"", ""listing_date"": null, ""reason_code"": ""twelve_month_return_available"", ""status"": ""full"", ""valid_trading_sessions"": null}","[""l1-snapshot.csv""]",[],67.7469,ranked,full,100.0,True,True,False
RARE,Ultragenyx Pharmaceutical Inc. - Common Stock,nasdaqtrader:Q:RARE,common_equity,eligible,Q,Health Technology,25.91,2554437731.0,54286102.86022222,,-0.5374280230326317,6.845360824742268,-7.348471303414982,35.046214705978194,5.954140783235672,,,False,,,,2026-08-08T08:41:23Z,2026-08-08T08:41:23Z,full,"{""as_of"": ""2026-08-08T08:41:23Z"", ""listing_date"": null, ""reason_code"": ""twelve_month_return_available"", ""status"": ""full"", ""valid_trading_sessions"": null}","[""l1-snapshot.csv""]",[],67.7469,ranked,full,100.0,True,True,False
GTLB,GitLab Inc. - Class A Common Stock,nasdaqtrader:Q:GTLB,common_equity,eligible,Q,Technology Services,38.97,6582033325.0,222437670.11200002,,53.90995260663506,25.507246376811587,-12.308730873087306,25.601374570446744,6.702385661388003,,,False,,,,2026-08-08T08:41:23Z,2026-08-08T08:41:23Z,full,"{""as_of"": ""2026-08-08T08:41:23Z"", ""listing_date"": null, ""reason_code"": ""twelve_month_return_available"", ""status"": ""full"", ""valid_trading_sessions"": null}","[""l1-snapshot.csv""]",[],67.7468,ranked,full,100.0,True,True,False
BDC,Belden Inc Common Stock,nasdaqtrader:N:BDC,common_equity,eligible,N,Producer Manufacturing,132.82,5190365462.0,71018448.16111112,,17.373630258041707,-0.851000298596607,13.608758874347785,16.982311394462158,4.310382874233525,,,False,,,,2026-08-08T08:41:23Z,2026-08-08T08:41:23Z,full,"{""as_of"": ""2026-08-08T08:41:23Z"", ""listing_date"": null, ""reason_code"": ""twelve_month_return_available"", ""status"": ""full"", ""valid_trading_sessions"": null}","[""l1-snapshot.csv""]",[],67.7456,ranked,full,100.0,True,True,False
