ticker,company,contract_id,security_type,instrument_status,exchange,sector,price,market_cap,avg_dollar_volume,return_1m,return_3m,return_6m,return_12m,drawdown_52w,historical_volatility,profitable,fcf_positive,quality_seed,quality_prior_score,trading_history_days,listing_date,as_of,retrieved_at,momentum_history_status,history_evidence,sources,source_conflicts,l1_score,l1_status,history_sufficiency,opportunity_coverage_pct,rankable,selected_for_next_stage,limited_history_recheck
SNDK,Sandisk Corporation - Common Stock When-Issued,nasdaqtrader:Q:SNDK,common_equity,eligible,Q,,1528.11,,21567247866.373177,-5.380185758513933,5.588607201343243,154.965462008209,3163.1005765534915,34.55631691648823,150.1304988600581,,,False,,277.0,,2026-08-13,,full,"{""as_of"": ""2026-08-13"", ""listing_date"": null, ""reason_code"": ""valid_trading_sessions"", ""status"": ""full"", ""valid_trading_sessions"": 277}","[""l1.csv""]",[],69.9408,ranked,full,100.0,True,True,False
ALAB,"Astera Labs, Inc. - Common Stock",nasdaqtrader:Q:ALAB,common_equity,eligible,Q,,322.78,,1963671103.669127,-7.940220181392965,44.04034093444598,124.60510750817618,68.11458333333331,33.17460974700841,114.21109465424237,,,False,,277.0,,2026-08-13,,full,"{""as_of"": ""2026-08-13"", ""listing_date"": null, ""reason_code"": ""valid_trading_sessions"", ""status"": ""full"", ""valid_trading_sessions"": 277}","[""l1.csv""]",[],69.5066,ranked,full,100.0,True,True,False
KLAC,KLA Corporation  - Common Stock,nasdaqtrader:Q:KLAC,common_equity,eligible,Q,,209.37,,2810108194.4279366,-6.739420935412022,13.19132832351193,41.514025008448804,123.80545163014433,30.60554837426668,73.1043388035605,,,False,,277.0,,2026-08-13,,full,"{""as_of"": ""2026-08-13"", ""listing_date"": null, ""reason_code"": ""valid_trading_sessions"", ""status"": ""full"", ""valid_trading_sessions"": 277}","[""l1.csv""]",[],69.4141,ranked,full,100.0,True,True,False
ON,ON Semiconductor Corporation - Common Stock,nasdaqtrader:Q:ON,common_equity,eligible,Q,,81.56,,1219559787.9185712,-11.865139399178737,-29.51343876933713,14.582747962910926,63.08738252349531,39.10251623982678,56.819854074715934,,,False,,277.0,,2026-08-13,,full,"{""as_of"": ""2026-08-13"", ""listing_date"": null, ""reason_code"": ""valid_trading_sessions"", ""status"": ""full"", ""valid_trading_sessions"": 277}","[""l1.csv""]",[],69.2265,ranked,full,100.0,True,True,False
IBM,International Business Machines Corporation Common Stock,nasdaqtrader:N:IBM,common_equity,eligible,N,,237.14,,2835732603.1033335,12.282196969696969,10.482668654491235,-13.075033906381739,1.0094986582612764,27.971327035810845,91.70393347917474,,,False,,277.0,,2026-08-13,,full,"{""as_of"": ""2026-08-13"", ""listing_date"": null, ""reason_code"": ""valid_trading_sessions"", ""status"": ""full"", ""valid_trading_sessions"": 277}","[""l1.csv""]",[],69.0628,ranked,full,100.0,True,True,False
INSM,Insmed Incorporated - Common Stock,nasdaqtrader:Q:INSM,common_equity,eligible,Q,,126.33,,392020478.9487302,15.044167197887258,7.068395626748036,-14.889173347705997,3.5491803278688616,40.244075493117634,92.01972017241381,,,False,,277.0,,2026-08-13,,full,"{""as_of"": ""2026-08-13"", ""listing_date"": null, ""reason_code"": ""valid_trading_sessions"", ""status"": ""full"", ""valid_trading_sessions"": 277}","[""l1.csv""]",[],68.6504,ranked,full,100.0,True,True,False
HOOD,"Robinhood Markets, Inc. - Class A Common Stock",nasdaqtrader:Q:HOOD,common_equity,eligible,Q,,99.37,,2488650482.4749207,-13.99515319369915,29.472312703583057,27.44645376426831,-12.902094837409061,34.822248458612094,57.93976210181073,,,False,,277.0,,2026-08-13,,full,"{""as_of"": ""2026-08-13"", ""listing_date"": null, ""reason_code"": ""valid_trading_sessions"", ""status"": ""full"", ""valid_trading_sessions"": 277}","[""l1.csv""]",[],68.4763,ranked,full,100.0,True,True,False
QCOM,QUALCOMM Incorporated - Common Stock,nasdaqtrader:Q:QCOM,common_equity,eligible,Q,,164.79,,3633251242.58619,-7.410945050005613,-22.695501243139283,16.83919455473624,7.1944317960059845,34.35184447454387,48.321594709562184,,,False,,277.0,,2026-08-13,,full,"{""as_of"": ""2026-08-13"", ""listing_date"": null, ""reason_code"": ""valid_trading_sessions"", ""status"": ""full"", ""valid_trading_sessions"": 277}","[""l1.csv""]",[],68.4136,ranked,full,100.0,True,True,False
NOW,"ServiceNow, Inc. Common Stock",nasdaqtrader:N:NOW,common_equity,eligible,N,,127.25,,2950463164.5366664,21.502912250549034,46.180356117174036,26.51620600517002,-25.449645556271605,33.803256515632306,55.55785668998124,,,False,,277.0,,2026-08-13,,full,"{""as_of"": ""2026-08-13"", ""listing_date"": null, ""reason_code"": ""valid_trading_sessions"", ""status"": ""full"", ""valid_trading_sessions"": 277}","[""l1.csv""]",[],68.3404,ranked,full,100.0,True,True,False
GLW,Corning Incorporated Common Stock,nasdaqtrader:N:GLW,common_equity,eligible,N,,158.54,,2637964637.829206,-9.099248896278889,-23.228899326909115,19.292701279157253,141.12547528517106,37.99522859712934,88.19208481106203,,,False,,277.0,,2026-08-13,,full,"{""as_of"": ""2026-08-13"", ""listing_date"": null, ""reason_code"": ""valid_trading_sessions"", ""status"": ""full"", ""valid_trading_sessions"": 277}","[""l1.csv""]",[],68.3003,ranked,full,100.0,True,True,False
LRCX,Lam Research Corporation - Common Stock,nasdaqtrader:Q:LRCX,common_equity,eligible,Q,,337.01,,3897553699.0425396,0.47103717616192586,14.070538857297588,43.335318135420195,220.108282674772,22.22786329125609,86.12719694367638,,,False,,277.0,,2026-08-13,,full,"{""as_of"": ""2026-08-13"", ""listing_date"": null, ""reason_code"": ""valid_trading_sessions"", ""status"": ""full"", ""valid_trading_sessions"": 277}","[""l1.csv""]",[],68.297,ranked,full,100.0,True,True,False
RIVN,"Rivian Automotive, Inc. - Class A Common Stock",nasdaqtrader:Q:RIVN,common_equity,eligible,Q,,15.82,,543897537.0046825,-11.123595505617978,10.861948142957267,7.1815718157181685,32.163742690058484,29.532293986636972,86.4895860362024,,,False,,277.0,,2026-08-13,,full,"{""as_of"": ""2026-08-13"", ""listing_date"": null, ""reason_code"": ""valid_trading_sessions"", ""status"": ""full"", ""valid_trading_sessions"": 277}","[""l1.csv""]",[],68.271,ranked,full,100.0,True,True,False
SMCI,"Super Micro Computer, Inc. - Common Stock",nasdaqtrader:Q:SMCI,common_equity,eligible,Q,,39.16,,1888913523.9852383,45.63034585347712,22.37499999999999,22.22222222222221,-15.657979754469098,33.2651670074983,101.45669480685811,,,False,,277.0,,2026-08-13,,full,"{""as_of"": ""2026-08-13"", ""listing_date"": null, ""reason_code"": ""valid_trading_sessions"", ""status"": ""full"", ""valid_trading_sessions"": 277}","[""l1.csv""]",[],68.2687,ranked,full,100.0,True,True,False
RIOT,"Riot Platforms, Inc. - Common Stock",nasdaqtrader:Q:RIOT,common_equity,eligible,Q,,19.21,,424490760.1011111,-4.427860696517416,-22.91332263242376,29.7972972972973,67.91958041958044,33.04287208086441,105.27130782870609,,,False,,277.0,,2026-08-13,,full,"{""as_of"": ""2026-08-13"", ""listing_date"": null, ""reason_code"": ""valid_trading_sessions"", ""status"": ""full"", ""valid_trading_sessions"": 277}","[""l1.csv""]",[],68.239,ranked,full,100.0,True,True,False
MU,"Micron Technology, Inc. - Common Stock",nasdaqtrader:Q:MU,common_equity,eligible,Q,,949.83,,47486070924.69936,5.037156632901318,18.192451750183558,131.47389969293758,643.5068493150685,21.731929200039545,95.28773238837391,,,False,,277.0,,2026-08-13,,full,"{""as_of"": ""2026-08-13"", ""listing_date"": null, ""reason_code"": ""valid_trading_sessions"", ""status"": ""full"", ""valid_trading_sessions"": 277}","[""l1.csv""]",[],68.2309,ranked,full,100.0,True,True,False
ADBE,Adobe Inc. - Common Stock,nasdaqtrader:Q:ADBE,common_equity,eligible,Q,,270.49,,1491341413.6461906,20.453330958318496,14.580421061549554,5.183543319334261,-20.07505244806902,26.389266858977845,50.96333609371282,,,False,,277.0,,2026-08-13,,full,"{""as_of"": ""2026-08-13"", ""listing_date"": null, ""reason_code"": ""valid_trading_sessions"", ""status"": ""full"", ""valid_trading_sessions"": 277}","[""l1.csv""]",[],68.1019,ranked,full,100.0,True,True,False
RDW,Redwire Corporation Common Stock,nasdaqtrader:N:RDW,common_equity,eligible,N,,13.2,,562901851.3879366,41.025641025641036,15.183246073298417,46.503884572697004,40.12738853503184,49.034749034749034,102.16459981893632,,,False,,277.0,,2026-08-13,,full,"{""as_of"": ""2026-08-13"", ""listing_date"": null, ""reason_code"": ""valid_trading_sessions"", ""status"": ""full"", ""valid_trading_sessions"": 277}","[""l1.csv""]",[],68.0644,ranked,full,100.0,True,True,False
FSLR,"First Solar, Inc. - Common Stock",nasdaqtrader:Q:FSLR,common_equity,eligible,Q,,223.69,,619471766.8239683,-0.0580823876329184,-4.65046888320545,-1.7783437253007905,21.09023980945164,29.712490180675566,52.35184553769139,,,False,,277.0,,2026-08-13,,full,"{""as_of"": ""2026-08-13"", ""listing_date"": null, ""reason_code"": ""valid_trading_sessions"", ""status"": ""full"", ""valid_trading_sessions"": 277}","[""l1.csv""]",[],68.045,ranked,full,100.0,True,True,False
ACN,Accenture plc Class A Ordinary Shares (Ireland),nasdaqtrader:N:ACN,common_equity,eligible,N,,178.49,,1268800934.7450795,30.265654648956364,11.807817589576564,-22.54046782103024,-24.96321520158069,38.14029250710473,47.793975752133534,,,False,,277.0,,2026-08-13,,full,"{""as_of"": ""2026-08-13"", ""listing_date"": null, ""reason_code"": ""valid_trading_sessions"", ""status"": ""full"", ""valid_trading_sessions"": 277}","[""l1.csv""]",[],68.0406,ranked,full,100.0,True,True,False
NU,Nu Holdings Ltd. Class A Ordinary Shares,nasdaqtrader:N:NU,common_equity,eligible,N,,13.93,,1005042747.1628572,0.36023054755043304,8.65834633385334,-19.988512349224585,13.807189542483655,25.74626865671642,33.28755750158183,,,False,,277.0,,2026-08-13,,full,"{""as_of"": ""2026-08-13"", ""listing_date"": null, ""reason_code"": ""valid_trading_sessions"", ""status"": ""full"", ""valid_trading_sessions"": 277}","[""l1.csv""]",[],68.0162,ranked,full,100.0,True,True,False
ASTS,"AST SpaceMobile, Inc. - Class A Common Stock",nasdaqtrader:Q:ASTS,common_equity,eligible,Q,,71.52,,1761446363.1349206,7.857035137988233,-4.397807779708607,-26.207181180354933,43.7299035369775,46.261928018634016,99.2649097595881,,,False,,277.0,,2026-08-13,,full,"{""as_of"": ""2026-08-13"", ""listing_date"": null, ""reason_code"": ""valid_trading_sessions"", ""status"": ""full"", ""valid_trading_sessions"": 277}","[""l1.csv""]",[],67.9992,ranked,full,100.0,True,True,False
MKSI,MKS Inc. - Common Stock,nasdaqtrader:Q:MKSI,common_equity,eligible,Q,,306.29,,469669012.7438095,-13.428490672696435,-3.4729444391919495,18.235861802740793,196.0753987433543,31.1398381294964,85.28474206256652,,,False,,277.0,,2026-08-13,,full,"{""as_of"": ""2026-08-13"", ""listing_date"": null, ""reason_code"": ""valid_trading_sessions"", ""status"": ""full"", ""valid_trading_sessions"": 277}","[""l1.csv""]",[],67.9853,ranked,full,100.0,True,True,False
SPOT,Spotify Technology S.A. Ordinary Shares,nasdaqtrader:N:SPOT,common_equity,eligible,N,,498.24,,981326612.9895239,2.6494705179447076,15.627755859828273,2.272307408091634,-27.72321752375426,32.53625445141023,36.64399353639252,,,False,,277.0,,2026-08-13,,full,"{""as_of"": ""2026-08-13"", ""listing_date"": null, ""reason_code"": ""valid_trading_sessions"", ""status"": ""full"", ""valid_trading_sessions"": 277}","[""l1.csv""]",[],67.9215,ranked,full,100.0,True,True,False
CLS,"Celestica, Inc. Common Stock",nasdaqtrader:N:CLS,common_equity,eligible,N,,347.63,,866711449.160635,3.841443379036358,-6.689035028855194,17.569669913419904,62.8624970719138,26.411939034716337,94.19569608513098,,,False,,277.0,,2026-08-13,,full,"{""as_of"": ""2026-08-13"", ""listing_date"": null, ""reason_code"": ""valid_trading_sessions"", ""status"": ""full"", ""valid_trading_sessions"": 277}","[""l1.csv""]",[],67.8549,ranked,full,100.0,True,True,False
VRSK,"Verisk Analytics, Inc. - Common Stock",nasdaqtrader:Q:VRSK,common_equity,eligible,Q,,185.94,,420394131.92007935,-3.125976867771174,15.15451786709605,7.003510387293543,-28.484615384615385,31.89759367102516,41.947382871874545,,,False,,277.0,,2026-08-13,,full,"{""as_of"": ""2026-08-13"", ""listing_date"": null, ""reason_code"": ""valid_trading_sessions"", ""status"": ""full"", ""valid_trading_sessions"": 277}","[""l1.csv""]",[],67.8363,ranked,full,100.0,True,True,False
IONQ,"IonQ, Inc. Common Stock",nasdaqtrader:N:IONQ,common_equity,eligible,N,,44.98,,1290935281.2798414,19.914689416155685,-18.60296778863555,33.82921749479322,4.604651162790696,45.2064806919235,85.58824873284001,,,False,,277.0,,2026-08-13,,full,"{""as_of"": ""2026-08-13"", ""listing_date"": null, ""reason_code"": ""valid_trading_sessions"", ""status"": ""full"", ""valid_trading_sessions"": 277}","[""l1.csv""]",[],67.8196,ranked,full,100.0,True,True,False
MTZ,"MasTec, Inc. Common Stock",nasdaqtrader:N:MTZ,common_equity,eligible,N,,286.11,,465269152.9773016,-20.016214251768183,-32.48778876330258,7.9701120797011304,55.16568143608658,34.60492331603848,92.23029192674441,,,False,,277.0,,2026-08-13,,full,"{""as_of"": ""2026-08-13"", ""listing_date"": null, ""reason_code"": ""valid_trading_sessions"", ""status"": ""full"", ""valid_trading_sessions"": 277}","[""l1.csv""]",[],67.6973,ranked,full,100.0,True,True,False
TYL,"Tyler Technologies, Inc. Common Stock",nasdaqtrader:N:TYL,common_equity,eligible,N,,328.95,,259331494.02015874,8.378360569319977,10.167788606450312,-3.0361090641120136,-41.66932652409832,43.31380320523866,49.09636299522718,,,False,,277.0,,2026-08-13,,full,"{""as_of"": ""2026-08-13"", ""listing_date"": null, ""reason_code"": ""valid_trading_sessions"", ""status"": ""full"", ""valid_trading_sessions"": 277}","[""l1.csv""]",[],67.6957,ranked,full,100.0,True,True,False
MOD,Modine Manufacturing Company Common Stock,nasdaqtrader:N:MOD,common_equity,eligible,N,,203.51,,393921100.97444445,-12.26504569753406,-27.1095988538682,-7.2847380410022815,43.195890796509985,33.68633712405096,76.36984848146872,,,False,,277.0,,2026-08-13,,full,"{""as_of"": ""2026-08-13"", ""listing_date"": null, ""reason_code"": ""valid_trading_sessions"", ""status"": ""full"", ""valid_trading_sessions"": 277}","[""l1.csv""]",[],67.5748,ranked,full,100.0,True,True,False
EFX,"Equifax, Inc. Common Stock",nasdaqtrader:N:EFX,common_equity,eligible,N,,185.58,,285676360.0353968,8.140551249927164,16.031011629361025,-6.082995951416992,-22.99265529690029,29.257042656196386,46.39911778786037,,,False,,277.0,,2026-08-13,,full,"{""as_of"": ""2026-08-13"", ""listing_date"": null, ""reason_code"": ""valid_trading_sessions"", ""status"": ""full"", ""valid_trading_sessions"": 277}","[""l1.csv""]",[],67.4843,ranked,full,100.0,True,True,False
CAT,"Caterpillar, Inc. Common Stock",nasdaqtrader:N:CAT,common_equity,eligible,N,,854.6,,2979403342.9450793,-6.5295854752269396,-5.286490080904349,10.270967741935477,107.07033994814763,19.74833317682412,39.16439173804765,,,False,,277.0,,2026-08-13,,full,"{""as_of"": ""2026-08-13"", ""listing_date"": null, ""reason_code"": ""valid_trading_sessions"", ""status"": ""full"", ""valid_trading_sessions"": 277}","[""l1.csv""]",[],67.4371,ranked,full,100.0,True,True,False
TXN,Texas Instruments Incorporated - Common Stock,nasdaqtrader:Q:TXN,common_equity,eligible,Q,,273.43,,2540976773.9061904,-9.21677346525449,-10.742965332636933,20.68767655367232,41.69560035238638,17.710966654628614,38.42957268971393,,,False,,277.0,,2026-08-13,,full,"{""as_of"": ""2026-08-13"", ""listing_date"": null, ""reason_code"": ""valid_trading_sessions"", ""status"": ""full"", ""valid_trading_sessions"": 277}","[""l1.csv""]",[],67.4277,ranked,full,100.0,True,True,False
TEM,"Tempus AI, Inc. - Class A Common Stock",nasdaqtrader:Q:TEM,common_equity,eligible,Q,,54.29,,304972758.13,-5.170305676855902,18.278867102396525,1.2684200708823035,-18.164003617726866,47.41888619854721,72.68572606895198,,,False,,277.0,,2026-08-13,,full,"{""as_of"": ""2026-08-13"", ""listing_date"": null, ""reason_code"": ""valid_trading_sessions"", ""status"": ""full"", ""valid_trading_sessions"": 277}","[""l1.csv""]",[],67.4221,ranked,full,100.0,True,True,False
CVNA,Carvana Co. Class A Common Stock,nasdaqtrader:N:CVNA,common_equity,eligible,N,,73.7,,712950900.8136508,4.405723190253585,5.436337625178833,1.2223595659936803,6.780643291799482,22.98045772808025,57.7694708260441,,,False,,277.0,,2026-08-13,,full,"{""as_of"": ""2026-08-13"", ""listing_date"": null, ""reason_code"": ""valid_trading_sessions"", ""status"": ""full"", ""valid_trading_sessions"": 277}","[""l1.csv""]",[],67.3974,ranked,full,100.0,True,True,False
CORZ,"Core Scientific, Inc. - Common Stock",nasdaqtrader:Q:CORZ,common_equity,eligible,Q,,19.78,,311547350.1820635,-12.940140845070413,-17.58333333333333,9.34217799889443,30.90668431502317,32.167352537722905,107.90869557904914,,,False,,277.0,,2026-08-13,,full,"{""as_of"": ""2026-08-13"", ""listing_date"": null, ""reason_code"": ""valid_trading_sessions"", ""status"": ""full"", ""valid_trading_sessions"": 277}","[""l1.csv""]",[],67.3723,ranked,full,100.0,True,True,False
NVMI,Nova Ltd. - Ordinary Shares,nasdaqtrader:Q:NVMI,common_equity,eligible,Q,,411.5,,250766022.0884127,-12.90636640704369,-18.296436017075347,-13.519534287455603,51.56537753222836,32.056468257244276,63.27460763737878,,,False,,277.0,,2026-08-13,,full,"{""as_of"": ""2026-08-13"", ""listing_date"": null, ""reason_code"": ""valid_trading_sessions"", ""status"": ""full"", ""valid_trading_sessions"": 277}","[""l1.csv""]",[],67.3575,ranked,full,100.0,True,True,False
CDE,"Coeur Mining, Inc. Common Stock",nasdaqtrader:N:CDE,common_equity,eligible,N,,18.45,,587201597.4538095,15.964802011313628,-6.5349544072948245,-20.06065857885615,55.56492411467116,32.04419889502762,75.92974672797293,,,False,,277.0,,2026-08-13,,full,"{""as_of"": ""2026-08-13"", ""listing_date"": null, ""reason_code"": ""valid_trading_sessions"", ""status"": ""full"", ""valid_trading_sessions"": 277}","[""l1.csv""]",[],67.3559,ranked,full,100.0,True,True,False
MCHP,Microchip Technology Incorporated - Common Stock,nasdaqtrader:Q:MCHP,common_equity,eligible,Q,,77.69,,1025596389.5549207,-9.935079990725725,-19.66704580705201,-3.7894736842105314,20.44961240310077,24.514185775359508,67.13150826950141,,,False,,277.0,,2026-08-13,,full,"{""as_of"": ""2026-08-13"", ""listing_date"": null, ""reason_code"": ""valid_trading_sessions"", ""status"": ""full"", ""valid_trading_sessions"": 277}","[""l1.csv""]",[],67.3519,ranked,full,100.0,True,True,False
MPWR,"Monolithic Power Systems, Inc. - Common Stock",nasdaqtrader:Q:MPWR,common_equity,eligible,Q,,1362.55,,1334984269.5139682,0.7311519524492383,-17.438725118914167,13.856091181803754,62.100266489007325,19.37049157045726,59.24241126803612,,,False,,277.0,,2026-08-13,,full,"{""as_of"": ""2026-08-13"", ""listing_date"": null, ""reason_code"": ""valid_trading_sessions"", ""status"": ""full"", ""valid_trading_sessions"": 277}","[""l1.csv""]",[],67.3426,ranked,full,100.0,True,True,False
ACHR,Archer Aviation Inc. Class A Common Stock,nasdaqtrader:N:ACHR,common_equity,eligible,N,,6.97,,252003231.33476192,45.81589958158994,6.9018404907975395,0.0,-32.00000000000001,48.90029325513196,101.85788369544187,,,False,,277.0,,2026-08-13,,full,"{""as_of"": ""2026-08-13"", ""listing_date"": null, ""reason_code"": ""valid_trading_sessions"", ""status"": ""full"", ""valid_trading_sessions"": 277}","[""l1.csv""]",[],67.3233,ranked,full,100.0,True,True,False
GFS,GlobalFoundries Inc. - Ordinary Share,nasdaqtrader:Q:GFS,common_equity,eligible,Q,,52.69,,324974645.95301586,-14.199641752157632,-29.737298306440863,8.104226508001622,60.44457978075515,41.42952423299244,68.93798129541625,,,False,,277.0,,2026-08-13,,full,"{""as_of"": ""2026-08-13"", ""listing_date"": null, ""reason_code"": ""valid_trading_sessions"", ""status"": ""full"", ""valid_trading_sessions"": 277}","[""l1.csv""]",[],67.3214,ranked,full,100.0,True,True,False
RMBS,"Rambus, Inc. - Common Stock",nasdaqtrader:Q:RMBS,common_equity,eligible,Q,,99.33,,354076967.38285714,-3.460005831470503,-26.340378197997772,-0.050311933990743185,29.94505494505495,41.79655455291223,75.3222960822179,,,False,,277.0,,2026-08-13,,full,"{""as_of"": ""2026-08-13"", ""listing_date"": null, ""reason_code"": ""valid_trading_sessions"", ""status"": ""full"", ""valid_trading_sessions"": 277}","[""l1.csv""]",[],67.2969,ranked,full,100.0,True,True,False
PINS,"Pinterest, Inc. Class A Common Stock",nasdaqtrader:N:PINS,common_equity,eligible,N,,23.32,,341549341.08317465,-1.520270270270263,20.516795865633064,22.15819800942902,-33.007756391841426,38.550724637681164,46.20017353728161,,,False,,277.0,,2026-08-13,,full,"{""as_of"": ""2026-08-13"", ""listing_date"": null, ""reason_code"": ""valid_trading_sessions"", ""status"": ""full"", ""valid_trading_sessions"": 277}","[""l1.csv""]",[],67.2633,ranked,full,100.0,True,True,False
CRWV,"CoreWeave, Inc. - Class A Common Stock",nasdaqtrader:Q:CRWV,common_equity,eligible,Q,,106.29,,2862722970.773571,37.82417012448134,-4.509927230257837,11.707829742511834,-28.54453781512605,25.712887894883984,122.42436491534032,,,False,,277.0,,2026-08-13,,full,"{""as_of"": ""2026-08-13"", ""listing_date"": null, ""reason_code"": ""valid_trading_sessions"", ""status"": ""full"", ""valid_trading_sessions"": 277}","[""l1.csv""]",[],67.2617,ranked,full,100.0,True,True,False
AAL,"American Airlines Group, Inc. - Common Stock",nasdaqtrader:Q:AAL,common_equity,eligible,Q,,15.06,,1688569174.737381,-3.646833013435702,18.48937844217151,4.947735191637648,16.024653312788907,17.02479338842974,54.835376711852156,,,False,,277.0,,2026-08-13,,full,"{""as_of"": ""2026-08-13"", ""listing_date"": null, ""reason_code"": ""valid_trading_sessions"", ""status"": ""full"", ""valid_trading_sessions"": 277}","[""l1.csv""]",[],67.2562,ranked,full,100.0,True,True,False
DY,"Dycom Industries, Inc. Common Stock",nasdaqtrader:N:DY,common_equity,eligible,N,,409.41,,252668115.53809524,-4.515241271544179,-7.958454171443985,-4.717464159374418,46.2230793956927,23.50336322869956,59.65345632741028,,,False,,277.0,,2026-08-13,,full,"{""as_of"": ""2026-08-13"", ""listing_date"": null, ""reason_code"": ""valid_trading_sessions"", ""status"": ""full"", ""valid_trading_sessions"": 277}","[""l1.csv""]",[],67.2171,ranked,full,100.0,True,True,False
AMD,"Advanced Micro Devices, Inc. - Common Stock",nasdaqtrader:Q:AMD,common_equity,eligible,Q,,483.01,,15042247812.963097,-8.717919643194616,8.419753086419757,126.14945219589848,176.0845955987425,16.852868774853246,77.44212989271108,,,False,,277.0,,2026-08-13,,full,"{""as_of"": ""2026-08-13"", ""listing_date"": null, ""reason_code"": ""valid_trading_sessions"", ""status"": ""full"", ""valid_trading_sessions"": 277}","[""l1.csv""]",[],67.2132,ranked,full,100.0,True,True,False
WDC,Western Digital Corporation - Common Stock,nasdaqtrader:Q:WDC,common_equity,eligible,Q,,487.29,,4706653944.159206,-5.16697804764129,-1.3762674816328868,78.01198217286476,541.9312343564748,34.69975744743577,104.5615672021579,,,False,,277.0,,2026-08-13,,full,"{""as_of"": ""2026-08-13"", ""listing_date"": null, ""reason_code"": ""valid_trading_sessions"", ""status"": ""full"", ""valid_trading_sessions"": 277}","[""l1.csv""]",[],67.21,ranked,full,100.0,True,True,False
MELI,"MercadoLibre, Inc. - Common Stock",nasdaqtrader:Q:MELI,common_equity,eligible,Q,,1828.25,,831294749.1592063,-0.8105512725220976,17.04545454545454,-9.410954424283268,-22.22959550456647,27.18949250687981,34.31714289483839,,,False,,277.0,,2026-08-13,,full,"{""as_of"": ""2026-08-13"", ""listing_date"": null, ""reason_code"": ""valid_trading_sessions"", ""status"": ""full"", ""valid_trading_sessions"": 277}","[""l1.csv""]",[],67.2086,ranked,full,100.0,True,True,False
RKT,"Rocket Companies, Inc. Class A Common Stock",nasdaqtrader:N:RKT,common_equity,eligible,N,,15.04,,423809748.16952384,3.013698630136985,8.670520231213864,-19.096288327057565,-17.679255610290102,35.83617747440274,54.383407625706596,,,False,,277.0,,2026-08-13,,full,"{""as_of"": ""2026-08-13"", ""listing_date"": null, ""reason_code"": ""valid_trading_sessions"", ""status"": ""full"", ""valid_trading_sessions"": 277}","[""l1.csv""]",[],67.1943,ranked,full,100.0,True,True,False
EL,"Estee Lauder Companies, Inc. (The) Common Stock",nasdaqtrader:N:EL,common_equity,eligible,N,,87.32,,264723572.82777777,6.086745231442103,6.319249969560459,-17.145839263687268,-4.776444929116696,26.996070562661988,26.696512963824386,,,False,,277.0,,2026-08-13,,full,"{""as_of"": ""2026-08-13"", ""listing_date"": null, ""reason_code"": ""valid_trading_sessions"", ""status"": ""full"", ""valid_trading_sessions"": 277}","[""l1.csv""]",[],67.1828,ranked,full,100.0,True,True,False
ENPH,"Enphase Energy, Inc. - Common Stock",nasdaqtrader:Q:ENPH,common_equity,eligible,Q,,40.78,,357174251.8966667,-7.423382519863786,-2.904761904761899,-15.446817333609776,21.513706793802136,43.61952163694179,67.05037384855072,,,False,,277.0,,2026-08-13,,full,"{""as_of"": ""2026-08-13"", ""listing_date"": null, ""reason_code"": ""valid_trading_sessions"", ""status"": ""full"", ""valid_trading_sessions"": 277}","[""l1.csv""]",[],67.1754,ranked,full,100.0,True,True,False
ARM,Arm Holdings plc - American Depositary Shares,nasdaqtrader:Q:ARM,adr,eligible,Q,,278.65,,3010654594.200635,0.5920363885780322,25.96627638895166,122.42177522349932,95.6949223962357,36.59263641742139,90.9177877919348,,,False,,277.0,,2026-08-13,,full,"{""as_of"": ""2026-08-13"", ""listing_date"": null, ""reason_code"": ""valid_trading_sessions"", ""status"": ""full"", ""valid_trading_sessions"": 277}","[""l1.csv""]",[],67.1438,ranked,full,100.0,True,True,False
ADSK,"Autodesk, Inc. - Common Stock",nasdaqtrader:Q:ADSK,common_equity,eligible,Q,,257.96,,578779392.843492,23.437649535840755,11.656494827511565,10.907605658024844,-8.85771826308165,21.06245601150587,42.57545278970819,,,False,,277.0,,2026-08-13,,full,"{""as_of"": ""2026-08-13"", ""listing_date"": null, ""reason_code"": ""valid_trading_sessions"", ""status"": ""full"", ""valid_trading_sessions"": 277}","[""l1.csv""]",[],67.1417,ranked,full,100.0,True,True,False
B,Barrick Mining Corporation Common Shares,nasdaqtrader:N:B,common_equity,eligible,N,,40.91,,438436892.4912698,13.923698134224448,-8.82549587697794,-14.126784214945431,74.08510638297872,22.782181955454895,47.81108297123501,,,False,,277.0,,2026-08-13,,full,"{""as_of"": ""2026-08-13"", ""listing_date"": null, ""reason_code"": ""valid_trading_sessions"", ""status"": ""full"", ""valid_trading_sessions"": 277}","[""l1.csv""]",[],67.121,ranked,full,100.0,True,True,False
HD,"Home Depot, Inc. (The) Common Stock",nasdaqtrader:N:HD,common_equity,eligible,N,,341.7,,1528324984.0498412,0.07614807872540208,12.940009915716399,-12.537114774239788,-13.71212121212122,19.29998582967267,28.27543480936227,,,False,,277.0,,2026-08-13,,full,"{""as_of"": ""2026-08-13"", ""listing_date"": null, ""reason_code"": ""valid_trading_sessions"", ""status"": ""full"", ""valid_trading_sessions"": 277}","[""l1.csv""]",[],67.075,ranked,full,100.0,True,True,False
RDDT,"Reddit, Inc. Class A Common Stock",nasdaqtrader:N:RDDT,common_equity,eligible,N,,158.12,,861630126.1103175,-20.153512094127144,2.5953802232026923,13.518558403331182,-29.417016337826986,41.590632041668194,90.23991625446712,,,False,,277.0,,2026-08-13,,full,"{""as_of"": ""2026-08-13"", ""listing_date"": null, ""reason_code"": ""valid_trading_sessions"", ""status"": ""full"", ""valid_trading_sessions"": 277}","[""l1.csv""]",[],67.0606,ranked,full,100.0,True,True,False
IDXX,"IDEXX Laboratories, Inc. - Common Stock",nasdaqtrader:Q:IDXX,common_equity,eligible,Q,,566.93,,369763947.9135714,1.7791102653405666,7.235000378300671,-12.609251922988008,-13.08353902525029,26.053894714874527,31.60285940147835,,,False,,277.0,,2026-08-13,,full,"{""as_of"": ""2026-08-13"", ""listing_date"": null, ""reason_code"": ""valid_trading_sessions"", ""status"": ""full"", ""valid_trading_sessions"": 277}","[""l1.csv""]",[],67.0572,ranked,full,100.0,True,True,False
FN,Fabrinet Ordinary Shares,nasdaqtrader:N:FN,common_equity,eligible,N,,566.49,,537434807.0949206,16.40604130278436,-18.615943798755875,21.687109316263186,62.63026440444408,24.1108149021394,85.48289823572827,,,False,,277.0,,2026-08-13,,full,"{""as_of"": ""2026-08-13"", ""listing_date"": null, ""reason_code"": ""valid_trading_sessions"", ""status"": ""full"", ""valid_trading_sessions"": 277}","[""l1.csv""]",[],67.0481,ranked,full,100.0,True,True,False
VRT,"Vertiv Holdings, LLC Class A Common Stock",nasdaqtrader:N:VRT,common_equity,eligible,N,,287.07,,1882979456.8968253,-5.745805561939788,-22.411416524770942,15.516478210132401,99.74255496799331,23.698269675464477,78.73193040468603,,,False,,277.0,,2026-08-13,,full,"{""as_of"": ""2026-08-13"", ""listing_date"": null, ""reason_code"": ""valid_trading_sessions"", ""status"": ""full"", ""valid_trading_sessions"": 277}","[""l1.csv""]",[],66.9931,ranked,full,100.0,True,True,False
UCTT,"Ultra Clean Holdings, Inc. - Common Stock",nasdaqtrader:Q:UCTT,common_equity,eligible,Q,,92.91,,135253348.96507937,-9.009891293702877,9.267317417382092,66.11836223851242,290.54224464060525,34.84115295602778,132.0903108708314,,,False,,277.0,,2026-08-13,,full,"{""as_of"": ""2026-08-13"", ""listing_date"": null, ""reason_code"": ""valid_trading_sessions"", ""status"": ""full"", ""valid_trading_sessions"": 277}","[""l1.csv""]",[],66.9788,ranked,full,100.0,True,True,False
STX,Seagate Technology Holdings PLC - Ordinary Shares (Ireland),nasdaqtrader:Q:STX,common_equity,eligible,Q,,921.37,,4108967803.8579364,11.236267053000137,12.726494157949464,126.24186617556785,492.1781605501639,15.78278673540272,89.46832532521995,,,False,,277.0,,2026-08-13,,full,"{""as_of"": ""2026-08-13"", ""listing_date"": null, ""reason_code"": ""valid_trading_sessions"", ""status"": ""full"", ""valid_trading_sessions"": 277}","[""l1.csv""]",[],66.9457,ranked,full,100.0,True,True,False
CHRW,"C.H. Robinson Worldwide, Inc. - Common Stock",nasdaqtrader:Q:CHRW,common_equity,eligible,Q,,149.35,,334902214.34579366,-24.37974683544304,-8.520151904936913,-23.929098966026597,25.74724256967247,28.68398433769458,66.77400478987708,,,False,,277.0,,2026-08-13,,full,"{""as_of"": ""2026-08-13"", ""listing_date"": null, ""reason_code"": ""valid_trading_sessions"", ""status"": ""full"", ""valid_trading_sessions"": 277}","[""l1.csv""]",[],66.9079,ranked,full,100.0,True,True,False
DPZ,Domino's Pizza Inc - Common Stock,nasdaqtrader:Q:DPZ,common_equity,eligible,Q,,350.88,,287888841.63047624,12.870331649885802,13.744813278008294,-8.625000000000005,-20.469638931072776,24.913331906698055,37.481393690980255,,,False,,277.0,,2026-08-13,,full,"{""as_of"": ""2026-08-13"", ""listing_date"": null, ""reason_code"": ""valid_trading_sessions"", ""status"": ""full"", ""valid_trading_sessions"": 277}","[""l1.csv""]",[],66.9051,ranked,full,100.0,True,True,False
ZS,"Zscaler, Inc. - Common Stock",nasdaqtrader:Q:ZS,common_equity,eligible,Q,,188.18,,629260252.1776191,26.985626560496655,23.45338844059568,10.046783625730992,-31.677740260683297,44.03901626669045,48.98913212881148,,,False,,277.0,,2026-08-13,,full,"{""as_of"": ""2026-08-13"", ""listing_date"": null, ""reason_code"": ""valid_trading_sessions"", ""status"": ""full"", ""valid_trading_sessions"": 277}","[""l1.csv""]",[],66.8974,ranked,full,100.0,True,True,False
AEM,Agnico Eagle Mines Limited Common Stock,nasdaqtrader:N:AEM,common_equity,eligible,N,,180.36,,452011714.10365075,26.808690149757464,-7.965504924223088,-16.957502647451527,33.22499630669229,28.482493358182314,47.73342348667901,,,False,,277.0,,2026-08-13,,full,"{""as_of"": ""2026-08-13"", ""listing_date"": null, ""reason_code"": ""valid_trading_sessions"", ""status"": ""full"", ""valid_trading_sessions"": 277}","[""l1.csv""]",[],66.881,ranked,full,100.0,True,True,False
STRL,"Sterling Infrastructure, Inc. - Common Stock",nasdaqtrader:Q:STRL,common_equity,eligible,Q,,553.16,,588150126.5218254,-17.29314314763316,-35.24839631034321,27.48265769399183,79.3644617380026,44.33554048342625,99.88793892355568,,,False,,277.0,,2026-08-13,,full,"{""as_of"": ""2026-08-13"", ""listing_date"": null, ""reason_code"": ""valid_trading_sessions"", ""status"": ""full"", ""valid_trading_sessions"": 277}","[""l1.csv""]",[],66.8776,ranked,full,100.0,True,True,False
AKAM,"Akamai Technologies, Inc. - Common Stock",nasdaqtrader:Q:AKAM,common_equity,eligible,Q,,125.29,,562643033.7178571,4.399633363886335,-22.247734888916458,32.162447257383974,74.0864248992636,22.247734888916458,58.72371062820837,,,False,,277.0,,2026-08-13,,full,"{""as_of"": ""2026-08-13"", ""listing_date"": null, ""reason_code"": ""valid_trading_sessions"", ""status"": ""full"", ""valid_trading_sessions"": 277}","[""l1.csv""]",[],66.7997,ranked,full,100.0,True,True,False
F,Ford Motor Company Common Stock,nasdaqtrader:N:F,common_equity,eligible,N,,13.89,,888878237.9261905,-2.0451339915373734,2.358142962417098,0.2888086642599319,23.46666666666668,20.35550458715597,26.965593036338753,,,False,,277.0,,2026-08-13,,full,"{""as_of"": ""2026-08-13"", ""listing_date"": null, ""reason_code"": ""valid_trading_sessions"", ""status"": ""full"", ""valid_trading_sessions"": 277}","[""l1.csv""]",[],66.7974,ranked,full,100.0,True,True,False
TER,"Teradyne, Inc. - Common Stock",nasdaqtrader:Q:TER,common_equity,eligible,Q,,410.52,,1624773998.9996824,19.992984917572777,12.972645715229225,27.708819412039198,267.7506046761623,15.153769841269838,93.96178722117632,,,False,,277.0,,2026-08-13,,full,"{""as_of"": ""2026-08-13"", ""listing_date"": null, ""reason_code"": ""valid_trading_sessions"", ""status"": ""full"", ""valid_trading_sessions"": 277}","[""l1.csv""]",[],66.7884,ranked,full,100.0,True,True,False
PTON,"Peloton Interactive, Inc. - Common Stock",nasdaqtrader:Q:PTON,common_equity,eligible,Q,,5.56,,66397535.850079365,-12.164296998420232,5.703422053231932,28.703703703703674,-31.695331695331706,38.22222222222222,65.1286056553227,,,False,,277.0,,2026-08-13,,full,"{""as_of"": ""2026-08-13"", ""listing_date"": null, ""reason_code"": ""valid_trading_sessions"", ""status"": ""full"", ""valid_trading_sessions"": 277}","[""l1.csv""]",[],66.7852,ranked,full,100.0,True,True,False
DOW,Dow Inc. Common Stock,nasdaqtrader:N:DOW,common_equity,eligible,N,,30.36,,358494151.4279365,2.2222222222222143,-21.83316168898044,-10.705882352941176,39.84339014279132,27.489849534272746,39.890802031280934,,,False,,277.0,,2026-08-13,,full,"{""as_of"": ""2026-08-13"", ""listing_date"": null, ""reason_code"": ""valid_trading_sessions"", ""status"": ""full"", ""valid_trading_sessions"": 277}","[""l1.csv""]",[],66.7486,ranked,full,100.0,True,True,False
RKLB,Rocket Lab Corporation - Common Stock,nasdaqtrader:Q:RKLB,common_equity,eligible,Q,,80.1,,2483953216.4446034,5.118110236220463,-35.48127265404754,15.053145647802335,84.43472254202162,46.68175464288091,88.20545443461857,,,False,,277.0,,2026-08-13,,full,"{""as_of"": ""2026-08-13"", ""listing_date"": null, ""reason_code"": ""valid_trading_sessions"", ""status"": ""full"", ""valid_trading_sessions"": 277}","[""l1.csv""]",[],66.7212,ranked,full,100.0,True,True,False
PBR,Petroleo Brasileiro S.A. Petrobras ADS,nasdaqtrader:N:PBR,adr,eligible,N,,17.89,,276566314.2019048,0.1679731243001248,-8.677896886166403,13.01326595072647,46.16013071895424,18.792555605991833,32.195768582031164,,,False,,277.0,,2026-08-13,,full,"{""as_of"": ""2026-08-13"", ""listing_date"": null, ""reason_code"": ""valid_trading_sessions"", ""status"": ""full"", ""valid_trading_sessions"": 277}","[""l1.csv""]",[],66.6981,ranked,full,100.0,True,True,False
GDDY,GoDaddy Inc. Class A Common Stock,nasdaqtrader:N:GDDY,common_equity,eligible,N,,100.5,,219095474.08460316,10.11285197764873,17.709065354884057,10.804851157662632,-28.42390143152197,32.495969908651254,77.82320843714497,,,False,,277.0,,2026-08-13,,full,"{""as_of"": ""2026-08-13"", ""listing_date"": null, ""reason_code"": ""valid_trading_sessions"", ""status"": ""full"", ""valid_trading_sessions"": 277}","[""l1.csv""]",[],66.6661,ranked,full,100.0,True,True,False
ALGM,"Allegro MicroSystems, Inc. - Common Stock",nasdaqtrader:Q:ALGM,common_equity,eligible,Q,,44.13,,145729112.6536508,-11.79292424545273,-4.002610398085704,3.083391730903995,38.38193791157103,36.61304222924448,78.02421007699193,,,False,,277.0,,2026-08-13,,full,"{""as_of"": ""2026-08-13"", ""listing_date"": null, ""reason_code"": ""valid_trading_sessions"", ""status"": ""full"", ""valid_trading_sessions"": 277}","[""l1.csv""]",[],66.6425,ranked,full,100.0,True,True,False
DHI,"D.R. Horton, Inc. Common Stock",nasdaqtrader:N:DHI,common_equity,eligible,N,,149.88,,364055737.95714283,-1.1019465522929872,6.501811980387973,-8.526090936832464,-5.295084038923292,18.561182351662687,37.06143885440581,,,False,,277.0,,2026-08-13,,full,"{""as_of"": ""2026-08-13"", ""listing_date"": null, ""reason_code"": ""valid_trading_sessions"", ""status"": ""full"", ""valid_trading_sessions"": 277}","[""l1.csv""]",[],66.6403,ranked,full,100.0,True,True,False
RMD,ResMed Inc. Common Stock,nasdaqtrader:N:RMD,common_equity,eligible,N,,226.74,,312364098.22079366,14.186432995920839,12.042298759697578,-12.6646637393113,-19.961876522291643,22.80665917679502,43.6688972008607,,,False,,277.0,,2026-08-13,,full,"{""as_of"": ""2026-08-13"", ""listing_date"": null, ""reason_code"": ""valid_trading_sessions"", ""status"": ""full"", ""valid_trading_sessions"": 277}","[""l1.csv""]",[],66.6242,ranked,full,100.0,True,True,False
KKR,KKR & Co. Inc. Common Stock,nasdaqtrader:N:KKR,common_equity,eligible,N,,115.3,,452893744.5226984,14.214957899950464,18.34137329364671,9.746811345897587,-21.69247487095899,22.793625284585517,39.07625604648894,,,False,,277.0,,2026-08-13,,full,"{""as_of"": ""2026-08-13"", ""listing_date"": null, ""reason_code"": ""valid_trading_sessions"", ""status"": ""full"", ""valid_trading_sessions"": 277}","[""l1.csv""]",[],66.6225,ranked,full,100.0,True,True,False
ADI,"Analog Devices, Inc. - Common Stock",nasdaqtrader:Q:ADI,common_equity,eligible,Q,,381.17,,1888561203.1626985,-2.5040924902803297,-11.845787367885464,13.10682492581603,64.2690915359421,14.436113854718503,34.63954127667183,,,False,,277.0,,2026-08-13,,full,"{""as_of"": ""2026-08-13"", ""listing_date"": null, ""reason_code"": ""valid_trading_sessions"", ""status"": ""full"", ""valid_trading_sessions"": 277}","[""l1.csv""]",[],66.609,ranked,full,100.0,True,True,False
CHTR,"Charter Communications, Inc. - Class A Common Stock",nasdaqtrader:Q:CHTR,common_equity,eligible,Q,,156.53,,453026037.4622222,19.270039622066438,9.415629805675941,-35.068652258680046,-40.50438054695073,44.63818349013228,47.931226626195894,,,False,,277.0,,2026-08-13,,full,"{""as_of"": ""2026-08-13"", ""listing_date"": null, ""reason_code"": ""valid_trading_sessions"", ""status"": ""full"", ""valid_trading_sessions"": 277}","[""l1.csv""]",[],66.6075,ranked,full,100.0,True,True,False
RCAT,"Red Cat Holdings, Inc. - Common Stock",nasdaqtrader:Q:RCAT,common_equity,eligible,Q,,10.23,,137789932.85817462,24.1504854368932,8.829787234042552,-14.785506039150354,7.6842105263158045,41.07142857142857,91.6551082905116,,,False,,277.0,,2026-08-13,,full,"{""as_of"": ""2026-08-13"", ""listing_date"": null, ""reason_code"": ""valid_trading_sessions"", ""status"": ""full"", ""valid_trading_sessions"": 277}","[""l1.csv""]",[],66.5952,ranked,full,100.0,True,True,False
MRVL,"Marvell Technology, Inc. - Common Stock",nasdaqtrader:Q:MRVL,common_equity,eligible,Q,,222.18,,10399551858.679287,7.718413652671385,24.85529643158191,173.14974182444064,185.5417041511374,29.785418575988366,92.40724844275482,,,False,,277.0,,2026-08-13,,full,"{""as_of"": ""2026-08-13"", ""listing_date"": null, ""reason_code"": ""valid_trading_sessions"", ""status"": ""full"", ""valid_trading_sessions"": 277}","[""l1.csv""]",[],66.5547,ranked,full,100.0,True,True,False
AU,AngloGold Ashanti PLC Ordinary Shares,nasdaqtrader:N:AU,common_equity,eligible,N,,95.07,,259758277.49,20.12888551933283,-7.130995408811181,-15.320210207535412,66.06113537117903,25.877124590675194,54.3503636972425,,,False,,277.0,,2026-08-13,,full,"{""as_of"": ""2026-08-13"", ""listing_date"": null, ""reason_code"": ""valid_trading_sessions"", ""status"": ""full"", ""valid_trading_sessions"": 277}","[""l1.csv""]",[],66.5336,ranked,full,100.0,True,True,False
LUV,Southwest Airlines Company Common Stock,nasdaqtrader:N:LUV,common_equity,eligible,N,,44.87,,279819526.87666667,-8.89340101522843,13.854351687388998,-12.755201244409886,46.06119791666667,18.120437956204384,39.98761742300515,,,False,,277.0,,2026-08-13,,full,"{""as_of"": ""2026-08-13"", ""listing_date"": null, ""reason_code"": ""valid_trading_sessions"", ""status"": ""full"", ""valid_trading_sessions"": 277}","[""l1.csv""]",[],66.5301,ranked,full,100.0,True,True,False
AEO,"American Eagle Outfitters, Inc. Common Stock",nasdaqtrader:N:AEO,common_equity,eligible,N,,16.3,,88161651.25761904,-6.375646180356109,5.706874189364464,-31.62751677852349,29.984051036682622,42.178077332387375,50.00119500004605,,,False,,277.0,,2026-08-13,,full,"{""as_of"": ""2026-08-13"", ""listing_date"": null, ""reason_code"": ""valid_trading_sessions"", ""status"": ""full"", ""valid_trading_sessions"": 277}","[""l1.csv""]",[],66.5215,ranked,full,100.0,True,True,False
BRUN,Boost Run Inc. - Class A Common Stock,nasdaqtrader:Q:BRUN,common_equity,eligible,Q,,22.55,,54742568.59015873,-12.12003117692907,7.380952380952377,100.44444444444447,119.78557504873297,42.474489795918366,140.9792997396215,,,False,,277.0,,2026-08-13,,full,"{""as_of"": ""2026-08-13"", ""listing_date"": null, ""reason_code"": ""valid_trading_sessions"", ""status"": ""full"", ""valid_trading_sessions"": 277}","[""l1.csv""]",[],66.5017,ranked,full,100.0,True,True,False
DG,Dollar General Corporation Common Stock,nasdaqtrader:N:DG,common_equity,eligible,N,,122.08,,350280003.81285715,0.6596306068601621,19.980343980343985,-17.04267463984779,5.981421998437364,21.86379928315413,35.889483048162326,,,False,,277.0,,2026-08-13,,full,"{""as_of"": ""2026-08-13"", ""listing_date"": null, ""reason_code"": ""valid_trading_sessions"", ""status"": ""full"", ""valid_trading_sessions"": 277}","[""l1.csv""]",[],66.4985,ranked,full,100.0,True,True,False
GOOGL,Alphabet Inc. - Class A Common Stock,nasdaqtrader:Q:GOOGL,common_equity,eligible,Q,,346.36,,11809756726.13603,-6.621373881160353,-13.97347374695742,11.384100848983802,70.33539883938231,13.97347374695742,43.871618966278604,,,False,,277.0,,2026-08-13,,full,"{""as_of"": ""2026-08-13"", ""listing_date"": null, ""reason_code"": ""valid_trading_sessions"", ""status"": ""full"", ""valid_trading_sessions"": 277}","[""l1.csv""]",[],66.4934,ranked,full,100.0,True,True,False
BAND,Bandwidth Inc. - Class A Common Stock,nasdaqtrader:Q:BAND,common_equity,eligible,Q,,54.06,,77319163.32833333,-23.82696914189093,5.9792197608312225,313.61897475133895,292.5925925925926,31.081081081081074,138.02145976860703,,,False,,277.0,,2026-08-13,,full,"{""as_of"": ""2026-08-13"", ""listing_date"": null, ""reason_code"": ""valid_trading_sessions"", ""status"": ""full"", ""valid_trading_sessions"": 277}","[""l1.csv""]",[],66.4775,ranked,full,100.0,True,True,False
MYRG,"MYR Group, Inc. - Common Stock",nasdaqtrader:Q:MYRG,common_equity,eligible,Q,,327.28,,123004488.07650793,-21.13354860475205,-30.063892984593043,20.887969563772014,69.97143599065177,34.6915969908008,48.65183442559904,,,False,,277.0,,2026-08-13,,full,"{""as_of"": ""2026-08-13"", ""listing_date"": null, ""reason_code"": ""valid_trading_sessions"", ""status"": ""full"", ""valid_trading_sessions"": 277}","[""l1.csv""]",[],66.4589,ranked,full,100.0,True,True,False
GOOG,Alphabet Inc. - Class C Capital Stock,nasdaqtrader:Q:GOOG,common_equity,eligible,Q,,343.94,,7977766502.355238,-7.0959725561167915,-13.808139534883724,10.474416214306359,68.46590909090908,13.808139534883724,43.223488225254634,,,False,,277.0,,2026-08-13,,full,"{""as_of"": ""2026-08-13"", ""listing_date"": null, ""reason_code"": ""valid_trading_sessions"", ""status"": ""full"", ""valid_trading_sessions"": 277}","[""l1.csv""]",[],66.452,ranked,full,100.0,True,True,False
ACMR,"ACM Research, Inc. - Class A Common Stock",nasdaqtrader:Q:ACMR,common_equity,eligible,Q,,81.19,,137887561.06738096,-11.711613745106565,25.389961389961393,14.86983588002262,225.6718812675491,36.01544644968083,116.98524841608473,,,False,,277.0,,2026-08-13,,full,"{""as_of"": ""2026-08-13"", ""listing_date"": null, ""reason_code"": ""valid_trading_sessions"", ""status"": ""full"", ""valid_trading_sessions"": 277}","[""l1.csv""]",[],66.4323,ranked,full,100.0,True,True,False
LYFT,"Lyft, Inc. - Class A Common Stock",nasdaqtrader:Q:LYFT,common_equity,eligible,Q,,17.13,,199110404.83492064,5.545286506469482,25.21929824561404,22.444603288062904,23.41498559077808,30.280830280830283,46.19126739852181,,,False,,277.0,,2026-08-13,,full,"{""as_of"": ""2026-08-13"", ""listing_date"": null, ""reason_code"": ""valid_trading_sessions"", ""status"": ""full"", ""valid_trading_sessions"": 277}","[""l1.csv""]",[],66.3708,ranked,full,100.0,True,True,False
AA,Alcoa Corporation Common Stock,nasdaqtrader:N:AA,common_equity,eligible,N,,49.59,,320388397.83174604,2.079044874433933,-27.542372881355924,-21.472684085510686,58.030592734225635,40.816326530612244,47.46486344236505,,,False,,277.0,,2026-08-13,,full,"{""as_of"": ""2026-08-13"", ""listing_date"": null, ""reason_code"": ""valid_trading_sessions"", ""status"": ""full"", ""valid_trading_sessions"": 277}","[""l1.csv""]",[],66.3622,ranked,full,100.0,True,True,False
ROP,"Roper Technologies, Inc. - Common Stock",nasdaqtrader:Q:ROP,common_equity,eligible,Q,,397.5,,365405397.55587304,14.05698545235432,25.69169960474309,19.083283403235463,-23.484119345524547,26.459705468807815,39.74311606459332,,,False,,277.0,,2026-08-13,,full,"{""as_of"": ""2026-08-13"", ""listing_date"": null, ""reason_code"": ""valid_trading_sessions"", ""status"": ""full"", ""valid_trading_sessions"": 277}","[""l1.csv""]",[],66.3613,ranked,full,100.0,True,True,False
IBRX,"ImmunityBio, Inc. - Common Stock",nasdaqtrader:Q:IBRX,common_equity,eligible,Q,,7.65,,93028138.78984128,-1.0349288486416586,-6.134969325153373,16.972477064220183,209.7165991902834,33.76623376623377,61.22979471918516,,,False,,277.0,,2026-08-13,,full,"{""as_of"": ""2026-08-13"", ""listing_date"": null, ""reason_code"": ""valid_trading_sessions"", ""status"": ""full"", ""valid_trading_sessions"": 277}","[""l1.csv""]",[],66.3355,ranked,full,100.0,True,True,False
LYB,LyondellBasell Industries NV Ordinary Shares Class A (Netherlands),nasdaqtrader:N:LYB,common_equity,eligible,N,,62.4,,313617702.3739683,7.586206896551717,-15.378356387306747,4.926853875903814,24.129699622040967,24.25345957756737,36.387514560247325,,,False,,277.0,,2026-08-13,,full,"{""as_of"": ""2026-08-13"", ""listing_date"": null, ""reason_code"": ""valid_trading_sessions"", ""status"": ""full"", ""valid_trading_sessions"": 277}","[""l1.csv""]",[],66.3171,ranked,full,100.0,True,True,False
AVGO,Broadcom Inc. - Common Stock,nasdaqtrader:Q:AVGO,common_equity,eligible,Q,,417.82,,10283743506.10762,5.970376382266407,0.24712685045225058,21.89870463297934,33.56135920467986,13.237950869032545,41.438567545581755,,,False,,277.0,,2026-08-13,,full,"{""as_of"": ""2026-08-13"", ""listing_date"": null, ""reason_code"": ""valid_trading_sessions"", ""status"": ""full"", ""valid_trading_sessions"": 277}","[""l1.csv""]",[],66.3095,ranked,full,100.0,True,True,False
VCYT,"Veracyte, Inc. - Common Stock",nasdaqtrader:Q:VCYT,common_equity,eligible,Q,,42.6,,67269925.32031746,-28.41539237103008,11.372549019607847,18.366212836899145,48.07090719499478,29.575136386179533,87.50404816891908,,,False,,277.0,,2026-08-13,,full,"{""as_of"": ""2026-08-13"", ""listing_date"": null, ""reason_code"": ""valid_trading_sessions"", ""status"": ""full"", ""valid_trading_sessions"": 277}","[""l1.csv""]",[],66.2767,ranked,full,100.0,True,True,False
SEZL,Sezzle Inc. - Common Stock,nasdaqtrader:Q:SEZL,common_equity,eligible,Q,,129.87,,101476190.61714286,-31.121718377088303,26.826171875000004,106.60197263760737,45.69216962082119,31.121718377088303,145.73048646027215,,,False,,277.0,,2026-08-13,,full,"{""as_of"": ""2026-08-13"", ""listing_date"": null, ""reason_code"": ""valid_trading_sessions"", ""status"": ""full"", ""valid_trading_sessions"": 277}","[""l1.csv""]",[],66.2329,ranked,full,100.0,True,True,False
HAL,Halliburton Company Common Stock,nasdaqtrader:N:HAL,common_equity,eligible,N,,32.84,,427950432.9936508,-6.836879432624099,-19.94149195514383,-6.251784184984288,56.60467334287078,23.59236854350859,35.2496738102406,,,False,,277.0,,2026-08-13,,full,"{""as_of"": ""2026-08-13"", ""listing_date"": null, ""reason_code"": ""valid_trading_sessions"", ""status"": ""full"", ""valid_trading_sessions"": 277}","[""l1.csv""]",[],66.229,ranked,full,100.0,True,True,False
WWD,"Woodward, Inc. - Common Stock",nasdaqtrader:Q:WWD,common_equity,eligible,Q,,358.54,,294301056.0025397,-10.808726585238437,-3.0396451944399216,-7.97464130797464,42.041042706600116,17.848959765374385,39.51295541673695,,,False,,277.0,,2026-08-13,,full,"{""as_of"": ""2026-08-13"", ""listing_date"": null, ""reason_code"": ""valid_trading_sessions"", ""status"": ""full"", ""valid_trading_sessions"": 277}","[""l1.csv""]",[],66.2122,ranked,full,100.0,True,True,False
BSY,"Bentley Systems, Incorporated - Class B Common Stock",nasdaqtrader:Q:BSY,common_equity,eligible,Q,,36.56,,99980256.0011111,15.916296766011428,16.992000000000008,7.7830188679245405,-30.189039526446425,35.62246874449727,45.684901752245565,,,False,,277.0,,2026-08-13,,full,"{""as_of"": ""2026-08-13"", ""listing_date"": null, ""reason_code"": ""valid_trading_sessions"", ""status"": ""full"", ""valid_trading_sessions"": 277}","[""l1.csv""]",[],66.2085,ranked,full,100.0,True,True,False
BR,"Broadridge Financial Solutions, Inc. Common Stock",nasdaqtrader:N:BR,common_equity,eligible,N,,172.24,,214662434.6009524,16.860031209715732,19.669283679566462,2.7991644285287887,-34.384761904761895,34.48957857903545,38.3391613886011,,,False,,277.0,,2026-08-13,,full,"{""as_of"": ""2026-08-13"", ""listing_date"": null, ""reason_code"": ""valid_trading_sessions"", ""status"": ""full"", ""valid_trading_sessions"": 277}","[""l1.csv""]",[],66.1819,ranked,full,100.0,True,True,False
CSCO,"Cisco Systems, Inc. - Common Stock",nasdaqtrader:Q:CSCO,common_equity,eligible,Q,,113.47,,3001627766.331905,1.5209805851301716,11.38706194169039,32.65139116202944,58.966096945923226,12.715384615384618,42.88366817184491,,,False,,277.0,,2026-08-13,,full,"{""as_of"": ""2026-08-13"", ""listing_date"": null, ""reason_code"": ""valid_trading_sessions"", ""status"": ""full"", ""valid_trading_sessions"": 277}","[""l1.csv""]",[],66.1788,ranked,full,100.0,True,True,False
MTSI,"MACOM Technology Solutions Holdings, Inc. - Common Stock",nasdaqtrader:Q:MTSI,common_equity,eligible,Q,,307.06,,567545605.8833333,4.79148181011535,-19.52299829642249,29.59399003967249,144.76683937823833,25.048818590119115,80.63751148413296,,,False,,277.0,,2026-08-13,,full,"{""as_of"": ""2026-08-13"", ""listing_date"": null, ""reason_code"": ""valid_trading_sessions"", ""status"": ""full"", ""valid_trading_sessions"": 277}","[""l1.csv""]",[],66.1732,ranked,full,100.0,True,True,False
RELX,RELX PLC PLC American Depositary Shares (Each representing One Ordinary Share),nasdaqtrader:N:RELX,adr,eligible,N,,34.67,,92181934.42761904,3.461653237839468,9.645793801391523,25.02704652001444,-27.514112481706032,28.79441363729718,38.53483978423099,,,False,,277.0,,2026-08-13,,full,"{""as_of"": ""2026-08-13"", ""listing_date"": null, ""reason_code"": ""valid_trading_sessions"", ""status"": ""full"", ""valid_trading_sessions"": 277}","[""l1.csv""]",[],66.1726,ranked,full,100.0,True,True,False
ONDS,Ondas Inc - Common Stock,nasdaqtrader:Q:ONDS,common_equity,eligible,Q,,8.91,,816103077.7838889,26.38297872340427,0.5643340857787837,-3.4669555796316365,107.69230769230771,36.402569593147746,95.13569908630346,,,False,,277.0,,2026-08-13,,full,"{""as_of"": ""2026-08-13"", ""listing_date"": null, ""reason_code"": ""valid_trading_sessions"", ""status"": ""full"", ""valid_trading_sessions"": 277}","[""l1.csv""]",[],66.1565,ranked,full,100.0,True,True,False
POWI,"Power Integrations, Inc. - Common Stock",nasdaqtrader:Q:POWI,common_equity,eligible,Q,,62.31,,76463122.20730159,-12.264150943396224,-12.42445537596627,29.086389061528894,34.81176979662484,28.666285060103025,77.22337996136135,,,False,,277.0,,2026-08-13,,full,"{""as_of"": ""2026-08-13"", ""listing_date"": null, ""reason_code"": ""valid_trading_sessions"", ""status"": ""full"", ""valid_trading_sessions"": 277}","[""l1.csv""]",[],66.1555,ranked,full,100.0,True,True,False
EXTR,"Extreme Networks, Inc. - Common Stock",nasdaqtrader:Q:EXTR,common_equity,eligible,Q,,24.05,,61013958.22047619,-21.14754098360655,5.621431708388225,60.7620320855615,15.625,28.65618510827648,81.92171547854902,,,False,,277.0,,2026-08-13,,full,"{""as_of"": ""2026-08-13"", ""listing_date"": null, ""reason_code"": ""valid_trading_sessions"", ""status"": ""full"", ""valid_trading_sessions"": 277}","[""l1.csv""]",[],66.1542,ranked,full,100.0,True,True,False
FDX,FedEx Corporation Common Stock,nasdaqtrader:N:FDX,common_equity,eligible,N,,339.35,,623315968.218254,8.273243570927203,-8.209358939680811,-7.574354504848024,47.27454214043922,17.589489533245896,22.46281440481979,,,False,,277.0,,2026-08-13,,full,"{""as_of"": ""2026-08-13"", ""listing_date"": null, ""reason_code"": ""valid_trading_sessions"", ""status"": ""full"", ""valid_trading_sessions"": 277}","[""l1.csv""]",[],66.1474,ranked,full,100.0,True,True,False
FTAI,FTAI Aviation Ltd. - Common Stock,nasdaqtrader:Q:FTAI,common_equity,eligible,Q,,216.15,,303925162.20238096,1.099158091674468,-19.0722228462316,-18.731435876226644,51.620370370370374,30.28318926590118,66.54963701310356,,,False,,277.0,,2026-08-13,,full,"{""as_of"": ""2026-08-13"", ""listing_date"": null, ""reason_code"": ""valid_trading_sessions"", ""status"": ""full"", ""valid_trading_sessions"": 277}","[""l1.csv""]",[],66.1211,ranked,full,100.0,True,True,False
CCL,Carnival Corporation Ltd. Common Shares,nasdaqtrader:N:CCL,common_equity,eligible,N,,28.42,,624548877.4122223,6.882286573899976,13.543747502996407,-14.113025083106677,-4.116059379217274,16.387172697852314,37.97201231302875,,,False,,277.0,,2026-08-13,,full,"{""as_of"": ""2026-08-13"", ""listing_date"": null, ""reason_code"": ""valid_trading_sessions"", ""status"": ""full"", ""valid_trading_sessions"": 277}","[""l1.csv""]",[],66.0968,ranked,full,100.0,True,True,False
OTEX,Open Text Corporation - Common Shares,nasdaqtrader:Q:OTEX,common_equity,eligible,Q,,24.88,,53684477.04269841,9.362637362637361,8.979413053000451,2.555647155812024,-15.632417768735163,37.31418493323255,44.591508689134955,,,False,,277.0,,2026-08-13,,full,"{""as_of"": ""2026-08-13"", ""listing_date"": null, ""reason_code"": ""valid_trading_sessions"", ""status"": ""full"", ""valid_trading_sessions"": 277}","[""l1.csv""]",[],66.0957,ranked,full,100.0,True,True,False
GEHC,GE HealthCare Technologies Inc. - Common Stock,nasdaqtrader:Q:GEHC,common_equity,eligible,Q,,73.79,,327390692.2900794,16.75632911392406,19.22766198093393,-6.830808080808081,-0.8332213412175604,16.29990925589836,48.12804345263792,,,False,,277.0,,2026-08-13,,full,"{""as_of"": ""2026-08-13"", ""listing_date"": null, ""reason_code"": ""valid_trading_sessions"", ""status"": ""full"", ""valid_trading_sessions"": 277}","[""l1.csv""]",[],66.075,ranked,full,100.0,True,True,False
AMAT,"Applied Materials, Inc. - Common Stock",nasdaqtrader:Q:AMAT,common_equity,eligible,Q,,534.54,,5297136840.133334,-7.747268867680301,22.429628272371204,57.27315523125809,183.650835765455,26.066390041493783,78.72347464108815,,,False,,277.0,,2026-08-13,,full,"{""as_of"": ""2026-08-13"", ""listing_date"": null, ""reason_code"": ""valid_trading_sessions"", ""status"": ""full"", ""valid_trading_sessions"": 277}","[""l1.csv""]",[],66.0589,ranked,full,100.0,True,True,False
SNEX,StoneX Group Inc. - Common Stock,nasdaqtrader:Q:SNEX,common_equity,eligible,Q,,66.78,,100682716.10412697,-13.20509487912659,-13.66515837104072,17.840127051349917,62.5212947189097,27.937843962447396,62.486885582984684,,,False,,277.0,,2026-08-13,,full,"{""as_of"": ""2026-08-13"", ""listing_date"": null, ""reason_code"": ""valid_trading_sessions"", ""status"": ""full"", ""valid_trading_sessions"": 277}","[""l1.csv""]",[],66.0584,ranked,full,100.0,True,True,False
NFLX,"Netflix, Inc. - Common Stock",nasdaqtrader:Q:NFLX,common_equity,eligible,Q,,78.24,,3268166835.279365,6.188925081433205,-10.644129739607134,-1.7332328560663246,-36.14624989798417,38.066967466160065,37.70249845028393,,,False,,277.0,,2026-08-13,,full,"{""as_of"": ""2026-08-13"", ""listing_date"": null, ""reason_code"": ""valid_trading_sessions"", ""status"": ""full"", ""valid_trading_sessions"": 277}","[""l1.csv""]",[],66.0455,ranked,full,100.0,True,True,False
INTC,Intel Corporation - Common Stock,nasdaqtrader:Q:INTC,common_equity,eligible,Q,,104.56,,13597485244.193174,1.524419846587044,-13.076731232853945,116.52516048871404,379.41311325080244,25.812402440754934,80.0754274101297,,,False,,277.0,,2026-08-13,,full,"{""as_of"": ""2026-08-13"", ""listing_date"": null, ""reason_code"": ""valid_trading_sessions"", ""status"": ""full"", ""valid_trading_sessions"": 277}","[""l1.csv""]",[],66.025,ranked,full,100.0,True,True,False
ALGT,Allegiant Travel Company - Common Stock,nasdaqtrader:Q:ALGT,common_equity,eligible,Q,,86.45,,57659761.348809525,-19.76798143851508,14.94482116739797,-20.927467300832337,52.307963354474985,27.450486740516943,54.47870162153558,,,False,,277.0,,2026-08-13,,full,"{""as_of"": ""2026-08-13"", ""listing_date"": null, ""reason_code"": ""valid_trading_sessions"", ""status"": ""full"", ""valid_trading_sessions"": 277}","[""l1.csv""]",[],65.9934,ranked,full,100.0,True,True,False
UL,Unilever PLC American Depositary Shares (each representing One Ordinary Share),nasdaqtrader:N:UL,adr,eligible,N,,62.68,,256125334.764127,2.0016273393002493,9.008695652173904,-14.453391565442875,-8.776015136079163,15.967287840193055,33.96699858089611,,,False,,277.0,,2026-08-13,,full,"{""as_of"": ""2026-08-13"", ""listing_date"": null, ""reason_code"": ""valid_trading_sessions"", ""status"": ""full"", ""valid_trading_sessions"": 277}","[""l1.csv""]",[],65.9918,ranked,full,100.0,True,True,False
AMBQ,"Ambiq Micro, Inc. Common Stock",nasdaqtrader:N:AMBQ,common_equity,eligible,N,,64.34,,52127364.26730159,-21.746533690099724,-9.748912891008555,119.44065484311052,55.78692493946733,28.89036251105217,87.67737981586676,,,False,,262.0,,2026-08-13,,full,"{""as_of"": ""2026-08-13"", ""listing_date"": null, ""reason_code"": ""valid_trading_sessions"", ""status"": ""full"", ""valid_trading_sessions"": 262}","[""l1.csv""]",[],65.9354,ranked,full,100.0,True,True,False
DASH,"DoorDash, Inc. - Common Stock",nasdaqtrader:Q:DASH,common_equity,eligible,Q,,216.26,,825494537.1407937,13.7252839713925,45.07278459783994,23.246138941129523,-18.182506053268767,23.24128629232627,43.37605553428227,,,False,,277.0,,2026-08-13,,full,"{""as_of"": ""2026-08-13"", ""listing_date"": null, ""reason_code"": ""valid_trading_sessions"", ""status"": ""full"", ""valid_trading_sessions"": 277}","[""l1.csv""]",[],65.9322,ranked,full,100.0,True,True,False
STM,STMicroelectronics N.V. Common Stock,nasdaqtrader:N:STM,common_equity,eligible,N,,53.92,,802905270.434127,-20.413284132841326,-14.939264868275748,54.27753934191701,105.40952380952379,32.5240896008009,85.92338849685555,,,False,,277.0,,2026-08-13,,full,"{""as_of"": ""2026-08-13"", ""listing_date"": null, ""reason_code"": ""valid_trading_sessions"", ""status"": ""full"", ""valid_trading_sessions"": 277}","[""l1.csv""]",[],65.9199,ranked,full,100.0,True,True,False
RSI,"Rush Street Interactive, Inc. Class A Common Stock",nasdaqtrader:N:RSI,common_equity,eligible,N,,24.61,,80204083.51571429,-25.265715153355607,-8.885597926693823,43.91812865497074,27.315054319710306,28.7079953650058,62.1062986834925,,,False,,277.0,,2026-08-13,,full,"{""as_of"": ""2026-08-13"", ""listing_date"": null, ""reason_code"": ""valid_trading_sessions"", ""status"": ""full"", ""valid_trading_sessions"": 277}","[""l1.csv""]",[],65.9111,ranked,full,100.0,True,True,False
MXL,"MaxLinear, Inc - Common Stock",nasdaqtrader:Q:MXL,common_equity,eligible,Q,,76.65,,351390934.28126985,-13.721296713192254,-12.629659181579845,295.1030927835052,379.9624295554164,40.13121924548933,148.04205562751253,,,False,,277.0,,2026-08-13,,full,"{""as_of"": ""2026-08-13"", ""listing_date"": null, ""reason_code"": ""valid_trading_sessions"", ""status"": ""full"", ""valid_trading_sessions"": 277}","[""l1.csv""]",[],65.9079,ranked,full,100.0,True,True,False
PLTR,Palantir Technologies Inc. - Class A Common Stock,nasdaqtrader:Q:PLTR,common_equity,eligible,Q,,179.01,,5983142348.777539,33.82924641148326,37.64705882352939,31.935436320754707,-4.257367492111042,13.596872284969596,90.45982741964907,,,False,,277.0,,2026-08-13,,full,"{""as_of"": ""2026-08-13"", ""listing_date"": null, ""reason_code"": ""valid_trading_sessions"", ""status"": ""full"", ""valid_trading_sessions"": 277}","[""l1.csv""]",[],65.8992,ranked,full,100.0,True,True,False
BFAM,Bright Horizons Family Solutions Inc. Common Stock,nasdaqtrader:N:BFAM,common_equity,eligible,N,,73.25,,70024036.96523811,-1.0001351533991065,6.747303993004938,-10.2328431372549,-37.9552769778079,40.606502878456176,39.388344171509935,,,False,,277.0,,2026-08-13,,full,"{""as_of"": ""2026-08-13"", ""listing_date"": null, ""reason_code"": ""valid_trading_sessions"", ""status"": ""full"", ""valid_trading_sessions"": 277}","[""l1.csv""]",[],65.8762,ranked,full,100.0,True,True,False
RCL,Royal Caribbean Cruises Ltd. Common Stock,nasdaqtrader:N:RCL,common_equity,eligible,N,,309.88,,757968419.8874602,6.061539514666103,17.289931869795616,-7.152059925093635,-1.0221029768749168,15.296304395364091,34.44722351287625,,,False,,277.0,,2026-08-13,,full,"{""as_of"": ""2026-08-13"", ""listing_date"": null, ""reason_code"": ""valid_trading_sessions"", ""status"": ""full"", ""valid_trading_sessions"": 277}","[""l1.csv""]",[],65.8241,ranked,full,100.0,True,True,False
LSCC,Lattice Semiconductor Corporation - Common Stock,nasdaqtrader:Q:LSCC,common_equity,eligible,Q,,128.43,,279007107.8073016,-3.0424279027631007,2.2124950258654907,21.423844190224074,102.79488394126007,17.286017904295747,71.01199944159194,,,False,,277.0,,2026-08-13,,full,"{""as_of"": ""2026-08-13"", ""listing_date"": null, ""reason_code"": ""valid_trading_sessions"", ""status"": ""full"", ""valid_trading_sessions"": 277}","[""l1.csv""]",[],65.8215,ranked,full,100.0,True,True,False
OUST,"Ouster, Inc. - Common Stock",nasdaqtrader:Q:OUST,common_equity,eligible,Q,,45.13,,196683489.82190478,18.919631093544133,32.07491952004682,138.90947591318158,57.2473867595819,27.815099168266155,132.08361710193722,,,False,,277.0,,2026-08-13,,full,"{""as_of"": ""2026-08-13"", ""listing_date"": null, ""reason_code"": ""valid_trading_sessions"", ""status"": ""full"", ""valid_trading_sessions"": 277}","[""l1.csv""]",[],65.792,ranked,full,100.0,True,True,False
CRSP,CRISPR Therapeutics AG - Common Shares,nasdaqtrader:Q:CRSP,common_equity,eligible,Q,,53.99,,86679953.07031746,5.100253065991822,2.35071090047394,11.734271523178808,-4.611307420494704,29.68220890856994,50.71883103480225,,,False,,277.0,,2026-08-13,,full,"{""as_of"": ""2026-08-13"", ""listing_date"": null, ""reason_code"": ""valid_trading_sessions"", ""status"": ""full"", ""valid_trading_sessions"": 277}","[""l1.csv""]",[],65.791,ranked,full,100.0,True,True,False
GIS,"General Mills, Inc. Common Stock",nasdaqtrader:N:GIS,common_equity,eligible,N,,38.91,,362957358.95,4.540569586243959,15.769116334424261,-20.60803917567844,-20.85028478437755,23.87008413226375,32.05089795021116,,,False,,277.0,,2026-08-13,,full,"{""as_of"": ""2026-08-13"", ""listing_date"": null, ""reason_code"": ""valid_trading_sessions"", ""status"": ""full"", ""valid_trading_sessions"": 277}","[""l1.csv""]",[],65.766,ranked,full,100.0,True,True,False
W,Wayfair Inc. Class A Common Stock,nasdaqtrader:N:W,common_equity,eligible,N,,101.13,,322240203.2973016,10.3196247409185,68.38161838161835,14.829113205404788,35.50850864263702,15.052498950020999,99.13272369872756,,,False,,277.0,,2026-08-13,,full,"{""as_of"": ""2026-08-13"", ""listing_date"": null, ""reason_code"": ""valid_trading_sessions"", ""status"": ""full"", ""valid_trading_sessions"": 277}","[""l1.csv""]",[],65.7631,ranked,full,100.0,True,True,False
TOST,"Toast, Inc. Class A Common Stock",nasdaqtrader:N:TOST,common_equity,eligible,N,,35.22,,337524292.6111111,15.893385982231,57.72503358710257,25.695931477516055,-20.081688223281148,21.90687361419069,38.41429436103388,,,False,,277.0,,2026-08-13,,full,"{""as_of"": ""2026-08-13"", ""listing_date"": null, ""reason_code"": ""valid_trading_sessions"", ""status"": ""full"", ""valid_trading_sessions"": 277}","[""l1.csv""]",[],65.7542,ranked,full,100.0,True,True,False
DVA,DaVita Inc. Common Stock,nasdaqtrader:N:DVA,common_equity,eligible,N,,179.17,,187337272.4352381,-22.64150943396227,-9.555779909136808,24.19075344839534,35.65263476680798,25.643260292164683,60.407047172101294,,,False,,277.0,,2026-08-13,,full,"{""as_of"": ""2026-08-13"", ""listing_date"": null, ""reason_code"": ""valid_trading_sessions"", ""status"": ""full"", ""valid_trading_sessions"": 277}","[""l1.csv""]",[],65.7524,ranked,full,100.0,True,True,False
UTHR,United Therapeutics Corporation - Common Stock,nasdaqtrader:Q:UTHR,common_equity,eligible,Q,,501.27,,275004129.07428575,-5.739107542450961,-13.505538875660006,5.34201954397393,66.31938684097017,16.00140760104565,22.417084584083653,,,False,,277.0,,2026-08-13,,full,"{""as_of"": ""2026-08-13"", ""listing_date"": null, ""reason_code"": ""valid_trading_sessions"", ""status"": ""full"", ""valid_trading_sessions"": 277}","[""l1.csv""]",[],65.7504,ranked,full,100.0,True,True,False
BROS,Dutch Bros Inc. Class A Common Stock,nasdaqtrader:N:BROS,common_equity,eligible,N,,51.13,,218160515.9025397,-19.934231130598178,5.640495867768602,-4.465620328849029,-25.704736995059562,31.12877155172413,69.53097611111953,,,False,,277.0,,2026-08-13,,full,"{""as_of"": ""2026-08-13"", ""listing_date"": null, ""reason_code"": ""valid_trading_sessions"", ""status"": ""full"", ""valid_trading_sessions"": 277}","[""l1.csv""]",[],65.7338,ranked,full,100.0,True,True,False
CF,"CF Industries Holdings, Inc. Common Stock",nasdaqtrader:N:CF,common_equity,eligible,N,,117.05,,303770510.2411111,-0.6535392972330634,-6.733067729083664,20.757247498194566,41.19420989143545,14.934593023255815,41.49726987221508,,,False,,277.0,,2026-08-13,,full,"{""as_of"": ""2026-08-13"", ""listing_date"": null, ""reason_code"": ""valid_trading_sessions"", ""status"": ""full"", ""valid_trading_sessions"": 277}","[""l1.csv""]",[],65.7336,ranked,full,100.0,True,True,False
SOFI,"SoFi Technologies, Inc.  - Common Stock",nasdaqtrader:Q:SOFI,common_equity,eligible,Q,,18.43,,1341699438.6398413,3.133743704532721,20.37883736120183,-10.316301703163022,-22.07188160676532,42.78174479975163,60.02693149456633,,,False,,277.0,,2026-08-13,,full,"{""as_of"": ""2026-08-13"", ""listing_date"": null, ""reason_code"": ""valid_trading_sessions"", ""status"": ""full"", ""valid_trading_sessions"": 277}","[""l1.csv""]",[],65.7312,ranked,full,100.0,True,True,False
KMB,Kimberly-Clark Corporation - Common Stock,nasdaqtrader:Q:KMB,common_equity,eligible,Q,,110.7,,453838009.3142857,3.914390312588001,14.07666941467436,2.8810408921933206,-17.165519305597122,17.884429938431868,29.983105207614212,,,False,,277.0,,2026-08-13,,full,"{""as_of"": ""2026-08-13"", ""listing_date"": null, ""reason_code"": ""valid_trading_sessions"", ""status"": ""full"", ""valid_trading_sessions"": 277}","[""l1.csv""]",[],65.7211,ranked,full,100.0,True,True,False
TPL,Texas Pacific Land Corporation Common Stock,nasdaqtrader:N:TPL,common_equity,eligible,N,,347.04,,157400725.5995238,-16.06037151702786,-10.211896199322135,-16.080669342747978,21.512605042016798,35.70833101761796,45.76902379299912,,,False,,277.0,,2026-08-13,,full,"{""as_of"": ""2026-08-13"", ""listing_date"": null, ""reason_code"": ""valid_trading_sessions"", ""status"": ""full"", ""valid_trading_sessions"": 277}","[""l1.csv""]",[],65.7028,ranked,full,100.0,True,True,False
GFI,Gold Fields Limited American Depositary Shares,nasdaqtrader:N:GFI,adr,eligible,N,,39.53,,134980708.57507938,19.824189148226722,-11.723983921393478,-30.97607822594727,26.01211348422059,35.734026987481705,53.962691479528004,,,False,,277.0,,2026-08-13,,full,"{""as_of"": ""2026-08-13"", ""listing_date"": null, ""reason_code"": ""valid_trading_sessions"", ""status"": ""full"", ""valid_trading_sessions"": 277}","[""l1.csv""]",[],65.7011,ranked,full,100.0,True,True,False
CCJ,Cameco Corporation Common Stock,nasdaqtrader:N:CCJ,common_equity,eligible,N,,97.75,,333858240.24206346,7.44119586722356,-15.287286593292315,-17.981204900151038,24.633431085043966,27.101200686106353,40.78522282290431,,,False,,277.0,,2026-08-13,,full,"{""as_of"": ""2026-08-13"", ""listing_date"": null, ""reason_code"": ""valid_trading_sessions"", ""status"": ""full"", ""valid_trading_sessions"": 277}","[""l1.csv""]",[],65.6968,ranked,full,100.0,True,True,False
UMC,United Microelectronics Corporation (NEW) Common Stock,nasdaqtrader:N:UMC,common_equity,eligible,N,,19.38,,374665627.9414286,-22.23113964686999,21.733668341708533,88.15533980582522,184.58149779735683,30.810424848268482,79.92168766178162,,,False,,277.0,,2026-08-13,,full,"{""as_of"": ""2026-08-13"", ""listing_date"": null, ""reason_code"": ""valid_trading_sessions"", ""status"": ""full"", ""valid_trading_sessions"": 277}","[""l1.csv""]",[],65.6914,ranked,full,100.0,True,True,False
FCEL,"FuelCell Energy, Inc. - Common Stock",nasdaqtrader:Q:FCEL,common_equity,eligible,Q,,20.34,,266628306.92492065,0.4444444444444473,2.108433734939741,175.2368064952639,397.3105134474328,43.5156900860872,150.69266839891856,,,False,,277.0,,2026-08-13,,full,"{""as_of"": ""2026-08-13"", ""listing_date"": null, ""reason_code"": ""valid_trading_sessions"", ""status"": ""full"", ""valid_trading_sessions"": 277}","[""l1.csv""]",[],65.6823,ranked,full,100.0,True,True,False
AXP,American Express Company Common Stock,nasdaqtrader:N:AXP,common_equity,eligible,N,,343.65,,1006261531.0090476,-4.126213592233019,10.994476922579999,-2.926471003643971,13.337290986445026,10.714749668736523,27.780482975172287,,,False,,277.0,,2026-08-13,,full,"{""as_of"": ""2026-08-13"", ""listing_date"": null, ""reason_code"": ""valid_trading_sessions"", ""status"": ""full"", ""valid_trading_sessions"": 277}","[""l1.csv""]",[],65.6787,ranked,full,100.0,True,True,False
SANM,Sanmina Corporation - Common Stock,nasdaqtrader:Q:SANM,common_equity,eligible,Q,,206.56,,246949811.39888892,-0.3713886075338846,-13.43558796412706,38.31525378331324,66.79586563307494,26.93831352574987,90.26223494518216,,,False,,277.0,,2026-08-13,,full,"{""as_of"": ""2026-08-13"", ""listing_date"": null, ""reason_code"": ""valid_trading_sessions"", ""status"": ""full"", ""valid_trading_sessions"": 277}","[""l1.csv""]",[],65.6751,ranked,full,100.0,True,True,False
GEV,GE Vernova Inc. Common Stock,nasdaqtrader:N:GEV,common_equity,eligible,N,,1049.42,,2889872879.763492,-0.5553028580092434,-1.237565525094808,27.407821093399075,59.62217084448771,10.677016836048537,55.81264792701538,,,False,,277.0,,2026-08-13,,full,"{""as_of"": ""2026-08-13"", ""listing_date"": null, ""reason_code"": ""valid_trading_sessions"", ""status"": ""full"", ""valid_trading_sessions"": 277}","[""l1.csv""]",[],65.6693,ranked,full,100.0,True,True,False
SHLS,"Shoals Technologies Group, Inc. - Class A Common Stock",nasdaqtrader:Q:SHLS,common_equity,eligible,Q,,8.14,,57498107.19825397,-29.217391304347817,-10.647639956092192,-16.85393258426965,76.1904761904762,36.25685199686765,93.4641165296803,,,False,,277.0,,2026-08-13,,full,"{""as_of"": ""2026-08-13"", ""listing_date"": null, ""reason_code"": ""valid_trading_sessions"", ""status"": ""full"", ""valid_trading_sessions"": 277}","[""l1.csv""]",[],65.6662,ranked,full,100.0,True,True,False
IR,Ingersoll Rand Inc. Common Stock,nasdaqtrader:N:IR,common_equity,eligible,N,,84.28,,335061383.86142856,6.494819307556221,18.055750105056735,-12.888888888888882,7.458880530409284,14.661806399351974,35.43534220894852,,,False,,277.0,,2026-08-13,,full,"{""as_of"": ""2026-08-13"", ""listing_date"": null, ""reason_code"": ""valid_trading_sessions"", ""status"": ""full"", ""valid_trading_sessions"": 277}","[""l1.csv""]",[],65.6655,ranked,full,100.0,True,True,False
CLF,Cleveland-Cliffs Inc. Common Stock,nasdaqtrader:N:CLF,common_equity,eligible,N,,12.15,,244215555.32619047,23.350253807106604,10.555050045495907,-2.644230769230771,22.60343087790111,24.907292954264527,66.87125856463895,,,False,,277.0,,2026-08-13,,full,"{""as_of"": ""2026-08-13"", ""listing_date"": null, ""reason_code"": ""valid_trading_sessions"", ""status"": ""full"", ""valid_trading_sessions"": 277}","[""l1.csv""]",[],65.6543,ranked,full,100.0,True,True,False
KLIC,"Kulicke and Soffa Industries, Inc. - Common Stock",nasdaqtrader:Q:KLIC,common_equity,eligible,Q,,95.8,,116243394.47849207,-10.81735244833365,-8.12314184329146,27.955122211833828,157.8734858681023,28.405948733278528,82.91993134758455,,,False,,277.0,,2026-08-13,,full,"{""as_of"": ""2026-08-13"", ""listing_date"": null, ""reason_code"": ""valid_trading_sessions"", ""status"": ""full"", ""valid_trading_sessions"": 277}","[""l1.csv""]",[],65.6208,ranked,full,100.0,True,True,False
BX,Blackstone Inc. Common Stock,nasdaqtrader:N:BX,common_equity,eligible,N,,149.32,,638612500.5752381,17.528532073986614,24.828623975923758,11.875327789016254,-14.055485207781748,20.860716557133774,34.94877411673263,,,False,,277.0,,2026-08-13,,full,"{""as_of"": ""2026-08-13"", ""listing_date"": null, ""reason_code"": ""valid_trading_sessions"", ""status"": ""full"", ""valid_trading_sessions"": 277}","[""l1.csv""]",[],65.6148,ranked,full,100.0,True,True,False
PGR,Progressive Corporation (The) Common Stock,nasdaqtrader:N:PGR,common_equity,eligible,N,,208.87,,672424636.068254,1.7785790858590778,6.588079199836705,0.23995776743293007,-14.059414088215927,17.33813519075511,38.94565522779993,,,False,,277.0,,2026-08-13,,full,"{""as_of"": ""2026-08-13"", ""listing_date"": null, ""reason_code"": ""valid_trading_sessions"", ""status"": ""full"", ""valid_trading_sessions"": 277}","[""l1.csv""]",[],65.5845,ranked,full,100.0,True,True,False
PWR,"Quanta Services, Inc. Common Stock",nasdaqtrader:N:PWR,common_equity,eligible,N,,672.78,,842614416.5038095,3.689661549842782,-13.046063175308909,28.40293152149018,71.81602267793753,14.321736029748866,58.50883222954128,,,False,,277.0,,2026-08-13,,full,"{""as_of"": ""2026-08-13"", ""listing_date"": null, ""reason_code"": ""valid_trading_sessions"", ""status"": ""full"", ""valid_trading_sessions"": 277}","[""l1.csv""]",[],65.5804,ranked,full,100.0,True,True,False
AAPL,Apple Inc. - Common Stock,nasdaqtrader:Q:AAPL,common_equity,eligible,Q,,305.26,,17322757624.361904,-6.790839694656492,2.138053334225587,10.8021778584392,32.92401480513825,10.23876734885909,34.89784733815771,,,False,,277.0,,2026-08-13,,full,"{""as_of"": ""2026-08-13"", ""listing_date"": null, ""reason_code"": ""valid_trading_sessions"", ""status"": ""full"", ""valid_trading_sessions"": 277}","[""l1.csv""]",[],65.5597,ranked,full,100.0,True,True,False
BB,BlackBerry Limited Common Stock,nasdaqtrader:N:BB,common_equity,eligible,N,,8.99,,291178341.23650795,-15.507518796992482,47.37704918032788,157.59312320916905,144.9591280653951,29.820452771272443,66.65383165934195,,,False,,277.0,,2026-08-13,,full,"{""as_of"": ""2026-08-13"", ""listing_date"": null, ""reason_code"": ""valid_trading_sessions"", ""status"": ""full"", ""valid_trading_sessions"": 277}","[""l1.csv""]",[],65.5594,ranked,full,100.0,True,True,False
BAH,Booz Allen Hamilton Holding Corporation Common Stock,nasdaqtrader:N:BAH,common_equity,eligible,N,,78.4,,161765521.7757143,22.614951517047245,9.512501746053914,-1.742072941471362,-28.09318536182701,29.767983516975715,41.78208677041984,,,False,,277.0,,2026-08-13,,full,"{""as_of"": ""2026-08-13"", ""listing_date"": null, ""reason_code"": ""valid_trading_sessions"", ""status"": ""full"", ""valid_trading_sessions"": 277}","[""l1.csv""]",[],65.5524,ranked,full,100.0,True,True,False
RARE,Ultragenyx Pharmaceutical Inc. - Common Stock,nasdaqtrader:Q:RARE,common_equity,eligible,Q,,26.38,,62489312.872063495,-16.808577735730058,-0.3023431594860182,10.469011725293132,-6.154393454286733,27.80514504652436,45.72972282543005,,,False,,277.0,,2026-08-13,,full,"{""as_of"": ""2026-08-13"", ""listing_date"": null, ""reason_code"": ""valid_trading_sessions"", ""status"": ""full"", ""valid_trading_sessions"": 277}","[""l1.csv""]",[],65.5407,ranked,full,100.0,True,True,False
CVS,CVS Health Corporation Common Stock,nasdaqtrader:N:CVS,common_equity,eligible,N,,94.99,,818470298.0955555,-10.31064111037674,-3.1801039649373197,23.331602181251633,45.00076324225306,14.113924050632908,28.250084502669793,,,False,,277.0,,2026-08-13,,full,"{""as_of"": ""2026-08-13"", ""listing_date"": null, ""reason_code"": ""valid_trading_sessions"", ""status"": ""full"", ""valid_trading_sessions"": 277}","[""l1.csv""]",[],65.5285,ranked,full,100.0,True,True,False
MDT,Medtronic plc. Ordinary Shares,nasdaqtrader:N:MDT,common_equity,eligible,N,,90.58,,753476020.3971428,12.563688331055056,18.855793202991734,-10.387811634349031,-1.6290182450043433,14.019933554817277,30.15521550372774,,,False,,277.0,,2026-08-13,,full,"{""as_of"": ""2026-08-13"", ""listing_date"": null, ""reason_code"": ""valid_trading_sessions"", ""status"": ""full"", ""valid_trading_sessions"": 277}","[""l1.csv""]",[],65.505,ranked,full,100.0,True,True,False
MCK,McKesson Corporation Common Stock,nasdaqtrader:N:MCK,common_equity,eligible,N,,856.69,,902632216.3101587,7.577070383625295,16.21178002658783,-10.123899747164788,29.996509916389734,13.960168325482837,37.40774011060288,,,False,,277.0,,2026-08-13,,full,"{""as_of"": ""2026-08-13"", ""listing_date"": null, ""reason_code"": ""valid_trading_sessions"", ""status"": ""full"", ""valid_trading_sessions"": 277}","[""l1.csv""]",[],65.49,ranked,full,100.0,True,True,False
BTU,Peabody Energy Corporation Common Stock,nasdaqtrader:N:BTU,common_equity,eligible,N,,24.09,,76414546.89444445,2.292993630573248,0.16632016632016633,-34.484634212673384,32.94701986754966,39.01265822784811,46.20394966000911,,,False,,277.0,,2026-08-13,,full,"{""as_of"": ""2026-08-13"", ""listing_date"": null, ""reason_code"": ""valid_trading_sessions"", ""status"": ""full"", ""valid_trading_sessions"": 277}","[""l1.csv""]",[],65.4825,ranked,full,100.0,True,True,False
SYNA,Synaptics Incorporated - Common Stock,nasdaqtrader:Q:SYNA,common_equity,eligible,Q,,107.31,,123864971.06960317,-11.744386873920554,-18.121471081947206,18.24793388429753,59.001333530893476,27.281967879650328,59.29534921062276,,,False,,277.0,,2026-08-13,,full,"{""as_of"": ""2026-08-13"", ""listing_date"": null, ""reason_code"": ""valid_trading_sessions"", ""status"": ""full"", ""valid_trading_sessions"": 277}","[""l1.csv""]",[],65.4709,ranked,full,100.0,True,True,False
G,Genpact Limited Common Stock,nasdaqtrader:N:G,common_equity,eligible,N,,34.37,,82137806.13777778,14.29996674426337,16.74592391304346,-7.557826788596023,-20.64188409143386,29.13402061855671,43.23852630556295,,,False,,277.0,,2026-08-13,,full,"{""as_of"": ""2026-08-13"", ""listing_date"": null, ""reason_code"": ""valid_trading_sessions"", ""status"": ""full"", ""valid_trading_sessions"": 277}","[""l1.csv""]",[],65.4679,ranked,full,100.0,True,True,False
NXE,Nexgen Energy Ltd. Common Shares,nasdaqtrader:N:NXE,common_equity,eligible,N,,10.39,,56597950.02587302,12.324324324324332,-14.69622331691297,-13.054393305439316,50.14450867052025,25.35919540229885,48.013475904787015,,,False,,277.0,,2026-08-13,,full,"{""as_of"": ""2026-08-13"", ""listing_date"": null, ""reason_code"": ""valid_trading_sessions"", ""status"": ""full"", ""valid_trading_sessions"": 277}","[""l1.csv""]",[],65.4646,ranked,full,100.0,True,True,False
ACLS,"Axcelis Technologies, Inc. - Common Stock",nasdaqtrader:Q:ACLS,common_equity,eligible,Q,,143.03,,84214415.10896824,-1.365423074270733,-11.79155103299414,55.77216292746681,75.88539104771274,25.349686847599163,95.58033776226404,,,False,,277.0,,2026-08-13,,full,"{""as_of"": ""2026-08-13"", ""listing_date"": null, ""reason_code"": ""valid_trading_sessions"", ""status"": ""full"", ""valid_trading_sessions"": 277}","[""l1.csv""]",[],65.4633,ranked,full,100.0,True,True,False
AEVA,"Aeva Technologies, Inc. - Common Stock",nasdaqtrader:Q:AEVA,common_equity,eligible,Q,,22.42,,51381603.10952381,20.05354752342705,10.661401776900291,75.98116169544741,62.699564586357056,23.455104131102754,144.44844562145292,,,False,,277.0,,2026-08-13,,full,"{""as_of"": ""2026-08-13"", ""listing_date"": null, ""reason_code"": ""valid_trading_sessions"", ""status"": ""full"", ""valid_trading_sessions"": 277}","[""l1.csv""]",[],65.4607,ranked,full,100.0,True,True,False
ALB,Albemarle Corporation Common Stock,nasdaqtrader:N:ALB,common_equity,eligible,N,,130.48,,333868369.00841266,4.601571268237925,-35.06519359012641,-25.622755515020245,67.32495511669656,39.48613301177999,35.34774051446297,,,False,,277.0,,2026-08-13,,full,"{""as_of"": ""2026-08-13"", ""listing_date"": null, ""reason_code"": ""valid_trading_sessions"", ""status"": ""full"", ""valid_trading_sessions"": 277}","[""l1.csv""]",[],65.4509,ranked,full,100.0,True,True,False
IGV,iShares Expanded Tech-Software Sector ETF,US:IGV,etf,eligible,Z,,106.28,,1634345902.8642063,13.13604428358528,19.954853273137708,27.694340982818687,-2.9937933552391383,9.77162747262077,29.32760963467705,,,False,,277.0,,2026-08-13,,full,"{""as_of"": ""2026-08-13"", ""listing_date"": null, ""reason_code"": ""valid_trading_sessions"", ""status"": ""full"", ""valid_trading_sessions"": 277}","[""l1.csv""]",[],65.4429,ranked,full,100.0,True,True,False
PTC,PTC Inc. - Common Stock,nasdaqtrader:Q:PTC,common_equity,eligible,Q,,153.89,,229698779.89222223,24.496399967640148,9.289112989134285,-1.0989717223650386,-24.76656074309461,28.929016764420645,43.49695875527985,,,False,,277.0,,2026-08-13,,full,"{""as_of"": ""2026-08-13"", ""listing_date"": null, ""reason_code"": ""valid_trading_sessions"", ""status"": ""full"", ""valid_trading_sessions"": 277}","[""l1.csv""]",[],65.4405,ranked,full,100.0,True,True,False
DVN,Devon Energy Corporation Common Stock,nasdaqtrader:N:DVN,common_equity,eligible,N,,44.39,,573592569.0925397,3.4008851618914537,-5.35181236673774,-1.2677935943060548,33.22328931572629,14.749375840215095,37.33470663885453,,,False,,277.0,,2026-08-13,,full,"{""as_of"": ""2026-08-13"", ""listing_date"": null, ""reason_code"": ""valid_trading_sessions"", ""status"": ""full"", ""valid_trading_sessions"": 277}","[""l1.csv""]",[],65.4373,ranked,full,100.0,True,True,False
WYNN,"Wynn Resorts, Limited - Common Stock",nasdaqtrader:Q:WYNN,common_equity,eligible,Q,,102.37,,149450669.45349205,5.481710458526545,6.402660846065911,-11.375638472859496,-8.996355231576135,23.22633868306585,23.332291782298466,,,False,,277.0,,2026-08-13,,full,"{""as_of"": ""2026-08-13"", ""listing_date"": null, ""reason_code"": ""valid_trading_sessions"", ""status"": ""full"", ""valid_trading_sessions"": 277}","[""l1.csv""]",[],65.4302,ranked,full,100.0,True,True,False
ESLT,Elbit Systems Ltd. - Ordinary Shares,nasdaqtrader:Q:ESLT,common_equity,eligible,Q,,779.62,,79878951.84253968,6.613242895823657,0.025660106232838764,17.251958911732412,78.3292922823551,23.139412222846612,44.70659458085357,,,False,,277.0,,2026-08-13,,full,"{""as_of"": ""2026-08-13"", ""listing_date"": null, ""reason_code"": ""valid_trading_sessions"", ""status"": ""full"", ""valid_trading_sessions"": 277}","[""l1.csv""]",[],65.4186,ranked,full,100.0,True,True,False
BKSY,BlackSky Technology Inc. Class A Common Stock,nasdaqtrader:N:BKSY,common_equity,eligible,N,,30.99,,59569998.022857144,27.530864197530857,-24.69015795868773,46.73295454545454,77.69495412844034,39.97675769901221,81.5763558146776,,,False,,277.0,,2026-08-13,,full,"{""as_of"": ""2026-08-13"", ""listing_date"": null, ""reason_code"": ""valid_trading_sessions"", ""status"": ""full"", ""valid_trading_sessions"": 277}","[""l1.csv""]",[],65.4182,ranked,full,100.0,True,True,False
IBP,"Installed Building Products, Inc. Common Stock",nasdaqtrader:N:IBP,common_equity,eligible,N,,246.08,,97332862.17825398,7.651253335666475,19.247916262841635,-26.336586241992453,-6.497454213846032,28.504605014672123,40.33873195373802,,,False,,277.0,,2026-08-13,,full,"{""as_of"": ""2026-08-13"", ""listing_date"": null, ""reason_code"": ""valid_trading_sessions"", ""status"": ""full"", ""valid_trading_sessions"": 277}","[""l1.csv""]",[],65.3839,ranked,full,100.0,True,True,False
NCNO,"nCino, Inc. - Common Stock",nasdaqtrader:Q:NCNO,common_equity,eligible,Q,,20.66,,54817601.363492064,16.132658797077013,34.76842791911285,17.453098351335996,-21.801665404996218,36.80024472315693,46.50892390329813,,,False,,277.0,,2026-08-13,,full,"{""as_of"": ""2026-08-13"", ""listing_date"": null, ""reason_code"": ""valid_trading_sessions"", ""status"": ""full"", ""valid_trading_sessions"": 277}","[""l1.csv""]",[],65.38,ranked,full,100.0,True,True,False
SYK,Stryker Corporation Common Stock,nasdaqtrader:N:SYK,common_equity,eligible,N,,341.09,,843376505.7057142,7.789786373404106,12.910059915919092,-6.216662084135283,-9.431507394917826,13.503575594664508,43.10591167930981,,,False,,277.0,,2026-08-13,,full,"{""as_of"": ""2026-08-13"", ""listing_date"": null, ""reason_code"": ""valid_trading_sessions"", ""status"": ""full"", ""valid_trading_sessions"": 277}","[""l1.csv""]",[],65.3759,ranked,full,100.0,True,True,False
GS,"Goldman Sachs Group, Inc. (The) Common Stock",nasdaqtrader:N:GS,common_equity,eligible,N,,1042.63,,2247245893.407778,-9.499422778129784,9.127922798350486,10.379106278914673,40.25532029379324,9.499422778129784,42.950934673776445,,,False,,277.0,,2026-08-13,,full,"{""as_of"": ""2026-08-13"", ""listing_date"": null, ""reason_code"": ""valid_trading_sessions"", ""status"": ""full"", ""valid_trading_sessions"": 277}","[""l1.csv""]",[],65.3749,ranked,full,100.0,True,True,False
AI,"C3.ai, Inc. Class A Common Stock",nasdaqtrader:N:AI,common_equity,eligible,N,,10.18,,61256556.66063492,11.378555798687074,17.687861271676297,-6.088560885608862,-39.798935541099944,48.219735503560536,46.39740452147576,,,False,,277.0,,2026-08-13,,full,"{""as_of"": ""2026-08-13"", ""listing_date"": null, ""reason_code"": ""valid_trading_sessions"", ""status"": ""full"", ""valid_trading_sessions"": 277}","[""l1.csv""]",[],65.3687,ranked,full,100.0,True,True,False
EGO,Eldorado Gold Corporation Ordinary Shares,nasdaqtrader:N:EGO,common_equity,eligible,N,,38.44,,83979411.1568254,30.57065217391304,8.159819921215528,-16.97624190064795,71.0725411659991,22.671494669080673,71.27584905778424,,,False,,277.0,,2026-08-13,,full,"{""as_of"": ""2026-08-13"", ""listing_date"": null, ""reason_code"": ""valid_trading_sessions"", ""status"": ""full"", ""valid_trading_sessions"": 277}","[""l1.csv""]",[],65.3562,ranked,full,100.0,True,True,False
ELF,"e.l.f. Beauty, Inc. Common Stock",nasdaqtrader:N:ELF,common_equity,eligible,N,,92.05,,237308963.2522222,24.023174346537314,71.28768142910306,19.825566258786775,-21.156316916488226,37.24006272584713,56.58067043808852,,,False,,277.0,,2026-08-13,,full,"{""as_of"": ""2026-08-13"", ""listing_date"": null, ""reason_code"": ""valid_trading_sessions"", ""status"": ""full"", ""valid_trading_sessions"": 277}","[""l1.csv""]",[],65.3507,ranked,full,100.0,True,True,False
NOK,Nokia Corporation Sponsored American Depositary Shares,nasdaqtrader:N:NOK,adr,eligible,N,,10.56,,1329295767.9455557,-6.133333333333324,-28.21210061182868,43.86920980926432,155.07246376811597,37.3293768545994,75.63796366823993,,,False,,277.0,,2026-08-13,,full,"{""as_of"": ""2026-08-13"", ""listing_date"": null, ""reason_code"": ""valid_trading_sessions"", ""status"": ""full"", ""valid_trading_sessions"": 277}","[""l1.csv""]",[],65.3447,ranked,full,100.0,True,True,False
VSH,"Vishay Intertechnology, Inc. Common Stock",nasdaqtrader:N:VSH,common_equity,eligible,N,,33.32,,355642409.1766667,-17.626699629171828,-13.454545454545453,65.03219415552253,125.5924170616114,48.65947611710324,104.97673744986085,,,False,,277.0,,2026-08-13,,full,"{""as_of"": ""2026-08-13"", ""listing_date"": null, ""reason_code"": ""valid_trading_sessions"", ""status"": ""full"", ""valid_trading_sessions"": 277}","[""l1.csv""]",[],65.3394,ranked,full,100.0,True,True,False
ODFL,"Old Dominion Freight Line, Inc. - Common Stock",nasdaqtrader:Q:ODFL,common_equity,eligible,Q,,215.73,,413160105.6388889,-4.217910580295703,14.034253092293048,10.937982104288778,44.56208537157409,13.267398383789653,33.11698580437575,,,False,,277.0,,2026-08-13,,full,"{""as_of"": ""2026-08-13"", ""listing_date"": null, ""reason_code"": ""valid_trading_sessions"", ""status"": ""full"", ""valid_trading_sessions"": 277}","[""l1.csv""]",[],65.3168,ranked,full,100.0,True,True,False
VFC,V.F. Corporation Common Stock,nasdaqtrader:N:VFC,common_equity,eligible,N,,14.74,,135536513.37603173,-14.50116009280742,-13.952130764740211,-29.168668909178276,20.72072072072071,31.60092807424594,68.33455616058237,,,False,,277.0,,2026-08-13,,full,"{""as_of"": ""2026-08-13"", ""listing_date"": null, ""reason_code"": ""valid_trading_sessions"", ""status"": ""full"", ""valid_trading_sessions"": 277}","[""l1.csv""]",[],65.2968,ranked,full,100.0,True,True,False
BOOT,"Boot Barn Holdings, Inc. Common Stock",nasdaqtrader:N:BOOT,common_equity,eligible,N,,162.48,,120280430.00396825,5.376483559245093,11.870008262186715,-14.321873022569076,-6.026604973973404,21.877103567650735,40.7385308756512,,,False,,277.0,,2026-08-13,,full,"{""as_of"": ""2026-08-13"", ""listing_date"": null, ""reason_code"": ""valid_trading_sessions"", ""status"": ""full"", ""valid_trading_sessions"": 277}","[""l1.csv""]",[],65.2503,ranked,full,100.0,True,True,False
CHKP,Check Point Software Technologies Ltd. - Ordinary Shares,nasdaqtrader:Q:CHKP,common_equity,eligible,Q,,134.23,,176397691.45412698,1.3898330689629201,16.549448641139165,-23.93607978693263,-25.92163355408389,35.126383451742306,44.49976342224844,,,False,,277.0,,2026-08-13,,full,"{""as_of"": ""2026-08-13"", ""listing_date"": null, ""reason_code"": ""valid_trading_sessions"", ""status"": ""full"", ""valid_trading_sessions"": 277}","[""l1.csv""]",[],65.2416,ranked,full,100.0,True,True,False
IRTC,"iRhythm Holdings, Inc.  - Common Stock",nasdaqtrader:Q:IRTC,common_equity,eligible,Q,,123.16,,71407275.35253969,8.740950026487715,7.41322169893599,-19.03227927157979,-24.139205420388056,34.922060766182305,46.12114828061513,,,False,,277.0,,2026-08-13,,full,"{""as_of"": ""2026-08-13"", ""listing_date"": null, ""reason_code"": ""valid_trading_sessions"", ""status"": ""full"", ""valid_trading_sessions"": 277}","[""l1.csv""]",[],65.2396,ranked,full,100.0,True,True,False
OXY,Occidental Petroleum Corporation Common Stock,nasdaqtrader:N:OXY,common_equity,eligible,N,,57.7,,546999538.8209524,7.30890831318578,2.705589177643297,22.14225232853515,30.69082672706682,12.892512077294672,38.61886883946386,,,False,,277.0,,2026-08-13,,full,"{""as_of"": ""2026-08-13"", ""listing_date"": null, ""reason_code"": ""valid_trading_sessions"", ""status"": ""full"", ""valid_trading_sessions"": 277}","[""l1.csv""]",[],65.2231,ranked,full,100.0,True,True,False
NVO,Novo Nordisk A/S Common Stock,nasdaqtrader:N:NVO,common_equity,eligible,N,,46.72,,570967423.4225397,-7.594936708860766,-0.7646559048428148,-4.144439885104645,-6.147047006830054,26.977180368865273,42.23722202704983,,,False,,277.0,,2026-08-13,,full,"{""as_of"": ""2026-08-13"", ""listing_date"": null, ""reason_code"": ""valid_trading_sessions"", ""status"": ""full"", ""valid_trading_sessions"": 277}","[""l1.csv""]",[],65.1803,ranked,full,100.0,True,True,False
THO,"Thor Industries, Inc. Common Stock",nasdaqtrader:N:THO,common_equity,eligible,N,,78.88,,56800179.806190476,5.22945570971185,5.370024044883781,-34.16242383774309,-21.916452187685607,34.45238490942331,35.83005441996336,,,False,,277.0,,2026-08-13,,full,"{""as_of"": ""2026-08-13"", ""listing_date"": null, ""reason_code"": ""valid_trading_sessions"", ""status"": ""full"", ""valid_trading_sessions"": 277}","[""l1.csv""]",[],65.177,ranked,full,100.0,True,True,False
MIRM,"Mirum Pharmaceuticals, Inc. - common stock",nasdaqtrader:Q:MIRM,common_equity,eligible,Q,,98.77,,93552264.37309524,-18.371900826446286,-9.518138512275565,-1.1113336003203855,52.61124845488256,23.178035311503464,55.899282529788096,,,False,,277.0,,2026-08-13,,full,"{""as_of"": ""2026-08-13"", ""listing_date"": null, ""reason_code"": ""valid_trading_sessions"", ""status"": ""full"", ""valid_trading_sessions"": 277}","[""l1.csv""]",[],65.1737,ranked,full,100.0,True,True,False
WFC,Wells Fargo & Company Common Stock,nasdaqtrader:N:WFC,common_equity,eligible,N,,88.11,,1293990654.6441271,0.6856359273225809,19.828641370869036,-0.9443507588532962,10.85807750377452,8.59010270774977,23.388340545424327,,,False,,277.0,,2026-08-13,,full,"{""as_of"": ""2026-08-13"", ""listing_date"": null, ""reason_code"": ""valid_trading_sessions"", ""status"": ""full"", ""valid_trading_sessions"": 277}","[""l1.csv""]",[],65.1475,ranked,full,100.0,True,True,False
COHU,"Cohu, Inc. - Common Stock",nasdaqtrader:Q:COHU,common_equity,eligible,Q,,58.34,,76622078.16873015,6.03416939294803,18.673718470301083,70.78454332552695,182.92919495635306,21.066161547828433,112.15117933928367,,,False,,277.0,,2026-08-13,,full,"{""as_of"": ""2026-08-13"", ""listing_date"": null, ""reason_code"": ""valid_trading_sessions"", ""status"": ""full"", ""valid_trading_sessions"": 277}","[""l1.csv""]",[],65.1422,ranked,full,100.0,True,True,False
CECO,CECO Environmental Corp. - Common Stock,nasdaqtrader:Q:CECO,common_equity,eligible,Q,,76.82,,77886377.68968254,-4.577355443761255,-7.601635795044515,0.8401155158834106,63.62087326943555,22.92565466037926,66.27328289675334,,,False,,277.0,,2026-08-13,,full,"{""as_of"": ""2026-08-13"", ""listing_date"": null, ""reason_code"": ""valid_trading_sessions"", ""status"": ""full"", ""valid_trading_sessions"": 277}","[""l1.csv""]",[],65.1401,ranked,full,100.0,True,True,False
PATH,"UiPath, Inc. Class A Common Stock",nasdaqtrader:N:PATH,common_equity,eligible,N,,16.68,,762647704.7571428,39.58158995815899,76.13516367476238,42.68605645851156,58.857142857142854,13.530326594090203,65.82678249001818,,,False,,277.0,,2026-08-13,,full,"{""as_of"": ""2026-08-13"", ""listing_date"": null, ""reason_code"": ""valid_trading_sessions"", ""status"": ""full"", ""valid_trading_sessions"": 277}","[""l1.csv""]",[],65.1326,ranked,full,100.0,True,True,False
ESTA,Establishment Labs Holdings Inc. - Common Shares,nasdaqtrader:Q:ESTA,common_equity,eligible,Q,,75.59,,51327744.298412696,-16.585742661664092,9.423856398378705,3.946644664466459,124.83640690065441,20.972294824882386,51.28539648919204,,,False,,277.0,,2026-08-13,,full,"{""as_of"": ""2026-08-13"", ""listing_date"": null, ""reason_code"": ""valid_trading_sessions"", ""status"": ""full"", ""valid_trading_sessions"": 277}","[""l1.csv""]",[],65.1296,ranked,full,100.0,True,True,False
SE,"Sea Limited American Depositary Shares, each representing one Class A Ordinary Share",nasdaqtrader:N:SE,adr,eligible,N,,123.32,,451461490.02603173,10.739942528735625,31.864841745081264,7.68424729304924,-29.175281415116018,37.24173027989822,55.569615843733324,,,False,,277.0,,2026-08-13,,full,"{""as_of"": ""2026-08-13"", ""listing_date"": null, ""reason_code"": ""valid_trading_sessions"", ""status"": ""full"", ""valid_trading_sessions"": 277}","[""l1.csv""]",[],65.1006,ranked,full,100.0,True,True,False
BEAM,Beam Therapeutics Inc. - Common Stock,nasdaqtrader:Q:BEAM,common_equity,eligible,Q,,26.51,,66666437.1584127,-14.04020752269779,-16.766091051805333,2.000769526741064,57.23606168446027,30.089662447257382,63.393122968335106,,,False,,277.0,,2026-08-13,,full,"{""as_of"": ""2026-08-13"", ""listing_date"": null, ""reason_code"": ""valid_trading_sessions"", ""status"": ""full"", ""valid_trading_sessions"": 277}","[""l1.csv""]",[],65.0953,ranked,full,100.0,True,True,False
VALE,VALE S.A.  American Depositary Shares Each Representing one common share,nasdaqtrader:N:VALE,adr,eligible,N,,13.8,,343364369.1419047,-5.930470347648253,-18.0522565320665,-20.598388952819324,32.692307692307686,22.558922558922557,33.52211043633913,,,False,,277.0,,2026-08-13,,full,"{""as_of"": ""2026-08-13"", ""listing_date"": null, ""reason_code"": ""valid_trading_sessions"", ""status"": ""full"", ""valid_trading_sessions"": 277}","[""l1.csv""]",[],65.0912,ranked,full,100.0,True,True,False
AJG,Arthur J. Gallagher & Co. Common Stock,nasdaqtrader:N:AJG,common_equity,eligible,N,,253.49,,388834385.71238095,2.308592646405949,32.02604166666667,23.466952413423602,-12.785136762429028,18.355449626384956,36.08923513299619,,,False,,277.0,,2026-08-13,,full,"{""as_of"": ""2026-08-13"", ""listing_date"": null, ""reason_code"": ""valid_trading_sessions"", ""status"": ""full"", ""valid_trading_sessions"": 277}","[""l1.csv""]",[],65.0889,ranked,full,100.0,True,True,False
NKTR,Nektar Therapeutics - Common Stock,nasdaqtrader:Q:NKTR,common_equity,eligible,Q,,75.92,,63904751.98047619,11.156661786237198,-0.039499670836073975,14.423511680482303,221.69491525423726,24.344793223716987,46.959917481971196,,,False,,277.0,,2026-08-13,,full,"{""as_of"": ""2026-08-13"", ""listing_date"": null, ""reason_code"": ""valid_trading_sessions"", ""status"": ""full"", ""valid_trading_sessions"": 277}","[""l1.csv""]",[],65.0793,ranked,full,100.0,True,True,False
SATL,Satellogic Inc. - Class A Common Stock,nasdaqtrader:Q:SATL,common_equity,eligible,Q,,5.89,,53964665.893412694,48.73737373737372,-27.28395061728395,82.91925465838507,69.25287356321839,45.15828677839851,97.39018362389109,,,False,,277.0,,2026-08-13,,full,"{""as_of"": ""2026-08-13"", ""listing_date"": null, ""reason_code"": ""valid_trading_sessions"", ""status"": ""full"", ""valid_trading_sessions"": 277}","[""l1.csv""]",[],65.0728,ranked,full,100.0,True,True,False
IREN,IREN Limited - Ordinary Shares,nasdaqtrader:Q:IREN,common_equity,eligible,Q,,44.76,,2226140753.2990475,16.927899686520377,-18.8689505165851,4.89805483946566,151.03757711721818,41.421279937181,140.69905667814763,,,False,,277.0,,2026-08-13,,full,"{""as_of"": ""2026-08-13"", ""listing_date"": null, ""reason_code"": ""valid_trading_sessions"", ""status"": ""full"", ""valid_trading_sessions"": 277}","[""l1.csv""]",[],65.0719,ranked,full,100.0,True,True,False
ESI,Element Solutions Inc. Common Stock,nasdaqtrader:N:ESI,common_equity,eligible,N,,39.01,,186088078.96698412,-0.15357051446123204,-11.801944381641416,20.326958667489194,57.425343018563346,20.53371358728866,49.383264825915965,,,False,,277.0,,2026-08-13,,full,"{""as_of"": ""2026-08-13"", ""listing_date"": null, ""reason_code"": ""valid_trading_sessions"", ""status"": ""full"", ""valid_trading_sessions"": 277}","[""l1.csv""]",[],65.0712,ranked,full,100.0,True,True,False
TRI,Thomson Reuters Corp - Common Shares,nasdaqtrader:Q:TRI,common_equity,eligible,Q,,106.07,,188552985.2209524,11.056433881268957,29.30635133487747,17.075055187637965,-38.68077234362354,41.5817591011731,66.98050773870496,,,False,,277.0,,2026-08-13,,full,"{""as_of"": ""2026-08-13"", ""listing_date"": null, ""reason_code"": ""valid_trading_sessions"", ""status"": ""full"", ""valid_trading_sessions"": 277}","[""l1.csv""]",[],65.0612,ranked,full,100.0,True,True,False
BE,Bloom Energy Corporation Class A Common Stock,nasdaqtrader:N:BE,common_equity,eligible,N,,236.22,,3540586504.2492065,-1.3200768652351869,-18.477360574268353,51.870901375851886,472.6545454545454,31.698713315020967,131.73838554599308,,,False,,277.0,,2026-08-13,,full,"{""as_of"": ""2026-08-13"", ""listing_date"": null, ""reason_code"": ""valid_trading_sessions"", ""status"": ""full"", ""valid_trading_sessions"": 277}","[""l1.csv""]",[],65.0598,ranked,full,100.0,True,True,False
SIMO,"Silicon Motion Technology Corporation - American Depositary Shares, each representing four ordinary shares",nasdaqtrader:Q:SIMO,adr,eligible,Q,,249.12,,292113725.4059524,-15.092024539877292,-7.688887242005404,78.01915106474205,221.86046511627904,26.055209260908274,113.75623968582002,,,False,,277.0,,2026-08-13,,full,"{""as_of"": ""2026-08-13"", ""listing_date"": null, ""reason_code"": ""valid_trading_sessions"", ""status"": ""full"", ""valid_trading_sessions"": 277}","[""l1.csv""]",[],65.0574,ranked,full,100.0,True,True,False
RXO,"RXO, Inc. Common Stock",nasdaqtrader:N:RXO,common_equity,eligible,N,,23.32,,56422495.5784127,-13.852973771702992,17.718324078748115,42.80465401102267,54.232804232804234,20.40955631399317,65.33554575862456,,,False,,277.0,,2026-08-13,,full,"{""as_of"": ""2026-08-13"", ""listing_date"": null, ""reason_code"": ""valid_trading_sessions"", ""status"": ""full"", ""valid_trading_sessions"": 277}","[""l1.csv""]",[],65.0546,ranked,full,100.0,True,True,False
GGAL,"Grupo Financiero Galicia S.A. - American Depositary Shares, Class B Shares underlying",nasdaqtrader:Q:GGAL,adr,eligible,Q,,44.99,,56731174.471428566,-14.581355610404401,7.6573342905001285,-11.541486433346437,-13.812260536398469,25.991116960026318,53.58829819822341,,,False,,277.0,,2026-08-13,,full,"{""as_of"": ""2026-08-13"", ""listing_date"": null, ""reason_code"": ""valid_trading_sessions"", ""status"": ""full"", ""valid_trading_sessions"": 277}","[""l1.csv""]",[],65.0488,ranked,full,100.0,True,True,False
CMI,Cummins Inc. Common Stock,nasdaqtrader:N:CMI,common_equity,eligible,N,,631.61,,691713166.1806349,-5.182171648176781,-10.986935749820315,5.4616797462013755,58.274444945622214,13.191495210214544,33.86118512364177,,,False,,277.0,,2026-08-13,,full,"{""as_of"": ""2026-08-13"", ""listing_date"": null, ""reason_code"": ""valid_trading_sessions"", ""status"": ""full"", ""valid_trading_sessions"": 277}","[""l1.csv""]",[],65.0479,ranked,full,100.0,True,True,False
ASX,"ASE Technology Holding Co., Ltd. American Depositary Shares (each representing Two Common Shares)",nasdaqtrader:N:ASX,adr,eligible,N,,39.64,,411000806.4222222,-2.6522593320235766,11.756413870876802,66.97556866048863,291.31293188548864,12.14539007092198,76.97294226274445,,,False,,277.0,,2026-08-13,,full,"{""as_of"": ""2026-08-13"", ""listing_date"": null, ""reason_code"": ""valid_trading_sessions"", ""status"": ""full"", ""valid_trading_sessions"": 277}","[""l1.csv""]",[],65.0363,ranked,full,100.0,True,True,False
SKM,"SK Telecom Co., Ltd. Common Stock",nasdaqtrader:N:SKM,common_equity,eligible,N,,36.71,,98983607.5115873,13.794172349659028,-7.3681554377996505,24.020270270270274,62.29000884173297,20.195652173913036,66.68422474676436,,,False,,277.0,,2026-08-13,,full,"{""as_of"": ""2026-08-13"", ""listing_date"": null, ""reason_code"": ""valid_trading_sessions"", ""status"": ""full"", ""valid_trading_sessions"": 277}","[""l1.csv""]",[],65.0261,ranked,full,100.0,True,True,False
KGC,Kinross Gold Corporation Common Stock,nasdaqtrader:N:KGC,common_equity,eligible,N,,26.85,,213722510.77015874,13.482671174978877,-14.134953629677005,-22.88914417001723,38.903259182617724,29.472025216706065,49.194764579802374,,,False,,277.0,,2026-08-13,,full,"{""as_of"": ""2026-08-13"", ""listing_date"": null, ""reason_code"": ""valid_trading_sessions"", ""status"": ""full"", ""valid_trading_sessions"": 277}","[""l1.csv""]",[],65.0129,ranked,full,100.0,True,True,False
UPS,"United Parcel Service, Inc. Common Stock",nasdaqtrader:N:UPS,common_equity,eligible,N,,105.54,,574818937.5392064,-6.552151584912336,7.201625190451999,-12.049999999999994,20.713713828205414,12.049999999999994,34.535117655718864,,,False,,277.0,,2026-08-13,,full,"{""as_of"": ""2026-08-13"", ""listing_date"": null, ""reason_code"": ""valid_trading_sessions"", ""status"": ""full"", ""valid_trading_sessions"": 277}","[""l1.csv""]",[],65.0125,ranked,full,100.0,True,True,False
SAIA,"Saia, Inc. - Common Stock",nasdaqtrader:Q:SAIA,common_equity,eligible,Q,,380.22,,188269959.2088889,-8.831075410622224,-11.867785452691116,-2.1765977153442417,26.230868829056163,21.948515827072292,50.66053654919056,,,False,,277.0,,2026-08-13,,full,"{""as_of"": ""2026-08-13"", ""listing_date"": null, ""reason_code"": ""valid_trading_sessions"", ""status"": ""full"", ""valid_trading_sessions"": 277}","[""l1.csv""]",[],65.0098,ranked,full,100.0,True,True,False
UI,Ubiquiti Inc. Common Stock,nasdaqtrader:N:UI,common_equity,eligible,N,,583.0,,63523917.81047619,7.45751465329747,-12.300494908013293,-18.245431981040795,22.68002188460081,46.24250806823421,27.48513874439128,,,False,,277.0,,2026-08-13,,full,"{""as_of"": ""2026-08-13"", ""listing_date"": null, ""reason_code"": ""valid_trading_sessions"", ""status"": ""full"", ""valid_trading_sessions"": 277}","[""l1.csv""]",[],65.0005,ranked,full,100.0,True,True,False
ORA,"Ormat Technologies, Inc. Common Stock",nasdaqtrader:N:ORA,common_equity,eligible,N,,113.52,,108674953.39492063,3.4822242479489507,-14.89616912812054,-7.804759197596034,27.7371441431304,21.764300482425913,44.25605755339077,,,False,,277.0,,2026-08-13,,full,"{""as_of"": ""2026-08-13"", ""listing_date"": null, ""reason_code"": ""valid_trading_sessions"", ""status"": ""full"", ""valid_trading_sessions"": 277}","[""l1.csv""]",[],64.9852,ranked,full,100.0,True,True,False
RYAAY,"Ryanair Holdings plc - American Depositary Shares, each representing five Ordinary Shares",nasdaqtrader:Q:RYAAY,adr,eligible,Q,,59.17,,85125777.68396826,-11.196157886837755,7.699308336366961,-9.053181678450661,-9.650328294396083,19.845570306150083,39.93557618894996,,,False,,277.0,,2026-08-13,,full,"{""as_of"": ""2026-08-13"", ""listing_date"": null, ""reason_code"": ""valid_trading_sessions"", ""status"": ""full"", ""valid_trading_sessions"": 277}","[""l1.csv""]",[],64.9614,ranked,full,100.0,True,True,False
FIS,"Fidelity National Information Services, Inc. Common Stock",nasdaqtrader:N:FIS,common_equity,eligible,N,,44.13,,273849584.1468254,7.3722627737226265,3.591549295774654,-8.652452908300557,-38.50334448160535,39.35687783427236,40.838777083460634,,,False,,277.0,,2026-08-13,,full,"{""as_of"": ""2026-08-13"", ""listing_date"": null, ""reason_code"": ""valid_trading_sessions"", ""status"": ""full"", ""valid_trading_sessions"": 277}","[""l1.csv""]",[],64.9595,ranked,full,100.0,True,True,False
VST,Vistra Corp. Common Stock,nasdaqtrader:N:VST,common_equity,eligible,N,,146.4,,718030480.7455555,-8.631342445234969,2.6575976439239923,-8.585700905401183,-30.13933956861996,32.81938325991188,48.32863480924685,,,False,,277.0,,2026-08-13,,full,"{""as_of"": ""2026-08-13"", ""listing_date"": null, ""reason_code"": ""valid_trading_sessions"", ""status"": ""full"", ""valid_trading_sessions"": 277}","[""l1.csv""]",[],64.9593,ranked,full,100.0,True,True,False
TAN,Invesco Solar ETF,US:TAN,etf,eligible,P,,52.47,,84562985.25730158,-5.967741935483872,-17.771509167842037,-10.123329907502576,42.27223427331885,29.027458406600847,42.42743809866761,,,False,,277.0,,2026-08-13,,full,"{""as_of"": ""2026-08-13"", ""listing_date"": null, ""reason_code"": ""valid_trading_sessions"", ""status"": ""full"", ""valid_trading_sessions"": 277}","[""l1.csv""]",[],64.9537,ranked,full,100.0,True,True,False
POOL,Pool Corporation - Common Stock,nasdaqtrader:Q:POOL,common_equity,eligible,Q,,200.57,,188326545.71380952,-0.8894599001828429,14.369618520841643,-26.11978782967439,-35.88940386766822,39.880702595767644,42.07866207817534,,,False,,277.0,,2026-08-13,,full,"{""as_of"": ""2026-08-13"", ""listing_date"": null, ""reason_code"": ""valid_trading_sessions"", ""status"": ""full"", ""valid_trading_sessions"": 277}","[""l1.csv""]",[],64.9246,ranked,full,100.0,True,True,False
KRMN,Karman Holdings Inc. Common Stock,nasdaqtrader:N:KRMN,common_equity,eligible,N,,60.5,,185973100.19761905,24.02624026240263,-10.077288941736029,-23.918511066398384,23.39384050581277,47.523636048226216,70.13000158588876,,,False,,277.0,,2026-08-13,,full,"{""as_of"": ""2026-08-13"", ""listing_date"": null, ""reason_code"": ""valid_trading_sessions"", ""status"": ""full"", ""valid_trading_sessions"": 277}","[""l1.csv""]",[],64.9151,ranked,full,100.0,True,True,False
IT,"Gartner, Inc. Common Stock",nasdaqtrader:N:IT,common_equity,eligible,N,,183.3,,240464696.16428572,37.03648325358853,26.88633531773501,13.477372624280326,-20.09241902436897,30.591843689651242,83.50660944745191,,,False,,277.0,,2026-08-13,,full,"{""as_of"": ""2026-08-13"", ""listing_date"": null, ""reason_code"": ""valid_trading_sessions"", ""status"": ""full"", ""valid_trading_sessions"": 277}","[""l1.csv""]",[],64.9122,ranked,full,100.0,True,True,False
BMI,"Badger Meter, Inc. Common Stock",nasdaqtrader:N:BMI,common_equity,eligible,N,,130.43,,65224827.297619045,-9.536690248300738,12.371844576548652,-16.881213357124636,-32.17015965468823,32.45118856491791,53.81024324645568,,,False,,277.0,,2026-08-13,,full,"{""as_of"": ""2026-08-13"", ""listing_date"": null, ""reason_code"": ""valid_trading_sessions"", ""status"": ""full"", ""valid_trading_sessions"": 277}","[""l1.csv""]",[],64.9102,ranked,full,100.0,True,True,False
LMT,Lockheed Martin Corporation Common Stock,nasdaqtrader:N:LMT,common_equity,eligible,N,,598.01,,669633510.5571429,16.240329666057598,15.015194060853165,-4.881501511054564,38.569376216516815,11.628491207329695,37.21759258117921,,,False,,277.0,,2026-08-13,,full,"{""as_of"": ""2026-08-13"", ""listing_date"": null, ""reason_code"": ""valid_trading_sessions"", ""status"": ""full"", ""valid_trading_sessions"": 277}","[""l1.csv""]",[],64.9071,ranked,full,100.0,True,True,False
ISRG,"Intuitive Surgical, Inc. - Common Stock",nasdaqtrader:Q:ISRG,common_equity,eligible,Q,,401.27,,1218256419.2115874,3.1621975987865314,-7.171443773567443,-19.11835846166251,-16.085656329074215,32.31508813359197,64.04210572552788,,,False,,277.0,,2026-08-13,,full,"{""as_of"": ""2026-08-13"", ""listing_date"": null, ""reason_code"": ""valid_trading_sessions"", ""status"": ""full"", ""valid_trading_sessions"": 277}","[""l1.csv""]",[],64.892,ranked,full,100.0,True,True,False
AMPX,"Amprius Technologies, Inc. Common Stock",nasdaqtrader:N:AMPX,common_equity,eligible,N,,11.94,,108552433.66,5.29100529100528,-31.849315068493155,7.470747074707473,53.86597938144331,47.88302051505893,94.12591702100718,,,False,,277.0,,2026-08-13,,full,"{""as_of"": ""2026-08-13"", ""listing_date"": null, ""reason_code"": ""valid_trading_sessions"", ""status"": ""full"", ""valid_trading_sessions"": 277}","[""l1.csv""]",[],64.8911,ranked,full,100.0,True,True,False
UNH,UnitedHealth Group Incorporated Common Stock (DE),nasdaqtrader:N:UNH,common_equity,eligible,N,,399.06,,2479721351.091587,-4.649718054095375,-0.523481902482803,43.07841239109389,52.56336735864204,8.545892059126848,24.2386613393859,,,False,,277.0,,2026-08-13,,full,"{""as_of"": ""2026-08-13"", ""listing_date"": null, ""reason_code"": ""valid_trading_sessions"", ""status"": ""full"", ""valid_trading_sessions"": 277}","[""l1.csv""]",[],64.8865,ranked,full,100.0,True,True,False
CBRE,CBRE Group Inc Common Stock Class A,nasdaqtrader:N:CBRE,common_equity,eligible,N,,151.89,,299601113.54079366,7.411074181458166,7.991468183434036,1.6054585591009252,-2.709454265949285,11.491171843132697,34.88908456879064,,,False,,277.0,,2026-08-13,,full,"{""as_of"": ""2026-08-13"", ""listing_date"": null, ""reason_code"": ""valid_trading_sessions"", ""status"": ""full"", ""valid_trading_sessions"": 277}","[""l1.csv""]",[],64.8728,ranked,full,100.0,True,True,False
NXPI,NXP Semiconductors N.V. - Common Stock,nasdaqtrader:Q:NXPI,common_equity,eligible,Q,,231.91,,1184528878.98,-16.88111537220888,-22.284775979357264,-7.143143143143149,5.3896841626903,30.288273664592545,48.230576101704095,,,False,,277.0,,2026-08-13,,full,"{""as_of"": ""2026-08-13"", ""listing_date"": null, ""reason_code"": ""valid_trading_sessions"", ""status"": ""full"", ""valid_trading_sessions"": 277}","[""l1.csv""]",[],64.8718,ranked,full,100.0,True,True,False
MAR,Marriott International - Class A Common Stock,nasdaqtrader:Q:MAR,common_equity,eligible,Q,,352.53,,598530675.6122222,-4.476358217043774,0.6682086867129122,-1.733797909407675,33.02516886155238,12.4236100760173,33.409981720855484,,,False,,277.0,,2026-08-13,,full,"{""as_of"": ""2026-08-13"", ""listing_date"": null, ""reason_code"": ""valid_trading_sessions"", ""status"": ""full"", ""valid_trading_sessions"": 277}","[""l1.csv""]",[],64.8559,ranked,full,100.0,True,True,False
EEFT,"Euronet Worldwide, Inc. - Common Stock",nasdaqtrader:Q:EEFT,common_equity,eligible,Q,,74.23,,51625688.5815873,-5.1373801916932855,6.240160297695718,5.755805670323411,-21.83024431339511,24.501627339300235,48.49969046186549,,,False,,277.0,,2026-08-13,,full,"{""as_of"": ""2026-08-13"", ""listing_date"": null, ""reason_code"": ""valid_trading_sessions"", ""status"": ""full"", ""valid_trading_sessions"": 277}","[""l1.csv""]",[],64.8502,ranked,full,100.0,True,True,False
HII,"Huntington Ingalls Industries, Inc. Common Stock",nasdaqtrader:N:HII,common_equity,eligible,N,,325.76,,152252270.04238096,17.268440188631693,-2.5312668302315933,-17.046091163738218,21.55223880597015,28.203997972362426,50.873128503214375,,,False,,277.0,,2026-08-13,,full,"{""as_of"": ""2026-08-13"", ""listing_date"": null, ""reason_code"": ""valid_trading_sessions"", ""status"": ""full"", ""valid_trading_sessions"": 277}","[""l1.csv""]",[],64.8439,ranked,full,100.0,True,True,False
RIO,Rio Tinto Plc Common Stock,nasdaqtrader:N:RIO,common_equity,eligible,N,,98.2,,264615002.89476192,4.892117069002344,-12.3527311674402,-1.3263665594855256,55.62599049128367,12.3527311674402,30.022422822790436,,,False,,277.0,,2026-08-13,,full,"{""as_of"": ""2026-08-13"", ""listing_date"": null, ""reason_code"": ""valid_trading_sessions"", ""status"": ""full"", ""valid_trading_sessions"": 277}","[""l1.csv""]",[],64.8382,ranked,full,100.0,True,True,False
AGX,"Argan, Inc. Common Stock",nasdaqtrader:N:AGX,common_equity,eligible,N,,558.89,,218715763.32730156,-8.264394983914391,-22.367763084787196,32.281656804733714,133.79627692951263,30.011896562519567,87.0265984052146,,,False,,277.0,,2026-08-13,,full,"{""as_of"": ""2026-08-13"", ""listing_date"": null, ""reason_code"": ""valid_trading_sessions"", ""status"": ""full"", ""valid_trading_sessions"": 277}","[""l1.csv""]",[],64.8349,ranked,full,100.0,True,True,False
SHAK,"Shake Shack, Inc. Class A Common Stock",nasdaqtrader:N:SHAK,common_equity,eligible,N,,73.64,,134789581.28301588,22.733333333333338,15.224534501642939,-24.113767518549057,-33.248730964467,31.884192026639536,54.306945783534196,,,False,,277.0,,2026-08-13,,full,"{""as_of"": ""2026-08-13"", ""listing_date"": null, ""reason_code"": ""valid_trading_sessions"", ""status"": ""full"", ""valid_trading_sessions"": 277}","[""l1.csv""]",[],64.8346,ranked,full,100.0,True,True,False
CRM,"Salesforce, Inc. Common Stock",nasdaqtrader:N:CRM,common_equity,eligible,N,,201.37,,2595729058.3263493,20.58083832335329,21.424264351181854,8.848648648648648,-13.075196408529743,24.36239341922398,46.28919658703241,,,False,,277.0,,2026-08-13,,full,"{""as_of"": ""2026-08-13"", ""listing_date"": null, ""reason_code"": ""valid_trading_sessions"", ""status"": ""full"", ""valid_trading_sessions"": 277}","[""l1.csv""]",[],64.8317,ranked,full,100.0,True,True,False
KSS,Kohl's Corporation Common Stock,nasdaqtrader:N:KSS,common_equity,eligible,N,,19.62,,77949272.38063492,14.73684210526316,62.41721854304636,4.472843450479225,52.92283710054559,20.598947794415214,54.65797914144935,,,False,,277.0,,2026-08-13,,full,"{""as_of"": ""2026-08-13"", ""listing_date"": null, ""reason_code"": ""valid_trading_sessions"", ""status"": ""full"", ""valid_trading_sessions"": 277}","[""l1.csv""]",[],64.8299,ranked,full,100.0,True,True,False
INOD,Innodata Inc. - Common Stock,nasdaqtrader:Q:INOD,common_equity,eligible,Q,,62.13,,127706470.60682541,-4.869085898024805,-30.928293496386882,36.820083682008374,44.65657741559954,48.864197530864196,68.30308205689941,,,False,,277.0,,2026-08-13,,full,"{""as_of"": ""2026-08-13"", ""listing_date"": null, ""reason_code"": ""valid_trading_sessions"", ""status"": ""full"", ""valid_trading_sessions"": 277}","[""l1.csv""]",[],64.8257,ranked,full,100.0,True,True,False
GT,The Goodyear Tire & Rubber Company - Common Stock,nasdaqtrader:Q:GT,common_equity,eligible,Q,,6.18,,63959926.596428566,-8.3086053412463,6.36833046471601,-34.810126582278485,-25.090909090909097,41.36622390891841,52.246384162945226,,,False,,277.0,,2026-08-13,,full,"{""as_of"": ""2026-08-13"", ""listing_date"": null, ""reason_code"": ""valid_trading_sessions"", ""status"": ""full"", ""valid_trading_sessions"": 277}","[""l1.csv""]",[],64.8256,ranked,full,100.0,True,True,False
AROC,"Archrock, Inc. Common Stock",nasdaqtrader:N:AROC,common_equity,eligible,N,,33.34,,70865919.82015873,-11.069618564950645,-9.402173913043466,2.9330040135844504,38.916666666666686,20.52443384982121,37.54243907350101,,,False,,277.0,,2026-08-13,,full,"{""as_of"": ""2026-08-13"", ""listing_date"": null, ""reason_code"": ""valid_trading_sessions"", ""status"": ""full"", ""valid_trading_sessions"": 277}","[""l1.csv""]",[],64.8199,ranked,full,100.0,True,True,False
COCO,"The Vita Coco Company, Inc. - Common Stock",nasdaqtrader:Q:COCO,common_equity,eligible,Q,,65.21,,81696788.47007936,-12.762541806020078,-12.785876688511443,10.600407055630923,101.45196169292556,22.387526779338252,46.018939306509985,,,False,,277.0,,2026-08-13,,full,"{""as_of"": ""2026-08-13"", ""listing_date"": null, ""reason_code"": ""valid_trading_sessions"", ""status"": ""full"", ""valid_trading_sessions"": 277}","[""l1.csv""]",[],64.8183,ranked,full,100.0,True,True,False
SFM,"Sprouts Farmers Market, Inc. - Common Stock",nasdaqtrader:Q:SFM,common_equity,eligible,Q,,82.68,,176853735.87849206,12.796725784447482,-6.33284241531663,25.90223846505255,-44.07089224108773,45.26678141135972,47.1696999528354,,,False,,277.0,,2026-08-13,,full,"{""as_of"": ""2026-08-13"", ""listing_date"": null, ""reason_code"": ""valid_trading_sessions"", ""status"": ""full"", ""valid_trading_sessions"": 277}","[""l1.csv""]",[],64.8155,ranked,full,100.0,True,True,False
META,"Meta Platforms, Inc. - Class A Common Stock",nasdaqtrader:Q:META,common_equity,eligible,Q,,594.97,,10910584311.242857,-12.672645344997125,-3.512641292184937,-11.024540519523251,-24.687341772151893,24.229843485348233,49.648558836316454,,,False,,277.0,,2026-08-13,,full,"{""as_of"": ""2026-08-13"", ""listing_date"": null, ""reason_code"": ""valid_trading_sessions"", ""status"": ""full"", ""valid_trading_sessions"": 277}","[""l1.csv""]",[],64.814,ranked,full,100.0,True,True,False
UBER,"Uber Technologies, Inc. Common Stock",nasdaqtrader:N:UBER,common_equity,eligible,N,,75.88,,1492552297.0319047,4.417228567496889,1.579651941097704,6.858188987466529,-17.278970892837688,24.195804195804193,42.69449193071763,,,False,,277.0,,2026-08-13,,full,"{""as_of"": ""2026-08-13"", ""listing_date"": null, ""reason_code"": ""valid_trading_sessions"", ""status"": ""full"", ""valid_trading_sessions"": 277}","[""l1.csv""]",[],64.8094,ranked,full,100.0,True,True,False
TKO,"TKO Group Holdings, Inc. Class A Common Stock",nasdaqtrader:N:TKO,common_equity,eligible,N,,199.68,,268131056.4104762,7.528271405492748,8.698965704953743,-5.086034794181948,7.343296419739809,11.237553342816497,25.15396931666815,,,False,,277.0,,2026-08-13,,full,"{""as_of"": ""2026-08-13"", ""listing_date"": null, ""reason_code"": ""valid_trading_sessions"", ""status"": ""full"", ""valid_trading_sessions"": 277}","[""l1.csv""]",[],64.8094,ranked,full,100.0,True,True,False
WPM,Wheaton Precious Metals Corp Common Shares (Canada),nasdaqtrader:N:WPM,common_equity,eligible,N,,131.86,,237057048.8749206,21.496360453330897,-7.284488820137803,-11.56864060089866,36.77004460118247,20.432054067101124,46.17746599964308,,,False,,277.0,,2026-08-13,,full,"{""as_of"": ""2026-08-13"", ""listing_date"": null, ""reason_code"": ""valid_trading_sessions"", ""status"": ""full"", ""valid_trading_sessions"": 277}","[""l1.csv""]",[],64.8076,ranked,full,100.0,True,True,False
CPB,The Campbell's Company - Common Stock,nasdaqtrader:Q:CPB,common_equity,eligible,Q,,23.28,,182737443.46238095,6.349931475559623,14.398034398034397,-20.60027285129604,-27.47663551401869,31.589773729062586,34.110593002297755,,,False,,277.0,,2026-08-13,,full,"{""as_of"": ""2026-08-13"", ""listing_date"": null, ""reason_code"": ""valid_trading_sessions"", ""status"": ""full"", ""valid_trading_sessions"": 277}","[""l1.csv""]",[],64.7953,ranked,full,100.0,True,True,False
HTHT,H World Group Limited - American Depositary Shares,nasdaqtrader:Q:HTHT,adr,eligible,Q,,40.51,,84042101.71523808,-5.062104523084143,-13.679948860004265,-23.853383458646626,25.65136476426797,27.738137709596867,27.024132158659658,,,False,,277.0,,2026-08-13,,full,"{""as_of"": ""2026-08-13"", ""listing_date"": null, ""reason_code"": ""valid_trading_sessions"", ""status"": ""full"", ""valid_trading_sessions"": 277}","[""l1.csv""]",[],64.7818,ranked,full,100.0,True,True,False
JKHY,"Jack Henry & Associates, Inc. - Common Stock",nasdaqtrader:Q:JKHY,common_equity,eligible,Q,,155.86,,207629616.41531745,4.977436519162137,10.202927243159166,-5.910051313009356,-2.459478064960252,19.075804776739346,30.98054355862892,,,False,,277.0,,2026-08-13,,full,"{""as_of"": ""2026-08-13"", ""listing_date"": null, ""reason_code"": ""valid_trading_sessions"", ""status"": ""full"", ""valid_trading_sessions"": 277}","[""l1.csv""]",[],64.769,ranked,full,100.0,True,True,False
PCOR,"Procore Technologies, Inc. Common Stock",nasdaqtrader:N:PCOR,common_equity,eligible,N,,62.17,,150991512.04000002,42.657182193666834,35.181561208958456,27.816611842105267,-1.207691085332907,21.89698492462311,50.48694706009841,,,False,,277.0,,2026-08-13,,full,"{""as_of"": ""2026-08-13"", ""listing_date"": null, ""reason_code"": ""valid_trading_sessions"", ""status"": ""full"", ""valid_trading_sessions"": 277}","[""l1.csv""]",[],64.7529,ranked,full,100.0,True,True,False
CIEN,Ciena Corporation Common Stock,nasdaqtrader:N:CIEN,common_equity,eligible,N,,442.79,,1275305382.4563491,5.814175787410991,-23.379477418238448,48.96215306980656,359.32572614107886,29.37958532695375,84.20726291662561,,,False,,277.0,,2026-08-13,,full,"{""as_of"": ""2026-08-13"", ""listing_date"": null, ""reason_code"": ""valid_trading_sessions"", ""status"": ""full"", ""valid_trading_sessions"": 277}","[""l1.csv""]",[],64.7506,ranked,full,100.0,True,True,False
ENTG,"Entegris, Inc. - Common Stock",nasdaqtrader:Q:ENTG,common_equity,eligible,Q,,163.81,,462948566.6300794,18.11233686639269,12.94125758411473,18.883808694390012,115.62458865341583,10.972826086956522,91.77983564392973,,,False,,277.0,,2026-08-13,,full,"{""as_of"": ""2026-08-13"", ""listing_date"": null, ""reason_code"": ""valid_trading_sessions"", ""status"": ""full"", ""valid_trading_sessions"": 277}","[""l1.csv""]",[],64.7432,ranked,full,100.0,True,True,False
EME,"EMCOR Group, Inc. Common Stock",nasdaqtrader:N:EME,common_equity,eligible,N,,831.23,,352950779.865873,7.99121758561554,-9.943554241015807,2.810107481663815,31.405219975654862,11.92264900662251,61.58222391800802,,,False,,277.0,,2026-08-13,,full,"{""as_of"": ""2026-08-13"", ""listing_date"": null, ""reason_code"": ""valid_trading_sessions"", ""status"": ""full"", ""valid_trading_sessions"": 277}","[""l1.csv""]",[],64.7307,ranked,full,100.0,True,True,False
SMTC,Semtech Corporation - Common Stock,nasdaqtrader:Q:SMTC,common_equity,eligible,Q,,133.58,,508558176.6615873,-1.2128383375240248,-4.4081866323171575,50.8867050717271,153.42439764750523,23.55062095804955,96.99253723986038,,,False,,277.0,,2026-08-13,,full,"{""as_of"": ""2026-08-13"", ""listing_date"": null, ""reason_code"": ""valid_trading_sessions"", ""status"": ""full"", ""valid_trading_sessions"": 277}","[""l1.csv""]",[],64.7234,ranked,full,100.0,True,True,False
IONS,"Ionis Pharmaceuticals, Inc. - Common Stock",nasdaqtrader:Q:IONS,common_equity,eligible,Q,,55.87,,185457299.01936507,2.082952676776917,-28.00257731958763,-33.76407824540605,34.9191016662642,35.41040462427746,90.84205688587845,,,False,,277.0,,2026-08-13,,full,"{""as_of"": ""2026-08-13"", ""listing_date"": null, ""reason_code"": ""valid_trading_sessions"", ""status"": ""full"", ""valid_trading_sessions"": 277}","[""l1.csv""]",[],64.7226,ranked,full,100.0,True,True,False
CEG,Constellation Energy Corporation - Common Stock When-Issued,nasdaqtrader:Q:CEG,common_equity,eligible,Q,,278.64,,938966092.4171429,7.9518819131007445,1.364182036450945,0.646559508759248,-17.70091856927667,31.021165985889343,33.727177660326674,,,False,,277.0,,2026-08-13,,full,"{""as_of"": ""2026-08-13"", ""listing_date"": null, ""reason_code"": ""valid_trading_sessions"", ""status"": ""full"", ""valid_trading_sessions"": 277}","[""l1.csv""]",[],64.7195,ranked,full,100.0,True,True,False
TGTX,"TG Therapeutics, Inc. - Common Stock",nasdaqtrader:Q:TGTX,common_equity,eligible,Q,,47.94,,118805305.10531746,-15.015068250310225,12.403282532239146,66.34281748785564,76.76991150442475,18.828310193024045,53.65609312893012,,,False,,277.0,,2026-08-13,,full,"{""as_of"": ""2026-08-13"", ""listing_date"": null, ""reason_code"": ""valid_trading_sessions"", ""status"": ""full"", ""valid_trading_sessions"": 277}","[""l1.csv""]",[],64.7071,ranked,full,100.0,True,True,False
FLEX,Flex Ltd. - Ordinary Shares,nasdaqtrader:Q:FLEX,common_equity,eligible,Q,,124.3,,911898863.0974603,-3.4338098197638334,-13.560500695410305,91.70265268352867,139.7762345679012,23.30474486333066,73.20724257304751,,,False,,277.0,,2026-08-13,,full,"{""as_of"": ""2026-08-13"", ""listing_date"": null, ""reason_code"": ""valid_trading_sessions"", ""status"": ""full"", ""valid_trading_sessions"": 277}","[""l1.csv""]",[],64.6906,ranked,full,100.0,True,True,False
LBRDK,Liberty Broadband Corporation - Class C Common Stock,nasdaqtrader:Q:LBRDK,common_equity,eligible,Q,,36.85,,62087267.35412698,19.52643529030167,10.32934131736527,-34.36052725329534,-38.50133511348465,43.49892670959829,48.49203694323801,,,False,,277.0,,2026-08-13,,full,"{""as_of"": ""2026-08-13"", ""listing_date"": null, ""reason_code"": ""valid_trading_sessions"", ""status"": ""full"", ""valid_trading_sessions"": 277}","[""l1.csv""]",[],64.6834,ranked,full,100.0,True,True,False
EXK,Endeavour Silver Corporation Ordinary Shares (Canada),nasdaqtrader:N:EXK,common_equity,eligible,N,,10.31,,58073681.98920635,29.52261306532664,-8.599290780141832,-16.653193209377516,79.30434782608697,26.98300283286118,68.55714643445945,,,False,,277.0,,2026-08-13,,full,"{""as_of"": ""2026-08-13"", ""listing_date"": null, ""reason_code"": ""valid_trading_sessions"", ""status"": ""full"", ""valid_trading_sessions"": 277}","[""l1.csv""]",[],64.6811,ranked,full,100.0,True,True,False
MP,MP Materials Corp. Common Stock,nasdaqtrader:N:MP,common_equity,eligible,N,,55.66,,335448661.125873,12.535382126971273,-12.662796171347878,-8.121492241663919,-25.737158105403612,43.57830714647746,74.29069399050564,,,False,,277.0,,2026-08-13,,full,"{""as_of"": ""2026-08-13"", ""listing_date"": null, ""reason_code"": ""valid_trading_sessions"", ""status"": ""full"", ""valid_trading_sessions"": 277}","[""l1.csv""]",[],64.6781,ranked,full,100.0,True,True,False
APPF,"AppFolio, Inc. - Class A Common Stock",nasdaqtrader:Q:APPF,common_equity,eligible,Q,,203.97,,69218785.35793652,16.288483466362603,35.501228990898824,14.115474991607924,-25.13213918660989,28.796341548558257,50.561152978695056,,,False,,277.0,,2026-08-13,,full,"{""as_of"": ""2026-08-13"", ""listing_date"": null, ""reason_code"": ""valid_trading_sessions"", ""status"": ""full"", ""valid_trading_sessions"": 277}","[""l1.csv""]",[],64.6728,ranked,full,100.0,True,True,False
MRSH,Marsh Common Stock,nasdaqtrader:N:MRSH,common_equity,eligible,N,,188.69,,458236294.6609524,7.076381795482911,18.56855598843785,9.069364161849713,-7.690426104398018,10.662373940627813,29.970346145945275,,,False,,277.0,,2026-08-13,,full,"{""as_of"": ""2026-08-13"", ""listing_date"": null, ""reason_code"": ""valid_trading_sessions"", ""status"": ""full"", ""valid_trading_sessions"": 277}","[""l1.csv""]",[],64.6656,ranked,full,100.0,True,True,False
PTCT,"PTC Therapeutics, Inc. - Common Stock",nasdaqtrader:Q:PTCT,common_equity,eligible,Q,,71.97,,131364070.59269841,-8.713850837138516,-2.0283147291042636,1.4805414551607443,58.979456593770685,19.63149078726968,45.64536763068515,,,False,,277.0,,2026-08-13,,full,"{""as_of"": ""2026-08-13"", ""listing_date"": null, ""reason_code"": ""valid_trading_sessions"", ""status"": ""full"", ""valid_trading_sessions"": 277}","[""l1.csv""]",[],64.6579,ranked,full,100.0,True,True,False
NTR,Nutrien Ltd. Common Shares,nasdaqtrader:N:NTR,common_equity,eligible,N,,67.47,,181685955.3885714,-1.2585979803892866,-5.35839528685651,-7.66388394690023,20.374665477252464,19.621157969978555,31.32819743993406,,,False,,277.0,,2026-08-13,,full,"{""as_of"": ""2026-08-13"", ""listing_date"": null, ""reason_code"": ""valid_trading_sessions"", ""status"": ""full"", ""valid_trading_sessions"": 277}","[""l1.csv""]",[],64.6553,ranked,full,100.0,True,True,False
YOU,"Clear Secure, Inc. Class A Common Stock",nasdaqtrader:N:YOU,common_equity,eligible,N,,45.67,,80323317.38238095,-16.431838975297342,-17.7709758732445,40.350338045482495,37.188344848302805,26.76395125080179,54.204912636325396,,,False,,277.0,,2026-08-13,,full,"{""as_of"": ""2026-08-13"", ""listing_date"": null, ""reason_code"": ""valid_trading_sessions"", ""status"": ""full"", ""valid_trading_sessions"": 277}","[""l1.csv""]",[],64.6519,ranked,full,100.0,True,True,False
EXE,Expand Energy Corporation - Common Stock,nasdaqtrader:Q:EXE,common_equity,eligible,Q,,94.68,,330701066.4079365,8.045190003423496,-1.0141139571353874,-8.459827902929518,-1.2618625508394987,22.955488648384726,31.92780198283771,,,False,,277.0,,2026-08-13,,full,"{""as_of"": ""2026-08-13"", ""listing_date"": null, ""reason_code"": ""valid_trading_sessions"", ""status"": ""full"", ""valid_trading_sessions"": 277}","[""l1.csv""]",[],64.6441,ranked,full,100.0,True,True,False
DIOD,Diodes Incorporated - Common Stock,nasdaqtrader:Q:DIOD,common_equity,eligible,Q,,97.19,,64306129.213968255,0.2785802723896058,-4.6783052177324365,24.602564102564095,81.83348924228248,20.82926034538938,88.61294405826185,,,False,,277.0,,2026-08-13,,full,"{""as_of"": ""2026-08-13"", ""listing_date"": null, ""reason_code"": ""valid_trading_sessions"", ""status"": ""full"", ""valid_trading_sessions"": 277}","[""l1.csv""]",[],64.6106,ranked,full,100.0,True,True,False
AZO,"AutoZone, Inc. Common Stock",nasdaqtrader:N:AZO,common_equity,eligible,N,,3040.37,,1063469562.9590476,2.3497173943047844,-9.695288390425304,-18.616379137277995,-24.003479417197624,30.179307113954636,35.31168766114837,,,False,,277.0,,2026-08-13,,full,"{""as_of"": ""2026-08-13"", ""listing_date"": null, ""reason_code"": ""valid_trading_sessions"", ""status"": ""full"", ""valid_trading_sessions"": 277}","[""l1.csv""]",[],64.6072,ranked,full,100.0,True,True,False
ECL,Ecolab Inc. Common Stock,nasdaqtrader:N:ECL,common_equity,eligible,N,,276.26,,414085107.3098413,2.2238667900092546,10.672221777101187,-8.990281666941202,-0.13014243366351597,10.407005026755323,23.477564405443136,,,False,,277.0,,2026-08-13,,full,"{""as_of"": ""2026-08-13"", ""listing_date"": null, ""reason_code"": ""valid_trading_sessions"", ""status"": ""full"", ""valid_trading_sessions"": 277}","[""l1.csv""]",[],64.6018,ranked,full,100.0,True,True,False
FIX,"Comfort Systems USA, Inc. Common Stock",nasdaqtrader:N:FIX,common_equity,eligible,N,,1727.64,,897639675.7631747,-0.5216790464674381,-15.08824700314062,29.05837971090277,140.41413283978792,16.398178571601395,61.737550771860505,,,False,,277.0,,2026-08-13,,full,"{""as_of"": ""2026-08-13"", ""listing_date"": null, ""reason_code"": ""valid_trading_sessions"", ""status"": ""full"", ""valid_trading_sessions"": 277}","[""l1.csv""]",[],64.5995,ranked,full,100.0,True,True,False
MSFT,Microsoft Corporation - Common Stock,nasdaqtrader:Q:MSFT,common_equity,eligible,Q,,496.88,,16878145901.85254,25.592093622829417,22.62283754102812,22.877562628285975,-6.114428236716806,8.336561698673616,49.10256432227321,,,False,,277.0,,2026-08-13,,full,"{""as_of"": ""2026-08-13"", ""listing_date"": null, ""reason_code"": ""valid_trading_sessions"", ""status"": ""full"", ""valid_trading_sessions"": 277}","[""l1.csv""]",[],64.5841,ranked,full,100.0,True,True,False
LNG,"Cheniere Energy, Inc. Common Stock",nasdaqtrader:N:LNG,common_equity,eligible,N,,266.48,,504409102.0307936,4.162920689520377,11.320912356922053,21.45298755754068,15.976846411629019,10.248896972146449,34.5798229593776,,,False,,277.0,,2026-08-13,,full,"{""as_of"": ""2026-08-13"", ""listing_date"": null, ""reason_code"": ""valid_trading_sessions"", ""status"": ""full"", ""valid_trading_sessions"": 277}","[""l1.csv""]",[],64.5622,ranked,full,100.0,True,True,False
CDNS,"Cadence Design Systems, Inc. - Common Stock",nasdaqtrader:Q:CDNS,common_equity,eligible,Q,,323.77,,868745852.0822222,-12.847913862718718,-8.681427161190246,8.049390956115477,-8.438675376827586,22.243569730300916,40.63376547172251,,,False,,277.0,,2026-08-13,,full,"{""as_of"": ""2026-08-13"", ""listing_date"": null, ""reason_code"": ""valid_trading_sessions"", ""status"": ""full"", ""valid_trading_sessions"": 277}","[""l1.csv""]",[],64.5491,ranked,full,100.0,True,True,False
MRNA,"Moderna, Inc. - Common Stock",nasdaqtrader:Q:MRNA,common_equity,eligible,Q,,63.65,,419518737.1059524,-6.780902167545399,26.239587465291535,57.12169834608738,148.05144193296957,22.188264058679707,75.58203012036454,,,False,,277.0,,2026-08-13,,full,"{""as_of"": ""2026-08-13"", ""listing_date"": null, ""reason_code"": ""valid_trading_sessions"", ""status"": ""full"", ""valid_trading_sessions"": 277}","[""l1.csv""]",[],64.5418,ranked,full,100.0,True,True,False
SEI,"Solaris Energy Infrastructure, Inc. Class A Common Stock",nasdaqtrader:N:SEI,common_equity,eligible,N,,59.9,,189892886.9742857,-10.730253353204166,-22.399274517424537,11.483342639121542,95.36855838225699,27.726833976833976,96.53371398760684,,,False,,277.0,,2026-08-13,,full,"{""as_of"": ""2026-08-13"", ""listing_date"": null, ""reason_code"": ""valid_trading_sessions"", ""status"": ""full"", ""valid_trading_sessions"": 277}","[""l1.csv""]",[],64.5302,ranked,full,100.0,True,True,False
EBAY,eBay Inc. - Common Stock,nasdaqtrader:Q:EBAY,common_equity,eligible,Q,,104.58,,457497567.1759524,-7.254345512593119,-7.459516856915327,26.182432432432435,7.747784875334851,12.0880968392737,36.36344556225892,,,False,,277.0,,2026-08-13,,full,"{""as_of"": ""2026-08-13"", ""listing_date"": null, ""reason_code"": ""valid_trading_sessions"", ""status"": ""full"", ""valid_trading_sessions"": 277}","[""l1.csv""]",[],64.522,ranked,full,100.0,True,True,False
BP,BP p.l.c. Common Stock,nasdaqtrader:N:BP,common_equity,eligible,N,,42.83,,368952881.0290476,3.6293249455601195,-2.9678296329859633,11.102464332036321,25.71176988552979,10.07768213310939,34.56637758971311,,,False,,277.0,,2026-08-13,,full,"{""as_of"": ""2026-08-13"", ""listing_date"": null, ""reason_code"": ""valid_trading_sessions"", ""status"": ""full"", ""valid_trading_sessions"": 277}","[""l1.csv""]",[],64.5194,ranked,full,100.0,True,True,False
RGLD,"Royal Gold, Inc. - Common Stock",nasdaqtrader:Q:RGLD,common_equity,eligible,Q,,225.98,,152384914.37714285,17.075950678686127,-7.7595003877709345,-20.76993198232944,31.12452129511429,25.735318281902142,36.76098278743461,,,False,,277.0,,2026-08-13,,full,"{""as_of"": ""2026-08-13"", ""listing_date"": null, ""reason_code"": ""valid_trading_sessions"", ""status"": ""full"", ""valid_trading_sessions"": 277}","[""l1.csv""]",[],64.5147,ranked,full,100.0,True,True,False
FCN,"FTI Consulting, Inc. Common Stock",nasdaqtrader:N:FCN,common_equity,eligible,N,,153.41,,75170163.69761905,-4.655065257924185,5.924186977836077,-2.168229067023786,-7.271518375241781,17.975725819387268,29.738099060042583,,,False,,277.0,,2026-08-13,,full,"{""as_of"": ""2026-08-13"", ""listing_date"": null, ""reason_code"": ""valid_trading_sessions"", ""status"": ""full"", ""valid_trading_sessions"": 277}","[""l1.csv""]",[],64.4939,ranked,full,100.0,True,True,False
TMUS,"T-Mobile US, Inc. - Common Stock",nasdaqtrader:Q:TMUS,common_equity,eligible,Q,,183.38,,974158341.7368253,-2.259887005649719,-3.6262350220727324,-12.484489834876399,-27.3109243697479,29.199644801359014,49.42041481971595,,,False,,277.0,,2026-08-13,,full,"{""as_of"": ""2026-08-13"", ""listing_date"": null, ""reason_code"": ""valid_trading_sessions"", ""status"": ""full"", ""valid_trading_sessions"": 277}","[""l1.csv""]",[],64.4766,ranked,full,100.0,True,True,False
DNN,Denison Mines Corp Ordinary Shares (Canada),nasdaqtrader:A:DNN,common_equity,eligible,A,,3.26,,75377239.89428572,5.501618122977336,-9.19220055710307,-17.67676767676768,50.92592592592591,25.400457665903897,59.45067200731995,,,False,,277.0,,2026-08-13,,full,"{""as_of"": ""2026-08-13"", ""listing_date"": null, ""reason_code"": ""valid_trading_sessions"", ""status"": ""full"", ""valid_trading_sessions"": 277}","[""l1.csv""]",[],64.4701,ranked,full,100.0,True,True,False
ERIC,Ericsson - American Depositary Shares each representing 1 underlying Class B share,nasdaqtrader:Q:ERIC,adr,eligible,Q,,10.27,,138548394.24714285,1.9860973187686204,-18.0367118914605,-7.809694793536814,34.95400788436267,25.254730713245998,52.15042583387207,,,False,,277.0,,2026-08-13,,full,"{""as_of"": ""2026-08-13"", ""listing_date"": null, ""reason_code"": ""valid_trading_sessions"", ""status"": ""full"", ""valid_trading_sessions"": 277}","[""l1.csv""]",[],64.4506,ranked,full,100.0,True,True,False
BKD,Brookdale Senior Living Inc. Common Stock,nasdaqtrader:N:BKD,common_equity,eligible,N,,12.55,,70249448.8379365,-12.360335195530725,-2.4105754276827263,-25.16398330351818,73.582295988935,25.16398330351818,47.048878903737325,,,False,,277.0,,2026-08-13,,full,"{""as_of"": ""2026-08-13"", ""listing_date"": null, ""reason_code"": ""valid_trading_sessions"", ""status"": ""full"", ""valid_trading_sessions"": 277}","[""l1.csv""]",[],64.4385,ranked,full,100.0,True,True,False
DKNG,DraftKings Inc. - Class A Common Stock,nasdaqtrader:Q:DKNG,common_equity,eligible,Q,,25.42,,324323313.0227778,0.6732673267326739,1.558130243707545,-3.3460076045627285,-41.02088167053364,47.29421521874352,48.55559342623823,,,False,,277.0,,2026-08-13,,full,"{""as_of"": ""2026-08-13"", ""listing_date"": null, ""reason_code"": ""valid_trading_sessions"", ""status"": ""full"", ""valid_trading_sessions"": 277}","[""l1.csv""]",[],64.4304,ranked,full,100.0,True,True,False
XYL,Xylem Inc. Common Stock New,nasdaqtrader:N:XYL,common_equity,eligible,N,,120.32,,223288479.19015872,-0.9141068928601004,10.37519493624437,-5.087954563382501,-16.1123893188315,21.333769205622755,29.561618114073624,,,False,,277.0,,2026-08-13,,full,"{""as_of"": ""2026-08-13"", ""listing_date"": null, ""reason_code"": ""valid_trading_sessions"", ""status"": ""full"", ""valid_trading_sessions"": 277}","[""l1.csv""]",[],64.4278,ranked,full,100.0,True,True,False
FOUR,"Shift4 Payments, Inc. Class A Common Stock",nasdaqtrader:N:FOUR,common_equity,eligible,N,,48.0,,70785224.87746032,-5.9008037639678435,17.445559089796923,-18.283963227783453,-44.814899977006206,47.55817764667323,90.17728769383486,,,False,,277.0,,2026-08-13,,full,"{""as_of"": ""2026-08-13"", ""listing_date"": null, ""reason_code"": ""valid_trading_sessions"", ""status"": ""full"", ""valid_trading_sessions"": 277}","[""l1.csv""]",[],64.4128,ranked,full,100.0,True,True,False
EQX,Equinox Gold Corp. Common Shares,nasdaqtrader:A:EQX,common_equity,eligible,A,,11.22,,148210155.65507936,20.000000000000018,-22.567287784679092,-31.33414932680538,64.75770925110133,40.19189765458422,57.989311157191935,,,False,,277.0,,2026-08-13,,full,"{""as_of"": ""2026-08-13"", ""listing_date"": null, ""reason_code"": ""valid_trading_sessions"", ""status"": ""full"", ""valid_trading_sessions"": 277}","[""l1.csv""]",[],64.4039,ranked,full,100.0,True,True,False
MUR,Murphy Oil Corporation Common Stock,nasdaqtrader:N:MUR,common_equity,eligible,N,,34.79,,64712243.32984127,0.43302540415703916,-9.54238169526781,1.6063084112149406,49.89228780697974,18.600842302292943,53.50399814413341,,,False,,277.0,,2026-08-13,,full,"{""as_of"": ""2026-08-13"", ""listing_date"": null, ""reason_code"": ""valid_trading_sessions"", ""status"": ""full"", ""valid_trading_sessions"": 277}","[""l1.csv""]",[],64.4002,ranked,full,100.0,True,True,False
CELC,Celcuity Inc. - Common Stock,nasdaqtrader:Q:CELC,common_equity,eligible,Q,,86.6,,151498128.96952382,-5.365533821440294,-30.42500200851611,-16.914515974287646,72.9924091090691,40.26762312043041,81.73754230341736,,,False,,277.0,,2026-08-13,,full,"{""as_of"": ""2026-08-13"", ""listing_date"": null, ""reason_code"": ""valid_trading_sessions"", ""status"": ""full"", ""valid_trading_sessions"": 277}","[""l1.csv""]",[],64.3988,ranked,full,100.0,True,True,False
NKE,"Nike, Inc. Common Stock",nasdaqtrader:N:NKE,common_equity,eligible,N,,41.23,,1011016421.774127,-3.6006546644844706,-2.621634388285321,-33.87329591018445,-44.95327102803739,47.92219274977896,30.54265489524383,,,False,,277.0,,2026-08-13,,full,"{""as_of"": ""2026-08-13"", ""listing_date"": null, ""reason_code"": ""valid_trading_sessions"", ""status"": ""full"", ""valid_trading_sessions"": 277}","[""l1.csv""]",[],64.3885,ranked,full,100.0,True,True,False
LDOS,"Leidos Holdings, Inc. Common Stock",nasdaqtrader:N:LDOS,common_equity,eligible,N,,142.61,,192632445.48920634,31.79003788928936,14.85060803736813,-17.566473988439302,-19.89102348050781,28.534201954397385,43.224175989319946,,,False,,277.0,,2026-08-13,,full,"{""as_of"": ""2026-08-13"", ""listing_date"": null, ""reason_code"": ""valid_trading_sessions"", ""status"": ""full"", ""valid_trading_sessions"": 277}","[""l1.csv""]",[],64.3879,ranked,full,100.0,True,True,False
KHC,The Kraft Heinz Company - Common Stock,nasdaqtrader:Q:KHC,common_equity,eligible,Q,,25.38,,350921092.46047616,-0.2750491159135615,9.490940465918897,1.5606242496998712,-7.202925045703845,9.550962223806126,33.48281541244565,,,False,,277.0,,2026-08-13,,full,"{""as_of"": ""2026-08-13"", ""listing_date"": null, ""reason_code"": ""valid_trading_sessions"", ""status"": ""full"", ""valid_trading_sessions"": 277}","[""l1.csv""]",[],64.3877,ranked,full,100.0,True,True,False
NE,Noble Corporation plc A Ordinary Shares,nasdaqtrader:N:NE,common_equity,eligible,N,,44.29,,66619192.610634916,9.14243469689502,-13.563622170179556,0.5220154334997673,64.15863602668644,18.539635828581936,49.92657292234576,,,False,,277.0,,2026-08-13,,full,"{""as_of"": ""2026-08-13"", ""listing_date"": null, ""reason_code"": ""valid_trading_sessions"", ""status"": ""full"", ""valid_trading_sessions"": 277}","[""l1.csv""]",[],64.3849,ranked,full,100.0,True,True,False
AGI,Alamos Gold Inc. Class A Common Shares,nasdaqtrader:N:AGI,common_equity,eligible,N,,32.85,,148569628.55746034,13.197794624396963,-24.742268041237104,-28.972972972972965,26.589595375722563,40.62895355141875,47.29736294851807,,,False,,277.0,,2026-08-13,,full,"{""as_of"": ""2026-08-13"", ""listing_date"": null, ""reason_code"": ""valid_trading_sessions"", ""status"": ""full"", ""valid_trading_sessions"": 277}","[""l1.csv""]",[],64.3747,ranked,full,100.0,True,True,False
MCO,Moody's Corporation Common Stock,nasdaqtrader:N:MCO,common_equity,eligible,N,,488.42,,454165927.11079365,-3.1796376323196984,11.430005475451722,18.48240060160591,-5.354132351516316,9.48648097700191,28.900404572932935,,,False,,277.0,,2026-08-13,,full,"{""as_of"": ""2026-08-13"", ""listing_date"": null, ""reason_code"": ""valid_trading_sessions"", ""status"": ""full"", ""valid_trading_sessions"": 277}","[""l1.csv""]",[],64.3716,ranked,full,100.0,True,True,False
SYF,Synchrony Financial Common Stock,nasdaqtrader:N:SYF,common_equity,eligible,N,,80.08,,272249295.18015873,8.15775256618043,14.711359404096825,9.803921568627437,10.668877833056944,9.483440714366454,40.622703009450504,,,False,,277.0,,2026-08-13,,full,"{""as_of"": ""2026-08-13"", ""listing_date"": null, ""reason_code"": ""valid_trading_sessions"", ""status"": ""full"", ""valid_trading_sessions"": 277}","[""l1.csv""]",[],64.3709,ranked,full,100.0,True,True,False
CNR,"Core Natural Resources, Inc. Common Stock",nasdaqtrader:N:CNR,common_equity,eligible,N,,93.49,,54830185.88809524,8.444495998144074,13.444970270598233,0.8848602568252817,21.89048239895697,17.43354234743443,40.81892110744852,,,False,,277.0,,2026-08-13,,full,"{""as_of"": ""2026-08-13"", ""listing_date"": null, ""reason_code"": ""valid_trading_sessions"", ""status"": ""full"", ""valid_trading_sessions"": 277}","[""l1.csv""]",[],64.3584,ranked,full,100.0,True,True,False
LITE,Lumentum Holdings Inc. - Common Stock,nasdaqtrader:Q:LITE,common_equity,eligible,Q,,880.41,,4558936167.850318,17.075797872340416,-14.55399516678474,53.35214505930919,635.7596523483203,16.397458906646158,112.0639333627718,,,False,,277.0,,2026-08-13,,full,"{""as_of"": ""2026-08-13"", ""listing_date"": null, ""reason_code"": ""valid_trading_sessions"", ""status"": ""full"", ""valid_trading_sessions"": 277}","[""l1.csv""]",[],64.3494,ranked,full,100.0,True,True,False
BTSG,"BrightSpring Health Services, Inc. - Common Stock",nasdaqtrader:Q:BTSG,common_equity,eligible,Q,,60.23,,247813424.64103174,-11.763844125402878,6.601769911504429,50.3494757863205,177.30202578268876,17.391304347826086,72.1561034031033,,,False,,277.0,,2026-08-13,,full,"{""as_of"": ""2026-08-13"", ""listing_date"": null, ""reason_code"": ""valid_trading_sessions"", ""status"": ""full"", ""valid_trading_sessions"": 277}","[""l1.csv""]",[],64.3478,ranked,full,100.0,True,True,False
TTMI,"TTM Technologies, Inc. - Common Stock",nasdaqtrader:Q:TTMI,common_equity,eligible,Q,,138.88,,469848967.1995238,-3.300375992201654,-17.734865537258614,51.1207834602829,197.8340124383444,37.291732514561794,101.16779826141699,,,False,,277.0,,2026-08-13,,full,"{""as_of"": ""2026-08-13"", ""listing_date"": null, ""reason_code"": ""valid_trading_sessions"", ""status"": ""full"", ""valid_trading_sessions"": 277}","[""l1.csv""]",[],64.3472,ranked,full,100.0,True,True,False
BTE,Baytex Energy Corp Common Shares,nasdaqtrader:N:BTE,common_equity,eligible,N,,4.29,,82009559.38142857,3.874092009685226,-13.508064516129025,18.508287292817684,112.37623762376239,19.3609022556391,44.552202781846304,,,False,,277.0,,2026-08-13,,full,"{""as_of"": ""2026-08-13"", ""listing_date"": null, ""reason_code"": ""valid_trading_sessions"", ""status"": ""full"", ""valid_trading_sessions"": 277}","[""l1.csv""]",[],64.3402,ranked,full,100.0,True,True,False
BTG,B2Gold Corp Common shares (Canada),nasdaqtrader:A:BTG,common_equity,eligible,A,,5.07,,97765941.20984128,33.42105263157895,-5.4104477611940265,-9.94671403197157,34.12698412698414,18.357487922705307,72.60783654763657,,,False,,277.0,,2026-08-13,,full,"{""as_of"": ""2026-08-13"", ""listing_date"": null, ""reason_code"": ""valid_trading_sessions"", ""status"": ""full"", ""valid_trading_sessions"": 277}","[""l1.csv""]",[],64.3394,ranked,full,100.0,True,True,False
HUT,Hut 8 Corp. - Common Stock,nasdaqtrader:Q:HUT,common_equity,eligible,Q,,82.95,,476400535.16642857,-19.489469086673783,-23.42134416543574,55.86245772266065,284.38368860055607,37.64095624718088,118.71765033079711,,,False,,277.0,,2026-08-13,,full,"{""as_of"": ""2026-08-13"", ""listing_date"": null, ""reason_code"": ""valid_trading_sessions"", ""status"": ""full"", ""valid_trading_sessions"": 277}","[""l1.csv""]",[],64.3239,ranked,full,100.0,True,True,False
SQM,Sociedad Quimica y Minera S.A. Common Stock,nasdaqtrader:N:SQM,common_equity,eligible,N,,72.16,,81330540.99158731,0.8948545861297452,-21.23990395110239,-4.093567251461982,57.692307692307686,24.289161682929393,36.831970460873826,,,False,,277.0,,2026-08-13,,full,"{""as_of"": ""2026-08-13"", ""listing_date"": null, ""reason_code"": ""valid_trading_sessions"", ""status"": ""full"", ""valid_trading_sessions"": 277}","[""l1.csv""]",[],64.3219,ranked,full,100.0,True,True,False
SLB,SLB Limited Common Shares,nasdaqtrader:N:SLB,common_equity,eligible,N,,52.06,,711586870.3779365,9.48475289169297,-5.994944023113035,0.9697439875872682,58.04493017607773,10.256852266850537,41.66342921131937,,,False,,277.0,,2026-08-13,,full,"{""as_of"": ""2026-08-13"", ""listing_date"": null, ""reason_code"": ""valid_trading_sessions"", ""status"": ""full"", ""valid_trading_sessions"": 277}","[""l1.csv""]",[],64.3142,ranked,full,100.0,True,True,False
EQT,EQT Corporation Common Stock,nasdaqtrader:N:EQT,common_equity,eligible,N,,54.08,,378477064.14238095,9.80710659898476,-3.3077060611478637,-5.006147900930968,5.480787985176505,20.388635359929353,33.87457425941596,,,False,,277.0,,2026-08-13,,full,"{""as_of"": ""2026-08-13"", ""listing_date"": null, ""reason_code"": ""valid_trading_sessions"", ""status"": ""full"", ""valid_trading_sessions"": 277}","[""l1.csv""]",[],64.3018,ranked,full,100.0,True,True,False
VTR,"Ventas, Inc. Common Stock",nasdaqtrader:N:VTR,common_equity,eligible,N,,90.29,,338976990.27492064,-2.167082024054612,-0.06640841173214396,5.368187653168399,31.790979419062904,10.186014125136767,34.87514756049844,,,False,,277.0,,2026-08-13,,full,"{""as_of"": ""2026-08-13"", ""listing_date"": null, ""reason_code"": ""valid_trading_sessions"", ""status"": ""full"", ""valid_trading_sessions"": 277}","[""l1.csv""]",[],64.2965,ranked,full,100.0,True,True,False
LPX,Louisiana-Pacific Corporation Common Stock,nasdaqtrader:N:LPX,common_equity,eligible,N,,74.14,,86248314.92603175,0.9531590413943469,5.552391799544432,-23.57488918668179,-22.447698744769873,27.84428223844282,45.412077262044676,,,False,,277.0,,2026-08-13,,full,"{""as_of"": ""2026-08-13"", ""listing_date"": null, ""reason_code"": ""valid_trading_sessions"", ""status"": ""full"", ""valid_trading_sessions"": 277}","[""l1.csv""]",[],64.2959,ranked,full,100.0,True,True,False
AMKR,"Amkor Technology, Inc. - Common Stock",nasdaqtrader:Q:AMKR,common_equity,eligible,Q,,57.75,,392944981.79444444,-14.621525724423423,-22.59750703659027,2.8128894427630335,137.06896551724137,38.26830571886691,120.68299953263156,,,False,,277.0,,2026-08-13,,full,"{""as_of"": ""2026-08-13"", ""listing_date"": null, ""reason_code"": ""valid_trading_sessions"", ""status"": ""full"", ""valid_trading_sessions"": 277}","[""l1.csv""]",[],64.2821,ranked,full,100.0,True,True,False
MCD,McDonald's Corporation Common Stock,nasdaqtrader:N:MCD,common_equity,eligible,N,,272.25,,1262651628.0380952,2.7552368371390967,-1.2513601741022784,-15.766838897311342,-9.743402731733186,20.175335718055475,23.404055840416127,,,False,,277.0,,2026-08-13,,full,"{""as_of"": ""2026-08-13"", ""listing_date"": null, ""reason_code"": ""valid_trading_sessions"", ""status"": ""full"", ""valid_trading_sessions"": 277}","[""l1.csv""]",[],64.2734,ranked,full,100.0,True,True,False
TSEM,Tower Semiconductor Ltd. - Ordinary Shares,nasdaqtrader:Q:TSEM,common_equity,eligible,Q,,252.95,,509780763.16698414,0.7768924302788749,-6.581231303320156,88.1508479619161,448.69848156182206,20.16727157961181,106.54616284600513,,,False,,277.0,,2026-08-13,,full,"{""as_of"": ""2026-08-13"", ""listing_date"": null, ""reason_code"": ""valid_trading_sessions"", ""status"": ""full"", ""valid_trading_sessions"": 277}","[""l1.csv""]",[],64.2723,ranked,full,100.0,True,True,False
NVS,Novartis AG Common Stock,nasdaqtrader:N:NVS,common_equity,eligible,N,,151.72,,280739331.06476194,0.6100795755968003,1.315525876460777,-5.210546045233045,27.164529377252535,10.022535879492356,24.45127175897345,,,False,,277.0,,2026-08-13,,full,"{""as_of"": ""2026-08-13"", ""listing_date"": null, ""reason_code"": ""valid_trading_sessions"", ""status"": ""full"", ""valid_trading_sessions"": 277}","[""l1.csv""]",[],64.2556,ranked,full,100.0,True,True,False
NXT,Nextpower Inc. - Class A Common Stock,nasdaqtrader:Q:NXT,common_equity,eligible,Q,,104.55,,353793338.9615873,-4.196829469440111,-23.333577766370905,-12.802335279399502,91.8348623853211,33.152173913043484,69.61270609859181,,,False,,277.0,,2026-08-13,,full,"{""as_of"": ""2026-08-13"", ""listing_date"": null, ""reason_code"": ""valid_trading_sessions"", ""status"": ""full"", ""valid_trading_sessions"": 277}","[""l1.csv""]",[],64.2536,ranked,full,100.0,True,True,False
ROK,"Rockwell Automation, Inc. Common Stock",nasdaqtrader:N:ROK,common_equity,eligible,N,,445.51,,381720924.65619045,-3.552563214409432,-2.0835622760939865,9.523809523809534,31.128771155261227,10.012523228569115,34.43069080284964,,,False,,277.0,,2026-08-13,,full,"{""as_of"": ""2026-08-13"", ""listing_date"": null, ""reason_code"": ""valid_trading_sessions"", ""status"": ""full"", ""valid_trading_sessions"": 277}","[""l1.csv""]",[],64.2531,ranked,full,100.0,True,True,False
NCLH,Norwegian Cruise Line Holdings Ltd. Ordinary Shares,nasdaqtrader:N:NCLH,common_equity,eligible,N,,19.55,,340530071.8296825,-0.9123162696401454,21.731008717310107,-14.814814814814813,-19.34818481848184,27.431328878990346,55.7439647136298,,,False,,277.0,,2026-08-13,,full,"{""as_of"": ""2026-08-13"", ""listing_date"": null, ""reason_code"": ""valid_trading_sessions"", ""status"": ""full"", ""valid_trading_sessions"": 277}","[""l1.csv""]",[],64.2408,ranked,full,100.0,True,True,False
NRG,"NRG Energy, Inc. Common Stock",nasdaqtrader:N:NRG,common_equity,eligible,N,,119.75,,371810408.6650794,-13.161711385061647,-8.643576441867573,-25.449791446180658,-23.575212202437935,34.92908764875292,66.95277511676512,,,False,,277.0,,2026-08-13,,full,"{""as_of"": ""2026-08-13"", ""listing_date"": null, ""reason_code"": ""valid_trading_sessions"", ""status"": ""full"", ""valid_trading_sessions"": 277}","[""l1.csv""]",[],64.2405,ranked,full,100.0,True,True,False
PAAS,Pan American Silver Corp. Common Stock,nasdaqtrader:N:PAAS,common_equity,eligible,N,,47.3,,222267326.35238096,8.560936424145037,-25.699026076028908,-21.00868403473615,47.76632302405499,31.149927219796226,54.84695691050236,,,False,,277.0,,2026-08-13,,full,"{""as_of"": ""2026-08-13"", ""listing_date"": null, ""reason_code"": ""valid_trading_sessions"", ""status"": ""full"", ""valid_trading_sessions"": 277}","[""l1.csv""]",[],64.2367,ranked,full,100.0,True,True,False
PAYX,"Paychex, Inc. - Common Stock",nasdaqtrader:Q:PAYX,common_equity,eligible,Q,,125.4,,345763036.5203968,14.000000000000012,39.45729537366549,32.222690847743564,-7.10422994295874,10.943825012428087,32.069491763638176,,,False,,277.0,,2026-08-13,,full,"{""as_of"": ""2026-08-13"", ""listing_date"": null, ""reason_code"": ""valid_trading_sessions"", ""status"": ""full"", ""valid_trading_sessions"": 277}","[""l1.csv""]",[],64.236,ranked,full,100.0,True,True,False
SOXX,iShares PHLX SOX Semiconductor Sector Index Fund,US:SOXX,etf,eligible,Q,,550.74,,5784363886.973493,-0.8158193311362028,4.249559900812061,52.898389783453645,120.15510073552926,15.918840933726198,57.47376099728165,,,False,,277.0,,2026-08-13,,full,"{""as_of"": ""2026-08-13"", ""listing_date"": null, ""reason_code"": ""valid_trading_sessions"", ""status"": ""full"", ""valid_trading_sessions"": 277}","[""l1.csv""]",[],64.2297,ranked,full,100.0,True,True,False
VECO,Veeco Instruments Inc. - Common Stock,nasdaqtrader:Q:VECO,common_equity,eligible,Q,,53.58,,83198840.9515873,-5.933988764044951,-11.085297046133425,64.35582822085888,120.67545304777592,35.47687861271677,94.63112466109337,,,False,,277.0,,2026-08-13,,full,"{""as_of"": ""2026-08-13"", ""listing_date"": null, ""reason_code"": ""valid_trading_sessions"", ""status"": ""full"", ""valid_trading_sessions"": 277}","[""l1.csv""]",[],64.2182,ranked,full,100.0,True,True,False
RSG,"Republic Services, Inc. Common Stock",nasdaqtrader:N:RSG,common_equity,eligible,N,,215.22,,337929324.2544444,-0.9754302015275607,5.670938282515836,-4.7572686639819395,-7.8405344067143385,8.847571047393165,24.264170662641146,,,False,,277.0,,2026-08-13,,full,"{""as_of"": ""2026-08-13"", ""listing_date"": null, ""reason_code"": ""valid_trading_sessions"", ""status"": ""full"", ""valid_trading_sessions"": 277}","[""l1.csv""]",[],64.2119,ranked,full,100.0,True,True,False
ARGX,argenx SE - American Depositary Shares,nasdaqtrader:Q:ARGX,adr,eligible,Q,,856.94,,283069487.7352381,-0.6941466862897205,6.757194468668248,2.6828829908333907,34.40931049626703,8.805125148986882,38.44812353801979,,,False,,277.0,,2026-08-13,,full,"{""as_of"": ""2026-08-13"", ""listing_date"": null, ""reason_code"": ""valid_trading_sessions"", ""status"": ""full"", ""valid_trading_sessions"": 277}","[""l1.csv""]",[],64.2013,ranked,full,100.0,True,True,False
ULTA,"Ulta Beauty, Inc. - Common Stock",nasdaqtrader:Q:ULTA,common_equity,eligible,Q,,515.57,,357791819.81738096,10.604110353112816,4.759776082252198,-24.519434887636326,-0.08720592225106572,27.057808211425815,31.302004548206554,,,False,,277.0,,2026-08-13,,full,"{""as_of"": ""2026-08-13"", ""listing_date"": null, ""reason_code"": ""valid_trading_sessions"", ""status"": ""full"", ""valid_trading_sessions"": 277}","[""l1.csv""]",[],64.191,ranked,full,100.0,True,True,False
KRC,Kilroy Realty Corporation Common Stock,nasdaqtrader:N:KRC,common_equity,eligible,N,,37.0,,53998145.22,-7.221664994984955,7.433217189314756,14.835505896958413,-2.37467018469657,16.741674167416743,24.703680425398115,,,False,,277.0,,2026-08-13,,full,"{""as_of"": ""2026-08-13"", ""listing_date"": null, ""reason_code"": ""valid_trading_sessions"", ""status"": ""full"", ""valid_trading_sessions"": 277}","[""l1.csv""]",[],64.1854,ranked,full,100.0,True,True,False
RYN,Rayonier Inc. REIT Common Stock,nasdaqtrader:N:RYN,common_equity,eligible,N,,21.76,,56610943.40015873,-0.22925263640530824,8.691308691308697,-2.683363148479423,-17.1047619047619,19.734415344891175,25.87650132425156,,,False,,277.0,,2026-08-13,,full,"{""as_of"": ""2026-08-13"", ""listing_date"": null, ""reason_code"": ""valid_trading_sessions"", ""status"": ""full"", ""valid_trading_sessions"": 277}","[""l1.csv""]",[],64.1836,ranked,full,100.0,True,True,False
ECG,"Everus Construction Group, Inc. Common Stock",nasdaqtrader:N:ECG,common_equity,eligible,N,,137.5,,87473790.3368254,-0.6933410371226412,-14.474093425390311,34.14634146341464,81.39841688654354,18.71600851265074,72.2069441758431,,,False,,277.0,,2026-08-13,,full,"{""as_of"": ""2026-08-13"", ""listing_date"": null, ""reason_code"": ""valid_trading_sessions"", ""status"": ""full"", ""valid_trading_sessions"": 277}","[""l1.csv""]",[],64.179,ranked,full,100.0,True,True,False
MSCI,MSCI Inc. Common Stock,nasdaqtrader:N:MSCI,common_equity,eligible,N,,575.24,,423058576.7931746,-7.483474596715823,0.7584382827416025,12.386683338543293,4.558673840337368,10.653433359737818,40.445407916380155,,,False,,277.0,,2026-08-13,,full,"{""as_of"": ""2026-08-13"", ""listing_date"": null, ""reason_code"": ""valid_trading_sessions"", ""status"": ""full"", ""valid_trading_sessions"": 277}","[""l1.csv""]",[],64.1634,ranked,full,100.0,True,True,False
PCG,Pacific Gas & Electric Co. Common Stock,nasdaqtrader:N:PCG,common_equity,eligible,N,,17.46,,346022675.4036508,-0.2855511136493516,5.180722891566258,2.1052631578947434,12.936610608020693,8.634222919937196,24.950784231938403,,,False,,277.0,,2026-08-13,,full,"{""as_of"": ""2026-08-13"", ""listing_date"": null, ""reason_code"": ""valid_trading_sessions"", ""status"": ""full"", ""valid_trading_sessions"": 277}","[""l1.csv""]",[],64.1586,ranked,full,100.0,True,True,False
ADP,"Automatic Data Processing, Inc. - Common Stock",nasdaqtrader:Q:ADP,common_equity,eligible,Q,,276.23,,636669299.9692857,11.621610700286912,32.401859751713566,26.961437698212087,-7.809631879317813,10.613856259910026,31.944927112877647,,,False,,277.0,,2026-08-13,,full,"{""as_of"": ""2026-08-13"", ""listing_date"": null, ""reason_code"": ""valid_trading_sessions"", ""status"": ""full"", ""valid_trading_sessions"": 277}","[""l1.csv""]",[],64.1535,ranked,full,100.0,True,True,False
TLN,Talen Energy Corporation - Common Stock,nasdaqtrader:Q:TLN,common_equity,eligible,Q,,358.4,,306975422.0284127,-10.426871938418481,2.09953565222345,1.065929727595738,-5.835369538372626,19.612417010586757,52.60904242580664,,,False,,277.0,,2026-08-13,,full,"{""as_of"": ""2026-08-13"", ""listing_date"": null, ""reason_code"": ""valid_trading_sessions"", ""status"": ""full"", ""valid_trading_sessions"": 277}","[""l1.csv""]",[],64.1531,ranked,full,100.0,True,True,False
KDP,Keurig Dr Pepper Inc. - Common Stock,nasdaqtrader:Q:KDP,common_equity,eligible,Q,,31.12,,434251970.09952384,2.774108322324964,6.175366769020818,4.11508865841419,-10.600402183280666,11.590909090909097,32.62170961662129,,,False,,277.0,,2026-08-13,,full,"{""as_of"": ""2026-08-13"", ""listing_date"": null, ""reason_code"": ""valid_trading_sessions"", ""status"": ""full"", ""valid_trading_sessions"": 277}","[""l1.csv""]",[],64.1477,ranked,full,100.0,True,True,False
ICHR,Ichor Holdings - Ordinary Shares,nasdaqtrader:Q:ICHR,common_equity,eligible,Q,,71.19,,94899229.32333334,-23.591284748309548,-4.205073000067284,49.590250052532035,276.46747752511897,36.59600997506235,128.6411766427677,,,False,,277.0,,2026-08-13,,full,"{""as_of"": ""2026-08-13"", ""listing_date"": null, ""reason_code"": ""valid_trading_sessions"", ""status"": ""full"", ""valid_trading_sessions"": 277}","[""l1.csv""]",[],64.1436,ranked,full,100.0,True,True,False
KVUE,Kenvue Inc. Common Stock,nasdaqtrader:N:KVUE,common_equity,eligible,N,,19.2,,381023690.58666664,2.673796791443861,11.692844677137849,3.5598705501618033,-12.328767123287665,11.561492399815766,23.430720368996095,,,False,,277.0,,2026-08-13,,full,"{""as_of"": ""2026-08-13"", ""listing_date"": null, ""reason_code"": ""valid_trading_sessions"", ""status"": ""full"", ""valid_trading_sessions"": 277}","[""l1.csv""]",[],64.1404,ranked,full,100.0,True,True,False
GSK,GSK plc American Depositary Shares (Each representing two Ordinary Shares),nasdaqtrader:N:GSK,adr,eligible,N,,50.45,,204229322.58634922,-1.9436345966958202,-1.0590311825848242,-13.745939476833646,31.998953427524857,17.53841124550506,27.455251841621553,,,False,,277.0,,2026-08-13,,full,"{""as_of"": ""2026-08-13"", ""listing_date"": null, ""reason_code"": ""valid_trading_sessions"", ""status"": ""full"", ""valid_trading_sessions"": 277}","[""l1.csv""]",[],64.1346,ranked,full,100.0,True,True,False
TARS,"Tarsus Pharmaceuticals, Inc. - Common Stock",nasdaqtrader:Q:TARS,common_equity,eligible,Q,,68.88,,59559371.551269844,19.791304347826078,6.52644602536343,5.33720752408624,34.11214953271027,16.51920979275241,60.439830120278295,,,False,,277.0,,2026-08-13,,full,"{""as_of"": ""2026-08-13"", ""listing_date"": null, ""reason_code"": ""valid_trading_sessions"", ""status"": ""full"", ""valid_trading_sessions"": 277}","[""l1.csv""]",[],64.1298,ranked,full,100.0,True,True,False
LEA,Lear Corporation Common Stock,nasdaqtrader:N:LEA,common_equity,eligible,N,,122.64,,92153400.90015873,-12.64335066600184,-10.878569871375632,-11.693548387096776,22.639999999999993,17.514124293785315,45.60312076843248,,,False,,277.0,,2026-08-13,,full,"{""as_of"": ""2026-08-13"", ""listing_date"": null, ""reason_code"": ""valid_trading_sessions"", ""status"": ""full"", ""valid_trading_sessions"": 277}","[""l1.csv""]",[],64.1285,ranked,full,100.0,True,True,False
VIST,"Vista Energy S.A.B. de C.V. American Depositary Shares, each representing one series A share, with no par value",nasdaqtrader:N:VIST,adr,eligible,N,,66.19,,61830067.77380952,1.0071722875019118,-3.2309941520467955,18.090990187332736,55.81450094161959,16.4794952681388,44.760344505265884,,,False,,277.0,,2026-08-13,,full,"{""as_of"": ""2026-08-13"", ""listing_date"": null, ""reason_code"": ""valid_trading_sessions"", ""status"": ""full"", ""valid_trading_sessions"": 277}","[""l1.csv""]",[],64.1199,ranked,full,100.0,True,True,False
WYFI,"WhiteFiber, Inc. - Ordinary Shares",nasdaqtrader:Q:WYFI,common_equity,eligible,Q,,28.22,,75838453.02555555,-3.2899246058944565,4.402515723270439,50.18626929217669,83.12783906554185,36.96671878490061,145.42543490411293,,,False,,256.0,,2026-08-13,,full,"{""as_of"": ""2026-08-13"", ""listing_date"": null, ""reason_code"": ""valid_trading_sessions"", ""status"": ""full"", ""valid_trading_sessions"": 256}","[""l1.csv""]",[],64.1189,ranked,full,100.0,True,True,False
BRZE,"Braze, Inc. - Class A Common Stock",nasdaqtrader:Q:BRZE,common_equity,eligible,Q,,29.87,,63113623.034761906,13.964135826020607,53.73134328358209,68.6617730095991,23.890501866445458,17.46338767615363,70.22687411015224,,,False,,277.0,,2026-08-13,,full,"{""as_of"": ""2026-08-13"", ""listing_date"": null, ""reason_code"": ""valid_trading_sessions"", ""status"": ""full"", ""valid_trading_sessions"": 277}","[""l1.csv""]",[],64.1158,ranked,full,100.0,True,True,False
ICLN,iShares Global Clean Energy ETF,US:ICLN,etf,eligible,Q,,18.36,,119452059.18611112,-3.7735849056603765,-16.08775137111518,-3.57142857142857,33.33333333333333,22.694736842105268,34.390747010276115,,,False,,277.0,,2026-08-13,,full,"{""as_of"": ""2026-08-13"", ""listing_date"": null, ""reason_code"": ""valid_trading_sessions"", ""status"": ""full"", ""valid_trading_sessions"": 277}","[""l1.csv""]",[],64.1093,ranked,full,100.0,True,True,False
SYY,Sysco Corporation Common Stock,nasdaqtrader:N:SYY,common_equity,eligible,N,,83.55,,284932673.31396824,3.493125232255667,14.154939199344163,-5.099954566106324,3.4674922600619107,8.34795963141729,20.06089421670956,,,False,,277.0,,2026-08-13,,full,"{""as_of"": ""2026-08-13"", ""listing_date"": null, ""reason_code"": ""valid_trading_sessions"", ""status"": ""full"", ""valid_trading_sessions"": 277}","[""l1.csv""]",[],64.087,ranked,full,100.0,True,True,False
LSTR,"Landstar System, Inc. - Common Stock",nasdaqtrader:Q:LSTR,common_equity,eligible,Q,,188.64,,103888612.92650793,-9.224772628843658,7.800445739756534,15.907834101382479,45.00730263663617,16.297643874517465,38.535188745266204,,,False,,277.0,,2026-08-13,,full,"{""as_of"": ""2026-08-13"", ""listing_date"": null, ""reason_code"": ""valid_trading_sessions"", ""status"": ""full"", ""valid_trading_sessions"": 277}","[""l1.csv""]",[],64.0744,ranked,full,100.0,True,True,False
WCN,"Waste Connections, Inc. Common Shares",nasdaqtrader:N:WCN,common_equity,eligible,N,,165.53,,254591025.60650793,-2.698095462026806,8.78680336487907,-3.5934769947582934,-11.670224119530415,11.234448734448732,22.182627592656356,,,False,,277.0,,2026-08-13,,full,"{""as_of"": ""2026-08-13"", ""listing_date"": null, ""reason_code"": ""valid_trading_sessions"", ""status"": ""full"", ""valid_trading_sessions"": 277}","[""l1.csv""]",[],64.0586,ranked,full,100.0,True,True,False
AAOI,"Applied Optoelectronics, Inc. - Common Stock",nasdaqtrader:Q:AAOI,common_equity,eligible,Q,,130.08,,1762969705.4153967,19.240993674947294,-41.69430748543254,168.76033057851245,470.7766564282581,41.69430748543254,146.00753442483162,,,False,,277.0,,2026-08-13,,full,"{""as_of"": ""2026-08-13"", ""listing_date"": null, ""reason_code"": ""valid_trading_sessions"", ""status"": ""full"", ""valid_trading_sessions"": 277}","[""l1.csv""]",[],64.0537,ranked,full,100.0,True,True,False
ADM,Archer-Daniels-Midland Company Common Stock,nasdaqtrader:N:ADM,common_equity,eligible,N,,80.15,,295311249.4033333,-2.6123936816524806,-3.305585716009163,15.656565656565679,36.86816939890711,8.21117727897388,29.93531569644509,,,False,,277.0,,2026-08-13,,full,"{""as_of"": ""2026-08-13"", ""listing_date"": null, ""reason_code"": ""valid_trading_sessions"", ""status"": ""full"", ""valid_trading_sessions"": 277}","[""l1.csv""]",[],64.0528,ranked,full,100.0,True,True,False
KGS,"Kodiak Gas Services, Inc. Common Stock",nasdaqtrader:N:KGS,common_equity,eligible,N,,62.39,,135983414.5047619,-7.693445776002372,-17.626089252706624,19.612730061349694,79.85010089362929,18.19850531008259,53.388699780392216,,,False,,277.0,,2026-08-13,,full,"{""as_of"": ""2026-08-13"", ""listing_date"": null, ""reason_code"": ""valid_trading_sessions"", ""status"": ""full"", ""valid_trading_sessions"": 277}","[""l1.csv""]",[],64.0496,ranked,full,100.0,True,True,False
CMG,"Chipotle Mexican Grill, Inc. Common Stock",nasdaqtrader:N:CMG,common_equity,eligible,N,,32.61,,652359823.9339683,-5.833092694195797,1.5571473061351648,-12.385814078452439,-23.86177912678029,25.95367847411444,60.085276758586595,,,False,,277.0,,2026-08-13,,full,"{""as_of"": ""2026-08-13"", ""listing_date"": null, ""reason_code"": ""valid_trading_sessions"", ""status"": ""full"", ""valid_trading_sessions"": 277}","[""l1.csv""]",[],64.0438,ranked,full,100.0,True,True,False
CAVA,"CAVA Group, Inc. Common Stock",nasdaqtrader:N:CAVA,common_equity,eligible,N,,72.18,,260375198.08063492,3.632447954055995,-0.16597510373442814,7.139676413834062,-14.579881656804726,25.88561453948043,64.58085297728296,,,False,,277.0,,2026-08-13,,full,"{""as_of"": ""2026-08-13"", ""listing_date"": null, ""reason_code"": ""valid_trading_sessions"", ""status"": ""full"", ""valid_trading_sessions"": 277}","[""l1.csv""]",[],64.0347,ranked,full,100.0,True,True,False
QURE,uniQure N.V. - Ordinary Shares,nasdaqtrader:Q:QURE,common_equity,eligible,Q,,47.06,,77451209.34412698,14.780487804878062,61.33013369900582,95.18871837411864,229.0909090909091,33.333333333333336,53.72076156371354,,,False,,277.0,,2026-08-13,,full,"{""as_of"": ""2026-08-13"", ""listing_date"": null, ""reason_code"": ""valid_trading_sessions"", ""status"": ""full"", ""valid_trading_sessions"": 277}","[""l1.csv""]",[],64.0278,ranked,full,100.0,True,True,False
TREX,"Trex Company, Inc. Common Stock",nasdaqtrader:N:TREX,common_equity,eligible,N,,50.08,,93477557.72539683,14.80972031178358,31.85887309110058,13.63739505332424,-18.062827225130885,23.92526203858423,42.83865164616378,,,False,,277.0,,2026-08-13,,full,"{""as_of"": ""2026-08-13"", ""listing_date"": null, ""reason_code"": ""valid_trading_sessions"", ""status"": ""full"", ""valid_trading_sessions"": 277}","[""l1.csv""]",[],64.0234,ranked,full,100.0,True,True,False
LUMN,"Lumen Technologies, Inc. Common Stock",nasdaqtrader:N:LUMN,common_equity,eligible,N,,6.4,,110940945.95253968,-0.7751937984496138,-31.914893617021278,-18.47133757961783,62.0253164556962,45.90025359256128,62.505801061368,,,False,,277.0,,2026-08-13,,full,"{""as_of"": ""2026-08-13"", ""listing_date"": null, ""reason_code"": ""valid_trading_sessions"", ""status"": ""full"", ""valid_trading_sessions"": 277}","[""l1.csv""]",[],64.0233,ranked,full,100.0,True,True,False
INFY,Infosys Limited American Depositary Shares,nasdaqtrader:N:INFY,adr,eligible,N,,12.41,,270110737.26301587,12.409420289855078,4.637436762225966,-21.25634517766497,-22.775357809583074,38.625123639960435,46.655895201981245,,,False,,277.0,,2026-08-13,,full,"{""as_of"": ""2026-08-13"", ""listing_date"": null, ""reason_code"": ""valid_trading_sessions"", ""status"": ""full"", ""valid_trading_sessions"": 277}","[""l1.csv""]",[],64.0083,ranked,full,100.0,True,True,False
WEN,Wendy's Company (The) - Common Stock,nasdaqtrader:Q:WEN,common_equity,eligible,Q,,8.65,,132154862.54404761,16.10738255033557,5.616605616605619,9.771573604060912,-14.44114737883283,19.007490636704116,69.75445748808528,,,False,,277.0,,2026-08-13,,full,"{""as_of"": ""2026-08-13"", ""listing_date"": null, ""reason_code"": ""valid_trading_sessions"", ""status"": ""full"", ""valid_trading_sessions"": 277}","[""l1.csv""]",[],64.0019,ranked,full,100.0,True,True,False
DDS,"Dillard's, Inc. Common Stock",nasdaqtrader:N:DDS,common_equity,eligible,N,,613.81,,76165635.32333334,14.39727150738035,15.178638444794723,-4.633096654910441,28.296720523378525,16.000437918246146,37.095935520759525,,,False,,277.0,,2026-08-13,,full,"{""as_of"": ""2026-08-13"", ""listing_date"": null, ""reason_code"": ""valid_trading_sessions"", ""status"": ""full"", ""valid_trading_sessions"": 277}","[""l1.csv""]",[],64.0001,ranked,full,100.0,True,True,False
JD,"JD.com, Inc. - American Depositary Shares",nasdaqtrader:Q:JD,adr,eligible,Q,,29.3,,261962564.56492063,0.0683060109289535,-13.236600533017473,3.6434382737884796,-8.779576587795756,18.99364113906553,35.75404364728424,,,False,,277.0,,2026-08-13,,full,"{""as_of"": ""2026-08-13"", ""listing_date"": null, ""reason_code"": ""valid_trading_sessions"", ""status"": ""full"", ""valid_trading_sessions"": 277}","[""l1.csv""]",[],63.9984,ranked,full,100.0,True,True,False
CNX,CNX Resources Corporation Common Stock,nasdaqtrader:N:CNX,common_equity,eligible,N,,35.38,,61224509.342857145,6.406015037593993,-0.08472182999150757,-11.483612709532142,22.63431542461005,16.96784792302276,26.22280922291667,,,False,,277.0,,2026-08-13,,full,"{""as_of"": ""2026-08-13"", ""listing_date"": null, ""reason_code"": ""valid_trading_sessions"", ""status"": ""full"", ""valid_trading_sessions"": 277}","[""l1.csv""]",[],63.992,ranked,full,100.0,True,True,False
BKR,Baker Hughes Company - Common Stock,nasdaqtrader:Q:BKR,common_equity,eligible,Q,,63.44,,519471572.76222223,10.812227074235814,-3.0117719003210475,3.5755102040816222,49.235474006116206,8.942155877709201,33.24883180742009,,,False,,277.0,,2026-08-13,,full,"{""as_of"": ""2026-08-13"", ""listing_date"": null, ""reason_code"": ""valid_trading_sessions"", ""status"": ""full"", ""valid_trading_sessions"": 277}","[""l1.csv""]",[],63.9855,ranked,full,100.0,True,True,False
REAL,"The RealReal, Inc. - Common Stock",nasdaqtrader:Q:REAL,common_equity,eligible,Q,,10.94,,36000281.25444445,-2.841918294849022,16.25929861849096,-7.523245984784454,43.0065359477124,35.26627218934911,46.14006055025616,,,False,,277.0,,2026-08-13,,full,"{""as_of"": ""2026-08-13"", ""listing_date"": null, ""reason_code"": ""valid_trading_sessions"", ""status"": ""full"", ""valid_trading_sessions"": 277}","[""l1.csv""]",[],63.9822,ranked,full,100.0,True,True,False
SAP,SAP  SE ADS,nasdaqtrader:N:SAP,adr,eligible,N,,209.28,,535182637.5796825,34.23128728112373,30.133068026364885,3.2716506291635694,-24.1436804523542,25.37973329530058,47.83181047182361,,,False,,277.0,,2026-08-13,,full,"{""as_of"": ""2026-08-13"", ""listing_date"": null, ""reason_code"": ""valid_trading_sessions"", ""status"": ""full"", ""valid_trading_sessions"": 277}","[""l1.csv""]",[],63.9673,ranked,full,100.0,True,True,False
NVR,"NVR, Inc. Common Stock",nasdaqtrader:N:NVR,common_equity,eligible,N,,6375.0,,204383746.65222222,-1.8863975301535718,11.449100540200341,-21.26956682824416,-19.935194604574058,25.37750204846073,31.371350652540315,,,False,,277.0,,2026-08-13,,full,"{""as_of"": ""2026-08-13"", ""listing_date"": null, ""reason_code"": ""valid_trading_sessions"", ""status"": ""full"", ""valid_trading_sessions"": 277}","[""l1.csv""]",[],63.967,ranked,full,100.0,True,True,False
CIFR,Cipher Digital Inc. - Common Stock,nasdaqtrader:Q:CIFR,common_equity,eligible,Q,,16.62,,606545079.0690476,-16.356316054353293,-21.751412429378526,2.0884520884520974,252.11864406779668,43.04318026045236,150.67699994713115,,,False,,277.0,,2026-08-13,,full,"{""as_of"": ""2026-08-13"", ""listing_date"": null, ""reason_code"": ""valid_trading_sessions"", ""status"": ""full"", ""valid_trading_sessions"": 277}","[""l1.csv""]",[],63.9638,ranked,full,100.0,True,True,False
COHR,Coherent Corp. Common Stock,nasdaqtrader:N:COHR,common_equity,eligible,N,,327.23,,2080068119.327619,9.302558621150393,-18.9442916945332,46.2872725647101,180.73953328757725,23.345592541404102,118.62353384492887,,,False,,277.0,,2026-08-13,,full,"{""as_of"": ""2026-08-13"", ""listing_date"": null, ""reason_code"": ""valid_trading_sessions"", ""status"": ""full"", ""valid_trading_sessions"": 277}","[""l1.csv""]",[],63.9461,ranked,full,100.0,True,True,False
NOC,Northrop Grumman Corporation Common Stock,nasdaqtrader:N:NOC,common_equity,eligible,N,,574.74,,511271317.97746027,9.42842999124176,4.157303370786525,-15.333735986918672,-1.0433884297520568,25.166011301789016,25.96438755753035,,,False,,277.0,,2026-08-13,,full,"{""as_of"": ""2026-08-13"", ""listing_date"": null, ""reason_code"": ""valid_trading_sessions"", ""status"": ""full"", ""valid_trading_sessions"": 277}","[""l1.csv""]",[],63.9388,ranked,full,100.0,True,True,False
SPGI,S&P Global Inc. Common Stock,nasdaqtrader:N:SPGI,common_equity,eligible,N,,422.67,,944002335.4484127,-4.90685745140389,3.9650719468700135,8.166137782782279,-24.396308088577246,25.07843658601435,32.72653629750789,,,False,,277.0,,2026-08-13,,full,"{""as_of"": ""2026-08-13"", ""listing_date"": null, ""reason_code"": ""valid_trading_sessions"", ""status"": ""full"", ""valid_trading_sessions"": 277}","[""l1.csv""]",[],63.9271,ranked,full,100.0,True,True,False
ABG,Asbury Automotive Group Inc Common Stock,nasdaqtrader:N:ABG,common_equity,eligible,N,,210.58,,53636117.134920634,-3.593828686535727,9.193673839771854,-9.34607602565758,-10.04698846646731,18.69498069498069,42.52227135945372,,,False,,277.0,,2026-08-13,,full,"{""as_of"": ""2026-08-13"", ""listing_date"": null, ""reason_code"": ""valid_trading_sessions"", ""status"": ""full"", ""valid_trading_sessions"": 277}","[""l1.csv""]",[],63.9237,ranked,full,100.0,True,True,False
UUUU,Energy Fuels Inc Ordinary Shares (Canada),nasdaqtrader:A:UUUU,common_equity,eligible,A,,14.58,,133892436.96761905,15.074980268350435,-27.750247770069368,-35.08459483526269,52.03336809176224,47.4025974025974,70.6326894467915,,,False,,277.0,,2026-08-13,,full,"{""as_of"": ""2026-08-13"", ""listing_date"": null, ""reason_code"": ""valid_trading_sessions"", ""status"": ""full"", ""valid_trading_sessions"": 277}","[""l1.csv""]",[],63.9232,ranked,full,100.0,True,True,False
WULF,TeraWulf Inc. - Common Stock,nasdaqtrader:Q:WULF,common_equity,eligible,Q,,16.31,,700745686.7631747,-15.797625193598364,-29.455017301038065,1.7467248908296762,211.25954198473278,43.71980676328503,103.31341877550324,,,False,,277.0,,2026-08-13,,full,"{""as_of"": ""2026-08-13"", ""listing_date"": null, ""reason_code"": ""valid_trading_sessions"", ""status"": ""full"", ""valid_trading_sessions"": 277}","[""l1.csv""]",[],63.9187,ranked,full,100.0,True,True,False
ABT,Abbott Laboratories Common Stock,nasdaqtrader:N:ABT,common_equity,eligible,N,,111.27,,1144325050.1920636,24.644337403382988,32.73291184540141,-2.042433312791625,-15.07403449854985,18.55511638120334,37.42210283096139,,,False,,277.0,,2026-08-13,,full,"{""as_of"": ""2026-08-13"", ""listing_date"": null, ""reason_code"": ""valid_trading_sessions"", ""status"": ""full"", ""valid_trading_sessions"": 277}","[""l1.csv""]",[],63.8888,ranked,full,100.0,True,True,False
BCO,Brinks Company (The) Common Stock,nasdaqtrader:N:BCO,common_equity,eligible,N,,114.55,,55387380.354761906,2.386485520200221,9.533371581564353,-12.3766541727224,5.197906143814857,15.511137335890258,34.12039745120399,,,False,,277.0,,2026-08-13,,full,"{""as_of"": ""2026-08-13"", ""listing_date"": null, ""reason_code"": ""valid_trading_sessions"", ""status"": ""full"", ""valid_trading_sessions"": 277}","[""l1.csv""]",[],63.8778,ranked,full,100.0,True,True,False
VERA,"Vera Therapeutics, Inc. - Class A Common Stock",nasdaqtrader:Q:VERA,common_equity,eligible,Q,,28.89,,68613335.49420635,-32.023529411764706,-26.206896551724135,-32.7513966480447,36.66035950804163,48.10490389797019,53.34939435690066,,,False,,277.0,,2026-08-13,,full,"{""as_of"": ""2026-08-13"", ""listing_date"": null, ""reason_code"": ""valid_trading_sessions"", ""status"": ""full"", ""valid_trading_sessions"": 277}","[""l1.csv""]",[],63.8763,ranked,full,100.0,True,True,False
MKC,"McCormick & Company, Incorporated Common Stock",nasdaqtrader:N:MKC,common_equity,eligible,N,,54.45,,198077466.4611111,6.932443047918313,19.407894736842103,-22.798809017439382,-21.189752496743374,24.647107666758927,28.913812259111616,,,False,,277.0,,2026-08-13,,full,"{""as_of"": ""2026-08-13"", ""listing_date"": null, ""reason_code"": ""valid_trading_sessions"", ""status"": ""full"", ""valid_trading_sessions"": 277}","[""l1.csv""]",[],63.8696,ranked,full,100.0,True,True,False
ICLR,ICON plc - Ordinary Shares,nasdaqtrader:Q:ICLR,common_equity,eligible,Q,,167.48,,150109296.68150792,-2.67317526731754,42.68188788550009,25.79239897851886,-0.9462976105985454,17.465010841711013,39.28206091897669,,,False,,277.0,,2026-08-13,,full,"{""as_of"": ""2026-08-13"", ""listing_date"": null, ""reason_code"": ""valid_trading_sessions"", ""status"": ""full"", ""valid_trading_sessions"": 277}","[""l1.csv""]",[],63.8663,ranked,full,100.0,True,True,False
FICO,Fair Isaac Corporation Common Stock,nasdaqtrader:N:FICO,common_equity,eligible,N,,1110.7,,398854079.7355555,-7.88611615621293,4.3263450556056515,-18.52916798087009,-15.773109880943348,40.906067941794575,74.01355226982716,,,False,,277.0,,2026-08-13,,full,"{""as_of"": ""2026-08-13"", ""listing_date"": null, ""reason_code"": ""valid_trading_sessions"", ""status"": ""full"", ""valid_trading_sessions"": 277}","[""l1.csv""]",[],63.8563,ranked,full,100.0,True,True,False
ABVX,Abivax SA - American Depositary Shares,nasdaqtrader:Q:ABVX,adr,eligible,Q,,121.45,,229476783.9725397,-11.311523294873659,-0.3773275367074058,-1.0751812332002841,68.8916701432346,16.420067442020503,44.82044220410884,,,False,,277.0,,2026-08-13,,full,"{""as_of"": ""2026-08-13"", ""listing_date"": null, ""reason_code"": ""valid_trading_sessions"", ""status"": ""full"", ""valid_trading_sessions"": 277}","[""l1.csv""]",[],63.855,ranked,full,100.0,True,True,False
ALC,Alcon Inc. Ordinary Shares,nasdaqtrader:N:ALC,common_equity,eligible,N,,73.52,,148560654.03825396,7.328467153284657,15.889029003783106,-7.393878322206837,-14.541439032895509,18.419884598313363,31.4465424422838,,,False,,277.0,,2026-08-13,,full,"{""as_of"": ""2026-08-13"", ""listing_date"": null, ""reason_code"": ""valid_trading_sessions"", ""status"": ""full"", ""valid_trading_sessions"": 277}","[""l1.csv""]",[],63.855,ranked,full,100.0,True,True,False
OCUL,"Ocular Therapeutix, Inc. - Common Stock",nasdaqtrader:Q:OCUL,common_equity,eligible,Q,,10.1,,23696890.54,1.4056224899598346,9.30735930735931,10.26200873362444,-19.038076152304605,37.306021104903785,52.35494941495388,,,False,,277.0,,2026-08-13,,full,"{""as_of"": ""2026-08-13"", ""listing_date"": null, ""reason_code"": ""valid_trading_sessions"", ""status"": ""full"", ""valid_trading_sessions"": 277}","[""l1.csv""]",[],63.8463,ranked,full,100.0,True,True,False
HCA,"HCA Healthcare, Inc. Common Stock",nasdaqtrader:N:HCA,common_equity,eligible,N,,411.74,,643460163.1453968,8.681536228058583,-3.6955606492959703,-22.528082488193125,5.490507545284529,24.469392621943385,43.87610692836394,,,False,,277.0,,2026-08-13,,full,"{""as_of"": ""2026-08-13"", ""listing_date"": null, ""reason_code"": ""valid_trading_sessions"", ""status"": ""full"", ""valid_trading_sessions"": 277}","[""l1.csv""]",[],63.8459,ranked,full,100.0,True,True,False
PVH,PVH Corp. Common Stock,nasdaqtrader:N:PVH,common_equity,eligible,N,,81.66,,88414864.94380952,3.800686411592724,1.7063146095404047,19.1421067989495,10.560519902518273,17.35654286003442,33.61175580843275,,,False,,277.0,,2026-08-13,,full,"{""as_of"": ""2026-08-13"", ""listing_date"": null, ""reason_code"": ""valid_trading_sessions"", ""status"": ""full"", ""valid_trading_sessions"": 277}","[""l1.csv""]",[],63.8391,ranked,full,100.0,True,True,False
CPRT,"Copart, Inc. - Common Stock",nasdaqtrader:Q:CPRT,common_equity,eligible,Q,,29.39,,364344975.0126984,7.734604105571852,-10.777170613236176,-25.613768666160464,-37.733050847457626,41.184710826495895,36.115319185411195,,,False,,277.0,,2026-08-13,,full,"{""as_of"": ""2026-08-13"", ""listing_date"": null, ""reason_code"": ""valid_trading_sessions"", ""status"": ""full"", ""valid_trading_sessions"": 277}","[""l1.csv""]",[],63.8377,ranked,full,100.0,True,True,False
MOH,Molina Healthcare Inc Common Stock,nasdaqtrader:N:MOH,common_equity,eligible,N,,205.71,,239170807.79619047,-11.848645869043539,7.1573683388029385,67.7211577660008,30.76727480770454,15.303853754940711,44.01609640787888,,,False,,277.0,,2026-08-13,,full,"{""as_of"": ""2026-08-13"", ""listing_date"": null, ""reason_code"": ""valid_trading_sessions"", ""status"": ""full"", ""valid_trading_sessions"": 277}","[""l1.csv""]",[],63.826,ranked,full,100.0,True,True,False
VNT,Vontier Corporation Common Stock,nasdaqtrader:N:VNT,common_equity,eligible,N,,33.08,,54659635.300158724,11.455525606469008,13.99035148173673,-18.742323753377555,-21.313035204567075,24.31937771676962,29.243115075109454,,,False,,277.0,,2026-08-13,,full,"{""as_of"": ""2026-08-13"", ""listing_date"": null, ""reason_code"": ""valid_trading_sessions"", ""status"": ""full"", ""valid_trading_sessions"": 277}","[""l1.csv""]",[],63.8259,ranked,full,100.0,True,True,False
SANA,"Sana Biotechnology, Inc. - Common Stock",nasdaqtrader:Q:SANA,common_equity,eligible,Q,,3.67,,11691804.084761905,3.3802816901408406,14.687499999999986,-5.4123711340206215,18.0064308681672,38.00675675675676,66.33424371163231,,,False,,277.0,,2026-08-13,,full,"{""as_of"": ""2026-08-13"", ""listing_date"": null, ""reason_code"": ""valid_trading_sessions"", ""status"": ""full"", ""valid_trading_sessions"": 277}","[""l1.csv""]",[],63.7995,ranked,full,100.0,True,True,False
CTSH,Cognizant Technology Solutions Corporation - Class A Common Stock,nasdaqtrader:Q:CTSH,common_equity,eligible,Q,,59.29,,542037091.0257143,37.308939323761,28.975418751359584,-16.38696939782823,-13.785080703795261,31.61476355247982,50.497088544701086,,,False,,277.0,,2026-08-13,,full,"{""as_of"": ""2026-08-13"", ""listing_date"": null, ""reason_code"": ""valid_trading_sessions"", ""status"": ""full"", ""valid_trading_sessions"": 277}","[""l1.csv""]",[],63.7986,ranked,full,100.0,True,True,False
ST,Sensata Technologies Holding plc Ordinary Shares,nasdaqtrader:N:ST,common_equity,eligible,N,,45.42,,95712931.47063491,1.7245240761478264,-5.748080514629583,22.031166039763583,45.530278756808706,15.182072829131643,33.86581811821356,,,False,,277.0,,2026-08-13,,full,"{""as_of"": ""2026-08-13"", ""listing_date"": null, ""reason_code"": ""valid_trading_sessions"", ""status"": ""full"", ""valid_trading_sessions"": 277}","[""l1.csv""]",[],63.7955,ranked,full,100.0,True,True,False
CME,CME Group Inc. - Class A Common Stock,nasdaqtrader:Q:CME,common_equity,eligible,Q,,267.21,,824232081.9247619,8.985235337303198,-10.069666475953287,-11.660275059508074,-3.1426707264027853,18.149237272560192,24.74996554907569,,,False,,277.0,,2026-08-13,,full,"{""as_of"": ""2026-08-13"", ""listing_date"": null, ""reason_code"": ""valid_trading_sessions"", ""status"": ""full"", ""valid_trading_sessions"": 277}","[""l1.csv""]",[],63.7873,ranked,full,100.0,True,True,False
ELAN,Elanco Animal Health Incorporated Common Stock,nasdaqtrader:N:ELAN,common_equity,eligible,N,,22.51,,153704295.68492064,-11.863743148003126,3.256880733944967,-12.446518864255152,29.1451520367183,16.132637853949326,44.3352616241028,,,False,,277.0,,2026-08-13,,full,"{""as_of"": ""2026-08-13"", ""listing_date"": null, ""reason_code"": ""valid_trading_sessions"", ""status"": ""full"", ""valid_trading_sessions"": 277}","[""l1.csv""]",[],63.7832,ranked,full,100.0,True,True,False
AUGO,Aura Minerals Inc. - Common Shares,nasdaqtrader:Q:AUGO,common_equity,eligible,Q,,74.85,,66349387.667936504,36.31396831178291,-5.563966691900091,-0.5447781025777476,177.42772424017787,31.41836173721826,91.97749902921304,,,False,,272.0,,2026-08-13,,full,"{""as_of"": ""2026-08-13"", ""listing_date"": null, ""reason_code"": ""valid_trading_sessions"", ""status"": ""full"", ""valid_trading_sessions"": 272}","[""l1.csv""]",[],63.7724,ranked,full,100.0,True,True,False
RGNX,REGENXBIO Inc. - Common Stock,nasdaqtrader:Q:RGNX,common_equity,eligible,Q,,10.66,,20943915.08142857,-13.121434392828036,6.175298804780893,25.411764705882355,31.604938271604954,33.29161451814768,83.51004486875102,,,False,,277.0,,2026-08-13,,full,"{""as_of"": ""2026-08-13"", ""listing_date"": null, ""reason_code"": ""valid_trading_sessions"", ""status"": ""full"", ""valid_trading_sessions"": 277}","[""l1.csv""]",[],63.7722,ranked,full,100.0,True,True,False
ACHC,"Acadia Healthcare Company, Inc. - Common Stock",nasdaqtrader:Q:ACHC,common_equity,eligible,Q,,30.24,,81611318.83301587,-6.290672451193069,11.38121546961326,94.71989697359948,48.74569601574028,15.080033698399331,71.0419066223025,,,False,,277.0,,2026-08-13,,full,"{""as_of"": ""2026-08-13"", ""listing_date"": null, ""reason_code"": ""valid_trading_sessions"", ""status"": ""full"", ""valid_trading_sessions"": 277}","[""l1.csv""]",[],63.77,ranked,full,100.0,True,True,False
TSCO,Tractor Supply Company - Common Stock,nasdaqtrader:Q:TSCO,common_equity,eligible,Q,,36.17,,392855150.48126984,19.88730527013589,21.172529313232836,-33.66953970291583,-39.00505902192243,42.26656025538706,34.74097063173657,,,False,,277.0,,2026-08-13,,full,"{""as_of"": ""2026-08-13"", ""listing_date"": null, ""reason_code"": ""valid_trading_sessions"", ""status"": ""full"", ""valid_trading_sessions"": 277}","[""l1.csv""]",[],63.7656,ranked,full,100.0,True,True,False
MORN,"Morningstar, Inc. - Common Stock",nasdaqtrader:Q:MORN,common_equity,eligible,Q,,206.89,,79280917.67904761,22.239290989660265,24.467573095897,33.17669777920824,-19.897010995818487,21.97835350906966,41.21632272443961,,,False,,277.0,,2026-08-13,,full,"{""as_of"": ""2026-08-13"", ""listing_date"": null, ""reason_code"": ""valid_trading_sessions"", ""status"": ""full"", ""valid_trading_sessions"": 277}","[""l1.csv""]",[],63.7638,ranked,full,100.0,True,True,False
LHX,"L3Harris Technologies, Inc. Common Stock",nasdaqtrader:N:LHX,common_equity,eligible,N,,288.46,,416111395.2938095,0.5717871835994703,-5.401239628767263,-15.231126392194906,6.754006143369962,23.7846121327415,37.46228724798532,,,False,,277.0,,2026-08-13,,full,"{""as_of"": ""2026-08-13"", ""listing_date"": null, ""reason_code"": ""valid_trading_sessions"", ""status"": ""full"", ""valid_trading_sessions"": 277}","[""l1.csv""]",[],63.7546,ranked,full,100.0,True,True,False
WMB,"Williams Companies, Inc. (The) Common Stock",nasdaqtrader:N:WMB,common_equity,eligible,N,,73.04,,514922185.9614286,-1.8015595590212263,-3.526614714040399,2.699662542182235,26.45429362880889,8.01007556675063,24.925043011129144,,,False,,277.0,,2026-08-13,,full,"{""as_of"": ""2026-08-13"", ""listing_date"": null, ""reason_code"": ""valid_trading_sessions"", ""status"": ""full"", ""valid_trading_sessions"": 277}","[""l1.csv""]",[],63.7525,ranked,full,100.0,True,True,False
VKTX,"Viking Therapeutics, Inc. - Common Stock",nasdaqtrader:Q:VKTX,common_equity,eligible,Q,,32.94,,78231166.87428571,-12.880190425813288,3.9116719242902054,15.376532399299458,-17.360762669342698,21.813434607168304,50.002619045163165,,,False,,277.0,,2026-08-13,,full,"{""as_of"": ""2026-08-13"", ""listing_date"": null, ""reason_code"": ""valid_trading_sessions"", ""status"": ""full"", ""valid_trading_sessions"": 277}","[""l1.csv""]",[],63.7418,ranked,full,100.0,True,True,False
WAL,Western Alliance Bancorporation Common Stock (DE),nasdaqtrader:N:WAL,common_equity,eligible,N,,81.74,,83615147.2284127,-0.06113216774668029,9.030278778177925,-13.803648634398403,-1.1608222490931186,14.925062447960036,28.821597581447744,,,False,,277.0,,2026-08-13,,full,"{""as_of"": ""2026-08-13"", ""listing_date"": null, ""reason_code"": ""valid_trading_sessions"", ""status"": ""full"", ""valid_trading_sessions"": 277}","[""l1.csv""]",[],63.7313,ranked,full,100.0,True,True,False
WMS,"Advanced Drainage Systems, Inc. Common Stock",nasdaqtrader:N:WMS,common_equity,eligible,N,,149.23,,124350077.34396826,-1.3420600290889872,8.184717993330427,-13.85938582313555,9.102207925135254,14.910480100353517,38.48315027553688,,,False,,277.0,,2026-08-13,,full,"{""as_of"": ""2026-08-13"", ""listing_date"": null, ""reason_code"": ""valid_trading_sessions"", ""status"": ""full"", ""valid_trading_sessions"": 277}","[""l1.csv""]",[],63.7276,ranked,full,100.0,True,True,False
RITM,Rithm Capital Corp. Common Stock,nasdaqtrader:N:RITM,common_equity,eligible,N,,10.36,,52884114.71222222,12.242686890574195,11.99999999999999,-3.1775700934579376,-15.84077985377742,17.908082408874805,29.452572134625864,,,False,,277.0,,2026-08-13,,full,"{""as_of"": ""2026-08-13"", ""listing_date"": null, ""reason_code"": ""valid_trading_sessions"", ""status"": ""full"", ""valid_trading_sessions"": 277}","[""l1.csv""]",[],63.727,ranked,full,100.0,True,True,False
BABA,Alibaba Group Holding Limited American Depositary Shares each representing eight Ordinary share,nasdaqtrader:N:BABA,adr,eligible,N,,122.16,,1386675644.547619,3.7981136885036904,-16.219738015225293,-25.657254138266794,-0.21238359745140434,35.48114503010458,46.7187073852872,,,False,,277.0,,2026-08-13,,full,"{""as_of"": ""2026-08-13"", ""listing_date"": null, ""reason_code"": ""valid_trading_sessions"", ""status"": ""full"", ""valid_trading_sessions"": 277}","[""l1.csv""]",[],63.7179,ranked,full,100.0,True,True,False
MDGL,"Madrigal Pharmaceuticals, Inc. - Common Stock",nasdaqtrader:Q:MDGL,common_equity,eligible,Q,,507.37,,186283095.43063492,-7.792821444797815,-2.216354770944551,5.48232848232848,41.32869080779944,15.835310120597857,51.66839773264517,,,False,,277.0,,2026-08-13,,full,"{""as_of"": ""2026-08-13"", ""listing_date"": null, ""reason_code"": ""valid_trading_sessions"", ""status"": ""full"", ""valid_trading_sessions"": 277}","[""l1.csv""]",[],63.7088,ranked,full,100.0,True,True,False
WMT,Walmart Inc. - Common Stock,nasdaqtrader:Q:WMT,common_equity,eligible,Q,,115.72,,2764092781.0341268,2.834799608993155,-11.979919373241044,-10.134348062436915,11.677282377919319,13.770491803278684,21.072129947305967,,,False,,277.0,,2026-08-13,,full,"{""as_of"": ""2026-08-13"", ""listing_date"": null, ""reason_code"": ""valid_trading_sessions"", ""status"": ""full"", ""valid_trading_sessions"": 277}","[""l1.csv""]",[],63.6926,ranked,full,100.0,True,True,False
TDC,Teradata Corporation Common Stock,nasdaqtrader:N:TDC,common_equity,eligible,N,,27.63,,97917578.7168254,-11.753433407856917,-15.504587155963312,-27.05913410770856,33.996120271580985,27.05913410770856,94.20762274783142,,,False,,277.0,,2026-08-13,,full,"{""as_of"": ""2026-08-13"", ""listing_date"": null, ""reason_code"": ""valid_trading_sessions"", ""status"": ""full"", ""valid_trading_sessions"": 277}","[""l1.csv""]",[],63.6912,ranked,full,100.0,True,True,False
EXLS,"ExlService Holdings, Inc. - Common Stock",nasdaqtrader:Q:EXLS,common_equity,eligible,Q,,35.37,,78252403.5263492,28.245105148658457,30.228276877761395,16.925619834710727,-16.854724964739077,21.40000000000001,61.67822712970239,,,False,,277.0,,2026-08-13,,full,"{""as_of"": ""2026-08-13"", ""listing_date"": null, ""reason_code"": ""valid_trading_sessions"", ""status"": ""full"", ""valid_trading_sessions"": 277}","[""l1.csv""]",[],63.6867,ranked,full,100.0,True,True,False
PG,Procter & Gamble Company (The) Common Stock,nasdaqtrader:N:PG,common_equity,eligible,N,,144.26,,1304025008.6625397,-2.5599459642012934,1.420134983127097,-9.83750000000001,-6.983042104584447,13.7200956937799,21.309164518588172,,,False,,277.0,,2026-08-13,,full,"{""as_of"": ""2026-08-13"", ""listing_date"": null, ""reason_code"": ""valid_trading_sessions"", ""status"": ""full"", ""valid_trading_sessions"": 277}","[""l1.csv""]",[],63.68,ranked,full,100.0,True,True,False
CAG,"ConAgra Brands, Inc. Common Stock",nasdaqtrader:N:CAG,common_equity,eligible,N,,15.39,,244479871.1268254,9.226401703335707,9.226401703335707,-23.126873126873125,-21.07692307692307,23.126873126873125,35.968474190382466,,,False,,277.0,,2026-08-13,,full,"{""as_of"": ""2026-08-13"", ""listing_date"": null, ""reason_code"": ""valid_trading_sessions"", ""status"": ""full"", ""valid_trading_sessions"": 277}","[""l1.csv""]",[],63.6669,ranked,full,100.0,True,True,False
VMI,"Valmont Industries, Inc. Common Stock",nasdaqtrader:N:VMI,common_equity,eligible,N,,492.2,,119566999.4331746,-9.58521620926559,-4.1722640811479135,3.003034425028761,29.816695239351176,15.65418558821009,33.19536605558704,,,False,,277.0,,2026-08-13,,full,"{""as_of"": ""2026-08-13"", ""listing_date"": null, ""reason_code"": ""valid_trading_sessions"", ""status"": ""full"", ""valid_trading_sessions"": 277}","[""l1.csv""]",[],63.6635,ranked,full,100.0,True,True,False
DEO,Diageo plc Common Stock,nasdaqtrader:N:DEO,common_equity,eligible,N,,95.01,,100810908.18190476,15.569882009487902,17.74693270541581,-5.753397480408684,-14.743359655419951,17.6190063296627,33.19603940858644,,,False,,277.0,,2026-08-13,,full,"{""as_of"": ""2026-08-13"", ""listing_date"": null, ""reason_code"": ""valid_trading_sessions"", ""status"": ""full"", ""valid_trading_sessions"": 277}","[""l1.csv""]",[],63.6548,ranked,full,100.0,True,True,False
PENN,"PENN Entertainment, Inc. - Common Stock",nasdaqtrader:Q:PENN,common_equity,eligible,Q,,18.85,,68836716.25777778,-10.748106060606055,19.077700568540745,41.09281437125749,10.298420128730257,14.551223934723467,40.75403745165605,,,False,,277.0,,2026-08-13,,full,"{""as_of"": ""2026-08-13"", ""listing_date"": null, ""reason_code"": ""valid_trading_sessions"", ""status"": ""full"", ""valid_trading_sessions"": 277}","[""l1.csv""]",[],63.6378,ranked,full,100.0,True,True,False
PEP,"PepsiCo, Inc. - Common Stock",nasdaqtrader:Q:PEP,common_equity,eligible,Q,,140.62,,1239130850.0485713,3.85524372230428,-5.794868359348837,-16.866686373041684,-4.255464015796284,17.520089154789144,22.890393037072695,,,False,,277.0,,2026-08-13,,full,"{""as_of"": ""2026-08-13"", ""listing_date"": null, ""reason_code"": ""valid_trading_sessions"", ""status"": ""full"", ""valid_trading_sessions"": 277}","[""l1.csv""]",[],63.63,ranked,full,100.0,True,True,False
CRGY,Crescent Energy Company Class A Common Stock,nasdaqtrader:N:CRGY,common_equity,eligible,N,,11.9,,70581262.30920634,17.010816125860373,-5.5555555555555465,12.796208530805675,27.40899357601714,14.511494252873558,47.216707871693266,,,False,,277.0,,2026-08-13,,full,"{""as_of"": ""2026-08-13"", ""listing_date"": null, ""reason_code"": ""valid_trading_sessions"", ""status"": ""full"", ""valid_trading_sessions"": 277}","[""l1.csv""]",[],63.6279,ranked,full,100.0,True,True,False
VEEV,Veeva Systems Inc. Class A Common Stock,nasdaqtrader:N:VEEV,common_equity,eligible,N,,252.64,,416968239.8138095,30.448701399287458,62.22949977525205,42.70221418888387,-8.274334676687367,17.49722421788258,40.044827212340635,,,False,,277.0,,2026-08-13,,full,"{""as_of"": ""2026-08-13"", ""listing_date"": null, ""reason_code"": ""valid_trading_sessions"", ""status"": ""full"", ""valid_trading_sessions"": 277}","[""l1.csv""]",[],63.6243,ranked,full,100.0,True,True,False
LULU,lululemon athletica inc. - Common Stock,nasdaqtrader:Q:LULU,common_equity,eligible,Q,,119.56,,404529073.7660318,1.822517458695283,-1.3612738222918863,-32.01410212669169,-38.02933706525683,44.617380025940335,32.344461251992435,,,False,,277.0,,2026-08-13,,full,"{""as_of"": ""2026-08-13"", ""listing_date"": null, ""reason_code"": ""valid_trading_sessions"", ""status"": ""full"", ""valid_trading_sessions"": 277}","[""l1.csv""]",[],63.6088,ranked,full,100.0,True,True,False
HCC,"Warrior Met Coal, Inc. Common Stock",nasdaqtrader:N:HCC,common_equity,eligible,N,,94.38,,69748197.46428572,15.308491142333548,10.930888575458386,4.126213592232997,47.86150712830957,14.417845484221981,37.39868042973537,,,False,,277.0,,2026-08-13,,full,"{""as_of"": ""2026-08-13"", ""listing_date"": null, ""reason_code"": ""valid_trading_sessions"", ""status"": ""full"", ""valid_trading_sessions"": 277}","[""l1.csv""]",[],63.6045,ranked,full,100.0,True,True,False
VIRT,"Virtu Financial, Inc. Class A Common Stock",nasdaqtrader:N:VIRT,common_equity,eligible,N,,57.2,,71534022.39666666,-5.5949826704076555,6.736331405112894,50.80411283944108,35.83471859415817,14.396887159533057,43.089503694244705,,,False,,277.0,,2026-08-13,,full,"{""as_of"": ""2026-08-13"", ""listing_date"": null, ""reason_code"": ""valid_trading_sessions"", ""status"": ""full"", ""valid_trading_sessions"": 277}","[""l1.csv""]",[],63.5992,ranked,full,100.0,True,True,False
TPG,TPG Inc. - Class A Common Stock,nasdaqtrader:Q:TPG,common_equity,eligible,Q,,55.21,,106587026.76682541,24.095302315127,29.6618130577736,11.153613851419376,-13.341704598964055,20.743611828883147,40.444138006478184,,,False,,277.0,,2026-08-13,,full,"{""as_of"": ""2026-08-13"", ""listing_date"": null, ""reason_code"": ""valid_trading_sessions"", ""status"": ""full"", ""valid_trading_sessions"": 277}","[""l1.csv""]",[],63.5991,ranked,full,100.0,True,True,False
MEC,"Mayville Engineering Company, Inc. Common Stock",nasdaqtrader:N:MEC,common_equity,eligible,N,,23.4,,19521330.28984127,-31.034482758620697,-8.771929824561408,8.13308687615526,66.66666666666667,37.66648907831647,60.203816465101134,,,False,,277.0,,2026-08-13,,full,"{""as_of"": ""2026-08-13"", ""listing_date"": null, ""reason_code"": ""valid_trading_sessions"", ""status"": ""full"", ""valid_trading_sessions"": 277}","[""l1.csv""]",[],63.5722,ranked,full,100.0,True,True,False
AXSM,"Axsome Therapeutics, Inc. - Common Stock",nasdaqtrader:Q:AXSM,common_equity,eligible,Q,,213.68,,204678542.4077778,-10.040836946911968,-9.195988441271453,14.752161538048437,103.05996388862494,16.25974840302543,46.31128726205004,,,False,,277.0,,2026-08-13,,full,"{""as_of"": ""2026-08-13"", ""listing_date"": null, ""reason_code"": ""valid_trading_sessions"", ""status"": ""full"", ""valid_trading_sessions"": 277}","[""l1.csv""]",[],63.5649,ranked,full,100.0,True,True,False
AOS,A.O. Smith Corporation Common Stock,nasdaqtrader:N:AOS,common_equity,eligible,N,,62.5,,104667033.1931746,3.6312386005637576,9.687609687609688,-22.089254549987537,-12.37908313472592,22.33130359140052,31.407566216337685,,,False,,277.0,,2026-08-13,,full,"{""as_of"": ""2026-08-13"", ""listing_date"": null, ""reason_code"": ""valid_trading_sessions"", ""status"": ""full"", ""valid_trading_sessions"": 277}","[""l1.csv""]",[],63.5608,ranked,full,100.0,True,True,False
ESE,ESCO Technologies Inc. Common Stock,nasdaqtrader:N:ESE,common_equity,eligible,N,,300.81,,80385021.63857143,-8.306407364506496,0.1865112406328029,6.221971114799252,50.77439727331965,15.240912933220619,37.778817827483536,,,False,,277.0,,2026-08-13,,full,"{""as_of"": ""2026-08-13"", ""listing_date"": null, ""reason_code"": ""valid_trading_sessions"", ""status"": ""full"", ""valid_trading_sessions"": 277}","[""l1.csv""]",[],63.5602,ranked,full,100.0,True,True,False
TRT,Trio-Tech International Common Stock,nasdaqtrader:A:TRT,common_equity,eligible,A,,11.68,,10759110.231746033,6.181818181818177,8.752327746741152,96.96458684654301,317.8890876565295,41.74563591022444,94.8445266740021,,,False,,277.0,,2026-08-13,,full,"{""as_of"": ""2026-08-13"", ""listing_date"": null, ""reason_code"": ""valid_trading_sessions"", ""status"": ""full"", ""valid_trading_sessions"": 277}","[""l1.csv""]",[],63.5503,ranked,full,100.0,True,True,False
ANF,Abercrombie & Fitch Company Common Stock,nasdaqtrader:N:ANF,common_equity,eligible,N,,108.82,,113447507.42460318,11.966251671982707,51.3490959666203,18.954962833406185,7.064147973238866,16.195610319599542,53.24795196818568,,,False,,277.0,,2026-08-13,,full,"{""as_of"": ""2026-08-13"", ""listing_date"": null, ""reason_code"": ""valid_trading_sessions"", ""status"": ""full"", ""valid_trading_sessions"": 277}","[""l1.csv""]",[],63.5489,ranked,full,100.0,True,True,False
AXON,"Axon Enterprise, Inc. - Common Stock",nasdaqtrader:Q:AXON,common_equity,eligible,Q,,615.59,,548225367.080635,13.762196924896507,63.36447110026009,41.694095983427324,-19.904497963750867,22.236679214774757,80.51394413116452,,,False,,277.0,,2026-08-13,,full,"{""as_of"": ""2026-08-13"", ""listing_date"": null, ""reason_code"": ""valid_trading_sessions"", ""status"": ""full"", ""valid_trading_sessions"": 277}","[""l1.csv""]",[],63.5482,ranked,full,100.0,True,True,False
PIII,P3 Health Partners Inc. - Class A Common Stock,nasdaqtrader:Q:PIII,common_equity,eligible,Q,,10.955,,14304673.230079364,7.296767874632715,206.86274509803923,429.2270531400967,65.23378582202113,33.48512446873102,79.93417009877652,,,False,,277.0,,2026-08-13,,full,"{""as_of"": ""2026-08-13"", ""listing_date"": null, ""reason_code"": ""valid_trading_sessions"", ""status"": ""full"", ""valid_trading_sessions"": 277}","[""l1.csv""]",[],63.548,ranked,full,100.0,True,True,False
AMPG,"Amplitech Group, Inc. - Common Stock",nasdaqtrader:Q:AMPG,common_equity,eligible,Q,,5.99,,29869072.043174602,-9.379727685325268,141.53225806451616,113.92857142857147,76.17647058823532,38.24742268041237,111.49343438064183,,,False,,277.0,,2026-08-13,,full,"{""as_of"": ""2026-08-13"", ""listing_date"": null, ""reason_code"": ""valid_trading_sessions"", ""status"": ""full"", ""valid_trading_sessions"": 277}","[""l1.csv""]",[],63.5335,ranked,full,100.0,True,True,False
BELFB,Bel Fuse Inc. - Class B Common Stock,nasdaqtrader:Q:BELFB,common_equity,eligible,Q,,286.01,,88547950.48714285,4.003636363636365,7.151955642139951,19.973153799366592,112.39417792960049,14.121426855632969,83.64206525864074,,,False,,277.0,,2026-08-13,,full,"{""as_of"": ""2026-08-13"", ""listing_date"": null, ""reason_code"": ""valid_trading_sessions"", ""status"": ""full"", ""valid_trading_sessions"": 277}","[""l1.csv""]",[],63.5304,ranked,full,100.0,True,True,False
SIRI,SiriusXM Holdings Inc. - Common Stock,nasdaqtrader:Q:SIRI,common_equity,eligible,Q,,27.99,,144511399.2826984,-8.678629690048945,6.183611532625188,27.808219178082183,33.03231939163498,14.114759128567055,33.85587757904478,,,False,,277.0,,2026-08-13,,full,"{""as_of"": ""2026-08-13"", ""listing_date"": null, ""reason_code"": ""valid_trading_sessions"", ""status"": ""full"", ""valid_trading_sessions"": 277}","[""l1.csv""]",[],63.5287,ranked,full,100.0,True,True,False
TPR,"Tapestry, Inc. Common Stock",nasdaqtrader:N:TPR,common_equity,eligible,N,,128.39,,379639323.354127,-8.462854698417232,-3.247927656367744,-16.991013124717146,15.812736785134396,22.083990775579565,62.74146523297092,,,False,,277.0,,2026-08-13,,full,"{""as_of"": ""2026-08-13"", ""listing_date"": null, ""reason_code"": ""valid_trading_sessions"", ""status"": ""full"", ""valid_trading_sessions"": 277}","[""l1.csv""]",[],63.5279,ranked,full,100.0,True,True,False
VICI,VICI Properties Inc. Common Stock,nasdaqtrader:N:VICI,common_equity,eligible,N,,26.34,,263791649.17571428,0.11402508551880963,-6.628855015951796,-9.701748371614682,-19.866139336781252,22.024866785079933,22.988800081845376,,,False,,277.0,,2026-08-13,,full,"{""as_of"": ""2026-08-13"", ""listing_date"": null, ""reason_code"": ""valid_trading_sessions"", ""status"": ""full"", ""valid_trading_sessions"": 277}","[""l1.csv""]",[],63.52,ranked,full,100.0,True,True,False
VVV,Valvoline Inc. Common Stock,nasdaqtrader:N:VVV,common_equity,eligible,N,,33.77,,78725041.40698414,-14.245810055865915,5.23527578684948,-13.120658605608426,-12.784090909090896,16.965822473567737,33.945318653637656,,,False,,277.0,,2026-08-13,,full,"{""as_of"": ""2026-08-13"", ""listing_date"": null, ""reason_code"": ""valid_trading_sessions"", ""status"": ""full"", ""valid_trading_sessions"": 277}","[""l1.csv""]",[],63.4915,ranked,full,100.0,True,True,False
CGNX,Cognex Corporation - Common Stock,nasdaqtrader:Q:CGNX,common_equity,eligible,Q,,61.59,,148539977.28166667,-2.6091081593927923,-3.2212445003142687,43.13269811759237,45.9478672985782,14.95443247721624,54.82653839993331,,,False,,277.0,,2026-08-13,,full,"{""as_of"": ""2026-08-13"", ""listing_date"": null, ""reason_code"": ""valid_trading_sessions"", ""status"": ""full"", ""valid_trading_sessions"": 277}","[""l1.csv""]",[],63.4886,ranked,full,100.0,True,True,False
ARES,Ares Management Corporation Class A Common Stock,nasdaqtrader:N:ARES,common_equity,eligible,N,,149.45,,303012726.6122222,19.761198814007507,21.32651404448773,8.785849468627172,-22.468354430379744,21.729339059390384,41.689607974156424,,,False,,277.0,,2026-08-13,,full,"{""as_of"": ""2026-08-13"", ""listing_date"": null, ""reason_code"": ""valid_trading_sessions"", ""status"": ""full"", ""valid_trading_sessions"": 277}","[""l1.csv""]",[],63.4806,ranked,full,100.0,True,True,False
DOCN,"DigitalOcean Holdings, Inc. Common Stock",nasdaqtrader:N:DOCN,common_equity,eligible,N,,132.29,,495020714.300635,10.56414542415376,-16.89282573187587,112.00320512820512,340.23294509151407,27.028517844337806,95.62763932031784,,,False,,277.0,,2026-08-13,,full,"{""as_of"": ""2026-08-13"", ""listing_date"": null, ""reason_code"": ""valid_trading_sessions"", ""status"": ""full"", ""valid_trading_sessions"": 277}","[""l1.csv""]",[],63.4371,ranked,full,100.0,True,True,False
BBNX,"Beta Bionics, Inc. - Common Stock",nasdaqtrader:Q:BBNX,common_equity,eligible,Q,,18.08,,16173872.822539682,7.236061684460249,87.74662512980267,28.045325779036823,27.1448663853727,43.482338230697096,73.99941066111822,,,False,,277.0,,2026-08-13,,full,"{""as_of"": ""2026-08-13"", ""listing_date"": null, ""reason_code"": ""valid_trading_sessions"", ""status"": ""full"", ""valid_trading_sessions"": 277}","[""l1.csv""]",[],63.4345,ranked,full,100.0,True,True,False
TIC,"TIC Solutions, Inc. Common Stock",nasdaqtrader:N:TIC,common_equity,eligible,N,,10.04,,18069342.19126984,40.22346368715082,12.304250559284103,2.658486707566454,6.80851063829786,30.710835058661157,67.64323339907044,,,False,,277.0,,2026-08-13,,full,"{""as_of"": ""2026-08-13"", ""listing_date"": null, ""reason_code"": ""valid_trading_sessions"", ""status"": ""full"", ""valid_trading_sessions"": 277}","[""l1.csv""]",[],63.4281,ranked,full,100.0,True,True,False
YETI,"YETI Holdings, Inc. Common Stock",nasdaqtrader:N:YETI,common_equity,eligible,N,,45.47,,69993979.1884127,-5.917649493068488,18.62770675710932,-4.193004635482511,34.68601895734598,13.686408504176162,46.79712926229653,,,False,,277.0,,2026-08-13,,full,"{""as_of"": ""2026-08-13"", ""listing_date"": null, ""reason_code"": ""valid_trading_sessions"", ""status"": ""full"", ""valid_trading_sessions"": 277}","[""l1.csv""]",[],63.4216,ranked,full,100.0,True,True,False
STNE,StoneCo Ltd. - Class A Common Share,nasdaqtrader:Q:STNE,common_equity,eligible,Q,,10.23,,50566405.205952376,-9.308510638297863,5.572755417956676,-42.10526315789473,-32.65306122448979,47.430626927029806,33.97953223767768,,,False,,277.0,,2026-08-13,,full,"{""as_of"": ""2026-08-13"", ""listing_date"": null, ""reason_code"": ""valid_trading_sessions"", ""status"": ""full"", ""valid_trading_sessions"": 277}","[""l1.csv""]",[],63.4213,ranked,full,100.0,True,True,False
HSY,The Hershey Company Common Stock,nasdaqtrader:N:HSY,common_equity,eligible,N,,186.12,,352131064.79507935,9.308744934515767,-4.880666428169866,-19.376218323586734,5.468351561171869,21.22905027932961,25.253433323181255,,,False,,277.0,,2026-08-13,,full,"{""as_of"": ""2026-08-13"", ""listing_date"": null, ""reason_code"": ""valid_trading_sessions"", ""status"": ""full"", ""valid_trading_sessions"": 277}","[""l1.csv""]",[],63.4139,ranked,full,100.0,True,True,False
WDAY,"Workday, Inc. - Class A Common Stock",nasdaqtrader:Q:WDAY,common_equity,eligible,Q,,206.45,,745558394.7027777,45.571851642927655,77.21030042918453,42.82255274991351,-3.797763280521904,16.649844563769236,76.08771075628691,,,False,,277.0,,2026-08-13,,full,"{""as_of"": ""2026-08-13"", ""listing_date"": null, ""reason_code"": ""valid_trading_sessions"", ""status"": ""full"", ""valid_trading_sessions"": 277}","[""l1.csv""]",[],63.4125,ranked,full,100.0,True,True,False
CARR,Carrier Global Corporation Common Stock,nasdaqtrader:N:CARR,common_equity,eligible,N,,63.35,,435638146.7315873,-7.841140529531554,-3.38569467744394,-5.560524746571249,-3.620873269435576,16.644736842105257,40.83509472931879,,,False,,277.0,,2026-08-13,,full,"{""as_of"": ""2026-08-13"", ""listing_date"": null, ""reason_code"": ""valid_trading_sessions"", ""status"": ""full"", ""valid_trading_sessions"": 277}","[""l1.csv""]",[],63.4112,ranked,full,100.0,True,True,False
XRAY,DENTSPLY SIRONA Inc. - Common Stock,nasdaqtrader:Q:XRAY,common_equity,eligible,Q,,11.58,,65967773.850634925,-13.582089552238807,10.919540229885062,-15.536105032822768,-11.264367816091958,21.117166212534055,58.78243226026214,,,False,,277.0,,2026-08-13,,full,"{""as_of"": ""2026-08-13"", ""listing_date"": null, ""reason_code"": ""valid_trading_sessions"", ""status"": ""full"", ""valid_trading_sessions"": 277}","[""l1.csv""]",[],63.399,ranked,full,100.0,True,True,False
RBC,RBC Bearings Incorporated Common Stock,nasdaqtrader:N:RBC,common_equity,eligible,N,,554.25,,157869902.26619047,-6.081607754092245,-10.447399460341567,0.6757124952318616,36.85523099335786,14.584906532694287,26.11656592121692,,,False,,277.0,,2026-08-13,,full,"{""as_of"": ""2026-08-13"", ""listing_date"": null, ""reason_code"": ""valid_trading_sessions"", ""status"": ""full"", ""valid_trading_sessions"": 277}","[""l1.csv""]",[],63.3962,ranked,full,100.0,True,True,False
MTH,Meritage Homes Corporation Common Stock,nasdaqtrader:N:MTH,common_equity,eligible,N,,73.62,,66199579.386507936,-2.061992816283087,19.648951730863008,-5.6758488148622614,-1.1944705408669987,13.57126085935666,37.38900308893746,,,False,,277.0,,2026-08-13,,full,"{""as_of"": ""2026-08-13"", ""listing_date"": null, ""reason_code"": ""valid_trading_sessions"", ""status"": ""full"", ""valid_trading_sessions"": 277}","[""l1.csv""]",[],63.3928,ranked,full,100.0,True,True,False
SNPS,"Synopsys, Inc. - Common Stock",nasdaqtrader:Q:SNPS,common_equity,eligible,Q,,411.75,,879633274.5561111,-3.180295103168529,-19.15056550424128,-6.038200862600118,-34.20421860019175,34.154766283402374,39.98454202225282,,,False,,277.0,,2026-08-13,,full,"{""as_of"": ""2026-08-13"", ""listing_date"": null, ""reason_code"": ""valid_trading_sessions"", ""status"": ""full"", ""valid_trading_sessions"": 277}","[""l1.csv""]",[],63.3873,ranked,full,100.0,True,True,False
LIN,Linde plc - Ordinary Shares,nasdaqtrader:Q:LIN,common_equity,eligible,Q,,478.2,,1177786306.387143,-6.992122921326461,-6.830845965007992,2.2865821051956114,1.05022927540519,12.520122932825995,24.263861984424356,,,False,,277.0,,2026-08-13,,full,"{""as_of"": ""2026-08-13"", ""listing_date"": null, ""reason_code"": ""valid_trading_sessions"", ""status"": ""full"", ""valid_trading_sessions"": 277}","[""l1.csv""]",[],63.38,ranked,full,100.0,True,True,False
VOYG,"Voyager Technologies, Inc. Class A Common Stock",nasdaqtrader:N:VOYG,common_equity,eligible,N,,44.28,,88726193.6568254,66.46616541353383,31.785714285714285,68.30102622576968,48.143191702910684,14.467838516515364,106.8323671567413,,,False,,277.0,,2026-08-13,,full,"{""as_of"": ""2026-08-13"", ""listing_date"": null, ""reason_code"": ""valid_trading_sessions"", ""status"": ""full"", ""valid_trading_sessions"": 277}","[""l1.csv""]",[],63.367,ranked,full,100.0,True,True,False
DDOG,"Datadog, Inc. - Class A Common Stock",nasdaqtrader:Q:DDOG,common_equity,eligible,Q,,252.24,,1302752630.5622222,-4.6207365953263135,22.858116993814235,98.09942668656248,95.59553349875931,12.462259239979169,82.42277418775893,,,False,,277.0,,2026-08-13,,full,"{""as_of"": ""2026-08-13"", ""listing_date"": null, ""reason_code"": ""valid_trading_sessions"", ""status"": ""full"", ""valid_trading_sessions"": 277}","[""l1.csv""]",[],63.3656,ranked,full,100.0,True,True,False
DCI,"Donaldson Company, Inc. Common Stock",nasdaqtrader:N:DCI,common_equity,eligible,N,,95.71,,68283471.89380953,7.214069676263013,14.035505778625023,-13.439450122094598,29.82908301682039,13.439450122094598,22.398639101704777,,,False,,277.0,,2026-08-13,,full,"{""as_of"": ""2026-08-13"", ""listing_date"": null, ""reason_code"": ""valid_trading_sessions"", ""status"": ""full"", ""valid_trading_sessions"": 277}","[""l1.csv""]",[],63.3599,ranked,full,100.0,True,True,False
CSTM,Constellium SE Ordinary Shares (France),nasdaqtrader:N:CSTM,common_equity,eligible,N,,29.13,,60848645.054920636,-0.13712718546452507,-15.71180555555557,17.935222672064775,110.32490974729244,19.41908713692946,37.27801746941729,,,False,,277.0,,2026-08-13,,full,"{""as_of"": ""2026-08-13"", ""listing_date"": null, ""reason_code"": ""valid_trading_sessions"", ""status"": ""full"", ""valid_trading_sessions"": 277}","[""l1.csv""]",[],63.3548,ranked,full,100.0,True,True,False
SAIL,"SailPoint, Inc. - Common Stock",nasdaqtrader:Q:SAIL,common_equity,eligible,Q,,19.99,,71672914.32063492,32.12161269001981,69.26333615580016,30.99606815203144,5.488126649076519,15.404147270418967,58.26289906966594,,,False,,277.0,,2026-08-13,,full,"{""as_of"": ""2026-08-13"", ""listing_date"": null, ""reason_code"": ""valid_trading_sessions"", ""status"": ""full"", ""valid_trading_sessions"": 277}","[""l1.csv""]",[],63.351,ranked,full,100.0,True,True,False
SWKS,"Skyworks Solutions, Inc. - Common Stock",nasdaqtrader:Q:SWKS,common_equity,eligible,Q,,69.76,,377019308.3269841,21.300643366371077,2.377458174346936,9.547738693467345,-2.692146742920898,16.374970031167578,52.271472111536845,,,False,,277.0,,2026-08-13,,full,"{""as_of"": ""2026-08-13"", ""listing_date"": null, ""reason_code"": ""valid_trading_sessions"", ""status"": ""full"", ""valid_trading_sessions"": 277}","[""l1.csv""]",[],63.3437,ranked,full,100.0,True,True,False
NPO,Enpro Inc. Common Stock,nasdaqtrader:N:NPO,common_equity,eligible,N,,336.14,,86561201.51619048,2.294583079732182,5.777581974951218,21.27575134394053,47.78632666520115,13.287759576937964,48.444140119709736,,,False,,277.0,,2026-08-13,,full,"{""as_of"": ""2026-08-13"", ""listing_date"": null, ""reason_code"": ""valid_trading_sessions"", ""status"": ""full"", ""valid_trading_sessions"": 277}","[""l1.csv""]",[],63.3219,ranked,full,100.0,True,True,False
CTVA,"Corteva, Inc. Common Stock",nasdaqtrader:N:CTVA,common_equity,eligible,N,,75.79,,338181261.09587306,-10.254588513913554,-9.07018596280742,0.6240042485395891,6.701393777277209,16.263396309800015,44.43060590658048,,,False,,277.0,,2026-08-13,,full,"{""as_of"": ""2026-08-13"", ""listing_date"": null, ""reason_code"": ""valid_trading_sessions"", ""status"": ""full"", ""valid_trading_sessions"": 277}","[""l1.csv""]",[],63.3158,ranked,full,100.0,True,True,False
GGG,Graco Inc. Common Stock,nasdaqtrader:N:GGG,common_equity,eligible,N,,82.26,,109670997.06984127,11.918367346938785,7.361002349256074,-12.933954276037252,-3.6203866432337306,13.246150601138984,26.158800211458104,,,False,,277.0,,2026-08-13,,full,"{""as_of"": ""2026-08-13"", ""listing_date"": null, ""reason_code"": ""valid_trading_sessions"", ""status"": ""full"", ""valid_trading_sessions"": 277}","[""l1.csv""]",[],63.3115,ranked,full,100.0,True,True,False
CX,"Cemex, S.A.B. de C.V. Sponsored ADR",nasdaqtrader:N:CX,adr,eligible,N,,11.08,,68927315.87238096,-15.225707727620508,-16.377358490566042,-14.374034003091186,26.339794754846068,18.228782287822888,26.290202834195853,,,False,,277.0,,2026-08-13,,full,"{""as_of"": ""2026-08-13"", ""listing_date"": null, ""reason_code"": ""valid_trading_sessions"", ""status"": ""full"", ""valid_trading_sessions"": 277}","[""l1.csv""]",[],63.3072,ranked,full,100.0,True,True,False
PYPL,"PayPal Holdings, Inc. - Common Stock",nasdaqtrader:Q:PYPL,common_equity,eligible,Q,,60.59,,778192646.9929365,9.131844380403464,33.959761220428945,49.75284231339596,-10.857731352067079,20.41245238407985,51.04768773838748,,,False,,277.0,,2026-08-13,,full,"{""as_of"": ""2026-08-13"", ""listing_date"": null, ""reason_code"": ""valid_trading_sessions"", ""status"": ""full"", ""valid_trading_sessions"": 277}","[""l1.csv""]",[],63.305,ranked,full,100.0,True,True,False
UGI,UGI Corporation Common Stock,nasdaqtrader:N:UGI,common_equity,eligible,N,,35.26,,56947901.48174603,-2.650469353948093,6.045112781954876,-7.502623294858346,0.05675368898976352,13.21683485109526,20.880610376534868,,,False,,277.0,,2026-08-13,,full,"{""as_of"": ""2026-08-13"", ""listing_date"": null, ""reason_code"": ""valid_trading_sessions"", ""status"": ""full"", ""valid_trading_sessions"": 277}","[""l1.csv""]",[],63.3042,ranked,full,100.0,True,True,False
BG,Bunge Limited Common Shares,nasdaqtrader:N:BG,common_equity,eligible,N,,112.73,,188196224.98317462,-2.583823021085374,-10.545945088081254,-7.621076784397274,36.60930683470676,14.21505212693097,37.90441363550669,,,False,,277.0,,2026-08-13,,full,"{""as_of"": ""2026-08-13"", ""listing_date"": null, ""reason_code"": ""valid_trading_sessions"", ""status"": ""full"", ""valid_trading_sessions"": 277}","[""l1.csv""]",[],63.3038,ranked,full,100.0,True,True,False
PTEN,"Patterson-UTI Energy, Inc. - Common Stock",nasdaqtrader:Q:PTEN,common_equity,eligible,Q,,10.9,,95869106.69142857,10.77235772357723,-9.166666666666668,27.18786464410734,94.64285714285717,15.175097276264582,63.791145645338624,,,False,,277.0,,2026-08-13,,full,"{""as_of"": ""2026-08-13"", ""listing_date"": null, ""reason_code"": ""valid_trading_sessions"", ""status"": ""full"", ""valid_trading_sessions"": 277}","[""l1.csv""]",[],63.2938,ranked,full,100.0,True,True,False
KRYS,"Krystal Biotech, Inc. - Common Stock",nasdaqtrader:Q:KRYS,common_equity,eligible,Q,,328.34,,138831833.41468254,-6.252855185016005,5.041909271226563,20.42545387859893,128.6171842361788,13.172021684516732,51.759586842608186,,,False,,277.0,,2026-08-13,,full,"{""as_of"": ""2026-08-13"", ""listing_date"": null, ""reason_code"": ""valid_trading_sessions"", ""status"": ""full"", ""valid_trading_sessions"": 277}","[""l1.csv""]",[],63.293,ranked,full,100.0,True,True,False
PSKY,Paramount Skydance Corporation - Class B Common Stock,nasdaqtrader:Q:PSKY,common_equity,eligible,Q,,9.97,,94594336.78015873,7.783783783783793,-4.775549188156636,-9.445958219800177,-9.115770282588876,49.46781550937658,42.58846090740885,,,False,,256.0,,2026-08-13,,full,"{""as_of"": ""2026-08-13"", ""listing_date"": null, ""reason_code"": ""valid_trading_sessions"", ""status"": ""full"", ""valid_trading_sessions"": 256}","[""l1.csv""]",[],63.2855,ranked,full,100.0,True,True,False
NEE,"NextEra Energy, Inc. Common Stock",nasdaqtrader:N:NEE,common_equity,eligible,N,,86.01,,1059418215.3998413,-3.4680134680134533,-9.319978914074845,-5.855954465849377,19.691065961592003,12.127094401307714,15.38486709945815,,,False,,277.0,,2026-08-13,,full,"{""as_of"": ""2026-08-13"", ""listing_date"": null, ""reason_code"": ""valid_trading_sessions"", ""status"": ""full"", ""valid_trading_sessions"": 277}","[""l1.csv""]",[],63.2818,ranked,full,100.0,True,True,False
COST,Costco Wholesale Corporation - Common Stock,nasdaqtrader:Q:COST,common_equity,eligible,Q,,961.85,,2305856260.669286,4.943592205468406,-6.894916172997245,-1.6654057701351532,-2.96595208070618,12.105234300752976,21.925976902159626,,,False,,277.0,,2026-08-13,,full,"{""as_of"": ""2026-08-13"", ""listing_date"": null, ""reason_code"": ""valid_trading_sessions"", ""status"": ""full"", ""valid_trading_sessions"": 277}","[""l1.csv""]",[],63.2763,ranked,full,100.0,True,True,False
CRDO,Credo Technology Group Holding Ltd - Ordinary Shares,nasdaqtrader:Q:CRDO,common_equity,eligible,Q,,265.99,,1849661593.8030953,17.310575990120846,40.46789184621884,107.15732087227411,112.14707289838893,12.075234695226754,100.77907353266542,,,False,,277.0,,2026-08-13,,full,"{""as_of"": ""2026-08-13"", ""listing_date"": null, ""reason_code"": ""valid_trading_sessions"", ""status"": ""full"", ""valid_trading_sessions"": 277}","[""l1.csv""]",[],63.2688,ranked,full,100.0,True,True,False
MGM,MGM Resorts International Common Stock,nasdaqtrader:N:MGM,common_equity,eligible,N,,44.07,,179036843.7263492,-5.913748932536301,17.802726543704892,21.204620462046208,24.49152542372881,13.059775103570715,19.677042246696345,,,False,,277.0,,2026-08-13,,full,"{""as_of"": ""2026-08-13"", ""listing_date"": null, ""reason_code"": ""valid_trading_sessions"", ""status"": ""full"", ""valid_trading_sessions"": 277}","[""l1.csv""]",[],63.2649,ranked,full,100.0,True,True,False
HLN,Haleon plc American Depositary Shares (Each representing two Ordinary Shares),nasdaqtrader:N:HLN,adr,eligible,N,,9.8,,90737501.80777778,0.512820512820511,8.647450110864764,-12.186379928315406,2.2964509394572064,13.043478260869556,25.207627547773452,,,False,,277.0,,2026-08-13,,full,"{""as_of"": ""2026-08-13"", ""listing_date"": null, ""reason_code"": ""valid_trading_sessions"", ""status"": ""full"", ""valid_trading_sessions"": 277}","[""l1.csv""]",[],63.2609,ranked,full,100.0,True,True,False
MKTX,"MarketAxess Holdings, Inc. - Common Stock",nasdaqtrader:Q:MKTX,common_equity,eligible,Q,,162.6,,131617249.08079365,40.6209461212488,16.743251005169448,-9.045141802315836,-13.611730953139944,16.01673467279584,76.84520610642606,,,False,,277.0,,2026-08-13,,full,"{""as_of"": ""2026-08-13"", ""listing_date"": null, ""reason_code"": ""valid_trading_sessions"", ""status"": ""full"", ""valid_trading_sessions"": 277}","[""l1.csv""]",[],63.2542,ranked,full,100.0,True,True,False
MRCY,Mercury Systems Inc - Common Stock,nasdaqtrader:Q:MRCY,common_equity,eligible,Q,,109.79,,72623100.78761904,6.623288336408661,18.69189189189191,36.67372090128222,61.40840929138491,13.010062594089211,73.36260939284817,,,False,,277.0,,2026-08-13,,full,"{""as_of"": ""2026-08-13"", ""listing_date"": null, ""reason_code"": ""valid_trading_sessions"", ""status"": ""full"", ""valid_trading_sessions"": 277}","[""l1.csv""]",[],63.2525,ranked,full,100.0,True,True,False
VMC,Vulcan Materials Company (Holding Company) Common Stock,nasdaqtrader:N:VMC,common_equity,eligible,N,,277.52,,331878681.8460317,-4.008854761163583,1.0854520288482439,-13.215335543185935,-4.923087464455788,15.997215243514852,33.38677565649378,,,False,,277.0,,2026-08-13,,full,"{""as_of"": ""2026-08-13"", ""listing_date"": null, ""reason_code"": ""valid_trading_sessions"", ""status"": ""full"", ""valid_trading_sessions"": 277}","[""l1.csv""]",[],63.2493,ranked,full,100.0,True,True,False
WLK,Westlake Corporation Common Stock,nasdaqtrader:N:WLK,common_equity,eligible,N,,80.19,,89260212.76936509,4.07527579493836,-13.092012571800149,-20.09764846552412,1.2883668056081765,35.0109409190372,47.90045666603784,,,False,,277.0,,2026-08-13,,full,"{""as_of"": ""2026-08-13"", ""listing_date"": null, ""reason_code"": ""valid_trading_sessions"", ""status"": ""full"", ""valid_trading_sessions"": 277}","[""l1.csv""]",[],63.2493,ranked,full,100.0,True,True,False
SMH,VanEck Semiconductor ETF,US:SMH,etf,eligible,Q,,589.12,,6736829734.265239,-0.27929651133266065,2.9102470041574957,42.03192053618787,96.30789736754414,11.928361065016214,47.46768635219791,,,False,,277.0,,2026-08-13,,full,"{""as_of"": ""2026-08-13"", ""listing_date"": null, ""reason_code"": ""valid_trading_sessions"", ""status"": ""full"", ""valid_trading_sessions"": 277}","[""l1.csv""]",[],63.2321,ranked,full,100.0,True,True,False
FND,"Floor & Decor Holdings, Inc. Common Stock",nasdaqtrader:N:FND,common_equity,eligible,N,,58.9,,142806593.94873017,4.432624113475181,29.138346853760133,-14.575779550398849,-29.595983743724595,34.85954434859545,50.95214190338054,,,False,,277.0,,2026-08-13,,full,"{""as_of"": ""2026-08-13"", ""listing_date"": null, ""reason_code"": ""valid_trading_sessions"", ""status"": ""full"", ""valid_trading_sessions"": 277}","[""l1.csv""]",[],63.2313,ranked,full,100.0,True,True,False
COGT,"Cogent Biosciences, Inc. - Common Stock",nasdaqtrader:Q:COGT,common_equity,eligible,Q,,37.31,,93390531.99753968,-5.063613231552155,8.807232429279676,0.2956989247311803,223.03030303030306,12.908496732026142,53.74794477717371,,,False,,277.0,,2026-08-13,,full,"{""as_of"": ""2026-08-13"", ""listing_date"": null, ""reason_code"": ""valid_trading_sessions"", ""status"": ""full"", ""valid_trading_sessions"": 277}","[""l1.csv""]",[],63.2271,ranked,full,100.0,True,True,False
ENS,EnerSys Common Stock,nasdaqtrader:N:ENS,common_equity,eligible,N,,197.38,,116995149.99714285,-2.417560686211506,-15.280281569233411,11.589778380823157,100.18255578093309,18.887153776608866,51.837687627684126,,,False,,277.0,,2026-08-13,,full,"{""as_of"": ""2026-08-13"", ""listing_date"": null, ""reason_code"": ""valid_trading_sessions"", ""status"": ""full"", ""valid_trading_sessions"": 277}","[""l1.csv""]",[],63.2218,ranked,full,100.0,True,True,False
GRRR,Gorilla Technology Group Inc. - Ordinary shares,nasdaqtrader:Q:GRRR,common_equity,eligible,Q,,15.43,,24375537.684761908,29.772918418839357,11.32756132756132,22.169437846397464,-10.963646855164445,29.155188246097342,123.90511467158372,,,False,,277.0,,2026-08-13,,full,"{""as_of"": ""2026-08-13"", ""listing_date"": null, ""reason_code"": ""valid_trading_sessions"", ""status"": ""full"", ""valid_trading_sessions"": 277}","[""l1.csv""]",[],63.2207,ranked,full,100.0,True,True,False
ATEN,"A10 Networks, Inc. Common Stock",nasdaqtrader:N:ATEN,common_equity,eligible,N,,27.0,,40816989.7084127,-25.619834710743795,-2.6325279480706842,29.001433349259443,51.515151515151516,29.152453424298088,56.24619583480608,,,False,,277.0,,2026-08-13,,full,"{""as_of"": ""2026-08-13"", ""listing_date"": null, ""reason_code"": ""valid_trading_sessions"", ""status"": ""full"", ""valid_trading_sessions"": 277}","[""l1.csv""]",[],63.2203,ranked,full,100.0,True,True,False
CEVA,"CEVA, Inc. - Common Stock",nasdaqtrader:Q:CEVA,common_equity,eligible,Q,,30.37,,34721946.14507936,-27.621544327931357,-20.393184796854513,28.25168918918919,28.740991945739736,39.33280063923292,108.00812299884048,,,False,,277.0,,2026-08-13,,full,"{""as_of"": ""2026-08-13"", ""listing_date"": null, ""reason_code"": ""valid_trading_sessions"", ""status"": ""full"", ""valid_trading_sessions"": 277}","[""l1.csv""]",[],63.2111,ranked,full,100.0,True,True,False
DIS,Walt Disney Company (The) Common Stock,nasdaqtrader:N:DIS,common_equity,eligible,N,,104.8,,1048442271.9046031,7.874420998455989,-0.09532888465205724,-3.070662227155019,-7.843826943369681,11.82904257109204,28.395050904182945,,,False,,277.0,,2026-08-13,,full,"{""as_of"": ""2026-08-13"", ""listing_date"": null, ""reason_code"": ""valid_trading_sessions"", ""status"": ""full"", ""valid_trading_sessions"": 277}","[""l1.csv""]",[],63.2073,ranked,full,100.0,True,True,False
WGO,"Winnebago Industries, Inc. Common Stock",nasdaqtrader:N:WGO,common_equity,eligible,N,,32.57,,21921310.62269841,6.7868852459016304,11.464750171115679,-31.214361140443504,-0.18387986515476795,34.663991975927786,39.42203854023853,,,False,,277.0,,2026-08-13,,full,"{""as_of"": ""2026-08-13"", ""listing_date"": null, ""reason_code"": ""valid_trading_sessions"", ""status"": ""full"", ""valid_trading_sessions"": 277}","[""l1.csv""]",[],63.2052,ranked,full,100.0,True,True,False
TS,Tenaris S.A. American Depositary Shares,nasdaqtrader:N:TS,adr,eligible,N,,52.62,,77788489.39253968,-7.554462403373163,-17.264150943396228,8.160328879753331,46.329254727474954,17.80693533270853,29.589049319523713,,,False,,277.0,,2026-08-13,,full,"{""as_of"": ""2026-08-13"", ""listing_date"": null, ""reason_code"": ""valid_trading_sessions"", ""status"": ""full"", ""valid_trading_sessions"": 277}","[""l1.csv""]",[],63.2017,ranked,full,100.0,True,True,False
PPG,"PPG Industries, Inc. Common Stock",nasdaqtrader:N:PPG,common_equity,eligible,N,,114.73,,223976612.33825395,-0.5029919347844913,8.79006258296986,-12.439899259711517,5.498850574712644,12.792642140468224,38.05367398059713,,,False,,277.0,,2026-08-13,,full,"{""as_of"": ""2026-08-13"", ""listing_date"": null, ""reason_code"": ""valid_trading_sessions"", ""status"": ""full"", ""valid_trading_sessions"": 277}","[""l1.csv""]",[],63.1982,ranked,full,100.0,True,True,False
DHR,Danaher Corporation Common Stock,nasdaqtrader:N:DHR,common_equity,eligible,N,,203.89,,927419362.7603174,1.5439015887245278,22.832700765106306,-7.314301300118197,-0.889558623371578,15.765337740136342,46.59753546187317,,,False,,277.0,,2026-08-13,,full,"{""as_of"": ""2026-08-13"", ""listing_date"": null, ""reason_code"": ""valid_trading_sessions"", ""status"": ""full"", ""valid_trading_sessions"": 277}","[""l1.csv""]",[],63.1913,ranked,full,100.0,True,True,False
WRBY,Warby Parker Inc. Class A Common Stock,nasdaqtrader:N:WRBY,common_equity,eligible,N,,25.88,,84856251.2742857,-7.273378717305635,-9.16110916110916,17.68985902683038,6.022122081114301,14.70006591957812,55.976673967954724,,,False,,277.0,,2026-08-13,,full,"{""as_of"": ""2026-08-13"", ""listing_date"": null, ""reason_code"": ""valid_trading_sessions"", ""status"": ""full"", ""valid_trading_sessions"": 277}","[""l1.csv""]",[],63.175,ranked,full,100.0,True,True,False
SIG,Signet Jewelers Limited Common Shares,nasdaqtrader:N:SIG,common_equity,eligible,N,,92.56,,72249180.23079365,6.354130759508214,18.636247116124082,0.22739577693557944,16.164658634538153,12.679245283018869,34.67210784843347,,,False,,277.0,,2026-08-13,,full,"{""as_of"": ""2026-08-13"", ""listing_date"": null, ""reason_code"": ""valid_trading_sessions"", ""status"": ""full"", ""valid_trading_sessions"": 277}","[""l1.csv""]",[],63.1698,ranked,full,100.0,True,True,False
SGRY,"Surgery Partners, Inc. - Common Stock",nasdaqtrader:Q:SGRY,common_equity,eligible,Q,,15.19,,23361044.01936508,-4.405286343612347,6.14954577218727,1.2666666666666604,-33.89904264577894,36.283557046979865,56.961582252677324,,,False,,277.0,,2026-08-13,,full,"{""as_of"": ""2026-08-13"", ""listing_date"": null, ""reason_code"": ""valid_trading_sessions"", ""status"": ""full"", ""valid_trading_sessions"": 277}","[""l1.csv""]",[],63.1644,ranked,full,100.0,True,True,False
TSLA,"Tesla, Inc.  - Common Stock",nasdaqtrader:Q:TSLA,common_equity,eligible,Q,,339.96,,16708680093.29016,-13.816356538052021,-23.650818604442247,-20.620169519228526,-0.2581856589602194,30.60341308075447,63.927203398801936,,,False,,277.0,,2026-08-13,,full,"{""as_of"": ""2026-08-13"", ""listing_date"": null, ""reason_code"": ""valid_trading_sessions"", ""status"": ""full"", ""valid_trading_sessions"": 277}","[""l1.csv""]",[],63.1638,ranked,full,100.0,True,True,False
UAA,"Under Armour, Inc. Class A Common Stock",nasdaqtrader:N:UAA,common_equity,eligible,N,,5.35,,53043998.56666666,-21.89781021897811,4.696673189823852,-23.35243553008597,6.361829025844923,34.27518427518429,55.06012259189571,,,False,,277.0,,2026-08-13,,full,"{""as_of"": ""2026-08-13"", ""listing_date"": null, ""reason_code"": ""valid_trading_sessions"", ""status"": ""full"", ""valid_trading_sessions"": 277}","[""l1.csv""]",[],63.1534,ranked,full,100.0,True,True,False
ADT,ADT Inc. Common Stock,nasdaqtrader:N:ADT,common_equity,eligible,N,,7.47,,61764172.74380953,10.339734121122612,9.210526315789469,-4.353393085787449,-12.220916568742657,15.593220338983048,27.898092622355154,,,False,,277.0,,2026-08-13,,full,"{""as_of"": ""2026-08-13"", ""listing_date"": null, ""reason_code"": ""valid_trading_sessions"", ""status"": ""full"", ""valid_trading_sessions"": 277}","[""l1.csv""]",[],63.1483,ranked,full,100.0,True,True,False
ZBIO,"Zenas BioPharma, Inc. - Common Stock",nasdaqtrader:Q:ZBIO,common_equity,eligible,Q,,29.2,,20385540.633174606,-0.7140428425705614,46.51279478173607,25.483455092393648,83.64779874213835,32.36043548760714,54.82040068115961,,,False,,277.0,,2026-08-13,,full,"{""as_of"": ""2026-08-13"", ""listing_date"": null, ""reason_code"": ""valid_trading_sessions"", ""status"": ""full"", ""valid_trading_sessions"": 277}","[""l1.csv""]",[],63.1481,ranked,full,100.0,True,True,False
YMM,Full Truck Alliance Co. Ltd. American Depositary Shares (each representing 20 Class A Ordinary Shares),nasdaqtrader:N:YMM,adr,eligible,N,,8.87,,76756976.35174602,-3.5869565217391264,-4.31499460625675,-10.131712259371838,-21.919014084507047,36.642857142857146,35.31115953253037,,,False,,277.0,,2026-08-13,,full,"{""as_of"": ""2026-08-13"", ""listing_date"": null, ""reason_code"": ""valid_trading_sessions"", ""status"": ""full"", ""valid_trading_sessions"": 277}","[""l1.csv""]",[],63.1405,ranked,full,100.0,True,True,False
MQ,"Marqeta, Inc. - Class A Common Stock",nasdaqtrader:Q:MQ,common_equity,eligible,Q,,16.47,,19909807.856031746,-5.181347150259075,6.121134020618557,-0.7831325301205005,-35.91439688715954,36.65384615384616,53.23544223534814,,,False,,277.0,,2026-08-13,,full,"{""as_of"": ""2026-08-13"", ""listing_date"": null, ""reason_code"": ""valid_trading_sessions"", ""status"": ""full"", ""valid_trading_sessions"": 277}","[""l1.csv""]",[],63.1397,ranked,full,100.0,True,True,False
CLPT,ClearPoint Neuro Inc. - Common Stock,nasdaqtrader:Q:CLPT,common_equity,eligible,Q,,15.42,,11496285.87904762,-1.595405232929159,26.497128794093516,15.332834704562458,46.29981024667933,47.90540540540541,68.79746941751273,,,False,,277.0,,2026-08-13,,full,"{""as_of"": ""2026-08-13"", ""listing_date"": null, ""reason_code"": ""valid_trading_sessions"", ""status"": ""full"", ""valid_trading_sessions"": 277}","[""l1.csv""]",[],63.1396,ranked,full,100.0,True,True,False
LOPE,"Grand Canyon Education, Inc. - Common Stock",nasdaqtrader:Q:LOPE,common_equity,eligible,Q,,145.31,,50933901.71531746,2.497002186640329,-9.599352992410104,-9.34556117037868,-26.611111111111107,34.114713216957604,42.70011921451598,,,False,,277.0,,2026-08-13,,full,"{""as_of"": ""2026-08-13"", ""listing_date"": null, ""reason_code"": ""valid_trading_sessions"", ""status"": ""full"", ""valid_trading_sessions"": 277}","[""l1.csv""]",[],63.132,ranked,full,100.0,True,True,False
OWL,Blue Owl Capital Inc. Class A Common Stock,nasdaqtrader:N:OWL,common_equity,eligible,N,,12.66,,214913965.34761903,30.65015479876161,29.58034800409417,0.3965107057890549,-37.696850393700785,36.82634730538922,44.179592038144186,,,False,,277.0,,2026-08-13,,full,"{""as_of"": ""2026-08-13"", ""listing_date"": null, ""reason_code"": ""valid_trading_sessions"", ""status"": ""full"", ""valid_trading_sessions"": 277}","[""l1.csv""]",[],63.1282,ranked,full,100.0,True,True,False
DSGX,The Descartes Systems Group Inc. - Common Stock,nasdaqtrader:Q:DSGX,common_equity,eligible,Q,,77.24,,38999166.491587296,8.285433898780315,16.4831850399638,17.439562110384664,-22.262479871175533,28.408564278431736,43.478735311237344,,,False,,277.0,,2026-08-13,,full,"{""as_of"": ""2026-08-13"", ""listing_date"": null, ""reason_code"": ""valid_trading_sessions"", ""status"": ""full"", ""valid_trading_sessions"": 277}","[""l1.csv""]",[],63.1211,ranked,full,100.0,True,True,False
