ticker,company,contract_id,security_type,instrument_status,exchange,sector,price,market_cap,avg_dollar_volume,return_1m,return_3m,return_6m,return_12m,drawdown_52w,historical_volatility,profitable,fcf_positive,quality_seed,quality_prior_score,trading_history_days,listing_date,as_of,retrieved_at,momentum_history_status,history_evidence,sources,source_conflicts,l1_score,l1_status,history_sufficiency,opportunity_coverage_pct,rankable,selected_for_next_stage,limited_history_recheck
KLAC,KLA Corporation  - Common Stock,nasdaqtrader:Q:KLAC,common_equity,eligible,Q,,200.47,,2799515244.336984,-9.799775028121482,8.644049425536515,39.19594500763781,119.14079580236114,33.555400881641305,83.64270169570817,,,False,,277.0,,2026-08-11,,full,"{""as_of"": ""2026-08-11"", ""listing_date"": null, ""reason_code"": ""valid_trading_sessions"", ""status"": ""full"", ""valid_trading_sessions"": 277}","[""l1.csv""]",[],69.8074,ranked,full,100.0,True,True,False
ALAB,"Astera Labs, Inc. - Common Stock",nasdaqtrader:Q:ALAB,common_equity,eligible,Q,,311.99,,1963233735.2637303,-13.826819500069053,50.46539667229324,66.24393882879525,74.02387327086122,35.40847169889445,119.32504372785723,,,False,,277.0,,2026-08-11,,full,"{""as_of"": ""2026-08-11"", ""listing_date"": null, ""reason_code"": ""valid_trading_sessions"", ""status"": ""full"", ""valid_trading_sessions"": 277}","[""l1.csv""]",[],69.7228,ranked,full,100.0,True,True,False
ON,ON Semiconductor Corporation - Common Stock,nasdaqtrader:Q:ON,common_equity,eligible,Q,,81.11,,1254940953.0003176,-10.246763306407003,-24.365908243192834,24.592933947772664,70.18464120856065,39.43851265586501,59.47668666722922,,,False,,277.0,,2026-08-11,,full,"{""as_of"": ""2026-08-11"", ""listing_date"": null, ""reason_code"": ""valid_trading_sessions"", ""status"": ""full"", ""valid_trading_sessions"": 277}","[""l1.csv""]",[],69.2041,ranked,full,100.0,True,True,False
MU,"Micron Technology, Inc. - Common Stock",nasdaqtrader:Q:MU,common_equity,eligible,Q,,868.52,,47999869361.39365,-7.3084311632870875,9.20246941521128,126.47196870925686,630.5240137942635,28.432051155278682,98.07209091788364,,,False,,277.0,,2026-08-11,,full,"{""as_of"": ""2026-08-11"", ""listing_date"": null, ""reason_code"": ""valid_trading_sessions"", ""status"": ""full"", ""valid_trading_sessions"": 277}","[""l1.csv""]",[],69.1243,ranked,full,100.0,True,True,False
LRCX,Lam Research Corporation - Common Stock,nasdaqtrader:Q:LRCX,common_equity,eligible,Q,,311.41,,3891523921.481905,-5.610451018428709,5.188312785002536,35.820830425680406,206.0540540540541,28.135601043084936,90.18053690208934,,,False,,277.0,,2026-08-11,,full,"{""as_of"": ""2026-08-11"", ""listing_date"": null, ""reason_code"": ""valid_trading_sessions"", ""status"": ""full"", ""valid_trading_sessions"": 277}","[""l1.csv""]",[],69.0847,ranked,full,100.0,True,True,False
HOOD,"Robinhood Markets, Inc. - Class A Common Stock",nasdaqtrader:Q:HOOD,common_equity,eligible,Q,,94.38,,2481554822.865873,-14.090660841070457,16.83585045803415,9.034195933456557,-17.665532583093434,38.0952380952381,61.28867101965218,,,False,,277.0,,2026-08-11,,full,"{""as_of"": ""2026-08-11"", ""listing_date"": null, ""reason_code"": ""valid_trading_sessions"", ""status"": ""full"", ""valid_trading_sessions"": 277}","[""l1.csv""]",[],69.0437,ranked,full,100.0,True,True,False
AMAT,"Applied Materials, Inc. - Common Stock",nasdaqtrader:Q:AMAT,common_equity,eligible,Q,,525.61,,5240743672.129523,-8.651523314621379,18.482034173391646,59.001119278821434,184.31330123870828,27.301521438450894,83.51217094888916,,,False,,277.0,,2026-08-11,,full,"{""as_of"": ""2026-08-11"", ""listing_date"": null, ""reason_code"": ""valid_trading_sessions"", ""status"": ""full"", ""valid_trading_sessions"": 277}","[""l1.csv""]",[],68.9735,ranked,full,100.0,True,True,False
PINS,"Pinterest, Inc. Class A Common Stock",nasdaqtrader:N:PINS,common_equity,eligible,N,,23.75,,345779769.5261905,5.088495575221241,14.402697495183038,17.9245283018868,-32.39396527184743,37.41765480895916,47.52330942520745,,,False,,277.0,,2026-08-11,,full,"{""as_of"": ""2026-08-11"", ""listing_date"": null, ""reason_code"": ""valid_trading_sessions"", ""status"": ""full"", ""valid_trading_sessions"": 277}","[""l1.csv""]",[],68.8388,ranked,full,100.0,True,True,False
SPOT,Spotify Technology S.A. Ordinary Shares,nasdaqtrader:N:SPOT,common_equity,eligible,N,,501.0,,985300868.6379366,4.40980326775593,19.42789034564958,20.769453283193528,-29.025768887503723,32.162539097937795,36.538483161978355,,,False,,277.0,,2026-08-11,,full,"{""as_of"": ""2026-08-11"", ""listing_date"": null, ""reason_code"": ""valid_trading_sessions"", ""status"": ""full"", ""valid_trading_sessions"": 277}","[""l1.csv""]",[],68.6217,ranked,full,100.0,True,True,False
INSM,Insmed Incorporated - Common Stock,nasdaqtrader:Q:INSM,common_equity,eligible,Q,,132.57,,411603873.094127,21.467839472237493,27.60612185965925,-11.348134278453925,21.01323596531264,37.29246487867178,90.72384784736143,,,False,,277.0,,2026-08-11,,full,"{""as_of"": ""2026-08-11"", ""listing_date"": null, ""reason_code"": ""valid_trading_sessions"", ""status"": ""full"", ""valid_trading_sessions"": 277}","[""l1.csv""]",[],68.5972,ranked,full,100.0,True,True,False
ENPH,"Enphase Energy, Inc. - Common Stock",nasdaqtrader:Q:ENPH,common_equity,eligible,Q,,42.3,,364104879.6365079,-1.7649790989317404,12.350597609561742,-15.90457256461233,30.39457459926018,41.51804230609706,68.03195171581267,,,False,,277.0,,2026-08-11,,full,"{""as_of"": ""2026-08-11"", ""listing_date"": null, ""reason_code"": ""valid_trading_sessions"", ""status"": ""full"", ""valid_trading_sessions"": 277}","[""l1.csv""]",[],68.5655,ranked,full,100.0,True,True,False
QCOM,QUALCOMM Incorporated - Common Stock,nasdaqtrader:Q:QCOM,common_equity,eligible,Q,,162.68,,3810717023.2487297,-11.577345363626467,-31.511809034648252,17.09493989779025,10.246679316888052,35.19241494701617,48.468110927021776,,,False,,277.0,,2026-08-11,,full,"{""as_of"": ""2026-08-11"", ""listing_date"": null, ""reason_code"": ""valid_trading_sessions"", ""status"": ""full"", ""valid_trading_sessions"": 277}","[""l1.csv""]",[],68.4872,ranked,full,100.0,True,True,False
CORZ,"Core Scientific, Inc. - Common Stock",nasdaqtrader:Q:CORZ,common_equity,eligible,Q,,19.76,,313958855.74650794,-12.989872302950234,-13.899782135076244,6.522911051212943,37.12699514226232,32.235939643347045,107.4118751726812,,,False,,277.0,,2026-08-11,,full,"{""as_of"": ""2026-08-11"", ""listing_date"": null, ""reason_code"": ""valid_trading_sessions"", ""status"": ""full"", ""valid_trading_sessions"": 277}","[""l1.csv""]",[],68.3815,ranked,full,100.0,True,True,False
ADBE,Adobe Inc. - Common Stock,nasdaqtrader:Q:ADBE,common_equity,eligible,Q,,263.71,,1478710020.7333333,14.353237066909475,7.133861466585412,-1.1952041963282145,-22.67702682891073,28.2343656452403,49.753353977473665,,,False,,277.0,,2026-08-11,,full,"{""as_of"": ""2026-08-11"", ""listing_date"": null, ""reason_code"": ""valid_trading_sessions"", ""status"": ""full"", ""valid_trading_sessions"": 277}","[""l1.csv""]",[],68.3479,ranked,full,100.0,True,True,False
MKSI,MKS Inc. - Common Stock,nasdaqtrader:Q:MKSI,common_equity,eligible,Q,,294.38,,471148204.2236508,-16.376445189330447,-7.92280504206937,17.47007182761373,196.24635201771156,33.81744604316547,89.21247121395342,,,False,,277.0,,2026-08-11,,full,"{""as_of"": ""2026-08-11"", ""listing_date"": null, ""reason_code"": ""valid_trading_sessions"", ""status"": ""full"", ""valid_trading_sessions"": 277}","[""l1.csv""]",[],68.3423,ranked,full,100.0,True,True,False
NOW,"ServiceNow, Inc. Common Stock",nasdaqtrader:N:NOW,common_equity,eligible,N,,127.54,,2941019360.03127,14.632392593924148,39.40321346595257,22.788100510253194,-26.91117478510028,33.65239556780939,57.4740141595895,,,False,,277.0,,2026-08-11,,full,"{""as_of"": ""2026-08-11"", ""listing_date"": null, ""reason_code"": ""valid_trading_sessions"", ""status"": ""full"", ""valid_trading_sessions"": 277}","[""l1.csv""]",[],68.3203,ranked,full,100.0,True,True,False
GLW,Corning Incorporated Common Stock,nasdaqtrader:N:GLW,common_equity,eligible,N,,159.19,,2713058328.9922223,-13.063186063022236,-23.24123631804812,21.158383438617868,142.04044397141553,37.74101450975791,93.9511023080124,,,False,,277.0,,2026-08-11,,full,"{""as_of"": ""2026-08-11"", ""listing_date"": null, ""reason_code"": ""valid_trading_sessions"", ""status"": ""full"", ""valid_trading_sessions"": 277}","[""l1.csv""]",[],68.3173,ranked,full,100.0,True,True,False
CIEN,Ciena Corporation Common Stock,nasdaqtrader:N:CIEN,common_equity,eligible,N,,387.53,,1253866354.6579366,-13.000628591954033,-33.353397423770794,33.77865230599282,307.6688407321691,38.192982456140356,78.98872906058433,,,False,,277.0,,2026-08-11,,full,"{""as_of"": ""2026-08-11"", ""listing_date"": null, ""reason_code"": ""valid_trading_sessions"", ""status"": ""full"", ""valid_trading_sessions"": 277}","[""l1.csv""]",[],68.2871,ranked,full,100.0,True,True,False
TEM,"Tempus AI, Inc. - Class A Common Stock",nasdaqtrader:Q:TEM,common_equity,eligible,Q,,55.69,,308290545.9728572,-0.4291078133381032,14.919521254642998,-2.5035014005602263,-8.509939214719896,46.062953995157386,74.95718805471417,,,False,,277.0,,2026-08-11,,full,"{""as_of"": ""2026-08-11"", ""listing_date"": null, ""reason_code"": ""valid_trading_sessions"", ""status"": ""full"", ""valid_trading_sessions"": 277}","[""l1.csv""]",[],68.2625,ranked,full,100.0,True,True,False
IBM,International Business Machines Corporation Common Stock,nasdaqtrader:N:IBM,common_equity,eligible,N,,238.42,,2843627094.415397,-17.851359266788414,6.651755759337941,-19.54511709522845,-1.5891360878358962,27.58254108070347,92.04066268544332,,,False,,277.0,,2026-08-11,,full,"{""as_of"": ""2026-08-11"", ""listing_date"": null, ""reason_code"": ""valid_trading_sessions"", ""status"": ""full"", ""valid_trading_sessions"": 277}","[""l1.csv""]",[],68.261,ranked,full,100.0,True,True,False
RDW,Redwire Corporation Common Stock,nasdaqtrader:N:RDW,common_equity,eligible,N,,13.51,,566427839.3377777,40.87591240875912,11.101973684210531,33.89494549058474,50.278086763070064,47.83783783783784,102.86288279282229,,,False,,277.0,,2026-08-11,,full,"{""as_of"": ""2026-08-11"", ""listing_date"": null, ""reason_code"": ""valid_trading_sessions"", ""status"": ""full"", ""valid_trading_sessions"": 277}","[""l1.csv""]",[],68.1441,ranked,full,100.0,True,True,False
VRSK,"Verisk Analytics, Inc. - Common Stock",nasdaqtrader:Q:VRSK,common_equity,eligible,Q,,180.97,,422199100.51531744,-6.584075364563169,7.355994542326627,1.5544332210998935,-31.71974041654091,33.71790645716587,41.53599116367046,,,False,,277.0,,2026-08-11,,full,"{""as_of"": ""2026-08-11"", ""listing_date"": null, ""reason_code"": ""valid_trading_sessions"", ""status"": ""full"", ""valid_trading_sessions"": 277}","[""l1.csv""]",[],68.0791,ranked,full,100.0,True,True,False
CRM,"Salesforce, Inc. Common Stock",nasdaqtrader:N:CRM,common_equity,eligible,N,,197.47,,2568166541.60381,15.331152902698285,11.256972223787255,1.7729217131371433,-17.895305808490292,25.8272921909627,45.763474971175214,,,False,,277.0,,2026-08-11,,full,"{""as_of"": ""2026-08-11"", ""listing_date"": null, ""reason_code"": ""valid_trading_sessions"", ""status"": ""full"", ""valid_trading_sessions"": 277}","[""l1.csv""]",[],68.027,ranked,full,100.0,True,True,False
ASTS,"AST SpaceMobile, Inc. - Class A Common Stock",nasdaqtrader:Q:ASTS,common_equity,eligible,Q,,71.63,,1793062176.2068255,5.992897306895517,-13.228346456692918,-29.85703094398747,53.61355350632637,46.17927718085506,98.68115440044097,,,False,,277.0,,2026-08-11,,full,"{""as_of"": ""2026-08-11"", ""listing_date"": null, ""reason_code"": ""valid_trading_sessions"", ""status"": ""full"", ""valid_trading_sessions"": 277}","[""l1.csv""]",[],68.0047,ranked,full,100.0,True,True,False
RKLB,Rocket Lab Corporation - Common Stock,nasdaqtrader:Q:RKLB,common_equity,eligible,Q,,80.01,,2556429732.7819047,4.274729571223768,-31.819343843204084,5.498417721519,79.03334079212354,46.741662783731606,88.92708073575074,,,False,,277.0,,2026-08-11,,full,"{""as_of"": ""2026-08-11"", ""listing_date"": null, ""reason_code"": ""valid_trading_sessions"", ""status"": ""full"", ""valid_trading_sessions"": 277}","[""l1.csv""]",[],67.9672,ranked,full,100.0,True,True,False
RIVN,"Rivian Automotive, Inc. - Class A Common Stock",nasdaqtrader:Q:RIVN,common_equity,eligible,Q,,16.36,,548682512.1675397,-5.488157134604277,16.193181818181813,11.368277739959165,38.76166242578456,27.12694877505568,86.76114021838536,,,False,,277.0,,2026-08-11,,full,"{""as_of"": ""2026-08-11"", ""listing_date"": null, ""reason_code"": ""valid_trading_sessions"", ""status"": ""full"", ""valid_trading_sessions"": 277}","[""l1.csv""]",[],67.9503,ranked,full,100.0,True,True,False
GFS,GlobalFoundries Inc. - Ordinary Share,nasdaqtrader:Q:GFS,common_equity,eligible,Q,,50.82,,327261723.40349203,-20.51923678448545,-32.23096412855047,16.760482481332573,57.38618767420254,43.50822587816807,68.93546344544339,,,False,,277.0,,2026-08-11,,full,"{""as_of"": ""2026-08-11"", ""listing_date"": null, ""reason_code"": ""valid_trading_sessions"", ""status"": ""full"", ""valid_trading_sessions"": 277}","[""l1.csv""]",[],67.9328,ranked,full,100.0,True,True,False
NOK,Nokia Corporation Sponsored American Depositary Shares,nasdaqtrader:N:NOK,adr,eligible,N,,9.44,,1348893879.4007936,-19.247219846022247,-32.18390804597702,31.47632311977715,130.24390243902442,43.97626112759645,70.01225520272294,,,False,,277.0,,2026-08-11,,full,"{""as_of"": ""2026-08-11"", ""listing_date"": null, ""reason_code"": ""valid_trading_sessions"", ""status"": ""full"", ""valid_trading_sessions"": 277}","[""l1.csv""]",[],67.9016,ranked,full,100.0,True,True,False
EL,"Estee Lauder Companies, Inc. (The) Common Stock",nasdaqtrader:N:EL,common_equity,eligible,N,,87.78,,264654166.6015873,8.170055452865066,6.078549848942605,-11.342288657711341,-3.208733046642409,26.61148733383496,29.30839696989097,,,False,,277.0,,2026-08-11,,full,"{""as_of"": ""2026-08-11"", ""listing_date"": null, ""reason_code"": ""valid_trading_sessions"", ""status"": ""full"", ""valid_trading_sessions"": 277}","[""l1.csv""]",[],67.8815,ranked,full,100.0,True,True,False
AEM,Agnico Eagle Mines Limited Common Stock,nasdaqtrader:N:AEM,common_equity,eligible,N,,181.75,,443471072.39634925,26.64622674378092,-7.666124771387928,-13.38638963019444,34.02403952510875,27.931321622586147,46.70259333650853,,,False,,277.0,,2026-08-11,,full,"{""as_of"": ""2026-08-11"", ""listing_date"": null, ""reason_code"": ""valid_trading_sessions"", ""status"": ""full"", ""valid_trading_sessions"": 277}","[""l1.csv""]",[],67.8075,ranked,full,100.0,True,True,False
MRNA,"Moderna, Inc. - Common Stock",nasdaqtrader:Q:MRNA,common_equity,eligible,Q,,60.57,,420150345.96928567,-9.610505894642596,14.542360060514369,44.38617401668652,131.89127105666154,25.953545232273832,74.79627675923516,,,False,,277.0,,2026-08-11,,full,"{""as_of"": ""2026-08-11"", ""listing_date"": null, ""reason_code"": ""valid_trading_sessions"", ""status"": ""full"", ""valid_trading_sessions"": 277}","[""l1.csv""]",[],67.7938,ranked,full,100.0,True,True,False
MOD,Modine Manufacturing Company Common Stock,nasdaqtrader:N:MOD,common_equity,eligible,N,,198.32,,394918641.0569841,-15.349154857435554,-30.36516853932585,-9.496645826678229,45.60939794419971,35.37749682296588,80.7587389795492,,,False,,277.0,,2026-08-11,,full,"{""as_of"": ""2026-08-11"", ""listing_date"": null, ""reason_code"": ""valid_trading_sessions"", ""status"": ""full"", ""valid_trading_sessions"": 277}","[""l1.csv""]",[],67.7248,ranked,full,100.0,True,True,False
AA,Alcoa Corporation Common Stock,nasdaqtrader:N:AA,common_equity,eligible,N,,54.08,,319765796.05460316,11.001642036124792,-17.2329354147536,-13.277742142398974,79.25091150149153,35.457691848669306,52.22458830004161,,,False,,277.0,,2026-08-11,,full,"{""as_of"": ""2026-08-11"", ""listing_date"": null, ""reason_code"": ""valid_trading_sessions"", ""status"": ""full"", ""valid_trading_sessions"": 277}","[""l1.csv""]",[],67.7195,ranked,full,100.0,True,True,False
TER,"Teradyne, Inc. - Common Stock",nasdaqtrader:Q:TER,common_equity,eligible,Q,,379.56,,1646676635.5790474,11.272023687373567,3.5238926467379583,22.434760169026813,253.17763096678144,21.55257936507936,99.42985312052569,,,False,,277.0,,2026-08-11,,full,"{""as_of"": ""2026-08-11"", ""listing_date"": null, ""reason_code"": ""valid_trading_sessions"", ""status"": ""full"", ""valid_trading_sessions"": 277}","[""l1.csv""]",[],67.707,ranked,full,100.0,True,True,False
NVMI,Nova Ltd. - Ordinary Shares,nasdaqtrader:Q:NVMI,common_equity,eligible,Q,,395.95,,253233406.65555555,-12.541691515914566,-24.725765669854184,-14.608898186288254,46.47996744478562,34.623957731363,67.13909273192121,,,False,,277.0,,2026-08-11,,full,"{""as_of"": ""2026-08-11"", ""listing_date"": null, ""reason_code"": ""valid_trading_sessions"", ""status"": ""full"", ""valid_trading_sessions"": 277}","[""l1.csv""]",[],67.6999,ranked,full,100.0,True,True,False
IONQ,"IonQ, Inc. Common Stock",nasdaqtrader:N:IONQ,common_equity,eligible,N,,43.44,,1327042249.4319048,11.728395061728381,-23.642116364914756,22.43517474633596,3.7992831541218575,47.08247045925204,84.9991170187574,,,False,,277.0,,2026-08-11,,full,"{""as_of"": ""2026-08-11"", ""listing_date"": null, ""reason_code"": ""valid_trading_sessions"", ""status"": ""full"", ""valid_trading_sessions"": 277}","[""l1.csv""]",[],67.6945,ranked,full,100.0,True,True,False
EFX,"Equifax, Inc. Common Stock",nasdaqtrader:N:EFX,common_equity,eligible,N,,181.96,,288389041.41793656,5.416835641040496,8.42569419616257,-8.833107871135827,-24.12326425086526,30.636983951511443,46.010848271707964,,,False,,277.0,,2026-08-11,,full,"{""as_of"": ""2026-08-11"", ""listing_date"": null, ""reason_code"": ""valid_trading_sessions"", ""status"": ""full"", ""valid_trading_sessions"": 277}","[""l1.csv""]",[],67.6683,ranked,full,100.0,True,True,False
CLS,"Celestica, Inc. Common Stock",nasdaqtrader:N:CLS,common_equity,eligible,N,,310.38,,850535008.06,-10.081696506170701,-18.53329483713484,-2.7662040662886467,49.46547240681885,34.29720575783234,91.81885087077679,,,False,,277.0,,2026-08-11,,full,"{""as_of"": ""2026-08-11"", ""listing_date"": null, ""reason_code"": ""valid_trading_sessions"", ""status"": ""full"", ""valid_trading_sessions"": 277}","[""l1.csv""]",[],67.6563,ranked,full,100.0,True,True,False
SOFI,"SoFi Technologies, Inc.  - Common Stock",nasdaqtrader:Q:SOFI,common_equity,eligible,Q,,17.98,,1343541047.1795237,-0.8273579702151035,10.5781057810578,-15.784543325526935,-18.642533936651585,44.178826451412604,60.21361233503518,,,False,,277.0,,2026-08-11,,full,"{""as_of"": ""2026-08-11"", ""listing_date"": null, ""reason_code"": ""valid_trading_sessions"", ""status"": ""full"", ""valid_trading_sessions"": 277}","[""l1.csv""]",[],67.6381,ranked,full,100.0,True,True,False
CAT,"Caterpillar, Inc. Common Stock",nasdaqtrader:N:CAT,common_equity,eligible,N,,843.37,,2964523667.654603,-9.45816827165663,-9.000960303844451,13.643346089581199,102.480072985691,20.802892290355913,44.54178909391257,,,False,,277.0,,2026-08-11,,full,"{""as_of"": ""2026-08-11"", ""listing_date"": null, ""reason_code"": ""valid_trading_sessions"", ""status"": ""full"", ""valid_trading_sessions"": 277}","[""l1.csv""]",[],67.6071,ranked,full,100.0,True,True,False
CRDO,Credo Technology Group Holding Ltd - Ordinary Shares,nasdaqtrader:Q:CRDO,common_equity,eligible,Q,,247.69,,1848798174.773889,4.5634920634920695,17.82418418799352,100.70496718256221,105.70550618719375,18.12442152584952,103.46639503109346,,,False,,277.0,,2026-08-11,,full,"{""as_of"": ""2026-08-11"", ""listing_date"": null, ""reason_code"": ""valid_trading_sessions"", ""status"": ""full"", ""valid_trading_sessions"": 277}","[""l1.csv""]",[],67.5311,ranked,full,100.0,True,True,False
AKAM,"Akamai Technologies, Inc. - Common Stock",nasdaqtrader:Q:AKAM,common_equity,eligible,Q,,116.67,,592846137.2935715,-6.76096859266363,-23.75008169400692,23.17356418918919,65.4189706507869,27.597120516321205,59.431961405076464,,,False,,277.0,,2026-08-11,,full,"{""as_of"": ""2026-08-11"", ""listing_date"": null, ""reason_code"": ""valid_trading_sessions"", ""status"": ""full"", ""valid_trading_sessions"": 277}","[""l1.csv""]",[],67.5129,ranked,full,100.0,True,True,False
ZS,"Zscaler, Inc. - Common Stock",nasdaqtrader:Q:ZS,common_equity,eligible,Q,,178.55,,634243217.6458731,25.89902693555213,19.93685766104656,4.9183217769420695,-33.79558390033185,46.902786451363475,47.42015324728124,,,False,,277.0,,2026-08-11,,full,"{""as_of"": ""2026-08-11"", ""listing_date"": null, ""reason_code"": ""valid_trading_sessions"", ""status"": ""full"", ""valid_trading_sessions"": 277}","[""l1.csv""]",[],67.4565,ranked,full,100.0,True,True,False
DY,"Dycom Industries, Inc. Common Stock",nasdaqtrader:N:DY,common_equity,eligible,N,,403.18,,254120239.02968255,-1.6897905440003913,-6.443903004988972,-2.91369678289346,44.4416580088131,24.667414050822124,62.344938776469625,,,False,,277.0,,2026-08-11,,full,"{""as_of"": ""2026-08-11"", ""listing_date"": null, ""reason_code"": ""valid_trading_sessions"", ""status"": ""full"", ""valid_trading_sessions"": 277}","[""l1.csv""]",[],67.3723,ranked,full,100.0,True,True,False
FSLR,"First Solar, Inc. - Common Stock",nasdaqtrader:Q:FSLR,common_equity,eligible,Q,,240.91,,620496007.8790476,8.994254173641592,3.275174690273075,8.45450862107775,30.46845383157324,24.30164964650432,49.464654645292484,,,False,,277.0,,2026-08-11,,full,"{""as_of"": ""2026-08-11"", ""listing_date"": null, ""reason_code"": ""valid_trading_sessions"", ""status"": ""full"", ""valid_trading_sessions"": 277}","[""l1.csv""]",[],67.3236,ranked,full,100.0,True,True,False
B,Barrick Mining Corporation Common Shares,nasdaqtrader:N:B,common_equity,eligible,N,,40.13,,443063855.4847619,11.658319421257657,-14.617021276595743,-13.939523911644859,71.27614169867694,24.254435636089077,47.36374338453908,,,False,,277.0,,2026-08-11,,full,"{""as_of"": ""2026-08-11"", ""listing_date"": null, ""reason_code"": ""valid_trading_sessions"", ""status"": ""full"", ""valid_trading_sessions"": 277}","[""l1.csv""]",[],67.3173,ranked,full,100.0,True,True,False
LYB,LyondellBasell Industries NV Ordinary Shares Class A (Netherlands),nasdaqtrader:N:LYB,common_equity,eligible,N,,63.98,,314818798.5966667,9.705075445816181,-12.98789609683123,15.341626104200468,30.411740725642055,22.335518329691674,36.24975378963124,,,False,,277.0,,2026-08-11,,full,"{""as_of"": ""2026-08-11"", ""listing_date"": null, ""reason_code"": ""valid_trading_sessions"", ""status"": ""full"", ""valid_trading_sessions"": 277}","[""l1.csv""]",[],67.3114,ranked,full,100.0,True,True,False
CDE,"Coeur Mining, Inc. Common Stock",nasdaqtrader:N:CDE,common_equity,eligible,N,,18.58,,571359279.1098412,19.178960872354068,-6.161616161616179,-19.322622666087717,59.4849785407725,31.565377532228368,75.66069722066425,,,False,,277.0,,2026-08-11,,full,"{""as_of"": ""2026-08-11"", ""listing_date"": null, ""reason_code"": ""valid_trading_sessions"", ""status"": ""full"", ""valid_trading_sessions"": 277}","[""l1.csv""]",[],67.2921,ranked,full,100.0,True,True,False
AU,AngloGold Ashanti PLC Ordinary Shares,nasdaqtrader:N:AU,common_equity,eligible,N,,97.44,,260978650.3752381,22.166499498495472,-10.06091932804135,-9.095997760985163,69.69696969696967,24.029315452986122,53.60475258791738,,,False,,277.0,,2026-08-11,,full,"{""as_of"": ""2026-08-11"", ""listing_date"": null, ""reason_code"": ""valid_trading_sessions"", ""status"": ""full"", ""valid_trading_sessions"": 277}","[""l1.csv""]",[],67.2872,ranked,full,100.0,True,True,False
SE,"Sea Limited American Depositary Shares, each representing one Class A Ordinary Share",nasdaqtrader:N:SE,adr,eligible,N,,131.51,,463024879.47301584,18.84149647569131,54.95463650288674,20.80654051074775,-10.90712011381344,33.07379134860051,55.76168434069818,,,False,,277.0,,2026-08-11,,full,"{""as_of"": ""2026-08-11"", ""listing_date"": null, ""reason_code"": ""valid_trading_sessions"", ""status"": ""full"", ""valid_trading_sessions"": 277}","[""l1.csv""]",[],67.2432,ranked,full,100.0,True,True,False
RMBS,"Rambus, Inc. - Common Stock",nasdaqtrader:Q:RMBS,common_equity,eligible,Q,,96.42,,356794260.784127,-6.488216467849872,-28.317597204668786,-13.072484673638662,32.335986824046124,43.501699285128325,79.06932501132198,,,False,,277.0,,2026-08-11,,full,"{""as_of"": ""2026-08-11"", ""listing_date"": null, ""reason_code"": ""valid_trading_sessions"", ""status"": ""full"", ""valid_trading_sessions"": 277}","[""l1.csv""]",[],67.1832,ranked,full,100.0,True,True,False
CHRW,"C.H. Robinson Worldwide, Inc. - Common Stock",nasdaqtrader:Q:CHRW,common_equity,eligible,Q,,145.1,,335421280.5159524,-26.157760814249365,-14.637016119543478,-27.562278468374025,24.250727864360332,30.713398911278766,66.94469293817002,,,False,,277.0,,2026-08-11,,full,"{""as_of"": ""2026-08-11"", ""listing_date"": null, ""reason_code"": ""valid_trading_sessions"", ""status"": ""full"", ""valid_trading_sessions"": 277}","[""l1.csv""]",[],67.1785,ranked,full,100.0,True,True,False
TSEM,Tower Semiconductor Ltd. - Ordinary Shares,nasdaqtrader:Q:TSEM,common_equity,eligible,Q,,249.58,,530337200.7020635,8.664228491814697,9.04404054526391,69.1723717210059,417.478747667427,21.230866340539688,107.11566128864929,,,False,,277.0,,2026-08-11,,full,"{""as_of"": ""2026-08-11"", ""listing_date"": null, ""reason_code"": ""valid_trading_sessions"", ""status"": ""full"", ""valid_trading_sessions"": 277}","[""l1.csv""]",[],67.1641,ranked,full,100.0,True,True,False
TTMI,"TTM Technologies, Inc. - Common Stock",nasdaqtrader:Q:TTMI,common_equity,eligible,Q,,130.74,,470992813.1055556,-4.1073786122927896,-19.78648996870973,33.43539497856707,188.73674911660777,40.96717388359596,99.66789074505074,,,False,,277.0,,2026-08-11,,full,"{""as_of"": ""2026-08-11"", ""listing_date"": null, ""reason_code"": ""valid_trading_sessions"", ""status"": ""full"", ""valid_trading_sessions"": 277}","[""l1.csv""]",[],67.1022,ranked,full,100.0,True,True,False
HD,"Home Depot, Inc. (The) Common Stock",nasdaqtrader:N:HD,common_equity,eligible,N,,354.48,,1544768043.2825398,5.152620806265018,13.834296724470141,-6.960629921259843,-8.603841691375536,16.281706107411075,26.770760259042962,,,False,,277.0,,2026-08-11,,full,"{""as_of"": ""2026-08-11"", ""listing_date"": null, ""reason_code"": ""valid_trading_sessions"", ""status"": ""full"", ""valid_trading_sessions"": 277}","[""l1.csv""]",[],67.0704,ranked,full,100.0,True,True,False
FN,Fabrinet Ordinary Shares,nasdaqtrader:N:FN,common_equity,eligible,N,,525.88,,544316853.9528571,10.795550311815273,-19.036842024232904,4.779931857578346,52.87653710863687,29.551087116695918,84.20143003410149,,,False,,277.0,,2026-08-11,,full,"{""as_of"": ""2026-08-11"", ""listing_date"": null, ""reason_code"": ""valid_trading_sessions"", ""status"": ""full"", ""valid_trading_sessions"": 277}","[""l1.csv""]",[],67.0235,ranked,full,100.0,True,True,False
ARES,Ares Management Corporation Class A Common Stock,nasdaqtrader:N:ARES,common_equity,eligible,N,,143.11,,301469073.5457143,18.81278538812787,14.846320520022482,4.2695810564663095,-24.05137186223,25.7574185515667,40.60073458219005,,,False,,277.0,,2026-08-11,,full,"{""as_of"": ""2026-08-11"", ""listing_date"": null, ""reason_code"": ""valid_trading_sessions"", ""status"": ""full"", ""valid_trading_sessions"": 277}","[""l1.csv""]",[],67.0177,ranked,full,100.0,True,True,False
RDDT,"Reddit, Inc. Class A Common Stock",nasdaqtrader:N:RDDT,common_equity,eligible,N,,156.19,,863847256.7974603,-22.266460956552038,-2.0813742085135645,10.194722731762361,-27.501856665428893,42.30357208821247,98.11993803942637,,,False,,277.0,,2026-08-11,,full,"{""as_of"": ""2026-08-11"", ""listing_date"": null, ""reason_code"": ""valid_trading_sessions"", ""status"": ""full"", ""valid_trading_sessions"": 277}","[""l1.csv""]",[],67.0131,ranked,full,100.0,True,True,False
KKR,KKR & Co. Inc. Common Stock,nasdaqtrader:N:KKR,common_equity,eligible,N,,110.97,,445508314.0311111,14.50830667629759,11.572491453850798,3.4299561934942657,-22.21910703020957,25.69304941743672,38.54062057400936,,,False,,277.0,,2026-08-11,,full,"{""as_of"": ""2026-08-11"", ""listing_date"": null, ""reason_code"": ""valid_trading_sessions"", ""status"": ""full"", ""valid_trading_sessions"": 277}","[""l1.csv""]",[],67.0091,ranked,full,100.0,True,True,False
ARM,Arm Holdings plc - American Depositary Shares,nasdaqtrader:Q:ARM,adr,eligible,Q,,268.93,,3031335194.6238093,-10.053847954781093,26.466023983070762,115.81735013241313,94.17328519855597,38.804441814954714,91.83640200863294,,,False,,277.0,,2026-08-11,,full,"{""as_of"": ""2026-08-11"", ""listing_date"": null, ""reason_code"": ""valid_trading_sessions"", ""status"": ""full"", ""valid_trading_sessions"": 277}","[""l1.csv""]",[],66.9964,ranked,full,100.0,True,True,False
FDX,FedEx Corporation Common Stock,nasdaqtrader:N:FDX,common_equity,eligible,N,,322.43,,617565412.2884127,2.7698093963154147,-14.903668514119817,-11.566099835436095,41.38566103924577,21.698479770751366,22.612119194697314,,,False,,277.0,,2026-08-11,,full,"{""as_of"": ""2026-08-11"", ""listing_date"": null, ""reason_code"": ""valid_trading_sessions"", ""status"": ""full"", ""valid_trading_sessions"": 277}","[""l1.csv""]",[],66.9765,ranked,full,100.0,True,True,False
MRVL,"Marvell Technology, Inc. - Common Stock",nasdaqtrader:Q:MRVL,common_equity,eligible,Q,,212.31,,10391084121.565159,-2.3996690111708685,24.274174666354487,157.81420765027323,174.51512800620637,32.90459185285846,97.46955719629557,,,False,,277.0,,2026-08-11,,full,"{""as_of"": ""2026-08-11"", ""listing_date"": null, ""reason_code"": ""valid_trading_sessions"", ""status"": ""full"", ""valid_trading_sessions"": 277}","[""l1.csv""]",[],66.9706,ranked,full,100.0,True,True,False
F,Ford Motor Company Common Stock,nasdaqtrader:N:F,common_equity,eligible,N,,13.98,,929283468.8209524,0.9386281588447787,16.01659751037343,2.8697571743929506,23.498233215547714,19.839449541284402,27.454271999003684,,,False,,277.0,,2026-08-11,,full,"{""as_of"": ""2026-08-11"", ""listing_date"": null, ""reason_code"": ""valid_trading_sessions"", ""status"": ""full"", ""valid_trading_sessions"": 277}","[""l1.csv""]",[],66.9599,ranked,full,100.0,True,True,False
AAL,"American Airlines Group, Inc. - Common Stock",nasdaqtrader:Q:AAL,common_equity,eligible,Q,,15.29,,1684394468.0776985,-6.253832004904969,19.546520719311957,2.00133422281521,31.58347676419966,15.75757575757576,54.650787396810315,,,False,,277.0,,2026-08-11,,full,"{""as_of"": ""2026-08-11"", ""listing_date"": null, ""reason_code"": ""valid_trading_sessions"", ""status"": ""full"", ""valid_trading_sessions"": 277}","[""l1.csv""]",[],66.9394,ranked,full,100.0,True,True,False
NBIS,Nebius Group N.V. - Class A Ordinary Shares,nasdaqtrader:Q:NBIS,common_equity,eligible,Q,,193.23,,4348661221.624921,-8.20863616930312,3.8312735088662064,108.04263565891472,180.93922651933698,32.59967211971119,154.144102098141,,,False,,277.0,,2026-08-11,,full,"{""as_of"": ""2026-08-11"", ""listing_date"": null, ""reason_code"": ""valid_trading_sessions"", ""status"": ""full"", ""valid_trading_sessions"": 277}","[""l1.csv""]",[],66.93,ranked,full,100.0,True,True,False
NOC,Northrop Grumman Corporation Common Stock,nasdaqtrader:N:NOC,common_equity,eligible,N,,575.69,,512830415.7257143,6.251153519619068,5.012677623538431,-17.525285808429548,-0.932697768064561,25.042316606338368,27.100105521309708,,,False,,277.0,,2026-08-11,,full,"{""as_of"": ""2026-08-11"", ""listing_date"": null, ""reason_code"": ""valid_trading_sessions"", ""status"": ""full"", ""valid_trading_sessions"": 277}","[""l1.csv""]",[],66.9223,ranked,full,100.0,True,True,False
MCHP,Microchip Technology Incorporated - Common Stock,nasdaqtrader:Q:MCHP,common_equity,eligible,Q,,81.02,,1044524180.7220634,-3.8109937077051015,-18.186408159143696,8.883214621690637,30.95199612089865,21.278663039253797,67.61177479421909,,,False,,277.0,,2026-08-11,,full,"{""as_of"": ""2026-08-11"", ""listing_date"": null, ""reason_code"": ""valid_trading_sessions"", ""status"": ""full"", ""valid_trading_sessions"": 277}","[""l1.csv""]",[],66.9205,ranked,full,100.0,True,True,False
CTSH,Cognizant Technology Solutions Corporation - Class A Common Stock,nasdaqtrader:Q:CTSH,common_equity,eligible,Q,,58.6,,537026846.9092064,32.69927536231884,18.984771573604053,-21.447721179624658,-15.78039666570853,32.41061130334487,52.05156598274478,,,False,,277.0,,2026-08-11,,full,"{""as_of"": ""2026-08-11"", ""listing_date"": null, ""reason_code"": ""valid_trading_sessions"", ""status"": ""full"", ""valid_trading_sessions"": 277}","[""l1.csv""]",[],66.9047,ranked,full,100.0,True,True,False
TXN,Texas Instruments Incorporated - Common Stock,nasdaqtrader:Q:TXN,common_equity,eligible,Q,,281.24,,2558777080.932857,-5.804333992028665,-5.548092423428264,28.555103533391236,50.218993697254575,15.360539304201271,40.30694033008658,,,False,,277.0,,2026-08-11,,full,"{""as_of"": ""2026-08-11"", ""listing_date"": null, ""reason_code"": ""valid_trading_sessions"", ""status"": ""full"", ""valid_trading_sessions"": 277}","[""l1.csv""]",[],66.8401,ranked,full,100.0,True,True,False
PTON,"Peloton Interactive, Inc. - Common Stock",nasdaqtrader:Q:PTON,common_equity,eligible,Q,,5.6,,67144556.41087301,-7.8947368421052655,5.461393596986808,27.27272727272725,-28.57142857142857,37.77777777777778,64.42262821105405,,,False,,277.0,,2026-08-11,,full,"{""as_of"": ""2026-08-11"", ""listing_date"": null, ""reason_code"": ""valid_trading_sessions"", ""status"": ""full"", ""valid_trading_sessions"": 277}","[""l1.csv""]",[],66.8148,ranked,full,100.0,True,True,False
AEO,"American Eagle Outfitters, Inc. Common Stock",nasdaqtrader:N:AEO,common_equity,eligible,N,,17.36,,87216949.51,8.296943231441034,11.855670103092786,-26.315789473684205,39.54983922829582,38.41787868038312,46.14175343476074,,,False,,277.0,,2026-08-11,,full,"{""as_of"": ""2026-08-11"", ""listing_date"": null, ""reason_code"": ""valid_trading_sessions"", ""status"": ""full"", ""valid_trading_sessions"": 277}","[""l1.csv""]",[],66.7721,ranked,full,100.0,True,True,False
MPWR,"Monolithic Power Systems, Inc. - Common Stock",nasdaqtrader:Q:MPWR,common_equity,eligible,Q,,1402.11,,1344980256.6409523,8.57454815778469,-15.591475528264409,16.24384420235785,74.32891121361698,17.029510796560732,60.448944753135194,,,False,,277.0,,2026-08-11,,full,"{""as_of"": ""2026-08-11"", ""listing_date"": null, ""reason_code"": ""valid_trading_sessions"", ""status"": ""full"", ""valid_trading_sessions"": 277}","[""l1.csv""]",[],66.7574,ranked,full,100.0,True,True,False
STRL,"Sterling Infrastructure, Inc. - Common Stock",nasdaqtrader:Q:STRL,common_equity,eligible,Q,,532.76,,596177631.2021428,-19.28367977698321,-38.63484530857656,27.268818231767035,76.00845749776998,46.38839132972408,101.57345968511513,,,False,,277.0,,2026-08-11,,full,"{""as_of"": ""2026-08-11"", ""listing_date"": null, ""reason_code"": ""valid_trading_sessions"", ""status"": ""full"", ""valid_trading_sessions"": 277}","[""l1.csv""]",[],66.7408,ranked,full,100.0,True,True,False
BIDU,"Baidu, Inc. - American Depositary Shares, each representing 8 ordinary share",nasdaqtrader:Q:BIDU,adr,eligible,Q,,105.94,,290925591.6204762,-6.570244289619898,-27.328851694333935,-27.917262026263867,21.268315018315008,34.8141767167118,36.81813754627751,,,False,,277.0,,2026-08-11,,full,"{""as_of"": ""2026-08-11"", ""listing_date"": null, ""reason_code"": ""valid_trading_sessions"", ""status"": ""full"", ""valid_trading_sessions"": 277}","[""l1.csv""]",[],66.7252,ranked,full,100.0,True,True,False
DPZ,Domino's Pizza Inc - Common Stock,nasdaqtrader:Q:DPZ,common_equity,eligible,Q,,357.34,,291327990.79079366,15.32677101823461,14.085945980461002,-8.879028967768265,-18.79374602308882,23.53092231970897,37.51137036201395,,,False,,277.0,,2026-08-11,,full,"{""as_of"": ""2026-08-11"", ""listing_date"": null, ""reason_code"": ""valid_trading_sessions"", ""status"": ""full"", ""valid_trading_sessions"": 277}","[""l1.csv""]",[],66.7208,ranked,full,100.0,True,True,False
IDXX,"IDEXX Laboratories, Inc. - Common Stock",nasdaqtrader:Q:IDXX,common_equity,eligible,Q,,586.64,,371259676.445,3.975470126371383,10.270676691729319,-8.307413370012029,-10.8531136978391,23.483069859654616,31.281921572302586,,,False,,277.0,,2026-08-11,,full,"{""as_of"": ""2026-08-11"", ""listing_date"": null, ""reason_code"": ""valid_trading_sessions"", ""status"": ""full"", ""valid_trading_sessions"": 277}","[""l1.csv""]",[],66.7144,ranked,full,100.0,True,True,False
ULTA,"Ulta Beauty, Inc. - Common Stock",nasdaqtrader:Q:ULTA,common_equity,eligible,Q,,541.35,,362168120.6375397,14.370523736082653,5.736552209070678,-22.24775583482944,8.658999217197572,23.410486403893493,29.484066209491434,,,False,,277.0,,2026-08-11,,full,"{""as_of"": ""2026-08-11"", ""listing_date"": null, ""reason_code"": ""valid_trading_sessions"", ""status"": ""full"", ""valid_trading_sessions"": 277}","[""l1.csv""]",[],66.7047,ranked,full,100.0,True,True,False
CDNS,"Cadence Design Systems, Inc. - Common Stock",nasdaqtrader:Q:CDNS,common_equity,eligible,Q,,327.53,,871097841.3253968,-13.333509737510596,-10.06864360241626,12.553264604810987,-6.967562347327172,21.340570138572012,40.780690276951304,,,False,,277.0,,2026-08-11,,full,"{""as_of"": ""2026-08-11"", ""listing_date"": null, ""reason_code"": ""valid_trading_sessions"", ""status"": ""full"", ""valid_trading_sessions"": 277}","[""l1.csv""]",[],66.6787,ranked,full,100.0,True,True,False
TSCO,Tractor Supply Company - Common Stock,nasdaqtrader:Q:TSCO,common_equity,eligible,Q,,35.29,,388138311.28126985,16.699735449735442,16.661157024793383,-34.38081071030123,-40.44886938913264,43.671189146049485,34.05016390351891,,,False,,277.0,,2026-08-11,,full,"{""as_of"": ""2026-08-11"", ""listing_date"": null, ""reason_code"": ""valid_trading_sessions"", ""status"": ""full"", ""valid_trading_sessions"": 277}","[""l1.csv""]",[],66.6719,ranked,full,100.0,True,True,False
DG,Dollar General Corporation Common Stock,nasdaqtrader:N:DG,common_equity,eligible,N,,120.07,,359696112.3295238,-2.7300712896954016,14.756761922966643,-18.524801519983725,3.2238651994497936,23.15028161802356,35.998438546819216,,,False,,277.0,,2026-08-11,,full,"{""as_of"": ""2026-08-11"", ""listing_date"": null, ""reason_code"": ""valid_trading_sessions"", ""status"": ""full"", ""valid_trading_sessions"": 277}","[""l1.csv""]",[],66.67,ranked,full,100.0,True,True,False
NCLH,Norwegian Cruise Line Holdings Ltd. Ordinary Shares,nasdaqtrader:N:NCLH,common_equity,eligible,N,,18.7,,345571279.3015873,-4.737646459500766,12.78648974668275,-18.16192560175055,-22.083333333333332,30.586488492947296,55.67667137110374,,,False,,277.0,,2026-08-11,,full,"{""as_of"": ""2026-08-11"", ""listing_date"": null, ""reason_code"": ""valid_trading_sessions"", ""status"": ""full"", ""valid_trading_sessions"": 277}","[""l1.csv""]",[],66.6615,ranked,full,100.0,True,True,False
PBR,Petroleo Brasileiro S.A. Petrobras ADS,nasdaqtrader:N:PBR,adr,eligible,N,,17.93,,281870447.71984124,0.2796420581655523,-13.590361445783138,17.41977734119189,47.93729372937294,18.610985020426696,32.37367242147211,,,False,,277.0,,2026-08-11,,full,"{""as_of"": ""2026-08-11"", ""listing_date"": null, ""reason_code"": ""valid_trading_sessions"", ""status"": ""full"", ""valid_trading_sessions"": 277}","[""l1.csv""]",[],66.6527,ranked,full,100.0,True,True,False
ADSK,"Autodesk, Inc. - Common Stock",nasdaqtrader:Q:ADSK,common_equity,eligible,Q,,251.59,,575866452.4707936,18.551503157101124,6.574321175922404,3.7356203356285755,-13.447777624879597,23.011720064873476,42.17522264210258,,,False,,277.0,,2026-08-11,,full,"{""as_of"": ""2026-08-11"", ""listing_date"": null, ""reason_code"": ""valid_trading_sessions"", ""status"": ""full"", ""valid_trading_sessions"": 277}","[""l1.csv""]",[],66.6516,ranked,full,100.0,True,True,False
CHTR,"Charter Communications, Inc. - Class A Common Stock",nasdaqtrader:Q:CHTR,common_equity,eligible,Q,,157.69,,460664332.18142855,20.035015604780384,6.698694092969748,-33.81322140608604,-38.539190084577314,44.227912569852165,45.341710716676644,,,False,,277.0,,2026-08-11,,full,"{""as_of"": ""2026-08-11"", ""listing_date"": null, ""reason_code"": ""valid_trading_sessions"", ""status"": ""full"", ""valid_trading_sessions"": 277}","[""l1.csv""]",[],66.6348,ranked,full,100.0,True,True,False
PATH,"UiPath, Inc. Class A Common Stock",nasdaqtrader:N:PATH,common_equity,eligible,N,,15.72,,730170158.5877777,32.65822784810128,47.467166979362105,20.923076923076934,47.467166979362105,18.506998444790035,62.241312927332814,,,False,,277.0,,2026-08-11,,full,"{""as_of"": ""2026-08-11"", ""listing_date"": null, ""reason_code"": ""valid_trading_sessions"", ""status"": ""full"", ""valid_trading_sessions"": 277}","[""l1.csv""]",[],66.6267,ranked,full,100.0,True,True,False
MTZ,"MasTec, Inc. Common Stock",nasdaqtrader:N:MTZ,common_equity,eligible,N,,272.65,,463217652.20809525,-24.308042530745954,-35.29439684837554,4.021212468047741,50.38610038610037,37.681424424584584,92.26170560362138,,,False,,277.0,,2026-08-11,,full,"{""as_of"": ""2026-08-11"", ""listing_date"": null, ""reason_code"": ""valid_trading_sessions"", ""status"": ""full"", ""valid_trading_sessions"": 277}","[""l1.csv""]",[],66.5712,ranked,full,100.0,True,True,False
TRI,Thomson Reuters Corp - Common Shares,nasdaqtrader:Q:TRI,common_equity,eligible,Q,,104.84,,194869683.5309524,11.188885353696044,17.507285362026458,15.577113879395888,-42.64142685195317,42.259183785867705,66.89200111836954,,,False,,277.0,,2026-08-11,,full,"{""as_of"": ""2026-08-11"", ""listing_date"": null, ""reason_code"": ""valid_trading_sessions"", ""status"": ""full"", ""valid_trading_sessions"": 277}","[""l1.csv""]",[],66.5161,ranked,full,100.0,True,True,False
ALGM,"Allegro MicroSystems, Inc. - Common Stock",nasdaqtrader:Q:ALGM,common_equity,eligible,Q,,42.52,,147569316.47015876,-16.38973552256414,-12.130605497003511,1.2622052869730949,38.186545336366606,38.9255960930767,82.28752190767571,,,False,,277.0,,2026-08-11,,full,"{""as_of"": ""2026-08-11"", ""listing_date"": null, ""reason_code"": ""valid_trading_sessions"", ""status"": ""full"", ""valid_trading_sessions"": 277}","[""l1.csv""]",[],66.4883,ranked,full,100.0,True,True,False
ELF,"e.l.f. Beauty, Inc. Common Stock",nasdaqtrader:N:ELF,common_equity,eligible,N,,94.99,,239592111.6631746,26.484687083888158,72.11451349882225,27.57185065807146,-6.662081163407684,35.23556282811754,59.650166736273455,,,False,,277.0,,2026-08-11,,full,"{""as_of"": ""2026-08-11"", ""listing_date"": null, ""reason_code"": ""valid_trading_sessions"", ""status"": ""full"", ""valid_trading_sessions"": 277}","[""l1.csv""]",[],66.4843,ranked,full,100.0,True,True,False
GEV,GE Vernova Inc. Common Stock,nasdaqtrader:N:GEV,common_equity,eligible,N,,1011.88,,2899373252.3953967,-2.946479953961245,-5.70320945316285,26.241984180452626,55.892095086967906,13.872291166607075,59.13772154964533,,,False,,277.0,,2026-08-11,,full,"{""as_of"": ""2026-08-11"", ""listing_date"": null, ""reason_code"": ""valid_trading_sessions"", ""status"": ""full"", ""valid_trading_sessions"": 277}","[""l1.csv""]",[],66.4681,ranked,full,100.0,True,True,False
DOW,Dow Inc. Common Stock,nasdaqtrader:N:DOW,common_equity,eligible,N,,31.26,,362671406.96825397,2.9305235429700316,-19.34984520123838,-2.5561097256857734,47.31385485391142,25.340339144972525,39.94344039372037,,,False,,277.0,,2026-08-11,,full,"{""as_of"": ""2026-08-11"", ""listing_date"": null, ""reason_code"": ""valid_trading_sessions"", ""status"": ""full"", ""valid_trading_sessions"": 277}","[""l1.csv""]",[],66.462,ranked,full,100.0,True,True,False
WDAY,"Workday, Inc. - Class A Common Stock",nasdaqtrader:Q:WDAY,common_equity,eligible,Q,,181.27,,694295852.6130953,25.125975012079806,49.291714709273606,17.281314699792972,-18.372585220876292,26.81577778674956,62.43147950172928,,,False,,277.0,,2026-08-11,,full,"{""as_of"": ""2026-08-11"", ""listing_date"": null, ""reason_code"": ""valid_trading_sessions"", ""status"": ""full"", ""valid_trading_sessions"": 277}","[""l1.csv""]",[],66.4088,ranked,full,100.0,True,True,False
MTSI,"MACOM Technology Solutions Holdings, Inc. - Common Stock",nasdaqtrader:Q:MTSI,common_equity,eligible,Q,,299.93,,575024644.751746,1.933795541054928,-18.025035530775114,27.250742469240574,147.99900777244918,26.78920132786565,83.11815040807844,,,False,,277.0,,2026-08-11,,full,"{""as_of"": ""2026-08-11"", ""listing_date"": null, ""reason_code"": ""valid_trading_sessions"", ""status"": ""full"", ""valid_trading_sessions"": 277}","[""l1.csv""]",[],66.4052,ranked,full,100.0,True,True,False
GOOGL,Alphabet Inc. - Class A Common Stock,nasdaqtrader:Q:GOOGL,common_equity,eligible,Q,,343.8,,11915630297.318413,-2.4708518907265,-11.537669822972408,6.00641341884558,70.6881143878463,14.60930902588048,44.057872343418666,,,False,,277.0,,2026-08-11,,full,"{""as_of"": ""2026-08-11"", ""listing_date"": null, ""reason_code"": ""valid_trading_sessions"", ""status"": ""full"", ""valid_trading_sessions"": 277}","[""l1.csv""]",[],66.4023,ranked,full,100.0,True,True,False
TPL,Texas Pacific Land Corporation Common Stock,nasdaqtrader:N:TPL,common_equity,eligible,N,,364.97,,157690231.90412697,-10.747823535165802,-9.353500732682607,-2.547328509252078,27.003514632703496,32.38666888975341,46.55135167078034,,,False,,277.0,,2026-08-11,,full,"{""as_of"": ""2026-08-11"", ""listing_date"": null, ""reason_code"": ""valid_trading_sessions"", ""status"": ""full"", ""valid_trading_sessions"": 277}","[""l1.csv""]",[],66.4016,ranked,full,100.0,True,True,False
AVGO,Broadcom Inc. - Common Stock,nasdaqtrader:Q:AVGO,common_equity,eligible,Q,,416.08,,10330795410.01238,8.340059888035412,-2.882617930583764,20.974588591033317,36.43309177951928,13.599269057457896,42.25521482145191,,,False,,277.0,,2026-08-11,,full,"{""as_of"": ""2026-08-11"", ""listing_date"": null, ""reason_code"": ""valid_trading_sessions"", ""status"": ""full"", ""valid_trading_sessions"": 277}","[""l1.csv""]",[],66.3998,ranked,full,100.0,True,True,False
PLTR,Palantir Technologies Inc. - Class A Common Stock,nasdaqtrader:Q:PLTR,common_equity,eligible,Q,,174.94,,5981742388.819285,34.52783758843434,27.79604061655345,22.41270729829963,-6.429182712879767,15.561347620426691,91.19804773301651,,,False,,277.0,,2026-08-11,,full,"{""as_of"": ""2026-08-11"", ""listing_date"": null, ""reason_code"": ""valid_trading_sessions"", ""status"": ""full"", ""valid_trading_sessions"": 277}","[""l1.csv""]",[],66.3903,ranked,full,100.0,True,True,False
MYRG,"MYR Group, Inc. - Common Stock",nasdaqtrader:Q:MYRG,common_equity,eligible,Q,,329.94,,124104826.74952382,-19.896088761562545,-28.026700405741465,22.114067878159815,78.29775736287488,34.160796599684716,51.98278082202107,,,False,,277.0,,2026-08-11,,full,"{""as_of"": ""2026-08-11"", ""listing_date"": null, ""reason_code"": ""valid_trading_sessions"", ""status"": ""full"", ""valid_trading_sessions"": 277}","[""l1.csv""]",[],66.3881,ranked,full,100.0,True,True,False
ADI,"Analog Devices, Inc. - Common Stock",nasdaqtrader:Q:ADI,common_equity,eligible,Q,,385.3,,1910644691.342381,-0.18393305872904664,-8.854351477302302,19.29900609963773,72.04733199374861,13.509023974140256,35.31979758054245,,,False,,277.0,,2026-08-11,,full,"{""as_of"": ""2026-08-11"", ""listing_date"": null, ""reason_code"": ""valid_trading_sessions"", ""status"": ""full"", ""valid_trading_sessions"": 277}","[""l1.csv""]",[],66.3773,ranked,full,100.0,True,True,False
GEHC,GE HealthCare Technologies Inc. - Common Stock,nasdaqtrader:Q:GEHC,common_equity,eligible,Q,,72.75,,329811951.93595237,11.391823610473129,17.909238249594807,-8.004552352048556,1.041666666666674,17.47958257713248,48.2197941367919,,,False,,277.0,,2026-08-11,,full,"{""as_of"": ""2026-08-11"", ""listing_date"": null, ""reason_code"": ""valid_trading_sessions"", ""status"": ""full"", ""valid_trading_sessions"": 277}","[""l1.csv""]",[],66.3699,ranked,full,100.0,True,True,False
ACMR,"ACM Research, Inc. - Class A Common Stock",nasdaqtrader:Q:ACMR,common_equity,eligible,Q,,79.92,,142298071.61246032,-15.051020408163263,23.581258698005247,27.586206896551737,233.8345864661654,37.01631334226495,120.48603238962572,,,False,,277.0,,2026-08-11,,full,"{""as_of"": ""2026-08-11"", ""listing_date"": null, ""reason_code"": ""valid_trading_sessions"", ""status"": ""full"", ""valid_trading_sessions"": 277}","[""l1.csv""]",[],66.3656,ranked,full,100.0,True,True,False
SEZL,Sezzle Inc. - Common Stock,nasdaqtrader:Q:SEZL,common_equity,eligible,Q,,128.27,,101019958.61571428,-19.9563182527301,26.87438180019783,90.00148126203527,40.17047317233089,31.970299655263858,145.43498738637143,,,False,,277.0,,2026-08-11,,full,"{""as_of"": ""2026-08-11"", ""listing_date"": null, ""reason_code"": ""valid_trading_sessions"", ""status"": ""full"", ""valid_trading_sessions"": 277}","[""l1.csv""]",[],66.346,ranked,full,100.0,True,True,False
WWD,"Woodward, Inc. - Common Stock",nasdaqtrader:Q:WWD,common_equity,eligible,Q,,356.58,,294708084.26984125,-10.165520368830784,-3.6920999324780546,-9.216355211568816,43.52183537935199,18.298047841627717,39.0623533011141,,,False,,277.0,,2026-08-11,,full,"{""as_of"": ""2026-08-11"", ""listing_date"": null, ""reason_code"": ""valid_trading_sessions"", ""status"": ""full"", ""valid_trading_sessions"": 277}","[""l1.csv""]",[],66.3245,ranked,full,100.0,True,True,False
ROP,"Roper Technologies, Inc. - Common Stock",nasdaqtrader:Q:ROP,common_equity,eligible,Q,,399.5,,369580709.56714284,10.790648659141965,21.502433090024333,13.587899121435276,-25.24046558628691,26.08969140827351,41.422452234199355,,,False,,277.0,,2026-08-11,,full,"{""as_of"": ""2026-08-11"", ""listing_date"": null, ""reason_code"": ""valid_trading_sessions"", ""status"": ""full"", ""valid_trading_sessions"": 277}","[""l1.csv""]",[],66.312,ranked,full,100.0,True,True,False
WYFI,"WhiteFiber, Inc. - Ordinary Shares",nasdaqtrader:Q:WYFI,common_equity,eligible,Q,,24.22,,76084436.38777778,-33.259851198677325,-10.229799851742039,22.015113350125937,58.300653594771234,45.90127317400046,141.04506957041804,,,False,,254.0,,2026-08-11,,full,"{""as_of"": ""2026-08-11"", ""listing_date"": null, ""reason_code"": ""valid_trading_sessions"", ""status"": ""full"", ""valid_trading_sessions"": 254}","[""l1.csv""]",[],66.2732,ranked,full,100.0,True,True,False
GOOG,Alphabet Inc. - Class C Capital Stock,nasdaqtrader:Q:GOOG,common_equity,eligible,Q,,343.0,,8030486356.696032,-2.1872415661448152,-11.316803268092146,5.733662145499396,69.72635954277797,14.043704891740184,43.43177332194036,,,False,,277.0,,2026-08-11,,full,"{""as_of"": ""2026-08-11"", ""listing_date"": null, ""reason_code"": ""valid_trading_sessions"", ""status"": ""full"", ""valid_trading_sessions"": 277}","[""l1.csv""]",[],66.2609,ranked,full,100.0,True,True,False
KRMN,Karman Holdings Inc. Common Stock,nasdaqtrader:N:KRMN,common_equity,eligible,N,,61.94,,191442717.40904763,37.247950365610436,5.304318259095542,-36.452241715399616,35.29925731760593,46.27461184838234,75.96336878424336,,,False,,277.0,,2026-08-11,,full,"{""as_of"": ""2026-08-11"", ""listing_date"": null, ""reason_code"": ""valid_trading_sessions"", ""status"": ""full"", ""valid_trading_sessions"": 277}","[""l1.csv""]",[],66.2484,ranked,full,100.0,True,True,False
BR,"Broadridge Financial Solutions, Inc. Common Stock",nasdaqtrader:N:BR,common_equity,eligible,N,,170.73,,218798052.78047618,13.036281779661007,14.484007242003628,-5.700082850041433,-35.80130856584193,35.19945344821044,38.47686909047597,,,False,,277.0,,2026-08-11,,full,"{""as_of"": ""2026-08-11"", ""listing_date"": null, ""reason_code"": ""valid_trading_sessions"", ""status"": ""full"", ""valid_trading_sessions"": 277}","[""l1.csv""]",[],66.2367,ranked,full,100.0,True,True,False
LUV,Southwest Airlines Company Common Stock,nasdaqtrader:N:LUV,common_equity,eligible,N,,45.52,,281780955.0619048,-5.008347245409017,13.828457114278581,-14.692653673163413,53.6799459824443,16.93430656934306,40.14885997158259,,,False,,277.0,,2026-08-11,,full,"{""as_of"": ""2026-08-11"", ""listing_date"": null, ""reason_code"": ""valid_trading_sessions"", ""status"": ""full"", ""valid_trading_sessions"": 277}","[""l1.csv""]",[],66.2336,ranked,full,100.0,True,True,False
AFRM,"Affirm Holdings, Inc. - Class A Common Stock",nasdaqtrader:Q:AFRM,common_equity,eligible,Q,,76.705,,306585800.9224603,-6.377395337483227,15.432656132430388,32.364106988783426,6.0486658371353474,16.787806465610768,42.6123243024227,,,False,,277.0,,2026-08-11,,full,"{""as_of"": ""2026-08-11"", ""listing_date"": null, ""reason_code"": ""valid_trading_sessions"", ""status"": ""full"", ""valid_trading_sessions"": 277}","[""l1.csv""]",[],66.197,ranked,full,100.0,True,True,False
BSY,"Bentley Systems, Incorporated - Class B Common Stock",nasdaqtrader:Q:BSY,common_equity,eligible,Q,,36.25,,100730423.01603176,14.173228346456689,11.060049019607842,5.255516840882701,-32.23032342493924,36.16833949639021,46.49423446699414,,,False,,277.0,,2026-08-11,,full,"{""as_of"": ""2026-08-11"", ""listing_date"": null, ""reason_code"": ""valid_trading_sessions"", ""status"": ""full"", ""valid_trading_sessions"": 277}","[""l1.csv""]",[],66.1721,ranked,full,100.0,True,True,False
DASH,"DoorDash, Inc. - Common Stock",nasdaqtrader:Q:DASH,common_equity,eligible,Q,,212.0,,830755407.3453969,11.832040934747056,34.74861755545666,13.83161512027491,-18.206720938307807,24.753318662596723,43.58797257881956,,,False,,277.0,,2026-08-11,,full,"{""as_of"": ""2026-08-11"", ""listing_date"": null, ""reason_code"": ""valid_trading_sessions"", ""status"": ""full"", ""valid_trading_sessions"": 277}","[""l1.csv""]",[],66.1338,ranked,full,100.0,True,True,False
KMB,Kimberly-Clark Corporation - Common Stock,nasdaqtrader:Q:KMB,common_equity,eligible,Q,,108.57,,461532567.86603177,-1.4612452350698968,13.389033942558747,3.696275071633237,-20.26292596944771,19.46443142200134,29.91827518192618,,,False,,277.0,,2026-08-11,,full,"{""as_of"": ""2026-08-11"", ""listing_date"": null, ""reason_code"": ""valid_trading_sessions"", ""status"": ""full"", ""valid_trading_sessions"": 277}","[""l1.csv""]",[],66.1161,ranked,full,100.0,True,True,False
KLIC,"Kulicke and Soffa Industries, Inc. - Common Stock",nasdaqtrader:Q:KLIC,common_equity,eligible,Q,,91.02,,117409482.48849206,-14.527185651234852,-12.715765247410825,24.82172243554579,156.97346132128737,31.978178013601376,82.32973982059956,,,False,,277.0,,2026-08-11,,full,"{""as_of"": ""2026-08-11"", ""listing_date"": null, ""reason_code"": ""valid_trading_sessions"", ""status"": ""full"", ""valid_trading_sessions"": 277}","[""l1.csv""]",[],66.0971,ranked,full,100.0,True,True,False
UL,Unilever PLC American Depositary Shares (each representing One Ordinary Share),nasdaqtrader:N:UL,adr,eligible,N,,62.37,,257688247.91428572,1.4476252439817872,8.962264150943389,-12.598094170403595,-9.200757024312123,16.382893149215715,34.15453792759536,,,False,,277.0,,2026-08-11,,full,"{""as_of"": ""2026-08-11"", ""listing_date"": null, ""reason_code"": ""valid_trading_sessions"", ""status"": ""full"", ""valid_trading_sessions"": 277}","[""l1.csv""]",[],66.0957,ranked,full,100.0,True,True,False
NICE,NICE Ltd - American Depositary Shares each representing one Ordinary Share,nasdaqtrader:Q:NICE,adr,eligible,Q,,101.52,,63960585.14150794,-1.8940858136838101,11.084363715942658,-8.844392565322801,-31.709942149872195,33.83733055265902,53.694778894859716,,,False,,277.0,,2026-08-11,,full,"{""as_of"": ""2026-08-11"", ""listing_date"": null, ""reason_code"": ""valid_trading_sessions"", ""status"": ""full"", ""valid_trading_sessions"": 277}","[""l1.csv""]",[],66.095,ranked,full,100.0,True,True,False
ENTG,"Entegris, Inc. - Common Stock",nasdaqtrader:Q:ENTG,common_equity,eligible,Q,,150.21,,462400199.7310318,10.229691054524114,0.7106939322829353,22.730615246343653,105.37325676784248,18.3641304347826,93.67451311985874,,,False,,277.0,,2026-08-11,,full,"{""as_of"": ""2026-08-11"", ""listing_date"": null, ""reason_code"": ""valid_trading_sessions"", ""status"": ""full"", ""valid_trading_sessions"": 277}","[""l1.csv""]",[],66.091,ranked,full,100.0,True,True,False
DAVE,Dave Inc.  - Class A Common Stock,nasdaqtrader:Q:DAVE,common_equity,eligible,Q,,310.0,,186521718.57968256,-20.423041380018482,24.288348969609498,67.35949900124172,69.38039558518194,29.948252095903094,81.65290076478365,,,False,,277.0,,2026-08-11,,full,"{""as_of"": ""2026-08-11"", ""listing_date"": null, ""reason_code"": ""valid_trading_sessions"", ""status"": ""full"", ""valid_trading_sessions"": 277}","[""l1.csv""]",[],66.0764,ranked,full,100.0,True,True,False
PI,"Impinj, Inc. - Common Stock",nasdaqtrader:Q:PI,common_equity,eligible,Q,,174.14,,63218529.032222226,19.257635940282135,13.269155717445024,55.82997762863533,13.276523775450455,28.014550866024557,60.074871712447276,,,False,,277.0,,2026-08-11,,full,"{""as_of"": ""2026-08-11"", ""listing_date"": null, ""reason_code"": ""valid_trading_sessions"", ""status"": ""full"", ""valid_trading_sessions"": 277}","[""l1.csv""]",[],66.0686,ranked,full,100.0,True,True,False
SIMO,"Silicon Motion Technology Corporation - American Depositary Shares, each representing four ordinary shares",nasdaqtrader:Q:SIMO,adr,eligible,Q,,224.0,,289208099.660873,-25.21117825782111,-14.520129746231635,62.84987277353689,193.2704896569783,33.51142772336004,110.9603464321446,,,False,,277.0,,2026-08-11,,full,"{""as_of"": ""2026-08-11"", ""listing_date"": null, ""reason_code"": ""valid_trading_sessions"", ""status"": ""full"", ""valid_trading_sessions"": 277}","[""l1.csv""]",[],66.0515,ranked,full,100.0,True,True,False
BKSY,BlackSky Technology Inc. Class A Common Stock,nasdaqtrader:N:BKSY,common_equity,eligible,N,,29.89,,62253607.19365079,14.652857690832377,-27.767037216046397,20.96317280453257,74.89760093622002,42.107301956227005,79.5646484130348,,,False,,277.0,,2026-08-11,,full,"{""as_of"": ""2026-08-11"", ""listing_date"": null, ""reason_code"": ""valid_trading_sessions"", ""status"": ""full"", ""valid_trading_sessions"": 277}","[""l1.csv""]",[],66.0262,ranked,full,100.0,True,True,False
SWKS,"Skyworks Solutions, Inc. - Common Stock",nasdaqtrader:Q:SWKS,common_equity,eligible,Q,,68.33,,379826838.40000004,17.324862637362635,-2.566661913589041,11.015434606011375,-3.868880135059083,18.089187245264927,52.68827216028693,,,False,,277.0,,2026-08-11,,full,"{""as_of"": ""2026-08-11"", ""listing_date"": null, ""reason_code"": ""valid_trading_sessions"", ""status"": ""full"", ""valid_trading_sessions"": 277}","[""l1.csv""]",[],66.0223,ranked,full,100.0,True,True,False
GIS,"General Mills, Inc. Common Stock",nasdaqtrader:N:GIS,common_equity,eligible,N,,37.93,,362823727.6187301,3.633879781420757,12.218934911242618,-21.14345114345114,-23.88119606662653,25.787517119937387,41.76138020824928,,,False,,277.0,,2026-08-11,,full,"{""as_of"": ""2026-08-11"", ""listing_date"": null, ""reason_code"": ""valid_trading_sessions"", ""status"": ""full"", ""valid_trading_sessions"": 277}","[""l1.csv""]",[],66.0217,ranked,full,100.0,True,True,False
HUT,Hut 8 Corp. - Common Stock,nasdaqtrader:Q:HUT,common_equity,eligible,Q,,88.78,,477836739.7473809,-10.476958757688815,-13.122614737254136,56.055545790121286,356.3351323567207,33.2581566681702,118.29034943832035,,,False,,277.0,,2026-08-11,,full,"{""as_of"": ""2026-08-11"", ""listing_date"": null, ""reason_code"": ""valid_trading_sessions"", ""status"": ""full"", ""valid_trading_sessions"": 277}","[""l1.csv""]",[],66.0178,ranked,full,100.0,True,True,False
YMM,Full Truck Alliance Co. Ltd. American Depositary Shares (each representing 20 Class A Ordinary Shares),nasdaqtrader:N:YMM,adr,eligible,N,,9.35,,77855068.50333333,9.101516919486574,6.370875995449388,-5.7459677419354875,-17.402826855123678,33.214285714285715,34.12453685410221,,,False,,277.0,,2026-08-11,,full,"{""as_of"": ""2026-08-11"", ""listing_date"": null, ""reason_code"": ""valid_trading_sessions"", ""status"": ""full"", ""valid_trading_sessions"": 277}","[""l1.csv""]",[],66.0119,ranked,full,100.0,True,True,False
RCL,Royal Caribbean Cruises Ltd. Common Stock,nasdaqtrader:N:RCL,common_equity,eligible,N,,307.15,,762011446.0912699,6.423893835972416,16.583162529416228,-11.746113840760852,1.8942409766454338,16.0425322545375,36.09446003587183,,,False,,277.0,,2026-08-11,,full,"{""as_of"": ""2026-08-11"", ""listing_date"": null, ""reason_code"": ""valid_trading_sessions"", ""status"": ""full"", ""valid_trading_sessions"": 277}","[""l1.csv""]",[],66.0106,ranked,full,100.0,True,True,False
RELX,RELX PLC PLC American Depositary Shares (Each representing One Ordinary Share),nasdaqtrader:N:RELX,adr,eligible,N,,35.37,,93047842.1620635,5.8348294434470205,6.311992786293952,19.979647218453177,-26.312500000000007,27.35674676524954,37.96545186048815,,,False,,277.0,,2026-08-11,,full,"{""as_of"": ""2026-08-11"", ""listing_date"": null, ""reason_code"": ""valid_trading_sessions"", ""status"": ""full"", ""valid_trading_sessions"": 277}","[""l1.csv""]",[],65.9809,ranked,full,100.0,True,True,False
BZ,KANZHUN LIMITED - American Depository Shares,nasdaqtrader:Q:BZ,adr,eligible,Q,,16.75,,52534642.38920635,17.29691876750701,17.051013277428375,-7.713498622589521,-20.54079696394686,32.75792854275391,42.05306462916848,,,False,,277.0,,2026-08-11,,full,"{""as_of"": ""2026-08-11"", ""listing_date"": null, ""reason_code"": ""valid_trading_sessions"", ""status"": ""full"", ""valid_trading_sessions"": 277}","[""l1.csv""]",[],65.9511,ranked,full,100.0,True,True,False
ODFL,"Old Dominion Freight Line, Inc. - Common Stock",nasdaqtrader:Q:ODFL,common_equity,eligible,Q,,209.44,,411628989.8204762,-10.072992700729932,7.339073390733897,6.79720564989037,44.98130970510867,15.796244924215008,32.76011942727823,,,False,,277.0,,2026-08-11,,full,"{""as_of"": ""2026-08-11"", ""listing_date"": null, ""reason_code"": ""valid_trading_sessions"", ""status"": ""full"", ""valid_trading_sessions"": 277}","[""l1.csv""]",[],65.9491,ranked,full,100.0,True,True,False
IGV,iShares Expanded Tech-Software Sector ETF,US:IGV,etf,eligible,Z,,103.92,,1625528447.9257936,12.103559870550162,14.588157459477348,22.172584058311774,-5.208428349904215,11.775193140334494,29.044450017994528,,,False,,277.0,,2026-08-11,,full,"{""as_of"": ""2026-08-11"", ""listing_date"": null, ""reason_code"": ""valid_trading_sessions"", ""status"": ""full"", ""valid_trading_sessions"": 277}","[""l1.csv""]",[],65.9438,ranked,full,100.0,True,True,False
HAL,Halliburton Company Common Stock,nasdaqtrader:N:HAL,common_equity,eligible,N,,33.8,,433721859.79,-4.004544163589896,-16.045702930948835,-3.151862464183386,61.72248803827751,21.358771521637976,35.72398970129983,,,False,,277.0,,2026-08-11,,full,"{""as_of"": ""2026-08-11"", ""listing_date"": null, ""reason_code"": ""valid_trading_sessions"", ""status"": ""full"", ""valid_trading_sessions"": 277}","[""l1.csv""]",[],65.9312,ranked,full,100.0,True,True,False
STX,Seagate Technology Holdings PLC - Ordinary Shares (Ireland),nasdaqtrader:Q:STX,common_equity,eligible,Q,,820.52,,4057319161.5320635,-4.663862617061321,-1.6174866008800914,93.0635294117647,445.3772017281489,25.000914043362222,87.00038817958642,,,False,,277.0,,2026-08-11,,full,"{""as_of"": ""2026-08-11"", ""listing_date"": null, ""reason_code"": ""valid_trading_sessions"", ""status"": ""full"", ""valid_trading_sessions"": 277}","[""l1.csv""]",[],65.9168,ranked,full,100.0,True,True,False
BABA,Alibaba Group Holding Limited American Depositary Shares each representing eight Ordinary share,nasdaqtrader:N:BABA,adr,eligible,N,,127.85,,1473788761.1350794,13.796172674677344,-6.882738528769128,-21.56441717791412,6.222997673645736,32.47596915601564,45.00859855626943,,,False,,277.0,,2026-08-11,,full,"{""as_of"": ""2026-08-11"", ""listing_date"": null, ""reason_code"": ""valid_trading_sessions"", ""status"": ""full"", ""valid_trading_sessions"": 277}","[""l1.csv""]",[],65.9135,ranked,full,100.0,True,True,False
SKM,"SK Telecom Co., Ltd. Common Stock",nasdaqtrader:N:SKM,common_equity,eligible,N,,33.67,,100315827.91063492,6.82106598984773,-13.887468030690531,17.727272727272727,48.587819947043265,26.80434782608695,64.67458842648745,,,False,,277.0,,2026-08-11,,full,"{""as_of"": ""2026-08-11"", ""listing_date"": null, ""reason_code"": ""valid_trading_sessions"", ""status"": ""full"", ""valid_trading_sessions"": 277}","[""l1.csv""]",[],65.9072,ranked,full,100.0,True,True,False
UMC,United Microelectronics Corporation (NEW) Common Stock,nasdaqtrader:N:UMC,common_equity,eligible,N,,18.94,,377010756.934127,-19.266837169650465,21.488133418858247,88.45771144278606,181.42644873699854,32.38129239557301,80.80141558639097,,,False,,277.0,,2026-08-11,,full,"{""as_of"": ""2026-08-11"", ""listing_date"": null, ""reason_code"": ""valid_trading_sessions"", ""status"": ""full"", ""valid_trading_sessions"": 277}","[""l1.csv""]",[],65.9008,ranked,full,100.0,True,True,False
LYFT,"Lyft, Inc. - Class A Common Stock",nasdaqtrader:Q:LYFT,common_equity,eligible,Q,,17.54,,198020835.7447619,11.93363114231014,26.459985580389333,5.599036724864548,30.79791200596569,28.61212861212862,44.141110051438694,,,False,,277.0,,2026-08-11,,full,"{""as_of"": ""2026-08-11"", ""listing_date"": null, ""reason_code"": ""valid_trading_sessions"", ""status"": ""full"", ""valid_trading_sessions"": 277}","[""l1.csv""]",[],65.8983,ranked,full,100.0,True,True,False
RXO,"RXO, Inc. Common Stock",nasdaqtrader:N:RXO,common_equity,eligible,N,,21.48,,56196428.78809524,-20.70874861572536,3.7681159420289934,33.831775700934585,47.42621825669184,26.68941979522185,62.31225903665373,,,False,,277.0,,2026-08-11,,full,"{""as_of"": ""2026-08-11"", ""listing_date"": null, ""reason_code"": ""valid_trading_sessions"", ""status"": ""full"", ""valid_trading_sessions"": 277}","[""l1.csv""]",[],65.8919,ranked,full,100.0,True,True,False
ONTO,Onto Innovation Inc. Common Stock,nasdaqtrader:N:ONTO,common_equity,eligible,N,,319.79,,390948070.62285715,5.121462147858402,11.223567056204796,49.37873692077728,210.83786936236396,15.500066058924556,112.50467495366495,,,False,,277.0,,2026-08-11,,full,"{""as_of"": ""2026-08-11"", ""listing_date"": null, ""reason_code"": ""valid_trading_sessions"", ""status"": ""full"", ""valid_trading_sessions"": 277}","[""l1.csv""]",[],65.875,ranked,full,100.0,True,True,False
VEEV,Veeva Systems Inc. Class A Common Stock,nasdaqtrader:N:VEEV,common_equity,eligible,N,,236.58,,409810905.8815873,20.20730653930187,48.48427791376388,28.15123774443422,-16.145039520788284,22.741819606818623,39.41175989038327,,,False,,277.0,,2026-08-11,,full,"{""as_of"": ""2026-08-11"", ""listing_date"": null, ""reason_code"": ""valid_trading_sessions"", ""status"": ""full"", ""valid_trading_sessions"": 277}","[""l1.csv""]",[],65.8656,ranked,full,100.0,True,True,False
CVS,CVS Health Corporation Common Stock,nasdaqtrader:N:CVS,common_equity,eligible,N,,93.5,,835154998.3142858,-11.709159584513696,1.3879852526566872,23.399762438960025,42.66097039975587,15.461121157323687,28.202670493717136,,,False,,277.0,,2026-08-11,,full,"{""as_of"": ""2026-08-11"", ""listing_date"": null, ""reason_code"": ""valid_trading_sessions"", ""status"": ""full"", ""valid_trading_sessions"": 277}","[""l1.csv""]",[],65.8653,ranked,full,100.0,True,True,False
NFLX,"Netflix, Inc. - Common Stock",nasdaqtrader:Q:NFLX,common_equity,eligible,Q,,74.79,,3296010012.126667,1.3002844372206557,-12.475131655939142,-8.199337179329802,-38.27170683393859,40.79791023509854,37.442724015324046,,,False,,277.0,,2026-08-11,,full,"{""as_of"": ""2026-08-11"", ""listing_date"": null, ""reason_code"": ""valid_trading_sessions"", ""status"": ""full"", ""valid_trading_sessions"": 277}","[""l1.csv""]",[],65.8635,ranked,full,100.0,True,True,False
AXP,American Express Company Common Stock,nasdaqtrader:N:AXP,common_equity,eligible,N,,340.81,,1011366671.2765079,-3.8427898315605336,9.12205430327868,-5.241061002057501,14.584944356655338,11.452622827301306,28.97479963903576,,,False,,277.0,,2026-08-11,,full,"{""as_of"": ""2026-08-11"", ""listing_date"": null, ""reason_code"": ""valid_trading_sessions"", ""status"": ""full"", ""valid_trading_sessions"": 277}","[""l1.csv""]",[],65.8632,ranked,full,100.0,True,True,False
TOST,"Toast, Inc. Class A Common Stock",nasdaqtrader:N:TOST,common_equity,eligible,N,,34.88,,339964807.0512698,16.421895861148194,44.19181479950394,21.745200698080303,-19.034354688950785,22.66075388026607,37.63404178235285,,,False,,277.0,,2026-08-11,,full,"{""as_of"": ""2026-08-11"", ""listing_date"": null, ""reason_code"": ""valid_trading_sessions"", ""status"": ""full"", ""valid_trading_sessions"": 277}","[""l1.csv""]",[],65.8548,ranked,full,100.0,True,True,False
CCL,Carnival Corporation Ltd. Common Shares,nasdaqtrader:N:CCL,common_equity,eligible,N,,27.73,,634931250.146508,4.208944006012771,9.001572327044016,-15.483084425480042,-2.2559041240747257,18.417181523977643,37.57712980798133,,,False,,277.0,,2026-08-11,,full,"{""as_of"": ""2026-08-11"", ""listing_date"": null, ""reason_code"": ""valid_trading_sessions"", ""status"": ""full"", ""valid_trading_sessions"": 277}","[""l1.csv""]",[],65.8543,ranked,full,100.0,True,True,False
MORN,"Morningstar, Inc. - Common Stock",nasdaqtrader:Q:MORN,common_equity,eligible,Q,,195.38,,80416409.50825398,12.578507634687398,10.872772670525489,19.352474037874167,-24.540398578711574,26.318965192140897,40.60616918484772,,,False,,277.0,,2026-08-11,,full,"{""as_of"": ""2026-08-11"", ""listing_date"": null, ""reason_code"": ""valid_trading_sessions"", ""status"": ""full"", ""valid_trading_sessions"": 277}","[""l1.csv""]",[],65.8425,ranked,full,100.0,True,True,False
PCOR,"Procore Technologies, Inc. Common Stock",nasdaqtrader:N:PCOR,common_equity,eligible,N,,58.74,,148467595.40142858,33.409039291392226,17.24550898203594,16.31683168316833,-5.744544287548137,26.206030150753755,47.953370765579194,,,False,,277.0,,2026-08-11,,full,"{""as_of"": ""2026-08-11"", ""listing_date"": null, ""reason_code"": ""valid_trading_sessions"", ""status"": ""full"", ""valid_trading_sessions"": 277}","[""l1.csv""]",[],65.8275,ranked,full,100.0,True,True,False
NCNO,"nCino, Inc. - Common Stock",nasdaqtrader:Q:NCNO,common_equity,eligible,Q,,19.16,,54947073.7652381,10.114942528735638,14.456391875746721,4.756697648988517,-26.842306223749524,41.388803915570506,42.896393197889,,,False,,277.0,,2026-08-11,,full,"{""as_of"": ""2026-08-11"", ""listing_date"": null, ""reason_code"": ""valid_trading_sessions"", ""status"": ""full"", ""valid_trading_sessions"": 277}","[""l1.csv""]",[],65.8241,ranked,full,100.0,True,True,False
DVA,DaVita Inc. Common Stock,nasdaqtrader:N:DVA,common_equity,eligible,N,,178.34,,188377534.93015873,-24.297478563545294,-10.350374503594228,29.569892473118298,37.71428571428572,25.98771580345286,60.964108366996506,,,False,,277.0,,2026-08-11,,full,"{""as_of"": ""2026-08-11"", ""listing_date"": null, ""reason_code"": ""valid_trading_sessions"", ""status"": ""full"", ""valid_trading_sessions"": 277}","[""l1.csv""]",[],65.7984,ranked,full,100.0,True,True,False
AMBQ,"Ambiq Micro, Inc. Common Stock",nasdaqtrader:N:AMBQ,common_equity,eligible,N,,65.29,,56348221.07666667,-19.741856177012895,42.96036785636086,119.90569215223981,65.416772232075,27.84040671971706,88.68758915133536,,,False,,260.0,,2026-08-11,,full,"{""as_of"": ""2026-08-11"", ""listing_date"": null, ""reason_code"": ""valid_trading_sessions"", ""status"": ""full"", ""valid_trading_sessions"": 260}","[""l1.csv""]",[],65.7954,ranked,full,100.0,True,True,False
OUST,"Ouster, Inc. - Common Stock",nasdaqtrader:Q:OUST,common_equity,eligible,Q,,45.13,,202991891.61730158,12.740444666500128,68.3955223880597,114.292497625831,74.92248062015506,27.815099168266155,139.57813650178176,,,False,,277.0,,2026-08-11,,full,"{""as_of"": ""2026-08-11"", ""listing_date"": null, ""reason_code"": ""valid_trading_sessions"", ""status"": ""full"", ""valid_trading_sessions"": 277}","[""l1.csv""]",[],65.792,ranked,full,100.0,True,True,False
BX,Blackstone Inc. Common Stock,nasdaqtrader:N:BX,common_equity,eligible,N,,147.17,,636093026.4944445,20.591609308423454,21.227347611202617,11.984477248516212,-12.870759576105629,22.000211999152008,34.9684325966045,,,False,,277.0,,2026-08-11,,full,"{""as_of"": ""2026-08-11"", ""listing_date"": null, ""reason_code"": ""valid_trading_sessions"", ""status"": ""full"", ""valid_trading_sessions"": 277}","[""l1.csv""]",[],65.7667,ranked,full,100.0,True,True,False
COF,Capital One Financial Corporation Common Stock,nasdaqtrader:N:COF,common_equity,eligible,N,,219.15,,902796182.405238,7.945030046300849,19.148589137171747,-1.6205782007541636,5.244201123757386,15.038381018841584,31.012010816790696,,,False,,277.0,,2026-08-11,,full,"{""as_of"": ""2026-08-11"", ""listing_date"": null, ""reason_code"": ""valid_trading_sessions"", ""status"": ""full"", ""valid_trading_sessions"": 277}","[""l1.csv""]",[],65.7596,ranked,full,100.0,True,True,False
POWI,"Power Integrations, Inc. - Common Stock",nasdaqtrader:Q:POWI,common_equity,eligible,Q,,63.27,,78190927.06015873,-8.885368663594463,-14.891041162227603,38.17427385892118,43.20959710276144,27.56725815684029,80.05631309591186,,,False,,277.0,,2026-08-11,,full,"{""as_of"": ""2026-08-11"", ""listing_date"": null, ""reason_code"": ""valid_trading_sessions"", ""status"": ""full"", ""valid_trading_sessions"": 277}","[""l1.csv""]",[],65.759,ranked,full,100.0,True,True,False
STM,STMicroelectronics N.V. Common Stock,nasdaqtrader:N:STM,common_equity,eligible,N,,55.04,,818522235.3873016,-19.614429677230905,-8.449767132401863,69.30175330667487,118.67302344060388,31.122512826930294,87.09421078127194,,,False,,277.0,,2026-08-11,,full,"{""as_of"": ""2026-08-11"", ""listing_date"": null, ""reason_code"": ""valid_trading_sessions"", ""status"": ""full"", ""valid_trading_sessions"": 277}","[""l1.csv""]",[],65.733,ranked,full,100.0,True,True,False
FTAI,FTAI Aviation Ltd. - Common Stock,nasdaqtrader:Q:FTAI,common_equity,eligible,Q,,225.6,,302278408.8265079,7.489994282447121,-19.532030246825517,-18.076839276635926,65.80920182272527,27.23519545865051,66.47025303491903,,,False,,277.0,,2026-08-11,,full,"{""as_of"": ""2026-08-11"", ""listing_date"": null, ""reason_code"": ""valid_trading_sessions"", ""status"": ""full"", ""valid_trading_sessions"": 277}","[""l1.csv""]",[],65.7147,ranked,full,100.0,True,True,False
RMD,ResMed Inc. Common Stock,nasdaqtrader:N:RMD,common_equity,eligible,N,,224.84,,310734070.64634925,13.269521410579355,13.121352384785666,-18.524423829540503,-20.803099682986957,23.45351172845811,44.88123461641634,,,False,,277.0,,2026-08-11,,full,"{""as_of"": ""2026-08-11"", ""listing_date"": null, ""reason_code"": ""valid_trading_sessions"", ""status"": ""full"", ""valid_trading_sessions"": 277}","[""l1.csv""]",[],65.7105,ranked,full,100.0,True,True,False
RSI,"Rush Street Interactive, Inc. Class A Common Stock",nasdaqtrader:N:RSI,common_equity,eligible,N,,25.15,,80397789.83777778,-26.418958455236986,-10.593672236046924,42.09039548022599,35.43349488422185,27.143684820393986,64.87441338017932,,,False,,277.0,,2026-08-11,,full,"{""as_of"": ""2026-08-11"", ""listing_date"": null, ""reason_code"": ""valid_trading_sessions"", ""status"": ""full"", ""valid_trading_sessions"": 277}","[""l1.csv""]",[],65.7025,ranked,full,100.0,True,True,False
GFI,Gold Fields Limited American Depositary Shares,nasdaqtrader:N:GFI,adr,eligible,N,,40.27,,134754334.37888888,20.101401729794222,-12.722149978326824,-28.02502234137623,28.69926494087569,34.53097057389042,52.907264346460956,,,False,,277.0,,2026-08-11,,full,"{""as_of"": ""2026-08-11"", ""listing_date"": null, ""reason_code"": ""valid_trading_sessions"", ""status"": ""full"", ""valid_trading_sessions"": 277}","[""l1.csv""]",[],65.6875,ranked,full,100.0,True,True,False
SNEX,StoneX Group Inc. - Common Stock,nasdaqtrader:Q:SNEX,common_equity,eligible,Q,,65.97,,100400840.21968254,-11.946075814201818,-18.7861627477533,18.80064829821717,66.1712846347607,28.811913240530917,61.78217775835287,,,False,,277.0,,2026-08-11,,full,"{""as_of"": ""2026-08-11"", ""listing_date"": null, ""reason_code"": ""valid_trading_sessions"", ""status"": ""full"", ""valid_trading_sessions"": 277}","[""l1.csv""]",[],65.6749,ranked,full,100.0,True,True,False
VALE,VALE S.A.  American Depositary Shares Each Representing one common share,nasdaqtrader:N:VALE,adr,eligible,N,,14.32,,355996005.81031746,0.9873060648801113,-16.110134739308723,-14.711137581893974,40.117416829745586,19.640852974186306,31.13816756365707,,,False,,277.0,,2026-08-11,,full,"{""as_of"": ""2026-08-11"", ""listing_date"": null, ""reason_code"": ""valid_trading_sessions"", ""status"": ""full"", ""valid_trading_sessions"": 277}","[""l1.csv""]",[],65.6602,ranked,full,100.0,True,True,False
COHR,Coherent Corp. Common Stock,nasdaqtrader:N:COHR,common_equity,eligible,N,,328.57,,2020854711.8225398,6.890269689970396,-13.46361505438648,35.515136517363686,184.62404712404714,23.031694347489985,115.2460969003682,,,False,,277.0,,2026-08-11,,full,"{""as_of"": ""2026-08-11"", ""listing_date"": null, ""reason_code"": ""valid_trading_sessions"", ""status"": ""full"", ""valid_trading_sessions"": 277}","[""l1.csv""]",[],65.6542,ranked,full,100.0,True,True,False
PWR,"Quanta Services, Inc. Common Stock",nasdaqtrader:N:PWR,common_equity,eligible,N,,670.58,,853472054.9012698,3.6925931653007504,-14.18004044127057,30.32105099502489,73.65790495921276,14.601905150017824,59.551933891819154,,,False,,277.0,,2026-08-11,,full,"{""as_of"": ""2026-08-11"", ""listing_date"": null, ""reason_code"": ""valid_trading_sessions"", ""status"": ""full"", ""valid_trading_sessions"": 277}","[""l1.csv""]",[],65.6505,ranked,full,100.0,True,True,False
ONDS,Ondas Inc - Common Stock,nasdaqtrader:Q:ONDS,common_equity,eligible,Q,,9.74,,797411074.2818253,39.94252873563218,3.397027600849256,-5.802707930367501,174.36619718309862,30.47822983583155,91.88584553448499,,,False,,277.0,,2026-08-11,,full,"{""as_of"": ""2026-08-11"", ""listing_date"": null, ""reason_code"": ""valid_trading_sessions"", ""status"": ""full"", ""valid_trading_sessions"": 277}","[""l1.csv""]",[],65.6471,ranked,full,100.0,True,True,False
ERIE,Erie Indemnity Company - Class A Common Stock,nasdaqtrader:Q:ERIE,common_equity,eligible,Q,,256.64,,56641249.05404762,3.831371121090754,18.21825049518633,-4.796527803538975,-28.176424493451247,30.442324371205554,61.42083332650602,,,False,,277.0,,2026-08-11,,full,"{""as_of"": ""2026-08-11"", ""listing_date"": null, ""reason_code"": ""valid_trading_sessions"", ""status"": ""full"", ""valid_trading_sessions"": 277}","[""l1.csv""]",[],65.6423,ranked,full,100.0,True,True,False
VG,"Venture Global, Inc. Class A common stock",nasdaqtrader:N:VG,common_equity,eligible,N,,13.22,,200551659.6647619,-1.0479041916167553,13.769363166953541,29.990167158308758,7.044534412955472,24.58642327438677,80.55217309302245,,,False,,277.0,,2026-08-11,,full,"{""as_of"": ""2026-08-11"", ""listing_date"": null, ""reason_code"": ""valid_trading_sessions"", ""status"": ""full"", ""valid_trading_sessions"": 277}","[""l1.csv""]",[],65.6115,ranked,full,100.0,True,True,False
SANM,Sanmina Corporation - Common Stock,nasdaqtrader:Q:SANM,common_equity,eligible,Q,,202.75,,248897588.1430159,0.47076313181366736,-17.393252933507174,34.431772974406584,67.21649484536083,28.285936615732886,91.41232978976693,,,False,,277.0,,2026-08-11,,full,"{""as_of"": ""2026-08-11"", ""listing_date"": null, ""reason_code"": ""valid_trading_sessions"", ""status"": ""full"", ""valid_trading_sessions"": 277}","[""l1.csv""]",[],65.6048,ranked,full,100.0,True,True,False
CCJ,Cameco Corporation Common Stock,nasdaqtrader:N:CCJ,common_equity,eligible,N,,98.73,,339462763.44523805,9.45676274944567,-17.820875645080736,-18.188597944978458,28.354134165366606,26.370348273547616,42.87148049160891,,,False,,277.0,,2026-08-11,,full,"{""as_of"": ""2026-08-11"", ""listing_date"": null, ""reason_code"": ""valid_trading_sessions"", ""status"": ""full"", ""valid_trading_sessions"": 277}","[""l1.csv""]",[],65.5994,ranked,full,100.0,True,True,False
CF,"CF Industries Holdings, Inc. Common Stock",nasdaqtrader:N:CF,common_equity,eligible,N,,117.8,,307601548.68349206,-2.5802183261660616,-5.366323907455017,24.078365283336844,45.59386973180077,14.389534883720934,41.01715446013283,,,False,,277.0,,2026-08-11,,full,"{""as_of"": ""2026-08-11"", ""listing_date"": null, ""reason_code"": ""valid_trading_sessions"", ""status"": ""full"", ""valid_trading_sessions"": 277}","[""l1.csv""]",[],65.5974,ranked,full,100.0,True,True,False
AAPL,Apple Inc. - Common Stock,nasdaqtrader:Q:AAPL,common_equity,eligible,Q,,304.91,,17391182397.853176,-3.907850367148835,4.178625119584534,11.029786614230574,32.945280139524755,10.341684309574205,35.720758469211304,,,False,,277.0,,2026-08-11,,full,"{""as_of"": ""2026-08-11"", ""listing_date"": null, ""reason_code"": ""valid_trading_sessions"", ""status"": ""full"", ""valid_trading_sessions"": 277}","[""l1.csv""]",[],65.5854,ranked,full,100.0,True,True,False
ASX,"ASE Technology Holding Co., Ltd. American Depositary Shares (each representing Two Common Shares)",nasdaqtrader:N:ASX,adr,eligible,N,,38.65,,412192961.54,-4.709072978303752,9.4900849858357,74.4920993227991,287.6629889669007,14.339539007092196,80.64829985984153,,,False,,277.0,,2026-08-11,,full,"{""as_of"": ""2026-08-11"", ""listing_date"": null, ""reason_code"": ""valid_trading_sessions"", ""status"": ""full"", ""valid_trading_sessions"": 277}","[""l1.csv""]",[],65.5849,ranked,full,100.0,True,True,False
G,Genpact Limited Common Stock,nasdaqtrader:N:G,common_equity,eligible,N,,33.96,,83356186.50841269,11.41732283464567,8.498402555910545,-14.003545201316792,-22.002756086357365,29.97938144329897,43.95362823955178,,,False,,277.0,,2026-08-11,,full,"{""as_of"": ""2026-08-11"", ""listing_date"": null, ""reason_code"": ""valid_trading_sessions"", ""status"": ""full"", ""valid_trading_sessions"": 277}","[""l1.csv""]",[],65.5806,ranked,full,100.0,True,True,False
BB,BlackBerry Limited Common Stock,nasdaqtrader:N:BB,common_equity,eligible,N,,8.98,,291517495.99206346,-16.1531279178338,44.37299035369777,158.78962536023056,148.75346260387815,29.898516783762684,66.4817064509083,,,False,,277.0,,2026-08-11,,full,"{""as_of"": ""2026-08-11"", ""listing_date"": null, ""reason_code"": ""valid_trading_sessions"", ""status"": ""full"", ""valid_trading_sessions"": 277}","[""l1.csv""]",[],65.5698,ranked,full,100.0,True,True,False
GS,"Goldman Sachs Group, Inc. (The) Common Stock",nasdaqtrader:N:GS,common_equity,eligible,N,,1034.41,,2264461397.632381,-1.0995209912898818,9.477594564274083,9.621457790212173,43.41508727660932,10.212921089864324,43.069483243273,,,False,,277.0,,2026-08-11,,full,"{""as_of"": ""2026-08-11"", ""listing_date"": null, ""reason_code"": ""valid_trading_sessions"", ""status"": ""full"", ""valid_trading_sessions"": 277}","[""l1.csv""]",[],65.5532,ranked,full,100.0,True,True,False
BMI,"Badger Meter, Inc. Common Stock",nasdaqtrader:N:BMI,common_equity,eligible,N,,135.68,,65095664.53634921,-3.1687125321153253,16.2938201765664,-9.895072386771153,-27.89498857416165,29.732249210212846,57.02228218070445,,,False,,277.0,,2026-08-11,,full,"{""as_of"": ""2026-08-11"", ""listing_date"": null, ""reason_code"": ""valid_trading_sessions"", ""status"": ""full"", ""valid_trading_sessions"": 277}","[""l1.csv""]",[],65.5476,ranked,full,100.0,True,True,False
BTU,Peabody Energy Corporation Common Stock,nasdaqtrader:N:BTU,common_equity,eligible,N,,24.41,,77046666.26190476,3.4322033898305015,-1.0539116335630427,-35.47449114459423,41.343370005790405,38.202531645569614,47.31278018524295,,,False,,277.0,,2026-08-11,,full,"{""as_of"": ""2026-08-11"", ""listing_date"": null, ""reason_code"": ""valid_trading_sessions"", ""status"": ""full"", ""valid_trading_sessions"": 277}","[""l1.csv""]",[],65.5365,ranked,full,100.0,True,True,False
CECO,CECO Environmental Corp. - Common Stock,nasdaqtrader:Q:CECO,common_equity,eligible,Q,,73.97,,76436168.74666667,-9.682539682539693,-9.239263803680986,0.2575223637842239,68.38151604825859,25.78509079963881,67.46384506941338,,,False,,277.0,,2026-08-11,,full,"{""as_of"": ""2026-08-11"", ""listing_date"": null, ""reason_code"": ""valid_trading_sessions"", ""status"": ""full"", ""valid_trading_sessions"": 277}","[""l1.csv""]",[],65.5213,ranked,full,100.0,True,True,False
SMCI,"Super Micro Computer, Inc. - Common Stock",nasdaqtrader:Q:SMCI,common_equity,eligible,Q,,31.6,,1745462031.2857144,14.244396240057844,-5.727923627684972,-5.756039367730392,-29.147982062780265,46.14860259032037,90.98587115203894,,,False,,277.0,,2026-08-11,,full,"{""as_of"": ""2026-08-11"", ""listing_date"": null, ""reason_code"": ""valid_trading_sessions"", ""status"": ""full"", ""valid_trading_sessions"": 277}","[""l1.csv""]",[],65.5068,ranked,full,100.0,True,True,False
SYNA,Synaptics Incorporated - Common Stock,nasdaqtrader:Q:SYNA,common_equity,eligible,Q,,106.92,,127231455.90277778,-10.264372639530006,-15.511655472145392,22.390109890109898,68.3249370277078,27.546249237649924,61.28962856965059,,,False,,277.0,,2026-08-11,,full,"{""as_of"": ""2026-08-11"", ""listing_date"": null, ""reason_code"": ""valid_trading_sessions"", ""status"": ""full"", ""valid_trading_sessions"": 277}","[""l1.csv""]",[],65.5062,ranked,full,100.0,True,True,False
CALM,"Cal-Maine Foods, Inc. - Common Stock",nasdaqtrader:Q:CALM,common_equity,eligible,Q,,82.56,,72197625.17388889,-1.019062462534459,9.423459244532806,0.08485877076009896,-23.37107852236866,29.315068493150687,41.32235646496367,,,False,,277.0,,2026-08-11,,full,"{""as_of"": ""2026-08-11"", ""listing_date"": null, ""reason_code"": ""valid_trading_sessions"", ""status"": ""full"", ""valid_trading_sessions"": 277}","[""l1.csv""]",[],65.492,ranked,full,100.0,True,True,False
WEN,Wendy's Company (The) - Common Stock,nasdaqtrader:Q:WEN,common_equity,eligible,Q,,7.55,,134456934.04960316,0.6666666666666599,11.686390532544388,-3.3290653008962834,-25.17343904856293,29.307116104868914,60.88833577574875,,,False,,277.0,,2026-08-11,,full,"{""as_of"": ""2026-08-11"", ""listing_date"": null, ""reason_code"": ""valid_trading_sessions"", ""status"": ""full"", ""valid_trading_sessions"": 277}","[""l1.csv""]",[],65.4909,ranked,full,100.0,True,True,False
IR,Ingersoll Rand Inc. Common Stock,nasdaqtrader:N:IR,common_equity,eligible,N,,85.02,,338061318.85047615,8.223014256619132,13.815261044176697,-13.588779347494672,12.030570562656461,13.912515188335362,35.78041196317556,,,False,,277.0,,2026-08-11,,full,"{""as_of"": ""2026-08-11"", ""listing_date"": null, ""reason_code"": ""valid_trading_sessions"", ""status"": ""full"", ""valid_trading_sessions"": 277}","[""l1.csv""]",[],65.4781,ranked,full,100.0,True,True,False
FCEL,"FuelCell Energy, Inc. - Common Stock",nasdaqtrader:Q:FCEL,common_equity,eligible,Q,,19.2,,269915356.87396824,0.6289308176100628,20.451693851944786,157.7181208053691,349.64871194379396,46.68147736739794,159.7167310769474,,,False,,277.0,,2026-08-11,,full,"{""as_of"": ""2026-08-11"", ""listing_date"": null, ""reason_code"": ""valid_trading_sessions"", ""status"": ""full"", ""valid_trading_sessions"": 277}","[""l1.csv""]",[],65.4712,ranked,full,100.0,True,True,False
ESLT,Elbit Systems Ltd. - Ordinary Shares,nasdaqtrader:Q:ESLT,common_equity,eligible,Q,,776.08,,81445431.13190477,5.531683437584989,-2.373734197119315,15.692968202620738,72.67710929156283,23.488411069375847,45.77840397940964,,,False,,277.0,,2026-08-11,,full,"{""as_of"": ""2026-08-11"", ""listing_date"": null, ""reason_code"": ""valid_trading_sessions"", ""status"": ""full"", ""valid_trading_sessions"": 277}","[""l1.csv""]",[],65.4651,ranked,full,100.0,True,True,False
AEIS,"Advanced Energy Industries, Inc. - Common Stock",nasdaqtrader:Q:AEIS,common_equity,eligible,Q,,327.59,,306014209.1711111,9.738041002277908,-7.713327886863697,17.344270516172934,117.20594085665033,15.797455339930611,90.94555937405016,,,False,,277.0,,2026-08-11,,full,"{""as_of"": ""2026-08-11"", ""listing_date"": null, ""reason_code"": ""valid_trading_sessions"", ""status"": ""full"", ""valid_trading_sessions"": 277}","[""l1.csv""]",[],65.4494,ranked,full,100.0,True,True,False
CLF,Cleveland-Cliffs Inc. Common Stock,nasdaqtrader:N:CLF,common_equity,eligible,N,,12.41,,243855904.2809524,27.806385169927907,10.409252669039137,0.8123476848090894,29.81171548117154,23.30037082818294,66.42976761474017,,,False,,277.0,,2026-08-11,,full,"{""as_of"": ""2026-08-11"", ""listing_date"": null, ""reason_code"": ""valid_trading_sessions"", ""status"": ""full"", ""valid_trading_sessions"": 277}","[""l1.csv""]",[],65.44,ranked,full,100.0,True,True,False
KSS,Kohl's Corporation Common Stock,nasdaqtrader:N:KSS,common_equity,eligible,N,,18.49,,77680804.61460318,11.722054380664648,41.252864782276546,5.356125356125352,66.27697841726618,25.171995143666535,56.975719109131695,,,False,,277.0,,2026-08-11,,full,"{""as_of"": ""2026-08-11"", ""listing_date"": null, ""reason_code"": ""valid_trading_sessions"", ""status"": ""full"", ""valid_trading_sessions"": 277}","[""l1.csv""]",[],65.4396,ranked,full,100.0,True,True,False
VCYT,"Veracyte, Inc. - Common Stock",nasdaqtrader:Q:VCYT,common_equity,eligible,Q,,46.41,,66804515.12968254,-19.258872651356995,16.901763224181355,26.354478627824673,69.56521739130433,23.276574640436444,86.928136642027,,,False,,277.0,,2026-08-11,,full,"{""as_of"": ""2026-08-11"", ""listing_date"": null, ""reason_code"": ""valid_trading_sessions"", ""status"": ""full"", ""valid_trading_sessions"": 277}","[""l1.csv""]",[],65.4369,ranked,full,100.0,True,True,False
ALB,Albemarle Corporation Common Stock,nasdaqtrader:N:ALB,common_equity,eligible,N,,129.36,,337419333.6788889,2.8380634390651194,-38.397066526977476,-21.959459459459453,71.38314785373609,40.00556534644281,37.01919666812988,,,False,,277.0,,2026-08-11,,full,"{""as_of"": ""2026-08-11"", ""listing_date"": null, ""reason_code"": ""valid_trading_sessions"", ""status"": ""full"", ""valid_trading_sessions"": 277}","[""l1.csv""]",[],65.4163,ranked,full,100.0,True,True,False
TKO,"TKO Group Holdings, Inc. Class A Common Stock",nasdaqtrader:N:TKO,common_equity,eligible,N,,194.73,,266691677.89412698,7.60941644562334,5.544715447154469,-7.001289459859594,19.254087819217336,13.437944523470847,28.041485891913688,,,False,,277.0,,2026-08-11,,full,"{""as_of"": ""2026-08-11"", ""listing_date"": null, ""reason_code"": ""valid_trading_sessions"", ""status"": ""full"", ""valid_trading_sessions"": 277}","[""l1.csv""]",[],65.3595,ranked,full,100.0,True,True,False
VSH,"Vishay Intertechnology, Inc. Common Stock",nasdaqtrader:N:VSH,common_equity,eligible,N,,33.29,,364352641.7363492,-20.624701955174054,-4.421475739305192,70.89322381930184,128.1699794379712,48.70570107858244,105.52208058797581,,,False,,277.0,,2026-08-11,,full,"{""as_of"": ""2026-08-11"", ""listing_date"": null, ""reason_code"": ""valid_trading_sessions"", ""status"": ""full"", ""valid_trading_sessions"": 277}","[""l1.csv""]",[],65.3363,ranked,full,100.0,True,True,False
RARE,Ultragenyx Pharmaceutical Inc. - Common Stock,nasdaqtrader:Q:RARE,common_equity,eligible,Q,,26.96,,62546209.07714286,-18.844069837447318,2.5095057034220547,12.897822445561147,-2.1060275962236696,26.217843459222767,53.28782806099643,,,False,,277.0,,2026-08-11,,full,"{""as_of"": ""2026-08-11"", ""listing_date"": null, ""reason_code"": ""valid_trading_sessions"", ""status"": ""full"", ""valid_trading_sessions"": 277}","[""l1.csv""]",[],65.329,ranked,full,100.0,True,True,False
W,Wayfair Inc. Class A Common Stock,nasdaqtrader:N:W,common_equity,eligible,N,,103.2,,322064964.7380952,19.485932615491496,68.13294232649072,11.218881344972509,42.6005250794528,13.313733725325495,99.838854901186,,,False,,277.0,,2026-08-11,,full,"{""as_of"": ""2026-08-11"", ""listing_date"": null, ""reason_code"": ""valid_trading_sessions"", ""status"": ""full"", ""valid_trading_sessions"": 277}","[""l1.csv""]",[],65.3284,ranked,full,100.0,True,True,False
EXLS,"ExlService Holdings, Inc. - Common Stock",nasdaqtrader:Q:EXLS,common_equity,eligible,Q,,34.9,,79365512.15809524,22.499122499122493,15.601192447830403,12.218649517684877,-17.298578199052137,22.444444444444443,61.3684041945557,,,False,,277.0,,2026-08-11,,full,"{""as_of"": ""2026-08-11"", ""listing_date"": null, ""reason_code"": ""valid_trading_sessions"", ""status"": ""full"", ""valid_trading_sessions"": 277}","[""l1.csv""]",[],65.3259,ranked,full,100.0,True,True,False
KVYO,"Klaviyo, Inc. Series A Common Stock",nasdaqtrader:N:KVYO,common_equity,eligible,N,,18.36,,99864758.5311111,5.154639175257714,18.29896907216495,-6.754697816150335,-43.245749613601234,48.886414253897556,75.50399297441889,,,False,,277.0,,2026-08-11,,full,"{""as_of"": ""2026-08-11"", ""listing_date"": null, ""reason_code"": ""valid_trading_sessions"", ""status"": ""full"", ""valid_trading_sessions"": 277}","[""l1.csv""]",[],65.3242,ranked,full,100.0,True,True,False
WFC,Wells Fargo & Company Common Stock,nasdaqtrader:N:WFC,common_equity,eligible,N,,87.45,,1303124716.4231746,-0.25094102885822034,18.850231041043774,-7.56791036888278,12.331406551059732,9.274821039526914,25.56335484145849,,,False,,277.0,,2026-08-11,,full,"{""as_of"": ""2026-08-11"", ""listing_date"": null, ""reason_code"": ""valid_trading_sessions"", ""status"": ""full"", ""valid_trading_sessions"": 277}","[""l1.csv""]",[],65.3187,ranked,full,100.0,True,True,False
SHAK,"Shake Shack, Inc. Class A Common Stock",nasdaqtrader:N:SHAK,common_equity,eligible,N,,71.77,,137165883.4336508,15.422965583788994,11.271317829457361,-26.154954213396444,-32.035984848484844,34.943799854967374,54.43460504728675,,,False,,277.0,,2026-08-11,,full,"{""as_of"": ""2026-08-11"", ""listing_date"": null, ""reason_code"": ""valid_trading_sessions"", ""status"": ""full"", ""valid_trading_sessions"": 277}","[""l1.csv""]",[],65.2425,ranked,full,100.0,True,True,False
PGR,Progressive Corporation (The) Common Stock,nasdaqtrader:N:PGR,common_equity,eligible,N,,212.35,,671894187.4055556,-9.43790515182531,7.84114570108172,5.368927703071491,-13.857450002028315,15.960899160994146,39.53299462969496,,,False,,277.0,,2026-08-11,,full,"{""as_of"": ""2026-08-11"", ""listing_date"": null, ""reason_code"": ""valid_trading_sessions"", ""status"": ""full"", ""valid_trading_sessions"": 277}","[""l1.csv""]",[],65.2402,ranked,full,100.0,True,True,False
BE,Bloom Energy Corporation Class A Common Stock,nasdaqtrader:N:BE,common_equity,eligible,N,,211.21,,3513258584.5226984,-9.542164546661525,-25.609326570865033,36.115228459109375,473.94021739130443,38.93017203990169,130.67992828854597,,,False,,277.0,,2026-08-11,,full,"{""as_of"": ""2026-08-11"", ""listing_date"": null, ""reason_code"": ""valid_trading_sessions"", ""status"": ""full"", ""valid_trading_sessions"": 277}","[""l1.csv""]",[],65.238,ranked,full,100.0,True,True,False
TPG,TPG Inc. - Class A Common Stock,nasdaqtrader:Q:TPG,common_equity,eligible,Q,,50.6,,100531671.60968253,19.114877589453872,16.081670107822887,-7.933042212518194,-17.990275526742305,27.361469997128907,35.46913632954956,,,False,,277.0,,2026-08-11,,full,"{""as_of"": ""2026-08-11"", ""listing_date"": null, ""reason_code"": ""valid_trading_sessions"", ""status"": ""full"", ""valid_trading_sessions"": 277}","[""l1.csv""]",[],65.2315,ranked,full,100.0,True,True,False
MIRM,"Mirum Pharmaceuticals, Inc. - common stock",nasdaqtrader:Q:MIRM,common_equity,eligible,Q,,98.23,,103806172.21547619,-17.4815188172043,-7.4785721013468915,-2.297592997811815,63.79856594964151,23.598039978221973,58.05289379212921,,,False,,277.0,,2026-08-11,,full,"{""as_of"": ""2026-08-11"", ""listing_date"": null, ""reason_code"": ""valid_trading_sessions"", ""status"": ""full"", ""valid_trading_sessions"": 277}","[""l1.csv""]",[],65.2297,ranked,full,100.0,True,True,False
HLNE,Hamilton Lane Incorporated - Class A Common Stock,nasdaqtrader:Q:HLNE,common_equity,eligible,Q,,104.84,,77587312.56174603,29.336294103133476,18.383017163504967,-21.802043708510478,-32.15995858677364,34.833416210840376,42.849453074981966,,,False,,277.0,,2026-08-11,,full,"{""as_of"": ""2026-08-11"", ""listing_date"": null, ""reason_code"": ""valid_trading_sessions"", ""status"": ""full"", ""valid_trading_sessions"": 277}","[""l1.csv""]",[],65.2278,ranked,full,100.0,True,True,False
ARCB,ArcBest Corporation - Common Stock,nasdaqtrader:Q:ARCB,common_equity,eligible,Q,,135.76,,59232000.04079365,-9.190635451505024,14.749387203110453,24.917188075082784,91.45395571851643,21.62567832813763,43.997881138468095,,,False,,277.0,,2026-08-11,,full,"{""as_of"": ""2026-08-11"", ""listing_date"": null, ""reason_code"": ""valid_trading_sessions"", ""status"": ""full"", ""valid_trading_sessions"": 277}","[""l1.csv""]",[],65.2168,ranked,full,100.0,True,True,False
KBR,"KBR, Inc. Common Stock",nasdaqtrader:N:KBR,common_equity,eligible,N,,37.56,,64511473.78539683,5.0629370629370785,15.67600862334464,-14.868540344514948,-24.699278267842818,27.223406316605303,40.93134271308885,,,False,,277.0,,2026-08-11,,full,"{""as_of"": ""2026-08-11"", ""listing_date"": null, ""reason_code"": ""valid_trading_sessions"", ""status"": ""full"", ""valid_trading_sessions"": 277}","[""l1.csv""]",[],65.2131,ranked,full,100.0,True,True,False
MOS,Mosaic Company (The) Common Stock,nasdaqtrader:N:MOS,common_equity,eligible,N,,23.1,,196201955.06031746,3.541012998655324,6.0119320789353115,-21.853856562922857,-27.767354596622884,35.70832173671027,37.823031686366946,,,False,,277.0,,2026-08-11,,full,"{""as_of"": ""2026-08-11"", ""listing_date"": null, ""reason_code"": ""valid_trading_sessions"", ""status"": ""full"", ""valid_trading_sessions"": 277}","[""l1.csv""]",[],65.2028,ranked,full,100.0,True,True,False
WYNN,"Wynn Resorts, Limited - Common Stock",nasdaqtrader:Q:WYNN,common_equity,eligible,Q,,104.79,,149292595.16539684,7.886337897662932,5.454362483646968,-10.389943560800408,-1.5224133070200097,21.41142942852857,24.001761141946528,,,False,,277.0,,2026-08-11,,full,"{""as_of"": ""2026-08-11"", ""listing_date"": null, ""reason_code"": ""valid_trading_sessions"", ""status"": ""full"", ""valid_trading_sessions"": 277}","[""l1.csv""]",[],65.1882,ranked,full,100.0,True,True,False
EGO,Eldorado Gold Corporation Ordinary Shares,nasdaqtrader:N:EGO,common_equity,eligible,N,,39.09,,85359096.01555555,34.14550446122169,13.633720930232563,-6.884230585993311,72.96460176991151,21.363910681955332,70.41541052177213,,,False,,277.0,,2026-08-11,,full,"{""as_of"": ""2026-08-11"", ""listing_date"": null, ""reason_code"": ""valid_trading_sessions"", ""status"": ""full"", ""valid_trading_sessions"": 277}","[""l1.csv""]",[],65.1819,ranked,full,100.0,True,True,False
PDD,PDD Holdings Inc. - American Depositary Shares,nasdaqtrader:Q:PDD,adr,eligible,Q,,90.5,,747457519.7596825,7.024597918637654,-8.40080971659919,-14.274888699441124,-20.794678802730616,34.4820097010063,33.14596547594812,,,False,,277.0,,2026-08-11,,full,"{""as_of"": ""2026-08-11"", ""listing_date"": null, ""reason_code"": ""valid_trading_sessions"", ""status"": ""full"", ""valid_trading_sessions"": 277}","[""l1.csv""]",[],65.1809,ranked,full,100.0,True,True,False
AAOI,"Applied Optoelectronics, Inc. - Common Stock",nasdaqtrader:Q:AAOI,common_equity,eligible,Q,,134.33,,1826318888.3966668,20.066142295316425,-27.3499188750676,180.3798789396786,522.1861973135711,39.789332138054675,145.90565438309108,,,False,,277.0,,2026-08-11,,full,"{""as_of"": ""2026-08-11"", ""listing_date"": null, ""reason_code"": ""valid_trading_sessions"", ""status"": ""full"", ""valid_trading_sessions"": 277}","[""l1.csv""]",[],65.1807,ranked,full,100.0,True,True,False
UTHR,United Therapeutics Corporation - Common Stock,nasdaqtrader:Q:UTHR,common_equity,eligible,Q,,515.5,,275814020.93857145,-3.7474093022387467,-9.542359795044575,8.957558336151505,70.97844112769486,13.61686440109927,22.027840015697127,,,False,,277.0,,2026-08-11,,full,"{""as_of"": ""2026-08-11"", ""listing_date"": null, ""reason_code"": ""valid_trading_sessions"", ""status"": ""full"", ""valid_trading_sessions"": 277}","[""l1.csv""]",[],65.1542,ranked,full,100.0,True,True,False
LSTR,"Landstar System, Inc. - Common Stock",nasdaqtrader:Q:LSTR,common_equity,eligible,Q,,177.74,,103144749.23126984,-16.50303001832104,-0.6595126313436062,10.301601092217961,39.86465218759838,21.134134978036112,35.38893271657725,,,False,,277.0,,2026-08-11,,full,"{""as_of"": ""2026-08-11"", ""listing_date"": null, ""reason_code"": ""valid_trading_sessions"", ""status"": ""full"", ""valid_trading_sessions"": 277}","[""l1.csv""]",[],65.1512,ranked,full,100.0,True,True,False
VTR,"Ventas, Inc. Common Stock",nasdaqtrader:N:VTR,common_equity,eligible,N,,86.96,,350663804.19095236,-5.539865305235725,-0.8324780476679283,5.087613293051363,26.819308735598657,13.498458171690054,34.06044655572838,,,False,,277.0,,2026-08-11,,full,"{""as_of"": ""2026-08-11"", ""listing_date"": null, ""reason_code"": ""valid_trading_sessions"", ""status"": ""full"", ""valid_trading_sessions"": 277}","[""l1.csv""]",[],65.1246,ranked,full,100.0,True,True,False
EME,"EMCOR Group, Inc. Common Stock",nasdaqtrader:N:EME,common_equity,eligible,N,,816.86,,355808108.79301584,6.793044842463081,-12.30703166935051,5.232917654333713,32.13095661738539,13.445298013245033,62.255240605917294,,,False,,277.0,,2026-08-11,,full,"{""as_of"": ""2026-08-11"", ""listing_date"": null, ""reason_code"": ""valid_trading_sessions"", ""status"": ""full"", ""valid_trading_sessions"": 277}","[""l1.csv""]",[],65.1113,ranked,full,100.0,True,True,False
AJG,Arthur J. Gallagher & Co. Common Stock,nasdaqtrader:N:AJG,common_equity,eligible,N,,253.51,,392962352.55428576,-2.9552501626918914,27.667824948380915,16.401120345286735,-12.413626312880044,18.34900798763206,37.91190791963706,,,False,,277.0,,2026-08-11,,full,"{""as_of"": ""2026-08-11"", ""listing_date"": null, ""reason_code"": ""valid_trading_sessions"", ""status"": ""full"", ""valid_trading_sessions"": 277}","[""l1.csv""]",[],65.0873,ranked,full,100.0,True,True,False
NVO,Novo Nordisk A/S Common Stock,nasdaqtrader:N:NVO,common_equity,eligible,N,,47.17,,574484373.7387302,-4.281655844155841,1.6594827586206895,-4.456147457970417,-7.654659357869997,26.273835573616743,42.316221961083144,,,False,,277.0,,2026-08-11,,full,"{""as_of"": ""2026-08-11"", ""listing_date"": null, ""reason_code"": ""valid_trading_sessions"", ""status"": ""full"", ""valid_trading_sessions"": 277}","[""l1.csv""]",[],65.0865,ranked,full,100.0,True,True,False
BTSG,"BrightSpring Health Services, Inc. - Common Stock",nasdaqtrader:Q:BTSG,common_equity,eligible,Q,,57.89,,248434136.5418254,-16.872487076392872,5.120755402215371,45.598591549295776,178.5851780558229,20.600740639144142,71.44140243533728,,,False,,277.0,,2026-08-11,,full,"{""as_of"": ""2026-08-11"", ""listing_date"": null, ""reason_code"": ""valid_trading_sessions"", ""status"": ""full"", ""valid_trading_sessions"": 277}","[""l1.csv""]",[],65.0801,ranked,full,100.0,True,True,False
WDC,Western Digital Corporation - Common Stock,nasdaqtrader:Q:WDC,common_equity,eligible,Q,,437.93,,4703683003.050635,-21.171811718117173,-15.101874648624547,53.12773173887197,484.140322795785,41.314340082816294,102.25670172647298,,,False,,277.0,,2026-08-11,,full,"{""as_of"": ""2026-08-11"", ""listing_date"": null, ""reason_code"": ""valid_trading_sessions"", ""status"": ""full"", ""valid_trading_sessions"": 277}","[""l1.csv""]",[],65.079,ranked,full,100.0,True,True,False
FIX,"Comfort Systems USA, Inc. Common Stock",nasdaqtrader:N:FIX,common_equity,eligible,N,,1688.05,,902838719.9384128,-2.5392169881584103,-16.96671880687464,31.503914618470752,144.0224933502949,18.313968962163273,63.51658563058019,,,False,,277.0,,2026-08-11,,full,"{""as_of"": ""2026-08-11"", ""listing_date"": null, ""reason_code"": ""valid_trading_sessions"", ""status"": ""full"", ""valid_trading_sessions"": 277}","[""l1.csv""]",[],65.0785,ranked,full,100.0,True,True,False
CHKP,Check Point Software Technologies Ltd. - Ordinary Shares,nasdaqtrader:Q:CHKP,common_equity,eligible,Q,,129.12,,177401924.67682537,-3.8713519952352504,11.869693294056493,-28.769239256357928,-29.565786602662,37.59605625634334,43.98897202112327,,,False,,277.0,,2026-08-11,,full,"{""as_of"": ""2026-08-11"", ""listing_date"": null, ""reason_code"": ""valid_trading_sessions"", ""status"": ""full"", ""valid_trading_sessions"": 277}","[""l1.csv""]",[],65.0769,ranked,full,100.0,True,True,False
ACN,Accenture plc Class A Ordinary Shares (Ireland),nasdaqtrader:N:ACN,common_equity,eligible,N,,179.82,,1276196160.8096824,29.815189142362097,4.3342036553524865,-24.04967055245818,-24.82441471571907,37.67935121646913,49.02431133883458,,,False,,277.0,,2026-08-11,,full,"{""as_of"": ""2026-08-11"", ""listing_date"": null, ""reason_code"": ""valid_trading_sessions"", ""status"": ""full"", ""valid_trading_sessions"": 277}","[""l1.csv""]",[],65.0714,ranked,full,100.0,True,True,False
VST,Vistra Corp. Common Stock,nasdaqtrader:N:VST,common_equity,eligible,N,,144.92,,731090224.8138095,-8.348090058183665,-4.689246958237437,-5.262469765313471,-28.30001979022364,33.49853157121879,49.45238454497267,,,False,,277.0,,2026-08-11,,full,"{""as_of"": ""2026-08-11"", ""listing_date"": null, ""reason_code"": ""valid_trading_sessions"", ""status"": ""full"", ""valid_trading_sessions"": 277}","[""l1.csv""]",[],65.0498,ranked,full,100.0,True,True,False
MAR,Marriott International - Class A Common Stock,nasdaqtrader:Q:MAR,common_equity,eligible,Q,,349.49,,600276157.9190476,-3.6872709234712198,-1.084003169930936,5.519157030282917,34.46060326254232,13.178814527748795,33.185012268429276,,,False,,277.0,,2026-08-11,,full,"{""as_of"": ""2026-08-11"", ""listing_date"": null, ""reason_code"": ""valid_trading_sessions"", ""status"": ""full"", ""valid_trading_sessions"": 277}","[""l1.csv""]",[],65.0447,ranked,full,100.0,True,True,False
TEL,TE Connectivity plc Ordinary Shares,nasdaqtrader:N:TEL,common_equity,eligible,N,,218.69,,544530599.0250794,10.34917751539004,6.098389287793515,-3.4310695045482675,8.273096346172903,12.172690763052207,31.12693943302051,,,False,,277.0,,2026-08-11,,full,"{""as_of"": ""2026-08-11"", ""listing_date"": null, ""reason_code"": ""valid_trading_sessions"", ""status"": ""full"", ""valid_trading_sessions"": 277}","[""l1.csv""]",[],65.0432,ranked,full,100.0,True,True,False
CCC,CCC Intelligent Solutions Holdings Inc. - Common Stock,nasdaqtrader:Q:CCC,common_equity,eligible,Q,,6.87,,54758323.09031746,10.2728731942215,40.778688524590166,23.118279569892476,-27.836134453781515,31.505483549351943,51.95271595775105,,,False,,277.0,,2026-08-11,,full,"{""as_of"": ""2026-08-11"", ""listing_date"": null, ""reason_code"": ""valid_trading_sessions"", ""status"": ""full"", ""valid_trading_sessions"": 277}","[""l1.csv""]",[],65.0341,ranked,full,100.0,True,True,False
ALGT,Allegiant Travel Company - Common Stock,nasdaqtrader:Q:ALGT,common_equity,eligible,Q,,88.34,,58314453.82404762,-17.354289456450555,11.287477954144642,-22.461160361625566,80.50674295055171,25.864384021483712,54.22076251527077,,,False,,277.0,,2026-08-11,,full,"{""as_of"": ""2026-08-11"", ""listing_date"": null, ""reason_code"": ""valid_trading_sessions"", ""status"": ""full"", ""valid_trading_sessions"": 277}","[""l1.csv""]",[],65.0319,ranked,full,100.0,True,True,False
JKHY,"Jack Henry & Associates, Inc. - Common Stock",nasdaqtrader:Q:JKHY,common_equity,eligible,Q,,153.63,,209953850.93007934,1.9239700126053139,6.947441698572909,-10.451154115178362,-4.908393166625402,20.233644859813083,31.513935699236743,,,False,,277.0,,2026-08-11,,full,"{""as_of"": ""2026-08-11"", ""listing_date"": null, ""reason_code"": ""valid_trading_sessions"", ""status"": ""full"", ""valid_trading_sessions"": 277}","[""l1.csv""]",[],65.0312,ranked,full,100.0,True,True,False
LEGN,Legend Biotech Corporation - American Depositary Shares,nasdaqtrader:Q:LEGN,adr,eligible,Q,,21.83,,74556565.14809524,-15.223300970873787,-14.659890539483978,26.99243746364164,-41.0,42.11084592946168,68.5213029180979,,,False,,277.0,,2026-08-11,,full,"{""as_of"": ""2026-08-11"", ""listing_date"": null, ""reason_code"": ""valid_trading_sessions"", ""status"": ""full"", ""valid_trading_sessions"": 277}","[""l1.csv""]",[],65.0259,ranked,full,100.0,True,True,False
CPB,The Campbell's Company - Common Stock,nasdaqtrader:Q:CPB,common_equity,eligible,Q,,22.72,,183288142.67825395,2.573363431151243,10.130877363063506,-21.4656066367093,-29.963008631319354,33.23538054657655,37.63849887051251,,,False,,277.0,,2026-08-11,,full,"{""as_of"": ""2026-08-11"", ""listing_date"": null, ""reason_code"": ""valid_trading_sessions"", ""status"": ""full"", ""valid_trading_sessions"": 277}","[""l1.csv""]",[],65.0147,ranked,full,100.0,True,True,False
CMI,Cummins Inc. Common Stock,nasdaqtrader:N:CMI,common_equity,eligible,N,,632.95,,698660577.1874603,-4.732160327518464,-9.920872114536184,5.24959260367821,63.540294034054234,13.007325554226966,37.20930370161359,,,False,,277.0,,2026-08-11,,full,"{""as_of"": ""2026-08-11"", ""listing_date"": null, ""reason_code"": ""valid_trading_sessions"", ""status"": ""full"", ""valid_trading_sessions"": 277}","[""l1.csv""]",[],65.0018,ranked,full,100.0,True,True,False
ACLS,"Axcelis Technologies, Inc. - Common Stock",nasdaqtrader:Q:ACLS,common_equity,eligible,Q,,135.36,,86576120.77404763,-0.8787346221441061,-18.003392294645014,58.37135837135838,70.4356585243012,29.352818371607505,98.20684085225837,,,False,,277.0,,2026-08-11,,full,"{""as_of"": ""2026-08-11"", ""listing_date"": null, ""reason_code"": ""valid_trading_sessions"", ""status"": ""full"", ""valid_trading_sessions"": 277}","[""l1.csv""]",[],64.997,ranked,full,100.0,True,True,False
UPS,"United Parcel Service, Inc. Common Stock",nasdaqtrader:N:UPS,common_equity,eligible,N,,104.43,,576637704.2684127,-7.494020728142436,4.430000000000001,-11.439959294436896,20.49151955694013,12.974999999999993,34.681841712200765,,,False,,277.0,,2026-08-11,,full,"{""as_of"": ""2026-08-11"", ""listing_date"": null, ""reason_code"": ""valid_trading_sessions"", ""status"": ""full"", ""valid_trading_sessions"": 277}","[""l1.csv""]",[],64.9938,ranked,full,100.0,True,True,False
SATL,Satellogic Inc. - Class A Common Stock,nasdaqtrader:Q:SATL,common_equity,eligible,Q,,5.75,,55334879.53611111,32.7944572748268,-33.90804597701149,64.75644699140399,67.63848396501457,46.46182495344506,97.19600110002285,,,False,,277.0,,2026-08-11,,full,"{""as_of"": ""2026-08-11"", ""listing_date"": null, ""reason_code"": ""valid_trading_sessions"", ""status"": ""full"", ""valid_trading_sessions"": 277}","[""l1.csv""]",[],64.9859,ranked,full,100.0,True,True,False
TNGX,"Tango Therapeutics, Inc. - Common Stock",nasdaqtrader:Q:TNGX,common_equity,eligible,Q,,26.34,,110359197.06698413,-7.122708039492243,12.180579216354337,104.34445306439098,298.4871406959153,19.939209726443764,68.77457131030381,,,False,,277.0,,2026-08-11,,full,"{""as_of"": ""2026-08-11"", ""listing_date"": null, ""reason_code"": ""valid_trading_sessions"", ""status"": ""full"", ""valid_trading_sessions"": 277}","[""l1.csv""]",[],64.9848,ranked,full,100.0,True,True,False
MOH,Molina Healthcare Inc Common Stock,nasdaqtrader:N:MOH,common_equity,eligible,N,,194.54,,239096986.77,-19.9028326745718,5.048868729413036,52.544499333490144,23.98980242192479,19.9028326745718,40.48751261192017,,,False,,277.0,,2026-08-11,,full,"{""as_of"": ""2026-08-11"", ""listing_date"": null, ""reason_code"": ""valid_trading_sessions"", ""status"": ""full"", ""valid_trading_sessions"": 277}","[""l1.csv""]",[],64.9757,ranked,full,100.0,True,True,False
BEAM,Beam Therapeutics Inc. - Common Stock,nasdaqtrader:Q:BEAM,common_equity,eligible,Q,,26.85,,67305918.5504762,-13.387096774193541,-15.43307086614173,-1.576246334310849,52.38365493757093,29.193037974683545,63.63957359403103,,,False,,277.0,,2026-08-11,,full,"{""as_of"": ""2026-08-11"", ""listing_date"": null, ""reason_code"": ""valid_trading_sessions"", ""status"": ""full"", ""valid_trading_sessions"": 277}","[""l1.csv""]",[],64.9757,ranked,full,100.0,True,True,False
TDC,Teradata Corporation Common Stock,nasdaqtrader:N:TDC,common_equity,eligible,N,,26.86,,98695780.40333334,-20.906949352179037,-16.867842773135255,-5.054789678331561,30.832927423282985,29.091869060190078,93.58477463111056,,,False,,277.0,,2026-08-11,,full,"{""as_of"": ""2026-08-11"", ""listing_date"": null, ""reason_code"": ""valid_trading_sessions"", ""status"": ""full"", ""valid_trading_sessions"": 277}","[""l1.csv""]",[],64.9622,ranked,full,100.0,True,True,False
DVN,Devon Energy Corporation Common Stock,nasdaqtrader:N:DVN,common_equity,eligible,N,,45.4,,582974863.228254,3.818888634804485,-2.8461373849775318,4.415823367065319,36.418269230769226,12.809679277895148,38.26490407109301,,,False,,277.0,,2026-08-11,,full,"{""as_of"": ""2026-08-11"", ""listing_date"": null, ""reason_code"": ""valid_trading_sessions"", ""status"": ""full"", ""valid_trading_sessions"": 277}","[""l1.csv""]",[],64.9524,ranked,full,100.0,True,True,False
ABG,Asbury Automotive Group Inc Common Stock,nasdaqtrader:N:ABG,common_equity,eligible,N,,207.75,,54353036.80857143,-1.4141318274569326,5.195199756949709,-7.051138651514465,-6.536800431887713,19.787644787644787,42.76567334215332,,,False,,277.0,,2026-08-11,,full,"{""as_of"": ""2026-08-11"", ""listing_date"": null, ""reason_code"": ""valid_trading_sessions"", ""status"": ""full"", ""valid_trading_sessions"": 277}","[""l1.csv""]",[],64.9469,ranked,full,100.0,True,True,False
POOL,Pool Corporation - Common Stock,nasdaqtrader:Q:POOL,common_equity,eligible,Q,,201.5,,190510148.1268254,-4.4208329380514115,9.054500189424687,-23.258559622195985,-34.081392305679145,39.601942329596554,42.28847489755411,,,False,,277.0,,2026-08-11,,full,"{""as_of"": ""2026-08-11"", ""listing_date"": null, ""reason_code"": ""valid_trading_sessions"", ""status"": ""full"", ""valid_trading_sessions"": 277}","[""l1.csv""]",[],64.9432,ranked,full,100.0,True,True,False
VKTX,"Viking Therapeutics, Inc. - Common Stock",nasdaqtrader:Q:VKTX,common_equity,eligible,Q,,33.8,,77304316.47968255,-11.332633788037771,6.557377049180313,15.358361774744012,-10.794404856162586,19.772133871350594,50.37982410609973,,,False,,277.0,,2026-08-11,,full,"{""as_of"": ""2026-08-11"", ""listing_date"": null, ""reason_code"": ""valid_trading_sessions"", ""status"": ""full"", ""valid_trading_sessions"": 277}","[""l1.csv""]",[],64.943,ranked,full,100.0,True,True,False
ESI,Element Solutions Inc. Common Stock,nasdaqtrader:N:ESI,common_equity,eligible,N,,37.65,,187591684.94301587,-4.924242424242431,-16.444740346205066,21.805241022322864,57.53138075313808,23.304135261764113,50.740994654469695,,,False,,277.0,,2026-08-11,,full,"{""as_of"": ""2026-08-11"", ""listing_date"": null, ""reason_code"": ""valid_trading_sessions"", ""status"": ""full"", ""valid_trading_sessions"": 277}","[""l1.csv""]",[],64.9406,ranked,full,100.0,True,True,False
COCO,"The Vita Coco Company, Inc. - Common Stock",nasdaqtrader:Q:COCO,common_equity,eligible,Q,,64.46,,84354658.22261904,-13.633014001473853,-11.040574109853718,10.357815442561202,98.70530209617756,23.280171387764824,53.55505430265375,,,False,,277.0,,2026-08-11,,full,"{""as_of"": ""2026-08-11"", ""listing_date"": null, ""reason_code"": ""valid_trading_sessions"", ""status"": ""full"", ""valid_trading_sessions"": 277}","[""l1.csv""]",[],64.9374,ranked,full,100.0,True,True,False
NTES,"NetEase, Inc. - American Depositary Shares, each representing 5 ordinary shares",nasdaqtrader:Q:NTES,adr,eligible,Q,,127.89,,124631106.45587303,-2.6934489842501796,10.050770157473554,3.5295070023475983,-0.5675633649510181,19.737667880005027,38.62905590940441,,,False,,277.0,,2026-08-11,,full,"{""as_of"": ""2026-08-11"", ""listing_date"": null, ""reason_code"": ""valid_trading_sessions"", ""status"": ""full"", ""valid_trading_sessions"": 277}","[""l1.csv""]",[],64.9344,ranked,full,100.0,True,True,False
AMPX,"Amprius Technologies, Inc. Common Stock",nasdaqtrader:N:AMPX,common_equity,eligible,N,,12.08,,112357570.18460317,9.025270758122739,-31.674208144796378,-3.2826261008807034,49.8759305210918,47.27193365342646,94.28765429954531,,,False,,277.0,,2026-08-11,,full,"{""as_of"": ""2026-08-11"", ""listing_date"": null, ""reason_code"": ""valid_trading_sessions"", ""status"": ""full"", ""valid_trading_sessions"": 277}","[""l1.csv""]",[],64.9319,ranked,full,100.0,True,True,False
AROC,"Archrock, Inc. Common Stock",nasdaqtrader:N:AROC,common_equity,eligible,N,,32.99,,71919421.90857142,-13.412073490813647,-10.133478616180868,1.9783616692426564,42.07579672695954,21.358760429082245,39.50656124989423,,,False,,277.0,,2026-08-11,,full,"{""as_of"": ""2026-08-11"", ""listing_date"": null, ""reason_code"": ""valid_trading_sessions"", ""status"": ""full"", ""valid_trading_sessions"": 277}","[""l1.csv""]",[],64.9312,ranked,full,100.0,True,True,False
MCO,Moody's Corporation Common Stock,nasdaqtrader:N:MCO,common_equity,eligible,N,,476.48,,458155286.73571426,-3.881223271201484,6.2646356966034045,6.009299842036175,-7.531681189233241,11.699190155853302,29.803929749449214,,,False,,277.0,,2026-08-11,,full,"{""as_of"": ""2026-08-11"", ""listing_date"": null, ""reason_code"": ""valid_trading_sessions"", ""status"": ""full"", ""valid_trading_sessions"": 277}","[""l1.csv""]",[],64.9248,ranked,full,100.0,True,True,False
INTC,Intel Corporation - Common Stock,nasdaqtrader:Q:INTC,common_equity,eligible,Q,,97.71,,13694348408.103016,-5.246314972847177,-24.513288009888758,94.48646496815284,389.7744360902255,30.672626649638147,84.48452912089988,,,False,,277.0,,2026-08-11,,full,"{""as_of"": ""2026-08-11"", ""listing_date"": null, ""reason_code"": ""valid_trading_sessions"", ""status"": ""full"", ""valid_trading_sessions"": 277}","[""l1.csv""]",[],64.923,ranked,full,100.0,True,True,False
LMT,Lockheed Martin Corporation Common Stock,nasdaqtrader:N:LMT,common_equity,eligible,N,,597.77,,668496586.2903174,14.805638780056851,16.69497315763786,-6.348211627943412,40.44357775532739,11.663957440520178,37.174000388535596,,,False,,277.0,,2026-08-11,,full,"{""as_of"": ""2026-08-11"", ""listing_date"": null, ""reason_code"": ""valid_trading_sessions"", ""status"": ""full"", ""valid_trading_sessions"": 277}","[""l1.csv""]",[],64.916,ranked,full,100.0,True,True,False
TAN,Invesco Solar ETF,US:TAN,etf,eligible,P,,52.7,,86824857.80222222,-0.7906626506024028,-16.41554321966693,-10.252043596730243,43.4013605442177,28.716353307182473,43.668773366634724,,,False,,277.0,,2026-08-11,,full,"{""as_of"": ""2026-08-11"", ""listing_date"": null, ""reason_code"": ""valid_trading_sessions"", ""status"": ""full"", ""valid_trading_sessions"": 277}","[""l1.csv""]",[],64.9122,ranked,full,100.0,True,True,False
THO,"Thor Industries, Inc. Common Stock",nasdaqtrader:N:THO,common_equity,eligible,N,,81.31,,56889000.64968254,12.993329627570894,8.907045271899294,-32.360036602612084,-14.338390223345975,32.433106199102546,37.69696768430792,,,False,,277.0,,2026-08-11,,full,"{""as_of"": ""2026-08-11"", ""listing_date"": null, ""reason_code"": ""valid_trading_sessions"", ""status"": ""full"", ""valid_trading_sessions"": 277}","[""l1.csv""]",[],64.9077,ranked,full,100.0,True,True,False
SMTC,Semtech Corporation - Common Stock,nasdaqtrader:Q:SMTC,common_equity,eligible,Q,,131.18,,513178259.6901587,-0.7340143776012109,-3.9185526990405006,47.80845070422537,157.97443461160276,24.924168717449767,98.49057431872204,,,False,,277.0,,2026-08-11,,full,"{""as_of"": ""2026-08-11"", ""listing_date"": null, ""reason_code"": ""valid_trading_sessions"", ""status"": ""full"", ""valid_trading_sessions"": 277}","[""l1.csv""]",[],64.9066,ranked,full,100.0,True,True,False
ORA,"Ormat Technologies, Inc. Common Stock",nasdaqtrader:N:ORA,common_equity,eligible,N,,114.46,,113842686.55174604,7.162250725587493,-7.417293537167358,-6.616627233417638,32.0489155514536,21.116471399035152,44.68332631352152,,,False,,277.0,,2026-08-11,,full,"{""as_of"": ""2026-08-11"", ""listing_date"": null, ""reason_code"": ""valid_trading_sessions"", ""status"": ""full"", ""valid_trading_sessions"": 277}","[""l1.csv""]",[],64.8989,ranked,full,100.0,True,True,False
ISRG,"Intuitive Surgical, Inc. - Common Stock",nasdaqtrader:Q:ISRG,common_equity,eligible,Q,,401.23,,1213069079.3228571,-1.4467478876007078,-4.482692948626388,-18.588182777371955,-14.646443158611289,32.32183520283377,64.42047269929203,,,False,,277.0,,2026-08-11,,full,"{""as_of"": ""2026-08-11"", ""listing_date"": null, ""reason_code"": ""valid_trading_sessions"", ""status"": ""full"", ""valid_trading_sessions"": 277}","[""l1.csv""]",[],64.8929,ranked,full,100.0,True,True,False
SFM,"Sprouts Farmers Market, Inc. - Common Stock",nasdaqtrader:Q:SFM,common_equity,eligible,Q,,84.4,,182815472.35801587,5.936990084096894,3.4567295905859385,28.170083523158706,-43.35190281226928,44.12816099563087,46.924502042312085,,,False,,277.0,,2026-08-11,,full,"{""as_of"": ""2026-08-11"", ""listing_date"": null, ""reason_code"": ""valid_trading_sessions"", ""status"": ""full"", ""valid_trading_sessions"": 277}","[""l1.csv""]",[],64.8915,ranked,full,100.0,True,True,False
CVNA,Carvana Co. Class A Common Stock,nasdaqtrader:N:CVNA,common_equity,eligible,N,,72.0,,720965863.3330159,10.786274811509466,-5.548996458087374,-12.536443148688036,3.5822183858437606,24.757027902602147,58.81162837059314,,,False,,277.0,,2026-08-11,,full,"{""as_of"": ""2026-08-11"", ""listing_date"": null, ""reason_code"": ""valid_trading_sessions"", ""status"": ""full"", ""valid_trading_sessions"": 277}","[""l1.csv""]",[],64.8843,ranked,full,100.0,True,True,False
KGC,Kinross Gold Corporation Common Stock,nasdaqtrader:N:KGC,common_equity,eligible,N,,27.24,,213330765.3147619,16.013628620102203,-14.36655139893116,-19.717064544650754,43.51949420442569,28.447596532702924,48.71516195404616,,,False,,277.0,,2026-08-11,,full,"{""as_of"": ""2026-08-11"", ""listing_date"": null, ""reason_code"": ""valid_trading_sessions"", ""status"": ""full"", ""valid_trading_sessions"": 277}","[""l1.csv""]",[],64.8763,ranked,full,100.0,True,True,False
VICR,Vicor Corporation - Common Stock,nasdaqtrader:Q:VICR,common_equity,eligible,Q,,210.88,,241073658.5202381,-16.370558375634513,-32.617586912065434,32.595573440643875,350.21349274124674,44.47311601453473,107.2822292981584,,,False,,277.0,,2026-08-11,,full,"{""as_of"": ""2026-08-11"", ""listing_date"": null, ""reason_code"": ""valid_trading_sessions"", ""status"": ""full"", ""valid_trading_sessions"": 277}","[""l1.csv""]",[],64.8685,ranked,full,100.0,True,True,False
SOXX,iShares PHLX SOX Semiconductor Sector Index Fund,US:SOXX,etf,eligible,Q,,534.2,,5847476653.863492,-3.506078286158121,0.27029056235454707,51.4301102701477,119.953061308519,18.443993221477527,61.25308263632052,,,False,,277.0,,2026-08-11,,full,"{""as_of"": ""2026-08-11"", ""listing_date"": null, ""reason_code"": ""valid_trading_sessions"", ""status"": ""full"", ""valid_trading_sessions"": 277}","[""l1.csv""]",[],64.861,ranked,full,100.0,True,True,False
DOCU,"DocuSign, Inc. - Common Stock",nasdaqtrader:Q:DOCU,common_equity,eligible,Q,,59.34,,184644637.4725397,18.98937236815723,30.44625192349968,24.690060937171676,-14.236161294984818,30.19644747676744,51.8098925102935,,,False,,277.0,,2026-08-11,,full,"{""as_of"": ""2026-08-11"", ""listing_date"": null, ""reason_code"": ""valid_trading_sessions"", ""status"": ""full"", ""valid_trading_sessions"": 277}","[""l1.csv""]",[],64.8595,ranked,full,100.0,True,True,False
AMD,"Advanced Micro Devices, Inc. - Common Stock",nasdaqtrader:Q:AMD,common_equity,eligible,Q,,474.32,,15249897622.238016,-11.240854057897787,3.384990954467182,119.59259259259261,174.5542949756888,18.348797576216626,82.92585166148201,,,False,,277.0,,2026-08-11,,full,"{""as_of"": ""2026-08-11"", ""listing_date"": null, ""reason_code"": ""valid_trading_sessions"", ""status"": ""full"", ""valid_trading_sessions"": 277}","[""l1.csv""]",[],64.8372,ranked,full,100.0,True,True,False
SYF,Synchrony Financial Common Stock,nasdaqtrader:N:SYF,common_equity,eligible,N,,78.47,,276552411.40555555,7.184810818194243,11.653386454183256,6.112237998647729,13.0203082241106,11.303266644060129,41.51010835167268,,,False,,277.0,,2026-08-11,,full,"{""as_of"": ""2026-08-11"", ""listing_date"": null, ""reason_code"": ""valid_trading_sessions"", ""status"": ""full"", ""valid_trading_sessions"": 277}","[""l1.csv""]",[],64.8258,ranked,full,100.0,True,True,False
META,"Meta Platforms, Inc. - Class A Common Stock",nasdaqtrader:Q:META,common_equity,eligible,Q,,599.12,,10908695200.24111,-8.772250392094161,0.043415823397796593,-11.532441451817732,-22.121409073183408,24.162025316455694,53.917043742272156,,,False,,277.0,,2026-08-11,,full,"{""as_of"": ""2026-08-11"", ""listing_date"": null, ""reason_code"": ""valid_trading_sessions"", ""status"": ""full"", ""valid_trading_sessions"": 277}","[""l1.csv""]",[],64.8049,ranked,full,100.0,True,True,False
SNDK,Sandisk Corporation - Common Stock When-Issued,nasdaqtrader:Q:SNDK,common_equity,eligible,Q,,1271.05,,21439041952.75016,-24.06972645865817,-17.867481713148436,117.86938635584505,2766.5990076680196,45.565310492505354,149.78913506164275,,,False,,277.0,,2026-08-11,,full,"{""as_of"": ""2026-08-11"", ""listing_date"": null, ""reason_code"": ""valid_trading_sessions"", ""status"": ""full"", ""valid_trading_sessions"": 277}","[""l1.csv""]",[],64.7956,ranked,full,100.0,True,True,False
HII,"Huntington Ingalls Industries, Inc. Common Stock",nasdaqtrader:N:HII,common_equity,eligible,N,,327.85,,156143070.29333332,15.09162395562733,3.178599527930781,-19.212951554876533,23.861876157013874,27.743371608665946,50.82289325098704,,,False,,277.0,,2026-08-11,,full,"{""as_of"": ""2026-08-11"", ""listing_date"": null, ""reason_code"": ""valid_trading_sessions"", ""status"": ""full"", ""valid_trading_sessions"": 277}","[""l1.csv""]",[],64.7824,ranked,full,100.0,True,True,False
JBHT,"J.B. Hunt Transport Services, Inc. - Common Stock",nasdaqtrader:Q:JBHT,common_equity,eligible,Q,,265.38,,282993063.3436508,-6.2261484098939945,10.23052959501558,17.284659919565115,90.3184165232358,11.068663918769484,32.217512322834416,,,False,,277.0,,2026-08-11,,full,"{""as_of"": ""2026-08-11"", ""listing_date"": null, ""reason_code"": ""valid_trading_sessions"", ""status"": ""full"", ""valid_trading_sessions"": 277}","[""l1.csv""]",[],64.7672,ranked,full,100.0,True,True,False
CEG,Constellation Energy Corporation - Common Stock When-Issued,nasdaqtrader:Q:CEG,common_equity,eligible,Q,,278.36,,962597716.7490476,8.071592188531284,-7.117354599753067,2.281829873231689,-17.09677899721531,31.090481495234556,39.634371900042,,,False,,277.0,,2026-08-11,,full,"{""as_of"": ""2026-08-11"", ""listing_date"": null, ""reason_code"": ""valid_trading_sessions"", ""status"": ""full"", ""valid_trading_sessions"": 277}","[""l1.csv""]",[],64.7287,ranked,full,100.0,True,True,False
TMUS,"T-Mobile US, Inc. - Common Stock",nasdaqtrader:Q:TMUS,common_equity,eligible,Q,,178.58,,981787791.5422223,-5.2173451515312275,-6.4291328268273435,-9.652939390873206,-27.104253408441494,31.052855102119604,50.40662318253876,,,False,,277.0,,2026-08-11,,full,"{""as_of"": ""2026-08-11"", ""listing_date"": null, ""reason_code"": ""valid_trading_sessions"", ""status"": ""full"", ""valid_trading_sessions"": 277}","[""l1.csv""]",[],64.7237,ranked,full,100.0,True,True,False
APPF,"AppFolio, Inc. - Class A Common Stock",nasdaqtrader:Q:APPF,common_equity,eligible,Q,,203.02,,67785985.45777778,12.851584213451916,27.237402857859117,10.463028456390466,-28.35262563523433,29.127975982685182,49.096209236829424,,,False,,277.0,,2026-08-11,,full,"{""as_of"": ""2026-08-11"", ""listing_date"": null, ""reason_code"": ""valid_trading_sessions"", ""status"": ""full"", ""valid_trading_sessions"": 277}","[""l1.csv""]",[],64.7171,ranked,full,100.0,True,True,False
NTR,Nutrien Ltd. Common Shares,nasdaqtrader:N:NTR,common_equity,eligible,N,,67.28,,181071515.43428573,-0.4733727810650734,-5.6249123299200505,-3.995433789954339,20.811635841264152,19.847510126280675,32.29218642506352,,,False,,277.0,,2026-08-11,,full,"{""as_of"": ""2026-08-11"", ""listing_date"": null, ""reason_code"": ""valid_trading_sessions"", ""status"": ""full"", ""valid_trading_sessions"": 277}","[""l1.csv""]",[],64.7119,ranked,full,100.0,True,True,False
IT,"Gartner, Inc. Common Stock",nasdaqtrader:N:IT,common_equity,eligible,N,,187.27,,241093829.34333333,32.524237492038786,21.76202860858256,17.22691705790298,-18.222707423580786,29.08856829111287,82.81639968298147,,,False,,277.0,,2026-08-11,,full,"{""as_of"": ""2026-08-11"", ""listing_date"": null, ""reason_code"": ""valid_trading_sessions"", ""status"": ""full"", ""valid_trading_sessions"": 277}","[""l1.csv""]",[],64.7118,ranked,full,100.0,True,True,False
OXY,Occidental Petroleum Corporation Common Stock,nasdaqtrader:N:OXY,common_equity,eligible,N,,59.06,,547748776.3160318,7.754059478197406,7.109176641276749,26.575225032147465,33.258122743682314,10.839371980676315,38.61867287339675,,,False,,277.0,,2026-08-11,,full,"{""as_of"": ""2026-08-11"", ""listing_date"": null, ""reason_code"": ""valid_trading_sessions"", ""status"": ""full"", ""valid_trading_sessions"": 277}","[""l1.csv""]",[],64.7098,ranked,full,100.0,True,True,False
LBRDK,Liberty Broadband Corporation - Class C Common Stock,nasdaqtrader:Q:LBRDK,common_equity,eligible,Q,,37.1,,61102509.387460314,20.45454545454546,7.629823034522776,-33.008306247742865,-36.36363636363635,43.11560870898498,46.057281418819784,,,False,,277.0,,2026-08-11,,full,"{""as_of"": ""2026-08-11"", ""listing_date"": null, ""reason_code"": ""valid_trading_sessions"", ""status"": ""full"", ""valid_trading_sessions"": 277}","[""l1.csv""]",[],64.709,ranked,full,100.0,True,True,False
SEI,"Solaris Energy Infrastructure, Inc. Class A Common Stock",nasdaqtrader:N:SEI,common_equity,eligible,N,,58.79,,192179250.9457143,-12.44973938942666,-21.25636217519421,11.0083081570997,96.03201067022343,29.066119691119685,98.11431708285461,,,False,,277.0,,2026-08-11,,full,"{""as_of"": ""2026-08-11"", ""listing_date"": null, ""reason_code"": ""valid_trading_sessions"", ""status"": ""full"", ""valid_trading_sessions"": 277}","[""l1.csv""]",[],64.7088,ranked,full,100.0,True,True,False
NXPI,NXP Semiconductors N.V. - Common Stock,nasdaqtrader:Q:NXPI,common_equity,eligible,Q,,236.38,,1198067414.9592063,-15.090340888681341,-22.749109448021176,3.2632912498361755,14.105039582931077,28.944599753509493,48.4001208673836,,,False,,277.0,,2026-08-11,,full,"{""as_of"": ""2026-08-11"", ""listing_date"": null, ""reason_code"": ""valid_trading_sessions"", ""status"": ""full"", ""valid_trading_sessions"": 277}","[""l1.csv""]",[],64.6926,ranked,full,100.0,True,True,False
IONS,"Ionis Pharmaceuticals, Inc. - Common Stock",nasdaqtrader:Q:IONS,common_equity,eligible,Q,,55.42,,185952064.4226984,-2.343612334801759,-26.479172194215963,-34.638518693242126,33.09317963496638,35.93063583815028,90.42416882510132,,,False,,277.0,,2026-08-11,,full,"{""as_of"": ""2026-08-11"", ""listing_date"": null, ""reason_code"": ""valid_trading_sessions"", ""status"": ""full"", ""valid_trading_sessions"": 277}","[""l1.csv""]",[],64.688,ranked,full,100.0,True,True,False
LNG,"Cheniere Energy, Inc. Common Stock",nasdaqtrader:N:LNG,common_equity,eligible,N,,265.43,,509951661.01095235,0.81279197842683,10.274200249272969,23.08370044052863,14.989386128319548,10.602539490081176,35.47441024875574,,,False,,277.0,,2026-08-11,,full,"{""as_of"": ""2026-08-11"", ""listing_date"": null, ""reason_code"": ""valid_trading_sessions"", ""status"": ""full"", ""valid_trading_sessions"": 277}","[""l1.csv""]",[],64.6506,ranked,full,100.0,True,True,False
SAIA,"Saia, Inc. - Common Stock",nasdaqtrader:Q:SAIA,common_equity,eligible,Q,,356.96,,186246215.17301586,-17.381845114104532,-19.996414003317053,-12.851562500000014,25.81418299732128,26.7233238904627,48.22891545605927,,,False,,277.0,,2026-08-11,,full,"{""as_of"": ""2026-08-11"", ""listing_date"": null, ""reason_code"": ""valid_trading_sessions"", ""status"": ""full"", ""valid_trading_sessions"": 277}","[""l1.csv""]",[],64.6464,ranked,full,100.0,True,True,False
ERIC,Ericsson - American Depositary Shares each representing 1 underlying Class B share,nasdaqtrader:Q:ERIC,adr,eligible,Q,,10.07,,140293698.2793651,-14.078498293515363,-19.375500400320256,-10.963748894783375,34.087882822902806,26.710334788937406,52.32742193158926,,,False,,277.0,,2026-08-11,,full,"{""as_of"": ""2026-08-11"", ""listing_date"": null, ""reason_code"": ""valid_trading_sessions"", ""status"": ""full"", ""valid_trading_sessions"": 277}","[""l1.csv""]",[],64.6447,ranked,full,100.0,True,True,False
HL,Hecla Mining Company Common Stock,nasdaqtrader:N:HL,common_equity,eligible,N,,17.76,,483092396.93857145,16.459016393442628,-14.078374455732945,-25.814536340852122,133.6842105263158,44.16850047154982,62.64740066989118,,,False,,277.0,,2026-08-11,,full,"{""as_of"": ""2026-08-11"", ""listing_date"": null, ""reason_code"": ""valid_trading_sessions"", ""status"": ""full"", ""valid_trading_sessions"": 277}","[""l1.csv""]",[],64.6388,ranked,full,100.0,True,True,False
IREN,IREN Limited - Ordinary Shares,nasdaqtrader:Q:IREN,common_equity,eligible,Q,,39.75,,2241751192.736984,1.9753719856336671,-27.923844061650037,-13.867822318526546,115.44715447154475,47.978013349038086,138.46938555737108,,,False,,277.0,,2026-08-11,,full,"{""as_of"": ""2026-08-11"", ""listing_date"": null, ""reason_code"": ""valid_trading_sessions"", ""status"": ""full"", ""valid_trading_sessions"": 277}","[""l1.csv""]",[],64.6348,ranked,full,100.0,True,True,False
INOD,Innodata Inc. - Common Stock,nasdaqtrader:Q:INOD,common_equity,eligible,Q,,62.71,,134618933.5820635,-7.941867293012339,-39.60319753443128,29.032921810699584,44.061566735584655,48.38683127572017,69.03160099195539,,,False,,277.0,,2026-08-11,,full,"{""as_of"": ""2026-08-11"", ""listing_date"": null, ""reason_code"": ""valid_trading_sessions"", ""status"": ""full"", ""valid_trading_sessions"": 277}","[""l1.csv""]",[],64.6075,ranked,full,100.0,True,True,False
AZO,"AutoZone, Inc. Common Stock",nasdaqtrader:N:AZO,common_equity,eligible,N,,3042.65,,1076985459.349365,-1.1799362126418411,-11.236069782367696,-16.27938331833728,-24.59654635751741,30.126947966949437,35.662025975287655,,,False,,277.0,,2026-08-11,,full,"{""as_of"": ""2026-08-11"", ""listing_date"": null, ""reason_code"": ""valid_trading_sessions"", ""status"": ""full"", ""valid_trading_sessions"": 277}","[""l1.csv""]",[],64.6003,ranked,full,100.0,True,True,False
WELL,Welltower Inc. Common Stock,nasdaqtrader:N:WELL,common_equity,eligible,N,,226.01,,787690454.7614286,-3.641014709017276,5.199218022714569,14.580481622306717,34.505743022079386,10.33839806402983,25.54484943358958,,,False,,277.0,,2026-08-11,,full,"{""as_of"": ""2026-08-11"", ""listing_date"": null, ""reason_code"": ""valid_trading_sessions"", ""status"": ""full"", ""valid_trading_sessions"": 277}","[""l1.csv""]",[],64.5846,ranked,full,100.0,True,True,False
U,Unity Software Inc. Common Stock,nasdaqtrader:N:U,common_equity,eligible,N,,43.87,,292230768.81492066,42.99217731421121,63.26758466691476,59.35343261896111,31.939849624060134,11.319991914291494,61.501165600226656,,,False,,277.0,,2026-08-11,,full,"{""as_of"": ""2026-08-11"", ""listing_date"": null, ""reason_code"": ""valid_trading_sessions"", ""status"": ""full"", ""valid_trading_sessions"": 277}","[""l1.csv""]",[],64.58,ranked,full,100.0,True,True,False
HTHT,H World Group Limited - American Depositary Shares,nasdaqtrader:Q:HTHT,adr,eligible,Q,,41.6,,86217158.63396825,1.7612524461839474,-12.291798439806023,-21.197196438719445,28.276287388220787,25.793792365322865,28.956656283447845,,,False,,277.0,,2026-08-11,,full,"{""as_of"": ""2026-08-11"", ""listing_date"": null, ""reason_code"": ""valid_trading_sessions"", ""status"": ""full"", ""valid_trading_sessions"": 277}","[""l1.csv""]",[],64.5225,ranked,full,100.0,True,True,False
AI,"C3.ai, Inc. Class A Common Stock",nasdaqtrader:N:AI,common_equity,eligible,N,,10.63,,61351365.273174606,16.048034934497824,12.130801687763725,-8.676975945017185,-51.96565747853592,45.93082400813835,44.61376435622387,,,False,,277.0,,2026-08-11,,full,"{""as_of"": ""2026-08-11"", ""listing_date"": null, ""reason_code"": ""valid_trading_sessions"", ""status"": ""full"", ""valid_trading_sessions"": 277}","[""l1.csv""]",[],64.5213,ranked,full,100.0,True,True,False
SONY,Sony Group Corporation American Depositary Shares,nasdaqtrader:N:SONY,adr,eligible,N,,23.61,,130400296.41666667,14.168278529980661,10.897134805072817,5.7321988356471065,-13.038674033149167,21.976206212822213,30.558737813521002,,,False,,277.0,,2026-08-11,,full,"{""as_of"": ""2026-08-11"", ""listing_date"": null, ""reason_code"": ""valid_trading_sessions"", ""status"": ""full"", ""valid_trading_sessions"": 277}","[""l1.csv""]",[],64.5135,ranked,full,100.0,True,True,False
KVUE,Kenvue Inc. Common Stock,nasdaqtrader:N:KVUE,common_equity,eligible,N,,19.05,,387579128.11333334,-0.9360374414976613,10.949330227140353,4.785478547854782,-10.73102155576382,13.013698630136982,23.413151344782868,,,False,,277.0,,2026-08-11,,full,"{""as_of"": ""2026-08-11"", ""listing_date"": null, ""reason_code"": ""valid_trading_sessions"", ""status"": ""full"", ""valid_trading_sessions"": 277}","[""l1.csv""]",[],64.5034,ranked,full,100.0,True,True,False
LDOS,"Leidos Holdings, Inc. Common Stock",nasdaqtrader:N:LDOS,common_equity,eligible,N,,140.89,,192898554.37761906,32.1917808219178,10.346177944862145,-27.592763901737083,-20.17563739376771,29.39614131796543,43.27956540674895,,,False,,277.0,,2026-08-11,,full,"{""as_of"": ""2026-08-11"", ""listing_date"": null, ""reason_code"": ""valid_trading_sessions"", ""status"": ""full"", ""valid_trading_sessions"": 277}","[""l1.csv""]",[],64.5028,ranked,full,100.0,True,True,False
KRC,Kilroy Realty Corporation Common Stock,nasdaqtrader:N:KRC,common_equity,eligible,N,,36.44,,54476425.39142857,-6.468172484599599,6.363105662580271,5.500868558193406,-3.6233800581856768,18.001800180018,28.158992777142444,,,False,,277.0,,2026-08-11,,full,"{""as_of"": ""2026-08-11"", ""listing_date"": null, ""reason_code"": ""valid_trading_sessions"", ""status"": ""full"", ""valid_trading_sessions"": 277}","[""l1.csv""]",[],64.5005,ranked,full,100.0,True,True,False
XPO,"XPO, Inc. Common Stock",nasdaqtrader:N:XPO,common_equity,eligible,N,,203.4,,291435779.0061905,-2.888517545953684,0.8928571428571397,-1.6726288310934923,69.1898186657794,10.934010596838462,32.68037787110114,,,False,,277.0,,2026-08-11,,full,"{""as_of"": ""2026-08-11"", ""listing_date"": null, ""reason_code"": ""valid_trading_sessions"", ""status"": ""full"", ""valid_trading_sessions"": 277}","[""l1.csv""]",[],64.4835,ranked,full,100.0,True,True,False
POWL,"Powell Industries, Inc. - Common Stock",nasdaqtrader:Q:POWL,common_equity,eligible,Q,,208.38,,197113999.39190477,-7.657537888859345,-35.29576152771309,11.254671649759729,156.37303149606296,35.29576152771309,73.84901521965065,,,False,,277.0,,2026-08-11,,full,"{""as_of"": ""2026-08-11"", ""listing_date"": null, ""reason_code"": ""valid_trading_sessions"", ""status"": ""full"", ""valid_trading_sessions"": 277}","[""l1.csv""]",[],64.4803,ranked,full,100.0,True,True,False
WPM,Wheaton Precious Metals Corp Common Shares (Canada),nasdaqtrader:N:WPM,common_equity,eligible,N,,134.41,,236246789.8226984,24.649911898358525,-6.529902642559115,-5.862165569407485,33.488926407786266,18.893314023654362,45.61598250462964,,,False,,277.0,,2026-08-11,,full,"{""as_of"": ""2026-08-11"", ""listing_date"": null, ""reason_code"": ""valid_trading_sessions"", ""status"": ""full"", ""valid_trading_sessions"": 277}","[""l1.csv""]",[],64.4733,ranked,full,100.0,True,True,False
UBER,"Uber Technologies, Inc. Common Stock",nasdaqtrader:N:UBER,common_equity,eligible,N,,78.54,,1491244304.6211112,5.763533530837606,3.138542350623763,6.2643755919361555,-12.304600267976774,21.53846153846153,43.049310708511626,,,False,,277.0,,2026-08-11,,full,"{""as_of"": ""2026-08-11"", ""listing_date"": null, ""reason_code"": ""valid_trading_sessions"", ""status"": ""full"", ""valid_trading_sessions"": 277}","[""l1.csv""]",[],64.4551,ranked,full,100.0,True,True,False
AGI,Alamos Gold Inc. Class A Common Shares,nasdaqtrader:N:AGI,common_equity,eligible,N,,33.45,,148231221.24904764,15.904365904365925,-23.804100227790425,-23.717217787913334,27.769289533995423,39.54455087655882,47.044032978534,,,False,,277.0,,2026-08-11,,full,"{""as_of"": ""2026-08-11"", ""listing_date"": null, ""reason_code"": ""valid_trading_sessions"", ""status"": ""full"", ""valid_trading_sessions"": 277}","[""l1.csv""]",[],64.447,ranked,full,100.0,True,True,False
BKD,Brookdale Senior Living Inc. Common Stock,nasdaqtrader:N:BKD,common_equity,eligible,N,,12.55,,68842848.47238095,-12.847222222222221,-2.029664324746294,-22.911547911547913,74.06380027739252,25.16398330351818,45.341412235751186,,,False,,277.0,,2026-08-11,,full,"{""as_of"": ""2026-08-11"", ""listing_date"": null, ""reason_code"": ""valid_trading_sessions"", ""status"": ""full"", ""valid_trading_sessions"": 277}","[""l1.csv""]",[],64.4385,ranked,full,100.0,True,True,False
JD,"JD.com, Inc. - American Depositary Shares",nasdaqtrader:Q:JD,adr,eligible,Q,,31.92,,270339625.6909524,10.526315789473696,4.5528987880772975,13.959300249910743,1.3655128612257927,11.75006911805363,27.212206308880226,,,False,,277.0,,2026-08-11,,full,"{""as_of"": ""2026-08-11"", ""listing_date"": null, ""reason_code"": ""valid_trading_sessions"", ""status"": ""full"", ""valid_trading_sessions"": 277}","[""l1.csv""]",[],64.4375,ranked,full,100.0,True,True,False
GNRC,Generac Holdlings Inc. Common Stock,nasdaqtrader:N:GNRC,common_equity,eligible,N,,215.86,,245753509.4931746,-4.8865388852169955,-20.464259395725858,16.15993111984071,9.992356687898084,26.960817486634635,56.316714389232615,,,False,,277.0,,2026-08-11,,full,"{""as_of"": ""2026-08-11"", ""listing_date"": null, ""reason_code"": ""valid_trading_sessions"", ""status"": ""full"", ""valid_trading_sessions"": 277}","[""l1.csv""]",[],64.4281,ranked,full,100.0,True,True,False
DKNG,DraftKings Inc. - Class A Common Stock,nasdaqtrader:Q:DKNG,common_equity,eligible,Q,,25.34,,326051649.08373016,-4.196597353497166,3.3863729090167105,-6.906686260102857,-40.904850746268664,47.460087082728585,49.253213870233246,,,False,,277.0,,2026-08-11,,full,"{""as_of"": ""2026-08-11"", ""listing_date"": null, ""reason_code"": ""valid_trading_sessions"", ""status"": ""full"", ""valid_trading_sessions"": 277}","[""l1.csv""]",[],64.4193,ranked,full,100.0,True,True,False
PLAB,"Photronics, Inc. - Common Stock",nasdaqtrader:Q:PLAB,common_equity,eligible,Q,,32.99,,50636544.65936508,15.511204481792728,-39.9745269286754,-12.120404901438453,63.23602177140031,39.9745269286754,56.41783927334322,,,False,,277.0,,2026-08-11,,full,"{""as_of"": ""2026-08-11"", ""listing_date"": null, ""reason_code"": ""valid_trading_sessions"", ""status"": ""full"", ""valid_trading_sessions"": 277}","[""l1.csv""]",[],64.4184,ranked,full,100.0,True,True,False
MTDR,Matador Resources Company Common Stock,nasdaqtrader:N:MTDR,common_equity,eligible,N,,52.62,,98928928.57746032,-0.9226134437958944,-6.586188531865789,10.360738255033542,13.064030941125914,19.602750190985496,48.16971066796831,,,False,,277.0,,2026-08-11,,full,"{""as_of"": ""2026-08-11"", ""listing_date"": null, ""reason_code"": ""valid_trading_sessions"", ""status"": ""full"", ""valid_trading_sessions"": 277}","[""l1.csv""]",[],64.4007,ranked,full,100.0,True,True,False
NKE,"Nike, Inc. Common Stock",nasdaqtrader:N:NKE,common_equity,eligible,N,,41.32,,1005742730.7387302,-5.575868372943327,-2.5241802311866013,-33.792661432462744,-44.30516242081143,47.80851332575471,32.94321118337287,,,False,,277.0,,2026-08-11,,full,"{""as_of"": ""2026-08-11"", ""listing_date"": null, ""reason_code"": ""valid_trading_sessions"", ""status"": ""full"", ""valid_trading_sessions"": 277}","[""l1.csv""]",[],64.3961,ranked,full,100.0,True,True,False
VIRT,"Virtu Financial, Inc. Class A Common Stock",nasdaqtrader:N:VIRT,common_equity,eligible,N,,55.08,,71769342.30126983,-14.829132518942323,6.868451688009314,40.2954661232807,29.783223374175314,17.569589943130794,43.74785568291604,,,False,,277.0,,2026-08-11,,full,"{""as_of"": ""2026-08-11"", ""listing_date"": null, ""reason_code"": ""valid_trading_sessions"", ""status"": ""full"", ""valid_trading_sessions"": 277}","[""l1.csv""]",[],64.3924,ranked,full,100.0,True,True,False
PCG,Pacific Gas & Electric Co. Common Stock,nasdaqtrader:N:PCG,common_equity,eligible,N,,17.3,,342743973.5069841,-0.4029936672423684,6.724244293645887,5.810397553516822,15.333333333333332,9.47148090005232,26.440455819407404,,,False,,277.0,,2026-08-11,,full,"{""as_of"": ""2026-08-11"", ""listing_date"": null, ""reason_code"": ""valid_trading_sessions"", ""status"": ""full"", ""valid_trading_sessions"": 277}","[""l1.csv""]",[],64.3679,ranked,full,100.0,True,True,False
RYN,Rayonier Inc. REIT Common Stock,nasdaqtrader:N:RYN,common_equity,eligible,N,,21.45,,56789179.6431746,0.0,5.6129985228951185,-4.241071428571431,-17.658349328214975,20.87790483216525,26.18510944940024,,,False,,277.0,,2026-08-11,,full,"{""as_of"": ""2026-08-11"", ""listing_date"": null, ""reason_code"": ""valid_trading_sessions"", ""status"": ""full"", ""valid_trading_sessions"": 277}","[""l1.csv""]",[],64.3671,ranked,full,100.0,True,True,False
PAAS,Pan American Silver Corp. Common Stock,nasdaqtrader:N:PAAS,common_equity,eligible,N,,51.79,,221882058.4752381,21.288056206088978,-16.856638304703807,-12.175682550449384,62.09702660406886,24.614264919941775,45.29260027434757,,,False,,277.0,,2026-08-11,,full,"{""as_of"": ""2026-08-11"", ""listing_date"": null, ""reason_code"": ""valid_trading_sessions"", ""status"": ""full"", ""valid_trading_sessions"": 277}","[""l1.csv""]",[],64.3652,ranked,full,100.0,True,True,False
WCN,"Waste Connections, Inc. Common Shares",nasdaqtrader:N:WCN,common_equity,eligible,N,,166.85,,260464013.69126981,-2.523806741835599,10.511326003444177,-2.909514111143441,-11.198041407206338,12.451463952146092,22.312493011060543,,,False,,277.0,,2026-08-11,,full,"{""as_of"": ""2026-08-11"", ""listing_date"": null, ""reason_code"": ""valid_trading_sessions"", ""status"": ""full"", ""valid_trading_sessions"": 277}","[""l1.csv""]",[],64.3629,ranked,full,100.0,True,True,False
MRSH,Marsh Common Stock,nasdaqtrader:N:MRSH,common_equity,eligible,N,,191.25,,462844268.8430159,5.354486861675745,18.362421091719263,11.750613532780196,-6.098099867432605,9.450310117892148,30.737819077634775,,,False,,277.0,,2026-08-11,,full,"{""as_of"": ""2026-08-11"", ""listing_date"": null, ""reason_code"": ""valid_trading_sessions"", ""status"": ""full"", ""valid_trading_sessions"": 277}","[""l1.csv""]",[],64.3626,ranked,full,100.0,True,True,False
CASY,"Caseys General Stores, Inc. - Common Stock",nasdaqtrader:Q:CASY,common_equity,eligible,Q,,829.91,,426901716.33047616,-3.397741822837863,-5.376993854538414,25.942394075512908,59.91483130046051,9.426157942986856,34.87164160632763,,,False,,277.0,,2026-08-11,,full,"{""as_of"": ""2026-08-11"", ""listing_date"": null, ""reason_code"": ""valid_trading_sessions"", ""status"": ""full"", ""valid_trading_sessions"": 277}","[""l1.csv""]",[],64.3565,ranked,full,100.0,True,True,False
BP,BP p.l.c. Common Stock,nasdaqtrader:N:BP,common_equity,eligible,N,,43.16,,367310453.67571425,5.706588292921877,-2.3971053821800092,10.045894951555322,26.420620972466313,9.384841486458129,35.58538036506951,,,False,,277.0,,2026-08-11,,full,"{""as_of"": ""2026-08-11"", ""listing_date"": null, ""reason_code"": ""valid_trading_sessions"", ""status"": ""full"", ""valid_trading_sessions"": 277}","[""l1.csv""]",[],64.3462,ranked,full,100.0,True,True,False
BTG,B2Gold Corp Common shares (Canada),nasdaqtrader:A:BTG,common_equity,eligible,A,,5.07,,95656027.41063492,34.12698412698414,-5.936920222634501,-6.801470588235292,41.62011173184359,18.357487922705307,72.00062745204742,,,False,,277.0,,2026-08-11,,full,"{""as_of"": ""2026-08-11"", ""listing_date"": null, ""reason_code"": ""valid_trading_sessions"", ""status"": ""full"", ""valid_trading_sessions"": 277}","[""l1.csv""]",[],64.3394,ranked,full,100.0,True,True,False
SAIL,"SailPoint, Inc. - Common Stock",nasdaqtrader:Q:SAIL,common_equity,eligible,Q,,19.06,,69724629.87619047,36.045681655960024,61.937128292268476,25.559947299077734,-0.6774361646691096,19.33982225983919,58.59024819535444,,,False,,277.0,,2026-08-11,,full,"{""as_of"": ""2026-08-11"", ""listing_date"": null, ""reason_code"": ""valid_trading_sessions"", ""status"": ""full"", ""valid_trading_sessions"": 277}","[""l1.csv""]",[],64.335,ranked,full,100.0,True,True,False
DNN,Denison Mines Corp Ordinary Shares (Canada),nasdaqtrader:A:DNN,common_equity,eligible,A,,3.31,,76544637.08920635,9.24092409240924,-14.02597402597403,-16.202531645569618,56.132075471698116,24.25629290617849,59.66216678397436,,,False,,277.0,,2026-08-11,,full,"{""as_of"": ""2026-08-11"", ""listing_date"": null, ""reason_code"": ""valid_trading_sessions"", ""status"": ""full"", ""valid_trading_sessions"": 277}","[""l1.csv""]",[],64.3175,ranked,full,100.0,True,True,False
RSG,"Republic Services, Inc. Common Stock",nasdaqtrader:N:RSG,common_equity,eligible,N,,215.08,,341798193.7888889,-3.715641507744638,8.77459161482832,-4.01642270617637,-8.558309595680457,9.260431169050332,24.406168509823818,,,False,,277.0,,2026-08-11,,full,"{""as_of"": ""2026-08-11"", ""listing_date"": null, ""reason_code"": ""valid_trading_sessions"", ""status"": ""full"", ""valid_trading_sessions"": 277}","[""l1.csv""]",[],64.3151,ranked,full,100.0,True,True,False
SQM,Sociedad Quimica y Minera S.A. Common Stock,nasdaqtrader:N:SQM,common_equity,eligible,N,,72.22,,82410830.85460317,0.38921323324994095,-22.693213444658532,1.503865073787769,71.05637138796779,24.226209212044914,40.24638840239211,,,False,,277.0,,2026-08-11,,full,"{""as_of"": ""2026-08-11"", ""listing_date"": null, ""reason_code"": ""valid_trading_sessions"", ""status"": ""full"", ""valid_trading_sessions"": 277}","[""l1.csv""]",[],64.3135,ranked,full,100.0,True,True,False
SU,Suncor Energy  Inc. Common Stock,nasdaqtrader:N:SU,common_equity,eligible,N,,63.28,,278278174.9266667,3.280561449322672,-2.825552825552835,15.749039692701672,61.34625191228966,9.249964147425793,33.301986214569666,,,False,,277.0,,2026-08-11,,full,"{""as_of"": ""2026-08-11"", ""listing_date"": null, ""reason_code"": ""valid_trading_sessions"", ""status"": ""full"", ""valid_trading_sessions"": 277}","[""l1.csv""]",[],64.3125,ranked,full,100.0,True,True,False
CNR,"Core Natural Resources, Inc. Common Stock",nasdaqtrader:N:CNR,common_equity,eligible,N,,93.73,,55610524.49666666,11.782945736434126,8.89973277564775,-0.7623080995235565,23.03754266211604,17.22158438576349,41.639897520753166,,,False,,277.0,,2026-08-11,,full,"{""as_of"": ""2026-08-11"", ""listing_date"": null, ""reason_code"": ""valid_trading_sessions"", ""status"": ""full"", ""valid_trading_sessions"": 277}","[""l1.csv""]",[],64.3054,ranked,full,100.0,True,True,False
NXE,Nexgen Energy Ltd. Common Shares,nasdaqtrader:N:NXE,common_equity,eligible,N,,10.56,,56651799.30603175,17.203107658157602,-16.58767772511848,-9.589041095890405,53.48837209302326,24.13793103448275,48.839204771240205,,,False,,277.0,,2026-08-11,,full,"{""as_of"": ""2026-08-11"", ""listing_date"": null, ""reason_code"": ""valid_trading_sessions"", ""status"": ""full"", ""valid_trading_sessions"": 277}","[""l1.csv""]",[],64.3017,ranked,full,100.0,True,True,False
NE,Noble Corporation plc A Ordinary Shares,nasdaqtrader:N:NE,common_equity,eligible,N,,44.48,,67335370.05984128,6.436946637951668,-12.801411487943549,6.258958432871475,66.09410007468257,18.190178407209856,50.49974133054823,,,False,,277.0,,2026-08-11,,full,"{""as_of"": ""2026-08-11"", ""listing_date"": null, ""reason_code"": ""valid_trading_sessions"", ""status"": ""full"", ""valid_trading_sessions"": 277}","[""l1.csv""]",[],64.2975,ranked,full,100.0,True,True,False
ESTC,Elastic N.V. Ordinary Shares,nasdaqtrader:N:ESTC,common_equity,eligible,N,,76.35,,126022480.62904762,22.29697260932244,51.548233425962664,24.490461438121635,2.4694671856126504,19.180692283264534,39.53916712365517,,,False,,277.0,,2026-08-11,,full,"{""as_of"": ""2026-08-11"", ""listing_date"": null, ""reason_code"": ""valid_trading_sessions"", ""status"": ""full"", ""valid_trading_sessions"": 277}","[""l1.csv""]",[],64.2952,ranked,full,100.0,True,True,False
KHC,The Kraft Heinz Company - Common Stock,nasdaqtrader:Q:KHC,common_equity,eligible,Q,,24.65,,349826329.2469841,-2.298850574712652,5.975924333619931,0.2847843775427128,-11.203170028818455,12.152530292230935,36.76049510603571,,,False,,277.0,,2026-08-11,,full,"{""as_of"": ""2026-08-11"", ""listing_date"": null, ""reason_code"": ""valid_trading_sessions"", ""status"": ""full"", ""valid_trading_sessions"": 277}","[""l1.csv""]",[],64.2881,ranked,full,100.0,True,True,False
BOOT,"Boot Barn Holdings, Inc. Common Stock",nasdaqtrader:N:BOOT,common_equity,eligible,N,,165.8,,123625018.36269842,0.9006815968841453,8.29523187459178,-18.569814842100097,-0.15656991448873558,20.28079623040676,39.75626261724063,,,False,,277.0,,2026-08-11,,full,"{""as_of"": ""2026-08-11"", ""listing_date"": null, ""reason_code"": ""valid_trading_sessions"", ""status"": ""full"", ""valid_trading_sessions"": 277}","[""l1.csv""]",[],64.2874,ranked,full,100.0,True,True,False
DOCN,"DigitalOcean Holdings, Inc. Common Stock",nasdaqtrader:N:DOCN,common_equity,eligible,N,,120.86,,501940516.8168254,-1.9948102497567288,-25.725172074729596,86.68520234785298,265.6883509833586,33.33333333333333,94.69696213714518,,,False,,277.0,,2026-08-11,,full,"{""as_of"": ""2026-08-11"", ""listing_date"": null, ""reason_code"": ""valid_trading_sessions"", ""status"": ""full"", ""valid_trading_sessions"": 277}","[""l1.csv""]",[],64.2778,ranked,full,100.0,True,True,False
VFC,V.F. Corporation Common Stock,nasdaqtrader:N:VFC,common_equity,eligible,N,,14.78,,136576049.45555556,-12.440758293838861,-17.614269788182845,-29.9526066350711,24.936601859678788,31.415313225058007,68.22707430052418,,,False,,277.0,,2026-08-11,,full,"{""as_of"": ""2026-08-11"", ""listing_date"": null, ""reason_code"": ""valid_trading_sessions"", ""status"": ""full"", ""valid_trading_sessions"": 277}","[""l1.csv""]",[],64.272,ranked,full,100.0,True,True,False
EXE,Expand Energy Corporation - Common Stock,nasdaqtrader:Q:EXE,common_equity,eligible,Q,,98.24,,331584621.33349204,12.789896670493683,1.5925542916235713,-4.843084075939563,-0.9078071414161837,20.058588982016445,33.21158366334105,,,False,,277.0,,2026-08-11,,full,"{""as_of"": ""2026-08-11"", ""listing_date"": null, ""reason_code"": ""valid_trading_sessions"", ""status"": ""full"", ""valid_trading_sessions"": 277}","[""l1.csv""]",[],64.2578,ranked,full,100.0,True,True,False
SPGI,S&P Global Inc. Common Stock,nasdaqtrader:N:SPGI,common_equity,eligible,N,,408.69,,950675087.9780953,-6.657683171934947,-2.9239904988123566,-7.992075463202686,-26.60944206008584,27.556500930603555,31.98775546239782,,,False,,277.0,,2026-08-11,,full,"{""as_of"": ""2026-08-11"", ""listing_date"": null, ""reason_code"": ""valid_trading_sessions"", ""status"": ""full"", ""valid_trading_sessions"": 277}","[""l1.csv""]",[],64.2575,ranked,full,100.0,True,True,False
LEA,Lear Corporation Common Stock,nasdaqtrader:N:LEA,common_equity,eligible,N,,121.93,,92149700.36888888,-9.881744271988179,-11.246178483039737,-12.438061041292636,27.156116383355933,17.99165994081249,46.02573108030427,,,False,,277.0,,2026-08-11,,full,"{""as_of"": ""2026-08-11"", ""listing_date"": null, ""reason_code"": ""valid_trading_sessions"", ""status"": ""full"", ""valid_trading_sessions"": 277}","[""l1.csv""]",[],64.2479,ranked,full,100.0,True,True,False
EQT,EQT Corporation Common Stock,nasdaqtrader:N:EQT,common_equity,eligible,N,,54.37,,378612622.71126986,9.352373290426375,-3.6846767050487284,-3.135578122216287,6.005069214271774,19.96172530546152,34.63149660599758,,,False,,277.0,,2026-08-11,,full,"{""as_of"": ""2026-08-11"", ""listing_date"": null, ""reason_code"": ""valid_trading_sessions"", ""status"": ""full"", ""valid_trading_sessions"": 277}","[""l1.csv""]",[],64.2404,ranked,full,100.0,True,True,False
NRG,"NRG Energy, Inc. Common Stock",nasdaqtrader:N:NRG,common_equity,eligible,N,,119.79,,382841926.19603175,-14.116719242902198,-12.753095411507653,-23.073465193937835,-21.469778418775398,34.907352062163774,67.55928483254456,,,False,,277.0,,2026-08-11,,full,"{""as_of"": ""2026-08-11"", ""listing_date"": null, ""reason_code"": ""valid_trading_sessions"", ""status"": ""full"", ""valid_trading_sessions"": 277}","[""l1.csv""]",[],64.2376,ranked,full,100.0,True,True,False
NXT,Nextpower Inc. - Class A Common Stock,nasdaqtrader:Q:NXT,common_equity,eligible,Q,,104.88,,373045761.5031746,5.227249924751676,-16.933312212894037,-13.941084762451805,86.58601672300301,32.94117647058824,73.35963445199305,,,False,,277.0,,2026-08-11,,full,"{""as_of"": ""2026-08-11"", ""listing_date"": null, ""reason_code"": ""valid_trading_sessions"", ""status"": ""full"", ""valid_trading_sessions"": 277}","[""l1.csv""]",[],64.2255,ranked,full,100.0,True,True,False
EBAY,eBay Inc. - Common Stock,nasdaqtrader:Q:EBAY,common_equity,eligible,Q,,106.01,,471736661.6907143,-7.889477799982625,-1.9606029778969636,21.348443223443226,13.817908524801382,10.886012104909204,34.411774324598106,,,False,,277.0,,2026-08-11,,full,"{""as_of"": ""2026-08-11"", ""listing_date"": null, ""reason_code"": ""valid_trading_sessions"", ""status"": ""full"", ""valid_trading_sessions"": 277}","[""l1.csv""]",[],64.2215,ranked,full,100.0,True,True,False
MNST,Monster Beverage Corporation - Common Stock,nasdaqtrader:Q:MNST,common_equity,eligible,Q,,45.53,,537729548.461746,-6.201071281417381,5.369127516778516,12.558714462299125,40.74188562596599,8.885331198719227,25.44032910543211,,,False,,277.0,,2026-08-11,,full,"{""as_of"": ""2026-08-11"", ""listing_date"": null, ""reason_code"": ""valid_trading_sessions"", ""status"": ""full"", ""valid_trading_sessions"": 277}","[""l1.csv""]",[],64.2213,ranked,full,100.0,True,True,False
RIO,Rio Tinto Plc Common Stock,nasdaqtrader:N:RIO,common_equity,eligible,N,,100.99,,266611568.05285713,12.398441847523657,-6.40407784986099,4.274651522973683,63.255738764953115,9.862549089610862,29.041449934165037,,,False,,277.0,,2026-08-11,,full,"{""as_of"": ""2026-08-11"", ""listing_date"": null, ""reason_code"": ""valid_trading_sessions"", ""status"": ""full"", ""valid_trading_sessions"": 277}","[""l1.csv""]",[],64.2156,ranked,full,100.0,True,True,False
NU,Nu Holdings Ltd. Class A Ordinary Shares,nasdaqtrader:N:NU,common_equity,eligible,N,,13.65,,999913228.6339682,-0.1463057790782707,1.1111111111111072,-22.22222222222222,10.975609756097548,27.23880597014926,32.68154734388274,,,False,,277.0,,2026-08-11,,full,"{""as_of"": ""2026-08-11"", ""listing_date"": null, ""reason_code"": ""valid_trading_sessions"", ""status"": ""full"", ""valid_trading_sessions"": 277}","[""l1.csv""]",[],64.2152,ranked,full,100.0,True,True,False
CRWV,"CoreWeave, Inc. - Class A Common Stock",nasdaqtrader:Q:CRWV,common_equity,eligible,Q,,90.32,,2726089777.941508,8.4143560196855,-21.255448997384484,-6.684574852774061,-30.281744500192985,39.280672268907566,120.40774169820705,,,False,,277.0,,2026-08-11,,full,"{""as_of"": ""2026-08-11"", ""listing_date"": null, ""reason_code"": ""valid_trading_sessions"", ""status"": ""full"", ""valid_trading_sessions"": 277}","[""l1.csv""]",[],64.2146,ranked,full,100.0,True,True,False
ICLN,iShares Global Clean Energy ETF,US:ICLN,etf,eligible,Q,,18.2,,121959777.9538889,-2.281879194630876,-16.244822825586745,-4.411764705882348,32.943754565376196,23.368421052631582,35.68624653212891,,,False,,277.0,,2026-08-11,,full,"{""as_of"": ""2026-08-11"", ""listing_date"": null, ""reason_code"": ""valid_trading_sessions"", ""status"": ""full"", ""valid_trading_sessions"": 277}","[""l1.csv""]",[],64.1991,ranked,full,100.0,True,True,False
RGLD,"Royal Gold, Inc. - Common Stock",nasdaqtrader:Q:RGLD,common_equity,eligible,Q,,233.51,,151951858.6526984,20.69571509794801,-4.740341859421537,-16.3676086100068,38.19612949044209,23.260705248282896,35.701690881521245,,,False,,277.0,,2026-08-11,,full,"{""as_of"": ""2026-08-11"", ""listing_date"": null, ""reason_code"": ""valid_trading_sessions"", ""status"": ""full"", ""valid_trading_sessions"": 277}","[""l1.csv""]",[],64.1848,ranked,full,100.0,True,True,False
SAP,SAP  SE ADS,nasdaqtrader:N:SAP,adr,eligible,N,,209.68,,541127427.7036508,31.074576483090578,23.26866549088773,-0.34694168528111025,-28.221278926468575,27.00181033282273,47.07596307537413,,,False,,277.0,,2026-08-11,,full,"{""as_of"": ""2026-08-11"", ""listing_date"": null, ""reason_code"": ""valid_trading_sessions"", ""status"": ""full"", ""valid_trading_sessions"": 277}","[""l1.csv""]",[],64.1836,ranked,full,100.0,True,True,False
TLN,Talen Energy Corporation - Common Stock,nasdaqtrader:Q:TLN,common_equity,eligible,Q,,357.88,,310449843.84015876,-9.706067869307432,-6.6659712080116895,1.1932364417802432,-4.483826198355933,19.729050780549073,56.06261095330236,,,False,,277.0,,2026-08-11,,full,"{""as_of"": ""2026-08-11"", ""listing_date"": null, ""reason_code"": ""valid_trading_sessions"", ""status"": ""full"", ""valid_trading_sessions"": 277}","[""l1.csv""]",[],64.1823,ranked,full,100.0,True,True,False
VRT,"Vertiv Holdings, LLC Class A Common Stock",nasdaqtrader:N:VRT,common_equity,eligible,N,,281.81,,1914755453.8300002,-7.8660868996632605,-23.404544466188305,39.50990099009901,101.39355391981707,25.09635063657869,85.2090907348041,,,False,,277.0,,2026-08-11,,full,"{""as_of"": ""2026-08-11"", ""listing_date"": null, ""reason_code"": ""valid_trading_sessions"", ""status"": ""full"", ""valid_trading_sessions"": 277}","[""l1.csv""]",[],64.1795,ranked,full,100.0,True,True,False
ROK,"Rockwell Automation, Inc. Common Stock",nasdaqtrader:N:ROK,common_equity,eligible,N,,447.0,,383186868.5538095,-2.9210554891953455,-2.115359348311663,8.849169629377096,34.14158389100621,9.711561767795097,35.74910693999293,,,False,,277.0,,2026-08-11,,full,"{""as_of"": ""2026-08-11"", ""listing_date"": null, ""reason_code"": ""valid_trading_sessions"", ""status"": ""full"", ""valid_trading_sessions"": 277}","[""l1.csv""]",[],64.1779,ranked,full,100.0,True,True,False
PTCT,"PTC Therapeutics, Inc. - Common Stock",nasdaqtrader:Q:PTCT,common_equity,eligible,Q,,73.7,,133522874.78190477,-9.381532030001228,-4.098893949251781,-0.6202804746493928,62.40634640810929,17.69960915689558,45.520240821207594,,,False,,277.0,,2026-08-11,,full,"{""as_of"": ""2026-08-11"", ""listing_date"": null, ""reason_code"": ""valid_trading_sessions"", ""status"": ""full"", ""valid_trading_sessions"": 277}","[""l1.csv""]",[],64.1749,ranked,full,100.0,True,True,False
ABT,Abbott Laboratories Common Stock,nasdaqtrader:N:ABT,common_equity,eligible,N,,109.72,,1160613836.5974603,19.118445337096944,32.89728682170543,-1.2154497163950562,-18.2901400059577,19.689650124432735,38.35925908695327,,,False,,277.0,,2026-08-11,,full,"{""as_of"": ""2026-08-11"", ""listing_date"": null, ""reason_code"": ""valid_trading_sessions"", ""status"": ""full"", ""valid_trading_sessions"": 277}","[""l1.csv""]",[],64.1724,ranked,full,100.0,True,True,False
QURE,uniQure N.V. - Ordinary Shares,nasdaqtrader:Q:QURE,common_equity,eligible,Q,,45.0,,78828356.94460317,9.48905109489051,62.807525325615046,72.7447216890595,238.85542168674698,36.25159371015725,53.22989273143476,,,False,,277.0,,2026-08-11,,full,"{""as_of"": ""2026-08-11"", ""listing_date"": null, ""reason_code"": ""valid_trading_sessions"", ""status"": ""full"", ""valid_trading_sessions"": 277}","[""l1.csv""]",[],64.1666,ranked,full,100.0,True,True,False
MKC,"McCormick & Company, Incorporated Common Stock",nasdaqtrader:N:MKC,common_equity,eligible,N,,52.89,,200570540.69444445,-1.6000000000000014,12.364563416188656,-22.025652366209634,-24.786689419795216,26.805978411292564,32.594960755750705,,,False,,277.0,,2026-08-11,,full,"{""as_of"": ""2026-08-11"", ""listing_date"": null, ""reason_code"": ""valid_trading_sessions"", ""status"": ""full"", ""valid_trading_sessions"": 277}","[""l1.csv""]",[],64.1575,ranked,full,100.0,True,True,False
RACE,Ferrari N.V. Common Shares,nasdaqtrader:N:RACE,common_equity,eligible,N,,410.26,,211733095.8163492,9.995174003968032,24.600619571159577,22.053967215065605,-7.5657894736842035,18.613739609990276,29.503749495937935,,,False,,277.0,,2026-08-11,,full,"{""as_of"": ""2026-08-11"", ""listing_date"": null, ""reason_code"": ""valid_trading_sessions"", ""status"": ""full"", ""valid_trading_sessions"": 277}","[""l1.csv""]",[],64.1534,ranked,full,100.0,True,True,False
WMT,Walmart Inc. - Common Stock,nasdaqtrader:Q:WMT,common_equity,eligible,Q,,113.26,,2758612549.5458727,-1.3242725213451823,-11.231287718473236,-12.215160440241824,9.187313217005698,15.603576751117721,23.558814976650165,,,False,,277.0,,2026-08-11,,full,"{""as_of"": ""2026-08-11"", ""listing_date"": null, ""reason_code"": ""valid_trading_sessions"", ""status"": ""full"", ""valid_trading_sessions"": 277}","[""l1.csv""]",[],64.1509,ranked,full,100.0,True,True,False
IBRX,"ImmunityBio, Inc. - Common Stock",nasdaqtrader:Q:IBRX,common_equity,eligible,Q,,7.6,,94285258.07571429,-2.4390243902439046,-6.288532675709002,9.66810966810967,211.47540983606555,34.19913419913421,62.93890460923618,,,False,,277.0,,2026-08-11,,full,"{""as_of"": ""2026-08-11"", ""listing_date"": null, ""reason_code"": ""valid_trading_sessions"", ""status"": ""full"", ""valid_trading_sessions"": 277}","[""l1.csv""]",[],64.1432,ranked,full,100.0,True,True,False
BAND,Bandwidth Inc. - Class A Common Stock,nasdaqtrader:Q:BAND,common_equity,eligible,Q,,51.62,,77440113.92849205,-30.06367700853544,3.3433433433433413,288.41234010534237,286.0882572924458,34.19173890872004,138.01192741533268,,,False,,277.0,,2026-08-11,,full,"{""as_of"": ""2026-08-11"", ""listing_date"": null, ""reason_code"": ""valid_trading_sessions"", ""status"": ""full"", ""valid_trading_sessions"": 277}","[""l1.csv""]",[],64.1422,ranked,full,100.0,True,True,False
VIST,"Vista Energy S.A.B. de C.V. American Depositary Shares, each representing one series A share, with no par value",nasdaqtrader:N:VIST,adr,eligible,N,,66.13,,63444334.855238095,1.0080953108293933,-1.047433787221308,18.938848920863304,55.9302051402971,16.555205047318623,45.15898432320393,,,False,,277.0,,2026-08-11,,full,"{""as_of"": ""2026-08-11"", ""listing_date"": null, ""reason_code"": ""valid_trading_sessions"", ""status"": ""full"", ""valid_trading_sessions"": 277}","[""l1.csv""]",[],64.1388,ranked,full,100.0,True,True,False
ELV,"Elevance Health, Inc. Common Stock",nasdaqtrader:N:ELV,common_equity,eligible,N,,390.37,,644270879.6571429,-8.184961309593808,2.2580222658808102,19.196946564885508,32.783428007755354,8.53347079359873,44.53206027306034,,,False,,277.0,,2026-08-11,,full,"{""as_of"": ""2026-08-11"", ""listing_date"": null, ""reason_code"": ""valid_trading_sessions"", ""status"": ""full"", ""valid_trading_sessions"": 277}","[""l1.csv""]",[],64.1334,ranked,full,100.0,True,True,False
TS,Tenaris S.A. American Depositary Shares,nasdaqtrader:N:TS,adr,eligible,N,,53.44,,78578157.51650794,-4.315129811996421,-13.62534346209795,12.481582824668491,49.48251748251749,16.52608559825055,30.265844638298855,,,False,,277.0,,2026-08-11,,full,"{""as_of"": ""2026-08-11"", ""listing_date"": null, ""reason_code"": ""valid_trading_sessions"", ""status"": ""full"", ""valid_trading_sessions"": 277}","[""l1.csv""]",[],64.1315,ranked,full,100.0,True,True,False
ENSG,"The Ensign Group, Inc. - Common Stock",nasdaqtrader:Q:ENSG,common_equity,eligible,Q,,180.2,,130543635.0790476,7.013480610487566,6.3691635676760505,-9.579005469416435,12.183278341530212,16.508363063522225,24.805362532860695,,,False,,277.0,,2026-08-11,,full,"{""as_of"": ""2026-08-11"", ""listing_date"": null, ""reason_code"": ""valid_trading_sessions"", ""status"": ""full"", ""valid_trading_sessions"": 277}","[""l1.csv""]",[],64.1271,ranked,full,100.0,True,True,False
XYL,Xylem Inc. Common Stock New,nasdaqtrader:N:XYL,common_equity,eligible,N,,123.18,,224095543.61666667,1.6252784423727462,9.982142857142872,-12.133533062272628,-13.64879074658254,19.46387708401437,29.36595900389915,,,False,,277.0,,2026-08-11,,full,"{""as_of"": ""2026-08-11"", ""listing_date"": null, ""reason_code"": ""valid_trading_sessions"", ""status"": ""full"", ""valid_trading_sessions"": 277}","[""l1.csv""]",[],64.116,ranked,full,100.0,True,True,False
MCK,McKesson Corporation Common Stock,nasdaqtrader:N:MCK,common_equity,eligible,N,,901.77,,896251836.6988889,11.017136947850492,24.35291035205538,-6.292085792667724,34.87839899488468,9.432654741937762,35.36872409328919,,,False,,277.0,,2026-08-11,,full,"{""as_of"": ""2026-08-11"", ""listing_date"": null, ""reason_code"": ""valid_trading_sessions"", ""status"": ""full"", ""valid_trading_sessions"": 277}","[""l1.csv""]",[],64.1082,ranked,full,100.0,True,True,False
CIFR,Cipher Digital Inc. - Common Stock,nasdaqtrader:Q:CIFR,common_equity,eligible,Q,,17.21,,605395695.6815873,-14.314164799601691,-15.138067061143989,2.6849642004773244,262.3157894736842,41.021247429746396,149.90118395981972,,,False,,277.0,,2026-08-11,,full,"{""as_of"": ""2026-08-11"", ""listing_date"": null, ""reason_code"": ""valid_trading_sessions"", ""status"": ""full"", ""valid_trading_sessions"": 277}","[""l1.csv""]",[],64.0986,ranked,full,100.0,True,True,False
YOU,"Clear Secure, Inc. Class A Common Stock",nasdaqtrader:N:YOU,common_equity,eligible,N,,48.28,,79720995.80920635,-9.04295403165033,-15.13447002988223,46.21441550575407,50.78076202373516,22.578576010262985,52.96092877369837,,,False,,277.0,,2026-08-11,,full,"{""as_of"": ""2026-08-11"", ""listing_date"": null, ""reason_code"": ""valid_trading_sessions"", ""status"": ""full"", ""valid_trading_sessions"": 277}","[""l1.csv""]",[],64.0938,ranked,full,100.0,True,True,False
TREX,"Trex Company, Inc. Common Stock",nasdaqtrader:N:TREX,common_equity,eligible,N,,49.74,,93374707.08095239,8.36601307189544,25.92405063291139,13.587577072390955,-16.794914687186346,24.441743885766364,43.526617016360255,,,False,,277.0,,2026-08-11,,full,"{""as_of"": ""2026-08-11"", ""listing_date"": null, ""reason_code"": ""valid_trading_sessions"", ""status"": ""full"", ""valid_trading_sessions"": 277}","[""l1.csv""]",[],64.0922,ranked,full,100.0,True,True,False
NVS,Novartis AG Common Stock,nasdaqtrader:N:NVS,common_equity,eligible,N,,154.61,,276313613.1315873,0.8085023146638948,6.458720650003458,-1.5536453358802937,32.32625813077714,8.308622939153121,24.564975089645035,,,False,,277.0,,2026-08-11,,full,"{""as_of"": ""2026-08-11"", ""listing_date"": null, ""reason_code"": ""valid_trading_sessions"", ""status"": ""full"", ""valid_trading_sessions"": 277}","[""l1.csv""]",[],64.0772,ranked,full,100.0,True,True,False
FORM,"FormFactor, Inc. - Common Stock",nasdaqtrader:Q:FORM,common_equity,eligible,Q,,121.07,,219693912.77896827,9.76427923844061,-20.033025099075306,27.60328836424957,323.61791462561234,24.298130432064035,127.95665417878655,,,False,,277.0,,2026-08-11,,full,"{""as_of"": ""2026-08-11"", ""listing_date"": null, ""reason_code"": ""valid_trading_sessions"", ""status"": ""full"", ""valid_trading_sessions"": 277}","[""l1.csv""]",[],64.0731,ranked,full,100.0,True,True,False
INFY,Infosys Limited American Depositary Shares,nasdaqtrader:N:INFY,adr,eligible,N,,12.6,,268224499.0549206,9.565217391304337,2.4390243902439046,-22.74678111587982,-21.20075046904315,37.68545994065282,46.41174832727173,,,False,,277.0,,2026-08-11,,full,"{""as_of"": ""2026-08-11"", ""listing_date"": null, ""reason_code"": ""valid_trading_sessions"", ""status"": ""full"", ""valid_trading_sessions"": 277}","[""l1.csv""]",[],64.071,ranked,full,100.0,True,True,False
FPS,"Forgent Power Solutions, Inc. Class A Common Stock",nasdaqtrader:N:FPS,common_equity,eligible,N,,37.72,,390020461.45031744,-11.455399061032868,-12.319851231985135,12.597014925373129,,41.600867007276676,91.98318647801517,,,False,,129.0,,2026-08-11,,limited_but_usable,"{""as_of"": ""2026-08-11"", ""listing_date"": null, ""reason_code"": ""valid_trading_sessions"", ""status"": ""limited_but_usable"", ""valid_trading_sessions"": 129}","[""l1.csv""]",[],64.0599,ranked,limited_but_usable,100.0,True,True,True
COKE,"Coca-Cola Consolidated, Inc. - Common Stock",nasdaqtrader:Q:COKE,common_equity,eligible,Q,,181.71,,102069566.64761905,2.0785349137689035,6.5872829657438015,17.92458952560192,59.24108316536676,16.22792863399566,37.95847933302209,,,False,,277.0,,2026-08-11,,full,"{""as_of"": ""2026-08-11"", ""listing_date"": null, ""reason_code"": ""valid_trading_sessions"", ""status"": ""full"", ""valid_trading_sessions"": 277}","[""l1.csv""]",[],64.057,ranked,full,100.0,True,True,False
VERA,"Vera Therapeutics, Inc. - Class A Common Stock",nasdaqtrader:Q:VERA,common_equity,eligible,Q,,30.29,,68416049.50007936,-27.012048192771086,-17.263042884457803,-30.923603192702398,53.05709954522486,45.59008442608228,52.90752808491551,,,False,,277.0,,2026-08-11,,full,"{""as_of"": ""2026-08-11"", ""listing_date"": null, ""reason_code"": ""valid_trading_sessions"", ""status"": ""full"", ""valid_trading_sessions"": 277}","[""l1.csv""]",[],64.044,ranked,full,100.0,True,True,False
AMKR,"Amkor Technology, Inc. - Common Stock",nasdaqtrader:Q:AMKR,common_equity,eligible,Q,,54.3,,394287628.5063492,-17.801998183469582,-29.195462250619375,3.3891850723533734,134.76005188067447,41.95617316942811,121.94685097693653,,,False,,277.0,,2026-08-11,,full,"{""as_of"": ""2026-08-11"", ""listing_date"": null, ""reason_code"": ""valid_trading_sessions"", ""status"": ""full"", ""valid_trading_sessions"": 277}","[""l1.csv""]",[],64.0363,ranked,full,100.0,True,True,False
APO,"Apollo Global Management, Inc. (New) Common Stock",nasdaqtrader:N:APO,common_equity,eligible,N,,140.28,,517500395.5369841,18.050997222923513,7.527211405794865,4.725643896976495,-1.1903923364090963,8.133595284872285,36.160562819489236,,,False,,277.0,,2026-08-11,,full,"{""as_of"": ""2026-08-11"", ""listing_date"": null, ""reason_code"": ""valid_trading_sessions"", ""status"": ""full"", ""valid_trading_sessions"": 277}","[""l1.csv""]",[],64.0334,ranked,full,100.0,True,True,False
VOYG,"Voyager Technologies, Inc. Class A Common Stock",nasdaqtrader:N:VOYG,common_equity,eligible,N,,42.9,,89064136.67523809,44.639244774106544,39.195327709279695,47.676419965576585,39.28571428571428,17.133474985512855,108.47479336747774,,,False,,277.0,,2026-08-11,,full,"{""as_of"": ""2026-08-11"", ""listing_date"": null, ""reason_code"": ""valid_trading_sessions"", ""status"": ""full"", ""valid_trading_sessions"": 277}","[""l1.csv""]",[],64.0334,ranked,full,100.0,True,True,False
WULF,TeraWulf Inc. - Common Stock,nasdaqtrader:Q:WULF,common_equity,eligible,Q,,16.75,,701554457.1174604,-19.818094782192443,-28.326914848095853,0.6006006006006093,233.00198807157057,42.201518288474816,102.68004081248299,,,False,,277.0,,2026-08-11,,full,"{""as_of"": ""2026-08-11"", ""listing_date"": null, ""reason_code"": ""valid_trading_sessions"", ""status"": ""full"", ""valid_trading_sessions"": 277}","[""l1.csv""]",[],64.0199,ranked,full,100.0,True,True,False
LUMN,"Lumen Technologies, Inc. Common Stock",nasdaqtrader:N:LUMN,common_equity,eligible,N,,6.38,,112647286.62,-1.0852713178294615,-23.501199040767386,-17.88931788931789,69.68085106382979,46.06931530008453,65.6721951480422,,,False,,277.0,,2026-08-11,,full,"{""as_of"": ""2026-08-11"", ""listing_date"": null, ""reason_code"": ""valid_trading_sessions"", ""status"": ""full"", ""valid_trading_sessions"": 277}","[""l1.csv""]",[],64.012,ranked,full,100.0,True,True,False
BCO,Brinks Company (The) Common Stock,nasdaqtrader:N:BCO,common_equity,eligible,N,,113.91,,56644224.32714286,6.04170545522249,8.279467680608366,-12.625604050011507,7.9817992226751455,15.983183360377652,36.55901413936019,,,False,,277.0,,2026-08-11,,full,"{""as_of"": ""2026-08-11"", ""listing_date"": null, ""reason_code"": ""valid_trading_sessions"", ""status"": ""full"", ""valid_trading_sessions"": 277}","[""l1.csv""]",[],63.9958,ranked,full,100.0,True,True,False
RKT,"Rocket Companies, Inc. Class A Common Stock",nasdaqtrader:N:RKT,common_equity,eligible,N,,14.32,,420153998.48539686,2.947519769949669,-3.4389750505731564,-26.976032636409997,-14.812611540749543,38.907849829351534,50.38573283401323,,,False,,277.0,,2026-08-11,,full,"{""as_of"": ""2026-08-11"", ""listing_date"": null, ""reason_code"": ""valid_trading_sessions"", ""status"": ""full"", ""valid_trading_sessions"": 277}","[""l1.csv""]",[],63.9895,ranked,full,100.0,True,True,False
HUM,Humana Inc. Common Stock,nasdaqtrader:N:HUM,common_equity,eligible,N,,372.82,,543793616.0157143,-8.17241379310345,35.936702399183254,96.74916882157369,39.80050997450127,8.939475355380788,40.470925752164014,,,False,,277.0,,2026-08-11,,full,"{""as_of"": ""2026-08-11"", ""listing_date"": null, ""reason_code"": ""valid_trading_sessions"", ""status"": ""full"", ""valid_trading_sessions"": 277}","[""l1.csv""]",[],63.9849,ranked,full,100.0,True,True,False
WMB,"Williams Companies, Inc. (The) Common Stock",nasdaqtrader:N:WMB,common_equity,eligible,N,,72.31,,519533493.7909524,-2.887456352403961,-2.520895119978439,6.573323507737672,24.909310761789595,8.929471032745596,25.027835200405672,,,False,,277.0,,2026-08-11,,full,"{""as_of"": ""2026-08-11"", ""listing_date"": null, ""reason_code"": ""valid_trading_sessions"", ""status"": ""full"", ""valid_trading_sessions"": 277}","[""l1.csv""]",[],63.9824,ranked,full,100.0,True,True,False
CAG,"ConAgra Brands, Inc. Common Stock",nasdaqtrader:N:CAG,common_equity,eligible,N,,14.93,,246209882.41095236,4.187020237264472,7.178750897343855,-22.158498435870698,-22.441558441558442,25.424575424575423,40.86586480729382,,,False,,277.0,,2026-08-11,,full,"{""as_of"": ""2026-08-11"", ""listing_date"": null, ""reason_code"": ""valid_trading_sessions"", ""status"": ""full"", ""valid_trading_sessions"": 277}","[""l1.csv""]",[],63.9733,ranked,full,100.0,True,True,False
UUUU,Energy Fuels Inc Ordinary Shares (Canada),nasdaqtrader:A:UUUU,common_equity,eligible,A,,14.78,,137010273.88047618,13.256704980842905,-32.94010889292196,-36.01731601731603,54.764397905759154,46.681096681096676,70.58782055578764,,,False,,277.0,,2026-08-11,,full,"{""as_of"": ""2026-08-11"", ""listing_date"": null, ""reason_code"": ""valid_trading_sessions"", ""status"": ""full"", ""valid_trading_sessions"": 277}","[""l1.csv""]",[],63.9713,ranked,full,100.0,True,True,False
DLB,Dolby Laboratories Common Stock,nasdaqtrader:N:DLB,common_equity,eligible,N,,61.36,,50646708.02079365,24.311183144246364,6.5462753950338515,-7.840192249924904,-15.435501653803751,18.857445120338546,44.440477462204925,,,False,,277.0,,2026-08-11,,full,"{""as_of"": ""2026-08-11"", ""listing_date"": null, ""reason_code"": ""valid_trading_sessions"", ""status"": ""full"", ""valid_trading_sessions"": 277}","[""l1.csv""]",[],63.9644,ranked,full,100.0,True,True,False
PAYX,"Paychex, Inc. - Common Stock",nasdaqtrader:Q:PAYX,common_equity,eligible,Q,,121.3,,350056200.6843651,9.525959367945823,29.207498934810406,23.66194311346721,-14.087399957504076,13.855550031957964,32.67049036500747,,,False,,277.0,,2026-08-11,,full,"{""as_of"": ""2026-08-11"", ""listing_date"": null, ""reason_code"": ""valid_trading_sessions"", ""status"": ""full"", ""valid_trading_sessions"": 277}","[""l1.csv""]",[],63.9639,ranked,full,100.0,True,True,False
PEP,"PepsiCo, Inc. - Common Stock",nasdaqtrader:Q:PEP,common_equity,eligible,Q,,138.41,,1241299848.4542856,-0.05776590367536638,-7.3622916806104,-16.85588995014117,-4.682873080366379,18.81635286527069,26.6045179882733,,,False,,277.0,,2026-08-11,,full,"{""as_of"": ""2026-08-11"", ""listing_date"": null, ""reason_code"": ""valid_trading_sessions"", ""status"": ""full"", ""valid_trading_sessions"": 277}","[""l1.csv""]",[],63.9541,ranked,full,100.0,True,True,False
TARS,"Tarsus Pharmaceuticals, Inc. - Common Stock",nasdaqtrader:Q:TARS,common_equity,eligible,Q,,69.46,,59684378.28904762,17.11347158995109,16.445934618608547,6.0458015267175425,45.16196447230929,15.816264695188476,61.4936111645766,,,False,,277.0,,2026-08-11,,full,"{""as_of"": ""2026-08-11"", ""listing_date"": null, ""reason_code"": ""valid_trading_sessions"", ""status"": ""full"", ""valid_trading_sessions"": 277}","[""l1.csv""]",[],63.9541,ranked,full,100.0,True,True,False
GSK,GSK plc American Depositary Shares (Each representing two Ordinary Shares),nasdaqtrader:N:GSK,adr,eligible,N,,50.9,,206069654.138254,-2.658252055842414,2.188315599277235,-13.743433316387055,34.65608465608465,16.802876757110162,27.981907898438397,,,False,,277.0,,2026-08-11,,full,"{""as_of"": ""2026-08-11"", ""listing_date"": null, ""reason_code"": ""valid_trading_sessions"", ""status"": ""full"", ""valid_trading_sessions"": 277}","[""l1.csv""]",[],63.9507,ranked,full,100.0,True,True,False
RITM,Rithm Capital Corp. Common Stock,nasdaqtrader:N:RITM,common_equity,eligible,N,,10.25,,53414716.98063492,13.009922822491738,5.670103092783507,-3.7558685446009377,-16.462917685411572,18.7797147385103,29.397810013592878,,,False,,277.0,,2026-08-11,,full,"{""as_of"": ""2026-08-11"", ""listing_date"": null, ""reason_code"": ""valid_trading_sessions"", ""status"": ""full"", ""valid_trading_sessions"": 277}","[""l1.csv""]",[],63.9449,ranked,full,100.0,True,True,False
LSCC,Lattice Semiconductor Corporation - Common Stock,nasdaqtrader:Q:LSCC,common_equity,eligible,Q,,126.12,,281837196.1568254,-3.5337310692978408,-2.2022332506203446,44.071281699794376,105.03983092180134,18.773748953435955,72.72301467167802,,,False,,277.0,,2026-08-11,,full,"{""as_of"": ""2026-08-11"", ""listing_date"": null, ""reason_code"": ""valid_trading_sessions"", ""status"": ""full"", ""valid_trading_sessions"": 277}","[""l1.csv""]",[],63.9434,ranked,full,100.0,True,True,False
UCTT,"Ultra Clean Holdings, Inc. - Common Stock",nasdaqtrader:Q:UCTT,common_equity,eligible,Q,,86.065,,134685669.79761904,-12.402035623409668,0.7197191339964881,69.48601811736903,270.9698275862069,39.641629847815416,135.7536339288676,,,False,,277.0,,2026-08-11,,full,"{""as_of"": ""2026-08-11"", ""listing_date"": null, ""reason_code"": ""valid_trading_sessions"", ""status"": ""full"", ""valid_trading_sessions"": 277}","[""l1.csv""]",[],63.9406,ranked,full,100.0,True,True,False
ESE,ESCO Technologies Inc. Common Stock,nasdaqtrader:N:ESE,common_equity,eligible,N,,295.41,,80596150.13126983,-7.920329156536365,-0.8192042974651703,9.842344017252923,52.85625582117357,16.76246830092982,38.22905425626448,,,False,,277.0,,2026-08-11,,full,"{""as_of"": ""2026-08-11"", ""listing_date"": null, ""reason_code"": ""valid_trading_sessions"", ""status"": ""full"", ""valid_trading_sessions"": 277}","[""l1.csv""]",[],63.9406,ranked,full,100.0,True,True,False
UI,Ubiquiti Inc. Common Stock,nasdaqtrader:N:UI,common_equity,eligible,N,,573.26,,66016637.35111111,6.027706364325747,-22.386645184874297,-19.528903113506836,22.17557170563287,47.14061779621945,28.258742893018518,,,False,,277.0,,2026-08-11,,full,"{""as_of"": ""2026-08-11"", ""listing_date"": null, ""reason_code"": ""valid_trading_sessions"", ""status"": ""full"", ""valid_trading_sessions"": 277}","[""l1.csv""]",[],63.9406,ranked,full,100.0,True,True,False
SANA,"Sana Biotechnology, Inc. - Common Stock",nasdaqtrader:Q:SANA,common_equity,eligible,Q,,3.79,,11919386.313809523,4.120879120879128,6.460674157303381,-5.249999999999999,26.333333333333343,35.979729729729726,66.014449035502,,,False,,277.0,,2026-08-11,,full,"{""as_of"": ""2026-08-11"", ""listing_date"": null, ""reason_code"": ""valid_trading_sessions"", ""status"": ""full"", ""valid_trading_sessions"": 277}","[""l1.csv""]",[],63.9347,ranked,full,100.0,True,True,False
ICHR,Ichor Holdings - Ordinary Shares,nasdaqtrader:Q:ICHR,common_equity,eligible,Q,,67.51,,95607389.2084127,-25.329056520296422,-12.267706302794023,97.91849897390796,287.098623853211,39.873530459565366,129.54379618025274,,,False,,277.0,,2026-08-11,,full,"{""as_of"": ""2026-08-11"", ""listing_date"": null, ""reason_code"": ""valid_trading_sessions"", ""status"": ""full"", ""valid_trading_sessions"": 277}","[""l1.csv""]",[],63.9251,ranked,full,100.0,True,True,False
VIAV,Viavi Solutions Inc. - Common Stock,nasdaqtrader:Q:VIAV,common_equity,eligible,Q,,38.4,,317155443.75238097,-6.158357771261002,-30.09284543965046,39.02968863142648,251.32662397072275,30.5982288089644,84.91158852437599,,,False,,277.0,,2026-08-11,,full,"{""as_of"": ""2026-08-11"", ""listing_date"": null, ""reason_code"": ""valid_trading_sessions"", ""status"": ""full"", ""valid_trading_sessions"": 277}","[""l1.csv""]",[],63.9131,ranked,full,100.0,True,True,False
NVR,"NVR, Inc. Common Stock",nasdaqtrader:N:NVR,common_equity,eligible,N,,6429.96,,202174850.50904763,-0.12472837019007477,8.785636822898258,-18.424815249452887,-18.180152392004768,24.734168324944395,31.31175994081392,,,False,,277.0,,2026-08-11,,full,"{""as_of"": ""2026-08-11"", ""listing_date"": null, ""reason_code"": ""valid_trading_sessions"", ""status"": ""full"", ""valid_trading_sessions"": 277}","[""l1.csv""]",[],63.8812,ranked,full,100.0,True,True,False
TGTX,"TG Therapeutics, Inc. - Common Stock",nasdaqtrader:Q:TGTX,common_equity,eligible,Q,,49.9,,117959409.19928572,-9.289220141792399,15.669911914696332,68.6950642325896,86.82141520029951,15.509651202167296,53.48795295080282,,,False,,277.0,,2026-08-11,,full,"{""as_of"": ""2026-08-11"", ""listing_date"": null, ""reason_code"": ""valid_trading_sessions"", ""status"": ""full"", ""valid_trading_sessions"": 277}","[""l1.csv""]",[],63.8774,ranked,full,100.0,True,True,False
GTLB,GitLab Inc. - Class A Common Stock,nasdaqtrader:Q:GTLB,common_equity,eligible,Q,,42.11,,169294164.66626984,25.814161936062142,64.2355694227769,29.72889710412816,4.181098466105881,17.4960815047022,53.566982746916416,,,False,,277.0,,2026-08-11,,full,"{""as_of"": ""2026-08-11"", ""listing_date"": null, ""reason_code"": ""valid_trading_sessions"", ""status"": ""full"", ""valid_trading_sessions"": 277}","[""l1.csv""]",[],63.874,ranked,full,100.0,True,True,False
SGRY,"Surgery Partners, Inc. - Common Stock",nasdaqtrader:Q:SGRY,common_equity,eligible,Q,,15.0,,22801333.536666665,-6.132665832290362,8.853410740203206,11.275964391691385,-36.54822335025381,37.08053691275168,56.78479963801409,,,False,,277.0,,2026-08-11,,full,"{""as_of"": ""2026-08-11"", ""listing_date"": null, ""reason_code"": ""valid_trading_sessions"", ""status"": ""full"", ""valid_trading_sessions"": 277}","[""l1.csv""]",[],63.8613,ranked,full,100.0,True,True,False
CRVL,CorVel Corp. - Common Stock,nasdaqtrader:Q:CRVL,common_equity,eligible,Q,,61.2,,13076966.436825396,-3.271692745376953,7.387260922968952,33.04347826086958,-28.99408284023668,33.93782383419689,30.142319989685696,,,False,,277.0,,2026-08-11,,full,"{""as_of"": ""2026-08-11"", ""listing_date"": null, ""reason_code"": ""valid_trading_sessions"", ""status"": ""full"", ""valid_trading_sessions"": 277}","[""l1.csv""]",[],63.8584,ranked,full,100.0,True,True,False
MUR,Murphy Oil Corporation Common Stock,nasdaqtrader:N:MUR,common_equity,eligible,N,,35.72,,64861380.04460318,2.34957020057307,-5.05050505050505,9.67147681915872,53.50236355822948,16.42489471221339,55.5663993864829,,,False,,277.0,,2026-08-11,,full,"{""as_of"": ""2026-08-11"", ""listing_date"": null, ""reason_code"": ""valid_trading_sessions"", ""status"": ""full"", ""valid_trading_sessions"": 277}","[""l1.csv""]",[],63.8562,ranked,full,100.0,True,True,False
HCA,"HCA Healthcare, Inc. Common Stock",nasdaqtrader:N:HCA,common_equity,eligible,N,,411.44,,648290595.0895238,5.297640374673684,-3.5016534934446675,-17.305141295172255,7.816881108985618,24.52442536642636,43.877507818047675,,,False,,277.0,,2026-08-11,,full,"{""as_of"": ""2026-08-11"", ""listing_date"": null, ""reason_code"": ""valid_trading_sessions"", ""status"": ""full"", ""valid_trading_sessions"": 277}","[""l1.csv""]",[],63.8533,ranked,full,100.0,True,True,False
LHX,"L3Harris Technologies, Inc. Common Stock",nasdaqtrader:N:LHX,common_equity,eligible,N,,286.02,,413371626.3546032,-0.9248675049360999,-5.401025301802564,-18.419851682829446,6.04330416728458,24.429296131896017,37.136446341018356,,,False,,277.0,,2026-08-11,,full,"{""as_of"": ""2026-08-11"", ""listing_date"": null, ""reason_code"": ""valid_trading_sessions"", ""status"": ""full"", ""valid_trading_sessions"": 277}","[""l1.csv""]",[],63.8406,ranked,full,100.0,True,True,False
DDOG,"Datadog, Inc. - Class A Common Stock",nasdaqtrader:Q:DDOG,common_equity,eligible,Q,,246.78,,1294480878.368889,-5.172148785736241,21.975088967971534,116.4546969564073,88.51119089450768,14.357105674128047,82.30430531539575,,,False,,277.0,,2026-08-11,,full,"{""as_of"": ""2026-08-11"", ""listing_date"": null, ""reason_code"": ""valid_trading_sessions"", ""status"": ""full"", ""valid_trading_sessions"": 277}","[""l1.csv""]",[],63.8393,ranked,full,100.0,True,True,False
CPRT,"Copart, Inc. - Common Stock",nasdaqtrader:Q:CPRT,common_equity,eligible,Q,,29.4,,362817117.5104762,7.123337584259426,-11.632100991884597,-27.04714640198511,-36.34296849626503,41.16469881929158,36.13308857998142,,,False,,277.0,,2026-08-11,,full,"{""as_of"": ""2026-08-11"", ""listing_date"": null, ""reason_code"": ""valid_trading_sessions"", ""status"": ""full"", ""valid_trading_sessions"": 277}","[""l1.csv""]",[],63.839,ranked,full,100.0,True,True,False
FOXA,Fox Corporation - Class A Common Stock,nasdaqtrader:Q:FOXA,common_equity,eligible,Q,,62.14,,345268333.43492067,11.16279069767443,-8.239810986414643,-1.129673826571198,15.031469825990374,18.35501248193404,34.24565457114185,,,False,,277.0,,2026-08-11,,full,"{""as_of"": ""2026-08-11"", ""listing_date"": null, ""reason_code"": ""valid_trading_sessions"", ""status"": ""full"", ""valid_trading_sessions"": 277}","[""l1.csv""]",[],63.8388,ranked,full,100.0,True,True,False
SMH,VanEck Semiconductor ETF,US:SMH,etf,eligible,Q,,572.93,,6850410149.133175,-2.166934189406111,-0.5864899099442988,40.890200418049915,95.18618199161925,14.348716568746166,50.78907076420707,,,False,,277.0,,2026-08-11,,full,"{""as_of"": ""2026-08-11"", ""listing_date"": null, ""reason_code"": ""valid_trading_sessions"", ""status"": ""full"", ""valid_trading_sessions"": 277}","[""l1.csv""]",[],63.8372,ranked,full,100.0,True,True,False
FIS,"Fidelity National Information Services, Inc. Common Stock",nasdaqtrader:N:FIS,common_equity,eligible,N,,42.76,,279076834.7798413,1.9794896255664218,0.9442870632672351,-15.477367068590642,-39.910061832490165,41.239521780953694,39.963325118206406,,,False,,277.0,,2026-08-11,,full,"{""as_of"": ""2026-08-11"", ""listing_date"": null, ""reason_code"": ""valid_trading_sessions"", ""status"": ""full"", ""valid_trading_sessions"": 277}","[""l1.csv""]",[],63.834,ranked,full,100.0,True,True,False
BTE,Baytex Energy Corp Common Shares,nasdaqtrader:N:BTE,common_equity,eligible,N,,4.4,,83748374.73634921,4.513064133016642,-8.333333333333325,22.562674094707535,114.63414634146348,17.29323308270676,44.72579770651544,,,False,,277.0,,2026-08-11,,full,"{""as_of"": ""2026-08-11"", ""listing_date"": null, ""reason_code"": ""valid_trading_sessions"", ""status"": ""full"", ""valid_trading_sessions"": 277}","[""l1.csv""]",[],63.8233,ranked,full,100.0,True,True,False
CSTM,Constellium SE Ordinary Shares (France),nasdaqtrader:N:CSTM,common_equity,eligible,N,,29.91,,62043764.777777776,3.8181187087816815,-12.543859649122812,21.093117408906892,121.88427299703264,17.26141078838174,40.522354122301266,,,False,,277.0,,2026-08-11,,full,"{""as_of"": ""2026-08-11"", ""listing_date"": null, ""reason_code"": ""valid_trading_sessions"", ""status"": ""full"", ""valid_trading_sessions"": 277}","[""l1.csv""]",[],63.8154,ranked,full,100.0,True,True,False
LULU,lululemon athletica inc. - Common Stock,nasdaqtrader:Q:LULU,common_equity,eligible,Q,,125.61,,406634181.72206354,4.4139650872818015,-0.5778059205319042,-28.50068306010929,-33.69054532017104,41.814897165091715,30.262409691765797,,,False,,277.0,,2026-08-11,,full,"{""as_of"": ""2026-08-11"", ""listing_date"": null, ""reason_code"": ""valid_trading_sessions"", ""status"": ""full"", ""valid_trading_sessions"": 277}","[""l1.csv""]",[],63.7957,ranked,full,100.0,True,True,False
RGNX,REGENXBIO Inc. - Common Stock,nasdaqtrader:Q:RGNX,common_equity,eligible,Q,,10.65,,21112300.818095237,-16.470588235294116,5.654761904761907,3.2977691561590694,35.66878980891721,33.35419274092616,87.53812172054897,,,False,,277.0,,2026-08-11,,full,"{""as_of"": ""2026-08-11"", ""listing_date"": null, ""reason_code"": ""valid_trading_sessions"", ""status"": ""full"", ""valid_trading_sessions"": 277}","[""l1.csv""]",[],63.7806,ranked,full,100.0,True,True,False
LITE,Lumentum Holdings Inc. - Common Stock,nasdaqtrader:Q:LITE,common_equity,eligible,Q,,820.59,,4511113318.09492,6.826791642257368,-22.0778850810472,42.17967599410899,605.7624494710587,22.0778850810472,106.24579690496239,,,False,,277.0,,2026-08-11,,full,"{""as_of"": ""2026-08-11"", ""listing_date"": null, ""reason_code"": ""valid_trading_sessions"", ""status"": ""full"", ""valid_trading_sessions"": 277}","[""l1.csv""]",[],63.7771,ranked,full,100.0,True,True,False
RXT,"Rackspace Technology, Inc. - Common Stock",nasdaqtrader:Q:RXT,common_equity,eligible,Q,,4.35,,107807624.12412699,-3.761061946902655,-7.249466950959505,944.4177671068427,259.5041322314049,42.23107569721116,169.2382949369827,,,False,,277.0,,2026-08-11,,full,"{""as_of"": ""2026-08-11"", ""listing_date"": null, ""reason_code"": ""valid_trading_sessions"", ""status"": ""full"", ""valid_trading_sessions"": 277}","[""l1.csv""]",[],63.7679,ranked,full,100.0,True,True,False
DHI,"D.R. Horton, Inc. Common Stock",nasdaqtrader:N:DHI,common_equity,eligible,N,,150.79,,364401762.613492,1.3033254954652351,4.021799116997782,-1.7654723127035865,-3.648562300319491,18.06672462508151,36.28499418197207,,,False,,277.0,,2026-08-11,,full,"{""as_of"": ""2026-08-11"", ""listing_date"": null, ""reason_code"": ""valid_trading_sessions"", ""status"": ""full"", ""valid_trading_sessions"": 277}","[""l1.csv""]",[],63.7667,ranked,full,100.0,True,True,False
SBSW,D/B/A Sibanye-Stillwater Limited ADS,nasdaqtrader:N:SBSW,adr,eligible,N,,10.61,,51098666.23825397,26.009501187648443,-23.282718727404195,-37.58823529411765,20.022624434389137,49.76325757575758,54.14412234072298,,,False,,277.0,,2026-08-11,,full,"{""as_of"": ""2026-08-11"", ""listing_date"": null, ""reason_code"": ""valid_trading_sessions"", ""status"": ""full"", ""valid_trading_sessions"": 277}","[""l1.csv""]",[],63.7658,ranked,full,100.0,True,True,False
MXL,"MaxLinear, Inc - Common Stock",nasdaqtrader:Q:MXL,common_equity,eligible,Q,,69.02,,363327557.62111115,-22.709966405375138,-32.511978097193705,263.07206733298256,356.1797752808988,46.09075997813012,158.2810710082947,,,False,,277.0,,2026-08-11,,full,"{""as_of"": ""2026-08-11"", ""listing_date"": null, ""reason_code"": ""valid_trading_sessions"", ""status"": ""full"", ""valid_trading_sessions"": 277}","[""l1.csv""]",[],63.7606,ranked,full,100.0,True,True,False
RIOT,"Riot Platforms, Inc. - Common Stock",nasdaqtrader:Q:RIOT,common_equity,eligible,Q,,20.24,,418667739.6444444,0.24764735017333006,-20.126282557221785,35.20374081496325,82.67148014440431,29.452771000348566,110.55358350684426,,,False,,277.0,,2026-08-11,,full,"{""as_of"": ""2026-08-11"", ""listing_date"": null, ""reason_code"": ""valid_trading_sessions"", ""status"": ""full"", ""valid_trading_sessions"": 277}","[""l1.csv""]",[],63.7604,ranked,full,100.0,True,True,False
RRX,Regal Rexnord Corporation Common Stock,nasdaqtrader:N:RRX,common_equity,eligible,N,,172.55,,230760098.6215873,-17.222355480930673,-18.3504471679364,-20.33334872339443,24.136690647482027,27.557831982870816,75.04148584476174,,,False,,277.0,,2026-08-11,,full,"{""as_of"": ""2026-08-11"", ""listing_date"": null, ""reason_code"": ""valid_trading_sessions"", ""status"": ""full"", ""valid_trading_sessions"": 277}","[""l1.csv""]",[],63.7577,ranked,full,100.0,True,True,False
KTB,"Kontoor Brands, Inc. Common Stock",nasdaqtrader:N:KTB,common_equity,eligible,N,,74.96,,62256679.513333336,-11.645450259311652,9.382752079381284,12.806621519939787,10.887573964497044,14.98242032437338,38.55749207974492,,,False,,277.0,,2026-08-11,,full,"{""as_of"": ""2026-08-11"", ""listing_date"": null, ""reason_code"": ""valid_trading_sessions"", ""status"": ""full"", ""valid_trading_sessions"": 277}","[""l1.csv""]",[],63.7456,ranked,full,100.0,True,True,False
HLIT,Harmonic Inc. - Common Stock,nasdaqtrader:Q:HLIT,common_equity,eligible,Q,,11.45,,42973789.945079364,-16.23994147768837,-10.756040530007805,11.273080660835767,28.507295173961822,33.08007013442431,58.71651455278831,,,False,,277.0,,2026-08-11,,full,"{""as_of"": ""2026-08-11"", ""listing_date"": null, ""reason_code"": ""valid_trading_sessions"", ""status"": ""full"", ""valid_trading_sessions"": 277}","[""l1.csv""]",[],63.744,ranked,full,100.0,True,True,False
SARO,"StandardAero, Inc. Common Stock",nasdaqtrader:N:SARO,common_equity,eligible,N,,28.2,,102139327.70650794,2.3593466424682408,5.223880597014929,-8.826382153249279,2.285092491838947,14.855072463768115,39.888419184676,,,False,,277.0,,2026-08-11,,full,"{""as_of"": ""2026-08-11"", ""listing_date"": null, ""reason_code"": ""valid_trading_sessions"", ""status"": ""full"", ""valid_trading_sessions"": 277}","[""l1.csv""]",[],63.7138,ranked,full,100.0,True,True,False
AOSL,Alpha and Omega Semiconductor Limited - Common Shares,nasdaqtrader:Q:AOSL,common_equity,eligible,Q,,34.84,,32548189.85396825,0.4324012683770695,-9.787674779906775,66.10250297973779,34.88192024777392,34.65866466616654,106.50022415142774,,,False,,277.0,,2026-08-11,,full,"{""as_of"": ""2026-08-11"", ""listing_date"": null, ""reason_code"": ""valid_trading_sessions"", ""status"": ""full"", ""valid_trading_sessions"": 277}","[""l1.csv""]",[],63.7045,ranked,full,100.0,True,True,False
MRX,Marex Group Limited - Ordinary Shares,nasdaqtrader:Q:MRX,common_equity,eligible,Q,,59.93,,51455155.18539682,-7.622350674373801,7.478479196556664,46.17073170731707,69.24597571307542,14.738938682600667,51.096377354946156,,,False,,277.0,,2026-08-11,,full,"{""as_of"": ""2026-08-11"", ""listing_date"": null, ""reason_code"": ""valid_trading_sessions"", ""status"": ""full"", ""valid_trading_sessions"": 277}","[""l1.csv""]",[],63.6847,ranked,full,100.0,True,True,False
COST,Costco Wholesale Corporation - Common Stock,nasdaqtrader:Q:COST,common_equity,eligible,Q,,944.32,,2327861040.1312695,1.9310687261854698,-5.517924499984995,-5.339869084493632,-3.737079247283326,13.707142334965994,22.187119480532893,,,False,,277.0,,2026-08-11,,full,"{""as_of"": ""2026-08-11"", ""listing_date"": null, ""reason_code"": ""valid_trading_sessions"", ""status"": ""full"", ""valid_trading_sessions"": 277}","[""l1.csv""]",[],63.6768,ranked,full,100.0,True,True,False
DEO,Diageo plc Common Stock,nasdaqtrader:N:DEO,common_equity,eligible,N,,94.94,,100191038.84523809,15.07878787878787,15.76636995488354,-2.224510813594227,-13.273042842787975,17.679701725483397,35.72473694773667,,,False,,277.0,,2026-08-11,,full,"{""as_of"": ""2026-08-11"", ""listing_date"": null, ""reason_code"": ""valid_trading_sessions"", ""status"": ""full"", ""valid_trading_sessions"": 277}","[""l1.csv""]",[],63.6699,ranked,full,100.0,True,True,False
VICI,VICI Properties Inc. Common Stock,nasdaqtrader:N:VICI,common_equity,eligible,N,,25.98,,261667934.58857143,-1.5909090909090873,-10.165975103734448,-10.598761183757732,-21.033434650455916,23.090586145648317,23.87246046379548,,,False,,277.0,,2026-08-11,,full,"{""as_of"": ""2026-08-11"", ""listing_date"": null, ""reason_code"": ""valid_trading_sessions"", ""status"": ""full"", ""valid_trading_sessions"": 277}","[""l1.csv""]",[],63.6621,ranked,full,100.0,True,True,False
LOW,"Lowe's Companies, Inc. Common Stock",nasdaqtrader:N:LOW,common_equity,eligible,N,,221.25,,663236563.4836508,6.52383245064998,-2.127753693709633,-20.09462241323269,-8.252125233257313,23.014022756532924,31.043094463839342,,,False,,277.0,,2026-08-11,,full,"{""as_of"": ""2026-08-11"", ""listing_date"": null, ""reason_code"": ""valid_trading_sessions"", ""status"": ""full"", ""valid_trading_sessions"": 277}","[""l1.csv""]",[],63.6519,ranked,full,100.0,True,True,False
HSY,The Hershey Company Common Stock,nasdaqtrader:N:HSY,common_equity,eligible,N,,181.98,,361962953.9073016,3.8461538461538325,-3.831316387464989,-21.06358983256702,-1.2427416291311721,22.981208735398685,27.41545756150164,,,False,,277.0,,2026-08-11,,full,"{""as_of"": ""2026-08-11"", ""listing_date"": null, ""reason_code"": ""valid_trading_sessions"", ""status"": ""full"", ""valid_trading_sessions"": 277}","[""l1.csv""]",[],63.6475,ranked,full,100.0,True,True,False
CRH,CRH PLC Ordinary Shares,nasdaqtrader:N:CRH,common_equity,eligible,N,,101.29,,493534890.59000003,-1.3825333463148515,-10.020431731367141,-20.143487858719645,-7.328453796889289,22.90302938042319,32.262917731826654,,,False,,277.0,,2026-08-11,,full,"{""as_of"": ""2026-08-11"", ""listing_date"": null, ""reason_code"": ""valid_trading_sessions"", ""status"": ""full"", ""valid_trading_sessions"": 277}","[""l1.csv""]",[],63.6371,ranked,full,100.0,True,True,False
AUGO,Aura Minerals Inc. - Common Shares,nasdaqtrader:Q:AUGO,common_equity,eligible,Q,,76.06,,66513955.71380952,42.141655765277534,-6.168270416975075,4.191780821917801,189.75238095238095,30.309693971046357,92.23536960494526,,,False,,270.0,,2026-08-11,,full,"{""as_of"": ""2026-08-11"", ""listing_date"": null, ""reason_code"": ""valid_trading_sessions"", ""status"": ""full"", ""valid_trading_sessions"": 270}","[""l1.csv""]",[],63.6246,ranked,full,100.0,True,True,False
BXP,"BXP, Inc. Common Stock",nasdaqtrader:N:BXP,common_equity,eligible,N,,67.49,,95273116.78793651,0.6712410501193089,14.506277570410585,3.8147977234271435,6.703557312252961,14.493855314835946,27.794543210853558,,,False,,277.0,,2026-08-11,,full,"{""as_of"": ""2026-08-11"", ""listing_date"": null, ""reason_code"": ""valid_trading_sessions"", ""status"": ""full"", ""valid_trading_sessions"": 277}","[""l1.csv""]",[],63.6235,ranked,full,100.0,True,True,False
MELI,"MercadoLibre, Inc. - Common Stock",nasdaqtrader:Q:MELI,common_equity,eligible,Q,,1940.0,,863023026.9376191,3.8933219086381365,24.574584216271766,-4.695935822046671,-17.576581552449333,22.739021175083728,29.757082483801312,,,False,,277.0,,2026-08-11,,full,"{""as_of"": ""2026-08-11"", ""listing_date"": null, ""reason_code"": ""valid_trading_sessions"", ""status"": ""full"", ""valid_trading_sessions"": 277}","[""l1.csv""]",[],63.6152,ranked,full,100.0,True,True,False
VMI,"Valmont Industries, Inc. Common Stock",nasdaqtrader:N:VMI,common_equity,eligible,N,,493.37,,121364714.4615873,-8.599640600974446,-4.385658914728685,3.9461486600370854,33.9951113525258,15.453688629937446,34.36274850777424,,,False,,277.0,,2026-08-11,,full,"{""as_of"": ""2026-08-11"", ""listing_date"": null, ""reason_code"": ""valid_trading_sessions"", ""status"": ""full"", ""valid_trading_sessions"": 277}","[""l1.csv""]",[],63.6134,ranked,full,100.0,True,True,False
TYL,"Tyler Technologies, Inc. Common Stock",nasdaqtrader:N:TYL,common_equity,eligible,N,,322.93,,272258413.0377778,2.7719432244923903,3.413712492394416,-9.09525954284427,-45.6666947085051,44.72269770626498,48.54580800731067,,,False,,277.0,,2026-08-11,,full,"{""as_of"": ""2026-08-11"", ""listing_date"": null, ""reason_code"": ""valid_trading_sessions"", ""status"": ""full"", ""valid_trading_sessions"": 277}","[""l1.csv""]",[],63.6018,ranked,full,100.0,True,True,False
FICO,Fair Isaac Corporation Common Stock,nasdaqtrader:N:FICO,common_equity,eligible,N,,1038.23,,397032995.1214286,-18.77723450029337,-4.923992673992672,-24.369154112882075,-21.398613045848226,44.76177808517996,71.7278518956195,,,False,,277.0,,2026-08-11,,full,"{""as_of"": ""2026-08-11"", ""listing_date"": null, ""reason_code"": ""valid_trading_sessions"", ""status"": ""full"", ""valid_trading_sessions"": 277}","[""l1.csv""]",[],63.5992,ranked,full,100.0,True,True,False
PYPL,"PayPal Holdings, Inc. - Common Stock",nasdaqtrader:Q:PYPL,common_equity,eligible,Q,,59.0,,793049843.080873,23.819517313746076,30.907477257599282,43.377885783718106,-12.786400591278646,22.500985156968333,52.13663632385652,,,False,,277.0,,2026-08-11,,full,"{""as_of"": ""2026-08-11"", ""listing_date"": null, ""reason_code"": ""valid_trading_sessions"", ""status"": ""full"", ""valid_trading_sessions"": 277}","[""l1.csv""]",[],63.5835,ranked,full,100.0,True,True,False
ELAN,Elanco Animal Health Incorporated Common Stock,nasdaqtrader:N:ELAN,common_equity,eligible,N,,22.73,,154935731.30476192,-9.586316626889424,4.6500920810313096,-8.45751107531212,36.352729454109166,15.312965722801785,43.73575060700473,,,False,,277.0,,2026-08-11,,full,"{""as_of"": ""2026-08-11"", ""listing_date"": null, ""reason_code"": ""valid_trading_sessions"", ""status"": ""full"", ""valid_trading_sessions"": 277}","[""l1.csv""]",[],63.5782,ranked,full,100.0,True,True,False
ADP,"Automatic Data Processing, Inc. - Common Stock",nasdaqtrader:Q:ADP,common_equity,eligible,Q,,271.09,,643457329.2016667,7.982473610834484,28.071998866159586,19.623157708940052,-11.3534547594912,12.277125198200823,34.10903443851968,,,False,,277.0,,2026-08-11,,full,"{""as_of"": ""2026-08-11"", ""listing_date"": null, ""reason_code"": ""valid_trading_sessions"", ""status"": ""full"", ""valid_trading_sessions"": 277}","[""l1.csv""]",[],63.5693,ranked,full,100.0,True,True,False
ECG,"Everus Construction Group, Inc. Common Stock",nasdaqtrader:N:ECG,common_equity,eligible,N,,134.48,,89926222.48666666,0.8700870087008594,-17.924931339639915,32.36220472440945,88.29459535144215,20.5013005438638,76.59394716404194,,,False,,277.0,,2026-08-11,,full,"{""as_of"": ""2026-08-11"", ""listing_date"": null, ""reason_code"": ""valid_trading_sessions"", ""status"": ""full"", ""valid_trading_sessions"": 277}","[""l1.csv""]",[],63.5668,ranked,full,100.0,True,True,False
WFRD,Weatherford International plc - Ordinary shares,nasdaqtrader:Q:WFRD,common_equity,eligible,Q,,94.43,,117656537.20650794,16.43649815043158,-7.675009777082509,-9.419664268585127,70.32828282828285,15.248608867348768,44.137810256294784,,,False,,277.0,,2026-08-11,,full,"{""as_of"": ""2026-08-11"", ""listing_date"": null, ""reason_code"": ""valid_trading_sessions"", ""status"": ""full"", ""valid_trading_sessions"": 277}","[""l1.csv""]",[],63.5622,ranked,full,100.0,True,True,False
PCTY,Paylocity Holding Corporation - Common Stock,nasdaqtrader:Q:PCTY,common_equity,eligible,Q,,145.05,,94163950.31206349,16.506024096385552,32.00764470331272,29.15145579200429,-18.023058663953872,20.437715978278746,47.4767840077116,,,False,,277.0,,2026-08-11,,full,"{""as_of"": ""2026-08-11"", ""listing_date"": null, ""reason_code"": ""valid_trading_sessions"", ""status"": ""full"", ""valid_trading_sessions"": 277}","[""l1.csv""]",[],63.5584,ranked,full,100.0,True,True,False
AXON,"Axon Enterprise, Inc. - Common Stock",nasdaqtrader:Q:AXON,common_equity,eligible,Q,,636.31,,544402189.2874603,16.320859916275143,61.352571254691135,46.69294787560227,-24.47359050445105,22.277052364142726,83.85797470918425,,,False,,277.0,,2026-08-11,,full,"{""as_of"": ""2026-08-11"", ""listing_date"": null, ""reason_code"": ""valid_trading_sessions"", ""status"": ""full"", ""valid_trading_sessions"": 277}","[""l1.csv""]",[],63.5536,ranked,full,100.0,True,True,False
AR,Antero Resources Corporation Common Stock,nasdaqtrader:N:AR,common_equity,eligible,N,,37.83,,167601675.94809523,10.35589264877479,3.3889040721508445,10.484813084112133,15.300213349588532,16.212624584717606,38.28748793666601,,,False,,277.0,,2026-08-11,,full,"{""as_of"": ""2026-08-11"", ""listing_date"": null, ""reason_code"": ""valid_trading_sessions"", ""status"": ""full"", ""valid_trading_sessions"": 277}","[""l1.csv""]",[],63.5532,ranked,full,100.0,True,True,False
CNX,CNX Resources Corporation Common Stock,nasdaqtrader:N:CNX,common_equity,eligible,N,,36.13,,61920384.29539683,11.719233147804564,0.055386319579064924,-7.311441765007687,24.45745780227351,15.20769772353907,26.46634525470908,,,False,,277.0,,2026-08-11,,full,"{""as_of"": ""2026-08-11"", ""listing_date"": null, ""reason_code"": ""valid_trading_sessions"", ""status"": ""full"", ""valid_trading_sessions"": 277}","[""l1.csv""]",[],63.5519,ranked,full,100.0,True,True,False
PG,Procter & Gamble Company (The) Common Stock,nasdaqtrader:N:PG,common_equity,eligible,N,,145.21,,1306205172.7811112,-2.1298106086136026,1.2904575892857206,-7.703553041377997,-5.406813888346029,13.151913875598076,21.544965439718343,,,False,,277.0,,2026-08-11,,full,"{""as_of"": ""2026-08-11"", ""listing_date"": null, ""reason_code"": ""valid_trading_sessions"", ""status"": ""full"", ""valid_trading_sessions"": 277}","[""l1.csv""]",[],63.538,ranked,full,100.0,True,True,False
CRSP,CRISPR Therapeutics AG - Common Shares,nasdaqtrader:Q:CRSP,common_equity,eligible,Q,,54.07,,86855561.59730159,6.794390677463946,0.111090538789127,8.792756539235413,-1.6909090909090874,29.578015108101063,51.921702896970544,,,False,,277.0,,2026-08-11,,full,"{""as_of"": ""2026-08-11"", ""listing_date"": null, ""reason_code"": ""valid_trading_sessions"", ""status"": ""full"", ""valid_trading_sessions"": 277}","[""l1.csv""]",[],63.5271,ranked,full,100.0,True,True,False
PENG,"Penguin Solutions, Inc. - Common Stock",nasdaqtrader:Q:PENG,common_equity,eligible,Q,,57.33,,234920427.31460318,-25.7479601087942,31.672025723472675,201.73684210526318,146.47463456577813,29.561371175820128,137.24868785562762,,,False,,277.0,,2026-08-11,,full,"{""as_of"": ""2026-08-11"", ""listing_date"": null, ""reason_code"": ""valid_trading_sessions"", ""status"": ""full"", ""valid_trading_sessions"": 277}","[""l1.csv""]",[],63.5248,ranked,full,100.0,True,True,False
VNT,Vontier Corporation Common Stock,nasdaqtrader:N:VNT,common_equity,eligible,N,,34.08,,56390387.685555555,16.155419222903888,13.713713713713705,-19.96242367308596,-15.955610357583227,22.031571722717924,28.581163699186483,,,False,,277.0,,2026-08-11,,full,"{""as_of"": ""2026-08-11"", ""listing_date"": null, ""reason_code"": ""valid_trading_sessions"", ""status"": ""full"", ""valid_trading_sessions"": 277}","[""l1.csv""]",[],63.5209,ranked,full,100.0,True,True,False
BG,Bunge Limited Common Shares,nasdaqtrader:N:BG,common_equity,eligible,N,,111.6,,191455655.12650794,-4.940374787052826,-11.52687490090376,-5.941845764854625,34.55510007234144,15.074956243817061,38.8808540746983,,,False,,277.0,,2026-08-11,,full,"{""as_of"": ""2026-08-11"", ""listing_date"": null, ""reason_code"": ""valid_trading_sessions"", ""status"": ""full"", ""valid_trading_sessions"": 277}","[""l1.csv""]",[],63.5187,ranked,full,100.0,True,True,False
TTEK,"Tetra Tech, Inc. - Common Stock",nasdaqtrader:Q:TTEK,common_equity,eligible,Q,,35.38,,103494351.62777779,13.506576836701957,19.567421426157505,-15.94202898550725,-4.041225928939507,16.96784792302276,32.050124353565586,,,False,,277.0,,2026-08-11,,full,"{""as_of"": ""2026-08-11"", ""listing_date"": null, ""reason_code"": ""valid_trading_sessions"", ""status"": ""full"", ""valid_trading_sessions"": 277}","[""l1.csv""]",[],63.492,ranked,full,100.0,True,True,False
MLM,"Martin Marietta Materials, Inc. Common Stock",nasdaqtrader:N:MLM,common_equity,eligible,N,,553.67,,344374696.7447619,-2.754017739527548,-5.51384006280079,-20.41884064220316,-9.371112420611539,21.810170736185064,34.32070014682975,,,False,,277.0,,2026-08-11,,full,"{""as_of"": ""2026-08-11"", ""listing_date"": null, ""reason_code"": ""valid_trading_sessions"", ""status"": ""full"", ""valid_trading_sessions"": 277}","[""l1.csv""]",[],63.4914,ranked,full,100.0,True,True,False
DIS,Walt Disney Company (The) Common Stock,nasdaqtrader:N:DIS,common_equity,eligible,N,,103.53,,1052080622.428254,7.843749999999994,-1.1363636363636354,-3.3604032483897983,-7.916036645023572,12.897526501766787,29.275883652848282,,,False,,277.0,,2026-08-11,,full,"{""as_of"": ""2026-08-11"", ""listing_date"": null, ""reason_code"": ""valid_trading_sessions"", ""status"": ""full"", ""valid_trading_sessions"": 277}","[""l1.csv""]",[],63.4744,ranked,full,100.0,True,True,False
KGS,"Kodiak Gas Services, Inc. Common Stock",nasdaqtrader:N:KGS,common_equity,eligible,N,,61.1,,136831982.05174604,-8.230699909882844,-19.094279661016945,19.38257131692067,88.1736987988913,19.88986495345483,53.89600496332064,,,False,,277.0,,2026-08-11,,full,"{""as_of"": ""2026-08-11"", ""listing_date"": null, ""reason_code"": ""valid_trading_sessions"", ""status"": ""full"", ""valid_trading_sessions"": 277}","[""l1.csv""]",[],63.4725,ranked,full,100.0,True,True,False
RBC,RBC Bearings Incorporated Common Stock,nasdaqtrader:N:RBC,common_equity,eligible,N,,552.48,,159386266.89380953,-5.492738500487526,-9.959419156114024,0.7807369573148426,38.78966011003091,14.857680038219112,28.266893934578025,,,False,,277.0,,2026-08-11,,full,"{""as_of"": ""2026-08-11"", ""listing_date"": null, ""reason_code"": ""valid_trading_sessions"", ""status"": ""full"", ""valid_trading_sessions"": 277}","[""l1.csv""]",[],63.4644,ranked,full,100.0,True,True,False
GILD,"Gilead Sciences, Inc. - Common Stock",nasdaqtrader:Q:GILD,common_equity,eligible,Q,,135.77,,1003514446.9103174,3.32572298325724,1.685140802875984,-10.489187763713081,13.700695084163828,12.856225930680354,32.29343787717702,,,False,,277.0,,2026-08-11,,full,"{""as_of"": ""2026-08-11"", ""listing_date"": null, ""reason_code"": ""valid_trading_sessions"", ""status"": ""full"", ""valid_trading_sessions"": 277}","[""l1.csv""]",[],63.4641,ranked,full,100.0,True,True,False
EXTR,"Extreme Networks, Inc. - Common Stock",nasdaqtrader:Q:EXTR,common_equity,eligible,Q,,23.9,,61307892.316507936,-27.37769674870859,-1.6865487453722738,54.79274611398963,19.799498746867172,29.101156926727977,81.85765699573578,,,False,,277.0,,2026-08-11,,full,"{""as_of"": ""2026-08-11"", ""listing_date"": null, ""reason_code"": ""valid_trading_sessions"", ""status"": ""full"", ""valid_trading_sessions"": 277}","[""l1.csv""]",[],63.4635,ranked,full,100.0,True,True,False
CVCO,"Cavco Industries, Inc. - Common Stock",nasdaqtrader:Q:CVCO,common_equity,eligible,Q,,594.18,,72954980.91126984,7.044029689414111,23.54041916167664,7.214002165283273,30.816142313027008,14.844645723457928,34.30748807539408,,,False,,277.0,,2026-08-11,,full,"{""as_of"": ""2026-08-11"", ""listing_date"": null, ""reason_code"": ""valid_trading_sessions"", ""status"": ""full"", ""valid_trading_sessions"": 277}","[""l1.csv""]",[],63.4612,ranked,full,100.0,True,True,False
CWST,"Casella Waste Systems, Inc. - Class A Common Stock",nasdaqtrader:Q:CWST,common_equity,eligible,Q,,92.52,,62281362.51603174,-5.678458558466726,11.268791340950068,-10.75528118066944,-6.620912394025035,13.80659586361096,32.02280896108704,,,False,,277.0,,2026-08-11,,full,"{""as_of"": ""2026-08-11"", ""listing_date"": null, ""reason_code"": ""valid_trading_sessions"", ""status"": ""full"", ""valid_trading_sessions"": 277}","[""l1.csv""]",[],63.4516,ranked,full,100.0,True,True,False
IDCC,"InterDigital, Inc. - Common Stock",nasdaqtrader:Q:IDCC,common_equity,eligible,Q,,338.07,,94412618.9736508,29.271183848271654,25.408513400723365,-10.231014338821042,27.955035767003533,14.745044636102289,52.66032346067683,,,False,,277.0,,2026-08-11,,full,"{""as_of"": ""2026-08-11"", ""listing_date"": null, ""reason_code"": ""valid_trading_sessions"", ""status"": ""full"", ""valid_trading_sessions"": 277}","[""l1.csv""]",[],63.4363,ranked,full,100.0,True,True,False
ST,Sensata Technologies Holding plc Ordinary Shares,nasdaqtrader:N:ST,common_equity,eligible,N,,46.23,,98817583.2563492,4.121621621621618,2.0755133583572505,27.70718232044198,56.977928692699486,13.669467787114842,34.77246312822137,,,False,,277.0,,2026-08-11,,full,"{""as_of"": ""2026-08-11"", ""listing_date"": null, ""reason_code"": ""valid_trading_sessions"", ""status"": ""full"", ""valid_trading_sessions"": 277}","[""l1.csv""]",[],63.4174,ranked,full,100.0,True,True,False
SNPS,"Synopsys, Inc. - Common Stock",nasdaqtrader:Q:SNPS,common_equity,eligible,Q,,410.91,,884450730.8723016,-5.280992116546024,-20.3955907708402,-6.3773069036226815,-33.662135546156065,34.33844678811121,40.45191359154541,,,False,,277.0,,2026-08-11,,full,"{""as_of"": ""2026-08-11"", ""listing_date"": null, ""reason_code"": ""valid_trading_sessions"", ""status"": ""full"", ""valid_trading_sessions"": 277}","[""l1.csv""]",[],63.4118,ranked,full,100.0,True,True,False
H,Hyatt Hotels Corporation Class A Common Stock,nasdaqtrader:N:H,common_equity,eligible,N,,172.64,,164838258.48936507,-6.539627544391513,4.535270965788674,8.150097099542686,27.071985867805083,14.572715126923653,31.50538821892549,,,False,,277.0,,2026-08-11,,full,"{""as_of"": ""2026-08-11"", ""listing_date"": null, ""reason_code"": ""valid_trading_sessions"", ""status"": ""full"", ""valid_trading_sessions"": 277}","[""l1.csv""]",[],63.3932,ranked,full,100.0,True,True,False
COHU,"Cohu, Inc. - Common Stock",nasdaqtrader:Q:COHU,common_equity,eligible,Q,,52.82,,75201539.99761905,0.01893580761218594,3.003120124804992,66.78244395326807,172.40845796802472,28.53470437017994,113.98411484306617,,,False,,277.0,,2026-08-11,,full,"{""as_of"": ""2026-08-11"", ""listing_date"": null, ""reason_code"": ""valid_trading_sessions"", ""status"": ""full"", ""valid_trading_sessions"": 277}","[""l1.csv""]",[],63.388,ranked,full,100.0,True,True,False
SLS,"SELLAS Life Sciences Group, Inc.  - Common Stock",nasdaqtrader:Q:SLS,common_equity,eligible,Q,,11.05,,101339723.36174603,-12.440570522979389,110.47619047619048,190.0262467191601,599.367088607595,28.478964401294494,97.31517281860793,,,False,,277.0,,2026-08-11,,full,"{""as_of"": ""2026-08-11"", ""listing_date"": null, ""reason_code"": ""valid_trading_sessions"", ""status"": ""full"", ""valid_trading_sessions"": 277}","[""l1.csv""]",[],63.3805,ranked,full,100.0,True,True,False
MRCY,Mercury Systems Inc - Common Stock,nasdaqtrader:Q:MRCY,common_equity,eligible,Q,,109.15,,72532483.17539683,11.082841441074699,18.705818379554117,27.85521846081762,106.60609502176794,13.517153949766259,79.36157199786278,,,False,,277.0,,2026-08-11,,full,"{""as_of"": ""2026-08-11"", ""listing_date"": null, ""reason_code"": ""valid_trading_sessions"", ""status"": ""full"", ""valid_trading_sessions"": 277}","[""l1.csv""]",[],63.3793,ranked,full,100.0,True,True,False
XRAY,DENTSPLY SIRONA Inc. - Common Stock,nasdaqtrader:Q:XRAY,common_equity,eligible,Q,,11.61,,65559281.36095238,-9.154929577464788,6.416131989000906,-15.25547445255474,-10.416666666666675,20.912806539509543,60.03885728168743,,,False,,277.0,,2026-08-11,,full,"{""as_of"": ""2026-08-11"", ""listing_date"": null, ""reason_code"": ""valid_trading_sessions"", ""status"": ""full"", ""valid_trading_sessions"": 277}","[""l1.csv""]",[],63.3717,ranked,full,100.0,True,True,False
AOS,A.O. Smith Corporation Common Stock,nasdaqtrader:N:AOS,common_equity,eligible,N,,63.67,,105068590.11603174,6.954476734419623,8.800410116199586,-19.48659585230146,-10.108710998164616,20.877345594631535,31.460976712652904,,,False,,277.0,,2026-08-11,,full,"{""as_of"": ""2026-08-11"", ""listing_date"": null, ""reason_code"": ""valid_trading_sessions"", ""status"": ""full"", ""valid_trading_sessions"": 277}","[""l1.csv""]",[],63.367,ranked,full,100.0,True,True,False
UGI,UGI Corporation Common Stock,nasdaqtrader:N:UGI,common_equity,eligible,N,,35.16,,57968314.03412698,-3.1671715780776766,8.351309707241894,-5.838243170862367,0.1424095699230854,13.462958405119386,21.140451136597253,,,False,,277.0,,2026-08-11,,full,"{""as_of"": ""2026-08-11"", ""listing_date"": null, ""reason_code"": ""valid_trading_sessions"", ""status"": ""full"", ""valid_trading_sessions"": 277}","[""l1.csv""]",[],63.3657,ranked,full,100.0,True,True,False
AXSM,"Axsome Therapeutics, Inc. - Common Stock",nasdaqtrader:Q:AXSM,common_equity,eligible,Q,,215.77,,203358838.62968254,-5.480112142982296,-0.32337044394141756,17.765527780809954,105.88740458015269,15.44068660108946,46.80116876099586,,,False,,277.0,,2026-08-11,,full,"{""as_of"": ""2026-08-11"", ""listing_date"": null, ""reason_code"": ""valid_trading_sessions"", ""status"": ""full"", ""valid_trading_sessions"": 277}","[""l1.csv""]",[],63.3602,ranked,full,100.0,True,True,False
TSLA,"Tesla, Inc.  - Common Stock",nasdaqtrader:Q:TSLA,common_equity,eligible,Q,,332.81,,17273886786.76,-15.693079339345417,-25.21123595505618,-20.25064698552669,0.9585924465342011,32.06295419286356,63.29583285667834,,,False,,277.0,,2026-08-11,,full,"{""as_of"": ""2026-08-11"", ""listing_date"": null, ""reason_code"": ""valid_trading_sessions"", ""status"": ""full"", ""valid_trading_sessions"": 277}","[""l1.csv""]",[],63.3584,ranked,full,100.0,True,True,False
REAL,"The RealReal, Inc. - Common Stock",nasdaqtrader:Q:REAL,common_equity,eligible,Q,,11.8,,36548544.14952381,10.486891385767795,18.35506519558676,-8.52713178294573,84.375,30.177514792899395,45.48344070668512,,,False,,277.0,,2026-08-11,,full,"{""as_of"": ""2026-08-11"", ""listing_date"": null, ""reason_code"": ""valid_trading_sessions"", ""status"": ""full"", ""valid_trading_sessions"": 277}","[""l1.csv""]",[],63.357,ranked,full,100.0,True,True,False
NEE,"NextEra Energy, Inc. Common Stock",nasdaqtrader:N:NEE,common_equity,eligible,N,,85.74,,1057756358.2887301,-2.9871011541072634,-9.595107549557158,-4.179704962002695,18.40905952216545,12.402942378422555,16.25318486966391,,,False,,277.0,,2026-08-11,,full,"{""as_of"": ""2026-08-11"", ""listing_date"": null, ""reason_code"": ""valid_trading_sessions"", ""status"": ""full"", ""valid_trading_sessions"": 277}","[""l1.csv""]",[],63.3507,ranked,full,100.0,True,True,False
CDW,CDW Corporation - Common Stock,nasdaqtrader:Q:CDW,common_equity,eligible,Q,,135.37,,275737499.0505556,-6.22423885559903,32.016773941876345,-5.626045733407691,-16.910139945985748,20.7296363529894,49.8197589402664,,,False,,277.0,,2026-08-11,,full,"{""as_of"": ""2026-08-11"", ""listing_date"": null, ""reason_code"": ""valid_trading_sessions"", ""status"": ""full"", ""valid_trading_sessions"": 277}","[""l1.csv""]",[],63.3473,ranked,full,100.0,True,True,False
STNG,Scorpio Tankers Inc. Common Shares,nasdaqtrader:N:STNG,common_equity,eligible,N,,74.19,,64625272.75619047,-3.998447204968947,-12.871403405754556,9.570225963668587,62.34135667396059,14.350034634033715,35.24475128599816,,,False,,277.0,,2026-08-11,,full,"{""as_of"": ""2026-08-11"", ""listing_date"": null, ""reason_code"": ""valid_trading_sessions"", ""status"": ""full"", ""valid_trading_sessions"": 277}","[""l1.csv""]",[],63.3375,ranked,full,100.0,True,True,False
MTH,Meritage Homes Corporation Common Stock,nasdaqtrader:N:MTH,common_equity,eligible,N,,73.82,,66208130.7636508,-0.013544629554385068,15.723467628154864,-2.173336867214415,2.3004434589800393,13.33646395867576,37.74039876601912,,,False,,277.0,,2026-08-11,,full,"{""as_of"": ""2026-08-11"", ""listing_date"": null, ""reason_code"": ""valid_trading_sessions"", ""status"": ""full"", ""valid_trading_sessions"": 277}","[""l1.csv""]",[],63.3341,ranked,full,100.0,True,True,False
CME,CME Group Inc. - Class A Common Stock,nasdaqtrader:Q:CME,common_equity,eligible,Q,,259.32,,841095274.3507936,5.801713586291313,-8.23129733172907,-15.596927483400602,-8.110981184224508,20.566072413159343,27.06940219110619,,,False,,277.0,,2026-08-11,,full,"{""as_of"": ""2026-08-11"", ""listing_date"": null, ""reason_code"": ""valid_trading_sessions"", ""status"": ""full"", ""valid_trading_sessions"": 277}","[""l1.csv""]",[],63.3255,ranked,full,100.0,True,True,False
CARR,Carrier Global Corporation Common Stock,nasdaqtrader:N:CARR,common_equity,eligible,N,,63.62,,434891474.70301586,-7.272992275178547,-3.4304796599878506,-2.602571953459887,-3.649856126003337,16.28947368421053,40.929779119479434,,,False,,277.0,,2026-08-11,,full,"{""as_of"": ""2026-08-11"", ""listing_date"": null, ""reason_code"": ""valid_trading_sessions"", ""status"": ""full"", ""valid_trading_sessions"": 277}","[""l1.csv""]",[],63.3224,ranked,full,100.0,True,True,False
AMBA,"Ambarella, Inc. - Ordinary Shares",nasdaqtrader:Q:AMBA,common_equity,eligible,Q,,82.89,,140846620.815873,15.12500000000001,3.9764174611139014,27.034482758620683,28.41208365608057,13.213276096743797,115.30452895768448,,,False,,277.0,,2026-08-11,,full,"{""as_of"": ""2026-08-11"", ""listing_date"": null, ""reason_code"": ""valid_trading_sessions"", ""status"": ""full"", ""valid_trading_sessions"": 277}","[""l1.csv""]",[],63.3033,ranked,full,100.0,True,True,False
SITM,SiTime Corporation - Common Stock,nasdaqtrader:Q:SITM,common_equity,eligible,Q,,667.1,,395569730.981746,10.712803916687431,-25.999467542263833,59.838029518880575,234.2686776569625,25.999467542263833,115.54757427174911,,,False,,277.0,,2026-08-11,,full,"{""as_of"": ""2026-08-11"", ""listing_date"": null, ""reason_code"": ""valid_trading_sessions"", ""status"": ""full"", ""valid_trading_sessions"": 277}","[""l1.csv""]",[],63.2999,ranked,full,100.0,True,True,False
NPO,Enpro Inc. Common Stock,nasdaqtrader:N:NPO,common_equity,eligible,N,,336.49,,87461698.11492063,3.2114594196675172,6.795099657229908,23.973914965735755,57.22362396037752,13.197471946343342,49.71515549387783,,,False,,277.0,,2026-08-11,,full,"{""as_of"": ""2026-08-11"", ""listing_date"": null, ""reason_code"": ""valid_trading_sessions"", ""status"": ""full"", ""valid_trading_sessions"": 277}","[""l1.csv""]",[],63.2994,ranked,full,100.0,True,True,False
HBM,Hudbay Minerals Inc. Ordinary Shares (Canada),nasdaqtrader:N:HBM,common_equity,eligible,N,,27.67,,140895090.31777778,32.582654528030666,8.509803921568636,6.792744114241622,187.0331950207469,13.17853780985252,64.13118541757508,,,False,,277.0,,2026-08-11,,full,"{""as_of"": ""2026-08-11"", ""listing_date"": null, ""reason_code"": ""valid_trading_sessions"", ""status"": ""full"", ""valid_trading_sessions"": 277}","[""l1.csv""]",[],63.2946,ranked,full,100.0,True,True,False
TFII,TFI International Inc. Common Shares,nasdaqtrader:N:TFII,common_equity,eligible,N,,141.92,,56943198.105714284,-3.861265411190906,3.26711780542821,16.023544800523215,64.69769061158175,13.124387855044084,39.772521203434344,,,False,,277.0,,2026-08-11,,full,"{""as_of"": ""2026-08-11"", ""listing_date"": null, ""reason_code"": ""valid_trading_sessions"", ""status"": ""full"", ""valid_trading_sessions"": 277}","[""l1.csv""]",[],63.2811,ranked,full,100.0,True,True,False
SLG,SL Green Realty Corp Common Stock,nasdaqtrader:N:SLG,common_equity,eligible,N,,55.75,,55495651.617619045,15.281224152191886,26.074174581637276,29.530669144981413,4.381202022093245,15.105832191259328,37.03191253582628,,,False,,277.0,,2026-08-11,,full,"{""as_of"": ""2026-08-11"", ""listing_date"": null, ""reason_code"": ""valid_trading_sessions"", ""status"": ""full"", ""valid_trading_sessions"": 277}","[""l1.csv""]",[],63.2765,ranked,full,100.0,True,True,False
CEVA,"CEVA, Inc. - Common Stock",nasdaqtrader:Q:CEVA,common_equity,eligible,Q,,30.83,,35317521.61904762,-27.815499882931405,-15.441579813494243,34.33551198257081,41.942909760589316,38.41390331602078,112.44200416468655,,,False,,277.0,,2026-08-11,,full,"{""as_of"": ""2026-08-11"", ""listing_date"": null, ""reason_code"": ""valid_trading_sessions"", ""status"": ""full"", ""valid_trading_sessions"": 277}","[""l1.csv""]",[],63.2724,ranked,full,100.0,True,True,False
KEX,Kirby Corporation Common Stock,nasdaqtrader:N:KEX,common_equity,eligible,N,,132.65,,85240987.92730159,-7.081815634631539,-9.1998083373263,10.119541756599704,33.155992772535626,13.067697752146268,41.03291511224896,,,False,,277.0,,2026-08-11,,full,"{""as_of"": ""2026-08-11"", ""listing_date"": null, ""reason_code"": ""valid_trading_sessions"", ""status"": ""full"", ""valid_trading_sessions"": 277}","[""l1.csv""]",[],63.2669,ranked,full,100.0,True,True,False
NUVB,Nuvation Bio Inc. Class A Common Stock,nasdaqtrader:N:NUVB,common_equity,eligible,N,,6.37,,36613117.51920635,10.398613518197575,33.82352941176472,12.943262411347533,176.95652173913047,33.22851153039832,57.06955019459927,,,False,,277.0,,2026-08-11,,full,"{""as_of"": ""2026-08-11"", ""listing_date"": null, ""reason_code"": ""valid_trading_sessions"", ""status"": ""full"", ""valid_trading_sessions"": 277}","[""l1.csv""]",[],63.2638,ranked,full,100.0,True,True,False
MKTX,"MarketAxess Holdings, Inc. - Common Stock",nasdaqtrader:Q:MKTX,common_equity,eligible,Q,,162.53,,128484119.46460319,40.87717777585161,11.92755319881551,-5.080885358874021,-13.090209079728353,16.05288983007077,76.90068767035221,,,False,,277.0,,2026-08-11,,full,"{""as_of"": ""2026-08-11"", ""listing_date"": null, ""reason_code"": ""valid_trading_sessions"", ""status"": ""full"", ""valid_trading_sessions"": 277}","[""l1.csv""]",[],63.2632,ranked,full,100.0,True,True,False
AMT,American Tower Corporation (REIT) Common Stock,nasdaqtrader:N:AMT,common_equity,eligible,N,,169.55,,581956743.2628571,0.02949852507374562,-4.462726094551184,-2.394795924241555,-17.897438380707943,19.978289597885592,29.809965050641214,,,False,,277.0,,2026-08-11,,full,"{""as_of"": ""2026-08-11"", ""listing_date"": null, ""reason_code"": ""valid_trading_sessions"", ""status"": ""full"", ""valid_trading_sessions"": 277}","[""l1.csv""]",[],63.2446,ranked,full,100.0,True,True,False
MGM,MGM Resorts International Common Stock,nasdaqtrader:N:MGM,common_equity,eligible,N,,44.13,,182719050.7853968,-6.583403895004237,18.310991957104573,15.948502364687345,29.1105909888824,12.941408561846512,22.225300893845834,,,False,,277.0,,2026-08-11,,full,"{""as_of"": ""2026-08-11"", ""listing_date"": null, ""reason_code"": ""valid_trading_sessions"", ""status"": ""full"", ""valid_trading_sessions"": 277}","[""l1.csv""]",[],63.2354,ranked,full,100.0,True,True,False
CACC,Credit Acceptance Corporation - Common Stock,nasdaqtrader:Q:CACC,common_equity,eligible,Q,,572.21,,94278526.98928571,-8.611630172647844,9.673400544332434,13.626164141464292,23.542111967528136,12.932136335970789,29.34463657430244,,,False,,277.0,,2026-08-11,,full,"{""as_of"": ""2026-08-11"", ""listing_date"": null, ""reason_code"": ""valid_trading_sessions"", ""status"": ""full"", ""valid_trading_sessions"": 277}","[""l1.csv""]",[],63.233,ranked,full,100.0,True,True,False
CMG,"Chipotle Mexican Grill, Inc. Common Stock",nasdaqtrader:N:CMG,common_equity,eligible,N,,32.0,,647729319.992381,-12.639912639912643,0.25062656641603454,-19.17150795655469,-22.779922779922778,27.33878292461399,61.182091357628856,,,False,,277.0,,2026-08-11,,full,"{""as_of"": ""2026-08-11"", ""listing_date"": null, ""reason_code"": ""valid_trading_sessions"", ""status"": ""full"", ""valid_trading_sessions"": 277}","[""l1.csv""]",[],63.2285,ranked,full,100.0,True,True,False
ADT,ADT Inc. Common Stock,nasdaqtrader:N:ADT,common_equity,eligible,N,,7.45,,62556679.8931746,9.882005899705003,9.720176730486019,-8.138101109741047,-11.520190023752964,15.81920903954802,27.948142622379784,,,False,,277.0,,2026-08-11,,full,"{""as_of"": ""2026-08-11"", ""listing_date"": null, ""reason_code"": ""valid_trading_sessions"", ""status"": ""full"", ""valid_trading_sessions"": 277}","[""l1.csv""]",[],63.2048,ranked,full,100.0,True,True,False
XMTR,"Xometry, Inc. - Class A Common Stock",nasdaqtrader:Q:XMTR,common_equity,eligible,Q,,91.43,,79406603.735,-5.420502741284783,13.247042794327136,26.809986130374508,119.57252641690684,12.799237005245578,64.50506945937776,,,False,,277.0,,2026-08-11,,full,"{""as_of"": ""2026-08-11"", ""listing_date"": null, ""reason_code"": ""valid_trading_sessions"", ""status"": ""full"", ""valid_trading_sessions"": 277}","[""l1.csv""]",[],63.1998,ranked,full,100.0,True,True,False
CTVA,"Corteva, Inc. Common Stock",nasdaqtrader:N:CTVA,common_equity,eligible,N,,76.22,,337154455.8865079,-11.444173347275466,-7.9802004104792985,3.5316490084216223,7.48836553377521,15.78831068390234,44.80760182195399,,,False,,277.0,,2026-08-11,,full,"{""as_of"": ""2026-08-11"", ""listing_date"": null, ""reason_code"": ""valid_trading_sessions"", ""status"": ""full"", ""valid_trading_sessions"": 277}","[""l1.csv""]",[],63.1971,ranked,full,100.0,True,True,False
YPF,YPF Sociedad Anonima American Depositary Shares,nasdaqtrader:N:YPF,adr,eligible,N,,49.15,,84315832.44063492,-0.7070707070707116,9.392388159359012,28.362496735440068,43.33624963546223,12.777284826974277,35.63535076092661,,,False,,277.0,,2026-08-11,,full,"{""as_of"": ""2026-08-11"", ""listing_date"": null, ""reason_code"": ""valid_trading_sessions"", ""status"": ""full"", ""valid_trading_sessions"": 277}","[""l1.csv""]",[],63.1943,ranked,full,100.0,True,True,False
LOPE,"Grand Canyon Education, Inc. - Common Stock",nasdaqtrader:Q:LOPE,common_equity,eligible,Q,,144.38,,51463334.62468254,-5.861641781313165,-10.854531983205739,-14.156608597419584,-27.16541391313121,34.536386306959876,43.295002528605956,,,False,,277.0,,2026-08-11,,full,"{""as_of"": ""2026-08-11"", ""listing_date"": null, ""reason_code"": ""valid_trading_sessions"", ""status"": ""full"", ""valid_trading_sessions"": 277}","[""l1.csv""]",[],63.1882,ranked,full,100.0,True,True,False
ASTH,Astrana Health Inc. - Common Stock,nasdaqtrader:Q:ASTH,common_equity,eligible,Q,,34.48,,25073103.80865079,-27.623845507976498,-9.19146694759021,85.4760623991393,22.79202279202279,30.776952419192938,57.375049069358866,,,False,,277.0,,2026-08-11,,full,"{""as_of"": ""2026-08-11"", ""listing_date"": null, ""reason_code"": ""valid_trading_sessions"", ""status"": ""full"", ""valid_trading_sessions"": 277}","[""l1.csv""]",[],63.1869,ranked,full,100.0,True,True,False
EYPT,"EyePoint, Inc. - Common Stock",nasdaqtrader:Q:EYPT,common_equity,eligible,Q,,13.05,,18355774.74952381,-8.613445378151251,-6.65236051502146,-7.249466950959482,27.56598240469208,30.76923076923077,69.16207864613392,,,False,,277.0,,2026-08-11,,full,"{""as_of"": ""2026-08-11"", ""listing_date"": null, ""reason_code"": ""valid_trading_sessions"", ""status"": ""full"", ""valid_trading_sessions"": 277}","[""l1.csv""]",[],63.1859,ranked,full,100.0,True,True,False
HST,"Host Hotels & Resorts, Inc. - Common Stock",nasdaqtrader:Q:HST,common_equity,eligible,Q,,22.29,,232248820.8166667,-3.3810143042912966,2.3415977961432466,14.073694984646878,45.211726384364816,12.725137039937351,33.110388562523376,,,False,,277.0,,2026-08-11,,full,"{""as_of"": ""2026-08-11"", ""listing_date"": null, ""reason_code"": ""valid_trading_sessions"", ""status"": ""full"", ""valid_trading_sessions"": 277}","[""l1.csv""]",[],63.1813,ranked,full,100.0,True,True,False
GMAB,Genmab A/S - American Depositary Shares,nasdaqtrader:Q:GMAB,adr,eligible,Q,,30.85,,54734410.86396825,7.118055555555558,17.83804430863256,-0.06478781988985549,43.95706952869809,12.705149971703456,31.108544690947546,,,False,,277.0,,2026-08-11,,full,"{""as_of"": ""2026-08-11"", ""listing_date"": null, ""reason_code"": ""valid_trading_sessions"", ""status"": ""full"", ""valid_trading_sessions"": 277}","[""l1.csv""]",[],63.1763,ranked,full,100.0,True,True,False
NBIX,"Neurocrine Biosciences, Inc. - Common Stock",nasdaqtrader:Q:NBIX,common_equity,eligible,Q,,161.94,,206808143.87103173,-6.984491671453186,7.537021050534554,16.03611349957008,29.541636669066463,12.700808625336924,42.53327649704061,,,False,,277.0,,2026-08-11,,full,"{""as_of"": ""2026-08-11"", ""listing_date"": null, ""reason_code"": ""valid_trading_sessions"", ""status"": ""full"", ""valid_trading_sessions"": 277}","[""l1.csv""]",[],63.1752,ranked,full,100.0,True,True,False
UAA,"Under Armour, Inc. Class A Common Stock",nasdaqtrader:N:UAA,common_equity,eligible,N,,5.34,,55331821.82777778,-20.88888888888889,-11.881188118811881,-32.061068702290086,-1.8382352941176516,34.398034398034405,56.65792596991411,,,False,,277.0,,2026-08-11,,full,"{""as_of"": ""2026-08-11"", ""listing_date"": null, ""reason_code"": ""valid_trading_sessions"", ""status"": ""full"", ""valid_trading_sessions"": 277}","[""l1.csv""]",[],63.1697,ranked,full,100.0,True,True,False
PSMT,"PriceSmart, Inc. - Common Stock",nasdaqtrader:Q:PSMT,common_equity,eligible,Q,,172.86,,53237548.10515873,-9.558938942081296,10.115938336093787,10.71542944981747,54.50482659992852,12.65285497726124,34.73936896360904,,,False,,277.0,,2026-08-11,,full,"{""as_of"": ""2026-08-11"", ""listing_date"": null, ""reason_code"": ""valid_trading_sessions"", ""status"": ""full"", ""valid_trading_sessions"": 277}","[""l1.csv""]",[],63.1632,ranked,full,100.0,True,True,False
RRC,Range Resources Corporation Common Stock,nasdaqtrader:N:RRC,common_equity,eligible,N,,40.67,,116374989.69539681,12.224061810154518,-0.7322431047107614,12.878157091312792,17.61133603238867,14.648478488982153,33.42709315298424,,,False,,277.0,,2026-08-11,,full,"{""as_of"": ""2026-08-11"", ""listing_date"": null, ""reason_code"": ""valid_trading_sessions"", ""status"": ""full"", ""valid_trading_sessions"": 277}","[""l1.csv""]",[],63.1621,ranked,full,100.0,True,True,False
ATEN,"A10 Networks, Inc. Common Stock",nasdaqtrader:N:ATEN,common_equity,eligible,N,,27.17,,40640196.30666667,-26.14840989399293,-3.033547466095643,29.937828790052624,56.059735784032185,28.706376279191804,57.53610340642735,,,False,,277.0,,2026-08-11,,full,"{""as_of"": ""2026-08-11"", ""listing_date"": null, ""reason_code"": ""valid_trading_sessions"", ""status"": ""full"", ""valid_trading_sessions"": 277}","[""l1.csv""]",[],63.1609,ranked,full,100.0,True,True,False
MCD,McDonald's Corporation Common Stock,nasdaqtrader:N:MCD,common_equity,eligible,N,,274.15,,1260404379.6401587,0.5649095777850999,-0.1638747268754681,-15.80159705159706,-10.247176297266336,19.618248988447785,23.287609772335326,,,False,,277.0,,2026-08-11,,full,"{""as_of"": ""2026-08-11"", ""listing_date"": null, ""reason_code"": ""valid_trading_sessions"", ""status"": ""full"", ""valid_trading_sessions"": 277}","[""l1.csv""]",[],63.1546,ranked,full,100.0,True,True,False
WGO,"Winnebago Industries, Inc. Common Stock",nasdaqtrader:N:WGO,common_equity,eligible,N,,32.79,,21879709.496190477,10.926928281461446,7.543456871105292,-31.60200250312891,7.86184210526315,34.222668004012036,39.35978599655864,,,False,,277.0,,2026-08-11,,full,"{""as_of"": ""2026-08-11"", ""listing_date"": null, ""reason_code"": ""valid_trading_sessions"", ""status"": ""full"", ""valid_trading_sessions"": 277}","[""l1.csv""]",[],63.1464,ranked,full,100.0,True,True,False
