ticker,company,contract_id,security_type,instrument_status,exchange,sector,price,market_cap,avg_dollar_volume,return_1m,return_3m,return_6m,return_12m,drawdown_52w,historical_volatility,profitable,fcf_positive,quality_seed,quality_prior_score,trading_history_days,listing_date,as_of,retrieved_at,momentum_history_status,history_evidence,sources,source_conflicts,l1_score,l1_status,history_sufficiency,opportunity_coverage_pct,rankable,selected_for_next_stage,limited_history_recheck
KLAC,KLA Corporation  - Common Stock,nasdaqtrader:Q:KLAC,common_equity,eligible,Q,,192.74,,2809355399.729841,-16.75017277125086,3.113631500107017,33.568953568953575,111.31454884332861,36.11746378973185,89.97835156448639,,,False,,276.0,,2026-08-10,,full,"{""as_of"": ""2026-08-10"", ""listing_date"": null, ""reason_code"": ""valid_trading_sessions"", ""status"": ""full"", ""valid_trading_sessions"": 276}","[""l1.csv""]",[],69.4255,ranked,full,100.0,True,True,False
MU,"Micron Technology, Inc. - Common Stock",nasdaqtrader:Q:MU,common_equity,eligible,Q,,861.0,,48490586508.480316,-12.080057183702642,15.290368366786744,118.14588664521524,669.6433360150174,29.0517156135667,98.11762082892848,,,False,,276.0,,2026-08-10,,full,"{""as_of"": ""2026-08-10"", ""listing_date"": null, ""reason_code"": ""valid_trading_sessions"", ""status"": ""full"", ""valid_trading_sessions"": 276}","[""l1.csv""]",[],69.2069,ranked,full,100.0,True,True,False
ON,ON Semiconductor Corporation - Common Stock,nasdaqtrader:Q:ON,common_equity,eligible,Q,,79.78,,1264176185.9871428,-16.861192163401405,-22.6937984496124,22.361963190184042,67.64026055894095,40.43156872993355,59.46183803346289,,,False,,276.0,,2026-08-10,,full,"{""as_of"": ""2026-08-10"", ""listing_date"": null, ""reason_code"": ""valid_trading_sessions"", ""status"": ""full"", ""valid_trading_sessions"": 276}","[""l1.csv""]",[],69.1379,ranked,full,100.0,True,True,False
AMAT,"Applied Materials, Inc. - Common Stock",nasdaqtrader:Q:AMAT,common_equity,eligible,Q,,522.12,,5241162431.098888,-13.341078838174269,19.90630167187213,61.89265449133361,185.07780507780507,27.784232365145222,89.52882428273277,,,False,,276.0,,2026-08-10,,full,"{""as_of"": ""2026-08-10"", ""listing_date"": null, ""reason_code"": ""valid_trading_sessions"", ""status"": ""full"", ""valid_trading_sessions"": 276}","[""l1.csv""]",[],69.0379,ranked,full,100.0,True,True,False
PINS,"Pinterest, Inc. Class A Common Stock",nasdaqtrader:N:PINS,common_equity,eligible,N,,24.37,,347401695.3590476,8.21492007104796,14.57451810061119,24.33673469387754,-37.784018381414356,35.78392621870883,48.60789862336587,,,False,,276.0,,2026-08-10,,full,"{""as_of"": ""2026-08-10"", ""listing_date"": null, ""reason_code"": ""valid_trading_sessions"", ""status"": ""full"", ""valid_trading_sessions"": 276}","[""l1.csv""]",[],68.9477,ranked,full,100.0,True,True,False
LRCX,Lam Research Corporation - Common Stock,nasdaqtrader:Q:LRCX,common_equity,eligible,Q,,306.4,,3896661875.5309525,-12.539605514800334,4.1999659921781785,32.634950867927785,209.02672718103878,29.29176378279833,93.62475509923861,,,False,,276.0,,2026-08-10,,full,"{""as_of"": ""2026-08-10"", ""listing_date"": null, ""reason_code"": ""valid_trading_sessions"", ""status"": ""full"", ""valid_trading_sessions"": 276}","[""l1.csv""]",[],68.7389,ranked,full,100.0,True,True,False
SOFI,"SoFi Technologies, Inc.  - Common Stock",nasdaqtrader:Q:SOFI,common_equity,eligible,Q,,18.12,,1350754750.5953968,-3.514376996805113,15.047619047619044,-13.135186960690303,-17.93478260869564,43.74417882645141,60.382135707104965,,,False,,276.0,,2026-08-10,,full,"{""as_of"": ""2026-08-10"", ""listing_date"": null, ""reason_code"": ""valid_trading_sessions"", ""status"": ""full"", ""valid_trading_sessions"": 276}","[""l1.csv""]",[],68.6671,ranked,full,100.0,True,True,False
INSM,Insmed Incorporated - Common Stock,nasdaqtrader:Q:INSM,common_equity,eligible,Q,,134.75,,418886708.7695238,16.55566127497621,32.95510606808092,-10.08274389430136,23.28453796889296,36.261293221701905,90.44300938126493,,,False,,276.0,,2026-08-10,,full,"{""as_of"": ""2026-08-10"", ""listing_date"": null, ""reason_code"": ""valid_trading_sessions"", ""status"": ""full"", ""valid_trading_sessions"": 276}","[""l1.csv""]",[],68.6659,ranked,full,100.0,True,True,False
IONQ,"IonQ, Inc. Common Stock",nasdaqtrader:N:IONQ,common_equity,eligible,N,,42.53,,1371945724.2144444,-0.7699486700886604,-13.627132412672626,21.549014004001133,5.0382810570511305,48.1910098672189,89.10401964384577,,,False,,276.0,,2026-08-10,,full,"{""as_of"": ""2026-08-10"", ""listing_date"": null, ""reason_code"": ""valid_trading_sessions"", ""status"": ""full"", ""valid_trading_sessions"": 276}","[""l1.csv""]",[],68.6206,ranked,full,100.0,True,True,False
QCOM,QUALCOMM Incorporated - Common Stock,nasdaqtrader:Q:QCOM,common_equity,eligible,Q,,162.17,,3965891078.3614283,-14.268344258828513,-25.980190789173406,18.079219455366236,11.151473612063034,35.39558600908295,48.40985309720603,,,False,,276.0,,2026-08-10,,full,"{""as_of"": ""2026-08-10"", ""listing_date"": null, ""reason_code"": ""valid_trading_sessions"", ""status"": ""full"", ""valid_trading_sessions"": 276}","[""l1.csv""]",[],68.4736,ranked,full,100.0,True,True,False
ENPH,"Enphase Energy, Inc. - Common Stock",nasdaqtrader:Q:ENPH,common_equity,eligible,Q,,40.92,,366210114.9222222,-8.721838054873965,12.263374485596712,-17.831325301204814,28.71972318339102,43.425964330153455,67.38181419346691,,,False,,276.0,,2026-08-10,,full,"{""as_of"": ""2026-08-10"", ""listing_date"": null, ""reason_code"": ""valid_trading_sessions"", ""status"": ""full"", ""valid_trading_sessions"": 276}","[""l1.csv""]",[],68.4383,ranked,full,100.0,True,True,False
MKSI,MKS Inc. - Common Stock,nasdaqtrader:Q:MKSI,common_equity,eligible,Q,,292.35,,474111637.1296826,-20.682077160996247,-6.660068324766122,20.328449127428392,195.99068543079886,34.273830935251794,92.03010614976509,,,False,,276.0,,2026-08-10,,full,"{""as_of"": ""2026-08-10"", ""listing_date"": null, ""reason_code"": ""valid_trading_sessions"", ""status"": ""full"", ""valid_trading_sessions"": 276}","[""l1.csv""]",[],68.4032,ranked,full,100.0,True,True,False
NOW,"ServiceNow, Inc. Common Stock",nasdaqtrader:N:NOW,common_equity,eligible,N,,127.44,,2944938271.4098415,18.31770494847276,39.76749287124368,26.503871351995233,-27.102162224001823,33.704416584300056,57.4795110113778,,,False,,276.0,,2026-08-10,,full,"{""as_of"": ""2026-08-10"", ""listing_date"": null, ""reason_code"": ""valid_trading_sessions"", ""status"": ""full"", ""valid_trading_sessions"": 276}","[""l1.csv""]",[],68.3273,ranked,full,100.0,True,True,False
HOOD,"Robinhood Markets, Inc. - Class A Common Stock",nasdaqtrader:Q:HOOD,common_equity,eligible,Q,,94.52,,2497824421.534762,-15.584531570956505,22.705439439179532,14.127022458343408,-15.022925469747372,38.00341073068346,62.06994423675302,,,False,,276.0,,2026-08-10,,full,"{""as_of"": ""2026-08-10"", ""listing_date"": null, ""reason_code"": ""valid_trading_sessions"", ""status"": ""full"", ""valid_trading_sessions"": 276}","[""l1.csv""]",[],68.2998,ranked,full,100.0,True,True,False
GLW,Corning Incorporated Common Stock,nasdaqtrader:N:GLW,common_equity,eligible,N,,157.76,,2771463254.6550794,-17.35554507831736,-15.609286402054135,29.14210870988867,143.60716491661515,38.300285501975054,104.79575004877364,,,False,,276.0,,2026-08-10,,full,"{""as_of"": ""2026-08-10"", ""listing_date"": null, ""reason_code"": ""valid_trading_sessions"", ""status"": ""full"", ""valid_trading_sessions"": 276}","[""l1.csv""]",[],68.28,ranked,full,100.0,True,True,False
CORZ,"Core Scientific, Inc. - Common Stock",nasdaqtrader:Q:CORZ,common_equity,eligible,Q,,19.44,,316561083.384127,-17.24137931034482,-15.18324607329843,15.645449137418211,35.47038327526133,33.33333333333333,107.69099656365297,,,False,,276.0,,2026-08-10,,full,"{""as_of"": ""2026-08-10"", ""listing_date"": null, ""reason_code"": ""valid_trading_sessions"", ""status"": ""full"", ""valid_trading_sessions"": 276}","[""l1.csv""]",[],68.2778,ranked,full,100.0,True,True,False
TEM,"Tempus AI, Inc. - Class A Common Stock",nasdaqtrader:Q:TEM,common_equity,eligible,Q,,55.06,,311290582.13492066,-5.443929246093071,10.429201764941842,0.2731742851939556,-6.264896152536603,46.67312348668281,75.74526563640764,,,False,,276.0,,2026-08-10,,full,"{""as_of"": ""2026-08-10"", ""listing_date"": null, ""reason_code"": ""valid_trading_sessions"", ""status"": ""full"", ""valid_trading_sessions"": 276}","[""l1.csv""]",[],68.2218,ranked,full,100.0,True,True,False
RIOT,"Riot Platforms, Inc. - Common Stock",nasdaqtrader:Q:RIOT,common_equity,eligible,Q,,19.4,,401642779.64603174,-7.464822322919162,-19.435215946843854,34.25605536332179,67.53022452504315,32.380620425235286,109.51765601564465,,,False,,276.0,,2026-08-10,,full,"{""as_of"": ""2026-08-10"", ""listing_date"": null, ""reason_code"": ""valid_trading_sessions"", ""status"": ""full"", ""valid_trading_sessions"": 276}","[""l1.csv""]",[],68.1507,ranked,full,100.0,True,True,False
TER,"Teradyne, Inc. - Common Stock",nasdaqtrader:Q:TER,common_equity,eligible,Q,,365.1,,1661539684.628254,1.5294771968854315,1.4815020707674487,21.65539302255839,242.9457073079091,24.54117063492063,100.3738151019549,,,False,,276.0,,2026-08-10,,full,"{""as_of"": ""2026-08-10"", ""listing_date"": null, ""reason_code"": ""valid_trading_sessions"", ""status"": ""full"", ""valid_trading_sessions"": 276}","[""l1.csv""]",[],68.1055,ranked,full,100.0,True,True,False
VRSK,"Verisk Analytics, Inc. - Common Stock",nasdaqtrader:Q:VRSK,common_equity,eligible,Q,,181.18,,422069887.36753964,-2.2708883974324245,5.416884854832138,1.1613623673925266,-31.506124300619987,33.64099183239936,41.81850775591299,,,False,,276.0,,2026-08-10,,full,"{""as_of"": ""2026-08-10"", ""listing_date"": null, ""reason_code"": ""valid_trading_sessions"", ""status"": ""full"", ""valid_trading_sessions"": 276}","[""l1.csv""]",[],68.0688,ranked,full,100.0,True,True,False
RDW,Redwire Corporation Common Stock,nasdaqtrader:N:RDW,common_equity,eligible,N,,13.12,,571922634.3193651,28.880157170923383,18.518518518518512,30.67729083665338,38.542766631467785,49.343629343629345,104.22534865700408,,,False,,276.0,,2026-08-10,,full,"{""as_of"": ""2026-08-10"", ""listing_date"": null, ""reason_code"": ""valid_trading_sessions"", ""status"": ""full"", ""valid_trading_sessions"": 276}","[""l1.csv""]",[],68.0438,ranked,full,100.0,True,True,False
CRM,"Salesforce, Inc. Common Stock",nasdaqtrader:N:CRM,common_equity,eligible,N,,197.51,,2564043313.015714,20.934361988733773,8.629413705862943,3.219231774235687,-18.004815675855202,25.81226758817564,45.80703487323075,,,False,,276.0,,2026-08-10,,full,"{""as_of"": ""2026-08-10"", ""listing_date"": null, ""reason_code"": ""valid_trading_sessions"", ""status"": ""full"", ""valid_trading_sessions"": 276}","[""l1.csv""]",[],68.025,ranked,full,100.0,True,True,False
ADBE,Adobe Inc. - Common Stock,nasdaqtrader:Q:ADBE,common_equity,eligible,Q,,272.96,,1471756962.242222,22.05329994634233,7.8722731583939165,1.7065355093524026,-19.307062405770537,25.717084852773098,48.14531650233397,,,False,,276.0,,2026-08-10,,full,"{""as_of"": ""2026-08-10"", ""listing_date"": null, ""reason_code"": ""valid_trading_sessions"", ""status"": ""full"", ""valid_trading_sessions"": 276}","[""l1.csv""]",[],68.0123,ranked,full,100.0,True,True,False
RIVN,"Rivian Automotive, Inc. - Class A Common Stock",nasdaqtrader:Q:RIVN,common_equity,eligible,Q,,16.39,,550567674.3697618,-6.235697940503426,15.26019690576652,10.74324324324325,35.79121789560895,26.993318485523375,89.34827622954337,,,False,,276.0,,2026-08-10,,full,"{""as_of"": ""2026-08-10"", ""listing_date"": null, ""reason_code"": ""valid_trading_sessions"", ""status"": ""full"", ""valid_trading_sessions"": 276}","[""l1.csv""]",[],67.9324,ranked,full,100.0,True,True,False
MRNA,"Moderna, Inc. - Common Stock",nasdaqtrader:Q:MRNA,common_equity,eligible,Q,,59.81,,435189619.12531745,-12.391973048190996,10.045998160073587,45.84247744452574,124.76512589252162,26.88264058679706,75.54556342640862,,,False,,276.0,,2026-08-10,,full,"{""as_of"": ""2026-08-10"", ""listing_date"": null, ""reason_code"": ""valid_trading_sessions"", ""status"": ""full"", ""valid_trading_sessions"": 276}","[""l1.csv""]",[],67.9177,ranked,full,100.0,True,True,False
GFS,GlobalFoundries Inc. - Ordinary Share,nasdaqtrader:Q:GFS,common_equity,eligible,Q,,50.05,,328983257.868254,-27.432216905901118,-32.47436589314626,16.639477977161498,55.04956629491944,44.36416184971098,68.93192828359646,,,False,,276.0,,2026-08-10,,full,"{""as_of"": ""2026-08-10"", ""listing_date"": null, ""reason_code"": ""valid_trading_sessions"", ""status"": ""full"", ""valid_trading_sessions"": 276}","[""l1.csv""]",[],67.8757,ranked,full,100.0,True,True,False
AEM,Agnico Eagle Mines Limited Common Stock,nasdaqtrader:N:AEM,common_equity,eligible,N,,180.48,,442987915.398254,22.884183291346073,-6.58868588582372,-8.199389623601228,32.92090145824127,28.43491018676395,47.39262092131017,,,False,,276.0,,2026-08-10,,full,"{""as_of"": ""2026-08-10"", ""listing_date"": null, ""reason_code"": ""valid_trading_sessions"", ""status"": ""full"", ""valid_trading_sessions"": 276}","[""l1.csv""]",[],67.8747,ranked,full,100.0,True,True,False
ASTS,"AST SpaceMobile, Inc. - Class A Common Stock",nasdaqtrader:Q:ASTS,common_equity,eligible,Q,,68.76,,1829842222.2633333,-6.219312602291305,-8.381079280479675,-32.44916003536693,44.12072940683296,48.335712675633026,113.90439705598642,,,False,,276.0,,2026-08-10,,full,"{""as_of"": ""2026-08-10"", ""listing_date"": null, ""reason_code"": ""valid_trading_sessions"", ""status"": ""full"", ""valid_trading_sessions"": 276}","[""l1.csv""]",[],67.861,ranked,full,100.0,True,True,False
NOK,Nokia Corporation Sponsored American Depositary Shares,nasdaqtrader:N:NOK,adr,eligible,N,,9.13,,1370861987.0863492,-26.607717041800637,-28.783151326053037,29.137199434229146,122.1411192214112,45.8160237388724,68.86671674522405,,,False,,276.0,,2026-08-10,,full,"{""as_of"": ""2026-08-10"", ""listing_date"": null, ""reason_code"": ""valid_trading_sessions"", ""status"": ""full"", ""valid_trading_sessions"": 276}","[""l1.csv""]",[],67.7789,ranked,full,100.0,True,True,False
SANM,Sanmina Corporation - Common Stock,nasdaqtrader:Q:SANM,common_equity,eligible,Q,,199.15,,250280937.22920635,-4.617079362038401,-19.81075095631165,32.95280058748917,67.32481935809109,29.559281267685343,91.37491222488117,,,False,,276.0,,2026-08-10,,full,"{""as_of"": ""2026-08-10"", ""listing_date"": null, ""reason_code"": ""valid_trading_sessions"", ""status"": ""full"", ""valid_trading_sessions"": 276}","[""l1.csv""]",[],67.7746,ranked,full,100.0,True,True,False
RKLB,Rocket Lab Corporation - Common Stock,nasdaqtrader:Q:RKLB,common_equity,eligible,Q,,80.04,,2620328777.604444,-1.2339585389930852,-24.11112164596567,10.674778761061976,81.0450124406243,46.721693403448036,99.5891804232639,,,False,,276.0,,2026-08-10,,full,"{""as_of"": ""2026-08-10"", ""listing_date"": null, ""reason_code"": ""valid_trading_sessions"", ""status"": ""full"", ""valid_trading_sessions"": 276}","[""l1.csv""]",[],67.7186,ranked,full,100.0,True,True,False
ROP,"Roper Technologies, Inc. - Common Stock",nasdaqtrader:Q:ROP,common_equity,eligible,Q,,403.89,,372683154.98761904,13.484124754144421,17.642432715833635,11.44252524695104,-24.74707011235119,25.277510545400727,41.405078475224336,,,False,,276.0,,2026-08-10,,full,"{""as_of"": ""2026-08-10"", ""listing_date"": null, ""reason_code"": ""valid_trading_sessions"", ""status"": ""full"", ""valid_trading_sessions"": 276}","[""l1.csv""]",[],67.7037,ranked,full,100.0,True,True,False
CAT,"Caterpillar, Inc. Common Stock",nasdaqtrader:N:CAT,common_equity,eligible,N,,837.58,,2976868581.7568254,-12.05678226814082,-6.671123739484097,15.337372624621315,100.80072880705795,21.346605315053058,46.0258156572202,,,False,,276.0,,2026-08-10,,full,"{""as_of"": ""2026-08-10"", ""listing_date"": null, ""reason_code"": ""valid_trading_sessions"", ""status"": ""full"", ""valid_trading_sessions"": 276}","[""l1.csv""]",[],67.6795,ranked,full,100.0,True,True,False
SMTC,Semtech Corporation - Common Stock,nasdaqtrader:Q:SMTC,common_equity,eligible,Q,,131.27,,520778059.5515873,-3.5701168001175287,7.76619325178558,51.75722543352603,154.89320388349515,24.872660676472258,99.44702010620061,,,False,,276.0,,2026-08-10,,full,"{""as_of"": ""2026-08-10"", ""listing_date"": null, ""reason_code"": ""valid_trading_sessions"", ""status"": ""full"", ""valid_trading_sessions"": 276}","[""l1.csv""]",[],67.6497,ranked,full,100.0,True,True,False
FSLR,"First Solar, Inc. - Common Stock",nasdaqtrader:Q:FSLR,common_equity,eligible,Q,,239.33,,629463092.9933333,5.047623227845333,8.81109343032509,9.418003931788066,28.949353448275872,24.798114689709337,50.07753594165638,,,False,,276.0,,2026-08-10,,full,"{""as_of"": ""2026-08-10"", ""listing_date"": null, ""reason_code"": ""valid_trading_sessions"", ""status"": ""full"", ""valid_trading_sessions"": 276}","[""l1.csv""]",[],67.6397,ranked,full,100.0,True,True,False
MPWR,"Monolithic Power Systems, Inc. - Common Stock",nasdaqtrader:Q:MPWR,common_equity,eligible,Q,,1381.1,,1349673557.613016,2.0964856513446817,-13.726543564628567,12.3009871363289,73.08318921222146,18.272786986135202,60.328294518807176,,,False,,276.0,,2026-08-10,,full,"{""as_of"": ""2026-08-10"", ""listing_date"": null, ""reason_code"": ""valid_trading_sessions"", ""status"": ""full"", ""valid_trading_sessions"": 276}","[""l1.csv""]",[],67.5682,ranked,full,100.0,True,True,False
MOD,Modine Manufacturing Company Common Stock,nasdaqtrader:N:MOD,common_equity,eligible,N,,191.01,,395417936.8106349,-22.325240941807976,-30.03296703296704,-11.45466345262377,41.331853496115414,37.75945778617745,79.63653076915806,,,False,,276.0,,2026-08-10,,full,"{""as_of"": ""2026-08-10"", ""listing_date"": null, ""reason_code"": ""valid_trading_sessions"", ""status"": ""full"", ""valid_trading_sessions"": 276}","[""l1.csv""]",[],67.566,ranked,full,100.0,True,True,False
CLS,"Celestica, Inc. Common Stock",nasdaqtrader:N:CLS,common_equity,eligible,N,,314.59,,851400383.4426984,-12.577462831735453,-16.232192783916933,2.295710987545929,56.34908801749414,33.40601185436072,91.9481819040769,,,False,,276.0,,2026-08-10,,full,"{""as_of"": ""2026-08-10"", ""listing_date"": null, ""reason_code"": ""valid_trading_sessions"", ""status"": ""full"", ""valid_trading_sessions"": 276}","[""l1.csv""]",[],67.5375,ranked,full,100.0,True,True,False
LYB,LyondellBasell Industries NV Ordinary Shares Class A (Netherlands),nasdaqtrader:N:LYB,common_equity,eligible,N,,62.65,,316655333.9039683,11.180124223602483,-12.695094760312164,13.702359346642456,24.875423559896337,23.94998786113134,38.15562083471655,,,False,,276.0,,2026-08-10,,full,"{""as_of"": ""2026-08-10"", ""listing_date"": null, ""reason_code"": ""valid_trading_sessions"", ""status"": ""full"", ""valid_trading_sessions"": 276}","[""l1.csv""]",[],67.5267,ranked,full,100.0,True,True,False
AA,Alcoa Corporation Common Stock,nasdaqtrader:N:AA,common_equity,eligible,N,,51.63,,319162293.44714284,6.059983566146276,-18.281101614434945,-12.72819472616632,71.5282392026578,38.38166845685643,50.46387518392032,,,False,,276.0,,2026-08-10,,full,"{""as_of"": ""2026-08-10"", ""listing_date"": null, ""reason_code"": ""valid_trading_sessions"", ""status"": ""full"", ""valid_trading_sessions"": 276}","[""l1.csv""]",[],67.5246,ranked,full,100.0,True,True,False
CDE,"Coeur Mining, Inc. Common Stock",nasdaqtrader:N:CDE,common_equity,eligible,N,,18.15,,567565480.756508,13.579474342928656,-2.2090517241379337,-15.34514925373135,60.90425531914894,33.149171270718234,75.57740120920073,,,False,,276.0,,2026-08-10,,full,"{""as_of"": ""2026-08-10"", ""listing_date"": null, ""reason_code"": ""valid_trading_sessions"", ""status"": ""full"", ""valid_trading_sessions"": 276}","[""l1.csv""]",[],67.5032,ranked,full,100.0,True,True,False
AKAM,"Akamai Technologies, Inc. - Common Stock",nasdaqtrader:Q:AKAM,common_equity,eligible,Q,,117.65,,612673740.5959524,-6.767572707821534,-20.350687157267622,23.737904922170806,57.37025147137507,26.988953704852914,59.375899237352805,,,False,,276.0,,2026-08-10,,full,"{""as_of"": ""2026-08-10"", ""listing_date"": null, ""reason_code"": ""valid_trading_sessions"", ""status"": ""full"", ""valid_trading_sessions"": 276}","[""l1.csv""]",[],67.4319,ranked,full,100.0,True,True,False
DY,"Dycom Industries, Inc. Common Stock",nasdaqtrader:N:DY,common_equity,eligible,N,,400.79,,254563257.7268254,-5.855961664944099,-6.4252527375032065,0.07990611032038242,44.98788119958037,25.113976083707023,63.587205009037426,,,False,,276.0,,2026-08-10,,full,"{""as_of"": ""2026-08-10"", ""listing_date"": null, ""reason_code"": ""valid_trading_sessions"", ""status"": ""full"", ""valid_trading_sessions"": 276}","[""l1.csv""]",[],67.4319,ranked,full,100.0,True,True,False
ZS,"Zscaler, Inc. - Common Stock",nasdaqtrader:Q:ZS,common_equity,eligible,Q,,176.68,,633419629.8884127,26.861492065771507,16.137513968316576,5.5877607123647755,-35.16330275229358,47.45888720373509,48.258529827515275,,,False,,276.0,,2026-08-10,,full,"{""as_of"": ""2026-08-10"", ""listing_date"": null, ""reason_code"": ""valid_trading_sessions"", ""status"": ""full"", ""valid_trading_sessions"": 276}","[""l1.csv""]",[],67.4194,ranked,full,100.0,True,True,False
ARES,Ares Management Corporation Class A Common Stock,nasdaqtrader:N:ARES,common_equity,eligible,N,,137.66,,301237439.5663492,13.012067974714725,9.037623762376246,5.518933006285431,-26.36533832575555,28.58476862419589,40.17586158800652,,,False,,276.0,,2026-08-10,,full,"{""as_of"": ""2026-08-10"", ""listing_date"": null, ""reason_code"": ""valid_trading_sessions"", ""status"": ""full"", ""valid_trading_sessions"": 276}","[""l1.csv""]",[],67.3946,ranked,full,100.0,True,True,False
AAL,"American Airlines Group, Inc. - Common Stock",nasdaqtrader:Q:AAL,common_equity,eligible,Q,,15.0,,1682031998.7570636,-11.504424778761058,12.35955056179776,-1.5748031496062964,27.877237851662407,17.355371900826444,54.219106177665246,,,False,,276.0,,2026-08-10,,full,"{""as_of"": ""2026-08-10"", ""listing_date"": null, ""reason_code"": ""valid_trading_sessions"", ""status"": ""full"", ""valid_trading_sessions"": 276}","[""l1.csv""]",[],67.3388,ranked,full,100.0,True,True,False
AU,AngloGold Ashanti PLC Ordinary Shares,nasdaqtrader:N:AU,common_equity,eligible,N,,97.25,,261374521.08285716,18.453105968331318,-9.137624964963099,-6.445406445406443,67.55685733976568,24.177452050522376,53.603954364431,,,False,,276.0,,2026-08-10,,full,"{""as_of"": ""2026-08-10"", ""listing_date"": null, ""reason_code"": ""valid_trading_sessions"", ""status"": ""full"", ""valid_trading_sessions"": 276}","[""l1.csv""]",[],67.307,ranked,full,100.0,True,True,False
IDXX,"IDEXX Laboratories, Inc. - Common Stock",nasdaqtrader:Q:IDXX,common_equity,eligible,Q,,595.76,,373728414.16944444,5.711801550827755,6.364821195836523,-7.578225593769883,-8.353075100759922,22.293525329994257,32.18013900218387,,,False,,276.0,,2026-08-10,,full,"{""as_of"": ""2026-08-10"", ""listing_date"": null, ""reason_code"": ""valid_trading_sessions"", ""status"": ""full"", ""valid_trading_sessions"": 276}","[""l1.csv""]",[],67.3058,ranked,full,100.0,True,True,False
HIMS,"Hims & Hers Health, Inc. Class A Common Stock",nasdaqtrader:N:HIMS,common_equity,eligible,N,,31.77,,541139501.6242857,-7.59162303664922,12.38061549345597,38.010425716768026,-37.766895200783544,49.37858508604206,99.46491599653599,,,False,,276.0,,2026-08-10,,full,"{""as_of"": ""2026-08-10"", ""listing_date"": null, ""reason_code"": ""valid_trading_sessions"", ""status"": ""full"", ""valid_trading_sessions"": 276}","[""l1.csv""]",[],67.2914,ranked,full,100.0,True,True,False
HD,"Home Depot, Inc. (The) Common Stock",nasdaqtrader:N:HD,common_equity,eligible,N,,350.78,,1551715624.7098413,2.178852315758806,10.499291226964868,-8.92379592366611,-9.164357666312773,17.155542959709045,26.64644398951565,,,False,,276.0,,2026-08-10,,full,"{""as_of"": ""2026-08-10"", ""listing_date"": null, ""reason_code"": ""valid_trading_sessions"", ""status"": ""full"", ""valid_trading_sessions"": 276}","[""l1.csv""]",[],67.2889,ranked,full,100.0,True,True,False
MELI,"MercadoLibre, Inc. - Common Stock",nasdaqtrader:Q:MELI,common_equity,eligible,Q,,1824.34,,884869823.0122222,-1.5052207621125024,11.749932619508495,-7.400959317818446,-21.863783931951943,27.34520922193415,24.422647310248877,,,False,,276.0,,2026-08-10,,full,"{""as_of"": ""2026-08-10"", ""listing_date"": null, ""reason_code"": ""valid_trading_sessions"", ""status"": ""full"", ""valid_trading_sessions"": 276}","[""l1.csv""]",[],67.2294,ranked,full,100.0,True,True,False
NBIS,Nebius Group N.V. - Class A Ordinary Shares,nasdaqtrader:Q:NBIS,common_equity,eligible,Q,,184.11,,4320955138.868571,-16.180286819940815,3.987574131601246,113.83275261324046,181.90169958658706,35.78080853883986,155.6155777683313,,,False,,276.0,,2026-08-10,,full,"{""as_of"": ""2026-08-10"", ""listing_date"": null, ""reason_code"": ""valid_trading_sessions"", ""status"": ""full"", ""valid_trading_sessions"": 276}","[""l1.csv""]",[],67.1979,ranked,full,100.0,True,True,False
RMBS,"Rambus, Inc. - Common Stock",nasdaqtrader:Q:RMBS,common_equity,eligible,Q,,95.89,,358584223.29634917,-14.460303300624433,-25.80757476111262,-10.466853408029875,33.273106323836,43.812258291339504,82.77702555033906,,,False,,276.0,,2026-08-10,,full,"{""as_of"": ""2026-08-10"", ""listing_date"": null, ""reason_code"": ""valid_trading_sessions"", ""status"": ""full"", ""valid_trading_sessions"": 276}","[""l1.csv""]",[],67.1625,ranked,full,100.0,True,True,False
ALAB,"Astera Labs, Inc. - Common Stock",nasdaqtrader:Q:ALAB,common_equity,eligible,Q,,317.23,,1968302455.3396032,-23.18328207860135,58.781720806847204,86.7706800117751,85.63403358885834,34.32363049149103,128.47182393913917,,,False,,276.0,,2026-08-10,,full,"{""as_of"": ""2026-08-10"", ""listing_date"": null, ""reason_code"": ""valid_trading_sessions"", ""status"": ""full"", ""valid_trading_sessions"": 276}","[""l1.csv""]",[],67.1598,ranked,full,100.0,True,True,False
MRVL,"Marvell Technology, Inc. - Common Stock",nasdaqtrader:Q:MRVL,common_equity,eligible,Q,,208.56,,10401282485.971191,-11.555913659301975,22.588608710985714,159.79073243647233,174.96374423203696,34.08968808267231,98.2225119906403,,,False,,276.0,,2026-08-10,,full,"{""as_of"": ""2026-08-10"", ""listing_date"": null, ""reason_code"": ""valid_trading_sessions"", ""status"": ""full"", ""valid_trading_sessions"": 276}","[""l1.csv""]",[],67.1286,ranked,full,100.0,True,True,False
B,Barrick Mining Corporation Common Shares,nasdaqtrader:N:B,common_equity,eligible,N,,40.88,,451889327.20095235,11.45038167938932,-5.2167864595409235,-9.47741364038971,77.19982661465107,22.83880709701773,47.08756261278338,,,False,,276.0,,2026-08-10,,full,"{""as_of"": ""2026-08-10"", ""listing_date"": null, ""reason_code"": ""valid_trading_sessions"", ""status"": ""full"", ""valid_trading_sessions"": 276}","[""l1.csv""]",[],67.1285,ranked,full,100.0,True,True,False
TTMI,"TTM Technologies, Inc. - Common Stock",nasdaqtrader:Q:TTMI,common_equity,eligible,Q,,130.08,,473202051.1774603,-11.171810980606377,-17.309770516813927,31.95374315276933,200.00000000000006,41.265182643247385,99.60216799976041,,,False,,276.0,,2026-08-10,,full,"{""as_of"": ""2026-08-10"", ""listing_date"": null, ""reason_code"": ""valid_trading_sessions"", ""status"": ""full"", ""valid_trading_sessions"": 276}","[""l1.csv""]",[],67.0823,ranked,full,100.0,True,True,False
RDDT,"Reddit, Inc. Class A Common Stock",nasdaqtrader:N:RDDT,common_equity,eligible,N,,158.72,,869933906.7046032,-18.746800450496572,1.8741976893453138,13.509261245798454,-25.068454348031345,41.36899264896014,98.98752448597459,,,False,,276.0,,2026-08-10,,full,"{""as_of"": ""2026-08-10"", ""listing_date"": null, ""reason_code"": ""valid_trading_sessions"", ""status"": ""full"", ""valid_trading_sessions"": 276}","[""l1.csv""]",[],67.0754,ranked,full,100.0,True,True,False
TSEM,Tower Semiconductor Ltd. - Ordinary Shares,nasdaqtrader:Q:TSEM,common_equity,eligible,Q,,252.55,,535455479.93761903,13.37822671156006,19.68059899535588,81.63837744533949,417.0966420966421,20.293514281205617,107.26981545163522,,,False,,276.0,,2026-08-10,,full,"{""as_of"": ""2026-08-10"", ""listing_date"": null, ""reason_code"": ""valid_trading_sessions"", ""status"": ""full"", ""valid_trading_sessions"": 276}","[""l1.csv""]",[],67.0391,ranked,full,100.0,True,True,False
FN,Fabrinet Ordinary Shares,nasdaqtrader:N:FN,common_equity,eligible,N,,527.07,,549351903.9026984,11.873580540402884,-15.163855266546477,4.579455941586152,57.28268329802155,29.391670127399628,84.22083743082833,,,False,,276.0,,2026-08-10,,full,"{""as_of"": ""2026-08-10"", ""listing_date"": null, ""reason_code"": ""valid_trading_sessions"", ""status"": ""full"", ""valid_trading_sessions"": 276}","[""l1.csv""]",[],67.0022,ranked,full,100.0,True,True,False
AEO,"American Eagle Outfitters, Inc. Common Stock",nasdaqtrader:N:AEO,common_equity,eligible,N,,18.32,,87210035.35126984,8.982748364069026,9.832134292565954,-22.895622895622903,45.39682539682541,35.01241575026606,45.42233399260868,,,False,,276.0,,2026-08-10,,full,"{""as_of"": ""2026-08-10"", ""listing_date"": null, ""reason_code"": ""valid_trading_sessions"", ""status"": ""full"", ""valid_trading_sessions"": 276}","[""l1.csv""]",[],66.9992,ranked,full,100.0,True,True,False
DPZ,Domino's Pizza Inc - Common Stock,nasdaqtrader:Q:DPZ,common_equity,eligible,Q,,347.85,,293049808.1455556,16.15908635543981,7.533696055397554,-11.909947325769842,-21.37561593056372,25.561737641771877,37.448124139842854,,,False,,276.0,,2026-08-10,,full,"{""as_of"": ""2026-08-10"", ""listing_date"": null, ""reason_code"": ""valid_trading_sessions"", ""status"": ""full"", ""valid_trading_sessions"": 276}","[""l1.csv""]",[],66.9916,ranked,full,100.0,True,True,False
ARM,Arm Holdings plc - American Depositary Shares,nasdaqtrader:Q:ARM,adr,eligible,Q,,267.85,,3053397213.5866666,-17.174309657070395,25.591972616870628,116.53193209377525,97.57320941211185,39.05019797023619,92.35678727641677,,,False,,276.0,,2026-08-10,,full,"{""as_of"": ""2026-08-10"", ""listing_date"": null, ""reason_code"": ""valid_trading_sessions"", ""status"": ""full"", ""valid_trading_sessions"": 276}","[""l1.csv""]",[],66.98,ranked,full,100.0,True,True,False
CHRW,"C.H. Robinson Worldwide, Inc. - Common Stock",nasdaqtrader:Q:CHRW,common_equity,eligible,Q,,148.29,,335562000.727381,-23.364341085271324,-13.478032557325392,-26.07308440101701,25.861483619079962,29.190144207812054,67.69015046078154,,,False,,276.0,,2026-08-10,,full,"{""as_of"": ""2026-08-10"", ""listing_date"": null, ""reason_code"": ""valid_trading_sessions"", ""status"": ""full"", ""valid_trading_sessions"": 276}","[""l1.csv""]",[],66.9754,ranked,full,100.0,True,True,False
CTSH,Cognizant Technology Solutions Corporation - Class A Common Stock,nasdaqtrader:Q:CTSH,common_equity,eligible,Q,,58.31,,534682878.31095237,36.974395113929994,12.828947368421062,-24.351323300467044,-15.639467592592593,32.745098039215684,53.728715316396524,,,False,,276.0,,2026-08-10,,full,"{""as_of"": ""2026-08-10"", ""listing_date"": null, ""reason_code"": ""valid_trading_sessions"", ""status"": ""full"", ""valid_trading_sessions"": 276}","[""l1.csv""]",[],66.9493,ranked,full,100.0,True,True,False
F,Ford Motor Company Common Stock,nasdaqtrader:N:F,common_equity,eligible,N,,14.0,,930544729.9949206,0.0,13.636363636363624,1.4492753623188248,24.113475177304977,19.72477064220184,27.543478650244268,,,False,,276.0,,2026-08-10,,full,"{""as_of"": ""2026-08-10"", ""listing_date"": null, ""reason_code"": ""valid_trading_sessions"", ""status"": ""full"", ""valid_trading_sessions"": 276}","[""l1.csv""]",[],66.9312,ranked,full,100.0,True,True,False
SPOT,Spotify Technology S.A. Ordinary Shares,nasdaqtrader:N:SPOT,common_equity,eligible,N,,511.82,,984761538.4896826,6.680284302895134,22.49479453366201,21.10929698776649,-25.47106619681393,30.69746658903497,35.822416292601375,,,False,,276.0,,2026-08-10,,full,"{""as_of"": ""2026-08-10"", ""listing_date"": null, ""reason_code"": ""valid_trading_sessions"", ""status"": ""full"", ""valid_trading_sessions"": 276}","[""l1.csv""]",[],66.9263,ranked,full,100.0,True,True,False
GEV,GE Vernova Inc. Common Stock,nasdaqtrader:N:GEV,common_equity,eligible,N,,990.85,,2916021176.9190474,-9.227076596095529,-4.7397010046628,27.137999615063823,53.415600904220724,15.662291677306229,60.99086310096564,,,False,,276.0,,2026-08-10,,full,"{""as_of"": ""2026-08-10"", ""listing_date"": null, ""reason_code"": ""valid_trading_sessions"", ""status"": ""full"", ""valid_trading_sessions"": 276}","[""l1.csv""]",[],66.9156,ranked,full,100.0,True,True,False
BX,Blackstone Inc. Common Stock,nasdaqtrader:N:BX,common_equity,eligible,N,,141.66,,626925875.278889,15.086522057031427,14.45422961945544,9.229701596113804,-15.497494631352893,24.92050031799873,33.970531882191,,,False,,276.0,,2026-08-10,,full,"{""as_of"": ""2026-08-10"", ""listing_date"": null, ""reason_code"": ""valid_trading_sessions"", ""status"": ""full"", ""valid_trading_sessions"": 276}","[""l1.csv""]",[],66.9061,ranked,full,100.0,True,True,False
TXN,Texas Instruments Incorporated - Common Stock,nasdaqtrader:Q:TXN,common_equity,eligible,Q,,280.44,,2582992360.1252384,-9.959545366981304,-2.55733148019458,26.643786127167623,50.84718412134903,15.601300108342354,40.2951222744702,,,False,,276.0,,2026-08-10,,full,"{""as_of"": ""2026-08-10"", ""listing_date"": null, ""reason_code"": ""valid_trading_sessions"", ""status"": ""full"", ""valid_trading_sessions"": 276}","[""l1.csv""]",[],66.9003,ranked,full,100.0,True,True,False
CIFR,Cipher Digital Inc. - Common Stock,nasdaqtrader:Q:CIFR,common_equity,eligible,Q,,16.33,,605656210.0292063,-26.14201718679331,-20.535279805352815,10.862186014935492,235.31827515400408,44.037011651816314,148.88261875336357,,,False,,276.0,,2026-08-10,,full,"{""as_of"": ""2026-08-10"", ""listing_date"": null, ""reason_code"": ""valid_trading_sessions"", ""status"": ""full"", ""valid_trading_sessions"": 276}","[""l1.csv""]",[],66.8975,ranked,full,100.0,True,True,False
WULF,TeraWulf Inc. - Common Stock,nasdaqtrader:Q:WULF,common_equity,eligible,Q,,16.2,,704618629.0187302,-26.26308602639964,-30.739632321504917,13.365990202939116,227.93522267206475,44.09937888198758,101.70257294469678,,,False,,276.0,,2026-08-10,,full,"{""as_of"": ""2026-08-10"", ""listing_date"": null, ""reason_code"": ""valid_trading_sessions"", ""status"": ""full"", ""valid_trading_sessions"": 276}","[""l1.csv""]",[],66.8934,ranked,full,100.0,True,True,False
FDX,FedEx Corporation Common Stock,nasdaqtrader:N:FDX,common_equity,eligible,N,,325.08,,612188446.8188888,3.3016619530331415,-14.131755507422472,-11.957316577742883,44.69865574646133,21.054932245373735,23.325872505018726,,,False,,276.0,,2026-08-10,,full,"{""as_of"": ""2026-08-10"", ""listing_date"": null, ""reason_code"": ""valid_trading_sessions"", ""status"": ""full"", ""valid_trading_sessions"": 276}","[""l1.csv""]",[],66.8907,ranked,full,100.0,True,True,False
AAOI,"Applied Optoelectronics, Inc. - Common Stock",nasdaqtrader:Q:AAOI,common_equity,eligible,Q,,132.81,,1855596623.9179366,10.748832555036692,-10.829864374916076,199.79683972911965,494.7604120017914,40.47064096817571,148.9857273374201,,,False,,276.0,,2026-08-10,,full,"{""as_of"": ""2026-08-10"", ""listing_date"": null, ""reason_code"": ""valid_trading_sessions"", ""status"": ""full"", ""valid_trading_sessions"": 276}","[""l1.csv""]",[],66.8853,ranked,full,100.0,True,True,False
NOC,Northrop Grumman Corporation Common Stock,nasdaqtrader:N:NOC,common_equity,eligible,N,,577.89,,514719154.4388889,7.0900431777328965,5.1626874363080555,-18.50488640690443,-1.6156491538697249,24.755865732663207,27.24683218874066,,,False,,276.0,,2026-08-10,,full,"{""as_of"": ""2026-08-10"", ""listing_date"": null, ""reason_code"": ""valid_trading_sessions"", ""status"": ""full"", ""valid_trading_sessions"": 276}","[""l1.csv""]",[],66.8841,ranked,full,100.0,True,True,False
MCHP,Microchip Technology Incorporated - Common Stock,nasdaqtrader:Q:MCHP,common_equity,eligible,Q,,81.39,,1066352706.9431746,-8.12732814087369,-17.862549197699064,7.078016050519653,22.90848686197524,20.91916051301982,67.76683383441645,,,False,,276.0,,2026-08-10,,full,"{""as_of"": ""2026-08-10"", ""listing_date"": null, ""reason_code"": ""valid_trading_sessions"", ""status"": ""full"", ""valid_trading_sessions"": 276}","[""l1.csv""]",[],66.8726,ranked,full,100.0,True,True,False
WDC,Western Digital Corporation - Common Stock,nasdaqtrader:Q:WDC,common_equity,eligible,Q,,438.34,,4743527556.554762,-24.759477157839637,-8.67916666666667,55.12067379149268,488.85008060182696,41.25939723677688,107.89568800232543,,,False,,276.0,,2026-08-10,,full,"{""as_of"": ""2026-08-10"", ""listing_date"": null, ""reason_code"": ""valid_trading_sessions"", ""status"": ""full"", ""valid_trading_sessions"": 276}","[""l1.csv""]",[],66.8327,ranked,full,100.0,True,True,False
PATH,"UiPath, Inc. Class A Common Stock",nasdaqtrader:N:PATH,common_equity,eligible,N,,15.59,,719767484.0461905,33.476027397260275,44.48563484708063,20.946470131885174,42.63494967978043,19.18092275790565,62.22697341992779,,,False,,276.0,,2026-08-10,,full,"{""as_of"": ""2026-08-10"", ""listing_date"": null, ""reason_code"": ""valid_trading_sessions"", ""status"": ""full"", ""valid_trading_sessions"": 276}","[""l1.csv""]",[],66.7952,ranked,full,100.0,True,True,False
TPL,Texas Pacific Land Corporation Common Stock,nasdaqtrader:N:TPL,common_equity,eligible,N,,350.44,,157227761.67476192,-11.909909004072194,-11.100963977676304,-4.259213725650901,21.19661075566317,35.07845643676244,48.4109082244571,,,False,,276.0,,2026-08-10,,full,"{""as_of"": ""2026-08-10"", ""listing_date"": null, ""reason_code"": ""valid_trading_sessions"", ""status"": ""full"", ""valid_trading_sessions"": 276}","[""l1.csv""]",[],66.7448,ranked,full,100.0,True,True,False
CCJ,Cameco Corporation Common Stock,nasdaqtrader:N:CCJ,common_equity,eligible,N,,97.31,,342508179.47888887,1.3751432440879396,-16.6509635974304,-14.362404294640497,27.419143642791678,27.429338503989854,42.65885706653133,,,False,,276.0,,2026-08-10,,full,"{""as_of"": ""2026-08-10"", ""listing_date"": null, ""reason_code"": ""valid_trading_sessions"", ""status"": ""full"", ""valid_trading_sessions"": 276}","[""l1.csv""]",[],66.7406,ranked,full,100.0,True,True,False
NCLH,Norwegian Cruise Line Holdings Ltd. Ordinary Shares,nasdaqtrader:N:NCLH,common_equity,eligible,N,,18.55,,350554174.5015873,-5.405405405405395,8.606557377049185,-20.454545454545446,-24.192889252145477,31.143281365998522,56.5733931701069,,,False,,276.0,,2026-08-10,,full,"{""as_of"": ""2026-08-10"", ""listing_date"": null, ""reason_code"": ""valid_trading_sessions"", ""status"": ""full"", ""valid_trading_sessions"": 276}","[""l1.csv""]",[],66.7358,ranked,full,100.0,True,True,False
ENTG,"Entegris, Inc. - Common Stock",nasdaqtrader:Q:ENTG,common_equity,eligible,Q,,144.21,,465731618.9737302,-0.7843137254901822,-3.2861645764871605,17.84751164501104,96.39112079531526,21.624999999999993,94.51497083987248,,,False,,276.0,,2026-08-10,,full,"{""as_of"": ""2026-08-10"", ""listing_date"": null, ""reason_code"": ""valid_trading_sessions"", ""status"": ""full"", ""valid_trading_sessions"": 276}","[""l1.csv""]",[],66.7167,ranked,full,100.0,True,True,False
STRL,"Sterling Infrastructure, Inc. - Common Stock",nasdaqtrader:Q:STRL,common_equity,eligible,Q,,528.51,,601967227.7026191,-22.538803148221433,-37.43963068181818,31.70275860350369,76.38165798958751,46.81606858936945,101.63662654466192,,,False,,276.0,,2026-08-10,,full,"{""as_of"": ""2026-08-10"", ""listing_date"": null, ""reason_code"": ""valid_trading_sessions"", ""status"": ""full"", ""valid_trading_sessions"": 276}","[""l1.csv""]",[],66.7123,ranked,full,100.0,True,True,False
BAND,Bandwidth Inc. - Class A Common Stock,nasdaqtrader:Q:BAND,common_equity,eligible,Q,,52.71,,78004687.39880952,-30.166931637519877,5.652435357787122,292.4795234549516,287.0044052863436,32.80214176440591,139.53692169630284,,,False,,276.0,,2026-08-10,,full,"{""as_of"": ""2026-08-10"", ""listing_date"": null, ""reason_code"": ""valid_trading_sessions"", ""status"": ""full"", ""valid_trading_sessions"": 276}","[""l1.csv""]",[],66.707,ranked,full,100.0,True,True,False
DOW,Dow Inc. Common Stock,nasdaqtrader:N:DOW,common_equity,eligible,N,,30.58,,364732129.0984127,5.339304168101955,-17.05994033089232,-3.7759597230963005,41.508560851457666,26.9644136613327,41.43812919412028,,,False,,276.0,,2026-08-10,,full,"{""as_of"": ""2026-08-10"", ""listing_date"": null, ""reason_code"": ""valid_trading_sessions"", ""status"": ""full"", ""valid_trading_sessions"": 276}","[""l1.csv""]",[],66.6786,ranked,full,100.0,True,True,False
NVMI,Nova Ltd. - Ordinary Shares,nasdaqtrader:Q:NVMI,common_equity,eligible,Q,,384.8,,254517677.3866667,-19.142677032990118,-26.16470949420523,-16.338732470920746,46.551395818258,36.46495500701725,69.52455072825285,,,False,,276.0,,2026-08-10,,full,"{""as_of"": ""2026-08-10"", ""listing_date"": null, ""reason_code"": ""valid_trading_sessions"", ""status"": ""full"", ""valid_trading_sessions"": 276}","[""l1.csv""]",[],66.6523,ranked,full,100.0,True,True,False
TSCO,Tractor Supply Company - Common Stock,nasdaqtrader:Q:TSCO,common_equity,eligible,Q,,34.62,,381723727.59825397,13.769306605323695,12.952691680261008,-37.7450098903075,-42.31922692435855,44.74062250598564,33.76836407558606,,,False,,276.0,,2026-08-10,,full,"{""as_of"": ""2026-08-10"", ""listing_date"": null, ""reason_code"": ""valid_trading_sessions"", ""status"": ""full"", ""valid_trading_sessions"": 276}","[""l1.csv""]",[],66.6006,ranked,full,100.0,True,True,False
ULTA,"Ulta Beauty, Inc. - Common Stock",nasdaqtrader:Q:ULTA,common_equity,eligible,Q,,548.66,,363372875.9002381,16.93520886615516,5.191916867978041,-20.526674102292976,8.394412944267726,22.376276845590116,35.01985620336453,,,False,,276.0,,2026-08-10,,full,"{""as_of"": ""2026-08-10"", ""listing_date"": null, ""reason_code"": ""valid_trading_sessions"", ""status"": ""full"", ""valid_trading_sessions"": 276}","[""l1.csv""]",[],66.5668,ranked,full,100.0,True,True,False
CDNS,"Cadence Design Systems, Inc. - Common Stock",nasdaqtrader:Q:CDNS,common_equity,eligible,Q,,331.91,,875773568.3809524,-13.603352682406221,-8.489109456851384,17.06757900677203,-6.327434877091964,20.288671677994174,40.76004280242543,,,False,,276.0,,2026-08-10,,full,"{""as_of"": ""2026-08-10"", ""listing_date"": null, ""reason_code"": ""valid_trading_sessions"", ""status"": ""full"", ""valid_trading_sessions"": 276}","[""l1.csv""]",[],66.5385,ranked,full,100.0,True,True,False
LUV,Southwest Airlines Company Common Stock,nasdaqtrader:N:LUV,common_equity,eligible,N,,44.9,,282365156.20857143,-7.2888705347924905,8.690389736141357,-17.250276446737935,51.894451962110956,18.065693430656935,39.790333080675886,,,False,,276.0,,2026-08-10,,full,"{""as_of"": ""2026-08-10"", ""listing_date"": null, ""reason_code"": ""valid_trading_sessions"", ""status"": ""full"", ""valid_trading_sessions"": 276}","[""l1.csv""]",[],66.5164,ranked,full,100.0,True,True,False
AFRM,"Affirm Holdings, Inc. - Class A Common Stock",nasdaqtrader:Q:AFRM,common_equity,eligible,Q,,75.54,,312226054.8374603,-9.446175976983929,18.012810498359634,32.45660178853236,-4.331306990881445,18.05163809937079,43.25003138672753,,,False,,276.0,,2026-08-10,,full,"{""as_of"": ""2026-08-10"", ""listing_date"": null, ""reason_code"": ""valid_trading_sessions"", ""status"": ""full"", ""valid_trading_sessions"": 276}","[""l1.csv""]",[],66.5129,ranked,full,100.0,True,True,False
MTZ,"MasTec, Inc. Common Stock",nasdaqtrader:N:MTZ,common_equity,eligible,N,,268.28,,465047077.1188889,-28.05384966075787,-35.243428516256735,3.5190615835776873,46.61711662476773,38.68025873694316,95.89305314404876,,,False,,276.0,,2026-08-10,,full,"{""as_of"": ""2026-08-10"", ""listing_date"": null, ""reason_code"": ""valid_trading_sessions"", ""status"": ""full"", ""valid_trading_sessions"": 276}","[""l1.csv""]",[],66.5046,ranked,full,100.0,True,True,False
MTSI,"MACOM Technology Solutions Holdings, Inc. - Common Stock",nasdaqtrader:Q:MTSI,common_equity,eligible,Q,,297.03,,582384695.94,-3.7242318164138477,-17.46415471823942,25.929537457073803,132.5088062622309,27.497070884592855,83.10904463490343,,,False,,276.0,,2026-08-10,,full,"{""as_of"": ""2026-08-10"", ""listing_date"": null, ""reason_code"": ""valid_trading_sessions"", ""status"": ""full"", ""valid_trading_sessions"": 276}","[""l1.csv""]",[],66.4996,ranked,full,100.0,True,True,False
ELF,"e.l.f. Beauty, Inc. Common Stock",nasdaqtrader:N:ELF,common_equity,eligible,N,,95.24,,242437226.8147619,24.091205211726386,56.490305619454475,16.019003532708,-4.683746997598082,35.0651121565419,59.981181561104776,,,False,,276.0,,2026-08-10,,full,"{""as_of"": ""2026-08-10"", ""listing_date"": null, ""reason_code"": ""valid_trading_sessions"", ""status"": ""full"", ""valid_trading_sessions"": 276}","[""l1.csv""]",[],66.4957,ranked,full,100.0,True,True,False
IBRX,"ImmunityBio, Inc. - Common Stock",nasdaqtrader:Q:IBRX,common_equity,eligible,Q,,7.49,,95544973.88857144,-8.880778588807791,-11.98589894242068,23.801652892561997,211.43451143451148,35.151515151515156,62.7722765135434,,,False,,276.0,,2026-08-10,,full,"{""as_of"": ""2026-08-10"", ""listing_date"": null, ""reason_code"": ""valid_trading_sessions"", ""status"": ""full"", ""valid_trading_sessions"": 276}","[""l1.csv""]",[],66.4899,ranked,full,100.0,True,True,False
ALGM,"Allegro MicroSystems, Inc. - Common Stock",nasdaqtrader:Q:ALGM,common_equity,eligible,Q,,42.46,,149472212.30380952,-22.61709495170402,-13.258426966292136,2.140967043541009,38.21614583333335,39.0117782246481,93.22479118481716,,,False,,276.0,,2026-08-10,,full,"{""as_of"": ""2026-08-10"", ""listing_date"": null, ""reason_code"": ""valid_trading_sessions"", ""status"": ""full"", ""valid_trading_sessions"": 276}","[""l1.csv""]",[],66.4825,ranked,full,100.0,True,True,False
TRI,Thomson Reuters Corp - Common Shares,nasdaqtrader:Q:TRI,common_equity,eligible,Q,,104.36,,195659324.31190476,16.408254322364748,12.287497310092533,16.66852990497485,-43.40870885526815,42.90403764087974,67.20366178624583,,,False,,276.0,,2026-08-10,,full,"{""as_of"": ""2026-08-10"", ""listing_date"": null, ""reason_code"": ""valid_trading_sessions"", ""status"": ""full"", ""valid_trading_sessions"": 276}","[""l1.csv""]",[],66.4731,ranked,full,100.0,True,True,False
DG,Dollar General Corporation Common Stock,nasdaqtrader:N:DG,common_equity,eligible,N,,122.42,,366913741.01666665,2.94315506222671,8.058963721422895,-16.522332083191273,5.872178500389169,21.64618535586278,35.88035973119658,,,False,,276.0,,2026-08-10,,full,"{""as_of"": ""2026-08-10"", ""listing_date"": null, ""reason_code"": ""valid_trading_sessions"", ""status"": ""full"", ""valid_trading_sessions"": 276}","[""l1.csv""]",[],66.4695,ranked,full,100.0,True,True,False
ADI,"Analog Devices, Inc. - Common Stock",nasdaqtrader:Q:ADI,common_equity,eligible,Q,,383.925,,1921640595.41,-2.9634778213067037,-7.825554595217509,19.80808238414731,72.07108282538543,13.817679806051897,35.5050023121022,,,False,,276.0,,2026-08-10,,full,"{""as_of"": ""2026-08-10"", ""listing_date"": null, ""reason_code"": ""valid_trading_sessions"", ""status"": ""full"", ""valid_trading_sessions"": 276}","[""l1.csv""]",[],66.4544,ranked,full,100.0,True,True,False
BIDU,"Baidu, Inc. - American Depositary Shares, each representing 8 ordinary share",nasdaqtrader:Q:BIDU,adr,eligible,Q,,109.5,,296648645.04873013,-6.8322981366459645,-22.36795462601915,-24.964023847049955,25.185777981022063,32.62367708589713,41.63874777708651,,,False,,276.0,,2026-08-10,,full,"{""as_of"": ""2026-08-10"", ""listing_date"": null, ""reason_code"": ""valid_trading_sessions"", ""status"": ""full"", ""valid_trading_sessions"": 276}","[""l1.csv""]",[],66.4332,ranked,full,100.0,True,True,False
GILD,"Gilead Sciences, Inc. - Common Stock",nasdaqtrader:Q:GILD,common_equity,eligible,Q,,133.06,,1003087727.5342858,2.4878687514441777,1.3172923170638784,-12.747540983606553,20.656510700036268,14.595635430038511,32.10825544598534,,,False,,276.0,,2026-08-10,,full,"{""as_of"": ""2026-08-10"", ""listing_date"": null, ""reason_code"": ""valid_trading_sessions"", ""status"": ""full"", ""valid_trading_sessions"": 276}","[""l1.csv""]",[],66.3989,ranked,full,100.0,True,True,False
APPF,"AppFolio, Inc. - Class A Common Stock",nasdaqtrader:Q:APPF,common_equity,eligible,Q,,199.54,,67155899.06095238,13.646201161863525,19.77909838525722,11.025177354291271,-33.56859872823518,30.34280527822384,49.03293838690137,,,False,,276.0,,2026-08-10,,full,"{""as_of"": ""2026-08-10"", ""listing_date"": null, ""reason_code"": ""valid_trading_sessions"", ""status"": ""full"", ""valid_trading_sessions"": 276}","[""l1.csv""]",[],66.379,ranked,full,100.0,True,True,False
MYRG,"MYR Group, Inc. - Common Stock",nasdaqtrader:Q:MYRG,common_equity,eligible,Q,,330.31,,124889642.99809524,-21.230982019363754,-24.56264559448226,22.90147343354667,77.93040293040295,34.08696346257458,54.84138060751482,,,False,,276.0,,2026-08-10,,full,"{""as_of"": ""2026-08-10"", ""listing_date"": null, ""reason_code"": ""valid_trading_sessions"", ""status"": ""full"", ""valid_trading_sessions"": 276}","[""l1.csv""]",[],66.3783,ranked,full,100.0,True,True,False
PLTR,Palantir Technologies Inc. - Class A Common Stock,nasdaqtrader:Q:PLTR,common_equity,eligible,Q,,175.23,,5951939965.570872,38.204905749664775,27.16255442670534,28.940397350993365,-3.8254665203073523,15.42137271937446,91.12587036671815,,,False,,276.0,,2026-08-10,,full,"{""as_of"": ""2026-08-10"", ""listing_date"": null, ""reason_code"": ""valid_trading_sessions"", ""status"": ""full"", ""valid_trading_sessions"": 276}","[""l1.csv""]",[],66.3553,ranked,full,100.0,True,True,False
WWD,"Woodward, Inc. - Common Stock",nasdaqtrader:Q:WWD,common_equity,eligible,Q,,356.11,,295584754.8431746,-12.37450787401574,-3.735841916038163,-8.337194337194331,42.08594342257512,18.4057373293007,39.19978376492012,,,False,,276.0,,2026-08-10,,full,"{""as_of"": ""2026-08-10"", ""listing_date"": null, ""reason_code"": ""valid_trading_sessions"", ""status"": ""full"", ""valid_trading_sessions"": 276}","[""l1.csv""]",[],66.3514,ranked,full,100.0,True,True,False
KMB,Kimberly-Clark Corporation - Common Stock,nasdaqtrader:Q:KMB,common_equity,eligible,Q,,108.02,,465829794.26238096,-3.905346499421758,9.876919947106089,3.5368542125946423,-21.02069167215034,20.6668625146886,29.91586141080412,,,False,,276.0,,2026-08-10,,full,"{""as_of"": ""2026-08-10"", ""listing_date"": null, ""reason_code"": ""valid_trading_sessions"", ""status"": ""full"", ""valid_trading_sessions"": 276}","[""l1.csv""]",[],66.3389,ranked,full,100.0,True,True,False
ACMR,"ACM Research, Inc. - Class A Common Stock",nasdaqtrader:Q:ACMR,common_equity,eligible,Q,,79.41,,143581980.03642857,-22.902912621359228,32.68170426065162,27.096670934699098,227.19406674907293,37.41823626763339,127.2639533022923,,,False,,276.0,,2026-08-10,,full,"{""as_of"": ""2026-08-10"", ""listing_date"": null, ""reason_code"": ""valid_trading_sessions"", ""status"": ""full"", ""valid_trading_sessions"": 276}","[""l1.csv""]",[],66.3388,ranked,full,100.0,True,True,False
GEHC,GE HealthCare Technologies Inc. - Common Stock,nasdaqtrader:Q:GEHC,common_equity,eligible,Q,,72.94,,333189065.12849206,12.735703245749598,14.920434851110764,-9.559826410415385,2.58790436005627,17.264065335753177,48.37298289676251,,,False,,276.0,,2026-08-10,,full,"{""as_of"": ""2026-08-10"", ""listing_date"": null, ""reason_code"": ""valid_trading_sessions"", ""status"": ""full"", ""valid_trading_sessions"": 276}","[""l1.csv""]",[],66.316,ranked,full,100.0,True,True,False
AEIS,"Advanced Energy Industries, Inc. - Common Stock",nasdaqtrader:Q:AEIS,common_equity,eligible,Q,,314.49,,306432051.14174604,2.0905697127089784,-11.96674504534766,15.088194393617815,114.6689419795222,19.164631795399046,90.04011365951379,,,False,,276.0,,2026-08-10,,full,"{""as_of"": ""2026-08-10"", ""listing_date"": null, ""reason_code"": ""valid_trading_sessions"", ""status"": ""full"", ""valid_trading_sessions"": 276}","[""l1.csv""]",[],66.2912,ranked,full,100.0,True,True,False
WDAY,"Workday, Inc. - Class A Common Stock",nasdaqtrader:Q:WDAY,common_equity,eligible,Q,,184.19,,692601900.6270634,32.558474271320634,44.08980677462255,13.055487355757434,-16.648565481039,25.636884815697037,62.07432656597687,,,False,,276.0,,2026-08-10,,full,"{""as_of"": ""2026-08-10"", ""listing_date"": null, ""reason_code"": ""valid_trading_sessions"", ""status"": ""full"", ""valid_trading_sessions"": 276}","[""l1.csv""]",[],66.2516,ranked,full,100.0,True,True,False
DASH,"DoorDash, Inc. - Common Stock",nasdaqtrader:Q:DASH,common_equity,eligible,Q,,209.86,,827170795.2711111,9.404650192889186,28.018056487525158,15.01068668822274,-22.558027971511862,25.51288421949315,43.58026861746162,,,False,,276.0,,2026-08-10,,full,"{""as_of"": ""2026-08-10"", ""listing_date"": null, ""reason_code"": ""valid_trading_sessions"", ""status"": ""full"", ""valid_trading_sessions"": 276}","[""l1.csv""]",[],66.2351,ranked,full,100.0,True,True,False
BR,"Broadridge Financial Solutions, Inc. Common Stock",nasdaqtrader:N:BR,common_equity,eligible,N,,173.4,,219698093.76714286,17.583237268597006,15.986622073578594,-4.678137540542027,-34.9294506154308,34.79732270436941,38.62621660932181,,,False,,276.0,,2026-08-10,,full,"{""as_of"": ""2026-08-10"", ""listing_date"": null, ""reason_code"": ""valid_trading_sessions"", ""status"": ""full"", ""valid_trading_sessions"": 276}","[""l1.csv""]",[],66.223,ranked,full,100.0,True,True,False
HUT,Hut 8 Corp. - Common Stock,nasdaqtrader:Q:HUT,common_equity,eligible,Q,,85.66,,482333520.31563497,-16.200352181569166,-13.00020312817387,61.43987938183189,327.8721278721279,35.60366862125996,117.79176422625648,,,False,,276.0,,2026-08-10,,full,"{""as_of"": ""2026-08-10"", ""listing_date"": null, ""reason_code"": ""valid_trading_sessions"", ""status"": ""full"", ""valid_trading_sessions"": 276}","[""l1.csv""]",[],66.2098,ranked,full,100.0,True,True,False
PBR,Petroleo Brasileiro S.A. Petrobras ADS,nasdaqtrader:N:PBR,adr,eligible,N,,18.33,,283471503.01984125,5.831408775981517,-9.83767830791933,23.26832548755884,40.13761467889907,16.795279164775323,31.50328227128041,,,False,,276.0,,2026-08-10,,full,"{""as_of"": ""2026-08-10"", ""listing_date"": null, ""reason_code"": ""valid_trading_sessions"", ""status"": ""full"", ""valid_trading_sessions"": 276}","[""l1.csv""]",[],66.1988,ranked,full,100.0,True,True,False
GIS,"General Mills, Inc. Common Stock",nasdaqtrader:N:GIS,common_equity,eligible,N,,37.26,,365647720.8430159,2.8713418001104385,7.439446366781999,-22.164194693962813,-25.702891326021938,27.098415182938762,41.5591471082391,,,False,,276.0,,2026-08-10,,full,"{""as_of"": ""2026-08-10"", ""listing_date"": null, ""reason_code"": ""valid_trading_sessions"", ""status"": ""full"", ""valid_trading_sessions"": 276}","[""l1.csv""]",[],66.1965,ranked,full,100.0,True,True,False
FND,"Floor & Decor Holdings, Inc. Common Stock",nasdaqtrader:N:FND,common_equity,eligible,N,,59.17,,146530847.77984124,3.5708034307719183,14.382369998066903,-14.716056500432394,-25.73114095644534,34.560937845609374,50.62474030891534,,,False,,276.0,,2026-08-10,,full,"{""as_of"": ""2026-08-10"", ""listing_date"": null, ""reason_code"": ""valid_trading_sessions"", ""status"": ""full"", ""valid_trading_sessions"": 276}","[""l1.csv""]",[],66.1915,ranked,full,100.0,True,True,False
WYFI,"WhiteFiber, Inc. - Ordinary Shares",nasdaqtrader:Q:WYFI,common_equity,eligible,Q,,23.62,,77700522.88428572,-38.649350649350644,11.152941176470588,27.22865607325613,45.62268803945748,47.24145633236543,141.1883113676772,,,False,,253.0,,2026-08-10,,full,"{""as_of"": ""2026-08-10"", ""listing_date"": null, ""reason_code"": ""valid_trading_sessions"", ""status"": ""full"", ""valid_trading_sessions"": 253}","[""l1.csv""]",[],66.1839,ranked,full,100.0,True,True,False
ASX,"ASE Technology Holding Co., Ltd. American Depositary Shares (each representing Two Common Shares)",nasdaqtrader:N:ASX,adr,eligible,N,,37.59,,413024412.1368254,-11.884669479606169,9.81595092024541,79.94255624700814,279.31382441977803,16.688829787234027,81.45175970890925,,,False,,276.0,,2026-08-10,,full,"{""as_of"": ""2026-08-10"", ""listing_date"": null, ""reason_code"": ""valid_trading_sessions"", ""status"": ""full"", ""valid_trading_sessions"": 276}","[""l1.csv""]",[],66.1722,ranked,full,100.0,True,True,False
FTAI,FTAI Aviation Ltd. - Common Stock,nasdaqtrader:Q:FTAI,common_equity,eligible,Q,,215.0,,305205332.11095244,-5.432153067956891,-20.455806726109003,-21.13275375077951,55.71811400014486,30.65410914720682,64.79372626127676,,,False,,276.0,,2026-08-10,,full,"{""as_of"": ""2026-08-10"", ""listing_date"": null, ""reason_code"": ""valid_trading_sessions"", ""status"": ""full"", ""valid_trading_sessions"": 276}","[""l1.csv""]",[],66.1705,ranked,full,100.0,True,True,False
STX,Seagate Technology Holdings PLC - Ordinary Shares (Ireland),nasdaqtrader:Q:STX,common_equity,eligible,Q,,800.99,,4096443439.58,-12.01199551815806,2.3446284370847392,86.57178794372497,440.8440243079001,26.78604072977222,89.60144473770937,,,False,,276.0,,2026-08-10,,full,"{""as_of"": ""2026-08-10"", ""listing_date"": null, ""reason_code"": ""valid_trading_sessions"", ""status"": ""full"", ""valid_trading_sessions"": 276}","[""l1.csv""]",[],66.1548,ranked,full,100.0,True,True,False
DAVE,Dave Inc.  - Class A Common Stock,nasdaqtrader:Q:DAVE,common_equity,eligible,Q,,308.82,,186510387.58920634,-22.939488459139113,20.477509460461118,68.55146818032966,61.356392705993,30.21490068469934,84.08466919132158,,,False,,276.0,,2026-08-10,,full,"{""as_of"": ""2026-08-10"", ""listing_date"": null, ""reason_code"": ""valid_trading_sessions"", ""status"": ""full"", ""valid_trading_sessions"": 276}","[""l1.csv""]",[],66.112,ranked,full,100.0,True,True,False
AVGO,Broadcom Inc. - Common Stock,nasdaqtrader:Q:AVGO,common_equity,eligible,Q,,422.4,,10360173064.36254,5.607920594044535,-1.7674418604651243,26.87732788657935,39.057150381880426,12.286894947774984,42.128844515438466,,,False,,276.0,,2026-08-10,,full,"{""as_of"": ""2026-08-10"", ""listing_date"": null, ""reason_code"": ""valid_trading_sessions"", ""status"": ""full"", ""valid_trading_sessions"": 276}","[""l1.csv""]",[],66.0717,ranked,full,100.0,True,True,False
BSY,"Bentley Systems, Incorporated - Class B Common Stock",nasdaqtrader:Q:BSY,common_equity,eligible,Q,,35.31,,100860846.91698414,11.493526997158199,7.783882783882801,6.451612903225801,-34.02466367713004,37.82356048600105,46.332607473513015,,,False,,276.0,,2026-08-10,,full,"{""as_of"": ""2026-08-10"", ""listing_date"": null, ""reason_code"": ""valid_trading_sessions"", ""status"": ""full"", ""valid_trading_sessions"": 276}","[""l1.csv""]",[],66.0618,ranked,full,100.0,True,True,False
ONDS,Ondas Inc - Common Stock,nasdaqtrader:Q:ONDS,common_equity,eligible,Q,,9.31,,792540928.2030952,28.23691460055098,2.759381898454749,-3.9215686274509665,186.46153846153845,33.54746609564596,91.31451908415326,,,False,,276.0,,2026-08-10,,full,"{""as_of"": ""2026-08-10"", ""listing_date"": null, ""reason_code"": ""valid_trading_sessions"", ""status"": ""full"", ""valid_trading_sessions"": 276}","[""l1.csv""]",[],66.0563,ranked,full,100.0,True,True,False
LYFT,"Lyft, Inc. - Class A Common Stock",nasdaqtrader:Q:LYFT,common_equity,eligible,Q,,17.26,,198337713.57857144,10.57014734144781,20.278745644599326,4.8602673147023046,21.463757916959892,29.751729751729748,47.55169204850716,,,False,,276.0,,2026-08-10,,full,"{""as_of"": ""2026-08-10"", ""listing_date"": null, ""reason_code"": ""valid_trading_sessions"", ""status"": ""full"", ""valid_trading_sessions"": 276}","[""l1.csv""]",[],66.0502,ranked,full,100.0,True,True,False
SKM,"SK Telecom Co., Ltd. Common Stock",nasdaqtrader:N:SKM,common_equity,eligible,N,,33.29,,101557372.62269843,0.18055973517905333,-12.094005809347763,17.135819845179444,48.61607142857143,27.630434782608692,64.64041099274705,,,False,,276.0,,2026-08-10,,full,"{""as_of"": ""2026-08-10"", ""listing_date"": null, ""reason_code"": ""valid_trading_sessions"", ""status"": ""full"", ""valid_trading_sessions"": 276}","[""l1.csv""]",[],66.0174,ranked,full,100.0,True,True,False
NICE,NICE Ltd - American Depositary Shares each representing one Ordinary Share,nasdaqtrader:Q:NICE,adr,eligible,Q,,102.565,,64360867.53595238,2.8323641467816296,10.606060606060597,-8.309494010370111,-30.99307003969589,33.15628258602711,53.567046571984456,,,False,,276.0,,2026-08-10,,full,"{""as_of"": ""2026-08-10"", ""listing_date"": null, ""reason_code"": ""valid_trading_sessions"", ""status"": ""full"", ""valid_trading_sessions"": 276}","[""l1.csv""]",[],66.0042,ranked,full,100.0,True,True,False
CECO,CECO Environmental Corp. - Common Stock,nasdaqtrader:Q:CECO,common_equity,eligible,Q,,70.38,,75966414.70428571,-15.843596795408343,-13.939838591342635,-2.749758187094109,59.88187187641978,29.386977024179796,65.39861486591657,,,False,,276.0,,2026-08-10,,full,"{""as_of"": ""2026-08-10"", ""listing_date"": null, ""reason_code"": ""valid_trading_sessions"", ""status"": ""full"", ""valid_trading_sessions"": 276}","[""l1.csv""]",[],66.0016,ranked,full,100.0,True,True,False
AMBQ,"Ambiq Micro, Inc. Common Stock",nasdaqtrader:N:AMBQ,common_equity,eligible,N,,63.92,,56073337.24095238,-25.046904315196993,44.6808510638298,113.49365397461591,56.666666666666686,29.354553492484527,90.47973816149384,,,False,,259.0,,2026-08-10,,full,"{""as_of"": ""2026-08-10"", ""listing_date"": null, ""reason_code"": ""valid_trading_sessions"", ""status"": ""full"", ""valid_trading_sessions"": 259}","[""l1.csv""]",[],65.9973,ranked,full,100.0,True,True,False
AXP,American Express Company Common Stock,nasdaqtrader:N:AXP,common_equity,eligible,N,,338.86,,1015346948.8226985,-3.3430315477209094,7.223997721735298,-5.649450090491426,14.973026159535841,11.959261087583462,28.927910697057456,,,False,,276.0,,2026-08-10,,full,"{""as_of"": ""2026-08-10"", ""listing_date"": null, ""reason_code"": ""valid_trading_sessions"", ""status"": ""full"", ""valid_trading_sessions"": 276}","[""l1.csv""]",[],65.9898,ranked,full,100.0,True,True,False
HAL,Halliburton Company Common Stock,nasdaqtrader:N:HAL,common_equity,eligible,N,,33.64,,434080133.40492064,-2.180866530968306,-15.541049460205869,-3.8307604345340085,61.111111111111114,21.73103769194974,35.703131945663905,,,False,,276.0,,2026-08-10,,full,"{""as_of"": ""2026-08-10"", ""listing_date"": null, ""reason_code"": ""valid_trading_sessions"", ""status"": ""full"", ""valid_trading_sessions"": 276}","[""l1.csv""]",[],65.9808,ranked,full,100.0,True,True,False
UMC,United Microelectronics Corporation (NEW) Common Stock,nasdaqtrader:N:UMC,common_equity,eligible,N,,18.79,,378171188.9161905,-22.801972062448648,21.85473411154344,86.779324055666,181.70914542728633,32.9168154230632,82.46609397135703,,,False,,276.0,,2026-08-10,,full,"{""as_of"": ""2026-08-10"", ""listing_date"": null, ""reason_code"": ""valid_trading_sessions"", ""status"": ""full"", ""valid_trading_sessions"": 276}","[""l1.csv""]",[],65.9722,ranked,full,100.0,True,True,False
RXO,"RXO, Inc. Common Stock",nasdaqtrader:N:RXO,common_equity,eligible,N,,21.33,,56620093.64142857,-18.74285714285715,-1.9310344827586312,26.213017751479285,44.31664411366712,27.20136518771332,62.24470619432557,,,False,,276.0,,2026-08-10,,full,"{""as_of"": ""2026-08-10"", ""listing_date"": null, ""reason_code"": ""valid_trading_sessions"", ""status"": ""full"", ""valid_trading_sessions"": 276}","[""l1.csv""]",[],65.9602,ranked,full,100.0,True,True,False
PWR,"Quanta Services, Inc. Common Stock",nasdaqtrader:N:PWR,common_equity,eligible,N,,660.86,,861000911.6793652,0.3492468415937866,-11.293959731543623,30.06238806557635,70.61055892603588,15.839743263206152,60.49625688977073,,,False,,276.0,,2026-08-10,,full,"{""as_of"": ""2026-08-10"", ""listing_date"": null, ""reason_code"": ""valid_trading_sessions"", ""status"": ""full"", ""valid_trading_sessions"": 276}","[""l1.csv""]",[],65.9599,ranked,full,100.0,True,True,False
RCL,Royal Caribbean Cruises Ltd. Common Stock,nasdaqtrader:N:RCL,common_equity,eligible,N,,308.0,,762398066.792857,7.930055717139162,11.902339776195326,-11.494252873563216,-0.5746013299760988,15.81019024710255,36.25483520804508,,,False,,276.0,,2026-08-10,,full,"{""as_of"": ""2026-08-10"", ""listing_date"": null, ""reason_code"": ""valid_trading_sessions"", ""status"": ""full"", ""valid_trading_sessions"": 276}","[""l1.csv""]",[],65.9525,ranked,full,100.0,True,True,False
PI,"Impinj, Inc. - Common Stock",nasdaqtrader:Q:PI,common_equity,eligible,Q,,176.25,,62345597.6331746,22.370339512601547,15.263880714145571,51.88728024819027,11.71325347024148,27.142325658302667,59.75587005516919,,,False,,276.0,,2026-08-10,,full,"{""as_of"": ""2026-08-10"", ""listing_date"": null, ""reason_code"": ""valid_trading_sessions"", ""status"": ""full"", ""valid_trading_sessions"": 276}","[""l1.csv""]",[],65.9523,ranked,full,100.0,True,True,False
VEEV,Veeva Systems Inc. Class A Common Stock,nasdaqtrader:N:VEEV,common_equity,eligible,N,,234.69,,409654766.05396825,23.443088575636438,41.09053745340867,27.791995643887834,-16.11023734629682,23.35902292469467,39.75517088999153,,,False,,276.0,,2026-08-10,,full,"{""as_of"": ""2026-08-10"", ""listing_date"": null, ""reason_code"": ""valid_trading_sessions"", ""status"": ""full"", ""valid_trading_sessions"": 276}","[""l1.csv""]",[],65.9479,ranked,full,100.0,True,True,False
WAY,Waystar Holding Corp. - Common Stock,nasdaqtrader:Q:WAY,common_equity,eligible,Q,,24.7,,57991536.222539686,10.120374498439588,15.52853133769878,1.6460905349794164,-27.16012975523444,39.59403277084862,72.02543175966845,,,False,,276.0,,2026-08-10,,full,"{""as_of"": ""2026-08-10"", ""listing_date"": null, ""reason_code"": ""valid_trading_sessions"", ""status"": ""full"", ""valid_trading_sessions"": 276}","[""l1.csv""]",[],65.9437,ranked,full,100.0,True,True,False
NFLX,"Netflix, Inc. - Common Stock",nasdaqtrader:Q:NFLX,common_equity,eligible,Q,,76.29,,3317983080.9449205,3.979828267684349,-12.801463024345628,-7.189781021897801,-35.369366316502884,39.61054381382094,36.94696537743045,,,False,,276.0,,2026-08-10,,full,"{""as_of"": ""2026-08-10"", ""listing_date"": null, ""reason_code"": ""valid_trading_sessions"", ""status"": ""full"", ""valid_trading_sessions"": 276}","[""l1.csv""]",[],65.9426,ranked,full,100.0,True,True,False
UL,Unilever PLC American Depositary Shares (each representing One Ordinary Share),nasdaqtrader:N:UL,adr,eligible,N,,62.86,,258829707.91492063,1.8470511989630678,7.636986301369864,-12.83971159179147,-8.872136851261237,15.725968628502486,34.17742876568462,,,False,,276.0,,2026-08-10,,full,"{""as_of"": ""2026-08-10"", ""listing_date"": null, ""reason_code"": ""valid_trading_sessions"", ""status"": ""full"", ""valid_trading_sessions"": 276}","[""l1.csv""]",[],65.9315,ranked,full,100.0,True,True,False
RMD,ResMed Inc. Common Stock,nasdaqtrader:N:RMD,common_equity,eligible,N,,220.05,,312008283.6184127,7.936430077990875,6.427742309924556,-18.989066008909173,-21.45840025698683,25.0842610560719,44.734500739554825,,,False,,276.0,,2026-08-10,,full,"{""as_of"": ""2026-08-10"", ""listing_date"": null, ""reason_code"": ""valid_trading_sessions"", ""status"": ""full"", ""valid_trading_sessions"": 276}","[""l1.csv""]",[],65.9279,ranked,full,100.0,True,True,False
PCOR,"Procore Technologies, Inc. Common Stock",nasdaqtrader:N:PCOR,common_equity,eligible,N,,58.19,,147944248.3084127,34.29494576505885,9.215465465465456,13.452914798206272,-9.544535986320534,26.896984924623112,48.950816840415115,,,False,,276.0,,2026-08-10,,full,"{""as_of"": ""2026-08-10"", ""listing_date"": null, ""reason_code"": ""valid_trading_sessions"", ""status"": ""full"", ""valid_trading_sessions"": 276}","[""l1.csv""]",[],65.9196,ranked,full,100.0,True,True,False
RELX,RELX PLC PLC American Depositary Shares (Each representing One Ordinary Share),nasdaqtrader:N:RELX,adr,eligible,N,,35.62,,93226508.40301588,9.80271270036992,6.075044669446106,21.238938053097336,-27.77777777777778,26.84329431094681,37.8593863017785,,,False,,276.0,,2026-08-10,,full,"{""as_of"": ""2026-08-10"", ""listing_date"": null, ""reason_code"": ""valid_trading_sessions"", ""status"": ""full"", ""valid_trading_sessions"": 276}","[""l1.csv""]",[],65.9124,ranked,full,100.0,True,True,False
SWKS,"Skyworks Solutions, Inc. - Common Stock",nasdaqtrader:Q:SWKS,common_equity,eligible,Q,,68.79,,381571845.63873017,13.928453130175566,3.0098831985624575,10.7729468599034,0.35010940919038,17.537760728842,52.664823311626094,,,False,,276.0,,2026-08-10,,full,"{""as_of"": ""2026-08-10"", ""listing_date"": null, ""reason_code"": ""valid_trading_sessions"", ""status"": ""full"", ""valid_trading_sessions"": 276}","[""l1.csv""]",[],65.8844,ranked,full,100.0,True,True,False
RSI,"Rush Street Interactive, Inc. Class A Common Stock",nasdaqtrader:N:RSI,common_equity,eligible,N,,24.72,,81012420.94650795,-25.98802395209581,-10.886806056236475,39.89813242784379,29.22111866178776,28.389339513325616,64.45538200805711,,,False,,276.0,,2026-08-10,,full,"{""as_of"": ""2026-08-10"", ""listing_date"": null, ""reason_code"": ""valid_trading_sessions"", ""status"": ""full"", ""valid_trading_sessions"": 276}","[""l1.csv""]",[],65.8686,ranked,full,100.0,True,True,False
BKSY,BlackSky Technology Inc. Class A Common Stock,nasdaqtrader:N:BKSY,common_equity,eligible,N,,28.61,,64803566.836666666,14.348521183053563,-27.477820025348553,25.20787746170676,66.2405578152237,44.58648072825877,87.77645789638213,,,False,,276.0,,2026-08-10,,full,"{""as_of"": ""2026-08-10"", ""listing_date"": null, ""reason_code"": ""valid_trading_sessions"", ""status"": ""full"", ""valid_trading_sessions"": 276}","[""l1.csv""]",[],65.8609,ranked,full,100.0,True,True,False
VALE,VALE S.A.  American Depositary Shares Each Representing one common share,nasdaqtrader:N:VALE,adr,eligible,N,,14.89,,357359242.2350794,2.97372060857537,-10.463018641010214,-8.650306748466264,49.04904904904905,16.442199775533105,29.05464907625769,,,False,,276.0,,2026-08-10,,full,"{""as_of"": ""2026-08-10"", ""listing_date"": null, ""reason_code"": ""valid_trading_sessions"", ""status"": ""full"", ""valid_trading_sessions"": 276}","[""l1.csv""]",[],65.8605,ranked,full,100.0,True,True,False
SNEX,StoneX Group Inc. - Common Stock,nasdaqtrader:Q:SNEX,common_equity,eligible,Q,,64.72,,100821960.16714285,-17.533129459734976,-20.374015748031493,20.813888370356537,67.06246773360867,30.1607855832524,75.19612873281471,,,False,,276.0,,2026-08-10,,full,"{""as_of"": ""2026-08-10"", ""listing_date"": null, ""reason_code"": ""valid_trading_sessions"", ""status"": ""full"", ""valid_trading_sessions"": 276}","[""l1.csv""]",[],65.8548,ranked,full,100.0,True,True,False
AUGO,Aura Minerals Inc. - Common Shares,nasdaqtrader:Q:AUGO,common_equity,eligible,Q,,76.25,,66998457.043015875,25.39056076303239,-7.136767750578487,15.547810274284002,198.55129209083793,30.135605644126805,92.27720718194304,,,False,,269.0,,2026-08-10,,full,"{""as_of"": ""2026-08-10"", ""listing_date"": null, ""reason_code"": ""valid_trading_sessions"", ""status"": ""full"", ""valid_trading_sessions"": 269}","[""l1.csv""]",[],65.8514,ranked,full,100.0,True,True,False
STM,STMicroelectronics N.V. Common Stock,nasdaqtrader:N:STM,common_equity,eligible,N,,54.35,,825319513.482381,-23.94346487545479,-8.146019942538452,82.07705192629815,118.88844140153041,31.985984232261288,88.3885509618834,,,False,,276.0,,2026-08-10,,full,"{""as_of"": ""2026-08-10"", ""listing_date"": null, ""reason_code"": ""valid_trading_sessions"", ""status"": ""full"", ""valid_trading_sessions"": 276}","[""l1.csv""]",[],65.8481,ranked,full,100.0,True,True,False
CCL,Carnival Corporation Ltd. Common Shares,nasdaqtrader:N:CCL,common_equity,eligible,N,,27.75,,643832330.1590476,3.4289973909802596,5.193328278999254,-18.358340688437778,-4.343329886246128,18.358340688437778,37.61437383394573,,,False,,276.0,,2026-08-10,,full,"{""as_of"": ""2026-08-10"", ""listing_date"": null, ""reason_code"": ""valid_trading_sessions"", ""status"": ""full"", ""valid_trading_sessions"": 276}","[""l1.csv""]",[],65.8396,ranked,full,100.0,True,True,False
KGC,Kinross Gold Corporation Common Stock,nasdaqtrader:N:KGC,common_equity,eligible,N,,27.4,,214418906.1898413,13.504556752278374,-13.043478260869579,-14.615144904954825,45.97762386787427,28.027318098240084,49.14701460605901,,,False,,276.0,,2026-08-10,,full,"{""as_of"": ""2026-08-10"", ""listing_date"": null, ""reason_code"": ""valid_trading_sessions"", ""status"": ""full"", ""valid_trading_sessions"": 276}","[""l1.csv""]",[],65.8203,ranked,full,100.0,True,True,False
ERIE,Erie Indemnity Company - Class A Common Stock,nasdaqtrader:Q:ERIE,common_equity,eligible,Q,,252.35,,56072677.49738095,0.21444740081806302,16.88281611857341,-12.290153279343773,-28.431650595575732,31.60505203816132,61.30636334162863,,,False,,276.0,,2026-08-10,,full,"{""as_of"": ""2026-08-10"", ""listing_date"": null, ""reason_code"": ""valid_trading_sessions"", ""status"": ""full"", ""valid_trading_sessions"": 276}","[""l1.csv""]",[],65.7973,ranked,full,100.0,True,True,False
SIMO,"Silicon Motion Technology Corporation - American Depositary Shares, each representing four ordinary shares",nasdaqtrader:Q:SIMO,adr,eligible,Q,,230.61,,286466325.54182535,-29.336601807874985,-9.061871524902399,80.07965016398563,209.54362416107384,31.54942119323241,114.3153726957102,,,False,,276.0,,2026-08-10,,full,"{""as_of"": ""2026-08-10"", ""listing_date"": null, ""reason_code"": ""valid_trading_sessions"", ""status"": ""full"", ""valid_trading_sessions"": 276}","[""l1.csv""]",[],65.7899,ranked,full,100.0,True,True,False
NCNO,"nCino, Inc. - Common Stock",nasdaqtrader:Q:NCNO,common_equity,eligible,Q,,18.97,,55126033.05857143,11.653914067098302,6.873239436619705,4.517906336088151,-29.479553903345725,41.97002141327623,42.90320942885473,,,False,,276.0,,2026-08-10,,full,"{""as_of"": ""2026-08-10"", ""listing_date"": null, ""reason_code"": ""valid_trading_sessions"", ""status"": ""full"", ""valid_trading_sessions"": 276}","[""l1.csv""]",[],65.7853,ranked,full,100.0,True,True,False
IBP,"Installed Building Products, Inc. Common Stock",nasdaqtrader:N:IBP,common_equity,eligible,N,,235.76,,103069667.91555557,4.7217163416692465,7.168507659439061,-28.32299647330658,-7.621174718858981,31.502948952613387,37.682352249497,,,False,,276.0,,2026-08-10,,full,"{""as_of"": ""2026-08-10"", ""listing_date"": null, ""reason_code"": ""valid_trading_sessions"", ""status"": ""full"", ""valid_trading_sessions"": 276}","[""l1.csv""]",[],65.7837,ranked,full,100.0,True,True,False
MDT,Medtronic plc. Ordinary Shares,nasdaqtrader:N:MDT,common_equity,eligible,N,,89.41,,761313953.5619048,6.605460832240362,17.41300065659881,-13.109815354713316,-2.005699254712845,15.130517323208348,32.073677989515566,,,False,,276.0,,2026-08-10,,full,"{""as_of"": ""2026-08-10"", ""listing_date"": null, ""reason_code"": ""valid_trading_sessions"", ""status"": ""full"", ""valid_trading_sessions"": 276}","[""l1.csv""]",[],65.7826,ranked,full,100.0,True,True,False
COF,Capital One Financial Corporation Common Stock,nasdaqtrader:N:COF,common_equity,eligible,N,,218.97,,913403687.9480953,8.659190154823326,15.563647878404051,-1.714619148076657,5.634618167784278,15.108164689462667,31.176537233154438,,,False,,276.0,,2026-08-10,,full,"{""as_of"": ""2026-08-10"", ""listing_date"": null, ""reason_code"": ""valid_trading_sessions"", ""status"": ""full"", ""valid_trading_sessions"": 276}","[""l1.csv""]",[],65.777,ranked,full,100.0,True,True,False
COHR,Coherent Corp. Common Stock,nasdaqtrader:N:COHR,common_equity,eligible,N,,325.15,,2046339030.2339683,0.20030816640985716,-3.0155700053689727,42.810084328882624,185.67035670356705,23.832837499121563,115.56369753121798,,,False,,276.0,,2026-08-10,,full,"{""as_of"": ""2026-08-10"", ""listing_date"": null, ""reason_code"": ""valid_trading_sessions"", ""status"": ""full"", ""valid_trading_sessions"": 276}","[""l1.csv""]",[],65.761,ranked,full,100.0,True,True,False
OWL,Blue Owl Capital Inc. Class A Common Stock,nasdaqtrader:N:OWL,common_equity,eligible,N,,11.65,,214251020.58142856,24.465811965811966,10.321969696969703,-6.948881789137373,-38.489968321013734,42.667322834645674,42.35416178656892,,,False,,276.0,,2026-08-10,,full,"{""as_of"": ""2026-08-10"", ""listing_date"": null, ""reason_code"": ""valid_trading_sessions"", ""status"": ""full"", ""valid_trading_sessions"": 276}","[""l1.csv""]",[],65.7388,ranked,full,100.0,True,True,False
BB,BlackBerry Limited Common Stock,nasdaqtrader:N:BB,common_equity,eligible,N,,8.83,,292842990.0330159,-19.507748404740198,38.618524332810054,155.20231213872836,141.25683060109287,31.069476971116316,72.33137600726526,,,False,,276.0,,2026-08-10,,full,"{""as_of"": ""2026-08-10"", ""listing_date"": null, ""reason_code"": ""valid_trading_sessions"", ""status"": ""full"", ""valid_trading_sessions"": 276}","[""l1.csv""]",[],65.7259,ranked,full,100.0,True,True,False
IGV,iShares Expanded Tech-Software Sector ETF,US:IGV,etf,eligible,Z,,105.01,,1631304033.5248413,13.634887999134303,15.205704882062543,27.346592287169557,-4.18795620437955,10.849817471771795,28.951727528962074,,,False,,276.0,,2026-08-10,,full,"{""as_of"": ""2026-08-10"", ""listing_date"": null, ""reason_code"": ""valid_trading_sessions"", ""status"": ""full"", ""valid_trading_sessions"": 276}","[""l1.csv""]",[],65.7125,ranked,full,100.0,True,True,False
POWI,"Power Integrations, Inc. - Common Stock",nasdaqtrader:Q:POWI,common_equity,eligible,Q,,61.97,,79478612.12666667,-14.014152906896072,-15.433951965065507,30.904098014364155,43.68189195455599,29.055523755008583,79.6156480348825,,,False,,276.0,,2026-08-10,,full,"{""as_of"": ""2026-08-10"", ""listing_date"": null, ""reason_code"": ""valid_trading_sessions"", ""status"": ""full"", ""valid_trading_sessions"": 276}","[""l1.csv""]",[],65.7074,ranked,full,100.0,True,True,False
SYNA,Synaptics Incorporated - Common Stock,nasdaqtrader:Q:SYNA,common_equity,eligible,Q,,104.71,,128635392.21230158,-17.39507731145472,-16.519174041297944,17.34842541746049,75.393634840871,29.043843599647623,61.346170253211305,,,False,,276.0,,2026-08-10,,full,"{""as_of"": ""2026-08-10"", ""listing_date"": null, ""reason_code"": ""valid_trading_sessions"", ""status"": ""full"", ""valid_trading_sessions"": 276}","[""l1.csv""]",[],65.7058,ranked,full,100.0,True,True,False
YMM,Full Truck Alliance Co. Ltd. American Depositary Shares (each representing 20 Class A Ordinary Shares),nasdaqtrader:N:YMM,adr,eligible,N,,9.7,,77998161.22301587,13.185530921820288,10.102156640181592,-2.2177419354838745,-16.59501289767843,30.714285714285715,33.73992292861596,,,False,,276.0,,2026-08-10,,full,"{""as_of"": ""2026-08-10"", ""listing_date"": null, ""reason_code"": ""valid_trading_sessions"", ""status"": ""full"", ""valid_trading_sessions"": 276}","[""l1.csv""]",[],65.6786,ranked,full,100.0,True,True,False
TDC,Teradata Corporation Common Stock,nasdaqtrader:N:TDC,common_equity,eligible,N,,27.69,,99035445.45809524,-17.931238885595736,-12.345679012345679,0.8008736803785999,33.12500000000001,26.900739176346356,94.51756173157156,,,False,,276.0,,2026-08-10,,full,"{""as_of"": ""2026-08-10"", ""listing_date"": null, ""reason_code"": ""valid_trading_sessions"", ""status"": ""full"", ""valid_trading_sessions"": 276}","[""l1.csv""]",[],65.6701,ranked,full,100.0,True,True,False
ODFL,"Old Dominion Freight Line, Inc. - Common Stock",nasdaqtrader:Q:ODFL,common_equity,eligible,Q,,212.55,,408648022.15825397,-6.622734761120263,7.169868401149593,4.978515335605271,46.25335443473473,14.545893137136645,32.55760524079056,,,False,,276.0,,2026-08-10,,full,"{""as_of"": ""2026-08-10"", ""listing_date"": null, ""reason_code"": ""valid_trading_sessions"", ""status"": ""full"", ""valid_trading_sessions"": 276}","[""l1.csv""]",[],65.6365,ranked,full,100.0,True,True,False
LITE,Lumentum Holdings Inc. - Common Stock,nasdaqtrader:Q:LITE,common_equity,eligible,Q,,813.51,,4592951973.590635,1.433897332950962,-9.990042044700154,47.37766988532401,632.0345541257986,22.750192291257154,106.92760162364377,,,False,,276.0,,2026-08-10,,full,"{""as_of"": ""2026-08-10"", ""listing_date"": null, ""reason_code"": ""valid_trading_sessions"", ""status"": ""full"", ""valid_trading_sessions"": 276}","[""l1.csv""]",[],65.6167,ranked,full,100.0,True,True,False
TOST,"Toast, Inc. Class A Common Stock",nasdaqtrader:N:TOST,common_equity,eligible,N,,35.69,,341805110.34238094,21.725784447476126,42.47504990019959,28.705373241976197,-21.74961631221224,20.864745011086484,37.62070771565476,,,False,,276.0,,2026-08-10,,full,"{""as_of"": ""2026-08-10"", ""listing_date"": null, ""reason_code"": ""valid_trading_sessions"", ""status"": ""full"", ""valid_trading_sessions"": 276}","[""l1.csv""]",[],65.6153,ranked,full,100.0,True,True,False
BABA,Alibaba Group Holding Limited American Depositary Shares each representing eight Ordinary share,nasdaqtrader:N:BABA,adr,eligible,N,,132.32,,1481571564.4293652,17.795780290216314,-5.526203055833223,-18.57731831887268,9.391534391534396,30.115136790958076,43.03864165182096,,,False,,276.0,,2026-08-10,,full,"{""as_of"": ""2026-08-10"", ""listing_date"": null, ""reason_code"": ""valid_trading_sessions"", ""status"": ""full"", ""valid_trading_sessions"": 276}","[""l1.csv""]",[],65.5987,ranked,full,100.0,True,True,False
FCEL,"FuelCell Energy, Inc. - Common Stock",nasdaqtrader:Q:FCEL,common_equity,eligible,Q,,19.83,,271267048.93777776,-5.706134094151228,44.74452554744526,175.79972183588316,356.91244239631334,44.93196334351569,173.04456181848553,,,False,,276.0,,2026-08-10,,full,"{""as_of"": ""2026-08-10"", ""listing_date"": null, ""reason_code"": ""valid_trading_sessions"", ""status"": ""full"", ""valid_trading_sessions"": 276}","[""l1.csv""]",[],65.5879,ranked,full,100.0,True,True,False
INOD,Innodata Inc. - Common Stock,nasdaqtrader:Q:INOD,common_equity,eligible,Q,,62.225,,152030940.29015875,-8.222713864306774,-26.699257863116976,30.75225887791553,45.28367966378708,48.78600823045267,70.0443185232066,,,False,,276.0,,2026-08-10,,full,"{""as_of"": ""2026-08-10"", ""listing_date"": null, ""reason_code"": ""valid_trading_sessions"", ""status"": ""full"", ""valid_trading_sessions"": 276}","[""l1.csv""]",[],65.5809,ranked,full,100.0,True,True,False
BTU,Peabody Energy Corporation Common Stock,nasdaqtrader:N:BTU,common_equity,eligible,N,,24.65,,77598179.4626984,5.47710740265297,4.493429419245443,-33.23401950162514,44.74456840869052,37.59493670886076,47.313767782142605,,,False,,276.0,,2026-08-10,,full,"{""as_of"": ""2026-08-10"", ""listing_date"": null, ""reason_code"": ""valid_trading_sessions"", ""status"": ""full"", ""valid_trading_sessions"": 276}","[""l1.csv""]",[],65.577,ranked,full,100.0,True,True,False
MORN,"Morningstar, Inc. - Common Stock",nasdaqtrader:Q:MORN,common_equity,eligible,Q,,201.03,,80789091.90952381,21.703596077006893,13.769100169779303,21.4903003565601,-22.695635454720254,24.18825659011201,39.143000663208845,,,False,,276.0,,2026-08-10,,full,"{""as_of"": ""2026-08-10"", ""listing_date"": null, ""reason_code"": ""valid_trading_sessions"", ""status"": ""full"", ""valid_trading_sessions"": 276}","[""l1.csv""]",[],65.5584,ranked,full,100.0,True,True,False
CALM,"Cal-Maine Foods, Inc. - Common Stock",nasdaqtrader:Q:CALM,common_equity,eligible,Q,,81.98,,72480161.28579365,-7.199456644781521,7.740833223813914,-0.6664243305464668,-22.48487140695915,29.81164383561643,41.439919462796134,,,False,,276.0,,2026-08-10,,full,"{""as_of"": ""2026-08-10"", ""listing_date"": null, ""reason_code"": ""valid_trading_sessions"", ""status"": ""full"", ""valid_trading_sessions"": 276}","[""l1.csv""]",[],65.5582,ranked,full,100.0,True,True,False
GS,"Goldman Sachs Group, Inc. (The) Common Stock",nasdaqtrader:N:GS,common_equity,eligible,N,,1034.51,,2270551376.4626985,-1.958907484978878,10.46792243294037,11.38734858681023,43.733848334120665,10.204241061741037,43.06917041566158,,,False,,276.0,,2026-08-10,,full,"{""as_of"": ""2026-08-10"", ""listing_date"": null, ""reason_code"": ""valid_trading_sessions"", ""status"": ""full"", ""valid_trading_sessions"": 276}","[""l1.csv""]",[],65.5511,ranked,full,100.0,True,True,False
GFI,Gold Fields Limited American Depositary Shares,nasdaqtrader:N:GFI,adr,eligible,N,,41.1,,134880143.27190477,20.386643233743417,-8.381631743201067,-23.191926742664915,32.02698361708964,33.18159648837587,52.44395597194498,,,False,,276.0,,2026-08-10,,full,"{""as_of"": ""2026-08-10"", ""listing_date"": null, ""reason_code"": ""valid_trading_sessions"", ""status"": ""full"", ""valid_trading_sessions"": 276}","[""l1.csv""]",[],65.5075,ranked,full,100.0,True,True,False
DVA,DaVita Inc. Common Stock,nasdaqtrader:N:DVA,common_equity,eligible,N,,183.69,,188741963.70444447,-21.095360824742272,-7.530833123584202,30.433856422637206,43.85621426893258,23.76743027888446,60.81927869595253,,,False,,276.0,,2026-08-10,,full,"{""as_of"": ""2026-08-10"", ""listing_date"": null, ""reason_code"": ""valid_trading_sessions"", ""status"": ""full"", ""valid_trading_sessions"": 276}","[""l1.csv""]",[],65.5023,ranked,full,100.0,True,True,False
BMI,"Badger Meter, Inc. Common Stock",nasdaqtrader:N:BMI,common_equity,eligible,N,,136.44,,65593920.438095234,-5.368289637952561,15.119811002362482,-9.779805594128144,-27.740705433746427,29.33865037029365,57.17481597178384,,,False,,276.0,,2026-08-10,,full,"{""as_of"": ""2026-08-10"", ""listing_date"": null, ""reason_code"": ""valid_trading_sessions"", ""status"": ""full"", ""valid_trading_sessions"": 276}","[""l1.csv""]",[],65.4952,ranked,full,100.0,True,True,False
SMCI,"Super Micro Computer, Inc. - Common Stock",nasdaqtrader:Q:SMCI,common_equity,eligible,Q,,31.46,,1718507242.1257143,11.126810314376545,-11.05456601639807,-8.4933100639907,-32.59052924791086,46.387184730743016,94.51366192421699,,,False,,276.0,,2026-08-10,,full,"{""as_of"": ""2026-08-10"", ""listing_date"": null, ""reason_code"": ""valid_trading_sessions"", ""status"": ""full"", ""valid_trading_sessions"": 276}","[""l1.csv""]",[],65.4909,ranked,full,100.0,True,True,False
SHLS,"Shoals Technologies Group, Inc. - Class A Common Stock",nasdaqtrader:Q:SHLS,common_equity,eligible,Q,,8.56,,58436737.913333334,-14.57085828343313,-3.1674208144796268,-16.812439261418845,79.45492662473796,32.96789350039153,95.28953403951996,,,False,,276.0,,2026-08-10,,full,"{""as_of"": ""2026-08-10"", ""listing_date"": null, ""reason_code"": ""valid_trading_sessions"", ""status"": ""full"", ""valid_trading_sessions"": 276}","[""l1.csv""]",[],65.4791,ranked,full,100.0,True,True,False
KLIC,"Kulicke and Soffa Industries, Inc. - Common Stock",nasdaqtrader:Q:KLIC,common_equity,eligible,Q,,86.5,,118374882.58468254,-23.728066308085705,-15.741281901422166,21.96841511562324,147.28416237850203,35.3561019355803,81.19264627173935,,,False,,276.0,,2026-08-10,,full,"{""as_of"": ""2026-08-10"", ""listing_date"": null, ""reason_code"": ""valid_trading_sessions"", ""status"": ""full"", ""valid_trading_sessions"": 276}","[""l1.csv""]",[],65.4763,ranked,full,100.0,True,True,False
DNN,Denison Mines Corp Ordinary Shares (Canada),nasdaqtrader:A:DNN,common_equity,eligible,A,,3.26,,77328798.63111112,0.9287925696594312,-12.834224598930488,-11.65311653116532,45.535714285714256,25.400457665903897,59.54680722517225,,,False,,276.0,,2026-08-10,,full,"{""as_of"": ""2026-08-10"", ""listing_date"": null, ""reason_code"": ""valid_trading_sessions"", ""status"": ""full"", ""valid_trading_sessions"": 276}","[""l1.csv""]",[],65.4701,ranked,full,100.0,True,True,False
VCYT,"Veracyte, Inc. - Common Stock",nasdaqtrader:Q:VCYT,common_equity,eligible,Q,,46.27,,67025618.19730158,-18.78181499034579,14.473033151905002,27.852998065764044,67.16040462427746,23.508017854190776,86.86559774872879,,,False,,276.0,,2026-08-10,,full,"{""as_of"": ""2026-08-10"", ""listing_date"": null, ""reason_code"": ""valid_trading_sessions"", ""status"": ""full"", ""valid_trading_sessions"": 276}","[""l1.csv""]",[],65.4677,ranked,full,100.0,True,True,False
TPG,TPG Inc. - Class A Common Stock,nasdaqtrader:Q:TPG,common_equity,eligible,Q,,49.4,,99618641.5579365,15.772205296461216,10.71268489466608,-10.214467466375876,-17.926565874730017,29.084122882572494,35.84004592612426,,,False,,276.0,,2026-08-10,,full,"{""as_of"": ""2026-08-10"", ""listing_date"": null, ""reason_code"": ""valid_trading_sessions"", ""status"": ""full"", ""valid_trading_sessions"": 276}","[""l1.csv""]",[],65.4612,ranked,full,100.0,True,True,False
CVS,CVS Health Corporation Common Stock,nasdaqtrader:N:CVS,common_equity,eligible,N,,95.67,,840709459.9420635,-8.142102736437828,5.654334621755952,22.105934907466505,50.47184649260774,13.49909584086799,27.619863072060213,,,False,,276.0,,2026-08-10,,full,"{""as_of"": ""2026-08-10"", ""listing_date"": null, ""reason_code"": ""valid_trading_sessions"", ""status"": ""full"", ""valid_trading_sessions"": 276}","[""l1.csv""]",[],65.3748,ranked,full,100.0,True,True,False
CLF,Cleveland-Cliffs Inc. Common Stock,nasdaqtrader:N:CLF,common_equity,eligible,N,,12.49,,243611394.11968255,32.87234042553191,13.339382940108901,-15.207060420909713,32.590233545647564,22.80593325092707,69.2024486374762,,,False,,276.0,,2026-08-10,,full,"{""as_of"": ""2026-08-10"", ""listing_date"": null, ""reason_code"": ""valid_trading_sessions"", ""status"": ""full"", ""valid_trading_sessions"": 276}","[""l1.csv""]",[],65.3741,ranked,full,100.0,True,True,False
PAAS,Pan American Silver Corp. Common Stock,nasdaqtrader:N:PAAS,common_equity,eligible,N,,51.8,,225588502.11031747,18.616899473322633,-12.411227595536023,-6.176417315703686,64.75826972010177,24.599708879184867,45.73043791265452,,,False,,276.0,,2026-08-10,,full,"{""as_of"": ""2026-08-10"", ""listing_date"": null, ""reason_code"": ""valid_trading_sessions"", ""status"": ""full"", ""valid_trading_sessions"": 276}","[""l1.csv""]",[],65.3633,ranked,full,100.0,True,True,False
GWRE,"Guidewire Software, Inc. Common Stock",nasdaqtrader:N:GWRE,common_equity,eligible,N,,172.94,,224883308.3490476,27.040329097186522,24.91152040447815,34.909119276074584,-20.461757807110338,33.962120054987025,59.18968278982869,,,False,,276.0,,2026-08-10,,full,"{""as_of"": ""2026-08-10"", ""listing_date"": null, ""reason_code"": ""valid_trading_sessions"", ""status"": ""full"", ""valid_trading_sessions"": 276}","[""l1.csv""]",[],65.3616,ranked,full,100.0,True,True,False
IBM,International Business Machines Corporation Common Stock,nasdaqtrader:N:IBM,common_equity,eligible,N,,236.31,,2850424417.6709523,-17.822367505911807,2.85080083565461,-20.94804803800221,-5.536456667732647,28.223430428575767,92.32243742250874,,,False,,276.0,,2026-08-10,,full,"{""as_of"": ""2026-08-10"", ""listing_date"": null, ""reason_code"": ""valid_trading_sessions"", ""status"": ""full"", ""valid_trading_sessions"": 276}","[""l1.csv""]",[],65.3465,ranked,full,100.0,True,True,False
CRDO,Credo Technology Group Holding Ltd - Ordinary Shares,nasdaqtrader:Q:CRDO,common_equity,eligible,Q,,239.935,,1865829337.9314284,-6.926180224213518,27.283095939099766,115.38150807899461,100.31307396894307,20.687888404072453,103.46505292343124,,,False,,276.0,,2026-08-10,,full,"{""as_of"": ""2026-08-10"", ""listing_date"": null, ""reason_code"": ""valid_trading_sessions"", ""status"": ""full"", ""valid_trading_sessions"": 276}","[""l1.csv""]",[],65.3417,ranked,full,100.0,True,True,False
AAPL,Apple Inc. - Common Stock,nasdaqtrader:Q:AAPL,common_equity,eligible,Q,,308.26,,17405900582.51492,-2.2389953063554513,5.093413336969865,10.837048755932678,40.09907739853655,9.356621971300871,35.61433431203271,,,False,,276.0,,2026-08-10,,full,"{""as_of"": ""2026-08-10"", ""listing_date"": null, ""reason_code"": ""valid_trading_sessions"", ""status"": ""full"", ""valid_trading_sessions"": 276}","[""l1.csv""]",[],65.3392,ranked,full,100.0,True,True,False
CRUS,"Cirrus Logic, Inc. - Common Stock",nasdaqtrader:Q:CRUS,common_equity,eligible,Q,,121.84,,95961809.64833334,-18.96781058792233,-29.026620842313733,-14.665919596582155,21.06518282988872,31.894913359418673,36.85605007277012,,,False,,276.0,,2026-08-10,,full,"{""as_of"": ""2026-08-10"", ""listing_date"": null, ""reason_code"": ""valid_trading_sessions"", ""status"": ""full"", ""valid_trading_sessions"": 276}","[""l1.csv""]",[],65.336,ranked,full,100.0,True,True,False
VSH,"Vishay Intertechnology, Inc. Common Stock",nasdaqtrader:N:VSH,common_equity,eligible,N,,33.14,,365863072.844127,-25.81150660398478,-3.2691185055458205,66.11528822055139,131.74825174825173,48.93682588597843,105.43081746663515,,,False,,276.0,,2026-08-10,,full,"{""as_of"": ""2026-08-10"", ""listing_date"": null, ""reason_code"": ""valid_trading_sessions"", ""status"": ""full"", ""valid_trading_sessions"": 276}","[""l1.csv""]",[],65.3209,ranked,full,100.0,True,True,False
W,Wayfair Inc. Class A Common Stock,nasdaqtrader:N:W,common_equity,eligible,N,,103.26,,322029400.00666666,15.723411408719045,55.84062782976154,11.511879049676033,40.911572052401745,13.263334733305332,99.87289003075381,,,False,,276.0,,2026-08-10,,full,"{""as_of"": ""2026-08-10"", ""listing_date"": null, ""reason_code"": ""valid_trading_sessions"", ""status"": ""full"", ""valid_trading_sessions"": 276}","[""l1.csv""]",[],65.3158,ranked,full,100.0,True,True,False
EME,"EMCOR Group, Inc. Common Stock",nasdaqtrader:N:EME,common_equity,eligible,N,,809.33,,356828248.0330159,3.5240093120826987,-12.185886029252202,5.884738666841116,31.063464559278398,14.243178807947011,62.47628025195944,,,False,,276.0,,2026-08-10,,full,"{""as_of"": ""2026-08-10"", ""listing_date"": null, ""reason_code"": ""valid_trading_sessions"", ""status"": ""full"", ""valid_trading_sessions"": 276}","[""l1.csv""]",[],65.3108,ranked,full,100.0,True,True,False
WFC,Wells Fargo & Company Common Stock,nasdaqtrader:N:WFC,common_equity,eligible,N,,87.52,,1317447915.5642858,0.4130335016062414,15.705975674246432,-6.863892731722898,13.588578844905896,9.202199398277832,25.608975482816316,,,False,,276.0,,2026-08-10,,full,"{""as_of"": ""2026-08-10"", ""listing_date"": null, ""reason_code"": ""valid_trading_sessions"", ""status"": ""full"", ""valid_trading_sessions"": 276}","[""l1.csv""]",[],65.3005,ranked,full,100.0,True,True,False
GOOGL,Alphabet Inc. - Class A Common Stock,nasdaqtrader:Q:GOOGL,common_equity,eligible,Q,,357.52,,11947026269.242222,0.09519010022955854,-10.798403193612781,10.735303227405058,81.92550376552003,11.201629327902241,44.64449528425246,,,False,,276.0,,2026-08-10,,full,"{""as_of"": ""2026-08-10"", ""listing_date"": null, ""reason_code"": ""valid_trading_sessions"", ""status"": ""full"", ""valid_trading_sessions"": 276}","[""l1.csv""]",[],65.3004,ranked,full,100.0,True,True,False
CIEN,Ciena Corporation Common Stock,nasdaqtrader:N:CIEN,common_equity,eligible,N,,387.7,,1266416207.804127,-15.849105747525616,-29.26602324350952,42.89399970514523,307.33347341878545,38.1658692185008,78.98356020283023,,,False,,276.0,,2026-08-10,,full,"{""as_of"": ""2026-08-10"", ""listing_date"": null, ""reason_code"": ""valid_trading_sessions"", ""status"": ""full"", ""valid_trading_sessions"": 276}","[""l1.csv""]",[],65.2889,ranked,full,100.0,True,True,False
EXLS,"ExlService Holdings, Inc. - Common Stock",nasdaqtrader:Q:EXLS,common_equity,eligible,Q,,35.07,,79883259.19333334,28.46153846153845,12.837837837837851,10.630914826498428,-16.61911554921541,22.066666666666666,61.717805544214045,,,False,,276.0,,2026-08-10,,full,"{""as_of"": ""2026-08-10"", ""listing_date"": null, ""reason_code"": ""valid_trading_sessions"", ""status"": ""full"", ""valid_trading_sessions"": 276}","[""l1.csv""]",[],65.2756,ranked,full,100.0,True,True,False
ICLN,iShares Global Clean Energy ETF,US:ICLN,etf,eligible,Q,,18.08,,123967637.55468254,-6.077922077922082,-14.555765595463143,-2.8479312197743245,31.87454412837343,23.873684210526324,36.16759064660746,,,False,,276.0,,2026-08-10,,full,"{""as_of"": ""2026-08-10"", ""listing_date"": null, ""reason_code"": ""valid_trading_sessions"", ""status"": ""full"", ""valid_trading_sessions"": 276}","[""l1.csv""]",[],65.2665,ranked,full,100.0,True,True,False
PTON,"Peloton Interactive, Inc. - Common Stock",nasdaqtrader:Q:PTON,common_equity,eligible,Q,,5.51,,67418620.65642858,-5.9726962457337995,-3.1634446397188154,19.13513513513514,-22.50351617440226,38.77777777777778,64.28518100598116,,,False,,276.0,,2026-08-10,,full,"{""as_of"": ""2026-08-10"", ""listing_date"": null, ""reason_code"": ""valid_trading_sessions"", ""status"": ""full"", ""valid_trading_sessions"": 276}","[""l1.csv""]",[],65.2481,ranked,full,100.0,True,True,False
BE,Bloom Energy Corporation Class A Common Stock,nasdaqtrader:N:BE,common_equity,eligible,N,,210.63,,3535891790.9974604,-13.891500756305962,-19.308125502815766,47.262811997483034,472.3641304347827,39.0978748012144,133.59421650811757,,,False,,276.0,,2026-08-10,,full,"{""as_of"": ""2026-08-10"", ""listing_date"": null, ""reason_code"": ""valid_trading_sessions"", ""status"": ""full"", ""valid_trading_sessions"": 276}","[""l1.csv""]",[],65.2268,ranked,full,100.0,True,True,False
MOS,Mosaic Company (The) Common Stock,nasdaqtrader:N:MOS,common_equity,eligible,N,,23.47,,200016383.69015872,9.112040911204078,5.768364127985559,-17.93706293706294,-25.915404040404045,34.67854160868355,37.485279626721514,,,False,,276.0,,2026-08-10,,full,"{""as_of"": ""2026-08-10"", ""listing_date"": null, ""reason_code"": ""valid_trading_sessions"", ""status"": ""full"", ""valid_trading_sessions"": 276}","[""l1.csv""]",[],65.2071,ranked,full,100.0,True,True,False
GOOG,Alphabet Inc. - Class C Capital Stock,nasdaqtrader:Q:GOOG,common_equity,eligible,Q,,355.84,,8030649136.732063,0.22814973382530024,-10.379045460269499,10.133085731971514,80.37307380373073,10.825982357658393,44.30699649707152,,,False,,276.0,,2026-08-10,,full,"{""as_of"": ""2026-08-10"", ""listing_date"": null, ""reason_code"": ""valid_trading_sessions"", ""status"": ""full"", ""valid_trading_sessions"": 276}","[""l1.csv""]",[],65.2065,ranked,full,100.0,True,True,False
VERA,"Vera Therapeutics, Inc. - Class A Common Stock",nasdaqtrader:Q:VERA,common_equity,eligible,Q,,31.58,,68161767.02277778,-24.809523809523814,-12.738325504282955,-27.402298850574713,60.14198782961459,43.27285791269985,52.72090572673407,,,False,,276.0,,2026-08-10,,full,"{""as_of"": ""2026-08-10"", ""listing_date"": null, ""reason_code"": ""valid_trading_sessions"", ""status"": ""full"", ""valid_trading_sessions"": 276}","[""l1.csv""]",[],65.1985,ranked,full,100.0,True,True,False
EL,"Estee Lauder Companies, Inc. (The) Common Stock",nasdaqtrader:N:EL,common_equity,eligible,N,,87.19,,263267951.51857144,5.4802806677958005,1.148491879350333,-12.345430783150702,-4.417890813418113,27.104757127330494,29.745363992374692,,,False,,276.0,,2026-08-10,,full,"{""as_of"": ""2026-08-10"", ""listing_date"": null, ""reason_code"": ""valid_trading_sessions"", ""status"": ""full"", ""valid_trading_sessions"": 276}","[""l1.csv""]",[],65.1973,ranked,full,100.0,True,True,False
ACLS,"Axcelis Technologies, Inc. - Common Stock",nasdaqtrader:Q:ACLS,common_equity,eligible,Q,,132.65,,87643221.80642858,-7.464248343215896,-18.63460712752254,54.10083643122678,66.83436045780404,30.767223382045927,98.11947961422555,,,False,,276.0,,2026-08-10,,full,"{""as_of"": ""2026-08-10"", ""listing_date"": null, ""reason_code"": ""valid_trading_sessions"", ""status"": ""full"", ""valid_trading_sessions"": 276}","[""l1.csv""]",[],65.1856,ranked,full,100.0,True,True,False
MIRM,"Mirum Pharmaceuticals, Inc. - common stock",nasdaqtrader:Q:MIRM,common_equity,eligible,Q,,98.7,,103794069.38420635,-19.184475558830748,-7.894736842105255,-1.7617199163929453,64.9949849548646,23.232480360892893,58.048471653535294,,,False,,276.0,,2026-08-10,,full,"{""as_of"": ""2026-08-10"", ""listing_date"": null, ""reason_code"": ""valid_trading_sessions"", ""status"": ""full"", ""valid_trading_sessions"": 276}","[""l1.csv""]",[],65.181,ranked,full,100.0,True,True,False
EGO,Eldorado Gold Corporation Ordinary Shares,nasdaqtrader:N:EGO,common_equity,eligible,N,,39.1,,86291179.90333334,29.29894179894181,14.494875549048336,0.2050230650948226,69.41074523396881,21.343794005230333,70.52023383690108,,,False,,276.0,,2026-08-10,,full,"{""as_of"": ""2026-08-10"", ""listing_date"": null, ""reason_code"": ""valid_trading_sessions"", ""status"": ""full"", ""valid_trading_sessions"": 276}","[""l1.csv""]",[],65.1792,ranked,full,100.0,True,True,False
JBL,Jabil Inc. Common Stock,nasdaqtrader:N:JBL,common_equity,eligible,N,,336.63,,450073094.71952385,1.9195252656756034,-5.214698014923269,30.35043562439497,52.67359063903123,12.706480304955525,56.24990346344648,,,False,,276.0,,2026-08-10,,full,"{""as_of"": ""2026-08-10"", ""listing_date"": null, ""reason_code"": ""valid_trading_sessions"", ""status"": ""full"", ""valid_trading_sessions"": 276}","[""l1.csv""]",[],65.1766,ranked,full,100.0,True,True,False
VST,Vistra Corp. Common Stock,nasdaqtrader:N:VST,common_equity,eligible,N,,142.87,,737630359.9938096,-10.065466448445182,-3.283238559436763,-4.530571333110589,-30.507320394960846,34.43924375917767,49.1606659060767,,,False,,276.0,,2026-08-10,,full,"{""as_of"": ""2026-08-10"", ""listing_date"": null, ""reason_code"": ""valid_trading_sessions"", ""status"": ""full"", ""valid_trading_sessions"": 276}","[""l1.csv""]",[],65.1752,ranked,full,100.0,True,True,False
SONY,Sony Group Corporation American Depositary Shares,nasdaqtrader:N:SONY,adr,eligible,N,,23.82,,134478509.085873,14.244604316546749,18.213399503722094,7.008086253369261,-8.490203611217828,21.28222075346993,31.553040745166648,,,False,,276.0,,2026-08-10,,full,"{""as_of"": ""2026-08-10"", ""listing_date"": null, ""reason_code"": ""valid_trading_sessions"", ""status"": ""full"", ""valid_trading_sessions"": 276}","[""l1.csv""]",[],65.171,ranked,full,100.0,True,True,False
TREX,"Trex Company, Inc. Common Stock",nasdaqtrader:N:TREX,common_equity,eligible,N,,48.17,,93674775.56730159,2.14164546225617,19.825870646766177,9.477272727272723,-21.62382037097299,26.826674768342695,42.453586396443285,,,False,,276.0,,2026-08-10,,full,"{""as_of"": ""2026-08-10"", ""listing_date"": null, ""reason_code"": ""valid_trading_sessions"", ""status"": ""full"", ""valid_trading_sessions"": 276}","[""l1.csv""]",[],65.1602,ranked,full,100.0,True,True,False
RGLD,"Royal Gold, Inc. - Common Stock",nasdaqtrader:Q:RGLD,common_equity,eligible,Q,,234.13,,151482873.93428573,18.950363257633484,-2.0007534217906353,-11.905030665613115,41.613742212544594,23.056952249498842,36.931062488108076,,,False,,276.0,,2026-08-10,,full,"{""as_of"": ""2026-08-10"", ""listing_date"": null, ""reason_code"": ""valid_trading_sessions"", ""status"": ""full"", ""valid_trading_sessions"": 276}","[""l1.csv""]",[],65.1576,ranked,full,100.0,True,True,False
ORA,"Ormat Technologies, Inc. Common Stock",nasdaqtrader:N:ORA,common_equity,eligible,N,,111.7,,114447845.59063493,1.7582217363578456,-8.194296046683647,-9.297604547300043,27.905645253635637,23.018607856650586,46.479172065144546,,,False,,276.0,,2026-08-10,,full,"{""as_of"": ""2026-08-10"", ""listing_date"": null, ""reason_code"": ""valid_trading_sessions"", ""status"": ""full"", ""valid_trading_sessions"": 276}","[""l1.csv""]",[],65.1525,ranked,full,100.0,True,True,False
KSS,Kohl's Corporation Common Stock,nasdaqtrader:N:KSS,common_equity,eligible,N,,19.03,,78518383.26015873,13.273809523809522,31.24137931034483,2.86486486486488,68.55624446412759,22.986645082962365,57.74285671212843,,,False,,276.0,,2026-08-10,,full,"{""as_of"": ""2026-08-10"", ""listing_date"": null, ""reason_code"": ""valid_trading_sessions"", ""status"": ""full"", ""valid_trading_sessions"": 276}","[""l1.csv""]",[],65.1482,ranked,full,100.0,True,True,False
CHKP,Check Point Software Technologies Ltd. - Ordinary Shares,nasdaqtrader:Q:CHKP,common_equity,eligible,Q,,131.14,,177997420.15650794,-0.42520880789673754,14.104237361872428,-27.510917030567693,-29.125006755661254,36.619786380551936,43.848406212143566,,,False,,276.0,,2026-08-10,,full,"{""as_of"": ""2026-08-10"", ""listing_date"": null, ""reason_code"": ""valid_trading_sessions"", ""status"": ""full"", ""valid_trading_sessions"": 276}","[""l1.csv""]",[],65.142,ranked,full,100.0,True,True,False
CPB,The Campbell's Company - Common Stock,nasdaqtrader:Q:CPB,common_equity,eligible,Q,,22.42,,183663835.66920635,1.5858631626642472,7.5815738963531665,-22.23378425251473,-31.874810088119098,34.116955627387604,37.606500376659554,,,False,,276.0,,2026-08-10,,full,"{""as_of"": ""2026-08-10"", ""listing_date"": null, ""reason_code"": ""valid_trading_sessions"", ""status"": ""full"", ""valid_trading_sessions"": 276}","[""l1.csv""]",[],65.1323,ranked,full,100.0,True,True,False
LSTR,"Landstar System, Inc. - Common Stock",nasdaqtrader:Q:LSTR,common_equity,eligible,Q,,178.35,,103101052.89793651,-14.795528377603674,-2.7482414526419086,10.038252714708772,38.59962698165993,20.86346896215113,35.40275608163099,,,False,,276.0,,2026-08-10,,full,"{""as_of"": ""2026-08-10"", ""listing_date"": null, ""reason_code"": ""valid_trading_sessions"", ""status"": ""full"", ""valid_trading_sessions"": 276}","[""l1.csv""]",[],65.1151,ranked,full,100.0,True,True,False
MAR,Marriott International - Class A Common Stock,nasdaqtrader:Q:MAR,common_equity,eligible,Q,,348.44,,596713707.6863492,-7.356890271463135,-1.3420918511807045,4.561277157604127,33.71196131854639,13.439658170616585,33.165927177875105,,,False,,276.0,,2026-08-10,,full,"{""as_of"": ""2026-08-10"", ""listing_date"": null, ""reason_code"": ""valid_trading_sessions"", ""status"": ""full"", ""valid_trading_sessions"": 276}","[""l1.csv""]",[],65.1099,ranked,full,100.0,True,True,False
ARCB,ArcBest Corporation - Common Stock,nasdaqtrader:Q:ARCB,common_equity,eligible,Q,,137.43,,59174716.4731746,-6.592809080405071,13.606679341985629,22.74919614147912,91.80739706908582,20.661586421891233,43.90022885912443,,,False,,276.0,,2026-08-10,,full,"{""as_of"": ""2026-08-10"", ""listing_date"": null, ""reason_code"": ""valid_trading_sessions"", ""status"": ""full"", ""valid_trading_sessions"": 276}","[""l1.csv""]",[],65.0882,ranked,full,100.0,True,True,False
PGR,Progressive Corporation (The) Common Stock,nasdaqtrader:N:PGR,common_equity,eligible,N,,213.95,,674589968.2668253,-7.268550624133152,10.283505154639162,5.764002175095162,-12.783824548530431,15.327687193287964,39.87862675805191,,,False,,276.0,,2026-08-10,,full,"{""as_of"": ""2026-08-10"", ""listing_date"": null, ""reason_code"": ""valid_trading_sessions"", ""status"": ""full"", ""valid_trading_sessions"": 276}","[""l1.csv""]",[],65.0819,ranked,full,100.0,True,True,False
HLNE,Hamilton Lane Incorporated - Class A Common Stock,nasdaqtrader:Q:HLNE,common_equity,eligible,Q,,100.36,,77187530.12619047,23.763719324207667,12.764044943820219,-23.808077740662014,-34.48658528624584,37.61810044753854,43.83203315537872,,,False,,276.0,,2026-08-10,,full,"{""as_of"": ""2026-08-10"", ""listing_date"": null, ""reason_code"": ""valid_trading_sessions"", ""status"": ""full"", ""valid_trading_sessions"": 276}","[""l1.csv""]",[],65.0755,ranked,full,100.0,True,True,False
IR,Ingersoll Rand Inc. Common Stock,nasdaqtrader:N:IR,common_equity,eligible,N,,86.63,,335518529.9933333,9.866835764109073,14.363036303630361,-12.0507614213198,13.568432092291548,12.282300526528967,35.315191110046214,,,False,,276.0,,2026-08-10,,full,"{""as_of"": ""2026-08-10"", ""listing_date"": null, ""reason_code"": ""valid_trading_sessions"", ""status"": ""full"", ""valid_trading_sessions"": 276}","[""l1.csv""]",[],65.0706,ranked,full,100.0,True,True,False
ISRG,"Intuitive Surgical, Inc. - Common Stock",nasdaqtrader:Q:ISRG,common_equity,eligible,Q,,393.38,,1213730857.3244445,-3.2941639215300578,-12.593876372039281,-19.41411451398135,-16.26827866584364,33.64594754153665,64.14821444192576,,,False,,276.0,,2026-08-10,,full,"{""as_of"": ""2026-08-10"", ""listing_date"": null, ""reason_code"": ""valid_trading_sessions"", ""status"": ""full"", ""valid_trading_sessions"": 276}","[""l1.csv""]",[],65.0695,ranked,full,100.0,True,True,False
TAN,Invesco Solar ETF,US:TAN,etf,eligible,P,,51.86,,87943789.32063492,-5.640465793304228,-16.27381336777527,-10.18358157256668,42.16008771929827,29.852563235493047,43.564937877322336,,,False,,276.0,,2026-08-10,,full,"{""as_of"": ""2026-08-10"", ""listing_date"": null, ""reason_code"": ""valid_trading_sessions"", ""status"": ""full"", ""valid_trading_sessions"": 276}","[""l1.csv""]",[],65.0637,ranked,full,100.0,True,True,False
SOXX,iShares PHLX SOX Semiconductor Sector Index Fund,US:SOXX,etf,eligible,Q,,529.39,,5849768717.099999,-8.936250731069606,1.7470689986546217,51.90094975753923,119.80983225377844,19.178333155219008,62.532456888722535,,,False,,276.0,,2026-08-10,,full,"{""as_of"": ""2026-08-10"", ""listing_date"": null, ""reason_code"": ""valid_trading_sessions"", ""status"": ""full"", ""valid_trading_sessions"": 276}","[""l1.csv""]",[],65.0446,ranked,full,100.0,True,True,False
ESI,Element Solutions Inc. Common Stock,nasdaqtrader:N:ESI,common_equity,eligible,N,,37.27,,188884163.77539682,-6.4038171772978325,-15.102505694760815,24.48229792919172,57.456696239966206,24.07822367080872,50.862794815822475,,,False,,276.0,,2026-08-10,,full,"{""as_of"": ""2026-08-10"", ""listing_date"": null, ""reason_code"": ""valid_trading_sessions"", ""status"": ""full"", ""valid_trading_sessions"": 276}","[""l1.csv""]",[],65.0438,ranked,full,100.0,True,True,False
AMD,"Advanced Micro Devices, Inc. - Common Stock",nasdaqtrader:Q:AMD,common_equity,eligible,Q,,469.56,,15449884686.846111,-15.832870279087274,3.1569234825018055,125.2734599884859,172.36658932714616,19.168201614707957,83.56398395105191,,,False,,276.0,,2026-08-10,,full,"{""as_of"": ""2026-08-10"", ""listing_date"": null, ""reason_code"": ""valid_trading_sessions"", ""status"": ""full"", ""valid_trading_sessions"": 276}","[""l1.csv""]",[],65.0421,ranked,full,100.0,True,True,False
ACN,Accenture plc Class A Ordinary Shares (Ireland),nasdaqtrader:N:ACN,common_equity,eligible,N,,178.25,,1277717425.0253968,31.81246764771131,-1.2027491408934665,-25.92053860859447,-26.257653483369193,38.22346988285853,50.7743004026427,,,False,,276.0,,2026-08-10,,full,"{""as_of"": ""2026-08-10"", ""listing_date"": null, ""reason_code"": ""valid_trading_sessions"", ""status"": ""full"", ""valid_trading_sessions"": 276}","[""l1.csv""]",[],65.0351,ranked,full,100.0,True,True,False
KBR,"KBR, Inc. Common Stock",nasdaqtrader:N:KBR,common_equity,eligible,N,,38.29,,64762751.508888885,7.950380603326757,17.670559311616472,-11.956771671648658,-23.189568706118358,25.808951753536135,40.388057898100946,,,False,,276.0,,2026-08-10,,full,"{""as_of"": ""2026-08-10"", ""listing_date"": null, ""reason_code"": ""valid_trading_sessions"", ""status"": ""full"", ""valid_trading_sessions"": 276}","[""l1.csv""]",[],65.0245,ranked,full,100.0,True,True,False
KRMN,Karman Holdings Inc. Common Stock,nasdaqtrader:N:KRMN,common_equity,eligible,N,,62.16,,190741140.83063492,24.29514097180563,2.1696252465483123,-34.81543624161074,28.935905413814545,46.08378870673954,75.88195153469736,,,False,,276.0,,2026-08-10,,full,"{""as_of"": ""2026-08-10"", ""listing_date"": null, ""reason_code"": ""valid_trading_sessions"", ""status"": ""full"", ""valid_trading_sessions"": 276}","[""l1.csv""]",[],65.0111,ranked,full,100.0,True,True,False
CEG,Constellation Energy Corporation - Common Stock When-Issued,nasdaqtrader:Q:CEG,common_equity,eligible,Q,,270.43,,980459242.3663492,7.578168509825756,-10.934360899779339,3.446561089434619,-19.61297226598496,33.05359574204728,39.232724493113636,,,False,,276.0,,2026-08-10,,full,"{""as_of"": ""2026-08-10"", ""listing_date"": null, ""reason_code"": ""valid_trading_sessions"", ""status"": ""full"", ""valid_trading_sessions"": 276}","[""l1.csv""]",[],64.9905,ranked,full,100.0,True,True,False
OPCH,"Option Care Health, Inc. - Common Stock",nasdaqtrader:Q:OPCH,common_equity,eligible,Q,,24.5,,64113069.55936508,13.583681038479378,19.453924914675767,-27.941176470588236,-12.186379928315406,33.0418147034709,38.62693575875796,,,False,,276.0,,2026-08-10,,full,"{""as_of"": ""2026-08-10"", ""listing_date"": null, ""reason_code"": ""valid_trading_sessions"", ""status"": ""full"", ""valid_trading_sessions"": 276}","[""l1.csv""]",[],64.9889,ranked,full,100.0,True,True,False
NE,Noble Corporation plc A Ordinary Shares,nasdaqtrader:N:NE,common_equity,eligible,N,,43.55,,67628372.66,8.956717538153613,-13.143199042680498,11.09693877551019,63.783377209477244,19.90068052234688,50.35667516421982,,,False,,276.0,,2026-08-10,,full,"{""as_of"": ""2026-08-10"", ""listing_date"": null, ""reason_code"": ""valid_trading_sessions"", ""status"": ""full"", ""valid_trading_sessions"": 276}","[""l1.csv""]",[],64.9752,ranked,full,100.0,True,True,False
DVN,Devon Energy Corporation Common Stock,nasdaqtrader:N:DVN,common_equity,eligible,N,,45.36,,589737846.559365,7.411792564527597,-0.5481254110940581,3.5380050216845316,40.0432232170423,12.886498943729595,38.329658167933374,,,False,,276.0,,2026-08-10,,full,"{""as_of"": ""2026-08-10"", ""listing_date"": null, ""reason_code"": ""valid_trading_sessions"", ""status"": ""full"", ""valid_trading_sessions"": 276}","[""l1.csv""]",[],64.9716,ranked,full,100.0,True,True,False
NVO,Novo Nordisk A/S Common Stock,nasdaqtrader:N:NVO,common_equity,eligible,N,,47.73,,581768773.5219047,-3.5367825383993523,3.603212502713249,0.18891687657429657,-2.11238720262511,25.398562050640827,42.22414039006577,,,False,,276.0,,2026-08-10,,full,"{""as_of"": ""2026-08-10"", ""listing_date"": null, ""reason_code"": ""valid_trading_sessions"", ""status"": ""full"", ""valid_trading_sessions"": 276}","[""l1.csv""]",[],64.9698,ranked,full,100.0,True,True,False
U,Unity Software Inc. Common Stock,nasdaqtrader:N:U,common_equity,eligible,N,,43.1,,290408332.9026984,39.52735513111038,53.05397727272727,71.64476304261251,28.388442061364326,12.876490802506568,61.586951922547364,,,False,,276.0,,2026-08-10,,full,"{""as_of"": ""2026-08-10"", ""listing_date"": null, ""reason_code"": ""valid_trading_sessions"", ""status"": ""full"", ""valid_trading_sessions"": 276}","[""l1.csv""]",[],64.9691,ranked,full,100.0,True,True,False
GVA,Granite Construction Incorporated Common Stock,nasdaqtrader:N:GVA,common_equity,eligible,N,,125.97,,128553649.03031746,2.866242038216571,-11.213701719763181,-3.233983714856359,24.796909054884097,21.460190784961654,54.918196184974676,,,False,,276.0,,2026-08-10,,full,"{""as_of"": ""2026-08-10"", ""listing_date"": null, ""reason_code"": ""valid_trading_sessions"", ""status"": ""full"", ""valid_trading_sessions"": 276}","[""l1.csv""]",[],64.9447,ranked,full,100.0,True,True,False
INTC,Intel Corporation - Common Stock,nasdaqtrader:Q:INTC,common_equity,eligible,Q,,97.52,,13808734642.024761,-11.21631463947561,-21.934037784181882,92.76536864993079,393.27263530601925,30.807435788278703,85.07007573721161,,,False,,276.0,,2026-08-10,,full,"{""as_of"": ""2026-08-10"", ""listing_date"": null, ""reason_code"": ""valid_trading_sessions"", ""status"": ""full"", ""valid_trading_sessions"": 276}","[""l1.csv""]",[],64.941,ranked,full,100.0,True,True,False
PDD,PDD Holdings Inc. - American Depositary Shares,nasdaqtrader:Q:PDD,adr,eligible,Q,,93.0,,750102660.6485715,9.2446846000235,-5.851386920429236,-11.622160980708928,-18.556791312724407,32.67212046622746,31.71247935533419,,,False,,276.0,,2026-08-10,,full,"{""as_of"": ""2026-08-10"", ""listing_date"": null, ""reason_code"": ""valid_trading_sessions"", ""status"": ""full"", ""valid_trading_sessions"": 276}","[""l1.csv""]",[],64.9396,ranked,full,100.0,True,True,False
CMI,Cummins Inc. Common Stock,nasdaqtrader:N:CMI,common_equity,eligible,N,,634.82,,702952974.4833332,-6.084769583549077,-6.58229710838053,9.88177868554516,65.05551077715089,12.750312676095055,37.33378928577605,,,False,,276.0,,2026-08-10,,full,"{""as_of"": ""2026-08-10"", ""listing_date"": null, ""reason_code"": ""valid_trading_sessions"", ""status"": ""full"", ""valid_trading_sessions"": 276}","[""l1.csv""]",[],64.9376,ranked,full,100.0,True,True,False
UPS,"United Parcel Service, Inc. Common Stock",nasdaqtrader:N:UPS,common_equity,eligible,N,,104.72,,577857955.0514286,-6.890726415933135,3.9095058543361816,-10.755070734617355,21.07758122326282,12.73333333333333,34.67833756617472,,,False,,276.0,,2026-08-10,,full,"{""as_of"": ""2026-08-10"", ""listing_date"": null, ""reason_code"": ""valid_trading_sessions"", ""status"": ""full"", ""valid_trading_sessions"": 276}","[""l1.csv""]",[],64.9333,ranked,full,100.0,True,True,False
SFM,"Sprouts Farmers Market, Inc. - Common Stock",nasdaqtrader:Q:SFM,common_equity,eligible,Q,,85.33,,183420983.59325397,5.528073212960671,3.0182301098635733,26.752822341057648,-43.59838720338423,43.51251158480074,46.80899053079533,,,False,,276.0,,2026-08-10,,full,"{""as_of"": ""2026-08-10"", ""listing_date"": null, ""reason_code"": ""valid_trading_sessions"", ""status"": ""full"", ""valid_trading_sessions"": 276}","[""l1.csv""]",[],64.9325,ranked,full,100.0,True,True,False
CF,"CF Industries Holdings, Inc. Common Stock",nasdaqtrader:N:CF,common_equity,eligible,N,,121.48,,307358414.2422222,3.900102634279845,5.616414536602332,31.131260794473235,46.55567619737002,11.71511627906976,39.757198307894676,,,False,,276.0,,2026-08-10,,full,"{""as_of"": ""2026-08-10"", ""listing_date"": null, ""reason_code"": ""valid_trading_sessions"", ""status"": ""full"", ""valid_trading_sessions"": 276}","[""l1.csv""]",[],64.9288,ranked,full,100.0,True,True,False
UI,Ubiquiti Inc. Common Stock,nasdaqtrader:N:UI,common_equity,eligible,N,,570.47,,68546313.57904762,3.535454363963053,-32.256264101650636,-8.333199427956227,23.875184573959874,47.39787920700783,29.97425304611241,,,False,,276.0,,2026-08-10,,full,"{""as_of"": ""2026-08-10"", ""listing_date"": null, ""reason_code"": ""valid_trading_sessions"", ""status"": ""full"", ""valid_trading_sessions"": 276}","[""l1.csv""]",[],64.9235,ranked,full,100.0,True,True,False
POOL,Pool Corporation - Common Stock,nasdaqtrader:Q:POOL,common_equity,eligible,Q,,199.98,,191642822.1331746,-4.970537920547424,6.502636203866419,-24.86474301172228,-35.206065318818034,40.057550506564354,42.20228571954344,,,False,,276.0,,2026-08-10,,full,"{""as_of"": ""2026-08-10"", ""listing_date"": null, ""reason_code"": ""valid_trading_sessions"", ""status"": ""full"", ""valid_trading_sessions"": 276}","[""l1.csv""]",[],64.9128,ranked,full,100.0,True,True,False
MCK,McKesson Corporation Common Stock,nasdaqtrader:N:MCK,common_equity,eligible,N,,879.87,,904221350.5074604,9.170430294307398,19.532937548397598,-7.253236075388958,32.66038447041086,11.63213449969368,35.79027279068258,,,False,,276.0,,2026-08-10,,full,"{""as_of"": ""2026-08-10"", ""listing_date"": null, ""reason_code"": ""valid_trading_sessions"", ""status"": ""full"", ""valid_trading_sessions"": 276}","[""l1.csv""]",[],64.908,ranked,full,100.0,True,True,False
SYF,Synchrony Financial Common Stock,nasdaqtrader:N:SYF,common_equity,eligible,N,,78.19,,279116172.0233334,7.937603533959137,6.90456658463221,4.031399680681225,14.229364499634766,11.619758110093814,41.509816838952275,,,False,,276.0,,2026-08-10,,full,"{""as_of"": ""2026-08-10"", ""listing_date"": null, ""reason_code"": ""valid_trading_sessions"", ""status"": ""full"", ""valid_trading_sessions"": 276}","[""l1.csv""]",[],64.9049,ranked,full,100.0,True,True,False
CCC,CCC Intelligent Solutions Holdings Inc. - Common Stock,nasdaqtrader:Q:CCC,common_equity,eligible,Q,,6.97,,54406168.72,17.73648648648649,35.86744639376218,20.58823529411764,-28.218331616889813,30.508474576271183,52.33319779702258,,,False,,276.0,,2026-08-10,,full,"{""as_of"": ""2026-08-10"", ""listing_date"": null, ""reason_code"": ""valid_trading_sessions"", ""status"": ""full"", ""valid_trading_sessions"": 276}","[""l1.csv""]",[],64.9011,ranked,full,100.0,True,True,False
ALGT,Allegiant Travel Company - Common Stock,nasdaqtrader:Q:ALGT,common_equity,eligible,Q,,89.54,,58244352.601825394,-19.34786524950458,7.840539564013005,-21.99668960710863,80.96200485044464,24.85733467606579,54.25154912754522,,,False,,276.0,,2026-08-10,,full,"{""as_of"": ""2026-08-10"", ""listing_date"": null, ""reason_code"": ""valid_trading_sessions"", ""status"": ""full"", ""valid_trading_sessions"": 276}","[""l1.csv""]",[],64.8976,ranked,full,100.0,True,True,False
AROC,"Archrock, Inc. Common Stock",nasdaqtrader:N:AROC,common_equity,eligible,N,,33.13,,72876631.89015873,-14.01505320529457,-10.362554112554111,3.3697347893915985,45.05253940455343,21.025029797377826,40.41558120839998,,,False,,276.0,,2026-08-10,,full,"{""as_of"": ""2026-08-10"", ""listing_date"": null, ""reason_code"": ""valid_trading_sessions"", ""status"": ""full"", ""valid_trading_sessions"": 276}","[""l1.csv""]",[],64.8867,ranked,full,100.0,True,True,False
META,"Meta Platforms, Inc. - Class A Common Stock",nasdaqtrader:Q:META,common_equity,eligible,Q,,594.92,,10937577783.70746,-11.101149116122011,-2.4129389957843306,-10.05956520424517,-21.909087329194186,24.693670886075957,54.21594452422921,,,False,,276.0,,2026-08-10,,full,"{""as_of"": ""2026-08-10"", ""listing_date"": null, ""reason_code"": ""valid_trading_sessions"", ""status"": ""full"", ""valid_trading_sessions"": 276}","[""l1.csv""]",[],64.8758,ranked,full,100.0,True,True,False
JKHY,"Jack Henry & Associates, Inc. - Common Stock",nasdaqtrader:Q:JKHY,common_equity,eligible,Q,,155.08,,210888720.7481746,3.1665779670037475,6.335710367526071,-10.544531610521457,-5.490889146200251,19.48078920041536,31.355896019959296,,,False,,276.0,,2026-08-10,,full,"{""as_of"": ""2026-08-10"", ""listing_date"": null, ""reason_code"": ""valid_trading_sessions"", ""status"": ""full"", ""valid_trading_sessions"": 276}","[""l1.csv""]",[],64.8702,ranked,full,100.0,True,True,False
GNRC,Generac Holdlings Inc. Common Stock,nasdaqtrader:N:GNRC,common_equity,eligible,N,,206.09,,245279153.44809523,-11.904761904761907,-23.50321071972088,12.292268294011887,6.495452666391066,30.26663057454152,54.4824305064502,,,False,,276.0,,2026-08-10,,full,"{""as_of"": ""2026-08-10"", ""listing_date"": null, ""reason_code"": ""valid_trading_sessions"", ""status"": ""full"", ""valid_trading_sessions"": 276}","[""l1.csv""]",[],64.8689,ranked,full,100.0,True,True,False
OXY,Occidental Petroleum Corporation Common Stock,nasdaqtrader:N:OXY,common_equity,eligible,N,,58.65,,552550707.4684128,10.890527509926251,10.597774844427676,26.646512632260833,34.549208534067446,11.458333333333325,39.25504147187905,,,False,,276.0,,2026-08-10,,full,"{""as_of"": ""2026-08-10"", ""listing_date"": null, ""reason_code"": ""valid_trading_sessions"", ""status"": ""full"", ""valid_trading_sessions"": 276}","[""l1.csv""]",[],64.8646,ranked,full,100.0,True,True,False
AMPX,"Amprius Technologies, Inc. Common Stock",nasdaqtrader:N:AMPX,common_equity,eligible,N,,11.81,,114698389.98777778,2.4284475281873386,-29.2814371257485,-3.5130718954248352,52.97927461139898,48.45045831514623,95.10385298209553,,,False,,276.0,,2026-08-10,,full,"{""as_of"": ""2026-08-10"", ""listing_date"": null, ""reason_code"": ""valid_trading_sessions"", ""status"": ""full"", ""valid_trading_sessions"": 276}","[""l1.csv""]",[],64.8533,ranked,full,100.0,True,True,False
MCO,Moody's Corporation Common Stock,nasdaqtrader:N:MCO,common_equity,eligible,N,,478.14,,458350944.72555554,-1.8757182728615929,5.942568465833564,5.668633560962677,-6.987511185464723,11.391560571523884,29.787615815829394,,,False,,276.0,,2026-08-10,,full,"{""as_of"": ""2026-08-10"", ""listing_date"": null, ""reason_code"": ""valid_trading_sessions"", ""status"": ""full"", ""valid_trading_sessions"": 276}","[""l1.csv""]",[],64.8479,ranked,full,100.0,True,True,False
VICR,Vicor Corporation - Common Stock,nasdaqtrader:Q:VICR,common_equity,eligible,Q,,208.81,,248627154.15452382,-23.245726888439634,-18.5830701446563,30.612372552699064,353.7375054324206,45.0181684132919,113.82577212375611,,,False,,276.0,,2026-08-10,,full,"{""as_of"": ""2026-08-10"", ""listing_date"": null, ""reason_code"": ""valid_trading_sessions"", ""status"": ""full"", ""valid_trading_sessions"": 276}","[""l1.csv""]",[],64.8321,ranked,full,100.0,True,True,False
RACE,Ferrari N.V. Common Shares,nasdaqtrader:N:RACE,common_equity,eligible,N,,406.77,,212968489.99857143,7.9996813933729705,19.74741676234213,21.864046256628413,-9.340732816261033,19.306076295899544,29.48308024767482,,,False,,276.0,,2026-08-10,,full,"{""as_of"": ""2026-08-10"", ""listing_date"": null, ""reason_code"": ""valid_trading_sessions"", ""status"": ""full"", ""valid_trading_sessions"": 276}","[""l1.csv""]",[],64.8265,ranked,full,100.0,True,True,False
BEAM,Beam Therapeutics Inc. - Common Stock,nasdaqtrader:Q:BEAM,common_equity,eligible,Q,,27.28,,67954152.10603175,-16.523867809057524,-15.594059405940596,2.865761689291113,52.74356103023516,28.059071729957807,63.70800662913876,,,False,,276.0,,2026-08-10,,full,"{""as_of"": ""2026-08-10"", ""listing_date"": null, ""reason_code"": ""valid_trading_sessions"", ""status"": ""full"", ""valid_trading_sessions"": 276}","[""l1.csv""]",[],64.8245,ranked,full,100.0,True,True,False
DOCU,"DocuSign, Inc. - Common Stock",nasdaqtrader:Q:DOCU,common_equity,eligible,Q,,59.64,,185911389.77047616,21.268808458723054,24.509394572025055,26.543602800763843,-15.380249716231564,29.843547817903783,51.78075129623634,,,False,,276.0,,2026-08-10,,full,"{""as_of"": ""2026-08-10"", ""listing_date"": null, ""reason_code"": ""valid_trading_sessions"", ""status"": ""full"", ""valid_trading_sessions"": 276}","[""l1.csv""]",[],64.8125,ranked,full,100.0,True,True,False
SE,"Sea Limited American Depositary Shares, each representing one Class A Ordinary Share",nasdaqtrader:N:SE,adr,eligible,N,,114.8,,446138964.4615873,3.2931437826165144,32.36481033091201,5.767459001289832,-22.880558914416238,41.57760814249364,41.57947410384249,,,False,,276.0,,2026-08-10,,full,"{""as_of"": ""2026-08-10"", ""listing_date"": null, ""reason_code"": ""valid_trading_sessions"", ""status"": ""full"", ""valid_trading_sessions"": 276}","[""l1.csv""]",[],64.8115,ranked,full,100.0,True,True,False
NXPI,NXP Semiconductors N.V. - Common Stock,nasdaqtrader:Q:NXPI,common_equity,eligible,Q,,233.43,,1211710128.9949207,-20.12933689180866,-20.804071246819333,4.061162624821679,13.365062405905492,29.831364415186222,48.202262788757636,,,False,,276.0,,2026-08-10,,full,"{""as_of"": ""2026-08-10"", ""listing_date"": null, ""reason_code"": ""valid_trading_sessions"", ""status"": ""full"", ""valid_trading_sessions"": 276}","[""l1.csv""]",[],64.8108,ranked,full,100.0,True,True,False
XPO,"XPO, Inc. Common Stock",nasdaqtrader:N:XPO,common_equity,eligible,N,,200.48,,291992142.0061905,-3.5597460073119147,-1.9657701711491504,-1.5372525907372037,66.5392922412361,12.212637386697034,33.107624724658606,,,False,,276.0,,2026-08-10,,full,"{""as_of"": ""2026-08-10"", ""listing_date"": null, ""reason_code"": ""valid_trading_sessions"", ""status"": ""full"", ""valid_trading_sessions"": 276}","[""l1.csv""]",[],64.8032,ranked,full,100.0,True,True,False
FORM,"FormFactor, Inc. - Common Stock",nasdaqtrader:Q:FORM,common_equity,eligible,Q,,112.47,,226490668.3376984,-4.29714091218516,-23.93994725096369,24.565289622328045,301.9656897784132,29.675483023822924,129.4399035486315,,,False,,276.0,,2026-08-10,,full,"{""as_of"": ""2026-08-10"", ""listing_date"": null, ""reason_code"": ""valid_trading_sessions"", ""status"": ""full"", ""valid_trading_sessions"": 276}","[""l1.csv""]",[],64.7901,ranked,full,100.0,True,True,False
ROK,"Rockwell Automation, Inc. Common Stock",nasdaqtrader:N:ROK,common_equity,eligible,N,,435.22,,383726345.1163492,-7.815809539947471,-4.1133314239132694,4.867235313960783,30.857812922817907,12.090975195927921,34.93011521820413,,,False,,276.0,,2026-08-10,,full,"{""as_of"": ""2026-08-10"", ""listing_date"": null, ""reason_code"": ""valid_trading_sessions"", ""status"": ""full"", ""valid_trading_sessions"": 276}","[""l1.csv""]",[],64.7727,ranked,full,100.0,True,True,False
TMUS,"T-Mobile US, Inc. - Common Stock",nasdaqtrader:Q:TMUS,common_equity,eligible,Q,,178.2,,984911824.9596826,-5.0157241085230115,-7.968806486598156,-9.721870408835297,-26.645535751039397,31.199567584263153,52.42154707217429,,,False,,276.0,,2026-08-10,,full,"{""as_of"": ""2026-08-10"", ""listing_date"": null, ""reason_code"": ""valid_trading_sessions"", ""status"": ""full"", ""valid_trading_sessions"": 276}","[""l1.csv""]",[],64.7433,ranked,full,100.0,True,True,False
SEI,"Solaris Energy Infrastructure, Inc. Class A Common Stock",nasdaqtrader:N:SEI,common_equity,eligible,N,,58.6,,192612098.37365082,-18.12211820595221,-19.682017543859644,13.609926328034128,91.4407056517478,29.295366795366796,98.78992497478754,,,False,,276.0,,2026-08-10,,full,"{""as_of"": ""2026-08-10"", ""listing_date"": null, ""reason_code"": ""valid_trading_sessions"", ""status"": ""full"", ""valid_trading_sessions"": 276}","[""l1.csv""]",[],64.7394,ranked,full,100.0,True,True,False
GGAL,"Grupo Financiero Galicia S.A. - American Depositary Shares, Class B Shares underlying",nasdaqtrader:Q:GGAL,adr,eligible,Q,,46.42,,56632166.58365079,-13.605062348780939,10.629170638703522,-5.975288636823972,-10.038759689922482,23.63875637440368,52.78921004783651,,,False,,276.0,,2026-08-10,,full,"{""as_of"": ""2026-08-10"", ""listing_date"": null, ""reason_code"": ""valid_trading_sessions"", ""status"": ""full"", ""valid_trading_sessions"": 276}","[""l1.csv""]",[],64.7352,ranked,full,100.0,True,True,False
ERIC,Ericsson - American Depositary Shares each representing 1 underlying Class B share,nasdaqtrader:Q:ERIC,adr,eligible,Q,,9.98,,139836215.35333332,-12.070484581497787,-15.993265993265993,-10.573476702508955,33.06666666666666,27.365356622998537,52.54973595428982,,,False,,276.0,,2026-08-10,,full,"{""as_of"": ""2026-08-10"", ""listing_date"": null, ""reason_code"": ""valid_trading_sessions"", ""status"": ""full"", ""valid_trading_sessions"": 276}","[""l1.csv""]",[],64.732,ranked,full,100.0,True,True,False
LMT,Lockheed Martin Corporation Common Stock,nasdaqtrader:N:LMT,common_equity,eligible,N,,603.16,,670820857.2714286,15.278467948472896,19.081558113364004,-3.274639982039207,40.02553685432384,10.867444953450578,37.231547862277246,,,False,,276.0,,2026-08-10,,full,"{""as_of"": ""2026-08-10"", ""listing_date"": null, ""reason_code"": ""valid_trading_sessions"", ""status"": ""full"", ""valid_trading_sessions"": 276}","[""l1.csv""]",[],64.7169,ranked,full,100.0,True,True,False
EFX,"Equifax, Inc. Common Stock",nasdaqtrader:N:EFX,common_equity,eligible,N,,181.04,,290353273.45793647,8.771929824561408,2.9630893476653375,-7.453225641549954,-25.165343915343918,30.98768726413296,46.02523833430723,,,False,,276.0,,2026-08-10,,full,"{""as_of"": ""2026-08-10"", ""listing_date"": null, ""reason_code"": ""valid_trading_sessions"", ""status"": ""full"", ""valid_trading_sessions"": 276}","[""l1.csv""]",[],64.715,ranked,full,100.0,True,True,False
PCG,Pacific Gas & Electric Co. Common Stock,nasdaqtrader:N:PCG,common_equity,eligible,N,,17.04,,343933410.96031743,-0.7571345369831284,6.036092097075296,3.9024390243902474,13.222591362126245,10.832025117739407,26.148805675046884,,,False,,276.0,,2026-08-10,,full,"{""as_of"": ""2026-08-10"", ""listing_date"": null, ""reason_code"": ""valid_trading_sessions"", ""status"": ""full"", ""valid_trading_sessions"": 276}","[""l1.csv""]",[],64.708,ranked,full,100.0,True,True,False
ONON,On Holding AG Class A Ordinary Shares,nasdaqtrader:N:ONON,common_equity,eligible,N,,38.78,,201593692.36507937,0.6227296315516329,10.045402951191829,-10.789049919484695,-14.127546501328602,23.4050957930081,39.14296313038337,,,False,,276.0,,2026-08-10,,full,"{""as_of"": ""2026-08-10"", ""listing_date"": null, ""reason_code"": ""valid_trading_sessions"", ""status"": ""full"", ""valid_trading_sessions"": 276}","[""l1.csv""]",[],64.704,ranked,full,100.0,True,True,False
JBHT,"J.B. Hunt Transport Services, Inc. - Common Stock",nasdaqtrader:Q:JBHT,common_equity,eligible,Q,,266.14,,281598214.024127,-4.936419488498355,8.451507742461285,16.774165240665173,89.65296087793058,10.813980764719687,33.32724131102212,,,False,,276.0,,2026-08-10,,full,"{""as_of"": ""2026-08-10"", ""listing_date"": null, ""reason_code"": ""valid_trading_sessions"", ""status"": ""full"", ""valid_trading_sessions"": 276}","[""l1.csv""]",[],64.7035,ranked,full,100.0,True,True,False
SNDK,Sandisk Corporation - Common Stock When-Issued,nasdaqtrader:Q:SNDK,common_equity,eligible,Q,,1237.92,,21655865366.12746,-35.38769886007766,-20.76500633664886,107.02734342336315,2942.3199803391503,46.98415417558886,149.25119293377068,,,False,,276.0,,2026-08-10,,full,"{""as_of"": ""2026-08-10"", ""listing_date"": null, ""reason_code"": ""valid_trading_sessions"", ""status"": ""full"", ""valid_trading_sessions"": 276}","[""l1.csv""]",[],64.7011,ranked,full,100.0,True,True,False
HII,"Huntington Ingalls Industries, Inc. Common Stock",nasdaqtrader:N:HII,common_equity,eligible,N,,330.81,,157644139.23,15.631444650284877,4.594030605792354,-16.833848706538944,24.154625633327086,27.091001256253723,51.05402780198236,,,False,,276.0,,2026-08-10,,full,"{""as_of"": ""2026-08-10"", ""listing_date"": null, ""reason_code"": ""valid_trading_sessions"", ""status"": ""full"", ""valid_trading_sessions"": 276}","[""l1.csv""]",[],64.6955,ranked,full,100.0,True,True,False
SAIA,"Saia, Inc. - Common Stock",nasdaqtrader:Q:SAIA,common_equity,eligible,Q,,355.77,,185517147.62031746,-15.457915498312824,-20.904846598488223,-14.36720743272517,25.13893774182201,26.967606848134007,48.17179893017708,,,False,,276.0,,2026-08-10,,full,"{""as_of"": ""2026-08-10"", ""listing_date"": null, ""reason_code"": ""valid_trading_sessions"", ""status"": ""full"", ""valid_trading_sessions"": 276}","[""l1.csv""]",[],64.679,ranked,full,100.0,True,True,False
ABG,Asbury Automotive Group Inc Common Stock,nasdaqtrader:N:ABG,common_equity,eligible,N,,210.76,,54092685.26666667,-0.570835495589006,5.174908927591204,-6.416233737400656,-5.9065136836465975,18.625482625482626,42.90108526096665,,,False,,276.0,,2026-08-10,,full,"{""as_of"": ""2026-08-10"", ""listing_date"": null, ""reason_code"": ""valid_trading_sessions"", ""status"": ""full"", ""valid_trading_sessions"": 276}","[""l1.csv""]",[],64.6564,ranked,full,100.0,True,True,False
TLN,Talen Energy Corporation - Common Stock,nasdaqtrader:Q:TLN,common_equity,eligible,Q,,343.19,,309936109.8657143,-11.044582685329186,-11.175815927737665,-0.5246376811594233,-8.623994887906704,23.023954781984568,54.40608687447307,,,False,,276.0,,2026-08-10,,full,"{""as_of"": ""2026-08-10"", ""listing_date"": null, ""reason_code"": ""valid_trading_sessions"", ""status"": ""full"", ""valid_trading_sessions"": 276}","[""l1.csv""]",[],64.6532,ranked,full,100.0,True,True,False
ONTO,Onto Innovation Inc. Common Stock,nasdaqtrader:N:ONTO,common_equity,eligible,N,,291.35,,388425983.83174604,-9.361000497760074,2.346576737977313,39.73621103117506,214.36124298662062,23.014929316950717,111.69136182897905,,,False,,276.0,,2026-08-10,,full,"{""as_of"": ""2026-08-10"", ""listing_date"": null, ""reason_code"": ""valid_trading_sessions"", ""status"": ""full"", ""valid_trading_sessions"": 276}","[""l1.csv""]",[],64.652,ranked,full,100.0,True,True,False
KKR,KKR & Co. Inc. Common Stock,nasdaqtrader:N:KKR,common_equity,eligible,N,,103.83,,439211619.76111114,7.107489168557879,1.277799453765116,0.6104651162790686,-26.97798720022505,30.474085978304544,34.64461910900948,,,False,,276.0,,2026-08-10,,full,"{""as_of"": ""2026-08-10"", ""listing_date"": null, ""reason_code"": ""valid_trading_sessions"", ""status"": ""full"", ""valid_trading_sessions"": 276}","[""l1.csv""]",[],64.6465,ranked,full,100.0,True,True,False
IONS,"Ionis Pharmaceuticals, Inc. - Common Stock",nasdaqtrader:Q:IONS,common_equity,eligible,Q,,56.94,,185669569.05380952,-2.2489270386266136,-24.791969356756038,-34.173410404624285,38.7088915956151,34.173410404624285,90.33564964632737,,,False,,276.0,,2026-08-10,,full,"{""as_of"": ""2026-08-10"", ""listing_date"": null, ""reason_code"": ""valid_trading_sessions"", ""status"": ""full"", ""valid_trading_sessions"": 276}","[""l1.csv""]",[],64.6398,ranked,full,100.0,True,True,False
LNG,"Cheniere Energy, Inc. Common Stock",nasdaqtrader:N:LNG,common_equity,eligible,N,,265.68,,511875993.9009524,2.7219300958861714,10.649285744033987,24.668011824879166,12.925574871424317,10.51833889057291,35.50902330923266,,,False,,276.0,,2026-08-10,,full,"{""as_of"": ""2026-08-10"", ""listing_date"": null, ""reason_code"": ""valid_trading_sessions"", ""status"": ""full"", ""valid_trading_sessions"": 276}","[""l1.csv""]",[],64.6296,ranked,full,100.0,True,True,False
WPM,Wheaton Precious Metals Corp Common Shares (Canada),nasdaqtrader:N:WPM,common_equity,eligible,N,,133.39,,239533601.91079363,21.208541572012706,-3.932301044292408,-1.9046918664509471,33.670708487824406,19.508810041033076,46.314325011953564,,,False,,276.0,,2026-08-10,,full,"{""as_of"": ""2026-08-10"", ""listing_date"": null, ""reason_code"": ""valid_trading_sessions"", ""status"": ""full"", ""valid_trading_sessions"": 276}","[""l1.csv""]",[],64.6272,ranked,full,100.0,True,True,False
LDOS,"Leidos Holdings, Inc. Common Stock",nasdaqtrader:N:LDOS,common_equity,eligible,N,,139.1,,192506292.06444442,29.975705475612035,6.909538083160394,-27.92372661795949,-20.636731899355286,30.293159609120522,43.84584405643792,,,False,,276.0,,2026-08-10,,full,"{""as_of"": ""2026-08-10"", ""listing_date"": null, ""reason_code"": ""valid_trading_sessions"", ""status"": ""full"", ""valid_trading_sessions"": 276}","[""l1.csv""]",[],64.6224,ranked,full,100.0,True,True,False
HL,Hecla Mining Company Common Stock,nasdaqtrader:N:HL,common_equity,eligible,N,,17.55,,481304270.90238094,10.935524652338824,-5.695862439548627,-22.92490118577075,143.07479224376732,44.82867022948758,62.73394858943456,,,False,,276.0,,2026-08-10,,full,"{""as_of"": ""2026-08-10"", ""listing_date"": null, ""reason_code"": ""valid_trading_sessions"", ""status"": ""full"", ""valid_trading_sessions"": 276}","[""l1.csv""]",[],64.5948,ranked,full,100.0,True,True,False
VRT,"Vertiv Holdings, LLC Class A Common Stock",nasdaqtrader:N:VRT,common_equity,eligible,N,,270.1,,1940814797.2231746,-15.291977670450974,-20.55181339529959,38.10205542489007,93.77286749408138,28.208808441644738,84.22212228220235,,,False,,276.0,,2026-08-10,,full,"{""as_of"": ""2026-08-10"", ""listing_date"": null, ""reason_code"": ""valid_trading_sessions"", ""status"": ""full"", ""valid_trading_sessions"": 276}","[""l1.csv""]",[],64.5945,ranked,full,100.0,True,True,False
CVNA,Carvana Co. Class A Common Stock,nasdaqtrader:N:CVNA,common_equity,eligible,N,,74.16,,721815020.3030158,12.653805255962336,-4.84988452655889,-8.138238573021194,3.647798742138364,22.499738739680218,58.13786460658851,,,False,,276.0,,2026-08-10,,full,"{""as_of"": ""2026-08-10"", ""listing_date"": null, ""reason_code"": ""valid_trading_sessions"", ""status"": ""full"", ""valid_trading_sessions"": 276}","[""l1.csv""]",[],64.5833,ranked,full,100.0,True,True,False
VKTX,"Viking Therapeutics, Inc. - Common Stock",nasdaqtrader:Q:VKTX,common_equity,eligible,Q,,34.44,,77748854.75841269,-11.374163664436443,9.9265879348867,21.097046413502095,-3.149606299212615,18.25302634702114,51.770232303541796,,,False,,276.0,,2026-08-10,,full,"{""as_of"": ""2026-08-10"", ""listing_date"": null, ""reason_code"": ""valid_trading_sessions"", ""status"": ""full"", ""valid_trading_sessions"": 276}","[""l1.csv""]",[],64.5633,ranked,full,100.0,True,True,False
UTHR,United Therapeutics Corporation - Common Stock,nasdaqtrader:Q:UTHR,common_equity,eligible,Q,,529.66,,277172811.6804762,-3.180638321207907,-6.244910963996187,9.127245755727698,76.89533097321485,11.244051209866612,20.73976995573068,,,False,,276.0,,2026-08-10,,full,"{""as_of"": ""2026-08-10"", ""listing_date"": null, ""reason_code"": ""valid_trading_sessions"", ""status"": ""full"", ""valid_trading_sessions"": 276}","[""l1.csv""]",[],64.561,ranked,full,100.0,True,True,False
NXE,Nexgen Energy Ltd. Common Shares,nasdaqtrader:N:NXE,common_equity,eligible,N,,10.3,,57832260.10793651,6.514994829369192,-15.156507413509058,-6.702898550724623,47.56446991404011,26.005747126436773,48.432838825283476,,,False,,276.0,,2026-08-10,,full,"{""as_of"": ""2026-08-10"", ""listing_date"": null, ""reason_code"": ""valid_trading_sessions"", ""status"": ""full"", ""valid_trading_sessions"": 276}","[""l1.csv""]",[],64.5508,ranked,full,100.0,True,True,False
EQX,Equinox Gold Corp. Common Shares,nasdaqtrader:A:EQX,common_equity,eligible,A,,11.59,,148846521.49269843,18.75,-18.894331700489854,-20.398351648351653,76.94656488549619,38.219616204690844,57.024679358956654,,,False,,276.0,,2026-08-10,,full,"{""as_of"": ""2026-08-10"", ""listing_date"": null, ""reason_code"": ""valid_trading_sessions"", ""status"": ""full"", ""valid_trading_sessions"": 276}","[""l1.csv""]",[],64.5354,ranked,full,100.0,True,True,False
MOH,Molina Healthcare Inc Common Stock,nasdaqtrader:N:MOH,common_equity,eligible,N,,198.84,,241088181.4795238,-14.774334576314773,6.937721845756695,50.956574552080184,28.28387096774194,18.132411067193676,40.207117971463965,,,False,,276.0,,2026-08-10,,full,"{""as_of"": ""2026-08-10"", ""listing_date"": null, ""reason_code"": ""valid_trading_sessions"", ""status"": ""full"", ""valid_trading_sessions"": 276}","[""l1.csv""]",[],64.5331,ranked,full,100.0,True,True,False
GTLB,GitLab Inc. - Class A Common Stock,nasdaqtrader:Q:GTLB,common_equity,eligible,Q,,40.73,,169205394.1076984,25.632325724861182,56.77444187836795,26.766262060379688,-2.091346153846163,20.19984326018809,53.36076628167149,,,False,,276.0,,2026-08-10,,full,"{""as_of"": ""2026-08-10"", ""listing_date"": null, ""reason_code"": ""valid_trading_sessions"", ""status"": ""full"", ""valid_trading_sessions"": 276}","[""l1.csv""]",[],64.5266,ranked,full,100.0,True,True,False
MTDR,Matador Resources Company Common Stock,nasdaqtrader:N:MTDR,common_equity,eligible,N,,52.23,,98460839.65777777,1.7335410985586108,-5.483170466883824,10.306230200633571,13.346354166666675,20.198624904507266,48.158194209958324,,,False,,276.0,,2026-08-10,,full,"{""as_of"": ""2026-08-10"", ""listing_date"": null, ""reason_code"": ""valid_trading_sessions"", ""status"": ""full"", ""valid_trading_sessions"": 276}","[""l1.csv""]",[],64.5265,ranked,full,100.0,True,True,False
KVUE,Kenvue Inc. Common Stock,nasdaqtrader:N:KVUE,common_equity,eligible,N,,19.03,,391619861.6363492,-2.31006160164271,8.186469584991475,4.9641478212906875,-12.545955882352944,13.105022831050217,23.427780707661963,,,False,,276.0,,2026-08-10,,full,"{""as_of"": ""2026-08-10"", ""listing_date"": null, ""reason_code"": ""valid_trading_sessions"", ""status"": ""full"", ""valid_trading_sessions"": 276}","[""l1.csv""]",[],64.5263,ranked,full,100.0,True,True,False
UBER,"Uber Technologies, Inc. Common Stock",nasdaqtrader:N:UBER,common_equity,eligible,N,,78.03,,1490933044.9928572,4.682049906090691,3.4194831013916405,4.360037448174414,-15.797992877954027,22.047952047952045,43.125845996463106,,,False,,276.0,,2026-08-10,,full,"{""as_of"": ""2026-08-10"", ""listing_date"": null, ""reason_code"": ""valid_trading_sessions"", ""status"": ""full"", ""valid_trading_sessions"": 276}","[""l1.csv""]",[],64.5231,ranked,full,100.0,True,True,False
AZO,"AutoZone, Inc. Common Stock",nasdaqtrader:N:AZO,common_equity,eligible,N,,3067.99,,1087135865.1047618,-0.15133565923766135,-12.247618121440773,-16.659241672688164,-24.439885428031715,29.545026569970656,35.691409627842965,,,False,,276.0,,2026-08-10,,full,"{""as_of"": ""2026-08-10"", ""listing_date"": null, ""reason_code"": ""valid_trading_sessions"", ""status"": ""full"", ""valid_trading_sessions"": 276}","[""l1.csv""]",[],64.5227,ranked,full,100.0,True,True,False
SU,Suncor Energy  Inc. Common Stock,nasdaqtrader:N:SU,common_equity,eligible,N,,62.73,,278311475.3395238,5.873417721518992,-1.9996875488205057,16.598513011152427,60.72252113758645,10.038720780152023,33.348121471130064,,,False,,276.0,,2026-08-10,,full,"{""as_of"": ""2026-08-10"", ""listing_date"": null, ""reason_code"": ""valid_trading_sessions"", ""status"": ""full"", ""valid_trading_sessions"": 276}","[""l1.csv""]",[],64.5097,ranked,full,100.0,True,True,False
DXC,DXC Technology Company Common Stock,nasdaqtrader:N:DXC,common_equity,eligible,N,,10.91,,50995656.11539683,17.060085836909877,15.694591728525985,-28.22368421052631,-17.660377358490564,29.293583927414126,55.9877760185283,,,False,,276.0,,2026-08-10,,full,"{""as_of"": ""2026-08-10"", ""listing_date"": null, ""reason_code"": ""valid_trading_sessions"", ""status"": ""full"", ""valid_trading_sessions"": 276}","[""l1.csv""]",[],64.4891,ranked,full,100.0,True,True,False
AXON,"Axon Enterprise, Inc. - Common Stock",nasdaqtrader:Q:AXON,common_equity,eligible,Q,,596.33,,538098178.4484127,5.395899611170041,47.774693958467566,43.971511347175294,-31.532658989402616,29.218991097922842,85.98386359889119,,,False,,276.0,,2026-08-10,,full,"{""as_of"": ""2026-08-10"", ""listing_date"": null, ""reason_code"": ""valid_trading_sessions"", ""status"": ""full"", ""valid_trading_sessions"": 276}","[""l1.csv""]",[],64.4792,ranked,full,100.0,True,True,False
TARS,"Tarsus Pharmaceuticals, Inc. - Common Stock",nasdaqtrader:Q:TARS,common_equity,eligible,Q,,67.76,,60068669.63,16.54626762985898,10.700865871589627,4.859176725471981,41.31386861313868,17.876621015634463,61.80641522364897,,,False,,276.0,,2026-08-10,,full,"{""as_of"": ""2026-08-10"", ""listing_date"": null, ""reason_code"": ""valid_trading_sessions"", ""status"": ""full"", ""valid_trading_sessions"": 276}","[""l1.csv""]",[],64.4692,ranked,full,100.0,True,True,False
NKE,"Nike, Inc. Common Stock",nasdaqtrader:N:NKE,common_equity,eligible,N,,42.11,,1005727803.4519048,-5.093531665539775,-4.599003171726324,-34.12077596996246,-43.36247478143913,46.810660603764056,32.8390671436502,,,False,,276.0,,2026-08-10,,full,"{""as_of"": ""2026-08-10"", ""listing_date"": null, ""reason_code"": ""valid_trading_sessions"", ""status"": ""full"", ""valid_trading_sessions"": 276}","[""l1.csv""]",[],64.4626,ranked,full,100.0,True,True,False
WCN,"Waste Connections, Inc. Common Shares",nasdaqtrader:N:WCN,common_equity,eligible,N,,166.22,,261337089.7579365,-2.8350967440229136,9.484916348307216,-1.761229314420798,-11.618014569043433,12.782033791583592,22.31938624495405,,,False,,276.0,,2026-08-10,,full,"{""as_of"": ""2026-08-10"", ""listing_date"": null, ""reason_code"": ""valid_trading_sessions"", ""status"": ""full"", ""valid_trading_sessions"": 276}","[""l1.csv""]",[],64.4455,ranked,full,100.0,True,True,False
LEA,Lear Corporation Common Stock,nasdaqtrader:N:LEA,common_equity,eligible,N,,120.87,,92177627.63174604,-11.216394887615678,-13.472689526809356,-14.246186590989707,25.880024994792763,18.7046004842615,46.21953508664008,,,False,,276.0,,2026-08-10,,full,"{""as_of"": ""2026-08-10"", ""listing_date"": null, ""reason_code"": ""valid_trading_sessions"", ""status"": ""full"", ""valid_trading_sessions"": 276}","[""l1.csv""]",[],64.4262,ranked,full,100.0,True,True,False
MRSH,Marsh Common Stock,nasdaqtrader:N:MRSH,common_equity,eligible,N,,190.79,,470035237.76539683,6.999046604228587,16.86983154670749,3.113008701291675,-6.15808371452462,9.66810283603997,31.193827675039525,,,False,,276.0,,2026-08-10,,full,"{""as_of"": ""2026-08-10"", ""listing_date"": null, ""reason_code"": ""valid_trading_sessions"", ""status"": ""full"", ""valid_trading_sessions"": 276}","[""l1.csv""]",[],64.417,ranked,full,100.0,True,True,False
AGI,Alamos Gold Inc. Class A Common Shares,nasdaqtrader:N:AGI,common_equity,eligible,N,,33.19,,148752614.21015874,12.66123557365919,-23.49008759797142,-17.376151356733892,25.815011372251707,40.01445870233147,47.425159932115086,,,False,,276.0,,2026-08-10,,full,"{""as_of"": ""2026-08-10"", ""listing_date"": null, ""reason_code"": ""valid_trading_sessions"", ""status"": ""full"", ""valid_trading_sessions"": 276}","[""l1.csv""]",[],64.4157,ranked,full,100.0,True,True,False
IT,"Gartner, Inc. Common Stock",nasdaqtrader:N:IT,common_equity,eligible,N,,193.17,,240780742.23,44.97898528970276,21.75858808698392,23.565534446363444,-15.899690887718233,26.854481426786325,82.26571013570839,,,False,,276.0,,2026-08-10,,full,"{""as_of"": ""2026-08-10"", ""listing_date"": null, ""reason_code"": ""valid_trading_sessions"", ""status"": ""full"", ""valid_trading_sessions"": 276}","[""l1.csv""]",[],64.4139,ranked,full,100.0,True,True,False
SAP,SAP  SE ADS,nasdaqtrader:N:SAP,adr,eligible,N,,208.55,,541011771.6963491,32.11073102749271,20.063327576280955,2.5622110750467275,-29.415149258782904,28.608106257702314,47.17246615746911,,,False,,276.0,,2026-08-10,,full,"{""as_of"": ""2026-08-10"", ""listing_date"": null, ""reason_code"": ""valid_trading_sessions"", ""status"": ""full"", ""valid_trading_sessions"": 276}","[""l1.csv""]",[],64.3977,ranked,full,100.0,True,True,False
BTG,B2Gold Corp Common shares (Canada),nasdaqtrader:A:BTG,common_equity,eligible,A,,5.06,,97238727.41650793,31.428571428571406,-4.528301886792452,0.0,32.11488250652741,18.518518518518523,73.33897427174483,,,False,,276.0,,2026-08-10,,full,"{""as_of"": ""2026-08-10"", ""listing_date"": null, ""reason_code"": ""valid_trading_sessions"", ""status"": ""full"", ""valid_trading_sessions"": 276}","[""l1.csv""]",[],64.3796,ranked,full,100.0,True,True,False
RSG,"Republic Services, Inc. Common Stock",nasdaqtrader:N:RSG,common_equity,eligible,N,,214.62,,344814957.0314286,-2.0894160583941557,7.299270072992692,-2.4188415022278753,-8.916521665322751,9.454499430451834,24.50606189466924,,,False,,276.0,,2026-08-10,,full,"{""as_of"": ""2026-08-10"", ""listing_date"": null, ""reason_code"": ""valid_trading_sessions"", ""status"": ""full"", ""valid_trading_sessions"": 276}","[""l1.csv""]",[],64.3636,ranked,full,100.0,True,True,False
ADP,"Automatic Data Processing, Inc. - Common Stock",nasdaqtrader:Q:ADP,common_equity,eligible,Q,,273.675,,641990226.0063492,13.126240079365093,28.488931665062566,18.289678423236523,-9.824046920821116,11.440636831375583,33.78261836868779,,,False,,276.0,,2026-08-10,,full,"{""as_of"": ""2026-08-10"", ""listing_date"": null, ""reason_code"": ""valid_trading_sessions"", ""status"": ""full"", ""valid_trading_sessions"": 276}","[""l1.csv""]",[],64.3602,ranked,full,100.0,True,True,False
XYL,Xylem Inc. Common Stock New,nasdaqtrader:N:XYL,common_equity,eligible,N,,121.19,,224283920.22650793,-0.024748391354567634,6.559395058471806,-14.726991274978896,-15.5352662391971,20.76495586793069,29.044405088987148,,,False,,276.0,,2026-08-10,,full,"{""as_of"": ""2026-08-10"", ""listing_date"": null, ""reason_code"": ""valid_trading_sessions"", ""status"": ""full"", ""valid_trading_sessions"": 276}","[""l1.csv""]",[],64.352,ranked,full,100.0,True,True,False
KGS,"Kodiak Gas Services, Inc. Common Stock",nasdaqtrader:N:KGS,common_equity,eligible,N,,61.5,,139632722.96698412,-9.345518867924529,-11.701363962670507,23.221799238629547,93.27467001885606,19.36541235085879,54.143466639325744,,,False,,276.0,,2026-08-10,,full,"{""as_of"": ""2026-08-10"", ""listing_date"": null, ""reason_code"": ""valid_trading_sessions"", ""status"": ""full"", ""valid_trading_sessions"": 276}","[""l1.csv""]",[],64.3414,ranked,full,100.0,True,True,False
EXE,Expand Energy Corporation - Common Stock,nasdaqtrader:Q:EXE,common_equity,eligible,Q,,97.56,,330960639.57380956,11.816618911174782,1.6885553470919357,-11.606414786626807,-2.4497550244975574,20.61192936772723,33.456428675377694,,,False,,276.0,,2026-08-10,,full,"{""as_of"": ""2026-08-10"", ""listing_date"": null, ""reason_code"": ""valid_trading_sessions"", ""status"": ""full"", ""valid_trading_sessions"": 276}","[""l1.csv""]",[],64.3316,ranked,full,100.0,True,True,False
ABT,Abbott Laboratories Common Stock,nasdaqtrader:N:ABT,common_equity,eligible,N,,108.62,,1170443393.8692062,15.639305866070474,28.81878557874764,-1.9940449336822152,-17.749507799485077,20.49480310349876,38.79608935563998,,,False,,276.0,,2026-08-10,,full,"{""as_of"": ""2026-08-10"", ""listing_date"": null, ""reason_code"": ""valid_trading_sessions"", ""status"": ""full"", ""valid_trading_sessions"": 276}","[""l1.csv""]",[],64.316,ranked,full,100.0,True,True,False
PLAB,"Photronics, Inc. - Common Stock",nasdaqtrader:Q:PLAB,common_equity,eligible,Q,,32.08,,51061189.07,7.290969899665556,-40.193885160328115,-13.856068743286798,62.18402426693628,41.630276564774384,56.11607959764089,,,False,,276.0,,2026-08-10,,full,"{""as_of"": ""2026-08-10"", ""listing_date"": null, ""reason_code"": ""valid_trading_sessions"", ""status"": ""full"", ""valid_trading_sessions"": 276}","[""l1.csv""]",[],64.308,ranked,full,100.0,True,True,False
ESTC,Elastic N.V. Ordinary Shares,nasdaqtrader:N:ESTC,common_equity,eligible,N,,76.32,,126427835.99174602,26.693227091633442,46.06698564593301,29.09336941813261,-0.06547073458165187,19.212448396316294,39.44544169649233,,,False,,276.0,,2026-08-10,,full,"{""as_of"": ""2026-08-10"", ""listing_date"": null, ""reason_code"": ""valid_trading_sessions"", ""status"": ""full"", ""valid_trading_sessions"": 276}","[""l1.csv""]",[],64.3031,ranked,full,100.0,True,True,False
EQT,EQT Corporation Common Stock,nasdaqtrader:N:EQT,common_equity,eligible,N,,54.08,,380367171.7766667,10.706243602865918,-3.359542530378845,-4.771966895580205,5.542544886807166,20.388635359929353,34.87421373896556,,,False,,276.0,,2026-08-10,,full,"{""as_of"": ""2026-08-10"", ""listing_date"": null, ""reason_code"": ""valid_trading_sessions"", ""status"": ""full"", ""valid_trading_sessions"": 276}","[""l1.csv""]",[],64.3018,ranked,full,100.0,True,True,False
DHI,"D.R. Horton, Inc. Common Stock",nasdaqtrader:N:DHI,common_equity,eligible,N,,146.66,,364359806.93285716,-3.245810792980619,-0.6570480254690758,-6.149612849555264,-4.698161024108128,20.31080199956531,35.19224935374697,,,False,,276.0,,2026-08-10,,full,"{""as_of"": ""2026-08-10"", ""listing_date"": null, ""reason_code"": ""valid_trading_sessions"", ""status"": ""full"", ""valid_trading_sessions"": 276}","[""l1.csv""]",[],64.2914,ranked,full,100.0,True,True,False
WMT,Walmart Inc. - Common Stock,nasdaqtrader:Q:WMT,common_equity,eligible,Q,,112.66,,2766101458.4444447,-1.0886742756804346,-13.624166219428059,-14.118005793566102,9.251357641582626,16.050670640834575,23.637124181491732,,,False,,276.0,,2026-08-10,,full,"{""as_of"": ""2026-08-10"", ""listing_date"": null, ""reason_code"": ""valid_trading_sessions"", ""status"": ""full"", ""valid_trading_sessions"": 276}","[""l1.csv""]",[],64.2627,ranked,full,100.0,True,True,False
RYN,Rayonier Inc. REIT Common Stock,nasdaqtrader:N:RYN,common_equity,eligible,N,,21.69,,56632746.346984126,1.9746121297602448,6.219392752203712,-3.4283170080142478,-15.962805114296774,19.992622648469194,26.197820829323316,,,False,,276.0,,2026-08-10,,full,"{""as_of"": ""2026-08-10"", ""listing_date"": null, ""reason_code"": ""valid_trading_sessions"", ""status"": ""full"", ""valid_trading_sessions"": 276}","[""l1.csv""]",[],64.2482,ranked,full,100.0,True,True,False
BP,BP p.l.c. Common Stock,nasdaqtrader:N:BP,common_equity,eligible,N,,42.88,,368686486.74079365,9.387755102040817,-1.0613751730503052,9.920533196616255,25.416788534659275,9.972706277556165,35.583327541234624,,,False,,276.0,,2026-08-10,,full,"{""as_of"": ""2026-08-10"", ""listing_date"": null, ""reason_code"": ""valid_trading_sessions"", ""status"": ""full"", ""valid_trading_sessions"": 276}","[""l1.csv""]",[],64.2432,ranked,full,100.0,True,True,False
MUR,Murphy Oil Corporation Common Stock,nasdaqtrader:N:MUR,common_equity,eligible,N,,35.49,,65303757.02047619,5.155555555555558,-4.029204975662504,10.526315789473696,55.249343832021005,16.963032288254563,55.9331541173684,,,False,,276.0,,2026-08-10,,full,"{""as_of"": ""2026-08-10"", ""listing_date"": null, ""reason_code"": ""valid_trading_sessions"", ""status"": ""full"", ""valid_trading_sessions"": 276}","[""l1.csv""]",[],64.2408,ranked,full,100.0,True,True,False
NRG,"NRG Energy, Inc. Common Stock",nasdaqtrader:N:NRG,common_equity,eligible,N,,118.91,,385458379.1204762,-15.318330722119356,-13.901962204040263,-22.443255935298723,-22.39263803680982,35.38553496712493,67.43932574866027,,,False,,276.0,,2026-08-10,,full,"{""as_of"": ""2026-08-10"", ""listing_date"": null, ""reason_code"": ""valid_trading_sessions"", ""status"": ""full"", ""valid_trading_sessions"": 276}","[""l1.csv""]",[],64.2243,ranked,full,100.0,True,True,False
YOU,"Clear Secure, Inc. Class A Common Stock",nasdaqtrader:N:YOU,common_equity,eligible,N,,51.21,,79596051.04412697,-7.261861644331757,-9.85741946840345,51.68838862559242,60.38208581271532,17.880051314945476,50.716209693386546,,,False,,276.0,,2026-08-10,,full,"{""as_of"": ""2026-08-10"", ""listing_date"": null, ""reason_code"": ""valid_trading_sessions"", ""status"": ""full"", ""valid_trading_sessions"": 276}","[""l1.csv""]",[],64.22,ranked,full,100.0,True,True,False
QURE,uniQure N.V. - Ordinary Shares,nasdaqtrader:Q:QURE,common_equity,eligible,Q,,46.06,,79312456.10650794,8.045977011494255,66.52205350686913,79.57115009746592,242.45353159851305,34.74996458421873,52.83793359710278,,,False,,276.0,,2026-08-10,,full,"{""as_of"": ""2026-08-10"", ""listing_date"": null, ""reason_code"": ""valid_trading_sessions"", ""status"": ""full"", ""valid_trading_sessions"": 276}","[""l1.csv""]",[],64.2167,ranked,full,100.0,True,True,False
KBH,KB Home Common Stock,nasdaqtrader:N:KBH,common_equity,eligible,N,,56.52,,67345891.1452381,0.35511363636364646,14.135702746365109,-7.253035772891359,-3.8284839203675314,16.84566720612034,35.02983808145608,,,False,,276.0,,2026-08-10,,full,"{""as_of"": ""2026-08-10"", ""listing_date"": null, ""reason_code"": ""valid_trading_sessions"", ""status"": ""full"", ""valid_trading_sessions"": 276}","[""l1.csv""]",[],64.2114,ranked,full,100.0,True,True,False
CNR,"Core Natural Resources, Inc. Common Stock",nasdaqtrader:N:CNR,common_equity,eligible,N,,94.16,,55738843.77936508,15.011603762061787,10.89388764574255,2.0815264527320076,24.00895561701566,16.841826371103075,43.0335980059734,,,False,,276.0,,2026-08-10,,full,"{""as_of"": ""2026-08-10"", ""listing_date"": null, ""reason_code"": ""valid_trading_sessions"", ""status"": ""full"", ""valid_trading_sessions"": 276}","[""l1.csv""]",[],64.2105,ranked,full,100.0,True,True,False
SPGI,S&P Global Inc. Common Stock,nasdaqtrader:N:SPGI,common_equity,eligible,N,,410.94,,956458915.9284127,-4.543554006968642,-2.185089974293064,-6.451466035330533,-26.50367535278021,27.157670832225467,31.94600681999356,,,False,,276.0,,2026-08-10,,full,"{""as_of"": ""2026-08-10"", ""listing_date"": null, ""reason_code"": ""valid_trading_sessions"", ""status"": ""full"", ""valid_trading_sessions"": 276}","[""l1.csv""]",[],64.2044,ranked,full,100.0,True,True,False
VIAV,Viavi Solutions Inc. - Common Stock,nasdaqtrader:Q:VIAV,common_equity,eligible,Q,,37.2,,321008328.56285715,-13.649025069637876,-27.35793790275336,41.01592115238819,266.1417322834646,32.76703415868425,84.11894876332279,,,False,,276.0,,2026-08-10,,full,"{""as_of"": ""2026-08-10"", ""listing_date"": null, ""reason_code"": ""valid_trading_sessions"", ""status"": ""full"", ""valid_trading_sessions"": 276}","[""l1.csv""]",[],64.2023,ranked,full,100.0,True,True,False
VFC,V.F. Corporation Common Stock,nasdaqtrader:N:VFC,common_equity,eligible,N,,14.9,,137139511.42285714,-11.150864639236724,-21.496311907270815,-26.74532940019665,23.65145228215768,30.8584686774942,68.98383035883326,,,False,,276.0,,2026-08-10,,full,"{""as_of"": ""2026-08-10"", ""listing_date"": null, ""reason_code"": ""valid_trading_sessions"", ""status"": ""full"", ""valid_trading_sessions"": 276}","[""l1.csv""]",[],64.1978,ranked,full,100.0,True,True,False
TGTX,"TG Therapeutics, Inc. - Common Stock",nasdaqtrader:Q:TGTX,common_equity,eligible,Q,,49.16,,118675853.63198411,-13.935574229691882,14.699020065328972,70.33957033957033,76.26389386877015,16.76261429055199,53.20022817246554,,,False,,276.0,,2026-08-10,,full,"{""as_of"": ""2026-08-10"", ""listing_date"": null, ""reason_code"": ""valid_trading_sessions"", ""status"": ""full"", ""valid_trading_sessions"": 276}","[""l1.csv""]",[],64.1907,ranked,full,100.0,True,True,False
HTHT,H World Group Limited - American Depositary Shares,nasdaqtrader:Q:HTHT,adr,eligible,Q,,43.01,,87304026.31571428,4.6217465336900965,-8.644859813084116,-17.17696899672636,31.529051987767566,23.278630039243676,28.003001105232876,,,False,,276.0,,2026-08-10,,full,"{""as_of"": ""2026-08-10"", ""listing_date"": null, ""reason_code"": ""valid_trading_sessions"", ""status"": ""full"", ""valid_trading_sessions"": 276}","[""l1.csv""]",[],64.1872,ranked,full,100.0,True,True,False
CSTM,Constellium SE Ordinary Shares (France),nasdaqtrader:N:CSTM,common_equity,eligible,N,,29.38,,62410993.76825397,0.3415300546448119,-13.282172373081469,18.75505254648344,119.58146487294465,18.72752420470263,40.43526788693371,,,False,,276.0,,2026-08-10,,full,"{""as_of"": ""2026-08-10"", ""listing_date"": null, ""reason_code"": ""valid_trading_sessions"", ""status"": ""full"", ""valid_trading_sessions"": 276}","[""l1.csv""]",[],64.1819,ranked,full,100.0,True,True,False
PARR,"Par Pacific Holdings, Inc.  Common Stock",nasdaqtrader:N:PARR,common_equity,eligible,N,,71.67,,66439721.83238095,8.954089388871989,11.34068665527419,65.51963048498848,164.17250276446737,16.69185167964663,77.79598736013804,,,False,,276.0,,2026-08-10,,full,"{""as_of"": ""2026-08-10"", ""listing_date"": null, ""reason_code"": ""valid_trading_sessions"", ""status"": ""full"", ""valid_trading_sessions"": 276}","[""l1.csv""]",[],64.173,ranked,full,100.0,True,True,False
VIRT,"Virtu Financial, Inc. Class A Common Stock",nasdaqtrader:N:VIRT,common_equity,eligible,N,,55.67,,72310582.04031746,-15.395136778115493,8.497368933931003,44.48481702569427,31.14252061248528,16.68662077222387,45.29971478082738,,,False,,276.0,,2026-08-10,,full,"{""as_of"": ""2026-08-10"", ""listing_date"": null, ""reason_code"": ""valid_trading_sessions"", ""status"": ""full"", ""valid_trading_sessions"": 276}","[""l1.csv""]",[],64.1717,ranked,full,100.0,True,True,False
HBAN,Huntington Bancshares Incorporated - Common Stock,nasdaqtrader:Q:HBAN,common_equity,eligible,Q,,17.6,,405115539.70349205,-1.5109121432568484,9.181141439205964,-8.666320705760244,10.901071203528678,8.666320705760244,25.721443888193825,,,False,,276.0,,2026-08-10,,full,"{""as_of"": ""2026-08-10"", ""listing_date"": null, ""reason_code"": ""valid_trading_sessions"", ""status"": ""full"", ""valid_trading_sessions"": 276}","[""l1.csv""]",[],64.1666,ranked,full,100.0,True,True,False
LUMN,"Lumen Technologies, Inc. Common Stock",nasdaqtrader:N:LUMN,common_equity,eligible,N,,6.64,,113360651.15428571,-1.3372956909361133,-21.698113207547177,-17.61786600496279,79.45945945945945,43.871513102282336,64.99123379248114,,,False,,276.0,,2026-08-10,,full,"{""as_of"": ""2026-08-10"", ""listing_date"": null, ""reason_code"": ""valid_trading_sessions"", ""status"": ""full"", ""valid_trading_sessions"": 276}","[""l1.csv""]",[],64.1586,ranked,full,100.0,True,True,False
ESLT,Elbit Systems Ltd. - Ordinary Shares,nasdaqtrader:Q:ESLT,common_equity,eligible,Q,,846.04,,80405535.84873016,12.535248736366068,8.160904110814936,27.224060150375927,79.84779558692232,16.59124742440824,37.741493057765176,,,False,,276.0,,2026-08-10,,full,"{""as_of"": ""2026-08-10"", ""listing_date"": null, ""reason_code"": ""valid_trading_sessions"", ""status"": ""full"", ""valid_trading_sessions"": 276}","[""l1.csv""]",[],64.1478,ranked,full,100.0,True,True,False
BBY,"Best Buy Co., Inc. Common Stock",nasdaqtrader:N:BBY,common_equity,eligible,N,,82.43,,314770572.21492064,-0.4468599033816356,38.77104377104379,17.07143871609147,22.02812731310142,8.58378618165686,32.82963073243837,,,False,,276.0,,2026-08-10,,full,"{""as_of"": ""2026-08-10"", ""listing_date"": null, ""reason_code"": ""valid_trading_sessions"", ""status"": ""full"", ""valid_trading_sessions"": 276}","[""l1.csv""]",[],64.1459,ranked,full,100.0,True,True,False
VTR,"Ventas, Inc. Common Stock",nasdaqtrader:N:VTR,common_equity,eligible,N,,91.95,,350262041.30920637,1.4228987425546125,5.374742149896861,11.387038158691709,33.82331538349588,8.534765741569682,29.821667167634917,,,False,,276.0,,2026-08-10,,full,"{""as_of"": ""2026-08-10"", ""listing_date"": null, ""reason_code"": ""valid_trading_sessions"", ""status"": ""full"", ""valid_trading_sessions"": 276}","[""l1.csv""]",[],64.1337,ranked,full,100.0,True,True,False
WMB,"Williams Companies, Inc. (The) Common Stock",nasdaqtrader:N:WMB,common_equity,eligible,N,,71.85,,522482267.0766667,-4.225539856038396,-0.15286270150083325,7.367005379557678,24.114700293660384,9.508816120906815,27.006494219802168,,,False,,276.0,,2026-08-10,,full,"{""as_of"": ""2026-08-10"", ""listing_date"": null, ""reason_code"": ""valid_trading_sessions"", ""status"": ""full"", ""valid_trading_sessions"": 276}","[""l1.csv""]",[],64.1272,ranked,full,100.0,True,True,False
MNST,Monster Beverage Corporation - Common Stock,nasdaqtrader:Q:MNST,common_equity,eligible,Q,,45.72,,541499813.8053968,-6.119096509240252,5.955967555040553,10.782650835958307,50.39473684210527,8.505103061837104,25.815568546228455,,,False,,276.0,,2026-08-10,,full,"{""as_of"": ""2026-08-10"", ""listing_date"": null, ""reason_code"": ""valid_trading_sessions"", ""status"": ""full"", ""valid_trading_sessions"": 276}","[""l1.csv""]",[],64.1263,ranked,full,100.0,True,True,False
HUBB,Hubbell Inc Common Stock,nasdaqtrader:N:HUBB,common_equity,eligible,N,,504.9,,316250526.0936508,2.8435246669654024,2.501116569897266,0.21834061135370675,20.835726593911552,9.49179887066417,38.33396249992621,,,False,,276.0,,2026-08-10,,full,"{""as_of"": ""2026-08-10"", ""listing_date"": null, ""reason_code"": ""valid_trading_sessions"", ""status"": ""full"", ""valid_trading_sessions"": 276}","[""l1.csv""]",[],64.1229,ranked,full,100.0,True,True,False
CRWV,"CoreWeave, Inc. - Class A Common Stock",nasdaqtrader:Q:CRWV,common_equity,eligible,Q,,88.19,,2710050759.425635,-0.776327632763274,-22.74200613228209,-1.9566425792106767,-27.16385860588041,40.712605042016804,120.18501221608318,,,False,,276.0,,2026-08-10,,full,"{""as_of"": ""2026-08-10"", ""listing_date"": null, ""reason_code"": ""valid_trading_sessions"", ""status"": ""full"", ""valid_trading_sessions"": 276}","[""l1.csv""]",[],64.1192,ranked,full,100.0,True,True,False
MKC,"McCormick & Company, Incorporated Common Stock",nasdaqtrader:N:MKC,common_equity,eligible,N,,53.13,,202340396.71825397,1.2964728312678808,9.954470198675502,-21.195490952239695,-24.359339407744862,26.473844450595074,33.01678345273793,,,False,,276.0,,2026-08-10,,full,"{""as_of"": ""2026-08-10"", ""listing_date"": null, ""reason_code"": ""valid_trading_sessions"", ""status"": ""full"", ""valid_trading_sessions"": 276}","[""l1.csv""]",[],64.1132,ranked,full,100.0,True,True,False
RXT,"Rackspace Technology, Inc. - Common Stock",nasdaqtrader:Q:RXT,common_equity,eligible,Q,,4.73,,111319808.81761906,-11.423220973782765,-13.843351548269577,950.8775827593869,272.44094488188983,37.18459495351926,170.73068630043653,,,False,,276.0,,2026-08-10,,full,"{""as_of"": ""2026-08-10"", ""listing_date"": null, ""reason_code"": ""valid_trading_sessions"", ""status"": ""full"", ""valid_trading_sessions"": 276}","[""l1.csv""]",[],64.1044,ranked,full,100.0,True,True,False
KRC,Kilroy Realty Corporation Common Stock,nasdaqtrader:N:KRC,common_equity,eligible,N,,37.15,,54449627.535238095,-3.255208333333337,6.4469914040114595,6.142857142857139,-2.9012023000522746,16.4041404140414,27.831786159745107,,,False,,276.0,,2026-08-10,,full,"{""as_of"": ""2026-08-10"", ""listing_date"": null, ""reason_code"": ""valid_trading_sessions"", ""status"": ""full"", ""valid_trading_sessions"": 276}","[""l1.csv""]",[],64.101,ranked,full,100.0,True,True,False
NVR,"NVR, Inc. Common Stock",nasdaqtrader:N:NVR,common_equity,eligible,N,,6292.28,,201707560.81460318,-2.8877718427197663,5.326519441519761,-21.44312495630375,-19.643340604103987,26.345780170900156,30.504738445272938,,,False,,276.0,,2026-08-10,,full,"{""as_of"": ""2026-08-10"", ""listing_date"": null, ""reason_code"": ""valid_trading_sessions"", ""status"": ""full"", ""valid_trading_sessions"": 276}","[""l1.csv""]",[],64.0961,ranked,full,100.0,True,True,False
UGI,UGI Corporation Common Stock,nasdaqtrader:N:UGI,common_equity,eligible,N,,33.99,,57080618.712698415,-5.16183035714286,5.167079207920788,-8.358047991372342,-4.145516074450084,16.342603987201578,19.054573525047,,,False,,276.0,,2026-08-10,,full,"{""as_of"": ""2026-08-10"", ""listing_date"": null, ""reason_code"": ""valid_trading_sessions"", ""status"": ""full"", ""valid_trading_sessions"": 276}","[""l1.csv""]",[],64.0857,ranked,full,100.0,True,True,False
NTES,"NetEase, Inc. - American Depositary Shares, each representing 5 ordinary shares",nasdaqtrader:Q:NTES,adr,eligible,Q,,133.41,,124347567.29047619,4.202140123408582,15.097920800621178,8.534005857468262,1.9019248395967026,16.273377682942137,38.50098551586047,,,False,,276.0,,2026-08-10,,full,"{""as_of"": ""2026-08-10"", ""listing_date"": null, ""reason_code"": ""valid_trading_sessions"", ""status"": ""full"", ""valid_trading_sessions"": 276}","[""l1.csv""]",[],64.0683,ranked,full,100.0,True,True,False
NU,Nu Holdings Ltd. Class A Ordinary Shares,nasdaqtrader:N:NU,common_equity,eligible,N,,13.86,,996188190.4896826,0.7267441860465018,0.43478260869564966,-20.344827586206893,11.684125705076553,26.119402985074636,32.33339769919564,,,False,,276.0,,2026-08-10,,full,"{""as_of"": ""2026-08-10"", ""listing_date"": null, ""reason_code"": ""valid_trading_sessions"", ""status"": ""full"", ""valid_trading_sessions"": 276}","[""l1.csv""]",[],64.0659,ranked,full,100.0,True,True,False
CME,CME Group Inc. - Class A Common Stock,nasdaqtrader:Q:CME,common_equity,eligible,Q,,263.65,,846234980.7536509,9.73071960710865,-6.257777777777784,-12.776656631488404,-6.15767930236697,19.239723090118243,26.71844118469317,,,False,,276.0,,2026-08-10,,full,"{""as_of"": ""2026-08-10"", ""listing_date"": null, ""reason_code"": ""valid_trading_sessions"", ""status"": ""full"", ""valid_trading_sessions"": 276}","[""l1.csv""]",[],64.0599,ranked,full,100.0,True,True,False
INFY,Infosys Limited American Depositary Shares,nasdaqtrader:N:INFY,adr,eligible,N,,12.56,,267638317.91206348,14.808043875685573,-2.104442712392829,-25.415676959619947,-21.598002496878898,37.88328387734915,46.55888957471316,,,False,,276.0,,2026-08-10,,full,"{""as_of"": ""2026-08-10"", ""listing_date"": null, ""reason_code"": ""valid_trading_sessions"", ""status"": ""full"", ""valid_trading_sessions"": 276}","[""l1.csv""]",[],64.0578,ranked,full,100.0,True,True,False
PEP,"PepsiCo, Inc. - Common Stock",nasdaqtrader:Q:PEP,common_equity,eligible,Q,,137.73,,1248372509.9714286,0.2547677973504081,-10.92355452076058,-19.215203237726563,-4.3010005558643645,19.215203237726563,27.13405678756909,,,False,,276.0,,2026-08-10,,full,"{""as_of"": ""2026-08-10"", ""listing_date"": null, ""reason_code"": ""valid_trading_sessions"", ""status"": ""full"", ""valid_trading_sessions"": 276}","[""l1.csv""]",[],64.0538,ranked,full,100.0,True,True,False
ALK,"Alaska Air Group, Inc. Common Stock",nasdaqtrader:N:ALK,common_equity,eligible,N,,47.26,,147398942.71285713,-4.370700121408344,15.719882468168445,-20.50462573591254,-11.248826291079816,25.99436266833699,49.8950004236299,,,False,,276.0,,2026-08-10,,full,"{""as_of"": ""2026-08-10"", ""listing_date"": null, ""reason_code"": ""valid_trading_sessions"", ""status"": ""full"", ""valid_trading_sessions"": 276}","[""l1.csv""]",[],64.0492,ranked,full,100.0,True,True,False
FPS,"Forgent Power Solutions, Inc. Class A Common Stock",nasdaqtrader:N:FPS,common_equity,eligible,N,,37.6,,390559298.17253965,-17.814207650273218,-6.884596334819215,11.374407582938396,,41.78665428084843,91.91289364539865,,,False,,128.0,,2026-08-10,,limited_but_usable,"{""as_of"": ""2026-08-10"", ""listing_date"": null, ""reason_code"": ""valid_trading_sessions"", ""status"": ""limited_but_usable"", ""valid_trading_sessions"": 128}","[""l1.csv""]",[],64.0476,ranked,limited_but_usable,100.0,True,True,True
PAYX,"Paychex, Inc. - Common Stock",nasdaqtrader:Q:PAYX,common_equity,eligible,Q,,121.18,,350598514.5453175,12.683652594383489,29.0109656126903,22.987922460164413,-13.763165385710218,14.172391812451302,32.702787269737705,,,False,,276.0,,2026-08-10,,full,"{""as_of"": ""2026-08-10"", ""listing_date"": null, ""reason_code"": ""valid_trading_sessions"", ""status"": ""full"", ""valid_trading_sessions"": 276}","[""l1.csv""]",[],64.0431,ranked,full,100.0,True,True,False
ICLR,ICON plc - Ordinary Shares,nasdaqtrader:Q:ICLR,common_equity,eligible,Q,,166.05,,149318577.57119048,-0.9957071309324994,33.38420756687286,10.266285941961616,5.1948051948051965,18.169722057953862,39.672649181595126,,,False,,276.0,,2026-08-10,,full,"{""as_of"": ""2026-08-10"", ""listing_date"": null, ""reason_code"": ""valid_trading_sessions"", ""status"": ""full"", ""valid_trading_sessions"": 276}","[""l1.csv""]",[],64.0424,ranked,full,100.0,True,True,False
CWST,"Casella Waste Systems, Inc. - Class A Common Stock",nasdaqtrader:Q:CWST,common_equity,eligible,Q,,89.99,,62462729.29031746,-7.054327618260691,5.325374531835192,-14.008600095556623,-9.4212380473075,16.163592323458175,30.874769319362276,,,False,,276.0,,2026-08-10,,full,"{""as_of"": ""2026-08-10"", ""listing_date"": null, ""reason_code"": ""valid_trading_sessions"", ""status"": ""full"", ""valid_trading_sessions"": 276}","[""l1.csv""]",[],64.0409,ranked,full,100.0,True,True,False
WM,"Waste Management, Inc. Common Stock",nasdaqtrader:N:WM,common_equity,eligible,N,,226.6,,491756318.6466667,-2.884326918955993,5.214282397734138,-0.08377794435380226,-2.838521567618557,8.076751450245423,26.63019380208364,,,False,,276.0,,2026-08-10,,full,"{""as_of"": ""2026-08-10"", ""listing_date"": null, ""reason_code"": ""valid_trading_sessions"", ""status"": ""full"", ""valid_trading_sessions"": 276}","[""l1.csv""]",[],64.0192,ranked,full,100.0,True,True,False
UAL,"United Airlines Holdings, Inc. - Common Stock",nasdaqtrader:Q:UAL,common_equity,eligible,Q,,123.76,,593453070.3056349,-1.7777777777777781,24.281984334203656,6.7724959019929365,40.66833371220733,9.073543457497612,38.86737452024185,,,False,,276.0,,2026-08-10,,full,"{""as_of"": ""2026-08-10"", ""listing_date"": null, ""reason_code"": ""valid_trading_sessions"", ""status"": ""full"", ""valid_trading_sessions"": 276}","[""l1.csv""]",[],64.0184,ranked,full,100.0,True,True,False
COP,ConocoPhillips Common Stock,nasdaqtrader:N:COP,common_equity,eligible,N,,123.03,,805575506.339365,12.830154071900225,8.044260999385266,14.318899832744837,32.861771058315334,8.049327354260093,31.875121788286435,,,False,,276.0,,2026-08-10,,full,"{""as_of"": ""2026-08-10"", ""listing_date"": null, ""reason_code"": ""valid_trading_sessions"", ""status"": ""full"", ""valid_trading_sessions"": 276}","[""l1.csv""]",[],64.0123,ranked,full,100.0,True,True,False
RIO,Rio Tinto Plc Common Stock,nasdaqtrader:N:RIO,common_equity,eligible,N,,101.91,,268029650.3806349,12.557985420808482,-3.292844942114248,9.09966812975056,67.69787724206023,9.041413780792585,28.855779546401934,,,False,,276.0,,2026-08-10,,full,"{""as_of"": ""2026-08-10"", ""listing_date"": null, ""reason_code"": ""valid_trading_sessions"", ""status"": ""full"", ""valid_trading_sessions"": 276}","[""l1.csv""]",[],64.0104,ranked,full,100.0,True,True,False
DE,Deere & Company Common Stock,nasdaqtrader:N:DE,common_equity,eligible,N,,609.28,,756988031.3536508,3.8203319360665233,5.991232342912789,4.488003978666111,20.258960997947263,8.031819348216585,31.681033678419286,,,False,,276.0,,2026-08-10,,full,"{""as_of"": ""2026-08-10"", ""listing_date"": null, ""reason_code"": ""valid_trading_sessions"", ""status"": ""full"", ""valid_trading_sessions"": 276}","[""l1.csv""]",[],64.008,ranked,full,100.0,True,True,False
ELAN,Elanco Animal Health Incorporated Common Stock,nasdaqtrader:N:ELAN,common_equity,eligible,N,,22.28,,155050325.22619048,-10.233682514101528,-5.792811839323453,-11.58730158730158,35.19417475728155,16.989567809239936,43.30442843743244,,,False,,276.0,,2026-08-10,,full,"{""as_of"": ""2026-08-10"", ""listing_date"": null, ""reason_code"": ""valid_trading_sessions"", ""status"": ""full"", ""valid_trading_sessions"": 276}","[""l1.csv""]",[],63.9974,ranked,full,100.0,True,True,False
COHU,"Cohu, Inc. - Common Stock",nasdaqtrader:Q:COHU,common_equity,eligible,Q,,49.47,,75748981.99603175,-11.928075485134414,-0.14129995962858244,60.35656401944893,153.04347826086956,33.06724394533892,113.74356324526826,,,False,,276.0,,2026-08-10,,full,"{""as_of"": ""2026-08-10"", ""listing_date"": null, ""reason_code"": ""valid_trading_sessions"", ""status"": ""full"", ""valid_trading_sessions"": 276}","[""l1.csv""]",[],63.9923,ranked,full,100.0,True,True,False
FIX,"Comfort Systems USA, Inc. Common Stock",nasdaqtrader:N:FIX,common_equity,eligible,N,,1674.84,,904495215.972381,-4.626756031866252,-14.215030962368813,36.13707671549102,141.18197658511295,18.95321096921865,65.37015330056082,,,False,,276.0,,2026-08-10,,full,"{""as_of"": ""2026-08-10"", ""listing_date"": null, ""reason_code"": ""valid_trading_sessions"", ""status"": ""full"", ""valid_trading_sessions"": 276}","[""l1.csv""]",[],63.9883,ranked,full,100.0,True,True,False
VOYG,"Voyager Technologies, Inc. Class A Common Stock",nasdaqtrader:N:VOYG,common_equity,eligible,N,,43.0,,89177893.80730158,37.997432605905004,44.58641560188299,60.029772981019725,22.892254929979995,16.940312922542024,108.52909702838798,,,False,,276.0,,2026-08-10,,full,"{""as_of"": ""2026-08-10"", ""listing_date"": null, ""reason_code"": ""valid_trading_sessions"", ""status"": ""full"", ""valid_trading_sessions"": 276}","[""l1.csv""]",[],63.9851,ranked,full,100.0,True,True,False
SMH,VanEck Semiconductor ETF,US:SMH,etf,eligible,Q,,569.41,,6920345475.973174,-6.811449519663515,0.5065838246196108,41.76770820365989,95.59288266007144,14.874945807358241,51.793546482149324,,,False,,276.0,,2026-08-10,,full,"{""as_of"": ""2026-08-10"", ""listing_date"": null, ""reason_code"": ""valid_trading_sessions"", ""status"": ""full"", ""valid_trading_sessions"": 276}","[""l1.csv""]",[],63.9687,ranked,full,100.0,True,True,False
SAIL,"SailPoint, Inc. - Common Stock",nasdaqtrader:Q:SAIL,common_equity,eligible,Q,,19.41,,69328206.99952382,41.575492341356664,58.70809484873263,31.951053704962607,-3.0953569645531753,17.858654253068128,58.50783581458071,,,False,,276.0,,2026-08-10,,full,"{""as_of"": ""2026-08-10"", ""listing_date"": null, ""reason_code"": ""valid_trading_sessions"", ""status"": ""full"", ""valid_trading_sessions"": 276}","[""l1.csv""]",[],63.9647,ranked,full,100.0,True,True,False
AMKR,"Amkor Technology, Inc. - Common Stock",nasdaqtrader:Q:AMKR,common_equity,eligible,Q,,52.87,,396516332.6031746,-24.97516673761885,-30.988121655136403,7.111021069692058,131.17621337997375,43.484767504008545,122.58831194507864,,,False,,276.0,,2026-08-10,,full,"{""as_of"": ""2026-08-10"", ""listing_date"": null, ""reason_code"": ""valid_trading_sessions"", ""status"": ""full"", ""valid_trading_sessions"": 276}","[""l1.csv""]",[],63.9343,ranked,full,100.0,True,True,False
OUST,"Ouster, Inc. - Common Stock",nasdaqtrader:Q:OUST,common_equity,eligible,Q,,42.13,,202951428.3979365,-2.657116451016628,67.18253968253968,116.94129763130792,82.38095238095238,32.613563659628916,157.12932380106636,,,False,,276.0,,2026-08-10,,full,"{""as_of"": ""2026-08-10"", ""listing_date"": null, ""reason_code"": ""valid_trading_sessions"", ""status"": ""full"", ""valid_trading_sessions"": 276}","[""l1.csv""]",[],63.9318,ranked,full,100.0,True,True,False
BTSG,"BrightSpring Health Services, Inc. - Common Stock",nasdaqtrader:Q:BTSG,common_equity,eligible,Q,,61.45,,245038257.16214287,-13.971720565588697,12.07368229071677,54.8639112903226,200.34213098729228,15.718008503634607,69.60361226287067,,,False,,276.0,,2026-08-10,,full,"{""as_of"": ""2026-08-10"", ""listing_date"": null, ""reason_code"": ""valid_trading_sessions"", ""status"": ""full"", ""valid_trading_sessions"": 276}","[""l1.csv""]",[],63.9295,ranked,full,100.0,True,True,False
BTE,Baytex Energy Corp Common Shares,nasdaqtrader:N:BTE,common_equity,eligible,N,,4.38,,84239245.3331746,7.6167076167076075,-9.316770186335411,24.079320113314463,113.65853658536587,17.669172932330834,44.72724472493314,,,False,,276.0,,2026-08-10,,full,"{""as_of"": ""2026-08-10"", ""listing_date"": null, ""reason_code"": ""valid_trading_sessions"", ""status"": ""full"", ""valid_trading_sessions"": 276}","[""l1.csv""]",[],63.9173,ranked,full,100.0,True,True,False
PTCT,"PTC Therapeutics, Inc. - Common Stock",nasdaqtrader:Q:PTCT,common_equity,eligible,Q,,74.63,,136544045.91444445,-12.044784914555095,1.2756140588953802,-0.06695232994109457,48.19301032565528,16.661083193746517,46.33948676710113,,,False,,276.0,,2026-08-10,,full,"{""as_of"": ""2026-08-10"", ""listing_date"": null, ""reason_code"": ""valid_trading_sessions"", ""status"": ""full"", ""valid_trading_sessions"": 276}","[""l1.csv""]",[],63.9153,ranked,full,100.0,True,True,False
WFRD,Weatherford International plc - Ordinary shares,nasdaqtrader:Q:WFRD,common_equity,eligible,Q,,92.9,,118795592.82476191,10.12328117591277,-9.20641125879592,-11.951473793953182,68.02315066015557,16.621791419852805,44.706731777366166,,,False,,276.0,,2026-08-10,,full,"{""as_of"": ""2026-08-10"", ""listing_date"": null, ""reason_code"": ""valid_trading_sessions"", ""status"": ""full"", ""valid_trading_sessions"": 276}","[""l1.csv""]",[],63.9054,ranked,full,100.0,True,True,False
CX,"Cemex, S.A.B. de C.V. Sponsored ADR",nasdaqtrader:N:CX,adr,eligible,N,,11.3,,67671726.90603174,-9.455128205128204,-13.806254767353154,-7.377049180327855,31.855309218203033,16.605166051660515,26.460980014210538,,,False,,276.0,,2026-08-10,,full,"{""as_of"": ""2026-08-10"", ""listing_date"": null, ""reason_code"": ""valid_trading_sessions"", ""status"": ""full"", ""valid_trading_sessions"": 276}","[""l1.csv""]",[],63.9013,ranked,full,100.0,True,True,False
PENG,"Penguin Solutions, Inc. - Common Stock",nasdaqtrader:Q:PENG,common_equity,eligible,Q,,55.18,,236860981.75126985,-29.572431397574984,24.756952294822533,193.82321618743342,141.5936952714536,32.20297333824794,139.3155015877717,,,False,,276.0,,2026-08-10,,full,"{""as_of"": ""2026-08-10"", ""listing_date"": null, ""reason_code"": ""valid_trading_sessions"", ""status"": ""full"", ""valid_trading_sessions"": 276}","[""l1.csv""]",[],63.8771,ranked,full,100.0,True,True,False
MTH,Meritage Homes Corporation Common Stock,nasdaqtrader:N:MTH,common_equity,eligible,N,,71.97,,66078460.968412705,-4.67549668874172,10.451197053407002,-5.190357001712553,0.3066202090592274,15.508335289974184,36.69334833031998,,,False,,276.0,,2026-08-10,,full,"{""as_of"": ""2026-08-10"", ""listing_date"": null, ""reason_code"": ""valid_trading_sessions"", ""status"": ""full"", ""valid_trading_sessions"": 276}","[""l1.csv""]",[],63.8771,ranked,full,100.0,True,True,False
CPRT,"Copart, Inc. - Common Stock",nasdaqtrader:Q:CPRT,common_equity,eligible,Q,,29.59,,362089433.3787302,7.541341086679987,-12.816735415439007,-26.684836471754213,-35.82736933420082,40.78447068240945,43.72883725200714,,,False,,276.0,,2026-08-10,,full,"{""as_of"": ""2026-08-10"", ""listing_date"": null, ""reason_code"": ""valid_trading_sessions"", ""status"": ""full"", ""valid_trading_sessions"": 276}","[""l1.csv""]",[],63.8644,ranked,full,100.0,True,True,False
EBAY,eBay Inc. - Common Stock,nasdaqtrader:Q:EBAY,common_equity,eligible,Q,,107.71,,477696830.52055556,-8.09726962457339,0.01857182653912659,24.448295782784513,15.792302730595576,9.456960322797581,35.074780335471715,,,False,,276.0,,2026-08-10,,full,"{""as_of"": ""2026-08-10"", ""listing_date"": null, ""reason_code"": ""valid_trading_sessions"", ""status"": ""full"", ""valid_trading_sessions"": 276}","[""l1.csv""]",[],63.8642,ranked,full,100.0,True,True,False
LULU,lululemon athletica inc. - Common Stock,nasdaqtrader:Q:LULU,common_equity,eligible,Q,,127.8,,409791302.3219047,7.160825088042921,-2.576612288458613,-26.063060457043676,-33.13801402113634,40.80044469149527,31.065963056206,,,False,,276.0,,2026-08-10,,full,"{""as_of"": ""2026-08-10"", ""listing_date"": null, ""reason_code"": ""valid_trading_sessions"", ""status"": ""full"", ""valid_trading_sessions"": 276}","[""l1.csv""]",[],63.8633,ranked,full,100.0,True,True,False
CVCO,"Cavco Industries, Inc. - Common Stock",nasdaqtrader:Q:CVCO,common_equity,eligible,Q,,583.17,,72615105.78269842,2.804710362091445,20.35538861600692,8.249030126408385,29.165651509446477,16.42255216693419,33.82802425097934,,,False,,276.0,,2026-08-10,,full,"{""as_of"": ""2026-08-10"", ""listing_date"": null, ""reason_code"": ""valid_trading_sessions"", ""status"": ""full"", ""valid_trading_sessions"": 276}","[""l1.csv""]",[],63.8556,ranked,full,100.0,True,True,False
UUUU,Energy Fuels Inc Ordinary Shares (Canada),nasdaqtrader:A:UUUU,common_equity,eligible,A,,14.29,,140746214.89095238,5.2282768777614175,-33.161833489242284,-32.65786993402451,48.854166666666664,48.44877344877345,69.87994858841675,,,False,,276.0,,2026-08-10,,full,"{""as_of"": ""2026-08-10"", ""listing_date"": null, ""reason_code"": ""valid_trading_sessions"", ""status"": ""full"", ""valid_trading_sessions"": 276}","[""l1.csv""]",[],63.8534,ranked,full,100.0,True,True,False
AG,First Majestic Silver Corp. Ordinary Shares (Canada),nasdaqtrader:N:AG,common_equity,eligible,N,,18.85,,219241416.58761907,11.209439528023601,-13.769441903019208,-14.279217826284663,115.92210767468498,41.11215245235863,62.48332809887638,,,False,,276.0,,2026-08-10,,full,"{""as_of"": ""2026-08-10"", ""listing_date"": null, ""reason_code"": ""valid_trading_sessions"", ""status"": ""full"", ""valid_trading_sessions"": 276}","[""l1.csv""]",[],63.8425,ranked,full,100.0,True,True,False
BKD,Brookdale Senior Living Inc. Common Stock,nasdaqtrader:N:BKD,common_equity,eligible,N,,13.69,,66484131.75015873,-4.996530187369885,5.469953775038516,-15.074441687344919,92.00561009817672,18.366129994036974,38.86702767918809,,,False,,276.0,,2026-08-10,,full,"{""as_of"": ""2026-08-10"", ""listing_date"": null, ""reason_code"": ""valid_trading_sessions"", ""status"": ""full"", ""valid_trading_sessions"": 276}","[""l1.csv""]",[],63.8415,ranked,full,100.0,True,True,False
RKT,"Rocket Companies, Inc. Class A Common Stock",nasdaqtrader:N:RKT,common_equity,eligible,N,,13.76,,419893191.317619,-4.378040305767906,-12.300828553218611,-27.118644067796605,-21.5954415954416,41.296928327645055,49.90458050005522,,,False,,276.0,,2026-08-10,,full,"{""as_of"": ""2026-08-10"", ""listing_date"": null, ""reason_code"": ""valid_trading_sessions"", ""status"": ""full"", ""valid_trading_sessions"": 276}","[""l1.csv""]",[],63.8302,ranked,full,100.0,True,True,False
ALC,Alcon Inc. Ordinary Shares,nasdaqtrader:N:ALC,common_equity,eligible,N,,73.63,,145863799.57825398,8.582804896033025,17.695012787723762,-6.596473423823424,-13.832650672908143,18.297825122059486,30.12168689680019,,,False,,276.0,,2026-08-10,,full,"{""as_of"": ""2026-08-10"", ""listing_date"": null, ""reason_code"": ""valid_trading_sessions"", ""status"": ""full"", ""valid_trading_sessions"": 276}","[""l1.csv""]",[],63.8245,ranked,full,100.0,True,True,False
SLB,SLB Limited Common Shares,nasdaqtrader:N:SLB,common_equity,eligible,N,,53.2,,720046363.7423809,11.390284757118941,-0.13140604467805073,4.930966469428011,62.24458676425741,8.291673849336313,42.38431332731476,,,False,,276.0,,2026-08-10,,full,"{""as_of"": ""2026-08-10"", ""listing_date"": null, ""reason_code"": ""valid_trading_sessions"", ""status"": ""full"", ""valid_trading_sessions"": 276}","[""l1.csv""]",[],63.8229,ranked,full,100.0,True,True,False
LEGN,Legend Biotech Corporation - American Depositary Shares,nasdaqtrader:Q:LEGN,adr,eligible,Q,,20.66,,74328077.33984126,-23.707533234859667,-26.52916073968705,20.818713450292382,-44.80363344910499,45.21347122779103,66.52693593536742,,,False,,276.0,,2026-08-10,,full,"{""as_of"": ""2026-08-10"", ""listing_date"": null, ""reason_code"": ""valid_trading_sessions"", ""status"": ""full"", ""valid_trading_sessions"": 276}","[""l1.csv""]",[],63.8191,ranked,full,100.0,True,True,False
TS,Tenaris S.A. American Depositary Shares,nasdaqtrader:N:TS,adr,eligible,N,,54.26,,77883759.81984127,-2.3573870793593743,-9.279384718274542,15.668301001918561,53.06064880112833,15.245235863792562,29.98668902158308,,,False,,276.0,,2026-08-10,,full,"{""as_of"": ""2026-08-10"", ""listing_date"": null, ""reason_code"": ""valid_trading_sessions"", ""status"": ""full"", ""valid_trading_sessions"": 276}","[""l1.csv""]",[],63.8113,ranked,full,100.0,True,True,False
FIS,"Fidelity National Information Services, Inc. Common Stock",nasdaqtrader:N:FIS,common_equity,eligible,N,,42.51,,283385956.7961905,1.262505955216775,-2.2533915842722574,-18.139803581744662,-39.332096474953616,41.58306994640648,39.95614797248309,,,False,,276.0,,2026-08-10,,full,"{""as_of"": ""2026-08-10"", ""listing_date"": null, ""reason_code"": ""valid_trading_sessions"", ""status"": ""full"", ""valid_trading_sessions"": 276}","[""l1.csv""]",[],63.8111,ranked,full,100.0,True,True,False
ESE,ESCO Technologies Inc. Common Stock,nasdaqtrader:N:ESE,common_equity,eligible,N,,300.81,,81307272.46777779,-8.60172581429266,-0.7588004354854738,18.850256815487953,58.42945173013114,15.240912933220619,38.57566154371194,,,False,,276.0,,2026-08-10,,full,"{""as_of"": ""2026-08-10"", ""listing_date"": null, ""reason_code"": ""valid_trading_sessions"", ""status"": ""full"", ""valid_trading_sessions"": 276}","[""l1.csv""]",[],63.8102,ranked,full,100.0,True,True,False
HCA,"HCA Healthcare, Inc. Common Stock",nasdaqtrader:N:HCA,common_equity,eligible,N,,414.03,,657303264.5344445,1.8298531690400743,-4.862244077299572,-17.472941457872395,10.90188305252726,24.049309339056745,43.814205978258,,,False,,276.0,,2026-08-10,,full,"{""as_of"": ""2026-08-10"", ""listing_date"": null, ""reason_code"": ""valid_trading_sessions"", ""status"": ""full"", ""valid_trading_sessions"": 276}","[""l1.csv""]",[],63.7899,ranked,full,100.0,True,True,False
CRVL,CorVel Corp. - Common Stock,nasdaqtrader:Q:CRVL,common_equity,eligible,Q,,61.71,,13125157.732698413,-0.9311285920693524,5.451127819548862,26.792685432504616,-27.875175315568022,33.387305699481864,30.686930771759123,,,False,,276.0,,2026-08-10,,full,"{""as_of"": ""2026-08-10"", ""listing_date"": null, ""reason_code"": ""valid_trading_sessions"", ""status"": ""full"", ""valid_trading_sessions"": 276}","[""l1.csv""]",[],63.785,ranked,full,100.0,True,True,False
SBSW,D/B/A Sibanye-Stillwater Limited ADS,nasdaqtrader:N:SBSW,adr,eligible,N,,10.67,,51218205.93492064,24.79532163742688,-19.8948948948949,-35.13677811550152,21.942857142857154,49.47916666666667,55.008546197367366,,,False,,276.0,,2026-08-10,,full,"{""as_of"": ""2026-08-10"", ""listing_date"": null, ""reason_code"": ""valid_trading_sessions"", ""status"": ""full"", ""valid_trading_sessions"": 276}","[""l1.csv""]",[],63.7847,ranked,full,100.0,True,True,False
NUAI,"New Era Energy & Digital, Inc. - Common Stock",nasdaqtrader:Q:NUAI,common_equity,eligible,Q,,5.38,,41754218.35428572,21.444695259593693,7.815631262525047,6.324110671936767,1290.899689762151,33.250620347394545,142.17086960310797,,,False,,276.0,,2026-08-10,,full,"{""as_of"": ""2026-08-10"", ""listing_date"": null, ""reason_code"": ""valid_trading_sessions"", ""status"": ""full"", ""valid_trading_sessions"": 276}","[""l1.csv""]",[],63.7667,ranked,full,100.0,True,True,False
UCTT,"Ultra Clean Holdings, Inc. - Common Stock",nasdaqtrader:Q:UCTT,common_equity,eligible,Q,,82.27,,134930644.18325397,-22.58398419121107,-5.545350172215846,70.36653551459928,259.4145915246832,42.3031068097342,138.40392758806286,,,False,,276.0,,2026-08-10,,full,"{""as_of"": ""2026-08-10"", ""listing_date"": null, ""reason_code"": ""valid_trading_sessions"", ""status"": ""full"", ""valid_trading_sessions"": 276}","[""l1.csv""]",[],63.7631,ranked,full,100.0,True,True,False
ICHR,Ichor Holdings - Ordinary Shares,nasdaqtrader:Q:ICHR,common_equity,eligible,Q,,64.77,,96400672.7488889,-35.42372881355932,-12.966944369793076,101.46189735614306,288.7755102040816,42.313858211613834,134.00323888703795,,,False,,276.0,,2026-08-10,,full,"{""as_of"": ""2026-08-10"", ""listing_date"": null, ""reason_code"": ""valid_trading_sessions"", ""status"": ""full"", ""valid_trading_sessions"": 276}","[""l1.csv""]",[],63.7624,ranked,full,100.0,True,True,False
LOW,"Lowe's Companies, Inc. Common Stock",nasdaqtrader:N:LOW,common_equity,eligible,N,,218.88,,662731653.6601586,3.425790294381703,-4.502617801047116,-21.37366190099863,-8.249496981891348,23.838686105988373,31.100127422019675,,,False,,276.0,,2026-08-10,,full,"{""as_of"": ""2026-08-10"", ""listing_date"": null, ""reason_code"": ""valid_trading_sessions"", ""status"": ""full"", ""valid_trading_sessions"": 276}","[""l1.csv""]",[],63.7618,ranked,full,100.0,True,True,False
BKR,Baker Hughes Company - Common Stock,nasdaqtrader:Q:BKR,common_equity,eligible,Q,,64.07,,518229694.57,11.309937456567054,0.2817342307090298,8.74066530889339,49.20819748486258,8.037892923783563,34.763345192590876,,,False,,276.0,,2026-08-10,,full,"{""as_of"": ""2026-08-10"", ""listing_date"": null, ""reason_code"": ""valid_trading_sessions"", ""status"": ""full"", ""valid_trading_sessions"": 276}","[""l1.csv""]",[],63.7595,ranked,full,100.0,True,True,False
TFII,TFI International Inc. Common Shares,nasdaqtrader:N:TFII,common_equity,eligible,N,,138.8,,56490462.25984127,-5.987537252777009,-0.23718824121323756,13.882507384312447,60.33267875707522,15.034280117531829,39.18134884515895,,,False,,276.0,,2026-08-10,,full,"{""as_of"": ""2026-08-10"", ""listing_date"": null, ""reason_code"": ""valid_trading_sessions"", ""status"": ""full"", ""valid_trading_sessions"": 276}","[""l1.csv""]",[],63.7586,ranked,full,100.0,True,True,False
SGRY,"Surgery Partners, Inc. - Common Stock",nasdaqtrader:Q:SGRY,common_equity,eligible,Q,,15.95,,22631939.30777778,-2.7439024390243816,10.457063711911353,17.62536873156342,-31.30921619293713,33.095637583892625,55.73678103909069,,,False,,276.0,,2026-08-10,,full,"{""as_of"": ""2026-08-10"", ""listing_date"": null, ""reason_code"": ""valid_trading_sessions"", ""status"": ""full"", ""valid_trading_sessions"": 276}","[""l1.csv""]",[],63.7461,ranked,full,100.0,True,True,False
AOSL,Alpha and Omega Semiconductor Limited - Common Shares,nasdaqtrader:Q:AOSL,common_equity,eligible,Q,,34.56,,32967241.615555555,-7.987220447284349,-8.812664907651701,61.79775280898878,39.9756986634265,35.18379594898724,106.90978788336307,,,False,,276.0,,2026-08-10,,full,"{""as_of"": ""2026-08-10"", ""listing_date"": null, ""reason_code"": ""valid_trading_sessions"", ""status"": ""full"", ""valid_trading_sessions"": 276}","[""l1.csv""]",[],63.7377,ranked,full,100.0,True,True,False
MXL,"MaxLinear, Inc - Common Stock",nasdaqtrader:Q:MXL,common_equity,eligible,Q,,68.44,,370263654.4033333,-25.038335158817084,-31.443453871581696,265.5982905982906,347.028086218158,46.54377880184332,162.670972191553,,,False,,276.0,,2026-08-10,,full,"{""as_of"": ""2026-08-10"", ""listing_date"": null, ""reason_code"": ""valid_trading_sessions"", ""status"": ""full"", ""valid_trading_sessions"": 276}","[""l1.csv""]",[],63.7304,ranked,full,100.0,True,True,False
RGNX,REGENXBIO Inc. - Common Stock,nasdaqtrader:Q:RGNX,common_equity,eligible,Q,,10.42,,21216373.692857143,-25.304659498207883,-1.2322274881516715,0.871248789932233,31.898734177215182,34.79349186483104,94.49454073230825,,,False,,276.0,,2026-08-10,,full,"{""as_of"": ""2026-08-10"", ""listing_date"": null, ""reason_code"": ""valid_trading_sessions"", ""status"": ""full"", ""valid_trading_sessions"": 276}","[""l1.csv""]",[],63.7225,ranked,full,100.0,True,True,False
DLB,Dolby Laboratories Common Stock,nasdaqtrader:N:DLB,common_equity,eligible,N,,62.1,,50744300.877936505,24.69879518072291,6.792777300085984,-4.240555127216639,-13.726035009724924,17.878868024332196,45.09544767972133,,,False,,276.0,,2026-08-10,,full,"{""as_of"": ""2026-08-10"", ""listing_date"": null, ""reason_code"": ""valid_trading_sessions"", ""status"": ""full"", ""valid_trading_sessions"": 276}","[""l1.csv""]",[],63.7197,ranked,full,100.0,True,True,False
LHX,"L3Harris Technologies, Inc. Common Stock",nasdaqtrader:N:LHX,common_equity,eligible,N,,289.72,,414744976.6731746,-0.3611101557932206,-3.310639433987439,-17.142366870674365,5.810598590263338,23.45170154301416,36.99567569182272,,,False,,276.0,,2026-08-10,,full,"{""as_of"": ""2026-08-10"", ""listing_date"": null, ""reason_code"": ""valid_trading_sessions"", ""status"": ""full"", ""valid_trading_sessions"": 276}","[""l1.csv""]",[],63.7102,ranked,full,100.0,True,True,False
H,Hyatt Hotels Corporation Class A Common Stock,nasdaqtrader:N:H,common_equity,eligible,N,,170.08,,163676347.87555555,-11.018101914826817,1.479713603818622,4.426843494811816,22.271746944644157,15.839477460537378,30.969627740949022,,,False,,276.0,,2026-08-10,,full,"{""as_of"": ""2026-08-10"", ""listing_date"": null, ""reason_code"": ""valid_trading_sessions"", ""status"": ""full"", ""valid_trading_sessions"": 276}","[""l1.csv""]",[],63.7099,ranked,full,100.0,True,True,False
RRX,Regal Rexnord Corporation Common Stock,nasdaqtrader:N:RRX,common_equity,eligible,N,,173.42,,232669706.70158732,-19.30200093066543,-19.09871244635194,-18.120868744098217,22.98418551875754,27.192577354213032,75.07901343285678,,,False,,276.0,,2026-08-10,,full,"{""as_of"": ""2026-08-10"", ""listing_date"": null, ""reason_code"": ""valid_trading_sessions"", ""status"": ""full"", ""valid_trading_sessions"": 276}","[""l1.csv""]",[],63.709,ranked,full,100.0,True,True,False
CRH,CRH PLC Ordinary Shares,nasdaqtrader:N:CRH,common_equity,eligible,N,,100.6,,493398404.0750794,-3.9251265399675273,-11.56821378340367,-20.868402422716905,-5.910961466517028,23.42822347389253,33.1861443494279,,,False,,276.0,,2026-08-10,,full,"{""as_of"": ""2026-08-10"", ""listing_date"": null, ""reason_code"": ""valid_trading_sessions"", ""status"": ""full"", ""valid_trading_sessions"": 276}","[""l1.csv""]",[],63.7071,ranked,full,100.0,True,True,False
ENSG,"The Ensign Group, Inc. - Common Stock",nasdaqtrader:Q:ENSG,common_equity,eligible,Q,,183.94,,132017458.37444444,9.104929117978532,7.284922717993592,-7.007077856420629,15.49667210850183,14.775517768614188,25.792747751693547,,,False,,276.0,,2026-08-10,,full,"{""as_of"": ""2026-08-10"", ""listing_date"": null, ""reason_code"": ""valid_trading_sessions"", ""status"": ""full"", ""valid_trading_sessions"": 276}","[""l1.csv""]",[],63.6939,ranked,full,100.0,True,True,False
TTEK,"Tetra Tech, Inc. - Common Stock",nasdaqtrader:Q:TTEK,common_equity,eligible,Q,,35.04,,103431672.38746032,13.06873184898354,15.681743149554306,-15.136837006539118,-5.907626208378092,17.765782680122033,32.54517714902635,,,False,,276.0,,2026-08-10,,full,"{""as_of"": ""2026-08-10"", ""listing_date"": null, ""reason_code"": ""valid_trading_sessions"", ""status"": ""full"", ""valid_trading_sessions"": 276}","[""l1.csv""]",[],63.6914,ranked,full,100.0,True,True,False
PSMT,"PriceSmart, Inc. - Common Stock",nasdaqtrader:Q:PSMT,common_equity,eligible,Q,,168.81,,52961084.014047615,-14.004075394803872,6.666245418930883,7.638844608812079,51.68478749213765,14.699343102577057,33.72879897180995,,,False,,276.0,,2026-08-10,,full,"{""as_of"": ""2026-08-10"", ""listing_date"": null, ""reason_code"": ""valid_trading_sessions"", ""status"": ""full"", ""valid_trading_sessions"": 276}","[""l1.csv""]",[],63.6748,ranked,full,100.0,True,True,False
CEVA,"CEVA, Inc. - Common Stock",nasdaqtrader:Q:CEVA,common_equity,eligible,Q,,31.92,,35910111.38761905,-29.907773386034254,-13.659724100622118,41.61490683229816,50.708215297450444,36.2365161805833,112.48979895983365,,,False,,276.0,,2026-08-10,,full,"{""as_of"": ""2026-08-10"", ""listing_date"": null, ""reason_code"": ""valid_trading_sessions"", ""status"": ""full"", ""valid_trading_sessions"": 276}","[""l1.csv""]",[],63.6676,ranked,full,100.0,True,True,False
VMI,"Valmont Industries, Inc. Common Stock",nasdaqtrader:N:VMI,common_equity,eligible,N,,492.24,,122421708.86603174,-9.982992886271791,-3.586328469297817,3.91825705117379,33.75723485774844,15.647330991346065,34.510557584763916,,,False,,276.0,,2026-08-10,,full,"{""as_of"": ""2026-08-10"", ""listing_date"": null, ""reason_code"": ""valid_trading_sessions"", ""status"": ""full"", ""valid_trading_sessions"": 276}","[""l1.csv""]",[],63.6618,ranked,full,100.0,True,True,False
EIX,Edison International Common Stock,nasdaqtrader:N:EIX,common_equity,eligible,N,,67.83,,197721261.8731746,-9.800531914893618,-1.624365482233514,5.967817528511166,23.46195850018202,15.613336650908183,31.199118571085265,,,False,,276.0,,2026-08-10,,full,"{""as_of"": ""2026-08-10"", ""listing_date"": null, ""reason_code"": ""valid_trading_sessions"", ""status"": ""full"", ""valid_trading_sessions"": 276}","[""l1.csv""]",[],63.6533,ranked,full,100.0,True,True,False
CNX,CNX Resources Corporation Common Stock,nasdaqtrader:N:CNX,common_equity,eligible,N,,35.97,,62312451.360952385,12.441387933729287,0.6998880179171385,-10.677924012912843,23.77838953888507,15.583196432762259,26.854719137588106,,,False,,276.0,,2026-08-10,,full,"{""as_of"": ""2026-08-10"", ""listing_date"": null, ""reason_code"": ""valid_trading_sessions"", ""status"": ""full"", ""valid_trading_sessions"": 276}","[""l1.csv""]",[],63.6458,ranked,full,100.0,True,True,False
FICO,Fair Isaac Corporation Common Stock,nasdaqtrader:N:FICO,common_equity,eligible,N,,1049.74,,396474321.6142857,-16.08122152050524,-6.772646536412075,-24.53342918763479,-21.286423418964915,44.14939746215849,71.69877451475229,,,False,,276.0,,2026-08-10,,full,"{""as_of"": ""2026-08-10"", ""listing_date"": null, ""reason_code"": ""valid_trading_sessions"", ""status"": ""full"", ""valid_trading_sessions"": 276}","[""l1.csv""]",[],63.64,ranked,full,100.0,True,True,False
PENN,"PENN Entertainment, Inc. - Common Stock",nasdaqtrader:Q:PENN,common_equity,eligible,Q,,18.85,,68197744.32349207,-7.416502946954806,12.604540023894884,40.56674123788218,11.406619385342797,14.551223934723467,41.25275926914368,,,False,,276.0,,2026-08-10,,full,"{""as_of"": ""2026-08-10"", ""listing_date"": null, ""reason_code"": ""valid_trading_sessions"", ""status"": ""full"", ""valid_trading_sessions"": 276}","[""l1.csv""]",[],63.6378,ranked,full,100.0,True,True,False
HLIT,Harmonic Inc. - Common Stock,nasdaqtrader:Q:HLIT,common_equity,eligible,Q,,11.6,,43338720.79968254,-17.437722419928836,-9.445745511319291,14.851485148514843,32.72311212814645,32.20338983050848,61.8112351773473,,,False,,276.0,,2026-08-10,,full,"{""as_of"": ""2026-08-10"", ""listing_date"": null, ""reason_code"": ""valid_trading_sessions"", ""status"": ""full"", ""valid_trading_sessions"": 276}","[""l1.csv""]",[],63.6271,ranked,full,100.0,True,True,False
VICI,VICI Properties Inc. Common Stock,nasdaqtrader:N:VICI,common_equity,eligible,N,,26.07,,261823168.68380952,0.23068050749710522,-9.604715672676834,-9.35326842837274,-21.023932141775216,22.824156305506214,23.865474662195293,,,False,,276.0,,2026-08-10,,full,"{""as_of"": ""2026-08-10"", ""listing_date"": null, ""reason_code"": ""valid_trading_sessions"", ""status"": ""full"", ""valid_trading_sessions"": 276}","[""l1.csv""]",[],63.6266,ranked,full,100.0,True,True,False
DOCN,"DigitalOcean Holdings, Inc. Common Stock",nasdaqtrader:N:DOCN,common_equity,eligible,N,,129.73,,506010974.40825397,-0.5824201088206138,-20.872217139371763,106.1824539097266,277.89105738421205,28.440620001103213,95.48207769021238,,,False,,276.0,,2026-08-10,,full,"{""as_of"": ""2026-08-10"", ""listing_date"": null, ""reason_code"": ""valid_trading_sessions"", ""status"": ""full"", ""valid_trading_sessions"": 276}","[""l1.csv""]",[],63.6254,ranked,full,100.0,True,True,False
CRSP,CRISPR Therapeutics AG - Common Shares,nasdaqtrader:Q:CRSP,common_equity,eligible,Q,,53.51,,87070502.47015873,0.2999062792877094,-2.4074411818347574,9.786622897004516,-4.378127233738393,30.30737171138318,52.41032015901745,,,False,,276.0,,2026-08-10,,full,"{""as_of"": ""2026-08-10"", ""listing_date"": null, ""reason_code"": ""valid_trading_sessions"", ""status"": ""full"", ""valid_trading_sessions"": 276}","[""l1.csv""]",[],63.6243,ranked,full,100.0,True,True,False
ST,Sensata Technologies Holding plc Ordinary Shares,nasdaqtrader:N:ST,common_equity,eligible,N,,45.79,,98928971.37507936,1.0370697263901052,1.9140885822390263,27.229786051681003,55.90738849165815,14.491129785247425,34.645423570308246,,,False,,276.0,,2026-08-10,,full,"{""as_of"": ""2026-08-10"", ""listing_date"": null, ""reason_code"": ""valid_trading_sessions"", ""status"": ""full"", ""valid_trading_sessions"": 276}","[""l1.csv""]",[],63.6228,ranked,full,100.0,True,True,False
VSTM,"Verastem, Inc. - Common Stock",nasdaqtrader:Q:VSTM,common_equity,eligible,Q,,6.79,,12141326.062698413,22.784810126582265,38.854805725971374,1.799100449775115,20.818505338078296,36.95450324976787,66.58285830751811,,,False,,276.0,,2026-08-10,,full,"{""as_of"": ""2026-08-10"", ""listing_date"": null, ""reason_code"": ""valid_trading_sessions"", ""status"": ""full"", ""valid_trading_sessions"": 276}","[""l1.csv""]",[],63.6197,ranked,full,100.0,True,True,False
NEE,"NextEra Energy, Inc. Common Stock",nasdaqtrader:N:NEE,common_equity,eligible,N,,84.7,,1059581373.6369841,-3.706230104592989,-9.022556390977432,-5.331395998658762,16.698815100578667,13.465467919901918,15.774372592651773,,,False,,276.0,,2026-08-10,,full,"{""as_of"": ""2026-08-10"", ""listing_date"": null, ""reason_code"": ""valid_trading_sessions"", ""status"": ""full"", ""valid_trading_sessions"": 276}","[""l1.csv""]",[],63.6164,ranked,full,100.0,True,True,False
SARO,"StandardAero, Inc. Common Stock",nasdaqtrader:N:SARO,common_equity,eligible,N,,28.33,,104804272.40809524,1.4321518080916418,12.688941925218767,-7.327445207719996,0.4966300106420629,14.462560386473433,40.209024070237774,,,False,,276.0,,2026-08-10,,full,"{""as_of"": ""2026-08-10"", ""listing_date"": null, ""reason_code"": ""valid_trading_sessions"", ""status"": ""full"", ""valid_trading_sessions"": 276}","[""l1.csv""]",[],63.6156,ranked,full,100.0,True,True,False
MGM,MGM Resorts International Common Stock,nasdaqtrader:N:MGM,common_equity,eligible,N,,43.36,,184217780.1631746,-7.508532423208203,11.781386955400874,15.657508668978393,24.92077211178334,14.460445847307158,21.693695869485772,,,False,,276.0,,2026-08-10,,full,"{""as_of"": ""2026-08-10"", ""listing_date"": null, ""reason_code"": ""valid_trading_sessions"", ""status"": ""full"", ""valid_trading_sessions"": 276}","[""l1.csv""]",[],63.6151,ranked,full,100.0,True,True,False
COKE,"Coca-Cola Consolidated, Inc. - Common Stock",nasdaqtrader:Q:COKE,common_equity,eligible,Q,,185.55,,102900614.5047619,3.4857780256553283,6.448281796798816,17.630277672118666,62.43543727567189,14.457609146650674,38.14451776425433,,,False,,276.0,,2026-08-10,,full,"{""as_of"": ""2026-08-10"", ""listing_date"": null, ""reason_code"": ""valid_trading_sessions"", ""status"": ""full"", ""valid_trading_sessions"": 276}","[""l1.csv""]",[],63.6144,ranked,full,100.0,True,True,False
EXTR,"Extreme Networks, Inc. - Common Stock",nasdaqtrader:Q:EXTR,common_equity,eligible,Q,,23.54,,61722139.94920635,-30.169089291011574,-2.079866888519133,54.461942257217835,18.054162487462367,30.169089291011574,81.68551807258478,,,False,,276.0,,2026-08-10,,full,"{""as_of"": ""2026-08-10"", ""listing_date"": null, ""reason_code"": ""valid_trading_sessions"", ""status"": ""full"", ""valid_trading_sessions"": 276}","[""l1.csv""]",[],63.6059,ranked,full,100.0,True,True,False
HSY,The Hershey Company Common Stock,nasdaqtrader:N:HSY,common_equity,eligible,N,,182.75,,364319793.83349204,5.234366002533686,-1.7156071851134769,-21.068544033170646,-2.533333333333332,22.65532419163704,27.66225309268983,,,False,,276.0,,2026-08-10,,full,"{""as_of"": ""2026-08-10"", ""listing_date"": null, ""reason_code"": ""valid_trading_sessions"", ""status"": ""full"", ""valid_trading_sessions"": 276}","[""l1.csv""]",[],63.604,ranked,full,100.0,True,True,False
LSCC,Lattice Semiconductor Corporation - Common Stock,nasdaqtrader:Q:LSCC,common_equity,eligible,Q,,128.32,,281321234.07301587,-6.635622817229336,0.8884346253636322,48.50133086448327,111.33069828722002,17.356862239969097,74.73913047480534,,,False,,276.0,,2026-08-10,,full,"{""as_of"": ""2026-08-10"", ""listing_date"": null, ""reason_code"": ""valid_trading_sessions"", ""status"": ""full"", ""valid_trading_sessions"": 276}","[""l1.csv""]",[],63.5892,ranked,full,100.0,True,True,False
AOS,A.O. Smith Corporation Common Stock,nasdaqtrader:N:AOS,common_equity,eligible,N,,62.41,,105307347.27444445,3.259430840502975,6.501706484641634,-20.979994935426692,-11.625601812517717,22.443146514228907,30.946329816381603,,,False,,276.0,,2026-08-10,,full,"{""as_of"": ""2026-08-10"", ""listing_date"": null, ""reason_code"": ""valid_trading_sessions"", ""status"": ""full"", ""valid_trading_sessions"": 276}","[""l1.csv""]",[],63.5758,ranked,full,100.0,True,True,False
PYPL,"PayPal Holdings, Inc. - Common Stock",nasdaqtrader:Q:PYPL,common_equity,eligible,Q,,59.07,,797506861.2583333,27.525906735751306,30.196164866651976,46.14052449282533,-13.412489006156548,22.409037173256262,52.08771643806246,,,False,,276.0,,2026-08-10,,full,"{""as_of"": ""2026-08-10"", ""listing_date"": null, ""reason_code"": ""valid_trading_sessions"", ""status"": ""full"", ""valid_trading_sessions"": 276}","[""l1.csv""]",[],63.5712,ranked,full,100.0,True,True,False
MLM,"Martin Marietta Materials, Inc. Common Stock",nasdaqtrader:N:MLM,common_equity,eligible,N,,549.54,,345852172.60142857,-4.877795471854885,-6.917578508757072,-20.35652173913044,-8.455772113943027,22.393413452712153,37.89953011547703,,,False,,276.0,,2026-08-10,,full,"{""as_of"": ""2026-08-10"", ""listing_date"": null, ""reason_code"": ""valid_trading_sessions"", ""status"": ""full"", ""valid_trading_sessions"": 276}","[""l1.csv""]",[],63.5691,ranked,full,100.0,True,True,False
NPO,Enpro Inc. Common Stock,nasdaqtrader:N:NPO,common_equity,eligible,N,,332.52,,87765979.16253968,0.48350054393810904,7.535088286656744,24.27402175131741,54.30162412993038,14.221591641945054,49.6719184655487,,,False,,276.0,,2026-08-10,,full,"{""as_of"": ""2026-08-10"", ""listing_date"": null, ""reason_code"": ""valid_trading_sessions"", ""status"": ""full"", ""valid_trading_sessions"": 276}","[""l1.csv""]",[],63.5554,ranked,full,100.0,True,True,False
DIS,Walt Disney Company (The) Common Stock,nasdaqtrader:N:DIS,common_equity,eligible,N,,103.18,,1058994173.9760317,7.906295754026349,-4.48065173116089,-5.0781968721251065,-8.593196314670436,13.191990577149582,29.285542830467808,,,False,,276.0,,2026-08-10,,full,"{""as_of"": ""2026-08-10"", ""listing_date"": null, ""reason_code"": ""valid_trading_sessions"", ""status"": ""full"", ""valid_trading_sessions"": 276}","[""l1.csv""]",[],63.548,ranked,full,100.0,True,True,False
SRPT,"Sarepta Therapeutics, Inc. - Common Stock",nasdaqtrader:Q:SRPT,common_equity,eligible,Q,,17.18,,57751961.915476196,-9.340369393139836,-13.906289150588824,-7.13513513513514,-4.342984409799566,29.734151329243353,53.5666129974316,,,False,,276.0,,2026-08-10,,full,"{""as_of"": ""2026-08-10"", ""listing_date"": null, ""reason_code"": ""valid_trading_sessions"", ""status"": ""full"", ""valid_trading_sessions"": 276}","[""l1.csv""]",[],63.5479,ranked,full,100.0,True,True,False
IREN,IREN Limited - Ordinary Shares,nasdaqtrader:Q:IREN,common_equity,eligible,Q,,38.74,,2313724240.4536505,-5.833738454059301,-36.69934640522876,-7.38704279225435,108.61604738826065,49.299829865200884,138.31426289647752,,,False,,276.0,,2026-08-10,,full,"{""as_of"": ""2026-08-10"", ""listing_date"": null, ""reason_code"": ""valid_trading_sessions"", ""status"": ""full"", ""valid_trading_sessions"": 276}","[""l1.csv""]",[],63.5467,ranked,full,100.0,True,True,False
SLG,SL Green Realty Corp Common Stock,nasdaqtrader:N:SLG,common_equity,eligible,N,,55.05,,55182040.301746026,13.085456039441246,20.32786885245901,25.914913083257083,1.120499632623062,16.17176793056191,37.088153174737016,,,False,,276.0,,2026-08-10,,full,"{""as_of"": ""2026-08-10"", ""listing_date"": null, ""reason_code"": ""valid_trading_sessions"", ""status"": ""full"", ""valid_trading_sessions"": 276}","[""l1.csv""]",[],63.5429,ranked,full,100.0,True,True,False
CHTR,"Charter Communications, Inc. - Class A Common Stock",nasdaqtrader:Q:CHTR,common_equity,eligible,Q,,153.29,,465193282.9912698,17.256941788418878,-1.0138189332300263,-33.680886043090766,-40.764355823479406,45.78411261229398,51.442976122487096,,,False,,276.0,,2026-08-10,,full,"{""as_of"": ""2026-08-10"", ""listing_date"": null, ""reason_code"": ""valid_trading_sessions"", ""status"": ""full"", ""valid_trading_sessions"": 276}","[""l1.csv""]",[],63.5311,ranked,full,100.0,True,True,False
AMBA,"Ambarella, Inc. - Ordinary Shares",nasdaqtrader:Q:AMBA,common_equity,eligible,Q,,82.04,,141362989.0153968,6.131953428201831,7.522935779816531,28.912633563796362,30.460364156794164,14.10323526332321,117.00386739422963,,,False,,276.0,,2026-08-10,,full,"{""as_of"": ""2026-08-10"", ""listing_date"": null, ""reason_code"": ""valid_trading_sessions"", ""status"": ""full"", ""valid_trading_sessions"": 276}","[""l1.csv""]",[],63.5258,ranked,full,100.0,True,True,False
PCTY,Paylocity Holding Corporation - Common Stock,nasdaqtrader:Q:PCTY,common_equity,eligible,Q,,145.65,,93695816.06142858,22.911392405063303,31.239863038385284,23.58930844293594,-20.70880287440796,20.10860622017443,47.525518371982365,,,False,,276.0,,2026-08-10,,full,"{""as_of"": ""2026-08-10"", ""listing_date"": null, ""reason_code"": ""valid_trading_sessions"", ""status"": ""full"", ""valid_trading_sessions"": 276}","[""l1.csv""]",[],63.5145,ranked,full,100.0,True,True,False
BXP,"BXP, Inc. Common Stock",nasdaqtrader:N:BXP,common_equity,eligible,N,,67.9,,95248910.07031746,1.6162825501347067,14.252061248527692,4.91347342398023,3.3642868016440897,13.974407703028003,27.774035680789538,,,False,,276.0,,2026-08-10,,full,"{""as_of"": ""2026-08-10"", ""listing_date"": null, ""reason_code"": ""valid_trading_sessions"", ""status"": ""full"", ""valid_trading_sessions"": 276}","[""l1.csv""]",[],63.4936,ranked,full,100.0,True,True,False
TYL,"Tyler Technologies, Inc. Common Stock",nasdaqtrader:N:TYL,common_equity,eligible,N,,318.63,,273048275.41317457,2.956572314850714,-1.833138209378271,-8.531649203387403,-46.911811259767745,46.39017413981661,48.66624540849932,,,False,,276.0,,2026-08-10,,full,"{""as_of"": ""2026-08-10"", ""listing_date"": null, ""reason_code"": ""valid_trading_sessions"", ""status"": ""full"", ""valid_trading_sessions"": 276}","[""l1.csv""]",[],63.4907,ranked,full,100.0,True,True,False
COST,Costco Wholesale Corporation - Common Stock,nasdaqtrader:Q:COST,common_equity,eligible,Q,,952.75,,2333527351.313968,3.983628922237381,-5.555170055214664,-4.8353909465020495,-2.526983477415734,12.93680093574091,22.107274869175484,,,False,,276.0,,2026-08-10,,full,"{""as_of"": ""2026-08-10"", ""listing_date"": null, ""reason_code"": ""valid_trading_sessions"", ""status"": ""full"", ""valid_trading_sessions"": 276}","[""l1.csv""]",[],63.4842,ranked,full,100.0,True,True,False
SANA,"Sana Biotechnology, Inc. - Common Stock",nasdaqtrader:Q:SANA,common_equity,eligible,Q,,3.61,,11896076.309999999,-6.233766233766236,2.8490028490028463,-8.14249363867685,21.54882154882154,39.020270270270274,64.6213535195929,,,False,,276.0,,2026-08-10,,full,"{""as_of"": ""2026-08-10"", ""listing_date"": null, ""reason_code"": ""valid_trading_sessions"", ""status"": ""full"", ""valid_trading_sessions"": 276}","[""l1.csv""]",[],63.482,ranked,full,100.0,True,True,False
HOG,"Harley-Davidson, Inc. Common Stock",nasdaqtrader:N:HOG,common_equity,eligible,N,,26.09,,66989011.14952381,3.7788385043755035,2.6357199055861535,27.33040507564666,8.302200083022004,15.920077344505323,40.692719990434476,,,False,,276.0,,2026-08-10,,full,"{""as_of"": ""2026-08-10"", ""listing_date"": null, ""reason_code"": ""valid_trading_sessions"", ""status"": ""full"", ""valid_trading_sessions"": 276}","[""l1.csv""]",[],63.48,ranked,full,100.0,True,True,False
VNT,Vontier Corporation Common Stock,nasdaqtrader:N:VNT,common_equity,eligible,N,,34.24,,56210377.19603174,16.38341264445955,13.7919574609505,-18.669833729216144,-15.184542977458504,21.665522763669642,30.360983429768858,,,False,,276.0,,2026-08-10,,full,"{""as_of"": ""2026-08-10"", ""listing_date"": null, ""reason_code"": ""valid_trading_sessions"", ""status"": ""full"", ""valid_trading_sessions"": 276}","[""l1.csv""]",[],63.4721,ranked,full,100.0,True,True,False
ADSK,"Autodesk, Inc. - Common Stock",nasdaqtrader:Q:ADSK,common_equity,eligible,Q,,256.07,,575347959.6639683,22.844806908131442,4.7321063394683005,6.51830282861896,-12.6011126659613,21.640809082285262,41.657139129720576,,,False,,276.0,,2026-08-10,,full,"{""as_of"": ""2026-08-10"", ""listing_date"": null, ""reason_code"": ""valid_trading_sessions"", ""status"": ""full"", ""valid_trading_sessions"": 276}","[""l1.csv""]",[],63.4688,ranked,full,100.0,True,True,False
MRX,Marex Group Limited - Ordinary Shares,nasdaqtrader:Q:MRX,common_equity,eligible,Q,,60.55,,51583534.0004762,-7.95074490726665,7.149177136789953,49.5800395256917,70.4673423423423,13.856878645611047,56.87091738874647,,,False,,276.0,,2026-08-10,,full,"{""as_of"": ""2026-08-10"", ""listing_date"": null, ""reason_code"": ""valid_trading_sessions"", ""status"": ""full"", ""valid_trading_sessions"": 276}","[""l1.csv""]",[],63.4642,ranked,full,100.0,True,True,False
LOAR,Loar Holdings Inc. Common Stock,nasdaqtrader:N:LOAR,common_equity,eligible,N,,70.64,,50644115.49952381,-3.3520317416883327,18.127090301003346,7.765064836003055,-0.68887951637846,13.748473748473755,43.66616602591062,,,False,,276.0,,2026-08-10,,full,"{""as_of"": ""2026-08-10"", ""listing_date"": null, ""reason_code"": ""valid_trading_sessions"", ""status"": ""full"", ""valid_trading_sessions"": 276}","[""l1.csv""]",[],63.4371,ranked,full,100.0,True,True,False
GSK,GSK plc American Depositary Shares (Each representing two Ordinary Shares),nasdaqtrader:N:GSK,adr,eligible,N,,52.16,,206536200.96746033,-1.1746873815839387,3.471533425907558,-13.398638552216502,38.797232570516236,14.74338018960445,27.163354174320276,,,False,,276.0,,2026-08-10,,full,"{""as_of"": ""2026-08-10"", ""listing_date"": null, ""reason_code"": ""valid_trading_sessions"", ""status"": ""full"", ""valid_trading_sessions"": 276}","[""l1.csv""]",[],63.4358,ranked,full,100.0,True,True,False
VIST,"Vista Energy S.A.B. de C.V. American Depositary Shares, each representing one series A share, with no par value",nasdaqtrader:N:VIST,adr,eligible,N,,68.36,,64529134.7384127,5.477549760839362,4.830547462045698,22.202359671076156,53.44556677890011,13.741324921135645,44.05296672319171,,,False,,276.0,,2026-08-10,,full,"{""as_of"": ""2026-08-10"", ""listing_date"": null, ""reason_code"": ""valid_trading_sessions"", ""status"": ""full"", ""valid_trading_sessions"": 276}","[""l1.csv""]",[],63.4353,ranked,full,100.0,True,True,False
ARW,"Arrow Electronics, Inc. Common Stock",nasdaqtrader:N:ARW,common_equity,eligible,N,,202.57,,138540935.19222224,-1.8603749818322801,3.9086945370607973,27.72383354350567,70.91630104623692,13.737597410892999,45.47637521676288,,,False,,276.0,,2026-08-10,,full,"{""as_of"": ""2026-08-10"", ""listing_date"": null, ""reason_code"": ""valid_trading_sessions"", ""status"": ""full"", ""valid_trading_sessions"": 276}","[""l1.csv""]",[],63.4344,ranked,full,100.0,True,True,False
LPTH,"LightPath Technologies, Inc. - Class A Common Stock",nasdaqtrader:Q:LPTH,common_equity,eligible,Q,,12.57,,48516384.125396825,7.069846678023861,9.209383145091232,19.034090909090917,241.57608695652172,30.743801652892554,122.00984164702461,,,False,,276.0,,2026-08-10,,full,"{""as_of"": ""2026-08-10"", ""listing_date"": null, ""reason_code"": ""valid_trading_sessions"", ""status"": ""full"", ""valid_trading_sessions"": 276}","[""l1.csv""]",[],63.4325,ranked,full,100.0,True,True,False
FOXA,Fox Corporation - Class A Common Stock,nasdaqtrader:Q:FOXA,common_equity,eligible,Q,,63.42,,347665639.64730155,17.184035476718407,0.7626310772164135,-2.0994133991972808,17.727863374791177,16.67323610563658,33.253372346498836,,,False,,276.0,,2026-08-10,,full,"{""as_of"": ""2026-08-10"", ""listing_date"": null, ""reason_code"": ""valid_trading_sessions"", ""status"": ""full"", ""valid_trading_sessions"": 276}","[""l1.csv""]",[],63.4183,ranked,full,100.0,True,True,False
XMTR,"Xometry, Inc. - Class A Common Stock",nasdaqtrader:Q:XMTR,common_equity,eligible,Q,,90.53,,79845956.31182541,-5.76662850005204,13.148356455443055,37.1043465091625,110.14391829155063,13.657606103958031,64.42216433330572,,,False,,276.0,,2026-08-10,,full,"{""as_of"": ""2026-08-10"", ""listing_date"": null, ""reason_code"": ""valid_trading_sessions"", ""status"": ""full"", ""valid_trading_sessions"": 276}","[""l1.csv""]",[],63.4144,ranked,full,100.0,True,True,False
TSLA,"Tesla, Inc.  - Common Stock",nasdaqtrader:Q:TSLA,common_equity,eligible,Q,,330.88,,17705495434.330795,-18.85422797724151,-22.75475662425587,-19.5154581498869,2.6716728209265517,32.45692822732098,68.21554536374995,,,False,,276.0,,2026-08-10,,full,"{""as_of"": ""2026-08-10"", ""listing_date"": null, ""reason_code"": ""valid_trading_sessions"", ""status"": ""full"", ""valid_trading_sessions"": 276}","[""l1.csv""]",[],63.4109,ranked,full,100.0,True,True,False
FLS,Flowserve Corporation Common Stock,nasdaqtrader:N:FLS,common_equity,eligible,N,,79.49,,149953759.36650795,12.783768444948906,11.75312807535498,-6.985724315469222,51.81436210847974,13.635375923511528,41.30515630492494,,,False,,276.0,,2026-08-10,,full,"{""as_of"": ""2026-08-10"", ""listing_date"": null, ""reason_code"": ""valid_trading_sessions"", ""status"": ""full"", ""valid_trading_sessions"": 276}","[""l1.csv""]",[],63.4088,ranked,full,100.0,True,True,False
SNPS,"Synopsys, Inc. - Common Stock",nasdaqtrader:Q:SNPS,common_equity,eligible,Q,,411.68,,888858681.306746,-7.591470258136923,-20.291201982651796,-3.56071964017991,-33.63478821585459,34.21540428251837,40.62191690156447,,,False,,276.0,,2026-08-10,,full,"{""as_of"": ""2026-08-10"", ""listing_date"": null, ""reason_code"": ""valid_trading_sessions"", ""status"": ""full"", ""valid_trading_sessions"": 276}","[""l1.csv""]",[],63.3954,ranked,full,100.0,True,True,False
SLS,"SELLAS Life Sciences Group, Inc.  - Common Stock",nasdaqtrader:Q:SLS,common_equity,eligible,Q,,11.04,,101043251.55619048,-13.479623824451414,120.35928143712576,195.97855227882036,590.0,28.543689320388353,118.28091140631858,,,False,,276.0,,2026-08-10,,full,"{""as_of"": ""2026-08-10"", ""listing_date"": null, ""reason_code"": ""valid_trading_sessions"", ""status"": ""full"", ""valid_trading_sessions"": 276}","[""l1.csv""]",[],63.3892,ranked,full,100.0,True,True,False
CRNC,Cerence Inc. - Common Stock,nasdaqtrader:Q:CRNC,common_equity,eligible,Q,,8.905,,10032193.96357143,-14.947468958930287,-9.777102330293818,14.607464607464603,-2.3574561403508776,34.13461538461539,67.66013908630742,,,False,,276.0,,2026-08-10,,full,"{""as_of"": ""2026-08-10"", ""listing_date"": null, ""reason_code"": ""valid_trading_sessions"", ""status"": ""full"", ""valid_trading_sessions"": 276}","[""l1.csv""]",[],63.3846,ranked,full,100.0,True,True,False
CARR,Carrier Global Corporation Common Stock,nasdaqtrader:N:CARR,common_equity,eligible,N,,63.44,,435514800.0801587,-8.50879723103548,-5.072572198114623,-0.7509386733416834,-4.400241109101877,16.52631578947369,40.87451788613361,,,False,,276.0,,2026-08-10,,full,"{""as_of"": ""2026-08-10"", ""listing_date"": null, ""reason_code"": ""valid_trading_sessions"", ""status"": ""full"", ""valid_trading_sessions"": 276}","[""l1.csv""]",[],63.3816,ranked,full,100.0,True,True,False
HCC,"Warrior Met Coal, Inc. Common Stock",nasdaqtrader:N:HCC,common_equity,eligible,N,,95.37,,69961344.20682539,19.078536646272948,11.063235122860139,7.097136440202134,59.80227882037534,13.520130576713818,37.797212353692665,,,False,,276.0,,2026-08-10,,full,"{""as_of"": ""2026-08-10"", ""listing_date"": null, ""reason_code"": ""valid_trading_sessions"", ""status"": ""full"", ""valid_trading_sessions"": 276}","[""l1.csv""]",[],63.38,ranked,full,100.0,True,True,False
MDGL,"Madrigal Pharmaceuticals, Inc. - Common Stock",nasdaqtrader:Q:MDGL,common_equity,eligible,Q,,515.34,,185505689.71396825,-3.979877026271661,1.0391341855540803,7.9020100502512625,50.55654561921179,14.513212680191767,50.36764153033202,,,False,,276.0,,2026-08-10,,full,"{""as_of"": ""2026-08-10"", ""listing_date"": null, ""reason_code"": ""valid_trading_sessions"", ""status"": ""full"", ""valid_trading_sessions"": 276}","[""l1.csv""]",[],63.3783,ranked,full,100.0,True,True,False
RRC,Range Resources Corporation Common Stock,nasdaqtrader:N:RRC,common_equity,eligible,N,,40.29,,116483142.62873015,13.524936601859672,-0.5676209279368294,10.172272354388845,15.543447089188422,15.445960125918157,35.025498721089015,,,False,,276.0,,2026-08-10,,full,"{""as_of"": ""2026-08-10"", ""listing_date"": null, ""reason_code"": ""valid_trading_sessions"", ""status"": ""full"", ""valid_trading_sessions"": 276}","[""l1.csv""]",[],63.3615,ranked,full,100.0,True,True,False
PG,Procter & Gamble Company (The) Common Stock,nasdaqtrader:N:PG,common_equity,eligible,N,,146.44,,1304973895.0498412,-0.4080522306855294,0.013659336156268687,-7.997738267261411,-4.593133103133762,12.416267942583726,21.44309725334119,,,False,,276.0,,2026-08-10,,full,"{""as_of"": ""2026-08-10"", ""listing_date"": null, ""reason_code"": ""valid_trading_sessions"", ""status"": ""full"", ""valid_trading_sessions"": 276}","[""l1.csv""]",[],63.3541,ranked,full,100.0,True,True,False
APG,APi Group Corporation Common Stock,nasdaqtrader:N:APG,common_equity,eligible,N,,42.32,,117996167.04111111,2.3210831721470093,-3.9055404178020003,-4.791901012373456,21.81922855497984,14.331983805668013,25.982514165657832,,,False,,276.0,,2026-08-10,,full,"{""as_of"": ""2026-08-10"", ""listing_date"": null, ""reason_code"": ""valid_trading_sessions"", ""status"": ""full"", ""valid_trading_sessions"": 276}","[""l1.csv""]",[],63.333,ranked,full,100.0,True,True,False
XRAY,DENTSPLY SIRONA Inc. - Common Stock,nasdaqtrader:Q:XRAY,common_equity,eligible,Q,,11.66,,65875273.78555555,-4.893964110929849,6.000000000000005,-15.261627906976738,-11.866969009826157,20.572207084468662,60.28470757947535,,,False,,276.0,,2026-08-10,,full,"{""as_of"": ""2026-08-10"", ""listing_date"": null, ""reason_code"": ""valid_trading_sessions"", ""status"": ""full"", ""valid_trading_sessions"": 276}","[""l1.csv""]",[],63.3263,ranked,full,100.0,True,True,False
KEEL,Keel Infrastructure Corp. - Common Stock,nasdaqtrader:Q:KEEL,common_equity,eligible,Q,,3.4,,230639517.5095238,-26.881720430107535,-14.35768261964736,58.87850467289719,165.625,48.94894894894895,131.6998858941177,,,False,,276.0,,2026-08-10,,full,"{""as_of"": ""2026-08-10"", ""listing_date"": null, ""reason_code"": ""valid_trading_sessions"", ""status"": ""full"", ""valid_trading_sessions"": 276}","[""l1.csv""]",[],63.3201,ranked,full,100.0,True,True,False
FLEX,Flex Ltd. - Ordinary Shares,nasdaqtrader:Q:FLEX,common_equity,eligible,Q,,119.7,,948552787.9209523,-11.855670103092786,-15.805022156573113,87.08971553610505,140.7966203983102,26.143024618991785,78.667550691728,,,False,,276.0,,2026-08-10,,full,"{""as_of"": ""2026-08-10"", ""listing_date"": null, ""reason_code"": ""valid_trading_sessions"", ""status"": ""full"", ""valid_trading_sessions"": 276}","[""l1.csv""]",[],63.3191,ranked,full,100.0,True,True,False
BG,Bunge Limited Common Shares,nasdaqtrader:N:BG,common_equity,eligible,N,,112.65,,192888155.6638095,-1.460811756473046,-9.836721626380651,-2.770585189021224,36.13293051359516,14.27593029449813,38.98066786806108,,,False,,276.0,,2026-08-10,,full,"{""as_of"": ""2026-08-10"", ""listing_date"": null, ""reason_code"": ""valid_trading_sessions"", ""status"": ""full"", ""valid_trading_sessions"": 276}","[""l1.csv""]",[],63.319,ranked,full,100.0,True,True,False
DDS,"Dillard's, Inc. Common Stock",nasdaqtrader:N:DDS,common_equity,eligible,N,,633.98,,73688733.70587303,21.03936767345069,12.557478916999564,-4.880646952033729,35.59329283942168,13.24018447306119,41.93659566576514,,,False,,276.0,,2026-08-10,,full,"{""as_of"": ""2026-08-10"", ""listing_date"": null, ""reason_code"": ""valid_trading_sessions"", ""status"": ""full"", ""valid_trading_sessions"": 276}","[""l1.csv""]",[],63.31,ranked,full,100.0,True,True,False
RBC,RBC Bearings Incorporated Common Stock,nasdaqtrader:N:RBC,common_equity,eligible,N,,556.5,,159714463.05238095,-6.547549077230519,-8.166801432366878,2.294033307598986,37.52285869618939,14.238160551094946,28.4527396934961,,,False,,276.0,,2026-08-10,,full,"{""as_of"": ""2026-08-10"", ""listing_date"": null, ""reason_code"": ""valid_trading_sessions"", ""status"": ""full"", ""valid_trading_sessions"": 276}","[""l1.csv""]",[],63.3095,ranked,full,100.0,True,True,False
AMT,American Tower Corporation (REIT) Common Stock,nasdaqtrader:N:AMT,common_equity,eligible,N,,169.11,,584577512.4709524,0.3084405955276148,-4.2032515719707675,-1.2611665790856486,-19.475263082710338,20.1859543137625,32.00799128511177,,,False,,276.0,,2026-08-10,,full,"{""as_of"": ""2026-08-10"", ""listing_date"": null, ""reason_code"": ""valid_trading_sessions"", ""status"": ""full"", ""valid_trading_sessions"": 276}","[""l1.csv""]",[],63.2748,ranked,full,100.0,True,True,False
DKNG,DraftKings Inc. - Class A Common Stock,nasdaqtrader:Q:DKNG,common_equity,eligible,Q,,24.27,,326736955.37579364,-8.328611898017002,-4.89811912225705,-8.827948910593541,-46.30530973451328,49.67862326352892,47.50673792440776,,,False,,276.0,,2026-08-10,,full,"{""as_of"": ""2026-08-10"", ""listing_date"": null, ""reason_code"": ""valid_trading_sessions"", ""status"": ""full"", ""valid_trading_sessions"": 276}","[""l1.csv""]",[],63.2714,ranked,full,100.0,True,True,False
REAL,"The RealReal, Inc. - Common Stock",nasdaqtrader:Q:REAL,common_equity,eligible,Q,,11.91,,36922396.38253968,12.35849056603775,16.081871345029253,-9.014514896867832,116.15245009074413,29.52662721893491,45.44066671611163,,,False,,276.0,,2026-08-10,,full,"{""as_of"": ""2026-08-10"", ""listing_date"": null, ""reason_code"": ""valid_trading_sessions"", ""status"": ""full"", ""valid_trading_sessions"": 276}","[""l1.csv""]",[],63.2702,ranked,full,100.0,True,True,False
MKTX,"MarketAxess Holdings, Inc. - Common Stock",nasdaqtrader:Q:MKTX,common_equity,eligible,Q,,162.5,,127555546.5011111,42.71912875461092,10.14708872771639,0.10472494301729807,-11.890690234777423,16.06838489747431,77.54682047111734,,,False,,276.0,,2026-08-10,,full,"{""as_of"": ""2026-08-10"", ""listing_date"": null, ""reason_code"": ""valid_trading_sessions"", ""status"": ""full"", ""valid_trading_sessions"": 276}","[""l1.csv""]",[],63.2671,ranked,full,100.0,True,True,False
CDW,CDW Corporation - Common Stock,nasdaqtrader:Q:CDW,common_equity,eligible,Q,,136.43,,278269958.8300793,-5.5128471500796365,30.193720774883094,-4.340204739868181,-15.721522115147014,20.108918428295365,51.7334662246479,,,False,,276.0,,2026-08-10,,full,"{""as_of"": ""2026-08-10"", ""listing_date"": null, ""reason_code"": ""valid_trading_sessions"", ""status"": ""full"", ""valid_trading_sessions"": 276}","[""l1.csv""]",[],63.2645,ranked,full,100.0,True,True,False
EXK,Endeavour Silver Corporation Ordinary Shares (Canada),nasdaqtrader:N:EXK,common_equity,eligible,N,,10.24,,60091777.13396826,26.732673267326735,2.0937188434696052,-9.859154929577462,89.62962962962962,27.478753541076482,67.50798507938202,,,False,,276.0,,2026-08-10,,full,"{""as_of"": ""2026-08-10"", ""listing_date"": null, ""reason_code"": ""valid_trading_sessions"", ""status"": ""full"", ""valid_trading_sessions"": 276}","[""l1.csv""]",[],63.2472,ranked,full,100.0,True,True,False
ASM,Avino Silver & Gold Mines Ltd. Common Shares (Canada),nasdaqtrader:A:ASM,common_equity,eligible,A,,7.31,,25981983.93031746,20.82644628099173,5.942028985507242,-27.980295566502466,97.03504043126682,34.9644128113879,79.97228442439143,,,False,,276.0,,2026-08-10,,full,"{""as_of"": ""2026-08-10"", ""listing_date"": null, ""reason_code"": ""valid_trading_sessions"", ""status"": ""full"", ""valid_trading_sessions"": 276}","[""l1.csv""]",[],63.2453,ranked,full,100.0,True,True,False
TENB,"Tenable Holdings, Inc. - Common Stock",nasdaqtrader:Q:TENB,common_equity,eligible,Q,,36.7,,116742797.34904762,-7.742584213172443,68.11726981218509,72.86858219500706,24.745071380013606,13.950762016412654,74.80457973886232,,,False,,276.0,,2026-08-10,,full,"{""as_of"": ""2026-08-10"", ""listing_date"": null, ""reason_code"": ""valid_trading_sessions"", ""status"": ""full"", ""valid_trading_sessions"": 276}","[""l1.csv""]",[],63.2377,ranked,full,100.0,True,True,False
TKR,Timken Company (The) Common Stock,nasdaqtrader:N:TKR,common_equity,eligible,N,,126.57,,137868853.59079364,-7.82171728206249,7.289988980249218,19.360618634477532,71.24881612772292,12.902559867877784,38.044393973717916,,,False,,276.0,,2026-08-10,,full,"{""as_of"": ""2026-08-10"", ""listing_date"": null, ""reason_code"": ""valid_trading_sessions"", ""status"": ""full"", ""valid_trading_sessions"": 276}","[""l1.csv""]",[],63.2256,ranked,full,100.0,True,True,False
AGX,"Argan, Inc. Common Stock",nasdaqtrader:N:AGX,common_equity,eligible,N,,581.26,,221590939.76,-7.783348140626989,-14.553259048011057,65.08847169757735,147.34468085106386,27.210569156596332,88.58432502904084,,,False,,276.0,,2026-08-10,,full,"{""as_of"": ""2026-08-10"", ""listing_date"": null, ""reason_code"": ""valid_trading_sessions"", ""status"": ""full"", ""valid_trading_sessions"": 276}","[""l1.csv""]",[],63.2114,ranked,full,100.0,True,True,False
TKO,"TKO Group Holdings, Inc. Class A Common Stock",nasdaqtrader:N:TKO,common_equity,eligible,N,,189.42,,270667219.14936507,2.7223427331887207,1.4079982868461904,-10.608777725342156,17.842478536767437,15.79836415362732,26.924688254715317,,,False,,276.0,,2026-08-10,,full,"{""as_of"": ""2026-08-10"", ""listing_date"": null, ""reason_code"": ""valid_trading_sessions"", ""status"": ""full"", ""valid_trading_sessions"": 276}","[""l1.csv""]",[],63.1996,ranked,full,100.0,True,True,False
DEO,Diageo plc Common Stock,nasdaqtrader:N:DEO,common_equity,eligible,N,,97.11,,102217853.02809525,18.38351822503961,15.195729537366542,0.23740710156896494,-10.908256880733946,15.798144455042051,34.89424938951173,,,False,,276.0,,2026-08-10,,full,"{""as_of"": ""2026-08-10"", ""listing_date"": null, ""reason_code"": ""valid_trading_sessions"", ""status"": ""full"", ""valid_trading_sessions"": 276}","[""l1.csv""]",[],63.1995,ranked,full,100.0,True,True,False
MCD,McDonald's Corporation Common Stock,nasdaqtrader:N:MCD,common_equity,eligible,N,,273.72,,1272748686.3868253,-0.32046613255644063,-0.7361740707162223,-16.33451522190976,-11.103893994998536,19.74432651146425,23.482541267142288,,,False,,276.0,,2026-08-10,,full,"{""as_of"": ""2026-08-10"", ""listing_date"": null, ""reason_code"": ""valid_trading_sessions"", ""status"": ""full"", ""valid_trading_sessions"": 276}","[""l1.csv""]",[],63.1861,ranked,full,100.0,True,True,False
CMG,"Chipotle Mexican Grill, Inc. Common Stock",nasdaqtrader:N:CMG,common_equity,eligible,N,,32.14,,649118662.1946032,-8.822695035460992,-1.0772545398584188,-18.40568672251841,-24.713047552119928,27.020890099909167,61.24626869031753,,,False,,276.0,,2026-08-10,,full,"{""as_of"": ""2026-08-10"", ""listing_date"": null, ""reason_code"": ""valid_trading_sessions"", ""status"": ""full"", ""valid_trading_sessions"": 276}","[""l1.csv""]",[],63.1861,ranked,full,100.0,True,True,False
ROCK,"Gibraltar Industries, Inc. - Common Stock",nasdaqtrader:Q:ROCK,common_equity,eligible,Q,,48.86,,15605062.931507936,15.727143533870214,19.725557461406517,-9.36746429233908,-18.675099866844203,34.48645749530706,66.98835350780217,,,False,,276.0,,2026-08-10,,full,"{""as_of"": ""2026-08-10"", ""listing_date"": null, ""reason_code"": ""valid_trading_sessions"", ""status"": ""full"", ""valid_trading_sessions"": 276}","[""l1.csv""]",[],63.1815,ranked,full,100.0,True,True,False
JBLU,JetBlue Airways Corporation - Common Stock,nasdaqtrader:Q:JBLU,common_equity,eligible,Q,,5.64,,168153556.74603173,-2.083333333333337,10.37181996086105,-11.32075471698114,30.555555555555536,12.693498452012387,67.17937809601906,,,False,,276.0,,2026-08-10,,full,"{""as_of"": ""2026-08-10"", ""listing_date"": null, ""reason_code"": ""valid_trading_sessions"", ""status"": ""full"", ""valid_trading_sessions"": 276}","[""l1.csv""]",[],63.1734,ranked,full,100.0,True,True,False
EYPT,"EyePoint, Inc. - Common Stock",nasdaqtrader:Q:EYPT,common_equity,eligible,Q,,13.07,,18149282.014285717,-11.209239130434788,-4.319180087847729,-1.7293233082706805,29.791459781529284,30.663129973474803,69.90347764384394,,,False,,276.0,,2026-08-10,,full,"{""as_of"": ""2026-08-10"", ""listing_date"": null, ""reason_code"": ""valid_trading_sessions"", ""status"": ""full"", ""valid_trading_sessions"": 276}","[""l1.csv""]",[],63.1718,ranked,full,100.0,True,True,False
OSK,Oshkosh Corporation (Holding Company)Common Stock,nasdaqtrader:N:OSK,common_equity,eligible,N,,155.39,,117383600.47698413,6.18422850895175,12.625933173878368,-9.504396948343153,14.90793462988982,12.67281105990784,39.74030699122795,,,False,,276.0,,2026-08-10,,full,"{""as_of"": ""2026-08-10"", ""listing_date"": null, ""reason_code"": ""valid_trading_sessions"", ""status"": ""full"", ""valid_trading_sessions"": 276}","[""l1.csv""]",[],63.1682,ranked,full,100.0,True,True,False
BELFB,Bel Fuse Inc. - Class B Common Stock,nasdaqtrader:Q:BELFB,common_equity,eligible,Q,,284.21,,90419332.36492063,4.266637317484778,-4.621115511108142,28.729957423679675,114.32018701455391,14.66190247417729,85.6310418947201,,,False,,276.0,,2026-08-10,,full,"{""as_of"": ""2026-08-10"", ""listing_date"": null, ""reason_code"": ""valid_trading_sessions"", ""status"": ""full"", ""valid_trading_sessions"": 276}","[""l1.csv""]",[],63.1655,ranked,full,100.0,True,True,False
