ticker,company,contract_id,security_type,instrument_status,exchange,sector,price,market_cap,avg_dollar_volume,return_1m,return_3m,return_6m,return_12m,drawdown_52w,historical_volatility,profitable,fcf_positive,quality_seed,quality_prior_score,trading_history_days,listing_date,as_of,retrieved_at,momentum_history_status,history_evidence,sources,source_conflicts,l1_score,l1_status,history_sufficiency,opportunity_coverage_pct,rankable,selected_for_next_stage,limited_history_recheck
SMCI,"Super Micro Computer, Inc. - Common Stock",nasdaqtrader:Q:SMCI,common_equity,eligible,Q,,37.24,,1974746219.8861904,19.35897435897438,11.297071129707126,14.867365823565692,-12.602675428303211,36.5371506475801,100.76189956883918,,,False,,277.0,,2026-08-21,,full,"{""as_of"": ""2026-08-21"", ""listing_date"": null, ""reason_code"": ""valid_trading_sessions"", ""status"": ""full"", ""valid_trading_sessions"": 277}","[""l1.csv""]",[],69.8975,ranked,full,100.0,True,True,False
AMAT,"Applied Materials, Inc. - Common Stock",nasdaqtrader:Q:AMAT,common_equity,eligible,Q,,492.32,,5316063640.411269,-12.523098791755505,15.200299513290894,31.152432202035275,205.8648111332008,31.90594744121715,76.28015742351879,,,False,,277.0,,2026-08-21,,full,"{""as_of"": ""2026-08-21"", ""listing_date"": null, ""reason_code"": ""valid_trading_sessions"", ""status"": ""full"", ""valid_trading_sessions"": 277}","[""l1.csv""]",[],69.5875,ranked,full,100.0,True,True,False
ALAB,"Astera Labs, Inc. - Common Stock",nasdaqtrader:Q:ALAB,common_equity,eligible,Q,,284.97,,1897920286.0961113,-12.845215157353884,-4.321112006446393,119.74861196792106,65.24789794143233,41.0024429630243,105.15484384293944,,,False,,277.0,,2026-08-21,,full,"{""as_of"": ""2026-08-21"", ""listing_date"": null, ""reason_code"": ""valid_trading_sessions"", ""status"": ""full"", ""valid_trading_sessions"": 277}","[""l1.csv""]",[],69.3498,ranked,full,100.0,True,True,False
KLAC,KLA Corporation  - Common Stock,nasdaqtrader:Q:KLAC,common_equity,eligible,Q,,183.99,,2822989963.3566666,-15.882594980112463,-0.12485072196286584,22.987967914438514,109.46038251366122,39.01759968181365,62.29279867105565,,,False,,277.0,,2026-08-21,,full,"{""as_of"": ""2026-08-21"", ""listing_date"": null, ""reason_code"": ""valid_trading_sessions"", ""status"": ""full"", ""valid_trading_sessions"": 277}","[""l1.csv""]",[],69.2322,ranked,full,100.0,True,True,False
HL,Hecla Mining Company Common Stock,nasdaqtrader:N:HL,common_equity,eligible,N,,20.72,,555578648.6071428,35.248041775456905,19.768786127167616,-13.738551207327232,172.63157894736844,34.863250550141466,71.09864834336103,,,False,,277.0,,2026-08-21,,full,"{""as_of"": ""2026-08-21"", ""listing_date"": null, ""reason_code"": ""valid_trading_sessions"", ""status"": ""full"", ""valid_trading_sessions"": 277}","[""l1.csv""]",[],68.9818,ranked,full,100.0,True,True,False
TYL,"Tyler Technologies, Inc. Common Stock",nasdaqtrader:N:TYL,common_equity,eligible,N,,350.73,,256380717.04285714,21.71363131593558,13.600440500097166,10.636888426232627,-38.24632450039617,38.10683466567843,49.156635854992324,,,False,,277.0,,2026-08-21,,full,"{""as_of"": ""2026-08-21"", ""listing_date"": null, ""reason_code"": ""valid_trading_sessions"", ""status"": ""full"", ""valid_trading_sessions"": 277}","[""l1.csv""]",[],68.7929,ranked,full,100.0,True,True,False
LRCX,Lam Research Corporation - Common Stock,nasdaqtrader:Q:LRCX,common_equity,eligible,Q,,314.0,,3920931875.869683,-1.8074926511976952,3.8909475913181613,28.205128205128215,216.6918809884014,27.537904137724134,79.79325446502492,,,False,,277.0,,2026-08-21,,full,"{""as_of"": ""2026-08-21"", ""listing_date"": null, ""reason_code"": ""valid_trading_sessions"", ""status"": ""full"", ""valid_trading_sessions"": 277}","[""l1.csv""]",[],68.5051,ranked,full,100.0,True,True,False
CRDO,Credo Technology Group Holding Ltd - Ordinary Shares,nasdaqtrader:Q:CRDO,common_equity,eligible,Q,,230.57,,1844293533.549127,-2.5073995771670243,19.225399451884794,85.85361921650814,117.53939050853855,23.783551500727217,103.40989000754826,,,False,,277.0,,2026-08-21,,full,"{""as_of"": ""2026-08-21"", ""listing_date"": null, ""reason_code"": ""valid_trading_sessions"", ""status"": ""full"", ""valid_trading_sessions"": 277}","[""l1.csv""]",[],68.5045,ranked,full,100.0,True,True,False
AVGO,Broadcom Inc. - Common Stock,nasdaqtrader:Q:AVGO,common_equity,eligible,Q,,368.45,,10421759974.31365,-6.12021300991159,-11.124779892418657,10.762062227566505,26.5411958649586,23.489835330273902,43.72142273976178,,,False,,277.0,,2026-08-21,,full,"{""as_of"": ""2026-08-21"", ""listing_date"": null, ""reason_code"": ""valid_trading_sessions"", ""status"": ""full"", ""valid_trading_sessions"": 277}","[""l1.csv""]",[],68.4653,ranked,full,100.0,True,True,False
QCOM,QUALCOMM Incorporated - Common Stock,nasdaqtrader:Q:QCOM,common_equity,eligible,Q,,160.75,,3316508736.373016,-6.05458477003098,-24.67550723958577,12.506998880179165,3.416109109624288,35.961277985817865,43.267755250979,,,False,,277.0,,2026-08-21,,full,"{""as_of"": ""2026-08-21"", ""listing_date"": null, ""reason_code"": ""valid_trading_sessions"", ""status"": ""full"", ""valid_trading_sessions"": 277}","[""l1.csv""]",[],68.4359,ranked,full,100.0,True,True,False
CLF,Cleveland-Cliffs Inc. Common Stock,nasdaqtrader:N:CLF,common_equity,eligible,N,,11.27,,250957818.96825397,2.828467153284664,5.327102803738315,5.821596244131455,10.273972602739722,30.34610630407911,72.29339445045501,,,False,,277.0,,2026-08-21,,full,"{""as_of"": ""2026-08-21"", ""listing_date"": null, ""reason_code"": ""valid_trading_sessions"", ""status"": ""full"", ""valid_trading_sessions"": 277}","[""l1.csv""]",[],68.3795,ranked,full,100.0,True,True,False
CIEN,Ciena Corporation Common Stock,nasdaqtrader:N:CIEN,common_equity,eligible,N,,395.79,,1253073209.1461906,-2.880769513900805,-32.60051427890265,18.1639050604568,356.8213296398892,36.8755980861244,82.1462625534568,,,False,,277.0,,2026-08-21,,full,"{""as_of"": ""2026-08-21"", ""listing_date"": null, ""reason_code"": ""valid_trading_sessions"", ""status"": ""full"", ""valid_trading_sessions"": 277}","[""l1.csv""]",[],68.375,ranked,full,100.0,True,True,False
TER,"Teradyne, Inc. - Common Stock",nasdaqtrader:Q:TER,common_equity,eligible,Q,,375.74,,1608751356.4603174,0.5324414715718984,6.309416025350845,15.665691857780505,243.07888970051135,22.342096560846556,85.41652402094468,,,False,,277.0,,2026-08-21,,full,"{""as_of"": ""2026-08-21"", ""listing_date"": null, ""reason_code"": ""valid_trading_sessions"", ""status"": ""full"", ""valid_trading_sessions"": 277}","[""l1.csv""]",[],68.3123,ranked,full,100.0,True,True,False
ZS,"Zscaler, Inc. - Common Stock",nasdaqtrader:Q:ZS,common_equity,eligible,Q,,181.745,,601375669.807857,30.096635647816772,6.277410677738149,13.768388106416275,-33.62246854513249,45.95265709102804,48.10637190619132,,,False,,277.0,,2026-08-21,,full,"{""as_of"": ""2026-08-21"", ""listing_date"": null, ""reason_code"": ""valid_trading_sessions"", ""status"": ""full"", ""valid_trading_sessions"": 277}","[""l1.csv""]",[],68.2698,ranked,full,100.0,True,True,False
NOW,"ServiceNow, Inc. Common Stock",nasdaqtrader:N:NOW,common_equity,eligible,N,,128.48,,2802516135.7385716,39.74331085490537,28.879526532249965,23.218567181356086,-27.84049424319013,33.163398012797174,60.26660266697461,,,False,,277.0,,2026-08-21,,full,"{""as_of"": ""2026-08-21"", ""listing_date"": null, ""reason_code"": ""valid_trading_sessions"", ""status"": ""full"", ""valid_trading_sessions"": 277}","[""l1.csv""]",[],68.2551,ranked,full,100.0,True,True,False
NOK,Nokia Corporation Sponsored American Depositary Shares,nasdaqtrader:N:NOK,adr,eligible,N,,10.21,,1285132191.2614286,4.933196300102782,-27.997179125528902,31.40283140283142,140.80188679245285,39.406528189910986,67.40802726418434,,,False,,277.0,,2026-08-21,,full,"{""as_of"": ""2026-08-21"", ""listing_date"": null, ""reason_code"": ""valid_trading_sessions"", ""status"": ""full"", ""valid_trading_sessions"": 277}","[""l1.csv""]",[],68.2062,ranked,full,100.0,True,True,False
CRM,"Salesforce, Inc. Common Stock",nasdaqtrader:N:CRM,common_equity,eligible,N,,209.17,,2617494280.5974603,33.288727458102315,18.63762690715216,12.967163534240655,-15.126800568066546,21.43259587574654,48.6151774787125,,,False,,277.0,,2026-08-21,,full,"{""as_of"": ""2026-08-21"", ""listing_date"": null, ""reason_code"": ""valid_trading_sessions"", ""status"": ""full"", ""valid_trading_sessions"": 277}","[""l1.csv""]",[],68.191,ranked,full,100.0,True,True,False
COHR,Coherent Corp. Common Stock,nasdaqtrader:N:COHR,common_equity,eligible,N,,289.52,,2109752684.2985713,-7.5665666304833845,-23.407407407407412,16.65726488838746,234.5118428653957,32.17924992386798,123.19428530796077,,,False,,277.0,,2026-08-21,,full,"{""as_of"": ""2026-08-21"", ""listing_date"": null, ""reason_code"": ""valid_trading_sessions"", ""status"": ""full"", ""valid_trading_sessions"": 277}","[""l1.csv""]",[],68.1239,ranked,full,100.0,True,True,False
ON,ON Semiconductor Corporation - Common Stock,nasdaqtrader:Q:ON,common_equity,eligible,Q,,74.21,,1159385654.0182538,-17.6633751248197,-32.29632332816349,7.379539863984941,50.01010713563776,44.59045770178452,53.55717290508145,,,False,,277.0,,2026-08-21,,full,"{""as_of"": ""2026-08-21"", ""listing_date"": null, ""reason_code"": ""valid_trading_sessions"", ""status"": ""full"", ""valid_trading_sessions"": 277}","[""l1.csv""]",[],68.1106,ranked,full,100.0,True,True,False
IONQ,"IonQ, Inc. Common Stock",nasdaqtrader:N:IONQ,common_equity,eligible,N,,44.86,,1195809797.0704763,31.67009098914,-23.824078790966208,40.6269592476489,21.935308507746676,45.3526617127543,87.36154358828837,,,False,,277.0,,2026-08-21,,full,"{""as_of"": ""2026-08-21"", ""listing_date"": null, ""reason_code"": ""valid_trading_sessions"", ""status"": ""full"", ""valid_trading_sessions"": 277}","[""l1.csv""]",[],68.0598,ranked,full,100.0,True,True,False
TXN,Texas Instruments Incorporated - Common Stock,nasdaqtrader:Q:TXN,common_equity,eligible,Q,,264.36,,2507087178.422381,-7.2388504859819625,-11.404537685579264,20.311291130023214,31.673058723912927,20.440592271578172,35.81556163445792,,,False,,277.0,,2026-08-21,,full,"{""as_of"": ""2026-08-21"", ""listing_date"": null, ""reason_code"": ""valid_trading_sessions"", ""status"": ""full"", ""valid_trading_sessions"": 277}","[""l1.csv""]",[],68.0587,ranked,full,100.0,True,True,False
AKAM,"Akamai Technologies, Inc. - Common Stock",nasdaqtrader:Q:AKAM,common_equity,eligible,Q,,110.42,,482652406.20420635,-5.921445002982029,-24.493982494529543,17.25602633535097,45.17486195109124,31.475735385379167,53.80805084582353,,,False,,277.0,,2026-08-21,,full,"{""as_of"": ""2026-08-21"", ""listing_date"": null, ""reason_code"": ""valid_trading_sessions"", ""status"": ""full"", ""valid_trading_sessions"": 277}","[""l1.csv""]",[],68.0301,ranked,full,100.0,True,True,False
RIOT,"Riot Platforms, Inc. - Common Stock",nasdaqtrader:Q:RIOT,common_equity,eligible,Q,,19.83,,430383392.8025397,-16.890192791282487,-18.961994278708627,26.466836734693878,58.38658146964855,30.881840362495648,106.66320251412051,,,False,,277.0,,2026-08-21,,full,"{""as_of"": ""2026-08-21"", ""listing_date"": null, ""reason_code"": ""valid_trading_sessions"", ""status"": ""full"", ""valid_trading_sessions"": 277}","[""l1.csv""]",[],67.9509,ranked,full,100.0,True,True,False
ADBE,Adobe Inc. - Common Stock,nasdaqtrader:Q:ADBE,common_equity,eligible,Q,,275.3,,1467575214.1309524,29.754442192581433,12.78164686603851,6.453733420981389,-22.106216223863285,25.080280846894897,53.64569680846959,,,False,,277.0,,2026-08-21,,full,"{""as_of"": ""2026-08-21"", ""listing_date"": null, ""reason_code"": ""valid_trading_sessions"", ""status"": ""full"", ""valid_trading_sessions"": 277}","[""l1.csv""]",[],67.9274,ranked,full,100.0,True,True,False
CVNA,Carvana Co. Class A Common Stock,nasdaqtrader:N:CVNA,common_equity,eligible,N,,69.91,,723266360.6134921,16.148861937198866,8.57275974530205,3.8472964943553123,3.2339043118724042,26.941164175984955,68.77546745120726,,,False,,277.0,,2026-08-21,,full,"{""as_of"": ""2026-08-21"", ""listing_date"": null, ""reason_code"": ""valid_trading_sessions"", ""status"": ""full"", ""valid_trading_sessions"": 277}","[""l1.csv""]",[],67.9255,ranked,full,100.0,True,True,False
INSM,Insmed Incorporated - Common Stock,nasdaqtrader:Q:INSM,common_equity,eligible,Q,,125.77,,374994799.46174604,17.09338050460851,14.826988039806444,-23.734158025589714,-2.8427964465044364,40.50896362518329,92.47994264838151,,,False,,277.0,,2026-08-21,,full,"{""as_of"": ""2026-08-21"", ""listing_date"": null, ""reason_code"": ""valid_trading_sessions"", ""status"": ""full"", ""valid_trading_sessions"": 277}","[""l1.csv""]",[],67.8827,ranked,full,100.0,True,True,False
ASTS,"AST SpaceMobile, Inc. - Class A Common Stock",nasdaqtrader:Q:ASTS,common_equity,eligible,Q,,68.65,,1623062061.0419047,16.002027712064894,-28.660500883300422,-14.401496259351621,52.28482697426799,48.418363513411975,98.205321035938,,,False,,277.0,,2026-08-21,,full,"{""as_of"": ""2026-08-21"", ""listing_date"": null, ""reason_code"": ""valid_trading_sessions"", ""status"": ""full"", ""valid_trading_sessions"": 277}","[""l1.csv""]",[],67.8554,ranked,full,100.0,True,True,False
TEM,"Tempus AI, Inc. - Class A Common Stock",nasdaqtrader:Q:TEM,common_equity,eligible,Q,,72.69,,350675276.61634916,57.98739404477287,56.35620563562056,24.53315059105705,-0.8051310043668214,29.598062953995164,99.41938349627674,,,False,,277.0,,2026-08-21,,full,"{""as_of"": ""2026-08-21"", ""listing_date"": null, ""reason_code"": ""valid_trading_sessions"", ""status"": ""full"", ""valid_trading_sessions"": 277}","[""l1.csv""]",[],67.7797,ranked,full,100.0,True,True,False
VRSK,"Verisk Analytics, Inc. - Common Stock",nasdaqtrader:Q:VRSK,common_equity,eligible,Q,,187.5,,407023740.2043651,-2.9352383910545066,9.26573426573427,2.7397260273972712,-30.773490862100793,31.326227887045377,44.12401026759773,,,False,,277.0,,2026-08-21,,full,"{""as_of"": ""2026-08-21"", ""listing_date"": null, ""reason_code"": ""valid_trading_sessions"", ""status"": ""full"", ""valid_trading_sessions"": 277}","[""l1.csv""]",[],67.7602,ranked,full,100.0,True,True,False
MOD,Modine Manufacturing Company Common Stock,nasdaqtrader:N:MOD,common_equity,eligible,N,,197.68,,389774097.5252381,-20.80762759394279,-20.96277637839351,-12.670083053543035,46.50559549395983,35.58604060086675,78.8291305689818,,,False,,277.0,,2026-08-21,,full,"{""as_of"": ""2026-08-21"", ""listing_date"": null, ""reason_code"": ""valid_trading_sessions"", ""status"": ""full"", ""valid_trading_sessions"": 277}","[""l1.csv""]",[],67.7109,ranked,full,100.0,True,True,False
GEV,GE Vernova Inc. Common Stock,nasdaqtrader:N:GEV,common_equity,eligible,N,,956.85,,2869963672.2422223,-7.2091467139906324,-8.33189630396044,15.235927451405452,58.26427827122514,18.55625351105663,55.54110404085614,,,False,,277.0,,2026-08-21,,full,"{""as_of"": ""2026-08-21"", ""listing_date"": null, ""reason_code"": ""valid_trading_sessions"", ""status"": ""full"", ""valid_trading_sessions"": 277}","[""l1.csv""]",[],67.6391,ranked,full,100.0,True,True,False
AMD,"Advanced Micro Devices, Inc. - Common Stock",nasdaqtrader:Q:AMD,common_equity,eligible,Q,,473.25,,14682944686.53754,-12.310770998165621,5.262572566115797,136.44766425181115,186.47094430992738,18.532991341171602,73.5386566022113,,,False,,277.0,,2026-08-21,,full,"{""as_of"": ""2026-08-21"", ""listing_date"": null, ""reason_code"": ""valid_trading_sessions"", ""status"": ""full"", ""valid_trading_sessions"": 277}","[""l1.csv""]",[],67.6332,ranked,full,100.0,True,True,False
DY,"Dycom Industries, Inc. Common Stock",nasdaqtrader:N:DY,common_equity,eligible,N,,392.95,,253078611.46888888,-10.772270033379506,-5.183022464589926,-8.558862541595891,52.744305371997214,26.578849028400608,57.28241448814626,,,False,,277.0,,2026-08-21,,full,"{""as_of"": ""2026-08-21"", ""listing_date"": null, ""reason_code"": ""valid_trading_sessions"", ""status"": ""full"", ""valid_trading_sessions"": 277}","[""l1.csv""]",[],67.6272,ranked,full,100.0,True,True,False
CLSK,"CleanSpark, Inc. - Common Stock",nasdaqtrader:Q:CLSK,common_equity,eligible,Q,,11.98,,332285102.64182544,-23.254324151185134,-23.984771573604057,24.145077720207265,26.23814541622762,48.36206896551724,106.79900298525588,,,False,,277.0,,2026-08-21,,full,"{""as_of"": ""2026-08-21"", ""listing_date"": null, ""reason_code"": ""valid_trading_sessions"", ""status"": ""full"", ""valid_trading_sessions"": 277}","[""l1.csv""]",[],67.6092,ranked,full,100.0,True,True,False
CLS,"Celestica, Inc. Common Stock",nasdaqtrader:N:CLS,common_equity,eligible,N,,296.55,,874809656.0961905,-11.411501120238976,-16.41063224060658,1.3188014622979916,62.13778020776382,37.22480948348856,94.38765181217872,,,False,,277.0,,2026-08-21,,full,"{""as_of"": ""2026-08-21"", ""listing_date"": null, ""reason_code"": ""valid_trading_sessions"", ""status"": ""full"", ""valid_trading_sessions"": 277}","[""l1.csv""]",[],67.6017,ranked,full,100.0,True,True,False
RIVN,"Rivian Automotive, Inc. - Class A Common Stock",nasdaqtrader:Q:RIVN,common_equity,eligible,Q,,16.97,,539442883.1719841,3.0984204131227155,19.929328621908127,11.132940406024883,40.59652029826013,24.4097995545657,54.94971969479854,,,False,,277.0,,2026-08-21,,full,"{""as_of"": ""2026-08-21"", ""listing_date"": null, ""reason_code"": ""valid_trading_sessions"", ""status"": ""full"", ""valid_trading_sessions"": 277}","[""l1.csv""]",[],67.588,ranked,full,100.0,True,True,False
DDOG,"Datadog, Inc. - Class A Common Stock",nasdaqtrader:Q:DDOG,common_equity,eligible,Q,,235.62,,1279342740.7384129,-3.588526535455616,8.062740781507994,103.71779353276848,83.4189631013545,18.230088495575213,82.54772879105943,,,False,,277.0,,2026-08-21,,full,"{""as_of"": ""2026-08-21"", ""listing_date"": null, ""reason_code"": ""valid_trading_sessions"", ""status"": ""full"", ""valid_trading_sessions"": 277}","[""l1.csv""]",[],67.5575,ranked,full,100.0,True,True,False
NU,Nu Holdings Ltd. Class A Ordinary Shares,nasdaqtrader:N:NU,common_equity,eligible,N,,14.58,,1042036806.8738096,2.748414376321362,10.79027355623101,-16.82829435253851,7.048458149779746,22.281449893390192,42.67827649893483,,,False,,277.0,,2026-08-21,,full,"{""as_of"": ""2026-08-21"", ""listing_date"": null, ""reason_code"": ""valid_trading_sessions"", ""status"": ""full"", ""valid_trading_sessions"": 277}","[""l1.csv""]",[],67.5542,ranked,full,100.0,True,True,False
AA,Alcoa Corporation Common Stock,nasdaqtrader:N:AA,common_equity,eligible,N,,51.85,,318933314.94539684,14.535012149326265,-21.759468839595584,-14.28335262026781,76.78145243777703,38.11910729203962,49.73338331379191,,,False,,277.0,,2026-08-21,,full,"{""as_of"": ""2026-08-21"", ""listing_date"": null, ""reason_code"": ""valid_trading_sessions"", ""status"": ""full"", ""valid_trading_sessions"": 277}","[""l1.csv""]",[],67.5421,ranked,full,100.0,True,True,False
CORZ,"Core Scientific, Inc. - Common Stock",nasdaqtrader:Q:CORZ,common_equity,eligible,Q,,17.81,,304845908.75142854,-25.66777963272121,-28.2433521353747,2.9479768786127014,26.49147727272727,38.923182441700966,99.33889356620053,,,False,,277.0,,2026-08-21,,full,"{""as_of"": ""2026-08-21"", ""listing_date"": null, ""reason_code"": ""valid_trading_sessions"", ""status"": ""full"", ""valid_trading_sessions"": 277}","[""l1.csv""]",[],67.4885,ranked,full,100.0,True,True,False
MTZ,"MasTec, Inc. Common Stock",nasdaqtrader:N:MTZ,common_equity,eligible,N,,266.26,,463405020.03444445,-25.803934682048713,-31.51220515986316,-6.200239554710074,54.344675670975604,39.141962469429274,90.98556069013931,,,False,,277.0,,2026-08-21,,full,"{""as_of"": ""2026-08-21"", ""listing_date"": null, ""reason_code"": ""valid_trading_sessions"", ""status"": ""full"", ""valid_trading_sessions"": 277}","[""l1.csv""]",[],67.4739,ranked,full,100.0,True,True,False
ARES,Ares Management Corporation Class A Common Stock,nasdaqtrader:N:ARES,common_equity,eligible,N,,141.25,,303494038.98793656,16.4660290237467,13.920477457859516,14.688210457940887,-21.05851450287822,23.528774836229772,42.057140879869195,,,False,,277.0,,2026-08-21,,full,"{""as_of"": ""2026-08-21"", ""listing_date"": null, ""reason_code"": ""valid_trading_sessions"", ""status"": ""full"", ""valid_trading_sessions"": 277}","[""l1.csv""]",[],67.4705,ranked,full,100.0,True,True,False
UBER,"Uber Technologies, Inc. Common Stock",nasdaqtrader:N:UBER,common_equity,eligible,N,,78.8,,1494296759.8855555,14.352053402989418,7.050672462980567,6.688329271594906,-15.928731462712054,21.278721278721278,42.63509519516895,,,False,,277.0,,2026-08-21,,full,"{""as_of"": ""2026-08-21"", ""listing_date"": null, ""reason_code"": ""valid_trading_sessions"", ""status"": ""full"", ""valid_trading_sessions"": 277}","[""l1.csv""]",[],67.4205,ranked,full,100.0,True,True,False
CTSH,Cognizant Technology Solutions Corporation - Class A Common Stock,nasdaqtrader:Q:CTSH,common_equity,eligible,Q,,61.87,,532136821.09507936,43.85026737967914,18.253058103975526,-4.8592957096724625,-12.228684919846788,28.638985005767015,49.06407095685638,,,False,,277.0,,2026-08-21,,full,"{""as_of"": ""2026-08-21"", ""listing_date"": null, ""reason_code"": ""valid_trading_sessions"", ""status"": ""full"", ""valid_trading_sessions"": 277}","[""l1.csv""]",[],67.4019,ranked,full,100.0,True,True,False
INTU,Intuit Inc. - Common Stock,nasdaqtrader:Q:INTU,common_equity,eligible,Q,,367.0,,1531759925.416111,30.3591091535538,19.51672257140067,-3.56063592169229,-47.507687906743904,47.72749932344856,48.56440083401829,,,False,,277.0,,2026-08-21,,full,"{""as_of"": ""2026-08-21"", ""listing_date"": null, ""reason_code"": ""valid_trading_sessions"", ""status"": ""full"", ""valid_trading_sessions"": 277}","[""l1.csv""]",[],67.4015,ranked,full,100.0,True,True,False
FTAI,FTAI Aviation Ltd. - Common Stock,nasdaqtrader:Q:FTAI,common_equity,eligible,Q,,209.7,,300183424.5195238,-3.2793690327936997,-14.915199220968923,-27.62476703251191,49.358974358974336,32.363565991484975,68.62674588057281,,,False,,277.0,,2026-08-21,,full,"{""as_of"": ""2026-08-21"", ""listing_date"": null, ""reason_code"": ""valid_trading_sessions"", ""status"": ""full"", ""valid_trading_sessions"": 277}","[""l1.csv""]",[],67.3985,ranked,full,100.0,True,True,False
CDE,"Coeur Mining, Inc. Common Stock",nasdaqtrader:N:CDE,common_equity,eligible,N,,20.97,,625885478.8971428,37.59842519685039,17.61076836791924,-14.859926918392208,83.14410480349346,22.76243093922652,78.8670033235502,,,False,,277.0,,2026-08-21,,full,"{""as_of"": ""2026-08-21"", ""listing_date"": null, ""reason_code"": ""valid_trading_sessions"", ""status"": ""full"", ""valid_trading_sessions"": 277}","[""l1.csv""]",[],67.3683,ranked,full,100.0,True,True,False
HD,"Home Depot, Inc. (The) Common Stock",nasdaqtrader:N:HD,common_equity,eligible,N,,335.61,,1500316916.6063492,3.3568414893289544,6.957103703231571,-12.201438848920866,-16.460895106287644,20.738274054130645,27.239063983106497,,,False,,277.0,,2026-08-21,,full,"{""as_of"": ""2026-08-21"", ""listing_date"": null, ""reason_code"": ""valid_trading_sessions"", ""status"": ""full"", ""valid_trading_sessions"": 277}","[""l1.csv""]",[],67.3484,ranked,full,100.0,True,True,False
ONTO,Onto Innovation Inc. Common Stock,nasdaqtrader:N:ONTO,common_equity,eligible,N,,293.33,,381352817.2588889,0.7072475709822612,12.193536048957743,35.54364400905688,176.909279713018,22.49174263442991,103.04756066086598,,,False,,277.0,,2026-08-21,,full,"{""as_of"": ""2026-08-21"", ""listing_date"": null, ""reason_code"": ""valid_trading_sessions"", ""status"": ""full"", ""valid_trading_sessions"": 277}","[""l1.csv""]",[],67.3322,ranked,full,100.0,True,True,False
ADSK,"Autodesk, Inc. - Common Stock",nasdaqtrader:Q:ADSK,common_equity,eligible,Q,,253.825,,574977356.9914286,23.660235798499475,5.676755901577923,11.827033218785798,-12.05869105775561,22.327794608158158,43.58998711681848,,,False,,277.0,,2026-08-21,,full,"{""as_of"": ""2026-08-21"", ""listing_date"": null, ""reason_code"": ""valid_trading_sessions"", ""status"": ""full"", ""valid_trading_sessions"": 277}","[""l1.csv""]",[],67.3104,ranked,full,100.0,True,True,False
SPOT,Spotify Technology S.A. Ordinary Shares,nasdaqtrader:N:SPOT,common_equity,eligible,N,,533.72,,961879942.1461904,13.802000042644845,8.9380115526708,8.789237668161443,-24.16487872802966,27.73211650169931,40.76040186728721,,,False,,277.0,,2026-08-21,,full,"{""as_of"": ""2026-08-21"", ""listing_date"": null, ""reason_code"": ""valid_trading_sessions"", ""status"": ""full"", ""valid_trading_sessions"": 277}","[""l1.csv""]",[],67.2809,ranked,full,100.0,True,True,False
PINS,"Pinterest, Inc. Class A Common Stock",nasdaqtrader:N:PINS,common_equity,eligible,N,,23.4,,329394724.8385714,6.898126998629506,24.13793103448274,31.682611142374782,-34.04735062006764,38.339920948616616,48.75649264207161,,,False,,277.0,,2026-08-21,,full,"{""as_of"": ""2026-08-21"", ""listing_date"": null, ""reason_code"": ""valid_trading_sessions"", ""status"": ""full"", ""valid_trading_sessions"": 277}","[""l1.csv""]",[],67.2773,ranked,full,100.0,True,True,False
ENTG,"Entegris, Inc. - Common Stock",nasdaqtrader:Q:ENTG,common_equity,eligible,Q,,143.66,,450229927.6472222,6.178861788617884,9.338610244310841,6.8183508067514165,80.90920538974939,21.92391304347826,84.77233316170468,,,False,,277.0,,2026-08-21,,full,"{""as_of"": ""2026-08-21"", ""listing_date"": null, ""reason_code"": ""valid_trading_sessions"", ""status"": ""full"", ""valid_trading_sessions"": 277}","[""l1.csv""]",[],67.2565,ranked,full,100.0,True,True,False
KKR,KKR & Co. Inc. Common Stock,nasdaqtrader:N:KKR,common_equity,eligible,N,,108.48,,459814329.5147619,13.035323538605814,14.478682988602776,7.214864597746584,-21.44253747555942,27.36038569706709,42.90741965114957,,,False,,277.0,,2026-08-21,,full,"{""as_of"": ""2026-08-21"", ""listing_date"": null, ""reason_code"": ""valid_trading_sessions"", ""status"": ""full"", ""valid_trading_sessions"": 277}","[""l1.csv""]",[],67.2314,ranked,full,100.0,True,True,False
NVO,Novo Nordisk A/S Common Stock,nasdaqtrader:N:NVO,common_equity,eligible,N,,46.74,,572716076.9160317,-2.988792029887921,5.2939851317864495,-1.433994095318425,-13.922651933701646,26.945920600187556,41.71402808316085,,,False,,277.0,,2026-08-21,,full,"{""as_of"": ""2026-08-21"", ""listing_date"": null, ""reason_code"": ""valid_trading_sessions"", ""status"": ""full"", ""valid_trading_sessions"": 277}","[""l1.csv""]",[],67.1761,ranked,full,100.0,True,True,False
DPZ,Domino's Pizza Inc - Common Stock,nasdaqtrader:Q:DPZ,common_equity,eligible,Q,,341.85,,287475768.34333336,5.754060324825994,8.019717508768597,-11.117755648579076,-22.808562525403065,26.845709394393324,36.37916368815613,,,False,,277.0,,2026-08-21,,full,"{""as_of"": ""2026-08-21"", ""listing_date"": null, ""reason_code"": ""valid_trading_sessions"", ""status"": ""full"", ""valid_trading_sessions"": 277}","[""l1.csv""]",[],67.1628,ranked,full,100.0,True,True,False
EFX,"Equifax, Inc. Common Stock",nasdaqtrader:N:EFX,common_equity,eligible,N,,192.62,,282705981.413492,15.535028790786942,18.099325567136738,-2.451129342651681,-22.44010469096034,26.573399916136154,45.64917470433844,,,False,,277.0,,2026-08-21,,full,"{""as_of"": ""2026-08-21"", ""listing_date"": null, ""reason_code"": ""valid_trading_sessions"", ""status"": ""full"", ""valid_trading_sessions"": 277}","[""l1.csv""]",[],67.1265,ranked,full,100.0,True,True,False
DOW,Dow Inc. Common Stock,nasdaqtrader:N:DOW,common_equity,eligible,N,,32.35,,347105697.16238093,4.692556634304212,-9.913673071567796,5.996068152031464,34.343853820598014,22.737043229042264,38.42676365564856,,,False,,277.0,,2026-08-21,,full,"{""as_of"": ""2026-08-21"", ""listing_date"": null, ""reason_code"": ""valid_trading_sessions"", ""status"": ""full"", ""valid_trading_sessions"": 277}","[""l1.csv""]",[],67.1149,ranked,full,100.0,True,True,False
CRS,Carpenter Technology Corporation Common Stock,nasdaqtrader:N:CRS,common_equity,eligible,N,,492.38,,411275933.42396826,-18.146756657911357,12.33345501003833,26.338747337900582,105.08142779790913,20.4876867178038,48.59661857542656,,,False,,277.0,,2026-08-21,,full,"{""as_of"": ""2026-08-21"", ""listing_date"": null, ""reason_code"": ""valid_trading_sessions"", ""status"": ""full"", ""valid_trading_sessions"": 277}","[""l1.csv""]",[],67.065,ranked,full,100.0,True,True,False
MPWR,"Monolithic Power Systems, Inc. - Common Stock",nasdaqtrader:Q:MPWR,common_equity,eligible,Q,,1316.28,,1325889200.1426985,-5.788211716709024,-15.690632506004809,9.316501951665156,59.30385951323418,22.108539609086986,56.10370879216876,,,False,,277.0,,2026-08-21,,full,"{""as_of"": ""2026-08-21"", ""listing_date"": null, ""reason_code"": ""valid_trading_sessions"", ""status"": ""full"", ""valid_trading_sessions"": 277}","[""l1.csv""]",[],67.0311,ranked,full,100.0,True,True,False
WDC,Western Digital Corporation - Common Stock,nasdaqtrader:Q:WDC,common_equity,eligible,Q,,459.44,,4781064199.994761,-17.707325810496144,-5.554413518069312,60.91342112636593,507.4034902168165,38.43185076986988,100.2390467340452,,,False,,277.0,,2026-08-21,,full,"{""as_of"": ""2026-08-21"", ""listing_date"": null, ""reason_code"": ""valid_trading_sessions"", ""status"": ""full"", ""valid_trading_sessions"": 277}","[""l1.csv""]",[],67.0212,ranked,full,100.0,True,True,False
WULF,TeraWulf Inc. - Common Stock,nasdaqtrader:Q:WULF,common_equity,eligible,Q,,15.64,,706932392.6095239,-21.995012468827934,-31.76265270506109,4.19720186542305,68.53448275862071,46.03174603174603,96.86127840633962,,,False,,277.0,,2026-08-21,,full,"{""as_of"": ""2026-08-21"", ""listing_date"": null, ""reason_code"": ""valid_trading_sessions"", ""status"": ""full"", ""valid_trading_sessions"": 277}","[""l1.csv""]",[],67.0146,ranked,full,100.0,True,True,False
PENG,"Penguin Solutions, Inc. - Common Stock",nasdaqtrader:Q:PENG,common_equity,eligible,Q,,52.62,,220878387.74222222,-9.912686183872621,7.80577750460969,175.20920502092045,126.22527944969902,35.348322889789905,106.5621142948273,,,False,,277.0,,2026-08-21,,full,"{""as_of"": ""2026-08-21"", ""listing_date"": null, ""reason_code"": ""valid_trading_sessions"", ""status"": ""full"", ""valid_trading_sessions"": 277}","[""l1.csv""]",[],66.9768,ranked,full,100.0,True,True,False
WWD,"Woodward, Inc. - Common Stock",nasdaqtrader:Q:WWD,common_equity,eligible,Q,,343.26,,290769669.27936506,-16.67233092197893,-3.5136046773105445,-12.884805725452376,39.39492385786802,21.350013747594176,41.0533233616494,,,False,,277.0,,2026-08-21,,full,"{""as_of"": ""2026-08-21"", ""listing_date"": null, ""reason_code"": ""valid_trading_sessions"", ""status"": ""full"", ""valid_trading_sessions"": 277}","[""l1.csv""]",[],66.93,ranked,full,100.0,True,True,False
LITE,Lumentum Holdings Inc. - Common Stock,nasdaqtrader:Q:LITE,common_equity,eligible,Q,,866.71,,4407771046.597777,3.9669401660189063,-10.138932089165365,29.79169474519672,647.8729830011217,17.69839235013151,111.85635532213558,,,False,,277.0,,2026-08-21,,full,"{""as_of"": ""2026-08-21"", ""listing_date"": null, ""reason_code"": ""valid_trading_sessions"", ""status"": ""full"", ""valid_trading_sessions"": 277}","[""l1.csv""]",[],66.9246,ranked,full,100.0,True,True,False
SEZL,Sezzle Inc. - Common Stock,nasdaqtrader:Q:SEZL,common_equity,eligible,Q,,119.11,,103550351.87873015,-25.0927614615433,12.954006638217152,89.81673306772907,34.178213360369504,36.82842747281888,143.6698302979835,,,False,,277.0,,2026-08-21,,full,"{""as_of"": ""2026-08-21"", ""listing_date"": null, ""reason_code"": ""valid_trading_sessions"", ""status"": ""full"", ""valid_trading_sessions"": 277}","[""l1.csv""]",[],66.8781,ranked,full,100.0,True,True,False
ACMR,"ACM Research, Inc. - Class A Common Stock",nasdaqtrader:Q:ACMR,common_equity,eligible,Q,,79.41,,135483965.2445238,-10.190002261931696,10.923313311915074,19.252139960955095,215.6200317965024,37.41823626763339,105.74605842139863,,,False,,277.0,,2026-08-21,,full,"{""as_of"": ""2026-08-21"", ""listing_date"": null, ""reason_code"": ""valid_trading_sessions"", ""status"": ""full"", ""valid_trading_sessions"": 277}","[""l1.csv""]",[],66.8388,ranked,full,100.0,True,True,False
ADI,"Analog Devices, Inc. - Common Stock",nasdaqtrader:Q:ADI,common_equity,eligible,Q,,373.09,,1835572596.9466667,-1.870068385060497,-2.894250540069232,5.0868940652902594,52.36247804957732,16.24988776151568,32.76849714327672,,,False,,277.0,,2026-08-21,,full,"{""as_of"": ""2026-08-21"", ""listing_date"": null, ""reason_code"": ""valid_trading_sessions"", ""status"": ""full"", ""valid_trading_sessions"": 277}","[""l1.csv""]",[],66.8125,ranked,full,100.0,True,True,False
SNDK,Sandisk Corporation - Common Stock When-Issued,nasdaqtrader:Q:SNDK,common_equity,eligible,Q,,1596.08,,22324233182.075874,-0.8849117882670066,3.4910260400456528,145.56210286628612,3494.774774774775,31.645396145610285,145.73935746478918,,,False,,277.0,,2026-08-21,,full,"{""as_of"": ""2026-08-21"", ""listing_date"": null, ""reason_code"": ""valid_trading_sessions"", ""status"": ""full"", ""valid_trading_sessions"": 277}","[""l1.csv""]",[],66.8027,ranked,full,100.0,True,True,False
DKNG,DraftKings Inc. - Class A Common Stock,nasdaqtrader:Q:DKNG,common_equity,eligible,Q,,26.17,,321705746.2261111,14.730381411661565,3.031496062992134,17.301658449125966,-42.67250821467689,45.73916649388347,54.55850375233127,,,False,,277.0,,2026-08-21,,full,"{""as_of"": ""2026-08-21"", ""listing_date"": null, ""reason_code"": ""valid_trading_sessions"", ""status"": ""full"", ""valid_trading_sessions"": 277}","[""l1.csv""]",[],66.7841,ranked,full,100.0,True,True,False
ASX,"ASE Technology Holding Co., Ltd. American Depositary Shares (each representing Two Common Shares)",nasdaqtrader:N:ASX,adr,eligible,N,,36.51,,409049569.2766667,-7.475924987328952,11.856617647058808,52.378964941569265,276.78018575851394,19.082446808510632,72.68043228775002,,,False,,277.0,,2026-08-21,,full,"{""as_of"": ""2026-08-21"", ""listing_date"": null, ""reason_code"": ""valid_trading_sessions"", ""status"": ""full"", ""valid_trading_sessions"": 277}","[""l1.csv""]",[],66.7706,ranked,full,100.0,True,True,False
OUST,"Ouster, Inc. - Common Stock",nasdaqtrader:Q:OUST,common_equity,eligible,Q,,38.42,,190580901.15857142,1.9368532767312319,9.489883157594758,106.33727175080558,29.972936400541283,38.547664747280876,118.97235444074828,,,False,,277.0,,2026-08-21,,full,"{""as_of"": ""2026-08-21"", ""listing_date"": null, ""reason_code"": ""valid_trading_sessions"", ""status"": ""full"", ""valid_trading_sessions"": 277}","[""l1.csv""]",[],66.7635,ranked,full,100.0,True,True,False
CRWD,"CrowdStrike Holdings, Inc. - Class A Common Stock",nasdaqtrader:Q:CRWD,common_equity,eligible,Q,,191.95,,1992507776.2873018,4.650528840911572,18.443786252005424,97.58106021616055,83.17587556064507,14.889371702212573,56.424245284215345,,,False,,277.0,,2026-08-21,,full,"{""as_of"": ""2026-08-21"", ""listing_date"": null, ""reason_code"": ""valid_trading_sessions"", ""status"": ""full"", ""valid_trading_sessions"": 277}","[""l1.csv""]",[],66.7223,ranked,full,100.0,True,True,False
MELI,"MercadoLibre, Inc. - Common Stock",nasdaqtrader:Q:MELI,common_equity,eligible,Q,,1922.73,,819169370.0957142,6.89553566464669,14.591453602717674,-3.712810548508405,-17.69064803637017,23.426803187612744,39.91455412897493,,,False,,277.0,,2026-08-21,,full,"{""as_of"": ""2026-08-21"", ""listing_date"": null, ""reason_code"": ""valid_trading_sessions"", ""status"": ""full"", ""valid_trading_sessions"": 277}","[""l1.csv""]",[],66.7069,ranked,full,100.0,True,True,False
JBL,Jabil Inc. Common Stock,nasdaqtrader:N:JBL,common_equity,eligible,N,,313.21,,443692269.32428575,-2.7418954167184317,-12.12087202940435,15.537275443579635,53.49669198725802,18.779659258875093,55.95411900099921,,,False,,277.0,,2026-08-21,,full,"{""as_of"": ""2026-08-21"", ""listing_date"": null, ""reason_code"": ""valid_trading_sessions"", ""status"": ""full"", ""valid_trading_sessions"": 277}","[""l1.csv""]",[],66.6949,ranked,full,100.0,True,True,False
SHOP,Shopify Inc. - Class A Subordinate Voting Shares,qrgf-resolution-required:Q:SHOP,common_equity,eligible,Q,,149.25,,1166947522.0296824,33.258928571428584,42.332633988174706,18.264659270998408,8.711486634132125,16.62476956594603,70.45278415752182,,,False,,277.0,,2026-08-21,,full,"{""as_of"": ""2026-08-21"", ""listing_date"": null, ""reason_code"": ""valid_trading_sessions"", ""status"": ""full"", ""valid_trading_sessions"": 277}","[""l1.csv""]",[],66.6562,ranked,full,100.0,True,True,False
PWR,"Quanta Services, Inc. Common Stock",nasdaqtrader:N:PWR,common_equity,eligible,N,,639.34,,831136781.5815873,-2.2116855307433347,-10.820047146782708,15.684145767741487,70.0960438449464,18.580306657837088,61.82831761144908,,,False,,277.0,,2026-08-21,,full,"{""as_of"": ""2026-08-21"", ""listing_date"": null, ""reason_code"": ""valid_trading_sessions"", ""status"": ""full"", ""valid_trading_sessions"": 277}","[""l1.csv""]",[],66.6451,ranked,full,100.0,True,True,False
TSCO,Tractor Supply Company - Common Stock,nasdaqtrader:Q:TSCO,common_equity,eligible,Q,,34.98,,389766508.8131746,15.36939313984167,10.451531417745485,-33.950151057401825,-42.68392593806325,44.1660015961692,31.451550775786686,,,False,,277.0,,2026-08-21,,full,"{""as_of"": ""2026-08-21"", ""listing_date"": null, ""reason_code"": ""valid_trading_sessions"", ""status"": ""full"", ""valid_trading_sessions"": 277}","[""l1.csv""]",[],66.6389,ranked,full,100.0,True,True,False
SBSW,D/B/A Sibanye-Stillwater Limited ADS,nasdaqtrader:N:SBSW,adr,eligible,N,,12.58,,51837592.06857143,49.228944246737846,7.705479452054798,-21.07904642409033,57.64411027568921,40.43560606060607,58.009423495204345,,,False,,277.0,,2026-08-21,,full,"{""as_of"": ""2026-08-21"", ""listing_date"": null, ""reason_code"": ""valid_trading_sessions"", ""status"": ""full"", ""valid_trading_sessions"": 277}","[""l1.csv""]",[],66.6376,ranked,full,100.0,True,True,False
STRL,"Sterling Infrastructure, Inc. - Common Stock",nasdaqtrader:Q:STRL,common_equity,eligible,Q,,516.81,,573507955.2176983,-27.954665848830405,-29.567848235823224,18.670493685419043,88.00611153552329,47.99343892768733,96.92781676951604,,,False,,277.0,,2026-08-21,,full,"{""as_of"": ""2026-08-21"", ""listing_date"": null, ""reason_code"": ""valid_trading_sessions"", ""status"": ""full"", ""valid_trading_sessions"": 277}","[""l1.csv""]",[],66.6338,ranked,full,100.0,True,True,False
LUV,Southwest Airlines Company Common Stock,nasdaqtrader:N:LUV,common_equity,eligible,N,,40.38,,271545243.97634923,-9.684634309997763,-0.9808729769494762,-22.4803225187176,29.5060936497755,26.31386861313868,41.11988823895756,,,False,,277.0,,2026-08-21,,full,"{""as_of"": ""2026-08-21"", ""listing_date"": null, ""reason_code"": ""valid_trading_sessions"", ""status"": ""full"", ""valid_trading_sessions"": 277}","[""l1.csv""]",[],66.5918,ranked,full,100.0,True,True,False
DASH,"DoorDash, Inc. - Common Stock",nasdaqtrader:Q:DASH,common_equity,eligible,Q,,223.49,,839120853.6822222,31.642810861754135,40.32146669178125,26.774065460321083,-8.338118283979979,20.67509050897991,40.865747632466544,,,False,,277.0,,2026-08-21,,full,"{""as_of"": ""2026-08-21"", ""listing_date"": null, ""reason_code"": ""valid_trading_sessions"", ""status"": ""full"", ""valid_trading_sessions"": 277}","[""l1.csv""]",[],66.59,ranked,full,100.0,True,True,False
CMI,Cummins Inc. Common Stock,nasdaqtrader:N:CMI,common_equity,eligible,N,,587.68,,673578804.8311111,-11.63105423815467,-7.999624283790984,-0.9439050701186669,48.27299104326981,19.22923624568783,33.13383361288525,,,False,,277.0,,2026-08-21,,full,"{""as_of"": ""2026-08-21"", ""listing_date"": null, ""reason_code"": ""valid_trading_sessions"", ""status"": ""full"", ""valid_trading_sessions"": 277}","[""l1.csv""]",[],66.5573,ranked,full,100.0,True,True,False
PI,"Impinj, Inc. - Common Stock",nasdaqtrader:Q:PI,common_equity,eligible,Q,,165.54,,62589426.31301588,30.531461914524517,18.01525629143792,29.409005628517825,0.461221021968683,31.569591997023693,55.28480532155463,,,False,,277.0,,2026-08-21,,full,"{""as_of"": ""2026-08-21"", ""listing_date"": null, ""reason_code"": ""valid_trading_sessions"", ""status"": ""full"", ""valid_trading_sessions"": 277}","[""l1.csv""]",[],66.5426,ranked,full,100.0,True,True,False
LYB,LyondellBasell Industries NV Ordinary Shares Class A (Netherlands),nasdaqtrader:N:LYB,common_equity,eligible,N,,67.53,,308760598.5984127,9.413480233311745,-3.638698630136983,19.163578613022757,22.04952105548528,18.02621995630007,36.2084596862527,,,False,,277.0,,2026-08-21,,full,"{""as_of"": ""2026-08-21"", ""listing_date"": null, ""reason_code"": ""valid_trading_sessions"", ""status"": ""full"", ""valid_trading_sessions"": 277}","[""l1.csv""]",[],66.5066,ranked,full,100.0,True,True,False
GIS,"General Mills, Inc. Common Stock",nasdaqtrader:N:GIS,common_equity,eligible,N,,39.97,,358473842.19206345,12.433192686357252,19.42037645652823,-10.421335723890635,-19.480257856567285,21.796126002739193,32.481296951916725,,,False,,277.0,,2026-08-21,,full,"{""as_of"": ""2026-08-21"", ""listing_date"": null, ""reason_code"": ""valid_trading_sessions"", ""status"": ""full"", ""valid_trading_sessions"": 277}","[""l1.csv""]",[],66.4895,ranked,full,100.0,True,True,False
FIX,"Comfort Systems USA, Inc. Common Stock",nasdaqtrader:N:FIX,common_equity,eligible,N,,1655.61,,888033167.4944445,-9.586325533134922,-9.792244446502806,13.225005642067256,143.08598108885886,19.88376538221447,60.63803279953183,,,False,,277.0,,2026-08-21,,full,"{""as_of"": ""2026-08-21"", ""listing_date"": null, ""reason_code"": ""valid_trading_sessions"", ""status"": ""full"", ""valid_trading_sessions"": 277}","[""l1.csv""]",[],66.4709,ranked,full,100.0,True,True,False
HOOD,"Robinhood Markets, Inc. - Class A Common Stock",nasdaqtrader:Q:HOOD,common_equity,eligible,Q,,108.13,,2561730222.668889,6.448119708604061,42.42623814541622,42.07068716331626,2.648566546421094,29.076479076479078,69.64966598052882,,,False,,277.0,,2026-08-21,,full,"{""as_of"": ""2026-08-21"", ""listing_date"": null, ""reason_code"": ""valid_trading_sessions"", ""status"": ""full"", ""valid_trading_sessions"": 277}","[""l1.csv""]",[],66.4602,ranked,full,100.0,True,True,False
CMCSA,Comcast Corporation - Class A Common Stock,nasdaqtrader:Q:CMCSA,common_equity,eligible,Q,,26.85,,819707980.5211111,22.490875912408747,7.057416267942607,-14.326738991703891,-19.345148693301283,21.376281112737917,38.688175068901124,,,False,,277.0,,2026-08-21,,full,"{""as_of"": ""2026-08-21"", ""listing_date"": null, ""reason_code"": ""valid_trading_sessions"", ""status"": ""full"", ""valid_trading_sessions"": 277}","[""l1.csv""]",[],66.4335,ranked,full,100.0,True,True,False
HCA,"HCA Healthcare, Inc. Common Stock",nasdaqtrader:N:HCA,common_equity,eligible,N,,429.19,,625918642.7647619,13.994687915006644,9.33105767271245,-19.370655645312784,4.634550685065086,21.26832131785079,44.308102451719,,,False,,277.0,,2026-08-21,,full,"{""as_of"": ""2026-08-21"", ""listing_date"": null, ""reason_code"": ""valid_trading_sessions"", ""status"": ""full"", ""valid_trading_sessions"": 277}","[""l1.csv""]",[],66.4191,ranked,full,100.0,True,True,False
RMD,ResMed Inc. Common Stock,nasdaqtrader:N:RMD,common_equity,eligible,N,,231.52,,316501951.14238095,20.652457136901358,10.785721121638447,-10.651435628280325,-19.905901888881196,21.179314336295242,37.83482326353174,,,False,,277.0,,2026-08-21,,full,"{""as_of"": ""2026-08-21"", ""listing_date"": null, ""reason_code"": ""valid_trading_sessions"", ""status"": ""full"", ""valid_trading_sessions"": 277}","[""l1.csv""]",[],66.4072,ranked,full,100.0,True,True,False
CSCO,"Cisco Systems, Inc. - Common Stock",nasdaqtrader:Q:CSCO,common_equity,eligible,Q,,111.04,,2817561225.433651,-1.5253636041149377,-6.057529610829104,40.20202020202019,65.45969304127553,14.584615384615384,38.89307859055357,,,False,,277.0,,2026-08-21,,full,"{""as_of"": ""2026-08-21"", ""listing_date"": null, ""reason_code"": ""valid_trading_sessions"", ""status"": ""full"", ""valid_trading_sessions"": 277}","[""l1.csv""]",[],66.3962,ranked,full,100.0,True,True,False
NVT,nVent Electric plc Ordinary Shares,nasdaqtrader:N:NVT,common_equity,eligible,N,,151.98,,335856870.8522222,-4.282655246252687,-7.0856514030690265,30.041926927355167,72.62607905497498,17.554518823912346,55.4768225141968,,,False,,277.0,,2026-08-21,,full,"{""as_of"": ""2026-08-21"", ""listing_date"": null, ""reason_code"": ""valid_trading_sessions"", ""status"": ""full"", ""valid_trading_sessions"": 277}","[""l1.csv""]",[],66.3886,ranked,full,100.0,True,True,False
DG,Dollar General Corporation Common Stock,nasdaqtrader:N:DG,common_equity,eligible,N,,123.41,,333630053.5961905,7.163945814518935,17.410332033108176,-18.07620817843866,7.453199825859813,21.012544802867396,35.86915604118225,,,False,,277.0,,2026-08-21,,full,"{""as_of"": ""2026-08-21"", ""listing_date"": null, ""reason_code"": ""valid_trading_sessions"", ""status"": ""full"", ""valid_trading_sessions"": 277}","[""l1.csv""]",[],66.385,ranked,full,100.0,True,True,False
POWI,"Power Integrations, Inc. - Common Stock",nasdaqtrader:Q:POWI,common_equity,eligible,Q,,55.18,,72510718.40333334,-22.139127980809935,-21.70828603859252,21.248077345638315,21.008771929824555,36.82884945621064,68.0581321647095,,,False,,277.0,,2026-08-21,,full,"{""as_of"": ""2026-08-21"", ""listing_date"": null, ""reason_code"": ""valid_trading_sessions"", ""status"": ""full"", ""valid_trading_sessions"": 277}","[""l1.csv""]",[],66.3781,ranked,full,100.0,True,True,False
IBM,International Business Machines Corporation Common Stock,nasdaqtrader:N:IBM,common_equity,eligible,N,,235.68,,2745889659.8420634,14.047907089281386,-6.834802545756413,-8.352776481567902,-2.832405689548545,28.414786015855174,90.91219426178478,,,False,,277.0,,2026-08-21,,full,"{""as_of"": ""2026-08-21"", ""listing_date"": null, ""reason_code"": ""valid_trading_sessions"", ""status"": ""full"", ""valid_trading_sessions"": 277}","[""l1.csv""]",[],66.372,ranked,full,100.0,True,True,False
AEHR,Aehr Test Systems - Common Stock,nasdaqtrader:Q:AEHR,common_equity,eligible,Q,,101.73,,239483756.06777778,14.93616540503897,11.423877327491795,202.76785714285714,485.32796317606454,30.135292905707033,168.61980800221033,,,False,,277.0,,2026-08-21,,full,"{""as_of"": ""2026-08-21"", ""listing_date"": null, ""reason_code"": ""valid_trading_sessions"", ""status"": ""full"", ""valid_trading_sessions"": 277}","[""l1.csv""]",[],66.3514,ranked,full,100.0,True,True,False
BTU,Peabody Energy Corporation Common Stock,nasdaqtrader:N:BTU,common_equity,eligible,N,,27.61,,76238964.19936508,15.910999160369443,13.109381401065123,-17.655830599463172,72.5625,30.101265822784807,52.7547722961766,,,False,,277.0,,2026-08-21,,full,"{""as_of"": ""2026-08-21"", ""listing_date"": null, ""reason_code"": ""valid_trading_sessions"", ""status"": ""full"", ""valid_trading_sessions"": 277}","[""l1.csv""]",[],66.3468,ranked,full,100.0,True,True,False
F,Ford Motor Company Common Stock,nasdaqtrader:N:F,common_equity,eligible,N,,14.41,,830420263.4338095,1.8374558303887012,5.4133138258961155,2.8551034975017764,25.413402959094867,17.373853211009184,30.851371789069653,,,False,,277.0,,2026-08-21,,full,"{""as_of"": ""2026-08-21"", ""listing_date"": null, ""reason_code"": ""valid_trading_sessions"", ""status"": ""full"", ""valid_trading_sessions"": 277}","[""l1.csv""]",[],66.3435,ranked,full,100.0,True,True,False
SYNA,Synaptics Incorporated - Common Stock,nasdaqtrader:Q:SYNA,common_equity,eligible,Q,,97.66,,117760289.0654762,-16.955782312925173,-26.19965238419105,15.87565258661603,46.2852007189934,33.82123737887104,54.67182382873682,,,False,,277.0,,2026-08-21,,full,"{""as_of"": ""2026-08-21"", ""listing_date"": null, ""reason_code"": ""valid_trading_sessions"", ""status"": ""full"", ""valid_trading_sessions"": 277}","[""l1.csv""]",[],66.3428,ranked,full,100.0,True,True,False
VCYT,"Veracyte, Inc. - Common Stock",nasdaqtrader:Q:VCYT,common_equity,eligible,Q,,42.31,,68246926.14285715,-26.900483759502414,-6.373091391900854,18.74824586023014,43.47236351305528,30.05455447181352,85.9390016353702,,,False,,277.0,,2026-08-21,,full,"{""as_of"": ""2026-08-21"", ""listing_date"": null, ""reason_code"": ""valid_trading_sessions"", ""status"": ""full"", ""valid_trading_sessions"": 277}","[""l1.csv""]",[],66.3406,ranked,full,100.0,True,True,False
GOOG,Alphabet Inc. - Class C Capital Stock,nasdaqtrader:Q:GOOG,common_equity,eligible,Q,,341.75,,7753684670.761111,7.353772695859773,-10.879599447153632,8.526516354398229,70.71282281832258,14.356956696070577,42.61119377629039,,,False,,277.0,,2026-08-21,,full,"{""as_of"": ""2026-08-21"", ""listing_date"": null, ""reason_code"": ""valid_trading_sessions"", ""status"": ""full"", ""valid_trading_sessions"": 277}","[""l1.csv""]",[],66.3392,ranked,full,100.0,True,True,False
GOOGL,Alphabet Inc. - Class A Common Stock,nasdaqtrader:Q:GOOGL,common_equity,eligible,Q,,344.82,,11410422714.996668,8.539771475337599,-11.050920910075845,9.473617372531585,72.998193859121,14.355968406934583,43.581130637737814,,,False,,277.0,,2026-08-21,,full,"{""as_of"": ""2026-08-21"", ""listing_date"": null, ""reason_code"": ""valid_trading_sessions"", ""status"": ""full"", ""valid_trading_sessions"": 277}","[""l1.csv""]",[],66.339,ranked,full,100.0,True,True,False
MYRG,"MYR Group, Inc. - Common Stock",nasdaqtrader:Q:MYRG,common_equity,eligible,Q,,310.87,,120413053.29888889,-23.69415807560137,-29.180335338071806,10.625956371659374,71.30655204717033,37.96619639614471,45.09144452353243,,,False,,277.0,,2026-08-21,,full,"{""as_of"": ""2026-08-21"", ""listing_date"": null, ""reason_code"": ""valid_trading_sessions"", ""status"": ""full"", ""valid_trading_sessions"": 277}","[""l1.csv""]",[],66.3023,ranked,full,100.0,True,True,False
VALE,VALE S.A.  American Depositary Shares Each Representing one common share,nasdaqtrader:N:VALE,adr,eligible,N,,14.59,,340429008.28238094,-1.618341200269724,-11.414693381906494,-12.68701376421305,50.1028806584362,18.125701459034794,31.748755803567647,,,False,,277.0,,2026-08-21,,full,"{""as_of"": ""2026-08-21"", ""listing_date"": null, ""reason_code"": ""valid_trading_sessions"", ""status"": ""full"", ""valid_trading_sessions"": 277}","[""l1.csv""]",[],66.2814,ranked,full,100.0,True,True,False
STLD,"Steel Dynamics, Inc. - Common Stock",nasdaqtrader:Q:STLD,common_equity,eligible,Q,,228.68,,314679475.61142856,-4.942428399218512,-1.3630089717046268,18.24809969491701,82.28776404942208,19.12576036214457,41.792197408895696,,,False,,277.0,,2026-08-21,,full,"{""as_of"": ""2026-08-21"", ""listing_date"": null, ""reason_code"": ""valid_trading_sessions"", ""status"": ""full"", ""valid_trading_sessions"": 277}","[""l1.csv""]",[],66.2814,ranked,full,100.0,True,True,False
RCL,Royal Caribbean Cruises Ltd. Common Stock,nasdaqtrader:N:RCL,common_equity,eligible,N,,292.0,,720952851.7939682,3.030944567940441,12.169637369391516,-7.328064997302352,-11.278561011181331,20.18368685764268,33.79475260427568,,,False,,277.0,,2026-08-21,,full,"{""as_of"": ""2026-08-21"", ""listing_date"": null, ""reason_code"": ""valid_trading_sessions"", ""status"": ""full"", ""valid_trading_sessions"": 277}","[""l1.csv""]",[],66.2745,ranked,full,100.0,True,True,False
SANM,Sanmina Corporation - Common Stock,nasdaqtrader:Q:SANM,common_equity,eligible,Q,,188.89,,239570692.29555556,-13.575219619326507,-19.401775046936343,26.46202256217989,72.32916704680228,33.18831352574987,87.17796006386995,,,False,,277.0,,2026-08-21,,full,"{""as_of"": ""2026-08-21"", ""listing_date"": null, ""reason_code"": ""valid_trading_sessions"", ""status"": ""full"", ""valid_trading_sessions"": 277}","[""l1.csv""]",[],66.2584,ranked,full,100.0,True,True,False
WFC,Wells Fargo & Company Common Stock,nasdaqtrader:N:WFC,common_equity,eligible,N,,83.84,,1275477506.8444445,-2.726534400742542,10.432033719704958,-5.479143179255919,7.2671443193449425,13.020022823944387,23.55321806918993,,,False,,277.0,,2026-08-21,,full,"{""as_of"": ""2026-08-21"", ""listing_date"": null, ""reason_code"": ""valid_trading_sessions"", ""status"": ""full"", ""valid_trading_sessions"": 277}","[""l1.csv""]",[],66.255,ranked,full,100.0,True,True,False
RARE,Ultragenyx Pharmaceutical Inc. - Common Stock,nasdaqtrader:Q:RARE,common_equity,eligible,Q,,25.83,,64492574.855714284,-4.404145077720212,8.941374947279623,13.688380281690149,-12.023160762942787,29.31034482758621,41.31663996738323,,,False,,277.0,,2026-08-21,,full,"{""as_of"": ""2026-08-21"", ""listing_date"": null, ""reason_code"": ""valid_trading_sessions"", ""status"": ""full"", ""valid_trading_sessions"": 277}","[""l1.csv""]",[],66.2414,ranked,full,100.0,True,True,False
ARX,Accelerant Holdings Class A Common Shares,nasdaqtrader:N:ARX,common_equity,eligible,N,,19.59,,61360598.78984127,42.26579520697169,15.303119482048277,90.9356725146199,-34.699999999999996,34.808652246256244,130.17739428055953,,,False,,272.0,,2026-08-21,,full,"{""as_of"": ""2026-08-21"", ""listing_date"": null, ""reason_code"": ""valid_trading_sessions"", ""status"": ""full"", ""valid_trading_sessions"": 272}","[""l1.csv""]",[],66.2245,ranked,full,100.0,True,True,False
CCJ,Cameco Corporation Common Stock,nasdaqtrader:N:CCJ,common_equity,eligible,N,,102.51,,326547292.8617461,14.754281876189413,-2.677299914554254,-15.52533992583436,45.46615581098341,23.551346110821093,46.13706552314646,,,False,,277.0,,2026-08-21,,full,"{""as_of"": ""2026-08-21"", ""listing_date"": null, ""reason_code"": ""valid_trading_sessions"", ""status"": ""full"", ""valid_trading_sessions"": 277}","[""l1.csv""]",[],66.2235,ranked,full,100.0,True,True,False
GDDY,GoDaddy Inc. Class A Common Stock,nasdaqtrader:N:GDDY,common_equity,eligible,N,,97.07,,218586640.66507936,10.785208856425466,6.017911751856686,7.093998234774923,-33.66363698489716,34.79983879634605,78.90847337995834,,,False,,277.0,,2026-08-21,,full,"{""as_of"": ""2026-08-21"", ""listing_date"": null, ""reason_code"": ""valid_trading_sessions"", ""status"": ""full"", ""valid_trading_sessions"": 277}","[""l1.csv""]",[],66.2233,ranked,full,100.0,True,True,False
UAL,"United Airlines Holdings, Inc. - Common Stock",nasdaqtrader:Q:UAL,common_equity,eligible,Q,,113.17,,569628826.3759524,-1.8856474056092587,13.578883982336421,0.12386092187914866,13.35136217948718,16.854015134817434,40.441006193301774,,,False,,277.0,,2026-08-21,,full,"{""as_of"": ""2026-08-21"", ""listing_date"": null, ""reason_code"": ""valid_trading_sessions"", ""status"": ""full"", ""valid_trading_sessions"": 277}","[""l1.csv""]",[],66.2135,ranked,full,100.0,True,True,False
BSY,"Bentley Systems, Incorporated - Class B Common Stock",nasdaqtrader:Q:BSY,common_equity,eligible,Q,,37.08,,98270909.40396824,23.107569721115517,11.217756448710237,9.574468085106357,-30.833799664241745,34.7068145800317,47.540711420447046,,,False,,277.0,,2026-08-21,,full,"{""as_of"": ""2026-08-21"", ""listing_date"": null, ""reason_code"": ""valid_trading_sessions"", ""status"": ""full"", ""valid_trading_sessions"": 277}","[""l1.csv""]",[],66.2109,ranked,full,100.0,True,True,False
NICE,NICE Ltd - American Depositary Shares each representing one Ordinary Share,nasdaqtrader:Q:NICE,adr,eligible,Q,,100.24,,62173371.84634921,15.457267910619677,5.128474042999476,-14.827088112838815,-27.288553605106635,34.67153284671534,57.851935572489374,,,False,,277.0,,2026-08-21,,full,"{""as_of"": ""2026-08-21"", ""listing_date"": null, ""reason_code"": ""valid_trading_sessions"", ""status"": ""full"", ""valid_trading_sessions"": 277}","[""l1.csv""]",[],66.2062,ranked,full,100.0,True,True,False
ACN,Accenture plc Class A Ordinary Shares (Ireland),nasdaqtrader:N:ACN,common_equity,eligible,N,,185.28,,1266426361.2412698,33.54475998270146,4.165963906223635,-13.963315532853493,-27.35542050578318,35.78706591807029,47.74312322763468,,,False,,277.0,,2026-08-21,,full,"{""as_of"": ""2026-08-21"", ""listing_date"": null, ""reason_code"": ""valid_trading_sessions"", ""status"": ""full"", ""valid_trading_sessions"": 277}","[""l1.csv""]",[],66.1975,ranked,full,100.0,True,True,False
UMC,United Microelectronics Corporation (NEW) Common Stock,nasdaqtrader:N:UMC,common_equity,eligible,N,,18.34,,365352068.3352381,-12.122664111164362,-0.054495912806551416,76.34615384615384,166.95778748180493,34.52338450553374,74.99611440408451,,,False,,277.0,,2026-08-21,,full,"{""as_of"": ""2026-08-21"", ""listing_date"": null, ""reason_code"": ""valid_trading_sessions"", ""status"": ""full"", ""valid_trading_sessions"": 277}","[""l1.csv""]",[],66.1865,ranked,full,100.0,True,True,False
BZ,KANZHUN LIMITED - American Depository Shares,nasdaqtrader:Q:BZ,adr,eligible,Q,,15.95,,54513833.41444445,4.590163934426217,15.579710144927517,-8.752860411899322,-27.76268115942029,35.969490164592536,39.523744443026835,,,False,,277.0,,2026-08-21,,full,"{""as_of"": ""2026-08-21"", ""listing_date"": null, ""reason_code"": ""valid_trading_sessions"", ""status"": ""full"", ""valid_trading_sessions"": 277}","[""l1.csv""]",[],66.1854,ranked,full,100.0,True,True,False
LMT,Lockheed Martin Corporation Common Stock,nasdaqtrader:N:LMT,common_equity,eligible,N,,563.57,,668904708.825873,-0.8828857348880503,7.800455249717886,-14.38489350712484,26.360986547085208,16.71789567016403,38.35815608979972,,,False,,277.0,,2026-08-21,,full,"{""as_of"": ""2026-08-21"", ""listing_date"": null, ""reason_code"": ""valid_trading_sessions"", ""status"": ""full"", ""valid_trading_sessions"": 277}","[""l1.csv""]",[],66.1795,ranked,full,100.0,True,True,False
EME,"EMCOR Group, Inc. Common Stock",nasdaqtrader:N:EME,common_equity,eligible,N,,776.62,,349066219.41079366,0.981705176381853,-8.546867640131895,-4.4501039628932375,28.33936509510353,17.70913907284768,62.76580935404622,,,False,,277.0,,2026-08-21,,full,"{""as_of"": ""2026-08-21"", ""listing_date"": null, ""reason_code"": ""valid_trading_sessions"", ""status"": ""full"", ""valid_trading_sessions"": 277}","[""l1.csv""]",[],66.1773,ranked,full,100.0,True,True,False
AXP,American Express Company Common Stock,nasdaqtrader:N:AXP,common_equity,eligible,N,,336.0,,1004391024.5301588,-1.4200211242811789,8.492089118501788,-2.940666705182282,8.949416342412464,12.702330535997298,24.70431286583068,,,False,,277.0,,2026-08-21,,full,"{""as_of"": ""2026-08-21"", ""listing_date"": null, ""reason_code"": ""valid_trading_sessions"", ""status"": ""full"", ""valid_trading_sessions"": 277}","[""l1.csv""]",[],66.1756,ranked,full,100.0,True,True,False
AG,First Majestic Silver Corp. Ordinary Shares (Canada),nasdaqtrader:N:AG,common_equity,eligible,N,,21.09,,196972986.50777778,28.206686930091184,5.979899497487451,-23.448275862068968,147.24501758499414,34.11433926897844,65.34766498470786,,,False,,277.0,,2026-08-21,,full,"{""as_of"": ""2026-08-21"", ""listing_date"": null, ""reason_code"": ""valid_trading_sessions"", ""status"": ""full"", ""valid_trading_sessions"": 277}","[""l1.csv""]",[],66.1319,ranked,full,100.0,True,True,False
BABA,Alibaba Group Holding Limited American Depositary Shares each representing eight Ordinary share,nasdaqtrader:N:BABA,adr,eligible,N,,119.34,,1421906300.78,4.629142556549182,-9.226439491899285,-22.732275817416635,-0.1255335174491501,36.97052920671807,45.32038991560135,,,False,,277.0,,2026-08-21,,full,"{""as_of"": ""2026-08-21"", ""listing_date"": null, ""reason_code"": ""valid_trading_sessions"", ""status"": ""full"", ""valid_trading_sessions"": 277}","[""l1.csv""]",[],66.1186,ranked,full,100.0,True,True,False
NFLX,"Netflix, Inc. - Common Stock",nasdaqtrader:Q:NFLX,common_equity,eligible,Q,,79.59,,3229027549.790952,15.532007548265359,-10.873460246360578,1.1694419727977579,-34.43446741906252,36.998337687010206,36.271829965856455,,,False,,277.0,,2026-08-21,,full,"{""as_of"": ""2026-08-21"", ""listing_date"": null, ""reason_code"": ""valid_trading_sessions"", ""status"": ""full"", ""valid_trading_sessions"": 277}","[""l1.csv""]",[],66.1168,ranked,full,100.0,True,True,False
VMC,Vulcan Materials Company (Holding Company) Common Stock,nasdaqtrader:N:VMC,common_equity,eligible,N,,276.04,,324827882.2387302,0.4037391335976581,5.32661782661783,-9.581054079727469,-3.576917702948146,16.44519780851772,31.264111436693685,,,False,,277.0,,2026-08-21,,full,"{""as_of"": ""2026-08-21"", ""listing_date"": null, ""reason_code"": ""valid_trading_sessions"", ""status"": ""full"", ""valid_trading_sessions"": 277}","[""l1.csv""]",[],66.1113,ranked,full,100.0,True,True,False
AFRM,"Affirm Holdings, Inc. - Class A Common Stock",nasdaqtrader:Q:AFRM,common_equity,eligible,Q,,77.03,,295160943.68761903,8.17300940879091,14.662101816016659,50.773145429633985,5.549465607015613,16.43523540898243,51.29106597147416,,,False,,277.0,,2026-08-21,,full,"{""as_of"": ""2026-08-21"", ""listing_date"": null, ""reason_code"": ""valid_trading_sessions"", ""status"": ""full"", ""valid_trading_sessions"": 277}","[""l1.csv""]",[],66.1088,ranked,full,100.0,True,True,False
BB,BlackBerry Limited Common Stock,nasdaqtrader:N:BB,common_equity,eligible,N,,8.04,,282577645.42619044,-6.83661645422945,20.90225563909773,133.0434782608695,120.2739726027397,37.23653395784544,58.78010065404505,,,False,,277.0,,2026-08-21,,full,"{""as_of"": ""2026-08-21"", ""listing_date"": null, ""reason_code"": ""valid_trading_sessions"", ""status"": ""full"", ""valid_trading_sessions"": 277}","[""l1.csv""]",[],66.1009,ranked,full,100.0,True,True,False
MKSI,MKS Inc. - Common Stock,nasdaqtrader:Q:MKSI,common_equity,eligible,Q,,279.11,,467144842.9263492,-19.16883869099334,-10.873036147656157,7.652254406603176,180.87954110898661,37.25044964028776,80.41424667529704,,,False,,277.0,,2026-08-21,,full,"{""as_of"": ""2026-08-21"", ""listing_date"": null, ""reason_code"": ""valid_trading_sessions"", ""status"": ""full"", ""valid_trading_sessions"": 277}","[""l1.csv""]",[],66.1,ranked,full,100.0,True,True,False
NXT,Nextpower Inc. - Class A Common Stock,nasdaqtrader:Q:NXT,common_equity,eligible,Q,,86.18,,339077441.81666666,-17.523207962484435,-28.788629978515946,-27.786157197921902,30.319068501436576,44.89769820971867,72.1663751494254,,,False,,277.0,,2026-08-21,,full,"{""as_of"": ""2026-08-21"", ""listing_date"": null, ""reason_code"": ""valid_trading_sessions"", ""status"": ""full"", ""valid_trading_sessions"": 277}","[""l1.csv""]",[],66.0902,ranked,full,100.0,True,True,False
APLD,Applied Digital Corporation - Common Stock,nasdaqtrader:Q:APLD,common_equity,eligible,Q,,27.21,,702881929.9310317,-8.966209434593509,-43.33610995418575,-6.301652892561982,73.09160305343512,45.196374622356494,101.00964597447286,,,False,,277.0,,2026-08-21,,full,"{""as_of"": ""2026-08-21"", ""listing_date"": null, ""reason_code"": ""valid_trading_sessions"", ""status"": ""full"", ""valid_trading_sessions"": 277}","[""l1.csv""]",[],66.0702,ranked,full,100.0,True,True,False
ONDS,Ondas Inc - Common Stock,nasdaqtrader:Q:ONDS,common_equity,eligible,Q,,8.71,,776478962.1976985,9.836065573770503,-5.119825708060988,-13.160518444665993,141.27423822714684,37.83012134189864,91.19592648475225,,,False,,277.0,,2026-08-21,,full,"{""as_of"": ""2026-08-21"", ""listing_date"": null, ""reason_code"": ""valid_trading_sessions"", ""status"": ""full"", ""valid_trading_sessions"": 277}","[""l1.csv""]",[],66.0613,ranked,full,100.0,True,True,False
IGV,iShares Expanded Tech-Software Sector ETF,US:IGV,etf,eligible,Z,,103.37,,1525582385.3630953,18.679678530424802,11.775519031141869,27.96484278286706,-2.783786325590143,12.242125817132187,29.813288331029437,,,False,,277.0,,2026-08-21,,full,"{""as_of"": ""2026-08-21"", ""listing_date"": null, ""reason_code"": ""valid_trading_sessions"", ""status"": ""full"", ""valid_trading_sessions"": 277}","[""l1.csv""]",[],66.0605,ranked,full,100.0,True,True,False
LSCC,Lattice Semiconductor Corporation - Common Stock,nasdaqtrader:Q:LSCC,common_equity,eligible,Q,,117.69,,260503838.09857145,-14.797654383551729,-15.54359526372443,20.386661211129287,91.67752442996742,24.203001223674892,69.22260152587869,,,False,,277.0,,2026-08-21,,full,"{""as_of"": ""2026-08-21"", ""listing_date"": null, ""reason_code"": ""valid_trading_sessions"", ""status"": ""full"", ""valid_trading_sessions"": 277}","[""l1.csv""]",[],66.0604,ranked,full,100.0,True,True,False
EQX,Equinox Gold Corp. Common Shares,nasdaqtrader:A:EQX,common_equity,eligible,A,,13.53,,149740924.4920635,45.640473627556524,9.91064175467098,-19.512195121951216,74.5806451612903,27.878464818763337,61.900664189141764,,,False,,277.0,,2026-08-21,,full,"{""as_of"": ""2026-08-21"", ""listing_date"": null, ""reason_code"": ""valid_trading_sessions"", ""status"": ""full"", ""valid_trading_sessions"": 277}","[""l1.csv""]",[],66.0505,ranked,full,100.0,True,True,False
DVA,DaVita Inc. Common Stock,nasdaqtrader:N:DVA,common_equity,eligible,N,,173.82,,176508477.34174603,-25.803559994877713,-12.503775294472973,15.318781927950642,26.488138553340136,27.863545816733073,59.19110786098843,,,False,,277.0,,2026-08-21,,full,"{""as_of"": ""2026-08-21"", ""listing_date"": null, ""reason_code"": ""valid_trading_sessions"", ""status"": ""full"", ""valid_trading_sessions"": 277}","[""l1.csv""]",[],66.0485,ranked,full,100.0,True,True,False
INFQ,"Infleqtion, Inc. Common Stock",nasdaqtrader:N:INFQ,common_equity,eligible,N,,14.12,,215303089.60873017,45.717234262125906,-3.9455782312925125,6.245297215951839,39.38795656465941,45.58766859344894,98.97327966299795,,,False,,277.0,,2026-08-21,,full,"{""as_of"": ""2026-08-21"", ""listing_date"": null, ""reason_code"": ""valid_trading_sessions"", ""status"": ""full"", ""valid_trading_sessions"": 277}","[""l1.csv""]",[],66.0442,ranked,full,100.0,True,True,False
TSLA,"Tesla, Inc.  - Common Stock",nasdaqtrader:Q:TSLA,common_equity,eligible,Q,,362.86,,16055592989.389048,13.503706715881014,-13.160224961110444,-11.888689233160111,12.028403828342093,25.928798889523964,58.612047077945505,,,False,,277.0,,2026-08-21,,full,"{""as_of"": ""2026-08-21"", ""listing_date"": null, ""reason_code"": ""valid_trading_sessions"", ""status"": ""full"", ""valid_trading_sessions"": 277}","[""l1.csv""]",[],66.0405,ranked,full,100.0,True,True,False
BX,Blackstone Inc. Common Stock,nasdaqtrader:N:BX,common_equity,eligible,N,,143.38,,632332296.904127,15.164658634538153,20.92434848612634,18.232044198895036,-12.823007235362072,24.008903964384142,37.601614330772065,,,False,,277.0,,2026-08-21,,full,"{""as_of"": ""2026-08-21"", ""listing_date"": null, ""reason_code"": ""valid_trading_sessions"", ""status"": ""full"", ""valid_trading_sessions"": 277}","[""l1.csv""]",[],66.0345,ranked,full,100.0,True,True,False
ODFL,"Old Dominion Freight Line, Inc. - Common Stock",nasdaqtrader:Q:ODFL,common_equity,eligible,Q,,206.47,,403644165.45349205,-10.506696718824504,-0.5874139342288975,2.5224688415512286,37.42678381256654,16.99031077875608,32.35700992917598,,,False,,277.0,,2026-08-21,,full,"{""as_of"": ""2026-08-21"", ""listing_date"": null, ""reason_code"": ""valid_trading_sessions"", ""status"": ""full"", ""valid_trading_sessions"": 277}","[""l1.csv""]",[],65.9976,ranked,full,100.0,True,True,False
ARE,"Alexandria Real Estate Equities, Inc. Common Stock",nasdaqtrader:N:ARE,common_equity,eligible,N,,53.49,,98634482.40619048,6.723862729449337,11.786833855799372,-0.2982292637464967,-30.94500387296668,38.8336192109777,50.62626031085372,,,False,,277.0,,2026-08-21,,full,"{""as_of"": ""2026-08-21"", ""listing_date"": null, ""reason_code"": ""valid_trading_sessions"", ""status"": ""full"", ""valid_trading_sessions"": 277}","[""l1.csv""]",[],65.9944,ranked,full,100.0,True,True,False
OWL,Blue Owl Capital Inc. Class A Common Stock,nasdaqtrader:N:OWL,common_equity,eligible,N,,11.67,,212312356.22555554,26.710097719869697,14.41176470588237,7.955596669750231,-37.15670436187399,38.86851754845468,47.65625890336416,,,False,,277.0,,2026-08-21,,full,"{""as_of"": ""2026-08-21"", ""listing_date"": null, ""reason_code"": ""valid_trading_sessions"", ""status"": ""full"", ""valid_trading_sessions"": 277}","[""l1.csv""]",[],65.9921,ranked,full,100.0,True,True,False
TNGX,"Tango Therapeutics, Inc. - Common Stock",nasdaqtrader:Q:TNGX,common_equity,eligible,Q,,23.88,,107037316.91968253,-13.005464480874318,10.453283996299723,95.73770491803279,253.77777777777774,27.41641337386018,65.54055611650115,,,False,,277.0,,2026-08-21,,full,"{""as_of"": ""2026-08-21"", ""listing_date"": null, ""reason_code"": ""valid_trading_sessions"", ""status"": ""full"", ""valid_trading_sessions"": 277}","[""l1.csv""]",[],65.9889,ranked,full,100.0,True,True,False
CAMT,Camtek Ltd. - Ordinary Shares,nasdaqtrader:Q:CAMT,common_equity,eligible,Q,,146.81,,82250999.96531746,-5.3998324634319195,-8.580858085808584,-0.8710330857528592,78.12424168891046,29.234551238793028,79.38820719625875,,,False,,277.0,,2026-08-21,,full,"{""as_of"": ""2026-08-21"", ""listing_date"": null, ""reason_code"": ""valid_trading_sessions"", ""status"": ""full"", ""valid_trading_sessions"": 277}","[""l1.csv""]",[],65.9813,ranked,full,100.0,True,True,False
RMBS,"Rambus, Inc. - Common Stock",nasdaqtrader:Q:RMBS,common_equity,eligible,Q,,91.24,,347669405.2277778,-11.580579513518751,-35.664927372726,-11.106780982073271,30.941446613088374,46.53697410055081,69.72330588800091,,,False,,277.0,,2026-08-21,,full,"{""as_of"": ""2026-08-21"", ""listing_date"": null, ""reason_code"": ""valid_trading_sessions"", ""status"": ""full"", ""valid_trading_sessions"": 277}","[""l1.csv""]",[],65.9809,ranked,full,100.0,True,True,False
GFS,GlobalFoundries Inc. - Ordinary Share,nasdaqtrader:Q:GFS,common_equity,eligible,Q,,48.05,,310440568.1123809,-15.568441398699706,-40.93423478795329,4.026845637583887,45.51786795881281,46.58737216540685,65.30693268584376,,,False,,277.0,,2026-08-21,,full,"{""as_of"": ""2026-08-21"", ""listing_date"": null, ""reason_code"": ""valid_trading_sessions"", ""status"": ""full"", ""valid_trading_sessions"": 277}","[""l1.csv""]",[],65.9775,ranked,full,100.0,True,True,False
CVS,CVS Health Corporation Common Stock,nasdaqtrader:N:CVS,common_equity,eligible,N,,93.02,,802141098.1660317,-12.975956590887838,-0.32147449635662184,21.29351936367192,31.347077096865306,15.895117540687165,28.63829811962025,,,False,,277.0,,2026-08-21,,full,"{""as_of"": ""2026-08-21"", ""listing_date"": null, ""reason_code"": ""valid_trading_sessions"", ""status"": ""full"", ""valid_trading_sessions"": 277}","[""l1.csv""]",[],65.9738,ranked,full,100.0,True,True,False
HLNE,Hamilton Lane Incorporated - Class A Common Stock,nasdaqtrader:Q:HLNE,common_equity,eligible,Q,,105.35,,77319939.4209524,29.821318545902642,18.91861383903375,-1.5604559895346704,-29.962770908123915,32.79106858054227,44.136842285510106,,,False,,277.0,,2026-08-21,,full,"{""as_of"": ""2026-08-21"", ""listing_date"": null, ""reason_code"": ""valid_trading_sessions"", ""status"": ""full"", ""valid_trading_sessions"": 277}","[""l1.csv""]",[],65.9555,ranked,full,100.0,True,True,False
FSLR,"First Solar, Inc. - Common Stock",nasdaqtrader:Q:FSLR,common_equity,eligible,Q,,214.28,,601371020.818254,4.059829059829068,-13.902282224365159,-11.410616834794107,3.7977136213912077,32.66928515318146,51.76481146124195,,,False,,277.0,,2026-08-21,,full,"{""as_of"": ""2026-08-21"", ""listing_date"": null, ""reason_code"": ""valid_trading_sessions"", ""status"": ""full"", ""valid_trading_sessions"": 277}","[""l1.csv""]",[],65.9392,ranked,full,100.0,True,True,False
ROP,"Roper Technologies, Inc. - Common Stock",nasdaqtrader:Q:ROP,common_equity,eligible,Q,,411.79,,356402692.57476187,15.957986032890293,27.06430510984943,22.633193364900684,-23.815955006290235,23.293718798897256,40.064450104527474,,,False,,277.0,,2026-08-21,,full,"{""as_of"": ""2026-08-21"", ""listing_date"": null, ""reason_code"": ""valid_trading_sessions"", ""status"": ""full"", ""valid_trading_sessions"": 277}","[""l1.csv""]",[],65.9392,ranked,full,100.0,True,True,False
MRVL,"Marvell Technology, Inc. - Common Stock",nasdaqtrader:Q:MRVL,common_equity,eligible,Q,,237.04,,10543165784.44373,13.242881712210973,24.306465991924053,198.23855057876193,232.82785734344284,25.089277249312648,95.1173716654572,,,False,,277.0,,2026-08-21,,full,"{""as_of"": ""2026-08-21"", ""listing_date"": null, ""reason_code"": ""valid_trading_sessions"", ""status"": ""full"", ""valid_trading_sessions"": 277}","[""l1.csv""]",[],65.9286,ranked,full,100.0,True,True,False
KSS,Kohl's Corporation Common Stock,nasdaqtrader:N:KSS,common_equity,eligible,N,,17.6,,78812051.82984127,-3.296703296703285,38.582677165354355,-6.283280085197019,31.934032983508253,28.77377579927155,52.87705179248705,,,False,,277.0,,2026-08-21,,full,"{""as_of"": ""2026-08-21"", ""listing_date"": null, ""reason_code"": ""valid_trading_sessions"", ""status"": ""full"", ""valid_trading_sessions"": 277}","[""l1.csv""]",[],65.9198,ranked,full,100.0,True,True,False
YOU,"Clear Secure, Inc. Class A Common Stock",nasdaqtrader:N:YOU,common_equity,eligible,N,,43.29,,80345141.4931746,-16.50916104146577,-29.14893617021277,26.320396848555582,28.916021441334138,30.580500320718407,52.10448720046771,,,False,,277.0,,2026-08-21,,full,"{""as_of"": ""2026-08-21"", ""listing_date"": null, ""reason_code"": ""valid_trading_sessions"", ""status"": ""full"", ""valid_trading_sessions"": 277}","[""l1.csv""]",[],65.9107,ranked,full,100.0,True,True,False
TPR,"Tapestry, Inc. Common Stock",nasdaqtrader:N:TPR,common_equity,eligible,N,,130.17,,396550710.83603173,-6.440020125062896,-6.42656890230755,-17.136673244636846,31.657732375847058,21.00376259254765,62.12235435056708,,,False,,277.0,,2026-08-21,,full,"{""as_of"": ""2026-08-21"", ""listing_date"": null, ""reason_code"": ""valid_trading_sessions"", ""status"": ""full"", ""valid_trading_sessions"": 277}","[""l1.csv""]",[],65.8838,ranked,full,100.0,True,True,False
COF,Capital One Financial Corporation Common Stock,nasdaqtrader:N:COF,common_equity,eligible,N,,217.91,,884004904.6219047,8.97679535907181,16.741669345333765,4.553305824776888,1.4903823762284052,15.519112972008998,27.435333587277498,,,False,,277.0,,2026-08-21,,full,"{""as_of"": ""2026-08-21"", ""listing_date"": null, ""reason_code"": ""valid_trading_sessions"", ""status"": ""full"", ""valid_trading_sessions"": 277}","[""l1.csv""]",[],65.8798,ranked,full,100.0,True,True,False
IR,Ingersoll Rand Inc. Common Stock,nasdaqtrader:N:IR,common_equity,eligible,N,,80.51,,337247771.5371429,-4.507175898469928,14.556061468412063,-15.784518828451876,1.8598178137651855,18.4791413527744,34.96653684237732,,,False,,277.0,,2026-08-21,,full,"{""as_of"": ""2026-08-21"", ""listing_date"": null, ""reason_code"": ""valid_trading_sessions"", ""status"": ""full"", ""valid_trading_sessions"": 277}","[""l1.csv""]",[],65.8698,ranked,full,100.0,True,True,False
IRTC,"iRhythm Holdings, Inc.  - Common Stock",nasdaqtrader:Q:IRTC,common_equity,eligible,Q,,128.52,,72640160.77079366,19.36472555029256,9.035377958768143,-14.864864864864858,-21.249999999999993,32.0898282694848,54.22832252601522,,,False,,277.0,,2026-08-21,,full,"{""as_of"": ""2026-08-21"", ""listing_date"": null, ""reason_code"": ""valid_trading_sessions"", ""status"": ""full"", ""valid_trading_sessions"": 277}","[""l1.csv""]",[],65.862,ranked,full,100.0,True,True,False
COHU,"Cohu, Inc. - Common Stock",nasdaqtrader:Q:COHU,common_equity,eligible,Q,,54.37,,76652759.51047619,-0.25683360851219694,19.101861993428248,72.27503168567809,178.3922171018945,26.437559193613858,97.66218170309038,,,False,,277.0,,2026-08-21,,full,"{""as_of"": ""2026-08-21"", ""listing_date"": null, ""reason_code"": ""valid_trading_sessions"", ""status"": ""full"", ""valid_trading_sessions"": 277}","[""l1.csv""]",[],65.8583,ranked,full,100.0,True,True,False
BFAM,Bright Horizons Family Solutions Inc. Common Stock,nasdaqtrader:N:BFAM,common_equity,eligible,N,,72.88,,65967076.308253966,-1.9375672766415497,7.8904515173945144,0.7325501036627546,-40.49154895076346,40.90651098678343,39.814368958635946,,,False,,277.0,,2026-08-21,,full,"{""as_of"": ""2026-08-21"", ""listing_date"": null, ""reason_code"": ""valid_trading_sessions"", ""status"": ""full"", ""valid_trading_sessions"": 277}","[""l1.csv""]",[],65.8562,ranked,full,100.0,True,True,False
CECO,CECO Environmental Corp. - Common Stock,nasdaqtrader:Q:CECO,common_equity,eligible,Q,,71.52,,78617442.21920636,-10.139464756879013,-11.35349529003472,-9.21553693830922,58.195089581950874,28.24320256847598,71.5969458189933,,,False,,277.0,,2026-08-21,,full,"{""as_of"": ""2026-08-21"", ""listing_date"": null, ""reason_code"": ""valid_trading_sessions"", ""status"": ""full"", ""valid_trading_sessions"": 277}","[""l1.csv""]",[],65.8491,ranked,full,100.0,True,True,False
ASML,ASML Holding N.V. - New York Registry Shares,qrgf-resolution-required:Q:ASML,common_equity,eligible,Q,,1763.76,,3353172456.315714,-2.176372712146424,10.788944723618087,20.01714763981792,135.32802305567785,11.343895769663826,45.36184876506069,,,False,,277.0,,2026-08-21,,full,"{""as_of"": ""2026-08-21"", ""listing_date"": null, ""reason_code"": ""valid_trading_sessions"", ""status"": ""full"", ""valid_trading_sessions"": 277}","[""l1.csv""]",[],65.836,ranked,full,100.0,True,True,False
NKTR,Nektar Therapeutics - Common Stock,nasdaqtrader:Q:NKTR,common_equity,eligible,Q,,74.02,,62096662.83714286,6.718569780853523,7.9323417906095095,0.3933270039332637,174.65677179962893,26.23816641753861,36.38949588205194,,,False,,277.0,,2026-08-21,,full,"{""as_of"": ""2026-08-21"", ""listing_date"": null, ""reason_code"": ""valid_trading_sessions"", ""status"": ""full"", ""valid_trading_sessions"": 277}","[""l1.csv""]",[],65.8318,ranked,full,100.0,True,True,False
SOFI,"SoFi Technologies, Inc.  - Common Stock",nasdaqtrader:Q:SOFI,common_equity,eligible,Q,,18.91,,1339421635.6473017,13.573573573573583,20.83067092651758,-0.5783385909568839,-16.030195381882773,41.29152437131326,61.20655498119512,,,False,,277.0,,2026-08-21,,full,"{""as_of"": ""2026-08-21"", ""listing_date"": null, ""reason_code"": ""valid_trading_sessions"", ""status"": ""full"", ""valid_trading_sessions"": 277}","[""l1.csv""]",[],65.8306,ranked,full,100.0,True,True,False
ESI,Element Solutions Inc. Common Stock,nasdaqtrader:N:ESI,common_equity,eligible,N,,35.31,,185011212.2653968,-7.80678851174933,-12.512388503468774,-0.3668171557561939,40.958083832335326,28.070890201670405,40.56464540426045,,,False,,277.0,,2026-08-21,,full,"{""as_of"": ""2026-08-21"", ""listing_date"": null, ""reason_code"": ""valid_trading_sessions"", ""status"": ""full"", ""valid_trading_sessions"": 277}","[""l1.csv""]",[],65.8261,ranked,full,100.0,True,True,False
SITM,SiTime Corporation - Common Stock,nasdaqtrader:Q:SITM,common_equity,eligible,Q,,614.83,,358405837.9015873,6.665394424107851,-13.621995251408414,51.075017814580924,177.45036101083036,31.797710431734483,110.57819403743892,,,False,,277.0,,2026-08-21,,full,"{""as_of"": ""2026-08-21"", ""listing_date"": null, ""reason_code"": ""valid_trading_sessions"", ""status"": ""full"", ""valid_trading_sessions"": 277}","[""l1.csv""]",[],65.823,ranked,full,100.0,True,True,False
SNEX,StoneX Group Inc. - Common Stock,nasdaqtrader:Q:SNEX,common_equity,eligible,Q,,68.47,,99355129.89428572,-8.535933742986913,-8.645763842561715,19.72372792446233,60.840967817712,26.114168555087947,61.940509186868745,,,False,,277.0,,2026-08-21,,full,"{""as_of"": ""2026-08-21"", ""listing_date"": null, ""reason_code"": ""valid_trading_sessions"", ""status"": ""full"", ""valid_trading_sessions"": 277}","[""l1.csv""]",[],65.8152,ranked,full,100.0,True,True,False
PLTR,Palantir Technologies Inc. - Class A Common Stock,nasdaqtrader:Q:PLTR,common_equity,eligible,Q,,179.94,,6089054146.9717455,45.853935316527505,30.946403231088304,33.052351375332734,15.33876033587591,13.147987257457283,90.39498098757147,,,False,,277.0,,2026-08-21,,full,"{""as_of"": ""2026-08-21"", ""listing_date"": null, ""reason_code"": ""valid_trading_sessions"", ""status"": ""full"", ""valid_trading_sessions"": 277}","[""l1.csv""]",[],65.787,ranked,full,100.0,True,True,False
COR,"Cencora, Inc. Common Stock",nasdaqtrader:N:COR,common_equity,eligible,N,,318.04,,455587624.7803175,4.254900675277007,19.816154309825194,-11.919796167054386,4.725213210840007,15.132755170113398,31.27242978574633,,,False,,277.0,,2026-08-21,,full,"{""as_of"": ""2026-08-21"", ""listing_date"": null, ""reason_code"": ""valid_trading_sessions"", ""status"": ""full"", ""valid_trading_sessions"": 277}","[""l1.csv""]",[],65.7832,ranked,full,100.0,True,True,False
GEHC,GE HealthCare Technologies Inc. - Common Stock,nasdaqtrader:Q:GEHC,common_equity,eligible,Q,,74.82,,310821220.1130952,20.696886594612018,16.306544380537847,-11.171791523210272,1.2860430485988728,15.131578947368428,48.87766157967957,,,False,,277.0,,2026-08-21,,full,"{""as_of"": ""2026-08-21"", ""listing_date"": null, ""reason_code"": ""valid_trading_sessions"", ""status"": ""full"", ""valid_trading_sessions"": 277}","[""l1.csv""]",[],65.7829,ranked,full,100.0,True,True,False
RELX,RELX PLC PLC American Depositary Shares (Each representing One Ordinary Share),nasdaqtrader:N:RELX,adr,eligible,N,,35.91,,91531380.13825397,9.281801582471072,7.708458308338306,14.144945963127764,-26.247689463955638,25.867052023121396,39.283520020701,,,False,,277.0,,2026-08-21,,full,"{""as_of"": ""2026-08-21"", ""listing_date"": null, ""reason_code"": ""valid_trading_sessions"", ""status"": ""full"", ""valid_trading_sessions"": 277}","[""l1.csv""]",[],65.7823,ranked,full,100.0,True,True,False
KMB,Kimberly-Clark Corporation - Common Stock,nasdaqtrader:Q:KMB,common_equity,eligible,Q,,109.31,,442624328.5385714,1.863759202311055,10.716094398865582,0.2660062373876393,-17.972384811646403,18.113716383249688,27.012773650899074,,,False,,277.0,,2026-08-21,,full,"{""as_of"": ""2026-08-21"", ""listing_date"": null, ""reason_code"": ""valid_trading_sessions"", ""status"": ""full"", ""valid_trading_sessions"": 277}","[""l1.csv""]",[],65.7784,ranked,full,100.0,True,True,False
MRCY,Mercury Systems Inc - Common Stock,nasdaqtrader:Q:MRCY,common_equity,eligible,Q,,91.36,,80923323.46746032,-14.086891104006016,-5.188875051888752,4.256533150747455,41.55562441896497,27.61270897710165,75.72627244603433,,,False,,277.0,,2026-08-21,,full,"{""as_of"": ""2026-08-21"", ""listing_date"": null, ""reason_code"": ""valid_trading_sessions"", ""status"": ""full"", ""valid_trading_sessions"": 277}","[""l1.csv""]",[],65.765,ranked,full,100.0,True,True,False
AAL,"American Airlines Group, Inc. - Common Stock",nasdaqtrader:Q:AAL,common_equity,eligible,Q,,13.82,,1684835565.9448411,1.9549981556621132,1.6924208977189048,1.6924208977189048,7.968749999999991,23.856749311294756,53.879849499871405,,,False,,277.0,,2026-08-21,,full,"{""as_of"": ""2026-08-21"", ""listing_date"": null, ""reason_code"": ""valid_trading_sessions"", ""status"": ""full"", ""valid_trading_sessions"": 277}","[""l1.csv""]",[],65.7642,ranked,full,100.0,True,True,False
ICHR,Ichor Holdings - Ordinary Shares,nasdaqtrader:Q:ICHR,common_equity,eligible,Q,,60.2,,92982723.75603175,-35.97106998510955,-7.838334353949772,19.563058589870906,255.5818074424099,46.38403990024938,118.65125000374614,,,False,,277.0,,2026-08-21,,full,"{""as_of"": ""2026-08-21"", ""listing_date"": null, ""reason_code"": ""valid_trading_sessions"", ""status"": ""full"", ""valid_trading_sessions"": 277}","[""l1.csv""]",[],65.7411,ranked,full,100.0,True,True,False
UCTT,"Ultra Clean Holdings, Inc. - Common Stock",nasdaqtrader:Q:UCTT,common_equity,eligible,Q,,76.43,,137656821.83111113,-23.99562450278441,-5.150161330354919,29.21386306001692,242.12175470008955,46.39876569184375,114.33332138401543,,,False,,277.0,,2026-08-21,,full,"{""as_of"": ""2026-08-21"", ""listing_date"": null, ""reason_code"": ""valid_trading_sessions"", ""status"": ""full"", ""valid_trading_sessions"": 277}","[""l1.csv""]",[],65.7401,ranked,full,100.0,True,True,False
NBIS,Nebius Group N.V. - Class A Ordinary Shares,nasdaqtrader:Q:NBIS,common_equity,eligible,Q,,219.13,,4822833631.029841,-0.8326922206634446,-0.36375210294185,123.78472222222223,224.78138431895655,23.565523736440053,168.88635365564235,,,False,,277.0,,2026-08-21,,full,"{""as_of"": ""2026-08-21"", ""listing_date"": null, ""reason_code"": ""valid_trading_sessions"", ""status"": ""full"", ""valid_trading_sessions"": 277}","[""l1.csv""]",[],65.7254,ranked,full,100.0,True,True,False
MSFT,Microsoft Corporation - Common Stock,nasdaqtrader:Q:MSFT,common_equity,eligible,Q,,483.24,,16545510886.789682,26.641857539703338,15.306974635519822,21.652443168944945,-4.445147512457492,10.85284188388954,49.93651519155944,,,False,,277.0,,2026-08-21,,full,"{""as_of"": ""2026-08-21"", ""listing_date"": null, ""reason_code"": ""valid_trading_sessions"", ""status"": ""full"", ""valid_trading_sessions"": 277}","[""l1.csv""]",[],65.7132,ranked,full,100.0,True,True,False
RDDT,"Reddit, Inc. Class A Common Stock",nasdaqtrader:N:RDDT,common_equity,eligible,N,,153.29,,1021591570.8841269,-9.177627681004862,2.1660890429218815,2.077645335286671,-29.802628566195,43.37482915296812,99.80646930368339,,,False,,277.0,,2026-08-21,,full,"{""as_of"": ""2026-08-21"", ""listing_date"": null, ""reason_code"": ""valid_trading_sessions"", ""status"": ""full"", ""valid_trading_sessions"": 277}","[""l1.csv""]",[],65.6917,ranked,full,100.0,True,True,False
LYFT,"Lyft, Inc. - Class A Common Stock",nasdaqtrader:Q:LYFT,common_equity,eligible,Q,,17.47,,190005166.3395238,24.607703281027106,29.59940652818991,25.23297491039427,12.202954399486178,28.897028897028896,45.26673139329006,,,False,,277.0,,2026-08-21,,full,"{""as_of"": ""2026-08-21"", ""listing_date"": null, ""reason_code"": ""valid_trading_sessions"", ""status"": ""full"", ""valid_trading_sessions"": 277}","[""l1.csv""]",[],65.6863,ranked,full,100.0,True,True,False
W,Wayfair Inc. Class A Common Stock,nasdaqtrader:N:W,common_equity,eligible,N,,101.52,,311705442.42396826,22.786647314949192,53.02984624660836,24.67149699128084,26.963481740870442,14.724905501889962,98.371096099716,,,False,,277.0,,2026-08-21,,full,"{""as_of"": ""2026-08-21"", ""listing_date"": null, ""reason_code"": ""valid_trading_sessions"", ""status"": ""full"", ""valid_trading_sessions"": 277}","[""l1.csv""]",[],65.6812,ranked,full,100.0,True,True,False
ESLT,Elbit Systems Ltd. - Ordinary Shares,nasdaqtrader:Q:ESLT,common_equity,eligible,Q,,741.33,,78786485.23444445,-8.319317338609943,-2.93170271827371,2.2905081892566903,62.207756687270944,26.91431782555973,42.638567553393614,,,False,,277.0,,2026-08-21,,full,"{""as_of"": ""2026-08-21"", ""listing_date"": null, ""reason_code"": ""valid_trading_sessions"", ""status"": ""full"", ""valid_trading_sessions"": 277}","[""l1.csv""]",[],65.6719,ranked,full,100.0,True,True,False
UNH,UnitedHealth Group Incorporated Common Stock (DE),nasdaqtrader:N:UNH,common_equity,eligible,N,,390.11,,2390063863.711111,-7.8973463027670165,1.9948755490483139,34.52068965517241,30.106056563500537,10.59699782284863,22.88387868009875,,,False,,277.0,,2026-08-21,,full,"{""as_of"": ""2026-08-21"", ""listing_date"": null, ""reason_code"": ""valid_trading_sessions"", ""status"": ""full"", ""valid_trading_sessions"": 277}","[""l1.csv""]",[],65.6492,ranked,full,100.0,True,True,False
FORM,"FormFactor, Inc. - Common Stock",nasdaqtrader:Q:FORM,common_equity,eligible,Q,,114.16,,198687631.65880954,1.2505543237250505,-10.812500000000004,20.727580372250422,309.1756272401434,28.618770712186592,111.73720662429668,,,False,,277.0,,2026-08-21,,full,"{""as_of"": ""2026-08-21"", ""listing_date"": null, ""reason_code"": ""valid_trading_sessions"", ""status"": ""full"", ""valid_trading_sessions"": 277}","[""l1.csv""]",[],65.6492,ranked,full,100.0,True,True,False
UEC,Uranium Energy Corp. Common Stock,nasdaqtrader:A:UEC,common_equity,eligible,A,,12.76,,105918207.33031747,29.80671414038656,-2.5954198473282397,-21.476923076923082,35.889243876464306,36.64349553128103,68.23750535822603,,,False,,277.0,,2026-08-21,,full,"{""as_of"": ""2026-08-21"", ""listing_date"": null, ""reason_code"": ""valid_trading_sessions"", ""status"": ""full"", ""valid_trading_sessions"": 277}","[""l1.csv""]",[],65.6404,ranked,full,100.0,True,True,False
LQDA,Liquidia Corporation - Common Stock,nasdaqtrader:Q:LQDA,common_equity,eligible,Q,,68.62,,142491607.89936507,-22.924856789846114,10.730998870421171,104.28699017564749,150.89579524680073,24.61825771723607,74.80597672295502,,,False,,277.0,,2026-08-21,,full,"{""as_of"": ""2026-08-21"", ""listing_date"": null, ""reason_code"": ""valid_trading_sessions"", ""status"": ""full"", ""valid_trading_sessions"": 277}","[""l1.csv""]",[],65.6158,ranked,full,100.0,True,True,False
RCAT,"Red Cat Holdings, Inc. - Common Stock",nasdaqtrader:Q:RCAT,common_equity,eligible,Q,,9.62,,138493547.419127,19.800747198007464,6.533776301218164,-22.854851643945484,7.0077864293659475,44.585253456221196,93.00964049190128,,,False,,277.0,,2026-08-21,,full,"{""as_of"": ""2026-08-21"", ""listing_date"": null, ""reason_code"": ""valid_trading_sessions"", ""status"": ""full"", ""valid_trading_sessions"": 277}","[""l1.csv""]",[],65.611,ranked,full,100.0,True,True,False
ACLS,"Axcelis Technologies, Inc. - Common Stock",nasdaqtrader:Q:ACLS,common_equity,eligible,Q,,127.07,,81036257.08880953,-10.20422584976327,-16.68087338535178,58.52045908183632,60.705703806753505,33.67954070981211,74.32387928557569,,,False,,277.0,,2026-08-21,,full,"{""as_of"": ""2026-08-21"", ""listing_date"": null, ""reason_code"": ""valid_trading_sessions"", ""status"": ""full"", ""valid_trading_sessions"": 277}","[""l1.csv""]",[],65.5739,ranked,full,100.0,True,True,False
VIK,Viking Holdings Ltd Ordinary Shares,nasdaqtrader:N:VIK,common_equity,eligible,N,,92.79,,267989182.3968254,-6.940126366462729,10.595947556615016,17.753807106598995,58.479931682322814,14.289673009421765,40.641063174590805,,,False,,277.0,,2026-08-21,,full,"{""as_of"": ""2026-08-21"", ""listing_date"": null, ""reason_code"": ""valid_trading_sessions"", ""status"": ""full"", ""valid_trading_sessions"": 277}","[""l1.csv""]",[],65.5724,ranked,full,100.0,True,True,False
TSM,Taiwan Semiconductor Manufacturing Company Ltd.,qrgf-resolution-required:N:TSM,common_equity,eligible,N,,418.95,,5746380083.132698,0.8109148659704468,2.8981947685128295,13.064716359907159,83.26771653543308,12.274640366857215,39.16732653931016,,,False,,277.0,,2026-08-21,,full,"{""as_of"": ""2026-08-21"", ""listing_date"": null, ""reason_code"": ""valid_trading_sessions"", ""status"": ""full"", ""valid_trading_sessions"": 277}","[""l1.csv""]",[],65.5687,ranked,full,100.0,True,True,False
NVMI,Nova Ltd. - Ordinary Shares,nasdaqtrader:Q:NVMI,common_equity,eligible,Q,,376.99,,246840652.18349206,-17.212376748578073,-24.070493454179253,-14.561236515275134,52.96194108577457,37.75447865929167,61.09261896126007,,,False,,277.0,,2026-08-21,,full,"{""as_of"": ""2026-08-21"", ""listing_date"": null, ""reason_code"": ""valid_trading_sessions"", ""status"": ""full"", ""valid_trading_sessions"": 277}","[""l1.csv""]",[],65.5664,ranked,full,100.0,True,True,False
STX,Seagate Technology Holdings PLC - Ordinary Shares (Ireland),nasdaqtrader:Q:STX,common_equity,eligible,Q,,850.0,,4245540585.440317,-6.937023736533243,4.878710855563506,106.75731556031232,436.6161616161616,22.306314211546198,88.98247793637744,,,False,,277.0,,2026-08-21,,full,"{""as_of"": ""2026-08-21"", ""listing_date"": null, ""reason_code"": ""valid_trading_sessions"", ""status"": ""full"", ""valid_trading_sessions"": 277}","[""l1.csv""]",[],65.5575,ranked,full,100.0,True,True,False
CAT,"Caterpillar, Inc. Common Stock",nasdaqtrader:N:CAT,common_equity,eligible,N,,827.9,,2985110758.0857143,-7.449638920562518,-4.394018130377053,8.971490246663327,96.8425307306403,22.255610855479404,41.383522376661375,,,False,,277.0,,2026-08-21,,full,"{""as_of"": ""2026-08-21"", ""listing_date"": null, ""reason_code"": ""valid_trading_sessions"", ""status"": ""full"", ""valid_trading_sessions"": 277}","[""l1.csv""]",[],65.5507,ranked,full,100.0,True,True,False
CPB,The Campbell's Company - Common Stock,nasdaqtrader:Q:CPB,common_equity,eligible,Q,,23.95,,182257341.94285715,11.863615133115356,19.451371571072308,-10.734252702199033,-26.057425131213343,29.620922715251254,31.578469447480867,,,False,,277.0,,2026-08-21,,full,"{""as_of"": ""2026-08-21"", ""listing_date"": null, ""reason_code"": ""valid_trading_sessions"", ""status"": ""full"", ""valid_trading_sessions"": 277}","[""l1.csv""]",[],65.5328,ranked,full,100.0,True,True,False
VOYG,"Voyager Technologies, Inc. Class A Common Stock",nasdaqtrader:N:VOYG,common_equity,eligible,N,,38.4,,86215049.80809523,45.564821834723276,-4.2394014962593545,40.09485589201021,27.19443524345808,25.82576781920032,106.54697994682711,,,False,,277.0,,2026-08-21,,full,"{""as_of"": ""2026-08-21"", ""listing_date"": null, ""reason_code"": ""valid_trading_sessions"", ""status"": ""full"", ""valid_trading_sessions"": 277}","[""l1.csv""]",[],65.5268,ranked,full,100.0,True,True,False
PATH,"UiPath, Inc. Class A Common Stock",nasdaqtrader:N:PATH,common_equity,eligible,N,,16.39,,830239147.0207936,60.68627450980393,55.06149479659415,51.75925925925926,49.54379562043796,15.033696215655779,67.1460960522633,,,False,,277.0,,2026-08-21,,full,"{""as_of"": ""2026-08-21"", ""listing_date"": null, ""reason_code"": ""valid_trading_sessions"", ""status"": ""full"", ""valid_trading_sessions"": 277}","[""l1.csv""]",[],65.5084,ranked,full,100.0,True,True,False
APH,Amphenol Corporation Common Stock,nasdaqtrader:N:APH,common_equity,eligible,N,,157.01,,1289586807.7309525,-0.2667852378835156,25.748838699343256,3.952595338983045,44.50989415554532,10.951678765880224,44.44131833434319,,,False,,277.0,,2026-08-21,,full,"{""as_of"": ""2026-08-21"", ""listing_date"": null, ""reason_code"": ""valid_trading_sessions"", ""status"": ""full"", ""valid_trading_sessions"": 277}","[""l1.csv""]",[],65.4879,ranked,full,100.0,True,True,False
CALM,"Cal-Maine Foods, Inc. - Common Stock",nasdaqtrader:Q:CALM,common_equity,eligible,Q,,82.8,,72789096.34349208,-6.0585432266848205,7.644305772230875,-1.2051067891659772,-27.49562171628722,29.109589041095894,38.760964394064594,,,False,,277.0,,2026-08-21,,full,"{""as_of"": ""2026-08-21"", ""listing_date"": null, ""reason_code"": ""valid_trading_sessions"", ""status"": ""full"", ""valid_trading_sessions"": 277}","[""l1.csv""]",[],65.4646,ranked,full,100.0,True,True,False
RSI,"Rush Street Interactive, Inc. Class A Common Stock",nasdaqtrader:N:RSI,common_equity,eligible,N,,25.8,,80983185.34285715,-17.624521072796927,-5.8394160583941535,39.308855291576684,32.30769230769231,25.26071842410198,64.53573618735278,,,False,,277.0,,2026-08-21,,full,"{""as_of"": ""2026-08-21"", ""listing_date"": null, ""reason_code"": ""valid_trading_sessions"", ""status"": ""full"", ""valid_trading_sessions"": 277}","[""l1.csv""]",[],65.4514,ranked,full,100.0,True,True,False
GS,"Goldman Sachs Group, Inc. (The) Common Stock",nasdaqtrader:N:GS,common_equity,eligible,N,,1039.28,,2254127635.728095,-3.297603096620516,5.172186971877313,12.690839694656475,44.208247765998784,9.790203720260049,43.224268340887875,,,False,,277.0,,2026-08-21,,full,"{""as_of"": ""2026-08-21"", ""listing_date"": null, ""reason_code"": ""valid_trading_sessions"", ""status"": ""full"", ""valid_trading_sessions"": 277}","[""l1.csv""]",[],65.4476,ranked,full,100.0,True,True,False
KLIC,"Kulicke and Soffa Industries, Inc. - Common Stock",nasdaqtrader:Q:KLIC,common_equity,eligible,Q,,85.75,,115782989.58531746,-19.164781297134237,-15.174596893856961,21.030345800988016,138.92449150181108,35.91659816157238,76.25376948634212,,,False,,277.0,,2026-08-21,,full,"{""as_of"": ""2026-08-21"", ""listing_date"": null, ""reason_code"": ""valid_trading_sessions"", ""status"": ""full"", ""valid_trading_sessions"": 277}","[""l1.csv""]",[],65.4389,ranked,full,100.0,True,True,False
MCK,McKesson Corporation Common Stock,nasdaqtrader:N:MCK,common_equity,eligible,N,,858.9,,884160116.2839682,4.173489065968039,12.05479452054794,-9.349010005488246,22.18681537542322,13.73821169239423,36.22800302267194,,,False,,277.0,,2026-08-21,,full,"{""as_of"": ""2026-08-21"", ""listing_date"": null, ""reason_code"": ""valid_trading_sessions"", ""status"": ""full"", ""valid_trading_sessions"": 277}","[""l1.csv""]",[],65.4346,ranked,full,100.0,True,True,False
MIRM,"Mirum Pharmaceuticals, Inc. - common stock",nasdaqtrader:Q:MIRM,common_equity,eligible,Q,,96.31,,87872081.1318254,-15.78349073102483,-4.330982417800733,-8.415747432483833,44.37115874681459,25.09138990433226,52.298183732959146,,,False,,277.0,,2026-08-21,,full,"{""as_of"": ""2026-08-21"", ""listing_date"": null, ""reason_code"": ""valid_trading_sessions"", ""status"": ""full"", ""valid_trading_sessions"": 277}","[""l1.csv""]",[],65.4289,ranked,full,100.0,True,True,False
INTC,Intel Corporation - Common Stock,nasdaqtrader:Q:INTC,common_equity,eligible,Q,,90.07,,13034051554.70627,-10.136685623066954,-23.991561181434605,104.19406030378599,282.625318606627,36.09337306655315,76.07944859331572,,,False,,277.0,,2026-08-21,,full,"{""as_of"": ""2026-08-21"", ""listing_date"": null, ""reason_code"": ""valid_trading_sessions"", ""status"": ""full"", ""valid_trading_sessions"": 277}","[""l1.csv""]",[],65.4271,ranked,full,100.0,True,True,False
CG,The Carlyle Group Inc. - Common Stock,nasdaqtrader:Q:CG,common_equity,eligible,Q,,49.37,,168885227.17666665,11.168655708173848,9.395080877465078,-7.251549877888408,-19.514183240952075,28.810382119682764,41.00294284874412,,,False,,277.0,,2026-08-21,,full,"{""as_of"": ""2026-08-21"", ""listing_date"": null, ""reason_code"": ""valid_trading_sessions"", ""status"": ""full"", ""valid_trading_sessions"": 277}","[""l1.csv""]",[],65.4247,ranked,full,100.0,True,True,False
SRPT,"Sarepta Therapeutics, Inc. - Common Stock",nasdaqtrader:Q:SRPT,common_equity,eligible,Q,,18.79,,56483085.07198413,18.32493702770779,10.790094339622636,-0.4766949152542388,-8.697764820213793,23.149284253578728,52.5973467918398,,,False,,277.0,,2026-08-21,,full,"{""as_of"": ""2026-08-21"", ""listing_date"": null, ""reason_code"": ""valid_trading_sessions"", ""status"": ""full"", ""valid_trading_sessions"": 277}","[""l1.csv""]",[],65.4199,ranked,full,100.0,True,True,False
EEFT,"Euronet Worldwide, Inc. - Common Stock",nasdaqtrader:Q:EEFT,common_equity,eligible,Q,,70.07,,51420480.48793651,-9.34144132488034,5.368421052631578,-3.3517241379310447,-26.31191502786835,28.732709519934907,48.6385529284133,,,False,,277.0,,2026-08-21,,full,"{""as_of"": ""2026-08-21"", ""listing_date"": null, ""reason_code"": ""valid_trading_sessions"", ""status"": ""full"", ""valid_trading_sessions"": 277}","[""l1.csv""]",[],65.4144,ranked,full,100.0,True,True,False
AI,"C3.ai, Inc. Class A Common Stock",nasdaqtrader:N:AI,common_equity,eligible,N,,10.3,,61660057.16301587,26.38036809815951,10.396570203644174,-0.770712909441229,-39.19716646989374,47.60935910478128,45.97153768429208,,,False,,277.0,,2026-08-21,,full,"{""as_of"": ""2026-08-21"", ""listing_date"": null, ""reason_code"": ""valid_trading_sessions"", ""status"": ""full"", ""valid_trading_sessions"": 277}","[""l1.csv""]",[],65.4094,ranked,full,100.0,True,True,False
CDW,CDW Corporation - Common Stock,nasdaqtrader:Q:CDW,common_equity,eligible,Q,,137.25,,274647574.69896823,5.430941772929776,28.415044910179653,10.117137355584083,-17.770055718650767,19.62874041107924,49.96886016255757,,,False,,277.0,,2026-08-21,,full,"{""as_of"": ""2026-08-21"", ""listing_date"": null, ""reason_code"": ""valid_trading_sessions"", ""status"": ""full"", ""valid_trading_sessions"": 277}","[""l1.csv""]",[],65.4072,ranked,full,100.0,True,True,False
C,"Citigroup, Inc. Common Stock",nasdaqtrader:N:C,common_equity,eligible,N,,131.65,,1627595826.2323809,-0.1744009705793026,5.134962466059734,13.491379310344831,41.30084791241817,9.624493718679194,32.62461832439212,,,False,,277.0,,2026-08-21,,full,"{""as_of"": ""2026-08-21"", ""listing_date"": null, ""reason_code"": ""valid_trading_sessions"", ""status"": ""full"", ""valid_trading_sessions"": 277}","[""l1.csv""]",[],65.4061,ranked,full,100.0,True,True,False
PTC,PTC Inc. - Common Stock,nasdaqtrader:Q:PTC,common_equity,eligible,Q,,154.68,,226004866.31896824,36.82441397611677,6.061437191442676,-0.30935808197988246,-26.653705723362886,28.564171246478544,45.04814252551083,,,False,,277.0,,2026-08-21,,full,"{""as_of"": ""2026-08-21"", ""listing_date"": null, ""reason_code"": ""valid_trading_sessions"", ""status"": ""full"", ""valid_trading_sessions"": 277}","[""l1.csv""]",[],65.3919,ranked,full,100.0,True,True,False
SWKS,"Skyworks Solutions, Inc. - Common Stock",nasdaqtrader:Q:SWKS,common_equity,eligible,Q,,67.14,,372988864.8326984,11.030262940300982,-8.70274680446016,11.806827643630324,-10.623003194888181,19.51570366818509,48.58858694121099,,,False,,277.0,,2026-08-21,,full,"{""as_of"": ""2026-08-21"", ""listing_date"": null, ""reason_code"": ""valid_trading_sessions"", ""status"": ""full"", ""valid_trading_sessions"": 277}","[""l1.csv""]",[],65.3789,ranked,full,100.0,True,True,False
NCNO,"nCino, Inc. - Common Stock",nasdaqtrader:Q:NCNO,common_equity,eligible,Q,,20.62,,53373290.239761904,27.127003699136875,30.259001895135818,32.010243277848915,-26.040172166427546,36.922606301621286,44.59910390281361,,,False,,277.0,,2026-08-21,,full,"{""as_of"": ""2026-08-21"", ""listing_date"": null, ""reason_code"": ""valid_trading_sessions"", ""status"": ""full"", ""valid_trading_sessions"": 277}","[""l1.csv""]",[],65.3718,ranked,full,100.0,True,True,False
SYK,Stryker Corporation Common Stock,nasdaqtrader:N:SYK,common_equity,eligible,N,,329.45,,828961335.3180952,3.285575445966682,5.087719298245608,-13.35507456013466,-15.928751882001691,16.455343104934826,43.82079138522039,,,False,,277.0,,2026-08-21,,full,"{""as_of"": ""2026-08-21"", ""listing_date"": null, ""reason_code"": ""valid_trading_sessions"", ""status"": ""full"", ""valid_trading_sessions"": 277}","[""l1.csv""]",[],65.3638,ranked,full,100.0,True,True,False
IBP,"Installed Building Products, Inc. Common Stock",nasdaqtrader:N:IBP,common_equity,eligible,N,,246.81,,92305429.7195238,10.736719310839927,13.816001844593039,-24.158805273023386,-6.252136589812729,28.292512856271244,41.18800429485412,,,False,,277.0,,2026-08-21,,full,"{""as_of"": ""2026-08-21"", ""listing_date"": null, ""reason_code"": ""valid_trading_sessions"", ""status"": ""full"", ""valid_trading_sessions"": 277}","[""l1.csv""]",[],65.3557,ranked,full,100.0,True,True,False
AGX,"Argan, Inc. Common Stock",nasdaqtrader:N:AGX,common_equity,eligible,N,,501.63,,216754375.8663492,-16.71426199568321,-22.18447505584512,14.629464591759778,132.3544397609894,37.182393087471034,80.23414144947071,,,False,,277.0,,2026-08-21,,full,"{""as_of"": ""2026-08-21"", ""listing_date"": null, ""reason_code"": ""valid_trading_sessions"", ""status"": ""full"", ""valid_trading_sessions"": 277}","[""l1.csv""]",[],65.3545,ranked,full,100.0,True,True,False
RXRX,"Recursion Pharmaceuticals, Inc. - Class A Common Stock",nasdaqtrader:Q:RXRX,common_equity,eligible,Q,,3.5,,70198491.04079364,16.279069767441868,12.540192926045023,2.3391812865497075,-26.62473794549266,48.453608247422686,68.05795359374322,,,False,,277.0,,2026-08-21,,full,"{""as_of"": ""2026-08-21"", ""listing_date"": null, ""reason_code"": ""valid_trading_sessions"", ""status"": ""full"", ""valid_trading_sessions"": 277}","[""l1.csv""]",[],65.3531,ranked,full,100.0,True,True,False
CELH,"Celsius Holdings, Inc. - Common Stock",nasdaqtrader:Q:CELH,common_equity,eligible,Q,,33.36,,299026392.7068254,22.78248067721751,12.323232323232315,-30.96026490066225,-46.1501210653753,48.566142460684546,89.18282728694327,,,False,,277.0,,2026-08-21,,full,"{""as_of"": ""2026-08-21"", ""listing_date"": null, ""reason_code"": ""valid_trading_sessions"", ""status"": ""full"", ""valid_trading_sessions"": 277}","[""l1.csv""]",[],65.3456,ranked,full,100.0,True,True,False
ANET,"Arista Networks, Inc. Common Stock",nasdaqtrader:N:ANET,common_equity,eligible,N,,188.65,,1429437534.4874604,6.8172810146650775,26.96009152702066,42.066420664206646,43.49281204837605,10.38004750593824,55.798816832766626,,,False,,277.0,,2026-08-21,,full,"{""as_of"": ""2026-08-21"", ""listing_date"": null, ""reason_code"": ""valid_trading_sessions"", ""status"": ""full"", ""valid_trading_sessions"": 277}","[""l1.csv""]",[],65.345,ranked,full,100.0,True,True,False
CRSP,CRISPR Therapeutics AG - Common Shares,nasdaqtrader:Q:CRSP,common_equity,eligible,Q,,59.5,,89971291.80460319,25.184094256259204,19.238476953907814,11.298166853722403,12.116073110985482,22.505860901276375,53.4927667456352,,,False,,277.0,,2026-08-21,,full,"{""as_of"": ""2026-08-21"", ""listing_date"": null, ""reason_code"": ""valid_trading_sessions"", ""status"": ""full"", ""valid_trading_sessions"": 277}","[""l1.csv""]",[],65.3341,ranked,full,100.0,True,True,False
AEM,Agnico Eagle Mines Limited Common Stock,nasdaqtrader:N:AEM,common_equity,eligible,N,,216.06,,493812589.2449206,49.51214448827073,21.552742616033747,-5.3447822658372,60.4127997624174,14.326499861215748,52.65204564625605,,,False,,277.0,,2026-08-21,,full,"{""as_of"": ""2026-08-21"", ""listing_date"": null, ""reason_code"": ""valid_trading_sessions"", ""status"": ""full"", ""valid_trading_sessions"": 277}","[""l1.csv""]",[],65.3316,ranked,full,100.0,True,True,False
KEYS,Keysight Technologies Inc. Common Stock,nasdaqtrader:N:KEYS,common_equity,eligible,N,,316.13,,507752122.5468254,-2.7681235198228404,-6.345726559028297,29.80619200131396,99.43852122894457,15.32383350297316,44.0115143748306,,,False,,277.0,,2026-08-21,,full,"{""as_of"": ""2026-08-21"", ""listing_date"": null, ""reason_code"": ""valid_trading_sessions"", ""status"": ""full"", ""valid_trading_sessions"": 277}","[""l1.csv""]",[],65.331,ranked,full,100.0,True,True,False
SOXX,iShares PHLX SOX Semiconductor Sector Index Fund,US:SOXX,etf,eligible,Q,,520.05,,5700692129.917619,-5.658152528844074,-0.8881096224581331,44.687421751105894,113.36259949126118,20.60426558373155,53.499847803756396,,,False,,277.0,,2026-08-21,,full,"{""as_of"": ""2026-08-21"", ""listing_date"": null, ""reason_code"": ""valid_trading_sessions"", ""status"": ""full"", ""valid_trading_sessions"": 277}","[""l1.csv""]",[],65.3306,ranked,full,100.0,True,True,False
FN,Fabrinet Ordinary Shares,nasdaqtrader:N:FN,common_equity,eligible,N,,436.67,,551788247.2395238,-15.656809533926952,-37.908626843175455,-20.042846941204473,55.769985374380205,41.50200275965544,103.46210260097088,,,False,,277.0,,2026-08-21,,full,"{""as_of"": ""2026-08-21"", ""listing_date"": null, ""reason_code"": ""valid_trading_sessions"", ""status"": ""full"", ""valid_trading_sessions"": 277}","[""l1.csv""]",[],65.3165,ranked,full,100.0,True,True,False
AROC,"Archrock, Inc. Common Stock",nasdaqtrader:N:AROC,common_equity,eligible,N,,31.8,,69867342.03777778,-17.165928627246675,-13.821138211382111,-3.2552479464557305,29.21576594880131,24.19547079856973,35.03118307148559,,,False,,277.0,,2026-08-21,,full,"{""as_of"": ""2026-08-21"", ""listing_date"": null, ""reason_code"": ""valid_trading_sessions"", ""status"": ""full"", ""valid_trading_sessions"": 277}","[""l1.csv""]",[],65.3094,ranked,full,100.0,True,True,False
GFI,Gold Fields Limited American Depositary Shares,nasdaqtrader:N:GFI,adr,eligible,N,,47.81,,138405319.4514286,48.11028500619579,19.31619665585227,-11.610279164355708,60.00669344042839,22.272801170541367,55.158378725857524,,,False,,277.0,,2026-08-21,,full,"{""as_of"": ""2026-08-21"", ""listing_date"": null, ""reason_code"": ""valid_trading_sessions"", ""status"": ""full"", ""valid_trading_sessions"": 277}","[""l1.csv""]",[],65.303,ranked,full,100.0,True,True,False
TRMB,Trimble Inc. - Common Stock,nasdaqtrader:Q:TRMB,common_equity,eligible,Q,,60.25,,161991324.77952382,19.66236345580934,7.646953725209937,-10.899142265601903,-24.875311720698257,27.861590038314176,39.98528381100937,,,False,,277.0,,2026-08-21,,full,"{""as_of"": ""2026-08-21"", ""listing_date"": null, ""reason_code"": ""valid_trading_sessions"", ""status"": ""full"", ""valid_trading_sessions"": 277}","[""l1.csv""]",[],65.2982,ranked,full,100.0,True,True,False
MU,"Micron Technology, Inc. - Common Stock",nasdaqtrader:Q:MU,common_equity,eligible,Q,,966.78,,46638833831.23555,-2.366164752931199,26.857367799501365,125.79349323866688,724.8272331712311,20.33521210323346,95.93520311473088,,,False,,277.0,,2026-08-21,,full,"{""as_of"": ""2026-08-21"", ""listing_date"": null, ""reason_code"": ""valid_trading_sessions"", ""status"": ""full"", ""valid_trading_sessions"": 277}","[""l1.csv""]",[],65.2947,ranked,full,100.0,True,True,False
AGI,Alamos Gold Inc. Class A Common Shares,nasdaqtrader:N:AGI,common_equity,eligible,N,,37.86,,155338206.87253967,28.863172226004096,-3.5414012738853473,-20.861204013377932,42.814032440588456,31.57419121633833,49.906566874347654,,,False,,277.0,,2026-08-21,,full,"{""as_of"": ""2026-08-21"", ""listing_date"": null, ""reason_code"": ""valid_trading_sessions"", ""status"": ""full"", ""valid_trading_sessions"": 277}","[""l1.csv""]",[],65.2932,ranked,full,100.0,True,True,False
KNX,Knight-Swift Transportation Holdings Inc.,qrgf-resolution-required:N:KNX,common_equity,eligible,N,,71.6,,297595026.60380954,-1.0092630996820229,1.9217081850533724,16.045380875202575,70.11166547873601,13.159490600363865,36.49856161223939,,,False,,277.0,,2026-08-21,,full,"{""as_of"": ""2026-08-21"", ""listing_date"": null, ""reason_code"": ""valid_trading_sessions"", ""status"": ""full"", ""valid_trading_sessions"": 277}","[""l1.csv""]",[],65.2899,ranked,full,100.0,True,True,False
VERA,"Vera Therapeutics, Inc. - Class A Common Stock",nasdaqtrader:Q:VERA,common_equity,eligible,Q,,32.275,,71999941.97833334,-11.210453920220086,-6.040756914119372,-22.71312260536399,46.04072398190044,42.024429674869765,58.47876397632922,,,False,,277.0,,2026-08-21,,full,"{""as_of"": ""2026-08-21"", ""listing_date"": null, ""reason_code"": ""valid_trading_sessions"", ""status"": ""full"", ""valid_trading_sessions"": 277}","[""l1.csv""]",[],65.2817,ranked,full,100.0,True,True,False
ERIE,Erie Indemnity Company - Class A Common Stock,nasdaqtrader:Q:ERIE,common_equity,eligible,Q,,264.85,,59171688.43515873,23.46168189446205,17.852534152093646,-2.9995605039554674,-27.29493795981113,27.707719183316946,61.80379524707648,,,False,,277.0,,2026-08-21,,full,"{""as_of"": ""2026-08-21"", ""listing_date"": null, ""reason_code"": ""valid_trading_sessions"", ""status"": ""full"", ""valid_trading_sessions"": 277}","[""l1.csv""]",[],65.2777,ranked,full,100.0,True,True,False
CLX,Clorox Company (The) Common Stock,nasdaqtrader:N:CLX,common_equity,eligible,N,,106.69,,250197418.11158732,13.742004264392316,12.104654828202154,-13.681229773462778,-12.008247422680418,16.09782950613401,31.66329474336819,,,False,,277.0,,2026-08-21,,full,"{""as_of"": ""2026-08-21"", ""listing_date"": null, ""reason_code"": ""valid_trading_sessions"", ""status"": ""full"", ""valid_trading_sessions"": 277}","[""l1.csv""]",[],65.2745,ranked,full,100.0,True,True,False
PBR,Petroleo Brasileiro S.A. Petrobras ADS,nasdaqtrader:N:PBR,adr,eligible,N,,19.15,,273570443.5553968,0.7894736842105177,-4.39340988517225,21.279290690310315,60.654362416107375,13.073082160689975,31.15990139789224,,,False,,277.0,,2026-08-21,,full,"{""as_of"": ""2026-08-21"", ""listing_date"": null, ""reason_code"": ""valid_trading_sessions"", ""status"": ""full"", ""valid_trading_sessions"": 277}","[""l1.csv""]",[],65.2683,ranked,full,100.0,True,True,False
MTRN,Materion Corporation,qrgf-resolution-required:N:MTRN,common_equity,eligible,N,,231.96,,96704137.54587302,-6.697236635694459,10.394060536836092,55.6465141246729,111.41086401749911,22.001412286895995,112.92555297315698,,,False,,277.0,,2026-08-21,,full,"{""as_of"": ""2026-08-21"", ""listing_date"": null, ""reason_code"": ""valid_trading_sessions"", ""status"": ""full"", ""valid_trading_sessions"": 277}","[""l1.csv""]",[],65.2669,ranked,full,100.0,True,True,False
AUR,"Aurora Innovation, Inc.  - Class A Common Stock",nasdaqtrader:Q:AUR,common_equity,eligible,Q,,6.24,,184565288.3142857,4.173622704507518,-12.970711297071125,30.817610062893095,8.145580589254786,25.71428571428571,68.8632593927439,,,False,,277.0,,2026-08-21,,full,"{""as_of"": ""2026-08-21"", ""listing_date"": null, ""reason_code"": ""valid_trading_sessions"", ""status"": ""full"", ""valid_trading_sessions"": 277}","[""l1.csv""]",[],65.2619,ranked,full,100.0,True,True,False
CRWV,"CoreWeave, Inc. - Class A Common Stock",nasdaqtrader:Q:CRWV,common_equity,eligible,Q,,87.85,,2835911023.1466665,8.323057953144275,-18.339840118981233,-1.5686274509803977,-4.010052447552448,38.60078277886498,125.00907959565733,,,False,,277.0,,2026-08-21,,full,"{""as_of"": ""2026-08-21"", ""listing_date"": null, ""reason_code"": ""valid_trading_sessions"", ""status"": ""full"", ""valid_trading_sessions"": 277}","[""l1.csv""]",[],65.2599,ranked,full,100.0,True,True,False
AAPL,Apple Inc. - Common Stock,nasdaqtrader:Q:AAPL,common_equity,eligible,Q,,309.35,,17420538810.181744,-3.8270223217061528,1.4295550673792734,16.921158061833875,36.87447458077078,9.036109150788041,32.92015412449443,,,False,,277.0,,2026-08-21,,full,"{""as_of"": ""2026-08-21"", ""listing_date"": null, ""reason_code"": ""valid_trading_sessions"", ""status"": ""full"", ""valid_trading_sessions"": 277}","[""l1.csv""]",[],65.259,ranked,full,100.0,True,True,False
ALGT,Allegiant Travel Company - Common Stock,nasdaqtrader:Q:ALGT,common_equity,eligible,Q,,81.85,,56092421.93706349,-13.367908552074525,0.5651799975426863,-23.945363315368894,46.31748301751877,31.310842564619,55.78785732653696,,,False,,277.0,,2026-08-21,,full,"{""as_of"": ""2026-08-21"", ""listing_date"": null, ""reason_code"": ""valid_trading_sessions"", ""status"": ""full"", ""valid_trading_sessions"": 277}","[""l1.csv""]",[],65.2581,ranked,full,100.0,True,True,False
CAI,"Caris Life Sciences, Inc. - Common Stock",nasdaqtrader:Q:CAI,common_equity,eligible,Q,,26.27,,69574012.03682539,67.8594249201278,64.80552070263488,34.51100870455708,-25.092671799258625,33.155216284987276,84.33226680007651,,,False,,277.0,,2026-08-21,,full,"{""as_of"": ""2026-08-21"", ""listing_date"": null, ""reason_code"": ""valid_trading_sessions"", ""status"": ""full"", ""valid_trading_sessions"": 277}","[""l1.csv""]",[],65.254,ranked,full,100.0,True,True,False
UTHR,United Therapeutics Corporation - Common Stock,nasdaqtrader:Q:UTHR,common_equity,eligible,Q,,513.12,,275116487.381746,-3.098974562347734,-9.321929064979583,8.385788517595373,67.42364917776035,14.01568469736577,22.284977697317927,,,False,,277.0,,2026-08-21,,full,"{""as_of"": ""2026-08-21"", ""listing_date"": null, ""reason_code"": ""valid_trading_sessions"", ""status"": ""full"", ""valid_trading_sessions"": 277}","[""l1.csv""]",[],65.2539,ranked,full,100.0,True,True,False
AEO,"American Eagle Outfitters, Inc. Common Stock",nasdaqtrader:N:AEO,common_equity,eligible,N,,16.17,,86366851.91666667,-5.3278688524589946,-2.29607250755286,-35.98574821852731,31.356620633631206,42.639233770840725,49.39825629956556,,,False,,277.0,,2026-08-21,,full,"{""as_of"": ""2026-08-21"", ""listing_date"": null, ""reason_code"": ""valid_trading_sessions"", ""status"": ""full"", ""valid_trading_sessions"": 277}","[""l1.csv""]",[],65.2407,ranked,full,100.0,True,True,False
ECG,"Everus Construction Group, Inc. Common Stock",nasdaqtrader:N:ECG,common_equity,eligible,N,,125.96,,86334703.3631746,-8.704790896571723,-16.422267931789534,16.457100591715967,68.44075956138002,25.537952234570827,70.21365089470378,,,False,,277.0,,2026-08-21,,full,"{""as_of"": ""2026-08-21"", ""listing_date"": null, ""reason_code"": ""valid_trading_sessions"", ""status"": ""full"", ""valid_trading_sessions"": 277}","[""l1.csv""]",[],65.2384,ranked,full,100.0,True,True,False
UHS,"Universal Health Services, Inc. Common Stock",nasdaqtrader:N:UHS,common_equity,eligible,N,,177.26,,156126423.64317462,17.181199180273676,9.116651277316091,-23.09427740899823,-4.028153762858688,27.406011958391353,34.75299742333849,,,False,,277.0,,2026-08-21,,full,"{""as_of"": ""2026-08-21"", ""listing_date"": null, ""reason_code"": ""valid_trading_sessions"", ""status"": ""full"", ""valid_trading_sessions"": 277}","[""l1.csv""]",[],65.2375,ranked,full,100.0,True,True,False
OPCH,"Option Care Health, Inc. - Common Stock",nasdaqtrader:Q:OPCH,common_equity,eligible,Q,,23.7,,56452714.537301585,12.42884250474383,10.130111524163565,-33.594844494256094,-12.931667891256426,35.2282044274392,36.43934745274742,,,False,,277.0,,2026-08-21,,full,"{""as_of"": ""2026-08-21"", ""listing_date"": null, ""reason_code"": ""valid_trading_sessions"", ""status"": ""full"", ""valid_trading_sessions"": 277}","[""l1.csv""]",[],65.2348,ranked,full,100.0,True,True,False
NVDA,NVIDIA Corporation - Common Stock,nasdaqtrader:Q:NVDA,common_equity,eligible,Q,,214.72,,29491256173.13317,2.8549530561410297,-2.182132932440428,13.117690443578134,22.417331812998853,8.91660303724443,37.64781219763875,,,False,,277.0,,2026-08-21,,full,"{""as_of"": ""2026-08-21"", ""listing_date"": null, ""reason_code"": ""valid_trading_sessions"", ""status"": ""full"", ""valid_trading_sessions"": 277}","[""l1.csv""]",[],65.2292,ranked,full,100.0,True,True,False
DIOD,Diodes Incorporated - Common Stock,nasdaqtrader:Q:DIOD,common_equity,eligible,Q,,94.04,,67117253.31079365,1.4017683847315165,-2.3468328141225236,37.384952520087666,78.7492872077552,23.395242750081458,90.59535917238928,,,False,,277.0,,2026-08-21,,full,"{""as_of"": ""2026-08-21"", ""listing_date"": null, ""reason_code"": ""valid_trading_sessions"", ""status"": ""full"", ""valid_trading_sessions"": 277}","[""l1.csv""]",[],65.2027,ranked,full,100.0,True,True,False
BEAM,Beam Therapeutics Inc. - Common Stock,nasdaqtrader:Q:BEAM,common_equity,eligible,Q,,29.76,,66717292.96587302,14.859127749903521,7.553306830502349,7.86516853932584,85.30510585305109,21.518987341772156,60.76479234952708,,,False,,277.0,,2026-08-21,,full,"{""as_of"": ""2026-08-21"", ""listing_date"": null, ""reason_code"": ""valid_trading_sessions"", ""status"": ""full"", ""valid_trading_sessions"": 277}","[""l1.csv""]",[],65.2025,ranked,full,100.0,True,True,False
HAL,Halliburton Company Common Stock,nasdaqtrader:N:HAL,common_equity,eligible,N,,35.34,,418263997.39746034,8.040354631611146,-15.776930409914202,0.6550840216462683,67.48815165876778,17.775709632387137,35.76657325070563,,,False,,277.0,,2026-08-21,,full,"{""as_of"": ""2026-08-21"", ""listing_date"": null, ""reason_code"": ""valid_trading_sessions"", ""status"": ""full"", ""valid_trading_sessions"": 277}","[""l1.csv""]",[],65.1939,ranked,full,100.0,True,True,False
ISRG,"Intuitive Surgical, Inc. - Common Stock",nasdaqtrader:Q:ISRG,common_equity,eligible,Q,,378.81,,1215958010.4084127,14.092524546714058,-13.867667121418826,-24.84674139470291,-21.155167030908515,36.1035675128616,63.73429685099505,,,False,,277.0,,2026-08-21,,full,"{""as_of"": ""2026-08-21"", ""listing_date"": null, ""reason_code"": ""valid_trading_sessions"", ""status"": ""full"", ""valid_trading_sessions"": 277}","[""l1.csv""]",[],65.1764,ranked,full,100.0,True,True,False
PTON,"Peloton Interactive, Inc. - Common Stock",nasdaqtrader:Q:PTON,common_equity,eligible,Q,,5.41,,64524004.13896826,-10.281923714759532,4.440154440154442,22.675736961451243,-30.012936610608023,39.888888888888886,67.77696190637677,,,False,,277.0,,2026-08-21,,full,"{""as_of"": ""2026-08-21"", ""listing_date"": null, ""reason_code"": ""valid_trading_sessions"", ""status"": ""full"", ""valid_trading_sessions"": 277}","[""l1.csv""]",[],65.1741,ranked,full,100.0,True,True,False
GE,GE Aerospace Common Stock,nasdaqtrader:N:GE,common_equity,eligible,N,,348.37,,1551986639.285873,-0.18051575931231634,15.446049840933206,1.5004953091311668,30.749887404293652,8.61707150726615,32.66157359404962,,,False,,277.0,,2026-08-21,,full,"{""as_of"": ""2026-08-21"", ""listing_date"": null, ""reason_code"": ""valid_trading_sessions"", ""status"": ""full"", ""valid_trading_sessions"": 277}","[""l1.csv""]",[],65.1543,ranked,full,100.0,True,True,False
NXPI,NXP Semiconductors N.V. - Common Stock,nasdaqtrader:Q:NXPI,common_equity,eligible,Q,,225.56,,1157945997.2285714,-18.65555916188828,-24.6576257599038,-2.8888793214793207,-1.4031560082178651,32.19707217362552,44.488963208253516,,,False,,277.0,,2026-08-21,,full,"{""as_of"": ""2026-08-21"", ""listing_date"": null, ""reason_code"": ""valid_trading_sessions"", ""status"": ""full"", ""valid_trading_sessions"": 277}","[""l1.csv""]",[],65.1263,ranked,full,100.0,True,True,False
AEIS,"Advanced Energy Industries, Inc. - Common Stock",nasdaqtrader:Q:AEIS,common_equity,eligible,Q,,285.83,,276088727.3447619,-9.300628292187596,-11.72364804348498,-13.70648793889443,93.46825504264247,26.53129417812621,83.86156618087129,,,False,,277.0,,2026-08-21,,full,"{""as_of"": ""2026-08-21"", ""listing_date"": null, ""reason_code"": ""valid_trading_sessions"", ""status"": ""full"", ""valid_trading_sessions"": 277}","[""l1.csv""]",[],65.1208,ranked,full,100.0,True,True,False
COCO,"The Vita Coco Company, Inc. - Common Stock",nasdaqtrader:Q:COCO,common_equity,eligible,Q,,63.35,,78110737.83547619,-8.67810292633704,-19.637193961689714,17.40177909562639,76.3641425389755,24.60128540823613,46.77162404650962,,,False,,277.0,,2026-08-21,,full,"{""as_of"": ""2026-08-21"", ""listing_date"": null, ""reason_code"": ""valid_trading_sessions"", ""status"": ""full"", ""valid_trading_sessions"": 277}","[""l1.csv""]",[],65.1135,ranked,full,100.0,True,True,False
CMG,"Chipotle Mexican Grill, Inc. Common Stock",nasdaqtrader:N:CMG,common_equity,eligible,N,,36.9,,663933858.8077778,15.27647610121836,12.5,-1.7048481619605815,-14.325516600882294,15.444546287809358,60.54639006812371,,,False,,277.0,,2026-08-21,,full,"{""as_of"": ""2026-08-21"", ""listing_date"": null, ""reason_code"": ""valid_trading_sessions"", ""status"": ""full"", ""valid_trading_sessions"": 277}","[""l1.csv""]",[],65.1111,ranked,full,100.0,True,True,False
THO,"Thor Industries, Inc. Common Stock",nasdaqtrader:N:THO,common_equity,eligible,N,,79.49,,55508005.01809523,6.0008001066808925,5.2568855932203284,-30.05719313682359,-24.76100331282538,33.94548778461027,34.420158462073495,,,False,,277.0,,2026-08-21,,full,"{""as_of"": ""2026-08-21"", ""listing_date"": null, ""reason_code"": ""valid_trading_sessions"", ""status"": ""full"", ""valid_trading_sessions"": 277}","[""l1.csv""]",[],65.1094,ranked,full,100.0,True,True,False
XPO,"XPO, Inc. Common Stock",nasdaqtrader:N:XPO,common_equity,eligible,N,,197.74,,278000806.35396826,-7.667164736645493,-2.8638797465245336,-5.779768428074517,56.10641825215126,13.41244471690677,35.523073957478545,,,False,,277.0,,2026-08-21,,full,"{""as_of"": ""2026-08-21"", ""listing_date"": null, ""reason_code"": ""valid_trading_sessions"", ""status"": ""full"", ""valid_trading_sessions"": 277}","[""l1.csv""]",[],65.1031,ranked,full,100.0,True,True,False
FICO,Fair Isaac Corporation Common Stock,nasdaqtrader:N:FICO,common_equity,eligible,N,,1172.67,,383786603.69666666,-2.7789983335958612,-4.513476101294667,-13.164500721981565,-12.7549084524332,37.60900215477109,75.72112378568454,,,False,,277.0,,2026-08-21,,full,"{""as_of"": ""2026-08-21"", ""listing_date"": null, ""reason_code"": ""valid_trading_sessions"", ""status"": ""full"", ""valid_trading_sessions"": 277}","[""l1.csv""]",[],65.0761,ranked,full,100.0,True,True,False
GLW,Corning Incorporated Common Stock,nasdaqtrader:N:GLW,common_equity,eligible,N,,149.84,,2532756156.1768255,-3.9856465462001833,-21.91359633123142,7.4044871335388285,131.95046439628487,41.39778638194689,86.55635687109897,,,False,,277.0,,2026-08-21,,full,"{""as_of"": ""2026-08-21"", ""listing_date"": null, ""reason_code"": ""valid_trading_sessions"", ""status"": ""full"", ""valid_trading_sessions"": 277}","[""l1.csv""]",[],65.0735,ranked,full,100.0,True,True,False
BE,Bloom Energy Corporation Class A Common Stock,nasdaqtrader:N:BE,common_equity,eligible,N,,201.45,,3491395585.881111,-7.29406350667281,-34.56866311549954,36.529989833954566,352.59492248932827,41.75220471302589,127.27836178480186,,,False,,277.0,,2026-08-21,,full,"{""as_of"": ""2026-08-21"", ""listing_date"": null, ""reason_code"": ""valid_trading_sessions"", ""status"": ""full"", ""valid_trading_sessions"": 277}","[""l1.csv""]",[],65.0499,ranked,full,100.0,True,True,False
TRI,Thomson Reuters Corp - Common Shares,nasdaqtrader:Q:TRI,common_equity,eligible,Q,,105.53,,190974998.90444443,23.153226747578493,23.340345956054232,24.887573964497033,-40.88948636083571,41.87916506030732,67.66534932339205,,,False,,277.0,,2026-08-21,,full,"{""as_of"": ""2026-08-21"", ""listing_date"": null, ""reason_code"": ""valid_trading_sessions"", ""status"": ""full"", ""valid_trading_sessions"": 277}","[""l1.csv""]",[],65.0414,ranked,full,100.0,True,True,False
CHDN,"Churchill Downs, Incorporated - Common Stock",nasdaqtrader:Q:CHDN,common_equity,eligible,Q,,93.71,,87992144.50238095,11.892537313432827,9.563895709107918,0.0,-8.584528338698671,20.307849306913862,33.316389783740604,,,False,,277.0,,2026-08-21,,full,"{""as_of"": ""2026-08-21"", ""listing_date"": null, ""reason_code"": ""valid_trading_sessions"", ""status"": ""full"", ""valid_trading_sessions"": 277}","[""l1.csv""]",[],65.041,ranked,full,100.0,True,True,False
BKD,Brookdale Senior Living Inc. Common Stock,nasdaqtrader:N:BKD,common_equity,eligible,N,,11.8,,70339005.04698412,-18.620689655172406,-11.808669656203286,-20.80536912751677,61.42270861833108,29.636255217650564,44.56994257273744,,,False,,277.0,,2026-08-21,,full,"{""as_of"": ""2026-08-21"", ""listing_date"": null, ""reason_code"": ""valid_trading_sessions"", ""status"": ""full"", ""valid_trading_sessions"": 277}","[""l1.csv""]",[],65.0348,ranked,full,100.0,True,True,False
RBC,RBC Bearings Incorporated Common Stock,nasdaqtrader:N:RBC,common_equity,eligible,N,,505.63,,150970911.1231746,-15.064420218037656,-10.817341611401165,-9.576522765478012,28.73765149200529,22.077701921743287,29.6101898133297,,,False,,277.0,,2026-08-21,,full,"{""as_of"": ""2026-08-21"", ""listing_date"": null, ""reason_code"": ""valid_trading_sessions"", ""status"": ""full"", ""valid_trading_sessions"": 277}","[""l1.csv""]",[],65.027,ranked,full,100.0,True,True,False
PTCT,"PTC Therapeutics, Inc. - Common Stock",nasdaqtrader:Q:PTCT,common_equity,eligible,Q,,69.82,,131898969.61301588,-11.000637348629716,0.04298610116060253,-1.1887913954146678,42.92732855680654,22.032384142936912,41.24527132183865,,,False,,277.0,,2026-08-21,,full,"{""as_of"": ""2026-08-21"", ""listing_date"": null, ""reason_code"": ""valid_trading_sessions"", ""status"": ""full"", ""valid_trading_sessions"": 277}","[""l1.csv""]",[],65.021,ranked,full,100.0,True,True,False
NXE,Nexgen Energy Ltd. Common Shares,nasdaqtrader:N:NXE,common_equity,eligible,N,,10.86,,56925822.55380952,15.901814300960515,3.1339031339031376,-12.277867528271413,68.11145510835912,21.98275862068966,50.583357003253916,,,False,,277.0,,2026-08-21,,full,"{""as_of"": ""2026-08-21"", ""listing_date"": null, ""reason_code"": ""valid_trading_sessions"", ""status"": ""full"", ""valid_trading_sessions"": 277}","[""l1.csv""]",[],65.0144,ranked,full,100.0,True,True,False
AUGO,Aura Minerals Inc. - Common Shares,nasdaqtrader:Q:AUGO,common_equity,eligible,Q,,87.26,,69732713.37619047,58.36660617059892,15.883134130146104,16.986191178442155,217.07848837209303,20.047645226314824,87.85310016670283,,,False,,277.0,,2026-08-21,,full,"{""as_of"": ""2026-08-21"", ""listing_date"": null, ""reason_code"": ""valid_trading_sessions"", ""status"": ""full"", ""valid_trading_sessions"": 277}","[""l1.csv""]",[],65.0064,ranked,full,100.0,True,True,False
DAL,"Delta Air Lines, Inc. Common Stock",nasdaqtrader:N:DAL,common_equity,eligible,N,,82.41,,586016804.1131746,0.5367817494205118,8.935888962326487,18.67799539170507,39.55969517358171,12.011531069827031,33.83130232860008,,,False,,277.0,,2026-08-21,,full,"{""as_of"": ""2026-08-21"", ""listing_date"": null, ""reason_code"": ""valid_trading_sessions"", ""status"": ""full"", ""valid_trading_sessions"": 277}","[""l1.csv""]",[],65.0029,ranked,full,100.0,True,True,False
ST,Sensata Technologies Holding plc Ordinary Shares,nasdaqtrader:N:ST,common_equity,eligible,N,,42.83,,90794695.19619048,-6.115738711091623,-9.755583649388965,11.681877444589306,35.23839595832017,20.01867413632119,36.27622290946677,,,False,,277.0,,2026-08-21,,full,"{""as_of"": ""2026-08-21"", ""listing_date"": null, ""reason_code"": ""valid_trading_sessions"", ""status"": ""full"", ""valid_trading_sessions"": 277}","[""l1.csv""]",[],65.0025,ranked,full,100.0,True,True,False
ACHC,"Acadia Healthcare Company, Inc. - Common Stock",nasdaqtrader:Q:ACHC,common_equity,eligible,Q,,27.82,,80890978.57873017,-18.200529256101138,20.85143353605561,65.6938653960691,30.61032863849764,21.875877562482447,74.62783353752866,,,False,,277.0,,2026-08-21,,full,"{""as_of"": ""2026-08-21"", ""listing_date"": null, ""reason_code"": ""valid_trading_sessions"", ""status"": ""full"", ""valid_trading_sessions"": 277}","[""l1.csv""]",[],65.0001,ranked,full,100.0,True,True,False
XRAY,DENTSPLY SIRONA Inc. - Common Stock,nasdaqtrader:Q:XRAY,common_equity,eligible,Q,,10.92,,63316686.73365079,-14.150943396226424,9.969788519637458,-12.91866028708133,-23.42215988779803,25.61307901907357,53.992655621616834,,,False,,277.0,,2026-08-21,,full,"{""as_of"": ""2026-08-21"", ""listing_date"": null, ""reason_code"": ""valid_trading_sessions"", ""status"": ""full"", ""valid_trading_sessions"": 277}","[""l1.csv""]",[],64.9984,ranked,full,100.0,True,True,False
RH,RH Common Stock,nasdaqtrader:N:RH,common_equity,eligible,N,,153.21,,137486660.80761904,-7.7492774566473965,10.15962036238136,-26.24560727867905,-29.269193481372046,38.960159362549796,67.4017510963166,,,False,,277.0,,2026-08-21,,full,"{""as_of"": ""2026-08-21"", ""listing_date"": null, ""reason_code"": ""valid_trading_sessions"", ""status"": ""full"", ""valid_trading_sessions"": 277}","[""l1.csv""]",[],64.986,ranked,full,100.0,True,True,False
BBWI,"Bath & Body Works, Inc.",qrgf-resolution-required:N:BBWI,common_equity,eligible,N,,19.45,,114656621.02920635,0.5687693898655644,12.297921478060037,-20.221493027071368,-34.334908845374756,38.97081895199247,44.748423620393964,,,False,,277.0,,2026-08-21,,full,"{""as_of"": ""2026-08-21"", ""listing_date"": null, ""reason_code"": ""valid_trading_sessions"", ""status"": ""full"", ""valid_trading_sessions"": 277}","[""l1.csv""]",[],64.9853,ranked,full,100.0,True,True,False
DNN,Denison Mines Corp Ordinary Shares (Canada),nasdaqtrader:A:DNN,common_equity,eligible,A,,3.5,,77936532.14825398,13.268608414239491,9.375,-13.793103448275856,82.29166666666667,19.90846681922197,66.2927688654877,,,False,,277.0,,2026-08-21,,full,"{""as_of"": ""2026-08-21"", ""listing_date"": null, ""reason_code"": ""valid_trading_sessions"", ""status"": ""full"", ""valid_trading_sessions"": 277}","[""l1.csv""]",[],64.9771,ranked,full,100.0,True,True,False
ALGM,"Allegro MicroSystems, Inc. - Common Stock",nasdaqtrader:Q:ALGM,common_equity,eligible,Q,,37.16,,143478708.3715873,-25.783902536448977,-16.868008948545878,-4.5466221423067115,21.916010498687655,46.624533180120665,62.36497900952176,,,False,,277.0,,2026-08-21,,full,"{""as_of"": ""2026-08-21"", ""listing_date"": null, ""reason_code"": ""valid_trading_sessions"", ""status"": ""full"", ""valid_trading_sessions"": 277}","[""l1.csv""]",[],64.975,ranked,full,100.0,True,True,False
MP,MP Materials Corp. Common Stock,nasdaqtrader:N:MP,common_equity,eligible,N,,60.05,,327525963.46555555,34.49048152295633,-2.737285390346622,8.511022768341148,-11.911397975649118,39.12823112012165,77.70629507833023,,,False,,277.0,,2026-08-21,,full,"{""as_of"": ""2026-08-21"", ""listing_date"": null, ""reason_code"": ""valid_trading_sessions"", ""status"": ""full"", ""valid_trading_sessions"": 277}","[""l1.csv""]",[],64.9748,ranked,full,100.0,True,True,False
OKTA,"Okta, Inc. - Class A Common Stock",nasdaqtrader:Q:OKTA,common_equity,eligible,Q,,135.14,,472068931.9760318,-0.7053637031594451,51.09570661896241,81.90873603445952,48.456552784796216,12.784769280413045,50.75498983873879,,,False,,277.0,,2026-08-21,,full,"{""as_of"": ""2026-08-21"", ""listing_date"": null, ""reason_code"": ""valid_trading_sessions"", ""status"": ""full"", ""valid_trading_sessions"": 277}","[""l1.csv""]",[],64.9462,ranked,full,100.0,True,True,False
TPL,Texas Pacific Land Corporation Common Stock,nasdaqtrader:N:TPL,common_equity,eligible,N,,383.64,,158729336.50460318,-9.84843144166373,-3.360370799536505,-23.253580859406263,28.62603097968215,28.92791641193797,48.449645923311145,,,False,,277.0,,2026-08-21,,full,"{""as_of"": ""2026-08-21"", ""listing_date"": null, ""reason_code"": ""valid_trading_sessions"", ""status"": ""full"", ""valid_trading_sessions"": 277}","[""l1.csv""]",[],64.9404,ranked,full,100.0,True,True,False
INOD,Innodata Inc. - Common Stock,nasdaqtrader:Q:INOD,common_equity,eligible,Q,,64.21,,115805513.06492063,6.998833527745374,-34.832030853547145,43.26193663543059,67.78155212960542,47.15226337448561,65.34004095036268,,,False,,277.0,,2026-08-21,,full,"{""as_of"": ""2026-08-21"", ""listing_date"": null, ""reason_code"": ""valid_trading_sessions"", ""status"": ""full"", ""valid_trading_sessions"": 277}","[""l1.csv""]",[],64.9398,ranked,full,100.0,True,True,False
FND,"Floor & Decor Holdings, Inc. Common Stock",nasdaqtrader:N:FND,common_equity,eligible,N,,54.26,,138896975.64285713,2.300150829562586,12.061131763733979,-21.350920423249743,-33.80505062827864,39.99115239991152,49.96435925961213,,,False,,277.0,,2026-08-21,,full,"{""as_of"": ""2026-08-21"", ""listing_date"": null, ""reason_code"": ""valid_trading_sessions"", ""status"": ""full"", ""valid_trading_sessions"": 277}","[""l1.csv""]",[],64.9173,ranked,full,100.0,True,True,False
CEG,Constellation Energy Corporation - Common Stock When-Issued,nasdaqtrader:Q:CEG,common_equity,eligible,Q,,272.88,,910584111.2153968,-0.9869375907111899,-4.530665080642338,-7.448107448107444,-13.153623372903468,32.44708503527664,35.0416429505617,,,False,,277.0,,2026-08-21,,full,"{""as_of"": ""2026-08-21"", ""listing_date"": null, ""reason_code"": ""valid_trading_sessions"", ""status"": ""full"", ""valid_trading_sessions"": 277}","[""l1.csv""]",[],64.9096,ranked,full,100.0,True,True,False
HBAN,Huntington Bancshares Incorporated - Common Stock,nasdaqtrader:Q:HBAN,common_equity,eligible,Q,,17.03,,413545106.83412695,-2.1264367816091756,7.4447949526813995,-5.441421432537485,1.3690476190476142,11.624286455630505,24.46350646089414,,,False,,277.0,,2026-08-21,,full,"{""as_of"": ""2026-08-21"", ""listing_date"": null, ""reason_code"": ""valid_trading_sessions"", ""status"": ""full"", ""valid_trading_sessions"": 277}","[""l1.csv""]",[],64.9061,ranked,full,100.0,True,True,False
SE,"Sea Limited American Depositary Shares, each representing one Class A Ordinary Share",nasdaqtrader:N:SE,adr,eligible,N,,117.53,,462356178.8990476,18.12060301507539,32.115557553956855,2.200000000000002,-34.24527246279513,40.18829516539441,56.396388319340105,,,False,,277.0,,2026-08-21,,full,"{""as_of"": ""2026-08-21"", ""listing_date"": null, ""reason_code"": ""valid_trading_sessions"", ""status"": ""full"", ""valid_trading_sessions"": 277}","[""l1.csv""]",[],64.9041,ranked,full,100.0,True,True,False
CPRT,"Copart, Inc. - Common Stock",nasdaqtrader:Q:CPRT,common_equity,eligible,Q,,33.8,,374606193.9820635,24.264705882352942,-1.744186046511631,-7.346491228070173,-29.006511237135058,32.35941564938963,42.35514575980673,,,False,,277.0,,2026-08-21,,full,"{""as_of"": ""2026-08-21"", ""listing_date"": null, ""reason_code"": ""valid_trading_sessions"", ""status"": ""full"", ""valid_trading_sessions"": 277}","[""l1.csv""]",[],64.8979,ranked,full,100.0,True,True,False
AAOI,"Applied Optoelectronics, Inc. - Common Stock",nasdaqtrader:Q:AAOI,common_equity,eligible,Q,,124.82,,1752345847.1939683,11.426530976611327,-29.404445449917993,141.5247678018576,469.1746466028271,44.05199462124608,154.23305132259853,,,False,,277.0,,2026-08-21,,full,"{""as_of"": ""2026-08-21"", ""listing_date"": null, ""reason_code"": ""valid_trading_sessions"", ""status"": ""full"", ""valid_trading_sessions"": 277}","[""l1.csv""]",[],64.8965,ranked,full,100.0,True,True,False
FDX,FedEx Corporation Common Stock,nasdaqtrader:N:FDX,common_equity,eligible,N,,325.08,,620271225.3633333,2.9972752043596618,-16.412537605101452,-16.320016474464584,43.07468861405748,21.054932245373735,22.73584872199145,,,False,,277.0,,2026-08-21,,full,"{""as_of"": ""2026-08-21"", ""listing_date"": null, ""reason_code"": ""valid_trading_sessions"", ""status"": ""full"", ""valid_trading_sessions"": 277}","[""l1.csv""]",[],64.8907,ranked,full,100.0,True,True,False
NTES,"NetEase, Inc. - American Depositary Shares, each representing 5 ordinary shares",nasdaqtrader:Q:NTES,adr,eligible,Q,,128.17,,122382587.2334127,6.648360792145103,12.095504635298227,8.242547082172113,-1.8004903463070931,19.561943014936624,45.11475574189328,,,False,,277.0,,2026-08-21,,full,"{""as_of"": ""2026-08-21"", ""listing_date"": null, ""reason_code"": ""valid_trading_sessions"", ""status"": ""full"", ""valid_trading_sessions"": 277}","[""l1.csv""]",[],64.8905,ranked,full,100.0,True,True,False
VKTX,"Viking Therapeutics, Inc. - Common Stock",nasdaqtrader:Q:VKTX,common_equity,eligible,Q,,33.89,,77902872.41920635,-4.2384854478666245,10.462842242503267,9.21688688366098,31.91903464383028,19.55850937574175,43.526733515375064,,,False,,277.0,,2026-08-21,,full,"{""as_of"": ""2026-08-21"", ""listing_date"": null, ""reason_code"": ""valid_trading_sessions"", ""status"": ""full"", ""valid_trading_sessions"": 277}","[""l1.csv""]",[],64.8896,ranked,full,100.0,True,True,False
EXK,Endeavour Silver Corporation Ordinary Shares (Canada),nasdaqtrader:N:EXK,common_equity,eligible,N,,10.62,,62404073.090476185,34.26042983565105,13.826366559485525,-17.610550814584958,96.3031423290203,24.78753541076487,75.98357277206017,,,False,,277.0,,2026-08-21,,full,"{""as_of"": ""2026-08-21"", ""listing_date"": null, ""reason_code"": ""valid_trading_sessions"", ""status"": ""full"", ""valid_trading_sessions"": 277}","[""l1.csv""]",[],64.8883,ranked,full,100.0,True,True,False
SEB,Seaboard Corporation Common Stock,nasdaqtrader:A:SEB,common_equity,eligible,A,,4259.96,,51972007.31666667,-7.828386094504925,-15.301368909743418,-13.645550170176612,20.3932884350704,28.510846818786728,22.737838631640507,,,False,,277.0,,2026-08-21,,full,"{""as_of"": ""2026-08-21"", ""listing_date"": null, ""reason_code"": ""valid_trading_sessions"", ""status"": ""full"", ""valid_trading_sessions"": 277}","[""l1.csv""]",[],64.8848,ranked,full,100.0,True,True,False
VRT,"Vertiv Holdings, LLC Class A Common Stock",nasdaqtrader:N:VRT,common_equity,eligible,N,,261.95,,1802203758.9455557,-13.843573214050798,-19.001236858379713,7.466666666666666,105.38654539752233,30.37503654679319,77.69915307358823,,,False,,277.0,,2026-08-21,,full,"{""as_of"": ""2026-08-21"", ""listing_date"": null, ""reason_code"": ""valid_trading_sessions"", ""status"": ""full"", ""valid_trading_sessions"": 277}","[""l1.csv""]",[],64.8833,ranked,full,100.0,True,True,False
ABVX,Abivax SA - American Depositary Shares,nasdaqtrader:Q:ABVX,adr,eligible,Q,,114.95,,226935941.57420632,-12.358950899664523,-7.32080948157704,-11.81434599156117,59.8970649603561,20.893262679788037,36.764273360570236,,,False,,277.0,,2026-08-21,,full,"{""as_of"": ""2026-08-21"", ""listing_date"": null, ""reason_code"": ""valid_trading_sessions"", ""status"": ""full"", ""valid_trading_sessions"": 277}","[""l1.csv""]",[],64.8691,ranked,full,100.0,True,True,False
AZO,"AutoZone, Inc. Common Stock",nasdaqtrader:N:AZO,common_equity,eligible,N,,2957.95,,1046137383.9204762,1.178382076278428,-13.967564234565966,-21.090190261756646,-28.862942209182087,32.072044349116105,28.27244150197967,,,False,,277.0,,2026-08-21,,full,"{""as_of"": ""2026-08-21"", ""listing_date"": null, ""reason_code"": ""valid_trading_sessions"", ""status"": ""full"", ""valid_trading_sessions"": 277}","[""l1.csv""]",[],64.8596,ranked,full,100.0,True,True,False
MOS,Mosaic Company (The) Common Stock,nasdaqtrader:N:MOS,common_equity,eligible,N,,24.41,,196026179.38285714,9.560143626570916,11.257976298997253,-17.057424396873934,-24.776579352850547,32.062343445588645,41.5820970668911,,,False,,277.0,,2026-08-21,,full,"{""as_of"": ""2026-08-21"", ""listing_date"": null, ""reason_code"": ""valid_trading_sessions"", ""status"": ""full"", ""valid_trading_sessions"": 277}","[""l1.csv""]",[],64.8583,ranked,full,100.0,True,True,False
ARM,Arm Holdings plc - American Depositary Shares,nasdaqtrader:Q:ARM,adr,eligible,Q,,243.32,,2792737649.2896824,-14.033352176370839,-18.411963920464082,93.75696767001114,85.51387618176274,44.632048423064674,84.66798645698177,,,False,,277.0,,2026-08-21,,full,"{""as_of"": ""2026-08-21"", ""listing_date"": null, ""reason_code"": ""valid_trading_sessions"", ""status"": ""full"", ""valid_trading_sessions"": 277}","[""l1.csv""]",[],64.8579,ranked,full,100.0,True,True,False
UI,Ubiquiti Inc. Common Stock,nasdaqtrader:N:UI,common_equity,eligible,N,,559.0,,67149278.63079365,5.599214145383091,-4.657945455475765,-25.49845399296301,41.66962339702975,48.45550945136008,27.51332110504624,,,False,,277.0,,2026-08-21,,full,"{""as_of"": ""2026-08-21"", ""listing_date"": null, ""reason_code"": ""valid_trading_sessions"", ""status"": ""full"", ""valid_trading_sessions"": 277}","[""l1.csv""]",[],64.853,ranked,full,100.0,True,True,False
MDT,Medtronic plc. Ordinary Shares,nasdaqtrader:N:MDT,common_equity,eligible,N,,93.35,,743513624.5577778,13.827582002194848,19.449776071657055,-3.6237869089407404,0.1394550525638305,11.390602752728995,27.544469784661906,,,False,,277.0,,2026-08-21,,full,"{""as_of"": ""2026-08-21"", ""listing_date"": null, ""reason_code"": ""valid_trading_sessions"", ""status"": ""full"", ""valid_trading_sessions"": 277}","[""l1.csv""]",[],64.8477,ranked,full,100.0,True,True,False
GLXY,Galaxy Digital Inc. - Class A common stock,nasdaqtrader:Q:GLXY,common_equity,eligible,Q,,23.64,,184933632.3747619,-2.796052631578949,-20.05410889414947,11.50943396226416,-3.549571603427182,44.84367708819412,107.55380087258123,,,False,,277.0,,2026-08-21,,full,"{""as_of"": ""2026-08-21"", ""listing_date"": null, ""reason_code"": ""valid_trading_sessions"", ""status"": ""full"", ""valid_trading_sessions"": 277}","[""l1.csv""]",[],64.8438,ranked,full,100.0,True,True,False
CBRE,CBRE Group Inc Common Stock Class A,nasdaqtrader:N:CBRE,common_equity,eligible,N,,152.1,,278824709.5911111,12.209516783474728,16.07142857142858,3.462349500034012,-5.433971648843572,11.36880135190258,37.61065428164162,,,False,,277.0,,2026-08-21,,full,"{""as_of"": ""2026-08-21"", ""listing_date"": null, ""reason_code"": ""valid_trading_sessions"", ""status"": ""full"", ""valid_trading_sessions"": 277}","[""l1.csv""]",[],64.8422,ranked,full,100.0,True,True,False
NPO,Enpro Inc. Common Stock,nasdaqtrader:N:NPO,common_equity,eligible,N,,312.59,,83892280.93206349,-7.229559281792552,3.2127055405137606,13.84710638452853,40.502517080186976,19.36282729266091,43.52187479224989,,,False,,277.0,,2026-08-21,,full,"{""as_of"": ""2026-08-21"", ""listing_date"": null, ""reason_code"": ""valid_trading_sessions"", ""status"": ""full"", ""valid_trading_sessions"": 277}","[""l1.csv""]",[],64.8407,ranked,full,100.0,True,True,False
NUE,Nucor Corporation Common Stock,nasdaqtrader:N:NUE,common_equity,eligible,N,,243.63,,404014694.39476186,1.0284055567074457,7.591414944356112,35.34248097327926,69.81250435631141,11.323433063987775,39.45424033425821,,,False,,277.0,,2026-08-21,,full,"{""as_of"": ""2026-08-21"", ""listing_date"": null, ""reason_code"": ""valid_trading_sessions"", ""status"": ""full"", ""valid_trading_sessions"": 277}","[""l1.csv""]",[],64.8309,ranked,full,100.0,True,True,False
IREN,IREN Limited - Ordinary Shares,nasdaqtrader:Q:IREN,common_equity,eligible,Q,,41.88,,2164979589.454762,3.2035485460818247,-27.867723045125725,4.752376188094054,111.9433198380567,45.19042010208088,128.41353701051284,,,False,,277.0,,2026-08-21,,full,"{""as_of"": ""2026-08-21"", ""listing_date"": null, ""reason_code"": ""valid_trading_sessions"", ""status"": ""full"", ""valid_trading_sessions"": 277}","[""l1.csv""]",[],64.8206,ranked,full,100.0,True,True,False
APO,"Apollo Global Management, Inc. (New) Common Stock",nasdaqtrader:N:APO,common_equity,eligible,N,,132.69,,528734144.1326984,11.504201680672278,1.3674560733384133,10.833611760775131,-1.958031624057932,13.104125736738704,40.05506041366923,,,False,,277.0,,2026-08-21,,full,"{""as_of"": ""2026-08-21"", ""listing_date"": null, ""reason_code"": ""valid_trading_sessions"", ""status"": ""full"", ""valid_trading_sessions"": 277}","[""l1.csv""]",[],64.776,ranked,full,100.0,True,True,False
UL,Unilever PLC American Depositary Shares (each representing One Ordinary Share),nasdaqtrader:N:UL,adr,eligible,N,,64.14,,257611016.89063492,6.52715495764824,11.122661122661114,-12.412945514133556,-10.293706293706295,14.009920900925055,32.86199318711513,,,False,,277.0,,2026-08-21,,full,"{""as_of"": ""2026-08-21"", ""listing_date"": null, ""reason_code"": ""valid_trading_sessions"", ""status"": ""full"", ""valid_trading_sessions"": 277}","[""l1.csv""]",[],64.7525,ranked,full,100.0,True,True,False
ARCB,ArcBest Corporation - Common Stock,nasdaqtrader:Q:ARCB,common_equity,eligible,Q,,140.34,,59649457.10984127,-10.605771068220903,12.804436942367992,33.54267770482444,98.19234571388222,18.981641842743326,48.3860455694613,,,False,,277.0,,2026-08-21,,full,"{""as_of"": ""2026-08-21"", ""listing_date"": null, ""reason_code"": ""valid_trading_sessions"", ""status"": ""full"", ""valid_trading_sessions"": 277}","[""l1.csv""]",[],64.7454,ranked,full,100.0,True,True,False
AMZN,"Amazon.com, Inc. - Common Stock",nasdaqtrader:Q:AMZN,common_equity,eligible,Q,,258.63,,12423895060.575237,10.686467516904896,-3.661625568054827,23.092665746513717,15.557839238639914,8.939511302020975,52.155847746021635,,,False,,277.0,,2026-08-21,,full,"{""as_of"": ""2026-08-21"", ""listing_date"": null, ""reason_code"": ""valid_trading_sessions"", ""status"": ""full"", ""valid_trading_sessions"": 277}","[""l1.csv""]",[],64.7349,ranked,full,100.0,True,True,False
CW,Curtiss-Wright Corporation Common Stock,nasdaqtrader:N:CW,common_equity,eligible,N,,634.99,,216840388.02,-15.338053144540876,-12.64170151882016,-10.242419959007709,32.151925078043696,19.902367647615314,44.47046653063948,,,False,,277.0,,2026-08-21,,full,"{""as_of"": ""2026-08-21"", ""listing_date"": null, ""reason_code"": ""valid_trading_sessions"", ""status"": ""full"", ""valid_trading_sessions"": 277}","[""l1.csv""]",[],64.7256,ranked,full,100.0,True,True,False
G,Genpact Limited Common Stock,nasdaqtrader:N:G,common_equity,eligible,N,,37.14,,82647942.66174603,22.291735265064204,16.0625,-4.597996403801696,-15.667574931880102,23.422680412371133,44.39862342119172,,,False,,277.0,,2026-08-21,,full,"{""as_of"": ""2026-08-21"", ""listing_date"": null, ""reason_code"": ""valid_trading_sessions"", ""status"": ""full"", ""valid_trading_sessions"": 277}","[""l1.csv""]",[],64.7064,ranked,full,100.0,True,True,False
CDNS,"Cadence Design Systems, Inc. - Common Stock",nasdaqtrader:Q:CDNS,common_equity,eligible,Q,,319.02,,871652998.5974603,-3.461841070023608,-11.002622328851198,7.675172134467401,-7.650890143291367,23.384327193256325,39.610750562297284,,,False,,277.0,,2026-08-21,,full,"{""as_of"": ""2026-08-21"", ""listing_date"": null, ""reason_code"": ""valid_trading_sessions"", ""status"": ""full"", ""valid_trading_sessions"": 277}","[""l1.csv""]",[],64.7012,ranked,full,100.0,True,True,False
SIMO,"Silicon Motion Technology Corporation - American Depositary Shares, each representing four ordinary shares",nasdaqtrader:Q:SIMO,adr,eligible,Q,,258.36,,291500925.3364286,-10.626816106268155,-1.954385032826067,91.54804270462635,248.47585648772593,23.31255565449687,113.22428795178261,,,False,,277.0,,2026-08-21,,full,"{""as_of"": ""2026-08-21"", ""listing_date"": null, ""reason_code"": ""valid_trading_sessions"", ""status"": ""full"", ""valid_trading_sessions"": 277}","[""l1.csv""]",[],64.6917,ranked,full,100.0,True,True,False
VICR,Vicor Corporation - Common Stock,nasdaqtrader:Q:VICR,common_equity,eligible,Q,,200.54,,237603810.92674604,-13.328723312300117,-25.25252525252526,17.957767190165285,331.3615831361583,47.195744904944966,93.73672723291531,,,False,,277.0,,2026-08-21,,full,"{""as_of"": ""2026-08-21"", ""listing_date"": null, ""reason_code"": ""valid_trading_sessions"", ""status"": ""full"", ""valid_trading_sessions"": 277}","[""l1.csv""]",[],64.687,ranked,full,100.0,True,True,False
ROK,"Rockwell Automation, Inc. Common Stock",nasdaqtrader:N:ROK,common_equity,eligible,N,,437.08,,377889034.8142857,-5.116682948008244,-0.7200454287336733,9.60154467263472,28.696778752723628,11.71527833885433,32.83387464746488,,,False,,277.0,,2026-08-21,,full,"{""as_of"": ""2026-08-21"", ""listing_date"": null, ""reason_code"": ""valid_trading_sessions"", ""status"": ""full"", ""valid_trading_sessions"": 277}","[""l1.csv""]",[],64.6788,ranked,full,100.0,True,True,False
TDC,Teradata Corporation Common Stock,nasdaqtrader:N:TDC,common_equity,eligible,N,,27.69,,97063133.35380952,0.036127167630062296,-15.501983521513585,-10.417340666450981,34.48275862068966,26.900739176346356,92.73733504525568,,,False,,277.0,,2026-08-21,,full,"{""as_of"": ""2026-08-21"", ""listing_date"": null, ""reason_code"": ""valid_trading_sessions"", ""status"": ""full"", ""valid_trading_sessions"": 277}","[""l1.csv""]",[],64.6701,ranked,full,100.0,True,True,False
SAIL,"SailPoint, Inc. - Common Stock",nasdaqtrader:Q:SAIL,common_equity,eligible,Q,,18.64,,69928035.46222222,30.213063220398183,24.18387741505663,31.3601127554616,-4.849412965798871,21.11722386796444,51.367133841161476,,,False,,277.0,,2026-08-21,,full,"{""as_of"": ""2026-08-21"", ""listing_date"": null, ""reason_code"": ""valid_trading_sessions"", ""status"": ""full"", ""valid_trading_sessions"": 277}","[""l1.csv""]",[],64.649,ranked,full,100.0,True,True,False
AXSM,"Axsome Therapeutics, Inc. - Common Stock",nasdaqtrader:Q:AXSM,common_equity,eligible,Q,,207.77,,204071032.7769841,-13.977559723429799,-11.07259030987844,13.090572610494245,77.59637575861187,18.57585139318885,43.44242258429778,,,False,,277.0,,2026-08-21,,full,"{""as_of"": ""2026-08-21"", ""listing_date"": null, ""reason_code"": ""valid_trading_sessions"", ""status"": ""full"", ""valid_trading_sessions"": 277}","[""l1.csv""]",[],64.644,ranked,full,100.0,True,True,False
BMI,"Badger Meter, Inc. Common Stock",nasdaqtrader:N:BMI,common_equity,eligible,N,,131.81,,63023396.917777784,6.988636363636358,9.622421823020622,-17.29309154797013,-29.73880597014925,30.3661049183792,55.66691831039282,,,False,,277.0,,2026-08-21,,full,"{""as_of"": ""2026-08-21"", ""listing_date"": null, ""reason_code"": ""valid_trading_sessions"", ""status"": ""full"", ""valid_trading_sessions"": 277}","[""l1.csv""]",[],64.6321,ranked,full,100.0,True,True,False
ALM,Almonty Industries Inc. - Common Shares,nasdaqtrader:Q:ALM,common_equity,eligible,Q,,18.51,,99789463.00047618,30.535966149506354,-1.4901543374135073,25.576662143826322,340.7142857142857,20.964987190435526,106.45201802401685,,,False,,277.0,,2026-08-21,,full,"{""as_of"": ""2026-08-21"", ""listing_date"": null, ""reason_code"": ""valid_trading_sessions"", ""status"": ""full"", ""valid_trading_sessions"": 277}","[""l1.csv""]",[],64.6287,ranked,full,100.0,True,True,False
PLXS,Plexus Corp. - Common Stock,nasdaqtrader:Q:PLXS,common_equity,eligible,Q,,240.14,,84341268.99063492,-8.24194719345841,-6.334347452999456,21.00171319157511,86.56722215747969,20.95977881640445,43.82488113077129,,,False,,277.0,,2026-08-21,,full,"{""as_of"": ""2026-08-21"", ""listing_date"": null, ""reason_code"": ""valid_trading_sessions"", ""status"": ""full"", ""valid_trading_sessions"": 277}","[""l1.csv""]",[],64.628,ranked,full,100.0,True,True,False
EBAY,eBay Inc. - Common Stock,nasdaqtrader:Q:EBAY,common_equity,eligible,Q,,104.13,,442717913.2329365,-4.747530186608118,-11.098779134295222,18.235494493016912,5.022692889561253,12.466375252185614,35.595317078566595,,,False,,277.0,,2026-08-21,,full,"{""as_of"": ""2026-08-21"", ""listing_date"": null, ""reason_code"": ""valid_trading_sessions"", ""status"": ""full"", ""valid_trading_sessions"": 277}","[""l1.csv""]",[],64.6166,ranked,full,100.0,True,True,False
MAR,Marriott International - Class A Common Stock,nasdaqtrader:Q:MAR,common_equity,eligible,Q,,356.39,,597291369.707143,-2.216917716135769,-3.823942141623493,2.4315235823297643,35.23697491746671,11.464699160331904,32.09073699639547,,,False,,277.0,,2026-08-21,,full,"{""as_of"": ""2026-08-21"", ""listing_date"": null, ""reason_code"": ""valid_trading_sessions"", ""status"": ""full"", ""valid_trading_sessions"": 277}","[""l1.csv""]",[],64.6162,ranked,full,100.0,True,True,False
WMT,Walmart Inc. - Common Stock,nasdaqtrader:Q:WMT,common_equity,eligible,Q,,103.7,,2817953411.3566666,-4.335793357933582,-14.5376627657821,-15.684201967639645,1.101686653017464,22.72727272727272,33.54572689846517,,,False,,277.0,,2026-08-21,,full,"{""as_of"": ""2026-08-21"", ""listing_date"": null, ""reason_code"": ""valid_trading_sessions"", ""status"": ""full"", ""valid_trading_sessions"": 277}","[""l1.csv""]",[],64.6136,ranked,full,100.0,True,True,False
BKNG,Booking Holdings Inc. - Common Stock,nasdaqtrader:Q:BKNG,common_equity,eligible,Q,,209.62,,1276401770.6411111,21.2868136318926,31.275050100200396,28.546023180229362,-7.079214504189013,8.394878293929997,41.31796620970942,,,False,,277.0,,2026-08-21,,full,"{""as_of"": ""2026-08-21"", ""listing_date"": null, ""reason_code"": ""valid_trading_sessions"", ""status"": ""full"", ""valid_trading_sessions"": 277}","[""l1.csv""]",[],64.5987,ranked,full,100.0,True,True,False
NET,"Cloudflare, Inc. Class A Common Stock",nasdaqtrader:N:NET,common_equity,eligible,N,,293.14,,990176969.777619,11.749008844159793,37.85092875617211,65.4849271762448,51.72877846790891,11.39255811141674,51.28577039019414,,,False,,277.0,,2026-08-21,,full,"{""as_of"": ""2026-08-21"", ""listing_date"": null, ""reason_code"": ""valid_trading_sessions"", ""status"": ""full"", ""valid_trading_sessions"": 277}","[""l1.csv""]",[],64.5981,ranked,full,100.0,True,True,False
WMB,"Williams Companies, Inc. (The) Common Stock",nasdaqtrader:N:WMB,common_equity,eligible,N,,70.49,,506742064.6606349,-6.325581395348845,-9.068627450980394,-3.4118936694985003,23.191191890947206,11.221662468513872,28.43522931489888,,,False,,277.0,,2026-08-21,,full,"{""as_of"": ""2026-08-21"", ""listing_date"": null, ""reason_code"": ""valid_trading_sessions"", ""status"": ""full"", ""valid_trading_sessions"": 277}","[""l1.csv""]",[],64.5554,ranked,full,100.0,True,True,False
SYF,Synchrony Financial Common Stock,nasdaqtrader:N:SYF,common_equity,eligible,N,,79.47,,271563139.60380954,10.728716734011435,10.375,8.314024805778919,11.022632020117351,10.172939979654117,27.273693632292883,,,False,,277.0,,2026-08-21,,full,"{""as_of"": ""2026-08-21"", ""listing_date"": null, ""reason_code"": ""valid_trading_sessions"", ""status"": ""full"", ""valid_trading_sessions"": 277}","[""l1.csv""]",[],64.5432,ranked,full,100.0,True,True,False
ICLN,iShares Global Clean Energy ETF,US:ICLN,etf,eligible,Q,,17.59,,115665418.94976191,-4.246053347849765,-20.694319206492338,-6.980433632998418,22.23766504517024,25.936842105263157,31.063918107874,,,False,,277.0,,2026-08-21,,full,"{""as_of"": ""2026-08-21"", ""listing_date"": null, ""reason_code"": ""valid_trading_sessions"", ""status"": ""full"", ""valid_trading_sessions"": 277}","[""l1.csv""]",[],64.5416,ranked,full,100.0,True,True,False
B,Barrick Mining Corporation Common Shares,nasdaqtrader:N:B,common_equity,eligible,N,,47.6,,437160288.3312698,28.0947255113025,15.310077519379849,-0.7506255212677226,91.62640901771337,10.154775386938464,47.91690199501659,,,False,,277.0,,2026-08-21,,full,"{""as_of"": ""2026-08-21"", ""listing_date"": null, ""reason_code"": ""valid_trading_sessions"", ""status"": ""full"", ""valid_trading_sessions"": 277}","[""l1.csv""]",[],64.5387,ranked,full,100.0,True,True,False
PCOR,"Procore Technologies, Inc. Common Stock",nasdaqtrader:N:PCOR,common_equity,eligible,N,,63.49,,158052040.19126981,54.552093476144115,36.890901250539024,21.303018723729462,-1.2597200622083915,20.238693467336677,52.75973464617345,,,False,,277.0,,2026-08-21,,full,"{""as_of"": ""2026-08-21"", ""listing_date"": null, ""reason_code"": ""valid_trading_sessions"", ""status"": ""full"", ""valid_trading_sessions"": 277}","[""l1.csv""]",[],64.5318,ranked,full,100.0,True,True,False
TAN,Invesco Solar ETF,US:TAN,etf,eligible,P,,49.32,,80502705.39460316,-6.679280983916747,-23.959296947271046,-17.48368746862975,20.20472824762369,33.288245637765456,39.70489226399187,,,False,,277.0,,2026-08-21,,full,"{""as_of"": ""2026-08-21"", ""listing_date"": null, ""reason_code"": ""valid_trading_sessions"", ""status"": ""full"", ""valid_trading_sessions"": 277}","[""l1.csv""]",[],64.5218,ranked,full,100.0,True,True,False
LHX,"L3Harris Technologies, Inc. Common Stock",nasdaqtrader:N:LHX,common_equity,eligible,N,,266.73,,428020357.234127,-10.992091300430474,-12.927235334443232,-25.105295670242032,-3.4111895708853757,29.525998731769178,38.938427219189734,,,False,,277.0,,2026-08-21,,full,"{""as_of"": ""2026-08-21"", ""listing_date"": null, ""reason_code"": ""valid_trading_sessions"", ""status"": ""full"", ""valid_trading_sessions"": 277}","[""l1.csv""]",[],64.5201,ranked,full,100.0,True,True,False
META,"Meta Platforms, Inc. - Class A Common Stock",nasdaqtrader:Q:META,common_equity,eligible,Q,,549.9,,11052057357.22889,-9.272397294175882,-9.463597747703256,-16.130311441905864,-26.45642753972076,29.522588913809678,42.42534858206697,,,False,,277.0,,2026-08-21,,full,"{""as_of"": ""2026-08-21"", ""listing_date"": null, ""reason_code"": ""valid_trading_sessions"", ""status"": ""full"", ""valid_trading_sessions"": 277}","[""l1.csv""]",[],64.5197,ranked,full,100.0,True,True,False
ESE,ESCO Technologies Inc. Common Stock,nasdaqtrader:N:ESE,common_equity,eligible,N,,287.24,,77020815.37777779,-13.327901994508318,-2.056125754424243,3.8617298235464226,50.782152230971136,19.064525218371365,39.41166636851368,,,False,,277.0,,2026-08-21,,full,"{""as_of"": ""2026-08-21"", ""listing_date"": null, ""reason_code"": ""valid_trading_sessions"", ""status"": ""full"", ""valid_trading_sessions"": 277}","[""l1.csv""]",[],64.5161,ranked,full,100.0,True,True,False
TREX,"Trex Company, Inc. Common Stock",nasdaqtrader:N:TREX,common_equity,eligible,N,,46.83,,91466175.51777777,10.500235960358651,20.47851813738102,12.22142343637671,-24.149659863945583,27.59740259740261,42.480317839070814,,,False,,277.0,,2026-08-21,,full,"{""as_of"": ""2026-08-21"", ""listing_date"": null, ""reason_code"": ""valid_trading_sessions"", ""status"": ""full"", ""valid_trading_sessions"": 277}","[""l1.csv""]",[],64.513,ranked,full,100.0,True,True,False
HIMS,"Hims & Hers Health, Inc. Class A Common Stock",nasdaqtrader:N:HIMS,common_equity,eligible,N,,33.78,,497753523.57952386,3.1765424557116617,40.69137859225322,116.12284069097889,-22.130013831258644,46.17590822179732,104.53181237581713,,,False,,277.0,,2026-08-21,,full,"{""as_of"": ""2026-08-21"", ""listing_date"": null, ""reason_code"": ""valid_trading_sessions"", ""status"": ""full"", ""valid_trading_sessions"": 277}","[""l1.csv""]",[],64.5049,ranked,full,100.0,True,True,False
SAIA,"Saia, Inc. - Common Stock",nasdaqtrader:Q:SAIA,common_equity,eligible,Q,,362.15,,187282365.81920636,-15.097878326104796,-20.971085651936715,-12.020503850545394,23.41534896401307,25.65792174734163,52.34696924230977,,,False,,277.0,,2026-08-21,,full,"{""as_of"": ""2026-08-21"", ""listing_date"": null, ""reason_code"": ""valid_trading_sessions"", ""status"": ""full"", ""valid_trading_sessions"": 277}","[""l1.csv""]",[],64.5044,ranked,full,100.0,True,True,False
ERIC,Ericsson - American Depositary Shares each representing 1 underlying Class B share,nasdaqtrader:Q:ERIC,adr,eligible,Q,,10.22,,131600329.3268254,9.774436090225569,-22.809667673716007,-9.796999117387461,32.38341968911917,25.61863173216885,49.41028162674062,,,False,,277.0,,2026-08-21,,full,"{""as_of"": ""2026-08-21"", ""listing_date"": null, ""reason_code"": ""valid_trading_sessions"", ""status"": ""full"", ""valid_trading_sessions"": 277}","[""l1.csv""]",[],64.4992,ranked,full,100.0,True,True,False
EXE,Expand Energy Corporation - Common Stock,nasdaqtrader:Q:EXE,common_equity,eligible,Q,,96.09,,330894837.0854762,4.753079690395734,-1.5370427297878853,-11.07717934480844,2.22340425531915,21.80812108389617,30.30974275302442,,,False,,277.0,,2026-08-21,,full,"{""as_of"": ""2026-08-21"", ""listing_date"": null, ""reason_code"": ""valid_trading_sessions"", ""status"": ""full"", ""valid_trading_sessions"": 277}","[""l1.csv""]",[],64.4911,ranked,full,100.0,True,True,False
MTSI,"MACOM Technology Solutions Holdings, Inc. - Common Stock",nasdaqtrader:Q:MTSI,common_equity,eligible,Q,,266.61,,548653332.9496826,-5.731560709992212,-29.922460244447358,9.450305841783324,120.06603384234423,34.9223784417106,84.00739519381854,,,False,,277.0,,2026-08-21,,full,"{""as_of"": ""2026-08-21"", ""listing_date"": null, ""reason_code"": ""valid_trading_sessions"", ""status"": ""full"", ""valid_trading_sessions"": 277}","[""l1.csv""]",[],64.4897,ranked,full,100.0,True,True,False
FOXA,Fox Corporation - Class A Common Stock,nasdaqtrader:Q:FOXA,common_equity,eligible,Q,,68.54,,367698290.5314286,24.414594300235983,6.660441954559593,20.203437390389347,16.22859080888588,9.946130600446711,32.57368148749913,,,False,,277.0,,2026-08-21,,full,"{""as_of"": ""2026-08-21"", ""listing_date"": null, ""reason_code"": ""valid_trading_sessions"", ""status"": ""full"", ""valid_trading_sessions"": 277}","[""l1.csv""]",[],64.4865,ranked,full,100.0,True,True,False
LDOS,"Leidos Holdings, Inc. Common Stock",nasdaqtrader:N:LDOS,common_equity,eligible,N,,141.39,,195483972.66650793,28.151907912625738,14.913849154746405,-18.50720461095101,-21.51976021314388,29.145577549486358,42.801140210964824,,,False,,277.0,,2026-08-21,,full,"{""as_of"": ""2026-08-21"", ""listing_date"": null, ""reason_code"": ""valid_trading_sessions"", ""status"": ""full"", ""valid_trading_sessions"": 277}","[""l1.csv""]",[],64.4694,ranked,full,100.0,True,True,False
FFIV,"F5, Inc. - Common Stock",nasdaqtrader:Q:FFIV,common_equity,eligible,Q,,384.63,,262268890.84142858,-0.8889919604205265,0.24237685691947952,38.16229031215202,21.799297001171645,10.812502898483512,36.084123580229836,,,False,,277.0,,2026-08-21,,full,"{""as_of"": ""2026-08-21"", ""listing_date"": null, ""reason_code"": ""valid_trading_sessions"", ""status"": ""full"", ""valid_trading_sessions"": 277}","[""l1.csv""]",[],64.4531,ranked,full,100.0,True,True,False
BCO,Brinks Company (The) Common Stock,nasdaqtrader:N:BCO,common_equity,eligible,N,,111.43,,54794166.34222222,-7.977537368899168,6.336482488787087,-14.61302681992337,1.52150145772596,17.812361705266266,35.97547030165031,,,False,,277.0,,2026-08-21,,full,"{""as_of"": ""2026-08-21"", ""listing_date"": null, ""reason_code"": ""valid_trading_sessions"", ""status"": ""full"", ""valid_trading_sessions"": 277}","[""l1.csv""]",[],64.4531,ranked,full,100.0,True,True,False
MIAX,"Miami International Holdings, Inc. Common Stock",nasdaqtrader:N:MIAX,common_equity,eligible,N,,42.59,,77950130.56523809,2.20782337413008,-17.20451010886469,5.082654823587474,29.966432712847112,25.070372976776913,35.28738513224879,,,False,,257.0,,2026-08-21,,full,"{""as_of"": ""2026-08-21"", ""listing_date"": null, ""reason_code"": ""valid_trading_sessions"", ""status"": ""full"", ""valid_trading_sessions"": 257}","[""l1.csv""]",[],64.426,ranked,full,100.0,True,True,False
KRC,Kilroy Realty Corporation Common Stock,nasdaqtrader:N:KRC,common_equity,eligible,N,,36.58,,53255015.642222226,-4.615384615384621,7.147041593438774,13.461538461538458,-6.03647572566145,17.686768676867683,25.363045229659892,,,False,,277.0,,2026-08-21,,full,"{""as_of"": ""2026-08-21"", ""listing_date"": null, ""reason_code"": ""valid_trading_sessions"", ""status"": ""full"", ""valid_trading_sessions"": 277}","[""l1.csv""]",[],64.4217,ranked,full,100.0,True,True,False
DOCN,"DigitalOcean Holdings, Inc. Common Stock",nasdaqtrader:N:DOCN,common_equity,eligible,N,,115.64,,471403892.65619045,-11.826153259626382,-26.971897694979475,81.73817381738174,282.787156570672,36.212697887362786,92.78592711346965,,,False,,277.0,,2026-08-21,,full,"{""as_of"": ""2026-08-21"", ""listing_date"": null, ""reason_code"": ""valid_trading_sessions"", ""status"": ""full"", ""valid_trading_sessions"": 277}","[""l1.csv""]",[],64.4192,ranked,full,100.0,True,True,False
TFC,Truist Financial Corporation Common Stock,nasdaqtrader:N:TFC,common_equity,eligible,N,,50.42,,439890560.59079367,-1.5234375000000022,5.282940070996034,-3.6314984709480136,13.584140572200942,9.65776742519262,18.36762271034907,,,False,,277.0,,2026-08-21,,full,"{""as_of"": ""2026-08-21"", ""listing_date"": null, ""reason_code"": ""valid_trading_sessions"", ""status"": ""full"", ""valid_trading_sessions"": 277}","[""l1.csv""]",[],64.4144,ranked,full,100.0,True,True,False
BBIO,"BridgeBio Pharma, Inc. - Common Stock",nasdaqtrader:Q:BBIO,common_equity,eligible,Q,,81.5,,251253493.73309523,-1.724345833835772,15.9647125782584,19.606692104490755,66.73486088379705,9.615171343018748,28.838699181554585,,,False,,277.0,,2026-08-21,,full,"{""as_of"": ""2026-08-21"", ""listing_date"": null, ""reason_code"": ""valid_trading_sessions"", ""status"": ""full"", ""valid_trading_sessions"": 277}","[""l1.csv""]",[],64.4038,ranked,full,100.0,True,True,False
STM,STMicroelectronics N.V. Common Stock,nasdaqtrader:N:STM,common_equity,eligible,N,,50.56,,783363891.0519047,-5.477659375584221,-22.9972586049345,50.38667459845332,94.46153846153847,36.728819922412704,84.13143420456434,,,False,,277.0,,2026-08-21,,full,"{""as_of"": ""2026-08-21"", ""listing_date"": null, ""reason_code"": ""valid_trading_sessions"", ""status"": ""full"", ""valid_trading_sessions"": 277}","[""l1.csv""]",[],64.3847,ranked,full,100.0,True,True,False
MOH,Molina Healthcare Inc Common Stock,nasdaqtrader:N:MOH,common_equity,eligible,N,,200.29,,235645809.80587304,0.0,10.498731104490776,32.642384105960254,15.374423963133644,17.53540843214756,46.72096389439505,,,False,,277.0,,2026-08-21,,full,"{""as_of"": ""2026-08-21"", ""listing_date"": null, ""reason_code"": ""valid_trading_sessions"", ""status"": ""full"", ""valid_trading_sessions"": 277}","[""l1.csv""]",[],64.3839,ranked,full,100.0,True,True,False
BKR,Baker Hughes Company - Common Stock,nasdaqtrader:Q:BKR,common_equity,eligible,Q,,62.34,,507352926.9911905,11.142806204314493,-5.258358662613971,0.2089696190323176,45.48424737456243,10.521027702023822,30.289079073384272,,,False,,277.0,,2026-08-21,,full,"{""as_of"": ""2026-08-21"", ""listing_date"": null, ""reason_code"": ""valid_trading_sessions"", ""status"": ""full"", ""valid_trading_sessions"": 277}","[""l1.csv""]",[],64.3803,ranked,full,100.0,True,True,False
FERG,Ferguson Enterprises Inc. Common Stock,nasdaqtrader:N:FERG,common_equity,eligible,N,,242.24,,561837292.3220636,5.934315826299907,8.268525967641004,-5.003921568627446,5.0613696491304205,9.51402637182024,33.835783844162485,,,False,,277.0,,2026-08-21,,full,"{""as_of"": ""2026-08-21"", ""listing_date"": null, ""reason_code"": ""valid_trading_sessions"", ""status"": ""full"", ""valid_trading_sessions"": 277}","[""l1.csv""]",[],64.3785,ranked,full,100.0,True,True,False
GPK,Graphic Packaging Holding Company,qrgf-resolution-required:N:GPK,common_equity,eligible,N,,11.96,,60996307.38714285,8.82620564149228,19.123505976095643,-4.472843450479225,-47.0327723649247,48.09027777777777,42.459856386581976,,,False,,277.0,,2026-08-21,,full,"{""as_of"": ""2026-08-21"", ""listing_date"": null, ""reason_code"": ""valid_trading_sessions"", ""status"": ""full"", ""valid_trading_sessions"": 277}","[""l1.csv""]",[],64.3773,ranked,full,100.0,True,True,False
SONY,Sony Group Corporation American Depositary Shares,nasdaqtrader:N:SONY,adr,eligible,N,,23.92,,118620988.3542857,15.61140647655872,6.028368794326244,9.074327405380767,-14.935988620199147,20.951751487111693,30.507514770335387,,,False,,277.0,,2026-08-21,,full,"{""as_of"": ""2026-08-21"", ""listing_date"": null, ""reason_code"": ""valid_trading_sessions"", ""status"": ""full"", ""valid_trading_sessions"": 277}","[""l1.csv""]",[],64.3769,ranked,full,100.0,True,True,False
EQT,EQT Corporation Common Stock,nasdaqtrader:N:EQT,common_equity,eligible,N,,53.72,,376972947.39174604,0.6180932758943491,-6.962244544509877,-11.206611570247937,4.635761589403975,20.918592668923896,32.63949352937937,,,False,,277.0,,2026-08-21,,full,"{""as_of"": ""2026-08-21"", ""listing_date"": null, ""reason_code"": ""valid_trading_sessions"", ""status"": ""full"", ""valid_trading_sessions"": 277}","[""l1.csv""]",[],64.3725,ranked,full,100.0,True,True,False
KGS,"Kodiak Gas Services, Inc. Common Stock",nasdaqtrader:N:KGS,common_equity,eligible,N,,61.46,,118976080.90079366,-5.851715686274506,-15.098770548418294,21.390479952597264,66.69378898833742,19.417857611118393,53.3239850177093,,,False,,277.0,,2026-08-21,,full,"{""as_of"": ""2026-08-21"", ""listing_date"": null, ""reason_code"": ""valid_trading_sessions"", ""status"": ""full"", ""valid_trading_sessions"": 277}","[""l1.csv""]",[],64.3545,ranked,full,100.0,True,True,False
NOC,Northrop Grumman Corporation Common Stock,nasdaqtrader:N:NOC,common_equity,eligible,N,,551.03,,511182180.04873013,3.289720326910084,-0.09971355016499261,-23.844601691635802,-7.00543423228811,28.25317049035182,26.706096889200133,,,False,,277.0,,2026-08-21,,full,"{""as_of"": ""2026-08-21"", ""listing_date"": null, ""reason_code"": ""valid_trading_sessions"", ""status"": ""full"", ""valid_trading_sessions"": 277}","[""l1.csv""]",[],64.3504,ranked,full,100.0,True,True,False
LW,"Lamb Weston Holdings, Inc. Common Stock",nasdaqtrader:N:LW,common_equity,eligible,N,,53.68,,75517134.86174603,9.150061000406673,25.391263723429102,11.207789517298528,-2.7360028990759178,19.363076460868257,30.890628213966227,,,False,,277.0,,2026-08-21,,full,"{""as_of"": ""2026-08-21"", ""listing_date"": null, ""reason_code"": ""valid_trading_sessions"", ""status"": ""full"", ""valid_trading_sessions"": 277}","[""l1.csv""]",[],64.3408,ranked,full,100.0,True,True,False
CARR,Carrier Global Corporation Common Stock,nasdaqtrader:N:CARR,common_equity,eligible,N,,60.37,,425297583.5566667,-12.697035430224158,-2.9109038275973,-5.877767383847843,-9.679832435667269,20.565789473684216,38.527077461211896,,,False,,277.0,,2026-08-21,,full,"{""as_of"": ""2026-08-21"", ""listing_date"": null, ""reason_code"": ""valid_trading_sessions"", ""status"": ""full"", ""valid_trading_sessions"": 277}","[""l1.csv""]",[],64.3254,ranked,full,100.0,True,True,False
MCHP,Microchip Technology Incorporated - Common Stock,nasdaqtrader:Q:MCHP,common_equity,eligible,Q,,76.08,,1008117685.8357143,-6.478180700676084,-16.496542640763913,-2.122732535700511,13.960455362492507,26.078507578701903,64.00851550091951,,,False,,277.0,,2026-08-21,,full,"{""as_of"": ""2026-08-21"", ""listing_date"": null, ""reason_code"": ""valid_trading_sessions"", ""status"": ""full"", ""valid_trading_sessions"": 277}","[""l1.csv""]",[],64.3105,ranked,full,100.0,True,True,False
ALB,Albemarle Corporation Common Stock,nasdaqtrader:N:ALB,common_equity,eligible,N,,143.25,,324995355.12333333,22.530151398511688,-15.68569746909947,-14.94478090488065,83.37173579109063,33.563676838883225,40.13569786354855,,,False,,277.0,,2026-08-21,,full,"{""as_of"": ""2026-08-21"", ""listing_date"": null, ""reason_code"": ""valid_trading_sessions"", ""status"": ""full"", ""valid_trading_sessions"": 277}","[""l1.csv""]",[],64.3085,ranked,full,100.0,True,True,False
SMH,VanEck Semiconductor ETF,US:SMH,etf,eligible,Q,,560.42,,6624352505.745238,-3.4041746384680382,-1.313657815031355,35.03120256367009,93.9437984496124,16.218923323018043,44.5454717984861,,,False,,277.0,,2026-08-21,,full,"{""as_of"": ""2026-08-21"", ""listing_date"": null, ""reason_code"": ""valid_trading_sessions"", ""status"": ""full"", ""valid_trading_sessions"": 277}","[""l1.csv""]",[],64.3047,ranked,full,100.0,True,True,False
LSTR,"Landstar System, Inc. - Common Stock",nasdaqtrader:Q:LSTR,common_equity,eligible,Q,,186.58,,99875143.43857142,-10.285137279415292,-2.3703626183873117,21.83622828784122,44.602030535534375,17.211696321604464,40.11880896736468,,,False,,277.0,,2026-08-21,,full,"{""as_of"": ""2026-08-21"", ""listing_date"": null, ""reason_code"": ""valid_trading_sessions"", ""status"": ""full"", ""valid_trading_sessions"": 277}","[""l1.csv""]",[],64.3029,ranked,full,100.0,True,True,False
BOOT,"Boot Barn Holdings, Inc. Common Stock",nasdaqtrader:N:BOOT,common_equity,eligible,N,,165.57,,114369772.88126984,12.05332972387656,7.171985241763212,-17.11553864637565,-1.8960715767020297,20.391383786902583,48.9639451089786,,,False,,277.0,,2026-08-21,,full,"{""as_of"": ""2026-08-21"", ""listing_date"": null, ""reason_code"": ""valid_trading_sessions"", ""status"": ""full"", ""valid_trading_sessions"": 277}","[""l1.csv""]",[],64.3022,ranked,full,100.0,True,True,False
IT,"Gartner, Inc. Common Stock",nasdaqtrader:N:IT,common_equity,eligible,N,,195.9,,242462343.09238094,46.53302416037101,24.602467879404657,27.431210563975817,-19.77886977886977,25.82074292854708,82.43613200018798,,,False,,277.0,,2026-08-21,,full,"{""as_of"": ""2026-08-21"", ""listing_date"": null, ""reason_code"": ""valid_trading_sessions"", ""status"": ""full"", ""valid_trading_sessions"": 277}","[""l1.csv""]",[],64.2761,ranked,full,100.0,True,True,False
RL,Ralph Lauren Corporation Common Stock,nasdaqtrader:N:RL,common_equity,eligible,N,,372.59,,254084320.29444444,0.2421372649250575,-0.6161643104827919,-3.2309170713970325,30.176088323667095,10.056729028364519,33.17285420491303,,,False,,277.0,,2026-08-21,,full,"{""as_of"": ""2026-08-21"", ""listing_date"": null, ""reason_code"": ""valid_trading_sessions"", ""status"": ""full"", ""valid_trading_sessions"": 277}","[""l1.csv""]",[],64.2642,ranked,full,100.0,True,True,False
MRSH,Marsh Common Stock,nasdaqtrader:N:MRSH,common_equity,eligible,N,,192.01,,450132689.3826984,8.84920634920634,16.285125968992233,7.076734329689938,-9.090478670517498,9.047416039031797,28.154025283408952,,,False,,277.0,,2026-08-21,,full,"{""as_of"": ""2026-08-21"", ""listing_date"": null, ""reason_code"": ""valid_trading_sessions"", ""status"": ""full"", ""valid_trading_sessions"": 277}","[""l1.csv""]",[],64.2619,ranked,full,100.0,True,True,False
AJG,Arthur J. Gallagher & Co. Common Stock,nasdaqtrader:N:AJG,common_equity,eligible,N,,263.81,,379646219.96634924,8.917881177490594,27.192517236391687,21.84656597847676,-12.830425588157546,15.03156402988921,34.29280116097721,,,False,,277.0,,2026-08-21,,full,"{""as_of"": ""2026-08-21"", ""listing_date"": null, ""reason_code"": ""valid_trading_sessions"", ""status"": ""full"", ""valid_trading_sessions"": 277}","[""l1.csv""]",[],64.2579,ranked,full,100.0,True,True,False
PGR,Progressive Corporation (The) Common Stock,nasdaqtrader:N:PGR,common_equity,eligible,N,,219.28,,685952439.1811112,5.896556719949775,10.207568980248283,7.448059584476674,-13.218299825866708,12.009951446571165,41.41533675485069,,,False,,277.0,,2026-08-21,,full,"{""as_of"": ""2026-08-21"", ""listing_date"": null, ""reason_code"": ""valid_trading_sessions"", ""status"": ""full"", ""valid_trading_sessions"": 277}","[""l1.csv""]",[],64.2525,ranked,full,100.0,True,True,False
CX,"Cemex, S.A.B. de C.V. Sponsored ADR",nasdaqtrader:N:CX,adr,eligible,N,,11.11,,69806487.70269842,-9.380097879282223,-11.755361397934871,-13.875968992248067,28.4393063583815,18.00738007380075,30.787532397292093,,,False,,277.0,,2026-08-21,,full,"{""as_of"": ""2026-08-21"", ""listing_date"": null, ""reason_code"": ""valid_trading_sessions"", ""status"": ""full"", ""valid_trading_sessions"": 277}","[""l1.csv""]",[],64.2518,ranked,full,100.0,True,True,False
KDP,Keurig Dr Pepper Inc. - Common Stock,nasdaqtrader:Q:KDP,common_equity,eligible,Q,,32.04,,437863244.9369841,7.987866531850352,11.327310632383591,8.46310088016249,-8.925525866969874,8.977272727272734,31.157116474536046,,,False,,277.0,,2026-08-21,,full,"{""as_of"": ""2026-08-21"", ""listing_date"": null, ""reason_code"": ""valid_trading_sessions"", ""status"": ""full"", ""valid_trading_sessions"": 277}","[""l1.csv""]",[],64.2443,ranked,full,100.0,True,True,False
IDXX,"IDEXX Laboratories, Inc. - Common Stock",nasdaqtrader:Q:IDXX,common_equity,eligible,Q,,556.93,,366225035.39849204,3.2566073067403334,0.6979225052886395,-12.385552024667279,-12.959287332968671,27.358219857045963,32.00489710355289,,,False,,277.0,,2026-08-21,,full,"{""as_of"": ""2026-08-21"", ""listing_date"": null, ""reason_code"": ""valid_trading_sessions"", ""status"": ""full"", ""valid_trading_sessions"": 277}","[""l1.csv""]",[],64.2311,ranked,full,100.0,True,True,False
HUT,Hut 8 Corp. - Common Stock,nasdaqtrader:Q:HUT,common_equity,eligible,Q,,80.86,,477619443.9403968,-31.28239993201326,-23.18069542086263,50.24154589371981,262.4383684446437,39.212148549090365,117.7945163442887,,,False,,277.0,,2026-08-21,,full,"{""as_of"": ""2026-08-21"", ""listing_date"": null, ""reason_code"": ""valid_trading_sessions"", ""status"": ""full"", ""valid_trading_sessions"": 277}","[""l1.csv""]",[],64.2192,ranked,full,100.0,True,True,False
ETN,"Eaton Corporation, PLC Ordinary Shares",nasdaqtrader:N:ETN,common_equity,eligible,N,,419.2,,967243680.6950793,0.9804157733722008,9.879164373148797,12.271680325673584,21.07908266420193,8.861640142621097,48.72445719786375,,,False,,277.0,,2026-08-21,,full,"{""as_of"": ""2026-08-21"", ""listing_date"": null, ""reason_code"": ""valid_trading_sessions"", ""status"": ""full"", ""valid_trading_sessions"": 277}","[""l1.csv""]",[],64.2154,ranked,full,100.0,True,True,False
PEP,"PepsiCo, Inc. - Common Stock",nasdaqtrader:Q:PEP,common_equity,eligible,Q,,143.48,,1213682091.2501585,6.3208595776213405,-3.607658716829021,-13.010791803079913,-4.809925031513307,15.842571411813022,20.52721205313799,,,False,,277.0,,2026-08-21,,full,"{""as_of"": ""2026-08-21"", ""listing_date"": null, ""reason_code"": ""valid_trading_sessions"", ""status"": ""full"", ""valid_trading_sessions"": 277}","[""l1.csv""]",[],64.2106,ranked,full,100.0,True,True,False
KHC,The Kraft Heinz Company - Common Stock,nasdaqtrader:Q:KHC,common_equity,eligible,Q,,25.58,,342874414.1996826,0.8675078864353258,8.6661002548853,4.836065573770498,-6.710430342815476,8.838203848895231,34.36095458090854,,,False,,277.0,,2026-08-21,,full,"{""as_of"": ""2026-08-21"", ""listing_date"": null, ""reason_code"": ""valid_trading_sessions"", ""status"": ""full"", ""valid_trading_sessions"": 277}","[""l1.csv""]",[],64.2096,ranked,full,100.0,True,True,False
IONS,"Ionis Pharmaceuticals, Inc. - Common Stock",nasdaqtrader:Q:IONS,common_equity,eligible,Q,,59.74,,185020940.96952382,6.926794344012888,-21.166534705727102,-28.153938665063137,39.54683485167016,30.936416184971094,35.827300817342426,,,False,,277.0,,2026-08-21,,full,"{""as_of"": ""2026-08-21"", ""listing_date"": null, ""reason_code"": ""valid_trading_sessions"", ""status"": ""full"", ""valid_trading_sessions"": 277}","[""l1.csv""]",[],64.2082,ranked,full,100.0,True,True,False
VSAT,"ViaSat, Inc. - Common Stock",nasdaqtrader:Q:VSAT,common_equity,eligible,Q,,74.72,,201531263.3942857,0.6058974013733787,5.5963821368004485,60.68817204301076,187.7165960723912,16.802137846564968,65.6232938292661,,,False,,277.0,,2026-08-21,,full,"{""as_of"": ""2026-08-21"", ""listing_date"": null, ""reason_code"": ""valid_trading_sessions"", ""status"": ""full"", ""valid_trading_sessions"": 277}","[""l1.csv""]",[],64.2005,ranked,full,100.0,True,True,False
KVUE,Kenvue Inc. Common Stock,nasdaqtrader:N:KVUE,common_equity,eligible,N,,19.06,,386730852.76301587,0.846560846560851,9.163802978235957,1.8162393162393098,-11.881645862228385,11.80009254974549,21.585224962520687,,,False,,277.0,,2026-08-21,,full,"{""as_of"": ""2026-08-21"", ""listing_date"": null, ""reason_code"": ""valid_trading_sessions"", ""status"": ""full"", ""valid_trading_sessions"": 277}","[""l1.csv""]",[],64.2,ranked,full,100.0,True,True,False
CASY,"Caseys General Stores, Inc. - Common Stock",nasdaqtrader:Q:CASY,common_equity,eligible,Q,,835.74,,405617136.7398413,-4.514138817480717,1.3263821532492726,25.257036659572552,62.788523344825585,8.789889553411612,32.54983893122967,,,False,,277.0,,2026-08-21,,full,"{""as_of"": ""2026-08-21"", ""listing_date"": null, ""reason_code"": ""valid_trading_sessions"", ""status"": ""full"", ""valid_trading_sessions"": 277}","[""l1.csv""]",[],64.1975,ranked,full,100.0,True,True,False
FTNT,"Fortinet, Inc. - Common Stock",nasdaqtrader:Q:FTNT,common_equity,eligible,Q,,153.51,,885155072.444127,1.2999868021644545,18.577166692414625,91.88749999999999,92.82753422936815,8.782458850793272,35.56890588157711,,,False,,277.0,,2026-08-21,,full,"{""as_of"": ""2026-08-21"", ""listing_date"": null, ""reason_code"": ""valid_trading_sessions"", ""status"": ""full"", ""valid_trading_sessions"": 277}","[""l1.csv""]",[],64.1956,ranked,full,100.0,True,True,False
PRM,"Perimeter Solutions, SA Common Stock",nasdaqtrader:N:PRM,common_equity,eligible,N,,31.44,,56148438.85698412,-7.692307692307699,0.1273885350318471,18.01801801801801,70.68403908794787,16.78136580201165,79.69569984372718,,,False,,277.0,,2026-08-21,,full,"{""as_of"": ""2026-08-21"", ""listing_date"": null, ""reason_code"": ""valid_trading_sessions"", ""status"": ""full"", ""valid_trading_sessions"": 277}","[""l1.csv""]",[],64.1953,ranked,full,100.0,True,True,False
TS,Tenaris S.A. American Depositary Shares,nasdaqtrader:N:TS,adr,eligible,N,,52.66,,75357448.80920634,-8.193863319386342,-14.748259672980424,0.7654037504783773,47.75533108866441,17.744454857856915,29.36023191872627,,,False,,277.0,,2026-08-21,,full,"{""as_of"": ""2026-08-21"", ""listing_date"": null, ""reason_code"": ""valid_trading_sessions"", ""status"": ""full"", ""valid_trading_sessions"": 277}","[""l1.csv""]",[],64.1861,ranked,full,100.0,True,True,False
NCLH,Norwegian Cruise Line Holdings Ltd. Ordinary Shares,nasdaqtrader:N:NCLH,common_equity,eligible,N,,17.24,,329003687.0057143,-7.856761090326037,4.675166970248945,-29.082682023858496,-27.714884696016785,36.005939123979225,53.732678458292895,,,False,,277.0,,2026-08-21,,full,"{""as_of"": ""2026-08-21"", ""listing_date"": null, ""reason_code"": ""valid_trading_sessions"", ""status"": ""full"", ""valid_trading_sessions"": 277}","[""l1.csv""]",[],64.1829,ranked,full,100.0,True,True,False
PDD,PDD Holdings Inc. - American Depositary Shares,nasdaqtrader:Q:PDD,adr,eligible,Q,,88.38,,730611664.6625396,6.0984393757502975,-9.622660803763171,-15.780445969125212,-25.101694915254235,36.01679577209875,31.37917393330251,,,False,,277.0,,2026-08-21,,full,"{""as_of"": ""2026-08-21"", ""listing_date"": null, ""reason_code"": ""valid_trading_sessions"", ""status"": ""full"", ""valid_trading_sessions"": 277}","[""l1.csv""]",[],64.1822,ranked,full,100.0,True,True,False
LEGN,Legend Biotech Corporation - American Depositary Shares,nasdaqtrader:Q:LEGN,adr,eligible,Q,,21.82,,73149860.65634921,-7.267318317042082,-22.04358699535548,20.419426048565125,-38.75947235475723,39.856670341786106,73.20412664594163,,,False,,277.0,,2026-08-21,,full,"{""as_of"": ""2026-08-21"", ""listing_date"": null, ""reason_code"": ""valid_trading_sessions"", ""status"": ""full"", ""valid_trading_sessions"": 277}","[""l1.csv""]",[],64.1762,ranked,full,100.0,True,True,False
ATI,ATI Inc. Common Stock,nasdaqtrader:N:ATI,common_equity,eligible,N,,207.01,,325716811.8268254,3.5878702962369724,29.050557945265254,30.301504374645937,190.17381553125873,10.686858227629658,48.83256970432443,,,False,,277.0,,2026-08-21,,full,"{""as_of"": ""2026-08-21"", ""listing_date"": null, ""reason_code"": ""valid_trading_sessions"", ""status"": ""full"", ""valid_trading_sessions"": 277}","[""l1.csv""]",[],64.1717,ranked,full,100.0,True,True,False
ECL,Ecolab Inc. Common Stock,nasdaqtrader:N:ECL,common_equity,eligible,N,,281.63,,418825523.268254,7.026677814091364,12.570948916779923,-7.4072856391373065,-1.3451501033383662,8.665477541754507,22.37437469276962,,,False,,277.0,,2026-08-21,,full,"{""as_of"": ""2026-08-21"", ""listing_date"": null, ""reason_code"": ""valid_trading_sessions"", ""status"": ""full"", ""valid_trading_sessions"": 277}","[""l1.csv""]",[],64.1664,ranked,full,100.0,True,True,False
GFL,"GFL Environmental Inc. Subordinate voting shares, no par value",qrgf-resolution-required:N:GFL,common_equity,eligible,N,,41.05,,107376273.78666668,5.445671718469036,14.154616240266948,-3.7965783923131102,-18.680665610142633,19.55712326082697,24.035916054090173,,,False,,277.0,,2026-08-21,,full,"{""as_of"": ""2026-08-21"", ""listing_date"": null, ""reason_code"": ""valid_trading_sessions"", ""status"": ""full"", ""valid_trading_sessions"": 277}","[""l1.csv""]",[],64.1393,ranked,full,100.0,True,True,False
TPG,TPG Inc. - Class A Common Stock,nasdaqtrader:Q:TPG,common_equity,eligible,Q,,52.4,,115798536.50761904,24.672852724244578,25.508982035928128,17.726353628398115,-12.095286025834595,24.77749066896353,43.995962620132836,,,False,,277.0,,2026-08-21,,full,"{""as_of"": ""2026-08-21"", ""listing_date"": null, ""reason_code"": ""valid_trading_sessions"", ""status"": ""full"", ""valid_trading_sessions"": 277}","[""l1.csv""]",[],64.137,ranked,full,100.0,True,True,False
CVCO,"Cavco Industries, Inc. - Common Stock",nasdaqtrader:Q:CVCO,common_equity,eligible,Q,,582.55,,72101053.94063492,3.638142679238565,18.527335245884945,-2.2239006377979154,20.08616602420068,16.511407933960108,33.971623638132264,,,False,,277.0,,2026-08-21,,full,"{""as_of"": ""2026-08-21"", ""listing_date"": null, ""reason_code"": ""valid_trading_sessions"", ""status"": ""full"", ""valid_trading_sessions"": 277}","[""l1.csv""]",[],64.1279,ranked,full,100.0,True,True,False
TRV,"The Travelers Companies, Inc. Common Stock",nasdaqtrader:N:TRV,common_equity,eligible,N,,363.58,,668091087.5471429,-3.39825172038154,18.341307814992014,19.233922539599234,32.50482889318125,8.468858567040948,34.62180673885001,,,False,,277.0,,2026-08-21,,full,"{""as_of"": ""2026-08-21"", ""listing_date"": null, ""reason_code"": ""valid_trading_sessions"", ""status"": ""full"", ""valid_trading_sessions"": 277}","[""l1.csv""]",[],64.1172,ranked,full,100.0,True,True,False
PAAS,Pan American Silver Corp. Common Stock,nasdaqtrader:N:PAAS,common_equity,eligible,N,,53.07,,220567230.38968253,20.0950441276307,-3.1569343065693367,-17.975270479134476,69.71538215542053,22.75109170305677,56.24117977642613,,,False,,277.0,,2026-08-21,,full,"{""as_of"": ""2026-08-21"", ""listing_date"": null, ""reason_code"": ""valid_trading_sessions"", ""status"": ""full"", ""valid_trading_sessions"": 277}","[""l1.csv""]",[],64.1168,ranked,full,100.0,True,True,False
DHI,"D.R. Horton, Inc. Common Stock",nasdaqtrader:N:DHI,common_equity,eligible,N,,148.35,,354800205.8784127,4.3836194764987235,2.9207714721798395,-9.608822812576168,-9.193854440839822,19.39252336448598,37.52483335871292,,,False,,277.0,,2026-08-21,,full,"{""as_of"": ""2026-08-21"", ""listing_date"": null, ""reason_code"": ""valid_trading_sessions"", ""status"": ""full"", ""valid_trading_sessions"": 277}","[""l1.csv""]",[],64.0981,ranked,full,100.0,True,True,False
VST,Vistra Corp. Common Stock,nasdaqtrader:N:VST,common_equity,eligible,N,,136.21,,691731745.4755555,-19.392827553556625,-8.632948752347735,-20.530921820303384,-29.391944430045093,37.49541116005874,48.42914157484483,,,False,,277.0,,2026-08-21,,full,"{""as_of"": ""2026-08-21"", ""listing_date"": null, ""reason_code"": ""valid_trading_sessions"", ""status"": ""full"", ""valid_trading_sessions"": 277}","[""l1.csv""]",[],64.0836,ranked,full,100.0,True,True,False
FLEX,Flex Ltd. - Ordinary Shares,nasdaqtrader:Q:FLEX,common_equity,eligible,Q,,110.45,,866364952.542857,-13.670470533062373,-15.732051575494,68.16382460414128,124.94908350305498,31.85043499722342,68.36001145279975,,,False,,277.0,,2026-08-21,,full,"{""as_of"": ""2026-08-21"", ""listing_date"": null, ""reason_code"": ""valid_trading_sessions"", ""status"": ""full"", ""valid_trading_sessions"": 277}","[""l1.csv""]",[],64.0801,ranked,full,100.0,True,True,False
ULTA,"Ulta Beauty, Inc. - Common Stock",nasdaqtrader:Q:ULTA,common_equity,eligible,Q,,521.46,,352374975.92515874,9.102321348244091,3.4540224184108848,-23.63923911610947,0.9231841142657959,26.224498457881783,36.07054493786369,,,False,,277.0,,2026-08-21,,full,"{""as_of"": ""2026-08-21"", ""listing_date"": null, ""reason_code"": ""valid_trading_sessions"", ""status"": ""full"", ""valid_trading_sessions"": 277}","[""l1.csv""]",[],64.0799,ranked,full,100.0,True,True,False
CRCL,"Circle Internet Group, Inc. Class A Common Stock",nasdaqtrader:N:CRCL,common_equity,eligible,N,,87.98,,1029652965.4161905,41.4924412994532,-23.415738161559887,39.60647413519518,-36.158479065379865,41.53375863902179,78.7388361650667,,,False,,277.0,,2026-08-21,,full,"{""as_of"": ""2026-08-21"", ""listing_date"": null, ""reason_code"": ""valid_trading_sessions"", ""status"": ""full"", ""valid_trading_sessions"": 277}","[""l1.csv""]",[],64.0644,ranked,full,100.0,True,True,False
RITM,Rithm Capital Corp. Common Stock,nasdaqtrader:N:RITM,common_equity,eligible,N,,10.19,,51352905.80698413,13.474387527839626,10.043196544276455,-2.4880382775119614,-17.423014586709897,19.255150554675115,27.241620095485075,,,False,,277.0,,2026-08-21,,full,"{""as_of"": ""2026-08-21"", ""listing_date"": null, ""reason_code"": ""valid_trading_sessions"", ""status"": ""full"", ""valid_trading_sessions"": 277}","[""l1.csv""]",[],64.0638,ranked,full,100.0,True,True,False
FUTU,Futu Holdings Limited - American Depositary Shares,nasdaqtrader:Q:FUTU,adr,eligible,Q,,123.64,,328358137.4111111,24.939369442198878,-0.1776198934280604,-20.422217931389586,-30.795925221090336,37.88183279742765,50.81590015168963,,,False,,277.0,,2026-08-21,,full,"{""as_of"": ""2026-08-21"", ""listing_date"": null, ""reason_code"": ""valid_trading_sessions"", ""status"": ""full"", ""valid_trading_sessions"": 277}","[""l1.csv""]",[],64.0579,ranked,full,100.0,True,True,False
UUUU,Energy Fuels Inc Ordinary Shares (Canada),nasdaqtrader:A:UUUU,common_equity,eligible,A,,15.14,,128924246.6688889,26.06161532056621,-15.229563269876811,-29.086651053864166,77.49120750293086,45.38239538239538,77.28870454933666,,,False,,277.0,,2026-08-21,,full,"{""as_of"": ""2026-08-21"", ""listing_date"": null, ""reason_code"": ""valid_trading_sessions"", ""status"": ""full"", ""valid_trading_sessions"": 277}","[""l1.csv""]",[],64.0578,ranked,full,100.0,True,True,False
PYPL,"PayPal Holdings, Inc. - Common Stock",nasdaqtrader:Q:PYPL,common_equity,eligible,Q,,61.55,,793878268.0757142,9.910714285714285,38.9390519187359,47.77911164465787,-9.591656874265574,19.151451464600022,50.52149198218152,,,False,,277.0,,2026-08-21,,full,"{""as_of"": ""2026-08-21"", ""listing_date"": null, ""reason_code"": ""valid_trading_sessions"", ""status"": ""full"", ""valid_trading_sessions"": 277}","[""l1.csv""]",[],64.0379,ranked,full,100.0,True,True,False
BA,Boeing Company (The) Common Stock,nasdaqtrader:N:BA,common_equity,eligible,N,,214.2,,1312835952.01,2.3753763800602234,-2.4634579481808805,-7.684351161487745,-5.061608013473995,15.050565139797744,38.67437228006278,,,False,,277.0,,2026-08-21,,full,"{""as_of"": ""2026-08-21"", ""listing_date"": null, ""reason_code"": ""valid_trading_sessions"", ""status"": ""full"", ""valid_trading_sessions"": 277}","[""l1.csv""]",[],64.0126,ranked,full,100.0,True,True,False
ADM,Archer-Daniels-Midland Company Common Stock,nasdaqtrader:N:ADM,common_equity,eligible,N,,80.3,,293313497.39984125,-7.006369426751591,4.123443983402475,18.296994696523285,32.22460069158571,8.039395327530919,29.53973176921539,,,False,,277.0,,2026-08-21,,full,"{""as_of"": ""2026-08-21"", ""listing_date"": null, ""reason_code"": ""valid_trading_sessions"", ""status"": ""full"", ""valid_trading_sessions"": 277}","[""l1.csv""]",[],64.0098,ranked,full,100.0,True,True,False
BKSY,BlackSky Technology Inc. Class A Common Stock,nasdaqtrader:N:BKSY,common_equity,eligible,N,,27.75,,51611823.832222216,21.81738366988586,-37.849944008958566,39.58752515090544,70.03676470588236,46.252178965717604,82.3925684508779,,,False,,277.0,,2026-08-21,,full,"{""as_of"": ""2026-08-21"", ""listing_date"": null, ""reason_code"": ""valid_trading_sessions"", ""status"": ""full"", ""valid_trading_sessions"": 277}","[""l1.csv""]",[],63.9999,ranked,full,100.0,True,True,False
CNR,"Core Natural Resources, Inc. Common Stock",nasdaqtrader:N:CNR,common_equity,eligible,N,,95.13,,54896423.71587302,9.938749566624283,13.249999999999984,8.176029110757321,37.15397923875432,15.98516294268304,42.36730161347343,,,False,,277.0,,2026-08-21,,full,"{""as_of"": ""2026-08-21"", ""listing_date"": null, ""reason_code"": ""valid_trading_sessions"", ""status"": ""full"", ""valid_trading_sessions"": 277}","[""l1.csv""]",[],63.9963,ranked,full,100.0,True,True,False
NVR,"NVR, Inc. Common Stock",nasdaqtrader:N:NVR,common_equity,eligible,N,,6358.51,,206283971.2420635,3.3060818648842805,5.136353790673409,-16.121283275730157,-20.8349881784917,25.570525576495374,30.50718446168298,,,False,,277.0,,2026-08-21,,full,"{""as_of"": ""2026-08-21"", ""listing_date"": null, ""reason_code"": ""valid_trading_sessions"", ""status"": ""full"", ""valid_trading_sessions"": 277}","[""l1.csv""]",[],63.9927,ranked,full,100.0,True,True,False
YETI,"YETI Holdings, Inc. Common Stock",nasdaqtrader:N:YETI,common_equity,eligible,N,,43.76,,70090651.83126985,-12.672121333067254,-0.522846101386687,-8.221476510067117,28.4037558685446,16.932422171602123,46.40260579298313,,,False,,277.0,,2026-08-21,,full,"{""as_of"": ""2026-08-21"", ""listing_date"": null, ""reason_code"": ""valid_trading_sessions"", ""status"": ""full"", ""valid_trading_sessions"": 277}","[""l1.csv""]",[],63.9831,ranked,full,100.0,True,True,False
BDC,Belden Inc Common Stock,nasdaqtrader:N:BDC,common_equity,eligible,N,,122.46,,62278844.47571428,18.85858487819081,16.862296020612643,-16.00246930516497,-0.745663802885399,18.852296070505602,57.894105555987174,,,False,,277.0,,2026-08-21,,full,"{""as_of"": ""2026-08-21"", ""listing_date"": null, ""reason_code"": ""valid_trading_sessions"", ""status"": ""full"", ""valid_trading_sessions"": 277}","[""l1.csv""]",[],63.9631,ranked,full,100.0,True,True,False
MTH,Meritage Homes Corporation Common Stock,nasdaqtrader:N:MTH,common_equity,eligible,N,,71.68,,65540379.4052381,0.139703827884885,12.210394489668142,-7.901837337787477,-4.413921856247482,15.848790795961488,39.36929465060351,,,False,,277.0,,2026-08-21,,full,"{""as_of"": ""2026-08-21"", ""listing_date"": null, ""reason_code"": ""valid_trading_sessions"", ""status"": ""full"", ""valid_trading_sessions"": 277}","[""l1.csv""]",[],63.9622,ranked,full,100.0,True,True,False
KEY,KeyCorp Common Stock,nasdaqtrader:N:KEY,common_equity,eligible,N,,21.87,,252281828.25095236,-3.741197183098577,1.768264308980938,-1.4864864864864824,20.03293084522504,8.837015423092943,19.735264083472405,,,False,,277.0,,2026-08-21,,full,"{""as_of"": ""2026-08-21"", ""listing_date"": null, ""reason_code"": ""valid_trading_sessions"", ""status"": ""full"", ""valid_trading_sessions"": 277}","[""l1.csv""]",[],63.9593,ranked,full,100.0,True,True,False
JD,"JD.com, Inc. - American Depositary Shares",nasdaqtrader:Q:JD,adr,eligible,Q,,29.37,,250838585.31968254,-2.3928215353938187,-6.673021925643463,7.150674936154688,-5.77478344562079,18.800110588885822,34.377988930026945,,,False,,277.0,,2026-08-21,,full,"{""as_of"": ""2026-08-21"", ""listing_date"": null, ""reason_code"": ""valid_trading_sessions"", ""status"": ""full"", ""valid_trading_sessions"": 277}","[""l1.csv""]",[],63.95,ranked,full,100.0,True,True,False
NBIX,"Neurocrine Biosciences, Inc. - Common Stock",nasdaqtrader:Q:NBIX,common_equity,eligible,Q,,152.57,,208040467.710873,-12.391616422624185,-1.8842443729903624,18.611521418020672,14.516250093822713,17.752021563342325,42.59898073894684,,,False,,277.0,,2026-08-21,,full,"{""as_of"": ""2026-08-21"", ""listing_date"": null, ""reason_code"": ""valid_trading_sessions"", ""status"": ""full"", ""valid_trading_sessions"": 277}","[""l1.csv""]",[],63.938,ranked,full,100.0,True,True,False
ICE,Intercontinental Exchange Inc. Common Stock,nasdaqtrader:N:ICE,common_equity,eligible,N,,161.25,,648533681.6685715,12.59688569233992,6.442669483134189,4.700993441984291,-11.059018201875348,10.748879171970993,21.2869631928181,,,False,,277.0,,2026-08-21,,full,"{""as_of"": ""2026-08-21"", ""listing_date"": null, ""reason_code"": ""valid_trading_sessions"", ""status"": ""full"", ""valid_trading_sessions"": 277}","[""l1.csv""]",[],63.9372,ranked,full,100.0,True,True,False
VMI,"Valmont Industries, Inc. Common Stock",nasdaqtrader:N:VMI,common_equity,eligible,N,,485.83,,116478525.01666667,-0.566925910765459,-4.005137324639407,3.089524052029624,33.39648544755629,16.74578013880559,33.07737121607117,,,False,,277.0,,2026-08-21,,full,"{""as_of"": ""2026-08-21"", ""listing_date"": null, ""reason_code"": ""valid_trading_sessions"", ""status"": ""full"", ""valid_trading_sessions"": 277}","[""l1.csv""]",[],63.9364,ranked,full,100.0,True,True,False
LFUS,"Littelfuse, Inc. - Common Stock",nasdaqtrader:Q:LFUS,common_equity,eligible,Q,,412.26,,148992303.41936508,-0.7009176963653552,-7.129823612894515,11.322334134420654,65.40683678382283,15.710488652627285,46.508759882826354,,,False,,277.0,,2026-08-21,,full,"{""as_of"": ""2026-08-21"", ""listing_date"": null, ""reason_code"": ""valid_trading_sessions"", ""status"": ""full"", ""valid_trading_sessions"": 277}","[""l1.csv""]",[],63.9276,ranked,full,100.0,True,True,False
IBRX,"ImmunityBio, Inc. - Common Stock",nasdaqtrader:Q:IBRX,common_equity,eligible,Q,,7.79,,86428204.68365079,5.270270270270272,0.6459948320413522,-10.459770114942524,244.6902654867257,32.55411255411256,59.58871765171608,,,False,,277.0,,2026-08-21,,full,"{""as_of"": ""2026-08-21"", ""listing_date"": null, ""reason_code"": ""valid_trading_sessions"", ""status"": ""full"", ""valid_trading_sessions"": 277}","[""l1.csv""]",[],63.9239,ranked,full,100.0,True,True,False
DCI,"Donaldson Company, Inc. Common Stock",nasdaqtrader:N:DCI,common_equity,eligible,N,,93.25,,68796729.80920635,2.31511959622559,12.866134107964179,-13.465107646622132,25.47093649085039,15.664285068282535,20.241032892813692,,,False,,277.0,,2026-08-21,,full,"{""as_of"": ""2026-08-21"", ""listing_date"": null, ""reason_code"": ""valid_trading_sessions"", ""status"": ""full"", ""valid_trading_sessions"": 277}","[""l1.csv""]",[],63.9161,ranked,full,100.0,True,True,False
TIC,"TIC Solutions, Inc. Common Stock",nasdaqtrader:N:TIC,common_equity,eligible,N,,9.51,,17651495.462698415,36.44189383070302,11.61971830985915,-2.7607361963190136,-5.27888446215139,34.368530020703936,68.2161674473501,,,False,,277.0,,2026-08-21,,full,"{""as_of"": ""2026-08-21"", ""listing_date"": null, ""reason_code"": ""valid_trading_sessions"", ""status"": ""full"", ""valid_trading_sessions"": 277}","[""l1.csv""]",[],63.9158,ranked,full,100.0,True,True,False
CE,Celanese Corporation Common Stock,nasdaqtrader:N:CE,common_equity,eligible,N,,46.8,,84554960.52666667,-1.1615628299894487,-11.531190926275992,-13.50951764923305,3.106411103767348,32.40901213171578,39.322818648395895,,,False,,277.0,,2026-08-21,,full,"{""as_of"": ""2026-08-21"", ""listing_date"": null, ""reason_code"": ""valid_trading_sessions"", ""status"": ""full"", ""valid_trading_sessions"": 277}","[""l1.csv""]",[],63.9045,ranked,full,100.0,True,True,False
REAL,"The RealReal, Inc. - Common Stock",nasdaqtrader:Q:REAL,common_equity,eligible,Q,,11.12,,37178981.389841266,-2.1987686895338587,19.956850053937437,0.09000900090008201,36.94581280788179,34.201183431952664,48.18306150760092,,,False,,277.0,,2026-08-21,,full,"{""as_of"": ""2026-08-21"", ""listing_date"": null, ""reason_code"": ""valid_trading_sessions"", ""status"": ""full"", ""valid_trading_sessions"": 277}","[""l1.csv""]",[],63.8935,ranked,full,100.0,True,True,False
BLLN,"BillionToOne, Inc. - Class A common stock",nasdaqtrader:Q:BLLN,common_equity,eligible,Q,,95.03,,83279493.78698413,-26.29905382348379,10.307603017991873,11.250292671505502,,36.63399346535974,153.18005147876215,,,False,,198.0,,2026-08-21,,limited_but_usable,"{""as_of"": ""2026-08-21"", ""listing_date"": null, ""reason_code"": ""valid_trading_sessions"", ""status"": ""limited_but_usable"", ""valid_trading_sessions"": 198}","[""l1.csv""]",[],63.8911,ranked,limited_but_usable,100.0,True,True,True
ALC,Alcon Inc. Ordinary Shares,nasdaqtrader:N:ALC,common_equity,eligible,N,,73.63,,142113565.064127,9.5521499776819,8.390990725747072,-10.891927871233209,-9.143632773938803,15.542555632025701,29.605067997573293,,,False,,277.0,,2026-08-21,,full,"{""as_of"": ""2026-08-21"", ""listing_date"": null, ""reason_code"": ""valid_trading_sessions"", ""status"": ""full"", ""valid_trading_sessions"": 277}","[""l1.csv""]",[],63.8856,ranked,full,100.0,True,True,False
KBH,KB Home Common Stock,nasdaqtrader:N:KBH,common_equity,eligible,N,,55.37,,66210892.315238096,-0.4494786048184096,15.306122448979576,-15.206738131699849,-9.555700751388441,18.537590113285273,38.07398642376589,,,False,,277.0,,2026-08-21,,full,"{""as_of"": ""2026-08-21"", ""listing_date"": null, ""reason_code"": ""valid_trading_sessions"", ""status"": ""full"", ""valid_trading_sessions"": 277}","[""l1.csv""]",[],63.8844,ranked,full,100.0,True,True,False
RKT,"Rocket Companies, Inc. Class A Common Stock",nasdaqtrader:N:RKT,common_equity,eligible,N,,13.93,,418677796.97555554,8.99843505477309,0.43258832011536796,-22.525027808676313,-21.565315315315324,40.57167235494881,54.184591564825936,,,False,,277.0,,2026-08-21,,full,"{""as_of"": ""2026-08-21"", ""listing_date"": null, ""reason_code"": ""valid_trading_sessions"", ""status"": ""full"", ""valid_trading_sessions"": 277}","[""l1.csv""]",[],63.8786,ranked,full,100.0,True,True,False
PENN,"PENN Entertainment, Inc. - Common Stock",nasdaqtrader:Q:PENN,common_equity,eligible,Q,,18.645,,68461100.12507936,-8.01677355698076,11.646706586826339,43.20276497695852,-0.13390465988217803,15.480507706255665,36.90267026377364,,,False,,277.0,,2026-08-21,,full,"{""as_of"": ""2026-08-21"", ""listing_date"": null, ""reason_code"": ""valid_trading_sessions"", ""status"": ""full"", ""valid_trading_sessions"": 277}","[""l1.csv""]",[],63.8701,ranked,full,100.0,True,True,False
VNT,Vontier Corporation Common Stock,nasdaqtrader:N:VNT,common_equity,eligible,N,,32.98,,52175599.76063492,8.952758506772373,14.038727524204674,-19.48242187500001,-21.625475285171103,24.548158316174796,29.81051993384319,,,False,,277.0,,2026-08-21,,full,"{""as_of"": ""2026-08-21"", ""listing_date"": null, ""reason_code"": ""valid_trading_sessions"", ""status"": ""full"", ""valid_trading_sessions"": 277}","[""l1.csv""]",[],63.8564,ranked,full,100.0,True,True,False
INFY,Infosys Limited American Depositary Shares,nasdaqtrader:N:INFY,adr,eligible,N,,11.94,,264282079.8749206,11.902530459231485,-5.537974683544311,-18.498293515358366,-29.805996472663143,40.94955489614244,44.86161990307488,,,False,,277.0,,2026-08-21,,full,"{""as_of"": ""2026-08-21"", ""listing_date"": null, ""reason_code"": ""valid_trading_sessions"", ""status"": ""full"", ""valid_trading_sessions"": 277}","[""l1.csv""]",[],63.8534,ranked,full,100.0,True,True,False
CGNX,Cognex Corporation - Common Stock,nasdaqtrader:Q:CGNX,common_equity,eligible,Q,,60.54,,149172176.63380954,-4.571248423707441,-5.803640889995332,8.049259325361401,41.74666354483727,16.404308202154105,54.16483299230935,,,False,,277.0,,2026-08-21,,full,"{""as_of"": ""2026-08-21"", ""listing_date"": null, ""reason_code"": ""valid_trading_sessions"", ""status"": ""full"", ""valid_trading_sessions"": 277}","[""l1.csv""]",[],63.8511,ranked,full,100.0,True,True,False
HRL,Hormel Foods Corporation Common Stock,nasdaqtrader:N:HRL,common_equity,eligible,N,,23.88,,114933323.67777778,-4.556354916067152,13.282732447817835,-4.441776710684275,-16.62011173184358,18.35897435897437,20.125482458085227,,,False,,277.0,,2026-08-21,,full,"{""as_of"": ""2026-08-21"", ""listing_date"": null, ""reason_code"": ""valid_trading_sessions"", ""status"": ""full"", ""valid_trading_sessions"": 277}","[""l1.csv""]",[],63.8397,ranked,full,100.0,True,True,False
WEN,Wendy's Company (The) - Common Stock,nasdaqtrader:Q:WEN,common_equity,eligible,Q,,9.01,,129107173.35325398,25.662482566248258,18.24146981627297,11.372064276885041,-12.268743914313529,15.319548872180455,64.65988730767546,,,False,,277.0,,2026-08-21,,full,"{""as_of"": ""2026-08-21"", ""listing_date"": null, ""reason_code"": ""valid_trading_sessions"", ""status"": ""full"", ""valid_trading_sessions"": 277}","[""l1.csv""]",[],63.8299,ranked,full,100.0,True,True,False
TEL,TE Connectivity plc Ordinary Shares,nasdaqtrader:N:TEL,common_equity,eligible,N,,203.52,,522878541.2353968,2.3793953418180136,0.46897368810783213,-13.296127465598762,0.977424956586459,18.265060240963848,35.64263098724812,,,False,,277.0,,2026-08-21,,full,"{""as_of"": ""2026-08-21"", ""listing_date"": null, ""reason_code"": ""valid_trading_sessions"", ""status"": ""full"", ""valid_trading_sessions"": 277}","[""l1.csv""]",[],63.8163,ranked,full,100.0,True,True,False
AQST,"Aquestive Therapeutics, Inc. - Common Stock",nasdaqtrader:Q:AQST,common_equity,eligible,Q,,4.66,,10463747.629206348,23.607427055702914,10.165484633569722,17.974683544303804,20.103092783505172,37.78371161548731,50.31425895594717,,,False,,277.0,,2026-08-21,,full,"{""as_of"": ""2026-08-21"", ""listing_date"": null, ""reason_code"": ""valid_trading_sessions"", ""status"": ""full"", ""valid_trading_sessions"": 277}","[""l1.csv""]",[],63.8144,ranked,full,100.0,True,True,False
EXTR,"Extreme Networks, Inc. - Common Stock",nasdaqtrader:Q:EXTR,common_equity,eligible,Q,,23.02,,58959810.78460317,-22.569794820047097,-3.6820083682008287,63.84341637010675,15.736551030668666,31.71165826164343,76.01956281853684,,,False,,277.0,,2026-08-21,,full,"{""as_of"": ""2026-08-21"", ""listing_date"": null, ""reason_code"": ""valid_trading_sessions"", ""status"": ""full"", ""valid_trading_sessions"": 277}","[""l1.csv""]",[],63.8116,ranked,full,100.0,True,True,False
SFM,"Sprouts Farmers Market, Inc. - Common Stock",nasdaqtrader:Q:SFM,common_equity,eligible,Q,,81.08,,166836183.73317462,10.327935773574648,-5.047429441386586,20.154119739181976,-46.325963193433076,45.36756283269322,43.93619550616483,,,False,,277.0,,2026-08-21,,full,"{""as_of"": ""2026-08-21"", ""listing_date"": null, ""reason_code"": ""valid_trading_sessions"", ""status"": ""full"", ""valid_trading_sessions"": 277}","[""l1.csv""]",[],63.8088,ranked,full,100.0,True,True,False
TSEM,Tower Semiconductor Ltd. - Ordinary Shares,nasdaqtrader:Q:TSEM,common_equity,eligible,Q,,222.59,,474931879.72968256,-14.526534060364027,-20.22149743736783,73.26224021172258,344.73526473526476,29.749092630582297,105.68398279420066,,,False,,277.0,,2026-08-21,,full,"{""as_of"": ""2026-08-21"", ""listing_date"": null, ""reason_code"": ""valid_trading_sessions"", ""status"": ""full"", ""valid_trading_sessions"": 277}","[""l1.csv""]",[],63.7999,ranked,full,100.0,True,True,False
VIAV,Viavi Solutions Inc. - Common Stock,nasdaqtrader:Q:VIAV,common_equity,eligible,Q,,38.9,,303204386.40492064,-6.937799043062198,-20.579828501429155,41.30039956411187,268.7203791469194,29.694559913247787,91.81699340691468,,,False,,277.0,,2026-08-21,,full,"{""as_of"": ""2026-08-21"", ""listing_date"": null, ""reason_code"": ""valid_trading_sessions"", ""status"": ""full"", ""valid_trading_sessions"": 277}","[""l1.csv""]",[],63.7926,ranked,full,100.0,True,True,False
FCEL,"FuelCell Energy, Inc. - Common Stock",nasdaqtrader:Q:FCEL,common_equity,eligible,Q,,19.54,,255456479.93095237,-16.137339055793998,-25.928733889310084,154.42708333333334,397.20101781170484,45.73729519577895,141.50296469878234,,,False,,277.0,,2026-08-21,,full,"{""as_of"": ""2026-08-21"", ""listing_date"": null, ""reason_code"": ""valid_trading_sessions"", ""status"": ""full"", ""valid_trading_sessions"": 277}","[""l1.csv""]",[],63.7842,ranked,full,100.0,True,True,False
QURE,uniQure N.V. - Ordinary Shares,nasdaqtrader:Q:QURE,common_equity,eligible,Q,,48.37,,78394270.86079365,22.6730915546538,95.35541195476573,106.44472897994022,212.46770025839788,31.47754639467347,45.93074107851326,,,False,,277.0,,2026-08-21,,full,"{""as_of"": ""2026-08-21"", ""listing_date"": null, ""reason_code"": ""valid_trading_sessions"", ""status"": ""full"", ""valid_trading_sessions"": 277}","[""l1.csv""]",[],63.7803,ranked,full,100.0,True,True,False
CIFR,Cipher Digital Inc. - Common Stock,nasdaqtrader:Q:CIFR,common_equity,eligible,Q,,15.765,,627633684.348254,-38.9426800929512,-26.74256505576208,7.61092150170648,164.9579831932773,45.973269362577106,151.13891159826508,,,False,,277.0,,2026-08-21,,full,"{""as_of"": ""2026-08-21"", ""listing_date"": null, ""reason_code"": ""valid_trading_sessions"", ""status"": ""full"", ""valid_trading_sessions"": 277}","[""l1.csv""]",[],63.7684,ranked,full,100.0,True,True,False
WMS,"Advanced Drainage Systems, Inc. Common Stock",nasdaqtrader:N:WMS,common_equity,eligible,N,,143.73,,120079363.90269841,2.328064929517293,6.3485016648168635,-15.75523122911906,1.3825209846935138,18.046527540198433,39.03772306566729,,,False,,277.0,,2026-08-21,,full,"{""as_of"": ""2026-08-21"", ""listing_date"": null, ""reason_code"": ""valid_trading_sessions"", ""status"": ""full"", ""valid_trading_sessions"": 277}","[""l1.csv""]",[],63.7616,ranked,full,100.0,True,True,False
NG,Novagold Resources Inc.,qrgf-resolution-required:A:NG,common_equity,eligible,A,,8.72,,31152187.535555556,47.297297297297305,12.371134020618557,-19.034354688950785,47.297297297297305,38.59154929577464,76.46149527929269,,,False,,277.0,,2026-08-21,,full,"{""as_of"": ""2026-08-21"", ""listing_date"": null, ""reason_code"": ""valid_trading_sessions"", ""status"": ""full"", ""valid_trading_sessions"": 277}","[""l1.csv""]",[],63.7606,ranked,full,100.0,True,True,False
FIS,"Fidelity National Information Services, Inc. Common Stock",nasdaqtrader:N:FIS,common_equity,eligible,N,,41.34,,261657166.6184127,3.2467532467532534,-5.226960110041256,-15.855892530022386,-40.73967889908256,42.391304347826086,39.94369027516361,,,False,,277.0,,2026-08-21,,full,"{""as_of"": ""2026-08-21"", ""listing_date"": null, ""reason_code"": ""valid_trading_sessions"", ""status"": ""full"", ""valid_trading_sessions"": 277}","[""l1.csv""]",[],63.7572,ranked,full,100.0,True,True,False
AMKR,"Amkor Technology, Inc. - Common Stock",nasdaqtrader:Q:AMKR,common_equity,eligible,Q,,50.26,,388991982.895873,-23.067503444053273,-23.73292867981791,4.839382561535244,118.52173913043478,46.27471940138963,116.74673462176666,,,False,,277.0,,2026-08-21,,full,"{""as_of"": ""2026-08-21"", ""listing_date"": null, ""reason_code"": ""valid_trading_sessions"", ""status"": ""full"", ""valid_trading_sessions"": 277}","[""l1.csv""]",[],63.7484,ranked,full,100.0,True,True,False
CBOE,"Cboe Global Markets, Inc. Common Stock",nasdaqtrader:Z:CBOE,common_equity,eligible,Z,,300.74,,403740986.9244445,5.574668258091697,-14.547934306984144,4.177636136898988,19.374429404993453,17.987455685846733,37.77422637289357,,,False,,277.0,,2026-08-21,,full,"{""as_of"": ""2026-08-21"", ""listing_date"": null, ""reason_code"": ""valid_trading_sessions"", ""status"": ""full"", ""valid_trading_sessions"": 277}","[""l1.csv""]",[],63.7469,ranked,full,100.0,True,True,False
AR,Antero Resources Corporation Common Stock,nasdaqtrader:N:AR,common_equity,eligible,N,,37.94,,162892879.51857144,8.183632734530931,2.429805615550751,6.752954417557677,24.06801831262262,15.968992248062019,36.73884826479495,,,False,,277.0,,2026-08-21,,full,"{""as_of"": ""2026-08-21"", ""listing_date"": null, ""reason_code"": ""valid_trading_sessions"", ""status"": ""full"", ""valid_trading_sessions"": 277}","[""l1.csv""]",[],63.7422,ranked,full,100.0,True,True,False
DEO,Diageo plc Common Stock,nasdaqtrader:N:DEO,common_equity,eligible,N,,94.62,,101085443.18238094,15.025528811086787,10.048848569434753,-5.728803427318918,-17.900216919739698,17.95716639209225,32.82084913442513,,,False,,277.0,,2026-08-21,,full,"{""as_of"": ""2026-08-21"", ""listing_date"": null, ""reason_code"": ""valid_trading_sessions"", ""status"": ""full"", ""valid_trading_sessions"": 277}","[""l1.csv""]",[],63.7393,ranked,full,100.0,True,True,False
GGG,Graco Inc. Common Stock,nasdaqtrader:N:GGG,common_equity,eligible,N,,80.64,,109233404.54190476,3.717041800643095,7.077413358119777,-13.374154044473096,-5.463071512309492,14.954650917527946,26.06559213880314,,,False,,277.0,,2026-08-21,,full,"{""as_of"": ""2026-08-21"", ""listing_date"": null, ""reason_code"": ""valid_trading_sessions"", ""status"": ""full"", ""valid_trading_sessions"": 277}","[""l1.csv""]",[],63.7387,ranked,full,100.0,True,True,False
DDS,"Dillard's, Inc. Common Stock",nasdaqtrader:N:DDS,common_equity,eligible,N,,621.63,,76891058.34809524,10.813412481950891,12.644740418592004,-7.21940298507463,24.985925687630694,14.930275204247812,46.870320963099005,,,False,,277.0,,2026-08-21,,full,"{""as_of"": ""2026-08-21"", ""listing_date"": null, ""reason_code"": ""valid_trading_sessions"", ""status"": ""full"", ""valid_trading_sessions"": 277}","[""l1.csv""]",[],63.7326,ranked,full,100.0,True,True,False
HXL,Hexcel Corporation Common Stock,nasdaqtrader:N:HXL,common_equity,eligible,N,,93.86,,98957966.33063492,-14.587314587314593,10.736196319018386,4.358461196353125,54.55293923925573,14.889372506347476,30.741038594899006,,,False,,277.0,,2026-08-21,,full,"{""as_of"": ""2026-08-21"", ""listing_date"": null, ""reason_code"": ""valid_trading_sessions"", ""status"": ""full"", ""valid_trading_sessions"": 277}","[""l1.csv""]",[],63.7223,ranked,full,100.0,True,True,False
RGNX,REGENXBIO Inc. - Common Stock,nasdaqtrader:Q:RGNX,common_equity,eligible,Q,,10.72,,19585756.47095238,4.585365853658541,58.81481481481483,31.695331695331696,32.83767038413878,32.91614518147684,78.30930729823096,,,False,,277.0,,2026-08-21,,full,"{""as_of"": ""2026-08-21"", ""listing_date"": null, ""reason_code"": ""valid_trading_sessions"", ""status"": ""full"", ""valid_trading_sessions"": 277}","[""l1.csv""]",[],63.7222,ranked,full,100.0,True,True,False
APPF,"AppFolio, Inc. - Class A Common Stock",nasdaqtrader:Q:APPF,common_equity,eligible,Q,,224.4,,72012538.11190477,36.870997255260775,38.20286998829834,30.2908900888347,-16.09960367905481,21.66445577043915,53.6695695736108,,,False,,277.0,,2026-08-21,,full,"{""as_of"": ""2026-08-21"", ""listing_date"": null, ""reason_code"": ""valid_trading_sessions"", ""status"": ""full"", ""valid_trading_sessions"": 277}","[""l1.csv""]",[],63.7219,ranked,full,100.0,True,True,False
RGLD,"Royal Gold, Inc. - Common Stock",nasdaqtrader:Q:RGLD,common_equity,eligible,Q,,259.01,,154096563.7222222,29.738529352835098,16.49799847074167,-9.291167612243479,52.61917388486239,14.880541588616136,39.943713768181446,,,False,,277.0,,2026-08-21,,full,"{""as_of"": ""2026-08-21"", ""listing_date"": null, ""reason_code"": ""valid_trading_sessions"", ""status"": ""full"", ""valid_trading_sessions"": 277}","[""l1.csv""]",[],63.7201,ranked,full,100.0,True,True,False
KR,Kroger Company (The) Common Stock,nasdaqtrader:N:KR,common_equity,eligible,N,,57.9,,467249106.68285716,3.837876614060254,-13.672282689727144,-12.748643761301992,-19.39301127662536,23.412698412698408,28.002212052905023,,,False,,277.0,,2026-08-21,,full,"{""as_of"": ""2026-08-21"", ""listing_date"": null, ""reason_code"": ""valid_trading_sessions"", ""status"": ""full"", ""valid_trading_sessions"": 277}","[""l1.csv""]",[],63.705,ranked,full,100.0,True,True,False
ADP,"Automatic Data Processing, Inc. - Common Stock",nasdaqtrader:Q:ADP,common_equity,eligible,Q,,280.81,,635268158.7757143,15.616765480895921,27.597409973872544,30.932065090688667,-9.131799501666492,8.813119012826753,32.13208649740423,,,False,,277.0,,2026-08-21,,full,"{""as_of"": ""2026-08-21"", ""listing_date"": null, ""reason_code"": ""valid_trading_sessions"", ""status"": ""full"", ""valid_trading_sessions"": 277}","[""l1.csv""]",[],63.7033,ranked,full,100.0,True,True,False
SMTC,Semtech Corporation - Common Stock,nasdaqtrader:Q:SMTC,common_equity,eligible,Q,,124.09,,509511897.68714285,-10.520623017017595,-15.314270115334738,43.010257001267725,156.01402929647205,28.981857723344582,102.73038768046656,,,False,,277.0,,2026-08-21,,full,"{""as_of"": ""2026-08-21"", ""listing_date"": null, ""reason_code"": ""valid_trading_sessions"", ""status"": ""full"", ""valid_trading_sessions"": 277}","[""l1.csv""]",[],63.6976,ranked,full,100.0,True,True,False
MDB,"MongoDB, Inc. - Class A Common Stock",nasdaqtrader:Q:MDB,common_equity,eligible,Q,,430.83,,687356780.1719048,44.022865547904,35.69448818897638,25.037729277919652,102.55289139633285,8.778504732261961,59.2158103985155,,,False,,277.0,,2026-08-21,,full,"{""as_of"": ""2026-08-21"", ""listing_date"": null, ""reason_code"": ""valid_trading_sessions"", ""status"": ""full"", ""valid_trading_sessions"": 277}","[""l1.csv""]",[],63.6946,ranked,full,100.0,True,True,False
MKC,"McCormick & Company, Incorporated Common Stock",nasdaqtrader:N:MKC,common_equity,eligible,N,,55.41,,197679132.42523807,10.400478182904948,17.994037478705273,-19.109489051094897,-20.706926159129935,23.318571823969016,29.007201747245897,,,False,,277.0,,2026-08-21,,full,"{""as_of"": ""2026-08-21"", ""listing_date"": null, ""reason_code"": ""valid_trading_sessions"", ""status"": ""full"", ""valid_trading_sessions"": 277}","[""l1.csv""]",[],63.6925,ranked,full,100.0,True,True,False
GGB,Gerdau S.A. Common Stock,nasdaqtrader:N:GGB,common_equity,eligible,N,,4.33,,72595330.28587303,-9.224318658280916,-7.87234042553192,3.83693045563549,49.82698961937715,15.758754863813218,35.30004260196278,,,False,,277.0,,2026-08-21,,full,"{""as_of"": ""2026-08-21"", ""listing_date"": null, ""reason_code"": ""valid_trading_sessions"", ""status"": ""full"", ""valid_trading_sessions"": 277}","[""l1.csv""]",[],63.6897,ranked,full,100.0,True,True,False
NUAI,"New Era Energy & Digital, Inc. - Common Stock",nasdaqtrader:Q:NUAI,common_equity,eligible,Q,,4.855,,42188755.01349206,-8.65475070555033,15.32066508313541,2.210526315789485,1034.080822237795,39.764267990074444,137.47390127615125,,,False,,277.0,,2026-08-21,,full,"{""as_of"": ""2026-08-21"", ""listing_date"": null, ""reason_code"": ""valid_trading_sessions"", ""status"": ""full"", ""valid_trading_sessions"": 277}","[""l1.csv""]",[],63.6824,ranked,full,100.0,True,True,False
TTWO,"Take-Two Interactive Software, Inc. - Common Stock",nasdaqtrader:Q:TTWO,common_equity,eligible,Q,,239.62,,605818087.0564286,4.069489685124861,0.6468413978494514,19.977969156819555,4.788559933528669,8.64310496015861,34.89099150572854,,,False,,277.0,,2026-08-21,,full,"{""as_of"": ""2026-08-21"", ""listing_date"": null, ""reason_code"": ""valid_trading_sessions"", ""status"": ""full"", ""valid_trading_sessions"": 277}","[""l1.csv""]",[],63.6608,ranked,full,100.0,True,True,False
LULU,lululemon athletica inc. - Common Stock,nasdaqtrader:Q:LULU,common_equity,eligible,Q,,121.07,,402741846.3226984,9.43686161077466,-4.488797727989913,-35.36038441003738,-38.89057137088634,43.917917361497125,35.8083038717804,,,False,,277.0,,2026-08-21,,full,"{""as_of"": ""2026-08-21"", ""listing_date"": null, ""reason_code"": ""valid_trading_sessions"", ""status"": ""full"", ""valid_trading_sessions"": 277}","[""l1.csv""]",[],63.6555,ranked,full,100.0,True,True,False
YUMC,"Yum China Holdings, Inc. Common Stock",nasdaqtrader:N:YUMC,common_equity,eligible,N,,49.52,,73739725.03571428,14.868939921132007,10.19136626613264,-7.646400596792235,11.006500784577455,14.547023295944783,24.361715360980423,,,False,,277.0,,2026-08-21,,full,"{""as_of"": ""2026-08-21"", ""listing_date"": null, ""reason_code"": ""valid_trading_sessions"", ""status"": ""full"", ""valid_trading_sessions"": 277}","[""l1.csv""]",[],63.6368,ranked,full,100.0,True,True,False
MXL,"MaxLinear, Inc - Common Stock",nasdaqtrader:Q:MXL,common_equity,eligible,Q,,66.61,,330698225.8634921,-26.994739149495828,-33.16945921541085,260.63887384948566,366.7834618079888,47.97313129735219,142.85027931766388,,,False,,277.0,,2026-08-21,,full,"{""as_of"": ""2026-08-21"", ""listing_date"": null, ""reason_code"": ""valid_trading_sessions"", ""status"": ""full"", ""valid_trading_sessions"": 277}","[""l1.csv""]",[],63.6351,ranked,full,100.0,True,True,False
PG,Procter & Gamble Company (The) Common Stock,nasdaqtrader:N:PG,common_equity,eligible,N,,144.68,,1356411680.251746,-1.5581411172348014,0.8926080892608157,-10.013683293942034,-9.297222744655498,13.468899521531085,16.805344442227778,,,False,,277.0,,2026-08-21,,full,"{""as_of"": ""2026-08-21"", ""listing_date"": null, ""reason_code"": ""valid_trading_sessions"", ""status"": ""full"", ""valid_trading_sessions"": 277}","[""l1.csv""]",[],63.6172,ranked,full,100.0,True,True,False
LMND,"Lemonade, Inc. Common Stock",nasdaqtrader:N:LMND,common_equity,eligible,N,,53.37,,86295796.1715873,-12.090265195190252,-6.450482033304117,-6.874890943988843,-4.269058295964134,44.73438956197576,95.46631064106361,,,False,,277.0,,2026-08-21,,full,"{""as_of"": ""2026-08-21"", ""listing_date"": null, ""reason_code"": ""valid_trading_sessions"", ""status"": ""full"", ""valid_trading_sessions"": 277}","[""l1.csv""]",[],63.601,ranked,full,100.0,True,True,False
COST,Costco Wholesale Corporation - Common Stock,nasdaqtrader:Q:COST,common_equity,eligible,Q,,947.74,,2240623485.6651587,2.3411010085739647,-9.77771431291352,-3.80910816324459,-4.708567521642526,13.394619489728775,18.237700201756898,,,False,,277.0,,2026-08-21,,full,"{""as_of"": ""2026-08-21"", ""listing_date"": null, ""reason_code"": ""valid_trading_sessions"", ""status"": ""full"", ""valid_trading_sessions"": 277}","[""l1.csv""]",[],63.5987,ranked,full,100.0,True,True,False
XENE,Xenon Pharmaceuticals Inc. - Common Shares,nasdaqtrader:Q:XENE,common_equity,eligible,Q,,60.77,,78594004.28460318,-7.107918067869146,12.287509238728767,43.90243902439026,61.45058448459086,14.36020293122885,29.27528652775585,,,False,,277.0,,2026-08-21,,full,"{""as_of"": ""2026-08-21"", ""listing_date"": null, ""reason_code"": ""valid_trading_sessions"", ""status"": ""full"", ""valid_trading_sessions"": 277}","[""l1.csv""]",[],63.5901,ranked,full,100.0,True,True,False
SPGI,S&P Global Inc. Common Stock,nasdaqtrader:N:SPGI,common_equity,eligible,N,,431.29,,934731457.4182539,2.688095238095234,3.7428138455247506,3.3079428954680523,-22.57329048704737,22.52182660870189,28.10309736345552,,,False,,277.0,,2026-08-21,,full,"{""as_of"": ""2026-08-21"", ""listing_date"": null, ""reason_code"": ""valid_trading_sessions"", ""status"": ""full"", ""valid_trading_sessions"": 277}","[""l1.csv""]",[],63.5862,ranked,full,100.0,True,True,False
AEVA,"Aeva Technologies, Inc. - Common Stock",nasdaqtrader:Q:AEVA,common_equity,eligible,Q,,18.29,,49976763.74373016,13.602484472049682,-14.890646812470909,45.85326953748006,36.39075316927665,37.55547968589963,140.28491201257455,,,False,,277.0,,2026-08-21,,full,"{""as_of"": ""2026-08-21"", ""listing_date"": null, ""reason_code"": ""valid_trading_sessions"", ""status"": ""full"", ""valid_trading_sessions"": 277}","[""l1.csv""]",[],63.5796,ranked,full,100.0,True,True,False
CWST,"Casella Waste Systems, Inc. - Class A Common Stock",nasdaqtrader:Q:CWST,common_equity,eligible,Q,,92.01,,59352731.69555556,2.1992669110296514,5.491859665214416,-3.614079195474529,-8.991097922848656,14.281721632196753,28.939665023978833,,,False,,277.0,,2026-08-21,,full,"{""as_of"": ""2026-08-21"", ""listing_date"": null, ""reason_code"": ""valid_trading_sessions"", ""status"": ""full"", ""valid_trading_sessions"": 277}","[""l1.csv""]",[],63.5704,ranked,full,100.0,True,True,False
MDGL,"Madrigal Pharmaceuticals, Inc. - Common Stock",nasdaqtrader:Q:MDGL,common_equity,eligible,Q,,516.74,,184984220.93555558,-4.897395785405356,0.6133296987869574,18.788073837383056,31.93586273808915,14.280974735829343,50.64446552769274,,,False,,277.0,,2026-08-21,,full,"{""as_of"": ""2026-08-21"", ""listing_date"": null, ""reason_code"": ""valid_trading_sessions"", ""status"": ""full"", ""valid_trading_sessions"": 277}","[""l1.csv""]",[],63.5702,ranked,full,100.0,True,True,False
BXP,"BXP, Inc. Common Stock",nasdaqtrader:N:BXP,common_equity,eligible,N,,67.67,,94708009.03587303,-0.2505896226415172,12.539497754864449,11.15308804204993,1.8666265241607638,14.265805143798305,26.512607894740874,,,False,,277.0,,2026-08-21,,full,"{""as_of"": ""2026-08-21"", ""listing_date"": null, ""reason_code"": ""valid_trading_sessions"", ""status"": ""full"", ""valid_trading_sessions"": 277}","[""l1.csv""]",[],63.5665,ranked,full,100.0,True,True,False
COGT,"Cogent Biosciences, Inc. - Common Stock",nasdaqtrader:Q:COGT,common_equity,eligible,Q,,36.73,,93027069.44857143,-8.72266401590458,12.737875997544501,-1.6336368505624144,209.56595027391484,14.262371615312809,54.914161231640165,,,False,,277.0,,2026-08-21,,full,"{""as_of"": ""2026-08-21"", ""listing_date"": null, ""reason_code"": ""valid_trading_sessions"", ""status"": ""full"", ""valid_trading_sessions"": 277}","[""l1.csv""]",[],63.5656,ranked,full,100.0,True,True,False
GRAL,"GRAIL, Inc. - Common Stock",nasdaqtrader:Q:GRAL,common_equity,eligible,Q,,79.54,,49306978.31095238,13.04718590108016,17.211906867079296,58.414658434574804,147.24898974199564,31.466482853696366,83.75972058803147,,,False,,277.0,,2026-08-21,,full,"{""as_of"": ""2026-08-21"", ""listing_date"": null, ""reason_code"": ""valid_trading_sessions"", ""status"": ""full"", ""valid_trading_sessions"": 277}","[""l1.csv""]",[],63.5289,ranked,full,100.0,True,True,False
ATEN,"A10 Networks, Inc. Common Stock",nasdaqtrader:N:ATEN,common_equity,eligible,N,,26.12,,42342044.369523816,-24.639353721869583,-7.800917755029991,30.730730730730738,53.55673133450911,31.461558646024656,55.21181954893605,,,False,,277.0,,2026-08-21,,full,"{""as_of"": ""2026-08-21"", ""listing_date"": null, ""reason_code"": ""valid_trading_sessions"", ""status"": ""full"", ""valid_trading_sessions"": 277}","[""l1.csv""]",[],63.5282,ranked,full,100.0,True,True,False
LPLA,LPL Financial Holdings Inc. - Common Stock,nasdaqtrader:Q:LPLA,common_equity,eligible,Q,,361.35,,275162699.3226984,11.762340715081043,25.547217010631652,13.197794624396963,1.7027863777089758,8.11188811188811,25.489688009947407,,,False,,277.0,,2026-08-21,,full,"{""as_of"": ""2026-08-21"", ""listing_date"": null, ""reason_code"": ""valid_trading_sessions"", ""status"": ""full"", ""valid_trading_sessions"": 277}","[""l1.csv""]",[],63.528,ranked,full,100.0,True,True,False
SAP,SAP  SE ADS,nasdaqtrader:N:SAP,adr,eligible,N,,218.68,,521535030.63603175,49.391993441727024,24.05264352167007,7.942149168270896,-19.759292554948072,22.028096698281384,45.82544487259406,,,False,,277.0,,2026-08-21,,full,"{""as_of"": ""2026-08-21"", ""listing_date"": null, ""reason_code"": ""valid_trading_sessions"", ""status"": ""full"", ""valid_trading_sessions"": 277}","[""l1.csv""]",[],63.5204,ranked,full,100.0,True,True,False
ABG,Asbury Automotive Group Inc Common Stock,nasdaqtrader:N:ABG,common_equity,eligible,N,,214.81,,53506557.51746032,-3.2997208967317837,15.875498975078228,-5.026969670174197,-10.811708532281505,17.061776061776058,42.23096054993127,,,False,,277.0,,2026-08-21,,full,"{""as_of"": ""2026-08-21"", ""listing_date"": null, ""reason_code"": ""valid_trading_sessions"", ""status"": ""full"", ""valid_trading_sessions"": 277}","[""l1.csv""]",[],63.5154,ranked,full,100.0,True,True,False
VZLA,Vizsla Silver Corp. Common Shares,nasdaqtrader:A:VZLA,common_equity,eligible,A,,3.96,,19873888.839365076,22.22222222222221,17.159763313609467,2.0618556701030855,20.364741641337393,42.27405247813412,56.90729908209652,,,False,,277.0,,2026-08-21,,full,"{""as_of"": ""2026-08-21"", ""listing_date"": null, ""reason_code"": ""valid_trading_sessions"", ""status"": ""full"", ""valid_trading_sessions"": 277}","[""l1.csv""]",[],63.5151,ranked,full,100.0,True,True,False
TLN,Talen Energy Corporation - Common Stock,nasdaqtrader:Q:TLN,common_equity,eligible,Q,,314.46,,318001987.44317466,-17.08809027869328,-12.766311584553936,-17.73446697187705,-12.674257150791457,29.467970572402656,59.53168054367697,,,False,,277.0,,2026-08-21,,full,"{""as_of"": ""2026-08-21"", ""listing_date"": null, ""reason_code"": ""valid_trading_sessions"", ""status"": ""full"", ""valid_trading_sessions"": 277}","[""l1.csv""]",[],63.5124,ranked,full,100.0,True,True,False
ANF,Abercrombie & Fitch Company Common Stock,nasdaqtrader:N:ANF,common_equity,eligible,N,,109.01,,114443355.37825397,19.936186599185834,42.515361485161485,13.069183694637498,18.566456384598663,16.04928763958413,52.407672105352155,,,False,,277.0,,2026-08-21,,full,"{""as_of"": ""2026-08-21"", ""listing_date"": null, ""reason_code"": ""valid_trading_sessions"", ""status"": ""full"", ""valid_trading_sessions"": 277}","[""l1.csv""]",[],63.5123,ranked,full,100.0,True,True,False
SNPS,"Synopsys, Inc. - Common Stock",nasdaqtrader:Q:SNPS,common_equity,eligible,Q,,397.87,,852666185.3629365,6.519061897622613,-21.054406920909564,-9.562667636495881,-33.81298554389234,35.00661580933401,39.0644235138361,,,False,,277.0,,2026-08-21,,full,"{""as_of"": ""2026-08-21"", ""listing_date"": null, ""reason_code"": ""valid_trading_sessions"", ""status"": ""full"", ""valid_trading_sessions"": 277}","[""l1.csv""]",[],63.4996,ranked,full,100.0,True,True,False
KGC,Kinross Gold Corporation Common Stock,nasdaqtrader:N:KGC,common_equity,eligible,N,,32.76,,218562943.5353968,38.403041825095045,14.225941422594147,-2.0627802690583064,71.69811320754718,13.947990543735234,53.277902768375526,,,False,,277.0,,2026-08-21,,full,"{""as_of"": ""2026-08-21"", ""listing_date"": null, ""reason_code"": ""valid_trading_sessions"", ""status"": ""full"", ""valid_trading_sessions"": 277}","[""l1.csv""]",[],63.487,ranked,full,100.0,True,True,False
TKR,Timken Company (The) Common Stock,nasdaqtrader:N:TKR,common_equity,eligible,N,,125.1,,134756373.93079364,-11.207324863368584,5.187925670562499,15.661982248520712,64.90904297389928,13.914120561519406,38.19364126544401,,,False,,277.0,,2026-08-21,,full,"{""as_of"": ""2026-08-21"", ""listing_date"": null, ""reason_code"": ""valid_trading_sessions"", ""status"": ""full"", ""valid_trading_sessions"": 277}","[""l1.csv""]",[],63.4785,ranked,full,100.0,True,True,False
SRE,DBA Sempra Common Stock,nasdaqtrader:N:SRE,common_equity,eligible,N,,82.89,,341400100.2315873,-11.29066780821918,-9.459311851447294,-11.394975948690533,0.5946601941747565,16.902255639097742,24.080804828537943,,,False,,277.0,,2026-08-21,,full,"{""as_of"": ""2026-08-21"", ""listing_date"": null, ""reason_code"": ""valid_trading_sessions"", ""status"": ""full"", ""valid_trading_sessions"": 277}","[""l1.csv""]",[],63.4756,ranked,full,100.0,True,True,False
NE,Noble Corporation plc A Ordinary Shares,nasdaqtrader:N:NE,common_equity,eligible,N,,46.27,,64491574.54031746,7.330085826954313,-11.597248758119981,1.6476274165202032,73.88199924840286,14.897921647967616,48.515912575855744,,,False,,277.0,,2026-08-21,,full,"{""as_of"": ""2026-08-21"", ""listing_date"": null, ""reason_code"": ""valid_trading_sessions"", ""status"": ""full"", ""valid_trading_sessions"": 277}","[""l1.csv""]",[],63.4745,ranked,full,100.0,True,True,False
AOS,A.O. Smith Corporation Common Stock,nasdaqtrader:N:AOS,common_equity,eligible,N,,63.08,,102494233.6388889,6.034627668515702,10.337589644918665,-18.930728698110787,-12.205984690327066,21.610538088728713,32.774967971951426,,,False,,277.0,,2026-08-21,,full,"{""as_of"": ""2026-08-21"", ""listing_date"": null, ""reason_code"": ""valid_trading_sessions"", ""status"": ""full"", ""valid_trading_sessions"": 277}","[""l1.csv""]",[],63.4647,ranked,full,100.0,True,True,False
TMUS,"T-Mobile US, Inc. - Common Stock",nasdaqtrader:Q:TMUS,common_equity,eligible,Q,,183.04,,955168424.4573015,7.405234127449822,-4.117338920901004,-15.046876450385227,-29.330913864329567,29.0982336535482,47.068540249048915,,,False,,277.0,,2026-08-21,,full,"{""as_of"": ""2026-08-21"", ""listing_date"": null, ""reason_code"": ""valid_trading_sessions"", ""status"": ""full"", ""valid_trading_sessions"": 277}","[""l1.csv""]",[],63.4631,ranked,full,100.0,True,True,False
CHTR,"Charter Communications, Inc. - Class A Common Stock",nasdaqtrader:Q:CHTR,common_equity,eligible,Q,,150.17,,455541555.09999996,18.711462450592876,0.8529214237743332,-34.75408411539799,-43.67639336883955,46.88759991511636,52.0421517281737,,,False,,277.0,,2026-08-21,,full,"{""as_of"": ""2026-08-21"", ""listing_date"": null, ""reason_code"": ""valid_trading_sessions"", ""status"": ""full"", ""valid_trading_sessions"": 277}","[""l1.csv""]",[],63.4575,ranked,full,100.0,True,True,False
VICI,VICI Properties Inc. Common Stock,nasdaqtrader:N:VICI,common_equity,eligible,N,,26.51,,263538408.37873018,0.7218844984802519,-7.047685834502094,-11.897640412097033,-19.593569912041243,21.521610420367075,19.6603117893392,,,False,,277.0,,2026-08-21,,full,"{""as_of"": ""2026-08-21"", ""listing_date"": null, ""reason_code"": ""valid_trading_sessions"", ""status"": ""full"", ""valid_trading_sessions"": 277}","[""l1.csv""]",[],63.4529,ranked,full,100.0,True,True,False
SNX,TD SYNNEX Corporation Common Stock,nasdaqtrader:N:SNX,common_equity,eligible,N,,250.14,,221639653.39825398,0.8791740603323106,8.398335933437329,54.78002598849079,72.16601280198225,13.786447921692979,28.08071993942957,,,False,,277.0,,2026-08-21,,full,"{""as_of"": ""2026-08-21"", ""listing_date"": null, ""reason_code"": ""valid_trading_sessions"", ""status"": ""full"", ""valid_trading_sessions"": 277}","[""l1.csv""]",[],63.4466,ranked,full,100.0,True,True,False
CRVS,"Corvus Pharmaceuticals, Inc. - Common Stock",nasdaqtrader:Q:CRVS,common_equity,eligible,Q,,14.46,,15843295.187936509,5.701754385964919,10.550458715596346,-12.733856366928176,178.61271676300578,43.3385579937304,52.09174057522489,,,False,,277.0,,2026-08-21,,full,"{""as_of"": ""2026-08-21"", ""listing_date"": null, ""reason_code"": ""valid_trading_sessions"", ""status"": ""full"", ""valid_trading_sessions"": 277}","[""l1.csv""]",[],63.4441,ranked,full,100.0,True,True,False
WFRD,Weatherford International plc - Ordinary shares,nasdaqtrader:Q:WFRD,common_equity,eligible,Q,,90.51,,111751501.0865873,5.73598130841122,-17.73313942919469,-13.337801608579081,60.59261887863734,18.766828217555197,44.38483978543397,,,False,,277.0,,2026-08-21,,full,"{""as_of"": ""2026-08-21"", ""listing_date"": null, ""reason_code"": ""valid_trading_sessions"", ""status"": ""full"", ""valid_trading_sessions"": 277}","[""l1.csv""]",[],63.4417,ranked,full,100.0,True,True,False
FLS,Flowserve Corporation Common Stock,nasdaqtrader:N:FLS,common_equity,eligible,N,,79.39,,140744353.6273016,10.787049958135642,15.509966535719478,-10.73757589386103,52.23394055608821,13.744024337244687,36.84750429349948,,,False,,277.0,,2026-08-21,,full,"{""as_of"": ""2026-08-21"", ""listing_date"": null, ""reason_code"": ""valid_trading_sessions"", ""status"": ""full"", ""valid_trading_sessions"": 277}","[""l1.csv""]",[],63.436,ranked,full,100.0,True,True,False
IESC,"IES Holdings, Inc. - Common Stock",nasdaqtrader:Q:IESC,common_equity,eligible,Q,,685.04,,169948046.63650793,3.21530812113906,5.742158557668553,31.822117882502354,113.0165738984421,13.718575243085308,109.70873845733618,,,False,,277.0,,2026-08-21,,full,"{""as_of"": ""2026-08-21"", ""listing_date"": null, ""reason_code"": ""valid_trading_sessions"", ""status"": ""full"", ""valid_trading_sessions"": 277}","[""l1.csv""]",[],63.4296,ranked,full,100.0,True,True,False
MGM,MGM Resorts International Common Stock,nasdaqtrader:N:MGM,common_equity,eligible,N,,43.74,,169230980.79492062,-2.7783951989330924,16.14445034519385,18.89100298994293,20.462682456623526,13.710791083053852,19.993333481378052,,,False,,277.0,,2026-08-21,,full,"{""as_of"": ""2026-08-21"", ""listing_date"": null, ""reason_code"": ""valid_trading_sessions"", ""status"": ""full"", ""valid_trading_sessions"": 277}","[""l1.csv""]",[],63.4277,ranked,full,100.0,True,True,False
JKHY,"Jack Henry & Associates, Inc. - Common Stock",nasdaqtrader:Q:JKHY,common_equity,eligible,Q,,166.2,,203081723.42373016,12.123052013762404,19.08856405846946,4.403542936114069,1.46520146520146,13.70716510903427,36.1398966303341,,,False,,277.0,,2026-08-21,,full,"{""as_of"": ""2026-08-21"", ""listing_date"": null, ""reason_code"": ""valid_trading_sessions"", ""status"": ""full"", ""valid_trading_sessions"": 277}","[""l1.csv""]",[],63.4268,ranked,full,100.0,True,True,False
YELP,Yelp Inc. Common Stock,nasdaqtrader:N:YELP,common_equity,eligible,N,,23.46,,29332470.96015873,-4.244897959183669,7.417582417582413,10.40000000000001,-24.37137330754352,30.65326633165829,50.15164673281255,,,False,,277.0,,2026-08-21,,full,"{""as_of"": ""2026-08-21"", ""listing_date"": null, ""reason_code"": ""valid_trading_sessions"", ""status"": ""full"", ""valid_trading_sessions"": 277}","[""l1.csv""]",[],63.4204,ranked,full,100.0,True,True,False
CNX,CNX Resources Corporation Common Stock,nasdaqtrader:N:CNX,common_equity,eligible,N,,36.36,,59554076.31698413,5.513639001741155,2.27848101265824,-10.15567086730912,28.253968253968242,14.66791832903075,24.994410987617723,,,False,,277.0,,2026-08-21,,full,"{""as_of"": ""2026-08-21"", ""listing_date"": null, ""reason_code"": ""valid_trading_sessions"", ""status"": ""full"", ""valid_trading_sessions"": 277}","[""l1.csv""]",[],63.417,ranked,full,100.0,True,True,False
FOUR,"Shift4 Payments, Inc. Class A Common Stock",nasdaqtrader:N:FOUR,common_equity,eligible,N,,47.93,,72387884.01079366,3.4534858622922604,10.107971513898462,-18.05436826808001,-47.03867403314918,47.634655304271824,89.37484017575642,,,False,,277.0,,2026-08-21,,full,"{""as_of"": ""2026-08-21"", ""listing_date"": null, ""reason_code"": ""valid_trading_sessions"", ""status"": ""full"", ""valid_trading_sessions"": 277}","[""l1.csv""]",[],63.4077,ranked,full,100.0,True,True,False
