ticker,company,contract_id,security_type,instrument_status,exchange,sector,price,market_cap,avg_dollar_volume,return_1m,return_3m,return_6m,return_12m,drawdown_52w,historical_volatility,profitable,fcf_positive,quality_seed,quality_prior_score,trading_history_days,listing_date,as_of,retrieved_at,momentum_history_status,history_evidence,sources,source_conflicts,l1_score,l1_status,history_sufficiency,opportunity_coverage_pct,rankable,selected_for_next_stage,limited_history_recheck
SMCI,"Super Micro Computer, Inc. - Common Stock",nasdaqtrader:Q:SMCI,common_equity,eligible,Q,,36.5,,1968194524.1131747,19.437172774869115,9.085475194261793,13.495024875621908,-15.58741905642924,37.79822767552828,100.72505344919087,,,False,,277.0,,2026-08-20,,full,"{""as_of"": ""2026-08-20"", ""listing_date"": null, ""reason_code"": ""valid_trading_sessions"", ""status"": ""full"", ""valid_trading_sessions"": 277}","[""l1.csv""]",[],69.8135,ranked,full,100.0,True,True,False
SNDK,Sandisk Corporation - Common Stock When-Issued,nasdaqtrader:Q:SNDK,common_equity,eligible,Q,,1600.62,,22464969418.525394,0.08441351366559324,14.940828402366858,157.7114427860696,3490.444145356662,31.450963597430416,146.12485421931805,,,False,,277.0,,2026-08-20,,full,"{""as_of"": ""2026-08-20"", ""listing_date"": null, ""reason_code"": ""valid_trading_sessions"", ""status"": ""full"", ""valid_trading_sessions"": 277}","[""l1.csv""]",[],69.5268,ranked,full,100.0,True,True,False
AMAT,"Applied Materials, Inc. - Common Stock",nasdaqtrader:Q:AMAT,common_equity,eligible,Q,,496.21,,5311344792.618571,-10.418471981513576,16.249267892702335,34.17245761566126,205.88706694612253,31.367911479944677,76.77109872818495,,,False,,277.0,,2026-08-20,,full,"{""as_of"": ""2026-08-20"", ""listing_date"": null, ""reason_code"": ""valid_trading_sessions"", ""status"": ""full"", ""valid_trading_sessions"": 277}","[""l1.csv""]",[],69.5157,ranked,full,100.0,True,True,False
ALAB,"Astera Labs, Inc. - Common Stock",nasdaqtrader:Q:ALAB,common_equity,eligible,Q,,290.52,,1917426502.2213492,-12.201755843998852,1.0574648671211717,119.06198160156838,69.83514556296035,39.85342221854168,105.13507604140185,,,False,,277.0,,2026-08-20,,full,"{""as_of"": ""2026-08-20"", ""listing_date"": null, ""reason_code"": ""valid_trading_sessions"", ""status"": ""full"", ""valid_trading_sessions"": 277}","[""l1.csv""]",[],69.4264,ranked,full,100.0,True,True,False
KLAC,KLA Corporation  - Common Stock,nasdaqtrader:Q:KLAC,common_equity,eligible,Q,,185.86,,2821009360.083174,-13.428664586147466,1.590598524186948,26.44397578066535,112.14473233649129,38.39779921116303,62.46627850004975,,,False,,277.0,,2026-08-20,,full,"{""as_of"": ""2026-08-20"", ""listing_date"": null, ""reason_code"": ""valid_trading_sessions"", ""status"": ""full"", ""valid_trading_sessions"": 277}","[""l1.csv""]",[],69.2735,ranked,full,100.0,True,True,False
LRCX,Lam Research Corporation - Common Stock,nasdaqtrader:Q:LRCX,common_equity,eligible,Q,,310.53,,3935242281.8531747,-2.743587334398212,6.313122667670923,30.810059395930733,209.50862154888864,28.338679528304066,79.67849392555864,,,False,,277.0,,2026-08-20,,full,"{""as_of"": ""2026-08-20"", ""listing_date"": null, ""reason_code"": ""valid_trading_sessions"", ""status"": ""full"", ""valid_trading_sessions"": 277}","[""l1.csv""]",[],69.1118,ranked,full,100.0,True,True,False
CLS,"Celestica, Inc. Common Stock",nasdaqtrader:N:CLS,common_equity,eligible,N,,302.0,,874872395.2646031,-9.985096870342769,-12.837681828676983,3.662513301067527,63.481838358685664,36.07112616426756,94.50385852315529,,,False,,277.0,,2026-08-20,,full,"{""as_of"": ""2026-08-20"", ""listing_date"": null, ""reason_code"": ""valid_trading_sessions"", ""status"": ""full"", ""valid_trading_sessions"": 277}","[""l1.csv""]",[],68.6786,ranked,full,100.0,True,True,False
SOFI,"SoFi Technologies, Inc.  - Common Stock",nasdaqtrader:Q:SOFI,common_equity,eligible,Q,,17.91,,1332853084.3215873,4.920913884007039,14.149139579349912,-7.202072538860104,-21.27472527472527,44.3961502638932,59.09188885538118,,,False,,277.0,,2026-08-20,,full,"{""as_of"": ""2026-08-20"", ""listing_date"": null, ""reason_code"": ""valid_trading_sessions"", ""status"": ""full"", ""valid_trading_sessions"": 277}","[""l1.csv""]",[],68.6236,ranked,full,100.0,True,True,False
TEM,"Tempus AI, Inc. - Class A Common Stock",nasdaqtrader:Q:TEM,common_equity,eligible,Q,,66.63,,335076824.4488889,41.886712095400334,45.2266782911944,11.124082721814531,-8.82594417077176,35.46731234866829,98.02581914352257,,,False,,277.0,,2026-08-20,,full,"{""as_of"": ""2026-08-20"", ""listing_date"": null, ""reason_code"": ""valid_trading_sessions"", ""status"": ""full"", ""valid_trading_sessions"": 277}","[""l1.csv""]",[],68.4688,ranked,full,100.0,True,True,False
QCOM,QUALCOMM Incorporated - Common Stock,nasdaqtrader:Q:QCOM,common_equity,eligible,Q,,160.74,,3390184679.5250793,-8.47805044696236,-20.626141918917572,13.782119345933319,2.8736000000000095,35.965261732132895,43.2573957715999,,,False,,277.0,,2026-08-20,,full,"{""as_of"": ""2026-08-20"", ""listing_date"": null, ""reason_code"": ""valid_trading_sessions"", ""status"": ""full"", ""valid_trading_sessions"": 277}","[""l1.csv""]",[],68.4356,ranked,full,100.0,True,True,False
NBIS,Nebius Group N.V. - Class A Ordinary Shares,nasdaqtrader:Q:NBIS,common_equity,eligible,Q,,220.11,,4833413352.436191,0.8938393839384107,14.748201438848941,104.54418734318374,227.59339187379078,23.22369109491087,168.9429941663494,,,False,,277.0,,2026-08-20,,full,"{""as_of"": ""2026-08-20"", ""listing_date"": null, ""reason_code"": ""valid_trading_sessions"", ""status"": ""full"", ""valid_trading_sessions"": 277}","[""l1.csv""]",[],68.4298,ranked,full,100.0,True,True,False
MKSI,MKS Inc. - Common Stock,nasdaqtrader:Q:MKSI,common_equity,eligible,Q,,281.88,,469803279.62079364,-18.257742721262026,-9.511733170684733,13.16845993255178,179.97616209773537,36.62769784172662,80.45360889823995,,,False,,277.0,,2026-08-20,,full,"{""as_of"": ""2026-08-20"", ""listing_date"": null, ""reason_code"": ""valid_trading_sessions"", ""status"": ""full"", ""valid_trading_sessions"": 277}","[""l1.csv""]",[],68.3915,ranked,full,100.0,True,True,False
CRM,"Salesforce, Inc. Common Stock",nasdaqtrader:N:CRM,common_equity,eligible,N,,205.43,,2615981840.897619,26.03067484662578,14.064408661854522,10.869447892492868,-16.491869918699187,22.837396236337003,48.53357236352374,,,False,,277.0,,2026-08-20,,full,"{""as_of"": ""2026-08-20"", ""listing_date"": null, ""reason_code"": ""valid_trading_sessions"", ""status"": ""full"", ""valid_trading_sessions"": 277}","[""l1.csv""]",[],68.3783,ranked,full,100.0,True,True,False
CIEN,Ciena Corporation Common Stock,nasdaqtrader:N:CIEN,common_equity,eligible,N,,392.48,,1259753944.989365,-1.1783664014503037,-29.252289278246447,23.26246034986339,342.1313506815366,37.403508771929815,82.04913249804211,,,False,,277.0,,2026-08-20,,full,"{""as_of"": ""2026-08-20"", ""listing_date"": null, ""reason_code"": ""valid_trading_sessions"", ""status"": ""full"", ""valid_trading_sessions"": 277}","[""l1.csv""]",[],68.3398,ranked,full,100.0,True,True,False
AVGO,Broadcom Inc. - Common Stock,nasdaqtrader:Q:AVGO,common_equity,eligible,Q,,364.03,,10418859056.354284,-8.260880522164271,-12.861451551129843,8.994281265906157,23.437658946797303,24.407666590526823,43.49566779846371,,,False,,277.0,,2026-08-20,,full,"{""as_of"": ""2026-08-20"", ""listing_date"": null, ""reason_code"": ""valid_trading_sessions"", ""status"": ""full"", ""valid_trading_sessions"": 277}","[""l1.csv""]",[],68.3377,ranked,full,100.0,True,True,False
HOOD,"Robinhood Markets, Inc. - Class A Common Stock",nasdaqtrader:Q:HOOD,common_equity,eligible,Q,,95.1,,2494759953.3715873,-8.977794793261873,25.52798310454063,25.710508922670172,-11.534883720930234,37.62298307752854,58.16103774311701,,,False,,277.0,,2026-08-20,,full,"{""as_of"": ""2026-08-20"", ""listing_date"": null, ""reason_code"": ""valid_trading_sessions"", ""status"": ""full"", ""valid_trading_sessions"": 277}","[""l1.csv""]",[],68.3251,ranked,full,100.0,True,True,False
STX,Seagate Technology Holdings PLC - Ordinary Shares (Ireland),nasdaqtrader:Q:STX,common_equity,eligible,Q,,850.24,,4251910085.708254,-6.371544984032596,13.203829203669425,107.89788982076925,438.3650984613436,22.284377170852988,89.27147022498598,,,False,,277.0,,2026-08-20,,full,"{""as_of"": ""2026-08-20"", ""listing_date"": null, ""reason_code"": ""valid_trading_sessions"", ""status"": ""full"", ""valid_trading_sessions"": 277}","[""l1.csv""]",[],68.3046,ranked,full,100.0,True,True,False
NOK,Nokia Corporation Sponsored American Depositary Shares,nasdaqtrader:N:NOK,adr,eligible,N,,10.15,,1289971201.4149206,-1.2645914396887115,-25.477239353891335,33.55263157894739,141.09263657957248,39.762611275964396,67.83754086455725,,,False,,277.0,,2026-08-20,,full,"{""as_of"": ""2026-08-20"", ""listing_date"": null, ""reason_code"": ""valid_trading_sessions"", ""status"": ""full"", ""valid_trading_sessions"": 277}","[""l1.csv""]",[],68.1825,ranked,full,100.0,True,True,False
NOW,"ServiceNow, Inc. Common Stock",nasdaqtrader:N:NOW,common_equity,eligible,N,,129.75,,2818912032.639524,35.920804525455694,25.605033881897388,20.843811120424704,-26.843707713125852,32.502731103365754,60.2804514238132,,,False,,277.0,,2026-08-20,,full,"{""as_of"": ""2026-08-20"", ""listing_date"": null, ""reason_code"": ""valid_trading_sessions"", ""status"": ""full"", ""valid_trading_sessions"": 277}","[""l1.csv""]",[],68.167,ranked,full,100.0,True,True,False
RIVN,"Rivian Automotive, Inc. - Class A Common Stock",nasdaqtrader:Q:RIVN,common_equity,eligible,Q,,16.01,,535558432.0570635,-6.810244470314308,16.605972323379458,2.6940346375882163,30.69387755102042,28.685968819599093,52.87057464994091,,,False,,277.0,,2026-08-20,,full,"{""as_of"": ""2026-08-20"", ""listing_date"": null, ""reason_code"": ""valid_trading_sessions"", ""status"": ""full"", ""valid_trading_sessions"": 277}","[""l1.csv""]",[],68.1581,ranked,full,100.0,True,True,False
ON,ON Semiconductor Corporation - Common Stock,nasdaqtrader:Q:ON,common_equity,eligible,Q,,74.71,,1165888135.505238,-19.08372143398679,-32.2112331004446,9.722426200616807,50.11050833835642,44.21712835063093,53.65043324824469,,,False,,277.0,,2026-08-20,,full,"{""as_of"": ""2026-08-20"", ""listing_date"": null, ""reason_code"": ""valid_trading_sessions"", ""status"": ""full"", ""valid_trading_sessions"": 277}","[""l1.csv""]",[],68.1355,ranked,full,100.0,True,True,False
GLW,Corning Incorporated Common Stock,nasdaqtrader:N:GLW,common_equity,eligible,N,,151.45,,2561952457.1107936,-1.6941451382578299,-16.18241186562621,16.508962227863666,134.73341599504027,40.76811764245767,86.55282229568252,,,False,,277.0,,2026-08-20,,full,"{""as_of"": ""2026-08-20"", ""listing_date"": null, ""reason_code"": ""valid_trading_sessions"", ""status"": ""full"", ""valid_trading_sessions"": 277}","[""l1.csv""]",[],68.1155,ranked,full,100.0,True,True,False
COHR,Coherent Corp. Common Stock,nasdaqtrader:N:COHR,common_equity,eligible,N,,290.03,,2108343547.0080953,-7.09824145552389,-19.099023709902376,24.754817618719894,230.48085688240653,32.0597812082738,123.1997779882393,,,False,,277.0,,2026-08-20,,full,"{""as_of"": ""2026-08-20"", ""listing_date"": null, ""reason_code"": ""valid_trading_sessions"", ""status"": ""full"", ""valid_trading_sessions"": 277}","[""l1.csv""]",[],68.108,ranked,full,100.0,True,True,False
TER,"Teradyne, Inc. - Common Stock",nasdaqtrader:Q:TER,common_equity,eligible,Q,,383.23,,1617453377.0425396,3.7270611162236955,11.294069814718032,21.31370686926244,246.43825709636596,20.79406415343914,85.23840299057774,,,False,,277.0,,2026-08-20,,full,"{""as_of"": ""2026-08-20"", ""listing_date"": null, ""reason_code"": ""valid_trading_sessions"", ""status"": ""full"", ""valid_trading_sessions"": 277}","[""l1.csv""]",[],68.1059,ranked,full,100.0,True,True,False
BE,Bloom Energy Corporation Class A Common Stock,nasdaqtrader:N:BE,common_equity,eligible,N,,202.48,,3529549583.1634917,-7.212904408395204,-28.27742552513195,27.34591194968552,369.79118329466354,41.45438774034987,127.88556234189772,,,False,,277.0,,2026-08-20,,full,"{""as_of"": ""2026-08-20"", ""listing_date"": null, ""reason_code"": ""valid_trading_sessions"", ""status"": ""full"", ""valid_trading_sessions"": 277}","[""l1.csv""]",[],68.0697,ranked,full,100.0,True,True,False
ADBE,Adobe Inc. - Common Stock,nasdaqtrader:Q:ADBE,common_equity,eligible,Q,,272.22,,1464597030.8474603,24.66568968675582,7.439712673165744,5.019096485475116,-24.59906378971275,25.918467316170457,53.63432845966383,,,False,,277.0,,2026-08-20,,full,"{""as_of"": ""2026-08-20"", ""listing_date"": null, ""reason_code"": ""valid_trading_sessions"", ""status"": ""full"", ""valid_trading_sessions"": 277}","[""l1.csv""]",[],68.0391,ranked,full,100.0,True,True,False
TXN,Texas Instruments Incorporated - Common Stock,nasdaqtrader:Q:TXN,common_equity,eligible,Q,,265.6,,2510778970.9795237,-9.718209320507142,-12.883757543951713,21.806925017197898,35.55169949984691,20.067413025159485,36.07573546328062,,,False,,277.0,,2026-08-20,,full,"{""as_of"": ""2026-08-20"", ""listing_date"": null, ""reason_code"": ""valid_trading_sessions"", ""status"": ""full"", ""valid_trading_sessions"": 277}","[""l1.csv""]",[],68.009,ranked,full,100.0,True,True,False
TYL,"Tyler Technologies, Inc. Common Stock",nasdaqtrader:N:TYL,common_equity,eligible,N,,348.14,,255886499.83761907,22.446539110861007,9.733341738637069,8.946956657800031,-38.95065408760916,38.70235055902809,49.21605708894667,,,False,,277.0,,2026-08-20,,full,"{""as_of"": ""2026-08-20"", ""listing_date"": null, ""reason_code"": ""valid_trading_sessions"", ""status"": ""full"", ""valid_trading_sessions"": 277}","[""l1.csv""]",[],68.0032,ranked,full,100.0,True,True,False
RIOT,"Riot Platforms, Inc. - Common Stock",nasdaqtrader:Q:RIOT,common_equity,eligible,Q,,20.995,,427015722.7557143,-10.201026518391776,-11.301225179552176,29.438964241676956,75.54347826086956,26.821192052980138,105.63304171700807,,,False,,277.0,,2026-08-20,,full,"{""as_of"": ""2026-08-20"", ""listing_date"": null, ""reason_code"": ""valid_trading_sessions"", ""status"": ""full"", ""valid_trading_sessions"": 277}","[""l1.csv""]",[],67.9095,ranked,full,100.0,True,True,False
INSM,Insmed Incorporated - Common Stock,nasdaqtrader:Q:INSM,common_equity,eligible,Q,,125.09,,379165115.39492065,17.301200300075024,15.92067463627098,-22.304347826086957,-1.6665356497130634,40.83061349983444,92.7687289905764,,,False,,277.0,,2026-08-20,,full,"{""as_of"": ""2026-08-20"", ""listing_date"": null, ""reason_code"": ""valid_trading_sessions"", ""status"": ""full"", ""valid_trading_sessions"": 277}","[""l1.csv""]",[],67.8613,ranked,full,100.0,True,True,False
MPWR,"Monolithic Power Systems, Inc. - Common Stock",nasdaqtrader:Q:MPWR,common_equity,eligible,Q,,1310.6,,1325981398.9550793,-6.281955021631102,-15.623169185009688,11.519545276629039,55.137310606060595,22.444656161051913,56.241099734025546,,,False,,277.0,,2026-08-20,,full,"{""as_of"": ""2026-08-20"", ""listing_date"": null, ""reason_code"": ""valid_trading_sessions"", ""status"": ""full"", ""valid_trading_sessions"": 277}","[""l1.csv""]",[],67.826,ranked,full,100.0,True,True,False
DDOG,"Datadog, Inc. - Class A Common Stock",nasdaqtrader:Q:DDOG,common_equity,eligible,Q,,232.55,,1283222874.7914286,-5.379012898238189,9.56935544666415,92.82752902155889,80.28529343359949,19.295505812944636,83.21896220196342,,,False,,277.0,,2026-08-20,,full,"{""as_of"": ""2026-08-20"", ""listing_date"": null, ""reason_code"": ""valid_trading_sessions"", ""status"": ""full"", ""valid_trading_sessions"": 277}","[""l1.csv""]",[],67.8239,ranked,full,100.0,True,True,False
NU,Nu Holdings Ltd. Class A Ordinary Shares,nasdaqtrader:N:NU,common_equity,eligible,N,,14.21,,1040771252.1941271,-2.0675396278428626,11.102423768569203,-17.956120092378747,8.307926829268308,24.25373134328358,42.10842325001452,,,False,,277.0,,2026-08-20,,full,"{""as_of"": ""2026-08-20"", ""listing_date"": null, ""reason_code"": ""valid_trading_sessions"", ""status"": ""full"", ""valid_trading_sessions"": 277}","[""l1.csv""]",[],67.8172,ranked,full,100.0,True,True,False
CLSK,"CleanSpark, Inc. - Common Stock",nasdaqtrader:Q:CLSK,common_equity,eligible,Q,,12.6,,332075023.93960315,-17.781402936378466,-18.181818181818187,28.309572301425657,34.61538461538463,45.689655172413794,105.82230871206562,,,False,,277.0,,2026-08-20,,full,"{""as_of"": ""2026-08-20"", ""listing_date"": null, ""reason_code"": ""valid_trading_sessions"", ""status"": ""full"", ""valid_trading_sessions"": 277}","[""l1.csv""]",[],67.7874,ranked,full,100.0,True,True,False
VRSK,"Verisk Analytics, Inc. - Common Stock",nasdaqtrader:Q:VRSK,common_equity,eligible,Q,,187.68,,408499541.5129365,-2.392344497607657,9.973045822102433,2.0610147370710763,-30.74794288033651,31.260301065816932,44.20135723824745,,,False,,277.0,,2026-08-20,,full,"{""as_of"": ""2026-08-20"", ""listing_date"": null, ""reason_code"": ""valid_trading_sessions"", ""status"": ""full"", ""valid_trading_sessions"": 277}","[""l1.csv""]",[],67.7514,ranked,full,100.0,True,True,False
CVNA,Carvana Co. Class A Common Stock,nasdaqtrader:N:CVNA,common_equity,eligible,N,,71.52,,718947146.2020634,13.976095617529882,10.183330765675546,7.4519230769230616,3.877995642701526,25.258647716584804,68.67706801256219,,,False,,277.0,,2026-08-20,,full,"{""as_of"": ""2026-08-20"", ""listing_date"": null, ""reason_code"": ""valid_trading_sessions"", ""status"": ""full"", ""valid_trading_sessions"": 277}","[""l1.csv""]",[],67.7012,ranked,full,100.0,True,True,False
CORZ,"Core Scientific, Inc. - Common Stock",nasdaqtrader:Q:CORZ,common_equity,eligible,Q,,18.39,,306930977.2468254,-22.14225232853514,-20.66436583261432,2.280311457174644,28.153310104529616,36.934156378600825,99.10495262195512,,,False,,277.0,,2026-08-20,,full,"{""as_of"": ""2026-08-20"", ""listing_date"": null, ""reason_code"": ""valid_trading_sessions"", ""status"": ""full"", ""valid_trading_sessions"": 277}","[""l1.csv""]",[],67.6211,ranked,full,100.0,True,True,False
MOD,Modine Manufacturing Company Common Stock,nasdaqtrader:N:MOD,common_equity,eligible,N,,190.74,,387896597.8863492,-23.59397532446722,-25.877278203085517,-12.720783380616819,39.1754834002189,37.84743719247938,77.95376190973042,,,False,,277.0,,2026-08-20,,full,"{""as_of"": ""2026-08-20"", ""listing_date"": null, ""reason_code"": ""valid_trading_sessions"", ""status"": ""full"", ""valid_trading_sessions"": 277}","[""l1.csv""]",[],67.5602,ranked,full,100.0,True,True,False
MTZ,"MasTec, Inc. Common Stock",nasdaqtrader:N:MTZ,common_equity,eligible,N,,271.86,,463195836.1307937,-23.92332447180635,-29.24182087920668,-1.3606182649395837,55.11811023622049,37.8619917259034,91.13094068037586,,,False,,277.0,,2026-08-20,,full,"{""as_of"": ""2026-08-20"", ""listing_date"": null, ""reason_code"": ""valid_trading_sessions"", ""status"": ""full"", ""valid_trading_sessions"": 277}","[""l1.csv""]",[],67.5592,ranked,full,100.0,True,True,False
CTSH,Cognizant Technology Solutions Corporation - Class A Common Stock,nasdaqtrader:Q:CTSH,common_equity,eligible,Q,,60.92,,532863616.1477778,41.0838351088467,18.752436647173496,-6.26250192337282,-14.02766017499294,29.73471741637832,49.90703503178734,,,False,,277.0,,2026-08-20,,full,"{""as_of"": ""2026-08-20"", ""listing_date"": null, ""reason_code"": ""valid_trading_sessions"", ""status"": ""full"", ""valid_trading_sessions"": 277}","[""l1.csv""]",[],67.548,ranked,full,100.0,True,True,False
IONQ,"IonQ, Inc. Common Stock",nasdaqtrader:N:IONQ,common_equity,eligible,N,,41.53,,1240646975.7585714,19.752018454440613,-20.85000952925481,24.229733772061035,12.853260869565219,49.409185040808865,85.26395683103092,,,False,,277.0,,2026-08-20,,full,"{""as_of"": ""2026-08-20"", ""listing_date"": null, ""reason_code"": ""valid_trading_sessions"", ""status"": ""full"", ""valid_trading_sessions"": 277}","[""l1.csv""]",[],67.5394,ranked,full,100.0,True,True,False
UBER,"Uber Technologies, Inc. Common Stock",nasdaqtrader:N:UBER,common_equity,eligible,N,,78.55,,1493792875.9009523,11.687757713635726,5.294906166219837,7.691253084727179,-17.59336970205623,21.528471528471528,42.6337914589428,,,False,,277.0,,2026-08-20,,full,"{""as_of"": ""2026-08-20"", ""listing_date"": null, ""reason_code"": ""valid_trading_sessions"", ""status"": ""full"", ""valid_trading_sessions"": 277}","[""l1.csv""]",[],67.4538,ranked,full,100.0,True,True,False
DY,"Dycom Industries, Inc. Common Stock",nasdaqtrader:N:DY,common_equity,eligible,N,,400.23,,252892954.35650793,-7.812967868248288,-3.0403604825815056,-4.570815450643773,48.46978521348815,25.218609865470853,57.09037018619,,,False,,277.0,,2026-08-20,,full,"{""as_of"": ""2026-08-20"", ""listing_date"": null, ""reason_code"": ""valid_trading_sessions"", ""status"": ""full"", ""valid_trading_sessions"": 277}","[""l1.csv""]",[],67.4458,ranked,full,100.0,True,True,False
GEV,GE Vernova Inc. Common Stock,nasdaqtrader:N:GEV,common_equity,eligible,N,,966.01,,2871138416.267778,-1.9309056576957029,-5.71096708702612,15.743880375265086,60.166133337754715,17.776586146434457,55.799898713913784,,,False,,277.0,,2026-08-20,,full,"{""as_of"": ""2026-08-20"", ""listing_date"": null, ""reason_code"": ""valid_trading_sessions"", ""status"": ""full"", ""valid_trading_sessions"": 277}","[""l1.csv""]",[],67.4441,ranked,full,100.0,True,True,False
FN,Fabrinet Ordinary Shares,nasdaqtrader:N:FN,common_equity,eligible,N,,444.87,,550169875.862381,-13.393813148519474,-32.820404403436974,-13.420781192223119,55.96886722995475,40.40349913593313,103.5544247362198,,,False,,277.0,,2026-08-20,,full,"{""as_of"": ""2026-08-20"", ""listing_date"": null, ""reason_code"": ""valid_trading_sessions"", ""status"": ""full"", ""valid_trading_sessions"": 277}","[""l1.csv""]",[],67.3898,ranked,full,100.0,True,True,False
HD,"Home Depot, Inc. (The) Common Stock",nasdaqtrader:N:HD,common_equity,eligible,N,,334.49,,1504580727.7123811,0.9171820787449159,7.6984995814282975,-11.646151407892646,-17.856090373280942,21.002786831042464,27.52506121051586,,,False,,277.0,,2026-08-20,,full,"{""as_of"": ""2026-08-20"", ""listing_date"": null, ""reason_code"": ""valid_trading_sessions"", ""status"": ""full"", ""valid_trading_sessions"": 277}","[""l1.csv""]",[],67.3837,ranked,full,100.0,True,True,False
DPZ,Domino's Pizza Inc - Common Stock,nasdaqtrader:Q:DPZ,common_equity,eligible,Q,,334.37,,286746162.20555556,4.54616515023607,5.823337658638472,-13.179965206553634,-25.787908380681813,28.44639417932806,36.07440451417351,,,False,,277.0,,2026-08-20,,full,"{""as_of"": ""2026-08-20"", ""listing_date"": null, ""reason_code"": ""valid_trading_sessions"", ""status"": ""full"", ""valid_trading_sessions"": 277}","[""l1.csv""]",[],67.3762,ranked,full,100.0,True,True,False
KKR,KKR & Co. Inc. Common Stock,nasdaqtrader:N:KKR,common_equity,eligible,N,,107.02,,460984861.18015873,12.02763529781219,13.440746237015034,5.293191656828022,-22.97948902482907,28.338020624079284,42.81886247504905,,,False,,277.0,,2026-08-20,,full,"{""as_of"": ""2026-08-20"", ""listing_date"": null, ""reason_code"": ""valid_trading_sessions"", ""status"": ""full"", ""valid_trading_sessions"": 277}","[""l1.csv""]",[],67.3617,ranked,full,100.0,True,True,False
STLD,"Steel Dynamics, Inc. - Common Stock",nasdaqtrader:Q:STLD,common_equity,eligible,Q,,219.0,,310358957.1453968,-8.22996982903117,-4.073587385019717,14.912372756847514,70.80018717828732,22.549158296788796,40.654225235678155,,,False,,277.0,,2026-08-20,,full,"{""as_of"": ""2026-08-20"", ""listing_date"": null, ""reason_code"": ""valid_trading_sessions"", ""status"": ""full"", ""valid_trading_sessions"": 277}","[""l1.csv""]",[],67.3399,ranked,full,100.0,True,True,False
AKAM,"Akamai Technologies, Inc. - Common Stock",nasdaqtrader:Q:AKAM,common_equity,eligible,Q,,110.09,,487978086.1383333,-11.432019308125497,-23.308951584813652,0.4562460078474384,43.92731075957643,31.680526250465423,54.11635427104239,,,False,,277.0,,2026-08-20,,full,"{""as_of"": ""2026-08-20"", ""listing_date"": null, ""reason_code"": ""valid_trading_sessions"", ""status"": ""full"", ""valid_trading_sessions"": 277}","[""l1.csv""]",[],67.3074,ranked,full,100.0,True,True,False
CDE,"Coeur Mining, Inc. Common Stock",nasdaqtrader:N:CDE,common_equity,eligible,N,,21.11,,614408238.7004762,33.270202020202014,19.063733784545956,-12.261014131338321,87.47779751332149,22.24677716390423,78.8042525728874,,,False,,277.0,,2026-08-20,,full,"{""as_of"": ""2026-08-20"", ""listing_date"": null, ""reason_code"": ""valid_trading_sessions"", ""status"": ""full"", ""valid_trading_sessions"": 277}","[""l1.csv""]",[],67.2996,ranked,full,100.0,True,True,False
ENTG,"Entegris, Inc. - Common Stock",nasdaqtrader:Q:ENTG,common_equity,eligible,Q,,144.63,,454000962.4829365,5.2007564736689105,13.25763508222395,9.0148488731439,79.73157698521187,21.39673913043478,84.7632889149204,,,False,,277.0,,2026-08-20,,full,"{""as_of"": ""2026-08-20"", ""listing_date"": null, ""reason_code"": ""valid_trading_sessions"", ""status"": ""full"", ""valid_trading_sessions"": 277}","[""l1.csv""]",[],67.1862,ranked,full,100.0,True,True,False
ONTO,Onto Innovation Inc. Common Stock,nasdaqtrader:N:ONTO,common_equity,eligible,N,,298.84,,380908871.44079363,1.2159187129551219,13.575554879902697,32.62326365774639,177.86145978614596,21.035803937111908,103.05104952222166,,,False,,277.0,,2026-08-20,,full,"{""as_of"": ""2026-08-20"", ""listing_date"": null, ""reason_code"": ""valid_trading_sessions"", ""status"": ""full"", ""valid_trading_sessions"": 277}","[""l1.csv""]",[],67.1381,ranked,full,100.0,True,True,False
EFX,"Equifax, Inc. Common Stock",nasdaqtrader:N:EFX,common_equity,eligible,N,,192.41,,284283988.29507935,12.883543561161638,16.711148853572723,-1.4797747055811605,-23.008282981873474,26.65345175923455,45.67186822028131,,,False,,277.0,,2026-08-20,,full,"{""as_of"": ""2026-08-20"", ""listing_date"": null, ""reason_code"": ""valid_trading_sessions"", ""status"": ""full"", ""valid_trading_sessions"": 277}","[""l1.csv""]",[],67.1371,ranked,full,100.0,True,True,False
CRS,Carpenter Technology Corporation Common Stock,nasdaqtrader:N:CRS,common_equity,eligible,N,,489.08,,411193613.0277778,-16.775005955824795,15.892988317812362,27.371217250898482,102.41701845873683,21.02058942268874,48.66309915106491,,,False,,277.0,,2026-08-20,,full,"{""as_of"": ""2026-08-20"", ""listing_date"": null, ""reason_code"": ""valid_trading_sessions"", ""status"": ""full"", ""valid_trading_sessions"": 277}","[""l1.csv""]",[],67.1361,ranked,full,100.0,True,True,False
WDC,Western Digital Corporation - Common Stock,nasdaqtrader:Q:WDC,common_equity,eligible,Q,,469.05,,4788300969.502381,-15.74002550882928,2.0516948783777966,64.76973337548739,518.3100448194042,37.14404406148238,100.2636933900665,,,False,,277.0,,2026-08-20,,full,"{""as_of"": ""2026-08-20"", ""listing_date"": null, ""reason_code"": ""valid_trading_sessions"", ""status"": ""full"", ""valid_trading_sessions"": 277}","[""l1.csv""]",[],67.1071,ranked,full,100.0,True,True,False
CRWV,"CoreWeave, Inc. - Class A Common Stock",nasdaqtrader:Q:CRWV,common_equity,eligible,Q,,89.76,,2859453522.9863496,8.615682478218778,-11.374407582938383,-7.597282273008021,-3.369576918936368,37.26586525020967,124.87910486176712,,,False,,277.0,,2026-08-20,,full,"{""as_of"": ""2026-08-20"", ""listing_date"": null, ""reason_code"": ""valid_trading_sessions"", ""status"": ""full"", ""valid_trading_sessions"": 277}","[""l1.csv""]",[],67.0989,ranked,full,100.0,True,True,False
RMBS,"Rambus, Inc. - Common Stock",nasdaqtrader:Q:RMBS,common_equity,eligible,Q,,92.15,,350485005.45285714,-11.249157276317046,-31.004791853848456,-11.504849707096888,32.05789624534252,46.0037501464901,69.79264699274181,,,False,,277.0,,2026-08-20,,full,"{""as_of"": ""2026-08-20"", ""listing_date"": null, ""reason_code"": ""valid_trading_sessions"", ""status"": ""full"", ""valid_trading_sessions"": 277}","[""l1.csv""]",[],67.0164,ranked,full,100.0,True,True,False
ADI,"Analog Devices, Inc. - Common Stock",nasdaqtrader:Q:ADI,common_equity,eligible,Q,,370.24,,1835606931.623492,-4.26395676570217,-6.98655947745258,7.222704894294818,60.666550946016315,16.889647122205265,32.71121930986168,,,False,,277.0,,2026-08-20,,full,"{""as_of"": ""2026-08-20"", ""listing_date"": null, ""reason_code"": ""valid_trading_sessions"", ""status"": ""full"", ""valid_trading_sessions"": 277}","[""l1.csv""]",[],66.9724,ranked,full,100.0,True,True,False
WWD,"Woodward, Inc. - Common Stock",nasdaqtrader:Q:WWD,common_equity,eligible,Q,,342.2,,292312342.6539683,-15.42054919795348,-3.9788989281104414,-12.462908011869445,39.71338749846893,21.592887911282197,41.146588235182904,,,False,,277.0,,2026-08-20,,full,"{""as_of"": ""2026-08-20"", ""listing_date"": null, ""reason_code"": ""valid_trading_sessions"", ""status"": ""full"", ""valid_trading_sessions"": 277}","[""l1.csv""]",[],66.9624,ranked,full,100.0,True,True,False
F,Ford Motor Company Common Stock,nasdaqtrader:N:F,common_equity,eligible,N,,13.99,,835839151.8984127,-2.9819694868238544,5.824508320726163,1.5239477503628418,20.81174438687392,19.78211009174312,30.746620773152912,,,False,,277.0,,2026-08-20,,full,"{""as_of"": ""2026-08-20"", ""listing_date"": null, ""reason_code"": ""valid_trading_sessions"", ""status"": ""full"", ""valid_trading_sessions"": 277}","[""l1.csv""]",[],66.9455,ranked,full,100.0,True,True,False
SHOP,Shopify Inc. - Class A Subordinate Voting Shares,qrgf-resolution-required:Q:SHOP,common_equity,eligible,Q,,147.18,,1165910419.146508,24.286438101672015,40.158080182839726,18.885298869143785,5.69479353680431,17.781129545835416,70.49599640934969,,,False,,277.0,,2026-08-20,,full,"{""as_of"": ""2026-08-20"", ""listing_date"": null, ""reason_code"": ""valid_trading_sessions"", ""status"": ""full"", ""valid_trading_sessions"": 277}","[""l1.csv""]",[],66.9453,ranked,full,100.0,True,True,False
DOW,Dow Inc. Common Stock,nasdaqtrader:N:DOW,common_equity,eligible,N,,32.9,,349712876.58857137,5.279999999999996,-9.291425420457688,4.810449187639376,39.82150446238843,21.42345354669214,38.15338523599254,,,False,,277.0,,2026-08-20,,full,"{""as_of"": ""2026-08-20"", ""listing_date"": null, ""reason_code"": ""valid_trading_sessions"", ""status"": ""full"", ""valid_trading_sessions"": 277}","[""l1.csv""]",[],66.9398,ranked,full,100.0,True,True,False
GFS,GlobalFoundries Inc. - Ordinary Share,nasdaqtrader:Q:GFS,common_equity,eligible,Q,,47.33,,322592746.8038095,-19.080184646948204,-33.140274050007065,4.159330985915499,42.47441300421433,47.387727879057365,64.80126849669455,,,False,,277.0,,2026-08-20,,full,"{""as_of"": ""2026-08-20"", ""listing_date"": null, ""reason_code"": ""valid_trading_sessions"", ""status"": ""full"", ""valid_trading_sessions"": 277}","[""l1.csv""]",[],66.9242,ranked,full,100.0,True,True,False
TPR,"Tapestry, Inc. Common Stock",nasdaqtrader:N:TPR,common_equity,eligible,N,,129.82,,395435301.1687302,-9.67786822514437,-4.396494587230282,-14.760341431385438,32.57761437908495,21.216167010559538,62.150738813430706,,,False,,277.0,,2026-08-20,,full,"{""as_of"": ""2026-08-20"", ""listing_date"": null, ""reason_code"": ""valid_trading_sessions"", ""status"": ""full"", ""valid_trading_sessions"": 277}","[""l1.csv""]",[],66.9122,ranked,full,100.0,True,True,False
CCJ,Cameco Corporation Common Stock,nasdaqtrader:N:CCJ,common_equity,eligible,N,,95.59,,325020549.4563492,5.776253181365498,-8.104210728706008,-19.69251449214483,29.490652939582795,28.712059064807217,41.439592666070205,,,False,,277.0,,2026-08-20,,full,"{""as_of"": ""2026-08-20"", ""listing_date"": null, ""reason_code"": ""valid_trading_sessions"", ""status"": ""full"", ""valid_trading_sessions"": 277}","[""l1.csv""]",[],66.9116,ranked,full,100.0,True,True,False
CRWD,"CrowdStrike Holdings, Inc. - Class A Common Stock",nasdaqtrader:Q:CRWD,common_equity,eligible,Q,,190.34,,1994795160.9630158,1.019000106145862,17.110687257737034,80.3486829638052,81.88246536072623,15.603245687935086,58.897100035102525,,,False,,277.0,,2026-08-20,,full,"{""as_of"": ""2026-08-20"", ""listing_date"": null, ""reason_code"": ""valid_trading_sessions"", ""status"": ""full"", ""valid_trading_sessions"": 277}","[""l1.csv""]",[],66.9008,ranked,full,100.0,True,True,False
GDDY,GoDaddy Inc. Class A Common Stock,nasdaqtrader:N:GDDY,common_equity,eligible,N,,98.19,,218478515.73126984,9.832214765100655,6.450563746747617,10.736438479756405,-32.104826441709314,34.047555077915106,78.828485513323,,,False,,277.0,,2026-08-20,,full,"{""as_of"": ""2026-08-20"", ""listing_date"": null, ""reason_code"": ""valid_trading_sessions"", ""status"": ""full"", ""valid_trading_sessions"": 277}","[""l1.csv""]",[],66.873,ranked,full,100.0,True,True,False
PI,"Impinj, Inc. - Common Stock",nasdaqtrader:Q:PI,common_equity,eligible,Q,,159.73,,62809492.46063492,15.729604405158648,16.438256305583888,29.53531749249858,-4.094866406484554,33.9713116448266,54.52237900967714,,,False,,277.0,,2026-08-20,,full,"{""as_of"": ""2026-08-20"", ""listing_date"": null, ""reason_code"": ""valid_trading_sessions"", ""status"": ""full"", ""valid_trading_sessions"": 277}","[""l1.csv""]",[],66.8628,ranked,full,100.0,True,True,False
PENG,"Penguin Solutions, Inc. - Common Stock",nasdaqtrader:Q:PENG,common_equity,eligible,Q,,51.14,,222480900.78174603,-13.614864864864874,7.36930505983624,171.87666135034556,112.28725612287258,37.16672809927509,106.03889589246411,,,False,,277.0,,2026-08-20,,full,"{""as_of"": ""2026-08-20"", ""listing_date"": null, ""reason_code"": ""valid_trading_sessions"", ""status"": ""full"", ""valid_trading_sessions"": 277}","[""l1.csv""]",[],66.8556,ranked,full,100.0,True,True,False
GOOGL,Alphabet Inc. - Class A Common Stock,nasdaqtrader:Q:GOOGL,common_equity,eligible,Q,,340.67,,11448703198.951586,-0.4150954427197373,-12.403898074104546,12.488030378074955,69.00828496304014,15.386717003626249,43.408371883589496,,,False,,277.0,,2026-08-20,,full,"{""as_of"": ""2026-08-20"", ""listing_date"": null, ""reason_code"": ""valid_trading_sessions"", ""status"": ""full"", ""valid_trading_sessions"": 277}","[""l1.csv""]",[],66.8467,ranked,full,100.0,True,True,False
AG,First Majestic Silver Corp. Ordinary Shares (Canada),nasdaqtrader:N:AG,common_equity,eligible,N,,21.19,,195618795.05095237,22.4147891392259,6.2688064192577775,-14.48748991121872,153.46889952153114,33.8019368947204,65.5055798999253,,,False,,277.0,,2026-08-20,,full,"{""as_of"": ""2026-08-20"", ""listing_date"": null, ""reason_code"": ""valid_trading_sessions"", ""status"": ""full"", ""valid_trading_sessions"": 277}","[""l1.csv""]",[],66.8403,ranked,full,100.0,True,True,False
SEZL,Sezzle Inc. - Common Stock,nasdaqtrader:Q:SEZL,common_equity,eligible,Q,,117.42,,103581776.81095238,-32.61019283746557,11.903173544267599,83.8709677419355,32.15531795160385,37.72474144789181,143.64697964730644,,,False,,277.0,,2026-08-20,,full,"{""as_of"": ""2026-08-20"", ""listing_date"": null, ""reason_code"": ""valid_trading_sessions"", ""status"": ""full"", ""valid_trading_sessions"": 277}","[""l1.csv""]",[],66.8184,ranked,full,100.0,True,True,False
GOOG,Alphabet Inc. - Class C Capital Stock,nasdaqtrader:Q:GOOG,common_equity,eligible,Q,,338.2,,7772867246.056985,-1.0850808692346003,-12.1330215640426,11.411253129529575,67.02059360956096,15.246591820368893,42.46919102428964,,,False,,277.0,,2026-08-20,,full,"{""as_of"": ""2026-08-20"", ""listing_date"": null, ""reason_code"": ""valid_trading_sessions"", ""status"": ""full"", ""valid_trading_sessions"": 277}","[""l1.csv""]",[],66.8116,ranked,full,100.0,True,True,False
PTON,"Peloton Interactive, Inc. - Common Stock",nasdaqtrader:Q:PTON,common_equity,eligible,Q,,5.58,,65248465.94912699,-10.862619808306706,7.9303675048356,26.24434389140271,-28.826530612244895,38.0,67.33260964295506,,,False,,277.0,,2026-08-20,,full,"{""as_of"": ""2026-08-20"", ""listing_date"": null, ""reason_code"": ""valid_trading_sessions"", ""status"": ""full"", ""valid_trading_sessions"": 277}","[""l1.csv""]",[],66.8,ranked,full,100.0,True,True,False
ARES,Ares Management Corporation Class A Common Stock,nasdaqtrader:N:ARES,common_equity,eligible,N,,140.23,,303371233.301746,17.278581584009366,14.839079518466946,7.993839045051976,-22.34896727393544,24.080991825023013,42.06454217145118,,,False,,277.0,,2026-08-20,,full,"{""as_of"": ""2026-08-20"", ""listing_date"": null, ""reason_code"": ""valid_trading_sessions"", ""status"": ""full"", ""valid_trading_sessions"": 277}","[""l1.csv""]",[],66.7941,ranked,full,100.0,True,True,False
ACMR,"ACM Research, Inc. - Class A Common Stock",nasdaqtrader:Q:ACMR,common_equity,eligible,Q,,78.52,,135894908.77833334,-12.27795777008156,9.664804469273736,20.153022188217307,213.20303151176705,38.11963117660967,105.73164533645954,,,False,,277.0,,2026-08-20,,full,"{""as_of"": ""2026-08-20"", ""listing_date"": null, ""reason_code"": ""valid_trading_sessions"", ""status"": ""full"", ""valid_trading_sessions"": 277}","[""l1.csv""]",[],66.792,ranked,full,100.0,True,True,False
ASX,"ASE Technology Holding Co., Ltd. American Depositary Shares (each representing Two Common Shares)",nasdaqtrader:N:ASX,adr,eligible,N,,36.51,,410714014.0790476,-9.8295875524821,15.20984537709056,57.506471095772206,271.4140386571719,19.082446808510632,72.70423478275808,,,False,,277.0,,2026-08-20,,full,"{""as_of"": ""2026-08-20"", ""listing_date"": null, ""reason_code"": ""valid_trading_sessions"", ""status"": ""full"", ""valid_trading_sessions"": 277}","[""l1.csv""]",[],66.7706,ranked,full,100.0,True,True,False
VALE,VALE S.A.  American Depositary Shares Each Representing one common share,nasdaqtrader:N:VALE,adr,eligible,N,,14.23,,339038196.1988889,-4.175084175084165,-12.966360856269121,-11.614906832298145,46.549948506694115,20.145903479236814,31.27802645069606,,,False,,277.0,,2026-08-20,,full,"{""as_of"": ""2026-08-20"", ""listing_date"": null, ""reason_code"": ""valid_trading_sessions"", ""status"": ""full"", ""valid_trading_sessions"": 277}","[""l1.csv""]",[],66.7695,ranked,full,100.0,True,True,False
ARM,Arm Holdings plc - American Depositary Shares,nasdaqtrader:Q:ARM,adr,eligible,Q,,250.72,,2881680651.190159,-11.531404375441067,-2.3409807969462126,97.52619554084927,87.09051563316173,42.948163655395255,84.45745129070818,,,False,,277.0,,2026-08-20,,full,"{""as_of"": ""2026-08-20"", ""listing_date"": null, ""reason_code"": ""valid_trading_sessions"", ""status"": ""full"", ""valid_trading_sessions"": 277}","[""l1.csv""]",[],66.7201,ranked,full,100.0,True,True,False
AEVA,"Aeva Technologies, Inc. - Common Stock",nasdaqtrader:Q:AEVA,common_equity,eligible,Q,,18.87,,50276867.520555556,12.656716417910463,-10.61108479393652,46.62004662004664,47.42187499999999,35.57528166609764,140.65510425636285,,,False,,277.0,,2026-08-20,,full,"{""as_of"": ""2026-08-20"", ""listing_date"": null, ""reason_code"": ""valid_trading_sessions"", ""status"": ""full"", ""valid_trading_sessions"": 277}","[""l1.csv""]",[],66.7116,ranked,full,100.0,True,True,False
LUV,Southwest Airlines Company Common Stock,nasdaqtrader:N:LUV,common_equity,eligible,N,,39.89,,274220061.93079364,-16.302979437683586,0.47858942065490684,-23.40629800307219,26.27413738524851,27.208029197080286,40.84619400770044,,,False,,277.0,,2026-08-20,,full,"{""as_of"": ""2026-08-20"", ""listing_date"": null, ""reason_code"": ""valid_trading_sessions"", ""status"": ""full"", ""valid_trading_sessions"": 277}","[""l1.csv""]",[],66.7111,ranked,full,100.0,True,True,False
MELI,"MercadoLibre, Inc. - Common Stock",nasdaqtrader:Q:MELI,common_equity,eligible,Q,,1921.96,,819402938.2088889,6.822438737001235,16.397771317829445,-3.7359445042698614,-17.968023082110506,23.457468627661815,40.46576982160729,,,False,,277.0,,2026-08-20,,full,"{""as_of"": ""2026-08-20"", ""listing_date"": null, ""reason_code"": ""valid_trading_sessions"", ""status"": ""full"", ""valid_trading_sessions"": 277}","[""l1.csv""]",[],66.711,ranked,full,100.0,True,True,False
CSCO,"Cisco Systems, Inc. - Common Stock",nasdaqtrader:Q:CSCO,common_equity,eligible,Q,,109.59,,2827712535.2898417,-2.3349077622315195,-4.162658504591155,39.49847250509164,64.15518274415817,15.700000000000003,39.469392744372115,,,False,,277.0,,2026-08-20,,full,"{""as_of"": ""2026-08-20"", ""listing_date"": null, ""reason_code"": ""valid_trading_sessions"", ""status"": ""full"", ""valid_trading_sessions"": 277}","[""l1.csv""]",[],66.675,ranked,full,100.0,True,True,False
FTAI,FTAI Aviation Ltd. - Common Stock,nasdaqtrader:Q:FTAI,common_equity,eligible,Q,,197.81,,300314407.3566667,-11.09263337678098,-17.52418278852569,-31.548896117378366,40.2808311467272,36.19855502515805,66.14165007945707,,,False,,277.0,,2026-08-20,,full,"{""as_of"": ""2026-08-20"", ""listing_date"": null, ""reason_code"": ""valid_trading_sessions"", ""status"": ""full"", ""valid_trading_sessions"": 277}","[""l1.csv""]",[],66.6701,ranked,full,100.0,True,True,False
STRL,"Sterling Infrastructure, Inc. - Common Stock",nasdaqtrader:Q:STRL,common_equity,eligible,Q,,520.53,,575832952.003889,-27.637834681791652,-30.780585106382986,25.389636981186612,88.5841605680748,47.619095538068315,97.22927752761001,,,False,,277.0,,2026-08-20,,full,"{""as_of"": ""2026-08-20"", ""listing_date"": null, ""reason_code"": ""valid_trading_sessions"", ""status"": ""full"", ""valid_trading_sessions"": 277}","[""l1.csv""]",[],66.6587,ranked,full,100.0,True,True,False
TSCO,Tractor Supply Company - Common Stock,nasdaqtrader:Q:TSCO,common_equity,eligible,Q,,35.05,,389417018.0669841,19.380108991825608,10.602713789839058,-32.544264819091616,-43.72190109184329,44.054269752593775,31.426901338042924,,,False,,277.0,,2026-08-20,,full,"{""as_of"": ""2026-08-20"", ""listing_date"": null, ""reason_code"": ""valid_trading_sessions"", ""status"": ""full"", ""valid_trading_sessions"": 277}","[""l1.csv""]",[],66.6464,ranked,full,100.0,True,True,False
AFRM,"Affirm Holdings, Inc. - Class A Common Stock",nasdaqtrader:Q:AFRM,common_equity,eligible,Q,,75.05,,296468719.88968253,1.5355475884461844,11.81466030989271,44.82825164029332,1.6111562415380476,18.583206769364292,50.56463624032537,,,False,,277.0,,2026-08-20,,full,"{""as_of"": ""2026-08-20"", ""listing_date"": null, ""reason_code"": ""valid_trading_sessions"", ""status"": ""full"", ""valid_trading_sessions"": 277}","[""l1.csv""]",[],66.6458,ranked,full,100.0,True,True,False
DG,Dollar General Corporation Common Stock,nasdaqtrader:N:DG,common_equity,eligible,N,,120.58,,336448941.7031746,0.28276779773785954,15.266226938151227,-20.561301798537446,6.916119879411231,22.823860727086544,36.09950864071732,,,False,,277.0,,2026-08-20,,full,"{""as_of"": ""2026-08-20"", ""listing_date"": null, ""reason_code"": ""valid_trading_sessions"", ""status"": ""full"", ""valid_trading_sessions"": 277}","[""l1.csv""]",[],66.6265,ranked,full,100.0,True,True,False
DKNG,DraftKings Inc. - Class A Common Stock,nasdaqtrader:Q:DKNG,common_equity,eligible,Q,,25.03,,322241068.2878571,9.636443276390727,0.0799680127948843,11.29390840373501,-44.40248778320747,48.10284055567073,52.93325569372816,,,False,,277.0,,2026-08-20,,full,"{""as_of"": ""2026-08-20"", ""listing_date"": null, ""reason_code"": ""valid_trading_sessions"", ""status"": ""full"", ""valid_trading_sessions"": 277}","[""l1.csv""]",[],66.6265,ranked,full,100.0,True,True,False
TTMI,"TTM Technologies, Inc. - Common Stock",nasdaqtrader:Q:TTMI,common_equity,eligible,Q,,114.38,,469977154.4414286,-20.953697304768482,-32.4633915918753,13.935650961251111,182.41975308641975,48.354178895561475,98.98934005999833,,,False,,277.0,,2026-08-20,,full,"{""as_of"": ""2026-08-20"", ""listing_date"": null, ""reason_code"": ""valid_trading_sessions"", ""status"": ""full"", ""valid_trading_sessions"": 277}","[""l1.csv""]",[],66.6097,ranked,full,100.0,True,True,False
BTU,Peabody Energy Corporation Common Stock,nasdaqtrader:N:BTU,common_equity,eligible,N,,26.86,,76789809.31285714,12.47906197654942,14.982876712328764,-20.93023255813954,62.787878787878796,32.00000000000001,52.384943508014835,,,False,,277.0,,2026-08-20,,full,"{""as_of"": ""2026-08-20"", ""listing_date"": null, ""reason_code"": ""valid_trading_sessions"", ""status"": ""full"", ""valid_trading_sessions"": 277}","[""l1.csv""]",[],66.6,ranked,full,100.0,True,True,False
GIS,"General Mills, Inc. Common Stock",nasdaqtrader:N:GIS,common_equity,eligible,N,,39.61,,359618573.6988889,7.315090761311316,17.816775728732903,-11.584821428571423,-20.637146864355838,22.50048914106828,32.50203253157041,,,False,,277.0,,2026-08-20,,full,"{""as_of"": ""2026-08-20"", ""listing_date"": null, ""reason_code"": ""valid_trading_sessions"", ""status"": ""full"", ""valid_trading_sessions"": 277}","[""l1.csv""]",[],66.5834,ranked,full,100.0,True,True,False
ALB,Albemarle Corporation Common Stock,nasdaqtrader:N:ALB,common_equity,eligible,N,,134.19,,321239079.57301587,14.252873563218383,-21.162093884025623,-20.319458464461725,66.59217877094972,37.76551340320935,36.22009267088255,,,False,,277.0,,2026-08-20,,full,"{""as_of"": ""2026-08-20"", ""listing_date"": null, ""reason_code"": ""valid_trading_sessions"", ""status"": ""full"", ""valid_trading_sessions"": 277}","[""l1.csv""]",[],66.5656,ranked,full,100.0,True,True,False
RMD,ResMed Inc. Common Stock,nasdaqtrader:N:RMD,common_equity,eligible,N,,228.44,,313862614.1661905,18.417915089938308,8.853521395215846,-10.866596433727427,-20.137043770102093,22.22789636741226,38.488204112818266,,,False,,277.0,,2026-08-20,,full,"{""as_of"": ""2026-08-20"", ""listing_date"": null, ""reason_code"": ""valid_trading_sessions"", ""status"": ""full"", ""valid_trading_sessions"": 277}","[""l1.csv""]",[],66.5471,ranked,full,100.0,True,True,False
PLTR,Palantir Technologies Inc. - Class A Common Stock,nasdaqtrader:Q:PLTR,common_equity,eligible,Q,,173.96,,6019683232.5326185,39.648390463193394,26.839227123587307,28.964341315145692,10.2757527733756,16.034366251568688,90.52872165614858,,,False,,277.0,,2026-08-20,,full,"{""as_of"": ""2026-08-20"", ""listing_date"": null, ""reason_code"": ""valid_trading_sessions"", ""status"": ""full"", ""valid_trading_sessions"": 277}","[""l1.csv""]",[],66.5086,ranked,full,100.0,True,True,False
AXP,American Express Company Common Stock,nasdaqtrader:N:AXP,common_equity,eligible,N,,331.15,,1000232608.9460317,-5.043872225726909,6.884642695758814,-3.3561943674303207,8.183600130676227,13.962430824391392,24.5294910719223,,,False,,277.0,,2026-08-20,,full,"{""as_of"": ""2026-08-20"", ""listing_date"": null, ""reason_code"": ""valid_trading_sessions"", ""status"": ""full"", ""valid_trading_sessions"": 277}","[""l1.csv""]",[],66.4906,ranked,full,100.0,True,True,False
UAL,"United Airlines Holdings, Inc. - Common Stock",nasdaqtrader:Q:UAL,common_equity,eligible,Q,,111.71,,574622486.615,-4.733071806242551,13.966537441338511,1.5084052703316697,9.315980037185634,17.926676952464927,40.54172907220575,,,False,,277.0,,2026-08-20,,full,"{""as_of"": ""2026-08-20"", ""listing_date"": null, ""reason_code"": ""valid_trading_sessions"", ""status"": ""full"", ""valid_trading_sessions"": 277}","[""l1.csv""]",[],66.4817,ranked,full,100.0,True,True,False
JBL,Jabil Inc. Common Stock,nasdaqtrader:N:JBL,common_equity,eligible,N,,316.65,,445657051.45603174,-0.515253385277592,-8.257279443720122,20.656149977137627,53.63901018922852,17.8876124782823,55.90744572229377,,,False,,277.0,,2026-08-20,,full,"{""as_of"": ""2026-08-20"", ""listing_date"": null, ""reason_code"": ""valid_trading_sessions"", ""status"": ""full"", ""valid_trading_sessions"": 277}","[""l1.csv""]",[],66.4719,ranked,full,100.0,True,True,False
OUST,"Ouster, Inc. - Common Stock",nasdaqtrader:Q:OUST,common_equity,eligible,Q,,37.95,,191853310.89063492,-2.3417395779722017,22.934888241010686,98.89937106918242,26.923076923076938,39.299424184261035,121.64718700002072,,,False,,277.0,,2026-08-20,,full,"{""as_of"": ""2026-08-20"", ""listing_date"": null, ""reason_code"": ""valid_trading_sessions"", ""status"": ""full"", ""valid_trading_sessions"": 277}","[""l1.csv""]",[],66.4634,ranked,full,100.0,True,True,False
VCYT,"Veracyte, Inc. - Common Stock",nasdaqtrader:Q:VCYT,common_equity,eligible,Q,,41.79,,68371387.58698411,-27.960696431649712,-7.523788448771851,15.187431091510462,41.32566790666215,30.91420069432964,86.10156861378567,,,False,,277.0,,2026-08-20,,full,"{""as_of"": ""2026-08-20"", ""listing_date"": null, ""reason_code"": ""valid_trading_sessions"", ""status"": ""full"", ""valid_trading_sessions"": 277}","[""l1.csv""]",[],66.4552,ranked,full,100.0,True,True,False
IBM,International Business Machines Corporation Common Stock,nasdaqtrader:N:IBM,common_equity,eligible,N,,233.69,,2834593471.5234923,13.568547407299402,3.8622222222222113,-8.814577805525204,-3.1457228116710922,29.019226680436173,90.97327976025133,,,False,,277.0,,2026-08-20,,full,"{""as_of"": ""2026-08-20"", ""listing_date"": null, ""reason_code"": ""valid_trading_sessions"", ""status"": ""full"", ""valid_trading_sessions"": 277}","[""l1.csv""]",[],66.4526,ranked,full,100.0,True,True,False
AA,Alcoa Corporation Common Stock,nasdaqtrader:N:AA,common_equity,eligible,N,,50.55,,318504708.4552381,9.486679662118247,-21.188026192703468,-15.31244764617189,69.3467336683417,39.67060508413892,49.244603853701626,,,False,,277.0,,2026-08-20,,full,"{""as_of"": ""2026-08-20"", ""listing_date"": null, ""reason_code"": ""valid_trading_sessions"", ""status"": ""full"", ""valid_trading_sessions"": 277}","[""l1.csv""]",[],66.4386,ranked,full,100.0,True,True,False
RCL,Royal Caribbean Cruises Ltd. Common Stock,nasdaqtrader:N:RCL,common_equity,eligible,N,,287.62,,728085871.236508,0.6192058772083175,13.285281027216511,-7.323989044627044,-12.86090829218044,21.380931554778037,33.63806615660105,,,False,,277.0,,2026-08-20,,full,"{""as_of"": ""2026-08-20"", ""listing_date"": null, ""reason_code"": ""valid_trading_sessions"", ""status"": ""full"", ""valid_trading_sessions"": 277}","[""l1.csv""]",[],66.4341,ranked,full,100.0,True,True,False
RARE,Ultragenyx Pharmaceutical Inc. - Common Stock,nasdaqtrader:Q:RARE,common_equity,eligible,Q,,25.32,,63995843.55841269,-8.410200759631037,8.34403080872914,15.98717361429227,-13.049450549450547,30.706075533661735,40.574448071613936,,,False,,277.0,,2026-08-20,,full,"{""as_of"": ""2026-08-20"", ""listing_date"": null, ""reason_code"": ""valid_trading_sessions"", ""status"": ""full"", ""valid_trading_sessions"": 277}","[""l1.csv""]",[],66.4275,ranked,full,100.0,True,True,False
COF,Capital One Financial Corporation Common Stock,nasdaqtrader:N:COF,common_equity,eligible,N,,212.48,,882275604.7504761,5.5224473579658095,13.486086631415905,3.6184531356675986,-0.9971111732364202,17.62425370241142,26.62671065144449,,,False,,277.0,,2026-08-20,,full,"{""as_of"": ""2026-08-20"", ""listing_date"": null, ""reason_code"": ""valid_trading_sessions"", ""status"": ""full"", ""valid_trading_sessions"": 277}","[""l1.csv""]",[],66.4061,ranked,full,100.0,True,True,False
MYRG,"MYR Group, Inc. - Common Stock",nasdaqtrader:Q:MYRG,common_equity,eligible,Q,,318.0,,121059535.0015873,-22.262693426552914,-28.6563614744352,17.338843585107554,75.02339149100116,36.54341188913056,45.221587075996446,,,False,,277.0,,2026-08-20,,full,"{""as_of"": ""2026-08-20"", ""listing_date"": null, ""reason_code"": ""valid_trading_sessions"", ""status"": ""full"", ""valid_trading_sessions"": 277}","[""l1.csv""]",[],66.3971,ranked,full,100.0,True,True,False
IGV,iShares Expanded Tech-Software Sector ETF,US:IGV,etf,eligible,Z,,101.91,,1528759087.6092856,14.479892159065377,9.204886412344626,24.614820249449743,-4.381685119159318,13.481619831904245,30.16236505505672,,,False,,277.0,,2026-08-20,,full,"{""as_of"": ""2026-08-20"", ""listing_date"": null, ""reason_code"": ""valid_trading_sessions"", ""status"": ""full"", ""valid_trading_sessions"": 277}","[""l1.csv""]",[],66.3704,ranked,full,100.0,True,True,False
CMI,Cummins Inc. Common Stock,nasdaqtrader:N:CMI,common_equity,eligible,N,,593.24,,681351883.682857,-10.217177449867576,-11.439533043724904,-0.6148330569097471,47.49508962979539,18.465069613381168,33.190376355772514,,,False,,277.0,,2026-08-20,,full,"{""as_of"": ""2026-08-20"", ""listing_date"": null, ""reason_code"": ""valid_trading_sessions"", ""status"": ""full"", ""valid_trading_sessions"": 277}","[""l1.csv""]",[],66.3663,ranked,full,100.0,True,True,False
LYB,LyondellBasell Industries NV Ordinary Shares Class A (Netherlands),nasdaqtrader:N:LYB,common_equity,eligible,N,,68.1,,310604525.3565079,9.274711168164295,-4.488078541374474,23.079703596602208,26.53288740245261,17.334304442825932,36.08108617451192,,,False,,277.0,,2026-08-20,,full,"{""as_of"": ""2026-08-20"", ""listing_date"": null, ""reason_code"": ""valid_trading_sessions"", ""status"": ""full"", ""valid_trading_sessions"": 277}","[""l1.csv""]",[],66.3336,ranked,full,100.0,True,True,False
SYNA,Synaptics Incorporated - Common Stock,nasdaqtrader:Q:SYNA,common_equity,eligible,Q,,98.0,,117502761.61547619,-18.753108937158025,-24.510861192420276,17.958594126143467,43.56870788162905,33.59083824625601,54.76961629110758,,,False,,277.0,,2026-08-20,,full,"{""as_of"": ""2026-08-20"", ""listing_date"": null, ""reason_code"": ""valid_trading_sessions"", ""status"": ""full"", ""valid_trading_sessions"": 277}","[""l1.csv""]",[],66.3121,ranked,full,100.0,True,True,False
WFC,Wells Fargo & Company Common Stock,nasdaqtrader:N:WFC,common_equity,eligible,N,,83.7,,1269141609.554603,-3.1474195788012027,10.40759794222399,-4.419321685508725,7.95820972526764,13.165266106442575,23.56892850389884,,,False,,277.0,,2026-08-20,,full,"{""as_of"": ""2026-08-20"", ""listing_date"": null, ""reason_code"": ""valid_trading_sessions"", ""status"": ""full"", ""valid_trading_sessions"": 277}","[""l1.csv""]",[],66.2913,ranked,full,100.0,True,True,False
FIX,"Comfort Systems USA, Inc. Common Stock",nasdaqtrader:N:FIX,common_equity,eligible,N,,1672.94,,886360112.0430158,-6.594977276026482,-8.856938943399928,21.799464150503823,144.60690421534372,19.04515342292078,60.69590087319835,,,False,,277.0,,2026-08-20,,full,"{""as_of"": ""2026-08-20"", ""listing_date"": null, ""reason_code"": ""valid_trading_sessions"", ""status"": ""full"", ""valid_trading_sessions"": 277}","[""l1.csv""]",[],66.2613,ranked,full,100.0,True,True,False
ARX,Accelerant Holdings Class A Common Shares,nasdaqtrader:N:ARX,common_equity,eligible,N,,19.57,,60098229.0784127,45.39375928677563,17.25584182144997,86.38095238095238,-33.41272541680844,34.87520798668885,130.26117490163546,,,False,,271.0,,2026-08-20,,full,"{""as_of"": ""2026-08-20"", ""listing_date"": null, ""reason_code"": ""valid_trading_sessions"", ""status"": ""full"", ""valid_trading_sessions"": 271}","[""l1.csv""]",[],66.2334,ranked,full,100.0,True,True,False
TSM,Taiwan Semiconductor Manufacturing Company Ltd.,qrgf-resolution-required:N:TSM,common_equity,eligible,N,,416.0,,5743216855.75254,-1.2369127038769245,3.5804989791345054,15.430505840894583,78.7709497206704,12.892350859559853,39.11677669930852,,,False,,277.0,,2026-08-20,,full,"{""as_of"": ""2026-08-20"", ""listing_date"": null, ""reason_code"": ""valid_trading_sessions"", ""status"": ""full"", ""valid_trading_sessions"": 277}","[""l1.csv""]",[],66.2231,ranked,full,100.0,True,True,False
ODFL,"Old Dominion Freight Line, Inc. - Common Stock",nasdaqtrader:Q:ODFL,common_equity,eligible,Q,,204.42,,403522127.4196825,-12.190721649484548,-2.5782776533384233,4.739457908490041,32.054263565891446,17.814497648052107,32.286546168157855,,,False,,277.0,,2026-08-20,,full,"{""as_of"": ""2026-08-20"", ""listing_date"": null, ""reason_code"": ""valid_trading_sessions"", ""status"": ""full"", ""valid_trading_sessions"": 277}","[""l1.csv""]",[],66.2036,ranked,full,100.0,True,True,False
UMC,United Microelectronics Corporation (NEW) Common Stock,nasdaqtrader:N:UMC,common_equity,eligible,N,,18.0,,366761158.5176191,-15.453264443400649,2.505694760820054,77.69002961500493,164.70588235294116,35.737236701178155,74.58468949598807,,,False,,277.0,,2026-08-20,,full,"{""as_of"": ""2026-08-20"", ""listing_date"": null, ""reason_code"": ""valid_trading_sessions"", ""status"": ""full"", ""valid_trading_sessions"": 277}","[""l1.csv""]",[],66.2009,ranked,full,100.0,True,True,False
NICE,NICE Ltd - American Depositary Shares each representing one Ordinary Share,nasdaqtrader:Q:NICE,adr,eligible,Q,,100.4,,61941220.00365079,13.420695887934952,7.070491628452613,-9.995517705064982,-27.23055736754366,34.567257559958286,58.10560344406404,,,False,,277.0,,2026-08-20,,full,"{""as_of"": ""2026-08-20"", ""listing_date"": null, ""reason_code"": ""valid_trading_sessions"", ""status"": ""full"", ""valid_trading_sessions"": 277}","[""l1.csv""]",[],66.1923,ranked,full,100.0,True,True,False
HL,Hecla Mining Company Common Stock,nasdaqtrader:N:HL,common_equity,eligible,N,,20.82,,548745136.5204762,32.69598470363289,21.187427240977886,-8.644142167617375,179.83870967741936,34.54888399874253,71.01192248054899,,,False,,277.0,,2026-08-20,,full,"{""as_of"": ""2026-08-20"", ""listing_date"": null, ""reason_code"": ""valid_trading_sessions"", ""status"": ""full"", ""valid_trading_sessions"": 277}","[""l1.csv""]",[],66.1899,ranked,full,100.0,True,True,False
BSY,"Bentley Systems, Incorporated - Class B Common Stock",nasdaqtrader:Q:BSY,common_equity,eligible,Q,,36.4,,98541273.11539683,22.394082044384668,9.178164367126552,6.52619256657887,-31.860726319730446,35.90420848740976,47.38186110609789,,,False,,277.0,,2026-08-20,,full,"{""as_of"": ""2026-08-20"", ""listing_date"": null, ""reason_code"": ""valid_trading_sessions"", ""status"": ""full"", ""valid_trading_sessions"": 277}","[""l1.csv""]",[],66.1897,ranked,full,100.0,True,True,False
BX,Blackstone Inc. Common Stock,nasdaqtrader:N:BX,common_equity,eligible,N,,141.35,,634362021.9147619,15.08711936166749,20.987759993152434,12.396628498727736,-15.506007531830956,25.08479966080136,37.51028659360055,,,False,,277.0,,2026-08-20,,full,"{""as_of"": ""2026-08-20"", ""listing_date"": null, ""reason_code"": ""valid_trading_sessions"", ""status"": ""full"", ""valid_trading_sessions"": 277}","[""l1.csv""]",[],66.178,ranked,full,100.0,True,True,False
ANET,"Arista Networks, Inc. Common Stock",nasdaqtrader:N:ANET,common_equity,eligible,N,,183.75,,1432513892.8107936,5.078057985932394,30.792227204783252,33.89929315747287,38.38680524175329,12.707838479809974,55.375536123169645,,,False,,277.0,,2026-08-20,,full,"{""as_of"": ""2026-08-20"", ""listing_date"": null, ""reason_code"": ""valid_trading_sessions"", ""status"": ""full"", ""valid_trading_sessions"": 277}","[""l1.csv""]",[],66.177,ranked,full,100.0,True,True,False
SANM,Sanmina Corporation - Common Stock,nasdaqtrader:Q:SANM,common_equity,eligible,Q,,190.72,,241420610.88809526,-12.256164887743836,-17.501513971796868,28.777852802160698,69.57410865119587,32.5410299943407,87.28507347597916,,,False,,277.0,,2026-08-20,,full,"{""as_of"": ""2026-08-20"", ""listing_date"": null, ""reason_code"": ""valid_trading_sessions"", ""status"": ""full"", ""valid_trading_sessions"": 277}","[""l1.csv""]",[],66.1721,ranked,full,100.0,True,True,False
IR,Ingersoll Rand Inc. Common Stock,nasdaqtrader:N:IR,common_equity,eligible,N,,79.33,,335067344.0004762,-5.039502034953324,12.73269859315047,-17.536382536382543,-0.6387775551102259,19.673957067638725,35.33905066045071,,,False,,277.0,,2026-08-20,,full,"{""as_of"": ""2026-08-20"", ""listing_date"": null, ""reason_code"": ""valid_trading_sessions"", ""status"": ""full"", ""valid_trading_sessions"": 277}","[""l1.csv""]",[],66.1685,ranked,full,100.0,True,True,False
NXT,Nextpower Inc. - Class A Common Stock,nasdaqtrader:Q:NXT,common_equity,eligible,Q,,87.86,,341511200.2493651,-16.29192073170731,-29.94737681390528,-24.291253769926758,32.00120192307692,43.8235294117647,72.09863122452373,,,False,,277.0,,2026-08-20,,full,"{""as_of"": ""2026-08-20"", ""listing_date"": null, ""reason_code"": ""valid_trading_sessions"", ""status"": ""full"", ""valid_trading_sessions"": 277}","[""l1.csv""]",[],66.1618,ranked,full,100.0,True,True,False
BB,BlackBerry Limited Common Stock,nasdaqtrader:N:BB,common_equity,eligible,N,,8.14,,284612123.71126986,-9.050279329608923,31.290322580645167,137.31778425655978,122.40437158469946,36.45589383294301,59.450529455377854,,,False,,277.0,,2026-08-20,,full,"{""as_of"": ""2026-08-20"", ""listing_date"": null, ""reason_code"": ""valid_trading_sessions"", ""status"": ""full"", ""valid_trading_sessions"": 277}","[""l1.csv""]",[],66.1529,ranked,full,100.0,True,True,False
NFLX,"Netflix, Inc. - Common Stock",nasdaqtrader:Q:NFLX,common_equity,eligible,Q,,80.14,,3239571926.3377776,16.941485480811313,-9.024860937677381,4.07792207792208,-33.9976939548674,36.56296999920842,37.275528606681455,,,False,,277.0,,2026-08-20,,full,"{""as_of"": ""2026-08-20"", ""listing_date"": null, ""reason_code"": ""valid_trading_sessions"", ""status"": ""full"", ""valid_trading_sessions"": 277}","[""l1.csv""]",[],66.1458,ranked,full,100.0,True,True,False
SNEX,StoneX Group Inc. - Common Stock,nasdaqtrader:Q:SNEX,common_equity,eligible,Q,,66.2,,98828756.86253968,-10.564712239935147,-12.061636556854404,19.279279279279283,54.348332944742374,28.563720729470166,61.71780686921028,,,False,,277.0,,2026-08-20,,full,"{""as_of"": ""2026-08-20"", ""listing_date"": null, ""reason_code"": ""valid_trading_sessions"", ""status"": ""full"", ""valid_trading_sessions"": 277}","[""l1.csv""]",[],66.1418,ranked,full,100.0,True,True,False
BZ,KANZHUN LIMITED - American Depository Shares,nasdaqtrader:Q:BZ,adr,eligible,Q,,15.78,,54575524.94142857,2.467532467532463,12.15351812366736,-8.30912260313772,-25.106786900806842,36.65194700923324,41.186404993348106,,,False,,277.0,,2026-08-20,,full,"{""as_of"": ""2026-08-20"", ""listing_date"": null, ""reason_code"": ""valid_trading_sessions"", ""status"": ""full"", ""valid_trading_sessions"": 277}","[""l1.csv""]",[],66.1399,ranked,full,100.0,True,True,False
TNGX,"Tango Therapeutics, Inc. - Common Stock",nasdaqtrader:Q:TNGX,common_equity,eligible,Q,,23.52,,106978671.02285713,-16.298932384341647,11.574952561669827,90.44534412955466,237.93103448275863,28.510638297872337,65.61862512628372,,,False,,277.0,,2026-08-20,,full,"{""as_of"": ""2026-08-20"", ""listing_date"": null, ""reason_code"": ""valid_trading_sessions"", ""status"": ""full"", ""valid_trading_sessions"": 277}","[""l1.csv""]",[],66.1348,ranked,full,100.0,True,True,False
SWKS,"Skyworks Solutions, Inc. - Common Stock",nasdaqtrader:Q:SWKS,common_equity,eligible,Q,,67.964,,371644441.94539684,7.606079797340093,-8.589105581708134,14.765281999324543,-9.29667689843855,18.527930951810124,48.367165768066236,,,False,,277.0,,2026-08-20,,full,"{""as_of"": ""2026-08-20"", ""listing_date"": null, ""reason_code"": ""valid_trading_sessions"", ""status"": ""full"", ""valid_trading_sessions"": 277}","[""l1.csv""]",[],66.132,ranked,full,100.0,True,True,False
FSLY,"Fastly, Inc. - Class A Common Stock",nasdaqtrader:Q:FSLY,common_equity,eligible,Q,,22.71,,129882974.34253968,10.997067448680342,32.6518691588785,25.67791920309905,206.47773279352228,32.2089552238806,96.8050475915654,,,False,,277.0,,2026-08-20,,full,"{""as_of"": ""2026-08-20"", ""listing_date"": null, ""reason_code"": ""valid_trading_sessions"", ""status"": ""full"", ""valid_trading_sessions"": 277}","[""l1.csv""]",[],66.1279,ranked,full,100.0,True,True,False
PATH,"UiPath, Inc. Class A Common Stock",nasdaqtrader:N:PATH,common_equity,eligible,N,,15.92,,822885529.6195238,48.78504672897197,47.81801299907149,42.01605709188223,44.85896269335758,17.470191809227575,67.20717717239715,,,False,,277.0,,2026-08-20,,full,"{""as_of"": ""2026-08-20"", ""listing_date"": null, ""reason_code"": ""valid_trading_sessions"", ""status"": ""full"", ""valid_trading_sessions"": 277}","[""l1.csv""]",[],66.1175,ranked,full,100.0,True,True,False
VIK,Viking Holdings Ltd Ordinary Shares,nasdaqtrader:N:VIK,common_equity,eligible,N,,90.53,,265161467.35380954,-9.785749875435968,8.914821944177099,17.510384215991692,52.870651806822025,16.37723997783115,40.157697982446635,,,False,,277.0,,2026-08-20,,full,"{""as_of"": ""2026-08-20"", ""listing_date"": null, ""reason_code"": ""valid_trading_sessions"", ""status"": ""full"", ""valid_trading_sessions"": 277}","[""l1.csv""]",[],66.0943,ranked,full,100.0,True,True,False
NVT,nVent Electric plc Ordinary Shares,nasdaqtrader:N:NVT,common_equity,eligible,N,,154.3,,336341314.2674603,-2.631412885719686,-4.670703076732985,32.01574264202603,75.04254112308566,16.295974829120098,55.58332414480683,,,False,,277.0,,2026-08-20,,full,"{""as_of"": ""2026-08-20"", ""listing_date"": null, ""reason_code"": ""valid_trading_sessions"", ""status"": ""full"", ""valid_trading_sessions"": 277}","[""l1.csv""]",[],66.074,ranked,full,100.0,True,True,False
LSCC,Lattice Semiconductor Corporation - Common Stock,nasdaqtrader:Q:LSCC,common_equity,eligible,Q,,117.56,,263636893.1509524,-14.296128891156945,-15.265965114602853,23.617245005257637,90.96816114359973,24.286726347652476,69.25415940137911,,,False,,277.0,,2026-08-20,,full,"{""as_of"": ""2026-08-20"", ""listing_date"": null, ""reason_code"": ""valid_trading_sessions"", ""status"": ""full"", ""valid_trading_sessions"": 277}","[""l1.csv""]",[],66.0716,ranked,full,100.0,True,True,False
CLF,Cleveland-Cliffs Inc. Common Stock,nasdaqtrader:N:CLF,common_equity,eligible,N,,10.74,,250515230.77317458,13.65079365079367,3.868471953578334,4.576436222005853,2.9721955896452545,33.62175525339926,71.19423684518775,,,False,,277.0,,2026-08-20,,full,"{""as_of"": ""2026-08-20"", ""listing_date"": null, ""reason_code"": ""valid_trading_sessions"", ""status"": ""full"", ""valid_trading_sessions"": 277}","[""l1.csv""]",[],66.0662,ranked,full,100.0,True,True,False
KSS,Kohl's Corporation Common Stock,nasdaqtrader:N:KSS,common_equity,eligible,N,,17.33,,79184866.49333332,-9.171907756813413,41.9328419328419,-10.020768431983406,26.959706959706953,29.86645082962365,53.35692578622916,,,False,,277.0,,2026-08-20,,full,"{""as_of"": ""2026-08-20"", ""listing_date"": null, ""reason_code"": ""valid_trading_sessions"", ""status"": ""full"", ""valid_trading_sessions"": 277}","[""l1.csv""]",[],66.0655,ranked,full,100.0,True,True,False
SITM,SiTime Corporation - Common Stock,nasdaqtrader:Q:SITM,common_equity,eligible,Q,,598.81,,362719849.6342857,1.3780960604059755,-14.08751793400288,50.99730186347933,181.43535272829814,33.57478812619249,110.58461353988254,,,False,,277.0,,2026-08-20,,full,"{""as_of"": ""2026-08-20"", ""listing_date"": null, ""reason_code"": ""valid_trading_sessions"", ""status"": ""full"", ""valid_trading_sessions"": 277}","[""l1.csv""]",[],66.06,ranked,full,100.0,True,True,False
ROP,"Roper Technologies, Inc. - Common Stock",nasdaqtrader:Q:ROP,common_equity,eligible,Q,,410.45,,356858400.9476191,21.90015146565294,27.027110670958155,23.629518072289144,-22.933213165849907,24.063864426848227,40.088082210895976,,,False,,277.0,,2026-08-20,,full,"{""as_of"": ""2026-08-20"", ""listing_date"": null, ""reason_code"": ""valid_trading_sessions"", ""status"": ""full"", ""valid_trading_sessions"": 277}","[""l1.csv""]",[],66.0418,ranked,full,100.0,True,True,False
APH,Amphenol Corporation Common Stock,nasdaqtrader:N:APH,common_equity,eligible,N,,153.11,,1290949834.0447621,-2.7934734302583863,24.429093864282827,1.2632275132275383,39.21622113111476,13.16356624319418,44.10073597140302,,,False,,277.0,,2026-08-20,,full,"{""as_of"": ""2026-08-20"", ""listing_date"": null, ""reason_code"": ""valid_trading_sessions"", ""status"": ""full"", ""valid_trading_sessions"": 277}","[""l1.csv""]",[],66.0409,ranked,full,100.0,True,True,False
CMG,"Chipotle Mexican Grill, Inc. Common Stock",nasdaqtrader:N:CMG,common_equity,eligible,N,,35.29,,661141407.6534921,9.59627329192545,7.069174757281549,-7.058203845140898,-18.404624277456648,19.133822181484884,59.39659187590512,,,False,,277.0,,2026-08-20,,full,"{""as_of"": ""2026-08-20"", ""listing_date"": null, ""reason_code"": ""valid_trading_sessions"", ""status"": ""full"", ""valid_trading_sessions"": 277}","[""l1.csv""]",[],66.0335,ranked,full,100.0,True,True,False
HUT,Hut 8 Corp. - Common Stock,nasdaqtrader:Q:HUT,common_equity,eligible,Q,,88.69,,472747070.5529365,-19.269979974513017,-8.102787275929968,61.66605905942399,303.5031847133758,33.32581566681703,115.43899096060188,,,False,,277.0,,2026-08-20,,full,"{""as_of"": ""2026-08-20"", ""listing_date"": null, ""reason_code"": ""valid_trading_sessions"", ""status"": ""full"", ""valid_trading_sessions"": 277}","[""l1.csv""]",[],66.0268,ranked,full,100.0,True,True,False
GS,"Goldman Sachs Group, Inc. (The) Common Stock",nasdaqtrader:N:GS,common_equity,eligible,N,,1001.95,,2247292217.020159,-8.764341649972685,2.0191015354539266,9.305623738613434,38.893509662036664,13.030458218684615,41.77068639385311,,,False,,277.0,,2026-08-20,,full,"{""as_of"": ""2026-08-20"", ""listing_date"": null, ""reason_code"": ""valid_trading_sessions"", ""status"": ""full"", ""valid_trading_sessions"": 277}","[""l1.csv""]",[],66.0076,ranked,full,100.0,True,True,False
COR,"Cencora, Inc. Common Stock",nasdaqtrader:N:COR,common_equity,eligible,N,,314.69,,455579985.49349207,4.6942577683146025,18.86307837582626,-12.36946896494111,6.779545994367342,16.026684456304206,31.16048671420063,,,False,,277.0,,2026-08-20,,full,"{""as_of"": ""2026-08-20"", ""listing_date"": null, ""reason_code"": ""valid_trading_sessions"", ""status"": ""full"", ""valid_trading_sessions"": 277}","[""l1.csv""]",[],66.0067,ranked,full,100.0,True,True,False
ASML,ASML Holding N.V. - New York Registry Shares,qrgf-resolution-required:Q:ASML,common_equity,eligible,Q,,1750.31,,3360215541.986508,-2.8609325918772854,12.913755620496325,19.972171385878678,135.38010516265246,12.019965417403899,45.30179725626839,,,False,,277.0,,2026-08-20,,full,"{""as_of"": ""2026-08-20"", ""listing_date"": null, ""reason_code"": ""valid_trading_sessions"", ""status"": ""full"", ""valid_trading_sessions"": 277}","[""l1.csv""]",[],66.005,ranked,full,100.0,True,True,False
GEHC,GE HealthCare Technologies Inc. - Common Stock,nasdaqtrader:Q:GEHC,common_equity,eligible,Q,,74.05,,313367944.26468253,20.58296694349455,15.234982882041681,-10.793880255390931,0.10815195349465068,16.004990925589833,48.86845369685658,,,False,,277.0,,2026-08-20,,full,"{""as_of"": ""2026-08-20"", ""listing_date"": null, ""reason_code"": ""valid_trading_sessions"", ""status"": ""full"", ""valid_trading_sessions"": 277}","[""l1.csv""]",[],66.0012,ranked,full,100.0,True,True,False
YOU,"Clear Secure, Inc. Class A Common Stock",nasdaqtrader:N:YOU,common_equity,eligible,N,,42.9,,80469038.3315873,-17.973231357552578,-30.817610062893085,28.059701492537314,26.17647058823529,31.20590121872996,51.89483589972964,,,False,,277.0,,2026-08-20,,full,"{""as_of"": ""2026-08-20"", ""listing_date"": null, ""reason_code"": ""valid_trading_sessions"", ""status"": ""full"", ""valid_trading_sessions"": 277}","[""l1.csv""]",[],65.9941,ranked,full,100.0,True,True,False
AAL,"American Airlines Group, Inc. - Common Stock",nasdaqtrader:Q:AAL,common_equity,eligible,Q,,13.52,,1693288182.565,-8.5868830290737,4.4015444015444105,1.2734082397003688,2.26928895612708,25.509641873278234,53.1871684906937,,,False,,277.0,,2026-08-20,,full,"{""as_of"": ""2026-08-20"", ""listing_date"": null, ""reason_code"": ""valid_trading_sessions"", ""status"": ""full"", ""valid_trading_sessions"": 277}","[""l1.csv""]",[],65.9846,ranked,full,100.0,True,True,False
AEM,Agnico Eagle Mines Limited Common Stock,nasdaqtrader:N:AEM,common_equity,eligible,N,,212.04,,479368500.4520635,44.19585175110505,19.023294976143703,-5.5374883057869635,62.81962681409814,15.920536103731319,53.2120982264504,,,False,,277.0,,2026-08-20,,full,"{""as_of"": ""2026-08-20"", ""listing_date"": null, ""reason_code"": ""valid_trading_sessions"", ""status"": ""full"", ""valid_trading_sessions"": 277}","[""l1.csv""]",[],65.9801,ranked,full,100.0,True,True,False
RELX,RELX PLC PLC American Depositary Shares (Each representing One Ordinary Share),nasdaqtrader:N:RELX,adr,eligible,N,,35.38,,91117605.61904761,8.063530849114242,5.297619047619051,14.165859954824157,-25.96777568528981,27.336208667077422,39.20949494024245,,,False,,277.0,,2026-08-20,,full,"{""as_of"": ""2026-08-20"", ""listing_date"": null, ""reason_code"": ""valid_trading_sessions"", ""status"": ""full"", ""valid_trading_sessions"": 277}","[""l1.csv""]",[],65.9782,ranked,full,100.0,True,True,False
DVA,DaVita Inc. Common Stock,nasdaqtrader:N:DVA,common_equity,eligible,N,,175.24,,178024679.85,-24.491554636332303,-10.986945700208262,18.93579476041809,28.21188176763243,27.274236387782203,59.601833170795594,,,False,,277.0,,2026-08-20,,full,"{""as_of"": ""2026-08-20"", ""listing_date"": null, ""reason_code"": ""valid_trading_sessions"", ""status"": ""full"", ""valid_trading_sessions"": 277}","[""l1.csv""]",[],65.9699,ranked,full,100.0,True,True,False
KNX,Knight-Swift Transportation Holdings Inc.,qrgf-resolution-required:N:KNX,common_equity,eligible,N,,69.41,,299478225.26095235,-8.71909521304578,-2.2394366197183158,17.246621621621607,59.78360957642725,15.815645845967264,35.79664074018334,,,False,,277.0,,2026-08-20,,full,"{""as_of"": ""2026-08-20"", ""listing_date"": null, ""reason_code"": ""valid_trading_sessions"", ""status"": ""full"", ""valid_trading_sessions"": 277}","[""l1.csv""]",[],65.9539,ranked,full,100.0,True,True,False
ARE,"Alexandria Real Estate Equities, Inc. Common Stock",nasdaqtrader:N:ARE,common_equity,eligible,N,,52.94,,97146881.82603174,6.64786462530218,10.660535117056845,-0.8614232209737893,-32.362335505302156,39.46255002858777,50.81359840597701,,,False,,277.0,,2026-08-20,,full,"{""as_of"": ""2026-08-20"", ""listing_date"": null, ""reason_code"": ""valid_trading_sessions"", ""status"": ""full"", ""valid_trading_sessions"": 277}","[""l1.csv""]",[],65.9525,ranked,full,100.0,True,True,False
UNH,UnitedHealth Group Incorporated Common Stock (DE),nasdaqtrader:N:UNH,common_equity,eligible,N,,384.85,,2388018681.7863493,-10.771834643295996,0.4043829898252138,32.73893698478945,26.495529844859323,11.802452159963329,22.669475860785145,,,False,,277.0,,2026-08-20,,full,"{""as_of"": ""2026-08-20"", ""listing_date"": null, ""reason_code"": ""valid_trading_sessions"", ""status"": ""full"", ""valid_trading_sessions"": 277}","[""l1.csv""]",[],65.9506,ranked,full,100.0,True,True,False
FSLR,"First Solar, Inc. - Common Stock",nasdaqtrader:Q:FSLR,common_equity,eligible,Q,,214.06,,613232378.9195238,2.4897060231734214,-10.005885815185412,-8.24689241320189,1.4694728858551276,32.73841319717204,51.75712373221303,,,False,,277.0,,2026-08-20,,full,"{""as_of"": ""2026-08-20"", ""listing_date"": null, ""reason_code"": ""valid_trading_sessions"", ""status"": ""full"", ""valid_trading_sessions"": 277}","[""l1.csv""]",[],65.9485,ranked,full,100.0,True,True,False
MCK,McKesson Corporation Common Stock,nasdaqtrader:N:MCK,common_equity,eligible,N,,838.75,,882572202.6974604,3.0354773721193107,11.139820851221716,-10.498964935868704,23.90864368970764,15.761933935260974,35.91021594969691,,,False,,277.0,,2026-08-20,,full,"{""as_of"": ""2026-08-20"", ""listing_date"": null, ""reason_code"": ""valid_trading_sessions"", ""status"": ""full"", ""valid_trading_sessions"": 277}","[""l1.csv""]",[],65.9405,ranked,full,100.0,True,True,False
PWR,"Quanta Services, Inc. Common Stock",nasdaqtrader:N:PWR,common_equity,eligible,N,,662.47,,829466388.5739683,3.0055664396554382,-6.685166143140863,19.579422382671474,74.66976032905319,15.634710407009322,61.10282533237618,,,False,,277.0,,2026-08-20,,full,"{""as_of"": ""2026-08-20"", ""listing_date"": null, ""reason_code"": ""valid_trading_sessions"", ""status"": ""full"", ""valid_trading_sessions"": 277}","[""l1.csv""]",[],65.9087,ranked,full,100.0,True,True,False
VOYG,"Voyager Technologies, Inc. Class A Common Stock",nasdaqtrader:N:VOYG,common_equity,eligible,N,,37.92,,86267218.65603174,43.69079196665404,-5.03380916604057,32.63378803777546,27.248322147651006,26.752945721460307,107.64260716382985,,,False,,277.0,,2026-08-20,,full,"{""as_of"": ""2026-08-20"", ""listing_date"": null, ""reason_code"": ""valid_trading_sessions"", ""status"": ""full"", ""valid_trading_sessions"": 277}","[""l1.csv""]",[],65.9004,ranked,full,100.0,True,True,False
OWL,Blue Owl Capital Inc. Class A Common Stock,nasdaqtrader:N:OWL,common_equity,eligible,N,,11.4,,215999647.31507936,24.45414847161573,17.163412127440903,-1.5544041450777146,-39.45831120552309,40.28287061288632,47.41263235420692,,,False,,277.0,,2026-08-20,,full,"{""as_of"": ""2026-08-20"", ""listing_date"": null, ""reason_code"": ""valid_trading_sessions"", ""status"": ""full"", ""valid_trading_sessions"": 277}","[""l1.csv""]",[],65.8978,ranked,full,100.0,True,True,False
BFAM,Bright Horizons Family Solutions Inc. Common Stock,nasdaqtrader:N:BFAM,common_equity,eligible,N,,73.61,,66216725.328888886,2.1793448084397538,8.874426859931962,3.5885167464114742,-39.82177894048397,40.31460309738101,39.953391010765834,,,False,,277.0,,2026-08-20,,full,"{""as_of"": ""2026-08-20"", ""listing_date"": null, ""reason_code"": ""valid_trading_sessions"", ""status"": ""full"", ""valid_trading_sessions"": 277}","[""l1.csv""]",[],65.8957,ranked,full,100.0,True,True,False
KMB,Kimberly-Clark Corporation - Common Stock,nasdaqtrader:Q:KMB,common_equity,eligible,Q,,108.69,,444291510.7704762,-0.17450404114621731,11.419784725781646,0.009201324990781856,-18.24746145167355,18.578170649486857,27.785229998116023,,,False,,277.0,,2026-08-20,,full,"{""as_of"": ""2026-08-20"", ""listing_date"": null, ""reason_code"": ""valid_trading_sessions"", ""status"": ""full"", ""valid_trading_sessions"": 277}","[""l1.csv""]",[],65.8945,ranked,full,100.0,True,True,False
EME,"EMCOR Group, Inc. Common Stock",nasdaqtrader:N:EME,common_equity,eligible,N,,787.39,,348533143.4853968,4.269350460173471,-7.70790599542871,-2.011075850911581,29.696919782572873,16.567947019867546,62.637797881481696,,,False,,277.0,,2026-08-20,,full,"{""as_of"": ""2026-08-20"", ""listing_date"": null, ""reason_code"": ""valid_trading_sessions"", ""status"": ""full"", ""valid_trading_sessions"": 277}","[""l1.csv""]",[],65.892,ranked,full,100.0,True,True,False
LMT,Lockheed Martin Corporation Common Stock,nasdaqtrader:N:LMT,common_equity,eligible,N,,571.48,,672658348.6257143,11.105062602068582,9.355326355268945,-14.257850594889799,29.55792337338472,15.548987734594355,38.08751178785961,,,False,,277.0,,2026-08-20,,full,"{""as_of"": ""2026-08-20"", ""listing_date"": null, ""reason_code"": ""valid_trading_sessions"", ""status"": ""full"", ""valid_trading_sessions"": 277}","[""l1.csv""]",[],65.8872,ranked,full,100.0,True,True,False
CAMT,Camtek Ltd. - Ordinary Shares,nasdaqtrader:Q:CAMT,common_equity,eligible,Q,,148.51,,82354989.58277778,-5.280949040117355,-6.8143314300056606,-3.0550297016776584,78.15499040307101,28.415116166971956,79.37970120501116,,,False,,277.0,,2026-08-20,,full,"{""as_of"": ""2026-08-20"", ""listing_date"": null, ""reason_code"": ""valid_trading_sessions"", ""status"": ""full"", ""valid_trading_sessions"": 277}","[""l1.csv""]",[],65.872,ranked,full,100.0,True,True,False
FDX,FedEx Corporation Common Stock,nasdaqtrader:N:FDX,common_equity,eligible,N,,326.04,,616904513.7217461,1.56376549747681,-15.717092337917471,-14.903168554575341,39.85330073349633,20.821798047501083,22.92999968156427,,,False,,277.0,,2026-08-20,,full,"{""as_of"": ""2026-08-20"", ""listing_date"": null, ""reason_code"": ""valid_trading_sessions"", ""status"": ""full"", ""valid_trading_sessions"": 277}","[""l1.csv""]",[],65.8596,ranked,full,100.0,True,True,False
CIFR,Cipher Digital Inc. - Common Stock,nasdaqtrader:Q:CIFR,common_equity,eligible,Q,,17.21,,622924760.9935714,-29.640228945216684,-11.652977412731003,8.924050632911396,198.78472222222223,41.021247429746396,149.88857187878622,,,False,,277.0,,2026-08-20,,full,"{""as_of"": ""2026-08-20"", ""listing_date"": null, ""reason_code"": ""valid_trading_sessions"", ""status"": ""full"", ""valid_trading_sessions"": 277}","[""l1.csv""]",[],65.8486,ranked,full,100.0,True,True,False
BR,"Broadridge Financial Solutions, Inc. Common Stock",nasdaqtrader:N:BR,common_equity,eligible,N,,178.5,,212094865.84396824,23.855120732722735,19.63806970509385,1.299585721582197,-32.108626198083066,31.917003585323066,39.29203844371342,,,False,,277.0,,2026-08-20,,full,"{""as_of"": ""2026-08-20"", ""listing_date"": null, ""reason_code"": ""valid_trading_sessions"", ""status"": ""full"", ""valid_trading_sessions"": 277}","[""l1.csv""]",[],65.8389,ranked,full,100.0,True,True,False
CVS,CVS Health Corporation Common Stock,nasdaqtrader:N:CVS,common_equity,eligible,N,,93.65,,803483547.1446031,-13.35122131754255,0.396655231560894,21.120020693222983,31.957164999295486,15.325497287522595,29.026511456294298,,,False,,277.0,,2026-08-20,,full,"{""as_of"": ""2026-08-20"", ""listing_date"": null, ""reason_code"": ""valid_trading_sessions"", ""status"": ""full"", ""valid_trading_sessions"": 277}","[""l1.csv""]",[],65.8314,ranked,full,100.0,True,True,False
GFI,Gold Fields Limited American Depositary Shares,nasdaqtrader:N:GFI,adr,eligible,N,,45.45,,136067636.73253968,35.26785714285714,11.753134988935333,-13.985616956850865,55.0665301944729,26.10957567875142,53.916264191224506,,,False,,277.0,,2026-08-20,,full,"{""as_of"": ""2026-08-20"", ""listing_date"": null, ""reason_code"": ""valid_trading_sessions"", ""status"": ""full"", ""valid_trading_sessions"": 277}","[""l1.csv""]",[],65.8146,ranked,full,100.0,True,True,False
DIOD,Diodes Incorporated - Common Stock,nasdaqtrader:Q:DIOD,common_equity,eligible,Q,,90.74,,66943569.33142857,-4.4942637617093055,-6.598044261451374,34.94943486020225,71.078431372549,26.083414793092217,90.09204211625064,,,False,,277.0,,2026-08-20,,full,"{""as_of"": ""2026-08-20"", ""listing_date"": null, ""reason_code"": ""valid_trading_sessions"", ""status"": ""full"", ""valid_trading_sessions"": 277}","[""l1.csv""]",[],65.8111,ranked,full,100.0,True,True,False
MSFT,Microsoft Corporation - Common Stock,nasdaqtrader:Q:MSFT,common_equity,eligible,Q,,481.15,,16581704162.270317,23.264333657836755,14.271125255308025,20.7523967274005,-5.61429664358436,11.238400944527472,49.954962679534745,,,False,,277.0,,2026-08-20,,full,"{""as_of"": ""2026-08-20"", ""listing_date"": null, ""reason_code"": ""valid_trading_sessions"", ""status"": ""full"", ""valid_trading_sessions"": 277}","[""l1.csv""]",[],65.8096,ranked,full,100.0,True,True,False
NKTR,Nektar Therapeutics - Common Stock,nasdaqtrader:Q:NKTR,common_equity,eligible,Q,,74.49,,62043758.489841275,7.458165031736885,7.195279896387974,0.8529650690495494,178.77994011976045,25.769805680119585,37.91877038936134,,,False,,277.0,,2026-08-20,,full,"{""as_of"": ""2026-08-20"", ""listing_date"": null, ""reason_code"": ""valid_trading_sessions"", ""status"": ""full"", ""valid_trading_sessions"": 277}","[""l1.csv""]",[],65.7693,ranked,full,100.0,True,True,False
ESI,Element Solutions Inc. Common Stock,nasdaqtrader:N:ESI,common_equity,eligible,N,,35.54,,185032636.64857143,-7.3755538180870435,-12.355117139334148,0.11267605633802358,42.330796956347626,27.602363006722353,40.78212602690352,,,False,,277.0,,2026-08-20,,full,"{""as_of"": ""2026-08-20"", ""listing_date"": null, ""reason_code"": ""valid_trading_sessions"", ""status"": ""full"", ""valid_trading_sessions"": 277}","[""l1.csv""]",[],65.7636,ranked,full,100.0,True,True,False
UL,Unilever PLC American Depositary Shares (each representing One Ordinary Share),nasdaqtrader:N:UL,adr,eligible,N,,63.4,,257770377.1915873,2.5392204431505805,9.916782246879329,-11.956672684349401,-9.064830751577734,15.002010993430758,32.870121225817776,,,False,,277.0,,2026-08-20,,full,"{""as_of"": ""2026-08-20"", ""listing_date"": null, ""reason_code"": ""valid_trading_sessions"", ""status"": ""full"", ""valid_trading_sessions"": 277}","[""l1.csv""]",[],65.7505,ranked,full,100.0,True,True,False
C,"Citigroup, Inc. Common Stock",nasdaqtrader:N:C,common_equity,eligible,N,,129.67,,1617616906.2193651,-1.9508506616257137,3.8855952571703156,12.219818260493277,38.32942180499253,10.983730349419918,32.378436102774145,,,False,,277.0,,2026-08-20,,full,"{""as_of"": ""2026-08-20"", ""listing_date"": null, ""reason_code"": ""valid_trading_sessions"", ""status"": ""full"", ""valid_trading_sessions"": 277}","[""l1.csv""]",[],65.7459,ranked,full,100.0,True,True,False
BABA,Alibaba Group Holding Limited American Depositary Shares each representing eight Ordinary share,nasdaqtrader:N:BABA,adr,eligible,N,,130.53,,1386655955.4738095,11.985243651338372,-2.9300215661485773,-15.38860439489208,8.784065338778246,31.06052603781557,36.07588864407497,,,False,,277.0,,2026-08-20,,full,"{""as_of"": ""2026-08-20"", ""listing_date"": null, ""reason_code"": ""valid_trading_sessions"", ""status"": ""full"", ""valid_trading_sessions"": 277}","[""l1.csv""]",[],65.7247,ranked,full,100.0,True,True,False
TOST,"Toast, Inc. Class A Common Stock",nasdaqtrader:N:TOST,common_equity,eligible,N,,35.32,,331313258.9474603,20.91749400890106,51.45797598627788,27.78581765557164,-15.924779814329915,21.68514412416852,37.06761475931859,,,False,,277.0,,2026-08-20,,full,"{""as_of"": ""2026-08-20"", ""listing_date"": null, ""reason_code"": ""valid_trading_sessions"", ""status"": ""full"", ""valid_trading_sessions"": 277}","[""l1.csv""]",[],65.7247,ranked,full,100.0,True,True,False
LYFT,"Lyft, Inc. - Class A Common Stock",nasdaqtrader:Q:LYFT,common_equity,eligible,Q,,17.4,,191217361.31079364,18.690313778990443,30.337078651685378,25.17985611510789,11.753371868978801,29.18192918192919,45.40089526786629,,,False,,277.0,,2026-08-20,,full,"{""as_of"": ""2026-08-20"", ""listing_date"": null, ""reason_code"": ""valid_trading_sessions"", ""status"": ""full"", ""valid_trading_sessions"": 277}","[""l1.csv""]",[],65.7243,ranked,full,100.0,True,True,False
CRDO,Credo Technology Group Holding Ltd - Ordinary Shares,nasdaqtrader:Q:CRDO,common_equity,eligible,Q,,231.35,,1855152028.877857,1.3492793621588506,26.434583014537118,77.06260523496096,117.6387582314205,23.525717307946582,103.69044970748433,,,False,,277.0,,2026-08-20,,full,"{""as_of"": ""2026-08-20"", ""listing_date"": null, ""reason_code"": ""valid_trading_sessions"", ""status"": ""full"", ""valid_trading_sessions"": 277}","[""l1.csv""]",[],65.7201,ranked,full,100.0,True,True,False
ACLS,"Axcelis Technologies, Inc. - Common Stock",nasdaqtrader:Q:ACLS,common_equity,eligible,Q,,124.97,,81118890.49769841,-11.96195843606903,-16.44156191495052,55.0111634830067,55.822942643391514,34.775574112734866,74.09805008089072,,,False,,277.0,,2026-08-20,,full,"{""as_of"": ""2026-08-20"", ""listing_date"": null, ""reason_code"": ""valid_trading_sessions"", ""status"": ""full"", ""valid_trading_sessions"": 277}","[""l1.csv""]",[],65.7201,ranked,full,100.0,True,True,False
CAT,"Caterpillar, Inc. Common Stock",nasdaqtrader:N:CAT,common_equity,eligible,N,,815.39,,2976085613.1973014,-8.312062160551436,-6.551984963784719,7.213390661775332,95.96481530438128,23.430369048736978,41.36713964544778,,,False,,277.0,,2026-08-20,,full,"{""as_of"": ""2026-08-20"", ""listing_date"": null, ""reason_code"": ""valid_trading_sessions"", ""status"": ""full"", ""valid_trading_sessions"": 277}","[""l1.csv""]",[],65.7074,ranked,full,100.0,True,True,False
ALGT,Allegiant Travel Company - Common Stock,nasdaqtrader:Q:ALGT,common_equity,eligible,Q,,76.41,,55988279.988492064,-22.252747252747263,-0.8820858736541815,-26.655788059128437,33.63064008394543,35.87613293051359,50.8275432484258,,,False,,277.0,,2026-08-20,,full,"{""as_of"": ""2026-08-20"", ""listing_date"": null, ""reason_code"": ""valid_trading_sessions"", ""status"": ""full"", ""valid_trading_sessions"": 277}","[""l1.csv""]",[],65.6916,ranked,full,100.0,True,True,False
CG,The Carlyle Group Inc. - Common Stock,nasdaqtrader:Q:CG,common_equity,eligible,Q,,47.99,,164577500.63539684,8.870235934664251,5.89143865842896,-9.418648546621355,-23.314157877916266,30.800288392213403,40.40308048760938,,,False,,277.0,,2026-08-20,,full,"{""as_of"": ""2026-08-20"", ""listing_date"": null, ""reason_code"": ""valid_trading_sessions"", ""status"": ""full"", ""valid_trading_sessions"": 277}","[""l1.csv""]",[],65.69,ranked,full,100.0,True,True,False
CHWY,"Chewy, Inc. Class A Common Stock",nasdaqtrader:N:CHWY,common_equity,eligible,N,,23.88,,182800467.1931746,10.966542750929364,18.393653941497256,-7.656612529002327,-41.68498168498169,43.58610914245216,44.13783026073838,,,False,,277.0,,2026-08-20,,full,"{""as_of"": ""2026-08-20"", ""listing_date"": null, ""reason_code"": ""valid_trading_sessions"", ""status"": ""full"", ""valid_trading_sessions"": 277}","[""l1.csv""]",[],65.6776,ranked,full,100.0,True,True,False
NET,"Cloudflare, Inc. Class A Common Stock",nasdaqtrader:N:NET,common_equity,eligible,N,,278.91,,985800690.5449207,3.6917242917689164,32.73211821253512,44.78301495016615,41.9317083100097,15.693860895323875,50.014915416660784,,,False,,277.0,,2026-08-20,,full,"{""as_of"": ""2026-08-20"", ""listing_date"": null, ""reason_code"": ""valid_trading_sessions"", ""status"": ""full"", ""valid_trading_sessions"": 277}","[""l1.csv""]",[],65.6735,ranked,full,100.0,True,True,False
SEB,Seaboard Corporation Common Stock,nasdaqtrader:A:SEB,common_equity,eligible,A,,4356.35,,50910990.58809524,-5.6662812200899975,-12.787182587666257,-10.487491652540193,22.921839729119654,26.893263678302503,22.833551586541358,,,False,,277.0,,2026-08-20,,full,"{""as_of"": ""2026-08-20"", ""listing_date"": null, ""reason_code"": ""valid_trading_sessions"", ""status"": ""full"", ""valid_trading_sessions"": 277}","[""l1.csv""]",[],65.6691,ranked,full,100.0,True,True,False
ICHR,Ichor Holdings - Ordinary Shares,nasdaqtrader:Q:ICHR,common_equity,eligible,Q,,58.87,,93137953.2715873,-38.24609252071751,-10.477493917274948,23.056020066889626,230.91624508150645,47.56857855361596,119.23818318402463,,,False,,277.0,,2026-08-20,,full,"{""as_of"": ""2026-08-20"", ""listing_date"": null, ""reason_code"": ""valid_trading_sessions"", ""status"": ""full"", ""valid_trading_sessions"": 277}","[""l1.csv""]",[],65.6621,ranked,full,100.0,True,True,False
CECO,CECO Environmental Corp. - Common Stock,nasdaqtrader:Q:CECO,common_equity,eligible,Q,,73.0,,78443939.0484127,-10.779760449767773,-10.198056341493423,-6.697341513292432,63.20143080706462,26.758302397913113,71.45777307154269,,,False,,277.0,,2026-08-20,,full,"{""as_of"": ""2026-08-20"", ""listing_date"": null, ""reason_code"": ""valid_trading_sessions"", ""status"": ""full"", ""valid_trading_sessions"": 277}","[""l1.csv""]",[],65.6511,ranked,full,100.0,True,True,False
DASH,"DoorDash, Inc. - Common Stock",nasdaqtrader:Q:DASH,common_equity,eligible,Q,,222.34,,836299515.3276191,25.09987059022114,38.331363155602574,26.19331403598388,-10.480331763095386,21.083268261517716,40.92903627507648,,,False,,277.0,,2026-08-20,,full,"{""as_of"": ""2026-08-20"", ""listing_date"": null, ""reason_code"": ""valid_trading_sessions"", ""status"": ""full"", ""valid_trading_sessions"": 277}","[""l1.csv""]",[],65.6444,ranked,full,100.0,True,True,False
NVMI,Nova Ltd. - Ordinary Shares,nasdaqtrader:Q:NVMI,common_equity,eligible,Q,,383.87,,247357264.8215873,-15.525284978654108,-22.298240997510266,-13.283032507285341,53.92974576950837,36.61850903987451,61.10412555780914,,,False,,277.0,,2026-08-20,,full,"{""as_of"": ""2026-08-20"", ""listing_date"": null, ""reason_code"": ""valid_trading_sessions"", ""status"": ""full"", ""valid_trading_sessions"": 277}","[""l1.csv""]",[],65.6421,ranked,full,100.0,True,True,False
ESLT,Elbit Systems Ltd. - Ordinary Shares,nasdaqtrader:Q:ESLT,common_equity,eligible,Q,,744.3,,79172134.49301589,-6.104530144192577,-3.1918214452942184,1.9156248716298618,64.78845174574354,26.6215137085564,42.75946691964944,,,False,,277.0,,2026-08-20,,full,"{""as_of"": ""2026-08-20"", ""listing_date"": null, ""reason_code"": ""valid_trading_sessions"", ""status"": ""full"", ""valid_trading_sessions"": 277}","[""l1.csv""]",[],65.6329,ranked,full,100.0,True,True,False
RDDT,"Reddit, Inc. Class A Common Stock",nasdaqtrader:N:RDDT,common_equity,eligible,N,,150.31,,1018833309.2103175,-11.779551590562265,2.446837513631417,2.860466707725995,-34.126566745551756,44.475638136751506,99.56927288929548,,,False,,277.0,,2026-08-20,,full,"{""as_of"": ""2026-08-20"", ""listing_date"": null, ""reason_code"": ""valid_trading_sessions"", ""status"": ""full"", ""valid_trading_sessions"": 277}","[""l1.csv""]",[],65.6183,ranked,full,100.0,True,True,False
CPB,The Campbell's Company - Common Stock,nasdaqtrader:Q:CPB,common_equity,eligible,Q,,23.77,,183543126.8626984,8.638025594149902,18.849999999999987,-11.83234421364986,-27.286631997552767,30.14986776373788,32.36708394616144,,,False,,277.0,,2026-08-20,,full,"{""as_of"": ""2026-08-20"", ""listing_date"": null, ""reason_code"": ""valid_trading_sessions"", ""status"": ""full"", ""valid_trading_sessions"": 277}","[""l1.csv""]",[],65.6033,ranked,full,100.0,True,True,False
CMCSA,Comcast Corporation - Class A Common Stock,nasdaqtrader:Q:CMCSA,common_equity,eligible,Q,,26.42,,821828258.4450793,12.329931972789133,6.189710610932497,-15.806246016571057,-22.04190026556506,22.635431918008774,38.56088741166659,,,False,,277.0,,2026-08-20,,full,"{""as_of"": ""2026-08-20"", ""listing_date"": null, ""reason_code"": ""valid_trading_sessions"", ""status"": ""full"", ""valid_trading_sessions"": 277}","[""l1.csv""]",[],65.6014,ranked,full,100.0,True,True,False
UCTT,"Ultra Clean Holdings, Inc. - Common Stock",nasdaqtrader:Q:UCTT,common_equity,eligible,Q,,73.01,,136900734.42285714,-28.040607135817062,-8.98778359511343,27.018093249826048,217.0212765957447,48.79725085910652,113.12913554137441,,,False,,277.0,,2026-08-20,,full,"{""as_of"": ""2026-08-20"", ""listing_date"": null, ""reason_code"": ""valid_trading_sessions"", ""status"": ""full"", ""valid_trading_sessions"": 277}","[""l1.csv""]",[],65.5802,ranked,full,100.0,True,True,False
RCAT,"Red Cat Holdings, Inc. - Common Stock",nasdaqtrader:Q:RCAT,common_equity,eligible,Q,,9.53,,138097582.4507143,21.71136653895274,6.599552572706924,-25.720966484801256,5.771365149833518,45.103686635944705,93.80471355872916,,,False,,277.0,,2026-08-20,,full,"{""as_of"": ""2026-08-20"", ""listing_date"": null, ""reason_code"": ""valid_trading_sessions"", ""status"": ""full"", ""valid_trading_sessions"": 277}","[""l1.csv""]",[],65.5764,ranked,full,100.0,True,True,False
AGI,Alamos Gold Inc. Class A Common Shares,nasdaqtrader:N:AGI,common_equity,eligible,N,,36.69,,152192372.90936506,20.137524557956766,-7.160931174089081,-19.995638901003055,42.43012422360246,33.6887764323152,49.82604367372878,,,False,,277.0,,2026-08-20,,full,"{""as_of"": ""2026-08-20"", ""listing_date"": null, ""reason_code"": ""valid_trading_sessions"", ""status"": ""full"", ""valid_trading_sessions"": 277}","[""l1.csv""]",[],65.5752,ranked,full,100.0,True,True,False
CRSP,CRISPR Therapeutics AG - Common Shares,nasdaqtrader:Q:CRSP,common_equity,eligible,Q,,58.12,,88799964.26396826,23.03132938187975,19.711637487126676,6.368960468521223,7.311669128508136,24.303203959364428,55.71082967013826,,,False,,277.0,,2026-08-20,,full,"{""as_of"": ""2026-08-20"", ""listing_date"": null, ""reason_code"": ""valid_trading_sessions"", ""status"": ""full"", ""valid_trading_sessions"": 277}","[""l1.csv""]",[],65.5738,ranked,full,100.0,True,True,False
ACHC,"Acadia Healthcare Company, Inc. - Common Stock",nasdaqtrader:Q:ACHC,common_equity,eligible,Q,,26.97,,82088459.40380953,-22.455434157561825,12.04819277108433,59.96441281138789,24.918943955534957,24.262847514743047,73.88995763009383,,,False,,277.0,,2026-08-20,,full,"{""as_of"": ""2026-08-20"", ""listing_date"": null, ""reason_code"": ""valid_trading_sessions"", ""status"": ""full"", ""valid_trading_sessions"": 277}","[""l1.csv""]",[],65.5684,ranked,full,100.0,True,True,False
RXO,"RXO, Inc. Common Stock",nasdaqtrader:N:RXO,common_equity,eligible,N,,21.67,,50365135.735396825,-24.494773519163758,-9.140461215932916,38.113448056086696,42.09836065573771,26.04095563139931,65.28845620450457,,,False,,277.0,,2026-08-20,,full,"{""as_of"": ""2026-08-20"", ""listing_date"": null, ""reason_code"": ""valid_trading_sessions"", ""status"": ""full"", ""valid_trading_sessions"": 277}","[""l1.csv""]",[],65.5555,ranked,full,100.0,True,True,False
RSI,"Rush Street Interactive, Inc. Class A Common Stock",nasdaqtrader:N:RSI,common_equity,eligible,N,,25.61,,80570510.3968254,-17.942966997757136,-7.377938517179016,37.245444801714896,29.736575481256345,25.81112398609503,65.04213509400269,,,False,,277.0,,2026-08-20,,full,"{""as_of"": ""2026-08-20"", ""listing_date"": null, ""reason_code"": ""valid_trading_sessions"", ""status"": ""full"", ""valid_trading_sessions"": 277}","[""l1.csv""]",[],65.5248,ranked,full,100.0,True,True,False
TWLO,Twilio Inc. Class A Common Stock,nasdaqtrader:N:TWLO,common_equity,eligible,N,,219.89,,507061646.36968255,19.90947758752317,16.141129245233167,98.17051189617881,112.80363882705893,14.088689197108817,78.84483613900554,,,False,,277.0,,2026-08-20,,full,"{""as_of"": ""2026-08-20"", ""listing_date"": null, ""reason_code"": ""valid_trading_sessions"", ""status"": ""full"", ""valid_trading_sessions"": 277}","[""l1.csv""]",[],65.5222,ranked,full,100.0,True,True,False
FORM,"FormFactor, Inc. - Common Stock",nasdaqtrader:Q:FORM,common_equity,eligible,Q,,115.7,,200341522.28103176,2.0372166857747676,-7.668980927300295,25.37928045080191,305.25394045534154,27.655849434127433,111.76729226054253,,,False,,277.0,,2026-08-20,,full,"{""as_of"": ""2026-08-20"", ""listing_date"": null, ""reason_code"": ""valid_trading_sessions"", ""status"": ""full"", ""valid_trading_sessions"": 277}","[""l1.csv""]",[],65.5208,ranked,full,100.0,True,True,False
CALM,"Cal-Maine Foods, Inc. - Common Stock",nasdaqtrader:Q:CALM,common_equity,eligible,Q,,82.43,,70640060.85587302,-6.180286819940806,5.328392537694859,-1.3759272553242274,-25.104488460839537,29.42636986301369,40.1538734242463,,,False,,277.0,,2026-08-20,,full,"{""as_of"": ""2026-08-20"", ""listing_date"": null, ""reason_code"": ""valid_trading_sessions"", ""status"": ""full"", ""valid_trading_sessions"": 277}","[""l1.csv""]",[],65.5068,ranked,full,100.0,True,True,False
AGX,"Argan, Inc. Common Stock",nasdaqtrader:N:AGX,common_equity,eligible,N,,516.58,,216825815.6947619,-15.363316130089288,-18.068199841395717,19.528899995372306,141.66354790419166,35.3102498278129,83.25865358598531,,,False,,277.0,,2026-08-20,,full,"{""as_of"": ""2026-08-20"", ""listing_date"": null, ""reason_code"": ""valid_trading_sessions"", ""status"": ""full"", ""valid_trading_sessions"": 277}","[""l1.csv""]",[],65.4793,ranked,full,100.0,True,True,False
UHS,"Universal Health Services, Inc. Common Stock",nasdaqtrader:N:UHS,common_equity,eligible,N,,172.87,,156732465.43142858,15.755993036025174,5.203261927945468,-24.839130434782607,-5.307843996494299,29.20386600049144,34.19479997941997,,,False,,277.0,,2026-08-20,,full,"{""as_of"": ""2026-08-20"", ""listing_date"": null, ""reason_code"": ""valid_trading_sessions"", ""status"": ""full"", ""valid_trading_sessions"": 277}","[""l1.csv""]",[],65.4772,ranked,full,100.0,True,True,False
MRCY,Mercury Systems Inc - Common Stock,nasdaqtrader:Q:MRCY,common_equity,eligible,Q,,94.23,,79973321.91571428,-4.7412050141528495,-0.6117498154203149,4.863120409525945,46.72999065711618,25.3387211789874,76.82175214959692,,,False,,277.0,,2026-08-20,,full,"{""as_of"": ""2026-08-20"", ""listing_date"": null, ""reason_code"": ""valid_trading_sessions"", ""status"": ""full"", ""valid_trading_sessions"": 277}","[""l1.csv""]",[],65.4618,ranked,full,100.0,True,True,False
AUR,"Aurora Innovation, Inc.  - Class A Common Stock",nasdaqtrader:Q:AUR,common_equity,eligible,Q,,6.12,,184222986.72142857,-7.413010590015134,-14.04494382022472,25.92592592592593,2.341137123745818,27.142857142857146,68.7791213205296,,,False,,277.0,,2026-08-20,,full,"{""as_of"": ""2026-08-20"", ""listing_date"": null, ""reason_code"": ""valid_trading_sessions"", ""status"": ""full"", ""valid_trading_sessions"": 277}","[""l1.csv""]",[],65.4524,ranked,full,100.0,True,True,False
INTC,Intel Corporation - Common Stock,nasdaqtrader:Q:INTC,common_equity,eligible,Q,,92.13,,13095742060.65881,-10.222178912492696,-22.553799596503023,106.4769161810847,264.00632161201105,34.63175819497659,76.11150800083703,,,False,,277.0,,2026-08-20,,full,"{""as_of"": ""2026-08-20"", ""listing_date"": null, ""reason_code"": ""valid_trading_sessions"", ""status"": ""full"", ""valid_trading_sessions"": 277}","[""l1.csv""]",[],65.4509,ranked,full,100.0,True,True,False
IBP,"Installed Building Products, Inc. Common Stock",nasdaqtrader:N:IBP,common_equity,eligible,N,,244.61,,93442604.18285716,8.672086720867211,13.282082156254349,-23.88050412323013,-9.353344450620716,28.931694703506782,41.56406712760797,,,False,,277.0,,2026-08-20,,full,"{""as_of"": ""2026-08-20"", ""listing_date"": null, ""reason_code"": ""valid_trading_sessions"", ""status"": ""full"", ""valid_trading_sessions"": 277}","[""l1.csv""]",[],65.4409,ranked,full,100.0,True,True,False
BEAM,Beam Therapeutics Inc. - Common Stock,nasdaqtrader:Q:BEAM,common_equity,eligible,Q,,28.39,,66424653.74952381,6.569069069069067,4.721504979712288,1.8292682926829285,73.63914373088684,25.131856540084385,64.02802171836723,,,False,,277.0,,2026-08-20,,full,"{""as_of"": ""2026-08-20"", ""listing_date"": null, ""reason_code"": ""valid_trading_sessions"", ""status"": ""full"", ""valid_trading_sessions"": 277}","[""l1.csv""]",[],65.4342,ranked,full,100.0,True,True,False
PBR,Petroleo Brasileiro S.A. Petrobras ADS,nasdaqtrader:N:PBR,adr,eligible,N,,19.01,,273418131.03936505,0.6352567496029637,-4.13514876449822,20.621827411167516,60.557432432432456,13.708579210167947,31.388167299877296,,,False,,277.0,,2026-08-20,,full,"{""as_of"": ""2026-08-20"", ""listing_date"": null, ""reason_code"": ""valid_trading_sessions"", ""status"": ""full"", ""valid_trading_sessions"": 277}","[""l1.csv""]",[],65.4271,ranked,full,100.0,True,True,False
AI,"C3.ai, Inc. Class A Common Stock",nasdaqtrader:N:AI,common_equity,eligible,N,,10.31,,61116989.04396825,25.885225885225903,11.099137931034498,-3.6448598130841003,-40.678941311852704,47.558494404883014,46.06227788016658,,,False,,277.0,,2026-08-20,,full,"{""as_of"": ""2026-08-20"", ""listing_date"": null, ""reason_code"": ""valid_trading_sessions"", ""status"": ""full"", ""valid_trading_sessions"": 277}","[""l1.csv""]",[],65.4128,ranked,full,100.0,True,True,False
KLIC,"Kulicke and Soffa Industries, Inc. - Common Stock",nasdaqtrader:Q:KLIC,common_equity,eligible,Q,,85.13,,116192501.35198413,-19.384469696969695,-15.904376173071233,22.55974661675786,134.71188309897983,36.37994170839251,76.51895624539075,,,False,,277.0,,2026-08-20,,full,"{""as_of"": ""2026-08-20"", ""listing_date"": null, ""reason_code"": ""valid_trading_sessions"", ""status"": ""full"", ""valid_trading_sessions"": 277}","[""l1.csv""]",[],65.408,ranked,full,100.0,True,True,False
CLX,Clorox Company (The) Common Stock,nasdaqtrader:N:CLX,common_equity,eligible,N,,106.04,,250078594.66095236,10.735171261487043,12.497347761510724,-13.23842251677303,-12.225809121761444,16.608996539792376,33.115028626308145,,,False,,277.0,,2026-08-20,,full,"{""as_of"": ""2026-08-20"", ""listing_date"": null, ""reason_code"": ""valid_trading_sessions"", ""status"": ""full"", ""valid_trading_sessions"": 277}","[""l1.csv""]",[],65.4022,ranked,full,100.0,True,True,False
GE,GE Aerospace Common Stock,nasdaqtrader:N:GE,common_equity,eligible,N,,344.64,,1561745722.9890475,1.0111667985579942,14.81493820168569,2.9575192686861485,29.598014515097958,9.59550915481875,32.475230397354565,,,False,,277.0,,2026-08-20,,full,"{""as_of"": ""2026-08-20"", ""listing_date"": null, ""reason_code"": ""valid_trading_sessions"", ""status"": ""full"", ""valid_trading_sessions"": 277}","[""l1.csv""]",[],65.3989,ranked,full,100.0,True,True,False
TRMB,Trimble Inc. - Common Stock,nasdaqtrader:Q:TRMB,common_equity,eligible,Q,,59.68,,161570165.4506349,19.12175648702594,6.628551009469352,-11.44086659741802,-26.429980276134124,28.54406130268199,39.96057319103196,,,False,,277.0,,2026-08-20,,full,"{""as_of"": ""2026-08-20"", ""listing_date"": null, ""reason_code"": ""valid_trading_sessions"", ""status"": ""full"", ""valid_trading_sessions"": 277}","[""l1.csv""]",[],65.3892,ranked,full,100.0,True,True,False
SMTC,Semtech Corporation - Common Stock,nasdaqtrader:Q:SMTC,common_equity,eligible,Q,,124.88,,511551958.7487301,-8.800116848024542,-11.963341557983787,46.98681732580039,157.2723526988051,28.52973158587535,102.74599660984411,,,False,,277.0,,2026-08-20,,full,"{""as_of"": ""2026-08-20"", ""listing_date"": null, ""reason_code"": ""valid_trading_sessions"", ""status"": ""full"", ""valid_trading_sessions"": 277}","[""l1.csv""]",[],65.3873,ranked,full,100.0,True,True,False
DAL,"Delta Air Lines, Inc. Common Stock",nasdaqtrader:N:DAL,common_equity,eligible,N,,81.06,,589341459.6612699,-2.9454022988505635,9.363194819212083,20.195729537366546,33.983471074380176,13.452914798206272,33.68215993891675,,,False,,277.0,,2026-08-20,,full,"{""as_of"": ""2026-08-20"", ""listing_date"": null, ""reason_code"": ""valid_trading_sessions"", ""status"": ""full"", ""valid_trading_sessions"": 277}","[""l1.csv""]",[],65.3632,ranked,full,100.0,True,True,False
ERIE,Erie Indemnity Company - Class A Common Stock,nasdaqtrader:Q:ERIE,common_equity,eligible,Q,,262.61,,58522703.467857145,24.542350374656174,18.255505020939356,-4.376797873502525,-27.649668016640494,28.31913964406595,61.91411537535868,,,False,,277.0,,2026-08-20,,full,"{""as_of"": ""2026-08-20"", ""listing_date"": null, ""reason_code"": ""valid_trading_sessions"", ""status"": ""full"", ""valid_trading_sessions"": 277}","[""l1.csv""]",[],65.3592,ranked,full,100.0,True,True,False
POWI,"Power Integrations, Inc. - Common Stock",nasdaqtrader:Q:POWI,common_equity,eligible,Q,,54.84,,73014881.82746032,-24.348185956683665,-20.671199189932,20.07882636303919,17.910126854439913,37.21808815111619,68.34975044887273,,,False,,277.0,,2026-08-20,,full,"{""as_of"": ""2026-08-20"", ""listing_date"": null, ""reason_code"": ""valid_trading_sessions"", ""status"": ""full"", ""valid_trading_sessions"": 277}","[""l1.csv""]",[],65.3521,ranked,full,100.0,True,True,False
MRVL,"Marvell Technology, Inc. - Common Stock",nasdaqtrader:Q:MRVL,common_equity,eligible,Q,,251.01,,10512202333.173096,18.96772358879566,34.37366167023552,215.29958547921115,248.28638823366177,20.674398761179415,94.04200060618697,,,False,,277.0,,2026-08-20,,full,"{""as_of"": ""2026-08-20"", ""listing_date"": null, ""reason_code"": ""valid_trading_sessions"", ""status"": ""full"", ""valid_trading_sessions"": 277}","[""l1.csv""]",[],65.3399,ranked,full,100.0,True,True,False
MIRM,"Mirum Pharmaceuticals, Inc. - common stock",nasdaqtrader:Q:MIRM,common_equity,eligible,Q,,97.18,,88228203.46373016,-15.11180992313067,0.2372356884992266,-7.877523935918084,49.14057704112955,24.41471571906354,53.36894009284833,,,False,,277.0,,2026-08-20,,full,"{""as_of"": ""2026-08-20"", ""listing_date"": null, ""reason_code"": ""valid_trading_sessions"", ""status"": ""full"", ""valid_trading_sessions"": 277}","[""l1.csv""]",[],65.3386,ranked,full,100.0,True,True,False
CAI,"Caris Life Sciences, Inc. - Common Stock",nasdaqtrader:Q:CAI,common_equity,eligible,Q,,24.56,,67540938.8879365,59.687906371911545,56.43312101910829,17.793764988009574,-33.49580287029516,37.50636132315521,84.83553159448097,,,False,,277.0,,2026-08-20,,full,"{""as_of"": ""2026-08-20"", ""listing_date"": null, ""reason_code"": ""valid_trading_sessions"", ""status"": ""full"", ""valid_trading_sessions"": 277}","[""l1.csv""]",[],65.3329,ranked,full,100.0,True,True,False
SYF,Synchrony Financial Common Stock,nasdaqtrader:N:SYF,common_equity,eligible,N,,76.71,,269504741.7395238,5.356407086938586,6.467730742539901,6.158317187932449,7.151836848721871,13.29264157341472,25.668718149890513,,,False,,277.0,,2026-08-20,,full,"{""as_of"": ""2026-08-20"", ""listing_date"": null, ""reason_code"": ""valid_trading_sessions"", ""status"": ""full"", ""valid_trading_sessions"": 277}","[""l1.csv""]",[],65.3232,ranked,full,100.0,True,True,False
DAVE,Dave Inc.  - Class A Common Stock,nasdaqtrader:Q:DAVE,common_equity,eligible,Q,,335.01,,194415702.4706349,-20.924798187225612,37.4118129614438,87.95444344703769,76.32105263157894,24.29665785370483,82.95515397986509,,,False,,277.0,,2026-08-20,,full,"{""as_of"": ""2026-08-20"", ""listing_date"": null, ""reason_code"": ""valid_trading_sessions"", ""status"": ""full"", ""valid_trading_sessions"": 277}","[""l1.csv""]",[],65.3229,ranked,full,100.0,True,True,False
NCNO,"nCino, Inc. - Common Stock",nasdaqtrader:Q:NCNO,common_equity,eligible,Q,,20.355,,53426495.29833333,22.620481927710845,31.577246283128634,27.218750000000004,-26.859504132231404,37.73325175894768,44.58676087214726,,,False,,277.0,,2026-08-20,,full,"{""as_of"": ""2026-08-20"", ""listing_date"": null, ""reason_code"": ""valid_trading_sessions"", ""status"": ""full"", ""valid_trading_sessions"": 277}","[""l1.csv""]",[],65.3178,ranked,full,100.0,True,True,False
FCEL,"FuelCell Energy, Inc. - Common Stock",nasdaqtrader:Q:FCEL,common_equity,eligible,Q,,18.36,,262472878.87984127,-18.291054739652868,-9.198813056379818,136.90322580645162,354.45544554455444,49.014162732574285,142.3069665281013,,,False,,277.0,,2026-08-20,,full,"{""as_of"": ""2026-08-20"", ""listing_date"": null, ""reason_code"": ""valid_trading_sessions"", ""status"": ""full"", ""valid_trading_sessions"": 277}","[""l1.csv""]",[],65.3157,ranked,full,100.0,True,True,False
MS,Morgan Stanley Common Stock,nasdaqtrader:N:MS,common_equity,eligible,N,,207.45,,1235056210.1109524,-5.057208237986277,4.89457450573898,18.971153294718125,43.99250364406191,9.232115510829153,29.90400631663021,,,False,,277.0,,2026-08-20,,full,"{""as_of"": ""2026-08-20"", ""listing_date"": null, ""reason_code"": ""valid_trading_sessions"", ""status"": ""full"", ""valid_trading_sessions"": 277}","[""l1.csv""]",[],65.308,ranked,full,100.0,True,True,False
EXK,Endeavour Silver Corporation Ordinary Shares (Canada),nasdaqtrader:N:EXK,common_equity,eligible,N,,10.97,,60965619.723809525,31.5347721822542,17.200854700854705,-9.56306677658697,106.59133709981172,22.308781869688378,75.46376616872196,,,False,,277.0,,2026-08-20,,full,"{""as_of"": ""2026-08-20"", ""listing_date"": null, ""reason_code"": ""valid_trading_sessions"", ""status"": ""full"", ""valid_trading_sessions"": 277}","[""l1.csv""]",[],65.3078,ranked,full,100.0,True,True,False
KEYS,Keysight Technologies Inc. Common Stock,nasdaqtrader:N:KEYS,common_equity,eligible,N,,316.51,,513657755.3725397,-3.3645772906298554,-7.474859681945745,32.132420472572434,93.6077807682897,15.222049606257027,44.01121607196368,,,False,,277.0,,2026-08-20,,full,"{""as_of"": ""2026-08-20"", ""listing_date"": null, ""reason_code"": ""valid_trading_sessions"", ""status"": ""full"", ""valid_trading_sessions"": 277}","[""l1.csv""]",[],65.3055,ranked,full,100.0,True,True,False
W,Wayfair Inc. Class A Common Stock,nasdaqtrader:N:W,common_equity,eligible,N,,103.31,,314649584.07603174,22.550415183867155,59.626081582200264,29.8353650873445,30.854971500949958,13.221335573288528,98.27570520359878,,,False,,277.0,,2026-08-20,,full,"{""as_of"": ""2026-08-20"", ""listing_date"": null, ""reason_code"": ""valid_trading_sessions"", ""status"": ""full"", ""valid_trading_sessions"": 277}","[""l1.csv""]",[],65.3053,ranked,full,100.0,True,True,False
SPOT,Spotify Technology S.A. Ordinary Shares,nasdaqtrader:N:SPOT,common_equity,eligible,N,,533.13,,1005958245.0796826,12.43673021764804,23.03378565494323,9.858023037771213,-25.887259331340793,27.812004928709733,41.02641582186121,,,False,,277.0,,2026-08-20,,full,"{""as_of"": ""2026-08-20"", ""listing_date"": null, ""reason_code"": ""valid_trading_sessions"", ""status"": ""full"", ""valid_trading_sessions"": 277}","[""l1.csv""]",[],65.2916,ranked,full,100.0,True,True,False
ECG,"Everus Construction Group, Inc. Common Stock",nasdaqtrader:N:ECG,common_equity,eligible,N,,125.32,,86433180.74206349,-8.545573961906161,-15.751260504201682,19.88902707356739,66.27305293883505,25.91629226767558,70.25018378260171,,,False,,277.0,,2026-08-20,,full,"{""as_of"": ""2026-08-20"", ""listing_date"": null, ""reason_code"": ""valid_trading_sessions"", ""status"": ""full"", ""valid_trading_sessions"": 277}","[""l1.csv""]",[],65.2888,ranked,full,100.0,True,True,False
TPL,Texas Pacific Land Corporation Common Stock,nasdaqtrader:N:TPL,common_equity,eligible,N,,369.56,,158703660.22015876,-14.670976679750636,-8.190693861327103,-24.046366326866163,22.88764007581552,31.53633820559847,47.41785305714023,,,False,,277.0,,2026-08-20,,full,"{""as_of"": ""2026-08-20"", ""listing_date"": null, ""reason_code"": ""valid_trading_sessions"", ""status"": ""full"", ""valid_trading_sessions"": 277}","[""l1.csv""]",[],65.2882,ranked,full,100.0,True,True,False
SOXX,iShares PHLX SOX Semiconductor Sector Index Fund,US:SOXX,etf,eligible,Q,,522.35,,5705262898.820317,-5.97098214285714,0.392073955910921,46.793502697841745,113.07362839078117,20.2531259064747,53.50683811587928,,,False,,277.0,,2026-08-20,,full,"{""as_of"": ""2026-08-20"", ""listing_date"": null, ""reason_code"": ""valid_trading_sessions"", ""status"": ""full"", ""valid_trading_sessions"": 277}","[""l1.csv""]",[],65.2838,ranked,full,100.0,True,True,False
KVYO,"Klaviyo, Inc. Series A Common Stock",nasdaqtrader:N:KVYO,common_equity,eligible,N,,18.11,,100106654.69031745,11.790123456790136,19.854401058901395,-0.1653803748621896,-42.68987341772152,49.58240534521159,81.9442387150327,,,False,,277.0,,2026-08-20,,full,"{""as_of"": ""2026-08-20"", ""listing_date"": null, ""reason_code"": ""valid_trading_sessions"", ""status"": ""full"", ""valid_trading_sessions"": 277}","[""l1.csv""]",[],65.2778,ranked,full,100.0,True,True,False
EQX,Equinox Gold Corp. Common Shares,nasdaqtrader:A:EQX,common_equity,eligible,A,,12.88,,147804441.08380952,37.754010695187176,3.70370370370372,-24.146054181389864,70.59602649006624,31.343283582089555,60.86255860790518,,,False,,277.0,,2026-08-20,,full,"{""as_of"": ""2026-08-20"", ""listing_date"": null, ""reason_code"": ""valid_trading_sessions"", ""status"": ""full"", ""valid_trading_sessions"": 277}","[""l1.csv""]",[],65.2624,ranked,full,100.0,True,True,False
CELH,"Celsius Holdings, Inc. - Common Stock",nasdaqtrader:Q:CELH,common_equity,eligible,Q,,32.54,,297736583.77190477,14.29574991218827,13.657003143555713,-26.263312939043736,-46.188192492144864,49.83040394696269,88.93848521762328,,,False,,277.0,,2026-08-20,,full,"{""as_of"": ""2026-08-20"", ""listing_date"": null, ""reason_code"": ""valid_trading_sessions"", ""status"": ""full"", ""valid_trading_sessions"": 277}","[""l1.csv""]",[],65.2613,ranked,full,100.0,True,True,False
LQDA,Liquidia Corporation - Common Stock,nasdaqtrader:Q:LQDA,common_equity,eligible,Q,,71.08,,141822050.70222223,-18.33639705882354,15.072041444066686,102.79600570613412,162.1910734046477,21.91585191695046,75.17244288246505,,,False,,277.0,,2026-08-20,,full,"{""as_of"": ""2026-08-20"", ""listing_date"": null, ""reason_code"": ""valid_trading_sessions"", ""status"": ""full"", ""valid_trading_sessions"": 277}","[""l1.csv""]",[],65.2554,ranked,full,100.0,True,True,False
POWL,"Powell Industries, Inc. - Common Stock",nasdaqtrader:Q:POWL,common_equity,eligible,Q,,197.4,,184837195.86428574,-17.982383247465517,-27.172108467072498,10.408859555903582,133.0578512396694,38.70517000465766,70.95538584120703,,,False,,277.0,,2026-08-20,,full,"{""as_of"": ""2026-08-20"", ""listing_date"": null, ""reason_code"": ""valid_trading_sessions"", ""status"": ""full"", ""valid_trading_sessions"": 277}","[""l1.csv""]",[],65.253,ranked,full,100.0,True,True,False
MOS,Mosaic Company (The) Common Stock,nasdaqtrader:N:MOS,common_equity,eligible,N,,23.35,,193110531.28142858,2.5021949078138706,6.816102470265339,-22.57957559681697,-27.57444168734491,35.01252435290843,40.941490795834916,,,False,,277.0,,2026-08-20,,full,"{""as_of"": ""2026-08-20"", ""listing_date"": null, ""reason_code"": ""valid_trading_sessions"", ""status"": ""full"", ""valid_trading_sessions"": 277}","[""l1.csv""]",[],65.2492,ranked,full,100.0,True,True,False
PDD,PDD Holdings Inc. - American Depositary Shares,nasdaqtrader:Q:PDD,adr,eligible,Q,,89.47,,730001539.7582539,7.034334250508434,-8.843606724401432,-12.24129475232958,-24.859326446628028,35.227684065735176,31.26483877699536,,,False,,277.0,,2026-08-20,,full,"{""as_of"": ""2026-08-20"", ""listing_date"": null, ""reason_code"": ""valid_trading_sessions"", ""status"": ""full"", ""valid_trading_sessions"": 277}","[""l1.csv""]",[],65.2348,ranked,full,100.0,True,True,False
MTRN,Materion Corporation,qrgf-resolution-required:N:MTRN,common_equity,eligible,N,,232.72,,96771085.65063491,-7.1571052421607,12.94346032516378,54.27245608220086,107.08311087382097,21.745855610477815,112.94441883934196,,,False,,277.0,,2026-08-20,,full,"{""as_of"": ""2026-08-20"", ""listing_date"": null, ""reason_code"": ""valid_trading_sessions"", ""status"": ""full"", ""valid_trading_sessions"": 277}","[""l1.csv""]",[],65.2328,ranked,full,100.0,True,True,False
ST,Sensata Technologies Holding plc Ordinary Shares,nasdaqtrader:N:ST,common_equity,eligible,N,,41.93,,91592857.70269842,-8.748639825897719,-12.17008797653959,15.956858407079654,30.338824992228773,21.69934640522876,35.87616709287775,,,False,,277.0,,2026-08-20,,full,"{""as_of"": ""2026-08-20"", ""listing_date"": null, ""reason_code"": ""valid_trading_sessions"", ""status"": ""full"", ""valid_trading_sessions"": 277}","[""l1.csv""]",[],65.2266,ranked,full,100.0,True,True,False
NXPI,NXP Semiconductors N.V. - Common Stock,nasdaqtrader:Q:NXPI,common_equity,eligible,Q,,223.06,,1166766844.634603,-19.992826398852227,-28.07996130904401,-3.8990133988195286,-2.708596850874523,32.94856764962275,44.31199873565175,,,False,,277.0,,2026-08-20,,full,"{""as_of"": ""2026-08-20"", ""listing_date"": null, ""reason_code"": ""valid_trading_sessions"", ""status"": ""full"", ""valid_trading_sessions"": 277}","[""l1.csv""]",[],65.2265,ranked,full,100.0,True,True,False
ARCB,ArcBest Corporation - Common Stock,nasdaqtrader:Q:ARCB,common_equity,eligible,Q,,135.76,,59381364.35793651,-14.819927217969632,8.58194033431976,29.172216936251182,85.46448087431693,21.62567832813763,47.686627455586326,,,False,,277.0,,2026-08-20,,full,"{""as_of"": ""2026-08-20"", ""listing_date"": null, ""reason_code"": ""valid_trading_sessions"", ""status"": ""full"", ""valid_trading_sessions"": 277}","[""l1.csv""]",[],65.2168,ranked,full,100.0,True,True,False
XPO,"XPO, Inc. Common Stock",nasdaqtrader:N:XPO,common_equity,eligible,N,,196.84,,279442440.2865079,-7.868008424994155,-6.591372846770738,-3.1966165043769035,49.75654290931224,13.806542015150846,35.47554485835768,,,False,,277.0,,2026-08-20,,full,"{""as_of"": ""2026-08-20"", ""listing_date"": null, ""reason_code"": ""valid_trading_sessions"", ""status"": ""full"", ""valid_trading_sessions"": 277}","[""l1.csv""]",[],65.2016,ranked,full,100.0,True,True,False
AEO,"American Eagle Outfitters, Inc. Common Stock",nasdaqtrader:N:AEO,common_equity,eligible,N,,16.0,,87086890.2515873,-10.213243546576878,-2.4390243902438935,-35.87174348697395,26.682501979414084,43.24228449804895,49.34637774442776,,,False,,277.0,,2026-08-20,,full,"{""as_of"": ""2026-08-20"", ""listing_date"": null, ""reason_code"": ""valid_trading_sessions"", ""status"": ""full"", ""valid_trading_sessions"": 277}","[""l1.csv""]",[],65.2005,ranked,full,100.0,True,True,False
OPCH,"Option Care Health, Inc. - Common Stock",nasdaqtrader:Q:OPCH,common_equity,eligible,Q,,23.49,,56804655.11857142,11.063829787234036,5.668016194331971,-34.127874369040946,-17.723292469352025,35.80213172998088,36.464374028278776,,,False,,277.0,,2026-08-20,,full,"{""as_of"": ""2026-08-20"", ""listing_date"": null, ""reason_code"": ""valid_trading_sessions"", ""status"": ""full"", ""valid_trading_sessions"": 277}","[""l1.csv""]",[],65.1965,ranked,full,100.0,True,True,False
THO,"Thor Industries, Inc. Common Stock",nasdaqtrader:N:THO,common_equity,eligible,N,,78.74,,55897663.96857143,1.4690721649484484,5.323702514713746,-30.466266336983395,-26.77392355621687,34.56872195446237,34.43940284729122,,,False,,277.0,,2026-08-20,,full,"{""as_of"": ""2026-08-20"", ""listing_date"": null, ""reason_code"": ""valid_trading_sessions"", ""status"": ""full"", ""valid_trading_sessions"": 277}","[""l1.csv""]",[],65.1925,ranked,full,100.0,True,True,False
SRPT,"Sarepta Therapeutics, Inc. - Common Stock",nasdaqtrader:Q:SRPT,common_equity,eligible,Q,,19.22,,56529537.609920636,21.491782553729454,12.266355140186903,3.3889187735341553,-4.757185332011893,21.390593047034766,57.09930177370178,,,False,,277.0,,2026-08-20,,full,"{""as_of"": ""2026-08-20"", ""listing_date"": null, ""reason_code"": ""valid_trading_sessions"", ""status"": ""full"", ""valid_trading_sessions"": 277}","[""l1.csv""]",[],65.1854,ranked,full,100.0,True,True,False
MU,"Micron Technology, Inc. - Common Stock",nasdaqtrader:Q:MU,common_equity,eligible,Q,,974.33,,46817345632.37651,1.5477133447284075,33.107009658601896,133.4563316161495,698.3039737812372,19.713075579287377,95.97662038982638,,,False,,277.0,,2026-08-20,,full,"{""as_of"": ""2026-08-20"", ""listing_date"": null, ""reason_code"": ""valid_trading_sessions"", ""status"": ""full"", ""valid_trading_sessions"": 277}","[""l1.csv""]",[],65.1783,ranked,full,100.0,True,True,False
B,Barrick Mining Corporation Common Shares,nasdaqtrader:N:B,common_equity,eligible,N,,46.27,,435709082.2636508,23.353772327379385,13.019052271617015,-4.696189495365588,93.03295786399669,12.665156662891642,47.68217903690047,,,False,,277.0,,2026-08-20,,full,"{""as_of"": ""2026-08-20"", ""listing_date"": null, ""reason_code"": ""valid_trading_sessions"", ""status"": ""full"", ""valid_trading_sessions"": 277}","[""l1.csv""]",[],65.1663,ranked,full,100.0,True,True,False
VERA,"Vera Therapeutics, Inc. - Class A Common Stock",nasdaqtrader:Q:VERA,common_equity,eligible,Q,,31.26,,71627620.49777777,-13.29912633476632,-9.705372616984388,-25.836298932384338,41.6402356139556,43.847673791988505,57.18948751650238,,,False,,277.0,,2026-08-20,,full,"{""as_of"": ""2026-08-20"", ""listing_date"": null, ""reason_code"": ""valid_trading_sessions"", ""status"": ""full"", ""valid_trading_sessions"": 277}","[""l1.csv""]",[],65.1602,ranked,full,100.0,True,True,False
AROC,"Archrock, Inc. Common Stock",nasdaqtrader:N:AROC,common_equity,eligible,N,,32.28,,69936156.65206349,-15.849843587069856,-13.435237329042637,-1.7949498022512778,33.83084577114428,23.051251489868896,34.98922822920216,,,False,,277.0,,2026-08-20,,full,"{""as_of"": ""2026-08-20"", ""listing_date"": null, ""reason_code"": ""valid_trading_sessions"", ""status"": ""full"", ""valid_trading_sessions"": 277}","[""l1.csv""]",[],65.1568,ranked,full,100.0,True,True,False
SBSW,D/B/A Sibanye-Stillwater Limited ADS,nasdaqtrader:N:SBSW,adr,eligible,N,,11.82,,51040666.7015873,34.77765108323831,-0.16891891891891442,-22.593320235756376,50.957854406130274,44.03409090909091,56.197213534237264,,,False,,277.0,,2026-08-20,,full,"{""as_of"": ""2026-08-20"", ""listing_date"": null, ""reason_code"": ""valid_trading_sessions"", ""status"": ""full"", ""valid_trading_sessions"": 277}","[""l1.csv""]",[],65.1477,ranked,full,100.0,True,True,False
XRAY,DENTSPLY SIRONA Inc. - Common Stock,nasdaqtrader:Q:XRAY,common_equity,eligible,Q,,10.78,,63573917.53888889,-18.764129615674452,9.55284552845528,-13.897763578274757,-23.164647184604426,26.56675749318801,54.71128429154584,,,False,,277.0,,2026-08-20,,full,"{""as_of"": ""2026-08-20"", ""listing_date"": null, ""reason_code"": ""valid_trading_sessions"", ""status"": ""full"", ""valid_trading_sessions"": 277}","[""l1.csv""]",[],65.1256,ranked,full,100.0,True,True,False
KBR,"KBR, Inc. Common Stock",nasdaqtrader:N:KBR,common_equity,eligible,N,,37.9,,62314787.68111111,6.400898371701302,17.228580266006798,-11.921914943062983,-24.002406256266294,26.564619259833368,37.178970402205735,,,False,,277.0,,2026-08-20,,full,"{""as_of"": ""2026-08-20"", ""listing_date"": null, ""reason_code"": ""valid_trading_sessions"", ""status"": ""full"", ""valid_trading_sessions"": 277}","[""l1.csv""]",[],65.1253,ranked,full,100.0,True,True,False
NUE,Nucor Corporation Common Stock,nasdaqtrader:N:NUE,common_equity,eligible,N,,240.48,,397139232.40761906,1.9415006358626474,6.562680019497491,33.57031770717618,64.81392639298198,12.469971609521735,39.77868159894361,,,False,,277.0,,2026-08-20,,full,"{""as_of"": ""2026-08-20"", ""listing_date"": null, ""reason_code"": ""valid_trading_sessions"", ""status"": ""full"", ""valid_trading_sessions"": 277}","[""l1.csv""]",[],65.1175,ranked,full,100.0,True,True,False
AAPL,Apple Inc. - Common Stock,nasdaqtrader:Q:AAPL,common_equity,eligible,Q,,311.3,,17389739967.551907,-4.476970757003884,2.994210090984284,19.464272008596218,35.01908396946565,8.462714655375203,32.88399845554339,,,False,,277.0,,2026-08-20,,full,"{""as_of"": ""2026-08-20"", ""listing_date"": null, ""reason_code"": ""valid_trading_sessions"", ""status"": ""full"", ""valid_trading_sessions"": 277}","[""l1.csv""]",[],65.1157,ranked,full,100.0,True,True,False
ACN,Accenture plc Class A Ordinary Shares (Ireland),nasdaqtrader:N:ACN,common_equity,eligible,N,,181.35,,1262120984.8526983,29.452494824755515,1.1884834281888246,-15.63154221912072,-29.12693450054713,37.149095446038686,48.89008749239058,,,False,,277.0,,2026-08-20,,full,"{""as_of"": ""2026-08-20"", ""listing_date"": null, ""reason_code"": ""valid_trading_sessions"", ""status"": ""full"", ""valid_trading_sessions"": 277}","[""l1.csv""]",[],65.1067,ranked,full,100.0,True,True,False
OKTA,"Okta, Inc. - Class A Common Stock",nasdaqtrader:Q:OKTA,common_equity,eligible,Q,,134.16,,469908296.81730163,-1.850903504279755,50.673854447439346,64.00977995110024,47.18595721338452,13.417231364956429,54.59803129233756,,,False,,277.0,,2026-08-20,,full,"{""as_of"": ""2026-08-20"", ""listing_date"": null, ""reason_code"": ""valid_trading_sessions"", ""status"": ""full"", ""valid_trading_sessions"": 277}","[""l1.csv""]",[],65.1043,ranked,full,100.0,True,True,False
MDT,Medtronic plc. Ordinary Shares,nasdaqtrader:N:MDT,common_equity,eligible,N,,92.3,,743854238.6109524,12.712174868726333,18.10620601407549,-5.410944865751177,2.6696329254727313,12.38728049359279,27.766413242865816,,,False,,277.0,,2026-08-20,,full,"{""as_of"": ""2026-08-20"", ""listing_date"": null, ""reason_code"": ""valid_trading_sessions"", ""status"": ""full"", ""valid_trading_sessions"": 277}","[""l1.csv""]",[],65.0968,ranked,full,100.0,True,True,False
ALM,Almonty Industries Inc. - Common Shares,nasdaqtrader:Q:ALM,common_equity,eligible,Q,,17.69,,98092872.88111112,23.792862141357606,0.28344671201814275,21.330589849108385,335.7142857142858,24.466268146883007,111.2879564582995,,,False,,277.0,,2026-08-20,,full,"{""as_of"": ""2026-08-20"", ""listing_date"": null, ""reason_code"": ""valid_trading_sessions"", ""status"": ""full"", ""valid_trading_sessions"": 277}","[""l1.csv""]",[],65.0955,ranked,full,100.0,True,True,False
AUGO,Aura Minerals Inc. - Common Shares,nasdaqtrader:Q:AUGO,common_equity,eligible,Q,,86.69,,68736478.80761905,55.10824834496331,15.663775850567042,22.859977324263035,218.24522760646107,20.569910207073484,89.19396408178955,,,False,,277.0,,2026-08-20,,full,"{""as_of"": ""2026-08-20"", ""listing_date"": null, ""reason_code"": ""valid_trading_sessions"", ""status"": ""full"", ""valid_trading_sessions"": 277}","[""l1.csv""]",[],65.076,ranked,full,100.0,True,True,False
RH,RH Common Stock,nasdaqtrader:N:RH,common_equity,eligible,N,,156.41,,137673624.2809524,-10.668798903421106,17.46019825773506,-23.564482236231242,-32.445039519716666,37.68525896414343,67.34097897827081,,,False,,277.0,,2026-08-20,,full,"{""as_of"": ""2026-08-20"", ""listing_date"": null, ""reason_code"": ""valid_trading_sessions"", ""status"": ""full"", ""valid_trading_sessions"": 277}","[""l1.csv""]",[],65.071,ranked,full,100.0,True,True,False
TRI,Thomson Reuters Corp - Common Shares,nasdaqtrader:Q:TRI,common_equity,eligible,Q,,105.88,,190296764.1452381,21.24126875071568,24.03936269915652,22.40462427745664,-40.41643218908272,41.686401938646256,67.62290112005066,,,False,,277.0,,2026-08-20,,full,"{""as_of"": ""2026-08-20"", ""listing_date"": null, ""reason_code"": ""valid_trading_sessions"", ""status"": ""full"", ""valid_trading_sessions"": 277}","[""l1.csv""]",[],65.0542,ranked,full,100.0,True,True,False
RBC,RBC Bearings Incorporated Common Stock,nasdaqtrader:N:RBC,common_equity,eligible,N,,504.61,,150277925.43079364,-14.689771766694836,-11.634707994046046,-8.488992056871336,26.846987255222345,22.23489343340165,29.568458351886633,,,False,,277.0,,2026-08-20,,full,"{""as_of"": ""2026-08-20"", ""listing_date"": null, ""reason_code"": ""valid_trading_sessions"", ""status"": ""full"", ""valid_trading_sessions"": 277}","[""l1.csv""]",[],65.048,ranked,full,100.0,True,True,False
AMD,"Advanced Micro Devices, Inc. - Common Stock",nasdaqtrader:Q:AMD,common_equity,eligible,Q,,469.455,,14766036478.092697,-15.004616805170834,4.8873944322802565,130.83788169346508,181.8703092164515,19.186276703792327,73.8174823589702,,,False,,277.0,,2026-08-20,,full,"{""as_of"": ""2026-08-20"", ""listing_date"": null, ""reason_code"": ""valid_trading_sessions"", ""status"": ""full"", ""valid_trading_sessions"": 277}","[""l1.csv""]",[],65.0466,ranked,full,100.0,True,True,False
SIMO,"Silicon Motion Technology Corporation - American Depositary Shares, each representing four ordinary shares",nasdaqtrader:Q:SIMO,adr,eligible,Q,,249.65,,290960323.9748413,-11.371059358136893,-3.2439345787148244,88.6856624593757,238.92207439587295,25.897892549718016,112.61066534781845,,,False,,277.0,,2026-08-20,,full,"{""as_of"": ""2026-08-20"", ""listing_date"": null, ""reason_code"": ""valid_trading_sessions"", ""status"": ""full"", ""valid_trading_sessions"": 277}","[""l1.csv""]",[],65.0364,ranked,full,100.0,True,True,False
LPX,Louisiana-Pacific Corporation Common Stock,nasdaqtrader:N:LPX,common_equity,eligible,N,,73.75,,87033731.4988889,1.5560451666207564,5.266914073651163,-13.449125689473062,-25.126903553299496,25.864495375954967,47.80218322819141,,,False,,277.0,,2026-08-20,,full,"{""as_of"": ""2026-08-20"", ""listing_date"": null, ""reason_code"": ""valid_trading_sessions"", ""status"": ""full"", ""valid_trading_sessions"": 277}","[""l1.csv""]",[],65.0319,ranked,full,100.0,True,True,False
AAOI,"Applied Optoelectronics, Inc. - Common Stock",nasdaqtrader:Q:AAOI,common_equity,eligible,Q,,129.23,,1760749595.4382539,16.9290626131017,-21.80200895558514,175.07449978714345,467.5450153711023,42.07530255490811,153.97979871364245,,,False,,277.0,,2026-08-20,,full,"{""as_of"": ""2026-08-20"", ""listing_date"": null, ""reason_code"": ""valid_trading_sessions"", ""status"": ""full"", ""valid_trading_sessions"": 277}","[""l1.csv""]",[],65.0283,ranked,full,100.0,True,True,False
BKD,Brookdale Senior Living Inc. Common Stock,nasdaqtrader:N:BKD,common_equity,eligible,N,,11.81,,69836281.88507937,-19.385665529010232,-11.46926536731634,-21.003344481605346,64.25591098748262,29.576624925462124,46.99463402446391,,,False,,277.0,,2026-08-20,,full,"{""as_of"": ""2026-08-20"", ""listing_date"": null, ""reason_code"": ""valid_trading_sessions"", ""status"": ""full"", ""valid_trading_sessions"": 277}","[""l1.csv""]",[],65.0269,ranked,full,100.0,True,True,False
BBWI,"Bath & Body Works, Inc.",qrgf-resolution-required:N:BBWI,common_equity,eligible,N,,19.64,,114336846.0711111,-2.093718843469583,16.350710900473953,-18.641259320629654,-34.13816230717639,38.37464700345152,45.095147337168314,,,False,,277.0,,2026-08-20,,full,"{""as_of"": ""2026-08-20"", ""listing_date"": null, ""reason_code"": ""valid_trading_sessions"", ""status"": ""full"", ""valid_trading_sessions"": 277}","[""l1.csv""]",[],65.025,ranked,full,100.0,True,True,False
NVDA,NVIDIA Corporation - Common Stock,nasdaqtrader:Q:NVDA,common_equity,eligible,Q,,216.85,,29862577179.580956,2.2587946807507198,-2.962366313151654,15.407131452900469,23.462764746071517,8.013065241367611,39.14922686262207,,,False,,277.0,,2026-08-20,,full,"{""as_of"": ""2026-08-20"", ""listing_date"": null, ""reason_code"": ""valid_trading_sessions"", ""status"": ""full"", ""valid_trading_sessions"": 277}","[""l1.csv""]",[],65.0033,ranked,full,100.0,True,True,False
PINS,"Pinterest, Inc. Class A Common Stock",nasdaqtrader:N:PINS,common_equity,eligible,N,,23.23,,331630985.75412697,3.061224489795933,23.49813928761297,38.52116875372691,-34.043157296990344,38.787878787878796,48.79340419544594,,,False,,277.0,,2026-08-20,,full,"{""as_of"": ""2026-08-20"", ""listing_date"": null, ""reason_code"": ""valid_trading_sessions"", ""status"": ""full"", ""valid_trading_sessions"": 277}","[""l1.csv""]",[],64.9975,ranked,full,100.0,True,True,False
HAL,Halliburton Company Common Stock,nasdaqtrader:N:HAL,common_equity,eligible,N,,35.69,,421181898.88396823,8.053284892521951,-15.626477541371154,0.9047215154085464,69.06679298910467,16.961377384830158,35.67205574061049,,,False,,277.0,,2026-08-20,,full,"{""as_of"": ""2026-08-20"", ""listing_date"": null, ""reason_code"": ""valid_trading_sessions"", ""status"": ""full"", ""valid_trading_sessions"": 277}","[""l1.csv""]",[],64.9903,ranked,full,100.0,True,True,False
ALGM,"Allegro MicroSystems, Inc. - Common Stock",nasdaqtrader:Q:ALGM,common_equity,eligible,Q,,37.2,,143364356.88301587,-25.40605574493683,-16.083916083916073,2.5923883066740316,21.409921671018274,46.56707842573973,62.921097107446414,,,False,,277.0,,2026-08-20,,full,"{""as_of"": ""2026-08-20"", ""listing_date"": null, ""reason_code"": ""valid_trading_sessions"", ""status"": ""full"", ""valid_trading_sessions"": 277}","[""l1.csv""]",[],64.9789,ranked,full,100.0,True,True,False
ROK,"Rockwell Automation, Inc. Common Stock",nasdaqtrader:N:ROK,common_equity,eligible,N,,431.45,,377661691.08555555,-5.838061981667398,-1.0957522407904152,9.12286913855025,25.600419201769963,12.852468287953467,32.71890936705264,,,False,,277.0,,2026-08-20,,full,"{""as_of"": ""2026-08-20"", ""listing_date"": null, ""reason_code"": ""valid_trading_sessions"", ""status"": ""full"", ""valid_trading_sessions"": 277}","[""l1.csv""]",[],64.9631,ranked,full,100.0,True,True,False
FND,"Floor & Decor Holdings, Inc. Common Stock",nasdaqtrader:N:FND,common_equity,eligible,N,,54.7,,139675549.4174603,0.9225092250922495,16.284013605442183,-17.27162734422263,-35.540890879094974,39.50453439504534,50.63072368114702,,,False,,277.0,,2026-08-20,,full,"{""as_of"": ""2026-08-20"", ""listing_date"": null, ""reason_code"": ""valid_trading_sessions"", ""status"": ""full"", ""valid_trading_sessions"": 277}","[""l1.csv""]",[],64.9497,ranked,full,100.0,True,True,False
UI,Ubiquiti Inc. Common Stock,nasdaqtrader:N:UI,common_equity,eligible,N,,573.87,,64367191.6952381,6.766511627906979,-4.2289013868259895,-20.156106519742888,47.58892060797779,47.08437067773167,26.497656684765303,,,False,,277.0,,2026-08-20,,full,"{""as_of"": ""2026-08-20"", ""listing_date"": null, ""reason_code"": ""valid_trading_sessions"", ""status"": ""full"", ""valid_trading_sessions"": 277}","[""l1.csv""]",[],64.9444,ranked,full,100.0,True,True,False
HBAN,Huntington Bancshares Incorporated - Common Stock,nasdaqtrader:Q:HBAN,common_equity,eligible,Q,,17.01,,412466917.64873016,-6.896551724137923,7.52212389380531,-4.70588235294117,2.3465703971119245,11.728074727555772,24.55561443703399,,,False,,277.0,,2026-08-20,,full,"{""as_of"": ""2026-08-20"", ""listing_date"": null, ""reason_code"": ""valid_trading_sessions"", ""status"": ""full"", ""valid_trading_sessions"": 277}","[""l1.csv""]",[],64.932,ranked,full,100.0,True,True,False
UTHR,United Therapeutics Corporation - Common Stock,nasdaqtrader:Q:UTHR,common_equity,eligible,Q,,521.0,,275513423.91444445,-1.151649685999967,-7.612646959729041,8.424207108965298,66.33676010471872,12.695220859306922,22.06345010276485,,,False,,277.0,,2026-08-20,,full,"{""as_of"": ""2026-08-20"", ""listing_date"": null, ""reason_code"": ""valid_trading_sessions"", ""status"": ""full"", ""valid_trading_sessions"": 277}","[""l1.csv""]",[],64.9238,ranked,full,100.0,True,True,False
PTCT,"PTC Therapeutics, Inc. - Common Stock",nasdaqtrader:Q:PTCT,common_equity,eligible,Q,,70.52,,132047264.43968254,-10.05102040816328,-0.7040270346381328,0.886981402002851,42.20608993748738,21.250697934115024,43.472701704023144,,,False,,277.0,,2026-08-20,,full,"{""as_of"": ""2026-08-20"", ""listing_date"": null, ""reason_code"": ""valid_trading_sessions"", ""status"": ""full"", ""valid_trading_sessions"": 277}","[""l1.csv""]",[],64.9168,ranked,full,100.0,True,True,False
ONDS,Ondas Inc - Common Stock,nasdaqtrader:Q:ONDS,common_equity,eligible,Q,,8.405,,776555754.9369048,5.062499999999992,-10.20299145299145,-26.207199297629515,134.1225626740947,40.00713775874376,92.27455495633964,,,False,,277.0,,2026-08-20,,full,"{""as_of"": ""2026-08-20"", ""listing_date"": null, ""reason_code"": ""valid_trading_sessions"", ""status"": ""full"", ""valid_trading_sessions"": 277}","[""l1.csv""]",[],64.9162,ranked,full,100.0,True,True,False
CEG,Constellation Energy Corporation - Common Stock When-Issued,nasdaqtrader:Q:CEG,common_equity,eligible,Q,,272.92,,912509688.7977778,-0.7202619134230481,-2.965227903007883,-6.425289720907912,-13.96913959682885,32.437182819655895,35.03108465623478,,,False,,277.0,,2026-08-20,,full,"{""as_of"": ""2026-08-20"", ""listing_date"": null, ""reason_code"": ""valid_trading_sessions"", ""status"": ""full"", ""valid_trading_sessions"": 277}","[""l1.csv""]",[],64.9083,ranked,full,100.0,True,True,False
IRTC,"iRhythm Holdings, Inc.  - Common Stock",nasdaqtrader:Q:IRTC,common_equity,eligible,Q,,127.95,,72156939.2126984,20.62788724427267,9.35897435897437,-19.46752265861027,-19.284632853898565,32.391017173051516,54.4945639175943,,,False,,277.0,,2026-08-20,,full,"{""as_of"": ""2026-08-20"", ""listing_date"": null, ""reason_code"": ""valid_trading_sessions"", ""status"": ""full"", ""valid_trading_sessions"": 277}","[""l1.csv""]",[],64.9021,ranked,full,100.0,True,True,False
SE,"Sea Limited American Depositary Shares, each representing one Class A Ordinary Share",nasdaqtrader:N:SE,adr,eligible,N,,117.24,,460327191.4722222,11.784897025171626,35.45927209705373,2.3036649214659644,-34.59414225941423,40.335877862595424,56.60073469342536,,,False,,277.0,,2026-08-20,,full,"{""as_of"": ""2026-08-20"", ""listing_date"": null, ""reason_code"": ""valid_trading_sessions"", ""status"": ""full"", ""valid_trading_sessions"": 277}","[""l1.csv""]",[],64.8943,ranked,full,100.0,True,True,False
BMI,"Badger Meter, Inc. Common Stock",nasdaqtrader:N:BMI,common_equity,eligible,N,,128.13,,63240691.316984124,1.152601247335583,8.529561240047423,-20.8536660695534,-31.72226366833636,32.31021184426013,54.871370661866024,,,False,,277.0,,2026-08-20,,full,"{""as_of"": ""2026-08-20"", ""listing_date"": null, ""reason_code"": ""valid_trading_sessions"", ""status"": ""full"", ""valid_trading_sessions"": 277}","[""l1.csv""]",[],64.8914,ranked,full,100.0,True,True,False
AEIS,"Advanced Energy Industries, Inc. - Common Stock",nasdaqtrader:Q:AEIS,common_equity,eligible,Q,,292.62,,277945559.3863492,-7.781034319750402,-6.526114039290853,-8.738772455089816,94.54823482481218,24.78601722143683,83.62766525152337,,,False,,277.0,,2026-08-20,,full,"{""as_of"": ""2026-08-20"", ""listing_date"": null, ""reason_code"": ""valid_trading_sessions"", ""status"": ""full"", ""valid_trading_sessions"": 277}","[""l1.csv""]",[],64.8881,ranked,full,100.0,True,True,False
CBRE,CBRE Group Inc Common Stock Class A,nasdaqtrader:N:CBRE,common_equity,eligible,N,,151.79,,281551226.44539684,10.722882777737253,15.764185478950576,1.7427441517527953,-5.119389923740469,11.549443505623225,37.82219286850345,,,False,,277.0,,2026-08-20,,full,"{""as_of"": ""2026-08-20"", ""listing_date"": null, ""reason_code"": ""valid_trading_sessions"", ""status"": ""full"", ""valid_trading_sessions"": 277}","[""l1.csv""]",[],64.8874,ranked,full,100.0,True,True,False
IREN,IREN Limited - Ordinary Shares,nasdaqtrader:Q:IREN,common_equity,eligible,Q,,42.6,,2178174277.2611113,3.197674418604657,-19.180421172453045,-1.5939015939015921,127.44260544580888,44.24813506085591,128.3802061203576,,,False,,277.0,,2026-08-20,,full,"{""as_of"": ""2026-08-20"", ""listing_date"": null, ""reason_code"": ""valid_trading_sessions"", ""status"": ""full"", ""valid_trading_sessions"": 277}","[""l1.csv""]",[],64.8835,ranked,full,100.0,True,True,False
CDNS,"Cadence Design Systems, Inc. - Common Stock",nasdaqtrader:Q:CDNS,common_equity,eligible,Q,,313.59,,870756651.7606349,-6.949348684015311,-10.630112000911973,5.731818335075367,-9.596978782287824,24.68839309301376,38.99262961774617,,,False,,277.0,,2026-08-20,,full,"{""as_of"": ""2026-08-20"", ""listing_date"": null, ""reason_code"": ""valid_trading_sessions"", ""status"": ""full"", ""valid_trading_sessions"": 277}","[""l1.csv""]",[],64.8751,ranked,full,100.0,True,True,False
INOD,Innodata Inc. - Common Stock,nasdaqtrader:Q:INOD,common_equity,eligible,Q,,62.79,,117672984.01698412,2.2471910112359605,-33.70288248337029,37.637001315212636,63.090909090909086,48.32098765432099,65.13455464292488,,,False,,277.0,,2026-08-20,,full,"{""as_of"": ""2026-08-20"", ""listing_date"": null, ""reason_code"": ""valid_trading_sessions"", ""status"": ""full"", ""valid_trading_sessions"": 277}","[""l1.csv""]",[],64.8619,ranked,full,100.0,True,True,False
AZO,"AutoZone, Inc. Common Stock",nasdaqtrader:N:AZO,common_equity,eligible,N,,2961.99,,1050017087.9276191,-0.3518982657403802,-13.375894904309593,-20.918491305543462,-28.260269327649688,31.979267614949002,28.96553527637359,,,False,,277.0,,2026-08-20,,full,"{""as_of"": ""2026-08-20"", ""listing_date"": null, ""reason_code"": ""valid_trading_sessions"", ""status"": ""full"", ""valid_trading_sessions"": 277}","[""l1.csv""]",[],64.8472,ranked,full,100.0,True,True,False
DNN,Denison Mines Corp Ordinary Shares (Canada),nasdaqtrader:A:DNN,common_equity,eligible,A,,3.14,,76103726.74984127,2.9508196721311553,-0.9463722397476282,-23.227383863080675,62.69430051813472,28.14645308924485,58.48045368730944,,,False,,277.0,,2026-08-20,,full,"{""as_of"": ""2026-08-20"", ""listing_date"": null, ""reason_code"": ""valid_trading_sessions"", ""status"": ""full"", ""valid_trading_sessions"": 277}","[""l1.csv""]",[],64.8362,ranked,full,100.0,True,True,False
NPO,Enpro Inc. Common Stock,nasdaqtrader:N:NPO,common_equity,eligible,N,,312.75,,84037135.6163492,-6.49944691919041,2.389916516614843,12.70676420771919,38.04899580666519,19.321552947246225,43.5344360521215,,,False,,277.0,,2026-08-20,,full,"{""as_of"": ""2026-08-20"", ""listing_date"": null, ""reason_code"": ""valid_trading_sessions"", ""status"": ""full"", ""valid_trading_sessions"": 277}","[""l1.csv""]",[],64.8304,ranked,full,100.0,True,True,False
VRT,"Vertiv Holdings, LLC Class A Common Stock",nasdaqtrader:N:VRT,common_equity,eligible,N,,264.63,,1815657753.0782537,-12.12976490901847,-16.168783856559067,8.874352011848918,105.06005424254164,29.662706323259712,77.73845344086551,,,False,,277.0,,2026-08-20,,full,"{""as_of"": ""2026-08-20"", ""listing_date"": null, ""reason_code"": ""valid_trading_sessions"", ""status"": ""full"", ""valid_trading_sessions"": 277}","[""l1.csv""]",[],64.7884,ranked,full,100.0,True,True,False
LSTR,"Landstar System, Inc. - Common Stock",nasdaqtrader:Q:LSTR,common_equity,eligible,Q,,182.42,,100507583.30523808,-13.16227924025325,-3.6700638960764698,21.564707450353172,37.68586308400632,19.057549806984074,39.49816058637331,,,False,,277.0,,2026-08-20,,full,"{""as_of"": ""2026-08-20"", ""listing_date"": null, ""reason_code"": ""valid_trading_sessions"", ""status"": ""full"", ""valid_trading_sessions"": 277}","[""l1.csv""]",[],64.7644,ranked,full,100.0,True,True,False
G,Genpact Limited Common Stock,nasdaqtrader:N:G,common_equity,eligible,N,,36.93,,80690030.97285715,23.05898033988669,14.97509339975094,-4.966546577457542,-17.54855994641661,23.855670103092784,44.66808638964837,,,False,,277.0,,2026-08-20,,full,"{""as_of"": ""2026-08-20"", ""listing_date"": null, ""reason_code"": ""valid_trading_sessions"", ""status"": ""full"", ""valid_trading_sessions"": 277}","[""l1.csv""]",[],64.7641,ranked,full,100.0,True,True,False
CPRT,"Copart, Inc. - Common Stock",nasdaqtrader:Q:CPRT,common_equity,eligible,Q,,34.33,,377794051.15761906,26.352594773647397,3.904358353510884,-8.818061088977425,-28.19493829742732,31.29877926756054,43.158674013135915,,,False,,277.0,,2026-08-20,,full,"{""as_of"": ""2026-08-20"", ""listing_date"": null, ""reason_code"": ""valid_trading_sessions"", ""status"": ""full"", ""valid_trading_sessions"": 277}","[""l1.csv""]",[],64.7565,ranked,full,100.0,True,True,False
MOH,Molina Healthcare Inc Common Stock,nasdaqtrader:N:MOH,common_equity,eligible,N,,196.94,,235320401.63507935,-11.184269865608377,8.066286215978913,32.852131678359406,13.281564567155591,18.914690382081687,46.36644170393143,,,False,,277.0,,2026-08-20,,full,"{""as_of"": ""2026-08-20"", ""listing_date"": null, ""reason_code"": ""valid_trading_sessions"", ""status"": ""full"", ""valid_trading_sessions"": 277}","[""l1.csv""]",[],64.7287,ranked,full,100.0,True,True,False
MIAX,"Miami International Holdings, Inc. Common Stock",nasdaqtrader:N:MIAX,common_equity,eligible,N,,41.32,,78029548.87571429,-1.1719684286055965,-20.52317753414118,1.67322834645669,25.630890848282164,27.304714989444058,34.09275926421233,,,False,,256.0,,2026-08-20,,full,"{""as_of"": ""2026-08-20"", ""listing_date"": null, ""reason_code"": ""valid_trading_sessions"", ""status"": ""full"", ""valid_trading_sessions"": 256}","[""l1.csv""]",[],64.724,ranked,full,100.0,True,True,False
SAIL,"SailPoint, Inc. - Common Stock",nasdaqtrader:Q:SAIL,common_equity,eligible,Q,,18.51,,69660187.13238095,25.2368064952639,23.564753004005357,18.123803446075314,-5.849440488301116,21.667371984765115,57.63205417865408,,,False,,277.0,,2026-08-20,,full,"{""as_of"": ""2026-08-20"", ""listing_date"": null, ""reason_code"": ""valid_trading_sessions"", ""status"": ""full"", ""valid_trading_sessions"": 277}","[""l1.csv""]",[],64.7223,ranked,full,100.0,True,True,False
TDC,Teradata Corporation Common Stock,nasdaqtrader:N:TDC,common_equity,eligible,N,,27.57,,97549274.8347619,-1.8511925952296227,-16.70694864048339,-14.16562889165628,30.53977272727273,27.217529039070754,92.95841277541273,,,False,,277.0,,2026-08-20,,full,"{""as_of"": ""2026-08-20"", ""listing_date"": null, ""reason_code"": ""valid_trading_sessions"", ""status"": ""full"", ""valid_trading_sessions"": 277}","[""l1.csv""]",[],64.7123,ranked,full,100.0,True,True,False
ESE,ESCO Technologies Inc. Common Stock,nasdaqtrader:N:ESE,common_equity,eligible,N,,284.57,,76971100.4220635,-12.697877040127615,-4.00742115027829,4.329813755682643,50.526315789473664,19.816849816849814,39.19449337392672,,,False,,277.0,,2026-08-20,,full,"{""as_of"": ""2026-08-20"", ""listing_date"": null, ""reason_code"": ""valid_trading_sessions"", ""status"": ""full"", ""valid_trading_sessions"": 277}","[""l1.csv""]",[],64.7042,ranked,full,100.0,True,True,False
SLM,SLM Corporation - Common Stock,nasdaqtrader:Q:SLM,common_equity,eligible,Q,,25.86,,66892332.98015873,2.5376685170499735,17.438692098092634,10.46561298590345,-14.51239669421488,18.806907378335957,30.91995766286242,,,False,,277.0,,2026-08-20,,full,"{""as_of"": ""2026-08-20"", ""listing_date"": null, ""reason_code"": ""valid_trading_sessions"", ""status"": ""full"", ""valid_trading_sessions"": 277}","[""l1.csv""]",[],64.7017,ranked,full,100.0,True,True,False
SHAK,"Shake Shack, Inc. Class A Common Stock",nasdaqtrader:N:SHAK,common_equity,eligible,N,,73.85,,128020079.04555555,32.01644619234894,16.354183078619823,-20.74479502039065,-29.343666283964797,30.82615211689772,54.05113733502252,,,False,,277.0,,2026-08-20,,full,"{""as_of"": ""2026-08-20"", ""listing_date"": null, ""reason_code"": ""valid_trading_sessions"", ""status"": ""full"", ""valid_trading_sessions"": 277}","[""l1.csv""]",[],64.6935,ranked,full,100.0,True,True,False
FOXA,Fox Corporation - Class A Common Stock,nasdaqtrader:Q:FOXA,common_equity,eligible,Q,,67.96,,364512024.09587306,20.38972542072628,5.972243879619521,21.01139601139601,16.870163370593282,10.708185520956516,32.573981221625985,,,False,,277.0,,2026-08-20,,full,"{""as_of"": ""2026-08-20"", ""listing_date"": null, ""reason_code"": ""valid_trading_sessions"", ""status"": ""full"", ""valid_trading_sessions"": 277}","[""l1.csv""]",[],64.677,ranked,full,100.0,True,True,False
BELFB,Bel Fuse Inc. - Class B Common Stock,nasdaqtrader:Q:BELFB,common_equity,eligible,Q,,262.43,,80304515.25555556,-6.959512160533221,3.014720314033359,14.070242545422929,105.34428794992175,21.20165745856354,63.157771528630704,,,False,,277.0,,2026-08-20,,full,"{""as_of"": ""2026-08-20"", ""listing_date"": null, ""reason_code"": ""valid_trading_sessions"", ""status"": ""full"", ""valid_trading_sessions"": 277}","[""l1.csv""]",[],64.6602,ranked,full,100.0,True,True,False
BOOT,"Boot Barn Holdings, Inc. Common Stock",nasdaqtrader:N:BOOT,common_equity,eligible,N,,160.22,,115336509.42507936,7.256660864908282,12.616855275180994,-18.624612727919143,-2.3941516905269578,22.96374651408789,48.53713821488032,,,False,,277.0,,2026-08-20,,full,"{""as_of"": ""2026-08-20"", ""listing_date"": null, ""reason_code"": ""valid_trading_sessions"", ""status"": ""full"", ""valid_trading_sessions"": 277}","[""l1.csv""]",[],64.6452,ranked,full,100.0,True,True,False
FERG,Ferguson Enterprises Inc. Common Stock,nasdaqtrader:N:FERG,common_equity,eligible,N,,239.44,,564946098.3014286,4.272089883726005,6.097128677773833,-7.136208501396202,3.038127205439367,10.559934257218629,33.85982461282164,,,False,,277.0,,2026-08-20,,full,"{""as_of"": ""2026-08-20"", ""listing_date"": null, ""reason_code"": ""valid_trading_sessions"", ""status"": ""full"", ""valid_trading_sessions"": 277}","[""l1.csv""]",[],64.64,ranked,full,100.0,True,True,False
MP,MP Materials Corp. Common Stock,nasdaqtrader:N:MP,common_equity,eligible,N,,55.04,,329817736.8957143,20.490367775831864,-2.5840707964601806,-6.0109289617486406,-20.56573820176072,44.206791687785106,73.703675000224,,,False,,277.0,,2026-08-20,,full,"{""as_of"": ""2026-08-20"", ""listing_date"": null, ""reason_code"": ""valid_trading_sessions"", ""status"": ""full"", ""valid_trading_sessions"": 277}","[""l1.csv""]",[],64.6362,ranked,full,100.0,True,True,False
NXE,Nexgen Energy Ltd. Common Shares,nasdaqtrader:N:NXE,common_equity,eligible,N,,10.22,,56618307.61666667,8.262711864406791,-3.4938621340887543,-17.179902755267417,56.03053435114504,26.58045977011494,47.90571007918038,,,False,,277.0,,2026-08-20,,full,"{""as_of"": ""2026-08-20"", ""listing_date"": null, ""reason_code"": ""valid_trading_sessions"", ""status"": ""full"", ""valid_trading_sessions"": 277}","[""l1.csv""]",[],64.6274,ranked,full,100.0,True,True,False
BKSY,BlackSky Technology Inc. Class A Common Stock,nasdaqtrader:N:BKSY,common_equity,eligible,N,,26.73,,52114123.83936508,18.852823477100934,-41.355857832382625,24.789915966386555,65.30612244897958,48.227774549680426,82.03663583911819,,,False,,277.0,,2026-08-20,,full,"{""as_of"": ""2026-08-20"", ""listing_date"": null, ""reason_code"": ""valid_trading_sessions"", ""status"": ""full"", ""valid_trading_sessions"": 277}","[""l1.csv""]",[],64.6181,ranked,full,100.0,True,True,False
BURL,"Burlington Stores, Inc. Common Stock",nasdaqtrader:N:BURL,common_equity,eligible,N,,333.23,,272385828.92396826,-5.861913102435167,7.427705599793688,6.531329923273654,19.983437151189996,10.467771836964989,31.974538004760156,,,False,,277.0,,2026-08-20,,full,"{""as_of"": ""2026-08-20"", ""listing_date"": null, ""reason_code"": ""valid_trading_sessions"", ""status"": ""full"", ""valid_trading_sessions"": 277}","[""l1.csv""]",[],64.6169,ranked,full,100.0,True,True,False
VKTX,"Viking Therapeutics, Inc. - Common Stock",nasdaqtrader:Q:VKTX,common_equity,eligible,Q,,34.36,,78070771.3611111,-7.906727418922543,16.71195652173911,10.482315112540185,41.05090311986863,18.442914787562316,46.05296086964382,,,False,,277.0,,2026-08-20,,full,"{""as_of"": ""2026-08-20"", ""listing_date"": null, ""reason_code"": ""valid_trading_sessions"", ""status"": ""full"", ""valid_trading_sessions"": 277}","[""l1.csv""]",[],64.6107,ranked,full,100.0,True,True,False
ERIC,Ericsson - American Depositary Shares each representing 1 underlying Class B share,nasdaqtrader:Q:ERIC,adr,eligible,Q,,10.11,,133553735.67730159,6.533192834562684,-22.170900692840657,-10.133333333333338,31.469440832249653,26.419213973799128,49.44338345813291,,,False,,277.0,,2026-08-20,,full,"{""as_of"": ""2026-08-20"", ""listing_date"": null, ""reason_code"": ""valid_trading_sessions"", ""status"": ""full"", ""valid_trading_sessions"": 277}","[""l1.csv""]",[],64.6059,ranked,full,100.0,True,True,False
AMZN,"Amazon.com, Inc. - Common Stock",nasdaqtrader:Q:AMZN,common_equity,eligible,Q,,260.11,,12433197111.849842,6.23238717582193,-1.8489868306856283,26.96963780142536,14.078329897811503,8.418421237940976,52.17191620502165,,,False,,277.0,,2026-08-20,,full,"{""as_of"": ""2026-08-20"", ""listing_date"": null, ""reason_code"": ""valid_trading_sessions"", ""status"": ""full"", ""valid_trading_sessions"": 277}","[""l1.csv""]",[],64.6046,ranked,full,100.0,True,True,False
MAR,Marriott International - Class A Common Stock,nasdaqtrader:Q:MAR,common_equity,eligible,Q,,356.6,,597007549.1236508,-3.569497025419144,-3.5564570655848504,1.9177455771814067,33.66819101881702,11.412530431758338,32.26319317108269,,,False,,277.0,,2026-08-20,,full,"{""as_of"": ""2026-08-20"", ""listing_date"": null, ""reason_code"": ""valid_trading_sessions"", ""status"": ""full"", ""valid_trading_sessions"": 277}","[""l1.csv""]",[],64.6031,ranked,full,100.0,True,True,False
FTNT,"Fortinet, Inc. - Common Stock",nasdaqtrader:Q:FTNT,common_equity,eligible,Q,,150.79,,884041246.7188889,-2.7475008061915607,15.992307692307683,84.6332802742745,93.09770777308233,10.39871650127756,36.74236766159585,,,False,,277.0,,2026-08-20,,full,"{""as_of"": ""2026-08-20"", ""listing_date"": null, ""reason_code"": ""valid_trading_sessions"", ""status"": ""full"", ""valid_trading_sessions"": 277}","[""l1.csv""]",[],64.5997,ranked,full,100.0,True,True,False
LBRDK,Liberty Broadband Corporation - Class C Common Stock,nasdaqtrader:Q:LBRDK,common_equity,eligible,Q,,36.02,,73553912.97904763,19.98667554963358,8.135694986490538,-35.28566295364713,-41.31638970348648,44.77154247163446,52.29761284165377,,,False,,276.0,,2026-08-19,,full,"{""as_of"": ""2026-08-19"", ""listing_date"": null, ""reason_code"": ""valid_trading_sessions"", ""status"": ""full"", ""valid_trading_sessions"": 276}","[""l1.csv""]",[],64.5986,ranked,full,100.0,True,True,False
AJG,Arthur J. Gallagher & Co. Common Stock,nasdaqtrader:N:AJG,common_equity,eligible,N,,259.61,,379260599.4228571,7.0556701030927815,27.503560728844366,18.88537802811743,-13.74509934214898,16.38430816799794,34.02503061966842,,,False,,277.0,,2026-08-20,,full,"{""as_of"": ""2026-08-20"", ""listing_date"": null, ""reason_code"": ""valid_trading_sessions"", ""status"": ""full"", ""valid_trading_sessions"": 277}","[""l1.csv""]",[],64.5961,ranked,full,100.0,True,True,False
META,"Meta Platforms, Inc. - Class A Common Stock",nasdaqtrader:Q:META,common_equity,eligible,Q,,545.83,,11061224003.497143,-12.969370346158126,-9.78911182362079,-15.346319674927877,-27.365997764411553,30.044216597244468,46.237423609153936,,,False,,277.0,,2026-08-20,,full,"{""as_of"": ""2026-08-20"", ""listing_date"": null, ""reason_code"": ""valid_trading_sessions"", ""status"": ""full"", ""valid_trading_sessions"": 277}","[""l1.csv""]",[],64.5892,ranked,full,100.0,True,True,False
KGS,"Kodiak Gas Services, Inc. Common Stock",nasdaqtrader:N:KGS,common_equity,eligible,N,,60.6,,119290112.03761904,-9.552238805970148,-17.382413087934555,21.199999999999996,69.6528555431131,20.545430706699875,53.21629787527202,,,False,,277.0,,2026-08-20,,full,"{""as_of"": ""2026-08-20"", ""listing_date"": null, ""reason_code"": ""valid_trading_sessions"", ""status"": ""full"", ""valid_trading_sessions"": 277}","[""l1.csv""]",[],64.5727,ranked,full,100.0,True,True,False
BKNG,Booking Holdings Inc. - Common Stock,nasdaqtrader:Q:BKNG,common_equity,eligible,Q,,209.87,,1280348227.450635,17.997301248172715,33.71774450461933,30.923268870867116,-6.0395773638968535,8.285626884586817,41.385505738854626,,,False,,277.0,,2026-08-20,,full,"{""as_of"": ""2026-08-20"", ""listing_date"": null, ""reason_code"": ""valid_trading_sessions"", ""status"": ""full"", ""valid_trading_sessions"": 277}","[""l1.csv""]",[],64.5714,ranked,full,100.0,True,True,False
ROST,"Ross Stores, Inc. - Common Stock",nasdaqtrader:Q:ROST,common_equity,eligible,Q,,228.99,,699157214.4968255,-3.8705344024180355,5.1425685293172485,14.277872043118078,54.84852583175548,10.280923088978566,26.121090853109823,,,False,,277.0,,2026-08-20,,full,"{""as_of"": ""2026-08-20"", ""listing_date"": null, ""reason_code"": ""valid_trading_sessions"", ""status"": ""full"", ""valid_trading_sessions"": 277}","[""l1.csv""]",[],64.5702,ranked,full,100.0,True,True,False
PCOR,"Procore Technologies, Inc. Common Stock",nasdaqtrader:N:PCOR,common_equity,eligible,N,,63.28,,155763014.581746,51.93277310924371,33.108960875052595,21.645520953479426,-3.15273951637588,20.50251256281407,53.34384305885397,,,False,,277.0,,2026-08-20,,full,"{""as_of"": ""2026-08-20"", ""listing_date"": null, ""reason_code"": ""valid_trading_sessions"", ""status"": ""full"", ""valid_trading_sessions"": 277}","[""l1.csv""]",[],64.567,ranked,full,100.0,True,True,False
PLXS,Plexus Corp. - Common Stock,nasdaqtrader:Q:PLXS,common_equity,eligible,Q,,241.91,,84330579.31349206,-6.699321197161357,-6.370708673607616,23.06557460446661,84.69231943808215,20.377197024554018,43.88438076553187,,,False,,277.0,,2026-08-20,,full,"{""as_of"": ""2026-08-20"", ""listing_date"": null, ""reason_code"": ""valid_trading_sessions"", ""status"": ""full"", ""valid_trading_sessions"": 277}","[""l1.csv""]",[],64.5503,ranked,full,100.0,True,True,False
DDS,"Dillard's, Inc. Common Stock",nasdaqtrader:N:DDS,common_equity,eligible,N,,597.94,,76556646.98380952,1.4609811141465645,10.836360940164603,-9.852402418248419,15.15676758339113,18.17223872018392,46.219986636665844,,,False,,277.0,,2026-08-20,,full,"{""as_of"": ""2026-08-20"", ""listing_date"": null, ""reason_code"": ""valid_trading_sessions"", ""status"": ""full"", ""valid_trading_sessions"": 277}","[""l1.csv""]",[],64.5431,ranked,full,100.0,True,True,False
ICLN,iShares Global Clean Energy ETF,US:ICLN,etf,eligible,Q,,17.63,,115479729.03912699,-4.908306364617044,-18.07620817843867,-6.273258904837853,23.028611304954637,25.768421052631584,31.06482091061073,,,False,,277.0,,2026-08-20,,full,"{""as_of"": ""2026-08-20"", ""listing_date"": null, ""reason_code"": ""valid_trading_sessions"", ""status"": ""full"", ""valid_trading_sessions"": 277}","[""l1.csv""]",[],64.5191,ranked,full,100.0,True,True,False
RL,Ralph Lauren Corporation Common Stock,nasdaqtrader:N:RL,common_equity,eligible,N,,372.52,,263527457.2368254,-3.7764116340342047,13.145425829182344,-1.146375119414078,30.54844927282283,10.073627036813527,33.70610908783735,,,False,,277.0,,2026-08-20,,full,"{""as_of"": ""2026-08-20"", ""listing_date"": null, ""reason_code"": ""valid_trading_sessions"", ""status"": ""full"", ""valid_trading_sessions"": 277}","[""l1.csv""]",[],64.5184,ranked,full,100.0,True,True,False
EBAY,eBay Inc. - Common Stock,nasdaqtrader:Q:EBAY,common_equity,eligible,Q,,104.61,,445116354.1621429,-5.714285714285716,-12.062878278412903,23.433628318584066,4.725197717489227,12.062878278412903,35.60408749909287,,,False,,277.0,,2026-08-20,,full,"{""as_of"": ""2026-08-20"", ""listing_date"": null, ""reason_code"": ""valid_trading_sessions"", ""status"": ""full"", ""valid_trading_sessions"": 277}","[""l1.csv""]",[],64.5157,ranked,full,100.0,True,True,False
MTSI,"MACOM Technology Solutions Holdings, Inc. - Common Stock",nasdaqtrader:Q:MTSI,common_equity,eligible,Q,,266.18,,550717856.9644445,-5.8169980893072015,-29.152804024380497,9.737796833773093,119.98347107438016,35.027338410466704,84.25200665560939,,,False,,277.0,,2026-08-20,,full,"{""as_of"": ""2026-08-20"", ""listing_date"": null, ""reason_code"": ""valid_trading_sessions"", ""status"": ""full"", ""valid_trading_sessions"": 277}","[""l1.csv""]",[],64.4982,ranked,full,100.0,True,True,False
EXE,Expand Energy Corporation - Common Stock,nasdaqtrader:Q:EXE,common_equity,eligible,Q,,96.07,,327165418.202619,3.1125898894493798,-2.812341932220541,-7.491574386133848,3.2455668995163833,21.824395801122964,31.011218144657665,,,False,,277.0,,2026-08-20,,full,"{""as_of"": ""2026-08-20"", ""listing_date"": null, ""reason_code"": ""valid_trading_sessions"", ""status"": ""full"", ""valid_trading_sessions"": 277}","[""l1.csv""]",[],64.4933,ranked,full,100.0,True,True,False
MRSH,Marsh Common Stock,nasdaqtrader:N:MRSH,common_equity,eligible,N,,190.21,,447823396.90095234,8.080004545712827,16.421838658342523,6.339799854643036,-9.823164082871095,9.942711045878506,28.132203241910585,,,False,,277.0,,2026-08-20,,full,"{""as_of"": ""2026-08-20"", ""listing_date"": null, ""reason_code"": ""valid_trading_sessions"", ""status"": ""full"", ""valid_trading_sessions"": 277}","[""l1.csv""]",[],64.4857,ranked,full,100.0,True,True,False
BDC,Belden Inc Common Stock,nasdaqtrader:N:BDC,common_equity,eligible,N,,123.89,,62430804.35714286,17.38677278756868,17.420149748838966,-14.334116996266077,-1.7214025067428196,17.9047114174011,57.84804468250112,,,False,,277.0,,2026-08-20,,full,"{""as_of"": ""2026-08-20"", ""listing_date"": null, ""reason_code"": ""valid_trading_sessions"", ""status"": ""full"", ""valid_trading_sessions"": 277}","[""l1.csv""]",[],64.4762,ranked,full,100.0,True,True,False
LDOS,"Leidos Holdings, Inc. Common Stock",nasdaqtrader:N:LDOS,common_equity,eligible,N,,141.37,,194995799.4731746,31.801230654484435,13.650615001205878,-19.79917172519431,-20.90746335459327,29.15560010022551,42.746968850736764,,,False,,277.0,,2026-08-20,,full,"{""as_of"": ""2026-08-20"", ""listing_date"": null, ""reason_code"": ""valid_trading_sessions"", ""status"": ""full"", ""valid_trading_sessions"": 277}","[""l1.csv""]",[],64.4707,ranked,full,100.0,True,True,False
RYN,Rayonier Inc. REIT Common Stock,nasdaqtrader:N:RYN,common_equity,eligible,N,,21.28,,56687019.07253969,-1.1611704598235018,5.190311418685134,-5.631929046563188,-20.180045011252812,21.50497971228329,26.57002648065201,,,False,,277.0,,2026-08-20,,full,"{""as_of"": ""2026-08-20"", ""listing_date"": null, ""reason_code"": ""valid_trading_sessions"", ""status"": ""full"", ""valid_trading_sessions"": 277}","[""l1.csv""]",[],64.4507,ranked,full,100.0,True,True,False
PGR,Progressive Corporation (The) Common Stock,nasdaqtrader:N:PGR,common_equity,eligible,N,,220.34,,690221086.2057142,7.724650435122715,8.75616979269498,9.20354859493482,-12.089052026811354,12.798796897261354,41.45162858746151,,,False,,277.0,,2026-08-20,,full,"{""as_of"": ""2026-08-20"", ""listing_date"": null, ""reason_code"": ""valid_trading_sessions"", ""status"": ""full"", ""valid_trading_sessions"": 277}","[""l1.csv""]",[],64.4497,ranked,full,100.0,True,True,False
TAN,Invesco Solar ETF,US:TAN,etf,eligible,P,,49.73,,76716545.26206349,-7.427401340282957,-20.96312778130961,-15.0205058099795,21.292682926829265,32.73366698228055,39.69414788902796,,,False,,277.0,,2026-08-20,,full,"{""as_of"": ""2026-08-20"", ""listing_date"": null, ""reason_code"": ""valid_trading_sessions"", ""status"": ""full"", ""valid_trading_sessions"": 277}","[""l1.csv""]",[],64.4478,ranked,full,100.0,True,True,False
PRM,"Perimeter Solutions, SA Common Stock",nasdaqtrader:N:PRM,common_equity,eligible,N,,31.07,,56250561.36047619,-8.69820746400235,-7.253731343283576,15.244807121661719,67.67404209390178,17.760719957649552,79.7582326541863,,,False,,277.0,,2026-08-20,,full,"{""as_of"": ""2026-08-20"", ""listing_date"": null, ""reason_code"": ""valid_trading_sessions"", ""status"": ""full"", ""valid_trading_sessions"": 277}","[""l1.csv""]",[],64.4402,ranked,full,100.0,True,True,False
ETN,"Eaton Corporation, PLC Ordinary Shares",nasdaqtrader:N:ETN,common_equity,eligible,N,,415.29,,967311152.1885713,2.059423459733112,9.376069951802801,10.063076433796247,18.994269340974213,9.711714062092348,48.6664107284864,,,False,,277.0,,2026-08-20,,full,"{""as_of"": ""2026-08-20"", ""listing_date"": null, ""reason_code"": ""valid_trading_sessions"", ""status"": ""full"", ""valid_trading_sessions"": 277}","[""l1.csv""]",[],64.4279,ranked,full,100.0,True,True,False
IDXX,"IDEXX Laboratories, Inc. - Common Stock",nasdaqtrader:Q:IDXX,common_equity,eligible,Q,,545.86,,365711598.17531747,0.15779816513761258,-1.394559051988875,-13.455836887416172,-14.268662342353666,28.802107789429744,31.543141662055728,,,False,,277.0,,2026-08-20,,full,"{""as_of"": ""2026-08-20"", ""listing_date"": null, ""reason_code"": ""valid_trading_sessions"", ""status"": ""full"", ""valid_trading_sessions"": 277}","[""l1.csv""]",[],64.4236,ranked,full,100.0,True,True,False
LW,"Lamb Weston Holdings, Inc. Common Stock",nasdaqtrader:N:LW,common_equity,eligible,N,,53.47,,75738160.87285714,11.39583333333334,27.430886558627265,10.020576131687232,-2.9582577132486465,19.678533874117466,31.514075917528743,,,False,,277.0,,2026-08-20,,full,"{""as_of"": ""2026-08-20"", ""listing_date"": null, ""reason_code"": ""valid_trading_sessions"", ""status"": ""full"", ""valid_trading_sessions"": 277}","[""l1.csv""]",[],64.4196,ranked,full,100.0,True,True,False
TREX,"Trex Company, Inc. Common Stock",nasdaqtrader:N:TREX,common_equity,eligible,N,,47.3,,91572644.16666667,10.53984575835476,23.660130718954232,13.92100192678225,-26.116838487972505,26.870748299319736,42.44970364462052,,,False,,277.0,,2026-08-20,,full,"{""as_of"": ""2026-08-20"", ""listing_date"": null, ""reason_code"": ""valid_trading_sessions"", ""status"": ""full"", ""valid_trading_sessions"": 277}","[""l1.csv""]",[],64.4161,ranked,full,100.0,True,True,False
PEP,"PepsiCo, Inc. - Common Stock",nasdaqtrader:Q:PEP,common_equity,eligible,Q,,142.08,,1213042621.7687304,4.74014006634722,-4.82952642507869,-13.676408044231113,-6.624605678233431,16.663733943339786,20.418194112863947,,,False,,277.0,,2026-08-20,,full,"{""as_of"": ""2026-08-20"", ""listing_date"": null, ""reason_code"": ""valid_trading_sessions"", ""status"": ""full"", ""valid_trading_sessions"": 277}","[""l1.csv""]",[],64.4159,ranked,full,100.0,True,True,False
ABVX,Abivax SA - American Depositary Shares,nasdaqtrader:Q:ABVX,adr,eligible,Q,,118.195,,228414957.90261903,-8.891543975950045,-1.4220183486238658,-9.248310810810823,71.39646171693737,18.660105980317944,36.20587983323077,,,False,,277.0,,2026-08-20,,full,"{""as_of"": ""2026-08-20"", ""listing_date"": null, ""reason_code"": ""valid_trading_sessions"", ""status"": ""full"", ""valid_trading_sessions"": 277}","[""l1.csv""]",[],64.415,ranked,full,100.0,True,True,False
CASY,"Caseys General Stores, Inc. - Common Stock",nasdaqtrader:Q:CASY,common_equity,eligible,Q,,828.38,,408385947.8684127,-3.3102224712281414,-2.8304653317849593,24.92346669481684,62.73377337733772,9.593137468895973,32.46839974251777,,,False,,277.0,,2026-08-20,,full,"{""as_of"": ""2026-08-20"", ""listing_date"": null, ""reason_code"": ""valid_trading_sessions"", ""status"": ""full"", ""valid_trading_sessions"": 277}","[""l1.csv""]",[],64.3983,ranked,full,100.0,True,True,False
COGT,"Cogent Biosciences, Inc. - Common Stock",nasdaqtrader:Q:COGT,common_equity,eligible,Q,,35.31,,92375741.56428571,-10.698027314112279,7.243735763097958,-7.902973395931145,200.25510204081635,17.577030812324935,54.62148200540772,,,False,,277.0,,2026-08-20,,full,"{""as_of"": ""2026-08-20"", ""listing_date"": null, ""reason_code"": ""valid_trading_sessions"", ""status"": ""full"", ""valid_trading_sessions"": 277}","[""l1.csv""]",[],64.3943,ranked,full,100.0,True,True,False
LHX,"L3Harris Technologies, Inc. Common Stock",nasdaqtrader:N:LHX,common_equity,eligible,N,,270.44,,423976914.5687301,-5.162014307757056,-12.521429726669897,-24.605519933091713,-0.6575322337729173,28.545761995349828,38.834035695545225,,,False,,277.0,,2026-08-20,,full,"{""as_of"": ""2026-08-20"", ""listing_date"": null, ""reason_code"": ""valid_trading_sessions"", ""status"": ""full"", ""valid_trading_sessions"": 277}","[""l1.csv""]",[],64.3894,ranked,full,100.0,True,True,False
IT,"Gartner, Inc. Common Stock",nasdaqtrader:N:IT,common_equity,eligible,N,,193.68,,242067546.5031746,46.61619984859955,22.226429382809542,23.410220466420295,-20.256916996047426,26.66136544359876,82.47408947431933,,,False,,277.0,,2026-08-20,,full,"{""as_of"": ""2026-08-20"", ""listing_date"": null, ""reason_code"": ""valid_trading_sessions"", ""status"": ""full"", ""valid_trading_sessions"": 277}","[""l1.csv""]",[],64.3882,ranked,full,100.0,True,True,False
ZS,"Zscaler, Inc. - Common Stock",nasdaqtrader:Q:ZS,common_equity,eligible,Q,,174.95,,603547846.3925396,22.979052439195847,0.2866150759530006,3.526835907450132,-36.363305688927696,47.9733547446992,50.671794996737354,,,False,,277.0,,2026-08-20,,full,"{""as_of"": ""2026-08-20"", ""listing_date"": null, ""reason_code"": ""valid_trading_sessions"", ""status"": ""full"", ""valid_trading_sessions"": 277}","[""l1.csv""]",[],64.3851,ranked,full,100.0,True,True,False
DOCN,"DigitalOcean Holdings, Inc. Common Stock",nasdaqtrader:N:DOCN,common_equity,eligible,N,,114.35,,476197404.991746,-19.855620970002807,-28.580351008681536,67.71780580815485,270.18452573648426,36.924264989795354,94.97934013194208,,,False,,277.0,,2026-08-20,,full,"{""as_of"": ""2026-08-20"", ""listing_date"": null, ""reason_code"": ""valid_trading_sessions"", ""status"": ""full"", ""valid_trading_sessions"": 277}","[""l1.csv""]",[],64.3717,ranked,full,100.0,True,True,False
KVUE,Kenvue Inc. Common Stock,nasdaqtrader:N:KVUE,common_equity,eligible,N,,18.93,,388725488.93920636,-1.0454783063251427,9.295612009237875,1.4469453376205754,-11.912517449976722,12.482662968099856,21.99228672534851,,,False,,277.0,,2026-08-20,,full,"{""as_of"": ""2026-08-20"", ""listing_date"": null, ""reason_code"": ""valid_trading_sessions"", ""status"": ""full"", ""valid_trading_sessions"": 277}","[""l1.csv""]",[],64.3707,ranked,full,100.0,True,True,False
LITE,Lumentum Holdings Inc. - Common Stock,nasdaqtrader:Q:LITE,common_equity,eligible,Q,,879.53,,4445888602.196508,6.005785223574778,1.32017003237066,38.36920269334843,645.6171583587657,16.481022514694843,111.8485768252396,,,False,,277.0,,2026-08-20,,full,"{""as_of"": ""2026-08-20"", ""listing_date"": null, ""reason_code"": ""valid_trading_sessions"", ""status"": ""full"", ""valid_trading_sessions"": 277}","[""l1.csv""]",[],64.3703,ranked,full,100.0,True,True,False
KGC,Kinross Gold Corporation Common Stock,nasdaqtrader:N:KGC,common_equity,eligible,N,,31.43,,214282530.55825397,29.66171617161717,9.81830887491264,-6.03886397608372,68.07486631016044,17.44155503020751,52.55396192728647,,,False,,277.0,,2026-08-20,,full,"{""as_of"": ""2026-08-20"", ""listing_date"": null, ""reason_code"": ""valid_trading_sessions"", ""status"": ""full"", ""valid_trading_sessions"": 277}","[""l1.csv""]",[],64.3604,ranked,full,100.0,True,True,False
IONS,"Ionis Pharmaceuticals, Inc. - Common Stock",nasdaqtrader:Q:IONS,common_equity,eligible,Q,,58.76,,185199106.24253967,8.794667654138122,-21.71596056488143,-29.328281917132713,38.32391713747647,32.06936416184971,45.59502236985824,,,False,,277.0,,2026-08-20,,full,"{""as_of"": ""2026-08-20"", ""listing_date"": null, ""reason_code"": ""valid_trading_sessions"", ""status"": ""full"", ""valid_trading_sessions"": 277}","[""l1.csv""]",[],64.3592,ranked,full,100.0,True,True,False
CHDN,"Churchill Downs, Incorporated - Common Stock",nasdaqtrader:Q:CHDN,common_equity,eligible,Q,,93.12,,87940723.57380952,13.367421475529584,8.746934485577507,0.9868777789827643,-10.271728656773938,20.809592652436425,33.428955675337185,,,False,,277.0,,2026-08-20,,full,"{""as_of"": ""2026-08-20"", ""listing_date"": null, ""reason_code"": ""valid_trading_sessions"", ""status"": ""full"", ""valid_trading_sessions"": 277}","[""l1.csv""]",[],64.3579,ranked,full,100.0,True,True,False
INTU,Intuit Inc. - Common Stock,nasdaqtrader:Q:INTU,common_equity,eligible,Q,,361.87,,1620443589.6229365,27.2084929869582,-5.745839085249916,-5.155422760392103,-48.380240503259486,48.45817487786467,48.55794613201508,,,False,,277.0,,2026-08-20,,full,"{""as_of"": ""2026-08-20"", ""listing_date"": null, ""reason_code"": ""valid_trading_sessions"", ""status"": ""full"", ""valid_trading_sessions"": 277}","[""l1.csv""]",[],64.3528,ranked,full,100.0,True,True,False
MCHP,Microchip Technology Incorporated - Common Stock,nasdaqtrader:Q:MCHP,common_equity,eligible,Q,,75.81,,1014960564.2228571,-10.832745236414954,-19.368219527760044,-1.749611197511658,17.153453871117307,26.34084726000777,64.01060693691278,,,False,,277.0,,2026-08-20,,full,"{""as_of"": ""2026-08-20"", ""listing_date"": null, ""reason_code"": ""valid_trading_sessions"", ""status"": ""full"", ""valid_trading_sessions"": 277}","[""l1.csv""]",[],64.3454,ranked,full,100.0,True,True,False
PAAS,Pan American Silver Corp. Common Stock,nasdaqtrader:N:PAAS,common_equity,eligible,N,,51.92,,210782128.67333335,14.638993155221902,-5.307313514499357,-15.17725861787289,69.45169712793732,24.425036390101894,56.24785786366067,,,False,,277.0,,2026-08-20,,full,"{""as_of"": ""2026-08-20"", ""listing_date"": null, ""reason_code"": ""valid_trading_sessions"", ""status"": ""full"", ""valid_trading_sessions"": 277}","[""l1.csv""]",[],64.34,ranked,full,100.0,True,True,False
EQT,EQT Corporation Common Stock,nasdaqtrader:N:EQT,common_equity,eligible,N,,53.89,,376949467.9433333,-0.2221810775782207,-6.813072799584985,-9.837711226367752,6.628413138108424,20.66833505078758,33.69842900473278,,,False,,277.0,,2026-08-20,,full,"{""as_of"": ""2026-08-20"", ""listing_date"": null, ""reason_code"": ""valid_trading_sessions"", ""status"": ""full"", ""valid_trading_sessions"": 277}","[""l1.csv""]",[],64.3391,ranked,full,100.0,True,True,False
STM,STMicroelectronics N.V. Common Stock,nasdaqtrader:N:STM,common_equity,eligible,N,,49.92,,787479937.5652381,-24.09913334346966,-23.117203141845067,50.36144578313253,92.96482412060301,37.52972093605306,83.90536967079143,,,False,,277.0,,2026-08-20,,full,"{""as_of"": ""2026-08-20"", ""listing_date"": null, ""reason_code"": ""valid_trading_sessions"", ""status"": ""full"", ""valid_trading_sessions"": 277}","[""l1.csv""]",[],64.3314,ranked,full,100.0,True,True,False
KRC,Kilroy Realty Corporation Common Stock,nasdaqtrader:N:KRC,common_equity,eligible,N,,36.76,,53482702.41269841,-4.89003880983182,7.328467153284657,13.142505386272685,-6.032719836400813,17.281728172817278,25.392472520574998,,,False,,277.0,,2026-08-20,,full,"{""as_of"": ""2026-08-20"", ""listing_date"": null, ""reason_code"": ""valid_trading_sessions"", ""status"": ""full"", ""valid_trading_sessions"": 277}","[""l1.csv""]",[],64.3204,ranked,full,100.0,True,True,False
CW,Curtiss-Wright Corporation Common Stock,nasdaqtrader:N:CW,common_equity,eligible,N,,648.28,,213462997.12539682,-11.495194408038456,-10.785109750223631,-7.724717101985624,35.128712871287114,18.225967178374557,44.24546737904707,,,False,,277.0,,2026-08-20,,full,"{""as_of"": ""2026-08-20"", ""listing_date"": null, ""reason_code"": ""valid_trading_sessions"", ""status"": ""full"", ""valid_trading_sessions"": 277}","[""l1.csv""]",[],64.3065,ranked,full,100.0,True,True,False
NVO,Novo Nordisk A/S Common Stock,nasdaqtrader:N:NVO,common_equity,eligible,N,,46.14,,572823155.6598413,-4.253994604689759,2.374084757044592,-4.767801857585141,-15.772179627601313,27.883713660518904,41.692322425426,,,False,,277.0,,2026-08-20,,full,"{""as_of"": ""2026-08-20"", ""listing_date"": null, ""reason_code"": ""valid_trading_sessions"", ""status"": ""full"", ""valid_trading_sessions"": 277}","[""l1.csv""]",[],64.3012,ranked,full,100.0,True,True,False
HIMS,"Hims & Hers Health, Inc. Class A Common Stock",nasdaqtrader:N:HIMS,common_equity,eligible,N,,31.86,,495656139.5960317,0.5681818181818121,38.28125,101.39064475347661,-24.46657183499289,49.23518164435946,103.33846697281102,,,False,,277.0,,2026-08-20,,full,"{""as_of"": ""2026-08-20"", ""listing_date"": null, ""reason_code"": ""valid_trading_sessions"", ""status"": ""full"", ""valid_trading_sessions"": 277}","[""l1.csv""]",[],64.301,ranked,full,100.0,True,True,False
CNR,"Core Natural Resources, Inc. Common Stock",nasdaqtrader:N:CNR,common_equity,eligible,N,,93.77,,54760949.98920635,7.190214906264281,12.894293281964831,4.212047121582563,34.26403207331041,17.18625805881834,42.31082816574766,,,False,,277.0,,2026-08-20,,full,"{""as_of"": ""2026-08-20"", ""listing_date"": null, ""reason_code"": ""valid_trading_sessions"", ""status"": ""full"", ""valid_trading_sessions"": 277}","[""l1.csv""]",[],64.2966,ranked,full,100.0,True,True,False
TPG,TPG Inc. - Class A Common Stock,nasdaqtrader:Q:TPG,common_equity,eligible,Q,,51.57,,115798339.57031746,23.402727925340994,26.83226758484998,15.679676985195169,-14.971145919208572,25.968992248062005,43.94084715524668,,,False,,277.0,,2026-08-20,,full,"{""as_of"": ""2026-08-20"", ""listing_date"": null, ""reason_code"": ""valid_trading_sessions"", ""status"": ""full"", ""valid_trading_sessions"": 277}","[""l1.csv""]",[],64.2959,ranked,full,100.0,True,True,False
HSY,The Hershey Company Common Stock,nasdaqtrader:N:HSY,common_equity,eligible,N,,188.31,,342250803.4338096,9.272906632623457,-1.3257178788513957,-14.369514801509709,4.171046080654972,20.302183849669888,24.790465592831918,,,False,,277.0,,2026-08-20,,full,"{""as_of"": ""2026-08-20"", ""listing_date"": null, ""reason_code"": ""valid_trading_sessions"", ""status"": ""full"", ""valid_trading_sessions"": 277}","[""l1.csv""]",[],64.2903,ranked,full,100.0,True,True,False
GPK,Graphic Packaging Holding Company,qrgf-resolution-required:N:GPK,common_equity,eligible,N,,11.63,,60892289.6684127,4.680468046804687,18.191056910569124,-9.844961240310079,-48.879120879120876,49.52256944444444,41.97125831057347,,,False,,277.0,,2026-08-20,,full,"{""as_of"": ""2026-08-20"", ""listing_date"": null, ""reason_code"": ""valid_trading_sessions"", ""status"": ""full"", ""valid_trading_sessions"": 277}","[""l1.csv""]",[],64.2818,ranked,full,100.0,True,True,False
SHLS,"Shoals Technologies Group, Inc. - Class A Common Stock",nasdaqtrader:Q:SHLS,common_equity,eligible,Q,,7.375,,55852451.39706349,-29.290508149568552,-23.77260981912145,-27.62512266928361,20.309951060358888,42.24745497259201,95.11049774249491,,,False,,277.0,,2026-08-20,,full,"{""as_of"": ""2026-08-20"", ""listing_date"": null, ""reason_code"": ""valid_trading_sessions"", ""status"": ""full"", ""valid_trading_sessions"": 277}","[""l1.csv""]",[],64.2668,ranked,full,100.0,True,True,False
CVCO,"Cavco Industries, Inc. - Common Stock",nasdaqtrader:Q:CVCO,common_equity,eligible,Q,,578.86,,72581346.85492063,1.5454784668011756,16.915432934095453,0.01900647948165357,18.310953052506807,17.040243063517536,33.93666173695398,,,False,,277.0,,2026-08-20,,full,"{""as_of"": ""2026-08-20"", ""listing_date"": null, ""reason_code"": ""valid_trading_sessions"", ""status"": ""full"", ""valid_trading_sessions"": 277}","[""l1.csv""]",[],64.2601,ranked,full,100.0,True,True,False
RGLD,"Royal Gold, Inc. - Common Stock",nasdaqtrader:Q:RGLD,common_equity,eligible,Q,,252.44,,151967992.88539684,25.429792308456722,13.156125330584057,-7.116049746118181,51.42462959630496,17.039666107989092,39.9932549939761,,,False,,277.0,,2026-08-20,,full,"{""as_of"": ""2026-08-20"", ""listing_date"": null, ""reason_code"": ""valid_trading_sessions"", ""status"": ""full"", ""valid_trading_sessions"": 277}","[""l1.csv""]",[],64.2599,ranked,full,100.0,True,True,False
MDB,"MongoDB, Inc. - Class A Common Stock",nasdaqtrader:Q:MDB,common_equity,eligible,Q,,420.37,,691048660.7631747,37.839787520083924,27.717688521601747,18.117957795948204,92.29220987146059,10.993245675326602,62.03190361102598,,,False,,277.0,,2026-08-20,,full,"{""as_of"": ""2026-08-20"", ""listing_date"": null, ""reason_code"": ""valid_trading_sessions"", ""status"": ""full"", ""valid_trading_sessions"": 277}","[""l1.csv""]",[],64.2483,ranked,full,100.0,True,True,False
BKR,Baker Hughes Company - Common Stock,nasdaqtrader:Q:BKR,common_equity,eligible,Q,,62.77,,508459889.2046825,10.901060070671376,-6.018865099565806,0.3356777493606078,46.14668218859139,9.903832352519014,30.16895414179236,,,False,,277.0,,2026-08-20,,full,"{""as_of"": ""2026-08-20"", ""listing_date"": null, ""reason_code"": ""valid_trading_sessions"", ""status"": ""full"", ""valid_trading_sessions"": 277}","[""l1.csv""]",[],64.226,ranked,full,100.0,True,True,False
SMH,VanEck Semiconductor ETF,US:SMH,etf,eligible,Q,,562.65,,6613583139.664286,-4.133512804348194,-0.35596642227180286,37.16479765967819,93.43693058754769,15.885545140601876,44.60855530970676,,,False,,277.0,,2026-08-20,,full,"{""as_of"": ""2026-08-20"", ""listing_date"": null, ""reason_code"": ""valid_trading_sessions"", ""status"": ""full"", ""valid_trading_sessions"": 277}","[""l1.csv""]",[],64.2214,ranked,full,100.0,True,True,False
SYY,Sysco Corporation Common Stock,nasdaqtrader:N:SYY,common_equity,eligible,N,,83.06,,279052265.81238097,1.144666341938616,10.071561091969272,-7.371473179435705,4.491130959869172,8.88547608600263,19.000353543562767,,,False,,277.0,,2026-08-20,,full,"{""as_of"": ""2026-08-20"", ""listing_date"": null, ""reason_code"": ""valid_trading_sessions"", ""status"": ""full"", ""valid_trading_sessions"": 277}","[""l1.csv""]",[],64.2214,ranked,full,100.0,True,True,False
KHC,The Kraft Heinz Company - Common Stock,nasdaqtrader:Q:KHC,common_equity,eligible,Q,,25.57,,344400437.3744444,-1.502311248073962,8.669783255418606,6.586077532305135,-7.589447054571741,8.873841767640766,34.40275398640857,,,False,,277.0,,2026-08-20,,full,"{""as_of"": ""2026-08-20"", ""listing_date"": null, ""reason_code"": ""valid_trading_sessions"", ""status"": ""full"", ""valid_trading_sessions"": 277}","[""l1.csv""]",[],64.2185,ranked,full,100.0,True,True,False
ULTA,"Ulta Beauty, Inc. - Common Stock",nasdaqtrader:Q:ULTA,common_equity,eligible,Q,,515.14,,353827239.8154762,6.539543348775645,4.46544451654769,-25.64269114738954,-0.2729648630335868,27.118644067796616,36.2765324615954,,,False,,277.0,,2026-08-20,,full,"{""as_of"": ""2026-08-20"", ""listing_date"": null, ""reason_code"": ""valid_trading_sessions"", ""status"": ""full"", ""valid_trading_sessions"": 277}","[""l1.csv""]",[],64.1992,ranked,full,100.0,True,True,False
WMB,"Williams Companies, Inc. (The) Common Stock",nasdaqtrader:N:WMB,common_equity,eligible,N,,71.68,,503418314.1238095,-3.7723184320042846,-7.960965588084223,-0.6789524733268548,26.71027046137531,9.722921914357684,28.118916296548164,,,False,,277.0,,2026-08-20,,full,"{""as_of"": ""2026-08-20"", ""listing_date"": null, ""reason_code"": ""valid_trading_sessions"", ""status"": ""full"", ""valid_trading_sessions"": 277}","[""l1.csv""]",[],64.1807,ranked,full,100.0,True,True,False
SKM,"SK Telecom Co., Ltd. Common Stock",nasdaqtrader:N:SKM,common_equity,eligible,N,,38.31,,98206595.42222223,12.875662934590459,0.9220231822971492,20.509594212016367,71.63978494623657,16.717391304347817,68.64456786188519,,,False,,277.0,,2026-08-20,,full,"{""as_of"": ""2026-08-20"", ""listing_date"": null, ""reason_code"": ""valid_trading_sessions"", ""status"": ""full"", ""valid_trading_sessions"": 277}","[""l1.csv""]",[],64.1793,ranked,full,100.0,True,True,False
ECL,Ecolab Inc. Common Stock,nasdaqtrader:N:ECL,common_equity,eligible,N,,281.48,,413975404.6379365,5.470623501199046,13.207850707850731,-6.485049833887036,-0.7685256997814305,8.714123560888599,22.401046572203914,,,False,,277.0,,2026-08-20,,full,"{""as_of"": ""2026-08-20"", ""listing_date"": null, ""reason_code"": ""valid_trading_sessions"", ""status"": ""full"", ""valid_trading_sessions"": 277}","[""l1.csv""]",[],64.1785,ranked,full,100.0,True,True,False
TS,Tenaris S.A. American Depositary Shares,nasdaqtrader:N:TS,adr,eligible,N,,52.68,,76546592.76317461,-9.655290687703655,-13.198220464656451,-1.7897091722595126,46.945606694560674,17.713214620431106,29.620897752956438,,,False,,277.0,,2026-08-20,,full,"{""as_of"": ""2026-08-20"", ""listing_date"": null, ""reason_code"": ""valid_trading_sessions"", ""status"": ""full"", ""valid_trading_sessions"": 277}","[""l1.csv""]",[],64.1783,ranked,full,100.0,True,True,False
SQM,Sociedad Quimica y Minera S.A. Common Stock,nasdaqtrader:N:SQM,common_equity,eligible,N,,78.45,,78896337.85333334,13.35067186822716,-3.6003932170066255,8.807212205270476,74.13984461709214,17.6896443185395,39.04967655248085,,,False,,277.0,,2026-08-20,,full,"{""as_of"": ""2026-08-20"", ""listing_date"": null, ""reason_code"": ""valid_trading_sessions"", ""status"": ""full"", ""valid_trading_sessions"": 277}","[""l1.csv""]",[],64.1724,ranked,full,100.0,True,True,False
VST,Vistra Corp. Common Stock,nasdaqtrader:N:VST,common_equity,eligible,N,,138.94,,691648791.0725397,-16.672664027827764,-3.513888888888894,-19.45507246376812,-28.203803224472924,36.24265785609397,48.31778780857686,,,False,,277.0,,2026-08-20,,full,"{""as_of"": ""2026-08-20"", ""listing_date"": null, ""reason_code"": ""valid_trading_sessions"", ""status"": ""full"", ""valid_trading_sessions"": 277}","[""l1.csv""]",[],64.1672,ranked,full,100.0,True,True,False
CF,"CF Industries Holdings, Inc. Common Stock",nasdaqtrader:N:CF,common_equity,eligible,N,,125.7,,295421264.1255556,-1.2956419316843326,1.9464720194647178,26.38246531268853,49.642857142857146,8.648255813953487,42.57056125729537,,,False,,277.0,,2026-08-20,,full,"{""as_of"": ""2026-08-20"", ""listing_date"": null, ""reason_code"": ""valid_trading_sessions"", ""status"": ""full"", ""valid_trading_sessions"": 277}","[""l1.csv""]",[],64.1621,ranked,full,100.0,True,True,False
EL,"Estee Lauder Companies, Inc. (The) Common Stock",nasdaqtrader:N:EL,common_equity,eligible,N,,96.15,,285359917.1809524,16.362096091008116,22.953964194373413,-13.952031501700368,6.9878713697563155,19.613744670178068,50.89178146679887,,,False,,277.0,,2026-08-20,,full,"{""as_of"": ""2026-08-20"", ""listing_date"": null, ""reason_code"": ""valid_trading_sessions"", ""status"": ""full"", ""valid_trading_sessions"": 277}","[""l1.csv""]",[],64.1534,ranked,full,100.0,True,True,False
MTH,Meritage Homes Corporation Common Stock,nasdaqtrader:N:MTH,common_equity,eligible,N,,71.05,,65603815.337936506,-1.688114016881137,11.573492462311563,-8.687829327849894,-8.025889967637545,16.588401033106372,39.347417884916624,,,False,,277.0,,2026-08-20,,full,"{""as_of"": ""2026-08-20"", ""listing_date"": null, ""reason_code"": ""valid_trading_sessions"", ""status"": ""full"", ""valid_trading_sessions"": 277}","[""l1.csv""]",[],64.1471,ranked,full,100.0,True,True,False
BCO,Brinks Company (The) Common Stock,nasdaqtrader:N:BCO,common_equity,eligible,N,,113.12,,54873542.36396825,-7.830196366006681,6.066572902015932,-12.910924628531816,2.1399548532731405,16.565865171854256,35.639693091042055,,,False,,277.0,,2026-08-20,,full,"{""as_of"": ""2026-08-20"", ""listing_date"": null, ""reason_code"": ""valid_trading_sessions"", ""status"": ""full"", ""valid_trading_sessions"": 277}","[""l1.csv""]",[],64.1415,ranked,full,100.0,True,True,False
CGNX,Cognex Corporation - Common Stock,nasdaqtrader:Q:CGNX,common_equity,eligible,Q,,59.72,,149712148.34460315,-4.509114166933159,-5.759823260217766,6.757239899892742,37.60368663594471,17.536592101629388,54.22381857533072,,,False,,277.0,,2026-08-20,,full,"{""as_of"": ""2026-08-20"", ""listing_date"": null, ""reason_code"": ""valid_trading_sessions"", ""status"": ""full"", ""valid_trading_sessions"": 277}","[""l1.csv""]",[],64.1341,ranked,full,100.0,True,True,False
NOC,Northrop Grumman Corporation Common Stock,nasdaqtrader:N:NOC,common_equity,eligible,N,,563.86,,511781863.7542857,7.344654279622298,2.117101617255557,-23.47903972206766,-3.8159084318441616,26.58264107705528,25.987698732923803,,,False,,277.0,,2026-08-20,,full,"{""as_of"": ""2026-08-20"", ""listing_date"": null, ""reason_code"": ""valid_trading_sessions"", ""status"": ""full"", ""valid_trading_sessions"": 277}","[""l1.csv""]",[],64.1277,ranked,full,100.0,True,True,False
RITM,Rithm Capital Corp. Common Stock,nasdaqtrader:N:RITM,common_equity,eligible,N,,10.16,,51206095.17285714,11.281489594742599,9.600862998921267,-3.969754253308133,-17.532467532467532,19.492868462757517,27.311525722021585,,,False,,277.0,,2026-08-20,,full,"{""as_of"": ""2026-08-20"", ""listing_date"": null, ""reason_code"": ""valid_trading_sessions"", ""status"": ""full"", ""valid_trading_sessions"": 277}","[""l1.csv""]",[],64.1232,ranked,full,100.0,True,True,False
LASR,"nLIGHT, Inc. - Common Stock",nasdaqtrader:Q:LASR,common_equity,eligible,Q,,47.2,,83349994.30436508,-34.84262838210933,-33.8008415147265,-15.22988505747126,79.74105102817974,44.43790464979399,120.8333609940726,,,False,,277.0,,2026-08-20,,full,"{""as_of"": ""2026-08-20"", ""listing_date"": null, ""reason_code"": ""valid_trading_sessions"", ""status"": ""full"", ""valid_trading_sessions"": 277}","[""l1.csv""]",[],64.1208,ranked,full,100.0,True,True,False
AXSM,"Axsome Therapeutics, Inc. - Common Stock",nasdaqtrader:Q:AXSM,common_equity,eligible,Q,,208.03,,203837909.39380953,-13.183373674985399,-9.79533431619114,11.73895528400697,86.92604906101175,18.473958537445622,46.654224165993135,,,False,,277.0,,2026-08-20,,full,"{""as_of"": ""2026-08-20"", ""listing_date"": null, ""reason_code"": ""valid_trading_sessions"", ""status"": ""full"", ""valid_trading_sessions"": 277}","[""l1.csv""]",[],64.1185,ranked,full,100.0,True,True,False
TEL,TE Connectivity plc Ordinary Shares,nasdaqtrader:N:TEL,common_equity,eligible,N,,200.54,,518674979.59333336,0.12981825444378092,-0.42206663687373025,-13.709122203098111,-1.4012488322926342,19.46184738955824,35.448426254749776,,,False,,277.0,,2026-08-20,,full,"{""as_of"": ""2026-08-20"", ""listing_date"": null, ""reason_code"": ""valid_trading_sessions"", ""status"": ""full"", ""valid_trading_sessions"": 277}","[""l1.csv""]",[],64.1155,ranked,full,100.0,True,True,False
VMI,"Valmont Industries, Inc. Common Stock",nasdaqtrader:N:VMI,common_equity,eligible,N,,481.67,,117083797.28698413,-1.1958974358974306,-4.309043229497778,3.8596718200832436,28.809434668663435,17.458658212663856,32.889465006343904,,,False,,277.0,,2026-08-20,,full,"{""as_of"": ""2026-08-20"", ""listing_date"": null, ""reason_code"": ""valid_trading_sessions"", ""status"": ""full"", ""valid_trading_sessions"": 277}","[""l1.csv""]",[],64.1147,ranked,full,100.0,True,True,False
JBS,JBS N.V. Class A Common Shares,nasdaqtrader:N:JBS,common_equity,eligible,N,,13.55,,89275037.38587302,10.6122448979592,5.03875968992249,-16.254635352286773,-10.205434062292905,26.438653637350708,42.33098586935971,,,False,,277.0,,2026-08-20,,full,"{""as_of"": ""2026-08-20"", ""listing_date"": null, ""reason_code"": ""valid_trading_sessions"", ""status"": ""full"", ""valid_trading_sessions"": 277}","[""l1.csv""]",[],64.1085,ranked,full,100.0,True,True,False
PENN,"PENN Entertainment, Inc. - Common Stock",nasdaqtrader:Q:PENN,common_equity,eligible,Q,,18.44,,68694098.40095238,-11.89679885332059,14.03834260977117,38.33458364591149,-0.4319654427645703,16.409791477787838,36.846776786927016,,,False,,277.0,,2026-08-20,,full,"{""as_of"": ""2026-08-20"", ""listing_date"": null, ""reason_code"": ""valid_trading_sessions"", ""status"": ""full"", ""valid_trading_sessions"": 277}","[""l1.csv""]",[],64.1024,ranked,full,100.0,True,True,False
DCI,"Donaldson Company, Inc. Common Stock",nasdaqtrader:N:DCI,common_equity,eligible,N,,92.44,,68849049.88936508,1.6270888302550635,11.440626883664851,-14.232696233067365,23.2369017464338,16.39685267251515,20.222402524622463,,,False,,277.0,,2026-08-20,,full,"{""as_of"": ""2026-08-20"", ""listing_date"": null, ""reason_code"": ""valid_trading_sessions"", ""status"": ""full"", ""valid_trading_sessions"": 277}","[""l1.csv""]",[],64.0992,ranked,full,100.0,True,True,False
NRG,"NRG Energy, Inc. Common Stock",nasdaqtrader:N:NRG,common_equity,eligible,N,,115.36,,362273980.40746033,-17.588226889555646,-13.897596656217337,-34.08376664190618,-22.25367300175226,37.31456827691137,71.71573433704866,,,False,,277.0,,2026-08-20,,full,"{""as_of"": ""2026-08-20"", ""listing_date"": null, ""reason_code"": ""valid_trading_sessions"", ""status"": ""full"", ""valid_trading_sessions"": 277}","[""l1.csv""]",[],64.0957,ranked,full,100.0,True,True,False
FLEX,Flex Ltd. - Ordinary Shares,nasdaqtrader:Q:FLEX,common_equity,eligible,Q,,110.32,,871547483.5860317,-13.133858267716537,-16.119221411192232,69.43633850407002,121.65963431786216,31.93064725118776,68.6378929689988,,,False,,277.0,,2026-08-20,,full,"{""as_of"": ""2026-08-20"", ""listing_date"": null, ""reason_code"": ""valid_trading_sessions"", ""status"": ""full"", ""valid_trading_sessions"": 277}","[""l1.csv""]",[],64.0908,ranked,full,100.0,True,True,False
EXTR,"Extreme Networks, Inc. - Common Stock",nasdaqtrader:Q:EXTR,common_equity,eligible,Q,,22.32,,58959928.54746031,-26.263627353815654,-4.940374787052814,58.974358974358985,11.655827913956983,33.78819341441709,75.75535744445465,,,False,,277.0,,2026-08-20,,full,"{""as_of"": ""2026-08-20"", ""listing_date"": null, ""reason_code"": ""valid_trading_sessions"", ""status"": ""full"", ""valid_trading_sessions"": 277}","[""l1.csv""]",[],64.0884,ranked,full,100.0,True,True,False
NVR,"NVR, Inc. Common Stock",nasdaqtrader:N:NVR,common_equity,eligible,N,,6300.0,,205557173.75301588,-0.7761509966484392,5.1687959174474996,-16.291751149991896,-23.607566003669255,26.255413789067074,30.369925483969062,,,False,,277.0,,2026-08-20,,full,"{""as_of"": ""2026-08-20"", ""listing_date"": null, ""reason_code"": ""valid_trading_sessions"", ""status"": ""full"", ""valid_trading_sessions"": 277}","[""l1.csv""]",[],64.0841,ranked,full,100.0,True,True,False
GFL,"GFL Environmental Inc. Subordinate voting shares, no par value",qrgf-resolution-required:N:GFL,common_equity,eligible,N,,41.17,,107474455.32396825,5.294117647058827,12.271611671666216,-5.29100529100528,-17.329317269076295,19.32196747011562,24.179620931263777,,,False,,277.0,,2026-08-20,,full,"{""as_of"": ""2026-08-20"", ""listing_date"": null, ""reason_code"": ""valid_trading_sessions"", ""status"": ""full"", ""valid_trading_sessions"": 277}","[""l1.csv""]",[],64.0805,ranked,full,100.0,True,True,False
LEGN,Legend Biotech Corporation - American Depositary Shares,nasdaqtrader:Q:LEGN,adr,eligible,Q,,21.26,,73338898.10015874,-9.647258818529536,-24.3954480796586,15.795206971677578,-41.81718664477284,41.40022050716649,72.52840543472566,,,False,,277.0,,2026-08-20,,full,"{""as_of"": ""2026-08-20"", ""listing_date"": null, ""reason_code"": ""valid_trading_sessions"", ""status"": ""full"", ""valid_trading_sessions"": 277}","[""l1.csv""]",[],64.0733,ranked,full,100.0,True,True,False
NCLH,Norwegian Cruise Line Holdings Ltd. Ordinary Shares,nasdaqtrader:N:NCLH,common_equity,eligible,N,,16.75,,332626573.96301585,-13.347128815312981,4.491578290704923,-29.443976411120467,-31.43675808432256,37.82479584261321,52.81050625129404,,,False,,277.0,,2026-08-20,,full,"{""as_of"": ""2026-08-20"", ""listing_date"": null, ""reason_code"": ""valid_trading_sessions"", ""status"": ""full"", ""valid_trading_sessions"": 277}","[""l1.csv""]",[],64.0617,ranked,full,100.0,True,True,False
TRV,"The Travelers Companies, Inc. Common Stock",nasdaqtrader:N:TRV,common_equity,eligible,N,,364.49,,666345090.6360317,-2.0398838959363563,18.741855616366966,21.537179059686572,35.56365529809946,8.239766376315394,34.59508726330238,,,False,,277.0,,2026-08-20,,full,"{""as_of"": ""2026-08-20"", ""listing_date"": null, ""reason_code"": ""valid_trading_sessions"", ""status"": ""full"", ""valid_trading_sessions"": 277}","[""l1.csv""]",[],64.0599,ranked,full,100.0,True,True,False
FITB,Fifth Third Bancorp Common Stock,nasdaqtrader:N:FITB,common_equity,eligible,N,,54.5,,371605232.58682543,-5.496792092942604,11.543184609087188,3.0245746691871522,27.336448598130847,8.202796024928416,20.417199444678918,,,False,,277.0,,2026-08-20,,full,"{""as_of"": ""2026-08-20"", ""listing_date"": null, ""reason_code"": ""valid_trading_sessions"", ""status"": ""full"", ""valid_trading_sessions"": 277}","[""l1.csv""]",[],64.0507,ranked,full,100.0,True,True,False
APLD,Applied Digital Corporation - Common Stock,nasdaqtrader:Q:APLD,common_equity,eligible,Q,,28.645,,727968363.6134921,-4.770611702127658,-27.5177125506073,-9.150015857913107,86.73402868318124,42.306143001007044,100.48431874941576,,,False,,277.0,,2026-08-20,,full,"{""as_of"": ""2026-08-20"", ""listing_date"": null, ""reason_code"": ""valid_trading_sessions"", ""status"": ""full"", ""valid_trading_sessions"": 277}","[""l1.csv""]",[],64.0129,ranked,full,100.0,True,True,False
BBIO,"BridgeBio Pharma, Inc. - Common Stock",nasdaqtrader:Q:BBIO,common_equity,eligible,Q,,82.94,,251462548.02007934,0.33873699491895337,21.577250073292298,17.279411764705888,69.57677366591699,8.01818786736166,31.59506014466943,,,False,,277.0,,2026-08-20,,full,"{""as_of"": ""2026-08-20"", ""listing_date"": null, ""reason_code"": ""valid_trading_sessions"", ""status"": ""full"", ""valid_trading_sessions"": 277}","[""l1.csv""]",[],64.0045,ranked,full,100.0,True,True,False
FICO,Fair Isaac Corporation Common Stock,nasdaqtrader:N:FICO,common_equity,eligible,N,,1149.75,,384991389.92396826,-5.8716137113478,-6.5418661551092105,-15.005211683040965,-16.981363679030714,38.82844297837248,75.65032354152932,,,False,,277.0,,2026-08-20,,full,"{""as_of"": ""2026-08-20"", ""listing_date"": null, ""reason_code"": ""valid_trading_sessions"", ""status"": ""full"", ""valid_trading_sessions"": 277}","[""l1.csv""]",[],63.9948,ranked,full,100.0,True,True,False
ETR,Entergy Corporation Common Stock,nasdaqtrader:N:ETR,common_equity,eligible,N,,107.34,,331503920.9234921,-6.563370473537599,-4.100777271508981,3.8807703474305733,20.864767481139502,8.964464422016782,19.730722559152703,,,False,,277.0,,2026-08-20,,full,"{""as_of"": ""2026-08-20"", ""listing_date"": null, ""reason_code"": ""valid_trading_sessions"", ""status"": ""full"", ""valid_trading_sessions"": 277}","[""l1.csv""]",[],63.9911,ranked,full,100.0,True,True,False
APPF,"AppFolio, Inc. - Class A Common Stock",nasdaqtrader:Q:APPF,common_equity,eligible,Q,,218.85,,71468915.36666667,34.917699278712774,33.94332578493178,24.078693729447775,-18.923424591560778,23.601899043496466,53.45965151326371,,,False,,277.0,,2026-08-20,,full,"{""as_of"": ""2026-08-20"", ""listing_date"": null, ""reason_code"": ""valid_trading_sessions"", ""status"": ""full"", ""valid_trading_sessions"": 277}","[""l1.csv""]",[],63.9803,ranked,full,100.0,True,True,False
KEY,KeyCorp Common Stock,nasdaqtrader:N:KEY,common_equity,eligible,N,,21.85,,250499698.91904762,-5.45218520121159,2.055114432508187,0.2753556677375091,20.385674931129504,8.92038349312212,19.96299708207225,,,False,,277.0,,2026-08-20,,full,"{""as_of"": ""2026-08-20"", ""listing_date"": null, ""reason_code"": ""valid_trading_sessions"", ""status"": ""full"", ""valid_trading_sessions"": 277}","[""l1.csv""]",[],63.9801,ranked,full,100.0,True,True,False
HCA,"HCA Healthcare, Inc. Common Stock",nasdaqtrader:N:HCA,common_equity,eligible,N,,406.27,,626580460.6999999,9.25054454513674,2.4201477298509966,-23.15098551053607,0.8890213315453588,25.4728229963495,41.386956395194765,,,False,,277.0,,2026-08-20,,full,"{""as_of"": ""2026-08-20"", ""listing_date"": null, ""reason_code"": ""valid_trading_sessions"", ""status"": ""full"", ""valid_trading_sessions"": 277}","[""l1.csv""]",[],63.9797,ranked,full,100.0,True,True,False
XENE,Xenon Pharmaceuticals Inc. - Common Shares,nasdaqtrader:Q:XENE,common_equity,eligible,Q,,59.73,,78815828.07460317,-9.746146872166827,9.235552304316009,38.64902506963788,59.876873661670224,15.825817361894023,29.410751313713295,,,False,,277.0,,2026-08-20,,full,"{""as_of"": ""2026-08-20"", ""listing_date"": null, ""reason_code"": ""valid_trading_sessions"", ""status"": ""full"", ""valid_trading_sessions"": 277}","[""l1.csv""]",[],63.9565,ranked,full,100.0,True,True,False
RIO,Rio Tinto Plc Common Stock,nasdaqtrader:N:RIO,common_equity,eligible,N,,102.17,,263740541.35857144,10.717381881231036,-1.1034749782208864,6.051484326344192,68.62518567420366,8.809353802213504,30.807901469264166,,,False,,277.0,,2026-08-20,,full,"{""as_of"": ""2026-08-20"", ""listing_date"": null, ""reason_code"": ""valid_trading_sessions"", ""status"": ""full"", ""valid_trading_sessions"": 277}","[""l1.csv""]",[],63.9523,ranked,full,100.0,True,True,False
WULF,TeraWulf Inc. - Common Stock,nasdaqtrader:Q:WULF,common_equity,eligible,Q,,16.45,,702530082.528889,-15.597742432016414,-23.94822006472492,6.334841628959276,87.35763097949886,43.236714975845416,97.00790367490211,,,False,,277.0,,2026-08-20,,full,"{""as_of"": ""2026-08-20"", ""listing_date"": null, ""reason_code"": ""valid_trading_sessions"", ""status"": ""full"", ""valid_trading_sessions"": 277}","[""l1.csv""]",[],63.9509,ranked,full,100.0,True,True,False
PARR,"Par Pacific Holdings, Inc.  Common Stock",nasdaqtrader:N:PARR,common_equity,eligible,N,,72.45,,65531198.02650794,-8.776126920171235,19.16118421052633,71.23611439376035,140.69767441860463,15.785191212367778,75.78910662771845,,,False,,277.0,,2026-08-20,,full,"{""as_of"": ""2026-08-20"", ""listing_date"": null, ""reason_code"": ""valid_trading_sessions"", ""status"": ""full"", ""valid_trading_sessions"": 277}","[""l1.csv""]",[],63.9463,ranked,full,100.0,True,True,False
LFUS,"Littelfuse, Inc. - Common Stock",nasdaqtrader:Q:LFUS,common_equity,eligible,Q,,411.97,,150171077.9379365,-0.9877908094597099,-6.637809907990744,13.402884827130613,62.93059125964011,15.769781230832136,46.625288379649646,,,False,,277.0,,2026-08-20,,full,"{""as_of"": ""2026-08-20"", ""listing_date"": null, ""reason_code"": ""valid_trading_sessions"", ""status"": ""full"", ""valid_trading_sessions"": 277}","[""l1.csv""]",[],63.9424,ranked,full,100.0,True,True,False
CAG,"ConAgra Brands, Inc. Common Stock",nasdaqtrader:N:CAG,common_equity,eligible,N,,16.27,,241962127.8709524,9.710047201618345,18.241279069767447,-12.948100588550037,-15.568240788790867,18.731268731268734,33.523953134034656,,,False,,277.0,,2026-08-20,,full,"{""as_of"": ""2026-08-20"", ""listing_date"": null, ""reason_code"": ""valid_trading_sessions"", ""status"": ""full"", ""valid_trading_sessions"": 277}","[""l1.csv""]",[],63.9328,ranked,full,100.0,True,True,False
COST,Costco Wholesale Corporation - Common Stock,nasdaqtrader:Q:COST,common_equity,eligible,Q,,933.23,,2240482486.229762,0.6384057111429975,-13.107885401439468,-5.526310461420103,-4.8549727277361505,14.720557058264482,17.74706965832564,,,False,,277.0,,2026-08-20,,full,"{""as_of"": ""2026-08-20"", ""listing_date"": null, ""reason_code"": ""valid_trading_sessions"", ""status"": ""full"", ""valid_trading_sessions"": 277}","[""l1.csv""]",[],63.9301,ranked,full,100.0,True,True,False
BA,Boeing Company (The) Common Stock,nasdaqtrader:N:BA,common_equity,eligible,N,,215.1,,1313971964.020476,3.0913012221423397,-3.195319531953189,-7.962859954644652,-4.400000000000004,14.69363474122547,38.67151130306982,,,False,,277.0,,2026-08-20,,full,"{""as_of"": ""2026-08-20"", ""listing_date"": null, ""reason_code"": ""valid_trading_sessions"", ""status"": ""full"", ""valid_trading_sessions"": 277}","[""l1.csv""]",[],63.9234,ranked,full,100.0,True,True,False
RKT,"Rocket Companies, Inc. Class A Common Stock",nasdaqtrader:N:RKT,common_equity,eligible,N,,14.06,,418835749.9125397,4.613095238095255,3.1548055759354376,-23.37874659400545,-23.752711496746205,40.01706484641638,54.221566377476314,,,False,,277.0,,2026-08-20,,full,"{""as_of"": ""2026-08-20"", ""listing_date"": null, ""reason_code"": ""valid_trading_sessions"", ""status"": ""full"", ""valid_trading_sessions"": 277}","[""l1.csv""]",[],63.9155,ranked,full,100.0,True,True,False
JD,"JD.com, Inc. - American Depositary Shares",nasdaqtrader:Q:JD,adr,eligible,Q,,29.42,,252292283.62333333,-2.421227197346587,-9.365372766481816,7.884121745507899,-5.825864276568494,18.661874481614593,34.63916327597104,,,False,,277.0,,2026-08-20,,full,"{""as_of"": ""2026-08-20"", ""listing_date"": null, ""reason_code"": ""valid_trading_sessions"", ""status"": ""full"", ""valid_trading_sessions"": 277}","[""l1.csv""]",[],63.9155,ranked,full,100.0,True,True,False
YUMC,"Yum China Holdings, Inc. Common Stock",nasdaqtrader:N:YUMC,common_equity,eligible,N,,48.88,,74712468.90714285,12.574850299401197,7.310647639956103,-10.492583775865217,9.818018422826347,15.651423641069883,24.49192594401555,,,False,,277.0,,2026-08-20,,full,"{""as_of"": ""2026-08-20"", ""listing_date"": null, ""reason_code"": ""valid_trading_sessions"", ""status"": ""full"", ""valid_trading_sessions"": 277}","[""l1.csv""]",[],63.9129,ranked,full,100.0,True,True,False
ADP,"Automatic Data Processing, Inc. - Common Stock",nasdaqtrader:Q:ADP,common_equity,eligible,Q,,279.21,,631491014.751508,14.84452122408686,26.51683356744754,29.28184470065287,-8.67133324610756,9.649548587515778,32.13819001980005,,,False,,277.0,,2026-08-20,,full,"{""as_of"": ""2026-08-20"", ""listing_date"": null, ""reason_code"": ""valid_trading_sessions"", ""status"": ""full"", ""valid_trading_sessions"": 277}","[""l1.csv""]",[],63.9124,ranked,full,100.0,True,True,False
VNT,Vontier Corporation Common Stock,nasdaqtrader:N:VNT,common_equity,eligible,N,,32.81,,52626474.98444445,8.678370321298456,15.44686840253342,-19.99512314069738,-23.125585754451727,24.937085335163577,30.058947063888507,,,False,,277.0,,2026-08-20,,full,"{""as_of"": ""2026-08-20"", ""listing_date"": null, ""reason_code"": ""valid_trading_sessions"", ""status"": ""full"", ""valid_trading_sessions"": 277}","[""l1.csv""]",[],63.9083,ranked,full,100.0,True,True,False
DEO,Diageo plc Common Stock,nasdaqtrader:N:DEO,common_equity,eligible,N,,93.85,,100456350.91952382,11.288983754298588,10.25610902255638,-2.725953565505812,-17.72595774524415,18.62481574611984,33.01467146739709,,,False,,277.0,,2026-08-20,,full,"{""as_of"": ""2026-08-20"", ""listing_date"": null, ""reason_code"": ""valid_trading_sessions"", ""status"": ""full"", ""valid_trading_sessions"": 277}","[""l1.csv""]",[],63.9062,ranked,full,100.0,True,True,False
AR,Antero Resources Corporation Common Stock,nasdaqtrader:N:AR,common_equity,eligible,N,,37.66,,162856246.14142856,6.776297136376508,-0.8425487098472906,7.507850413930894,26.079678607298273,16.589147286821714,38.65009676097014,,,False,,277.0,,2026-08-20,,full,"{""as_of"": ""2026-08-20"", ""listing_date"": null, ""reason_code"": ""valid_trading_sessions"", ""status"": ""full"", ""valid_trading_sessions"": 277}","[""l1.csv""]",[],63.8973,ranked,full,100.0,True,True,False
NBIX,"Neurocrine Biosciences, Inc. - Common Stock",nasdaqtrader:Q:NBIX,common_equity,eligible,Q,,152.93,,207626856.05515873,-11.442469164398627,-1.1249757548328576,17.548039969254425,15.149461636924944,17.557951482479783,42.78944613514914,,,False,,277.0,,2026-08-20,,full,"{""as_of"": ""2026-08-20"", ""listing_date"": null, ""reason_code"": ""valid_trading_sessions"", ""status"": ""full"", ""valid_trading_sessions"": 277}","[""l1.csv""]",[],63.8895,ranked,full,100.0,True,True,False
VIAV,Viavi Solutions Inc. - Common Stock,nasdaqtrader:Q:VIAV,common_equity,eligible,Q,,38.56,,304880256.0893651,-8.733727810650882,-19.83367983367983,46.44891758450438,261.72607879924954,30.309054762335073,91.77721115209236,,,False,,277.0,,2026-08-20,,full,"{""as_of"": ""2026-08-20"", ""listing_date"": null, ""reason_code"": ""valid_trading_sessions"", ""status"": ""full"", ""valid_trading_sessions"": 277}","[""l1.csv""]",[],63.8745,ranked,full,100.0,True,True,False
CRCL,"Circle Internet Group, Inc. Class A Common Stock",nasdaqtrader:N:CRCL,common_equity,eligible,N,,83.66,,1013134429.56,26.45102781136639,-25.049274323597924,35.10981912144702,-38.13502920949493,44.40457203615098,78.65645444242743,,,False,,277.0,,2026-08-20,,full,"{""as_of"": ""2026-08-20"", ""listing_date"": null, ""reason_code"": ""valid_trading_sessions"", ""status"": ""full"", ""valid_trading_sessions"": 277}","[""l1.csv""]",[],63.873,ranked,full,100.0,True,True,False
PG,Procter & Gamble Company (The) Common Stock,nasdaqtrader:N:PG,common_equity,eligible,N,,142.97,,1347161785.4719048,-4.130624287534368,0.37208649255826565,-9.832240161453075,-9.74116161616162,14.491626794258373,16.400075452556422,,,False,,277.0,,2026-08-20,,full,"{""as_of"": ""2026-08-20"", ""listing_date"": null, ""reason_code"": ""valid_trading_sessions"", ""status"": ""full"", ""valid_trading_sessions"": 277}","[""l1.csv""]",[],63.8729,ranked,full,100.0,True,True,False
CE,Celanese Corporation Common Stock,nasdaqtrader:N:CE,common_equity,eligible,N,,46.98,,85708416.99650793,-2.8535980148883477,-12.18691588785047,-14.457392571012395,3.8461538461538325,32.149046793760824,39.34441353552482,,,False,,277.0,,2026-08-20,,full,"{""as_of"": ""2026-08-20"", ""listing_date"": null, ""reason_code"": ""valid_trading_sessions"", ""status"": ""full"", ""valid_trading_sessions"": 277}","[""l1.csv""]",[],63.8699,ranked,full,100.0,True,True,False
YETI,"YETI Holdings, Inc. Common Stock",nasdaqtrader:N:YETI,common_equity,eligible,N,,44.0,,69973476.4647619,-14.992272024729514,-1.4998880680546223,-6.502337441563966,27.351664254703344,16.47684130599848,46.42318877194714,,,False,,277.0,,2026-08-20,,full,"{""as_of"": ""2026-08-20"", ""listing_date"": null, ""reason_code"": ""valid_trading_sessions"", ""status"": ""full"", ""valid_trading_sessions"": 277}","[""l1.csv""]",[],63.8692,ranked,full,100.0,True,True,False
IBRX,"ImmunityBio, Inc. - Common Stock",nasdaqtrader:Q:IBRX,common_equity,eligible,Q,,7.84,,88131152.91174604,4.394141145139807,-2.60869565217392,-8.943089430894302,243.859649122807,32.121212121212125,63.36232204335745,,,False,,277.0,,2026-08-20,,full,"{""as_of"": ""2026-08-20"", ""listing_date"": null, ""reason_code"": ""valid_trading_sessions"", ""status"": ""full"", ""valid_trading_sessions"": 277}","[""l1.csv""]",[],63.8662,ranked,full,100.0,True,True,False
COCO,"The Vita Coco Company, Inc. - Common Stock",nasdaqtrader:Q:COCO,common_equity,eligible,Q,,65.17,,78571884.31896825,-12.464741437206184,-16.319979455572664,25.908037094281312,92.01532115497939,22.435134491787668,46.224008349785,,,False,,277.0,,2026-08-20,,full,"{""as_of"": ""2026-08-20"", ""listing_date"": null, ""reason_code"": ""valid_trading_sessions"", ""status"": ""full"", ""valid_trading_sessions"": 277}","[""l1.csv""]",[],63.8247,ranked,full,100.0,True,True,False
INFY,Infosys Limited American Depositary Shares,nasdaqtrader:N:INFY,adr,eligible,N,,11.83,,264720101.97492063,8.23421774931381,-7.361002349256063,-18.694158075601376,-28.73493975903615,41.49357072205736,45.191460132227085,,,False,,277.0,,2026-08-20,,full,"{""as_of"": ""2026-08-20"", ""listing_date"": null, ""reason_code"": ""valid_trading_sessions"", ""status"": ""full"", ""valid_trading_sessions"": 277}","[""l1.csv""]",[],63.8171,ranked,full,100.0,True,True,False
TIC,"TIC Solutions, Inc. Common Stock",nasdaqtrader:N:TIC,common_equity,eligible,N,,9.02,,17558885.167936508,25.801952580195262,5.005820721769494,-6.5284974093264285,-9.346733668341711,37.750172532781235,66.86946474474108,,,False,,277.0,,2026-08-20,,full,"{""as_of"": ""2026-08-20"", ""listing_date"": null, ""reason_code"": ""valid_trading_sessions"", ""status"": ""full"", ""valid_trading_sessions"": 277}","[""l1.csv""]",[],63.8167,ranked,full,100.0,True,True,False
PYPL,"PayPal Holdings, Inc. - Common Stock",nasdaqtrader:Q:PYPL,common_equity,eligible,Q,,62.3,,790342235.8757143,12.23203026481714,40.39436619718308,49.29307452671938,-9.775524981897178,18.16629449625641,50.21794988151388,,,False,,277.0,,2026-08-20,,full,"{""as_of"": ""2026-08-20"", ""listing_date"": null, ""reason_code"": ""valid_trading_sessions"", ""status"": ""full"", ""valid_trading_sessions"": 277}","[""l1.csv""]",[],63.7916,ranked,full,100.0,True,True,False
AMKR,"Amkor Technology, Inc. - Common Stock",nasdaqtrader:Q:AMKR,common_equity,eligible,Q,,50.86,,391984320.1101587,-24.05554725996715,-25.740984085267915,5.213074058750511,114.23757371524852,45.63335114911812,116.80237708490262,,,False,,277.0,,2026-08-20,,full,"{""as_of"": ""2026-08-20"", ""listing_date"": null, ""reason_code"": ""valid_trading_sessions"", ""status"": ""full"", ""valid_trading_sessions"": 277}","[""l1.csv""]",[],63.7911,ranked,full,100.0,True,True,False
FLS,Flowserve Corporation Common Stock,nasdaqtrader:N:FLS,common_equity,eligible,N,,78.1,,142019635.14349207,13.864994897215333,14.381956649091965,-11.461285568529645,47.94468649365409,15.14558887440245,36.72746705545958,,,False,,277.0,,2026-08-20,,full,"{""as_of"": ""2026-08-20"", ""listing_date"": null, ""reason_code"": ""valid_trading_sessions"", ""status"": ""full"", ""valid_trading_sessions"": 277}","[""l1.csv""]",[],63.7864,ranked,full,100.0,True,True,False
VMC,Vulcan Materials Company (Holding Company) Common Stock,nasdaqtrader:N:VMC,common_equity,eligible,N,,270.67,,323787652.9852381,-2.577115502285554,2.814707893337398,-10.625722304771346,-7.57068706460865,18.070648061264638,31.436668190905735,,,False,,277.0,,2026-08-20,,full,"{""as_of"": ""2026-08-20"", ""listing_date"": null, ""reason_code"": ""valid_trading_sessions"", ""status"": ""full"", ""valid_trading_sessions"": 277}","[""l1.csv""]",[],63.7677,ranked,full,100.0,True,True,False
KDP,Keurig Dr Pepper Inc. - Common Stock,nasdaqtrader:Q:KDP,common_equity,eligible,Q,,31.66,,437329462.85063493,4.834437086092724,10.352039037992334,8.79725085910652,-10.00568504832291,10.056818181818183,32.1987240264604,,,False,,277.0,,2026-08-20,,full,"{""as_of"": ""2026-08-20"", ""listing_date"": null, ""reason_code"": ""valid_trading_sessions"", ""status"": ""full"", ""valid_trading_sessions"": 277}","[""l1.csv""]",[],63.7642,ranked,full,100.0,True,True,False
UUUU,Energy Fuels Inc Ordinary Shares (Canada),nasdaqtrader:A:UUUU,common_equity,eligible,A,,13.9,,128860394.58,12.916328188464664,-17.163289630512523,-36.73190714610832,64.1086186540732,49.855699855699854,73.31116629789544,,,False,,277.0,,2026-08-20,,full,"{""as_of"": ""2026-08-20"", ""listing_date"": null, ""reason_code"": ""valid_trading_sessions"", ""status"": ""full"", ""valid_trading_sessions"": 277}","[""l1.csv""]",[],63.7596,ranked,full,100.0,True,True,False
TSEM,Tower Semiconductor Ltd. - Ordinary Shares,nasdaqtrader:Q:TSEM,common_equity,eligible,Q,,223.78,,478963269.0196826,-10.31940047288903,-15.388687235329712,77.80073097092006,344.7138314785374,29.373520593340707,105.78961485121938,,,False,,277.0,,2026-08-20,,full,"{""as_of"": ""2026-08-20"", ""listing_date"": null, ""reason_code"": ""valid_trading_sessions"", ""status"": ""full"", ""valid_trading_sessions"": 277}","[""l1.csv""]",[],63.7498,ranked,full,100.0,True,True,False
ATEN,"A10 Networks, Inc. Common Stock",nasdaqtrader:N:ATEN,common_equity,eligible,N,,25.53,,41616488.52174603,-28.16544738323016,-10.983263598326353,29.72560975609757,49.64830011723331,33.009708737864074,54.33989038854887,,,False,,277.0,,2026-08-20,,full,"{""as_of"": ""2026-08-20"", ""listing_date"": null, ""reason_code"": ""valid_trading_sessions"", ""status"": ""full"", ""valid_trading_sessions"": 277}","[""l1.csv""]",[],63.7346,ranked,full,100.0,True,True,False
NG,Novagold Resources Inc.,qrgf-resolution-required:A:NG,common_equity,eligible,A,,8.66,,30942747.863174606,39.452495974235106,8.65746549560853,-22.678571428571427,46.53130287648055,39.01408450704225,77.08847935280268,,,False,,277.0,,2026-08-20,,full,"{""as_of"": ""2026-08-20"", ""listing_date"": null, ""reason_code"": ""valid_trading_sessions"", ""status"": ""full"", ""valid_trading_sessions"": 277}","[""l1.csv""]",[],63.7324,ranked,full,100.0,True,True,False
MKC,"McCormick & Company, Incorporated Common Stock",nasdaqtrader:N:MKC,common_equity,eligible,N,,55.22,,197480117.86492065,6.151480199923087,18.244111349036384,-19.375091254197685,-20.028964518464875,23.581511209521178,29.359222087368984,,,False,,277.0,,2026-08-20,,full,"{""as_of"": ""2026-08-20"", ""listing_date"": null, ""reason_code"": ""valid_trading_sessions"", ""status"": ""full"", ""valid_trading_sessions"": 277}","[""l1.csv""]",[],63.7275,ranked,full,100.0,True,True,False
BWA,BorgWarner Inc. Common Stock,nasdaqtrader:N:BWA,common_equity,eligible,N,,64.8,,191702001.5947619,0.8560311284046662,2.9388403494837068,7.44486818106449,54.065620542082726,15.876931065818523,32.33143894386133,,,False,,277.0,,2026-08-20,,full,"{""as_of"": ""2026-08-20"", ""listing_date"": null, ""reason_code"": ""valid_trading_sessions"", ""status"": ""full"", ""valid_trading_sessions"": 277}","[""l1.csv""]",[],63.7192,ranked,full,100.0,True,True,False
MGM,MGM Resorts International Common Stock,nasdaqtrader:N:MGM,common_equity,eligible,N,,43.17,,171336697.0111111,-5.1000219828533755,18.241577649958927,18.40373011519474,17.597384908744207,14.83527322943381,19.773438192538254,,,False,,277.0,,2026-08-20,,full,"{""as_of"": ""2026-08-20"", ""listing_date"": null, ""reason_code"": ""valid_trading_sessions"", ""status"": ""full"", ""valid_trading_sessions"": 277}","[""l1.csv""]",[],63.7088,ranked,full,100.0,True,True,False
ENPH,"Enphase Energy, Inc. - Common Stock",nasdaqtrader:Q:ENPH,common_equity,eligible,Q,,38.36,,312597422.57285714,-3.0823648307225837,-27.82690498588899,-13.310734463276841,5.879105713497101,46.96529793999723,63.300941128627585,,,False,,277.0,,2026-08-20,,full,"{""as_of"": ""2026-08-20"", ""listing_date"": null, ""reason_code"": ""valid_trading_sessions"", ""status"": ""full"", ""valid_trading_sessions"": 277}","[""l1.csv""]",[],63.7023,ranked,full,100.0,True,True,False
FUTU,Futu Holdings Limited - American Depositary Shares,nasdaqtrader:Q:FUTU,adr,eligible,Q,,112.78,,325839940.2784127,6.305966632104809,-9.573444515715202,-26.527687296416936,-33.076192736767155,43.338022508038584,44.35141506194296,,,False,,277.0,,2026-08-20,,full,"{""as_of"": ""2026-08-20"", ""listing_date"": null, ""reason_code"": ""valid_trading_sessions"", ""status"": ""full"", ""valid_trading_sessions"": 277}","[""l1.csv""]",[],63.6941,ranked,full,100.0,True,True,False
GGB,Gerdau S.A. Common Stock,nasdaqtrader:N:GGB,common_equity,eligible,N,,4.33,,73095028.63571429,-9.224318658280916,-7.675906183368875,5.0970873786407855,48.28767123287672,15.758754863813218,35.84528713249878,,,False,,277.0,,2026-08-20,,full,"{""as_of"": ""2026-08-20"", ""listing_date"": null, ""reason_code"": ""valid_trading_sessions"", ""status"": ""full"", ""valid_trading_sessions"": 277}","[""l1.csv""]",[],63.6897,ranked,full,100.0,True,True,False
FIS,"Fidelity National Information Services, Inc. Common Stock",nasdaqtrader:N:FIS,common_equity,eligible,N,,40.58,,261544497.79746032,0.09866798223976403,-4.94260951042399,-17.183673469387763,-41.46833982403,43.450390189520625,39.63905044936902,,,False,,277.0,,2026-08-20,,full,"{""as_of"": ""2026-08-20"", ""listing_date"": null, ""reason_code"": ""valid_trading_sessions"", ""status"": ""full"", ""valid_trading_sessions"": 277}","[""l1.csv""]",[],63.6866,ranked,full,100.0,True,True,False
QURE,uniQure N.V. - Ordinary Shares,nasdaqtrader:Q:QURE,common_equity,eligible,Q,,48.9,,78275127.65523809,21.09955423476968,98.78048780487802,100.40983606557377,218.98238747553816,30.726731831704214,47.71117718898405,,,False,,277.0,,2026-08-20,,full,"{""as_of"": ""2026-08-20"", ""listing_date"": null, ""reason_code"": ""valid_trading_sessions"", ""status"": ""full"", ""valid_trading_sessions"": 277}","[""l1.csv""]",[],63.6802,ranked,full,100.0,True,True,False
PAYX,"Paychex, Inc. - Common Stock",nasdaqtrader:Q:PAYX,common_equity,eligible,Q,,122.91,,347022779.26880956,10.98970561675998,29.487989886219967,33.10591293047433,-11.581900582691883,12.712165329166968,32.922739523163195,,,False,,277.0,,2026-08-20,,full,"{""as_of"": ""2026-08-20"", ""listing_date"": null, ""reason_code"": ""valid_trading_sessions"", ""status"": ""full"", ""valid_trading_sessions"": 277}","[""l1.csv""]",[],63.678,ranked,full,100.0,True,True,False
ADSK,"Autodesk, Inc. - Common Stock",nasdaqtrader:Q:ADSK,common_equity,eligible,Q,,251.02,,575340836.2265079,23.351351351351358,3.0332881829002956,9.567874290702761,-13.213939980638912,23.18614400685456,43.61629379516252,,,False,,277.0,,2026-08-20,,full,"{""as_of"": ""2026-08-20"", ""listing_date"": null, ""reason_code"": ""valid_trading_sessions"", ""status"": ""full"", ""valid_trading_sessions"": 277}","[""l1.csv""]",[],63.6748,ranked,full,100.0,True,True,False
HRL,Hormel Foods Corporation Common Stock,nasdaqtrader:N:HRL,common_equity,eligible,N,,24.08,,115274073.87777779,-4.482348274494264,15.992292870905578,-1.914460285132391,-15.24111228440691,17.675213675213687,20.623577671624695,,,False,,277.0,,2026-08-20,,full,"{""as_of"": ""2026-08-20"", ""listing_date"": null, ""reason_code"": ""valid_trading_sessions"", ""status"": ""full"", ""valid_trading_sessions"": 277}","[""l1.csv""]",[],63.6688,ranked,full,100.0,True,True,False
AQST,"Aquestive Therapeutics, Inc. - Common Stock",nasdaqtrader:Q:AQST,common_equity,eligible,Q,,4.495,,10405543.034920637,14.08629441624365,7.793764988009588,13.510101010101017,16.753246753246763,39.98664886515354,50.24220596650567,,,False,,277.0,,2026-08-20,,full,"{""as_of"": ""2026-08-20"", ""listing_date"": null, ""reason_code"": ""valid_trading_sessions"", ""status"": ""full"", ""valid_trading_sessions"": 277}","[""l1.csv""]",[],63.6676,ranked,full,100.0,True,True,False
HXL,Hexcel Corporation Common Stock,nasdaqtrader:N:HXL,common_equity,eligible,N,,94.11,,98899846.97063491,-11.733258300506478,9.659752971335367,7.9366899873838825,53.87508175277959,14.662676822633303,30.764512049570676,,,False,,277.0,,2026-08-20,,full,"{""as_of"": ""2026-08-20"", ""listing_date"": null, ""reason_code"": ""valid_trading_sessions"", ""status"": ""full"", ""valid_trading_sessions"": 277}","[""l1.csv""]",[],63.6657,ranked,full,100.0,True,True,False
LEA,Lear Corporation Common Stock,nasdaqtrader:N:LEA,common_equity,eligible,N,,125.43,,90142949.65428571,-12.707912867979676,-5.91103443102543,-6.402507275576442,21.693994372756386,15.63761097659403,44.37380879325155,,,False,,277.0,,2026-08-20,,full,"{""as_of"": ""2026-08-20"", ""listing_date"": null, ""reason_code"": ""valid_trading_sessions"", ""status"": ""full"", ""valid_trading_sessions"": 277}","[""l1.csv""]",[],63.6594,ranked,full,100.0,True,True,False
CSL,Carlisle Companies Incorporated Common Stock,nasdaqtrader:N:CSL,common_equity,eligible,N,,357.55,,165347937.9195238,9.082311306364033,8.684418505684244,-12.289954617932041,-7.5907164271684096,14.612886277881266,45.52777904413275,,,False,,277.0,,2026-08-20,,full,"{""as_of"": ""2026-08-20"", ""listing_date"": null, ""reason_code"": ""valid_trading_sessions"", ""status"": ""full"", ""valid_trading_sessions"": 277}","[""l1.csv""]",[],63.6532,ranked,full,100.0,True,True,False
TFII,TFI International Inc. Common Shares,nasdaqtrader:N:TFII,common_equity,eligible,N,,139.52,,55292431.191269845,-8.475465757019151,-4.97207464923034,17.728461733187075,48.88485753921677,14.59353574926543,40.012515906367675,,,False,,277.0,,2026-08-20,,full,"{""as_of"": ""2026-08-20"", ""listing_date"": null, ""reason_code"": ""valid_trading_sessions"", ""status"": ""full"", ""valid_trading_sessions"": 277}","[""l1.csv""]",[],63.6484,ranked,full,100.0,True,True,False
PPG,"PPG Industries, Inc. Common Stock",nasdaqtrader:N:PPG,common_equity,eligible,N,,112.44,,220226421.85238096,-4.216713519039105,7.711466615576201,-9.505030181086516,-0.3721424774056348,14.533292794162367,33.34324745746523,,,False,,277.0,,2026-08-20,,full,"{""as_of"": ""2026-08-20"", ""listing_date"": null, ""reason_code"": ""valid_trading_sessions"", ""status"": ""full"", ""valid_trading_sessions"": 277}","[""l1.csv""]",[],63.6333,ranked,full,100.0,True,True,False
AXTI,AXT Inc - Common Stock,nasdaqtrader:Q:AXTI,common_equity,eligible,Q,,73.15,,807789384.3220636,38.070970177425465,-30.07360672975814,207.22385552288958,3318.224299065421,48.057942199815386,192.86496378164546,,,False,,277.0,,2026-08-20,,full,"{""as_of"": ""2026-08-20"", ""listing_date"": null, ""reason_code"": ""valid_trading_sessions"", ""status"": ""full"", ""valid_trading_sessions"": 277}","[""l1.csv""]",[],63.6295,ranked,full,100.0,True,True,False
SFM,"Sprouts Farmers Market, Inc. - Common Stock",nasdaqtrader:Q:SFM,common_equity,eligible,Q,,78.35,,168251318.70190474,5.964295374628081,-11.428894415555057,15.475313190862195,-46.79117147707979,48.133192109095724,42.774508802805336,,,False,,277.0,,2026-08-20,,full,"{""as_of"": ""2026-08-20"", ""listing_date"": null, ""reason_code"": ""valid_trading_sessions"", ""status"": ""full"", ""valid_trading_sessions"": 277}","[""l1.csv""]",[],63.6245,ranked,full,100.0,True,True,False
TTWO,"Take-Two Interactive Software, Inc. - Common Stock",nasdaqtrader:Q:TTWO,common_equity,eligible,Q,,240.15,,615507383.7502381,2.812740816850745,1.4918434620911247,19.25808213735909,5.162900683131899,8.441038545121815,35.043818332052865,,,False,,277.0,,2026-08-20,,full,"{""as_of"": ""2026-08-20"", ""listing_date"": null, ""reason_code"": ""valid_trading_sessions"", ""status"": ""full"", ""valid_trading_sessions"": 277}","[""l1.csv""]",[],63.6103,ranked,full,100.0,True,True,False
HMY,Harmony Gold Mining Company Limited,qrgf-resolution-required:N:HMY,common_equity,eligible,N,,22.02,,58972338.09888889,38.66498740554156,26.333907056798633,8.633448445979287,47.38955823293174,15.437788018433174,55.471194048446726,,,False,,277.0,,2026-08-20,,full,"{""as_of"": ""2026-08-20"", ""listing_date"": null, ""reason_code"": ""valid_trading_sessions"", ""status"": ""full"", ""valid_trading_sessions"": 277}","[""l1.csv""]",[],63.6094,ranked,full,100.0,True,True,False
PSMT,"PriceSmart, Inc. - Common Stock",nasdaqtrader:Q:PSMT,common_equity,eligible,Q,,169.39,,53159696.32436508,-9.003491807681986,2.0544643933003925,10.763094226116522,54.72232371209351,14.406265790803442,36.984788797147985,,,False,,277.0,,2026-08-20,,full,"{""as_of"": ""2026-08-20"", ""listing_date"": null, ""reason_code"": ""valid_trading_sessions"", ""status"": ""full"", ""valid_trading_sessions"": 277}","[""l1.csv""]",[],63.6016,ranked,full,100.0,True,True,False
INGR,Ingredion Incorporated Common Stock,nasdaqtrader:N:INGR,common_equity,eligible,N,,107.02,,83677651.30984128,4.460712542703749,6.276067527308826,-8.168869057834227,-15.117385786802028,17.38459163192836,22.12753320699378,,,False,,277.0,,2026-08-20,,full,"{""as_of"": ""2026-08-20"", ""listing_date"": null, ""reason_code"": ""valid_trading_sessions"", ""status"": ""full"", ""valid_trading_sessions"": 277}","[""l1.csv""]",[],63.5961,ranked,full,100.0,True,True,False
SAP,SAP  SE ADS,nasdaqtrader:N:SAP,adr,eligible,N,,217.09,,522953411.4438095,45.94285714285715,20.679304019122814,8.404074702886245,-20.836524085621566,22.59502246309634,46.01280156005793,,,False,,277.0,,2026-08-20,,full,"{""as_of"": ""2026-08-20"", ""listing_date"": null, ""reason_code"": ""valid_trading_sessions"", ""status"": ""full"", ""valid_trading_sessions"": 277}","[""l1.csv""]",[],63.596,ranked,full,100.0,True,True,False
TMUS,"T-Mobile US, Inc. - Common Stock",nasdaqtrader:Q:TMUS,common_equity,eligible,Q,,181.23,,954676787.587619,-5.085367131035934,-4.696045435422802,-15.824431026474695,-29.815661064208822,30.02972858190803,48.005388231902835,,,False,,277.0,,2026-08-20,,full,"{""as_of"": ""2026-08-20"", ""listing_date"": null, ""reason_code"": ""valid_trading_sessions"", ""status"": ""full"", ""valid_trading_sessions"": 277}","[""l1.csv""]",[],63.5873,ranked,full,100.0,True,True,False
TKR,Timken Company (The) Common Stock,nasdaqtrader:N:TKR,common_equity,eligible,N,,124.52,,136027718.7142857,-12.086981078791293,6.245733788395902,16.25431799085053,61.966701352757546,14.31323974676576,38.124285324796666,,,False,,277.0,,2026-08-20,,full,"{""as_of"": ""2026-08-20"", ""listing_date"": null, ""reason_code"": ""valid_trading_sessions"", ""status"": ""full"", ""valid_trading_sessions"": 277}","[""l1.csv""]",[],63.5783,ranked,full,100.0,True,True,False
ACIW,"ACI Worldwide, Inc. - Common Stock",nasdaqtrader:Q:ACIW,common_equity,eligible,Q,,51.57,,53515533.377142854,-5.739352951928356,19.23699421965317,26.552147239263803,9.653412715288102,14.30707876370887,34.17820457230925,,,False,,277.0,,2026-08-20,,full,"{""as_of"": ""2026-08-20"", ""listing_date"": null, ""reason_code"": ""valid_trading_sessions"", ""status"": ""full"", ""valid_trading_sessions"": 277}","[""l1.csv""]",[],63.5768,ranked,full,100.0,True,True,False
AOS,A.O. Smith Corporation Common Stock,nasdaqtrader:N:AOS,common_equity,eligible,N,,62.43,,102629421.3784127,5.189553496208932,10.14467184191954,-19.642167589136307,-14.268058225762148,22.41829253137815,33.3188959626908,,,False,,277.0,,2026-08-20,,full,"{""as_of"": ""2026-08-20"", ""listing_date"": null, ""reason_code"": ""valid_trading_sessions"", ""status"": ""full"", ""valid_trading_sessions"": 277}","[""l1.csv""]",[],63.5724,ranked,full,100.0,True,True,False
SPGI,S&P Global Inc. Common Stock,nasdaqtrader:N:SPGI,common_equity,eligible,N,,432.16,,935843749.699365,0.7225096723069147,3.6330064027241704,3.71757025943793,-22.053279945168903,22.41710500332118,28.146977442492577,,,False,,277.0,,2026-08-20,,full,"{""as_of"": ""2026-08-20"", ""listing_date"": null, ""reason_code"": ""valid_trading_sessions"", ""status"": ""full"", ""valid_trading_sessions"": 277}","[""l1.csv""]",[],63.5723,ranked,full,100.0,True,True,False
JKHY,"Jack Henry & Associates, Inc. - Common Stock",nasdaqtrader:Q:JKHY,common_equity,eligible,Q,,165.08,,203182066.97230157,12.94858198487907,18.066084966385375,2.445078813454149,2.7703417792442453,14.288681204569043,36.1330410213435,,,False,,277.0,,2026-08-20,,full,"{""as_of"": ""2026-08-20"", ""listing_date"": null, ""reason_code"": ""valid_trading_sessions"", ""status"": ""full"", ""valid_trading_sessions"": 277}","[""l1.csv""]",[],63.5722,ranked,full,100.0,True,True,False
MXL,"MaxLinear, Inc - Common Stock",nasdaqtrader:Q:MXL,common_equity,eligible,Q,,65.28,,333334027.2788889,-24.7926267281106,-32.541076779993794,257.8947368421053,354.5961002785516,49.01195032414278,142.94675731623093,,,False,,277.0,,2026-08-20,,full,"{""as_of"": ""2026-08-20"", ""listing_date"": null, ""reason_code"": ""valid_trading_sessions"", ""status"": ""full"", ""valid_trading_sessions"": 277}","[""l1.csv""]",[],63.5659,ranked,full,100.0,True,True,False
WEN,Wendy's Company (The) - Common Stock,nasdaqtrader:Q:WEN,common_equity,eligible,Q,,8.81,,129645367.8165873,19.05405405405405,13.677419354838726,5.889423076923084,-16.729678638941394,17.199248120300748,64.54234405610887,,,False,,277.0,,2026-08-20,,full,"{""as_of"": ""2026-08-20"", ""listing_date"": null, ""reason_code"": ""valid_trading_sessions"", ""status"": ""full"", ""valid_trading_sessions"": 277}","[""l1.csv""]",[],63.5498,ranked,full,100.0,True,True,False
BXP,"BXP, Inc. Common Stock",nasdaqtrader:N:BXP,common_equity,eligible,N,,67.78,,94027949.49809524,0.5488799881323336,13.15525876460768,8.936033429765345,1.3608494093016343,14.126441150386427,26.51274697801826,,,False,,277.0,,2026-08-20,,full,"{""as_of"": ""2026-08-20"", ""listing_date"": null, ""reason_code"": ""valid_trading_sessions"", ""status"": ""full"", ""valid_trading_sessions"": 277}","[""l1.csv""]",[],63.5316,ranked,full,100.0,True,True,False
GSK,GSK plc American Depositary Shares (Each representing two Ordinary Shares),nasdaqtrader:N:GSK,adr,eligible,N,,51.96,,204058288.61095238,2.3640661938534313,2.323749507680195,-14.609695973705838,31.14588591620395,15.070284406668844,27.309136262486135,,,False,,277.0,,2026-08-20,,full,"{""as_of"": ""2026-08-20"", ""listing_date"": null, ""reason_code"": ""valid_trading_sessions"", ""status"": ""full"", ""valid_trading_sessions"": 277}","[""l1.csv""]",[],63.5176,ranked,full,100.0,True,True,False
CME,CME Group Inc. - Class A Common Stock,nasdaqtrader:Q:CME,common_equity,eligible,Q,,270.87,,814097677.4690477,8.678382282137687,-6.6351854405073745,-10.871639630153673,-0.2283693690375399,17.028119830913425,23.83321513790014,,,False,,277.0,,2026-08-20,,full,"{""as_of"": ""2026-08-20"", ""listing_date"": null, ""reason_code"": ""valid_trading_sessions"", ""status"": ""full"", ""valid_trading_sessions"": 277}","[""l1.csv""]",[],63.507,ranked,full,100.0,True,True,False
JBHT,"J.B. Hunt Transport Services, Inc. - Common Stock",nasdaqtrader:Q:JBHT,common_equity,eligible,Q,,274.47,,272398699.72396827,-6.080618669586634,4.408855751673779,21.597554492291348,86.42260408884061,8.022519352568613,34.80001181246365,,,False,,277.0,,2026-08-20,,full,"{""as_of"": ""2026-08-20"", ""listing_date"": null, ""reason_code"": ""valid_trading_sessions"", ""status"": ""full"", ""valid_trading_sessions"": 277}","[""l1.csv""]",[],63.5056,ranked,full,100.0,True,True,False
SNPS,"Synopsys, Inc. - Common Stock",nasdaqtrader:Q:SNPS,common_equity,eligible,Q,,397.92,,856119143.2686509,5.37856518630333,-20.245324995490343,-10.062381339842686,-35.06421449436184,34.99844814348955,39.130235572980986,,,False,,277.0,,2026-08-20,,full,"{""as_of"": ""2026-08-20"", ""listing_date"": null, ""reason_code"": ""valid_trading_sessions"", ""status"": ""full"", ""valid_trading_sessions"": 277}","[""l1.csv""]",[],63.4998,ranked,full,100.0,True,True,False
CDW,CDW Corporation - Common Stock,nasdaqtrader:Q:CDW,common_equity,eligible,Q,,133.54,,272717125.63595235,2.8575829931448693,25.732040297523785,7.546106144801468,-20.312686478100016,21.80125314750836,50.07188292455985,,,False,,277.0,,2026-08-20,,full,"{""as_of"": ""2026-08-20"", ""listing_date"": null, ""reason_code"": ""valid_trading_sessions"", ""status"": ""full"", ""valid_trading_sessions"": 277}","[""l1.csv""]",[],63.4902,ranked,full,100.0,True,True,False
LULU,lululemon athletica inc. - Common Stock,nasdaqtrader:Q:LULU,common_equity,eligible,Q,,115.69,,402370827.958254,2.046396753991342,-7.588465532390765,-36.73993875765529,-41.4702013558636,46.4100426162683,33.919023198207654,,,False,,277.0,,2026-08-20,,full,"{""as_of"": ""2026-08-20"", ""listing_date"": null, ""reason_code"": ""valid_trading_sessions"", ""status"": ""full"", ""valid_trading_sessions"": 277}","[""l1.csv""]",[],63.4893,ranked,full,100.0,True,True,False
TEX,Terex Corporation Common Stock,nasdaqtrader:N:TEX,common_equity,eligible,N,,64.2,,87946329.51523809,-4.279111376174127,11.438986287102937,-6.9025522041763265,26.228863546991743,13.917940466613032,41.33592041375846,,,False,,277.0,,2026-08-20,,full,"{""as_of"": ""2026-08-20"", ""listing_date"": null, ""reason_code"": ""valid_trading_sessions"", ""status"": ""full"", ""valid_trading_sessions"": 277}","[""l1.csv""]",[],63.4795,ranked,full,100.0,True,True,False
BBNX,"Beta Bionics, Inc. - Common Stock",nasdaqtrader:Q:BBNX,common_equity,eligible,Q,,19.48,,18026528.874920633,19.43592887798897,92.68051434223543,44.725111441307575,22.670025188916874,39.10597061581744,77.86919387224253,,,False,,277.0,,2026-08-20,,full,"{""as_of"": ""2026-08-20"", ""listing_date"": null, ""reason_code"": ""valid_trading_sessions"", ""status"": ""full"", ""valid_trading_sessions"": 277}","[""l1.csv""]",[],63.4763,ranked,full,100.0,True,True,False
MDGL,"Madrigal Pharmaceuticals, Inc. - Common Stock",nasdaqtrader:Q:MDGL,common_equity,eligible,Q,,519.09,,185226753.5,-3.4520598902631705,1.0945137982744768,18.820244008515118,36.76458964563298,13.891146757792416,52.034865208454804,,,False,,277.0,,2026-08-20,,full,"{""as_of"": ""2026-08-20"", ""listing_date"": null, ""reason_code"": ""valid_trading_sessions"", ""status"": ""full"", ""valid_trading_sessions"": 277}","[""l1.csv""]",[],63.4728,ranked,full,100.0,True,True,False
CRH,CRH PLC Ordinary Shares,nasdaqtrader:N:CRH,common_equity,eligible,N,,93.09,,473505803.9142857,-6.965820507695386,-8.240512567767377,-25.8187903418599,-17.209178228388467,29.14446643324706,32.32241421137765,,,False,,277.0,,2026-08-20,,full,"{""as_of"": ""2026-08-20"", ""listing_date"": null, ""reason_code"": ""valid_trading_sessions"", ""status"": ""full"", ""valid_trading_sessions"": 277}","[""l1.csv""]",[],63.4693,ranked,full,100.0,True,True,False
AIR,AAR Corp. Common Stock,nasdaqtrader:N:AIR,common_equity,eligible,N,,132.39,,61150841.60920635,3.7539184952978033,23.142033299227972,14.573777585460835,79.26878808395396,13.8702751935463,57.650262628041474,,,False,,277.0,,2026-08-20,,full,"{""as_of"": ""2026-08-20"", ""listing_date"": null, ""reason_code"": ""valid_trading_sessions"", ""status"": ""full"", ""valid_trading_sessions"": 277}","[""l1.csv""]",[],63.4676,ranked,full,100.0,True,True,False
M,Macy's Inc Common Stock,nasdaqtrader:N:M,common_equity,eligible,N,,22.58,,138704257.75333333,-7.192766132346895,12.9,2.589731940027251,73.15950920245398,13.849675696299135,36.70857235256272,,,False,,277.0,,2026-08-20,,full,"{""as_of"": ""2026-08-20"", ""listing_date"": null, ""reason_code"": ""valid_trading_sessions"", ""status"": ""full"", ""valid_trading_sessions"": 277}","[""l1.csv""]",[],63.4624,ranked,full,100.0,True,True,False
ABG,Asbury Automotive Group Inc Common Stock,nasdaqtrader:N:ABG,common_equity,eligible,N,,215.37,,53585153.11666667,-3.5771848137535867,17.797954383853853,-3.5123874378388042,-12.12615773797381,16.845559845559844,42.2214163427872,,,False,,277.0,,2026-08-20,,full,"{""as_of"": ""2026-08-20"", ""listing_date"": null, ""reason_code"": ""valid_trading_sessions"", ""status"": ""full"", ""valid_trading_sessions"": 277}","[""l1.csv""]",[],63.4614,ranked,full,100.0,True,True,False
SAH,"Sonic Automotive, Inc. Common Stock",nasdaqtrader:N:SAH,common_equity,eligible,N,,77.78,,24517126.45809524,-22.898493259318,5.550278192427749,20.53308538664187,-2.677677677677681,30.960411858689863,64.60272662916266,,,False,,277.0,,2026-08-20,,full,"{""as_of"": ""2026-08-20"", ""listing_date"": null, ""reason_code"": ""valid_trading_sessions"", ""status"": ""full"", ""valid_trading_sessions"": 277}","[""l1.csv""]",[],63.4614,ranked,full,100.0,True,True,False
